over_id,over_overNumber,over_runrate,over_runsConceded,over_wickets,over_runsExtras,over_totalInningRuns,over_totalInningWickets,over_totalRuns,id,matchName,fixtureId,fixtureName,inningNumber,battingTeamId,battingTeamName,bowlingTeamId,bowlingTeamName,ball_id,ballDateTime,ballNumber,totalBallNumber,isWicket,dismissalTypeId,dismissalPlayerId,dismissalPlayerName,bowlerPlayerId,bowlerPlayerName,battingPlayerId,battingPlayerName,nonStrikeBattingPlayerId,nonStrikeBattingPlayerName,battingHandId,runsConceded,extras,runs,runsScored,dismissalType,lengthTypeId,lineTypeId,appealDismissalTypeId,battingConnectionId,battingFeetId,battingShotTypeId,bowlingDetailId,bowlingFromId,bowlingTypeId,bowlingHandId,outcomeId,referralOutcomeId,noBallReasonId,isWide,isNoBall,isByes,isLegByes,isAirControlled,isAppeal,decisionOfficialId,isFreeHit,isNewBall,isPowerPlay,isBattingPowerPlay,isFloodLit,isReferred,teamRuns,runsByes,runsWide,runsLegByes,noBallsCount,isBoundry,isAirNotControlled,shotAngle,shotMagnitude,fieldingPosition
1629304,2,4.0,2,0,0,8,0,2,76074,,39423,County Championship Division Two 2026,1,41,Kent Men,38,Middlesex Men,8700779,2026-08-20T10:03:35Z,1,7,False,,,,2683,Tom Helm,128,Zak Crawley,3491,Ben Compton,Right,0,0,0,0,,LengthBall,OutsideOff,,Left,NoMovement,Leave,SeamAway,Over,FastSeam,Right,Null,NotReferred,Null,False,False,False,False,False,True,,False,False,False,False,False,False,0,0,0,0,0,False,False,,,Wicketkeeper
1629304,2,4.0,2,0,0,8,0,2,76074,,39423,County Championship Division Two 2026,1,41,Kent Men,38,Middlesex Men,8700786,2026-08-20T10:04:07Z,2,8,False,,,,2683,Tom Helm,128,Zak Crawley,3491,Ben Compton,Right,0,0,0,0,,LengthBall,OutsideOff,,HitPad,NoMovement,Leave,SeamIn,Over,FastSeam,Right,Null,NotReferred,Null,False,False,False,False,False,True,,False,False,False,False,False,False,0,0,0,0,0,False,False,143.0,25.0,Gully
1629304,2,4.0,2,0,0,8,0,2,76074,,39423,County Championship Division Two 2026,1,41,Kent Men,38,Middlesex Men,8700790,2026-08-20T10:04:51Z,3,9,False,,,,2683,Tom Helm,128,Zak Crawley,3491,Ben Compton,Right,2,0,2,2,,LengthBall,OffStump,,WellTimed,FrontFoot,Flick,SeamIn,Over,FastSeam,Right,Null,NotReferred,Null,False,False,False,False,False,True,,False,False,False,False,False,False,2,0,0,0,0,False,False,14.0,120.0,Deep Backward Square Leg
1629304,2,4.0,2,0,0,8,0,2,76074,,39423,County Championship Division Two 2026,1,41,Kent Men,38,Middlesex Men,8700796,2026-08-20T10:05:26Z,4,10,False,,,,2683,Tom Helm,128,Zak Crawley,3491,Ben Compton,Right,0,0,0,0,,HalfVolley,OutsideOff,,Missed,FrontFoot,Drive,AwaySwinger,Over,FastSeam,Right,Null,NotReferred,Null,False,False,False,False,False,True,,False,False,False,False,False,False,0,0,0,0,0,False,False,,,Wicketkeeper
1629304,2,4.0,2,0,0,8,0,2,76074,,39423,County Championship Division Two 2026,1,41,Kent Men,38,Middlesex Men,8700799,2026-08-20T10:06:01Z,5,11,False,,,,2683,Tom Helm,128,Zak Crawley,3491,Ben Compton,Right,0,0,0,0,,LengthBall,OutsideOff,,Missed,FrontFoot,ForwardDefensive,AwaySwinger,Over,FastSeam,Right,Null,NotReferred,Null,False,False,False,False,False,True,,False,False,False,False,False,False,0,0,0,0,0,False,False,,,Wicketkeeper
1629304,2,4.0,2,0,0,8,0,2,76074,,39423,County Championship Division Two 2026,1,41,Kent Men,38,Middlesex Men,8700807,2026-08-20T10:06:35Z,6,12,False,,,,2683,Tom Helm,128,Zak Crawley,3491,Ben Compton,Right,0,0,0,0,,LengthBall,OutsideOff,,Left,NoMovement,Leave,SeamAway,Over,FastSeam,Right,Null,NotReferred,Null,False,False,False,False,False,True,,False,False,False,False,False,False,0,0,0,0,0,False,False,,,Wicketkeeper
1629310,3,5.0,7,0,0,15,0,7,76074,,39423,County Championship Division Two 2026,1,41,Kent Men,38,Middlesex Men,8700814,2026-08-20T10:07:23Z,1,13,False,,,,1739,Toby Roland-Jones,3491,Ben Compton,128,Zak Crawley,Left,0,0,0,0,,LengthBall,MiddleStump,,Missed,FrontFoot,ForwardDefensive,SeamAway,Over,Medium,Right,Null,NotReferred,Null,False,False,False,False,False,True,,False,False,False,False,False,False,0,0,0,0,0,False,False,,,Wicketkeeper
1629310,3,5.0,7,0,0,15,0,7,76074,,39423,County Championship Division Two 2026,1,41,Kent Men,38,Middlesex Men,8700819,2026-08-20T10:07:55Z,2,14,False,,,,1739,Toby Roland-Jones,3491,Ben Compton,128,Zak Crawley,Left,0,0,0,0,,LengthBall,MiddleStump,,None,FrontFoot,ForwardDefensive,NoMovement,Over,Medium,Right,Null,NotReferred,Null,False,False,False,False,False,True,,False,False,False,False,False,False,0,0,0,0,0,False,False,287.0,44.0,Mid Off
1629310,3,5.0,7,0,0,15,0,7,76074,,39423,County Championship Division Two 2026,1,41,Kent Men,38,Middlesex Men,8700824,2026-08-20T10:08:27Z,3,15,False,,,,1739,Toby Roland-Jones,3491,Ben Compton,128,Zak Crawley,Left,1,0,1,1,,LengthBall,MiddleStump,,None,FrontFoot,Dropped,NoMovement,Over,Medium,Right,Null,NotReferred,Null,False,False,False,False,False,True,,False,False,False,False,False,False,1,0,0,0,0,False,False,318.0,44.0,Extra Cover
1629310,3,5.0,7,0,0,15,0,7,76074,,39423,County Championship Division Two 2026,1,41,Kent Men,38,Middlesex Men,8700830,2026-08-20T10:09:19Z,4,16,False,,,,1739,Toby Roland-Jones,128,Zak Crawley,3491,Ben Compton,Right,2,0,2,2,,LengthBall,OffStump,,WellTimed,FrontFoot,Flick,SeamIn,Over,Medium,Right,Null,NotReferred,Null,False,False,False,False,False,True,,False,False,False,False,False,False,2,0,0,0,0,False,False,356.0,123.0,Deep Square Leg
1629310,3,5.0,7,0,0,15,0,7,76074,,39423,County Championship Division Two 2026,1,41,Kent Men,38,Middlesex Men,8700837,2026-08-20T10:09:56Z,5,17,False,,,,1739,Toby Roland-Jones,128,Zak Crawley,3491,Ben Compton,Right,4,0,4,4,,Short,OutsideOff,,WellTimed,BackFoot,Cut,NoMovement,Over,Medium,Right,Null,NotReferred,Null,False,False,False,False,False,True,,False,False,False,False,False,False,4,0,0,0,0,True,False,192.0,172.0,
1629310,3,5.0,7,0,0,15,0,7,76074,,39423,County Championship Division Two 2026,1,41,Kent Men,38,Middlesex Men,8700844,2026-08-20T10:10:40Z,6,18,False,,,,1739,Toby Roland-Jones,128,Zak Crawley,3491,Ben Compton,Right,0,0,0,0,,LengthBall,OutsideOff,,None,FrontFoot,Drive,NoMovement,Over,Medium,Right,Null,NotReferred,Null,False,False,False,False,False,True,,False,False,False,False,False,False,0,0,0,0,0,False,False,227.0,55.0,Extra Cover
1629316,4,4.25,2,0,0,17,0,2,76074,,39423,County Championship Division Two 2026,1,41,Kent Men,38,Middlesex Men,8700850,2026-08-20T10:11:34Z,1,19,False,,,,2683,Tom Helm,3491,Ben Compton,128,Zak Crawley,Left,0,1,1,0,,LengthBall,OffStump,,HitPad,BackFoot,Fended,SeamIn,Round,FastSeam,Right,Null,NotReferred,Null,False,False,False,True,False,True,,False,False,False,False,False,False,1,0,0,1,0,False,False,138.0,41.0,Wicketkeeper
1629316,4,4.25,2,0,0,17,0,2,76074,,39423,County Championship Division Two 2026,1,41,Kent Men,38,Middlesex Men,8700856,2026-08-20T10:12:13Z,2,20,False,,,,2683,Tom Helm,128,Zak Crawley,3491,Ben Compton,Right,0,0,0,0,,LengthBall,OutsideOff,,HitPad,BackFoot,Cut,SeamIn,Over,FastSeam,Right,Null,NotReferred,Null,False,False,False,False,False,True,,False,False,False,False,False,False,0,0,0,0,0,False,False,,,Wicketkeeper
1629316,4,4.25,2,0,0,17,0,2,76074,,39423,County Championship Division Two 2026,1,41,Kent Men,38,Middlesex Men,8700860,2026-08-20T10:12:48Z,3,21,False,,,,2683,Tom Helm,128,Zak Crawley,3491,Ben Compton,Right,0,0,0,0,,LengthBall,OutsideOff,,Left,NoMovement,Leave,SeamAway,Over,FastSeam,Right,Null,NotReferred,Null,False,False,False,False,False,True,,False,False,False,False,False,False,0,0,0,0,0,False,False,,,Wicketkeeper
1629316,4,4.25,2,0,0,17,0,2,76074,,39423,County Championship Division Two 2026,1,41,Kent Men,38,Middlesex Men,8700862,2026-08-20T10:13:25Z,4,22,False,,,,2683,Tom Helm,128,Zak Crawley,3491,Ben Compton,Right,0,1,1,0,,LengthBall,MiddleStump,,HitPad,FrontFoot,Flick,NoMovement,Over,FastSeam,Right,Null,NotReferred,Null,False,False,False,True,False,True,,False,False,False,False,False,False,1,0,0,1,0,False,False,63.0,47.0,Wicketkeeper
1629316,4,4.25,2,0,0,17,0,2,76074,,39423,County Championship Division Two 2026,1,41,Kent Men,38,Middlesex Men,8700868,2026-08-20T10:14:05Z,5,23,False,,,,2683,Tom Helm,3491,Ben Compton,128,Zak Crawley,Left,0,0,0,0,,LengthBall,OutsideOff,,Left,NoMovement,Leave,NoMovement,Round,FastSeam,Right,Null,NotReferred,Null,False,False,False,False,False,True,,False,False,False,False,False,False,0,0,0,0,0,False,False,,,Wicketkeeper
1629316,4,4.25,2,0,0,17,0,2,76074,,39423,County Championship Division Two 2026,1,41,Kent Men,38,Middlesex Men,8700873,2026-08-20T10:14:39Z,6,24,False,,,,2683,Tom Helm,3491,Ben Compton,128,Zak Crawley,Left,0,0,0,0,,LengthBall,OutsideOff,,None,BackFoot,Pushed,NoMovement,Round,FastSeam,Right,Null,NotReferred,Null,False,False,False,False,False,True,,False,False,False,False,False,False,0,0,0,0,0,False,False,341.0,64.0,Cover
1629321,5,3.4,0,0,0,17,0,0,76074,,39423,County Championship Division Two 2026,1,41,Kent Men,38,Middlesex Men,8700881,2026-08-20T10:15:31Z,1,25,False,,,,1739,Toby Roland-Jones,128,Zak Crawley,3491,Ben Compton,Right,0,0,0,0,,LengthBall,OutsideOff,,Left,NoMovement,Leave,SeamAway,Over,Medium,Right,Null,NotReferred,Null,False,False,False,False,False,True,,False,False,False,False,False,False,0,0,0,0,0,False,False,,,Wicketkeeper
1629321,5,3.4,0,0,0,17,0,0,76074,,39423,County Championship Division Two 2026,1,41,Kent Men,38,Middlesex Men,8700884,2026-08-20T10:16:02Z,2,26,False,,,,1739,Toby Roland-Jones,128,Zak Crawley,3491,Ben Compton,Right,0,0,0,0,,LengthBall,OutsideOff,,None,BackFoot,BackwardDefensive,SeamIn,Over,Medium,Right,Null,NotReferred,Null,False,False,False,False,False,True,,False,False,False,False,False,False,0,0,0,0,0,False,False,316.0,55.0,Mid Wicket
1629321,5,3.4,0,0,0,17,0,0,76074,,39423,County Championship Division Two 2026,1,41,Kent Men,38,Middlesex Men,8700890,2026-08-20T10:16:36Z,3,27,False,,,,1739,Toby Roland-Jones,128,Zak Crawley,3491,Ben Compton,Right,0,0,0,0,,LengthBall,OutsideOff,,None,FrontFoot,ForwardDefensive,SeamIn,Over,Medium,Right,Null,NotReferred,Null,False,False,False,False,False,True,,False,False,False,False,False,False,0,0,0,0,0,False,False,252.0,32.0,Bowler
1629321,5,3.4,0,0,0,17,0,0,76074,,39423,County Championship Division Two 2026,1,41,Kent Men,38,Middlesex Men,8700894,2026-08-20T10:17:08Z,4,28,False,,,,1739,Toby Roland-Jones,128,Zak Crawley,3491,Ben Compton,Right,0,0,0,0,,HalfVolley,OffStump,,MisTimed,FrontFoot,Flick,NoMovement,Over,Medium,Right,Null,NotReferred,Null,False,False,False,False,False,True,,False,False,False,False,False,False,0,0,0,0,0,False,False,241.0,56.0,Mid Off
1629321,5,3.4,0,0,0,17,0,0,76074,,39423,County Championship Division Two 2026,1,41,Kent Men,38,Middlesex Men,8700898,2026-08-20T10:17:43Z,5,29,False,,,,1739,Toby Roland-Jones,128,Zak Crawley,3491,Ben Compton,Right,0,0,0,0,,LengthBall,OutsideOff,,None,FrontFoot,ForwardDefensive,SeamIn,Over,Medium,Right,Null,NotReferred,Null,False,False,False,False,False,True,,False,False,False,False,False,False,0,0,0,0,0,False,False,280.0,54.0,Mid On
1629321,5,3.4,0,0,0,17,0,0,76074,,39423,County Championship Division Two 2026,1,41,Kent Men,38,Middlesex Men,8700906,2026-08-20T10:18:15Z,6,30,False,,,,1739,Toby Roland-Jones,128,Zak Crawley,3491,Ben Compton,Right,0,0,0,0,,LengthBall,OutsideOff,,Left,NoMovement,Leave,SeamAway,Over,Medium,Right,Null,NotReferred,Null,False,False,False,False,False,True,,False,False,False,False,False,False,0,0,0,0,0,False,False,,,Wicketkeeper
1629327,6,3.83,6,0,0,23,0,6,76074,,39423,County Championship Division Two 2026,1,41,Kent Men,38,Middlesex Men,8700911,2026-08-20T10:19:01Z,1,31,False,,,,2683,Tom Helm,3491,Ben Compton,128,Zak Crawley,Left,0,0,0,0,,LengthBall,OutsideOff,,Missed,BackFoot,BackwardDefensive,SeamAway,Round,FastSeam,Right,Null,NotReferred,Null,False,False,False,False,False,True,,False,False,False,False,False,False,0,0,0,0,0,False,False,,,Wicketkeeper
1629327,6,3.83,6,0,0,23,0,6,76074,,39423,County Championship Division Two 2026,1,41,Kent Men,38,Middlesex Men,8700916,2026-08-20T10:19:34Z,2,32,False,,,,2683,Tom Helm,3491,Ben Compton,128,Zak Crawley,Left,4,0,4,4,,LengthBall,Wide,,None,BackFoot,Cut,NoMovement,Round,FastSeam,Right,Null,NotReferred,Null,False,False,False,False,False,True,,False,False,False,False,False,False,4,0,0,0,0,True,False,54.0,162.0,
1629327,6,3.83,6,0,0,23,0,6,76074,,39423,County Championship Division Two 2026,1,41,Kent Men,38,Middlesex Men,8700919,2026-08-20T10:20:14Z,3,33,False,,,,2683,Tom Helm,3491,Ben Compton,128,Zak Crawley,Left,0,0,0,0,,LengthBall,OutsideOff,,ShouldersArms,NoMovement,ShouldersArms,SeamAway,Round,FastSeam,Right,Null,NotReferred,Null,False,False,False,False,False,True,,False,False,False,False,False,False,0,0,0,0,0,False,False,,,Wicketkeeper
1629327,6,3.83,6,0,0,23,0,6,76074,,39423,County Championship Division Two 2026,1,41,Kent Men,38,Middlesex Men,8700925,2026-08-20T10:20:46Z,4,34,False,,,,2683,Tom Helm,3491,Ben Compton,128,Zak Crawley,Left,0,0,0,0,,LengthBall,OutsideOff,,None,FrontFoot,ForwardDefensive,SeamIn,Round,FastSeam,Right,Null,NotReferred,Null,False,False,False,False,False,True,,False,False,False,False,False,False,0,0,0,0,0,False,False,325.0,45.0,Extra Cover
1629327,6,3.83,6,0,0,23,0,6,76074,,39423,County Championship Division Two 2026,1,41,Kent Men,38,Middlesex Men,8700929,2026-08-20T10:21:23Z,5,35,False,,,,2683,Tom Helm,3491,Ben Compton,128,Zak Crawley,Left,0,0,0,0,,LengthBall,OutsideOff,,Missed,FrontFoot,ForwardDefensive,SeamAway,Round,FastSeam,Right,Null,NotReferred,Null,False,False,False,False,False,True,,False,False,False,False,False,False,0,0,0,0,0,False,False,,,Wicketkeeper
1629327,6,3.83,6,0,0,23,0,6,76074,,39423,County Championship Division Two 2026,1,41,Kent Men,38,Middlesex Men,8700935,2026-08-20T10:21:58Z,6,36,False,,,,2683,Tom Helm,3491,Ben Compton,128,Zak Crawley,Left,2,0,2,2,,BackOfALength,Wide,,WellTimed,BackFoot,Cut,NoMovement,Round,FastSeam,Right,Null,NotReferred,Null,False,False,False,False,False,True,,False,False,False,False,False,False,2,0,0,0,0,False,False,346.0,132.0,Deep Cover
1629332,7,3.29,0,0,0,23,0,0,76074,,39423,County Championship Division Two 2026,1,41,Kent Men,38,Middlesex Men,8700945,2026-08-20T10:23:11Z,1,37,False,,,,1739,Toby Roland-Jones,128,Zak Crawley,3491,Ben Compton,Right,0,0,0,0,,LengthBall,OutsideOff,,Missed,BackFoot,Drive,SeamAway,Over,Medium,Right,Null,NotReferred,Null,False,False,False,False,False,True,,False,False,False,False,False,False,0,0,0,0,0,False,False,,,Wicketkeeper
1629332,7,3.29,0,0,0,23,0,0,76074,,39423,County Championship Division Two 2026,1,41,Kent Men,38,Middlesex Men,8700948,2026-08-20T10:23:42Z,2,38,False,,,,1739,Toby Roland-Jones,128,Zak Crawley,3491,Ben Compton,Right,0,0,0,0,,LengthBall,OutsideOff,,Left,NoMovement,Leave,SeamAway,Over,Medium,Right,Null,NotReferred,Null,False,False,False,False,False,True,,False,False,False,False,False,False,0,0,0,0,0,False,False,,,Wicketkeeper
1629332,7,3.29,0,0,0,23,0,0,76074,,39423,County Championship Division Two 2026,1,41,Kent Men,38,Middlesex Men,8700953,2026-08-20T10:24:21Z,3,39,False,,,,1739,Toby Roland-Jones,128,Zak Crawley,3491,Ben Compton,Right,0,0,0,0,,LengthBall,OutsideOff,,InsideEdge,FrontFoot,ForwardDefensive,SeamIn,Over,Medium,Right,Null,NotReferred,Null,False,False,False,False,False,True,,False,False,False,False,False,False,0,0,0,0,0,False,False,341.0,63.0,Square Leg
1629332,7,3.29,0,0,0,23,0,0,76074,,39423,County Championship Division Two 2026,1,41,Kent Men,38,Middlesex Men,8700958,2026-08-20T10:24:54Z,4,40,False,,,,1739,Toby Roland-Jones,128,Zak Crawley,3491,Ben Compton,Right,0,0,0,0,,LengthBall,OutsideOff,,None,BackFoot,BackwardDefensive,SeamIn,Over,Medium,Right,Null,NotReferred,Null,False,False,False,False,False,True,,False,False,False,False,False,False,0,0,0,0,0,False,False,310.0,42.0,Mid Wicket
1629332,7,3.29,0,0,0,23,0,0,76074,,39423,County Championship Division Two 2026,1,41,Kent Men,38,Middlesex Men,8700963,2026-08-20T10:25:30Z,5,41,False,,,,1739,Toby Roland-Jones,128,Zak Crawley,3491,Ben Compton,Right,0,0,0,0,,LengthBall,OutsideOff,,None,FrontFoot,ForwardDefensive,SeamIn,Over,Medium,Right,Null,NotReferred,Null,False,False,False,False,False,True,,False,False,False,False,False,False,0,0,0,0,0,False,False,236.0,44.0,Extra Cover
1629332,7,3.29,0,0,0,23,0,0,76074,,39423,County Championship Division Two 2026,1,41,Kent Men,38,Middlesex Men,8700970,2026-08-20T10:26:11Z,6,42,False,,,,1739,Toby Roland-Jones,128,Zak Crawley,3491,Ben Compton,Right,0,0,0,0,,LengthBall,MiddleStump,,PlayAndMissLegSide,BackFoot,Glance,SeamIn,Over,Medium,Right,Null,NotReferred,Null,False,False,False,False,False,True,,False,False,False,False,False,False,0,0,0,0,0,False,False,,,Wicketkeeper
1629338,8,2.88,0,0,0,23,0,0,76074,,39423,County Championship Division Two 2026,1,41,Kent Men,38,Middlesex Men,8700977,2026-08-20T10:27:00Z,1,43,False,,,,2683,Tom Helm,3491,Ben Compton,128,Zak Crawley,Left,0,0,0,0,,LengthBall,OutsideOff,,None,BackFoot,BackwardDefensive,NoMovement,Round,FastSeam,Right,Null,NotReferred,Null,False,False,False,False,False,True,,False,False,False,False,False,False,0,0,0,0,0,False,False,257.0,35.0,Bowler
1629338,8,2.88,0,0,0,23,0,0,76074,,39423,County Championship Division Two 2026,1,41,Kent Men,38,Middlesex Men,8700982,2026-08-20T10:27:28Z,2,44,False,,,,2683,Tom Helm,3491,Ben Compton,128,Zak Crawley,Left,0,0,0,0,,LengthBall,OutsideOff,Lbw,HitPad,BackFoot,BackwardDefensive,SeamIn,Round,FastSeam,Right,Null,NotReferred,Null,False,False,False,False,False,True,1808.0,False,False,False,False,False,False,0,0,0,0,0,False,False,,,
1629338,8,2.88,0,0,0,23,0,0,76074,,39423,County Championship Division Two 2026,1,41,Kent Men,38,Middlesex Men,8700989,2026-08-20T10:28:12Z,3,45,False,,,,2683,Tom Helm,3491,Ben Compton,128,Zak Crawley,Left,0,0,0,0,,Short,OutsideOff,,WellTimed,BackFoot,Cut,NoMovement,Round,FastSeam,Right,Null,NotReferred,Null,False,False,False,False,False,True,,False,False,False,False,False,False,0,0,0,0,0,False,False,349.0,70.0,Cover
1629338,8,2.88,0,0,0,23,0,0,76074,,39423,County Championship Division Two 2026,1,41,Kent Men,38,Middlesex Men,8700993,2026-08-20T10:28:45Z,4,46,False,,,,2683,Tom Helm,3491,Ben Compton,128,Zak Crawley,Left,0,0,0,0,,LengthBall,OutsideOff,,Missed,FrontFoot,ForwardDefensive,SeamAway,Round,FastSeam,Right,Null,NotReferred,Null,False,False,False,False,False,True,,False,False,False,False,False,False,0,0,0,0,0,False,False,,,Wicketkeeper
1629338,8,2.88,0,0,0,23,0,0,76074,,39423,County Championship Division Two 2026,1,41,Kent Men,38,Middlesex Men,8700996,2026-08-20T10:29:24Z,5,47,False,,,,2683,Tom Helm,3491,Ben Compton,128,Zak Crawley,Left,0,0,0,0,,LengthBall,OutsideOff,,Left,NoMovement,Leave,NoMovement,Round,FastSeam,Right,Null,NotReferred,Null,False,False,False,False,False,True,,False,False,False,False,False,False,0,0,0,0,0,False,False,,,Wicketkeeper
1629338,8,2.88,0,0,0,23,0,0,76074,,39423,County Championship Division Two 2026,1,41,Kent Men,38,Middlesex Men,8701002,2026-08-20T10:30:06Z,6,48,False,,,,2683,Tom Helm,3491,Ben Compton,128,Zak Crawley,Left,0,0,0,0,,BackOfALength,OutsideOff,,HitPad,BackFoot,Fended,SeamIn,Round,FastSeam,Right,Null,NotReferred,Null,False,False,False,False,False,True,,False,False,False,False,False,False,0,0,0,0,0,False,False,,,Wicketkeeper
1629344,9,2.78,2,0,0,25,0,2,76074,,39423,County Championship Division Two 2026,1,41,Kent Men,38,Middlesex Men,8701008,2026-08-20T10:30:56Z,1,49,False,,,,1739,Toby Roland-Jones,128,Zak Crawley,3491,Ben Compton,Right,0,0,0,0,,LengthBall,OffStump,,HitPad,FrontFoot,Worked,SeamIn,Over,Medium,Right,Null,NotReferred,Null,False,False,False,False,False,True,,False,False,False,False,False,False,0,0,0,0,0,False,False,226.0,38.0,Extra Cover
1629344,9,2.78,2,0,0,25,0,2,76074,,39423,County Championship Division Two 2026,1,41,Kent Men,38,Middlesex Men,8701013,2026-08-20T10:31:32Z,2,50,False,,,,1739,Toby Roland-Jones,128,Zak Crawley,3491,Ben Compton,Right,0,0,0,0,,HalfVolley,OutsideOff,,None,FrontFoot,Pushed,NoMovement,Over,Medium,Right,Null,NotReferred,Null,False,False,False,False,False,True,,False,False,False,False,False,False,0,0,0,0,0,False,False,264.0,37.0,Bowler
1629344,9,2.78,2,0,0,25,0,2,76074,,39423,County Championship Division Two 2026,1,41,Kent Men,38,Middlesex Men,8701017,2026-08-20T10:32:05Z,3,51,False,,,,1739,Toby Roland-Jones,128,Zak Crawley,3491,Ben Compton,Right,2,0,2,2,,BackOfALength,OutsideOff,,WellTimed,BackFoot,Drive,NoMovement,Over,Medium,Right,Null,NotReferred,Null,False,False,False,False,False,True,,False,False,False,False,False,False,2,0,0,0,0,False,False,201.0,128.0,Deep Cover
1629344,9,2.78,2,0,0,25,0,2,76074,,39423,County Championship Division Two 2026,1,41,Kent Men,38,Middlesex Men,8701022,2026-08-20T10:32:39Z,4,52,False,,,,1739,Toby Roland-Jones,128,Zak Crawley,3491,Ben Compton,Right,0,0,0,0,,LengthBall,OutsideOff,,Left,NoMovement,Leave,SeamIn,Over,Medium,Right,Null,NotReferred,Null,False,False,False,False,False,True,,False,False,False,False,False,False,0,0,0,0,0,False,False,,,Wicketkeeper
1629344,9,2.78,2,0,0,25,0,2,76074,,39423,County Championship Division Two 2026,1,41,Kent Men,38,Middlesex Men,8701029,2026-08-20T10:33:11Z,5,53,False,,,,1739,Toby Roland-Jones,128,Zak Crawley,3491,Ben Compton,Right,0,0,0,0,,LengthBall,OutsideOff,,Left,NoMovement,Leave,SeamIn,Over,Medium,Right,Null,NotReferred,Null,False,False,False,False,False,True,,False,False,False,False,False,False,0,0,0,0,0,False,False,,,Wicketkeeper
1629344,9,2.78,2,0,0,25,0,2,76074,,39423,County Championship Division Two 2026,1,41,Kent Men,38,Middlesex Men,8701033,2026-08-20T10:33:50Z,6,54,False,,,,1739,Toby Roland-Jones,128,Zak Crawley,3491,Ben Compton,Right,0,0,0,0,,LengthBall,Wide,,Left,NoMovement,Leave,SeamIn,Over,Medium,Right,Null,NotReferred,Null,False,False,False,False,False,True,,False,False,False,False,False,False,0,0,0,0,0,False,False,,,Wicketkeeper
1629351,10,2.7,2,1,0,27,1,2,76074,,39423,County Championship Division Two 2026,1,41,Kent Men,38,Middlesex Men,8701041,2026-08-20T10:34:35Z,1,55,False,,,,2683,Tom Helm,3491,Ben Compton,128,Zak Crawley,Left,0,0,0,0,,LengthBall,OutsideOff,,ShouldersArms,NoMovement,ShouldersArms,NoMovement,Round,FastSeam,Right,Null,NotReferred,Null,False,False,False,False,False,True,,False,False,False,False,False,False,0,0,0,0,0,False,False,,,Wicketkeeper
1629351,10,2.7,2,1,0,27,1,2,76074,,39423,County Championship Division Two 2026,1,41,Kent Men,38,Middlesex Men,8701051,2026-08-20T10:35:08Z,2,56,True,Lbw,3491.0,Ben Compton,2683,Tom Helm,3491,Ben Compton,128,Zak Crawley,Left,0,0,0,0,LBW,LengthBall,OutsideOff,Lbw,HitPad,FrontFoot,ForwardDefensive,SeamIn,Round,FastSeam,Right,Null,NotReferred,Null,False,False,False,False,False,True,1808.0,False,False,False,False,False,False,0,0,0,0,0,False,False,,,
1629351,10,2.7,2,1,0,27,1,2,76074,,39423,County Championship Division Two 2026,1,41,Kent Men,38,Middlesex Men,8701064,2026-08-20T10:37:01Z,3,57,False,,,,2683,Tom Helm,137,Sam Northeast,128,Zak Crawley,Right,0,0,0,0,,LengthBall,OutsideOff,,Missed,BackFoot,BackwardDefensive,SeamAway,Over,FastSeam,Right,Null,NotReferred,Null,False,False,False,False,False,True,,False,False,False,False,False,False,0,0,0,0,0,False,False,,,Wicketkeeper
1629351,10,2.7,2,1,0,27,1,2,76074,,39423,County Championship Division Two 2026,1,41,Kent Men,38,Middlesex Men,8701069,2026-08-20T10:37:37Z,4,58,False,,,,2683,Tom Helm,137,Sam Northeast,128,Zak Crawley,Right,0,0,0,0,,LengthBall,OutsideOff,,Missed,DownTheTrack,ForwardDefensive,SeamAway,Over,FastSeam,Right,Null,NotReferred,Null,False,False,False,False,False,True,,False,False,False,False,False,False,0,0,0,0,0,False,False,,,Wicketkeeper
1629351,10,2.7,2,1,0,27,1,2,76074,,39423,County Championship Division Two 2026,1,41,Kent Men,38,Middlesex Men,8701076,2026-08-20T10:38:12Z,5,59,False,,,,2683,Tom Helm,137,Sam Northeast,128,Zak Crawley,Right,0,0,0,0,,LengthBall,OffStump,Lbw,HitPad,BackFoot,Worked,SeamIn,Over,FastSeam,Right,Null,NotReferred,Null,False,False,False,False,False,True,1808.0,False,False,False,False,False,False,0,0,0,0,0,False,False,,,
1629351,10,2.7,2,1,0,27,1,2,76074,,39423,County Championship Division Two 2026,1,41,Kent Men,38,Middlesex Men,8701083,2026-08-20T10:38:54Z,6,60,False,,,,2683,Tom Helm,137,Sam Northeast,128,Zak Crawley,Right,2,0,2,2,,HalfVolley,MiddleStump,,WellTimed,FrontFoot,Worked,NoMovement,Over,FastSeam,Right,Null,NotReferred,Null,False,False,False,False,False,True,,False,False,False,False,False,False,2,0,0,0,0,False,False,31.0,134.0,Fine Leg
1629357,11,2.91,5,0,0,32,1,5,76074,,39423,County Championship Division Two 2026,1,41,Kent Men,38,Middlesex Men,8701091,2026-08-20T10:39:50Z,1,61,False,,,,1739,Toby Roland-Jones,128,Zak Crawley,137,Sam Northeast,Right,0,0,0,0,,LengthBall,OutsideOff,,InsideEdge,FrontFoot,ForwardDefensive,SeamIn,Over,Medium,Right,Null,NotReferred,Null,False,False,False,False,False,True,,False,False,False,False,False,False,0,0,0,0,0,False,False,219.0,37.0,Extra Cover
1629357,11,2.91,5,0,0,32,1,5,76074,,39423,County Championship Division Two 2026,1,41,Kent Men,38,Middlesex Men,8701096,2026-08-20T10:40:21Z,2,62,False,,,,1739,Toby Roland-Jones,128,Zak Crawley,137,Sam Northeast,Right,0,0,0,0,,LengthBall,OutsideOff,,Missed,FrontFoot,ForwardDefensive,SeamAway,Over,Medium,Right,Null,NotReferred,Null,False,False,False,False,False,True,,False,False,False,False,False,False,0,0,0,0,0,False,False,,,Wicketkeeper
1629357,11,2.91,5,0,0,32,1,5,76074,,39423,County Championship Division Two 2026,1,41,Kent Men,38,Middlesex Men,8701103,2026-08-20T10:40:53Z,3,63,False,,,,1739,Toby Roland-Jones,128,Zak Crawley,137,Sam Northeast,Right,3,0,3,3,,HalfVolley,OutsideOff,,WellTimed,FrontFoot,Drive,NoMovement,Over,Medium,Right,Null,NotReferred,Null,False,False,False,False,False,True,,False,False,False,False,False,False,3,0,0,0,0,False,False,241.0,119.0,Long Off
1629357,11,2.91,5,0,0,32,1,5,76074,,39423,County Championship Division Two 2026,1,41,Kent Men,38,Middlesex Men,8701110,2026-08-20T10:41:42Z,4,64,False,,,,1739,Toby Roland-Jones,137,Sam Northeast,128,Zak Crawley,Right,0,0,0,0,,LengthBall,OutsideOff,,None,FrontFoot,ForwardDefensive,SeamIn,Over,Medium,Right,Null,NotReferred,Null,False,False,False,False,False,True,,False,False,False,False,False,False,0,0,0,0,0,False,False,258.0,39.0,Bowler
1629357,11,2.91,5,0,0,32,1,5,76074,,39423,County Championship Division Two 2026,1,41,Kent Men,38,Middlesex Men,8701116,2026-08-20T10:42:19Z,5,65,False,,,,1739,Toby Roland-Jones,137,Sam Northeast,128,Zak Crawley,Right,2,0,2,2,,HalfVolley,OffStump,,None,FrontFoot,Worked,NoMovement,Over,Medium,Right,Null,NotReferred,Null,False,False,False,False,False,True,,False,False,False,False,False,False,2,0,0,0,0,False,False,304.0,119.0,Mid On
1629357,11,2.91,5,0,0,32,1,5,76074,,39423,County Championship Division Two 2026,1,41,Kent Men,38,Middlesex Men,8701120,2026-08-20T10:42:58Z,6,66,False,,,,1739,Toby Roland-Jones,137,Sam Northeast,128,Zak Crawley,Right,0,0,0,0,,LengthBall,OutsideOff,,ShouldersArms,NoMovement,ShouldersArms,SeamAway,Over,Medium,Right,Null,NotReferred,Null,False,False,False,False,False,True,,False,False,False,False,False,False,0,0,0,0,0,False,False,,,Wicketkeeper
1629364,12,3.0,4,0,0,36,1,4,76074,,39423,County Championship Division Two 2026,1,41,Kent Men,38,Middlesex Men,8701129,2026-08-20T10:43:44Z,1,67,False,,,,2683,Tom Helm,128,Zak Crawley,137,Sam Northeast,Right,0,0,0,0,,LengthBall,OutsideOff,,None,FrontFoot,ForwardDefensive,SeamIn,Over,FastSeam,Right,Null,NotReferred,Null,False,False,False,False,False,True,,False,False,False,False,False,False,0,0,0,0,0,False,False,246.0,72.0,Mid Off
1629364,12,3.0,4,0,0,36,1,4,76074,,39423,County Championship Division Two 2026,1,41,Kent Men,38,Middlesex Men,8701138,2026-08-20T10:44:15Z,2,68,False,,,,2683,Tom Helm,128,Zak Crawley,137,Sam Northeast,Right,0,4,4,0,,LengthBall,LegStump,,PlayAndMissLegSide,BackFoot,Glance,NoMovement,Over,FastSeam,Right,Null,NotReferred,Null,False,False,True,False,False,True,,False,False,False,False,False,False,4,4,0,0,0,False,False,,,
1629364,12,3.0,4,0,0,36,1,4,76074,,39423,County Championship Division Two 2026,1,41,Kent Men,38,Middlesex Men,8701144,2026-08-20T10:45:03Z,3,69,False,,,,2683,Tom Helm,128,Zak Crawley,137,Sam Northeast,Right,0,0,0,0,,LengthBall,OutsideOff,Lbw,HitPad,FrontFoot,ForwardDefensive,SeamIn,Over,FastSeam,Right,Null,NotReferred,Null,False,False,False,False,False,True,1808.0,False,False,False,False,False,False,0,0,0,0,0,False,False,,,Bowler
1629364,12,3.0,4,0,0,36,1,4,76074,,39423,County Championship Division Two 2026,1,41,Kent Men,38,Middlesex Men,8701150,2026-08-20T10:45:46Z,4,70,False,,,,2683,Tom Helm,128,Zak Crawley,137,Sam Northeast,Right,0,0,0,0,,HalfVolley,OutsideOff,,ShouldersArms,FrontFoot,ShouldersArms,NoMovement,Over,FastSeam,Right,Null,NotReferred,Null,False,False,False,False,False,True,,False,False,False,False,False,False,0,0,0,0,0,False,False,,,Wicketkeeper
1629364,12,3.0,4,0,0,36,1,4,76074,,39423,County Championship Division Two 2026,1,41,Kent Men,38,Middlesex Men,8701156,2026-08-20T10:46:20Z,5,71,False,,,,2683,Tom Helm,128,Zak Crawley,137,Sam Northeast,Right,0,0,0,0,,LengthBall,OutsideOff,,None,FrontFoot,ForwardDefensive,SeamIn,Over,FastSeam,Right,Null,NotReferred,Null,False,False,False,False,False,True,,False,False,False,False,False,False,0,0,0,0,0,False,False,261.0,34.0,Bowler
1629364,12,3.0,4,0,0,36,1,4,76074,,39423,County Championship Division Two 2026,1,41,Kent Men,38,Middlesex Men,8701162,2026-08-20T10:47:06Z,6,72,False,,,,2683,Tom Helm,128,Zak Crawley,137,Sam Northeast,Right,0,0,0,0,,LengthBall,OutsideOff,,None,FrontFoot,ForwardDefensive,SeamIn,Over,FastSeam,Right,Null,NotReferred,Null,False,False,False,False,False,True,,False,False,False,False,False,False,0,0,0,0,0,False,False,261.0,34.0,Bowler
1629371,13,2.77,0,0,0,36,1,0,76074,,39423,County Championship Division Two 2026,1,41,Kent Men,38,Middlesex Men,8701173,2026-08-20T10:48:17Z,1,73,False,,,,2625,Eathan Bosch,137,Sam Northeast,128,Zak Crawley,Right,0,0,0,0,,LengthBall,OutsideOff,,None,FrontFoot,Steer,NoMovement,Over,Medium,Right,Null,NotReferred,Null,False,False,False,False,False,True,,False,False,False,False,False,False,0,0,0,0,0,False,False,196.0,55.0,Cover
1629371,13,2.77,0,0,0,36,1,0,76074,,39423,County Championship Division Two 2026,1,41,Kent Men,38,Middlesex Men,8701177,2026-08-20T10:48:51Z,2,74,False,,,,2625,Eathan Bosch,137,Sam Northeast,128,Zak Crawley,Right,0,0,0,0,,LengthBall,OutsideOff,,ShouldersArms,NoMovement,ShouldersArms,NoMovement,Over,Medium,Right,Null,NotReferred,Null,False,False,False,False,False,True,,False,False,False,False,False,False,0,0,0,0,0,False,False,,,Wicketkeeper
1629371,13,2.77,0,0,0,36,1,0,76074,,39423,County Championship Division Two 2026,1,41,Kent Men,38,Middlesex Men,8701183,2026-08-20T10:49:23Z,3,75,False,,,,2625,Eathan Bosch,137,Sam Northeast,128,Zak Crawley,Right,0,0,0,0,,LengthBall,OutsideOff,,MisTimed,BackFoot,Drive,NoMovement,Over,Medium,Right,Null,NotReferred,Null,False,False,False,False,False,True,,False,False,False,False,False,False,0,0,0,0,0,False,False,246.0,36.0,Mid Off
1629371,13,2.77,0,0,0,36,1,0,76074,,39423,County Championship Division Two 2026,1,41,Kent Men,38,Middlesex Men,8701189,2026-08-20T10:49:56Z,4,76,False,,,,2625,Eathan Bosch,137,Sam Northeast,128,Zak Crawley,Right,0,0,0,0,,HalfVolley,OutsideOff,,MisTimed,FrontFoot,Drive,NoMovement,Over,Medium,Right,Null,NotReferred,Null,False,False,False,False,False,True,,False,False,False,False,False,False,0,0,0,0,0,False,False,247.0,81.0,Mid Off
1629371,13,2.77,0,0,0,36,1,0,76074,,39423,County Championship Division Two 2026,1,41,Kent Men,38,Middlesex Men,8701193,2026-08-20T10:50:29Z,5,77,False,,,,2625,Eathan Bosch,137,Sam Northeast,128,Zak Crawley,Right,0,0,0,0,,LengthBall,OutsideOff,,None,BackFoot,BackwardDefensive,NoMovement,Over,Medium,Right,Null,NotReferred,Null,False,False,False,False,False,True,,False,False,False,False,False,False,0,0,0,0,0,False,False,205.0,59.0,Cover
1629371,13,2.77,0,0,0,36,1,0,76074,,39423,County Championship Division Two 2026,1,41,Kent Men,38,Middlesex Men,8701197,2026-08-20T10:51:01Z,6,78,False,,,,2625,Eathan Bosch,137,Sam Northeast,128,Zak Crawley,Right,0,0,0,0,,LengthBall,OutsideOff,,None,FrontFoot,ForwardDefensive,NoMovement,Over,Medium,Right,Null,NotReferred,Null,False,False,False,False,False,True,,False,False,False,False,False,False,0,0,0,0,0,False,False,216.0,43.0,Extra Cover
1629376,14,2.86,4,0,0,40,1,4,76074,,39423,County Championship Division Two 2026,1,41,Kent Men,38,Middlesex Men,8701209,2026-08-20T10:52:23Z,1,79,False,,,,39,Ryan Higgins,128,Zak Crawley,137,Sam Northeast,Right,0,0,0,0,,LengthBall,OutsideOff,,None,BackFoot,Dropped,NoMovement,Over,Medium,Right,Null,NotReferred,Null,False,False,False,False,False,True,,False,False,False,False,False,False,0,0,0,0,0,False,False,210.0,44.0,Extra Cover
1629376,14,2.86,4,0,0,40,1,4,76074,,39423,County Championship Division Two 2026,1,41,Kent Men,38,Middlesex Men,8701213,2026-08-20T10:52:55Z,2,80,False,,,,39,Ryan Higgins,128,Zak Crawley,137,Sam Northeast,Right,0,0,0,0,,LengthBall,OutsideOff,,MisTimed,BackFoot,Cut,NoMovement,Over,Medium,Right,Null,NotReferred,Null,False,False,False,False,False,True,,False,False,False,False,False,False,0,0,0,0,0,False,False,182.0,60.0,Cover
1629376,14,2.86,4,0,0,40,1,4,76074,,39423,County Championship Division Two 2026,1,41,Kent Men,38,Middlesex Men,8701217,2026-08-20T10:53:22Z,3,81,False,,,,39,Ryan Higgins,128,Zak Crawley,137,Sam Northeast,Right,4,0,4,4,,LengthBall,OutsideOff,,OutsideEdge,FrontFoot,ForwardDefensive,NoMovement,Over,Medium,Right,Null,NotReferred,Null,False,False,False,False,False,True,,False,False,False,False,False,False,4,0,0,0,0,True,False,121.0,161.0,
1629376,14,2.86,4,0,0,40,1,4,76074,,39423,County Championship Division Two 2026,1,41,Kent Men,38,Middlesex Men,8701222,2026-08-20T10:54:05Z,4,82,False,,,,39,Ryan Higgins,128,Zak Crawley,137,Sam Northeast,Right,0,0,0,0,,LengthBall,MiddleStump,Lbw,HitPad,FrontFoot,Flick,NoMovement,Over,Medium,Right,Null,NotReferred,Null,False,False,False,False,False,True,1808.0,False,False,False,False,False,False,0,0,0,0,0,False,False,,,Wicketkeeper
1629376,14,2.86,4,0,0,40,1,4,76074,,39423,County Championship Division Two 2026,1,41,Kent Men,38,Middlesex Men,8701225,2026-08-20T10:54:35Z,5,83,False,,,,39,Ryan Higgins,128,Zak Crawley,137,Sam Northeast,Right,0,0,0,0,,LengthBall,OffStump,Lbw,HitPad,FrontFoot,ForwardDefensive,SeamIn,Over,Medium,Right,Null,NotReferred,Null,False,False,False,False,False,True,1808.0,False,False,False,False,False,False,0,0,0,0,0,False,False,,,Wicketkeeper
1629376,14,2.86,4,0,0,40,1,4,76074,,39423,County Championship Division Two 2026,1,41,Kent Men,38,Middlesex Men,8701229,2026-08-20T10:55:10Z,6,84,False,,,,39,Ryan Higgins,128,Zak Crawley,137,Sam Northeast,Right,0,0,0,0,,LengthBall,OutsideOff,,Missed,FrontFoot,ForwardDefensive,SeamAway,Over,Medium,Right,Null,NotReferred,Null,False,False,False,False,False,True,,False,False,False,False,False,False,0,0,0,0,0,False,False,,,Wicketkeeper
1629381,15,3.13,7,0,0,47,1,7,76074,,39423,County Championship Division Two 2026,1,41,Kent Men,38,Middlesex Men,8701239,2026-08-20T10:56:05Z,1,85,False,,,,2625,Eathan Bosch,137,Sam Northeast,128,Zak Crawley,Right,0,0,0,0,,LengthBall,OutsideOff,,MisTimed,BackFoot,Pushed,NoMovement,Over,Medium,Right,Null,NotReferred,Null,False,False,False,False,False,True,,False,False,False,False,False,False,0,0,0,0,0,False,False,227.0,45.0,Extra Cover
1629381,15,3.13,7,0,0,47,1,7,76074,,39423,County Championship Division Two 2026,1,41,Kent Men,38,Middlesex Men,8701243,2026-08-20T10:56:39Z,2,86,False,,,,2625,Eathan Bosch,137,Sam Northeast,128,Zak Crawley,Right,0,0,0,0,,LengthBall,OutsideOff,,ShouldersArms,DownTheTrack,ShouldersArms,SeamAway,Over,Medium,Right,Null,NotReferred,Null,False,False,False,False,False,True,,False,False,False,False,False,False,0,0,0,0,0,False,False,,,Wicketkeeper
1629381,15,3.13,7,0,0,47,1,7,76074,,39423,County Championship Division Two 2026,1,41,Kent Men,38,Middlesex Men,8701248,2026-08-20T10:57:13Z,3,87,False,,,,2625,Eathan Bosch,137,Sam Northeast,128,Zak Crawley,Right,0,0,0,0,,LengthBall,OutsideOff,,None,FrontFoot,ForwardDefensive,NoMovement,Over,Medium,Right,Null,NotReferred,Null,False,False,False,False,False,True,,False,False,False,False,False,False,0,0,0,0,0,False,False,248.0,82.0,Mid Off
1629381,15,3.13,7,0,0,47,1,7,76074,,39423,County Championship Division Two 2026,1,41,Kent Men,38,Middlesex Men,8701253,2026-08-20T10:57:48Z,4,88,False,,,,2625,Eathan Bosch,137,Sam Northeast,128,Zak Crawley,Right,1,0,1,1,,LengthBall,OffStump,,None,BackFoot,Dropped,NoMovement,Over,Medium,Right,Null,NotReferred,Null,False,False,False,False,False,True,,False,False,False,False,False,False,1,0,0,0,0,False,False,330.0,36.0,Wicketkeeper
1629381,15,3.13,7,0,0,47,1,7,76074,,39423,County Championship Division Two 2026,1,41,Kent Men,38,Middlesex Men,8701259,2026-08-20T10:58:28Z,5,89,False,,,,2625,Eathan Bosch,128,Zak Crawley,137,Sam Northeast,Right,2,0,2,2,,LengthBall,OffStump,,WellTimed,FrontFoot,Flick,NoMovement,Over,Medium,Right,Null,NotReferred,Null,False,False,False,False,False,True,,False,False,False,False,False,False,2,0,0,0,0,False,False,347.0,126.0,Deep Square Leg
1629381,15,3.13,7,0,0,47,1,7,76074,,39423,County Championship Division Two 2026,1,41,Kent Men,38,Middlesex Men,8701265,2026-08-20T10:59:06Z,6,90,False,,,,2625,Eathan Bosch,128,Zak Crawley,137,Sam Northeast,Right,4,0,4,4,,LengthBall,OutsideOff,,WellTimed,FrontFoot,Pushed,NoMovement,Over,Medium,Right,Null,NotReferred,Null,False,False,False,False,False,True,,False,False,False,False,False,False,4,0,0,0,0,True,False,148.0,165.0,
1629387,16,3.25,5,0,0,52,1,5,76074,,39423,County Championship Division Two 2026,1,41,Kent Men,38,Middlesex Men,8701274,2026-08-20T11:00:19Z,1,91,False,,,,39,Ryan Higgins,137,Sam Northeast,128,Zak Crawley,Right,0,4,4,0,,LengthBall,MiddleStump,,HitPad,BackFoot,Glance,NoMovement,Over,Medium,Right,Null,NotReferred,Null,False,False,False,True,False,True,,False,False,False,False,False,False,4,0,0,4,0,False,False,,,
1629387,16,3.25,5,0,0,52,1,5,76074,,39423,County Championship Division Two 2026,1,41,Kent Men,38,Middlesex Men,8701280,2026-08-20T11:01:09Z,2,92,False,,,,39,Ryan Higgins,137,Sam Northeast,128,Zak Crawley,Right,1,0,1,1,,LengthBall,MiddleStump,,None,FrontFoot,Flick,NoMovement,Over,Medium,Right,Null,NotReferred,Null,False,False,False,False,False,True,,False,False,False,False,False,False,1,0,0,0,0,False,False,27.0,128.0,Deep Backward Square Leg
1629387,16,3.25,5,0,0,52,1,5,76074,,39423,County Championship Division Two 2026,1,41,Kent Men,38,Middlesex Men,8701283,2026-08-20T11:01:41Z,3,93,False,,,,39,Ryan Higgins,128,Zak Crawley,137,Sam Northeast,Right,0,0,0,0,,LengthBall,OutsideOff,,None,FrontFoot,ForwardDefensive,NoMovement,Over,Medium,Right,Null,NotReferred,Null,False,False,False,False,False,True,,False,False,False,False,False,False,0,0,0,0,0,False,False,269.0,41.0,Bowler
1629387,16,3.25,5,0,0,52,1,5,76074,,39423,County Championship Division Two 2026,1,41,Kent Men,38,Middlesex Men,8701287,2026-08-20T11:02:11Z,4,94,False,,,,39,Ryan Higgins,128,Zak Crawley,137,Sam Northeast,Right,0,0,0,0,,LengthBall,OffStump,,HitPad,DownTheTrack,Flick,NoMovement,Over,Medium,Right,Null,NotReferred,Null,False,False,False,False,False,True,,False,False,False,False,False,False,0,0,0,0,0,False,False,,,Bowler
1629387,16,3.25,5,0,0,52,1,5,76074,,39423,County Championship Division Two 2026,1,41,Kent Men,38,Middlesex Men,8701292,2026-08-20T11:02:42Z,5,95,False,,,,39,Ryan Higgins,128,Zak Crawley,137,Sam Northeast,Right,0,0,0,0,,LengthBall,OutsideOff,,None,FrontFoot,ForwardDefensive,NoMovement,Over,Medium,Right,Null,NotReferred,Null,False,False,False,False,False,True,,False,False,False,False,False,False,0,0,0,0,0,False,False,325.0,53.0,Mid Wicket
1629387,16,3.25,5,0,0,52,1,5,76074,,39423,County Championship Division Two 2026,1,41,Kent Men,38,Middlesex Men,8701294,2026-08-20T11:03:10Z,6,96,False,,,,39,Ryan Higgins,128,Zak Crawley,137,Sam Northeast,Right,0,0,0,0,,LengthBall,OffStump,,None,FrontFoot,Worked,NoMovement,Over,Medium,Right,Null,NotReferred,Null,False,False,False,False,False,True,,False,False,False,False,False,False,0,0,0,0,0,False,False,336.0,70.0,Square Leg
1629392,17,3.12,1,0,0,53,1,1,76074,,39423,County Championship Division Two 2026,1,41,Kent Men,38,Middlesex Men,8701302,2026-08-20T11:04:07Z,1,97,False,,,,2625,Eathan Bosch,137,Sam Northeast,128,Zak Crawley,Right,0,0,0,0,,LengthBall,OutsideOff,,None,BackFoot,Dropped,NoMovement,Over,Medium,Right,Null,NotReferred,Null,False,False,False,False,False,True,,False,False,False,False,False,False,0,0,0,0,0,False,False,194.0,45.0,Cover
1629392,17,3.12,1,0,0,53,1,1,76074,,39423,County Championship Division Two 2026,1,41,Kent Men,38,Middlesex Men,8701306,2026-08-20T11:04:38Z,2,98,False,,,,2625,Eathan Bosch,137,Sam Northeast,128,Zak Crawley,Right,0,0,0,0,,LengthBall,OutsideOff,,Missed,FrontFoot,ForwardDefensive,SeamAway,Over,Medium,Right,Null,NotReferred,Null,False,False,False,False,False,True,,False,False,False,False,False,False,0,0,0,0,0,False,False,,,Wicketkeeper
1629392,17,3.12,1,0,0,53,1,1,76074,,39423,County Championship Division Two 2026,1,41,Kent Men,38,Middlesex Men,8701310,2026-08-20T11:05:11Z,3,99,False,,,,2625,Eathan Bosch,137,Sam Northeast,128,Zak Crawley,Right,0,0,0,0,,LengthBall,OutsideOff,,None,BackFoot,BackwardDefensive,NoMovement,Over,Medium,Right,Null,NotReferred,Null,False,False,False,False,False,True,,False,False,False,False,False,False,0,0,0,0,0,False,False,302.0,37.0,Mid Wicket
1629392,17,3.12,1,0,0,53,1,1,76074,,39423,County Championship Division Two 2026,1,41,Kent Men,38,Middlesex Men,8701314,2026-08-20T11:05:46Z,4,100,False,,,,2625,Eathan Bosch,137,Sam Northeast,128,Zak Crawley,Right,0,0,0,0,,LengthBall,OutsideOff,,ShouldersArms,NoMovement,ShouldersArms,NoMovement,Over,Medium,Right,Null,NotReferred,Null,False,False,False,False,False,True,,False,False,False,False,False,False,0,0,0,0,0,False,False,,,Wicketkeeper
1629392,17,3.12,1,0,0,53,1,1,76074,,39423,County Championship Division Two 2026,1,41,Kent Men,38,Middlesex Men,8701321,2026-08-20T11:06:21Z,5,101,False,,,,2625,Eathan Bosch,137,Sam Northeast,128,Zak Crawley,Right,1,0,1,1,,HalfVolley,OutsideOff,,MisTimed,FrontFoot,Drive,NoMovement,Over,Medium,Right,Null,NotReferred,Null,False,False,False,False,False,True,,False,False,False,False,False,False,1,0,0,0,0,False,False,298.0,79.0,Mid On
1629392,17,3.12,1,0,0,53,1,1,76074,,39423,County Championship Division Two 2026,1,41,Kent Men,38,Middlesex Men,8701327,2026-08-20T11:07:06Z,6,102,False,,,,2625,Eathan Bosch,128,Zak Crawley,137,Sam Northeast,Right,0,0,0,0,,LengthBall,OutsideOff,,None,BackFoot,Dropped,NoMovement,Over,Medium,Right,Null,NotReferred,Null,False,False,False,False,False,True,,False,False,False,False,False,False,0,0,0,0,0,False,False,194.0,50.0,Cover
1629396,18,3.28,6,0,0,59,1,6,76074,,39423,County Championship Division Two 2026,1,41,Kent Men,38,Middlesex Men,8701332,2026-08-20T11:07:58Z,1,103,False,,,,39,Ryan Higgins,137,Sam Northeast,128,Zak Crawley,Right,0,0,0,0,,LengthBall,OutsideOff,,None,DownTheTrack,Pushed,NoMovement,Over,Medium,Right,Null,NotReferred,Null,False,False,False,False,False,True,,False,False,False,False,False,False,0,0,0,0,0,False,False,211.0,54.0,Extra Cover
1629396,18,3.28,6,0,0,59,1,6,76074,,39423,County Championship Division Two 2026,1,41,Kent Men,38,Middlesex Men,8701334,2026-08-20T11:08:26Z,2,104,False,,,,39,Ryan Higgins,137,Sam Northeast,128,Zak Crawley,Right,4,0,4,4,,LengthBall,MiddleStump,,WellTimed,BackFoot,Worked,NoMovement,Over,Medium,Right,Null,NotReferred,Null,False,False,False,False,False,True,,False,False,False,False,False,False,4,0,0,0,0,True,False,71.0,161.0,
1629396,18,3.28,6,0,0,59,1,6,76074,,39423,County Championship Division Two 2026,1,41,Kent Men,38,Middlesex Men,8701338,2026-08-20T11:09:12Z,3,105,False,,,,39,Ryan Higgins,137,Sam Northeast,128,Zak Crawley,Right,0,0,0,0,,LengthBall,OffStump,,None,FrontFoot,ForwardDefensive,NoMovement,Over,Medium,Right,Null,NotReferred,Null,False,False,False,False,False,True,,False,False,False,False,False,False,0,0,0,0,0,False,False,301.0,36.0,Wicketkeeper
1629396,18,3.28,6,0,0,59,1,6,76074,,39423,County Championship Division Two 2026,1,41,Kent Men,38,Middlesex Men,8701343,2026-08-20T11:09:53Z,4,106,False,,,,39,Ryan Higgins,137,Sam Northeast,128,Zak Crawley,Right,1,0,1,1,,LengthBall,OffStump,,WellTimed,BackFoot,Worked,NoMovement,Over,Medium,Right,Null,NotReferred,Null,False,False,False,False,False,True,,False,False,False,False,False,False,1,0,0,0,0,False,False,30.0,128.0,Fine Leg
1629396,18,3.28,6,0,0,59,1,6,76074,,39423,County Championship Division Two 2026,1,41,Kent Men,38,Middlesex Men,8701347,2026-08-20T11:10:28Z,5,107,False,,,,39,Ryan Higgins,128,Zak Crawley,137,Sam Northeast,Right,0,0,0,0,,LengthBall,OutsideOff,,None,FrontFoot,ForwardDefensive,NoMovement,Over,Medium,Right,Null,NotReferred,Null,False,False,False,False,False,True,,False,False,False,False,False,False,0,0,0,0,0,False,False,273.0,37.0,Bowler
1629396,18,3.28,6,0,0,59,1,6,76074,,39423,County Championship Division Two 2026,1,41,Kent Men,38,Middlesex Men,8701351,2026-08-20T11:11:02Z,6,108,False,,,,39,Ryan Higgins,128,Zak Crawley,137,Sam Northeast,Right,1,0,1,1,,LengthBall,OutsideOff,,None,BackFoot,Pushed,NoMovement,Over,Medium,Right,Null,NotReferred,Null,False,False,False,False,False,True,,False,False,False,False,False,False,1,0,0,0,0,False,False,206.0,69.0,Cover
1629403,19,3.26,3,0,0,62,1,3,76074,,39423,County Championship Division Two 2026,1,41,Kent Men,38,Middlesex Men,8701360,2026-08-20T11:12:13Z,1,109,False,,,,2625,Eathan Bosch,128,Zak Crawley,137,Sam Northeast,Right,0,0,0,0,,LengthBall,OutsideOff,,None,BackFoot,Dropped,NoMovement,Over,Medium,Right,Null,NotReferred,Null,False,False,False,False,False,True,,False,False,False,False,False,False,0,0,0,0,0,False,False,191.0,55.0,Cover
1629403,19,3.26,3,0,0,62,1,3,76074,,39423,County Championship Division Two 2026,1,41,Kent Men,38,Middlesex Men,8701364,2026-08-20T11:12:47Z,2,110,False,,,,2625,Eathan Bosch,128,Zak Crawley,137,Sam Northeast,Right,1,0,1,1,,LengthBall,OutsideOff,,None,FrontFoot,Pushed,NoMovement,Over,Medium,Right,Null,NotReferred,Null,False,False,False,False,False,True,,False,False,False,False,False,False,1,0,0,0,0,False,False,188.0,81.0,Cover
1629403,19,3.26,3,0,0,62,1,3,76074,,39423,County Championship Division Two 2026,1,41,Kent Men,38,Middlesex Men,8701369,2026-08-20T11:13:22Z,3,111,False,,,,2625,Eathan Bosch,137,Sam Northeast,128,Zak Crawley,Right,0,0,0,0,,HalfVolley,MiddleStump,Lbw,HitPad,FrontFoot,Worked,SeamIn,Over,Medium,Right,Null,NotReferred,Null,False,False,False,False,False,True,1890.0,False,False,False,False,False,False,0,0,0,0,0,False,False,,,
1629403,19,3.26,3,0,0,62,1,3,76074,,39423,County Championship Division Two 2026,1,41,Kent Men,38,Middlesex Men,8701374,2026-08-20T11:14:04Z,4,112,False,,,,2625,Eathan Bosch,137,Sam Northeast,128,Zak Crawley,Right,0,0,0,0,,LengthBall,OutsideOff,,ShouldersArms,NoMovement,ShouldersArms,NoMovement,Over,Medium,Right,Null,NotReferred,Null,False,False,False,False,False,True,,False,False,False,False,False,False,0,0,0,0,0,False,False,,,Wicketkeeper
1629403,19,3.26,3,0,0,62,1,3,76074,,39423,County Championship Division Two 2026,1,41,Kent Men,38,Middlesex Men,8701377,2026-08-20T11:14:39Z,5,113,False,,,,2625,Eathan Bosch,137,Sam Northeast,128,Zak Crawley,Right,2,2,2,0,,Short,OutsideOff,,Middled,BackFoot,Cut,NoMovement,Over,Medium,Right,Null,NotReferred,1,False,True,False,False,False,True,,False,False,False,False,False,False,2,0,0,0,2,False,False,198.0,78.0,Cover
1629403,19,3.26,3,0,0,62,1,3,76074,,39423,County Championship Division Two 2026,1,41,Kent Men,38,Middlesex Men,8701380,2026-08-20T11:15:16Z,5,114,False,,,,2625,Eathan Bosch,137,Sam Northeast,128,Zak Crawley,Right,0,0,0,0,,LengthBall,OutsideOff,,Missed,FrontFoot,ForwardDefensive,AwaySwinger,Over,Medium,Right,Null,NotReferred,Null,False,False,False,False,False,True,,False,False,False,False,False,False,0,0,0,0,0,False,False,,,Wicketkeeper
1629403,19,3.26,3,0,0,62,1,3,76074,,39423,County Championship Division Two 2026,1,41,Kent Men,38,Middlesex Men,8701384,2026-08-20T11:15:51Z,6,115,False,,,,2625,Eathan Bosch,137,Sam Northeast,128,Zak Crawley,Right,0,0,0,0,,LengthBall,OutsideOff,,None,FrontFoot,ForwardDefensive,NoMovement,Over,Medium,Right,Null,NotReferred,Null,False,False,False,False,False,True,,False,False,False,False,False,False,0,0,0,0,0,False,False,228.0,50.0,Extra Cover
1629407,20,3.3,4,0,0,66,1,4,76074,,39423,County Championship Division Two 2026,1,41,Kent Men,38,Middlesex Men,8701392,2026-08-20T11:16:57Z,1,116,False,,,,39,Ryan Higgins,128,Zak Crawley,137,Sam Northeast,Right,4,0,4,4,,LengthBall,Wide,,Middled,BackFoot,Cut,NoMovement,Over,Medium,Right,Null,NotReferred,Null,False,False,False,False,False,True,,False,False,False,False,False,False,4,0,0,0,0,True,False,194.0,172.0,
1629407,20,3.3,4,0,0,66,1,4,76074,,39423,County Championship Division Two 2026,1,41,Kent Men,38,Middlesex Men,8701396,2026-08-20T11:17:31Z,2,117,False,,,,39,Ryan Higgins,128,Zak Crawley,137,Sam Northeast,Right,0,0,0,0,,LengthBall,OutsideOff,,InsideEdge,FrontFoot,ForwardDefensive,SeamIn,Over,Medium,Right,Null,NotReferred,Null,False,False,False,False,False,True,,False,False,False,False,False,False,0,0,0,0,0,False,False,159.0,47.0,Backward Point
1629407,20,3.3,4,0,0,66,1,4,76074,,39423,County Championship Division Two 2026,1,41,Kent Men,38,Middlesex Men,8701402,2026-08-20T11:18:07Z,3,118,False,,,,39,Ryan Higgins,128,Zak Crawley,137,Sam Northeast,Right,0,0,0,0,,LengthBall,OutsideOff,,None,FrontFoot,ForwardDefensive,NoMovement,Over,Medium,Right,Null,NotReferred,Null,False,False,False,False,False,True,,False,False,False,False,False,False,0,0,0,0,0,False,False,186.0,49.0,Cover
1629407,20,3.3,4,0,0,66,1,4,76074,,39423,County Championship Division Two 2026,1,41,Kent Men,38,Middlesex Men,8701408,2026-08-20T11:18:35Z,4,119,False,,,,39,Ryan Higgins,128,Zak Crawley,137,Sam Northeast,Right,0,0,0,0,,LengthBall,MiddleStump,Lbw,HitPad,FrontFoot,Flick,NoMovement,Over,Medium,Right,Null,NotReferred,Null,False,False,False,False,False,True,1808.0,False,False,False,False,False,False,0,0,0,0,0,False,False,,,Bowler
1629407,20,3.3,4,0,0,66,1,4,76074,,39423,County Championship Division Two 2026,1,41,Kent Men,38,Middlesex Men,8701412,2026-08-20T11:19:14Z,5,120,False,,,,39,Ryan Higgins,128,Zak Crawley,137,Sam Northeast,Right,0,0,0,0,,LengthBall,OutsideOff,,MisTimed,BackFoot,Cut,NoMovement,Over,Medium,Right,Null,NotReferred,Null,False,False,False,False,False,True,,False,False,False,False,False,False,0,0,0,0,0,False,False,73.0,2.0,Wicketkeeper
1629407,20,3.3,4,0,0,66,1,4,76074,,39423,County Championship Division Two 2026,1,41,Kent Men,38,Middlesex Men,8701415,2026-08-20T11:19:43Z,6,121,False,,,,39,Ryan Higgins,128,Zak Crawley,137,Sam Northeast,Right,0,0,0,0,,LengthBall,OffStump,,None,FrontFoot,ForwardDefensive,NoMovement,Over,Medium,Right,Null,NotReferred,Null,False,False,False,False,False,True,,False,False,False,False,False,False,0,0,0,0,0,False,False,233.0,42.0,Extra Cover
1629411,21,3.33,4,0,0,70,1,4,76074,,39423,County Championship Division Two 2026,1,41,Kent Men,38,Middlesex Men,8701421,2026-08-20T11:20:33Z,1,122,False,,,,2625,Eathan Bosch,137,Sam Northeast,128,Zak Crawley,Right,4,0,4,4,,LengthBall,OutsideOff,,OutsideEdge,BackFoot,Drive,NoMovement,Over,Medium,Right,Null,NotReferred,Null,False,False,False,False,False,True,,False,False,False,False,False,False,4,0,0,0,0,True,True,127.0,162.0,
1629411,21,3.33,4,0,0,70,1,4,76074,,39423,County Championship Division Two 2026,1,41,Kent Men,38,Middlesex Men,8701427,2026-08-20T11:21:23Z,2,123,False,,,,2625,Eathan Bosch,137,Sam Northeast,128,Zak Crawley,Right,0,0,0,0,,HalfVolley,OffStump,,None,FrontFoot,Pushed,NoMovement,Over,Medium,Right,Null,NotReferred,Null,False,False,False,False,False,True,,False,False,False,False,False,False,0,0,0,0,0,False,False,288.0,71.0,Mid On
1629411,21,3.33,4,0,0,70,1,4,76074,,39423,County Championship Division Two 2026,1,41,Kent Men,38,Middlesex Men,8701430,2026-08-20T11:21:58Z,3,124,False,,,,2625,Eathan Bosch,137,Sam Northeast,128,Zak Crawley,Right,0,0,0,0,,LengthBall,OffStump,,MisTimed,FrontFoot,Worked,NoMovement,Over,Medium,Right,Null,NotReferred,Null,False,False,False,False,False,True,,False,False,False,False,False,False,0,0,0,0,0,False,False,218.0,42.0,Extra Cover
1629411,21,3.33,4,0,0,70,1,4,76074,,39423,County Championship Division Two 2026,1,41,Kent Men,38,Middlesex Men,8701435,2026-08-20T11:22:34Z,4,125,False,,,,2625,Eathan Bosch,137,Sam Northeast,128,Zak Crawley,Right,0,0,0,0,,LengthBall,OutsideOff,,ShouldersArms,NoMovement,ShouldersArms,NoMovement,Over,Medium,Right,Null,NotReferred,Null,False,False,False,False,False,True,,False,False,False,False,False,False,0,0,0,0,0,False,False,,,Wicketkeeper
1629411,21,3.33,4,0,0,70,1,4,76074,,39423,County Championship Division Two 2026,1,41,Kent Men,38,Middlesex Men,8701439,2026-08-20T11:23:12Z,5,126,False,,,,2625,Eathan Bosch,137,Sam Northeast,128,Zak Crawley,Right,0,0,0,0,,HalfVolley,OutsideOff,,Middled,FrontFoot,Drive,NoMovement,Over,Medium,Right,Null,NotReferred,Null,False,False,False,False,False,True,,False,False,False,False,False,False,0,0,0,0,0,False,False,248.0,84.0,Mid Off
1629411,21,3.33,4,0,0,70,1,4,76074,,39423,County Championship Division Two 2026,1,41,Kent Men,38,Middlesex Men,8701444,2026-08-20T11:23:47Z,6,127,False,,,,2625,Eathan Bosch,137,Sam Northeast,128,Zak Crawley,Right,0,0,0,0,,LengthBall,OffStump,,InsideEdge,BackFoot,Dropped,NoMovement,Over,Medium,Right,Null,NotReferred,Null,False,False,False,False,False,True,,False,False,False,False,False,False,0,0,0,0,0,False,False,332.0,42.0,Square Leg
1629416,22,3.45,6,0,0,76,1,6,76074,,39423,County Championship Division Two 2026,1,41,Kent Men,38,Middlesex Men,8701447,2026-08-20T11:24:35Z,1,128,False,,,,39,Ryan Higgins,128,Zak Crawley,137,Sam Northeast,Right,1,0,1,1,,LengthBall,OffStump,,InsideEdge,FrontFoot,ForwardDefensive,NoMovement,Over,Medium,Right,Null,NotReferred,Null,False,False,False,False,False,True,,False,False,False,False,False,False,1,0,0,0,0,False,False,349.0,68.0,Square Leg
1629416,22,3.45,6,0,0,76,1,6,76074,,39423,County Championship Division Two 2026,1,41,Kent Men,38,Middlesex Men,8701453,2026-08-20T11:25:15Z,2,129,False,,,,39,Ryan Higgins,137,Sam Northeast,128,Zak Crawley,Right,0,0,0,0,,HalfVolley,OutsideOff,,InsideEdge,FrontFoot,Drive,NoMovement,Over,Medium,Right,Null,NotReferred,Null,False,False,False,False,False,True,,False,False,False,False,False,False,0,0,0,0,0,False,False,339.0,70.0,Square Leg
1629416,22,3.45,6,0,0,76,1,6,76074,,39423,County Championship Division Two 2026,1,41,Kent Men,38,Middlesex Men,8701458,2026-08-20T11:25:50Z,3,130,False,,,,39,Ryan Higgins,137,Sam Northeast,128,Zak Crawley,Right,1,0,1,1,,BackOfALength,OffStump,,None,BackFoot,Worked,NoMovement,Over,Medium,Right,Null,NotReferred,Null,False,False,False,False,False,True,,False,False,False,False,False,False,1,0,0,0,0,False,False,292.0,72.0,Mid On
1629416,22,3.45,6,0,0,76,1,6,76074,,39423,County Championship Division Two 2026,1,41,Kent Men,38,Middlesex Men,8701463,2026-08-20T11:26:26Z,4,131,False,,,,39,Ryan Higgins,128,Zak Crawley,137,Sam Northeast,Right,0,4,4,0,,LengthBall,MiddleStump,,PlayAndMissLegSide,FrontFoot,Flick,NoMovement,Over,Medium,Right,Null,NotReferred,Null,False,False,True,False,False,True,,False,False,False,False,False,False,4,4,0,0,0,False,False,,,
1629416,22,3.45,6,0,0,76,1,6,76074,,39423,County Championship Division Two 2026,1,41,Kent Men,38,Middlesex Men,8701468,2026-08-20T11:27:10Z,5,132,False,,,,39,Ryan Higgins,128,Zak Crawley,137,Sam Northeast,Right,0,0,0,0,,LengthBall,OutsideOff,,InsideEdge,FrontFoot,Drive,NoMovement,Over,Medium,Right,Null,NotReferred,Null,False,False,False,False,False,True,,False,False,False,False,False,False,0,0,0,0,0,False,False,337.0,57.0,Square Leg
1629416,22,3.45,6,0,0,76,1,6,76074,,39423,County Championship Division Two 2026,1,41,Kent Men,38,Middlesex Men,8701472,2026-08-20T11:27:43Z,6,133,False,,,,39,Ryan Higgins,128,Zak Crawley,137,Sam Northeast,Right,0,0,0,0,,LengthBall,OutsideOff,,MisTimed,BackFoot,Drive,NoMovement,Over,Medium,Right,Null,NotReferred,Null,False,False,False,False,False,True,,False,False,False,False,False,False,0,0,0,0,0,False,False,214.0,46.0,Extra Cover
1629422,23,3.57,6,0,0,82,1,6,76074,,39423,County Championship Division Two 2026,1,41,Kent Men,38,Middlesex Men,8701479,2026-08-20T11:28:58Z,1,134,False,,,,2683,Tom Helm,137,Sam Northeast,128,Zak Crawley,Right,0,0,0,0,,LengthBall,OutsideOff,,Left,NoMovement,Leave,NoMovement,Over,FastSeam,Right,Null,NotReferred,Null,False,False,False,False,False,True,,False,False,False,False,False,False,0,0,0,0,0,False,False,,,Wicketkeeper
1629422,23,3.57,6,0,0,82,1,6,76074,,39423,County Championship Division Two 2026,1,41,Kent Men,38,Middlesex Men,8701483,2026-08-20T11:29:32Z,2,135,False,,,,2683,Tom Helm,137,Sam Northeast,128,Zak Crawley,Right,1,0,1,1,,LengthBall,OutsideOff,,InsideEdge,FrontFoot,ForwardDefensive,NoMovement,Over,FastSeam,Right,Null,NotReferred,Null,False,False,False,False,False,True,,False,False,False,False,False,False,1,0,0,0,0,False,False,15.0,101.0,Deep Backward Square Leg
1629422,23,3.57,6,0,0,82,1,6,76074,,39423,County Championship Division Two 2026,1,41,Kent Men,38,Middlesex Men,8701486,2026-08-20T11:30:08Z,3,136,False,,,,2683,Tom Helm,128,Zak Crawley,137,Sam Northeast,Right,1,0,1,1,,LengthBall,Wide,,Middled,BackFoot,Cut,NoMovement,Over,FastSeam,Right,Null,NotReferred,Null,False,False,False,False,False,True,,False,False,False,False,False,False,1,0,0,0,0,False,False,169.0,132.0,Deep Backward Point
1629422,23,3.57,6,0,0,82,1,6,76074,,39423,County Championship Division Two 2026,1,41,Kent Men,38,Middlesex Men,8701490,2026-08-20T11:30:43Z,4,137,False,,,,2683,Tom Helm,137,Sam Northeast,128,Zak Crawley,Right,0,0,0,0,,LengthBall,OutsideOff,Caught,Missed,FrontFoot,ForwardDefensive,AwaySwinger,Over,FastSeam,Right,Null,NotReferred,Null,False,False,False,False,False,True,1890.0,False,False,False,False,False,False,0,0,0,0,0,False,False,,,Wicketkeeper
1629422,23,3.57,6,0,0,82,1,6,76074,,39423,County Championship Division Two 2026,1,41,Kent Men,38,Middlesex Men,8701496,2026-08-20T11:31:28Z,5,138,False,,,,2683,Tom Helm,137,Sam Northeast,128,Zak Crawley,Right,4,0,4,4,,LengthBall,OutsideOff,,InsideEdge,BackFoot,Pushed,SeamIn,Over,FastSeam,Right,Null,NotReferred,Null,False,False,False,False,False,True,,False,False,False,False,False,False,4,0,0,0,0,True,False,81.0,160.0,
1629422,23,3.57,6,0,0,82,1,6,76074,,39423,County Championship Division Two 2026,1,41,Kent Men,38,Middlesex Men,8701503,2026-08-20T11:32:13Z,6,139,False,,,,2683,Tom Helm,137,Sam Northeast,128,Zak Crawley,Right,0,0,0,0,,HalfVolley,OutsideOff,,MisTimed,FrontFoot,Drive,NoMovement,Over,FastSeam,Right,Null,NotReferred,Null,False,False,False,False,False,True,,False,False,False,False,False,False,0,0,0,0,0,False,False,269.0,37.0,Bowler
1629427,24,3.62,5,0,0,87,1,5,76074,,39423,County Championship Division Two 2026,1,41,Kent Men,38,Middlesex Men,8701515,2026-08-20T11:33:26Z,1,140,False,,,,1739,Toby Roland-Jones,128,Zak Crawley,137,Sam Northeast,Right,4,0,4,4,,HalfVolley,OffStump,,Middled,FrontFoot,Drive,NoMovement,Over,Medium,Right,Null,NotReferred,Null,False,False,False,False,False,True,,False,False,False,False,False,False,4,0,0,0,0,True,False,264.0,180.0,
1629427,24,3.62,5,0,0,87,1,5,76074,,39423,County Championship Division Two 2026,1,41,Kent Men,38,Middlesex Men,8701524,2026-08-20T11:34:13Z,2,141,False,,,,1739,Toby Roland-Jones,128,Zak Crawley,137,Sam Northeast,Right,0,0,0,0,,LengthBall,OutsideOff,,None,FrontFoot,ForwardDefensive,NoMovement,Over,Medium,Right,Null,NotReferred,Null,False,False,False,False,False,True,,False,False,False,False,False,False,0,0,0,0,0,False,False,271.0,44.0,Bowler
1629427,24,3.62,5,0,0,87,1,5,76074,,39423,County Championship Division Two 2026,1,41,Kent Men,38,Middlesex Men,8701528,2026-08-20T11:34:48Z,3,142,False,,,,1739,Toby Roland-Jones,128,Zak Crawley,137,Sam Northeast,Right,0,0,0,0,,LengthBall,OutsideOff,,InsideEdge,FrontFoot,ForwardDefensive,NoMovement,Over,Medium,Right,Null,NotReferred,Null,False,False,False,False,False,True,,False,False,False,False,False,False,0,0,0,0,0,False,False,336.0,47.0,Square Leg
1629427,24,3.62,5,0,0,87,1,5,76074,,39423,County Championship Division Two 2026,1,41,Kent Men,38,Middlesex Men,8701535,2026-08-20T11:35:24Z,4,143,False,,,,1739,Toby Roland-Jones,128,Zak Crawley,137,Sam Northeast,Right,1,0,1,1,,LengthBall,OffStump,,Gloved,FrontFoot,ForwardDefensive,NoMovement,Over,Medium,Right,Null,NotReferred,Null,False,False,False,False,False,True,,False,False,False,False,False,False,1,0,0,0,0,False,False,350.0,46.0,Square Leg
1629427,24,3.62,5,0,0,87,1,5,76074,,39423,County Championship Division Two 2026,1,41,Kent Men,38,Middlesex Men,8701538,2026-08-20T11:36:05Z,5,144,False,,,,1739,Toby Roland-Jones,137,Sam Northeast,128,Zak Crawley,Right,0,0,0,0,,LengthBall,OutsideOff,,Missed,DownTheTrack,ForwardDefensive,SeamAway,Over,Medium,Right,Null,NotReferred,Null,False,False,False,False,False,True,,False,False,False,False,False,False,0,0,0,0,0,False,False,,,Wicketkeeper
1629427,24,3.62,5,0,0,87,1,5,76074,,39423,County Championship Division Two 2026,1,41,Kent Men,38,Middlesex Men,8701542,2026-08-20T11:36:40Z,6,145,False,,,,1739,Toby Roland-Jones,137,Sam Northeast,128,Zak Crawley,Right,0,0,0,0,,LengthBall,OutsideOff,,None,DownTheTrack,ForwardDefensive,SeamIn,Over,Medium,Right,Null,NotReferred,Null,False,False,False,False,False,True,,False,False,False,False,False,False,0,0,0,0,0,False,False,,,Bowler
1629433,25,3.88,10,0,0,97,1,10,76074,,39423,County Championship Division Two 2026,1,41,Kent Men,38,Middlesex Men,8701548,2026-08-20T11:37:22Z,1,146,False,,,,2683,Tom Helm,128,Zak Crawley,137,Sam Northeast,Right,2,0,2,2,,HalfVolley,OutsideOff,,MisTimed,FrontFoot,Drive,NoMovement,Over,FastSeam,Right,Null,NotReferred,Null,False,False,False,False,False,True,,False,False,False,False,False,False,2,0,0,0,0,False,False,307.0,137.0,Deep Mid Wicket
1629433,25,3.88,10,0,0,97,1,10,76074,,39423,County Championship Division Two 2026,1,41,Kent Men,38,Middlesex Men,8701553,2026-08-20T11:38:00Z,2,147,False,,,,2683,Tom Helm,128,Zak Crawley,137,Sam Northeast,Right,4,0,4,4,,LengthBall,OutsideOff,,Middled,FrontFoot,Pull,NoMovement,Over,FastSeam,Right,Null,NotReferred,Null,False,False,False,False,False,True,,False,False,False,False,False,False,4,0,0,0,0,True,False,335.0,174.0,
1629433,25,3.88,10,0,0,97,1,10,76074,,39423,County Championship Division Two 2026,1,41,Kent Men,38,Middlesex Men,8701560,2026-08-20T11:38:45Z,3,148,False,,,,2683,Tom Helm,128,Zak Crawley,137,Sam Northeast,Right,0,0,0,0,,LengthBall,Wide,,Left,NoMovement,Leave,NoMovement,Over,FastSeam,Right,Null,NotReferred,Null,False,False,False,False,False,True,,False,False,False,False,False,False,0,0,0,0,0,False,False,,,Wicketkeeper
1629433,25,3.88,10,0,0,97,1,10,76074,,39423,County Championship Division Two 2026,1,41,Kent Men,38,Middlesex Men,8701567,2026-08-20T11:39:20Z,4,149,False,,,,2683,Tom Helm,128,Zak Crawley,137,Sam Northeast,Right,4,0,4,4,,HalfVolley,OutsideOff,,WellTimed,FrontFoot,Drive,NoMovement,Over,FastSeam,Right,Null,NotReferred,Null,False,False,False,False,False,True,,False,False,False,False,False,False,4,0,0,0,0,True,False,204.0,174.0,
1629433,25,3.88,10,0,0,97,1,10,76074,,39423,County Championship Division Two 2026,1,41,Kent Men,38,Middlesex Men,8701572,2026-08-20T11:39:59Z,5,150,False,,,,2683,Tom Helm,128,Zak Crawley,137,Sam Northeast,Right,0,0,0,0,,LengthBall,OutsideOff,,None,BackFoot,Pushed,NoMovement,Over,FastSeam,Right,Null,NotReferred,Null,False,False,False,False,False,True,,False,False,False,False,False,False,0,0,0,0,0,False,False,206.0,50.0,Cover
1629433,25,3.88,10,0,0,97,1,10,76074,,39423,County Championship Division Two 2026,1,41,Kent Men,38,Middlesex Men,8701581,2026-08-20T11:40:33Z,6,151,False,,,,2683,Tom Helm,128,Zak Crawley,137,Sam Northeast,Right,0,0,0,0,,LengthBall,Wide,,Left,NoMovement,Leave,NoMovement,Over,FastSeam,Right,Null,NotReferred,Null,False,False,False,False,False,True,,False,False,False,False,False,False,0,0,0,0,0,False,False,,,Wicketkeeper
1629440,26,3.88,4,0,0,101,1,4,76074,,39423,County Championship Division Two 2026,1,41,Kent Men,38,Middlesex Men,8701592,2026-08-20T11:41:24Z,1,152,False,,,,1739,Toby Roland-Jones,137,Sam Northeast,128,Zak Crawley,Right,0,0,0,0,,HalfVolley,LegStump,Lbw,HitPad,FrontFoot,Flick,NoMovement,Over,Medium,Right,Null,NotReferred,Null,False,False,False,False,False,True,1808.0,False,False,False,False,False,False,0,0,0,0,0,False,False,248.0,25.0,Mid Off
1629440,26,3.88,4,0,0,101,1,4,76074,,39423,County Championship Division Two 2026,1,41,Kent Men,38,Middlesex Men,8701597,2026-08-20T11:42:02Z,2,153,False,,,,1739,Toby Roland-Jones,137,Sam Northeast,128,Zak Crawley,Right,0,0,0,0,,LengthBall,OutsideOff,,InsideEdge,FrontFoot,Pushed,SeamIn,Over,Medium,Right,Null,NotReferred,Null,False,False,False,False,False,True,,False,False,False,False,False,False,0,0,0,0,0,False,False,122.0,12.0,Wicketkeeper
1629440,26,3.88,4,0,0,101,1,4,76074,,39423,County Championship Division Two 2026,1,41,Kent Men,38,Middlesex Men,8701602,2026-08-20T11:42:40Z,3,154,False,,,,1739,Toby Roland-Jones,137,Sam Northeast,128,Zak Crawley,Right,4,0,4,4,,HalfVolley,OffStump,,Middled,FrontFoot,Drive,NoMovement,Over,Medium,Right,Null,NotReferred,Null,False,False,False,False,False,True,,False,False,False,False,False,False,4,0,0,0,0,True,False,268.0,180.0,
1629440,26,3.88,4,0,0,101,1,4,76074,,39423,County Championship Division Two 2026,1,41,Kent Men,38,Middlesex Men,8701608,2026-08-20T11:43:18Z,4,155,False,,,,1739,Toby Roland-Jones,137,Sam Northeast,128,Zak Crawley,Right,0,0,0,0,,BackOfALength,OutsideOff,,None,BackFoot,Drive,NoMovement,Over,Medium,Right,Null,NotReferred,Null,False,False,False,False,False,True,,False,False,False,False,False,False,0,0,0,0,0,False,False,217.0,50.0,Extra Cover
1629440,26,3.88,4,0,0,101,1,4,76074,,39423,County Championship Division Two 2026,1,41,Kent Men,38,Middlesex Men,8701613,2026-08-20T11:43:51Z,5,156,False,,,,1739,Toby Roland-Jones,137,Sam Northeast,128,Zak Crawley,Right,0,0,0,0,,LengthBall,OutsideOff,,None,BackFoot,BackwardDefensive,NoMovement,Over,Medium,Right,Null,NotReferred,Null,False,False,False,False,False,True,,False,False,False,False,False,False,0,0,0,0,0,False,False,215.0,41.0,Extra Cover
1629440,26,3.88,4,0,0,101,1,4,76074,,39423,County Championship Division Two 2026,1,41,Kent Men,38,Middlesex Men,8701619,2026-08-20T11:44:24Z,6,157,False,,,,1739,Toby Roland-Jones,137,Sam Northeast,128,Zak Crawley,Right,0,0,0,0,,LengthBall,OffStump,,None,FrontFoot,Dropped,NoMovement,Over,Medium,Right,Null,NotReferred,Null,False,False,False,False,False,True,,False,False,False,False,False,False,0,0,0,0,0,False,False,347.0,57.0,Square Leg
1629446,27,3.78,1,0,0,102,1,1,76074,,39423,County Championship Division Two 2026,1,41,Kent Men,38,Middlesex Men,8701627,2026-08-20T11:45:16Z,1,158,False,,,,2683,Tom Helm,128,Zak Crawley,137,Sam Northeast,Right,1,0,1,1,,LengthBall,OffStump,,None,FrontFoot,Pushed,NoMovement,Over,FastSeam,Right,Null,NotReferred,Null,False,False,False,False,False,True,,False,False,False,False,False,False,1,0,0,0,0,False,False,296.0,68.0,Mid On
1629446,27,3.78,1,0,0,102,1,1,76074,,39423,County Championship Division Two 2026,1,41,Kent Men,38,Middlesex Men,8701633,2026-08-20T11:45:51Z,2,159,False,,,,2683,Tom Helm,137,Sam Northeast,128,Zak Crawley,Right,0,0,0,0,,LengthBall,OutsideOff,,ShouldersArms,NoMovement,ShouldersArms,NoMovement,Over,FastSeam,Right,Null,NotReferred,Null,False,False,False,False,False,True,,False,False,False,False,False,False,0,0,0,0,0,False,False,,,Wicketkeeper
1629446,27,3.78,1,0,0,102,1,1,76074,,39423,County Championship Division Two 2026,1,41,Kent Men,38,Middlesex Men,8701638,2026-08-20T11:46:27Z,3,160,False,,,,2683,Tom Helm,137,Sam Northeast,128,Zak Crawley,Right,0,0,0,0,,LengthBall,OffStump,,None,FrontFoot,Worked,NoMovement,Over,FastSeam,Right,Null,NotReferred,Null,False,False,False,False,False,True,,False,False,False,False,False,False,0,0,0,0,0,False,False,342.0,69.0,Square Leg
1629446,27,3.78,1,0,0,102,1,1,76074,,39423,County Championship Division Two 2026,1,41,Kent Men,38,Middlesex Men,8701642,2026-08-20T11:47:02Z,4,161,False,,,,2683,Tom Helm,137,Sam Northeast,128,Zak Crawley,Right,0,0,0,0,,LengthBall,OutsideOff,,None,FrontFoot,ForwardDefensive,NoMovement,Over,FastSeam,Right,Null,NotReferred,Null,False,False,False,False,False,True,,False,False,False,False,False,False,0,0,0,0,0,False,False,271.0,34.0,Bowler
1629446,27,3.78,1,0,0,102,1,1,76074,,39423,County Championship Division Two 2026,1,41,Kent Men,38,Middlesex Men,8701649,2026-08-20T11:47:33Z,5,162,False,,,,2683,Tom Helm,137,Sam Northeast,128,Zak Crawley,Right,0,0,0,0,,LengthBall,OutsideOff,,ShouldersArms,NoMovement,ShouldersArms,NoMovement,Over,FastSeam,Right,Null,NotReferred,Null,False,False,False,False,False,True,,False,False,False,False,False,False,0,0,0,0,0,False,False,,,Wicketkeeper
1629446,27,3.78,1,0,0,102,1,1,76074,,39423,County Championship Division Two 2026,1,41,Kent Men,38,Middlesex Men,8701656,2026-08-20T11:48:07Z,6,163,False,,,,2683,Tom Helm,137,Sam Northeast,128,Zak Crawley,Right,0,0,0,0,,LengthBall,OffStump,,None,FrontFoot,ForwardDefensive,NoMovement,Over,FastSeam,Right,Null,NotReferred,Null,False,False,False,False,False,True,,False,False,False,False,False,False,0,0,0,0,0,False,False,226.0,39.0,Extra Cover
1629452,28,3.79,4,0,0,106,1,4,76074,,39423,County Championship Division Two 2026,1,41,Kent Men,38,Middlesex Men,8701659,2026-08-20T11:48:55Z,1,164,False,,,,1739,Toby Roland-Jones,128,Zak Crawley,137,Sam Northeast,Right,0,0,0,0,,LengthBall,OutsideOff,,Missed,FrontFoot,ForwardDefensive,SeamAway,Over,Medium,Right,Null,NotReferred,Null,False,False,False,False,False,True,,False,False,False,False,False,False,0,0,0,0,0,False,False,,,Wicketkeeper
1629452,28,3.79,4,0,0,106,1,4,76074,,39423,County Championship Division Two 2026,1,41,Kent Men,38,Middlesex Men,8701665,2026-08-20T11:49:28Z,2,165,False,,,,1739,Toby Roland-Jones,128,Zak Crawley,137,Sam Northeast,Right,0,0,0,0,,LengthBall,OffStump,,HitPad,FrontFoot,Worked,NoMovement,Over,Medium,Right,Null,NotReferred,Null,False,False,False,False,False,True,,False,False,False,False,False,False,0,0,0,0,0,False,False,,,Bowler
1629452,28,3.79,4,0,0,106,1,4,76074,,39423,County Championship Division Two 2026,1,41,Kent Men,38,Middlesex Men,8701670,2026-08-20T11:50:06Z,3,166,False,,,,1739,Toby Roland-Jones,128,Zak Crawley,137,Sam Northeast,Right,4,0,4,4,,LengthBall,MiddleStump,,None,FrontFoot,Glance,NoMovement,Over,Medium,Right,Null,NotReferred,Null,False,False,False,False,False,True,,False,False,False,False,False,False,4,0,0,0,0,True,False,78.0,160.0,
1629452,28,3.79,4,0,0,106,1,4,76074,,39423,County Championship Division Two 2026,1,41,Kent Men,38,Middlesex Men,8701674,2026-08-20T11:50:47Z,4,167,False,,,,1739,Toby Roland-Jones,128,Zak Crawley,137,Sam Northeast,Right,0,0,0,0,,LengthBall,OutsideOff,,ShouldersArms,NoMovement,ShouldersArms,NoMovement,Over,Medium,Right,Null,NotReferred,Null,False,False,False,False,False,True,,False,False,False,False,False,False,0,0,0,0,0,False,False,,,Wicketkeeper
1629452,28,3.79,4,0,0,106,1,4,76074,,39423,County Championship Division Two 2026,1,41,Kent Men,38,Middlesex Men,8701681,2026-08-20T11:51:21Z,5,168,False,,,,1739,Toby Roland-Jones,128,Zak Crawley,137,Sam Northeast,Right,0,0,0,0,,LengthBall,OutsideOff,,Missed,NoMovement,ForwardDefensive,SeamAway,Over,Medium,Right,Null,NotReferred,Null,False,False,False,False,False,True,,False,False,False,False,False,False,0,0,0,0,0,False,False,,,Wicketkeeper
1629452,28,3.79,4,0,0,106,1,4,76074,,39423,County Championship Division Two 2026,1,41,Kent Men,38,Middlesex Men,8701687,2026-08-20T11:51:58Z,6,169,False,,,,1739,Toby Roland-Jones,128,Zak Crawley,137,Sam Northeast,Right,0,0,0,0,,HalfVolley,OutsideOff,,Missed,FrontFoot,ForwardDefensive,AwaySwinger,Over,Medium,Right,Null,NotReferred,Null,False,False,False,False,False,True,,False,False,False,False,False,False,0,0,0,0,0,False,False,,,Wicketkeeper
1629457,29,3.97,9,0,0,115,1,9,76074,,39423,County Championship Division Two 2026,1,41,Kent Men,38,Middlesex Men,8701692,2026-08-20T11:52:46Z,1,170,False,,,,2683,Tom Helm,137,Sam Northeast,128,Zak Crawley,Right,0,0,0,0,,LengthBall,OutsideOff,,None,FrontFoot,Pushed,NoMovement,Over,FastSeam,Right,Null,NotReferred,Null,False,False,False,False,False,True,,False,False,False,False,False,False,0,0,0,0,0,False,False,207.0,50.0,Cover
1629457,29,3.97,9,0,0,115,1,9,76074,,39423,County Championship Division Two 2026,1,41,Kent Men,38,Middlesex Men,8701699,2026-08-20T11:53:23Z,2,171,False,,,,2683,Tom Helm,137,Sam Northeast,128,Zak Crawley,Right,0,0,0,0,,LengthBall,OutsideOff,,Missed,FrontFoot,ForwardDefensive,SeamAway,Over,FastSeam,Right,Null,NotReferred,Null,False,False,False,False,False,True,,False,False,False,False,False,False,0,0,0,0,0,False,False,,,Wicketkeeper
1629457,29,3.97,9,0,0,115,1,9,76074,,39423,County Championship Division Two 2026,1,41,Kent Men,38,Middlesex Men,8701706,2026-08-20T11:53:57Z,3,172,False,,,,2683,Tom Helm,137,Sam Northeast,128,Zak Crawley,Right,0,0,0,0,,LengthBall,OffStump,,None,BackFoot,Dropped,NoMovement,Over,FastSeam,Right,Null,NotReferred,Null,False,False,False,False,False,True,,False,False,False,False,False,False,0,0,0,0,0,False,False,304.0,32.0,Bowler
1629457,29,3.97,9,0,0,115,1,9,76074,,39423,County Championship Division Two 2026,1,41,Kent Men,38,Middlesex Men,8701714,2026-08-20T11:54:37Z,4,173,False,,,,2683,Tom Helm,137,Sam Northeast,128,Zak Crawley,Right,3,0,3,3,,LengthBall,OutsideOff,,ThickEdge,FrontFoot,ForwardDefensive,NoMovement,Over,FastSeam,Right,Null,NotReferred,Null,False,False,False,False,False,True,,False,False,False,False,False,False,3,0,0,0,0,False,False,132.0,146.0,Third Man
1629457,29,3.97,9,0,0,115,1,9,76074,,39423,County Championship Division Two 2026,1,41,Kent Men,38,Middlesex Men,8701720,2026-08-20T11:55:23Z,5,174,False,,,,2683,Tom Helm,128,Zak Crawley,137,Sam Northeast,Right,6,2,6,4,,HalfVolley,MiddleStump,,WellTimed,FrontFoot,Flick,NoMovement,Over,FastSeam,Right,Null,NotReferred,1,False,True,False,False,False,True,,False,False,False,False,False,False,6,0,0,0,2,True,False,354.0,171.0,
1629457,29,3.97,9,0,0,115,1,9,76074,,39423,County Championship Division Two 2026,1,41,Kent Men,38,Middlesex Men,8701726,2026-08-20T11:56:11Z,5,175,False,,,,2683,Tom Helm,128,Zak Crawley,137,Sam Northeast,Right,0,0,0,0,,LengthBall,Wide,,Missed,BackFoot,Cut,NoMovement,Over,FastSeam,Right,Null,NotReferred,Null,False,False,False,False,False,True,,False,False,False,False,False,False,0,0,0,0,0,False,False,,,Wicketkeeper
1629457,29,3.97,9,0,0,115,1,9,76074,,39423,County Championship Division Two 2026,1,41,Kent Men,38,Middlesex Men,8701732,2026-08-20T11:56:46Z,6,176,False,,,,2683,Tom Helm,128,Zak Crawley,137,Sam Northeast,Right,0,0,0,0,,LengthBall,OutsideOff,,Left,NoMovement,Leave,AwaySwinger,Over,FastSeam,Right,Null,NotReferred,Null,False,False,False,False,False,True,,False,False,False,False,False,False,0,0,0,0,0,False,False,,,Wicketkeeper
1629466,30,3.9,2,0,0,117,1,2,76074,,39423,County Championship Division Two 2026,1,41,Kent Men,38,Middlesex Men,8701739,2026-08-20T11:57:37Z,1,177,False,,,,1739,Toby Roland-Jones,137,Sam Northeast,128,Zak Crawley,Right,0,0,0,0,,HalfVolley,OutsideOff,,Missed,FrontFoot,Drive,AwaySwinger,Over,Medium,Right,Null,NotReferred,Null,False,False,False,False,False,True,,False,False,False,False,False,False,0,0,0,0,0,False,False,,,Wicketkeeper
1629466,30,3.9,2,0,0,117,1,2,76074,,39423,County Championship Division Two 2026,1,41,Kent Men,38,Middlesex Men,8701746,2026-08-20T11:58:11Z,2,178,False,,,,1739,Toby Roland-Jones,137,Sam Northeast,128,Zak Crawley,Right,0,0,0,0,,LengthBall,OffStump,Lbw,HitPad,FrontFoot,ForwardDefensive,SeamIn,Over,Medium,Right,Null,NotReferred,Null,False,False,False,False,False,True,1808.0,False,False,False,False,False,False,0,0,0,0,0,False,False,,,Wicketkeeper
1629466,30,3.9,2,0,0,117,1,2,76074,,39423,County Championship Division Two 2026,1,41,Kent Men,38,Middlesex Men,8701753,2026-08-20T11:59:00Z,3,179,False,,,,1739,Toby Roland-Jones,137,Sam Northeast,128,Zak Crawley,Right,0,0,0,0,,LengthBall,OffStump,,HitPad,BackFoot,Worked,SeamIn,Over,Medium,Right,Null,NotReferred,Null,False,False,False,False,False,True,,False,False,False,False,False,False,0,0,0,0,0,False,False,291.0,31.0,Mid On
1629466,30,3.9,2,0,0,117,1,2,76074,,39423,County Championship Division Two 2026,1,41,Kent Men,38,Middlesex Men,8701760,2026-08-20T11:59:36Z,4,180,False,,,,1739,Toby Roland-Jones,137,Sam Northeast,128,Zak Crawley,Right,2,0,2,2,,HalfVolley,MiddleStump,,WellTimed,FrontFoot,Flick,NoMovement,Over,Medium,Right,Null,NotReferred,Null,False,False,False,False,False,True,,False,False,False,False,False,False,2,0,0,0,0,False,False,23.0,137.0,Deep Backward Square Leg
1629466,30,3.9,2,0,0,117,1,2,76074,,39423,County Championship Division Two 2026,1,41,Kent Men,38,Middlesex Men,8701763,2026-08-20T12:00:14Z,5,181,False,,,,1739,Toby Roland-Jones,137,Sam Northeast,128,Zak Crawley,Right,0,0,0,0,,LengthBall,OutsideOff,,Missed,DownTheTrack,ForwardDefensive,AwaySwinger,Over,Medium,Right,Null,NotReferred,Null,False,False,False,False,False,True,,False,False,False,False,False,False,0,0,0,0,0,False,False,,,Wicketkeeper
1629466,30,3.9,2,0,0,117,1,2,76074,,39423,County Championship Division Two 2026,1,41,Kent Men,38,Middlesex Men,8701770,2026-08-20T12:00:48Z,6,182,False,,,,1739,Toby Roland-Jones,137,Sam Northeast,128,Zak Crawley,Right,0,0,0,0,,HalfVolley,OutsideOff,,None,FrontFoot,Drive,NoMovement,Over,Medium,Right,Null,NotReferred,Null,False,False,False,False,False,True,,False,False,False,False,False,False,0,0,0,0,0,False,False,204.0,60.0,Cover
1629478,31,4.0,7,0,0,124,1,7,76074,,39423,County Championship Division Two 2026,1,41,Kent Men,38,Middlesex Men,8701820,2026-08-20T12:40:03Z,1,183,False,,,,39,Ryan Higgins,128,Zak Crawley,137,Sam Northeast,Right,0,2,2,0,,LengthBall,OutsideOff,,Missed,FrontFoot,Drive,NoMovement,Over,Medium,Right,Null,NotReferred,Null,False,False,True,False,False,True,,False,False,False,False,False,False,2,2,0,0,0,False,False,,,Wicketkeeper
1629478,31,4.0,7,0,0,124,1,7,76074,,39423,County Championship Division Two 2026,1,41,Kent Men,38,Middlesex Men,8701821,2026-08-20T12:40:40Z,2,184,False,,,,39,Ryan Higgins,128,Zak Crawley,137,Sam Northeast,Right,1,0,1,1,,Short,OutsideOff,,WellTimed,BackFoot,Cut,NoMovement,Over,Medium,Right,Null,NotReferred,Null,False,False,False,False,False,True,,False,False,False,False,False,False,1,0,0,0,0,False,False,173.0,133.0,Deep Backward Point
1629478,31,4.0,7,0,0,124,1,7,76074,,39423,County Championship Division Two 2026,1,41,Kent Men,38,Middlesex Men,8701823,2026-08-20T12:41:15Z,3,185,False,,,,39,Ryan Higgins,137,Sam Northeast,128,Zak Crawley,Right,0,4,4,0,,LengthBall,LegStump,,PlayAndMissLegSide,FrontFoot,Glance,NoMovement,Over,Medium,Right,Null,NotReferred,Null,False,False,True,False,False,True,,False,False,False,False,False,False,4,4,0,0,0,False,False,,,
1629478,31,4.0,7,0,0,124,1,7,76074,,39423,County Championship Division Two 2026,1,41,Kent Men,38,Middlesex Men,8701827,2026-08-20T12:42:09Z,4,186,False,,,,39,Ryan Higgins,137,Sam Northeast,128,Zak Crawley,Right,0,0,0,0,,LengthBall,OutsideOff,,None,FrontFoot,ForwardDefensive,NoMovement,Over,Medium,Right,Null,NotReferred,Null,False,False,False,False,False,True,,False,False,False,False,False,False,0,0,0,0,0,False,False,251.0,33.0,Bowler
1629478,31,4.0,7,0,0,124,1,7,76074,,39423,County Championship Division Two 2026,1,41,Kent Men,38,Middlesex Men,8701829,2026-08-20T12:42:41Z,5,187,False,,,,39,Ryan Higgins,137,Sam Northeast,128,Zak Crawley,Right,0,0,0,0,,LengthBall,OutsideOff,,None,BackFoot,BackwardDefensive,NoMovement,Over,Medium,Right,Null,NotReferred,Null,False,False,False,False,False,True,,False,False,False,False,False,False,0,0,0,0,0,False,False,171.0,9.0,Wicketkeeper
1629478,31,4.0,7,0,0,124,1,7,76074,,39423,County Championship Division Two 2026,1,41,Kent Men,38,Middlesex Men,8701831,2026-08-20T12:43:09Z,6,188,False,,,,39,Ryan Higgins,137,Sam Northeast,128,Zak Crawley,Right,0,0,0,0,,LengthBall,OffStump,,MisTimed,FrontFoot,Worked,NoMovement,Over,Medium,Right,Null,NotReferred,Null,False,False,False,False,False,True,,False,False,False,False,False,False,0,0,0,0,0,False,False,274.0,32.0,Wicketkeeper
1629481,32,3.94,2,0,0,126,1,2,76074,,39423,County Championship Division Two 2026,1,41,Kent Men,38,Middlesex Men,8701836,2026-08-20T12:44:03Z,1,189,False,,,,2625,Eathan Bosch,128,Zak Crawley,137,Sam Northeast,Right,1,0,1,1,,HalfVolley,OutsideOff,,None,FrontFoot,ForwardDefensive,NoMovement,Over,Medium,Right,Null,NotReferred,Null,False,False,False,False,False,True,,False,False,False,False,False,False,1,0,0,0,0,False,False,177.0,78.0,Backward Point
1629481,32,3.94,2,0,0,126,1,2,76074,,39423,County Championship Division Two 2026,1,41,Kent Men,38,Middlesex Men,8701840,2026-08-20T12:44:38Z,2,190,False,,,,2625,Eathan Bosch,137,Sam Northeast,128,Zak Crawley,Right,0,0,0,0,,LengthBall,OutsideOff,,Missed,DownTheTrack,ForwardDefensive,SeamAway,Over,Medium,Right,Null,NotReferred,Null,False,False,False,False,False,True,,False,False,False,False,False,False,0,0,0,0,0,False,False,,,Wicketkeeper
1629481,32,3.94,2,0,0,126,1,2,76074,,39423,County Championship Division Two 2026,1,41,Kent Men,38,Middlesex Men,8701843,2026-08-20T12:45:13Z,3,191,False,,,,2625,Eathan Bosch,137,Sam Northeast,128,Zak Crawley,Right,0,0,0,0,,LengthBall,OutsideOff,,None,BackFoot,Dropped,NoMovement,Over,Medium,Right,Null,NotReferred,Null,False,False,False,False,False,True,,False,False,False,False,False,False,0,0,0,0,0,False,False,212.0,41.0,Extra Cover
1629481,32,3.94,2,0,0,126,1,2,76074,,39423,County Championship Division Two 2026,1,41,Kent Men,38,Middlesex Men,8701847,2026-08-20T12:45:47Z,4,192,False,,,,2625,Eathan Bosch,137,Sam Northeast,128,Zak Crawley,Right,0,0,0,0,,HalfVolley,OutsideOff,,None,FrontFoot,Drive,NoMovement,Over,Medium,Right,Null,NotReferred,Null,False,False,False,False,False,True,,False,False,False,False,False,False,0,0,0,0,0,False,False,215.0,55.0,Extra Cover
1629481,32,3.94,2,0,0,126,1,2,76074,,39423,County Championship Division Two 2026,1,41,Kent Men,38,Middlesex Men,8701851,2026-08-20T12:46:20Z,5,193,False,,,,2625,Eathan Bosch,137,Sam Northeast,128,Zak Crawley,Right,1,0,1,1,,HalfVolley,MiddleStump,,None,FrontFoot,Pushed,NoMovement,Over,Medium,Right,Null,NotReferred,Null,False,False,False,False,False,True,,False,False,False,False,False,False,1,0,0,0,0,False,False,284.0,68.0,Mid On
1629481,32,3.94,2,0,0,126,1,2,76074,,39423,County Championship Division Two 2026,1,41,Kent Men,38,Middlesex Men,8701852,2026-08-20T12:47:01Z,6,194,False,,,,2625,Eathan Bosch,128,Zak Crawley,137,Sam Northeast,Right,0,0,0,0,,LengthBall,OutsideOff,,None,FrontFoot,ForwardDefensive,NoMovement,Over,Medium,Right,Null,NotReferred,Null,False,False,False,False,False,True,,False,False,False,False,False,False,0,0,0,0,0,False,False,252.0,45.0,Mid Off
1629485,33,3.88,2,0,0,128,1,2,76074,,39423,County Championship Division Two 2026,1,41,Kent Men,38,Middlesex Men,8701856,2026-08-20T12:47:49Z,1,195,False,,,,39,Ryan Higgins,137,Sam Northeast,128,Zak Crawley,Right,0,0,0,0,,LengthBall,OffStump,,MisTimed,FrontFoot,Flick,NoMovement,Over,Medium,Right,Null,NotReferred,Null,False,False,False,False,False,True,,False,False,False,False,False,False,0,0,0,0,0,False,False,340.0,71.0,Square Leg
1629485,33,3.88,2,0,0,128,1,2,76074,,39423,County Championship Division Two 2026,1,41,Kent Men,38,Middlesex Men,8701861,2026-08-20T12:48:18Z,2,196,False,,,,39,Ryan Higgins,137,Sam Northeast,128,Zak Crawley,Right,0,0,0,0,,LengthBall,OffStump,,None,FrontFoot,Flick,NoMovement,Over,Medium,Right,Null,NotReferred,Null,False,False,False,False,False,True,,False,False,False,False,False,False,0,0,0,0,0,False,False,339.0,77.0,Square Leg
1629485,33,3.88,2,0,0,128,1,2,76074,,39423,County Championship Division Two 2026,1,41,Kent Men,38,Middlesex Men,8701865,2026-08-20T12:48:49Z,3,197,False,,,,39,Ryan Higgins,137,Sam Northeast,128,Zak Crawley,Right,1,0,1,1,,HalfVolley,MiddleStump,,WellTimed,FrontFoot,Flick,NoMovement,Over,Medium,Right,Null,NotReferred,Null,False,False,False,False,False,True,,False,False,False,False,False,False,1,0,0,0,0,False,False,58.0,116.0,Fine Leg
1629485,33,3.88,2,0,0,128,1,2,76074,,39423,County Championship Division Two 2026,1,41,Kent Men,38,Middlesex Men,8701872,2026-08-20T12:49:27Z,4,198,False,,,,39,Ryan Higgins,128,Zak Crawley,137,Sam Northeast,Right,0,0,0,0,,LengthBall,OutsideOff,,InsideEdge,FrontFoot,ForwardDefensive,NoMovement,Over,Medium,Right,Null,NotReferred,Null,False,False,False,False,False,True,,False,False,False,False,False,False,0,0,0,0,0,False,False,72.0,0.0,Wicketkeeper
1629485,33,3.88,2,0,0,128,1,2,76074,,39423,County Championship Division Two 2026,1,41,Kent Men,38,Middlesex Men,8701875,2026-08-20T12:50:03Z,5,199,False,,,,39,Ryan Higgins,128,Zak Crawley,137,Sam Northeast,Right,1,0,1,1,,HalfVolley,OutsideOff,,WellTimed,FrontFoot,Drive,NoMovement,Over,Medium,Right,Null,NotReferred,Null,False,False,False,False,False,True,,False,False,False,False,False,False,1,0,0,0,0,False,False,197.0,125.0,Deep Cover
1629485,33,3.88,2,0,0,128,1,2,76074,,39423,County Championship Division Two 2026,1,41,Kent Men,38,Middlesex Men,8701878,2026-08-20T12:50:42Z,6,200,False,,,,39,Ryan Higgins,137,Sam Northeast,128,Zak Crawley,Right,0,0,0,0,,LengthBall,OutsideOff,,Left,NoMovement,Leave,NoMovement,Over,Medium,Right,Null,NotReferred,Null,False,False,False,False,False,True,,False,False,False,False,False,False,0,0,0,0,0,False,False,,,Wicketkeeper
1629489,34,4.12,12,0,0,140,1,12,76074,,39423,County Championship Division Two 2026,1,41,Kent Men,38,Middlesex Men,8701884,2026-08-20T12:51:28Z,1,201,False,,,,2625,Eathan Bosch,128,Zak Crawley,137,Sam Northeast,Right,2,0,2,2,,HalfVolley,OutsideOff,,WellTimed,FrontFoot,Drive,NoMovement,Over,Medium,Right,Null,NotReferred,Null,False,False,False,False,False,True,,False,False,False,False,False,False,2,0,0,0,0,False,False,213.0,141.0,Extra Cover
1629489,34,4.12,12,0,0,140,1,12,76074,,39423,County Championship Division Two 2026,1,41,Kent Men,38,Middlesex Men,8701887,2026-08-20T12:52:04Z,2,202,False,,,,2625,Eathan Bosch,128,Zak Crawley,137,Sam Northeast,Right,0,0,0,0,,LengthBall,LegStump,,PlayAndMissLegSide,FrontFoot,Glance,NoMovement,Over,Medium,Right,Null,NotReferred,Null,False,False,False,False,False,True,,False,False,False,False,False,False,0,0,0,0,0,False,False,,,Wicketkeeper
1629489,34,4.12,12,0,0,140,1,12,76074,,39423,County Championship Division Two 2026,1,41,Kent Men,38,Middlesex Men,8701890,2026-08-20T12:52:41Z,3,203,False,,,,2625,Eathan Bosch,128,Zak Crawley,137,Sam Northeast,Right,4,0,4,4,,HalfVolley,OutsideOff,,Middled,FrontFoot,Drive,NoMovement,Over,Medium,Right,Null,NotReferred,Null,False,False,False,False,False,True,,False,False,False,False,False,False,4,0,0,0,0,True,False,223.0,177.0,
1629489,34,4.12,12,0,0,140,1,12,76074,,39423,County Championship Division Two 2026,1,41,Kent Men,38,Middlesex Men,8701893,2026-08-20T12:53:18Z,4,204,False,,,,2625,Eathan Bosch,128,Zak Crawley,137,Sam Northeast,Right,4,0,4,4,,HalfVolley,OutsideOff,,WellTimed,FrontFoot,Drive,NoMovement,Over,Medium,Right,Null,NotReferred,Null,False,False,False,False,False,True,,False,False,False,False,False,False,4,0,0,0,0,True,False,194.0,172.0,
1629489,34,4.12,12,0,0,140,1,12,76074,,39423,County Championship Division Two 2026,1,41,Kent Men,38,Middlesex Men,8701899,2026-08-20T12:54:09Z,5,205,False,,,,2625,Eathan Bosch,128,Zak Crawley,137,Sam Northeast,Right,1,0,1,1,,Short,OffStump,,WellTimed,BackFoot,Pull,NoMovement,Over,Medium,Right,Null,NotReferred,Null,False,False,False,False,False,True,,False,False,False,False,False,False,1,0,0,0,0,False,False,58.0,124.0,Fine Leg
1629489,34,4.12,12,0,0,140,1,12,76074,,39423,County Championship Division Two 2026,1,41,Kent Men,38,Middlesex Men,8701901,2026-08-20T12:54:47Z,6,206,False,,,,2625,Eathan Bosch,137,Sam Northeast,128,Zak Crawley,Right,1,0,1,1,,HalfVolley,Wide,,None,FrontFoot,Drive,NoMovement,Over,Medium,Right,Null,NotReferred,Null,False,False,False,False,False,True,,False,False,False,False,False,False,1,0,0,0,0,False,False,242.0,73.0,Mid Off
1629492,35,4.17,6,0,0,146,1,6,76074,,39423,County Championship Division Two 2026,1,41,Kent Men,38,Middlesex Men,8701906,2026-08-20T12:55:52Z,1,207,False,,,,39,Ryan Higgins,137,Sam Northeast,128,Zak Crawley,Right,0,0,0,0,,LengthBall,OutsideOff,,ShouldersArms,NoMovement,ShouldersArms,NoMovement,Over,Medium,Right,Null,NotReferred,Null,False,False,False,False,False,True,,False,False,False,False,False,False,0,0,0,0,0,False,False,,,Wicketkeeper
1629492,35,4.17,6,0,0,146,1,6,76074,,39423,County Championship Division Two 2026,1,41,Kent Men,38,Middlesex Men,8701911,2026-08-20T12:56:22Z,2,208,False,,,,39,Ryan Higgins,137,Sam Northeast,128,Zak Crawley,Right,3,0,3,3,,LengthBall,OutsideOff,,OutsideEdge,BackFoot,BackwardDefensive,NoMovement,Over,Medium,Right,Null,NotReferred,Null,False,False,False,False,False,True,,False,False,False,False,False,False,3,0,0,0,0,False,False,121.0,131.0,Third Man
1629492,35,4.17,6,0,0,146,1,6,76074,,39423,County Championship Division Two 2026,1,41,Kent Men,38,Middlesex Men,8701913,2026-08-20T12:57:13Z,3,209,False,,,,39,Ryan Higgins,128,Zak Crawley,137,Sam Northeast,Right,0,0,0,0,,LengthBall,OutsideOff,,None,FrontFoot,ForwardDefensive,NoMovement,Over,Medium,Right,Null,NotReferred,Null,False,False,False,False,False,True,,False,False,False,False,False,False,0,0,0,0,0,False,False,201.0,61.0,Cover
1629492,35,4.17,6,0,0,146,1,6,76074,,39423,County Championship Division Two 2026,1,41,Kent Men,38,Middlesex Men,8701916,2026-08-20T12:57:41Z,4,210,False,,,,39,Ryan Higgins,128,Zak Crawley,137,Sam Northeast,Right,0,1,1,0,,LengthBall,OffStump,,HitPad,FrontFoot,Flick,NoMovement,Over,Medium,Right,Null,NotReferred,Null,False,False,False,True,False,True,,False,False,False,False,False,False,1,0,0,1,0,False,False,351.0,61.0,Square Leg
1629492,35,4.17,6,0,0,146,1,6,76074,,39423,County Championship Division Two 2026,1,41,Kent Men,38,Middlesex Men,8701919,2026-08-20T12:58:16Z,5,211,False,,,,39,Ryan Higgins,137,Sam Northeast,128,Zak Crawley,Right,2,0,2,2,,HalfVolley,OffStump,,WellTimed,FrontFoot,Flick,NoMovement,Over,Medium,Right,Null,NotReferred,Null,False,False,False,False,False,True,,False,False,False,False,False,False,2,0,0,0,0,False,False,312.0,132.0,Mid On
1629492,35,4.17,6,0,0,146,1,6,76074,,39423,County Championship Division Two 2026,1,41,Kent Men,38,Middlesex Men,8701922,2026-08-20T12:59:02Z,6,212,False,,,,39,Ryan Higgins,137,Sam Northeast,128,Zak Crawley,Right,0,0,0,0,,LengthBall,OutsideOff,,HitPad,BackFoot,BackwardDefensive,SeamIn,Over,Medium,Right,Null,NotReferred,Null,False,False,False,False,False,True,,False,False,False,False,False,False,0,0,0,0,0,False,False,,,Wicketkeeper
1629495,36,4.44,14,0,0,160,1,14,76074,,39423,County Championship Division Two 2026,1,41,Kent Men,38,Middlesex Men,8701925,2026-08-20T12:59:55Z,1,213,False,,,,2625,Eathan Bosch,128,Zak Crawley,137,Sam Northeast,Right,0,0,0,0,,LengthBall,OutsideOff,,None,FrontFoot,ForwardDefensive,NoMovement,Over,Medium,Right,Null,NotReferred,Null,False,False,False,False,False,True,,False,False,False,False,False,False,0,0,0,0,0,False,False,242.0,38.0,Mid Off
1629495,36,4.44,14,0,0,160,1,14,76074,,39423,County Championship Division Two 2026,1,41,Kent Men,38,Middlesex Men,8701928,2026-08-20T13:00:28Z,2,214,False,,,,2625,Eathan Bosch,128,Zak Crawley,137,Sam Northeast,Right,4,0,4,4,,LengthBall,OutsideOff,,WellTimed,FrontFoot,Pushed,NoMovement,Over,Medium,Right,Null,NotReferred,Null,False,False,False,False,False,True,,False,False,False,False,False,False,4,0,0,0,0,True,False,210.0,175.0,
1629495,36,4.44,14,0,0,160,1,14,76074,,39423,County Championship Division Two 2026,1,41,Kent Men,38,Middlesex Men,8701932,2026-08-20T13:01:11Z,3,215,False,,,,2625,Eathan Bosch,128,Zak Crawley,137,Sam Northeast,Right,2,0,2,2,,LengthBall,OffStump,,WellTimed,BackFoot,Flick,NoMovement,Over,Medium,Right,Null,NotReferred,Null,False,False,False,False,False,True,,False,False,False,False,False,False,2,0,0,0,0,False,False,346.0,135.0,Deep Square Leg
1629495,36,4.44,14,0,0,160,1,14,76074,,39423,County Championship Division Two 2026,1,41,Kent Men,38,Middlesex Men,8701940,2026-08-20T13:02:02Z,4,216,False,,,,2625,Eathan Bosch,128,Zak Crawley,137,Sam Northeast,Right,2,0,2,2,,HalfVolley,OffStump,,WellTimed,FrontFoot,Flick,NoMovement,Over,Medium,Right,Null,NotReferred,Null,False,False,False,False,False,True,,False,False,False,False,False,False,2,0,0,0,0,False,False,36.0,123.0,Fine Leg
1629495,36,4.44,14,0,0,160,1,14,76074,,39423,County Championship Division Two 2026,1,41,Kent Men,38,Middlesex Men,8701946,2026-08-20T13:02:41Z,5,217,False,,,,2625,Eathan Bosch,128,Zak Crawley,137,Sam Northeast,Right,6,2,6,4,,HalfVolley,OutsideOff,,WellTimed,FrontFoot,Drive,NoMovement,Over,Medium,Right,Null,NotReferred,1,False,True,False,False,False,True,,False,False,False,False,False,False,6,0,0,0,2,True,False,205.0,174.0,
1629495,36,4.44,14,0,0,160,1,14,76074,,39423,County Championship Division Two 2026,1,41,Kent Men,38,Middlesex Men,8701950,2026-08-20T13:03:21Z,5,218,False,,,,2625,Eathan Bosch,128,Zak Crawley,137,Sam Northeast,Right,0,0,0,0,,LengthBall,OutsideOff,,Missed,FrontFoot,ForwardDefensive,AwaySwinger,Over,Medium,Right,Null,NotReferred,Null,False,False,False,False,False,True,,False,False,False,False,False,False,0,0,0,0,0,False,False,,,Wicketkeeper
1629495,36,4.44,14,0,0,160,1,14,76074,,39423,County Championship Division Two 2026,1,41,Kent Men,38,Middlesex Men,8701953,2026-08-20T13:03:55Z,6,219,False,,,,2625,Eathan Bosch,128,Zak Crawley,137,Sam Northeast,Right,0,0,0,0,,LengthBall,OutsideOff,,None,FrontFoot,ForwardDefensive,NoMovement,Over,Medium,Right,Null,NotReferred,Null,False,False,False,False,False,True,,False,False,False,False,False,False,0,0,0,0,0,False,False,212.0,55.0,Extra Cover
1629501,37,4.35,1,0,0,161,1,1,76074,,39423,County Championship Division Two 2026,1,41,Kent Men,38,Middlesex Men,8701961,2026-08-20T13:04:52Z,1,220,False,,,,39,Ryan Higgins,137,Sam Northeast,128,Zak Crawley,Right,0,0,0,0,,LengthBall,OutsideOff,,None,FrontFoot,Dropped,NoMovement,Over,Medium,Right,Null,NotReferred,Null,False,False,False,False,False,True,,False,False,False,False,False,False,0,0,0,0,0,False,False,207.0,40.0,Cover
1629501,37,4.35,1,0,0,161,1,1,76074,,39423,County Championship Division Two 2026,1,41,Kent Men,38,Middlesex Men,8701965,2026-08-20T13:05:26Z,2,221,False,,,,39,Ryan Higgins,137,Sam Northeast,128,Zak Crawley,Right,1,0,1,1,,HalfVolley,OffStump,,None,FrontFoot,Flick,NoMovement,Over,Medium,Right,Null,NotReferred,Null,False,False,False,False,False,True,,False,False,False,False,False,False,1,0,0,0,0,False,False,50.0,108.0,Fine Leg
1629501,37,4.35,1,0,0,161,1,1,76074,,39423,County Championship Division Two 2026,1,41,Kent Men,38,Middlesex Men,8701969,2026-08-20T13:06:04Z,3,222,False,,,,39,Ryan Higgins,128,Zak Crawley,137,Sam Northeast,Right,0,0,0,0,,LengthBall,OutsideOff,,MisTimed,BackFoot,Pushed,NoMovement,Over,Medium,Right,Null,NotReferred,Null,False,False,False,False,False,True,,False,False,False,False,False,False,0,0,0,0,0,False,False,213.0,43.0,Extra Cover
1629501,37,4.35,1,0,0,161,1,1,76074,,39423,County Championship Division Two 2026,1,41,Kent Men,38,Middlesex Men,8701973,2026-08-20T13:06:58Z,4,223,False,,,,39,Ryan Higgins,128,Zak Crawley,137,Sam Northeast,Right,0,0,0,0,,LengthBall,OutsideOff,,Missed,FrontFoot,ForwardDefensive,AwaySwinger,Over,Medium,Right,Null,NotReferred,Null,False,False,False,False,False,True,,False,False,False,False,False,False,0,0,0,0,0,False,False,,,Wicketkeeper
1629501,37,4.35,1,0,0,161,1,1,76074,,39423,County Championship Division Two 2026,1,41,Kent Men,38,Middlesex Men,8701978,2026-08-20T13:07:28Z,5,224,False,,,,39,Ryan Higgins,128,Zak Crawley,137,Sam Northeast,Right,0,0,0,0,,LengthBall,OutsideOff,,HitPad,FrontFoot,Pushed,NoMovement,Over,Medium,Right,Null,NotReferred,Null,False,False,False,False,False,True,,False,False,False,False,False,False,0,0,0,0,0,False,False,216.0,28.0,Extra Cover
1629501,37,4.35,1,0,0,161,1,1,76074,,39423,County Championship Division Two 2026,1,41,Kent Men,38,Middlesex Men,8701982,2026-08-20T13:07:56Z,6,225,False,,,,39,Ryan Higgins,128,Zak Crawley,137,Sam Northeast,Right,0,0,0,0,,LengthBall,OffStump,,InsideEdge,FrontFoot,Flick,NoMovement,Over,Medium,Right,Null,NotReferred,Null,False,False,False,False,False,True,,False,False,False,False,False,False,0,0,0,0,0,False,False,219.0,40.0,Extra Cover
1629505,38,4.26,1,0,0,162,1,1,76074,,39423,County Championship Division Two 2026,1,41,Kent Men,38,Middlesex Men,8701991,2026-08-20T13:09:46Z,1,226,False,,,,4202,Zafar Gohar,137,Sam Northeast,128,Zak Crawley,Right,0,0,0,0,,LengthBall,MiddleStump,,None,FrontFoot,ForwardDefensive,StockBall,Round,Orthodox,Left,Null,NotReferred,Null,False,False,False,False,False,True,,False,False,False,False,False,False,0,0,0,0,0,False,False,269.0,37.0,Bowler
1629505,38,4.26,1,0,0,162,1,1,76074,,39423,County Championship Division Two 2026,1,41,Kent Men,38,Middlesex Men,8701995,2026-08-20T13:10:05Z,2,227,False,,,,4202,Zafar Gohar,137,Sam Northeast,128,Zak Crawley,Right,0,0,0,0,,LengthBall,OutsideOff,,None,FrontFoot,Drive,StockBall,Round,Orthodox,Left,Null,NotReferred,Null,False,False,False,False,False,True,,False,False,False,False,False,False,0,0,0,0,0,False,False,219.0,52.0,Extra Cover
1629505,38,4.26,1,0,0,162,1,1,76074,,39423,County Championship Division Two 2026,1,41,Kent Men,38,Middlesex Men,8701997,2026-08-20T13:10:25Z,3,228,False,,,,4202,Zafar Gohar,137,Sam Northeast,128,Zak Crawley,Right,0,0,0,0,,LengthBall,OutsideOff,,None,FrontFoot,Pushed,StockBall,Round,Orthodox,Left,Null,NotReferred,Null,False,False,False,False,False,True,,False,False,False,False,False,False,0,0,0,0,0,False,False,221.0,46.0,Extra Cover
1629505,38,4.26,1,0,0,162,1,1,76074,,39423,County Championship Division Two 2026,1,41,Kent Men,38,Middlesex Men,8702003,2026-08-20T13:10:47Z,4,229,False,,,,4202,Zafar Gohar,137,Sam Northeast,128,Zak Crawley,Right,0,0,0,0,,HalfVolley,MiddleStump,,None,FrontFoot,Worked,StockBall,Round,Orthodox,Left,Null,NotReferred,Null,False,False,False,False,False,True,,False,False,False,False,False,False,0,0,0,0,0,False,False,320.0,52.0,Mid Wicket
1629505,38,4.26,1,0,0,162,1,1,76074,,39423,County Championship Division Two 2026,1,41,Kent Men,38,Middlesex Men,8702007,2026-08-20T13:11:07Z,5,230,False,,,,4202,Zafar Gohar,137,Sam Northeast,128,Zak Crawley,Right,1,0,1,1,,LengthBall,OutsideOff,,None,BackFoot,Pushed,StockBall,Round,Orthodox,Left,Null,NotReferred,Null,False,False,False,False,False,True,,False,False,False,False,False,False,1,0,0,0,0,False,False,188.0,112.0,Deep Cover
1629505,38,4.26,1,0,0,162,1,1,76074,,39423,County Championship Division Two 2026,1,41,Kent Men,38,Middlesex Men,8702013,2026-08-20T13:11:49Z,6,231,False,,,,4202,Zafar Gohar,128,Zak Crawley,137,Sam Northeast,Right,0,0,0,0,,LengthBall,OutsideOff,,Left,NoMovement,Leave,StockBall,Round,Orthodox,Left,Null,NotReferred,Null,False,False,False,False,False,True,,False,False,False,False,False,False,0,0,0,0,0,False,False,,,Wicketkeeper
1629510,39,4.28,5,1,0,167,2,5,76074,,39423,County Championship Division Two 2026,1,41,Kent Men,38,Middlesex Men,8702020,2026-08-20T13:12:51Z,1,232,False,,,,39,Ryan Higgins,137,Sam Northeast,128,Zak Crawley,Right,0,0,0,0,,LengthBall,OffStump,,None,BackFoot,Pushed,NoMovement,Over,Medium,Right,Null,NotReferred,Null,False,False,False,False,False,True,,False,False,False,False,False,False,0,0,0,0,0,False,False,306.0,49.0,Mid Wicket
1629510,39,4.28,5,1,0,167,2,5,76074,,39423,County Championship Division Two 2026,1,41,Kent Men,38,Middlesex Men,8702025,2026-08-20T13:13:21Z,2,233,False,,,,39,Ryan Higgins,137,Sam Northeast,128,Zak Crawley,Right,1,0,1,1,,LengthBall,OutsideOff,,None,BackFoot,Dropped,NoMovement,Over,Medium,Right,Null,NotReferred,Null,False,False,False,False,False,True,,False,False,False,False,False,False,1,0,0,0,0,False,False,202.0,41.0,Cover
1629510,39,4.28,5,1,0,167,2,5,76074,,39423,County Championship Division Two 2026,1,41,Kent Men,38,Middlesex Men,8702028,2026-08-20T13:13:54Z,3,234,False,,,,39,Ryan Higgins,128,Zak Crawley,137,Sam Northeast,Right,0,0,0,0,,HalfVolley,OutsideOff,,MisTimed,FrontFoot,Drive,NoMovement,Over,Medium,Right,Null,NotReferred,Null,False,False,False,False,False,True,,False,False,False,False,False,False,0,0,0,0,0,False,False,269.0,35.0,Bowler
1629510,39,4.28,5,1,0,167,2,5,76074,,39423,County Championship Division Two 2026,1,41,Kent Men,38,Middlesex Men,8702033,2026-08-20T13:14:26Z,4,235,False,,,,39,Ryan Higgins,128,Zak Crawley,137,Sam Northeast,Right,0,4,4,0,,LengthBall,MiddleStump,,HitPad,FrontFoot,Flick,NoMovement,Over,Medium,Right,Null,NotReferred,Null,False,False,False,True,False,True,,False,False,False,False,False,False,4,0,0,4,0,False,False,,,
1629510,39,4.28,5,1,0,167,2,5,76074,,39423,County Championship Division Two 2026,1,41,Kent Men,38,Middlesex Men,8702040,2026-08-20T13:15:07Z,5,236,True,Caught,128.0,Zak Crawley,39,Ryan Higgins,128,Zak Crawley,137,Sam Northeast,Right,0,0,0,0,Caught,HalfVolley,Wide,Caught,OutsideEdge,FrontFoot,Drive,AwaySwinger,Over,Medium,Right,Null,NotReferred,Null,False,False,False,False,False,True,1890.0,False,False,False,False,False,False,0,0,0,0,0,False,False,105.0,33.0,First Slip
1629510,39,4.28,5,1,0,167,2,5,76074,,39423,County Championship Division Two 2026,1,41,Kent Men,38,Middlesex Men,8702051,2026-08-20T13:17:22Z,6,237,False,,,,39,Ryan Higgins,7833,Tawanda Muyeye,137,Sam Northeast,Right,0,0,0,0,,LengthBall,OutsideOff,,None,FrontFoot,ForwardDefensive,NoMovement,Over,Medium,Right,Null,NotReferred,Null,False,False,False,False,False,True,,False,False,False,False,False,False,0,0,0,0,0,False,False,249.0,74.0,Mid Off
1629518,40,4.17,0,0,0,167,2,0,76074,,39423,County Championship Division Two 2026,1,41,Kent Men,38,Middlesex Men,8702060,2026-08-20T13:18:26Z,1,238,False,,,,4202,Zafar Gohar,137,Sam Northeast,7833,Tawanda Muyeye,Right,0,0,0,0,,LengthBall,OutsideOff,,None,BackFoot,Pushed,ArmBall,Round,Orthodox,Left,Null,NotReferred,Null,False,False,False,False,False,True,,False,False,False,False,False,False,0,0,0,0,0,False,False,210.0,44.0,Extra Cover
1629518,40,4.17,0,0,0,167,2,0,76074,,39423,County Championship Division Two 2026,1,41,Kent Men,38,Middlesex Men,8702061,2026-08-20T13:18:48Z,2,239,False,,,,4202,Zafar Gohar,137,Sam Northeast,7833,Tawanda Muyeye,Right,0,0,0,0,,LengthBall,OutsideOff,,Left,NoMovement,Leave,StockBall,Round,Orthodox,Left,Null,NotReferred,Null,False,False,False,False,False,True,,False,False,False,False,False,False,0,0,0,0,0,False,False,,,Wicketkeeper
1629518,40,4.17,0,0,0,167,2,0,76074,,39423,County Championship Division Two 2026,1,41,Kent Men,38,Middlesex Men,8702067,2026-08-20T13:19:05Z,3,240,False,,,,4202,Zafar Gohar,137,Sam Northeast,7833,Tawanda Muyeye,Right,0,0,0,0,,HalfVolley,OutsideOff,,None,FrontFoot,Pushed,StockBall,Round,Orthodox,Left,Null,NotReferred,Null,False,False,False,False,False,True,,False,False,False,False,False,False,0,0,0,0,0,False,False,206.0,57.0,Cover
1629518,40,4.17,0,0,0,167,2,0,76074,,39423,County Championship Division Two 2026,1,41,Kent Men,38,Middlesex Men,8702069,2026-08-20T13:19:26Z,4,241,False,,,,4202,Zafar Gohar,137,Sam Northeast,7833,Tawanda Muyeye,Right,0,0,0,0,,LengthBall,OffStump,,None,BackFoot,Steer,QuickerBall,Round,Orthodox,Left,Null,NotReferred,Null,False,False,False,False,False,True,,False,False,False,False,False,False,0,0,0,0,0,False,False,161.0,39.0,Backward Point
1629518,40,4.17,0,0,0,167,2,0,76074,,39423,County Championship Division Two 2026,1,41,Kent Men,38,Middlesex Men,8702072,2026-08-20T13:19:46Z,5,242,False,,,,4202,Zafar Gohar,137,Sam Northeast,7833,Tawanda Muyeye,Right,0,0,0,0,,LengthBall,OffStump,,None,FrontFoot,ForwardDefensive,StockBall,Round,Orthodox,Left,Null,NotReferred,Null,False,False,False,False,False,True,,False,False,False,False,False,False,0,0,0,0,0,False,False,211.0,51.0,Extra Cover
1629518,40,4.17,0,0,0,167,2,0,76074,,39423,County Championship Division Two 2026,1,41,Kent Men,38,Middlesex Men,8702076,2026-08-20T13:20:06Z,6,243,False,,,,4202,Zafar Gohar,137,Sam Northeast,7833,Tawanda Muyeye,Right,0,0,0,0,,LengthBall,MiddleStump,,OutsideEdge,FrontFoot,ForwardDefensive,StockBall,Round,Orthodox,Left,Null,NotReferred,Null,False,False,False,False,False,True,,False,False,False,False,False,False,0,0,0,0,0,False,False,114.0,13.0,First Slip
1629522,41,4.15,3,0,0,170,2,3,76074,,39423,County Championship Division Two 2026,1,41,Kent Men,38,Middlesex Men,8702082,2026-08-20T13:20:53Z,1,244,False,,,,39,Ryan Higgins,7833,Tawanda Muyeye,137,Sam Northeast,Right,2,0,2,2,,LengthBall,Wide,,WellTimed,FrontFoot,Drive,AwaySwinger,Over,Medium,Right,Null,NotReferred,Null,False,False,False,False,False,True,,False,False,False,False,False,False,2,0,0,0,0,False,False,192.0,131.0,Deep Cover
1629522,41,4.15,3,0,0,170,2,3,76074,,39423,County Championship Division Two 2026,1,41,Kent Men,38,Middlesex Men,8702085,2026-08-20T13:21:25Z,2,245,False,,,,39,Ryan Higgins,7833,Tawanda Muyeye,137,Sam Northeast,Right,0,0,0,0,,LengthBall,OutsideOff,,WellTimed,BackFoot,Pushed,NoMovement,Over,Medium,Right,Null,NotReferred,Null,False,False,False,False,False,True,,False,False,False,False,False,False,0,0,0,0,0,False,False,205.0,50.0,Cover
1629522,41,4.15,3,0,0,170,2,3,76074,,39423,County Championship Division Two 2026,1,41,Kent Men,38,Middlesex Men,8702087,2026-08-20T13:21:53Z,3,246,False,,,,39,Ryan Higgins,7833,Tawanda Muyeye,137,Sam Northeast,Right,0,0,0,0,,LengthBall,OutsideOff,,ShouldersArms,NoMovement,ShouldersArms,AwaySwinger,Over,Medium,Right,Null,NotReferred,Null,False,False,False,False,False,True,,False,False,False,False,False,False,0,0,0,0,0,False,False,,,Wicketkeeper
1629522,41,4.15,3,0,0,170,2,3,76074,,39423,County Championship Division Two 2026,1,41,Kent Men,38,Middlesex Men,8702092,2026-08-20T13:22:23Z,4,247,False,,,,39,Ryan Higgins,7833,Tawanda Muyeye,137,Sam Northeast,Right,0,0,0,0,,LengthBall,OutsideOff,,ShouldersArms,NoMovement,ShouldersArms,AwaySwinger,Over,Medium,Right,Null,NotReferred,Null,False,False,False,False,False,True,,False,False,False,False,False,False,0,0,0,0,0,False,False,,,Wicketkeeper
1629522,41,4.15,3,0,0,170,2,3,76074,,39423,County Championship Division Two 2026,1,41,Kent Men,38,Middlesex Men,8702096,2026-08-20T13:22:52Z,5,248,False,,,,39,Ryan Higgins,7833,Tawanda Muyeye,137,Sam Northeast,Right,0,0,0,0,,LengthBall,OutsideOff,,ShouldersArms,NoMovement,ShouldersArms,AwaySwinger,Over,Medium,Right,Null,NotReferred,Null,False,False,False,False,False,True,,False,False,False,False,False,False,0,0,0,0,0,False,False,,,Wicketkeeper
1629522,41,4.15,3,0,0,170,2,3,76074,,39423,County Championship Division Two 2026,1,41,Kent Men,38,Middlesex Men,8702100,2026-08-20T13:23:20Z,6,249,False,,,,39,Ryan Higgins,7833,Tawanda Muyeye,137,Sam Northeast,Right,1,0,1,1,,LengthBall,OutsideOff,,None,FrontFoot,Worked,InSwinger,Over,Medium,Right,Null,NotReferred,Null,False,False,False,False,False,True,,False,False,False,False,False,False,1,0,0,0,0,False,False,5.0,118.0,Deep Backward Square Leg
1629525,42,4.19,6,0,0,176,2,6,76074,,39423,County Championship Division Two 2026,1,41,Kent Men,38,Middlesex Men,8702105,2026-08-20T13:24:21Z,1,250,False,,,,4202,Zafar Gohar,7833,Tawanda Muyeye,137,Sam Northeast,Right,4,0,4,4,,BackOfALength,OutsideOff,,Middled,BackFoot,Drive,StockBall,Round,Orthodox,Left,Null,NotReferred,Null,False,False,False,False,False,True,,False,False,False,False,False,False,4,0,0,0,0,True,False,201.0,174.0,
1629525,42,4.19,6,0,0,176,2,6,76074,,39423,County Championship Division Two 2026,1,41,Kent Men,38,Middlesex Men,8702109,2026-08-20T13:25:05Z,2,251,False,,,,4202,Zafar Gohar,7833,Tawanda Muyeye,137,Sam Northeast,Right,0,0,0,0,,LengthBall,OffStump,,MisTimed,BackFoot,Worked,StockBall,Round,Orthodox,Left,Null,NotReferred,Null,False,False,False,False,False,True,,False,False,False,False,False,False,0,0,0,0,0,False,False,318.0,32.0,Mid Wicket
1629525,42,4.19,6,0,0,176,2,6,76074,,39423,County Championship Division Two 2026,1,41,Kent Men,38,Middlesex Men,8702112,2026-08-20T13:25:24Z,3,252,False,,,,4202,Zafar Gohar,7833,Tawanda Muyeye,137,Sam Northeast,Right,1,0,1,1,,LengthBall,MiddleStump,,None,FrontFoot,ForwardDefensive,StockBall,Round,Orthodox,Left,Null,NotReferred,Null,False,False,False,False,False,True,,False,False,False,False,False,False,1,0,0,0,0,False,False,207.0,40.0,Cover
1629525,42,4.19,6,0,0,176,2,6,76074,,39423,County Championship Division Two 2026,1,41,Kent Men,38,Middlesex Men,8702116,2026-08-20T13:25:54Z,4,253,False,,,,4202,Zafar Gohar,137,Sam Northeast,7833,Tawanda Muyeye,Right,1,0,1,1,,LengthBall,MiddleStump,,None,BackFoot,Worked,StockBall,Round,Orthodox,Left,Null,NotReferred,Null,False,False,False,False,False,True,,False,False,False,False,False,False,1,0,0,0,0,False,False,42.0,109.0,Fine Leg
1629525,42,4.19,6,0,0,176,2,6,76074,,39423,County Championship Division Two 2026,1,41,Kent Men,38,Middlesex Men,8702118,2026-08-20T13:26:29Z,5,254,False,,,,4202,Zafar Gohar,7833,Tawanda Muyeye,137,Sam Northeast,Right,0,0,0,0,,LengthBall,OutsideOff,,ShouldersArms,NoMovement,ShouldersArms,StockBall,Round,Orthodox,Left,Null,NotReferred,Null,False,False,False,False,False,True,,False,False,False,False,False,False,0,0,0,0,0,False,False,,,Wicketkeeper
1629525,42,4.19,6,0,0,176,2,6,76074,,39423,County Championship Division Two 2026,1,41,Kent Men,38,Middlesex Men,8702122,2026-08-20T13:26:51Z,6,255,False,,,,4202,Zafar Gohar,7833,Tawanda Muyeye,137,Sam Northeast,Right,0,0,0,0,,HalfVolley,MiddleStump,,MisTimed,FrontFoot,Worked,StockBall,Round,Orthodox,Left,Null,NotReferred,Null,False,False,False,False,False,True,,False,False,False,False,False,False,0,0,0,0,0,False,False,306.0,40.0,Mid Wicket
1629528,43,4.21,5,0,0,181,2,5,76074,,39423,County Championship Division Two 2026,1,41,Kent Men,38,Middlesex Men,8702125,2026-08-20T13:27:39Z,1,256,False,,,,39,Ryan Higgins,137,Sam Northeast,7833,Tawanda Muyeye,Right,1,0,1,1,,LengthBall,OutsideOff,,None,DownTheTrack,Pushed,NoMovement,Over,Medium,Right,Null,NotReferred,Null,False,False,False,False,False,True,,False,False,False,False,False,False,1,0,0,0,0,False,False,187.0,107.0,Deep Cover
1629528,43,4.21,5,0,0,181,2,5,76074,,39423,County Championship Division Two 2026,1,41,Kent Men,38,Middlesex Men,8702128,2026-08-20T13:28:11Z,2,257,False,,,,39,Ryan Higgins,7833,Tawanda Muyeye,137,Sam Northeast,Right,0,0,0,0,,LengthBall,OutsideOff,,None,FrontFoot,ForwardDefensive,AwaySwinger,Over,Medium,Right,Null,NotReferred,Null,False,False,False,False,False,True,,False,False,False,False,False,False,0,0,0,0,0,False,False,247.0,76.0,Mid Off
1629528,43,4.21,5,0,0,181,2,5,76074,,39423,County Championship Division Two 2026,1,41,Kent Men,38,Middlesex Men,8702133,2026-08-20T13:28:41Z,3,258,False,,,,39,Ryan Higgins,7833,Tawanda Muyeye,137,Sam Northeast,Right,0,0,0,0,,LengthBall,OutsideOff,,None,FrontFoot,ForwardDefensive,NoMovement,Over,Medium,Right,Null,NotReferred,Null,False,False,False,False,False,True,,False,False,False,False,False,False,0,0,0,0,0,False,False,285.0,73.0,Mid On
1629528,43,4.21,5,0,0,181,2,5,76074,,39423,County Championship Division Two 2026,1,41,Kent Men,38,Middlesex Men,8702136,2026-08-20T13:29:12Z,4,259,False,,,,39,Ryan Higgins,7833,Tawanda Muyeye,137,Sam Northeast,Right,0,0,0,0,,HalfVolley,OutsideOff,,MisTimed,FrontFoot,Drive,NoMovement,Over,Medium,Right,Null,NotReferred,Null,False,False,False,False,False,True,,False,False,False,False,False,False,0,0,0,0,0,False,False,288.0,86.0,Mid On
1629528,43,4.21,5,0,0,181,2,5,76074,,39423,County Championship Division Two 2026,1,41,Kent Men,38,Middlesex Men,8702141,2026-08-20T13:29:48Z,5,260,False,,,,39,Ryan Higgins,7833,Tawanda Muyeye,137,Sam Northeast,Right,4,0,4,4,,HalfVolley,OutsideOff,,InsideEdge,FrontFoot,Drive,AwaySwinger,Over,Medium,Right,Null,NotReferred,Null,False,False,False,False,False,True,,False,False,False,False,False,False,4,0,0,0,0,True,False,68.0,161.0,
1629528,43,4.21,5,0,0,181,2,5,76074,,39423,County Championship Division Two 2026,1,41,Kent Men,38,Middlesex Men,8702142,2026-08-20T13:30:29Z,6,261,False,,,,39,Ryan Higgins,7833,Tawanda Muyeye,137,Sam Northeast,Right,0,0,0,0,,HalfVolley,OutsideOff,,Missed,FrontFoot,Drive,AwaySwinger,Over,Medium,Right,Null,NotReferred,Null,False,False,False,False,False,True,,False,False,False,False,False,False,0,0,0,0,0,False,False,,,Wicketkeeper
1629532,44,4.18,3,0,0,184,2,3,76074,,39423,County Championship Division Two 2026,1,41,Kent Men,38,Middlesex Men,8702148,2026-08-20T13:31:19Z,1,262,False,,,,4202,Zafar Gohar,137,Sam Northeast,7833,Tawanda Muyeye,Right,1,0,1,1,,LengthBall,OutsideOff,,None,BackFoot,Pushed,StockBall,Round,Orthodox,Left,Null,NotReferred,Null,False,False,False,False,False,True,,False,False,False,False,False,False,1,0,0,0,0,False,False,172.0,114.0,Deep Backward Point
1629532,44,4.18,3,0,0,184,2,3,76074,,39423,County Championship Division Two 2026,1,41,Kent Men,38,Middlesex Men,8702150,2026-08-20T13:31:44Z,2,263,False,,,,4202,Zafar Gohar,7833,Tawanda Muyeye,137,Sam Northeast,Right,0,0,0,0,,LengthBall,OffStump,,Missed,FrontFoot,Pushed,StockBall,Round,Orthodox,Left,Null,NotReferred,Null,False,False,False,False,False,True,,False,False,False,False,False,False,0,0,0,0,0,False,False,,,Wicketkeeper
1629532,44,4.18,3,0,0,184,2,3,76074,,39423,County Championship Division Two 2026,1,41,Kent Men,38,Middlesex Men,8702154,2026-08-20T13:32:20Z,3,264,False,,,,4202,Zafar Gohar,7833,Tawanda Muyeye,137,Sam Northeast,Right,0,0,0,0,,LengthBall,OutsideOff,,Left,NoMovement,Leave,StockBall,Round,Orthodox,Left,Null,NotReferred,Null,False,False,False,False,False,True,,False,False,False,False,False,False,0,0,0,0,0,False,False,,,Wicketkeeper
1629532,44,4.18,3,0,0,184,2,3,76074,,39423,County Championship Division Two 2026,1,41,Kent Men,38,Middlesex Men,8702157,2026-08-20T13:32:40Z,4,265,False,,,,4202,Zafar Gohar,7833,Tawanda Muyeye,137,Sam Northeast,Right,1,0,1,1,,LengthBall,OutsideOff,,None,BackFoot,Cut,StockBall,Round,Orthodox,Left,Null,NotReferred,Null,False,False,False,False,False,True,,False,False,False,False,False,False,1,0,0,0,0,False,False,192.0,116.0,Deep Cover
1629532,44,4.18,3,0,0,184,2,3,76074,,39423,County Championship Division Two 2026,1,41,Kent Men,38,Middlesex Men,8702162,2026-08-20T13:33:09Z,5,266,False,,,,4202,Zafar Gohar,137,Sam Northeast,7833,Tawanda Muyeye,Right,1,0,1,1,,LengthBall,OutsideOff,,None,BackFoot,Pushed,StockBall,Round,Orthodox,Left,Null,NotReferred,Null,False,False,False,False,False,True,,False,False,False,False,False,False,1,0,0,0,0,False,False,194.0,118.0,Deep Cover
1629532,44,4.18,3,0,0,184,2,3,76074,,39423,County Championship Division Two 2026,1,41,Kent Men,38,Middlesex Men,8702164,2026-08-20T13:33:38Z,6,267,False,,,,4202,Zafar Gohar,7833,Tawanda Muyeye,137,Sam Northeast,Right,0,0,0,0,,LengthBall,OffStump,,Left,NoMovement,Leave,StockBall,Round,Orthodox,Left,Null,NotReferred,Null,False,False,False,False,False,True,,False,False,False,False,False,False,0,0,0,0,0,False,False,,,Wicketkeeper
1629536,45,4.13,2,1,0,186,3,2,76074,,39423,County Championship Division Two 2026,1,41,Kent Men,38,Middlesex Men,8702170,2026-08-20T13:34:56Z,1,268,False,,,,1739,Toby Roland-Jones,137,Sam Northeast,7833,Tawanda Muyeye,Right,0,0,0,0,,LengthBall,OutsideOff,,ShouldersArms,DownTheTrack,ShouldersArms,AwaySwinger,Over,Medium,Right,Null,NotReferred,Null,False,False,False,False,False,True,,False,False,False,False,False,False,0,0,0,0,0,False,False,,,Wicketkeeper
1629536,45,4.13,2,1,0,186,3,2,76074,,39423,County Championship Division Two 2026,1,41,Kent Men,38,Middlesex Men,8702175,2026-08-20T13:35:30Z,2,269,False,,,,1739,Toby Roland-Jones,137,Sam Northeast,7833,Tawanda Muyeye,Right,0,0,0,0,,LengthBall,OutsideOff,,None,BackFoot,Steer,AwaySwinger,Over,Medium,Right,Null,NotReferred,Null,False,False,False,False,False,True,,False,False,False,False,False,False,0,0,0,0,0,False,False,140.0,21.0,Gully
1629536,45,4.13,2,1,0,186,3,2,76074,,39423,County Championship Division Two 2026,1,41,Kent Men,38,Middlesex Men,8702178,2026-08-20T13:36:04Z,3,270,False,,,,1739,Toby Roland-Jones,137,Sam Northeast,7833,Tawanda Muyeye,Right,0,0,0,0,,LengthBall,OutsideOff,,MisTimed,DownTheTrack,Pushed,NoMovement,Over,Medium,Right,Null,NotReferred,Null,False,False,False,False,False,True,,False,False,False,False,False,False,0,0,0,0,0,False,False,206.0,42.0,Cover
1629536,45,4.13,2,1,0,186,3,2,76074,,39423,County Championship Division Two 2026,1,41,Kent Men,38,Middlesex Men,8702182,2026-08-20T13:36:44Z,4,271,False,,,,1739,Toby Roland-Jones,137,Sam Northeast,7833,Tawanda Muyeye,Right,1,0,1,1,,HalfVolley,OffStump,,MisTimed,FrontFoot,Flick,NoMovement,Over,Medium,Right,Null,NotReferred,Null,False,False,False,False,False,True,,False,False,False,False,False,False,1,0,0,0,0,False,False,252.0,76.0,Mid Off
1629536,45,4.13,2,1,0,186,3,2,76074,,39423,County Championship Division Two 2026,1,41,Kent Men,38,Middlesex Men,8702187,2026-08-20T13:37:26Z,5,272,True,Caught,7833.0,Tawanda Muyeye,1739,Toby Roland-Jones,7833,Tawanda Muyeye,137,Sam Northeast,Right,0,0,0,0,Caught,LengthBall,OutsideOff,Caught,OutsideEdge,FrontFoot,Pushed,AwaySwinger,Over,Medium,Right,Null,NotReferred,Null,False,False,False,False,False,True,1890.0,False,False,False,False,False,False,0,0,0,0,0,False,False,107.0,24.0,Second Slip
1629536,45,4.13,2,1,0,186,3,2,76074,,39423,County Championship Division Two 2026,1,41,Kent Men,38,Middlesex Men,8702197,2026-08-20T13:39:25Z,6,273,False,,,,1739,Toby Roland-Jones,125,Daniel Bell-Drummond,137,Sam Northeast,Right,1,0,1,1,,LengthBall,OutsideOff,,Spliced,FrontFoot,ForwardDefensive,SeamIn,Over,Medium,Right,Null,NotReferred,Null,False,False,False,False,False,True,,False,False,False,False,False,False,1,0,0,0,0,False,False,334.0,45.0,Square Leg
1629541,46,4.22,8,0,0,194,3,8,76074,,39423,County Championship Division Two 2026,1,41,Kent Men,38,Middlesex Men,8702203,2026-08-20T13:40:25Z,1,274,False,,,,2683,Tom Helm,125,Daniel Bell-Drummond,137,Sam Northeast,Right,0,4,4,0,,LengthBall,MiddleStump,,HitPad,BackFoot,Glance,NoMovement,Over,FastSeam,Right,Null,NotReferred,Null,False,False,False,True,False,True,,False,False,False,False,False,False,4,0,0,4,0,False,False,,,
1629541,46,4.22,8,0,0,194,3,8,76074,,39423,County Championship Division Two 2026,1,41,Kent Men,38,Middlesex Men,8702207,2026-08-20T13:41:05Z,2,275,False,,,,2683,Tom Helm,125,Daniel Bell-Drummond,137,Sam Northeast,Right,0,0,0,0,,LengthBall,OutsideOff,,MisTimed,BackFoot,Pushed,NoMovement,Over,FastSeam,Right,Null,NotReferred,Null,False,False,False,False,False,True,,False,False,False,False,False,False,0,0,0,0,0,False,False,299.0,51.0,Mid On
1629541,46,4.22,8,0,0,194,3,8,76074,,39423,County Championship Division Two 2026,1,41,Kent Men,38,Middlesex Men,8702210,2026-08-20T13:41:43Z,3,276,False,,,,2683,Tom Helm,125,Daniel Bell-Drummond,137,Sam Northeast,Right,0,0,0,0,,LengthBall,OutsideOff,,Left,NoMovement,Leave,NoMovement,Over,FastSeam,Right,Null,NotReferred,Null,False,False,False,False,False,True,,False,False,False,False,False,False,0,0,0,0,0,False,False,,,Wicketkeeper
1629541,46,4.22,8,0,0,194,3,8,76074,,39423,County Championship Division Two 2026,1,41,Kent Men,38,Middlesex Men,8702215,2026-08-20T13:42:15Z,4,277,False,,,,2683,Tom Helm,125,Daniel Bell-Drummond,137,Sam Northeast,Right,0,4,4,0,,LengthBall,MiddleStump,,HitPad,BackFoot,Glance,NoMovement,Over,FastSeam,Right,Null,NotReferred,Null,False,False,False,True,False,True,,False,False,False,False,False,False,4,0,0,4,0,False,False,,,
1629541,46,4.22,8,0,0,194,3,8,76074,,39423,County Championship Division Two 2026,1,41,Kent Men,38,Middlesex Men,8702219,2026-08-20T13:42:55Z,5,278,False,,,,2683,Tom Helm,125,Daniel Bell-Drummond,137,Sam Northeast,Right,0,0,0,0,,HalfVolley,OffStump,,WellTimed,FrontFoot,Flick,NoMovement,Over,FastSeam,Right,Null,NotReferred,Null,False,False,False,False,False,True,,False,False,False,False,False,False,0,0,0,0,0,False,False,346.0,70.0,Square Leg
1629541,46,4.22,8,0,0,194,3,8,76074,,39423,County Championship Division Two 2026,1,41,Kent Men,38,Middlesex Men,8702223,2026-08-20T13:43:29Z,6,279,False,,,,2683,Tom Helm,125,Daniel Bell-Drummond,137,Sam Northeast,Right,0,0,0,0,,HalfVolley,DownLeg,,ShouldersArms,NoMovement,ShouldersArms,NoMovement,Over,FastSeam,Right,Null,NotReferred,Null,False,False,False,False,False,True,,False,False,False,False,False,False,0,0,0,0,0,False,False,,,Wicketkeeper
1629545,47,4.19,3,0,0,197,3,3,76074,,39423,County Championship Division Two 2026,1,41,Kent Men,38,Middlesex Men,8702229,2026-08-20T13:44:28Z,1,280,False,,,,1739,Toby Roland-Jones,137,Sam Northeast,125,Daniel Bell-Drummond,Right,1,0,1,1,,LengthBall,OffStump,,None,BackFoot,Worked,NoMovement,Over,Medium,Right,Null,NotReferred,Null,False,False,False,False,False,True,,False,False,False,False,False,False,1,0,0,0,0,False,False,343.0,71.0,Square Leg
1629545,47,4.19,3,0,0,197,3,3,76074,,39423,County Championship Division Two 2026,1,41,Kent Men,38,Middlesex Men,8702231,2026-08-20T13:45:05Z,2,281,False,,,,1739,Toby Roland-Jones,125,Daniel Bell-Drummond,137,Sam Northeast,Right,1,0,1,1,,HalfVolley,OutsideOff,,WellTimed,FrontFoot,Drive,NoMovement,Over,Medium,Right,Null,NotReferred,Null,False,False,False,False,False,True,,False,False,False,False,False,False,1,0,0,0,0,False,False,240.0,78.0,Mid Off
1629545,47,4.19,3,0,0,197,3,3,76074,,39423,County Championship Division Two 2026,1,41,Kent Men,38,Middlesex Men,8702234,2026-08-20T13:45:39Z,3,282,False,,,,1739,Toby Roland-Jones,137,Sam Northeast,125,Daniel Bell-Drummond,Right,0,0,0,0,,LengthBall,OutsideOff,,Missed,NoMovement,ForwardDefensive,AwaySwinger,Over,Medium,Right,Null,NotReferred,Null,False,False,False,False,False,True,,False,False,False,False,False,False,0,0,0,0,0,False,False,,,Wicketkeeper
1629545,47,4.19,3,0,0,197,3,3,76074,,39423,County Championship Division Two 2026,1,41,Kent Men,38,Middlesex Men,8702239,2026-08-20T13:46:16Z,4,283,False,,,,1739,Toby Roland-Jones,137,Sam Northeast,125,Daniel Bell-Drummond,Right,0,0,0,0,,LengthBall,OutsideOff,,InsideEdge,FrontFoot,Pushed,SeamIn,Over,Medium,Right,Null,NotReferred,Null,False,False,False,False,False,True,,False,False,False,False,False,False,0,0,0,0,0,False,False,209.0,39.0,Cover
1629545,47,4.19,3,0,0,197,3,3,76074,,39423,County Championship Division Two 2026,1,41,Kent Men,38,Middlesex Men,8702242,2026-08-20T13:46:53Z,5,284,False,,,,1739,Toby Roland-Jones,137,Sam Northeast,125,Daniel Bell-Drummond,Right,1,0,1,1,,LengthBall,OffStump,,WellTimed,BackFoot,Flick,NoMovement,Over,Medium,Right,Null,NotReferred,Null,False,False,False,False,False,True,,False,False,False,False,False,False,1,0,0,0,0,False,False,19.0,126.0,Deep Backward Square Leg
1629545,47,4.19,3,0,0,197,3,3,76074,,39423,County Championship Division Two 2026,1,41,Kent Men,38,Middlesex Men,8702245,2026-08-20T13:47:29Z,6,285,False,,,,1739,Toby Roland-Jones,125,Daniel Bell-Drummond,137,Sam Northeast,Right,0,0,0,0,,LengthBall,OutsideOff,,Missed,FrontFoot,ForwardDefensive,AwaySwinger,Over,Medium,Right,Null,NotReferred,Null,False,False,False,False,False,True,,False,False,False,False,False,False,0,0,0,0,0,False,False,,,Wicketkeeper
1629551,48,4.19,4,0,0,201,3,4,76074,,39423,County Championship Division Two 2026,1,41,Kent Men,38,Middlesex Men,8702253,2026-08-20T13:48:17Z,1,286,False,,,,2683,Tom Helm,137,Sam Northeast,125,Daniel Bell-Drummond,Right,0,0,0,0,,BackOfALength,OutsideOff,,Gloved,BackFoot,BackwardDefensive,NoMovement,Over,FastSeam,Right,Null,NotReferred,Null,False,False,False,False,False,True,,False,False,False,False,False,False,0,0,0,0,0,False,False,211.0,29.0,Extra Cover
1629551,48,4.19,4,0,0,201,3,4,76074,,39423,County Championship Division Two 2026,1,41,Kent Men,38,Middlesex Men,8702258,2026-08-20T13:48:52Z,2,287,False,,,,2683,Tom Helm,137,Sam Northeast,125,Daniel Bell-Drummond,Right,0,0,0,0,,LengthBall,LegStump,,Left,NoMovement,Leave,NoMovement,Over,FastSeam,Right,Null,NotReferred,Null,False,False,False,False,False,True,,False,False,False,False,False,False,0,0,0,0,0,False,False,,,Wicketkeeper
1629551,48,4.19,4,0,0,201,3,4,76074,,39423,County Championship Division Two 2026,1,41,Kent Men,38,Middlesex Men,8702263,2026-08-20T13:49:29Z,3,288,False,,,,2683,Tom Helm,137,Sam Northeast,125,Daniel Bell-Drummond,Right,0,0,0,0,,LengthBall,OutsideOff,,None,BackFoot,BackwardDefensive,NoMovement,Over,FastSeam,Right,Null,NotReferred,Null,False,False,False,False,False,True,,False,False,False,False,False,False,0,0,0,0,0,False,False,234.0,35.0,Extra Cover
1629551,48,4.19,4,0,0,201,3,4,76074,,39423,County Championship Division Two 2026,1,41,Kent Men,38,Middlesex Men,8702268,2026-08-20T13:50:06Z,4,289,False,,,,2683,Tom Helm,137,Sam Northeast,125,Daniel Bell-Drummond,Right,4,0,4,4,,BackOfALength,Wide,,WellTimed,BackFoot,Cut,NoMovement,Over,FastSeam,Right,Null,NotReferred,Null,False,False,False,False,False,True,,False,False,False,False,False,False,4,0,0,0,0,True,False,171.0,168.0,
1629551,48,4.19,4,0,0,201,3,4,76074,,39423,County Championship Division Two 2026,1,41,Kent Men,38,Middlesex Men,8702271,2026-08-20T13:50:46Z,5,290,False,,,,2683,Tom Helm,137,Sam Northeast,125,Daniel Bell-Drummond,Right,0,0,0,0,,LengthBall,OutsideOff,,None,FrontFoot,ForwardDefensive,NoMovement,Over,FastSeam,Right,Null,NotReferred,Null,False,False,False,False,False,True,,False,False,False,False,False,False,0,0,0,0,0,False,False,217.0,50.0,Extra Cover
1629551,48,4.19,4,0,0,201,3,4,76074,,39423,County Championship Division Two 2026,1,41,Kent Men,38,Middlesex Men,8702276,2026-08-20T13:51:18Z,6,291,False,,,,2683,Tom Helm,137,Sam Northeast,125,Daniel Bell-Drummond,Right,0,0,0,0,,LengthBall,OutsideOff,,None,FrontFoot,ForwardDefensive,NoMovement,Over,FastSeam,Right,Null,NotReferred,Null,False,False,False,False,False,True,,False,False,False,False,False,False,0,0,0,0,0,False,False,234.0,42.0,Extra Cover
1629555,49,4.22,6,0,0,207,3,6,76074,,39423,County Championship Division Two 2026,1,41,Kent Men,38,Middlesex Men,8702282,2026-08-20T13:52:12Z,1,292,False,,,,1739,Toby Roland-Jones,125,Daniel Bell-Drummond,137,Sam Northeast,Right,0,0,0,0,,LengthBall,OutsideOff,,Missed,FrontFoot,ForwardDefensive,AwaySwinger,Over,Medium,Right,Null,NotReferred,Null,False,False,False,False,False,True,,False,False,False,False,False,False,0,0,0,0,0,False,False,,,Wicketkeeper
1629555,49,4.22,6,0,0,207,3,6,76074,,39423,County Championship Division Two 2026,1,41,Kent Men,38,Middlesex Men,8702288,2026-08-20T13:52:59Z,2,293,False,,,,1739,Toby Roland-Jones,125,Daniel Bell-Drummond,137,Sam Northeast,Right,1,0,1,1,,LengthBall,OffStump,,None,BackFoot,Dropped,NoMovement,Over,Medium,Right,Null,NotReferred,Null,False,False,False,False,False,True,,False,False,False,False,False,False,1,0,0,0,0,False,False,3.0,57.0,Backward Square Leg
1629555,49,4.22,6,0,0,207,3,6,76074,,39423,County Championship Division Two 2026,1,41,Kent Men,38,Middlesex Men,8702292,2026-08-20T13:53:41Z,3,294,False,,,,1739,Toby Roland-Jones,137,Sam Northeast,125,Daniel Bell-Drummond,Right,4,0,4,4,,LengthBall,OffStump,,OutsideEdge,BackFoot,BackwardDefensive,AwaySwinger,Over,Medium,Right,Null,NotReferred,Null,False,False,False,False,False,True,,False,False,False,False,False,False,4,0,0,0,0,True,False,104.0,160.0,
1629555,49,4.22,6,0,0,207,3,6,76074,,39423,County Championship Division Two 2026,1,41,Kent Men,38,Middlesex Men,8702301,2026-08-20T13:54:37Z,4,295,False,,,,1739,Toby Roland-Jones,137,Sam Northeast,125,Daniel Bell-Drummond,Right,0,0,0,0,,LengthBall,OffStump,,HitPad,BackFoot,BackwardDefensive,NoMovement,Over,Medium,Right,Null,NotReferred,Null,False,False,False,False,False,True,,False,False,False,False,False,False,0,0,0,0,0,False,False,,,
1629555,49,4.22,6,0,0,207,3,6,76074,,39423,County Championship Division Two 2026,1,41,Kent Men,38,Middlesex Men,8702305,2026-08-20T13:55:12Z,5,296,False,,,,1739,Toby Roland-Jones,137,Sam Northeast,125,Daniel Bell-Drummond,Right,1,0,1,1,,HalfVolley,OffStump,,None,FrontFoot,Flick,NoMovement,Over,Medium,Right,Null,NotReferred,Null,False,False,False,False,False,True,,False,False,False,False,False,False,1,0,0,0,0,False,False,292.0,84.0,Mid On
1629555,49,4.22,6,0,0,207,3,6,76074,,39423,County Championship Division Two 2026,1,41,Kent Men,38,Middlesex Men,8702312,2026-08-20T13:55:52Z,6,297,False,,,,1739,Toby Roland-Jones,125,Daniel Bell-Drummond,137,Sam Northeast,Right,0,0,0,0,,LengthBall,OutsideOff,,Left,NoMovement,Leave,AwaySwinger,Over,Medium,Right,Null,NotReferred,Null,False,False,False,False,False,True,,False,False,False,False,False,False,0,0,0,0,0,False,False,,,Wicketkeeper
1629560,50,4.26,6,0,0,213,3,6,76074,,39423,County Championship Division Two 2026,1,41,Kent Men,38,Middlesex Men,8702316,2026-08-20T13:56:40Z,1,298,False,,,,2683,Tom Helm,137,Sam Northeast,125,Daniel Bell-Drummond,Right,1,0,1,1,,LengthBall,OutsideOff,,None,BackFoot,Dropped,NoMovement,Over,FastSeam,Right,Null,NotReferred,Null,False,False,False,False,False,True,,False,False,False,False,False,False,1,0,0,0,0,False,False,199.0,51.0,Cover
1629560,50,4.26,6,0,0,213,3,6,76074,,39423,County Championship Division Two 2026,1,41,Kent Men,38,Middlesex Men,8702319,2026-08-20T13:57:17Z,2,299,False,,,,2683,Tom Helm,125,Daniel Bell-Drummond,137,Sam Northeast,Right,0,0,0,0,,LengthBall,OutsideOff,,None,BackFoot,Pushed,NoMovement,Over,FastSeam,Right,Null,NotReferred,Null,False,False,False,False,False,True,,False,False,False,False,False,False,0,0,0,0,0,False,False,212.0,44.0,Extra Cover
1629560,50,4.26,6,0,0,213,3,6,76074,,39423,County Championship Division Two 2026,1,41,Kent Men,38,Middlesex Men,8702324,2026-08-20T13:57:49Z,3,300,False,,,,2683,Tom Helm,125,Daniel Bell-Drummond,137,Sam Northeast,Right,0,0,0,0,,LengthBall,OutsideOff,,Left,NoMovement,Leave,AwaySwinger,Over,FastSeam,Right,Null,NotReferred,Null,False,False,False,False,False,True,,False,False,False,False,False,False,0,0,0,0,0,False,False,,,Wicketkeeper
1629560,50,4.26,6,0,0,213,3,6,76074,,39423,County Championship Division Two 2026,1,41,Kent Men,38,Middlesex Men,8702328,2026-08-20T13:58:26Z,4,301,False,,,,2683,Tom Helm,125,Daniel Bell-Drummond,137,Sam Northeast,Right,0,0,0,0,,LengthBall,OffStump,,HitPad,BackFoot,Pull,NoMovement,Over,FastSeam,Right,Null,NotReferred,Null,False,False,False,False,False,True,,False,False,False,False,False,False,0,0,0,0,0,False,False,170.0,51.0,Backward Point
1629560,50,4.26,6,0,0,213,3,6,76074,,39423,County Championship Division Two 2026,1,41,Kent Men,38,Middlesex Men,8702333,2026-08-20T13:59:03Z,5,302,False,,,,2683,Tom Helm,125,Daniel Bell-Drummond,137,Sam Northeast,Right,1,0,1,1,,LengthBall,OffStump,,InsideEdge,FrontFoot,ForwardDefensive,NoMovement,Over,FastSeam,Right,Null,NotReferred,Null,False,False,False,False,False,True,,False,False,False,False,False,False,1,0,0,0,0,False,False,352.0,98.0,Square Leg
1629560,50,4.26,6,0,0,213,3,6,76074,,39423,County Championship Division Two 2026,1,41,Kent Men,38,Middlesex Men,8702338,2026-08-20T13:59:40Z,6,303,False,,,,2683,Tom Helm,137,Sam Northeast,125,Daniel Bell-Drummond,Right,4,0,4,4,,HalfVolley,OffStump,,OutsideEdge,FrontFoot,Worked,NoMovement,Over,FastSeam,Right,Null,NotReferred,Null,False,False,False,False,False,True,,False,False,False,False,False,False,4,0,0,0,0,True,False,112.0,161.0,
1629565,51,4.18,0,0,0,213,3,0,76074,,39423,County Championship Division Two 2026,1,41,Kent Men,38,Middlesex Men,8702343,2026-08-20T14:00:41Z,1,304,False,,,,1739,Toby Roland-Jones,125,Daniel Bell-Drummond,137,Sam Northeast,Right,0,0,0,0,,LengthBall,OutsideOff,,Spliced,FrontFoot,ForwardDefensive,NoMovement,Over,Medium,Right,Null,NotReferred,Null,False,False,False,False,False,True,,False,False,False,False,False,False,0,0,0,0,0,False,False,187.0,39.0,Cover
1629565,51,4.18,0,0,0,213,3,0,76074,,39423,County Championship Division Two 2026,1,41,Kent Men,38,Middlesex Men,8702347,2026-08-20T14:01:16Z,2,305,False,,,,1739,Toby Roland-Jones,125,Daniel Bell-Drummond,137,Sam Northeast,Right,0,0,0,0,,LengthBall,OutsideOff,,Left,NoMovement,Leave,AwaySwinger,Over,Medium,Right,Null,NotReferred,Null,False,False,False,False,False,True,,False,False,False,False,False,False,0,0,0,0,0,False,False,,,Wicketkeeper
1629565,51,4.18,0,0,0,213,3,0,76074,,39423,County Championship Division Two 2026,1,41,Kent Men,38,Middlesex Men,8702353,2026-08-20T14:01:49Z,3,306,False,,,,1739,Toby Roland-Jones,125,Daniel Bell-Drummond,137,Sam Northeast,Right,0,0,0,0,,LengthBall,OutsideOff,,Missed,BackFoot,BackwardDefensive,SeamAway,Over,Medium,Right,Null,NotReferred,Null,False,False,False,False,False,True,,False,False,False,False,False,False,0,0,0,0,0,False,False,,,Wicketkeeper
1629565,51,4.18,0,0,0,213,3,0,76074,,39423,County Championship Division Two 2026,1,41,Kent Men,38,Middlesex Men,8702359,2026-08-20T14:02:25Z,4,307,False,,,,1739,Toby Roland-Jones,125,Daniel Bell-Drummond,137,Sam Northeast,Right,0,0,0,0,,HalfVolley,OutsideOff,,MisTimed,FrontFoot,Drive,NoMovement,Over,Medium,Right,Null,NotReferred,Null,False,False,False,False,False,True,,False,False,False,False,False,False,0,0,0,0,0,False,False,277.0,66.0,Mid On
1629565,51,4.18,0,0,0,213,3,0,76074,,39423,County Championship Division Two 2026,1,41,Kent Men,38,Middlesex Men,8702365,2026-08-20T14:03:03Z,5,308,False,,,,1739,Toby Roland-Jones,125,Daniel Bell-Drummond,137,Sam Northeast,Right,0,0,0,0,,LengthBall,OutsideOff,,Left,NoMovement,Leave,AwaySwinger,Over,Medium,Right,Null,NotReferred,Null,False,False,False,False,False,True,,False,False,False,False,False,False,0,0,0,0,0,False,False,,,Wicketkeeper
1629565,51,4.18,0,0,0,213,3,0,76074,,39423,County Championship Division Two 2026,1,41,Kent Men,38,Middlesex Men,8702372,2026-08-20T14:03:34Z,6,309,False,,,,1739,Toby Roland-Jones,125,Daniel Bell-Drummond,137,Sam Northeast,Right,0,0,0,0,,HalfVolley,OffStump,,InsideEdge,FrontFoot,Flick,NoMovement,Over,Medium,Right,Null,NotReferred,Null,False,False,False,False,False,True,,False,False,False,False,False,False,0,0,0,0,0,False,False,181.0,48.0,Cover
1629570,52,4.17,4,0,0,217,3,4,76074,,39423,County Championship Division Two 2026,1,41,Kent Men,38,Middlesex Men,8702376,2026-08-20T14:04:19Z,1,310,False,,,,2683,Tom Helm,137,Sam Northeast,125,Daniel Bell-Drummond,Right,0,0,0,0,,LengthBall,LegStump,,HitPad,FrontFoot,Flick,NoMovement,Over,FastSeam,Right,Null,NotReferred,Null,False,False,False,False,False,True,,False,False,False,False,False,False,0,0,0,0,0,False,False,73.0,24.0,Wicketkeeper
1629570,52,4.17,4,0,0,217,3,4,76074,,39423,County Championship Division Two 2026,1,41,Kent Men,38,Middlesex Men,8702384,2026-08-20T14:04:59Z,2,311,False,,,,2683,Tom Helm,137,Sam Northeast,125,Daniel Bell-Drummond,Right,1,0,1,1,,LengthBall,OutsideOff,,WellTimed,BackFoot,Pushed,NoMovement,Over,FastSeam,Right,Null,NotReferred,Null,False,False,False,False,False,True,,False,False,False,False,False,False,1,0,0,0,0,False,False,155.0,115.0,Deep Backward Point
1629570,52,4.17,4,0,0,217,3,4,76074,,39423,County Championship Division Two 2026,1,41,Kent Men,38,Middlesex Men,8702392,2026-08-20T14:05:38Z,3,312,False,,,,2683,Tom Helm,125,Daniel Bell-Drummond,137,Sam Northeast,Right,2,0,2,2,,LengthBall,OutsideOff,,WellTimed,BackFoot,Cut,NoMovement,Over,FastSeam,Right,Null,NotReferred,Null,False,False,False,False,False,True,,False,False,False,False,False,False,2,0,0,0,0,False,False,189.0,149.0,Deep Cover
1629570,52,4.17,4,0,0,217,3,4,76074,,39423,County Championship Division Two 2026,1,41,Kent Men,38,Middlesex Men,8702396,2026-08-20T14:06:15Z,4,313,False,,,,2683,Tom Helm,125,Daniel Bell-Drummond,137,Sam Northeast,Right,0,0,0,0,,LengthBall,OutsideOff,,Left,NoMovement,Leave,NoMovement,Over,FastSeam,Right,Null,NotReferred,Null,False,False,False,False,False,True,,False,False,False,False,False,False,0,0,0,0,0,False,False,,,Wicketkeeper
1629570,52,4.17,4,0,0,217,3,4,76074,,39423,County Championship Division Two 2026,1,41,Kent Men,38,Middlesex Men,8702401,2026-08-20T14:06:46Z,5,314,False,,,,2683,Tom Helm,125,Daniel Bell-Drummond,137,Sam Northeast,Right,0,0,0,0,,LengthBall,OutsideOff,,Missed,FrontFoot,ForwardDefensive,AwaySwinger,Over,FastSeam,Right,Null,NotReferred,Null,False,False,False,False,False,True,,False,False,False,False,False,False,0,0,0,0,0,False,False,,,Wicketkeeper
1629570,52,4.17,4,0,0,217,3,4,76074,,39423,County Championship Division Two 2026,1,41,Kent Men,38,Middlesex Men,8702407,2026-08-20T14:07:24Z,6,315,False,,,,2683,Tom Helm,125,Daniel Bell-Drummond,137,Sam Northeast,Right,1,0,1,1,,LengthBall,OffStump,,Middled,FrontFoot,Pull,NoMovement,Over,FastSeam,Right,Null,NotReferred,Null,False,False,False,False,False,True,,False,False,False,False,False,False,1,0,0,0,0,False,False,3.0,130.0,Deep Backward Square Leg
1629577,53,4.11,1,0,0,218,3,1,76074,,39423,County Championship Division Two 2026,1,41,Kent Men,38,Middlesex Men,8702414,2026-08-20T14:08:26Z,1,316,False,,,,1739,Toby Roland-Jones,125,Daniel Bell-Drummond,137,Sam Northeast,Right,0,0,0,0,,LengthBall,OffStump,,None,FrontFoot,Pushed,NoMovement,Over,Medium,Right,Null,NotReferred,Null,False,False,False,False,False,True,,False,False,False,False,False,False,0,0,0,0,0,False,False,294.0,58.0,Mid On
1629577,53,4.11,1,0,0,218,3,1,76074,,39423,County Championship Division Two 2026,1,41,Kent Men,38,Middlesex Men,8702420,2026-08-20T14:09:00Z,2,317,False,,,,1739,Toby Roland-Jones,125,Daniel Bell-Drummond,137,Sam Northeast,Right,0,0,0,0,,LengthBall,OutsideOff,,None,FrontFoot,ForwardDefensive,NoMovement,Over,Medium,Right,Null,NotReferred,Null,False,False,False,False,False,True,,False,False,False,False,False,False,0,0,0,0,0,False,False,224.0,48.0,Extra Cover
1629577,53,4.11,1,0,0,218,3,1,76074,,39423,County Championship Division Two 2026,1,41,Kent Men,38,Middlesex Men,8702425,2026-08-20T14:09:35Z,3,318,False,,,,1739,Toby Roland-Jones,125,Daniel Bell-Drummond,137,Sam Northeast,Right,0,0,0,0,,LengthBall,OutsideOff,,WellTimed,BackFoot,Pushed,NoMovement,Over,Medium,Right,Null,NotReferred,Null,False,False,False,False,False,True,,False,False,False,False,False,False,0,0,0,0,0,False,False,258.0,42.0,Bowler
1629577,53,4.11,1,0,0,218,3,1,76074,,39423,County Championship Division Two 2026,1,41,Kent Men,38,Middlesex Men,8702430,2026-08-20T14:10:09Z,4,319,False,,,,1739,Toby Roland-Jones,125,Daniel Bell-Drummond,137,Sam Northeast,Right,0,0,0,0,,LengthBall,OutsideOff,Lbw,HitPad,NoMovement,Pushed,SeamIn,Over,Medium,Right,Null,NotReferred,Null,False,False,False,False,False,True,1890.0,False,False,False,False,False,False,0,0,0,0,0,False,False,,,
1629577,53,4.11,1,0,0,218,3,1,76074,,39423,County Championship Division Two 2026,1,41,Kent Men,38,Middlesex Men,8702436,2026-08-20T14:10:51Z,5,320,False,,,,1739,Toby Roland-Jones,125,Daniel Bell-Drummond,137,Sam Northeast,Right,1,0,1,1,,BackOfALength,OutsideOff,,MisTimed,BackFoot,Pull,NoMovement,Over,Medium,Right,Null,NotReferred,Null,False,False,False,False,False,True,,False,False,False,False,False,False,1,0,0,0,0,False,False,39.0,111.0,Fine Leg
1629577,53,4.11,1,0,0,218,3,1,76074,,39423,County Championship Division Two 2026,1,41,Kent Men,38,Middlesex Men,8702440,2026-08-20T14:11:30Z,6,321,False,,,,1739,Toby Roland-Jones,137,Sam Northeast,125,Daniel Bell-Drummond,Right,0,0,0,0,,LengthBall,OutsideOff,,None,FrontFoot,ForwardDefensive,NoMovement,Over,Medium,Right,Null,NotReferred,Null,False,False,False,False,False,True,,False,False,False,False,False,False,0,0,0,0,0,False,False,218.0,37.0,Extra Cover
1629584,54,4.04,0,0,0,218,3,0,76074,,39423,County Championship Division Two 2026,1,41,Kent Men,38,Middlesex Men,8702455,2026-08-20T14:12:51Z,1,322,False,,,,39,Ryan Higgins,125,Daniel Bell-Drummond,137,Sam Northeast,Right,0,0,0,0,,HalfVolley,OffStump,,MisTimed,FrontFoot,Drive,NoMovement,Over,Medium,Right,Null,NotReferred,Null,False,False,False,False,False,True,,False,False,False,False,False,False,0,0,0,0,0,False,False,287.0,78.0,Mid On
1629584,54,4.04,0,0,0,218,3,0,76074,,39423,County Championship Division Two 2026,1,41,Kent Men,38,Middlesex Men,8702459,2026-08-20T14:13:23Z,2,323,False,,,,39,Ryan Higgins,125,Daniel Bell-Drummond,137,Sam Northeast,Right,0,0,0,0,,LengthBall,OutsideOff,,Missed,FrontFoot,ForwardDefensive,AwaySwinger,Over,Medium,Right,Null,NotReferred,Null,False,False,False,False,False,True,,False,False,False,False,False,False,0,0,0,0,0,False,False,,,Wicketkeeper
1629584,54,4.04,0,0,0,218,3,0,76074,,39423,County Championship Division Two 2026,1,41,Kent Men,38,Middlesex Men,8702464,2026-08-20T14:14:09Z,3,324,False,,,,39,Ryan Higgins,125,Daniel Bell-Drummond,137,Sam Northeast,Right,0,0,0,0,,LengthBall,OffStump,,None,FrontFoot,ForwardDefensive,AwaySwinger,Over,Medium,Right,Null,NotReferred,Null,False,False,False,False,False,True,,False,False,False,False,False,False,0,0,0,0,0,False,False,265.0,41.0,Bowler
1629584,54,4.04,0,0,0,218,3,0,76074,,39423,County Championship Division Two 2026,1,41,Kent Men,38,Middlesex Men,8702469,2026-08-20T14:14:41Z,4,325,False,,,,39,Ryan Higgins,125,Daniel Bell-Drummond,137,Sam Northeast,Right,0,0,0,0,,LengthBall,OutsideOff,,InsideEdge,FrontFoot,ForwardDefensive,InSwinger,Over,Medium,Right,Null,NotReferred,Null,False,False,False,False,False,True,,False,False,False,False,False,False,0,0,0,0,0,False,False,218.0,25.0,Extra Cover
1629584,54,4.04,0,0,0,218,3,0,76074,,39423,County Championship Division Two 2026,1,41,Kent Men,38,Middlesex Men,8702475,2026-08-20T14:15:16Z,5,326,False,,,,39,Ryan Higgins,125,Daniel Bell-Drummond,137,Sam Northeast,Right,0,0,0,0,,LengthBall,OffStump,,MisTimed,DownTheTrack,Worked,NoMovement,Over,Medium,Right,Null,NotReferred,Null,False,False,False,False,False,True,,False,False,False,False,False,False,0,0,0,0,0,False,False,287.0,69.0,Mid On
1629584,54,4.04,0,0,0,218,3,0,76074,,39423,County Championship Division Two 2026,1,41,Kent Men,38,Middlesex Men,8702479,2026-08-20T14:15:50Z,6,327,False,,,,39,Ryan Higgins,125,Daniel Bell-Drummond,137,Sam Northeast,Right,0,0,0,0,,LengthBall,OutsideOff,,None,BackFoot,Dropped,NoMovement,Over,Medium,Right,Null,NotReferred,Null,False,False,False,False,False,True,,False,False,False,False,False,False,0,0,0,0,0,False,False,192.0,51.0,Cover
1629589,55,3.98,1,1,0,219,4,1,76074,,39423,County Championship Division Two 2026,1,41,Kent Men,38,Middlesex Men,8702486,2026-08-20T14:16:46Z,1,328,False,,,,1739,Toby Roland-Jones,137,Sam Northeast,125,Daniel Bell-Drummond,Right,0,0,0,0,,LengthBall,LegStump,,PlayAndMissLegSide,BackFoot,Glance,NoMovement,Over,Medium,Right,Null,NotReferred,Null,False,False,False,False,False,True,,False,False,False,False,False,False,0,0,0,0,0,False,False,,,Wicketkeeper
1629589,55,3.98,1,1,0,219,4,1,76074,,39423,County Championship Division Two 2026,1,41,Kent Men,38,Middlesex Men,8702491,2026-08-20T14:17:22Z,2,329,False,,,,1739,Toby Roland-Jones,137,Sam Northeast,125,Daniel Bell-Drummond,Right,0,0,0,0,,LengthBall,OutsideOff,,None,BackFoot,BackwardDefensive,NoMovement,Over,Medium,Right,Null,NotReferred,Null,False,False,False,False,False,True,,False,False,False,False,False,False,0,0,0,0,0,False,False,273.0,44.0,Bowler
1629589,55,3.98,1,1,0,219,4,1,76074,,39423,County Championship Division Two 2026,1,41,Kent Men,38,Middlesex Men,8702496,2026-08-20T14:17:58Z,3,330,False,,,,1739,Toby Roland-Jones,137,Sam Northeast,125,Daniel Bell-Drummond,Right,1,0,1,1,,LengthBall,OutsideOff,,InsideEdge,FrontFoot,ForwardDefensive,NoMovement,Over,Medium,Right,Null,NotReferred,Null,False,False,False,False,False,True,,False,False,False,False,False,False,1,0,0,0,0,False,False,20.0,88.0,Backward Square Leg
1629589,55,3.98,1,1,0,219,4,1,76074,,39423,County Championship Division Two 2026,1,41,Kent Men,38,Middlesex Men,8702504,2026-08-20T14:18:39Z,4,331,True,Caught,125.0,Daniel Bell-Drummond,1739,Toby Roland-Jones,125,Daniel Bell-Drummond,137,Sam Northeast,Right,0,0,0,0,Caught,LengthBall,OutsideOff,Caught,OutsideEdge,FrontFoot,ForwardDefensive,AwaySwinger,Over,Medium,Right,Null,NotReferred,Null,False,False,False,False,False,True,1890.0,False,False,False,False,False,False,0,0,0,0,0,False,False,89.0,12.0,Wicketkeeper
1629589,55,3.98,1,1,0,219,4,1,76074,,39423,County Championship Division Two 2026,1,41,Kent Men,38,Middlesex Men,8702517,2026-08-20T14:20:46Z,5,332,False,,,,1739,Toby Roland-Jones,2517,Chris Benjamin,137,Sam Northeast,Right,0,0,0,0,,LengthBall,OutsideOff,,Missed,FrontFoot,ForwardDefensive,AwaySwinger,Over,Medium,Right,Null,NotReferred,Null,False,False,False,False,False,True,,False,False,False,False,False,False,0,0,0,0,0,False,False,,,Wicketkeeper
1629589,55,3.98,1,1,0,219,4,1,76074,,39423,County Championship Division Two 2026,1,41,Kent Men,38,Middlesex Men,8702522,2026-08-20T14:21:22Z,6,333,False,,,,1739,Toby Roland-Jones,2517,Chris Benjamin,137,Sam Northeast,Right,0,0,0,0,,LengthBall,OutsideOff,,MisTimed,BackFoot,Pull,NoMovement,Over,Medium,Right,Null,NotReferred,Null,False,False,False,False,False,True,,False,False,False,False,False,False,0,0,0,0,0,False,False,281.0,88.0,Mid On
1629596,56,3.95,2,0,0,221,4,2,76074,,39423,County Championship Division Two 2026,1,41,Kent Men,38,Middlesex Men,8702527,2026-08-20T14:22:15Z,1,334,False,,,,39,Ryan Higgins,137,Sam Northeast,2517,Chris Benjamin,Right,0,0,0,0,,LengthBall,OutsideOff,,ShouldersArms,NoMovement,ShouldersArms,AwaySwinger,Over,Medium,Right,Null,NotReferred,Null,False,False,False,False,False,True,,False,False,False,False,False,False,0,0,0,0,0,False,False,,,Wicketkeeper
1629596,56,3.95,2,0,0,221,4,2,76074,,39423,County Championship Division Two 2026,1,41,Kent Men,38,Middlesex Men,8702532,2026-08-20T14:22:44Z,2,335,False,,,,39,Ryan Higgins,137,Sam Northeast,2517,Chris Benjamin,Right,0,0,0,0,,LengthBall,OutsideOff,,Missed,BackFoot,BackwardDefensive,AwaySwinger,Over,Medium,Right,Null,NotReferred,Null,False,False,False,False,False,True,,False,False,False,False,False,False,0,0,0,0,0,False,False,,,Wicketkeeper
1629596,56,3.95,2,0,0,221,4,2,76074,,39423,County Championship Division Two 2026,1,41,Kent Men,38,Middlesex Men,8702539,2026-08-20T14:23:15Z,3,336,False,,,,39,Ryan Higgins,137,Sam Northeast,2517,Chris Benjamin,Right,1,0,1,1,,LengthBall,OutsideOff,,None,FrontFoot,Pushed,NoMovement,Over,Medium,Right,Null,NotReferred,Null,False,False,False,False,False,True,,False,False,False,False,False,False,1,0,0,0,0,False,False,188.0,98.0,Cover
1629596,56,3.95,2,0,0,221,4,2,76074,,39423,County Championship Division Two 2026,1,41,Kent Men,38,Middlesex Men,8702546,2026-08-20T14:24:09Z,4,337,False,,,,39,Ryan Higgins,2517,Chris Benjamin,137,Sam Northeast,Right,0,0,0,0,,HalfVolley,OffStump,,MisTimed,FrontFoot,Drive,InSwinger,Over,Medium,Right,Null,NotReferred,Null,False,False,False,False,False,True,,False,False,False,False,False,False,0,0,0,0,0,False,False,284.0,86.0,Mid On
1629596,56,3.95,2,0,0,221,4,2,76074,,39423,County Championship Division Two 2026,1,41,Kent Men,38,Middlesex Men,8702549,2026-08-20T14:24:42Z,5,338,False,,,,39,Ryan Higgins,2517,Chris Benjamin,137,Sam Northeast,Right,0,0,0,0,,LengthBall,OffStump,,None,FrontFoot,Pushed,NoMovement,Over,Medium,Right,Null,NotReferred,Null,False,False,False,False,False,True,,False,False,False,False,False,False,0,0,0,0,0,False,False,278.0,75.0,Mid On
1629596,56,3.95,2,0,0,221,4,2,76074,,39423,County Championship Division Two 2026,1,41,Kent Men,38,Middlesex Men,8702555,2026-08-20T14:25:14Z,6,339,False,,,,39,Ryan Higgins,2517,Chris Benjamin,137,Sam Northeast,Right,1,0,1,1,,LengthBall,Wide,,BottomEdge,FrontFoot,Drive,AwaySwinger,Over,Medium,Right,Null,NotReferred,Null,False,False,False,False,False,True,,False,False,False,False,False,False,1,0,0,0,0,False,False,48.0,40.0,Wicketkeeper
1629602,57,3.98,6,0,0,227,4,6,76074,,39423,County Championship Division Two 2026,1,41,Kent Men,38,Middlesex Men,8702565,2026-08-20T14:26:13Z,1,340,False,,,,1739,Toby Roland-Jones,2517,Chris Benjamin,137,Sam Northeast,Right,1,0,1,1,,LengthBall,OffStump,,None,FrontFoot,Worked,NoMovement,Over,Medium,Right,Null,NotReferred,Null,False,False,False,False,False,True,,False,False,False,False,False,False,1,0,0,0,0,False,False,29.0,111.0,Deep Backward Square Leg
1629602,57,3.98,6,0,0,227,4,6,76074,,39423,County Championship Division Two 2026,1,41,Kent Men,38,Middlesex Men,8702568,2026-08-20T14:26:53Z,2,341,False,,,,1739,Toby Roland-Jones,137,Sam Northeast,2517,Chris Benjamin,Right,0,0,0,0,,LengthBall,Wide,,ShouldersArms,NoMovement,ShouldersArms,AwaySwinger,Over,Medium,Right,Null,NotReferred,Null,False,False,False,False,False,True,,False,False,False,False,False,False,0,0,0,0,0,False,False,,,Wicketkeeper
1629602,57,3.98,6,0,0,227,4,6,76074,,39423,County Championship Division Two 2026,1,41,Kent Men,38,Middlesex Men,8702575,2026-08-20T14:27:28Z,3,342,False,,,,1739,Toby Roland-Jones,137,Sam Northeast,2517,Chris Benjamin,Right,1,0,1,1,,LengthBall,OutsideOff,,None,BackFoot,Pushed,NoMovement,Over,Medium,Right,Null,NotReferred,Null,False,False,False,False,False,True,,False,False,False,False,False,False,1,0,0,0,0,False,False,207.0,61.0,Cover
1629602,57,3.98,6,0,0,227,4,6,76074,,39423,County Championship Division Two 2026,1,41,Kent Men,38,Middlesex Men,8702579,2026-08-20T14:28:02Z,4,343,False,,,,1739,Toby Roland-Jones,2517,Chris Benjamin,137,Sam Northeast,Right,0,0,0,0,,LengthBall,OutsideOff,,Missed,FrontFoot,ForwardDefensive,AwaySwinger,Over,Medium,Right,Null,NotReferred,Null,False,False,False,False,False,True,,False,False,False,False,False,False,0,0,0,0,0,False,False,,,Wicketkeeper
1629602,57,3.98,6,0,0,227,4,6,76074,,39423,County Championship Division Two 2026,1,41,Kent Men,38,Middlesex Men,8702584,2026-08-20T14:28:37Z,5,344,False,,,,1739,Toby Roland-Jones,2517,Chris Benjamin,137,Sam Northeast,Right,0,0,0,0,,LengthBall,OutsideOff,,None,FrontFoot,ForwardDefensive,AwaySwinger,Over,Medium,Right,Null,NotReferred,Null,False,False,False,False,False,True,,False,False,False,False,False,False,0,0,0,0,0,False,False,273.0,37.0,Bowler
1629602,57,3.98,6,0,0,227,4,6,76074,,39423,County Championship Division Two 2026,1,41,Kent Men,38,Middlesex Men,8702591,2026-08-20T14:29:20Z,6,345,False,,,,1739,Toby Roland-Jones,2517,Chris Benjamin,137,Sam Northeast,Right,4,0,4,4,,HalfVolley,OffStump,,WellTimed,FrontFoot,Flick,NoMovement,Over,Medium,Right,Null,NotReferred,Null,False,False,False,False,True,True,,False,False,False,False,False,False,4,0,0,0,0,True,False,352.0,171.0,
1629610,58,4.03,7,0,0,234,4,7,76074,,39423,County Championship Division Two 2026,1,41,Kent Men,38,Middlesex Men,8702605,2026-08-20T14:30:29Z,1,346,False,,,,39,Ryan Higgins,137,Sam Northeast,2517,Chris Benjamin,Right,1,0,1,1,,HalfVolley,OffStump,,WellTimed,FrontFoot,Drive,NoMovement,Over,Medium,Right,Null,NotReferred,Null,False,False,False,False,False,True,,False,False,False,False,False,False,1,0,0,0,0,False,False,284.0,88.0,Mid On
1629610,58,4.03,7,0,0,234,4,7,76074,,39423,County Championship Division Two 2026,1,41,Kent Men,38,Middlesex Men,8702610,2026-08-20T14:31:05Z,2,347,False,,,,39,Ryan Higgins,2517,Chris Benjamin,137,Sam Northeast,Right,0,0,0,0,,LengthBall,OffStump,,None,BackFoot,Pushed,NoMovement,Over,Medium,Right,Null,NotReferred,Null,False,False,False,False,False,True,,False,False,False,False,False,False,0,0,0,0,0,False,False,284.0,68.0,Mid On
1629610,58,4.03,7,0,0,234,4,7,76074,,39423,County Championship Division Two 2026,1,41,Kent Men,38,Middlesex Men,8702616,2026-08-20T14:31:40Z,3,348,False,,,,39,Ryan Higgins,2517,Chris Benjamin,137,Sam Northeast,Right,0,0,0,0,,LengthBall,OffStump,Lbw,HitPad,FrontFoot,Worked,InSwinger,Over,Medium,Right,Null,NotReferred,Null,False,False,False,False,False,True,1808.0,False,False,False,False,False,False,0,0,0,0,0,False,False,,,Wicketkeeper
1629610,58,4.03,7,0,0,234,4,7,76074,,39423,County Championship Division Two 2026,1,41,Kent Men,38,Middlesex Men,8702625,2026-08-20T14:32:36Z,4,349,False,,,,39,Ryan Higgins,2517,Chris Benjamin,137,Sam Northeast,Right,2,2,2,0,,LengthBall,OffStump,,None,FrontFoot,Pushed,NoMovement,Over,Medium,Right,Null,NotReferred,1,False,True,False,False,False,True,,False,False,False,False,False,False,2,0,0,0,2,False,False,289.0,79.0,Mid On
1629610,58,4.03,7,0,0,234,4,7,76074,,39423,County Championship Division Two 2026,1,41,Kent Men,38,Middlesex Men,8702630,2026-08-20T14:33:06Z,4,350,False,,,,39,Ryan Higgins,2517,Chris Benjamin,137,Sam Northeast,Right,0,0,0,0,,LengthBall,OffStump,,None,FrontFoot,ForwardDefensive,NoMovement,Over,Medium,Right,Null,NotReferred,Null,False,False,False,False,False,True,,False,False,False,False,False,False,0,0,0,0,0,False,False,229.0,48.0,Extra Cover
1629610,58,4.03,7,0,0,234,4,7,76074,,39423,County Championship Division Two 2026,1,41,Kent Men,38,Middlesex Men,8702635,2026-08-20T14:33:42Z,5,351,False,,,,39,Ryan Higgins,2517,Chris Benjamin,137,Sam Northeast,Right,0,0,0,0,,HalfVolley,OutsideOff,,Middled,FrontFoot,Drive,NoMovement,Over,Medium,Right,Null,NotReferred,Null,False,False,False,False,False,True,,False,False,False,False,False,False,0,0,0,0,0,False,False,242.0,79.0,Mid Off
1629610,58,4.03,7,0,0,234,4,7,76074,,39423,County Championship Division Two 2026,1,41,Kent Men,38,Middlesex Men,8702640,2026-08-20T14:34:13Z,6,352,False,,,,39,Ryan Higgins,2517,Chris Benjamin,137,Sam Northeast,Right,4,0,4,4,,HalfVolley,Wide,,WellTimed,FrontFoot,Drive,AwaySwinger,Over,Medium,Right,Null,NotReferred,Null,False,False,False,False,False,True,,False,False,False,False,False,False,4,0,0,0,0,True,False,193.0,172.0,
1629617,59,4.08,7,0,0,241,4,7,76074,,39423,County Championship Division Two 2026,1,41,Kent Men,38,Middlesex Men,8702651,2026-08-20T14:35:18Z,1,353,False,,,,2625,Eathan Bosch,137,Sam Northeast,2517,Chris Benjamin,Right,0,0,0,0,,LengthBall,OutsideOff,,None,BackFoot,BackwardDefensive,NoMovement,Over,Medium,Right,Null,NotReferred,Null,False,False,False,False,False,True,,False,False,False,False,False,False,0,0,0,0,0,False,False,208.0,44.0,Cover
1629617,59,4.08,7,0,0,241,4,7,76074,,39423,County Championship Division Two 2026,1,41,Kent Men,38,Middlesex Men,8702655,2026-08-20T14:35:50Z,2,354,False,,,,2625,Eathan Bosch,137,Sam Northeast,2517,Chris Benjamin,Right,4,0,4,4,,HalfVolley,OutsideOff,,WellTimed,FrontFoot,Drive,NoMovement,Over,Medium,Right,Null,NotReferred,Null,False,False,False,False,False,True,,False,False,False,False,False,False,4,0,0,0,0,True,False,254.0,180.0,
1629617,59,4.08,7,0,0,241,4,7,76074,,39423,County Championship Division Two 2026,1,41,Kent Men,38,Middlesex Men,8702662,2026-08-20T14:36:25Z,3,355,False,,,,2625,Eathan Bosch,137,Sam Northeast,2517,Chris Benjamin,Right,0,0,0,0,,LengthBall,OutsideOff,,Missed,FrontFoot,Pushed,AwaySwinger,Over,Medium,Right,Null,NotReferred,Null,False,False,False,False,False,True,,False,False,False,False,False,False,0,0,0,0,0,False,False,,,Wicketkeeper
1629617,59,4.08,7,0,0,241,4,7,76074,,39423,County Championship Division Two 2026,1,41,Kent Men,38,Middlesex Men,8702671,2026-08-20T14:37:00Z,4,356,False,,,,2625,Eathan Bosch,137,Sam Northeast,2517,Chris Benjamin,Right,2,0,2,2,,Short,OutsideOff,,None,BackFoot,Pull,NoMovement,Over,Medium,Right,Null,NotReferred,Null,False,False,False,False,False,True,,False,False,False,False,False,False,2,0,0,0,0,False,False,326.0,153.0,Deep Mid Wicket
1629617,59,4.08,7,0,0,241,4,7,76074,,39423,County Championship Division Two 2026,1,41,Kent Men,38,Middlesex Men,8702675,2026-08-20T14:37:37Z,5,357,False,,,,2625,Eathan Bosch,137,Sam Northeast,2517,Chris Benjamin,Right,0,0,0,0,,BackOfALength,OutsideOff,,None,BackFoot,Drive,NoMovement,Over,Medium,Right,Null,NotReferred,Null,False,False,False,False,False,True,,False,False,False,False,False,False,0,0,0,0,0,False,False,201.0,65.0,Cover
1629617,59,4.08,7,0,0,241,4,7,76074,,39423,County Championship Division Two 2026,1,41,Kent Men,38,Middlesex Men,8702679,2026-08-20T14:38:14Z,6,358,False,,,,2625,Eathan Bosch,137,Sam Northeast,2517,Chris Benjamin,Right,1,0,1,1,,LengthBall,OutsideOff,,None,BackFoot,Pushed,NoMovement,Over,Medium,Right,Null,NotReferred,Null,False,False,False,False,False,True,,False,False,False,False,False,False,1,0,0,0,0,False,False,166.0,106.0,Deep Backward Point
1629624,60,4.08,4,0,0,245,4,4,76074,,39423,County Championship Division Two 2026,1,41,Kent Men,38,Middlesex Men,8702689,2026-08-20T14:39:11Z,1,359,False,,,,39,Ryan Higgins,137,Sam Northeast,2517,Chris Benjamin,Right,0,0,0,0,,LengthBall,OffStump,,Spliced,FrontFoot,ForwardDefensive,InSwinger,Over,Medium,Right,Null,NotReferred,Null,False,False,False,False,False,True,,False,False,False,False,False,False,0,0,0,0,0,False,False,337.0,50.0,Square Leg
1629624,60,4.08,4,0,0,245,4,4,76074,,39423,County Championship Division Two 2026,1,41,Kent Men,38,Middlesex Men,8702697,2026-08-20T14:39:55Z,2,360,False,,,,39,Ryan Higgins,137,Sam Northeast,2517,Chris Benjamin,Right,0,0,0,0,,LengthBall,OutsideOff,,HitPad,FrontFoot,ForwardDefensive,InSwinger,Over,Medium,Right,Null,NotReferred,Null,False,False,False,False,False,True,,False,False,False,False,False,False,0,0,0,0,0,False,False,196.0,37.0,Cover
1629624,60,4.08,4,0,0,245,4,4,76074,,39423,County Championship Division Two 2026,1,41,Kent Men,38,Middlesex Men,8702707,2026-08-20T14:40:49Z,3,361,False,,,,39,Ryan Higgins,137,Sam Northeast,2517,Chris Benjamin,Right,0,0,0,0,,BackOfALength,OffStump,,HitPad,DownTheTrack,Worked,InSwinger,Over,Medium,Right,Null,NotReferred,Null,False,False,False,False,False,True,,False,False,False,False,False,False,0,0,0,0,0,False,False,333.0,47.0,Square Leg
1629624,60,4.08,4,0,0,245,4,4,76074,,39423,County Championship Division Two 2026,1,41,Kent Men,38,Middlesex Men,8702718,2026-08-20T14:42:06Z,4,362,False,,,,39,Ryan Higgins,137,Sam Northeast,2517,Chris Benjamin,Right,4,0,4,4,,LengthBall,OutsideOff,,InsideEdge,FrontFoot,Drive,AwaySwinger,Over,Medium,Right,Null,NotReferred,Null,False,False,False,False,False,True,,False,False,False,False,False,False,4,0,0,0,0,True,False,79.0,160.0,
1629624,60,4.08,4,0,0,245,4,4,76074,,39423,County Championship Division Two 2026,1,41,Kent Men,38,Middlesex Men,8702725,2026-08-20T14:42:49Z,5,363,False,,,,39,Ryan Higgins,137,Sam Northeast,2517,Chris Benjamin,Right,0,0,0,0,,LengthBall,OffStump,,Missed,NoMovement,ForwardDefensive,AwaySwinger,Over,Medium,Right,Null,NotReferred,Null,False,False,False,False,False,True,,False,False,False,False,False,False,0,0,0,0,0,False,False,,,Wicketkeeper
1629624,60,4.08,4,0,0,245,4,4,76074,,39423,County Championship Division Two 2026,1,41,Kent Men,38,Middlesex Men,8702728,2026-08-20T14:43:20Z,6,364,False,,,,39,Ryan Higgins,137,Sam Northeast,2517,Chris Benjamin,Right,0,0,0,0,,HalfVolley,OffStump,,MisTimed,FrontFoot,Drive,NoMovement,Over,Medium,Right,Null,NotReferred,Null,False,False,False,False,False,True,,False,False,False,False,False,False,0,0,0,0,0,False,False,285.0,79.0,Mid On
1629632,61,4.26,15,0,0,260,4,15,76074,,39423,County Championship Division Two 2026,1,41,Kent Men,38,Middlesex Men,8702740,2026-08-20T14:44:16Z,1,365,False,,,,2625,Eathan Bosch,2517,Chris Benjamin,137,Sam Northeast,Right,0,0,0,0,,HalfVolley,Wide,,Missed,FrontFoot,Drive,AwaySwinger,Over,Medium,Right,Null,NotReferred,Null,False,False,False,False,False,True,,False,False,False,False,False,False,0,0,0,0,0,False,False,,,Wicketkeeper
1629632,61,4.26,15,0,0,260,4,15,76074,,39423,County Championship Division Two 2026,1,41,Kent Men,38,Middlesex Men,8702747,2026-08-20T14:44:50Z,2,366,False,,,,2625,Eathan Bosch,2517,Chris Benjamin,137,Sam Northeast,Right,0,4,4,0,,LengthBall,OffStump,,HitPad,BackFoot,Glance,NoMovement,Over,Medium,Right,Null,NotReferred,Null,False,False,False,True,False,True,,False,False,False,False,False,False,4,0,0,4,0,False,False,,,
1629632,61,4.26,15,0,0,260,4,15,76074,,39423,County Championship Division Two 2026,1,41,Kent Men,38,Middlesex Men,8702753,2026-08-20T14:45:32Z,3,367,False,,,,2625,Eathan Bosch,2517,Chris Benjamin,137,Sam Northeast,Right,4,0,4,4,,LengthBall,OutsideOff,,WellTimed,FrontFoot,Steer,AwaySwinger,Over,Medium,Right,Null,NotReferred,Null,False,False,False,False,False,True,,False,False,False,False,False,False,4,0,0,0,0,True,False,121.0,161.0,
1629632,61,4.26,15,0,0,260,4,15,76074,,39423,County Championship Division Two 2026,1,41,Kent Men,38,Middlesex Men,8702761,2026-08-20T14:46:15Z,4,368,False,,,,2625,Eathan Bosch,2517,Chris Benjamin,137,Sam Northeast,Right,0,0,0,0,,LengthBall,OutsideOff,,None,BackFoot,Dropped,NoMovement,Over,Medium,Right,Null,NotReferred,Null,False,False,False,False,False,True,,False,False,False,False,False,False,0,0,0,0,0,False,False,172.0,60.0,Backward Point
1629632,61,4.26,15,0,0,260,4,15,76074,,39423,County Championship Division Two 2026,1,41,Kent Men,38,Middlesex Men,8702766,2026-08-20T14:46:58Z,5,369,False,,,,2625,Eathan Bosch,2517,Chris Benjamin,137,Sam Northeast,Right,1,0,1,1,,HalfVolley,OutsideOff,,None,FrontFoot,Drive,NoMovement,Over,Medium,Right,Null,NotReferred,Null,False,False,False,False,False,True,,False,False,False,False,False,False,1,0,0,0,0,False,False,246.0,84.0,Mid Off
1629632,61,4.26,15,0,0,260,4,15,76074,,39423,County Championship Division Two 2026,1,41,Kent Men,38,Middlesex Men,8702772,2026-08-20T14:47:32Z,6,370,False,,,,2625,Eathan Bosch,137,Sam Northeast,2517,Chris Benjamin,Right,2,2,2,0,,LengthBall,LegStump,,PlayAndMissLegSide,BackFoot,Glance,NoMovement,Over,Medium,Right,Null,NotReferred,1,False,True,False,False,False,True,,False,False,False,False,False,False,2,0,0,0,2,False,False,,,Wicketkeeper
1629632,61,4.26,15,0,0,260,4,15,76074,,39423,County Championship Division Two 2026,1,41,Kent Men,38,Middlesex Men,8702774,2026-08-20T14:48:09Z,6,371,False,,,,2625,Eathan Bosch,137,Sam Northeast,2517,Chris Benjamin,Right,4,0,4,4,,HalfVolley,OutsideOff,,Middled,FrontFoot,Drive,NoMovement,Over,Medium,Right,Null,NotReferred,Null,False,False,False,False,False,True,,False,False,False,False,False,False,4,0,0,0,0,True,False,225.0,177.0,
1629639,62,4.19,0,0,0,260,4,0,76074,,39423,County Championship Division Two 2026,1,41,Kent Men,38,Middlesex Men,8702786,2026-08-20T14:49:34Z,1,372,False,,,,39,Ryan Higgins,2517,Chris Benjamin,137,Sam Northeast,Right,0,0,0,0,,LengthBall,OutsideOff,,Left,NoMovement,Leave,AwaySwinger,Over,Medium,Right,Null,NotReferred,Null,False,False,False,False,False,True,,False,False,False,False,False,False,0,0,0,0,0,False,False,,,Wicketkeeper
1629639,62,4.19,0,0,0,260,4,0,76074,,39423,County Championship Division Two 2026,1,41,Kent Men,38,Middlesex Men,8702791,2026-08-20T14:50:01Z,2,373,False,,,,39,Ryan Higgins,2517,Chris Benjamin,137,Sam Northeast,Right,0,0,0,0,,BackOfALength,OutsideOff,,None,BackFoot,Dropped,NoMovement,Over,Medium,Right,Null,NotReferred,Null,False,False,False,False,False,True,,False,False,False,False,False,False,0,0,0,0,0,False,False,220.0,57.0,Extra Cover
1629639,62,4.19,0,0,0,260,4,0,76074,,39423,County Championship Division Two 2026,1,41,Kent Men,38,Middlesex Men,8702798,2026-08-20T14:50:35Z,3,374,False,,,,39,Ryan Higgins,2517,Chris Benjamin,137,Sam Northeast,Right,0,0,0,0,,LengthBall,OffStump,,None,FrontFoot,ForwardDefensive,NoMovement,Over,Medium,Right,Null,NotReferred,Null,False,False,False,False,False,True,,False,False,False,False,False,False,0,0,0,0,0,False,False,259.0,47.0,Bowler
1629639,62,4.19,0,0,0,260,4,0,76074,,39423,County Championship Division Two 2026,1,41,Kent Men,38,Middlesex Men,8702802,2026-08-20T14:51:08Z,4,375,False,,,,39,Ryan Higgins,2517,Chris Benjamin,137,Sam Northeast,Right,0,0,0,0,,LengthBall,OffStump,,None,FrontFoot,Pushed,NoMovement,Over,Medium,Right,Null,NotReferred,Null,False,False,False,False,False,True,,False,False,False,False,False,False,0,0,0,0,0,False,False,271.0,41.0,Bowler
1629639,62,4.19,0,0,0,260,4,0,76074,,39423,County Championship Division Two 2026,1,41,Kent Men,38,Middlesex Men,8702809,2026-08-20T14:51:42Z,5,376,False,,,,39,Ryan Higgins,2517,Chris Benjamin,137,Sam Northeast,Right,0,0,0,0,,LengthBall,MiddleStump,,HitPad,FrontFoot,Glance,NoMovement,Over,Medium,Right,Null,NotReferred,Null,False,False,False,False,False,True,,False,False,False,False,False,False,0,0,0,0,0,False,False,62.0,34.0,Wicketkeeper
1629639,62,4.19,0,0,0,260,4,0,76074,,39423,County Championship Division Two 2026,1,41,Kent Men,38,Middlesex Men,8702815,2026-08-20T14:52:16Z,6,377,False,,,,39,Ryan Higgins,2517,Chris Benjamin,137,Sam Northeast,Right,0,0,0,0,,LengthBall,OffStump,,None,FrontFoot,ForwardDefensive,NoMovement,Over,Medium,Right,Null,NotReferred,Null,False,False,False,False,False,True,,False,False,False,False,False,False,0,0,0,0,0,False,False,252.0,78.0,Mid Off
1629645,63,4.17,3,0,0,263,4,3,76074,,39423,County Championship Division Two 2026,1,41,Kent Men,38,Middlesex Men,8702824,2026-08-20T14:53:31Z,1,378,False,,,,4202,Zafar Gohar,137,Sam Northeast,2517,Chris Benjamin,Right,0,0,0,0,,LengthBall,OffStump,,None,FrontFoot,ForwardDefensive,StockBall,Round,Orthodox,Left,Null,NotReferred,Null,False,False,False,False,False,True,,False,False,False,False,False,False,0,0,0,0,0,False,False,247.0,40.0,Mid Off
1629645,63,4.17,3,0,0,263,4,3,76074,,39423,County Championship Division Two 2026,1,41,Kent Men,38,Middlesex Men,8702827,2026-08-20T14:53:50Z,2,379,False,,,,4202,Zafar Gohar,137,Sam Northeast,2517,Chris Benjamin,Right,0,0,0,0,,LengthBall,OutsideOff,,WellTimed,BackFoot,Cut,StockBall,Round,Orthodox,Left,Null,NotReferred,Null,False,False,False,False,False,True,,False,False,False,False,False,False,0,0,0,0,0,False,False,215.0,60.0,Extra Cover
1629645,63,4.17,3,0,0,263,4,3,76074,,39423,County Championship Division Two 2026,1,41,Kent Men,38,Middlesex Men,8702829,2026-08-20T14:54:13Z,3,380,False,,,,4202,Zafar Gohar,137,Sam Northeast,2517,Chris Benjamin,Right,1,0,1,1,,HalfVolley,MiddleStump,,None,FrontFoot,Flick,StockBall,Round,Orthodox,Left,Null,NotReferred,Null,False,False,False,False,False,True,,False,False,False,False,False,False,1,0,0,0,0,False,False,335.0,67.0,Square Leg
1629645,63,4.17,3,0,0,263,4,3,76074,,39423,County Championship Division Two 2026,1,41,Kent Men,38,Middlesex Men,8702833,2026-08-20T14:54:48Z,4,381,False,,,,4202,Zafar Gohar,2517,Chris Benjamin,137,Sam Northeast,Right,2,0,2,2,,LengthBall,OutsideOff,,None,FrontFoot,Drive,StockBall,Round,Orthodox,Left,Null,NotReferred,Null,False,False,False,False,False,True,,False,False,False,False,False,False,2,0,0,0,0,False,False,165.0,122.0,Point
1629645,63,4.17,3,0,0,263,4,3,76074,,39423,County Championship Division Two 2026,1,41,Kent Men,38,Middlesex Men,8702834,2026-08-20T14:55:22Z,5,382,False,,,,4202,Zafar Gohar,2517,Chris Benjamin,137,Sam Northeast,Right,0,0,0,0,,LengthBall,OffStump,,None,FrontFoot,ForwardDefensive,StockBall,Round,Orthodox,Left,Null,NotReferred,Null,False,False,False,False,False,True,,False,False,False,False,False,False,0,0,0,0,0,False,False,239.0,39.0,Bowler
1629645,63,4.17,3,0,0,263,4,3,76074,,39423,County Championship Division Two 2026,1,41,Kent Men,38,Middlesex Men,8702838,2026-08-20T14:55:35Z,6,383,False,,,,4202,Zafar Gohar,2517,Chris Benjamin,137,Sam Northeast,Right,0,0,0,0,,LengthBall,OffStump,,None,FrontFoot,ForwardDefensive,StockBall,Round,Orthodox,Left,Null,NotReferred,Null,False,False,False,False,False,True,,False,False,False,False,False,False,0,0,0,0,0,False,False,228.0,45.0,Extra Cover
1629648,64,4.23,8,0,0,271,4,8,76074,,39423,County Championship Division Two 2026,1,41,Kent Men,38,Middlesex Men,8702842,2026-08-20T14:56:33Z,1,384,False,,,,39,Ryan Higgins,137,Sam Northeast,2517,Chris Benjamin,Right,0,0,0,0,,LengthBall,OutsideOff,,ShouldersArms,NoMovement,ShouldersArms,AwaySwinger,Over,Medium,Right,Null,NotReferred,Null,False,False,False,False,False,True,,False,False,False,False,False,False,0,0,0,0,0,False,False,,,Wicketkeeper
1629648,64,4.23,8,0,0,271,4,8,76074,,39423,County Championship Division Two 2026,1,41,Kent Men,38,Middlesex Men,8702849,2026-08-20T14:57:08Z,2,385,False,,,,39,Ryan Higgins,137,Sam Northeast,2517,Chris Benjamin,Right,0,0,0,0,,LengthBall,OutsideOff,,Missed,FrontFoot,ForwardDefensive,AwaySwinger,Over,Medium,Right,Null,NotReferred,Null,False,False,False,False,False,True,,False,False,False,False,False,False,0,0,0,0,0,False,False,,,Wicketkeeper
1629648,64,4.23,8,0,0,271,4,8,76074,,39423,County Championship Division Two 2026,1,41,Kent Men,38,Middlesex Men,8702854,2026-08-20T14:57:41Z,3,386,False,,,,39,Ryan Higgins,137,Sam Northeast,2517,Chris Benjamin,Right,1,0,1,1,,LengthBall,OutsideOff,,None,BackFoot,Pushed,NoMovement,Over,Medium,Right,Null,NotReferred,Null,False,False,False,False,False,True,,False,False,False,False,False,False,1,0,0,0,0,False,False,165.0,111.0,Deep Backward Point
1629648,64,4.23,8,0,0,271,4,8,76074,,39423,County Championship Division Two 2026,1,41,Kent Men,38,Middlesex Men,8702862,2026-08-20T14:58:15Z,4,387,False,,,,39,Ryan Higgins,2517,Chris Benjamin,137,Sam Northeast,Right,4,0,4,4,,LengthBall,OutsideOff,,None,FrontFoot,Steer,NoMovement,Over,Medium,Right,Null,NotReferred,Null,False,False,False,False,False,True,,False,False,False,False,False,False,4,0,0,0,0,True,False,140.0,164.0,
1629648,64,4.23,8,0,0,271,4,8,76074,,39423,County Championship Division Two 2026,1,41,Kent Men,38,Middlesex Men,8702870,2026-08-20T14:58:57Z,5,388,False,,,,39,Ryan Higgins,2517,Chris Benjamin,137,Sam Northeast,Right,0,1,1,0,,LengthBall,LegStump,,PlayAndMissLegSide,FrontFoot,Glance,InSwinger,Over,Medium,Right,Null,NotReferred,Null,False,False,True,False,False,True,,False,False,False,False,False,False,1,1,0,0,0,False,False,,,Wicketkeeper
1629648,64,4.23,8,0,0,271,4,8,76074,,39423,County Championship Division Two 2026,1,41,Kent Men,38,Middlesex Men,8702875,2026-08-20T14:59:33Z,6,389,False,,,,39,Ryan Higgins,137,Sam Northeast,2517,Chris Benjamin,Right,2,0,2,2,,HalfVolley,MiddleStump,,WellTimed,FrontFoot,Flick,InSwinger,Over,Medium,Right,Null,NotReferred,Null,False,False,False,False,False,True,,False,False,False,False,False,False,2,0,0,0,0,False,False,346.0,130.0,Deep Square Leg
1629731,65,4.18,1,0,0,272,4,1,76074,,39423,County Championship Division Two 2026,1,41,Kent Men,38,Middlesex Men,8703339,2026-08-20T15:57:45Z,1,390,False,,,,1739,Toby Roland-Jones,2517,Chris Benjamin,137,Sam Northeast,Right,0,0,0,0,,LengthBall,OutsideOff,,MisTimed,BackFoot,Drive,NoMovement,Over,Medium,Right,Null,NotReferred,Null,False,False,False,False,False,True,,False,False,False,False,False,False,0,0,0,0,0,False,False,196.0,52.0,Cover
1629731,65,4.18,1,0,0,272,4,1,76074,,39423,County Championship Division Two 2026,1,41,Kent Men,38,Middlesex Men,8703345,2026-08-20T15:58:21Z,2,391,False,,,,1739,Toby Roland-Jones,2517,Chris Benjamin,137,Sam Northeast,Right,1,0,1,1,,LengthBall,Wide,,None,BackFoot,Cut,NoMovement,Over,Medium,Right,Null,NotReferred,Null,False,False,False,False,False,True,,False,False,False,False,False,False,1,0,0,0,0,False,False,192.0,126.0,Deep Cover
1629731,65,4.18,1,0,0,272,4,1,76074,,39423,County Championship Division Two 2026,1,41,Kent Men,38,Middlesex Men,8703353,2026-08-20T15:59:14Z,3,392,False,,,,1739,Toby Roland-Jones,137,Sam Northeast,2517,Chris Benjamin,Right,0,0,0,0,,LengthBall,OutsideOff,,None,FrontFoot,ForwardDefensive,NoMovement,Over,Medium,Right,Null,NotReferred,Null,False,False,False,False,False,True,,False,False,False,False,False,False,0,0,0,0,0,False,False,265.0,39.0,Bowler
1629731,65,4.18,1,0,0,272,4,1,76074,,39423,County Championship Division Two 2026,1,41,Kent Men,38,Middlesex Men,8703357,2026-08-20T15:59:49Z,4,393,False,,,,1739,Toby Roland-Jones,137,Sam Northeast,2517,Chris Benjamin,Right,0,0,0,0,,HalfVolley,OutsideOff,,None,FrontFoot,ForwardDefensive,NoMovement,Over,Medium,Right,Null,NotReferred,Null,False,False,False,False,False,True,,False,False,False,False,False,False,0,0,0,0,0,False,False,267.0,42.0,Bowler
1629731,65,4.18,1,0,0,272,4,1,76074,,39423,County Championship Division Two 2026,1,41,Kent Men,38,Middlesex Men,8703363,2026-08-20T16:00:25Z,5,394,False,,,,1739,Toby Roland-Jones,137,Sam Northeast,2517,Chris Benjamin,Right,0,0,0,0,,LengthBall,OutsideOff,,None,BackFoot,Dropped,NoMovement,Over,Medium,Right,Null,NotReferred,Null,False,False,False,False,False,True,,False,False,False,False,False,False,0,0,0,0,0,False,False,140.0,21.0,Gully
1629731,65,4.18,1,0,0,272,4,1,76074,,39423,County Championship Division Two 2026,1,41,Kent Men,38,Middlesex Men,8703370,2026-08-20T16:00:59Z,6,395,False,,,,1739,Toby Roland-Jones,137,Sam Northeast,2517,Chris Benjamin,Right,0,0,0,0,,LengthBall,OutsideOff,,MisTimed,BackFoot,Drive,NoMovement,Over,Medium,Right,Null,NotReferred,Null,False,False,False,False,False,True,,False,False,False,False,False,False,0,0,0,0,0,False,False,200.0,60.0,Cover
1629736,66,4.14,1,0,0,273,4,1,76074,,39423,County Championship Division Two 2026,1,41,Kent Men,38,Middlesex Men,8703376,2026-08-20T16:01:50Z,1,396,False,,,,2683,Tom Helm,2517,Chris Benjamin,137,Sam Northeast,Right,0,0,0,0,,LengthBall,OutsideOff,,Missed,FrontFoot,ForwardDefensive,SeamAway,Over,FastSeam,Right,Null,NotReferred,Null,False,False,False,False,False,True,,False,False,False,False,False,False,0,0,0,0,0,False,False,,,Wicketkeeper
1629736,66,4.14,1,0,0,273,4,1,76074,,39423,County Championship Division Two 2026,1,41,Kent Men,38,Middlesex Men,8703380,2026-08-20T16:02:23Z,2,397,False,,,,2683,Tom Helm,2517,Chris Benjamin,137,Sam Northeast,Right,0,0,0,0,,LengthBall,OffStump,,MisTimed,FrontFoot,Drive,NoMovement,Over,FastSeam,Right,Null,NotReferred,Null,False,False,False,False,False,True,,False,False,False,False,False,False,0,0,0,0,0,False,False,336.0,58.0,Square Leg
1629736,66,4.14,1,0,0,273,4,1,76074,,39423,County Championship Division Two 2026,1,41,Kent Men,38,Middlesex Men,8703383,2026-08-20T16:02:58Z,3,398,False,,,,2683,Tom Helm,2517,Chris Benjamin,137,Sam Northeast,Right,0,0,0,0,,LengthBall,OutsideOff,,ShouldersArms,FrontFoot,ShouldersArms,SeamAway,Over,FastSeam,Right,Null,NotReferred,Null,False,False,False,False,False,True,,False,False,False,False,False,False,0,0,0,0,0,False,False,,,Wicketkeeper
1629736,66,4.14,1,0,0,273,4,1,76074,,39423,County Championship Division Two 2026,1,41,Kent Men,38,Middlesex Men,8703387,2026-08-20T16:03:31Z,4,399,False,,,,2683,Tom Helm,2517,Chris Benjamin,137,Sam Northeast,Right,1,0,1,1,,BackOfALength,OutsideOff,,WellTimed,BackFoot,Pushed,NoMovement,Over,FastSeam,Right,Null,NotReferred,Null,False,False,False,False,False,True,,False,False,False,False,False,False,1,0,0,0,0,False,False,196.0,95.0,Cover
1629736,66,4.14,1,0,0,273,4,1,76074,,39423,County Championship Division Two 2026,1,41,Kent Men,38,Middlesex Men,8703389,2026-08-20T16:04:08Z,5,400,False,,,,2683,Tom Helm,137,Sam Northeast,2517,Chris Benjamin,Right,0,0,0,0,,HalfVolley,OffStump,,MisTimed,FrontFoot,Pushed,NoMovement,Over,FastSeam,Right,Null,NotReferred,Null,False,False,False,False,False,True,,False,False,False,False,False,False,0,0,0,0,0,False,False,274.0,34.0,Bowler
1629736,66,4.14,1,0,0,273,4,1,76074,,39423,County Championship Division Two 2026,1,41,Kent Men,38,Middlesex Men,8703392,2026-08-20T16:04:44Z,6,401,False,,,,2683,Tom Helm,137,Sam Northeast,2517,Chris Benjamin,Right,0,0,0,0,,LengthBall,OutsideOff,,None,BackFoot,BackwardDefensive,NoMovement,Over,FastSeam,Right,Null,NotReferred,Null,False,False,False,False,False,True,,False,False,False,False,False,False,0,0,0,0,0,False,False,223.0,46.0,Extra Cover
1629739,67,4.09,1,1,0,274,5,1,76074,,39423,County Championship Division Two 2026,1,41,Kent Men,38,Middlesex Men,8703397,2026-08-20T16:05:37Z,1,402,False,,,,1739,Toby Roland-Jones,2517,Chris Benjamin,137,Sam Northeast,Right,0,0,0,0,,LengthBall,OffStump,,None,FrontFoot,Pushed,NoMovement,Over,Medium,Right,Null,NotReferred,Null,False,False,False,False,False,True,,False,False,False,False,False,False,0,0,0,0,0,False,False,288.0,54.0,Mid On
1629739,67,4.09,1,1,0,274,5,1,76074,,39423,County Championship Division Two 2026,1,41,Kent Men,38,Middlesex Men,8703401,2026-08-20T16:06:11Z,2,403,False,,,,1739,Toby Roland-Jones,2517,Chris Benjamin,137,Sam Northeast,Right,0,0,0,0,,LengthBall,OutsideOff,,None,FrontFoot,Dropped,NoMovement,Over,Medium,Right,Null,NotReferred,Null,False,False,False,False,False,True,,False,False,False,False,False,False,0,0,0,0,0,False,False,208.0,34.0,Cover
1629739,67,4.09,1,1,0,274,5,1,76074,,39423,County Championship Division Two 2026,1,41,Kent Men,38,Middlesex Men,8703405,2026-08-20T16:06:49Z,3,404,False,,,,1739,Toby Roland-Jones,2517,Chris Benjamin,137,Sam Northeast,Right,1,0,1,1,,BackOfALength,Wide,,WellTimed,BackFoot,Cut,NoMovement,Over,Medium,Right,Null,NotReferred,Null,False,False,False,False,False,True,,False,False,False,False,False,False,1,0,0,0,0,False,False,172.0,119.0,Deep Backward Point
1629739,67,4.09,1,1,0,274,5,1,76074,,39423,County Championship Division Two 2026,1,41,Kent Men,38,Middlesex Men,8703407,2026-08-20T16:07:25Z,4,405,False,,,,1739,Toby Roland-Jones,137,Sam Northeast,2517,Chris Benjamin,Right,0,0,0,0,,LengthBall,OutsideOff,,InsideEdge,FrontFoot,ForwardDefensive,SeamIn,Over,Medium,Right,Null,NotReferred,Null,False,False,False,False,False,True,,False,False,False,False,False,False,0,0,0,0,0,False,False,144.0,28.0,Gully
1629739,67,4.09,1,1,0,274,5,1,76074,,39423,County Championship Division Two 2026,1,41,Kent Men,38,Middlesex Men,8703411,2026-08-20T16:07:58Z,5,406,False,,,,1739,Toby Roland-Jones,137,Sam Northeast,2517,Chris Benjamin,Right,0,0,0,0,,LengthBall,OutsideOff,,None,FrontFoot,ForwardDefensive,NoMovement,Over,Medium,Right,Null,NotReferred,Null,False,False,False,False,False,True,,False,False,False,False,False,False,0,0,0,0,0,False,False,222.0,47.0,Extra Cover
1629739,67,4.09,1,1,0,274,5,1,76074,,39423,County Championship Division Two 2026,1,41,Kent Men,38,Middlesex Men,8703415,2026-08-20T16:08:37Z,6,407,True,Lbw,137.0,Sam Northeast,1739,Toby Roland-Jones,137,Sam Northeast,2517,Chris Benjamin,Right,0,0,0,0,LBW,HalfVolley,OutsideOff,Lbw,HitPad,FrontFoot,Pushed,SeamIn,Over,Medium,Right,Null,NotReferred,Null,False,False,False,False,False,True,1890.0,False,False,False,False,False,False,0,0,0,0,0,False,False,,,
1629743,68,4.04,1,0,0,275,5,1,76074,,39423,County Championship Division Two 2026,1,41,Kent Men,38,Middlesex Men,8703419,2026-08-20T16:10:21Z,1,408,False,,,,2683,Tom Helm,2517,Chris Benjamin,13941,Ekansh Singh,Right,1,0,1,1,,LengthBall,OffStump,,None,FrontFoot,Pushed,NoMovement,Over,FastSeam,Right,Null,NotReferred,Null,False,False,False,False,False,True,,False,False,False,False,False,False,1,0,0,0,0,False,False,296.0,53.0,Mid On
1629743,68,4.04,1,0,0,275,5,1,76074,,39423,County Championship Division Two 2026,1,41,Kent Men,38,Middlesex Men,8703423,2026-08-20T16:10:56Z,2,409,False,,,,2683,Tom Helm,13941,Ekansh Singh,2517,Chris Benjamin,Right,0,0,0,0,,LengthBall,OffStump,,None,FrontFoot,ForwardDefensive,NoMovement,Over,FastSeam,Right,Null,NotReferred,Null,False,False,False,False,False,True,,False,False,False,False,False,False,0,0,0,0,0,False,False,292.0,65.0,Mid On
1629743,68,4.04,1,0,0,275,5,1,76074,,39423,County Championship Division Two 2026,1,41,Kent Men,38,Middlesex Men,8703427,2026-08-20T16:11:30Z,3,410,False,,,,2683,Tom Helm,13941,Ekansh Singh,2517,Chris Benjamin,Right,0,0,0,0,,LengthBall,OutsideOff,,OutsideEdge,BackFoot,BackwardDefensive,NoMovement,Over,FastSeam,Right,Null,NotReferred,Null,False,False,False,False,False,True,,False,False,False,False,False,False,0,0,0,0,0,False,False,146.0,22.0,Gully
1629743,68,4.04,1,0,0,275,5,1,76074,,39423,County Championship Division Two 2026,1,41,Kent Men,38,Middlesex Men,8703432,2026-08-20T16:12:13Z,4,411,False,,,,2683,Tom Helm,13941,Ekansh Singh,2517,Chris Benjamin,Right,0,0,0,0,,LengthBall,OutsideOff,,Left,NoMovement,Leave,NoMovement,Over,FastSeam,Right,Null,NotReferred,Null,False,False,False,False,False,True,,False,False,False,False,False,False,0,0,0,0,0,False,False,,,Wicketkeeper
1629743,68,4.04,1,0,0,275,5,1,76074,,39423,County Championship Division Two 2026,1,41,Kent Men,38,Middlesex Men,8703433,2026-08-20T16:12:47Z,5,412,False,,,,2683,Tom Helm,13941,Ekansh Singh,2517,Chris Benjamin,Right,0,0,0,0,,LengthBall,OutsideOff,,Left,NoMovement,Leave,SeamAway,Over,FastSeam,Right,Null,NotReferred,Null,False,False,False,False,False,True,,False,False,False,False,False,False,0,0,0,0,0,False,False,,,Wicketkeeper
1629743,68,4.04,1,0,0,275,5,1,76074,,39423,County Championship Division Two 2026,1,41,Kent Men,38,Middlesex Men,8703439,2026-08-20T16:13:22Z,6,413,False,,,,2683,Tom Helm,13941,Ekansh Singh,2517,Chris Benjamin,Right,0,0,0,0,,LengthBall,OutsideOff,,None,FrontFoot,ForwardDefensive,NoMovement,Over,FastSeam,Right,Null,NotReferred,Null,False,False,False,False,False,True,,False,False,False,False,False,False,0,0,0,0,0,False,False,195.0,45.0,Cover
1629747,69,4.03,3,0,0,278,5,3,76074,,39423,County Championship Division Two 2026,1,41,Kent Men,38,Middlesex Men,8703444,2026-08-20T16:14:11Z,1,414,False,,,,1739,Toby Roland-Jones,2517,Chris Benjamin,13941,Ekansh Singh,Right,0,0,0,0,,LengthBall,OffStump,Lbw,HitPad,NoMovement,Pushed,SeamIn,Over,Medium,Right,Null,NotReferred,Null,False,False,False,False,False,True,1890.0,False,False,False,False,False,False,0,0,0,0,0,False,False,,,
1629747,69,4.03,3,0,0,278,5,3,76074,,39423,County Championship Division Two 2026,1,41,Kent Men,38,Middlesex Men,8703447,2026-08-20T16:14:53Z,2,415,False,,,,1739,Toby Roland-Jones,2517,Chris Benjamin,13941,Ekansh Singh,Right,0,0,0,0,,LengthBall,OutsideOff,,ShouldersArms,NoMovement,ShouldersArms,AwaySwinger,Over,Medium,Right,Null,NotReferred,Null,False,False,False,False,False,True,,False,False,False,False,False,False,0,0,0,0,0,False,False,,,Wicketkeeper
1629747,69,4.03,3,0,0,278,5,3,76074,,39423,County Championship Division Two 2026,1,41,Kent Men,38,Middlesex Men,8703452,2026-08-20T16:15:26Z,3,416,False,,,,1739,Toby Roland-Jones,2517,Chris Benjamin,13941,Ekansh Singh,Right,2,0,2,2,,LengthBall,OutsideOff,,OutsideEdge,FrontFoot,Pushed,SeamAway,Over,Medium,Right,Null,NotReferred,Null,False,False,False,False,False,True,,False,False,False,False,False,False,2,0,0,0,0,False,False,125.0,104.0,Gully
1629747,69,4.03,3,0,0,278,5,3,76074,,39423,County Championship Division Two 2026,1,41,Kent Men,38,Middlesex Men,8703453,2026-08-20T16:16:04Z,4,417,False,,,,1739,Toby Roland-Jones,2517,Chris Benjamin,13941,Ekansh Singh,Right,0,1,1,0,,LengthBall,MiddleStump,,HitPad,FrontFoot,Glance,NoMovement,Over,Medium,Right,Null,NotReferred,Null,False,False,False,True,False,True,,False,False,False,False,False,False,1,0,0,1,0,False,False,71.0,108.0,Fine Leg
1629747,69,4.03,3,0,0,278,5,3,76074,,39423,County Championship Division Two 2026,1,41,Kent Men,38,Middlesex Men,8703458,2026-08-20T16:16:45Z,5,418,False,,,,1739,Toby Roland-Jones,13941,Ekansh Singh,2517,Chris Benjamin,Right,0,0,0,0,,HalfVolley,OffStump,,None,FrontFoot,Flick,NoMovement,Over,Medium,Right,Null,NotReferred,Null,False,False,False,False,False,True,,False,False,False,False,False,False,0,0,0,0,0,False,False,287.0,88.0,Mid On
1629747,69,4.03,3,0,0,278,5,3,76074,,39423,County Championship Division Two 2026,1,41,Kent Men,38,Middlesex Men,8703462,2026-08-20T16:17:18Z,6,419,False,,,,1739,Toby Roland-Jones,13941,Ekansh Singh,2517,Chris Benjamin,Right,0,0,0,0,,LengthBall,OutsideOff,,Missed,FrontFoot,ForwardDefensive,AwaySwinger,Over,Medium,Right,Null,NotReferred,Null,False,False,False,False,False,True,,False,False,False,False,False,False,0,0,0,0,0,False,False,,,Wicketkeeper
1629751,70,3.97,0,1,0,278,6,0,76074,,39423,County Championship Division Two 2026,1,41,Kent Men,38,Middlesex Men,8703465,2026-08-20T16:18:06Z,1,420,True,Bowled,2517.0,Chris Benjamin,2683,Tom Helm,2517,Chris Benjamin,13941,Ekansh Singh,Right,0,0,0,0,Bowled,HalfVolley,OutsideOff,Bowled,Missed,NoMovement,Drive,SeamIn,Over,FastSeam,Right,Null,NotReferred,Null,False,False,False,False,False,True,1808.0,False,False,False,False,False,False,0,0,0,0,0,False,False,,,
1629751,70,3.97,0,1,0,278,6,0,76074,,39423,County Championship Division Two 2026,1,41,Kent Men,38,Middlesex Men,8703469,2026-08-20T16:19:47Z,2,421,False,,,,2683,Tom Helm,3730,Keith Dudgeon,13941,Ekansh Singh,Right,0,0,0,0,,LengthBall,OutsideOff,,None,BackFoot,Pushed,NoMovement,Over,FastSeam,Right,Null,NotReferred,Null,False,False,False,False,False,True,,False,False,False,False,False,False,0,0,0,0,0,False,False,207.0,56.0,Cover
1629751,70,3.97,0,1,0,278,6,0,76074,,39423,County Championship Division Two 2026,1,41,Kent Men,38,Middlesex Men,8703471,2026-08-20T16:20:21Z,3,422,False,,,,2683,Tom Helm,3730,Keith Dudgeon,13941,Ekansh Singh,Right,0,0,0,0,,LengthBall,OffStump,,Missed,FrontFoot,ForwardDefensive,SeamAway,Over,FastSeam,Right,Null,NotReferred,Null,False,False,False,False,False,True,,False,False,False,False,False,False,0,0,0,0,0,False,False,,,Wicketkeeper
1629751,70,3.97,0,1,0,278,6,0,76074,,39423,County Championship Division Two 2026,1,41,Kent Men,38,Middlesex Men,8703475,2026-08-20T16:20:58Z,4,423,False,,,,2683,Tom Helm,3730,Keith Dudgeon,13941,Ekansh Singh,Right,0,0,0,0,,HalfVolley,OutsideOff,,Missed,NoMovement,Drive,NoMovement,Over,FastSeam,Right,Null,NotReferred,Null,False,False,False,False,False,True,,False,False,False,False,False,False,0,0,0,0,0,False,False,,,Wicketkeeper
1629751,70,3.97,0,1,0,278,6,0,76074,,39423,County Championship Division Two 2026,1,41,Kent Men,38,Middlesex Men,8703479,2026-08-20T16:21:32Z,5,424,False,,,,2683,Tom Helm,3730,Keith Dudgeon,13941,Ekansh Singh,Right,0,0,0,0,,LengthBall,MiddleStump,,HitPad,BackFoot,Worked,NoMovement,Over,FastSeam,Right,Null,NotReferred,Null,False,False,False,False,False,True,,False,False,False,False,False,False,0,0,0,0,0,False,False,195.0,42.0,Cover
1629751,70,3.97,0,1,0,278,6,0,76074,,39423,County Championship Division Two 2026,1,41,Kent Men,38,Middlesex Men,8703483,2026-08-20T16:22:10Z,6,425,False,,,,2683,Tom Helm,3730,Keith Dudgeon,13941,Ekansh Singh,Right,0,0,0,0,,LengthBall,OutsideOff,,ShouldersArms,NoMovement,ShouldersArms,SeamAway,Over,FastSeam,Right,Null,NotReferred,Null,False,False,False,False,False,True,,False,False,False,False,False,False,0,0,0,0,0,False,False,,,Wicketkeeper
1629756,71,3.92,0,0,0,278,6,0,76074,,39423,County Championship Division Two 2026,1,41,Kent Men,38,Middlesex Men,8703487,2026-08-20T16:22:56Z,1,426,False,,,,1739,Toby Roland-Jones,13941,Ekansh Singh,3730,Keith Dudgeon,Right,0,0,0,0,,LengthBall,OutsideOff,,Left,NoMovement,Leave,AwaySwinger,Over,Medium,Right,Null,NotReferred,Null,False,False,False,False,False,True,,False,False,False,False,False,False,0,0,0,0,0,False,False,,,Wicketkeeper
1629756,71,3.92,0,0,0,278,6,0,76074,,39423,County Championship Division Two 2026,1,41,Kent Men,38,Middlesex Men,8703492,2026-08-20T16:23:31Z,2,427,False,,,,1739,Toby Roland-Jones,13941,Ekansh Singh,3730,Keith Dudgeon,Right,0,0,0,0,,HalfVolley,OffStump,,None,FrontFoot,Flick,NoMovement,Over,Medium,Right,Null,NotReferred,Null,False,False,False,False,False,True,,False,False,False,False,False,False,0,0,0,0,0,False,False,290.0,81.0,Mid On
1629756,71,3.92,0,0,0,278,6,0,76074,,39423,County Championship Division Two 2026,1,41,Kent Men,38,Middlesex Men,8703497,2026-08-20T16:24:04Z,3,428,False,,,,1739,Toby Roland-Jones,13941,Ekansh Singh,3730,Keith Dudgeon,Right,0,0,0,0,,LengthBall,OutsideOff,,ShouldersArms,NoMovement,ShouldersArms,AwaySwinger,Over,Medium,Right,Null,NotReferred,Null,False,False,False,False,False,True,,False,False,False,False,False,False,0,0,0,0,0,False,False,,,Wicketkeeper
1629756,71,3.92,0,0,0,278,6,0,76074,,39423,County Championship Division Two 2026,1,41,Kent Men,38,Middlesex Men,8703502,2026-08-20T16:24:36Z,4,429,False,,,,1739,Toby Roland-Jones,13941,Ekansh Singh,3730,Keith Dudgeon,Right,0,0,0,0,,HalfVolley,OffStump,,OutsideEdge,FrontFoot,Flick,NoMovement,Over,Medium,Right,Null,NotReferred,Null,False,False,False,False,False,True,,False,False,False,False,False,False,0,0,0,0,0,False,False,141.0,23.0,Gully
1629756,71,3.92,0,0,0,278,6,0,76074,,39423,County Championship Division Two 2026,1,41,Kent Men,38,Middlesex Men,8703505,2026-08-20T16:25:12Z,5,430,False,,,,1739,Toby Roland-Jones,13941,Ekansh Singh,3730,Keith Dudgeon,Right,0,0,0,0,,LengthBall,OutsideOff,,OutsideEdge,FrontFoot,ForwardDefensive,SeamIn,Over,Medium,Right,Null,NotReferred,Null,False,False,False,False,False,True,,False,False,False,False,False,False,0,0,0,0,0,False,False,130.0,20.0,Gully
1629756,71,3.92,0,0,0,278,6,0,76074,,39423,County Championship Division Two 2026,1,41,Kent Men,38,Middlesex Men,8703510,2026-08-20T16:25:46Z,6,431,False,,,,1739,Toby Roland-Jones,13941,Ekansh Singh,3730,Keith Dudgeon,Right,0,0,0,0,,LengthBall,OutsideOff,,None,FrontFoot,ForwardDefensive,SeamIn,Over,Medium,Right,Null,NotReferred,Null,False,False,False,False,False,True,,False,False,False,False,False,False,0,0,0,0,0,False,False,283.0,40.0,Mid On
1629760,72,3.86,0,0,0,278,6,0,76074,,39423,County Championship Division Two 2026,1,41,Kent Men,38,Middlesex Men,8703514,2026-08-20T16:26:40Z,1,432,False,,,,2683,Tom Helm,3730,Keith Dudgeon,13941,Ekansh Singh,Right,0,0,0,0,,LengthBall,OutsideOff,,None,BackFoot,Steer,NoMovement,Over,FastSeam,Right,Null,NotReferred,Null,False,False,False,False,False,True,,False,False,False,False,False,False,0,0,0,0,0,False,False,162.0,70.0,Backward Point
1629760,72,3.86,0,0,0,278,6,0,76074,,39423,County Championship Division Two 2026,1,41,Kent Men,38,Middlesex Men,8703517,2026-08-20T16:27:12Z,2,433,False,,,,2683,Tom Helm,3730,Keith Dudgeon,13941,Ekansh Singh,Right,0,0,0,0,,LengthBall,OutsideOff,,ShouldersArms,NoMovement,ShouldersArms,SeamAway,Over,FastSeam,Right,Null,NotReferred,Null,False,False,False,False,False,True,,False,False,False,False,False,False,0,0,0,0,0,False,False,,,Wicketkeeper
1629760,72,3.86,0,0,0,278,6,0,76074,,39423,County Championship Division Two 2026,1,41,Kent Men,38,Middlesex Men,8703524,2026-08-20T16:27:46Z,3,434,False,,,,2683,Tom Helm,3730,Keith Dudgeon,13941,Ekansh Singh,Right,0,0,0,0,,LengthBall,OffStump,,ThickEdge,FrontFoot,ForwardDefensive,NoMovement,Over,FastSeam,Right,Null,NotReferred,Null,False,False,False,False,False,True,,False,False,False,False,False,False,0,0,0,0,0,False,False,160.0,59.0,Backward Point
1629760,72,3.86,0,0,0,278,6,0,76074,,39423,County Championship Division Two 2026,1,41,Kent Men,38,Middlesex Men,8703961,2026-08-20T17:33:58Z,4,435,False,,,,2683,Tom Helm,3730,Keith Dudgeon,13941,Ekansh Singh,Right,0,0,0,0,,LengthBall,OutsideOff,,Left,NoMovement,Leave,NoMovement,Over,FastSeam,Right,Null,NotReferred,Null,False,False,False,False,False,True,,False,False,False,False,False,False,0,0,0,0,0,False,False,,,Wicketkeeper
1629760,72,3.86,0,0,0,278,6,0,76074,,39423,County Championship Division Two 2026,1,41,Kent Men,38,Middlesex Men,8703964,2026-08-20T17:34:25Z,5,436,False,,,,2683,Tom Helm,3730,Keith Dudgeon,13941,Ekansh Singh,Right,0,0,0,0,,LengthBall,OffStump,,Spliced,BackFoot,Worked,NoMovement,Over,FastSeam,Right,Null,NotReferred,Null,False,False,False,False,False,True,,False,False,False,False,False,False,0,0,0,0,0,False,False,316.0,48.0,Mid Wicket
1629760,72,3.86,0,0,0,278,6,0,76074,,39423,County Championship Division Two 2026,1,41,Kent Men,38,Middlesex Men,8703967,2026-08-20T17:35:02Z,6,437,False,,,,2683,Tom Helm,3730,Keith Dudgeon,13941,Ekansh Singh,Right,0,0,0,0,,LengthBall,OutsideOff,,Missed,FrontFoot,ForwardDefensive,SeamAway,Over,FastSeam,Right,Null,NotReferred,Null,False,False,False,False,False,True,,False,False,False,False,False,False,0,0,0,0,0,False,False,,,Wicketkeeper
1629836,73,3.86,4,0,0,282,6,4,76074,,39423,County Championship Division Two 2026,1,41,Kent Men,38,Middlesex Men,8703971,2026-08-20T17:35:57Z,1,438,False,,,,1739,Toby Roland-Jones,13941,Ekansh Singh,3730,Keith Dudgeon,Right,0,0,0,0,,LengthBall,OutsideOff,,Left,NoMovement,Leave,NoMovement,Over,Medium,Right,Null,NotReferred,Null,False,False,False,False,False,True,,False,False,False,False,False,False,0,0,0,0,0,False,False,,,Wicketkeeper
1629836,73,3.86,4,0,0,282,6,4,76074,,39423,County Championship Division Two 2026,1,41,Kent Men,38,Middlesex Men,8703974,2026-08-20T17:36:31Z,2,439,False,,,,1739,Toby Roland-Jones,13941,Ekansh Singh,3730,Keith Dudgeon,Right,0,0,0,0,,LengthBall,OutsideOff,,None,FrontFoot,ForwardDefensive,NoMovement,Over,Medium,Right,Null,NotReferred,Null,False,False,False,False,False,True,,False,False,False,False,False,False,0,0,0,0,0,False,False,304.0,51.0,Mid Wicket
1629836,73,3.86,4,0,0,282,6,4,76074,,39423,County Championship Division Two 2026,1,41,Kent Men,38,Middlesex Men,8703977,2026-08-20T17:37:05Z,3,440,False,,,,1739,Toby Roland-Jones,13941,Ekansh Singh,3730,Keith Dudgeon,Right,4,0,4,4,,HalfVolley,OffStump,,Middled,FrontFoot,Drive,NoMovement,Over,Medium,Right,Null,NotReferred,Null,False,False,False,False,False,True,,False,False,False,False,False,False,4,0,0,0,0,True,False,272.0,180.0,
1629836,73,3.86,4,0,0,282,6,4,76074,,39423,County Championship Division Two 2026,1,41,Kent Men,38,Middlesex Men,8703986,2026-08-20T17:38:19Z,4,441,False,,,,1739,Toby Roland-Jones,13941,Ekansh Singh,3730,Keith Dudgeon,Right,0,0,0,0,,LengthBall,OutsideOff,,None,BackFoot,BackwardDefensive,NoMovement,Over,Medium,Right,Null,NotReferred,Null,False,False,False,False,False,True,,False,False,False,False,False,False,0,0,0,0,0,False,False,227.0,45.0,Extra Cover
1629836,73,3.86,4,0,0,282,6,4,76074,,39423,County Championship Division Two 2026,1,41,Kent Men,38,Middlesex Men,8703992,2026-08-20T17:38:58Z,5,442,False,,,,1739,Toby Roland-Jones,13941,Ekansh Singh,3730,Keith Dudgeon,Right,0,0,0,0,,HalfVolley,DownLeg,,PlayAndMissLegSide,FrontFoot,Flick,NoMovement,Over,Medium,Right,Null,NotReferred,Null,False,False,False,False,False,True,,False,False,False,False,False,False,0,0,0,0,0,False,False,,,Wicketkeeper
1629836,73,3.86,4,0,0,282,6,4,76074,,39423,County Championship Division Two 2026,1,41,Kent Men,38,Middlesex Men,8703996,2026-08-20T17:39:39Z,6,443,False,,,,1739,Toby Roland-Jones,13941,Ekansh Singh,3730,Keith Dudgeon,Right,0,0,0,0,,LengthBall,OutsideOff,,Missed,FrontFoot,ForwardDefensive,SeamAway,Over,Medium,Right,Null,NotReferred,Null,False,False,False,False,False,True,,False,False,False,False,False,False,0,0,0,0,0,False,False,,,Wicketkeeper
1629841,74,3.93,9,0,0,291,6,9,76074,,39423,County Championship Division Two 2026,1,41,Kent Men,38,Middlesex Men,8704003,2026-08-20T17:40:26Z,1,444,False,,,,2683,Tom Helm,3730,Keith Dudgeon,13941,Ekansh Singh,Right,4,0,4,4,,HalfVolley,OutsideOff,,WellTimed,FrontFoot,Drive,NoMovement,Over,FastSeam,Right,Null,NotReferred,Null,False,False,False,False,False,True,,False,False,False,False,False,False,4,0,0,0,0,True,False,210.0,175.0,
1629841,74,3.93,9,0,0,291,6,9,76074,,39423,County Championship Division Two 2026,1,41,Kent Men,38,Middlesex Men,8704008,2026-08-20T17:41:15Z,2,445,False,,,,2683,Tom Helm,3730,Keith Dudgeon,13941,Ekansh Singh,Right,0,4,4,0,,LengthBall,LegStump,,Left,NoMovement,Leave,NoMovement,Over,FastSeam,Right,Null,NotReferred,Null,False,False,True,False,False,True,,False,False,False,False,False,False,4,4,0,0,0,False,False,,,Wicketkeeper
1629841,74,3.93,9,0,0,291,6,9,76074,,39423,County Championship Division Two 2026,1,41,Kent Men,38,Middlesex Men,8704014,2026-08-20T17:42:07Z,3,446,False,,,,2683,Tom Helm,3730,Keith Dudgeon,13941,Ekansh Singh,Right,1,0,1,1,,LengthBall,OffStump,,InsideEdge,FrontFoot,ForwardDefensive,SeamIn,Over,FastSeam,Right,Null,NotReferred,Null,False,False,False,False,False,True,,False,False,False,False,False,False,1,0,0,0,0,False,False,49.0,105.0,Fine Leg
1629841,74,3.93,9,0,0,291,6,9,76074,,39423,County Championship Division Two 2026,1,41,Kent Men,38,Middlesex Men,8704017,2026-08-20T17:42:48Z,4,447,False,,,,2683,Tom Helm,13941,Ekansh Singh,3730,Keith Dudgeon,Right,0,0,0,0,,LengthBall,OutsideOff,,None,FrontFoot,ForwardDefensive,NoMovement,Over,FastSeam,Right,Null,NotReferred,Null,False,False,False,False,False,True,,False,False,False,False,False,False,0,0,0,0,0,False,False,247.0,69.0,Mid Off
1629841,74,3.93,9,0,0,291,6,9,76074,,39423,County Championship Division Two 2026,1,41,Kent Men,38,Middlesex Men,8704019,2026-08-20T17:43:20Z,5,448,False,,,,2683,Tom Helm,13941,Ekansh Singh,3730,Keith Dudgeon,Right,0,0,0,0,,LengthBall,OutsideOff,,None,FrontFoot,ForwardDefensive,NoMovement,Over,FastSeam,Right,Null,NotReferred,Null,False,False,False,False,False,True,,False,False,False,False,False,False,0,0,0,0,0,False,False,277.0,73.0,Mid On
1629841,74,3.93,9,0,0,291,6,9,76074,,39423,County Championship Division Two 2026,1,41,Kent Men,38,Middlesex Men,8704021,2026-08-20T17:43:53Z,6,449,False,,,,2683,Tom Helm,13941,Ekansh Singh,3730,Keith Dudgeon,Right,0,0,0,0,,LengthBall,LegStump,,PlayAndMissLegSide,BackFoot,Glance,NoMovement,Over,FastSeam,Right,Null,NotReferred,Null,False,False,False,False,False,True,,False,False,False,False,False,False,0,0,0,0,0,False,False,,,Wicketkeeper
1629846,75,3.99,8,0,0,299,6,8,76074,,39423,County Championship Division Two 2026,1,41,Kent Men,38,Middlesex Men,8704029,2026-08-20T17:44:45Z,1,450,False,,,,1739,Toby Roland-Jones,3730,Keith Dudgeon,13941,Ekansh Singh,Right,0,0,0,0,,LengthBall,OffStump,,HitPad,BackFoot,Worked,NoMovement,Over,Medium,Right,Null,NotReferred,Null,False,False,False,False,False,True,,False,False,False,False,False,False,0,0,0,0,0,False,False,345.0,52.0,Square Leg
1629846,75,3.99,8,0,0,299,6,8,76074,,39423,County Championship Division Two 2026,1,41,Kent Men,38,Middlesex Men,8704033,2026-08-20T17:45:22Z,2,451,False,,,,1739,Toby Roland-Jones,3730,Keith Dudgeon,13941,Ekansh Singh,Right,4,0,4,4,,HalfVolley,OffStump,,WellTimed,FrontFoot,Flick,NoMovement,Over,Medium,Right,Null,NotReferred,Null,False,False,False,False,False,True,,False,False,False,False,False,False,4,0,0,0,0,True,False,318.0,177.0,
1629846,75,3.99,8,0,0,299,6,8,76074,,39423,County Championship Division Two 2026,1,41,Kent Men,38,Middlesex Men,8704039,2026-08-20T17:46:14Z,3,452,False,,,,1739,Toby Roland-Jones,3730,Keith Dudgeon,13941,Ekansh Singh,Right,0,0,0,0,,LengthBall,OutsideOff,,None,FrontFoot,ForwardDefensive,NoMovement,Over,Medium,Right,Null,NotReferred,Null,False,False,False,False,False,True,,False,False,False,False,False,False,0,0,0,0,0,False,False,194.0,53.0,Cover
1629846,75,3.99,8,0,0,299,6,8,76074,,39423,County Championship Division Two 2026,1,41,Kent Men,38,Middlesex Men,8704042,2026-08-20T17:46:48Z,4,453,False,,,,1739,Toby Roland-Jones,3730,Keith Dudgeon,13941,Ekansh Singh,Right,4,0,4,4,,LengthBall,OutsideOff,,OutsideEdge,FrontFoot,BackwardDefensive,NoMovement,Over,Medium,Right,Null,NotReferred,Null,False,False,False,False,False,True,,False,False,False,False,False,False,4,0,0,0,0,True,False,120.0,161.0,
1629846,75,3.99,8,0,0,299,6,8,76074,,39423,County Championship Division Two 2026,1,41,Kent Men,38,Middlesex Men,8704046,2026-08-20T17:47:33Z,5,454,False,,,,1739,Toby Roland-Jones,3730,Keith Dudgeon,13941,Ekansh Singh,Right,0,0,0,0,,HalfVolley,OutsideOff,,Missed,FrontFoot,Drive,AwaySwinger,Over,Medium,Right,Null,NotReferred,Null,False,False,False,False,False,True,,False,False,False,False,False,False,0,0,0,0,0,False,False,,,Wicketkeeper
1629846,75,3.99,8,0,0,299,6,8,76074,,39423,County Championship Division Two 2026,1,41,Kent Men,38,Middlesex Men,8704051,2026-08-20T17:48:11Z,6,455,False,,,,1739,Toby Roland-Jones,3730,Keith Dudgeon,13941,Ekansh Singh,Right,0,0,0,0,,LengthBall,OutsideOff,,HitPad,FrontFoot,ForwardDefensive,SeamIn,Over,Medium,Right,Null,NotReferred,Null,False,False,False,False,False,True,,False,False,False,False,False,False,0,0,0,0,0,False,False,203.0,40.0,Cover
1629851,76,3.93,0,0,0,299,6,0,76074,,39423,County Championship Division Two 2026,1,41,Kent Men,38,Middlesex Men,8704057,2026-08-20T17:48:56Z,1,456,False,,,,2683,Tom Helm,13941,Ekansh Singh,3730,Keith Dudgeon,Right,0,0,0,0,,LengthBall,OutsideOff,,Spliced,BackFoot,BackwardDefensive,NoMovement,Over,FastSeam,Right,Null,NotReferred,Null,False,False,False,False,False,True,,False,False,False,False,False,False,0,0,0,0,0,False,False,203.0,48.0,Cover
1629851,76,3.93,0,0,0,299,6,0,76074,,39423,County Championship Division Two 2026,1,41,Kent Men,38,Middlesex Men,8704063,2026-08-20T17:49:39Z,2,457,False,,,,2683,Tom Helm,13941,Ekansh Singh,3730,Keith Dudgeon,Right,0,0,0,0,,LengthBall,OutsideOff,,Missed,BackFoot,BackwardDefensive,NoMovement,Over,FastSeam,Right,Null,NotReferred,Null,False,False,False,False,False,True,,False,False,False,False,False,False,0,0,0,0,0,False,False,,,Wicketkeeper
1629851,76,3.93,0,0,0,299,6,0,76074,,39423,County Championship Division Two 2026,1,41,Kent Men,38,Middlesex Men,8704064,2026-08-20T17:50:12Z,3,458,False,,,,2683,Tom Helm,13941,Ekansh Singh,3730,Keith Dudgeon,Right,0,0,0,0,,LengthBall,OutsideOff,,Left,NoMovement,Leave,NoMovement,Over,FastSeam,Right,Null,NotReferred,Null,False,False,False,False,False,True,,False,False,False,False,False,False,0,0,0,0,0,False,False,,,Wicketkeeper
1629851,76,3.93,0,0,0,299,6,0,76074,,39423,County Championship Division Two 2026,1,41,Kent Men,38,Middlesex Men,8704069,2026-08-20T17:50:48Z,4,459,False,,,,2683,Tom Helm,13941,Ekansh Singh,3730,Keith Dudgeon,Right,0,0,0,0,,LengthBall,OffStump,,None,FrontFoot,ForwardDefensive,NoMovement,Over,FastSeam,Right,Null,NotReferred,Null,False,False,False,False,False,True,,False,False,False,False,False,False,0,0,0,0,0,False,False,291.0,77.0,Mid On
1629851,76,3.93,0,0,0,299,6,0,76074,,39423,County Championship Division Two 2026,1,41,Kent Men,38,Middlesex Men,8704073,2026-08-20T17:51:24Z,5,460,False,,,,2683,Tom Helm,13941,Ekansh Singh,3730,Keith Dudgeon,Right,0,0,0,0,,LengthBall,OutsideOff,,None,BackFoot,BackwardDefensive,NoMovement,Over,FastSeam,Right,Null,NotReferred,Null,False,False,False,False,False,True,,False,False,False,False,False,False,0,0,0,0,0,False,False,283.0,69.0,Mid On
1629851,76,3.93,0,0,0,299,6,0,76074,,39423,County Championship Division Two 2026,1,41,Kent Men,38,Middlesex Men,8704076,2026-08-20T17:51:59Z,6,461,False,,,,2683,Tom Helm,13941,Ekansh Singh,3730,Keith Dudgeon,Right,0,0,0,0,,LengthBall,OutsideOff,,None,BackFoot,BackwardDefensive,NoMovement,Over,FastSeam,Right,Null,NotReferred,Null,False,False,False,False,False,True,,False,False,False,False,False,False,0,0,0,0,0,False,False,250.0,48.0,Mid Off
1630012,77,3.91,2,1,0,301,7,2,76074,,39423,County Championship Division Two 2026,1,41,Kent Men,38,Middlesex Men,8705049,2026-08-21T09:59:31Z,1,462,False,,,,39,Ryan Higgins,3730,Keith Dudgeon,13941,Ekansh Singh,Right,0,0,0,0,,LengthBall,OutsideOff,,Left,NoMovement,Leave,AwaySwinger,Over,Medium,Right,Null,NotReferred,Null,False,False,False,False,False,True,,False,False,False,False,False,False,0,0,0,0,0,False,False,,,Wicketkeeper
1630012,77,3.91,2,1,0,301,7,2,76074,,39423,County Championship Division Two 2026,1,41,Kent Men,38,Middlesex Men,8705054,2026-08-21T10:00:00Z,2,463,False,,,,39,Ryan Higgins,3730,Keith Dudgeon,13941,Ekansh Singh,Right,0,0,0,0,,LengthBall,OffStump,,None,FrontFoot,Worked,NoMovement,Over,Medium,Right,Null,NotReferred,Null,False,False,False,False,False,True,,False,False,False,False,False,False,0,0,0,0,0,False,False,339.0,29.0,Square Leg
1630012,77,3.91,2,1,0,301,7,2,76074,,39423,County Championship Division Two 2026,1,41,Kent Men,38,Middlesex Men,8705060,2026-08-21T10:00:28Z,3,464,False,,,,39,Ryan Higgins,3730,Keith Dudgeon,13941,Ekansh Singh,Right,0,0,0,0,,LengthBall,OutsideOff,,Missed,FrontFoot,ForwardDefensive,AwaySwinger,Over,Medium,Right,Null,NotReferred,Null,False,False,False,False,False,True,,False,False,False,False,False,False,0,0,0,0,0,False,False,,,Wicketkeeper
1630012,77,3.91,2,1,0,301,7,2,76074,,39423,County Championship Division Two 2026,1,41,Kent Men,38,Middlesex Men,8705077,2026-08-21T10:01:34Z,4,465,False,,,,39,Ryan Higgins,3730,Keith Dudgeon,13941,Ekansh Singh,Right,2,2,2,0,,LengthBall,OutsideOff,,None,FrontFoot,ForwardDefensive,NoMovement,Over,Medium,Right,Null,NotReferred,1,False,True,False,False,False,True,,False,False,False,False,False,False,2,0,0,0,2,False,False,186.0,55.0,Cover
1630012,77,3.91,2,1,0,301,7,2,76074,,39423,County Championship Division Two 2026,1,41,Kent Men,38,Middlesex Men,8705083,2026-08-21T10:02:04Z,4,466,False,,,,39,Ryan Higgins,3730,Keith Dudgeon,13941,Ekansh Singh,Right,0,0,0,0,,LengthBall,LegStump,,PlayAndMissLegSide,FrontFoot,Flick,NoMovement,Over,Medium,Right,Null,NotReferred,Null,False,False,False,False,False,True,,False,False,False,False,False,False,0,0,0,0,0,False,False,,,Wicketkeeper
1630012,77,3.91,2,1,0,301,7,2,76074,,39423,County Championship Division Two 2026,1,41,Kent Men,38,Middlesex Men,8705097,2026-08-21T10:02:37Z,5,467,True,Caught,3730.0,Keith Dudgeon,39,Ryan Higgins,3730,Keith Dudgeon,13941,Ekansh Singh,Right,0,0,0,0,Caught,LengthBall,OutsideOff,Caught,OutsideEdge,FrontFoot,Pushed,AwaySwinger,Over,Medium,Right,Null,NotReferred,Null,False,False,False,False,False,True,1890.0,False,False,False,False,False,False,0,0,0,0,0,False,False,91.0,26.0,Wicketkeeper
1630012,77,3.91,2,1,0,301,7,2,76074,,39423,County Championship Division Two 2026,1,41,Kent Men,38,Middlesex Men,8705115,2026-08-21T10:04:29Z,6,468,False,,,,39,Ryan Higgins,154,Matt Milnes,13941,Ekansh Singh,Right,0,0,0,0,,LengthBall,OutsideOff,,Missed,DownTheTrack,ForwardDefensive,AwaySwinger,Over,Medium,Right,Null,NotReferred,Null,False,False,False,False,False,True,,False,False,False,False,False,False,0,0,0,0,0,False,False,,,Wicketkeeper
1630028,78,3.91,4,0,0,305,7,4,76074,,39423,County Championship Division Two 2026,1,41,Kent Men,38,Middlesex Men,8705130,2026-08-21T10:05:30Z,1,469,False,,,,2683,Tom Helm,13941,Ekansh Singh,154,Matt Milnes,Right,0,0,0,0,,LengthBall,OutsideOff,,Left,NoMovement,Leave,NoMovement,Over,FastSeam,Right,Null,NotReferred,Null,False,False,False,False,False,True,,False,False,False,False,False,False,0,0,0,0,0,False,False,,,Wicketkeeper
1630028,78,3.91,4,0,0,305,7,4,76074,,39423,County Championship Division Two 2026,1,41,Kent Men,38,Middlesex Men,8705140,2026-08-21T10:06:00Z,2,470,False,,,,2683,Tom Helm,13941,Ekansh Singh,154,Matt Milnes,Right,0,0,0,0,,LengthBall,OffStump,,None,FrontFoot,Worked,NoMovement,Over,FastSeam,Right,Null,NotReferred,Null,False,False,False,False,False,True,,False,False,False,False,False,False,0,0,0,0,0,False,False,289.0,74.0,Mid On
1630028,78,3.91,4,0,0,305,7,4,76074,,39423,County Championship Division Two 2026,1,41,Kent Men,38,Middlesex Men,8705149,2026-08-21T10:06:34Z,3,471,False,,,,2683,Tom Helm,13941,Ekansh Singh,154,Matt Milnes,Right,0,0,0,0,,LengthBall,OutsideOff,,None,FrontFoot,ForwardDefensive,NoMovement,Over,FastSeam,Right,Null,NotReferred,Null,False,False,False,False,False,True,,False,False,False,False,False,False,0,0,0,0,0,False,False,219.0,50.0,Extra Cover
1630028,78,3.91,4,0,0,305,7,4,76074,,39423,County Championship Division Two 2026,1,41,Kent Men,38,Middlesex Men,8705159,2026-08-21T10:07:08Z,4,472,False,,,,2683,Tom Helm,13941,Ekansh Singh,154,Matt Milnes,Right,0,0,0,0,,LengthBall,OutsideOff,,None,BackFoot,BackwardDefensive,NoMovement,Over,FastSeam,Right,Null,NotReferred,Null,False,False,False,False,False,True,,False,False,False,False,False,False,0,0,0,0,0,False,False,271.0,39.0,Bowler
1630028,78,3.91,4,0,0,305,7,4,76074,,39423,County Championship Division Two 2026,1,41,Kent Men,38,Middlesex Men,8705170,2026-08-21T10:07:42Z,5,473,False,,,,2683,Tom Helm,13941,Ekansh Singh,154,Matt Milnes,Right,4,0,4,4,,HalfVolley,MiddleStump,,WellTimed,FrontFoot,Worked,NoMovement,Over,FastSeam,Right,Null,NotReferred,Null,False,False,False,False,False,True,,False,False,False,False,False,False,4,0,0,0,0,True,False,314.0,177.0,
1630028,78,3.91,4,0,0,305,7,4,76074,,39423,County Championship Division Two 2026,1,41,Kent Men,38,Middlesex Men,8705176,2026-08-21T10:08:23Z,6,474,False,,,,2683,Tom Helm,13941,Ekansh Singh,154,Matt Milnes,Right,0,0,0,0,,LengthBall,OutsideOff,,Missed,FrontFoot,ForwardDefensive,AwaySwinger,Over,FastSeam,Right,Null,NotReferred,Null,False,False,False,False,False,True,,False,False,False,False,False,False,0,0,0,0,0,False,False,,,Wicketkeeper
1630037,79,3.94,6,0,0,311,7,6,76074,,39423,County Championship Division Two 2026,1,41,Kent Men,38,Middlesex Men,8705188,2026-08-21T10:09:15Z,1,475,False,,,,39,Ryan Higgins,154,Matt Milnes,13941,Ekansh Singh,Right,0,0,0,0,,LengthBall,Wide,,Left,NoMovement,Leave,AwaySwinger,Over,Medium,Right,Null,NotReferred,Null,False,False,False,False,False,True,,False,False,False,False,False,False,0,0,0,0,0,False,False,,,Wicketkeeper
1630037,79,3.94,6,0,0,311,7,6,76074,,39423,County Championship Division Two 2026,1,41,Kent Men,38,Middlesex Men,8705200,2026-08-21T10:09:43Z,2,476,False,,,,39,Ryan Higgins,154,Matt Milnes,13941,Ekansh Singh,Right,0,0,0,0,,LengthBall,OffStump,,None,FrontFoot,Worked,NoMovement,Over,Medium,Right,Null,NotReferred,Null,False,False,False,False,False,True,,False,False,False,False,False,False,0,0,0,0,0,False,False,308.0,50.0,Mid Wicket
1630037,79,3.94,6,0,0,311,7,6,76074,,39423,County Championship Division Two 2026,1,41,Kent Men,38,Middlesex Men,8705203,2026-08-21T10:10:14Z,3,477,False,,,,39,Ryan Higgins,154,Matt Milnes,13941,Ekansh Singh,Right,0,0,0,0,,HalfVolley,OutsideOff,,WellTimed,DownTheTrack,Pushed,AwaySwinger,Over,Medium,Right,Null,NotReferred,Null,False,False,False,False,False,True,,False,False,False,False,False,False,0,0,0,0,0,False,False,240.0,49.0,Mid Off
1630037,79,3.94,6,0,0,311,7,6,76074,,39423,County Championship Division Two 2026,1,41,Kent Men,38,Middlesex Men,8705214,2026-08-21T10:10:42Z,4,478,False,,,,39,Ryan Higgins,154,Matt Milnes,13941,Ekansh Singh,Right,0,0,0,0,,LengthBall,OutsideOff,,WellTimed,FrontFoot,Drive,NoMovement,Over,Medium,Right,Null,NotReferred,Null,False,False,False,False,False,True,,False,False,False,False,False,False,0,0,0,0,0,False,False,239.0,56.0,Extra Cover
1630037,79,3.94,6,0,0,311,7,6,76074,,39423,County Championship Division Two 2026,1,41,Kent Men,38,Middlesex Men,8705223,2026-08-21T10:11:12Z,5,479,False,,,,39,Ryan Higgins,154,Matt Milnes,13941,Ekansh Singh,Right,2,0,2,2,,HalfVolley,OutsideOff,,WellTimed,FrontFoot,Drive,NoMovement,Over,Medium,Right,Null,NotReferred,Null,False,False,False,False,False,True,,False,False,False,False,False,False,2,0,0,0,0,False,False,209.0,151.0,Deep Cover
1630037,79,3.94,6,0,0,311,7,6,76074,,39423,County Championship Division Two 2026,1,41,Kent Men,38,Middlesex Men,8705232,2026-08-21T10:11:52Z,6,480,False,,,,39,Ryan Higgins,154,Matt Milnes,13941,Ekansh Singh,Right,4,0,4,4,,HalfVolley,OffStump,,Middled,DownTheTrack,Flick,NoMovement,Over,Medium,Right,Null,NotReferred,Null,False,False,False,False,False,True,,False,False,False,False,False,False,4,0,0,0,0,True,False,311.0,178.0,
1630046,80,4.0,9,0,0,320,7,9,76074,,39423,County Championship Division Two 2026,1,41,Kent Men,38,Middlesex Men,8705243,2026-08-21T10:12:52Z,1,481,False,,,,2683,Tom Helm,13941,Ekansh Singh,154,Matt Milnes,Right,0,0,0,0,,LengthBall,OutsideOff,,Missed,BackFoot,Cut,NoMovement,Over,FastSeam,Right,Null,NotReferred,Null,False,False,False,False,False,True,,False,False,False,False,False,False,0,0,0,0,0,False,False,,,Wicketkeeper
1630046,80,4.0,9,0,0,320,7,9,76074,,39423,County Championship Division Two 2026,1,41,Kent Men,38,Middlesex Men,8705253,2026-08-21T10:13:35Z,2,482,False,,,,2683,Tom Helm,13941,Ekansh Singh,154,Matt Milnes,Right,0,0,0,0,,LengthBall,OffStump,,Missed,FrontFoot,ForwardDefensive,SeamAway,Over,FastSeam,Right,Null,NotReferred,Null,False,False,False,False,False,True,,False,False,False,False,False,False,0,0,0,0,0,False,False,,,Wicketkeeper
1630046,80,4.0,9,0,0,320,7,9,76074,,39423,County Championship Division Two 2026,1,41,Kent Men,38,Middlesex Men,8705262,2026-08-21T10:14:10Z,3,483,False,,,,2683,Tom Helm,13941,Ekansh Singh,154,Matt Milnes,Right,0,0,0,0,,LengthBall,OffStump,,OutsideEdge,BackFoot,BackwardDefensive,SeamAway,Over,FastSeam,Right,Null,NotReferred,Null,False,False,False,False,False,True,,False,False,False,False,False,False,0,0,0,0,0,False,False,89.0,21.0,Wicketkeeper
1630046,80,4.0,9,0,0,320,7,9,76074,,39423,County Championship Division Two 2026,1,41,Kent Men,38,Middlesex Men,8705271,2026-08-21T10:14:52Z,4,484,False,,,,2683,Tom Helm,13941,Ekansh Singh,154,Matt Milnes,Right,1,0,1,1,,HalfVolley,OutsideOff,,WellTimed,FrontFoot,Pushed,NoMovement,Over,FastSeam,Right,Null,NotReferred,Null,False,False,False,False,False,True,,False,False,False,False,False,False,1,0,0,0,0,False,False,189.0,115.0,Deep Cover
1630046,80,4.0,9,0,0,320,7,9,76074,,39423,County Championship Division Two 2026,1,41,Kent Men,38,Middlesex Men,8705279,2026-08-21T10:15:34Z,5,485,False,,,,2683,Tom Helm,154,Matt Milnes,13941,Ekansh Singh,Right,4,0,4,4,,LengthBall,OutsideOff,,OutsideEdge,FrontFoot,ForwardDefensive,NoMovement,Over,FastSeam,Right,Null,NotReferred,Null,False,False,False,False,False,True,,False,False,False,False,False,False,4,0,0,0,0,True,False,115.0,161.0,
1630046,80,4.0,9,0,0,320,7,9,76074,,39423,County Championship Division Two 2026,1,41,Kent Men,38,Middlesex Men,8705292,2026-08-21T10:16:23Z,6,486,False,,,,2683,Tom Helm,154,Matt Milnes,13941,Ekansh Singh,Right,4,0,4,4,,LengthBall,Wide,,Middled,BackFoot,Cut,NoMovement,Over,FastSeam,Right,Null,NotReferred,Null,False,False,False,False,False,True,,False,False,False,False,False,False,4,0,0,0,0,True,False,194.0,172.0,
1630059,81,4.04,7,0,0,327,7,7,76074,,39423,County Championship Division Two 2026,1,41,Kent Men,38,Middlesex Men,8705315,2026-08-21T10:18:09Z,1,487,False,,,,39,Ryan Higgins,13941,Ekansh Singh,154,Matt Milnes,Right,0,0,0,0,,LengthBall,OffStump,Lbw,HitPad,FrontFoot,Flick,SeamIn,Over,Medium,Right,Null,NotReferred,Null,False,False,False,False,False,True,1890.0,False,True,False,False,False,False,0,0,0,0,0,False,False,193.0,41.0,Cover
1630059,81,4.04,7,0,0,327,7,7,76074,,39423,County Championship Division Two 2026,1,41,Kent Men,38,Middlesex Men,8705323,2026-08-21T10:18:45Z,2,488,False,,,,39,Ryan Higgins,13941,Ekansh Singh,154,Matt Milnes,Right,0,0,0,0,,LengthBall,OutsideOff,,Missed,FrontFoot,ForwardDefensive,AwaySwinger,Over,Medium,Right,Null,NotReferred,Null,False,False,False,False,False,True,,False,False,False,False,False,False,0,0,0,0,0,False,False,,,Wicketkeeper
1630059,81,4.04,7,0,0,327,7,7,76074,,39423,County Championship Division Two 2026,1,41,Kent Men,38,Middlesex Men,8705331,2026-08-21T10:19:12Z,3,489,False,,,,39,Ryan Higgins,13941,Ekansh Singh,154,Matt Milnes,Right,4,0,4,4,,HalfVolley,OffStump,,Middled,FrontFoot,Drive,NoMovement,Over,Medium,Right,Null,NotReferred,Null,False,False,False,False,False,True,,False,False,False,False,False,False,4,0,0,0,0,True,False,274.0,180.0,
1630059,81,4.04,7,0,0,327,7,7,76074,,39423,County Championship Division Two 2026,1,41,Kent Men,38,Middlesex Men,8705339,2026-08-21T10:19:47Z,4,490,False,,,,39,Ryan Higgins,13941,Ekansh Singh,154,Matt Milnes,Right,1,0,1,1,,LengthBall,OffStump,,LeadingEdge,FrontFoot,Worked,NoMovement,Over,Medium,Right,Null,NotReferred,Null,False,False,False,False,False,True,,False,False,False,False,False,False,1,0,0,0,0,False,False,207.0,67.0,Cover
1630059,81,4.04,7,0,0,327,7,7,76074,,39423,County Championship Division Two 2026,1,41,Kent Men,38,Middlesex Men,8705348,2026-08-21T10:20:22Z,5,491,False,,,,39,Ryan Higgins,154,Matt Milnes,13941,Ekansh Singh,Right,0,0,0,0,,HalfVolley,Wide,,WellTimed,FrontFoot,Drive,NoMovement,Over,Medium,Right,Null,NotReferred,Null,False,False,False,False,False,True,,False,False,False,False,False,False,0,0,0,0,0,False,False,206.0,66.0,Cover
1630059,81,4.04,7,0,0,327,7,7,76074,,39423,County Championship Division Two 2026,1,41,Kent Men,38,Middlesex Men,8705357,2026-08-21T10:20:57Z,6,492,False,,,,39,Ryan Higgins,154,Matt Milnes,13941,Ekansh Singh,Right,2,0,2,2,,HalfVolley,OffStump,,MisTimed,DownTheTrack,Flick,NoMovement,Over,Medium,Right,Null,NotReferred,Null,False,False,False,False,False,True,,False,False,False,False,False,False,2,0,0,0,0,False,False,334.0,128.0,Deep Square Leg
1630065,82,4.04,4,0,0,331,7,4,76074,,39423,County Championship Division Two 2026,1,41,Kent Men,38,Middlesex Men,8705371,2026-08-21T10:22:00Z,1,493,False,,,,2683,Tom Helm,13941,Ekansh Singh,154,Matt Milnes,Right,0,0,0,0,,LengthBall,OutsideOff,,InsideEdge,FrontFoot,Drive,NoMovement,Over,FastSeam,Right,Null,NotReferred,Null,False,False,False,False,False,True,,False,False,False,False,False,False,0,0,0,0,0,False,False,201.0,17.0,Wicketkeeper
1630065,82,4.04,4,0,0,331,7,4,76074,,39423,County Championship Division Two 2026,1,41,Kent Men,38,Middlesex Men,8705381,2026-08-21T10:22:37Z,2,494,False,,,,2683,Tom Helm,13941,Ekansh Singh,154,Matt Milnes,Right,0,0,0,0,,HalfVolley,OffStump,,WellTimed,FrontFoot,Flick,NoMovement,Over,FastSeam,Right,Null,NotReferred,Null,False,False,False,False,False,True,,False,False,False,False,False,False,0,0,0,0,0,False,False,283.0,76.0,Mid On
1630065,82,4.04,4,0,0,331,7,4,76074,,39423,County Championship Division Two 2026,1,41,Kent Men,38,Middlesex Men,8705393,2026-08-21T10:23:10Z,3,495,False,,,,2683,Tom Helm,13941,Ekansh Singh,154,Matt Milnes,Right,2,0,2,2,,HalfVolley,OutsideOff,,WellTimed,FrontFoot,Drive,NoMovement,Over,FastSeam,Right,Null,NotReferred,Null,False,False,False,False,False,True,,False,False,False,False,False,False,2,0,0,0,0,False,False,225.0,131.0,Deep Extra Cover
1630065,82,4.04,4,0,0,331,7,4,76074,,39423,County Championship Division Two 2026,1,41,Kent Men,38,Middlesex Men,8705401,2026-08-21T10:23:47Z,4,496,False,,,,2683,Tom Helm,13941,Ekansh Singh,154,Matt Milnes,Right,1,0,1,1,,BackOfALength,Wide,,BottomEdge,BackFoot,Cut,NoMovement,Over,FastSeam,Right,Null,NotReferred,Null,False,False,False,False,False,True,,False,False,False,False,False,False,1,0,0,0,0,False,False,137.0,119.0,Third Man
1630065,82,4.04,4,0,0,331,7,4,76074,,39423,County Championship Division Two 2026,1,41,Kent Men,38,Middlesex Men,8705407,2026-08-21T10:24:28Z,5,497,False,,,,2683,Tom Helm,154,Matt Milnes,13941,Ekansh Singh,Right,0,0,0,0,,LengthBall,OutsideOff,,WellTimed,FrontFoot,ForwardDefensive,SeamIn,Over,FastSeam,Right,Null,NotReferred,Null,False,False,False,False,False,True,,False,False,False,False,False,False,0,0,0,0,0,False,False,264.0,37.0,Bowler
1630065,82,4.04,4,0,0,331,7,4,76074,,39423,County Championship Division Two 2026,1,41,Kent Men,38,Middlesex Men,8705417,2026-08-21T10:25:02Z,6,498,False,,,,2683,Tom Helm,154,Matt Milnes,13941,Ekansh Singh,Right,1,0,1,1,,Short,OutsideOff,,MisTimed,BackFoot,Pull,NoMovement,Over,FastSeam,Right,Null,NotReferred,Null,False,False,False,False,False,True,,False,False,False,False,False,False,1,0,0,0,0,False,False,333.0,88.0,Square Leg
1630076,83,3.99,0,0,0,331,7,0,76074,,39423,County Championship Division Two 2026,1,41,Kent Men,38,Middlesex Men,8705432,2026-08-21T10:26:02Z,1,499,False,,,,39,Ryan Higgins,154,Matt Milnes,13941,Ekansh Singh,Right,0,0,0,0,,LengthBall,Wide,,Left,NoMovement,Leave,AwaySwinger,Over,Medium,Right,Null,NotReferred,Null,False,False,False,False,False,True,,False,False,False,False,False,False,0,0,0,0,0,False,False,,,Wicketkeeper
1630076,83,3.99,0,0,0,331,7,0,76074,,39423,County Championship Division Two 2026,1,41,Kent Men,38,Middlesex Men,8705437,2026-08-21T10:26:31Z,2,500,False,,,,39,Ryan Higgins,154,Matt Milnes,13941,Ekansh Singh,Right,0,0,0,0,,LengthBall,Wide,,ShouldersArms,NoMovement,ShouldersArms,AwaySwinger,Over,Medium,Right,Null,NotReferred,Null,False,False,False,False,False,True,,False,False,False,False,False,False,0,0,0,0,0,False,False,,,Wicketkeeper
1630076,83,3.99,0,0,0,331,7,0,76074,,39423,County Championship Division Two 2026,1,41,Kent Men,38,Middlesex Men,8705447,2026-08-21T10:26:58Z,3,501,False,,,,39,Ryan Higgins,154,Matt Milnes,13941,Ekansh Singh,Right,0,0,0,0,,LengthBall,OutsideOff,,None,DownTheTrack,Pushed,NoMovement,Over,Medium,Right,Null,NotReferred,Null,False,False,False,False,False,True,,False,False,False,False,False,False,0,0,0,0,0,False,False,287.0,79.0,Mid On
1630076,83,3.99,0,0,0,331,7,0,76074,,39423,County Championship Division Two 2026,1,41,Kent Men,38,Middlesex Men,8705452,2026-08-21T10:27:28Z,4,502,False,,,,39,Ryan Higgins,154,Matt Milnes,13941,Ekansh Singh,Right,0,0,0,0,,HalfVolley,OutsideOff,,ShouldersArms,NoMovement,ShouldersArms,AwaySwinger,Over,Medium,Right,Null,NotReferred,Null,False,False,False,False,False,True,,False,False,False,False,False,False,0,0,0,0,0,False,False,,,Wicketkeeper
1630076,83,3.99,0,0,0,331,7,0,76074,,39423,County Championship Division Two 2026,1,41,Kent Men,38,Middlesex Men,8705457,2026-08-21T10:27:55Z,5,503,False,,,,39,Ryan Higgins,154,Matt Milnes,13941,Ekansh Singh,Right,0,0,0,0,,LengthBall,OutsideOff,,Left,NoMovement,Leave,AwaySwinger,Over,Medium,Right,Null,NotReferred,Null,False,False,False,False,False,True,,False,False,False,False,False,False,0,0,0,0,0,False,False,,,Wicketkeeper
1630076,83,3.99,0,0,0,331,7,0,76074,,39423,County Championship Division Two 2026,1,41,Kent Men,38,Middlesex Men,8705463,2026-08-21T10:28:22Z,6,504,False,,,,39,Ryan Higgins,154,Matt Milnes,13941,Ekansh Singh,Right,0,0,0,0,,LengthBall,OutsideOff,,ShouldersArms,NoMovement,ShouldersArms,AwaySwinger,Over,Medium,Right,Null,NotReferred,Null,False,False,False,False,False,True,,False,False,False,False,False,False,0,0,0,0,0,False,False,,,Wicketkeeper
1630085,84,3.94,0,0,0,331,7,0,76074,,39423,County Championship Division Two 2026,1,41,Kent Men,38,Middlesex Men,8705476,2026-08-21T10:29:08Z,1,505,False,,,,2683,Tom Helm,13941,Ekansh Singh,154,Matt Milnes,Right,0,0,0,0,,LengthBall,OutsideOff,,Left,NoMovement,Leave,SeamAway,Over,FastSeam,Right,Null,NotReferred,Null,False,False,False,False,False,True,,False,False,False,False,False,False,0,0,0,0,0,False,False,,,Wicketkeeper
1630085,84,3.94,0,0,0,331,7,0,76074,,39423,County Championship Division Two 2026,1,41,Kent Men,38,Middlesex Men,8705484,2026-08-21T10:29:39Z,2,506,False,,,,2683,Tom Helm,13941,Ekansh Singh,154,Matt Milnes,Right,0,0,0,0,,LengthBall,OutsideOff,,Missed,BackFoot,BackwardDefensive,SeamAway,Over,FastSeam,Right,Null,NotReferred,Null,False,False,False,False,False,True,,False,False,False,False,False,False,0,0,0,0,0,False,False,,,Wicketkeeper
1630085,84,3.94,0,0,0,331,7,0,76074,,39423,County Championship Division Two 2026,1,41,Kent Men,38,Middlesex Men,8705495,2026-08-21T10:30:12Z,3,507,False,,,,2683,Tom Helm,13941,Ekansh Singh,154,Matt Milnes,Right,0,0,0,0,,HalfVolley,OutsideOff,,None,FrontFoot,ForwardDefensive,SeamIn,Over,FastSeam,Right,Null,NotReferred,Null,False,False,False,False,False,True,,False,False,False,False,False,False,0,0,0,0,0,False,False,219.0,45.0,Extra Cover
1630085,84,3.94,0,0,0,331,7,0,76074,,39423,County Championship Division Two 2026,1,41,Kent Men,38,Middlesex Men,8705503,2026-08-21T10:30:49Z,4,508,False,,,,2683,Tom Helm,13941,Ekansh Singh,154,Matt Milnes,Right,0,0,0,0,,LengthBall,OutsideOff,,Left,NoMovement,Leave,SeamAway,Over,FastSeam,Right,Null,NotReferred,Null,False,False,False,False,False,True,,False,False,False,False,False,False,0,0,0,0,0,False,False,,,Wicketkeeper
1630085,84,3.94,0,0,0,331,7,0,76074,,39423,County Championship Division Two 2026,1,41,Kent Men,38,Middlesex Men,8705515,2026-08-21T10:31:26Z,5,509,False,,,,2683,Tom Helm,13941,Ekansh Singh,154,Matt Milnes,Right,0,0,0,0,,HalfVolley,OutsideOff,,Missed,FrontFoot,Drive,NoMovement,Over,FastSeam,Right,Null,NotReferred,Null,False,False,False,False,False,True,,False,False,False,False,False,False,0,0,0,0,0,False,False,,,Wicketkeeper
1630085,84,3.94,0,0,0,331,7,0,76074,,39423,County Championship Division Two 2026,1,41,Kent Men,38,Middlesex Men,8705525,2026-08-21T10:32:04Z,6,510,False,,,,2683,Tom Helm,13941,Ekansh Singh,154,Matt Milnes,Right,0,0,0,0,,LengthBall,OutsideOff,,None,BackFoot,BackwardDefensive,NoMovement,Over,FastSeam,Right,Null,NotReferred,Null,False,False,False,False,False,True,,False,False,False,False,False,False,0,0,0,0,0,False,False,259.0,35.0,Bowler
1630096,85,3.91,1,0,0,332,7,1,76074,,39423,County Championship Division Two 2026,1,41,Kent Men,38,Middlesex Men,8705540,2026-08-21T10:33:15Z,1,511,False,,,,1739,Toby Roland-Jones,154,Matt Milnes,13941,Ekansh Singh,Right,0,0,0,0,,LengthBall,OutsideOff,,None,DownTheTrack,ForwardDefensive,NoMovement,Over,Medium,Right,Null,NotReferred,Null,False,False,False,False,False,True,,False,False,False,False,False,False,0,0,0,0,0,False,False,280.0,61.0,Mid On
1630096,85,3.91,1,0,0,332,7,1,76074,,39423,County Championship Division Two 2026,1,41,Kent Men,38,Middlesex Men,8705553,2026-08-21T10:33:51Z,2,512,False,,,,1739,Toby Roland-Jones,154,Matt Milnes,13941,Ekansh Singh,Right,0,0,0,0,,LengthBall,OutsideOff,,ThickEdge,FrontFoot,Drive,SeamAway,Over,Medium,Right,Null,NotReferred,Null,False,False,False,False,False,True,,False,False,False,False,False,False,0,0,0,0,0,False,False,168.0,61.0,Backward Point
1630096,85,3.91,1,0,0,332,7,1,76074,,39423,County Championship Division Two 2026,1,41,Kent Men,38,Middlesex Men,8705560,2026-08-21T10:34:25Z,3,513,False,,,,1739,Toby Roland-Jones,154,Matt Milnes,13941,Ekansh Singh,Right,0,0,0,0,,LengthBall,OutsideOff,,Missed,DownTheTrack,ForwardDefensive,SeamAway,Over,Medium,Right,Null,NotReferred,Null,False,False,False,False,False,True,,False,False,False,False,False,False,0,0,0,0,0,False,False,,,Wicketkeeper
1630096,85,3.91,1,0,0,332,7,1,76074,,39423,County Championship Division Two 2026,1,41,Kent Men,38,Middlesex Men,8705568,2026-08-21T10:34:58Z,4,514,False,,,,1739,Toby Roland-Jones,154,Matt Milnes,13941,Ekansh Singh,Right,0,1,1,0,,LengthBall,OffStump,,HitPad,DownTheTrack,Flick,SeamIn,Over,Medium,Right,Null,NotReferred,Null,False,False,False,True,False,True,,False,False,False,False,False,False,1,0,0,1,0,False,False,62.0,112.0,Fine Leg
1630096,85,3.91,1,0,0,332,7,1,76074,,39423,County Championship Division Two 2026,1,41,Kent Men,38,Middlesex Men,8705579,2026-08-21T10:35:41Z,5,515,False,,,,1739,Toby Roland-Jones,13941,Ekansh Singh,154,Matt Milnes,Right,0,0,0,0,,BackOfALength,OutsideOff,,None,BackFoot,Dropped,NoMovement,Over,Medium,Right,Null,NotReferred,Null,False,False,False,False,False,True,,False,False,False,False,False,False,0,0,0,0,0,False,False,192.0,56.0,Cover
1630096,85,3.91,1,0,0,332,7,1,76074,,39423,County Championship Division Two 2026,1,41,Kent Men,38,Middlesex Men,8705586,2026-08-21T10:36:17Z,6,516,False,,,,1739,Toby Roland-Jones,13941,Ekansh Singh,154,Matt Milnes,Right,0,0,0,0,,LengthBall,OutsideOff,,Missed,FrontFoot,ForwardDefensive,AwaySwinger,Over,Medium,Right,Null,NotReferred,Null,False,False,False,False,False,True,,False,False,False,False,False,False,0,0,0,0,0,False,False,,,Wicketkeeper
1630107,86,3.91,4,0,0,336,7,4,76074,,39423,County Championship Division Two 2026,1,41,Kent Men,38,Middlesex Men,8705605,2026-08-21T10:37:35Z,1,517,False,,,,39,Ryan Higgins,154,Matt Milnes,13941,Ekansh Singh,Right,0,0,0,0,,LengthBall,OutsideOff,,None,FrontFoot,ForwardDefensive,SeamIn,Over,Medium,Right,Null,NotReferred,Null,False,False,False,False,False,True,,False,False,False,False,False,False,0,0,0,0,0,False,False,253.0,81.0,Mid Off
1630107,86,3.91,4,0,0,336,7,4,76074,,39423,County Championship Division Two 2026,1,41,Kent Men,38,Middlesex Men,8705611,2026-08-21T10:38:03Z,2,518,False,,,,39,Ryan Higgins,154,Matt Milnes,13941,Ekansh Singh,Right,0,0,0,0,,LengthBall,OutsideOff,,None,DownTheTrack,ForwardDefensive,NoMovement,Over,Medium,Right,Null,NotReferred,Null,False,False,False,False,False,True,,False,False,False,False,False,False,0,0,0,0,0,False,False,267.0,41.0,Bowler
1630107,86,3.91,4,0,0,336,7,4,76074,,39423,County Championship Division Two 2026,1,41,Kent Men,38,Middlesex Men,8705618,2026-08-21T10:38:37Z,3,519,False,,,,39,Ryan Higgins,154,Matt Milnes,13941,Ekansh Singh,Right,0,0,0,0,,LengthBall,OutsideOff,,None,DownTheTrack,ForwardDefensive,SeamIn,Over,Medium,Right,Null,NotReferred,Null,False,False,False,False,False,True,,False,False,False,False,False,False,0,0,0,0,0,False,False,274.0,44.0,Bowler
1630107,86,3.91,4,0,0,336,7,4,76074,,39423,County Championship Division Two 2026,1,41,Kent Men,38,Middlesex Men,8705626,2026-08-21T10:39:08Z,4,520,False,,,,39,Ryan Higgins,154,Matt Milnes,13941,Ekansh Singh,Right,0,0,0,0,,LengthBall,OutsideOff,,ShouldersArms,NoMovement,ShouldersArms,AwaySwinger,Over,Medium,Right,Null,NotReferred,Null,False,False,False,False,False,True,,False,False,False,False,False,False,0,0,0,0,0,False,False,,,Wicketkeeper
1630107,86,3.91,4,0,0,336,7,4,76074,,39423,County Championship Division Two 2026,1,41,Kent Men,38,Middlesex Men,8705633,2026-08-21T10:39:35Z,5,521,False,,,,39,Ryan Higgins,154,Matt Milnes,13941,Ekansh Singh,Right,0,0,0,0,,HalfVolley,OffStump,,None,FrontFoot,Pushed,NoMovement,Over,Medium,Right,Null,NotReferred,Null,False,False,False,False,False,True,,False,False,False,False,False,False,0,0,0,0,0,False,False,277.0,39.0,Bowler
1630107,86,3.91,4,0,0,336,7,4,76074,,39423,County Championship Division Two 2026,1,41,Kent Men,38,Middlesex Men,8705641,2026-08-21T10:40:11Z,6,522,False,,,,39,Ryan Higgins,154,Matt Milnes,13941,Ekansh Singh,Right,4,0,4,4,,LengthBall,MiddleStump,,None,FrontFoot,Flick,NoMovement,Over,Medium,Right,Null,NotReferred,Null,False,False,False,False,False,True,,False,False,False,False,False,False,4,0,0,0,0,True,False,74.0,160.0,
1630112,87,3.87,1,0,0,337,7,1,76074,,39423,County Championship Division Two 2026,1,41,Kent Men,38,Middlesex Men,8705648,2026-08-21T10:41:03Z,1,523,False,,,,1739,Toby Roland-Jones,13941,Ekansh Singh,154,Matt Milnes,Right,0,0,0,0,,LengthBall,OutsideOff,,None,FrontFoot,ForwardDefensive,SeamIn,Over,Medium,Right,Null,NotReferred,Null,False,False,False,False,False,True,,False,False,False,False,False,False,0,0,0,0,0,False,False,208.0,44.0,Cover
1630112,87,3.87,1,0,0,337,7,1,76074,,39423,County Championship Division Two 2026,1,41,Kent Men,38,Middlesex Men,8705659,2026-08-21T10:41:34Z,2,524,False,,,,1739,Toby Roland-Jones,13941,Ekansh Singh,154,Matt Milnes,Right,0,0,0,0,,LengthBall,OutsideOff,,Left,NoMovement,Leave,SeamAway,Over,Medium,Right,Null,NotReferred,Null,False,False,False,False,False,True,,False,False,False,False,False,False,0,0,0,0,0,False,False,,,Wicketkeeper
1630112,87,3.87,1,0,0,337,7,1,76074,,39423,County Championship Division Two 2026,1,41,Kent Men,38,Middlesex Men,8705667,2026-08-21T10:42:09Z,3,525,False,,,,1739,Toby Roland-Jones,13941,Ekansh Singh,154,Matt Milnes,Right,0,0,0,0,,HalfVolley,OutsideOff,,Missed,FrontFoot,Drive,SeamAway,Over,Medium,Right,Null,NotReferred,Null,False,False,False,False,False,True,,False,False,False,False,False,False,0,0,0,0,0,False,False,,,Wicketkeeper
1630112,87,3.87,1,0,0,337,7,1,76074,,39423,County Championship Division Two 2026,1,41,Kent Men,38,Middlesex Men,8705676,2026-08-21T10:42:44Z,4,526,False,,,,1739,Toby Roland-Jones,13941,Ekansh Singh,154,Matt Milnes,Right,1,0,1,1,,HalfVolley,OutsideOff,,MisTimed,FrontFoot,Drive,NoMovement,Over,Medium,Right,Null,NotReferred,Null,False,False,False,False,False,True,,False,False,False,False,False,False,1,0,0,0,0,False,True,246.0,126.0,Long Off
1630112,87,3.87,1,0,0,337,7,1,76074,,39423,County Championship Division Two 2026,1,41,Kent Men,38,Middlesex Men,8705687,2026-08-21T10:43:22Z,5,527,False,,,,1739,Toby Roland-Jones,154,Matt Milnes,13941,Ekansh Singh,Right,0,0,0,0,,LengthBall,OutsideOff,,Missed,DownTheTrack,ForwardDefensive,AwaySwinger,Over,Medium,Right,Null,NotReferred,Null,False,False,False,False,False,True,,False,False,False,False,False,False,0,0,0,0,0,False,False,,,Wicketkeeper
1630112,87,3.87,1,0,0,337,7,1,76074,,39423,County Championship Division Two 2026,1,41,Kent Men,38,Middlesex Men,8705696,2026-08-21T10:43:56Z,6,528,False,,,,1739,Toby Roland-Jones,154,Matt Milnes,13941,Ekansh Singh,Right,0,0,0,0,,HalfVolley,Wide,,Missed,FrontFoot,Drive,AwaySwinger,Over,Medium,Right,Null,NotReferred,Null,False,False,False,False,False,True,,False,False,False,False,False,False,0,0,0,0,0,False,False,,,Wicketkeeper
1630122,88,3.84,1,0,0,338,7,1,76074,,39423,County Championship Division Two 2026,1,41,Kent Men,38,Middlesex Men,8705710,2026-08-21T10:44:47Z,1,529,False,,,,39,Ryan Higgins,13941,Ekansh Singh,154,Matt Milnes,Right,0,0,0,0,,LengthBall,OutsideOff,,OutsideEdge,BackFoot,BackwardDefensive,SeamIn,Over,Medium,Right,Null,NotReferred,Null,False,False,False,False,False,True,,False,False,False,False,False,False,0,0,0,0,0,False,False,146.0,22.0,Gully
1630122,88,3.84,1,0,0,338,7,1,76074,,39423,County Championship Division Two 2026,1,41,Kent Men,38,Middlesex Men,8705714,2026-08-21T10:45:15Z,2,530,False,,,,39,Ryan Higgins,13941,Ekansh Singh,154,Matt Milnes,Right,0,0,0,0,,LengthBall,OffStump,Lbw,HitPad,FrontFoot,Pushed,SeamIn,Over,Medium,Right,Null,NotReferred,Null,False,False,False,False,False,True,1808.0,False,False,False,False,False,False,0,0,0,0,0,False,False,,,Wicketkeeper
1630122,88,3.84,1,0,0,338,7,1,76074,,39423,County Championship Division Two 2026,1,41,Kent Men,38,Middlesex Men,8705724,2026-08-21T10:45:48Z,3,531,False,,,,39,Ryan Higgins,13941,Ekansh Singh,154,Matt Milnes,Right,1,0,1,1,,HalfVolley,MiddleStump,,WellTimed,FrontFoot,Flick,NoMovement,Over,Medium,Right,Null,NotReferred,Null,False,False,False,False,False,True,,False,False,False,False,False,False,1,0,0,0,0,False,False,341.0,124.0,Deep Square Leg
1630122,88,3.84,1,0,0,338,7,1,76074,,39423,County Championship Division Two 2026,1,41,Kent Men,38,Middlesex Men,8705730,2026-08-21T10:46:22Z,4,532,False,,,,39,Ryan Higgins,154,Matt Milnes,13941,Ekansh Singh,Right,0,0,0,0,,LengthBall,OutsideOff,,Missed,FrontFoot,LateCut,NoMovement,Over,Medium,Right,Null,NotReferred,Null,False,False,False,False,False,True,,False,False,False,False,False,False,0,0,0,0,0,False,False,,,Wicketkeeper
1630122,88,3.84,1,0,0,338,7,1,76074,,39423,County Championship Division Two 2026,1,41,Kent Men,38,Middlesex Men,8705738,2026-08-21T10:46:49Z,5,533,False,,,,39,Ryan Higgins,154,Matt Milnes,13941,Ekansh Singh,Right,0,0,0,0,,HalfVolley,OutsideOff,,WellTimed,FrontFoot,Drive,NoMovement,Over,Medium,Right,Null,NotReferred,Null,False,False,False,False,False,True,,False,False,False,False,False,False,0,0,0,0,0,False,False,247.0,81.0,Mid Off
1630122,88,3.84,1,0,0,338,7,1,76074,,39423,County Championship Division Two 2026,1,41,Kent Men,38,Middlesex Men,8705746,2026-08-21T10:47:20Z,6,534,False,,,,39,Ryan Higgins,154,Matt Milnes,13941,Ekansh Singh,Right,0,0,0,0,,LengthBall,OutsideOff,,Spliced,FrontFoot,ForwardDefensive,NoMovement,Over,Medium,Right,Null,NotReferred,Null,False,False,False,False,False,True,,False,False,False,False,False,False,0,0,0,0,0,False,False,207.0,54.0,Cover
1630132,89,3.8,0,1,0,338,8,0,76074,,39423,County Championship Division Two 2026,1,41,Kent Men,38,Middlesex Men,8705762,2026-08-21T10:48:09Z,1,535,True,Lbw,13941.0,Ekansh Singh,1739,Toby Roland-Jones,13941,Ekansh Singh,154,Matt Milnes,Right,0,0,0,0,LBW,LengthBall,OutsideOff,Lbw,HitPad,NoMovement,Leave,SeamIn,Over,Medium,Right,Null,NotReferred,Null,False,False,False,False,False,True,1890.0,False,False,False,False,False,False,0,0,0,0,0,False,False,,,
1630132,89,3.8,0,1,0,338,8,0,76074,,39423,County Championship Division Two 2026,1,41,Kent Men,38,Middlesex Men,8705783,2026-08-21T10:50:06Z,2,536,False,,,,1739,Toby Roland-Jones,248,Matt Parkinson,154,Matt Milnes,Right,0,0,0,0,,LengthBall,OutsideOff,,Left,NoMovement,Leave,SeamAway,Over,Medium,Right,Null,NotReferred,Null,False,False,False,False,False,True,,False,False,False,False,False,False,0,0,0,0,0,False,False,,,Wicketkeeper
1630132,89,3.8,0,1,0,338,8,0,76074,,39423,County Championship Division Two 2026,1,41,Kent Men,38,Middlesex Men,8705794,2026-08-21T10:50:38Z,3,537,False,,,,1739,Toby Roland-Jones,248,Matt Parkinson,154,Matt Milnes,Right,0,0,0,0,,LengthBall,OutsideOff,,Gloved,FrontFoot,ForwardDefensive,SeamIn,Over,Medium,Right,Null,NotReferred,Null,False,False,False,False,False,True,,False,False,False,False,False,False,0,0,0,0,0,False,False,138.0,22.0,Gully
1630132,89,3.8,0,1,0,338,8,0,76074,,39423,County Championship Division Two 2026,1,41,Kent Men,38,Middlesex Men,8705803,2026-08-21T10:51:09Z,4,538,False,,,,1739,Toby Roland-Jones,248,Matt Parkinson,154,Matt Milnes,Right,0,0,0,0,,LengthBall,OutsideOff,,None,FrontFoot,ForwardDefensive,SeamIn,Over,Medium,Right,Null,NotReferred,Null,False,False,False,False,False,True,,False,False,False,False,False,False,0,0,0,0,0,False,False,262.0,35.0,Bowler
1630132,89,3.8,0,1,0,338,8,0,76074,,39423,County Championship Division Two 2026,1,41,Kent Men,38,Middlesex Men,8705813,2026-08-21T10:51:44Z,5,539,False,,,,1739,Toby Roland-Jones,248,Matt Parkinson,154,Matt Milnes,Right,0,0,0,0,,LengthBall,OutsideOff,,None,FrontFoot,ForwardDefensive,SeamIn,Over,Medium,Right,Null,NotReferred,Null,False,False,False,False,False,True,,False,False,False,False,False,False,0,0,0,0,0,False,False,245.0,40.0,Bowler
1630132,89,3.8,0,1,0,338,8,0,76074,,39423,County Championship Division Two 2026,1,41,Kent Men,38,Middlesex Men,8705821,2026-08-21T10:52:20Z,6,540,False,,,,1739,Toby Roland-Jones,248,Matt Parkinson,154,Matt Milnes,Right,0,0,0,0,,HalfVolley,OutsideOff,,Missed,NoMovement,Pushed,AwaySwinger,Over,Medium,Right,Null,NotReferred,Null,False,False,False,False,False,True,,False,False,False,False,False,False,0,0,0,0,0,False,False,,,Wicketkeeper
1630147,90,3.81,5,0,0,343,8,5,76074,,39423,County Championship Division Two 2026,1,41,Kent Men,38,Middlesex Men,8705835,2026-08-21T10:53:18Z,1,541,False,,,,39,Ryan Higgins,154,Matt Milnes,248,Matt Parkinson,Right,4,0,4,4,,HalfVolley,Wide,,WellTimed,FrontFoot,Drive,NoMovement,Over,Medium,Right,Null,NotReferred,Null,False,False,False,False,False,True,,False,False,False,False,False,False,4,0,0,0,0,True,False,196.0,173.0,
1630147,90,3.81,5,0,0,343,8,5,76074,,39423,County Championship Division Two 2026,1,41,Kent Men,38,Middlesex Men,8705844,2026-08-21T10:53:55Z,2,542,False,,,,39,Ryan Higgins,154,Matt Milnes,248,Matt Parkinson,Right,0,0,0,0,,LengthBall,OutsideOff,,Missed,FrontFoot,ForwardDefensive,SeamAway,Over,Medium,Right,Null,NotReferred,Null,False,False,False,False,False,True,,False,False,False,False,False,False,0,0,0,0,0,False,False,,,Wicketkeeper
1630147,90,3.81,5,0,0,343,8,5,76074,,39423,County Championship Division Two 2026,1,41,Kent Men,38,Middlesex Men,8705854,2026-08-21T10:54:29Z,3,543,False,,,,39,Ryan Higgins,154,Matt Milnes,248,Matt Parkinson,Right,0,0,0,0,,LengthBall,OffStump,,HitPad,BackFoot,Worked,SeamIn,Over,Medium,Right,Null,NotReferred,Null,False,False,False,False,False,True,,False,False,False,False,False,False,0,0,0,0,0,False,False,,,Wicketkeeper
1630147,90,3.81,5,0,0,343,8,5,76074,,39423,County Championship Division Two 2026,1,41,Kent Men,38,Middlesex Men,8705862,2026-08-21T10:55:03Z,4,544,False,,,,39,Ryan Higgins,154,Matt Milnes,248,Matt Parkinson,Right,0,0,0,0,,LengthBall,OutsideOff,,WellTimed,FrontFoot,ForwardDefensive,SeamIn,Over,Medium,Right,Null,NotReferred,Null,False,False,False,False,False,True,,False,False,False,False,False,False,0,0,0,0,0,False,False,271.0,41.0,Bowler
1630147,90,3.81,5,0,0,343,8,5,76074,,39423,County Championship Division Two 2026,1,41,Kent Men,38,Middlesex Men,8705871,2026-08-21T10:55:31Z,5,545,False,,,,39,Ryan Higgins,154,Matt Milnes,248,Matt Parkinson,Right,0,0,0,0,,LengthBall,OutsideOff,,Spliced,FrontFoot,ForwardDefensive,SeamIn,Over,Medium,Right,Null,NotReferred,Null,False,False,False,False,False,True,,False,False,False,False,False,False,0,0,0,0,0,False,False,222.0,44.0,Extra Cover
1630147,90,3.81,5,0,0,343,8,5,76074,,39423,County Championship Division Two 2026,1,41,Kent Men,38,Middlesex Men,8705880,2026-08-21T10:56:02Z,6,546,False,,,,39,Ryan Higgins,154,Matt Milnes,248,Matt Parkinson,Right,1,0,1,1,,LengthBall,OffStump,,WellTimed,FrontFoot,Flick,SeamIn,Over,Medium,Right,Null,NotReferred,Null,False,False,False,False,False,True,,False,False,False,False,False,False,1,0,0,0,0,False,False,47.0,117.0,Fine Leg
1630155,91,3.78,1,1,0,344,9,1,76074,,39423,County Championship Division Two 2026,1,41,Kent Men,38,Middlesex Men,8705892,2026-08-21T10:57:08Z,1,547,False,,,,1739,Toby Roland-Jones,154,Matt Milnes,248,Matt Parkinson,Right,0,1,1,0,,HalfVolley,LegStump,,HitPad,FrontFoot,Flick,NoMovement,Over,Medium,Right,Null,NotReferred,Null,False,False,False,True,False,True,,False,False,False,False,False,False,1,0,0,1,0,False,False,343.0,69.0,Square Leg
1630155,91,3.78,1,1,0,344,9,1,76074,,39423,County Championship Division Two 2026,1,41,Kent Men,38,Middlesex Men,8705904,2026-08-21T10:57:50Z,2,548,True,Caught,248.0,Matt Parkinson,1739,Toby Roland-Jones,248,Matt Parkinson,154,Matt Milnes,Right,0,0,0,0,Caught,LengthBall,OutsideOff,Caught,OutsideEdge,FrontFoot,ForwardDefensive,SeamAway,Over,Medium,Right,Null,NotReferred,Null,False,False,False,False,False,True,1890.0,False,False,False,False,False,False,0,0,0,0,0,False,False,89.0,17.0,Wicketkeeper
1630155,91,3.78,1,1,0,344,9,1,76074,,39423,County Championship Division Two 2026,1,41,Kent Men,38,Middlesex Men,8705931,2026-08-21T10:59:42Z,3,549,False,,,,1739,Toby Roland-Jones,527,Matt Quinn,154,Matt Milnes,Right,0,0,0,0,,LengthBall,OutsideOff,,None,FrontFoot,ForwardDefensive,NoMovement,Over,Medium,Right,Null,NotReferred,Null,False,False,False,False,False,True,,False,False,False,False,False,False,0,0,0,0,0,False,False,192.0,51.0,Cover
1630155,91,3.78,1,1,0,344,9,1,76074,,39423,County Championship Division Two 2026,1,41,Kent Men,38,Middlesex Men,8705938,2026-08-21T11:00:12Z,4,550,False,,,,1739,Toby Roland-Jones,527,Matt Quinn,154,Matt Milnes,Right,0,0,0,0,,LengthBall,OutsideOff,,Missed,FrontFoot,ForwardDefensive,SeamAway,Over,Medium,Right,Null,NotReferred,Null,False,False,False,False,False,True,,False,False,False,False,False,False,0,0,0,0,0,False,False,,,Wicketkeeper
1630155,91,3.78,1,1,0,344,9,1,76074,,39423,County Championship Division Two 2026,1,41,Kent Men,38,Middlesex Men,8705949,2026-08-21T11:00:44Z,5,551,False,,,,1739,Toby Roland-Jones,527,Matt Quinn,154,Matt Milnes,Right,0,0,0,0,,LengthBall,OutsideOff,,HitPad,FrontFoot,Pushed,SeamIn,Over,Medium,Right,Null,NotReferred,Null,False,False,False,False,False,True,,False,False,False,False,False,False,0,0,0,0,0,False,False,330.0,25.0,Square Leg
1630155,91,3.78,1,1,0,344,9,1,76074,,39423,County Championship Division Two 2026,1,41,Kent Men,38,Middlesex Men,8705956,2026-08-21T11:01:23Z,6,552,False,,,,1739,Toby Roland-Jones,527,Matt Quinn,154,Matt Milnes,Right,0,0,0,0,,LengthBall,OutsideOff,,Missed,NoMovement,Drive,NoMovement,Over,Medium,Right,Null,NotReferred,Null,False,False,False,False,False,True,,False,False,False,False,False,False,0,0,0,0,0,False,False,,,Wicketkeeper
1630170,92,3.8,6,1,0,350,10,6,76074,,39423,County Championship Division Two 2026,1,41,Kent Men,38,Middlesex Men,8705975,2026-08-21T11:02:20Z,1,553,False,,,,39,Ryan Higgins,154,Matt Milnes,527,Matt Quinn,Right,2,0,2,2,,LengthBall,OutsideOff,,None,DownTheTrack,Slog,NoMovement,Over,Medium,Right,Null,NotReferred,Null,False,False,False,False,True,True,,False,False,False,False,False,False,2,0,0,0,0,False,False,330.0,146.0,Deep Square Leg
1630170,92,3.8,6,1,0,350,10,6,76074,,39423,County Championship Division Two 2026,1,41,Kent Men,38,Middlesex Men,8705988,2026-08-21T11:03:16Z,2,554,False,,,,39,Ryan Higgins,154,Matt Milnes,527,Matt Quinn,Right,4,0,4,4,,HalfVolley,OutsideOff,,Middled,FrontFoot,Drive,NoMovement,Over,Medium,Right,Null,NotReferred,Null,False,False,False,False,False,True,,False,False,False,False,False,False,4,0,0,0,0,True,False,225.0,177.0,
1630170,92,3.8,6,1,0,350,10,6,76074,,39423,County Championship Division Two 2026,1,41,Kent Men,38,Middlesex Men,8705999,2026-08-21T11:03:53Z,3,555,True,Bowled,154.0,Matt Milnes,39,Ryan Higgins,154,Matt Milnes,527,Matt Quinn,Right,0,0,0,0,Bowled,LengthBall,OffStump,Bowled,Missed,MovesInfront,Scoop,NoMovement,Over,Medium,Right,Null,NotReferred,Null,False,False,False,False,False,True,1808.0,False,False,False,False,False,False,0,0,0,0,0,False,False,,,
1630206,2,0.5,0,0,0,1,0,0,76092,,39423,County Championship Division Two 2026,2,38,Middlesex Men,41,Kent Men,8706198,2026-08-21T11:20:06Z,1,7,False,,,,527,Matt Quinn,78,Sam Robson,3829,Luke Hollman,Right,0,0,0,0,,LengthBall,OutsideOff,,None,BackFoot,Pushed,NoMovement,Over,Medium,Right,Null,NotReferred,Null,False,False,False,False,False,True,,False,False,False,False,False,False,0,0,0,0,0,False,False,282.0,69.0,Mid On
1630206,2,0.5,0,0,0,1,0,0,76092,,39423,County Championship Division Two 2026,2,38,Middlesex Men,41,Kent Men,8706206,2026-08-21T11:20:41Z,2,8,False,,,,527,Matt Quinn,78,Sam Robson,3829,Luke Hollman,Right,0,0,0,0,,LengthBall,OutsideOff,,Missed,FrontFoot,ForwardDefensive,SeamAway,Over,Medium,Right,Null,NotReferred,Null,False,False,False,False,False,True,,False,False,False,False,False,False,0,0,0,0,0,False,False,,,Wicketkeeper
1630206,2,0.5,0,0,0,1,0,0,76092,,39423,County Championship Division Two 2026,2,38,Middlesex Men,41,Kent Men,8706216,2026-08-21T11:21:17Z,3,9,False,,,,527,Matt Quinn,78,Sam Robson,3829,Luke Hollman,Right,0,0,0,0,,LengthBall,OutsideOff,,None,BackFoot,BackwardDefensive,SeamIn,Over,Medium,Right,Null,NotReferred,Null,False,False,False,False,False,True,,False,False,False,False,False,False,0,0,0,0,0,False,False,231.0,49.0,Extra Cover
1630206,2,0.5,0,0,0,1,0,0,76092,,39423,County Championship Division Two 2026,2,38,Middlesex Men,41,Kent Men,8706222,2026-08-21T11:21:55Z,4,10,False,,,,527,Matt Quinn,78,Sam Robson,3829,Luke Hollman,Right,0,0,0,0,,LengthBall,OutsideOff,,MisTimed,BackFoot,Worked,SeamIn,Over,Medium,Right,Null,NotReferred,Null,False,False,False,False,False,True,,False,False,False,False,False,False,0,0,0,0,0,False,False,282.0,62.0,Mid On
1630206,2,0.5,0,0,0,1,0,0,76092,,39423,County Championship Division Two 2026,2,38,Middlesex Men,41,Kent Men,8706229,2026-08-21T11:22:31Z,5,11,False,,,,527,Matt Quinn,78,Sam Robson,3829,Luke Hollman,Right,0,0,0,0,,LengthBall,OutsideOff,,Left,NoMovement,Leave,SeamAway,Over,Medium,Right,Null,NotReferred,Null,False,False,False,False,False,True,,False,False,False,False,False,False,0,0,0,0,0,False,False,,,Wicketkeeper
1630206,2,0.5,0,0,0,1,0,0,76092,,39423,County Championship Division Two 2026,2,38,Middlesex Men,41,Kent Men,8706237,2026-08-21T11:23:08Z,6,12,False,,,,527,Matt Quinn,78,Sam Robson,3829,Luke Hollman,Right,0,0,0,0,,LengthBall,OutsideOff,,None,FrontFoot,ForwardDefensive,NoMovement,Over,Medium,Right,Null,NotReferred,Null,False,False,False,False,False,True,,False,False,False,False,False,False,0,0,0,0,0,False,False,252.0,38.0,Bowler
1630215,3,0.67,1,0,0,2,0,1,76092,,39423,County Championship Division Two 2026,2,38,Middlesex Men,41,Kent Men,8706250,2026-08-21T11:24:04Z,1,13,False,,,,154,Matt Milnes,3829,Luke Hollman,78,Sam Robson,Left,0,0,0,0,,LengthBall,MiddleStump,,None,FrontFoot,ForwardDefensive,NoMovement,Over,FastSeam,Right,Null,NotReferred,Null,False,False,False,False,False,True,,False,False,False,False,False,False,0,0,0,0,0,False,False,275.0,41.0,Bowler
1630215,3,0.67,1,0,0,2,0,1,76092,,39423,County Championship Division Two 2026,2,38,Middlesex Men,41,Kent Men,8706262,2026-08-21T11:24:36Z,2,14,False,,,,154,Matt Milnes,3829,Luke Hollman,78,Sam Robson,Left,1,0,1,1,,LengthBall,LegStump,,InsideEdge,FrontFoot,ForwardDefensive,NoMovement,Over,FastSeam,Right,Null,NotReferred,Null,False,False,False,False,False,True,,False,False,False,False,False,False,1,0,0,0,0,False,False,121.0,129.0,Fine Leg
1630215,3,0.67,1,0,0,2,0,1,76092,,39423,County Championship Division Two 2026,2,38,Middlesex Men,41,Kent Men,8706265,2026-08-21T11:25:16Z,3,15,False,,,,154,Matt Milnes,78,Sam Robson,3829,Luke Hollman,Right,0,0,0,0,,LengthBall,OutsideOff,,Missed,BackFoot,BackwardDefensive,SeamAway,Over,FastSeam,Right,Null,NotReferred,Null,False,False,False,False,False,True,,False,False,False,False,False,False,0,0,0,0,0,False,False,,,Wicketkeeper
1630215,3,0.67,1,0,0,2,0,1,76092,,39423,County Championship Division Two 2026,2,38,Middlesex Men,41,Kent Men,8706274,2026-08-21T11:25:49Z,4,16,False,,,,154,Matt Milnes,78,Sam Robson,3829,Luke Hollman,Right,0,0,0,0,,HalfVolley,OffStump,,MisTimed,FrontFoot,Drive,NoMovement,Over,FastSeam,Right,Null,NotReferred,Null,False,False,False,False,False,True,,False,False,False,False,False,False,0,0,0,0,0,False,False,283.0,69.0,Mid On
1630215,3,0.67,1,0,0,2,0,1,76092,,39423,County Championship Division Two 2026,2,38,Middlesex Men,41,Kent Men,8706281,2026-08-21T11:26:23Z,5,17,False,,,,154,Matt Milnes,78,Sam Robson,3829,Luke Hollman,Right,0,0,0,0,,HalfVolley,OffStump,,None,BackFoot,Worked,NoMovement,Over,FastSeam,Right,Null,NotReferred,Null,False,False,False,False,False,True,,False,False,False,False,False,False,0,0,0,0,0,False,False,285.0,61.0,Mid On
1630215,3,0.67,1,0,0,2,0,1,76092,,39423,County Championship Division Two 2026,2,38,Middlesex Men,41,Kent Men,8706289,2026-08-21T11:26:57Z,6,18,False,,,,154,Matt Milnes,78,Sam Robson,3829,Luke Hollman,Right,0,0,0,0,,LengthBall,OutsideOff,,Left,NoMovement,Leave,SeamAway,Over,FastSeam,Right,Null,NotReferred,Null,False,False,False,False,False,True,,False,False,False,False,False,False,0,0,0,0,0,False,False,,,Wicketkeeper
1630224,4,0.5,0,0,0,2,0,0,76092,,39423,County Championship Division Two 2026,2,38,Middlesex Men,41,Kent Men,8706305,2026-08-21T11:28:05Z,1,19,False,,,,527,Matt Quinn,3829,Luke Hollman,78,Sam Robson,Left,0,0,0,0,,LengthBall,OutsideOff,,None,BackFoot,BackwardDefensive,NoMovement,Round,Medium,Right,Null,NotReferred,Null,False,False,False,False,False,True,,False,False,False,False,False,False,0,0,0,0,0,False,False,286.0,50.0,Mid Off
1630224,4,0.5,0,0,0,2,0,0,76092,,39423,County Championship Division Two 2026,2,38,Middlesex Men,41,Kent Men,8706312,2026-08-21T11:28:41Z,2,20,False,,,,527,Matt Quinn,3829,Luke Hollman,78,Sam Robson,Left,0,0,0,0,,LengthBall,OutsideOff,,None,BackFoot,BackwardDefensive,NoMovement,Round,Medium,Right,Null,NotReferred,Null,False,False,False,False,False,True,,False,False,False,False,False,False,0,0,0,0,0,False,False,299.0,46.0,Mid Off
1630224,4,0.5,0,0,0,2,0,0,76092,,39423,County Championship Division Two 2026,2,38,Middlesex Men,41,Kent Men,8706320,2026-08-21T11:29:21Z,3,21,False,,,,527,Matt Quinn,3829,Luke Hollman,78,Sam Robson,Left,0,0,0,0,,LengthBall,OffStump,,None,FrontFoot,ForwardDefensive,NoMovement,Round,Medium,Right,Null,NotReferred,Null,False,False,False,False,False,True,,False,False,False,False,False,False,0,0,0,0,0,False,False,229.0,43.0,Mid Wicket
1630224,4,0.5,0,0,0,2,0,0,76092,,39423,County Championship Division Two 2026,2,38,Middlesex Men,41,Kent Men,8706328,2026-08-21T11:29:59Z,4,22,False,,,,527,Matt Quinn,3829,Luke Hollman,78,Sam Robson,Left,0,0,0,0,,LengthBall,OutsideOff,,None,FrontFoot,ForwardDefensive,NoMovement,Round,Medium,Right,Null,NotReferred,Null,False,False,False,False,False,True,,False,False,False,False,False,False,0,0,0,0,0,False,False,33.0,23.0,Gully
1630224,4,0.5,0,0,0,2,0,0,76092,,39423,County Championship Division Two 2026,2,38,Middlesex Men,41,Kent Men,8706334,2026-08-21T11:30:34Z,5,23,False,,,,527,Matt Quinn,3829,Luke Hollman,78,Sam Robson,Left,0,0,0,0,,LengthBall,OutsideOff,,None,BackFoot,BackwardDefensive,NoMovement,Round,Medium,Right,Null,NotReferred,Null,False,False,False,False,False,True,,False,False,False,False,False,False,0,0,0,0,0,False,False,275.0,39.0,Bowler
1630224,4,0.5,0,0,0,2,0,0,76092,,39423,County Championship Division Two 2026,2,38,Middlesex Men,41,Kent Men,8706342,2026-08-21T11:31:16Z,6,24,False,,,,527,Matt Quinn,3829,Luke Hollman,78,Sam Robson,Left,0,0,0,0,,LengthBall,OffStump,,ShouldersArms,NoMovement,ShouldersArms,SeamAway,Over,Medium,Right,Null,NotReferred,Null,False,False,False,False,False,True,,False,False,False,False,False,False,0,0,0,0,0,False,False,,,Wicketkeeper
1630231,5,1.4,5,1,0,7,1,5,76092,,39423,County Championship Division Two 2026,2,38,Middlesex Men,41,Kent Men,8706352,2026-08-21T11:32:01Z,1,25,False,,,,154,Matt Milnes,78,Sam Robson,3829,Luke Hollman,Right,4,0,4,4,,LengthBall,OutsideOff,,OutsideEdge,NoMovement,ForwardDefensive,SeamIn,Over,FastSeam,Right,Null,NotReferred,Null,False,False,False,False,False,True,,False,False,False,False,False,False,4,0,0,0,0,True,False,120.0,161.0,
1630231,5,1.4,5,1,0,7,1,5,76092,,39423,County Championship Division Two 2026,2,38,Middlesex Men,41,Kent Men,8706358,2026-08-21T11:32:38Z,2,26,False,,,,154,Matt Milnes,78,Sam Robson,3829,Luke Hollman,Right,0,0,0,0,,LengthBall,OutsideOff,,Left,NoMovement,Leave,SeamAway,Over,FastSeam,Right,Null,NotReferred,Null,False,False,False,False,False,True,,False,False,False,False,False,False,0,0,0,0,0,False,False,,,Wicketkeeper
1630231,5,1.4,5,1,0,7,1,5,76092,,39423,County Championship Division Two 2026,2,38,Middlesex Men,41,Kent Men,8706372,2026-08-21T11:33:10Z,3,27,False,,,,154,Matt Milnes,78,Sam Robson,3829,Luke Hollman,Right,0,0,0,0,,LengthBall,OffStump,,Missed,BackFoot,BackwardDefensive,SeamAway,Over,FastSeam,Right,Null,NotReferred,Null,False,False,False,False,False,True,,False,False,False,False,False,False,0,0,0,0,0,False,False,,,Wicketkeeper
1630231,5,1.4,5,1,0,7,1,5,76092,,39423,County Championship Division Two 2026,2,38,Middlesex Men,41,Kent Men,8706379,2026-08-21T11:33:45Z,4,28,False,,,,154,Matt Milnes,78,Sam Robson,3829,Luke Hollman,Right,0,0,0,0,,LengthBall,OutsideOff,,Missed,FrontFoot,ForwardDefensive,SeamAway,Over,FastSeam,Right,Null,NotReferred,Null,False,False,False,False,False,True,,False,False,False,False,False,False,0,0,0,0,0,False,False,,,Wicketkeeper
1630231,5,1.4,5,1,0,7,1,5,76092,,39423,County Championship Division Two 2026,2,38,Middlesex Men,41,Kent Men,8706397,2026-08-21T11:34:21Z,5,29,True,Caught,78.0,Sam Robson,154,Matt Milnes,78,Sam Robson,3829,Luke Hollman,Right,0,0,0,0,Caught,LengthBall,OutsideOff,Caught,OutsideEdge,BackFoot,BackwardDefensive,InSwinger,Over,FastSeam,Right,Null,NotReferred,Null,False,False,False,False,False,True,1808.0,False,False,False,False,False,False,0,0,0,0,0,False,False,120.0,13.0,Third Slip
1630231,5,1.4,5,1,0,7,1,5,76092,,39423,County Championship Division Two 2026,2,38,Middlesex Men,41,Kent Men,8706414,2026-08-21T11:36:10Z,6,30,False,,,,154,Matt Milnes,83,Max Holden,3829,Luke Hollman,Left,1,0,1,1,,LengthBall,OffStump,,None,DownTheTrack,Pushed,NoMovement,Over,FastSeam,Right,Null,NotReferred,Null,False,False,False,False,False,True,,False,False,False,False,False,False,1,0,0,0,0,False,False,302.0,59.0,Extra Cover
1630245,6,2.5,8,0,0,15,1,8,76092,,39423,County Championship Division Two 2026,2,38,Middlesex Men,41,Kent Men,8706426,2026-08-21T11:37:10Z,1,31,False,,,,527,Matt Quinn,83,Max Holden,3829,Luke Hollman,Left,4,0,4,4,,LengthBall,MiddleStump,,None,BackFoot,Glance,SeamIn,Round,Medium,Right,Null,NotReferred,Null,False,False,False,False,False,True,,False,False,False,False,False,False,4,0,0,0,0,True,False,105.0,160.0,
1630245,6,2.5,8,0,0,15,1,8,76092,,39423,County Championship Division Two 2026,2,38,Middlesex Men,41,Kent Men,8706434,2026-08-21T11:37:49Z,2,32,False,,,,527,Matt Quinn,83,Max Holden,3829,Luke Hollman,Left,0,0,0,0,,LengthBall,OutsideOff,,None,FrontFoot,ForwardDefensive,SeamIn,Round,Medium,Right,Null,NotReferred,Null,False,False,False,False,False,True,,False,False,False,False,False,False,0,0,0,0,0,False,False,271.0,35.0,Bowler
1630245,6,2.5,8,0,0,15,1,8,76092,,39423,County Championship Division Two 2026,2,38,Middlesex Men,41,Kent Men,8706443,2026-08-21T11:38:22Z,3,33,False,,,,527,Matt Quinn,83,Max Holden,3829,Luke Hollman,Left,0,0,0,0,,LengthBall,OutsideOff,,None,BackFoot,Steer,NoMovement,Round,Medium,Right,Null,NotReferred,Null,False,False,False,False,False,True,,False,False,False,False,False,False,0,0,0,0,0,False,False,40.0,17.0,Gully
1630245,6,2.5,8,0,0,15,1,8,76092,,39423,County Championship Division Two 2026,2,38,Middlesex Men,41,Kent Men,8706451,2026-08-21T11:39:00Z,4,34,False,,,,527,Matt Quinn,83,Max Holden,3829,Luke Hollman,Left,0,0,0,0,,LengthBall,OffStump,,ShouldersArms,DownTheTrack,ShouldersArms,NoMovement,Over,Medium,Right,Null,NotReferred,Null,False,False,False,False,False,True,,False,False,False,False,False,False,0,0,0,0,0,False,False,,,Wicketkeeper
1630245,6,2.5,8,0,0,15,1,8,76092,,39423,County Championship Division Two 2026,2,38,Middlesex Men,41,Kent Men,8706462,2026-08-21T11:39:37Z,5,35,False,,,,527,Matt Quinn,83,Max Holden,3829,Luke Hollman,Left,0,0,0,0,,LengthBall,MiddleStump,,None,FrontFoot,ForwardDefensive,NoMovement,Over,Medium,Right,Null,NotReferred,Null,False,False,False,False,False,True,,False,False,False,False,False,False,0,0,0,0,0,False,False,249.0,47.0,Mid On
1630245,6,2.5,8,0,0,15,1,8,76092,,39423,County Championship Division Two 2026,2,38,Middlesex Men,41,Kent Men,8706470,2026-08-21T11:40:11Z,6,36,False,,,,527,Matt Quinn,83,Max Holden,3829,Luke Hollman,Left,4,0,4,4,,Short,OutsideOff,,Gloved,BackFoot,Hook,NoMovement,Round,Medium,Right,Null,NotReferred,Null,False,False,False,False,False,True,,False,False,False,False,False,False,4,0,0,0,0,True,True,98.0,160.0,Wicketkeeper
1630254,7,2.14,0,0,0,15,1,0,76092,,39423,County Championship Division Two 2026,2,38,Middlesex Men,41,Kent Men,8706483,2026-08-21T11:41:14Z,1,37,False,,,,154,Matt Milnes,3829,Luke Hollman,83,Max Holden,Left,0,0,0,0,,LengthBall,MiddleStump,,None,FrontFoot,ForwardDefensive,NoMovement,Over,FastSeam,Right,Null,NotReferred,Null,False,False,False,False,False,True,,False,False,False,False,False,False,0,0,0,0,0,False,False,312.0,48.0,Extra Cover
1630254,7,2.14,0,0,0,15,1,0,76092,,39423,County Championship Division Two 2026,2,38,Middlesex Men,41,Kent Men,8706491,2026-08-21T11:41:50Z,2,38,False,,,,154,Matt Milnes,3829,Luke Hollman,83,Max Holden,Left,0,0,0,0,,LengthBall,OffStump,,None,FrontFoot,ForwardDefensive,NoMovement,Over,FastSeam,Right,Null,NotReferred,Null,False,False,False,False,False,True,,False,False,False,False,False,False,0,0,0,0,0,False,False,304.0,51.0,Extra Cover
1630254,7,2.14,0,0,0,15,1,0,76092,,39423,County Championship Division Two 2026,2,38,Middlesex Men,41,Kent Men,8706498,2026-08-21T11:42:18Z,3,39,False,,,,154,Matt Milnes,3829,Luke Hollman,83,Max Holden,Left,0,0,0,0,,LengthBall,OffStump,,None,FrontFoot,Pushed,NoMovement,Over,FastSeam,Right,Null,NotReferred,Null,False,False,False,False,False,True,,False,False,False,False,False,False,0,0,0,0,0,False,False,310.0,47.0,Extra Cover
1630254,7,2.14,0,0,0,15,1,0,76092,,39423,County Championship Division Two 2026,2,38,Middlesex Men,41,Kent Men,8706506,2026-08-21T11:42:56Z,4,40,False,,,,154,Matt Milnes,3829,Luke Hollman,83,Max Holden,Left,0,0,0,0,,LengthBall,OffStump,,None,FrontFoot,ForwardDefensive,NoMovement,Over,FastSeam,Right,Null,NotReferred,Null,False,False,False,False,False,True,,False,False,False,False,False,False,0,0,0,0,0,False,False,303.0,44.0,Extra Cover
1630254,7,2.14,0,0,0,15,1,0,76092,,39423,County Championship Division Two 2026,2,38,Middlesex Men,41,Kent Men,8706516,2026-08-21T11:43:28Z,5,41,False,,,,154,Matt Milnes,3829,Luke Hollman,83,Max Holden,Left,0,0,0,0,,LengthBall,LegStump,,None,FrontFoot,ForwardDefensive,NoMovement,Over,FastSeam,Right,Null,NotReferred,Null,False,False,False,False,False,True,,False,False,False,False,False,False,0,0,0,0,0,False,False,214.0,41.0,Mid Wicket
1630254,7,2.14,0,0,0,15,1,0,76092,,39423,County Championship Division Two 2026,2,38,Middlesex Men,41,Kent Men,8706522,2026-08-21T11:44:04Z,6,42,False,,,,154,Matt Milnes,3829,Luke Hollman,83,Max Holden,Left,0,0,0,0,,LengthBall,OffStump,,ShouldersArms,NoMovement,ShouldersArms,InSwinger,Over,FastSeam,Right,Null,NotReferred,Null,False,False,False,False,False,True,,False,False,False,False,False,False,0,0,0,0,0,False,False,,,Wicketkeeper
1630262,8,2.12,2,0,0,17,1,2,76092,,39423,County Championship Division Two 2026,2,38,Middlesex Men,41,Kent Men,8706535,2026-08-21T11:44:53Z,1,43,False,,,,527,Matt Quinn,83,Max Holden,3829,Luke Hollman,Left,2,0,2,2,,HalfVolley,MiddleStump,,WellTimed,FrontFoot,Flick,NoMovement,Round,Medium,Right,Null,NotReferred,Null,False,False,False,False,True,True,,False,False,False,False,False,False,2,0,0,0,0,False,False,144.0,108.0,Fine Leg
1630262,8,2.12,2,0,0,17,1,2,76092,,39423,County Championship Division Two 2026,2,38,Middlesex Men,41,Kent Men,8706543,2026-08-21T11:45:34Z,2,44,False,,,,527,Matt Quinn,83,Max Holden,3829,Luke Hollman,Left,0,0,0,0,,LengthBall,OutsideOff,,InsideEdge,DownTheTrack,Pushed,SeamIn,Round,Medium,Right,Null,NotReferred,Null,False,False,False,False,False,True,,False,False,False,False,False,False,0,0,0,0,0,False,False,197.0,54.0,Square Leg
1630262,8,2.12,2,0,0,17,1,2,76092,,39423,County Championship Division Two 2026,2,38,Middlesex Men,41,Kent Men,8706551,2026-08-21T11:46:07Z,3,45,False,,,,527,Matt Quinn,83,Max Holden,3829,Luke Hollman,Left,0,0,0,0,,LengthBall,OutsideOff,,None,FrontFoot,ForwardDefensive,NoMovement,Round,Medium,Right,Null,NotReferred,Null,False,False,False,False,False,True,,False,False,False,False,False,False,0,0,0,0,0,False,False,251.0,49.0,Mid On
1630262,8,2.12,2,0,0,17,1,2,76092,,39423,County Championship Division Two 2026,2,38,Middlesex Men,41,Kent Men,8706563,2026-08-21T11:47:00Z,4,46,False,,,,527,Matt Quinn,83,Max Holden,3829,Luke Hollman,Left,0,0,0,0,,LengthBall,OffStump,,Left,NoMovement,Leave,SeamAway,Over,Medium,Right,Null,NotReferred,Null,False,False,False,False,False,True,,False,False,False,False,False,False,0,0,0,0,0,False,False,,,Wicketkeeper
1630262,8,2.12,2,0,0,17,1,2,76092,,39423,County Championship Division Two 2026,2,38,Middlesex Men,41,Kent Men,8706577,2026-08-21T11:47:41Z,5,47,False,,,,527,Matt Quinn,83,Max Holden,3829,Luke Hollman,Left,0,0,0,0,,LengthBall,OffStump,,ShouldersArms,NoMovement,ShouldersArms,SeamAway,Over,Medium,Right,Null,NotReferred,Null,False,False,False,False,False,True,,False,False,False,False,False,False,0,0,0,0,0,False,False,,,Wicketkeeper
1630262,8,2.12,2,0,0,17,1,2,76092,,39423,County Championship Division Two 2026,2,38,Middlesex Men,41,Kent Men,8706586,2026-08-21T11:48:21Z,6,48,False,,,,527,Matt Quinn,83,Max Holden,3829,Luke Hollman,Left,0,0,0,0,,LengthBall,OffStump,,HitPad,BackFoot,Worked,NoMovement,Round,Medium,Right,Null,NotReferred,Null,False,False,False,False,False,True,,False,False,False,False,False,False,0,0,0,0,0,False,False,196.0,37.0,Square Leg
1630274,9,2.44,5,0,0,22,1,5,76092,,39423,County Championship Division Two 2026,2,38,Middlesex Men,41,Kent Men,8706597,2026-08-21T11:49:11Z,1,49,False,,,,154,Matt Milnes,3829,Luke Hollman,83,Max Holden,Left,4,0,4,4,,BackOfALength,OffStump,,Middled,BackFoot,Cut,NoMovement,Over,FastSeam,Right,Null,NotReferred,Null,False,False,False,False,False,True,,False,False,False,False,False,False,4,0,0,0,0,True,False,11.0,168.0,
1630274,9,2.44,5,0,0,22,1,5,76092,,39423,County Championship Division Two 2026,2,38,Middlesex Men,41,Kent Men,8706607,2026-08-21T11:49:49Z,2,50,False,,,,154,Matt Milnes,3829,Luke Hollman,83,Max Holden,Left,0,0,0,0,,LengthBall,MiddleStump,Lbw,HitPad,FrontFoot,ForwardDefensive,SeamIn,Over,FastSeam,Right,Null,NotReferred,Null,False,False,False,False,False,True,1808.0,False,False,False,False,False,False,0,0,0,0,0,False,False,,,
1630274,9,2.44,5,0,0,22,1,5,76092,,39423,County Championship Division Two 2026,2,38,Middlesex Men,41,Kent Men,8706619,2026-08-21T11:50:37Z,3,51,False,,,,154,Matt Milnes,3829,Luke Hollman,83,Max Holden,Left,0,0,0,0,,LengthBall,MiddleStump,,ThickEdge,BackFoot,BackwardDefensive,SeamAway,Over,FastSeam,Right,Null,NotReferred,Null,False,False,False,False,False,True,,False,False,False,False,False,False,0,0,0,0,0,False,False,29.0,29.0,Backward Point
1630274,9,2.44,5,0,0,22,1,5,76092,,39423,County Championship Division Two 2026,2,38,Middlesex Men,41,Kent Men,8706623,2026-08-21T11:51:12Z,4,52,False,,,,154,Matt Milnes,3829,Luke Hollman,83,Max Holden,Left,0,0,0,0,,LengthBall,OffStump,,Missed,FrontFoot,ForwardDefensive,SeamAway,Over,FastSeam,Right,Null,NotReferred,Null,False,False,False,False,False,True,,False,False,False,False,False,False,0,0,0,0,0,False,False,,,Wicketkeeper
1630274,9,2.44,5,0,0,22,1,5,76092,,39423,County Championship Division Two 2026,2,38,Middlesex Men,41,Kent Men,8706634,2026-08-21T11:51:48Z,5,53,False,,,,154,Matt Milnes,3829,Luke Hollman,83,Max Holden,Left,1,0,1,1,,LengthBall,OffStump,,None,FrontFoot,Dropped,NoMovement,Over,FastSeam,Right,Null,NotReferred,Null,False,False,False,False,False,True,,False,False,False,False,False,False,1,0,0,0,0,False,False,340.0,66.0,Cover
1630274,9,2.44,5,0,0,22,1,5,76092,,39423,County Championship Division Two 2026,2,38,Middlesex Men,41,Kent Men,8706642,2026-08-21T11:52:24Z,6,54,False,,,,154,Matt Milnes,83,Max Holden,3829,Luke Hollman,Left,0,0,0,0,,LengthBall,MiddleStump,,None,FrontFoot,ForwardDefensive,NoMovement,Over,FastSeam,Right,Null,NotReferred,Null,False,False,False,False,False,True,,False,False,False,False,False,False,0,0,0,0,0,False,False,259.0,29.0,Mid On
1630283,10,2.7,5,0,0,27,1,5,76092,,39423,County Championship Division Two 2026,2,38,Middlesex Men,41,Kent Men,8706660,2026-08-21T11:53:46Z,1,55,False,,,,3730,Keith Dudgeon,3829,Luke Hollman,83,Max Holden,Left,4,0,4,4,,Short,Wide,,Middled,BackFoot,UpperCut,NoMovement,Round,FastSeam,Right,Null,NotReferred,Null,False,False,False,False,True,True,,False,False,False,False,False,False,4,0,0,0,0,True,False,14.0,168.0,
1630283,10,2.7,5,0,0,27,1,5,76092,,39423,County Championship Division Two 2026,2,38,Middlesex Men,41,Kent Men,8706669,2026-08-21T11:54:25Z,2,56,False,,,,3730,Keith Dudgeon,3829,Luke Hollman,83,Max Holden,Left,0,0,0,0,,HalfVolley,OffStump,,MisTimed,FrontFoot,Worked,NoMovement,Round,FastSeam,Right,Null,NotReferred,Null,False,False,False,False,False,True,,False,False,False,False,False,False,0,0,0,0,0,False,False,224.0,49.0,Mid Wicket
1630283,10,2.7,5,0,0,27,1,5,76092,,39423,County Championship Division Two 2026,2,38,Middlesex Men,41,Kent Men,8706677,2026-08-21T11:54:56Z,3,57,False,,,,3730,Keith Dudgeon,3829,Luke Hollman,83,Max Holden,Left,0,0,0,0,,LengthBall,OffStump,,Spliced,FrontFoot,Worked,NoMovement,Round,FastSeam,Right,Null,NotReferred,Null,False,False,False,False,False,True,,False,False,False,False,False,False,0,0,0,0,0,False,False,208.0,49.0,Square Leg
1630283,10,2.7,5,0,0,27,1,5,76092,,39423,County Championship Division Two 2026,2,38,Middlesex Men,41,Kent Men,8706691,2026-08-21T11:56:02Z,4,58,False,,,,3730,Keith Dudgeon,3829,Luke Hollman,83,Max Holden,Left,0,0,0,0,,LengthBall,OffStump,,None,FrontFoot,Pushed,NoMovement,Round,FastSeam,Right,Null,NotReferred,Null,False,False,False,False,False,True,,False,False,False,False,False,False,0,0,0,0,0,False,False,219.0,50.0,Mid Wicket
1630283,10,2.7,5,0,0,27,1,5,76092,,39423,County Championship Division Two 2026,2,38,Middlesex Men,41,Kent Men,8706704,2026-08-21T11:56:33Z,5,59,False,,,,3730,Keith Dudgeon,3829,Luke Hollman,83,Max Holden,Left,1,0,1,1,,LengthBall,OutsideOff,,None,BackFoot,Dropped,NoMovement,Round,FastSeam,Right,Null,NotReferred,Null,False,False,False,False,False,True,,False,False,False,False,False,False,1,0,0,0,0,False,False,331.0,61.0,Cover
1630283,10,2.7,5,0,0,27,1,5,76092,,39423,County Championship Division Two 2026,2,38,Middlesex Men,41,Kent Men,8706708,2026-08-21T11:57:09Z,6,60,False,,,,3730,Keith Dudgeon,83,Max Holden,3829,Luke Hollman,Left,0,0,0,0,,LengthBall,OffStump,,HitPad,BackFoot,Worked,NoMovement,Round,FastSeam,Right,Null,NotReferred,Null,False,False,False,False,False,True,,False,False,False,False,False,False,0,0,0,0,0,False,False,197.0,27.0,Square Leg
1630292,11,3.18,8,0,0,35,1,8,76092,,39423,County Championship Division Two 2026,2,38,Middlesex Men,41,Kent Men,8706719,2026-08-21T11:58:01Z,1,61,False,,,,154,Matt Milnes,3829,Luke Hollman,83,Max Holden,Left,0,0,0,0,,HalfVolley,OffStump,,None,FrontFoot,ForwardDefensive,NoMovement,Over,FastSeam,Right,Null,NotReferred,Null,False,False,False,False,False,True,,False,False,False,False,False,False,0,0,0,0,0,False,False,296.0,63.0,Mid Off
1630292,11,3.18,8,0,0,35,1,8,76092,,39423,County Championship Division Two 2026,2,38,Middlesex Men,41,Kent Men,8706727,2026-08-21T11:58:35Z,2,62,False,,,,154,Matt Milnes,3829,Luke Hollman,83,Max Holden,Left,0,0,0,0,,HalfVolley,MiddleStump,,MisTimed,FrontFoot,Drive,NoMovement,Over,FastSeam,Right,Null,NotReferred,Null,False,False,False,False,False,True,,False,False,False,False,False,False,0,0,0,0,0,False,False,248.0,82.0,Mid On
1630292,11,3.18,8,0,0,35,1,8,76092,,39423,County Championship Division Two 2026,2,38,Middlesex Men,41,Kent Men,8706736,2026-08-21T11:59:14Z,3,63,False,,,,154,Matt Milnes,3829,Luke Hollman,83,Max Holden,Left,4,0,4,4,,LengthBall,OffStump,,None,BackFoot,Steer,NoMovement,Over,FastSeam,Right,Null,NotReferred,Null,False,False,False,False,False,True,,False,False,False,False,False,False,4,0,0,0,0,True,False,59.0,161.0,
1630292,11,3.18,8,0,0,35,1,8,76092,,39423,County Championship Division Two 2026,2,38,Middlesex Men,41,Kent Men,8706752,2026-08-21T12:00:08Z,4,64,False,,,,154,Matt Milnes,3829,Luke Hollman,83,Max Holden,Left,0,0,0,0,,LengthBall,OutsideOff,,None,FrontFoot,ForwardDefensive,SeamIn,Round,FastSeam,Right,Null,NotReferred,Null,False,False,False,False,False,True,,False,False,False,False,False,False,0,0,0,0,0,False,False,302.0,56.0,Extra Cover
1630292,11,3.18,8,0,0,35,1,8,76092,,39423,County Championship Division Two 2026,2,38,Middlesex Men,41,Kent Men,8706763,2026-08-21T12:00:42Z,5,65,False,,,,154,Matt Milnes,3829,Luke Hollman,83,Max Holden,Left,4,0,4,4,,LengthBall,OutsideOff,,None,BackFoot,Steer,InSwinger,Round,FastSeam,Right,Null,NotReferred,Null,False,False,False,False,False,True,,False,False,False,False,False,False,4,0,0,0,0,True,False,63.0,161.0,
1630292,11,3.18,8,0,0,35,1,8,76092,,39423,County Championship Division Two 2026,2,38,Middlesex Men,41,Kent Men,8706771,2026-08-21T12:01:30Z,6,66,False,,,,154,Matt Milnes,3829,Luke Hollman,83,Max Holden,Left,0,0,0,0,,HalfVolley,OutsideOff,,None,FrontFoot,Pushed,InSwinger,Round,FastSeam,Right,Null,NotReferred,Null,False,False,False,False,False,True,,False,False,False,False,False,False,0,0,0,0,0,False,False,304.0,51.0,Extra Cover
1630304,12,3.5,7,0,0,42,1,7,76092,,39423,County Championship Division Two 2026,2,38,Middlesex Men,41,Kent Men,8706781,2026-08-21T12:02:19Z,1,67,False,,,,3730,Keith Dudgeon,83,Max Holden,3829,Luke Hollman,Left,0,0,0,0,,LengthBall,OutsideOff,,ShouldersArms,NoMovement,ShouldersArms,SeamAway,Round,FastSeam,Right,Null,NotReferred,Null,False,False,False,False,False,True,,False,False,False,False,False,False,0,0,0,0,0,False,False,,,Wicketkeeper
1630304,12,3.5,7,0,0,42,1,7,76092,,39423,County Championship Division Two 2026,2,38,Middlesex Men,41,Kent Men,8706791,2026-08-21T12:02:52Z,2,68,False,,,,3730,Keith Dudgeon,83,Max Holden,3829,Luke Hollman,Left,0,0,0,0,,LengthBall,OutsideOff,,None,FrontFoot,ForwardDefensive,NoMovement,Round,FastSeam,Right,Null,NotReferred,Null,False,False,False,False,False,True,,False,False,False,False,False,False,0,0,0,0,0,False,False,257.0,76.0,Mid On
1630304,12,3.5,7,0,0,42,1,7,76092,,39423,County Championship Division Two 2026,2,38,Middlesex Men,41,Kent Men,8706799,2026-08-21T12:03:23Z,3,69,False,,,,3730,Keith Dudgeon,83,Max Holden,3829,Luke Hollman,Left,1,0,1,1,,LengthBall,OffStump,,None,BackFoot,Worked,NoMovement,Round,FastSeam,Right,Null,NotReferred,Null,False,False,False,False,False,True,,False,False,False,False,False,False,1,0,0,0,0,False,False,241.0,78.0,Mid On
1630304,12,3.5,7,0,0,42,1,7,76092,,39423,County Championship Division Two 2026,2,38,Middlesex Men,41,Kent Men,8706811,2026-08-21T12:04:03Z,4,70,False,,,,3730,Keith Dudgeon,3829,Luke Hollman,83,Max Holden,Left,2,0,2,2,,LengthBall,OutsideOff,,WellTimed,FrontFoot,Pushed,NoMovement,Round,FastSeam,Right,Null,NotReferred,Null,False,False,False,False,False,True,,False,False,False,False,False,False,2,0,0,0,0,False,False,326.0,128.0,Deep Extra Cover
1630304,12,3.5,7,0,0,42,1,7,76092,,39423,County Championship Division Two 2026,2,38,Middlesex Men,41,Kent Men,8706823,2026-08-21T12:04:44Z,5,71,False,,,,3730,Keith Dudgeon,3829,Luke Hollman,83,Max Holden,Left,4,0,4,4,,LengthBall,MiddleStump,,InsideEdge,BackFoot,Glance,NoMovement,Round,FastSeam,Right,Null,NotReferred,Null,False,False,False,False,False,True,,False,False,False,False,False,False,4,0,0,0,0,True,False,101.0,160.0,
1630304,12,3.5,7,0,0,42,1,7,76092,,39423,County Championship Division Two 2026,2,38,Middlesex Men,41,Kent Men,8706828,2026-08-21T12:05:21Z,6,72,False,,,,3730,Keith Dudgeon,3829,Luke Hollman,83,Max Holden,Left,0,0,0,0,,LengthBall,OutsideOff,,None,BackFoot,BackwardDefensive,NoMovement,Round,FastSeam,Right,Null,NotReferred,Null,False,False,False,False,False,True,,False,False,False,False,False,False,0,0,0,0,0,False,False,271.0,35.0,Bowler
1630313,13,3.31,1,0,0,43,1,1,76092,,39423,County Championship Division Two 2026,2,38,Middlesex Men,41,Kent Men,8706841,2026-08-21T12:06:19Z,1,73,False,,,,527,Matt Quinn,83,Max Holden,3829,Luke Hollman,Left,0,0,0,0,,HalfVolley,OutsideOff,,Missed,DownTheTrack,Drive,NoMovement,Round,Medium,Right,Null,NotReferred,Null,False,False,False,False,False,True,,False,False,False,False,False,False,0,0,0,0,0,False,False,,,Wicketkeeper
1630313,13,3.31,1,0,0,43,1,1,76092,,39423,County Championship Division Two 2026,2,38,Middlesex Men,41,Kent Men,8706854,2026-08-21T12:06:53Z,2,74,False,,,,527,Matt Quinn,83,Max Holden,3829,Luke Hollman,Left,1,0,1,1,,LengthBall,OutsideOff,,None,BackFoot,Glance,SeamIn,Round,Medium,Right,Null,NotReferred,Null,False,False,False,False,False,True,,False,False,False,False,False,False,1,0,0,0,0,False,False,124.0,114.0,Fine Leg
1630313,13,3.31,1,0,0,43,1,1,76092,,39423,County Championship Division Two 2026,2,38,Middlesex Men,41,Kent Men,8706861,2026-08-21T12:07:35Z,3,75,False,,,,527,Matt Quinn,3829,Luke Hollman,83,Max Holden,Left,0,0,0,0,,HalfVolley,OffStump,,None,FrontFoot,ForwardDefensive,NoMovement,Round,Medium,Right,Null,NotReferred,Null,False,False,False,False,False,True,,False,False,False,False,False,False,0,0,0,0,0,False,False,212.0,49.0,Mid Wicket
1630313,13,3.31,1,0,0,43,1,1,76092,,39423,County Championship Division Two 2026,2,38,Middlesex Men,41,Kent Men,8706872,2026-08-21T12:08:07Z,4,76,False,,,,527,Matt Quinn,3829,Luke Hollman,83,Max Holden,Left,0,0,0,0,,LengthBall,OutsideOff,,None,FrontFoot,ForwardDefensive,NoMovement,Round,Medium,Right,Null,NotReferred,Null,False,False,False,False,False,True,,False,False,False,False,False,False,0,0,0,0,0,False,False,348.0,67.0,Cover
1630313,13,3.31,1,0,0,43,1,1,76092,,39423,County Championship Division Two 2026,2,38,Middlesex Men,41,Kent Men,8706880,2026-08-21T12:08:44Z,5,77,False,,,,527,Matt Quinn,3829,Luke Hollman,83,Max Holden,Left,0,0,0,0,,LengthBall,OutsideOff,,None,FrontFoot,Pushed,NoMovement,Round,Medium,Right,Null,NotReferred,Null,False,False,False,False,False,True,,False,False,False,False,False,False,0,0,0,0,0,False,False,346.0,62.0,Cover
1630313,13,3.31,1,0,0,43,1,1,76092,,39423,County Championship Division Two 2026,2,38,Middlesex Men,41,Kent Men,8706888,2026-08-21T12:09:16Z,6,78,False,,,,527,Matt Quinn,3829,Luke Hollman,83,Max Holden,Left,0,0,0,0,,LengthBall,OutsideOff,,None,FrontFoot,Pushed,NoMovement,Round,Medium,Right,Null,NotReferred,Null,False,False,False,False,False,True,,False,False,False,False,False,False,0,0,0,0,0,False,False,340.0,53.0,Cover
1630323,14,3.36,4,0,0,47,1,4,76092,,39423,County Championship Division Two 2026,2,38,Middlesex Men,41,Kent Men,8706900,2026-08-21T12:10:00Z,1,79,False,,,,3730,Keith Dudgeon,83,Max Holden,3829,Luke Hollman,Left,0,0,0,0,,HalfVolley,OffStump,Lbw,InsideEdge,FrontFoot,Flick,NoMovement,Round,FastSeam,Right,Null,NotReferred,Null,False,False,False,False,False,True,1890.0,False,False,False,False,False,False,0,0,0,0,0,False,False,,,Bowler
1630323,14,3.36,4,0,0,47,1,4,76092,,39423,County Championship Division Two 2026,2,38,Middlesex Men,41,Kent Men,8706906,2026-08-21T12:10:42Z,2,80,False,,,,3730,Keith Dudgeon,83,Max Holden,3829,Luke Hollman,Left,0,0,0,0,,LengthBall,OutsideOff,,InsideEdge,BackFoot,BackwardDefensive,SeamIn,Round,FastSeam,Right,Null,NotReferred,Null,False,False,False,False,False,True,,False,False,False,False,False,False,0,0,0,0,0,False,False,,,Bowler
1630323,14,3.36,4,0,0,47,1,4,76092,,39423,County Championship Division Two 2026,2,38,Middlesex Men,41,Kent Men,8706914,2026-08-21T12:11:17Z,3,81,False,,,,3730,Keith Dudgeon,83,Max Holden,3829,Luke Hollman,Left,0,0,0,0,,LengthBall,OutsideOff,,Spliced,FrontFoot,ForwardDefensive,SeamIn,Round,FastSeam,Right,Null,NotReferred,Null,False,False,False,False,False,True,,False,False,False,False,False,False,0,0,0,0,0,False,False,196.0,40.0,Square Leg
1630323,14,3.36,4,0,0,47,1,4,76092,,39423,County Championship Division Two 2026,2,38,Middlesex Men,41,Kent Men,8706922,2026-08-21T12:11:49Z,4,82,False,,,,3730,Keith Dudgeon,83,Max Holden,3829,Luke Hollman,Left,0,0,0,0,,LengthBall,OutsideOff,,Left,DownTheTrack,Leave,SeamAway,Round,FastSeam,Right,Null,NotReferred,Null,False,False,False,False,False,True,,False,False,False,False,False,False,0,0,0,0,0,False,False,,,Wicketkeeper
1630323,14,3.36,4,0,0,47,1,4,76092,,39423,County Championship Division Two 2026,2,38,Middlesex Men,41,Kent Men,8706929,2026-08-21T12:12:20Z,5,83,False,,,,3730,Keith Dudgeon,83,Max Holden,3829,Luke Hollman,Left,4,0,4,4,,HalfVolley,OffStump,,Middled,FrontFoot,Pushed,NoMovement,Round,FastSeam,Right,Null,NotReferred,Null,False,False,False,False,False,True,,False,False,False,False,False,False,4,0,0,0,0,True,False,257.0,180.0,
1630323,14,3.36,4,0,0,47,1,4,76092,,39423,County Championship Division Two 2026,2,38,Middlesex Men,41,Kent Men,8706934,2026-08-21T12:13:04Z,6,84,False,,,,3730,Keith Dudgeon,83,Max Holden,3829,Luke Hollman,Left,0,0,0,0,,LengthBall,OutsideOff,,None,FrontFoot,ForwardDefensive,NoMovement,Round,FastSeam,Right,Null,NotReferred,Null,False,False,False,False,False,True,,False,False,False,False,False,False,0,0,0,0,0,False,False,286.0,78.0,Mid Off
1630331,15,3.13,0,0,0,47,1,0,76092,,39423,County Championship Division Two 2026,2,38,Middlesex Men,41,Kent Men,8706957,2026-08-21T12:51:50Z,1,85,False,,,,154,Matt Milnes,3829,Luke Hollman,83,Max Holden,Left,0,0,0,0,,LengthBall,OutsideOff,,None,BackFoot,BackwardDefensive,NoMovement,Round,FastSeam,Right,Null,NotReferred,Null,False,False,False,False,False,True,,False,False,False,False,False,False,0,0,0,0,0,False,False,351.0,68.0,Cover
1630331,15,3.13,0,0,0,47,1,0,76092,,39423,County Championship Division Two 2026,2,38,Middlesex Men,41,Kent Men,8706960,2026-08-21T12:52:23Z,2,86,False,,,,154,Matt Milnes,3829,Luke Hollman,83,Max Holden,Left,0,0,0,0,,LengthBall,OutsideOff,,None,FrontFoot,ForwardDefensive,NoMovement,Round,FastSeam,Right,Null,NotReferred,Null,False,False,False,False,False,True,,False,False,False,False,False,False,0,0,0,0,0,False,False,345.0,74.0,Cover
1630331,15,3.13,0,0,0,47,1,0,76092,,39423,County Championship Division Two 2026,2,38,Middlesex Men,41,Kent Men,8706966,2026-08-21T12:52:58Z,3,87,False,,,,154,Matt Milnes,3829,Luke Hollman,83,Max Holden,Left,0,0,0,0,,LengthBall,OutsideOff,,None,FrontFoot,ForwardDefensive,NoMovement,Round,FastSeam,Right,Null,NotReferred,Null,False,False,False,False,False,True,,False,False,False,False,False,False,0,0,0,0,0,False,False,343.0,61.0,Cover
1630331,15,3.13,0,0,0,47,1,0,76092,,39423,County Championship Division Two 2026,2,38,Middlesex Men,41,Kent Men,8706975,2026-08-21T12:53:34Z,4,88,False,,,,154,Matt Milnes,3829,Luke Hollman,83,Max Holden,Left,0,0,0,0,,LengthBall,OutsideOff,,None,FrontFoot,ForwardDefensive,NoMovement,Round,FastSeam,Right,Null,NotReferred,Null,False,False,False,False,False,True,,False,False,False,False,False,False,0,0,0,0,0,False,False,315.0,51.0,Extra Cover
1630331,15,3.13,0,0,0,47,1,0,76092,,39423,County Championship Division Two 2026,2,38,Middlesex Men,41,Kent Men,8706982,2026-08-21T12:54:07Z,5,89,False,,,,154,Matt Milnes,3829,Luke Hollman,83,Max Holden,Left,0,0,0,0,,LengthBall,OffStump,,None,BackFoot,Pushed,NoMovement,Round,FastSeam,Right,Null,NotReferred,Null,False,False,False,False,False,True,,False,False,False,False,False,False,0,0,0,0,0,False,False,247.0,43.0,Mid On
1630331,15,3.13,0,0,0,47,1,0,76092,,39423,County Championship Division Two 2026,2,38,Middlesex Men,41,Kent Men,8706988,2026-08-21T12:54:43Z,6,90,False,,,,154,Matt Milnes,3829,Luke Hollman,83,Max Holden,Left,0,0,0,0,,LengthBall,OutsideOff,,None,BackFoot,BackwardDefensive,NoMovement,Round,FastSeam,Right,Null,NotReferred,Null,False,False,False,False,False,True,,False,False,False,False,False,False,0,0,0,0,0,False,False,277.0,42.0,Bowler
1630338,16,3.0,1,1,0,48,2,1,76092,,39423,County Championship Division Two 2026,2,38,Middlesex Men,41,Kent Men,8706995,2026-08-21T12:55:36Z,1,91,False,,,,527,Matt Quinn,83,Max Holden,3829,Luke Hollman,Left,0,0,0,0,,LengthBall,OutsideOff,,None,BackFoot,BackwardDefensive,NoMovement,Round,Medium,Right,Null,NotReferred,Null,False,False,False,False,False,True,,False,False,False,False,False,False,0,0,0,0,0,False,False,309.0,42.0,Extra Cover
1630338,16,3.0,1,1,0,48,2,1,76092,,39423,County Championship Division Two 2026,2,38,Middlesex Men,41,Kent Men,8707005,2026-08-21T12:56:09Z,2,92,False,,,,527,Matt Quinn,83,Max Holden,3829,Luke Hollman,Left,1,0,1,1,,HalfVolley,OutsideOff,,None,FrontFoot,Pushed,NoMovement,Round,Medium,Right,Null,NotReferred,Null,False,False,False,False,False,True,,False,False,False,False,False,False,1,0,0,0,0,False,False,314.0,70.0,Extra Cover
1630338,16,3.0,1,1,0,48,2,1,76092,,39423,County Championship Division Two 2026,2,38,Middlesex Men,41,Kent Men,8707016,2026-08-21T12:57:03Z,3,93,False,,,,527,Matt Quinn,3829,Luke Hollman,83,Max Holden,Left,0,0,0,0,,LengthBall,OutsideOff,,Gloved,BackFoot,Fended,SeamIn,Round,Medium,Right,Null,NotReferred,Null,False,False,False,False,False,True,,False,False,False,False,False,False,0,0,0,0,0,False,False,,,Bowler
1630338,16,3.0,1,1,0,48,2,1,76092,,39423,County Championship Division Two 2026,2,38,Middlesex Men,41,Kent Men,8707025,2026-08-21T12:57:41Z,4,94,True,Caught,3829.0,Luke Hollman,527,Matt Quinn,3829,Luke Hollman,83,Max Holden,Left,0,0,0,0,Caught,LengthBall,OutsideOff,Caught,OutsideEdge,FrontFoot,ForwardDefensive,SeamAway,Round,Medium,Right,Null,NotReferred,Null,False,False,False,False,False,True,1890.0,False,False,False,False,False,False,0,0,0,0,0,False,False,60.0,20.0,Second Slip
1630338,16,3.0,1,1,0,48,2,1,76092,,39423,County Championship Division Two 2026,2,38,Middlesex Men,41,Kent Men,8707042,2026-08-21T12:59:27Z,5,95,False,,,,527,Matt Quinn,2680,Leus du Plooy,83,Max Holden,Left,0,0,0,0,,Short,OutsideOff,,MisTimed,BackFoot,Pull,NoMovement,Round,Medium,Right,Null,NotReferred,Null,False,False,False,False,False,True,,False,False,False,False,False,False,0,0,0,0,0,False,False,186.0,49.0,Square Leg
1630338,16,3.0,1,1,0,48,2,1,76092,,39423,County Championship Division Two 2026,2,38,Middlesex Men,41,Kent Men,8707052,2026-08-21T13:00:04Z,6,96,False,,,,527,Matt Quinn,2680,Leus du Plooy,83,Max Holden,Left,0,0,0,0,,LengthBall,OutsideOff,,None,FrontFoot,ForwardDefensive,NoMovement,Round,Medium,Right,Null,NotReferred,Null,False,False,False,False,False,True,,False,False,False,False,False,False,0,0,0,0,0,False,False,285.0,40.0,Bowler
1630350,17,2.82,0,0,0,48,2,0,76092,,39423,County Championship Division Two 2026,2,38,Middlesex Men,41,Kent Men,8707062,2026-08-21T13:00:53Z,1,97,False,,,,154,Matt Milnes,83,Max Holden,2680,Leus du Plooy,Left,0,0,0,0,,HalfVolley,OutsideOff,,ShouldersArms,NoMovement,ShouldersArms,NoMovement,Round,FastSeam,Right,Null,NotReferred,Null,False,False,False,False,False,True,,False,False,False,False,False,False,0,0,0,0,0,False,False,,,Wicketkeeper
1630350,17,2.82,0,0,0,48,2,0,76092,,39423,County Championship Division Two 2026,2,38,Middlesex Men,41,Kent Men,8707073,2026-08-21T13:01:26Z,2,98,False,,,,154,Matt Milnes,83,Max Holden,2680,Leus du Plooy,Left,0,0,0,0,,LengthBall,OutsideOff,,Left,NoMovement,Leave,NoMovement,Round,FastSeam,Right,Null,NotReferred,Null,False,False,False,False,False,True,,False,False,False,False,False,False,0,0,0,0,0,False,False,,,Wicketkeeper
1630350,17,2.82,0,0,0,48,2,0,76092,,39423,County Championship Division Two 2026,2,38,Middlesex Men,41,Kent Men,8707082,2026-08-21T13:02:00Z,3,99,False,,,,154,Matt Milnes,83,Max Holden,2680,Leus du Plooy,Left,0,0,0,0,,LengthBall,OutsideOff,,Missed,FrontFoot,ForwardDefensive,SeamAway,Round,FastSeam,Right,Null,NotReferred,Null,False,False,False,False,False,True,,False,False,False,False,False,False,0,0,0,0,0,False,False,,,Wicketkeeper
1630350,17,2.82,0,0,0,48,2,0,76092,,39423,County Championship Division Two 2026,2,38,Middlesex Men,41,Kent Men,8707089,2026-08-21T13:02:39Z,4,100,False,,,,154,Matt Milnes,83,Max Holden,2680,Leus du Plooy,Left,0,0,0,0,,LengthBall,OutsideOff,,HitPad,FrontFoot,ForwardDefensive,SeamIn,Round,FastSeam,Right,Null,NotReferred,Null,False,False,False,False,False,True,,False,False,False,False,False,False,0,0,0,0,0,False,False,,,Bowler
1630350,17,2.82,0,0,0,48,2,0,76092,,39423,County Championship Division Two 2026,2,38,Middlesex Men,41,Kent Men,8707101,2026-08-21T13:03:15Z,5,101,False,,,,154,Matt Milnes,83,Max Holden,2680,Leus du Plooy,Left,0,0,0,0,,BackOfALength,OutsideOff,,None,BackFoot,BackwardDefensive,NoMovement,Round,FastSeam,Right,Null,NotReferred,Null,False,False,False,False,False,True,,False,False,False,False,False,False,0,0,0,0,0,False,False,233.0,40.0,Mid Wicket
1630350,17,2.82,0,0,0,48,2,0,76092,,39423,County Championship Division Two 2026,2,38,Middlesex Men,41,Kent Men,8707107,2026-08-21T13:03:49Z,6,102,False,,,,154,Matt Milnes,83,Max Holden,2680,Leus du Plooy,Left,0,0,0,0,,LengthBall,OutsideOff,,None,FrontFoot,ForwardDefensive,NoMovement,Round,FastSeam,Right,Null,NotReferred,Null,False,False,False,False,False,True,,False,False,False,False,False,False,0,0,0,0,0,False,False,221.0,41.0,Mid Wicket
1630360,18,2.89,4,0,0,52,2,4,76092,,39423,County Championship Division Two 2026,2,38,Middlesex Men,41,Kent Men,8707120,2026-08-21T13:04:38Z,1,103,False,,,,527,Matt Quinn,2680,Leus du Plooy,83,Max Holden,Left,0,0,0,0,,LengthBall,OffStump,,None,BackFoot,Worked,NoMovement,Round,Medium,Right,Null,NotReferred,Null,False,False,False,False,False,True,,False,False,False,False,False,False,0,0,0,0,0,False,False,199.0,53.0,Square Leg
1630360,18,2.89,4,0,0,52,2,4,76092,,39423,County Championship Division Two 2026,2,38,Middlesex Men,41,Kent Men,8707128,2026-08-21T13:05:13Z,2,104,False,,,,527,Matt Quinn,2680,Leus du Plooy,83,Max Holden,Left,4,0,4,4,,HalfVolley,OffStump,,Middled,FrontFoot,Flick,NoMovement,Round,Medium,Right,Null,NotReferred,Null,False,False,False,False,False,True,,False,False,False,False,False,False,4,0,0,0,0,True,False,216.0,176.0,
1630360,18,2.89,4,0,0,52,2,4,76092,,39423,County Championship Division Two 2026,2,38,Middlesex Men,41,Kent Men,8707141,2026-08-21T13:06:03Z,3,105,False,,,,527,Matt Quinn,2680,Leus du Plooy,83,Max Holden,Left,0,0,0,0,,LengthBall,MiddleStump,,PlayAndMissLegSide,BackFoot,Glance,NoMovement,Round,Medium,Right,Null,NotReferred,Null,False,False,False,False,False,True,,False,False,False,False,False,False,0,0,0,0,0,False,False,,,Wicketkeeper
1630360,18,2.89,4,0,0,52,2,4,76092,,39423,County Championship Division Two 2026,2,38,Middlesex Men,41,Kent Men,8707147,2026-08-21T13:06:42Z,4,106,False,,,,527,Matt Quinn,2680,Leus du Plooy,83,Max Holden,Left,0,0,0,0,,LengthBall,OutsideOff,,ShouldersArms,NoMovement,ShouldersArms,NoMovement,Round,Medium,Right,Null,NotReferred,Null,False,False,False,False,False,True,,False,False,False,False,False,False,0,0,0,0,0,False,False,,,Wicketkeeper
1630360,18,2.89,4,0,0,52,2,4,76092,,39423,County Championship Division Two 2026,2,38,Middlesex Men,41,Kent Men,8707161,2026-08-21T13:07:22Z,5,107,False,,,,527,Matt Quinn,2680,Leus du Plooy,83,Max Holden,Left,0,0,0,0,,LengthBall,OutsideOff,,None,FrontFoot,Pushed,NoMovement,Round,Medium,Right,Null,NotReferred,Null,False,False,False,False,False,True,,False,False,False,False,False,False,0,0,0,0,0,False,False,344.0,71.0,Cover
1630360,18,2.89,4,0,0,52,2,4,76092,,39423,County Championship Division Two 2026,2,38,Middlesex Men,41,Kent Men,8707165,2026-08-21T13:08:01Z,6,108,False,,,,527,Matt Quinn,2680,Leus du Plooy,83,Max Holden,Left,0,0,0,0,,HalfVolley,OffStump,,None,FrontFoot,Flick,NoMovement,Round,Medium,Right,Null,NotReferred,Null,False,False,False,False,False,True,,False,False,False,False,False,False,0,0,0,0,0,False,False,255.0,67.0,Mid On
1630371,19,2.95,4,1,0,56,3,4,76092,,39423,County Championship Division Two 2026,2,38,Middlesex Men,41,Kent Men,8707179,2026-08-21T13:08:50Z,1,109,False,,,,154,Matt Milnes,83,Max Holden,2680,Leus du Plooy,Left,0,0,0,0,,LengthBall,OutsideOff,,None,FrontFoot,ForwardDefensive,NoMovement,Round,FastSeam,Right,Null,NotReferred,Null,False,False,False,False,False,True,,False,False,False,False,False,False,0,0,0,0,0,False,False,299.0,56.0,Mid Off
1630371,19,2.95,4,1,0,56,3,4,76092,,39423,County Championship Division Two 2026,2,38,Middlesex Men,41,Kent Men,8707186,2026-08-21T13:09:23Z,2,110,True,Bowled,83.0,Max Holden,154,Matt Milnes,83,Max Holden,2680,Leus du Plooy,Left,0,0,0,0,Bowled,LengthBall,OffStump,Bowled,Missed,FrontFoot,ForwardDefensive,SeamAway,Round,FastSeam,Right,Null,NotReferred,Null,False,False,False,False,False,True,1808.0,False,False,False,False,False,False,0,0,0,0,0,False,False,,,
1630371,19,2.95,4,1,0,56,3,4,76092,,39423,County Championship Division Two 2026,2,38,Middlesex Men,41,Kent Men,8707211,2026-08-21T13:11:27Z,3,111,False,,,,154,Matt Milnes,7893,Ben Geddes,2680,Leus du Plooy,Right,0,0,0,0,,LengthBall,OutsideOff,,ShouldersArms,NoMovement,ShouldersArms,SeamIn,Over,FastSeam,Right,Null,NotReferred,Null,False,False,False,False,False,True,,False,False,False,False,False,False,0,0,0,0,0,False,False,,,Wicketkeeper
1630371,19,2.95,4,1,0,56,3,4,76092,,39423,County Championship Division Two 2026,2,38,Middlesex Men,41,Kent Men,8707220,2026-08-21T13:12:02Z,4,112,False,,,,154,Matt Milnes,7893,Ben Geddes,2680,Leus du Plooy,Right,0,0,0,0,,HalfVolley,OffStump,,None,FrontFoot,Pushed,NoMovement,Over,FastSeam,Right,Null,NotReferred,Null,False,False,False,False,False,True,,False,False,False,False,False,False,0,0,0,0,0,False,False,282.0,73.0,Mid On
1630371,19,2.95,4,1,0,56,3,4,76092,,39423,County Championship Division Two 2026,2,38,Middlesex Men,41,Kent Men,8707229,2026-08-21T13:12:34Z,5,113,False,,,,154,Matt Milnes,7893,Ben Geddes,2680,Leus du Plooy,Right,0,0,0,0,,HalfVolley,MiddleStump,,InsideEdge,FrontFoot,Worked,NoMovement,Over,FastSeam,Right,Null,NotReferred,Null,False,False,False,False,False,True,,False,False,False,False,False,False,0,0,0,0,0,False,False,163.0,63.0,Backward Point
1630371,19,2.95,4,1,0,56,3,4,76092,,39423,County Championship Division Two 2026,2,38,Middlesex Men,41,Kent Men,8707236,2026-08-21T13:13:11Z,6,114,False,,,,154,Matt Milnes,7893,Ben Geddes,2680,Leus du Plooy,Right,4,0,4,4,,HalfVolley,OffStump,,Middled,FrontFoot,Drive,NoMovement,Over,FastSeam,Right,Null,NotReferred,Null,False,False,False,False,False,True,,False,False,False,False,False,False,4,0,0,0,0,True,False,272.0,180.0,
1630383,20,2.85,1,0,0,57,3,1,76092,,39423,County Championship Division Two 2026,2,38,Middlesex Men,41,Kent Men,8707255,2026-08-21T13:14:29Z,1,115,False,,,,527,Matt Quinn,2680,Leus du Plooy,7893,Ben Geddes,Left,1,0,1,1,,Short,OutsideOff,,None,DownTheTrack,Pull,NoMovement,Round,Medium,Right,Null,NotReferred,Null,False,False,False,False,True,True,,False,False,False,False,False,False,1,0,0,0,0,False,False,159.0,109.0,Deep Backward Square Leg
1630383,20,2.85,1,0,0,57,3,1,76092,,39423,County Championship Division Two 2026,2,38,Middlesex Men,41,Kent Men,8707263,2026-08-21T13:15:16Z,2,116,False,,,,527,Matt Quinn,7893,Ben Geddes,2680,Leus du Plooy,Right,0,0,0,0,,LengthBall,OutsideOff,,ShouldersArms,NoMovement,ShouldersArms,NoMovement,Over,Medium,Right,Null,NotReferred,Null,False,False,False,False,False,True,,False,False,False,False,False,False,0,0,0,0,0,False,False,,,Wicketkeeper
1630383,20,2.85,1,0,0,57,3,1,76092,,39423,County Championship Division Two 2026,2,38,Middlesex Men,41,Kent Men,8707273,2026-08-21T13:15:52Z,3,117,False,,,,527,Matt Quinn,7893,Ben Geddes,2680,Leus du Plooy,Right,0,0,0,0,,LengthBall,OutsideOff,,Left,NoMovement,Leave,NoMovement,Over,Medium,Right,Null,NotReferred,Null,False,False,False,False,False,True,,False,False,False,False,False,False,0,0,0,0,0,False,False,,,Wicketkeeper
1630383,20,2.85,1,0,0,57,3,1,76092,,39423,County Championship Division Two 2026,2,38,Middlesex Men,41,Kent Men,8707285,2026-08-21T13:16:32Z,4,118,False,,,,527,Matt Quinn,7893,Ben Geddes,2680,Leus du Plooy,Right,0,0,0,0,,HalfVolley,OutsideOff,,MisTimed,FrontFoot,Drive,NoMovement,Over,Medium,Right,Null,NotReferred,Null,False,False,False,False,False,True,,False,False,False,False,False,False,0,0,0,0,0,False,False,234.0,57.0,Extra Cover
1630383,20,2.85,1,0,0,57,3,1,76092,,39423,County Championship Division Two 2026,2,38,Middlesex Men,41,Kent Men,8707295,2026-08-21T13:17:12Z,5,119,False,,,,527,Matt Quinn,7893,Ben Geddes,2680,Leus du Plooy,Right,0,0,0,0,,LengthBall,OutsideOff,,None,FrontFoot,ForwardDefensive,NoMovement,Over,Medium,Right,Null,NotReferred,Null,False,False,False,False,False,True,,False,False,False,False,False,False,0,0,0,0,0,False,False,282.0,39.0,Mid On
1630383,20,2.85,1,0,0,57,3,1,76092,,39423,County Championship Division Two 2026,2,38,Middlesex Men,41,Kent Men,8707302,2026-08-21T13:17:46Z,6,120,False,,,,527,Matt Quinn,7893,Ben Geddes,2680,Leus du Plooy,Right,0,0,0,0,,LengthBall,OutsideOff,,Left,NoMovement,Leave,NoMovement,Over,Medium,Right,Null,NotReferred,Null,False,False,False,False,False,True,,False,False,False,False,False,False,0,0,0,0,0,False,False,,,Wicketkeeper
1630393,21,2.95,5,0,0,62,3,5,76092,,39423,County Championship Division Two 2026,2,38,Middlesex Men,41,Kent Men,8707316,2026-08-21T13:18:49Z,1,121,False,,,,154,Matt Milnes,2680,Leus du Plooy,7893,Ben Geddes,Left,1,0,1,1,,LengthBall,OutsideOff,,None,DownTheTrack,Pushed,NoMovement,Round,FastSeam,Right,Null,NotReferred,Null,False,False,False,False,False,True,,False,False,False,False,False,False,1,0,0,0,0,False,False,325.0,62.0,Extra Cover
1630393,21,2.95,5,0,0,62,3,5,76092,,39423,County Championship Division Two 2026,2,38,Middlesex Men,41,Kent Men,8707324,2026-08-21T13:19:31Z,2,122,False,,,,154,Matt Milnes,7893,Ben Geddes,2680,Leus du Plooy,Right,0,0,0,0,,LengthBall,OutsideOff,,Left,NoMovement,Leave,SeamIn,Over,FastSeam,Right,Null,NotReferred,Null,False,False,False,False,False,True,,False,False,False,False,False,False,0,0,0,0,0,False,False,,,Wicketkeeper
1630393,21,2.95,5,0,0,62,3,5,76092,,39423,County Championship Division Two 2026,2,38,Middlesex Men,41,Kent Men,8707330,2026-08-21T13:20:06Z,3,123,False,,,,154,Matt Milnes,7893,Ben Geddes,2680,Leus du Plooy,Right,4,0,4,4,,HalfVolley,OutsideOff,,WellTimed,FrontFoot,Drive,NoMovement,Over,FastSeam,Right,Null,NotReferred,Null,False,False,False,False,False,True,,False,False,False,False,False,False,4,0,0,0,0,True,False,204.0,174.0,
1630393,21,2.95,5,0,0,62,3,5,76092,,39423,County Championship Division Two 2026,2,38,Middlesex Men,41,Kent Men,8707338,2026-08-21T13:20:42Z,4,124,False,,,,154,Matt Milnes,7893,Ben Geddes,2680,Leus du Plooy,Right,0,0,0,0,,LengthBall,OutsideOff,,None,FrontFoot,ForwardDefensive,NoMovement,Over,FastSeam,Right,Null,NotReferred,Null,False,False,False,False,False,True,,False,False,False,False,False,False,0,0,0,0,0,False,False,277.0,81.0,Mid On
1630393,21,2.95,5,0,0,62,3,5,76092,,39423,County Championship Division Two 2026,2,38,Middlesex Men,41,Kent Men,8707347,2026-08-21T13:21:17Z,5,125,False,,,,154,Matt Milnes,7893,Ben Geddes,2680,Leus du Plooy,Right,0,0,0,0,,LengthBall,OffStump,,None,BackFoot,Pushed,NoMovement,Over,FastSeam,Right,Null,NotReferred,Null,False,False,False,False,False,True,,False,False,False,False,False,False,0,0,0,0,0,False,False,284.0,76.0,Mid On
1630393,21,2.95,5,0,0,62,3,5,76092,,39423,County Championship Division Two 2026,2,38,Middlesex Men,41,Kent Men,8707354,2026-08-21T13:21:57Z,6,126,False,,,,154,Matt Milnes,7893,Ben Geddes,2680,Leus du Plooy,Right,0,0,0,0,,LengthBall,OutsideOff,,None,FrontFoot,ForwardDefensive,NoMovement,Over,FastSeam,Right,Null,NotReferred,Null,False,False,False,False,False,True,,False,False,False,False,False,False,0,0,0,0,0,False,False,238.0,59.0,Extra Cover
1630400,22,2.86,1,1,0,63,4,1,76092,,39423,County Championship Division Two 2026,2,38,Middlesex Men,41,Kent Men,8707369,2026-08-21T13:23:01Z,1,127,False,,,,527,Matt Quinn,2680,Leus du Plooy,7893,Ben Geddes,Left,1,0,1,1,,Short,DownLeg,,None,BackFoot,Pull,NoMovement,Over,Medium,Right,Null,NotReferred,Null,False,False,False,False,True,True,,False,False,False,False,False,False,1,0,0,0,0,False,False,167.0,105.0,Deep Backward Square Leg
1630400,22,2.86,1,1,0,63,4,1,76092,,39423,County Championship Division Two 2026,2,38,Middlesex Men,41,Kent Men,8707377,2026-08-21T13:23:42Z,2,128,False,,,,527,Matt Quinn,7893,Ben Geddes,2680,Leus du Plooy,Right,0,0,0,0,,LengthBall,OutsideOff,,None,FrontFoot,ForwardDefensive,NoMovement,Over,Medium,Right,Null,NotReferred,Null,False,False,False,False,False,True,,False,False,False,False,False,False,0,0,0,0,0,False,False,287.0,72.0,Mid On
1630400,22,2.86,1,1,0,63,4,1,76092,,39423,County Championship Division Two 2026,2,38,Middlesex Men,41,Kent Men,8707392,2026-08-21T13:24:21Z,3,129,True,Caught,7893.0,Ben Geddes,527,Matt Quinn,7893,Ben Geddes,2680,Leus du Plooy,Right,0,0,0,0,Caught,Short,OutsideOff,Caught,HitBody,BackFoot,Hook,NoMovement,Over,Medium,Right,Null,NotReferred,Null,False,False,False,False,False,True,1890.0,False,False,False,False,False,False,0,0,0,0,0,False,False,89.0,21.0,Wicketkeeper
1630400,22,2.86,1,1,0,63,4,1,76092,,39423,County Championship Division Two 2026,2,38,Middlesex Men,41,Kent Men,8707410,2026-08-21T13:26:09Z,4,130,False,,,,527,Matt Quinn,39,Ryan Higgins,2680,Leus du Plooy,Right,0,0,0,0,,LengthBall,OutsideOff,,ShouldersArms,NoMovement,ShouldersArms,SeamIn,Over,Medium,Right,Null,NotReferred,Null,False,False,False,False,False,True,,False,False,False,False,False,False,0,0,0,0,0,False,False,,,Wicketkeeper
1630400,22,2.86,1,1,0,63,4,1,76092,,39423,County Championship Division Two 2026,2,38,Middlesex Men,41,Kent Men,8707422,2026-08-21T13:26:53Z,5,131,False,,,,527,Matt Quinn,39,Ryan Higgins,2680,Leus du Plooy,Right,0,0,0,0,,LengthBall,OutsideOff,,ShouldersArms,NoMovement,ShouldersArms,NoMovement,Over,Medium,Right,Null,NotReferred,Null,False,False,False,False,False,True,,False,False,False,False,False,False,0,0,0,0,0,False,False,,,Wicketkeeper
1630400,22,2.86,1,1,0,63,4,1,76092,,39423,County Championship Division Two 2026,2,38,Middlesex Men,41,Kent Men,8707433,2026-08-21T13:27:35Z,6,132,False,,,,527,Matt Quinn,39,Ryan Higgins,2680,Leus du Plooy,Right,0,0,0,0,,LengthBall,OutsideOff,,None,BackFoot,Dropped,NoMovement,Over,Medium,Right,Null,NotReferred,Null,False,False,False,False,False,True,,False,False,False,False,False,False,0,0,0,0,0,False,False,196.0,38.0,Cover
1630413,23,2.78,1,1,0,64,5,1,76092,,39423,County Championship Division Two 2026,2,38,Middlesex Men,41,Kent Men,8707443,2026-08-21T13:28:29Z,1,133,False,,,,154,Matt Milnes,2680,Leus du Plooy,39,Ryan Higgins,Left,0,0,0,0,,BackOfALength,OutsideOff,,None,DownTheTrack,Dropped,NoMovement,Round,FastSeam,Right,Null,NotReferred,Null,False,False,False,False,False,True,,False,False,False,False,False,False,0,0,0,0,0,False,False,210.0,44.0,Square Leg
1630413,23,2.78,1,1,0,64,5,1,76092,,39423,County Championship Division Two 2026,2,38,Middlesex Men,41,Kent Men,8707454,2026-08-21T13:29:12Z,2,134,True,Caught,2680.0,Leus du Plooy,154,Matt Milnes,2680,Leus du Plooy,39,Ryan Higgins,Left,0,0,0,0,Caught,HalfVolley,Wide,Caught,OutsideEdge,FrontFoot,Drive,NoMovement,Round,FastSeam,Right,Null,NotReferred,Null,False,False,False,False,False,True,1808.0,False,False,False,False,False,False,0,0,0,0,0,False,False,91.0,24.0,Wicketkeeper
1630413,23,2.78,1,1,0,64,5,1,76092,,39423,County Championship Division Two 2026,2,38,Middlesex Men,41,Kent Men,8707479,2026-08-21T13:31:03Z,3,135,False,,,,154,Matt Milnes,7092,Joe Cracknell,39,Ryan Higgins,Right,0,0,0,0,,LengthBall,OutsideOff,,None,BackFoot,Dropped,SeamIn,Over,FastSeam,Right,Null,NotReferred,Null,False,False,False,False,False,True,,False,False,False,False,False,False,0,0,0,0,0,False,False,196.0,47.0,Cover
1630413,23,2.78,1,1,0,64,5,1,76092,,39423,County Championship Division Two 2026,2,38,Middlesex Men,41,Kent Men,8707486,2026-08-21T13:31:39Z,4,136,False,,,,154,Matt Milnes,7092,Joe Cracknell,39,Ryan Higgins,Right,0,0,0,0,,HalfVolley,OutsideOff,,Left,NoMovement,Leave,NoMovement,Over,FastSeam,Right,Null,NotReferred,Null,False,False,False,False,False,True,,False,False,False,False,False,False,0,0,0,0,0,False,False,,,Wicketkeeper
1630413,23,2.78,1,1,0,64,5,1,76092,,39423,County Championship Division Two 2026,2,38,Middlesex Men,41,Kent Men,8707497,2026-08-21T13:32:14Z,5,137,False,,,,154,Matt Milnes,7092,Joe Cracknell,39,Ryan Higgins,Right,0,0,0,0,,LengthBall,OutsideOff,,None,FrontFoot,Pushed,NoMovement,Over,FastSeam,Right,Null,NotReferred,Null,False,False,False,False,False,True,,False,False,False,False,False,False,0,0,0,0,0,False,False,208.0,45.0,Cover
1630413,23,2.78,1,1,0,64,5,1,76092,,39423,County Championship Division Two 2026,2,38,Middlesex Men,41,Kent Men,8707509,2026-08-21T13:33:00Z,6,138,False,,,,154,Matt Milnes,7092,Joe Cracknell,39,Ryan Higgins,Right,1,0,1,1,,LengthBall,OutsideOff,,None,FrontFoot,Pushed,NoMovement,Over,FastSeam,Right,Null,NotReferred,Null,False,False,False,False,False,True,,False,False,False,False,False,False,1,0,0,0,0,False,False,211.0,58.0,Extra Cover
1630427,24,2.71,1,0,0,65,5,1,76092,,39423,County Championship Division Two 2026,2,38,Middlesex Men,41,Kent Men,8707527,2026-08-21T13:34:31Z,1,139,False,,,,3730,Keith Dudgeon,7092,Joe Cracknell,39,Ryan Higgins,Right,0,0,0,0,,LengthBall,OutsideOff,,Left,NoMovement,Leave,NoMovement,Over,FastSeam,Right,Null,NotReferred,Null,False,False,False,False,False,True,,False,False,False,False,False,False,0,0,0,0,0,False,False,,,Wicketkeeper
1630427,24,2.71,1,0,0,65,5,1,76092,,39423,County Championship Division Two 2026,2,38,Middlesex Men,41,Kent Men,8707538,2026-08-21T13:35:00Z,2,140,False,,,,3730,Keith Dudgeon,7092,Joe Cracknell,39,Ryan Higgins,Right,0,0,0,0,,LengthBall,OutsideOff,,None,FrontFoot,Pushed,NoMovement,Over,FastSeam,Right,Null,NotReferred,Null,False,False,False,False,False,True,,False,False,False,False,False,False,0,0,0,0,0,False,False,228.0,52.0,Extra Cover
1630427,24,2.71,1,0,0,65,5,1,76092,,39423,County Championship Division Two 2026,2,38,Middlesex Men,41,Kent Men,8707544,2026-08-21T13:35:34Z,3,141,False,,,,3730,Keith Dudgeon,7092,Joe Cracknell,39,Ryan Higgins,Right,0,0,0,0,,LengthBall,OutsideOff,,None,BackFoot,Cut,NoMovement,Over,FastSeam,Right,Null,NotReferred,Null,False,False,False,False,False,True,,False,False,False,False,False,False,0,0,0,0,0,False,False,129.0,19.0,Third Slip
1630427,24,2.71,1,0,0,65,5,1,76092,,39423,County Championship Division Two 2026,2,38,Middlesex Men,41,Kent Men,8707550,2026-08-21T13:36:09Z,4,142,False,,,,3730,Keith Dudgeon,7092,Joe Cracknell,39,Ryan Higgins,Right,0,0,0,0,,LengthBall,OutsideOff,,Missed,BackFoot,Cut,SeamIn,Over,FastSeam,Right,Null,NotReferred,Null,False,False,False,False,False,True,,False,False,False,False,False,False,0,0,0,0,0,False,False,,,Wicketkeeper
1630427,24,2.71,1,0,0,65,5,1,76092,,39423,County Championship Division Two 2026,2,38,Middlesex Men,41,Kent Men,8707561,2026-08-21T13:36:47Z,5,143,False,,,,3730,Keith Dudgeon,7092,Joe Cracknell,39,Ryan Higgins,Right,1,0,1,1,,LengthBall,OutsideOff,,WellTimed,BackFoot,Pull,NoMovement,Over,FastSeam,Right,Null,NotReferred,Null,False,False,False,False,False,True,,False,False,False,False,False,False,1,0,0,0,0,False,False,340.0,68.0,Square Leg
1630427,24,2.71,1,0,0,65,5,1,76092,,39423,County Championship Division Two 2026,2,38,Middlesex Men,41,Kent Men,8707570,2026-08-21T13:37:27Z,6,144,False,,,,3730,Keith Dudgeon,39,Ryan Higgins,7092,Joe Cracknell,Right,0,0,0,0,,LengthBall,OutsideOff,,None,BackFoot,BackwardDefensive,NoMovement,Over,FastSeam,Right,Null,NotReferred,Null,False,False,False,False,False,True,,False,False,False,False,False,False,0,0,0,0,0,False,False,273.0,37.0,Bowler
1630436,25,3.0,10,0,0,75,5,10,76092,,39423,County Championship Division Two 2026,2,38,Middlesex Men,41,Kent Men,8707588,2026-08-21T13:38:59Z,1,145,False,,,,13941,Ekansh Singh,7092,Joe Cracknell,39,Ryan Higgins,Right,4,0,4,4,,Short,OutsideOff,,Middled,BackFoot,Cut,NoMovement,Over,Medium,Right,Null,NotReferred,Null,False,False,False,False,False,True,,False,False,False,False,False,False,4,0,0,0,0,True,False,204.0,174.0,
1630436,25,3.0,10,0,0,75,5,10,76092,,39423,County Championship Division Two 2026,2,38,Middlesex Men,41,Kent Men,8707593,2026-08-21T13:39:41Z,2,146,False,,,,13941,Ekansh Singh,7092,Joe Cracknell,39,Ryan Higgins,Right,0,0,0,0,,LengthBall,OutsideOff,,None,BackFoot,BackwardDefensive,NoMovement,Over,Medium,Right,Null,NotReferred,Null,False,False,False,False,False,True,,False,False,False,False,False,False,0,0,0,0,0,False,False,273.0,37.0,Bowler
1630436,25,3.0,10,0,0,75,5,10,76092,,39423,County Championship Division Two 2026,2,38,Middlesex Men,41,Kent Men,8707600,2026-08-21T13:40:24Z,3,147,False,,,,13941,Ekansh Singh,7092,Joe Cracknell,39,Ryan Higgins,Right,0,0,0,0,,LengthBall,OutsideOff,,ShouldersArms,NoMovement,ShouldersArms,NoMovement,Over,Medium,Right,Null,NotReferred,Null,False,False,False,False,False,True,,False,False,False,False,False,False,0,0,0,0,0,False,False,,,Wicketkeeper
1630436,25,3.0,10,0,0,75,5,10,76092,,39423,County Championship Division Two 2026,2,38,Middlesex Men,41,Kent Men,8707609,2026-08-21T13:41:03Z,4,148,False,,,,13941,Ekansh Singh,7092,Joe Cracknell,39,Ryan Higgins,Right,0,0,0,0,,HalfVolley,OutsideOff,,OutsideEdge,FrontFoot,Drive,NoMovement,Over,Medium,Right,Null,NotReferred,Null,False,False,False,False,False,True,,False,False,False,False,False,False,0,0,0,0,0,False,False,121.0,15.0,Second Slip
1630436,25,3.0,10,0,0,75,5,10,76092,,39423,County Championship Division Two 2026,2,38,Middlesex Men,41,Kent Men,8707617,2026-08-21T13:41:43Z,5,149,False,,,,13941,Ekansh Singh,7092,Joe Cracknell,39,Ryan Higgins,Right,4,0,4,4,,BackOfALength,OutsideOff,,WellTimed,BackFoot,Cut,NoMovement,Over,Medium,Right,Null,NotReferred,Null,False,False,False,False,False,True,,False,False,False,False,False,False,4,0,0,0,0,True,False,205.0,174.0,
1630436,25,3.0,10,0,0,75,5,10,76092,,39423,County Championship Division Two 2026,2,38,Middlesex Men,41,Kent Men,8707627,2026-08-21T13:42:30Z,6,150,False,,,,13941,Ekansh Singh,7092,Joe Cracknell,39,Ryan Higgins,Right,2,0,2,2,,LengthBall,OutsideOff,,WellTimed,BackFoot,Cut,NoMovement,Over,Medium,Right,Null,NotReferred,Null,False,False,False,False,False,True,,False,False,False,False,False,False,2,0,0,0,0,False,False,190.0,148.0,Deep Cover
1630446,26,3.19,8,0,0,83,5,8,76092,,39423,County Championship Division Two 2026,2,38,Middlesex Men,41,Kent Men,8707643,2026-08-21T13:43:44Z,1,151,False,,,,3730,Keith Dudgeon,39,Ryan Higgins,7092,Joe Cracknell,Right,0,0,0,0,,HalfVolley,OutsideOff,,None,FrontFoot,Drive,NoMovement,Over,FastSeam,Right,Null,NotReferred,Null,False,False,False,False,False,True,,False,False,False,False,False,False,0,0,0,0,0,False,False,281.0,85.0,Mid On
1630446,26,3.19,8,0,0,83,5,8,76092,,39423,County Championship Division Two 2026,2,38,Middlesex Men,41,Kent Men,8707654,2026-08-21T13:44:27Z,2,152,False,,,,3730,Keith Dudgeon,39,Ryan Higgins,7092,Joe Cracknell,Right,4,0,4,4,,LengthBall,Wide,,Middled,BackFoot,Cut,NoMovement,Over,FastSeam,Right,Null,NotReferred,Null,False,False,False,False,False,True,,False,False,False,False,False,False,4,0,0,0,0,True,False,191.0,172.0,
1630446,26,3.19,8,0,0,83,5,8,76092,,39423,County Championship Division Two 2026,2,38,Middlesex Men,41,Kent Men,8707662,2026-08-21T13:45:13Z,3,153,False,,,,3730,Keith Dudgeon,39,Ryan Higgins,7092,Joe Cracknell,Right,0,0,0,0,,LengthBall,OutsideOff,,ShouldersArms,NoMovement,ShouldersArms,NoMovement,Over,FastSeam,Right,Null,NotReferred,Null,False,False,False,False,False,True,,False,False,False,False,False,False,0,0,0,0,0,False,False,,,Wicketkeeper
1630446,26,3.19,8,0,0,83,5,8,76092,,39423,County Championship Division Two 2026,2,38,Middlesex Men,41,Kent Men,8707669,2026-08-21T13:45:49Z,4,154,False,,,,3730,Keith Dudgeon,39,Ryan Higgins,7092,Joe Cracknell,Right,0,0,0,0,,LengthBall,OffStump,,None,BackFoot,Worked,NoMovement,Over,FastSeam,Right,Null,NotReferred,Null,False,False,False,False,False,True,,False,False,False,False,False,False,0,0,0,0,0,False,False,336.0,62.0,Square Leg
1630446,26,3.19,8,0,0,83,5,8,76092,,39423,County Championship Division Two 2026,2,38,Middlesex Men,41,Kent Men,8707676,2026-08-21T13:46:24Z,5,155,False,,,,3730,Keith Dudgeon,39,Ryan Higgins,7092,Joe Cracknell,Right,0,0,0,0,,LengthBall,OutsideOff,,None,BackFoot,BackwardDefensive,NoMovement,Over,FastSeam,Right,Null,NotReferred,Null,False,False,False,False,False,True,,False,False,False,False,False,False,0,0,0,0,0,False,False,271.0,35.0,Bowler
1630446,26,3.19,8,0,0,83,5,8,76092,,39423,County Championship Division Two 2026,2,38,Middlesex Men,41,Kent Men,8707686,2026-08-21T13:47:02Z,6,156,False,,,,3730,Keith Dudgeon,39,Ryan Higgins,7092,Joe Cracknell,Right,4,0,4,4,,HalfVolley,OutsideOff,,ThickEdge,FrontFoot,Drive,NoMovement,Over,FastSeam,Right,Null,NotReferred,Null,False,False,False,False,False,True,,False,False,False,False,False,False,4,0,0,0,0,True,False,190.0,172.0,
1630457,27,3.15,2,0,0,85,5,2,76092,,39423,County Championship Division Two 2026,2,38,Middlesex Men,41,Kent Men,8707703,2026-08-21T13:49:06Z,1,157,False,,,,248,Matt Parkinson,7092,Joe Cracknell,39,Ryan Higgins,Right,0,0,0,0,,LengthBall,OffStump,,None,FrontFoot,ForwardDefensive,LegSpinner,Over,LegSpin,Right,Null,NotReferred,Null,False,False,False,False,False,True,,False,False,False,False,False,False,0,0,0,0,0,False,False,269.0,39.0,Bowler
1630457,27,3.15,2,0,0,85,5,2,76092,,39423,County Championship Division Two 2026,2,38,Middlesex Men,41,Kent Men,8707711,2026-08-21T13:49:26Z,2,158,False,,,,248,Matt Parkinson,7092,Joe Cracknell,39,Ryan Higgins,Right,0,0,0,0,,LengthBall,MiddleStump,Lbw,HitPad,FrontFoot,ForwardDefensive,LegSpinner,Over,LegSpin,Right,Null,NotReferred,Null,False,False,False,False,False,True,1808.0,False,False,False,False,False,False,0,0,0,0,0,False,False,116.0,11.0,First Slip
1630457,27,3.15,2,0,0,85,5,2,76092,,39423,County Championship Division Two 2026,2,38,Middlesex Men,41,Kent Men,8707716,2026-08-21T13:49:57Z,3,159,False,,,,248,Matt Parkinson,7092,Joe Cracknell,39,Ryan Higgins,Right,0,0,0,0,,LengthBall,OffStump,,WellTimed,FrontFoot,Drive,LegSpinner,Over,LegSpin,Right,Null,NotReferred,Null,False,False,False,False,False,True,,False,False,False,False,False,False,0,0,0,0,0,False,False,249.0,82.0,Mid Off
1630457,27,3.15,2,0,0,85,5,2,76092,,39423,County Championship Division Two 2026,2,38,Middlesex Men,41,Kent Men,8707720,2026-08-21T13:50:16Z,4,160,False,,,,248,Matt Parkinson,7092,Joe Cracknell,39,Ryan Higgins,Right,0,0,0,0,,LengthBall,OutsideOff,,ThickEdge,FrontFoot,Drive,LegSpinner,Over,LegSpin,Right,Null,NotReferred,Null,False,False,False,False,False,True,,False,False,False,False,False,False,0,0,0,0,0,False,False,167.0,69.0,Backward Point
1630457,27,3.15,2,0,0,85,5,2,76092,,39423,County Championship Division Two 2026,2,38,Middlesex Men,41,Kent Men,8707724,2026-08-21T13:50:36Z,5,161,False,,,,248,Matt Parkinson,7092,Joe Cracknell,39,Ryan Higgins,Right,2,0,2,2,,LengthBall,OutsideOff,,WellTimed,BackFoot,Drive,LegSpinner,Over,LegSpin,Right,Null,NotReferred,Null,False,False,False,False,False,True,,False,False,False,False,False,False,2,0,0,0,0,False,False,203.0,142.0,Deep Cover
1630457,27,3.15,2,0,0,85,5,2,76092,,39423,County Championship Division Two 2026,2,38,Middlesex Men,41,Kent Men,8707731,2026-08-21T13:51:06Z,6,162,False,,,,248,Matt Parkinson,7092,Joe Cracknell,39,Ryan Higgins,Right,0,0,0,0,,LengthBall,OffStump,,None,FrontFoot,ForwardDefensive,LegSpinner,Over,LegSpin,Right,Null,NotReferred,Null,False,False,False,False,False,True,,False,False,False,False,False,False,0,0,0,0,0,False,False,271.0,35.0,Bowler
1630464,28,3.04,0,0,0,85,5,0,76092,,39423,County Championship Division Two 2026,2,38,Middlesex Men,41,Kent Men,8707746,2026-08-21T13:52:11Z,1,163,False,,,,13941,Ekansh Singh,39,Ryan Higgins,7092,Joe Cracknell,Right,0,0,0,0,,LengthBall,OutsideOff,,ShouldersArms,NoMovement,ShouldersArms,NoMovement,Over,Medium,Right,Null,NotReferred,Null,False,False,False,False,False,True,,False,False,False,False,False,False,0,0,0,0,0,False,False,,,Wicketkeeper
1630464,28,3.04,0,0,0,85,5,0,76092,,39423,County Championship Division Two 2026,2,38,Middlesex Men,41,Kent Men,8707754,2026-08-21T13:52:50Z,2,164,False,,,,13941,Ekansh Singh,39,Ryan Higgins,7092,Joe Cracknell,Right,0,0,0,0,,LengthBall,OutsideOff,,ShouldersArms,NoMovement,ShouldersArms,NoMovement,Over,Medium,Right,Null,NotReferred,Null,False,False,False,False,False,True,,False,False,False,False,False,False,0,0,0,0,0,False,False,,,Wicketkeeper
1630464,28,3.04,0,0,0,85,5,0,76092,,39423,County Championship Division Two 2026,2,38,Middlesex Men,41,Kent Men,8707760,2026-08-21T13:53:22Z,3,165,False,,,,13941,Ekansh Singh,39,Ryan Higgins,7092,Joe Cracknell,Right,0,0,0,0,,LengthBall,OutsideOff,,None,FrontFoot,ForwardDefensive,NoMovement,Over,Medium,Right,Null,NotReferred,Null,False,False,False,False,False,True,,False,False,False,False,False,False,0,0,0,0,0,False,False,276.0,35.0,Bowler
1630464,28,3.04,0,0,0,85,5,0,76092,,39423,County Championship Division Two 2026,2,38,Middlesex Men,41,Kent Men,8707767,2026-08-21T13:53:52Z,4,166,False,,,,13941,Ekansh Singh,39,Ryan Higgins,7092,Joe Cracknell,Right,0,0,0,0,,HalfVolley,OutsideOff,,MisTimed,FrontFoot,Drive,NoMovement,Over,Medium,Right,Null,NotReferred,Null,False,False,False,False,False,True,,False,False,False,False,False,False,0,0,0,0,0,False,False,247.0,79.0,Mid Off
1630464,28,3.04,0,0,0,85,5,0,76092,,39423,County Championship Division Two 2026,2,38,Middlesex Men,41,Kent Men,8707773,2026-08-21T13:54:26Z,5,167,False,,,,13941,Ekansh Singh,39,Ryan Higgins,7092,Joe Cracknell,Right,0,0,0,0,,LengthBall,OutsideOff,,ShouldersArms,NoMovement,ShouldersArms,NoMovement,Over,Medium,Right,Null,NotReferred,Null,False,False,False,False,False,True,,False,False,False,False,False,False,0,0,0,0,0,False,False,,,Wicketkeeper
1630464,28,3.04,0,0,0,85,5,0,76092,,39423,County Championship Division Two 2026,2,38,Middlesex Men,41,Kent Men,8707782,2026-08-21T13:55:01Z,6,168,False,,,,13941,Ekansh Singh,39,Ryan Higgins,7092,Joe Cracknell,Right,0,0,0,0,,HalfVolley,OffStump,,None,FrontFoot,Worked,NoMovement,Over,Medium,Right,Null,NotReferred,Null,False,False,False,False,False,True,,False,False,False,False,False,False,0,0,0,0,0,False,False,329.0,58.0,Mid Wicket
1630472,29,3.07,4,0,0,89,5,4,76092,,39423,County Championship Division Two 2026,2,38,Middlesex Men,41,Kent Men,8707797,2026-08-21T13:56:00Z,1,169,False,,,,248,Matt Parkinson,7092,Joe Cracknell,39,Ryan Higgins,Right,0,0,0,0,,LengthBall,OutsideOff,,None,FrontFoot,Pushed,LegSpinner,Over,LegSpin,Right,Null,NotReferred,Null,False,False,False,False,False,True,,False,False,False,False,False,False,0,0,0,0,0,False,False,209.0,52.0,Cover
1630472,29,3.07,4,0,0,89,5,4,76092,,39423,County Championship Division Two 2026,2,38,Middlesex Men,41,Kent Men,8707800,2026-08-21T13:56:17Z,2,170,False,,,,248,Matt Parkinson,7092,Joe Cracknell,39,Ryan Higgins,Right,0,0,0,0,,LengthBall,OffStump,,None,FrontFoot,ForwardDefensive,LegSpinner,Over,LegSpin,Right,Null,NotReferred,Null,False,False,False,False,False,True,,False,False,False,False,False,False,0,0,0,0,0,False,False,259.0,42.0,Bowler
1630472,29,3.07,4,0,0,89,5,4,76092,,39423,County Championship Division Two 2026,2,38,Middlesex Men,41,Kent Men,8707806,2026-08-21T13:56:37Z,3,171,False,,,,248,Matt Parkinson,7092,Joe Cracknell,39,Ryan Higgins,Right,0,0,0,0,,LengthBall,MiddleStump,,None,FrontFoot,ForwardDefensive,LegSpinner,Over,LegSpin,Right,Null,NotReferred,Null,False,False,False,False,False,True,,False,False,False,False,False,False,0,0,0,0,0,False,False,225.0,41.0,Extra Cover
1630472,29,3.07,4,0,0,89,5,4,76092,,39423,County Championship Division Two 2026,2,38,Middlesex Men,41,Kent Men,8707811,2026-08-21T13:56:53Z,4,172,False,,,,248,Matt Parkinson,7092,Joe Cracknell,39,Ryan Higgins,Right,0,0,0,0,,BackOfALength,OutsideOff,,None,BackFoot,Drive,LegSpinner,Over,LegSpin,Right,Null,NotReferred,Null,False,False,False,False,False,True,,False,False,False,False,False,False,0,0,0,0,0,False,False,214.0,51.0,Extra Cover
1630472,29,3.07,4,0,0,89,5,4,76092,,39423,County Championship Division Two 2026,2,38,Middlesex Men,41,Kent Men,8707813,2026-08-21T13:57:11Z,5,173,False,,,,248,Matt Parkinson,7092,Joe Cracknell,39,Ryan Higgins,Right,4,0,4,4,,LengthBall,OutsideOff,,Middled,DownTheTrack,Drive,LegSpinner,Over,LegSpin,Right,Null,NotReferred,Null,False,False,False,False,True,True,,False,False,False,False,False,False,4,0,0,0,0,True,False,227.0,177.0,
1630472,29,3.07,4,0,0,89,5,4,76092,,39423,County Championship Division Two 2026,2,38,Middlesex Men,41,Kent Men,8707821,2026-08-21T13:57:40Z,6,174,False,,,,248,Matt Parkinson,7092,Joe Cracknell,39,Ryan Higgins,Right,0,0,0,0,,LengthBall,OutsideOff,,Left,NoMovement,Leave,Slider,Over,LegSpin,Right,Null,NotReferred,Null,False,False,False,False,False,True,,False,False,False,False,False,False,0,0,0,0,0,False,False,,,Wicketkeeper
1630478,30,3.2,7,0,0,96,5,7,76092,,39423,County Championship Division Two 2026,2,38,Middlesex Men,41,Kent Men,8707832,2026-08-21T13:58:25Z,1,175,False,,,,13941,Ekansh Singh,39,Ryan Higgins,7092,Joe Cracknell,Right,1,0,1,1,,LengthBall,OutsideOff,,None,BackFoot,Dropped,NoMovement,Over,Medium,Right,Null,NotReferred,Null,False,False,False,False,False,True,,False,False,False,False,False,False,1,0,0,0,0,False,False,209.0,42.0,Cover
1630478,30,3.2,7,0,0,96,5,7,76092,,39423,County Championship Division Two 2026,2,38,Middlesex Men,41,Kent Men,8707840,2026-08-21T13:59:01Z,2,176,False,,,,13941,Ekansh Singh,7092,Joe Cracknell,39,Ryan Higgins,Right,4,0,4,4,,HalfVolley,OutsideOff,,WellTimed,FrontFoot,Drive,NoMovement,Over,Medium,Right,Null,NotReferred,Null,False,False,False,False,False,True,,False,False,False,False,False,False,4,0,0,0,0,True,False,230.0,178.0,Mid Off
1630478,30,3.2,7,0,0,96,5,7,76092,,39423,County Championship Division Two 2026,2,38,Middlesex Men,41,Kent Men,8707848,2026-08-21T13:59:46Z,3,177,False,,,,13941,Ekansh Singh,7092,Joe Cracknell,39,Ryan Higgins,Right,0,0,0,0,,LengthBall,OutsideOff,,Left,NoMovement,Leave,NoMovement,Over,Medium,Right,Null,NotReferred,Null,False,False,False,False,False,True,,False,False,False,False,False,False,0,0,0,0,0,False,False,,,Wicketkeeper
1630478,30,3.2,7,0,0,96,5,7,76092,,39423,County Championship Division Two 2026,2,38,Middlesex Men,41,Kent Men,8707862,2026-08-21T14:00:19Z,4,178,False,,,,13941,Ekansh Singh,7092,Joe Cracknell,39,Ryan Higgins,Right,1,0,1,1,,LengthBall,OutsideOff,,InsideEdge,FrontFoot,ForwardDefensive,NoMovement,Over,Medium,Right,Null,NotReferred,Null,False,False,False,False,False,True,,False,False,False,False,False,False,1,0,0,0,0,False,False,63.0,69.0,Short Fine Leg
1630478,30,3.2,7,0,0,96,5,7,76092,,39423,County Championship Division Two 2026,2,38,Middlesex Men,41,Kent Men,8707869,2026-08-21T14:01:01Z,5,179,False,,,,13941,Ekansh Singh,39,Ryan Higgins,7092,Joe Cracknell,Right,0,0,0,0,,LengthBall,OutsideOff,,ShouldersArms,NoMovement,ShouldersArms,NoMovement,Over,Medium,Right,Null,NotReferred,Null,False,False,False,False,False,True,,False,False,False,False,False,False,0,0,0,0,0,False,False,,,Wicketkeeper
1630478,30,3.2,7,0,0,96,5,7,76092,,39423,County Championship Division Two 2026,2,38,Middlesex Men,41,Kent Men,8707880,2026-08-21T14:01:37Z,6,180,False,,,,13941,Ekansh Singh,39,Ryan Higgins,7092,Joe Cracknell,Right,1,0,1,1,,BackOfALength,OutsideOff,,WellTimed,BackFoot,Cut,NoMovement,Over,Medium,Right,Null,NotReferred,Null,False,False,False,False,False,True,,False,False,False,False,False,False,1,0,0,0,0,False,False,190.0,126.0,Deep Cover
1630488,31,3.16,2,0,0,98,5,2,76092,,39423,County Championship Division Two 2026,2,38,Middlesex Men,41,Kent Men,8707889,2026-08-21T14:02:31Z,1,181,False,,,,248,Matt Parkinson,39,Ryan Higgins,7092,Joe Cracknell,Right,1,0,1,1,,LengthBall,OffStump,,None,FrontFoot,Pushed,LegSpinner,Over,LegSpin,Right,Null,NotReferred,Null,False,False,False,False,False,True,,False,False,False,False,False,False,1,0,0,0,0,False,False,209.0,47.0,Cover
1630488,31,3.16,2,0,0,98,5,2,76092,,39423,County Championship Division Two 2026,2,38,Middlesex Men,41,Kent Men,8707896,2026-08-21T14:02:56Z,2,182,False,,,,248,Matt Parkinson,7092,Joe Cracknell,39,Ryan Higgins,Right,0,0,0,0,,LengthBall,OffStump,,None,FrontFoot,ForwardDefensive,LegSpinner,Over,LegSpin,Right,Null,NotReferred,Null,False,False,False,False,False,True,,False,False,False,False,False,False,0,0,0,0,0,False,False,224.0,48.0,Extra Cover
1630488,31,3.16,2,0,0,98,5,2,76092,,39423,County Championship Division Two 2026,2,38,Middlesex Men,41,Kent Men,8707898,2026-08-21T14:03:14Z,3,183,False,,,,248,Matt Parkinson,7092,Joe Cracknell,39,Ryan Higgins,Right,0,0,0,0,,LengthBall,OutsideOff,,None,BackFoot,Drive,LegSpinner,Over,LegSpin,Right,Null,NotReferred,Null,False,False,False,False,False,True,,False,False,False,False,False,False,0,0,0,0,0,False,False,218.0,45.0,Extra Cover
1630488,31,3.16,2,0,0,98,5,2,76092,,39423,County Championship Division Two 2026,2,38,Middlesex Men,41,Kent Men,8707905,2026-08-21T14:03:31Z,4,184,False,,,,248,Matt Parkinson,7092,Joe Cracknell,39,Ryan Higgins,Right,1,0,1,1,,HalfVolley,LegStump,,WellTimed,FrontFoot,Worked,LegSpinner,Over,LegSpin,Right,Null,NotReferred,Null,False,False,False,False,False,True,,False,False,False,False,False,False,1,0,0,0,0,False,False,344.0,117.0,Deep Square Leg
1630488,31,3.16,2,0,0,98,5,2,76092,,39423,County Championship Division Two 2026,2,38,Middlesex Men,41,Kent Men,8707908,2026-08-21T14:03:56Z,5,185,False,,,,248,Matt Parkinson,39,Ryan Higgins,7092,Joe Cracknell,Right,0,0,0,0,,LengthBall,LegStump,,LeadingEdge,FrontFoot,Worked,LegSpinner,Over,LegSpin,Right,Null,NotReferred,Null,False,False,False,False,False,True,,False,False,False,False,False,False,0,0,0,0,0,False,False,283.0,37.0,Bowler
1630488,31,3.16,2,0,0,98,5,2,76092,,39423,County Championship Division Two 2026,2,38,Middlesex Men,41,Kent Men,8707914,2026-08-21T14:04:15Z,6,186,False,,,,248,Matt Parkinson,39,Ryan Higgins,7092,Joe Cracknell,Right,0,0,0,0,,LengthBall,OutsideOff,,None,FrontFoot,Drive,LegSpinner,Over,LegSpin,Right,Null,NotReferred,Null,False,False,False,False,False,True,,False,False,False,False,False,False,0,0,0,0,0,False,False,221.0,42.0,Extra Cover
1630495,32,3.28,7,0,0,105,5,7,76092,,39423,County Championship Division Two 2026,2,38,Middlesex Men,41,Kent Men,8707926,2026-08-21T14:05:20Z,1,187,False,,,,13941,Ekansh Singh,7092,Joe Cracknell,39,Ryan Higgins,Right,0,0,0,0,,LengthBall,OffStump,,None,BackFoot,Worked,NoMovement,Over,Medium,Right,Null,NotReferred,Null,False,False,False,False,False,True,,False,False,False,False,False,False,0,0,0,0,0,False,False,337.0,69.0,Square Leg
1630495,32,3.28,7,0,0,105,5,7,76092,,39423,County Championship Division Two 2026,2,38,Middlesex Men,41,Kent Men,8707934,2026-08-21T14:05:57Z,2,188,False,,,,13941,Ekansh Singh,7092,Joe Cracknell,39,Ryan Higgins,Right,0,0,0,0,,LengthBall,OutsideOff,,Left,NoMovement,Leave,NoMovement,Over,Medium,Right,Null,NotReferred,Null,False,False,False,False,False,True,,False,False,False,False,False,False,0,0,0,0,0,False,False,,,Wicketkeeper
1630495,32,3.28,7,0,0,105,5,7,76092,,39423,County Championship Division Two 2026,2,38,Middlesex Men,41,Kent Men,8707942,2026-08-21T14:06:30Z,3,189,False,,,,13941,Ekansh Singh,7092,Joe Cracknell,39,Ryan Higgins,Right,6,0,6,6,,LengthBall,OffStump,,Middled,BackFoot,Pull,NoMovement,Over,Medium,Right,Null,NotReferred,Null,False,False,False,False,True,True,,False,False,False,False,False,False,6,0,0,0,0,True,False,348.0,172.0,
1630495,32,3.28,7,0,0,105,5,7,76092,,39423,County Championship Division Two 2026,2,38,Middlesex Men,41,Kent Men,8707979,2026-08-21T14:09:31Z,4,190,False,,,,13941,Ekansh Singh,7092,Joe Cracknell,39,Ryan Higgins,Right,1,0,1,1,,LengthBall,OutsideOff,,None,FrontFoot,Pushed,NoMovement,Over,Medium,Right,Null,NotReferred,Null,False,False,False,False,False,True,,False,False,False,False,False,False,1,0,0,0,0,False,False,206.0,50.0,Cover
1630495,32,3.28,7,0,0,105,5,7,76092,,39423,County Championship Division Two 2026,2,38,Middlesex Men,41,Kent Men,8707988,2026-08-21T14:10:09Z,5,191,False,,,,13941,Ekansh Singh,39,Ryan Higgins,7092,Joe Cracknell,Right,0,0,0,0,,LengthBall,OffStump,,None,BackFoot,Pushed,NoMovement,Over,Medium,Right,Null,NotReferred,Null,False,False,False,False,False,True,,False,False,False,False,False,False,0,0,0,0,0,False,False,283.0,71.0,Mid On
1630495,32,3.28,7,0,0,105,5,7,76092,,39423,County Championship Division Two 2026,2,38,Middlesex Men,41,Kent Men,8707997,2026-08-21T14:10:43Z,6,192,False,,,,13941,Ekansh Singh,39,Ryan Higgins,7092,Joe Cracknell,Right,0,0,0,0,,LengthBall,OutsideOff,,Missed,BackFoot,BackwardDefensive,SeamAway,Over,Medium,Right,Null,NotReferred,Null,False,False,False,False,False,True,,False,False,False,False,False,False,0,0,0,0,0,False,False,,,Wicketkeeper
1630511,33,3.3,4,0,0,109,5,4,76092,,39423,County Championship Division Two 2026,2,38,Middlesex Men,41,Kent Men,8708020,2026-08-21T14:12:29Z,1,193,False,,,,3730,Keith Dudgeon,7092,Joe Cracknell,39,Ryan Higgins,Right,1,0,1,1,,HalfVolley,MiddleStump,,WellTimed,FrontFoot,Flick,NoMovement,Over,FastSeam,Right,Null,NotReferred,Null,False,False,False,False,False,True,,False,False,False,False,False,False,1,0,0,0,0,False,False,62.0,132.0,Fine Leg
1630511,33,3.3,4,0,0,109,5,4,76092,,39423,County Championship Division Two 2026,2,38,Middlesex Men,41,Kent Men,8708027,2026-08-21T14:13:08Z,2,194,False,,,,3730,Keith Dudgeon,39,Ryan Higgins,7092,Joe Cracknell,Right,0,0,0,0,,HalfVolley,OffStump,,WellTimed,FrontFoot,Pushed,NoMovement,Over,FastSeam,Right,Null,NotReferred,Null,False,False,False,False,False,True,,False,False,False,False,False,False,0,0,0,0,0,False,False,250.0,81.0,Mid Off
1630511,33,3.3,4,0,0,109,5,4,76092,,39423,County Championship Division Two 2026,2,38,Middlesex Men,41,Kent Men,8708034,2026-08-21T14:13:38Z,3,195,False,,,,3730,Keith Dudgeon,39,Ryan Higgins,7092,Joe Cracknell,Right,3,0,3,3,,LengthBall,OffStump,,WellTimed,FrontFoot,Worked,NoMovement,Over,FastSeam,Right,Null,NotReferred,Null,False,False,False,False,False,True,,False,False,False,False,False,False,3,0,0,0,0,False,False,307.0,146.0,Deep Mid Wicket
1630511,33,3.3,4,0,0,109,5,4,76092,,39423,County Championship Division Two 2026,2,38,Middlesex Men,41,Kent Men,8708047,2026-08-21T14:14:41Z,4,196,False,,,,3730,Keith Dudgeon,7092,Joe Cracknell,39,Ryan Higgins,Right,0,0,0,0,,LengthBall,OutsideOff,,None,FrontFoot,ForwardDefensive,NoMovement,Over,FastSeam,Right,Null,NotReferred,Null,False,False,False,False,False,True,,False,False,False,False,False,False,0,0,0,0,0,False,False,228.0,45.0,Extra Cover
1630511,33,3.3,4,0,0,109,5,4,76092,,39423,County Championship Division Two 2026,2,38,Middlesex Men,41,Kent Men,8708054,2026-08-21T14:15:25Z,5,197,False,,,,3730,Keith Dudgeon,7092,Joe Cracknell,39,Ryan Higgins,Right,0,0,0,0,,LengthBall,OutsideOff,,Missed,NoMovement,Cut,NoMovement,Over,FastSeam,Right,Null,NotReferred,Null,False,False,False,False,False,True,,False,False,False,False,False,False,0,0,0,0,0,False,False,,,Wicketkeeper
1630511,33,3.3,4,0,0,109,5,4,76092,,39423,County Championship Division Two 2026,2,38,Middlesex Men,41,Kent Men,8708061,2026-08-21T14:15:59Z,6,198,False,,,,3730,Keith Dudgeon,7092,Joe Cracknell,39,Ryan Higgins,Right,0,0,0,0,,LengthBall,OffStump,,None,BackFoot,Worked,NoMovement,Over,FastSeam,Right,Null,NotReferred,Null,False,False,False,False,False,True,,False,False,False,False,False,False,0,0,0,0,0,False,False,334.0,62.0,Square Leg
1630519,34,3.44,8,0,0,117,5,8,76092,,39423,County Championship Division Two 2026,2,38,Middlesex Men,41,Kent Men,8708073,2026-08-21T14:16:55Z,1,199,False,,,,13941,Ekansh Singh,39,Ryan Higgins,7092,Joe Cracknell,Right,4,0,4,4,,HalfVolley,MiddleStump,,WellTimed,FrontFoot,Flick,NoMovement,Over,Medium,Right,Null,NotReferred,Null,False,False,False,False,False,True,,False,False,False,False,False,False,4,0,0,0,0,True,False,318.0,177.0,
1630519,34,3.44,8,0,0,117,5,8,76092,,39423,County Championship Division Two 2026,2,38,Middlesex Men,41,Kent Men,8708087,2026-08-21T14:17:43Z,2,200,False,,,,13941,Ekansh Singh,39,Ryan Higgins,7092,Joe Cracknell,Right,1,0,1,1,,LengthBall,OffStump,,Middled,BackFoot,Pull,NoMovement,Over,Medium,Right,Null,NotReferred,Null,False,False,False,False,False,True,,False,False,False,False,False,False,1,0,0,0,0,False,False,22.0,131.0,Deep Backward Square Leg
1630519,34,3.44,8,0,0,117,5,8,76092,,39423,County Championship Division Two 2026,2,38,Middlesex Men,41,Kent Men,8708099,2026-08-21T14:18:27Z,3,201,False,,,,13941,Ekansh Singh,7092,Joe Cracknell,39,Ryan Higgins,Right,1,0,1,1,,LengthBall,OffStump,,None,BackFoot,Pushed,NoMovement,Over,Medium,Right,Null,NotReferred,Null,False,False,False,False,False,True,,False,False,False,False,False,False,1,0,0,0,0,False,False,291.0,59.0,Mid On
1630519,34,3.44,8,0,0,117,5,8,76092,,39423,County Championship Division Two 2026,2,38,Middlesex Men,41,Kent Men,8708107,2026-08-21T14:19:07Z,4,202,False,,,,13941,Ekansh Singh,39,Ryan Higgins,7092,Joe Cracknell,Right,0,0,0,0,,LengthBall,OutsideOff,,None,BackFoot,BackwardDefensive,NoMovement,Over,Medium,Right,Null,NotReferred,Null,False,False,False,False,False,True,,False,False,False,False,False,False,0,0,0,0,0,False,False,282.0,83.0,Mid On
1630519,34,3.44,8,0,0,117,5,8,76092,,39423,County Championship Division Two 2026,2,38,Middlesex Men,41,Kent Men,8708112,2026-08-21T14:19:42Z,5,203,False,,,,13941,Ekansh Singh,39,Ryan Higgins,7092,Joe Cracknell,Right,0,0,0,0,,HalfVolley,OutsideOff,,WellTimed,FrontFoot,Drive,NoMovement,Over,Medium,Right,Null,NotReferred,Null,False,False,False,False,False,True,,False,False,False,False,False,False,0,0,0,0,0,False,False,217.0,59.0,Extra Cover
1630519,34,3.44,8,0,0,117,5,8,76092,,39423,County Championship Division Two 2026,2,38,Middlesex Men,41,Kent Men,8708123,2026-08-21T14:20:19Z,6,204,False,,,,13941,Ekansh Singh,39,Ryan Higgins,7092,Joe Cracknell,Right,2,0,2,2,,LengthBall,OffStump,,WellTimed,BackFoot,Worked,NoMovement,Over,Medium,Right,Null,NotReferred,Null,False,False,False,False,False,True,,False,False,False,False,False,False,2,0,0,0,0,False,False,18.0,152.0,Deep Backward Square Leg
1630529,35,3.37,1,0,0,118,5,1,76092,,39423,County Championship Division Two 2026,2,38,Middlesex Men,41,Kent Men,8708138,2026-08-21T14:21:30Z,1,205,False,,,,3730,Keith Dudgeon,7092,Joe Cracknell,39,Ryan Higgins,Right,0,0,0,0,,HalfVolley,OffStump,,None,FrontFoot,Drive,NoMovement,Over,FastSeam,Right,Null,NotReferred,Null,False,False,False,False,False,True,,False,False,False,False,False,False,0,0,0,0,0,False,False,284.0,83.0,Mid On
1630529,35,3.37,1,0,0,118,5,1,76092,,39423,County Championship Division Two 2026,2,38,Middlesex Men,41,Kent Men,8708144,2026-08-21T14:22:02Z,2,206,False,,,,3730,Keith Dudgeon,7092,Joe Cracknell,39,Ryan Higgins,Right,0,0,0,0,,HalfVolley,OutsideOff,,WellTimed,FrontFoot,Drive,NoMovement,Over,FastSeam,Right,Null,NotReferred,Null,False,False,False,False,False,True,,False,False,False,False,False,False,0,0,0,0,0,False,False,262.0,42.0,Bowler
1630529,35,3.37,1,0,0,118,5,1,76092,,39423,County Championship Division Two 2026,2,38,Middlesex Men,41,Kent Men,8708154,2026-08-21T14:22:38Z,3,207,False,,,,3730,Keith Dudgeon,7092,Joe Cracknell,39,Ryan Higgins,Right,1,0,1,1,,LengthBall,OffStump,,Gloved,BackFoot,Worked,NoMovement,Over,FastSeam,Right,Null,NotReferred,Null,False,False,False,False,False,True,,False,False,False,False,False,False,1,0,0,0,0,False,False,339.0,41.0,Square Leg
1630529,35,3.37,1,0,0,118,5,1,76092,,39423,County Championship Division Two 2026,2,38,Middlesex Men,41,Kent Men,8708159,2026-08-21T14:23:10Z,4,208,False,,,,3730,Keith Dudgeon,39,Ryan Higgins,7092,Joe Cracknell,Right,0,0,0,0,,HalfVolley,OutsideOff,,None,FrontFoot,Drive,NoMovement,Over,FastSeam,Right,Null,NotReferred,Null,False,False,False,False,False,True,,False,False,False,False,False,False,0,0,0,0,0,False,False,213.0,56.0,Extra Cover
1630529,35,3.37,1,0,0,118,5,1,76092,,39423,County Championship Division Two 2026,2,38,Middlesex Men,41,Kent Men,8708167,2026-08-21T14:23:44Z,5,209,False,,,,3730,Keith Dudgeon,39,Ryan Higgins,7092,Joe Cracknell,Right,0,0,0,0,,Yorker,OffStump,,None,FrontFoot,Pushed,NoMovement,Over,FastSeam,Right,Null,NotReferred,Null,False,False,False,False,False,True,,False,False,False,False,False,False,0,0,0,0,0,False,False,269.0,42.0,Bowler
1630529,35,3.37,1,0,0,118,5,1,76092,,39423,County Championship Division Two 2026,2,38,Middlesex Men,41,Kent Men,8708177,2026-08-21T14:24:18Z,6,210,False,,,,3730,Keith Dudgeon,39,Ryan Higgins,7092,Joe Cracknell,Right,0,0,0,0,,HalfVolley,OutsideOff,,WellTimed,FrontFoot,Drive,NoMovement,Over,FastSeam,Right,Null,NotReferred,Null,False,False,False,False,False,True,,False,False,False,False,False,False,0,0,0,0,0,False,False,245.0,80.0,Mid Off
1630540,36,3.5,8,1,0,126,6,8,76092,,39423,County Championship Division Two 2026,2,38,Middlesex Men,41,Kent Men,8708203,2026-08-21T14:26:12Z,1,211,False,,,,527,Matt Quinn,7092,Joe Cracknell,39,Ryan Higgins,Right,0,0,0,0,,HalfVolley,OutsideOff,,MisTimed,FrontFoot,Drive,NoMovement,Over,Medium,Right,Null,NotReferred,Null,False,False,False,False,False,True,,False,False,False,False,False,False,0,0,0,0,0,False,False,283.0,73.0,Mid On
1630540,36,3.5,8,1,0,126,6,8,76092,,39423,County Championship Division Two 2026,2,38,Middlesex Men,41,Kent Men,8708208,2026-08-21T14:26:48Z,2,212,False,,,,527,Matt Quinn,7092,Joe Cracknell,39,Ryan Higgins,Right,4,0,4,4,,LengthBall,OutsideOff,,WellTimed,BackFoot,Cut,NoMovement,Over,Medium,Right,Null,NotReferred,Null,False,False,False,False,False,True,,False,False,False,False,False,False,4,0,0,0,0,True,False,139.0,163.0,
1630540,36,3.5,8,1,0,126,6,8,76092,,39423,County Championship Division Two 2026,2,38,Middlesex Men,41,Kent Men,8708220,2026-08-21T14:27:35Z,3,213,False,,,,527,Matt Quinn,7092,Joe Cracknell,39,Ryan Higgins,Right,0,0,0,0,,LengthBall,OffStump,,None,FrontFoot,Worked,NoMovement,Over,Medium,Right,Null,NotReferred,Null,False,False,False,False,False,True,,False,False,False,False,False,False,0,0,0,0,0,False,False,284.0,66.0,Mid On
1630540,36,3.5,8,1,0,126,6,8,76092,,39423,County Championship Division Two 2026,2,38,Middlesex Men,41,Kent Men,8708233,2026-08-21T14:28:12Z,4,214,True,Caught,7092.0,Joe Cracknell,527,Matt Quinn,7092,Joe Cracknell,39,Ryan Higgins,Right,0,0,0,0,Caught,LengthBall,OutsideOff,Caught,OutsideEdge,NoMovement,Cut,NoMovement,Over,Medium,Right,Null,NotReferred,Null,False,False,False,False,False,True,1890.0,False,False,False,False,False,False,0,0,0,0,0,False,False,100.0,19.0,Wicketkeeper
1630540,36,3.5,8,1,0,126,6,8,76092,,39423,County Championship Division Two 2026,2,38,Middlesex Men,41,Kent Men,8708263,2026-08-21T14:30:37Z,5,215,False,,,,527,Matt Quinn,4202,Zafar Gohar,39,Ryan Higgins,Left,0,4,4,0,,LengthBall,OffStump,,HitPad,BackFoot,Glance,NoMovement,Round,Medium,Right,Null,NotReferred,Null,False,False,False,True,False,True,,False,False,False,False,False,False,4,0,0,4,0,False,False,,,
1630540,36,3.5,8,1,0,126,6,8,76092,,39423,County Championship Division Two 2026,2,38,Middlesex Men,41,Kent Men,8708276,2026-08-21T14:31:33Z,6,216,False,,,,527,Matt Quinn,4202,Zafar Gohar,39,Ryan Higgins,Left,0,0,0,0,,LengthBall,OutsideOff,,WellTimed,FrontFoot,ForwardDefensive,NoMovement,Round,Medium,Right,Null,NotReferred,Null,False,False,False,False,False,True,,False,False,False,False,False,False,0,0,0,0,0,False,False,269.0,39.0,Bowler
1630555,37,3.62,8,0,0,134,6,8,76092,,39423,County Championship Division Two 2026,2,38,Middlesex Men,41,Kent Men,8708286,2026-08-21T14:32:27Z,1,217,False,,,,3730,Keith Dudgeon,39,Ryan Higgins,4202,Zafar Gohar,Right,0,0,0,0,,HalfVolley,OffStump,,None,FrontFoot,Drive,NoMovement,Over,FastSeam,Right,Null,NotReferred,Null,False,False,False,False,False,True,,False,False,False,False,False,False,0,0,0,0,0,False,False,280.0,81.0,Mid On
1630555,37,3.62,8,0,0,134,6,8,76092,,39423,County Championship Division Two 2026,2,38,Middlesex Men,41,Kent Men,8708293,2026-08-21T14:32:59Z,2,218,False,,,,3730,Keith Dudgeon,39,Ryan Higgins,4202,Zafar Gohar,Right,4,0,4,4,,HalfVolley,OffStump,,Middled,FrontFoot,Flick,NoMovement,Over,FastSeam,Right,Null,NotReferred,Null,False,False,False,False,False,True,,False,False,False,False,False,False,4,0,0,0,0,True,False,11.0,168.0,
1630555,37,3.62,8,0,0,134,6,8,76092,,39423,County Championship Division Two 2026,2,38,Middlesex Men,41,Kent Men,8708304,2026-08-21T14:33:50Z,3,219,False,,,,3730,Keith Dudgeon,39,Ryan Higgins,4202,Zafar Gohar,Right,0,0,0,0,,HalfVolley,OutsideOff,,None,FrontFoot,ForwardDefensive,NoMovement,Over,FastSeam,Right,Null,NotReferred,Null,False,False,False,False,False,True,,False,False,False,False,False,False,0,0,0,0,0,False,False,248.0,38.0,Bowler
1630555,37,3.62,8,0,0,134,6,8,76092,,39423,County Championship Division Two 2026,2,38,Middlesex Men,41,Kent Men,8708310,2026-08-21T14:34:22Z,4,220,False,,,,3730,Keith Dudgeon,39,Ryan Higgins,4202,Zafar Gohar,Right,0,0,0,0,,HalfVolley,OutsideOff,,WellTimed,FrontFoot,Drive,NoMovement,Over,FastSeam,Right,Null,NotReferred,Null,False,False,False,False,False,True,,False,False,False,False,False,False,0,0,0,0,0,False,False,216.0,47.0,Extra Cover
1630555,37,3.62,8,0,0,134,6,8,76092,,39423,County Championship Division Two 2026,2,38,Middlesex Men,41,Kent Men,8708317,2026-08-21T14:34:52Z,5,221,False,,,,3730,Keith Dudgeon,39,Ryan Higgins,4202,Zafar Gohar,Right,4,0,4,4,,Short,OutsideOff,,None,BackFoot,Pull,NoMovement,Over,FastSeam,Right,Null,NotReferred,Null,False,False,False,False,True,True,,False,False,False,False,False,False,4,0,0,0,0,True,False,329.0,175.0,
1630555,37,3.62,8,0,0,134,6,8,76092,,39423,County Championship Division Two 2026,2,38,Middlesex Men,41,Kent Men,8708323,2026-08-21T14:35:38Z,6,222,False,,,,3730,Keith Dudgeon,39,Ryan Higgins,4202,Zafar Gohar,Right,0,0,0,0,,Short,OutsideOff,,Left,NoMovement,Leave,NoMovement,Over,FastSeam,Right,Null,NotReferred,Null,False,False,False,False,False,True,,False,False,False,False,False,False,0,0,0,0,0,False,False,,,Wicketkeeper
1630565,38,3.53,0,0,0,134,6,0,76092,,39423,County Championship Division Two 2026,2,38,Middlesex Men,41,Kent Men,8708336,2026-08-21T14:36:49Z,1,223,False,,,,527,Matt Quinn,4202,Zafar Gohar,39,Ryan Higgins,Left,0,0,0,0,,LengthBall,OffStump,,None,BackFoot,BackwardDefensive,NoMovement,Round,Medium,Right,Null,NotReferred,Null,False,False,False,False,False,True,,False,False,False,False,False,False,0,0,0,0,0,False,False,216.0,47.0,Mid Wicket
1630565,38,3.53,0,0,0,134,6,0,76092,,39423,County Championship Division Two 2026,2,38,Middlesex Men,41,Kent Men,8708348,2026-08-21T14:37:24Z,2,224,False,,,,527,Matt Quinn,4202,Zafar Gohar,39,Ryan Higgins,Left,0,0,0,0,,Short,OutsideOff,,Spliced,BackFoot,Fended,NoMovement,Round,Medium,Right,Null,NotReferred,Null,False,False,False,False,False,True,,False,False,False,False,False,False,0,0,0,0,0,False,True,42.0,22.0,Gully
1630565,38,3.53,0,0,0,134,6,0,76092,,39423,County Championship Division Two 2026,2,38,Middlesex Men,41,Kent Men,8708353,2026-08-21T14:38:08Z,3,225,False,,,,527,Matt Quinn,4202,Zafar Gohar,39,Ryan Higgins,Left,0,0,0,0,,LengthBall,OutsideOff,,MisTimed,FrontFoot,Drive,NoMovement,Round,Medium,Right,Null,NotReferred,Null,False,False,False,False,False,True,,False,False,False,False,False,False,0,0,0,0,0,False,False,282.0,39.0,Bowler
1630565,38,3.53,0,0,0,134,6,0,76092,,39423,County Championship Division Two 2026,2,38,Middlesex Men,41,Kent Men,8708361,2026-08-21T14:38:46Z,4,226,False,,,,527,Matt Quinn,4202,Zafar Gohar,39,Ryan Higgins,Left,0,0,0,0,,Short,OutsideOff,,HitHelmet,BackFoot,Pull,NoMovement,Round,Medium,Right,Null,NotReferred,Null,False,False,False,False,False,True,,False,False,False,False,False,False,0,0,0,0,0,False,False,,,Bowler
1630565,38,3.53,0,0,0,134,6,0,76092,,39423,County Championship Division Two 2026,2,38,Middlesex Men,41,Kent Men,8708392,2026-08-21T14:41:59Z,5,227,False,,,,527,Matt Quinn,4202,Zafar Gohar,39,Ryan Higgins,Left,0,0,0,0,,HalfVolley,OutsideOff,,None,FrontFoot,Drive,NoMovement,Round,Medium,Right,Null,NotReferred,Null,False,False,False,False,False,True,,False,False,False,False,False,False,0,0,0,0,0,False,False,289.0,91.0,Mid Off
1630565,38,3.53,0,0,0,134,6,0,76092,,39423,County Championship Division Two 2026,2,38,Middlesex Men,41,Kent Men,8708403,2026-08-21T14:42:46Z,6,228,False,,,,527,Matt Quinn,4202,Zafar Gohar,39,Ryan Higgins,Left,0,0,0,0,,LengthBall,OffStump,,None,FrontFoot,Pushed,NoMovement,Over,Medium,Right,Null,NotReferred,Null,False,False,False,False,False,True,,False,False,False,False,False,False,0,0,0,0,0,False,False,313.0,57.0,Extra Cover
1630575,39,3.64,8,1,0,142,7,8,76092,,39423,County Championship Division Two 2026,2,38,Middlesex Men,41,Kent Men,8708410,2026-08-21T14:43:49Z,1,229,False,,,,154,Matt Milnes,39,Ryan Higgins,4202,Zafar Gohar,Right,4,0,4,4,,LengthBall,Wide,,Middled,BackFoot,Cut,NoMovement,Over,FastSeam,Right,Null,NotReferred,Null,False,False,False,False,False,True,,False,False,False,False,False,False,4,0,0,0,0,True,False,200.0,173.0,
1630575,39,3.64,8,1,0,142,7,8,76092,,39423,County Championship Division Two 2026,2,38,Middlesex Men,41,Kent Men,8708422,2026-08-21T14:44:34Z,2,230,True,Bowled,39.0,Ryan Higgins,154,Matt Milnes,39,Ryan Higgins,4202,Zafar Gohar,Right,0,0,0,0,Bowled,LengthBall,OutsideOff,Bowled,ShouldersArms,NoMovement,ShouldersArms,SeamIn,Over,FastSeam,Right,Null,NotReferred,Null,False,False,False,False,False,True,1808.0,False,False,False,False,False,False,0,0,0,0,0,False,False,,,
1630575,39,3.64,8,1,0,142,7,8,76092,,39423,County Championship Division Two 2026,2,38,Middlesex Men,41,Kent Men,8708434,2026-08-21T14:46:32Z,3,231,False,,,,154,Matt Milnes,2625,Eathan Bosch,4202,Zafar Gohar,Right,0,0,0,0,,LengthBall,OutsideOff,,Missed,FrontFoot,ForwardDefensive,SeamAway,Over,FastSeam,Right,Null,NotReferred,Null,False,False,False,False,False,True,,False,False,False,False,False,False,0,0,0,0,0,False,False,,,Wicketkeeper
1630575,39,3.64,8,1,0,142,7,8,76092,,39423,County Championship Division Two 2026,2,38,Middlesex Men,41,Kent Men,8708442,2026-08-21T14:47:05Z,4,232,False,,,,154,Matt Milnes,2625,Eathan Bosch,4202,Zafar Gohar,Right,0,0,0,0,,LengthBall,OutsideOff,,Missed,BackFoot,BackwardDefensive,SeamIn,Over,FastSeam,Right,Null,NotReferred,Null,False,False,False,False,False,True,,False,False,False,False,False,False,0,0,0,0,0,False,False,,,Wicketkeeper
1630575,39,3.64,8,1,0,142,7,8,76092,,39423,County Championship Division Two 2026,2,38,Middlesex Men,41,Kent Men,8708449,2026-08-21T14:47:41Z,5,233,False,,,,154,Matt Milnes,2625,Eathan Bosch,4202,Zafar Gohar,Right,0,4,4,0,,LengthBall,OffStump,,HitPad,BackFoot,Glance,SeamIn,Over,FastSeam,Right,Null,NotReferred,Null,False,False,False,True,False,True,,False,False,False,False,False,False,4,0,0,4,0,False,False,,,
1630575,39,3.64,8,1,0,142,7,8,76092,,39423,County Championship Division Two 2026,2,38,Middlesex Men,41,Kent Men,8708459,2026-08-21T14:48:58Z,6,234,False,,,,154,Matt Milnes,2625,Eathan Bosch,4202,Zafar Gohar,Right,0,0,0,0,,LengthBall,OutsideOff,,None,BackFoot,BackwardDefensive,SeamIn,Over,FastSeam,Right,Null,NotReferred,Null,False,False,False,False,False,True,,False,False,False,False,False,False,0,0,0,0,0,False,False,264.0,34.0,Bowler
1630586,40,3.67,5,0,0,147,7,5,76092,,39423,County Championship Division Two 2026,2,38,Middlesex Men,41,Kent Men,8708469,2026-08-21T14:50:16Z,1,235,False,,,,527,Matt Quinn,4202,Zafar Gohar,2625,Eathan Bosch,Left,1,0,1,1,,Short,OutsideOff,,None,BackFoot,Dropped,NoMovement,Round,Medium,Right,Null,NotReferred,Null,False,False,False,False,False,True,,False,False,False,False,False,False,1,0,0,0,0,False,False,197.0,51.0,Square Leg
1630586,40,3.67,5,0,0,147,7,5,76092,,39423,County Championship Division Two 2026,2,38,Middlesex Men,41,Kent Men,8708476,2026-08-21T14:51:03Z,2,236,False,,,,527,Matt Quinn,2625,Eathan Bosch,4202,Zafar Gohar,Right,0,0,0,0,,LengthBall,OffStump,,HitPad,FrontFoot,ForwardDefensive,SeamIn,Over,Medium,Right,Null,NotReferred,Null,False,False,False,False,False,True,,False,False,False,False,False,False,0,0,0,0,0,False,False,191.0,43.0,Cover
1630586,40,3.67,5,0,0,147,7,5,76092,,39423,County Championship Division Two 2026,2,38,Middlesex Men,41,Kent Men,8708480,2026-08-21T14:51:39Z,3,237,False,,,,527,Matt Quinn,2625,Eathan Bosch,4202,Zafar Gohar,Right,0,0,0,0,,Short,OutsideOff,,Left,SwayedAway,Leave,NoMovement,Over,Medium,Right,Null,NotReferred,Null,False,False,False,False,False,True,,False,False,False,False,False,False,0,0,0,0,0,False,False,,,Wicketkeeper
1630586,40,3.67,5,0,0,147,7,5,76092,,39423,County Championship Division Two 2026,2,38,Middlesex Men,41,Kent Men,8708486,2026-08-21T14:52:18Z,4,238,False,,,,527,Matt Quinn,2625,Eathan Bosch,4202,Zafar Gohar,Right,4,0,4,4,,Short,OutsideOff,,WellTimed,BackFoot,Pull,NoMovement,Over,Medium,Right,Null,NotReferred,Null,False,False,False,False,False,True,,False,False,False,False,False,False,4,0,0,0,0,True,False,24.0,166.0,
1630586,40,3.67,5,0,0,147,7,5,76092,,39423,County Championship Division Two 2026,2,38,Middlesex Men,41,Kent Men,8708492,2026-08-21T14:53:03Z,5,239,False,,,,527,Matt Quinn,2625,Eathan Bosch,4202,Zafar Gohar,Right,0,0,0,0,,LengthBall,OutsideOff,,HitBody,NoMovement,Leave,SeamIn,Over,Medium,Right,Null,NotReferred,Null,False,False,False,False,False,True,,False,False,False,False,False,False,0,0,0,0,0,False,False,303.0,41.0,Mid Wicket
1630586,40,3.67,5,0,0,147,7,5,76092,,39423,County Championship Division Two 2026,2,38,Middlesex Men,41,Kent Men,8708529,2026-08-21T14:58:25Z,6,240,False,,,,527,Matt Quinn,2625,Eathan Bosch,4202,Zafar Gohar,Right,0,0,0,0,,HalfVolley,OutsideOff,,MisTimed,FrontFoot,Drive,NoMovement,Over,Medium,Right,Null,NotReferred,Null,False,False,False,False,False,True,,False,False,False,False,False,False,0,0,0,0,0,False,False,283.0,78.0,Mid On
1630597,41,3.63,2,1,0,149,8,2,76092,,39423,County Championship Division Two 2026,2,38,Middlesex Men,41,Kent Men,8708541,2026-08-21T14:59:28Z,1,241,True,Lbw,4202.0,Zafar Gohar,154,Matt Milnes,4202,Zafar Gohar,2625,Eathan Bosch,Left,0,0,0,0,LBW,LengthBall,OutsideOff,Lbw,HitPad,FrontFoot,ForwardDefensive,SeamIn,Round,FastSeam,Right,Null,NotReferred,Null,False,False,False,False,False,True,1808.0,False,False,False,False,False,False,0,0,0,0,0,False,False,,,
1630597,41,3.63,2,1,0,149,8,2,76092,,39423,County Championship Division Two 2026,2,38,Middlesex Men,41,Kent Men,8708650,2026-08-21T15:19:56Z,2,242,False,,,,154,Matt Milnes,1739,Toby Roland-Jones,2625,Eathan Bosch,Right,0,0,0,0,,LengthBall,OutsideOff,,Left,NoMovement,Leave,SeamIn,Over,FastSeam,Right,Null,NotReferred,Null,False,False,False,False,False,True,,False,False,False,False,False,False,0,0,0,0,0,False,False,,,Wicketkeeper
1630597,41,3.63,2,1,0,149,8,2,76092,,39423,County Championship Division Two 2026,2,38,Middlesex Men,41,Kent Men,8708654,2026-08-21T15:20:31Z,3,243,False,,,,154,Matt Milnes,1739,Toby Roland-Jones,2625,Eathan Bosch,Right,0,0,0,0,,LengthBall,OutsideOff,,None,DownTheTrack,Pushed,NoMovement,Over,FastSeam,Right,Null,NotReferred,Null,False,False,False,False,False,True,,False,False,False,False,False,False,0,0,0,0,0,False,False,187.0,74.0,Cover
1630597,41,3.63,2,1,0,149,8,2,76092,,39423,County Championship Division Two 2026,2,38,Middlesex Men,41,Kent Men,8708658,2026-08-21T15:21:07Z,4,244,False,,,,154,Matt Milnes,1739,Toby Roland-Jones,2625,Eathan Bosch,Right,2,0,2,2,,LengthBall,OutsideOff,,None,FrontFoot,Pushed,NoMovement,Over,FastSeam,Right,Null,NotReferred,Null,False,False,False,False,False,True,,False,False,False,False,False,False,2,0,0,0,0,False,False,205.0,133.0,Cover
1630597,41,3.63,2,1,0,149,8,2,76092,,39423,County Championship Division Two 2026,2,38,Middlesex Men,41,Kent Men,8708663,2026-08-21T15:21:46Z,5,245,False,,,,154,Matt Milnes,1739,Toby Roland-Jones,2625,Eathan Bosch,Right,0,0,0,0,,LengthBall,OffStump,,MisTimed,FrontFoot,Worked,NoMovement,Over,FastSeam,Right,Null,NotReferred,Null,False,False,False,False,False,True,,False,False,False,False,False,False,0,0,0,0,0,False,False,283.0,79.0,Mid On
1630597,41,3.63,2,1,0,149,8,2,76092,,39423,County Championship Division Two 2026,2,38,Middlesex Men,41,Kent Men,8708668,2026-08-21T15:22:19Z,6,246,False,,,,154,Matt Milnes,1739,Toby Roland-Jones,2625,Eathan Bosch,Right,0,0,0,0,,Short,OutsideOff,,MisTimed,BackFoot,Pull,NoMovement,Over,FastSeam,Right,Null,NotReferred,Null,False,False,False,False,False,True,,False,False,False,False,False,False,0,0,0,0,0,False,False,340.0,43.0,Bowler
1630622,42,3.69,6,0,0,155,8,6,76092,,39423,County Championship Division Two 2026,2,38,Middlesex Men,41,Kent Men,8708681,2026-08-21T15:23:50Z,1,247,False,,,,527,Matt Quinn,2625,Eathan Bosch,1739,Toby Roland-Jones,Right,1,0,1,1,,Short,OutsideOff,,WellTimed,BackFoot,Pull,NoMovement,Over,Medium,Right,Null,NotReferred,Null,False,False,False,False,False,True,,False,False,False,False,False,False,1,0,0,0,0,False,False,47.0,125.0,Fine Leg
1630622,42,3.69,6,0,0,155,8,6,76092,,39423,County Championship Division Two 2026,2,38,Middlesex Men,41,Kent Men,8708690,2026-08-21T15:24:26Z,2,248,False,,,,527,Matt Quinn,1739,Toby Roland-Jones,2625,Eathan Bosch,Right,4,0,4,4,,LengthBall,OffStump,,WellTimed,FrontFoot,Flick,NoMovement,Over,Medium,Right,Null,NotReferred,Null,False,False,False,False,True,True,,False,False,False,False,False,False,4,0,0,0,0,True,False,315.0,177.0,
1630622,42,3.69,6,0,0,155,8,6,76092,,39423,County Championship Division Two 2026,2,38,Middlesex Men,41,Kent Men,8708698,2026-08-21T15:25:09Z,3,249,False,,,,527,Matt Quinn,1739,Toby Roland-Jones,2625,Eathan Bosch,Right,1,0,1,1,,Short,OutsideOff,,WellTimed,BackFoot,Pull,NoMovement,Over,Medium,Right,Null,NotReferred,Null,False,False,False,False,False,True,,False,False,False,False,False,False,1,0,0,0,0,False,False,352.0,141.0,Deep Square Leg
1630622,42,3.69,6,0,0,155,8,6,76092,,39423,County Championship Division Two 2026,2,38,Middlesex Men,41,Kent Men,8708704,2026-08-21T15:25:45Z,4,250,False,,,,527,Matt Quinn,2625,Eathan Bosch,1739,Toby Roland-Jones,Right,0,0,0,0,,BackOfALength,OutsideOff,,None,BackFoot,Dropped,NoMovement,Over,Medium,Right,Null,NotReferred,Null,False,False,False,False,False,True,,False,False,False,False,False,False,0,0,0,0,0,False,False,157.0,30.0,Backward Point
1630622,42,3.69,6,0,0,155,8,6,76092,,39423,County Championship Division Two 2026,2,38,Middlesex Men,41,Kent Men,8708715,2026-08-21T15:26:24Z,5,251,False,,,,527,Matt Quinn,2625,Eathan Bosch,1739,Toby Roland-Jones,Right,0,0,0,0,,LengthBall,OutsideOff,,None,BackFoot,Pushed,NoMovement,Over,Medium,Right,Null,NotReferred,Null,False,False,False,False,False,True,,False,False,False,False,False,False,0,0,0,0,0,False,False,280.0,81.0,Mid On
1630622,42,3.69,6,0,0,155,8,6,76092,,39423,County Championship Division Two 2026,2,38,Middlesex Men,41,Kent Men,8708722,2026-08-21T15:26:58Z,6,252,False,,,,527,Matt Quinn,2625,Eathan Bosch,1739,Toby Roland-Jones,Right,0,0,0,0,,LengthBall,OutsideOff,,OutsideEdge,NoMovement,Pushed,NoMovement,Over,Medium,Right,Null,NotReferred,Null,False,False,False,False,False,True,,False,False,False,False,False,False,0,0,0,0,0,False,False,117.0,25.0,Second Slip
1630629,43,3.72,5,0,0,160,8,5,76092,,39423,County Championship Division Two 2026,2,38,Middlesex Men,41,Kent Men,8708731,2026-08-21T15:27:52Z,1,253,False,,,,154,Matt Milnes,1739,Toby Roland-Jones,2625,Eathan Bosch,Right,0,0,0,0,,LengthBall,OutsideOff,,WellTimed,FrontFoot,Drive,NoMovement,Over,FastSeam,Right,Null,NotReferred,Null,False,False,False,False,False,True,,False,False,False,False,False,False,0,0,0,0,0,False,False,251.0,84.0,Mid Off
1630629,43,3.72,5,0,0,160,8,5,76092,,39423,County Championship Division Two 2026,2,38,Middlesex Men,41,Kent Men,8708740,2026-08-21T15:28:32Z,2,254,False,,,,154,Matt Milnes,1739,Toby Roland-Jones,2625,Eathan Bosch,Right,1,0,1,1,,HalfVolley,OutsideOff,,Middled,FrontFoot,Drive,NoMovement,Over,FastSeam,Right,Null,NotReferred,Null,False,False,False,False,False,True,,False,False,False,False,False,False,1,0,0,0,0,False,False,261.0,131.0,Bowler
1630629,43,3.72,5,0,0,160,8,5,76092,,39423,County Championship Division Two 2026,2,38,Middlesex Men,41,Kent Men,8708746,2026-08-21T15:29:09Z,3,255,False,,,,154,Matt Milnes,2625,Eathan Bosch,1739,Toby Roland-Jones,Right,0,0,0,0,,LengthBall,OutsideOff,,None,FrontFoot,ForwardDefensive,NoMovement,Over,FastSeam,Right,Null,NotReferred,Null,False,False,False,False,False,True,,False,False,False,False,False,False,0,0,0,0,0,False,False,189.0,63.0,Cover
1630629,43,3.72,5,0,0,160,8,5,76092,,39423,County Championship Division Two 2026,2,38,Middlesex Men,41,Kent Men,8708754,2026-08-21T15:29:43Z,4,256,False,,,,154,Matt Milnes,2625,Eathan Bosch,1739,Toby Roland-Jones,Right,0,0,0,0,,LengthBall,OutsideOff,,None,DownTheTrack,Worked,NoMovement,Over,FastSeam,Right,Null,NotReferred,Null,False,False,False,False,False,True,,False,False,False,False,False,False,0,0,0,0,0,False,False,285.0,83.0,Mid On
1630629,43,3.72,5,0,0,160,8,5,76092,,39423,County Championship Division Two 2026,2,38,Middlesex Men,41,Kent Men,8708758,2026-08-21T15:30:15Z,5,257,False,,,,154,Matt Milnes,2625,Eathan Bosch,1739,Toby Roland-Jones,Right,0,0,0,0,,LengthBall,OutsideOff,,None,FrontFoot,ForwardDefensive,NoMovement,Over,FastSeam,Right,Null,NotReferred,Null,False,False,False,False,False,True,,False,False,False,False,False,False,0,0,0,0,0,False,False,225.0,46.0,Extra Cover
1630629,43,3.72,5,0,0,160,8,5,76092,,39423,County Championship Division Two 2026,2,38,Middlesex Men,41,Kent Men,8708764,2026-08-21T15:30:50Z,6,258,False,,,,154,Matt Milnes,2625,Eathan Bosch,1739,Toby Roland-Jones,Right,4,0,4,4,,BackOfALength,OutsideOff,,Middled,BackFoot,Drive,NoMovement,Over,FastSeam,Right,Null,NotReferred,Null,False,False,False,False,False,True,,False,False,False,False,False,False,4,0,0,0,0,True,False,212.0,175.0,
1630637,44,4.05,18,0,0,178,8,18,76092,,39423,County Championship Division Two 2026,2,38,Middlesex Men,41,Kent Men,8708778,2026-08-21T15:32:00Z,1,259,False,,,,527,Matt Quinn,1739,Toby Roland-Jones,2625,Eathan Bosch,Right,4,0,4,4,,HalfVolley,OutsideOff,,Middled,FrontFoot,Drive,NoMovement,Over,Medium,Right,Null,NotReferred,Null,False,False,False,False,False,True,,False,False,False,False,False,False,4,0,0,0,0,True,False,264.0,180.0,
1630637,44,4.05,18,0,0,178,8,18,76092,,39423,County Championship Division Two 2026,2,38,Middlesex Men,41,Kent Men,8708788,2026-08-21T15:32:37Z,2,260,False,,,,527,Matt Quinn,1739,Toby Roland-Jones,2625,Eathan Bosch,Right,4,0,4,4,,LengthBall,OffStump,,Middled,FrontFoot,Flick,NoMovement,Over,Medium,Right,Null,NotReferred,Null,False,False,False,False,False,True,,False,False,False,False,False,False,4,0,0,0,0,True,False,317.0,177.0,
1630637,44,4.05,18,0,0,178,8,18,76092,,39423,County Championship Division Two 2026,2,38,Middlesex Men,41,Kent Men,8708799,2026-08-21T15:33:35Z,3,261,False,,,,527,Matt Quinn,1739,Toby Roland-Jones,2625,Eathan Bosch,Right,0,0,0,0,,LengthBall,OutsideOff,,None,FrontFoot,Pushed,OffCutter,Over,Medium,Right,Null,NotReferred,Null,False,False,False,False,False,True,,False,False,False,False,False,False,0,0,0,0,0,False,False,280.0,83.0,Mid On
1630637,44,4.05,18,0,0,178,8,18,76092,,39423,County Championship Division Two 2026,2,38,Middlesex Men,41,Kent Men,8708809,2026-08-21T15:34:10Z,4,262,False,,,,527,Matt Quinn,1739,Toby Roland-Jones,2625,Eathan Bosch,Right,4,0,4,4,,Short,OutsideOff,,Middled,BackFoot,Pull,NoMovement,Over,Medium,Right,Null,NotReferred,Null,False,False,False,False,True,True,,False,False,False,False,False,False,4,0,0,0,0,True,False,336.0,174.0,
1630637,44,4.05,18,0,0,178,8,18,76092,,39423,County Championship Division Two 2026,2,38,Middlesex Men,41,Kent Men,8708820,2026-08-21T15:35:00Z,5,263,False,,,,527,Matt Quinn,1739,Toby Roland-Jones,2625,Eathan Bosch,Right,6,0,6,6,,Short,OutsideOff,,Middled,BackFoot,Pull,NoMovement,Over,Medium,Right,Null,NotReferred,Null,False,False,False,False,True,True,,False,False,False,False,False,False,6,0,0,0,0,True,False,346.0,172.0,
1630637,44,4.05,18,0,0,178,8,18,76092,,39423,County Championship Division Two 2026,2,38,Middlesex Men,41,Kent Men,8708824,2026-08-21T15:35:37Z,6,264,False,,,,527,Matt Quinn,1739,Toby Roland-Jones,2625,Eathan Bosch,Right,0,0,0,0,,Short,OutsideOff,,Missed,BackFoot,Hook,NoMovement,Over,Medium,Right,Null,NotReferred,Null,False,False,False,False,False,True,,False,False,False,False,False,False,0,0,0,0,0,False,False,,,Wicketkeeper
1630647,45,4.02,3,0,0,181,8,3,76092,,39423,County Championship Division Two 2026,2,38,Middlesex Men,41,Kent Men,8708847,2026-08-21T15:37:01Z,1,265,False,,,,154,Matt Milnes,2625,Eathan Bosch,1739,Toby Roland-Jones,Right,0,0,0,0,,LengthBall,OffStump,,WellTimed,BackFoot,Drive,NoMovement,Over,FastSeam,Right,Null,NotReferred,Null,False,False,False,False,False,True,,False,False,False,False,False,False,0,0,0,0,0,False,False,286.0,88.0,Mid On
1630647,45,4.02,3,0,0,181,8,3,76092,,39423,County Championship Division Two 2026,2,38,Middlesex Men,41,Kent Men,8708853,2026-08-21T15:37:32Z,2,266,False,,,,154,Matt Milnes,2625,Eathan Bosch,1739,Toby Roland-Jones,Right,1,0,1,1,,Short,OutsideOff,,Middled,BackFoot,Pull,NoMovement,Over,FastSeam,Right,Null,NotReferred,Null,False,False,False,False,False,True,,False,False,False,False,False,False,1,0,0,0,0,False,False,61.0,127.0,Fine Leg
1630647,45,4.02,3,0,0,181,8,3,76092,,39423,County Championship Division Two 2026,2,38,Middlesex Men,41,Kent Men,8708867,2026-08-21T15:38:16Z,3,267,False,,,,154,Matt Milnes,1739,Toby Roland-Jones,2625,Eathan Bosch,Right,1,1,1,0,,HalfTracker,OutsideOff,,Left,Ducked,Leave,NoMovement,Over,FastSeam,Right,Null,NotReferred,Null,True,False,False,False,False,True,,False,False,False,False,False,False,1,0,1,0,0,False,False,,,Wicketkeeper
1630647,45,4.02,3,0,0,181,8,3,76092,,39423,County Championship Division Two 2026,2,38,Middlesex Men,41,Kent Men,8708875,2026-08-21T15:38:51Z,3,268,False,,,,154,Matt Milnes,1739,Toby Roland-Jones,2625,Eathan Bosch,Right,0,0,0,0,,Yorker,OffStump,,MisTimed,FrontFoot,Drive,NoMovement,Over,FastSeam,Right,Null,NotReferred,Null,False,False,False,False,False,True,,False,False,False,False,False,False,0,0,0,0,0,False,False,305.0,51.0,Mid Wicket
1630647,45,4.02,3,0,0,181,8,3,76092,,39423,County Championship Division Two 2026,2,38,Middlesex Men,41,Kent Men,8708880,2026-08-21T15:39:24Z,4,269,False,,,,154,Matt Milnes,1739,Toby Roland-Jones,2625,Eathan Bosch,Right,0,0,0,0,,LengthBall,OffStump,,MisTimed,FrontFoot,Flick,NoMovement,Over,FastSeam,Right,Null,NotReferred,Null,False,False,False,False,False,True,,False,False,False,False,False,False,0,0,0,0,0,False,False,305.0,51.0,Mid Wicket
1630647,45,4.02,3,0,0,181,8,3,76092,,39423,County Championship Division Two 2026,2,38,Middlesex Men,41,Kent Men,8708888,2026-08-21T15:40:02Z,5,270,False,,,,154,Matt Milnes,1739,Toby Roland-Jones,2625,Eathan Bosch,Right,0,0,0,0,,LengthBall,Wide,,Spliced,FrontFoot,Pushed,NoMovement,Over,FastSeam,Right,Null,NotReferred,Null,False,False,False,False,False,True,,False,False,False,False,False,False,0,0,0,0,0,False,True,209.0,54.0,Cover
1630647,45,4.02,3,0,0,181,8,3,76092,,39423,County Championship Division Two 2026,2,38,Middlesex Men,41,Kent Men,8708898,2026-08-21T15:40:32Z,6,271,False,,,,154,Matt Milnes,1739,Toby Roland-Jones,2625,Eathan Bosch,Right,1,0,1,1,,Short,OutsideOff,,MisTimed,BackFoot,Pull,NoMovement,Over,FastSeam,Right,Null,NotReferred,Null,False,False,False,False,False,True,,False,False,False,False,False,False,1,0,0,0,0,False,False,167.0,66.0,Backward Point
1630658,46,4.0,3,0,0,184,8,3,76092,,39423,County Championship Division Two 2026,2,38,Middlesex Men,41,Kent Men,8708911,2026-08-21T15:42:06Z,1,272,False,,,,13941,Ekansh Singh,1739,Toby Roland-Jones,2625,Eathan Bosch,Right,0,0,0,0,,LengthBall,OutsideOff,,None,FrontFoot,Pushed,NoMovement,Over,Medium,Right,Null,NotReferred,Null,False,False,False,False,False,True,,False,False,False,False,False,False,0,0,0,0,0,False,False,217.0,47.0,Extra Cover
1630658,46,4.0,3,0,0,184,8,3,76092,,39423,County Championship Division Two 2026,2,38,Middlesex Men,41,Kent Men,8708916,2026-08-21T15:42:39Z,2,273,False,,,,13941,Ekansh Singh,1739,Toby Roland-Jones,2625,Eathan Bosch,Right,0,0,0,0,,LengthBall,OutsideOff,,MisTimed,BackFoot,Pull,NoMovement,Over,Medium,Right,Null,NotReferred,Null,False,False,False,False,False,True,,False,False,False,False,False,False,0,0,0,0,0,False,False,287.0,84.0,Mid On
1630658,46,4.0,3,0,0,184,8,3,76092,,39423,County Championship Division Two 2026,2,38,Middlesex Men,41,Kent Men,8708924,2026-08-21T15:43:14Z,3,274,False,,,,13941,Ekansh Singh,1739,Toby Roland-Jones,2625,Eathan Bosch,Right,1,0,1,1,,LengthBall,Wide,,BottomEdge,FrontFoot,Cut,OffCutter,Over,Medium,Right,Null,NotReferred,Null,False,False,False,False,False,True,,False,False,False,False,False,False,1,0,0,0,0,False,False,9.0,65.0,Backward Square Leg
1630658,46,4.0,3,0,0,184,8,3,76092,,39423,County Championship Division Two 2026,2,38,Middlesex Men,41,Kent Men,8708935,2026-08-21T15:44:03Z,4,275,False,,,,13941,Ekansh Singh,2625,Eathan Bosch,1739,Toby Roland-Jones,Right,2,0,2,2,,BackOfALength,OutsideOff,,None,BackFoot,Steer,NoMovement,Over,Medium,Right,Null,NotReferred,Null,False,False,False,False,False,True,,False,False,False,False,False,False,2,0,0,0,0,False,False,158.0,117.0,Deep Backward Point
1630658,46,4.0,3,0,0,184,8,3,76092,,39423,County Championship Division Two 2026,2,38,Middlesex Men,41,Kent Men,8708940,2026-08-21T15:44:44Z,5,276,False,,,,13941,Ekansh Singh,2625,Eathan Bosch,1739,Toby Roland-Jones,Right,0,0,0,0,,LengthBall,OutsideOff,,Left,NoMovement,Leave,NoMovement,Over,Medium,Right,Null,NotReferred,Null,False,False,False,False,False,True,,False,False,False,False,False,False,0,0,0,0,0,False,False,,,Wicketkeeper
1630658,46,4.0,3,0,0,184,8,3,76092,,39423,County Championship Division Two 2026,2,38,Middlesex Men,41,Kent Men,8708948,2026-08-21T15:45:20Z,6,277,False,,,,13941,Ekansh Singh,2625,Eathan Bosch,1739,Toby Roland-Jones,Right,0,0,0,0,,LengthBall,OutsideOff,,ShouldersArms,NoMovement,ShouldersArms,NoMovement,Over,Medium,Right,Null,NotReferred,Null,False,False,False,False,False,True,,False,False,False,False,False,False,0,0,0,0,0,False,False,,,Wicketkeeper
1630668,47,4.11,9,0,0,193,8,9,76092,,39423,County Championship Division Two 2026,2,38,Middlesex Men,41,Kent Men,8708969,2026-08-21T15:46:23Z,1,278,False,,,,154,Matt Milnes,1739,Toby Roland-Jones,2625,Eathan Bosch,Right,6,0,6,6,,Short,OffStump,,TopEdge,BackFoot,Pull,NoMovement,Over,FastSeam,Right,Null,NotReferred,Null,False,False,False,False,False,True,,False,False,False,False,False,False,6,0,0,0,0,True,True,58.0,162.0,
1630668,47,4.11,9,0,0,193,8,9,76092,,39423,County Championship Division Two 2026,2,38,Middlesex Men,41,Kent Men,8708988,2026-08-21T15:48:20Z,2,279,False,,,,154,Matt Milnes,1739,Toby Roland-Jones,2625,Eathan Bosch,Right,1,0,1,1,,LengthBall,OutsideOff,,WellTimed,FrontFoot,Drive,NoMovement,Over,FastSeam,Right,Null,NotReferred,Null,False,False,False,False,False,True,,False,False,False,False,False,False,1,0,0,0,0,False,False,232.0,93.0,Mid Off
1630668,47,4.11,9,0,0,193,8,9,76092,,39423,County Championship Division Two 2026,2,38,Middlesex Men,41,Kent Men,8708993,2026-08-21T15:48:57Z,3,280,False,,,,154,Matt Milnes,2625,Eathan Bosch,1739,Toby Roland-Jones,Right,0,0,0,0,,HalfVolley,OffStump,,WellTimed,FrontFoot,Drive,NoMovement,Over,FastSeam,Right,Null,NotReferred,Null,False,False,False,False,False,True,,False,False,False,False,False,False,0,0,0,0,0,False,False,271.0,42.0,Bowler
1630668,47,4.11,9,0,0,193,8,9,76092,,39423,County Championship Division Two 2026,2,38,Middlesex Men,41,Kent Men,8709001,2026-08-21T15:49:36Z,4,281,False,,,,154,Matt Milnes,2625,Eathan Bosch,1739,Toby Roland-Jones,Right,0,0,0,0,,LengthBall,OutsideOff,,None,DownTheTrack,Pushed,NoMovement,Over,FastSeam,Right,Null,NotReferred,Null,False,False,False,False,False,True,,False,False,False,False,False,False,0,0,0,0,0,False,False,292.0,72.0,Mid On
1630668,47,4.11,9,0,0,193,8,9,76092,,39423,County Championship Division Two 2026,2,38,Middlesex Men,41,Kent Men,8709010,2026-08-21T15:50:14Z,5,282,False,,,,154,Matt Milnes,2625,Eathan Bosch,1739,Toby Roland-Jones,Right,1,0,1,1,,LengthBall,MiddleStump,,WellTimed,FrontFoot,Flick,NoMovement,Over,FastSeam,Right,Null,NotReferred,Null,False,False,False,False,False,True,,False,False,False,False,False,False,1,0,0,0,0,False,False,56.0,129.0,Fine Leg
1630668,47,4.11,9,0,0,193,8,9,76092,,39423,County Championship Division Two 2026,2,38,Middlesex Men,41,Kent Men,8709019,2026-08-21T15:50:53Z,6,283,False,,,,154,Matt Milnes,1739,Toby Roland-Jones,2625,Eathan Bosch,Right,1,0,1,1,,HalfVolley,OffStump,,WellTimed,FrontFoot,Drive,NoMovement,Over,FastSeam,Right,Null,NotReferred,Null,False,False,False,False,False,True,,False,False,False,False,False,False,1,0,0,0,0,False,False,288.0,142.0,Long On
1630685,48,4.12,5,1,0,198,9,5,76092,,39423,County Championship Division Two 2026,2,38,Middlesex Men,41,Kent Men,8709067,2026-08-21T15:54:34Z,1,284,True,Caught,1739.0,Toby Roland-Jones,13941,Ekansh Singh,1739,Toby Roland-Jones,2625,Eathan Bosch,Right,0,0,0,0,Caught,LengthBall,OutsideOff,Caught,OutsideEdge,BackFoot,Pushed,NoMovement,Over,Medium,Right,Null,NotReferred,Null,False,False,False,False,False,True,1890.0,False,False,False,False,False,False,0,0,0,0,0,False,False,129.0,23.0,Second Slip
1630685,48,4.12,5,1,0,198,9,5,76092,,39423,County Championship Division Two 2026,2,38,Middlesex Men,41,Kent Men,8709086,2026-08-21T15:56:31Z,2,285,False,,,,13941,Ekansh Singh,2683,Tom Helm,2625,Eathan Bosch,Right,0,0,0,0,,LengthBall,OutsideOff,,Spliced,FrontFoot,ForwardDefensive,NoMovement,Over,Medium,Right,Null,NotReferred,Null,False,False,False,False,False,True,,False,False,False,False,False,False,0,0,0,0,0,False,False,337.0,48.0,Square Leg
1630685,48,4.12,5,1,0,198,9,5,76092,,39423,County Championship Division Two 2026,2,38,Middlesex Men,41,Kent Men,8709091,2026-08-21T15:57:11Z,3,286,False,,,,13941,Ekansh Singh,2683,Tom Helm,2625,Eathan Bosch,Right,4,0,4,4,,HalfVolley,OutsideOff,,WellTimed,FrontFoot,Drive,NoMovement,Over,Medium,Right,Null,NotReferred,Null,False,False,False,False,True,True,,False,False,False,False,False,False,4,0,0,0,0,True,False,163.0,167.0,
1630685,48,4.12,5,1,0,198,9,5,76092,,39423,County Championship Division Two 2026,2,38,Middlesex Men,41,Kent Men,8709102,2026-08-21T15:57:55Z,4,287,False,,,,13941,Ekansh Singh,2683,Tom Helm,2625,Eathan Bosch,Right,1,0,1,1,,LengthBall,OutsideOff,,None,BackFoot,Pushed,NoMovement,Over,Medium,Right,Null,NotReferred,Null,False,False,False,False,False,True,,False,False,False,False,False,False,1,0,0,0,0,False,False,194.0,62.0,Cover
1630685,48,4.12,5,1,0,198,9,5,76092,,39423,County Championship Division Two 2026,2,38,Middlesex Men,41,Kent Men,8709110,2026-08-21T15:58:34Z,5,288,False,,,,13941,Ekansh Singh,2625,Eathan Bosch,2683,Tom Helm,Right,0,0,0,0,,LengthBall,OutsideOff,,Spliced,BackFoot,BackwardDefensive,NoMovement,Over,Medium,Right,Null,NotReferred,Null,False,False,False,False,False,True,,False,False,False,False,False,False,0,0,0,0,0,False,False,252.0,32.0,Bowler
1630685,48,4.12,5,1,0,198,9,5,76092,,39423,County Championship Division Two 2026,2,38,Middlesex Men,41,Kent Men,8709122,2026-08-21T15:59:15Z,6,289,False,,,,13941,Ekansh Singh,2625,Eathan Bosch,2683,Tom Helm,Right,0,0,0,0,,LengthBall,OutsideOff,,Missed,BackFoot,BackwardDefensive,NoMovement,Over,Medium,Right,Null,NotReferred,Null,False,False,False,False,False,True,,False,False,False,False,False,False,0,0,0,0,0,False,False,,,Wicketkeeper
1630695,49,4.14,5,0,0,203,9,5,76092,,39423,County Championship Division Two 2026,2,38,Middlesex Men,41,Kent Men,8709138,2026-08-21T16:00:36Z,1,290,False,,,,248,Matt Parkinson,2683,Tom Helm,2625,Eathan Bosch,Right,0,0,0,0,,Short,OffStump,,WellTimed,BackFoot,Worked,LegSpinner,Over,LegSpin,Right,Null,NotReferred,Null,False,False,False,False,False,True,,False,False,False,False,False,False,0,0,0,0,0,False,False,324.0,55.0,Mid Wicket
1630695,49,4.14,5,0,0,203,9,5,76092,,39423,County Championship Division Two 2026,2,38,Middlesex Men,41,Kent Men,8709141,2026-08-21T16:00:53Z,2,291,False,,,,248,Matt Parkinson,2683,Tom Helm,2625,Eathan Bosch,Right,1,0,1,1,,HalfVolley,OffStump,,WellTimed,FrontFoot,Drive,LegSpinner,Over,LegSpin,Right,Null,NotReferred,Null,False,False,False,False,False,True,,False,False,False,False,False,False,1,0,0,0,0,False,False,245.0,111.0,Long Off
1630695,49,4.14,5,0,0,203,9,5,76092,,39423,County Championship Division Two 2026,2,38,Middlesex Men,41,Kent Men,8709144,2026-08-21T16:01:20Z,3,292,False,,,,248,Matt Parkinson,2625,Eathan Bosch,2683,Tom Helm,Right,0,0,0,0,,BackOfALength,OutsideOff,,None,BackFoot,Drive,LegSpinner,Over,LegSpin,Right,Null,NotReferred,Null,False,False,False,False,False,True,,False,False,False,False,False,False,0,0,0,0,0,False,False,263.0,41.0,Bowler
1630695,49,4.14,5,0,0,203,9,5,76092,,39423,County Championship Division Two 2026,2,38,Middlesex Men,41,Kent Men,8709151,2026-08-21T16:01:37Z,4,293,False,,,,248,Matt Parkinson,2625,Eathan Bosch,2683,Tom Helm,Right,0,0,0,0,,HalfVolley,OffStump,,MisTimed,FrontFoot,Flick,LegSpinner,Over,LegSpin,Right,Null,NotReferred,Null,False,False,False,False,False,True,,False,False,False,False,False,False,0,0,0,0,0,False,True,269.0,34.0,Bowler
1630695,49,4.14,5,0,0,203,9,5,76092,,39423,County Championship Division Two 2026,2,38,Middlesex Men,41,Kent Men,8709156,2026-08-21T16:02:02Z,5,294,False,,,,248,Matt Parkinson,2625,Eathan Bosch,2683,Tom Helm,Right,0,0,0,0,,LengthBall,MiddleStump,,None,FrontFoot,Worked,LegSpinner,Over,LegSpin,Right,Null,NotReferred,Null,False,False,False,False,False,True,,False,False,False,False,False,False,0,0,0,0,0,False,False,327.0,50.0,Mid Wicket
1630695,49,4.14,5,0,0,203,9,5,76092,,39423,County Championship Division Two 2026,2,38,Middlesex Men,41,Kent Men,8709162,2026-08-21T16:02:20Z,6,295,False,,,,248,Matt Parkinson,2625,Eathan Bosch,2683,Tom Helm,Right,4,0,4,4,,LengthBall,OutsideOff,,ThickEdge,FrontFoot,Drive,LegSpinner,Over,LegSpin,Right,Null,NotReferred,Null,False,False,False,False,False,True,,False,False,False,False,False,False,4,0,0,0,0,True,True,140.0,164.0,
1630755,50,4.26,10,0,0,213,9,10,76092,,39423,County Championship Division Two 2026,2,38,Middlesex Men,41,Kent Men,8709468,2026-08-21T16:33:59Z,1,296,False,,,,13941,Ekansh Singh,2683,Tom Helm,2625,Eathan Bosch,Right,1,0,1,1,,BackOfALength,OutsideOff,,None,BackFoot,Pushed,NoMovement,Over,Medium,Right,Null,NotReferred,Null,False,False,False,False,False,True,,False,False,False,False,False,False,1,0,0,0,0,False,False,192.0,111.0,Deep Cover
1630755,50,4.26,10,0,0,213,9,10,76092,,39423,County Championship Division Two 2026,2,38,Middlesex Men,41,Kent Men,8709479,2026-08-21T16:34:48Z,2,297,False,,,,13941,Ekansh Singh,2625,Eathan Bosch,2683,Tom Helm,Right,1,0,1,1,,LengthBall,OutsideOff,,Middled,BackFoot,Drive,NoMovement,Over,Medium,Right,Null,NotReferred,Null,False,False,False,False,False,True,,False,False,False,False,False,False,1,0,0,0,0,False,False,246.0,87.0,Mid Off
1630755,50,4.26,10,0,0,213,9,10,76092,,39423,County Championship Division Two 2026,2,38,Middlesex Men,41,Kent Men,8709486,2026-08-21T16:35:23Z,3,298,False,,,,13941,Ekansh Singh,2683,Tom Helm,2625,Eathan Bosch,Right,4,0,4,4,,HalfVolley,OffStump,,Middled,FrontFoot,Drive,NoMovement,Over,Medium,Right,Null,NotReferred,Null,False,False,False,False,False,True,,False,False,False,False,False,False,4,0,0,0,0,True,False,274.0,180.0,
1630755,50,4.26,10,0,0,213,9,10,76092,,39423,County Championship Division Two 2026,2,38,Middlesex Men,41,Kent Men,8709495,2026-08-21T16:36:12Z,4,299,False,,,,13941,Ekansh Singh,2683,Tom Helm,2625,Eathan Bosch,Right,0,0,0,0,,Short,OutsideOff,,Missed,BackFoot,Fended,NoMovement,Over,Medium,Right,Null,NotReferred,Null,False,False,False,False,False,True,,False,False,False,False,False,False,0,0,0,0,0,False,False,,,Wicketkeeper
1630755,50,4.26,10,0,0,213,9,10,76092,,39423,County Championship Division Two 2026,2,38,Middlesex Men,41,Kent Men,8709505,2026-08-21T16:36:50Z,5,300,False,,,,13941,Ekansh Singh,2683,Tom Helm,2625,Eathan Bosch,Right,0,0,0,0,,Short,OutsideOff,,Left,NoMovement,Leave,NoMovement,Over,Medium,Right,Null,NotReferred,Null,False,False,False,False,False,True,,False,False,False,False,False,False,0,0,0,0,0,False,False,,,Wicketkeeper
1630755,50,4.26,10,0,0,213,9,10,76092,,39423,County Championship Division Two 2026,2,38,Middlesex Men,41,Kent Men,8709515,2026-08-21T16:37:26Z,6,301,False,,,,13941,Ekansh Singh,2683,Tom Helm,2625,Eathan Bosch,Right,4,0,4,4,,Short,OutsideOff,,WellTimed,BackFoot,Pull,NoMovement,Over,Medium,Right,Null,NotReferred,Null,False,False,False,False,True,True,,False,False,False,False,False,False,4,0,0,0,0,True,False,319.0,177.0,
1630765,51,4.31,7,0,0,220,9,7,76092,,39423,County Championship Division Two 2026,2,38,Middlesex Men,41,Kent Men,8709530,2026-08-21T16:38:42Z,1,302,False,,,,248,Matt Parkinson,2625,Eathan Bosch,2683,Tom Helm,Right,0,0,0,0,,LengthBall,OffStump,,None,FrontFoot,ForwardDefensive,LegSpinner,Over,LegSpin,Right,Null,NotReferred,Null,False,False,False,False,False,True,,False,False,False,False,False,False,0,0,0,0,0,False,False,271.0,37.0,Bowler
1630765,51,4.31,7,0,0,220,9,7,76092,,39423,County Championship Division Two 2026,2,38,Middlesex Men,41,Kent Men,8709536,2026-08-21T16:38:58Z,2,303,False,,,,248,Matt Parkinson,2625,Eathan Bosch,2683,Tom Helm,Right,1,0,1,1,,LengthBall,OffStump,,None,DownTheTrack,Flick,LegSpinner,Over,LegSpin,Right,Null,NotReferred,Null,False,False,False,False,False,True,,False,False,False,False,False,False,1,0,0,0,0,False,False,350.0,121.0,Deep Square Leg
1630765,51,4.31,7,0,0,220,9,7,76092,,39423,County Championship Division Two 2026,2,38,Middlesex Men,41,Kent Men,8709542,2026-08-21T16:39:26Z,3,304,False,,,,248,Matt Parkinson,2683,Tom Helm,2625,Eathan Bosch,Right,4,0,4,4,,LengthBall,OffStump,,Middled,FrontFoot,Drive,LegSpinner,Over,LegSpin,Right,Null,NotReferred,Null,False,False,False,False,True,True,,False,False,False,False,False,False,4,0,0,0,0,True,False,299.0,179.0,
1630765,51,4.31,7,0,0,220,9,7,76092,,39423,County Championship Division Two 2026,2,38,Middlesex Men,41,Kent Men,8709549,2026-08-21T16:40:12Z,4,305,False,,,,248,Matt Parkinson,2683,Tom Helm,2625,Eathan Bosch,Right,1,0,1,1,,LengthBall,OutsideOff,,WellTimed,FrontFoot,Drive,LegSpinner,Over,LegSpin,Right,Null,NotReferred,Null,False,False,False,False,False,True,,False,False,False,False,False,False,1,0,0,0,0,False,False,250.0,156.0,Long Off
1630765,51,4.31,7,0,0,220,9,7,76092,,39423,County Championship Division Two 2026,2,38,Middlesex Men,41,Kent Men,8709556,2026-08-21T16:40:34Z,5,306,False,,,,248,Matt Parkinson,2625,Eathan Bosch,2683,Tom Helm,Right,0,0,0,0,,LengthBall,OffStump,,OutsideEdge,FrontFoot,Flick,LegSpinner,Over,LegSpin,Right,Null,NotReferred,Null,False,False,False,False,False,True,,False,False,False,False,False,False,0,0,0,0,0,False,False,160.0,61.0,Backward Point
1630765,51,4.31,7,0,0,220,9,7,76092,,39423,County Championship Division Two 2026,2,38,Middlesex Men,41,Kent Men,8709563,2026-08-21T16:40:54Z,6,307,False,,,,248,Matt Parkinson,2625,Eathan Bosch,2683,Tom Helm,Right,1,0,1,1,,BackOfALength,OutsideOff,,WellTimed,BackFoot,Cut,LegSpinner,Over,LegSpin,Right,Null,NotReferred,Null,False,False,False,False,False,True,,False,False,False,False,False,False,1,0,0,0,0,False,False,196.0,134.0,Deep Cover
1630773,52,4.37,7,0,0,227,9,7,76092,,39423,County Championship Division Two 2026,2,38,Middlesex Men,41,Kent Men,8709575,2026-08-21T16:41:55Z,1,308,False,,,,13941,Ekansh Singh,2625,Eathan Bosch,2683,Tom Helm,Right,4,0,4,4,,BackOfALength,OutsideOff,,ThickEdge,BackFoot,Drive,NoMovement,Over,Medium,Right,Null,NotReferred,Null,False,False,False,False,False,True,,False,False,False,False,False,False,4,0,0,0,0,True,True,121.0,161.0,
1630773,52,4.37,7,0,0,227,9,7,76092,,39423,County Championship Division Two 2026,2,38,Middlesex Men,41,Kent Men,8709589,2026-08-21T16:42:37Z,2,309,False,,,,13941,Ekansh Singh,2625,Eathan Bosch,2683,Tom Helm,Right,1,0,1,1,,HalfVolley,OutsideOff,,InsideEdge,FrontFoot,Drive,NoMovement,Over,Medium,Right,Null,NotReferred,Null,False,False,False,False,False,True,,False,False,False,False,False,False,1,0,0,0,0,False,False,65.0,120.0,Fine Leg
1630773,52,4.37,7,0,0,227,9,7,76092,,39423,County Championship Division Two 2026,2,38,Middlesex Men,41,Kent Men,8709593,2026-08-21T16:43:15Z,3,310,False,,,,13941,Ekansh Singh,2683,Tom Helm,2625,Eathan Bosch,Right,0,0,0,0,,LengthBall,OutsideOff,,Missed,NoMovement,Cut,NoMovement,Over,Medium,Right,Null,NotReferred,Null,False,False,False,False,False,True,,False,False,False,False,False,False,0,0,0,0,0,False,False,,,Wicketkeeper
1630773,52,4.37,7,0,0,227,9,7,76092,,39423,County Championship Division Two 2026,2,38,Middlesex Men,41,Kent Men,8709603,2026-08-21T16:43:51Z,4,311,False,,,,13941,Ekansh Singh,2683,Tom Helm,2625,Eathan Bosch,Right,1,0,1,1,,HalfVolley,OutsideOff,,None,FrontFoot,Drive,NoMovement,Over,Medium,Right,Null,NotReferred,Null,False,False,False,False,False,True,,False,False,False,False,False,False,1,0,0,0,0,False,False,189.0,121.0,Deep Cover
1630773,52,4.37,7,0,0,227,9,7,76092,,39423,County Championship Division Two 2026,2,38,Middlesex Men,41,Kent Men,8709609,2026-08-21T16:44:28Z,5,312,False,,,,13941,Ekansh Singh,2625,Eathan Bosch,2683,Tom Helm,Right,0,0,0,0,,LengthBall,OutsideOff,,None,FrontFoot,ForwardDefensive,NoMovement,Over,Medium,Right,Null,NotReferred,Null,False,False,False,False,False,True,,False,False,False,False,False,False,0,0,0,0,0,False,False,261.0,73.0,Mid Off
1630773,52,4.37,7,0,0,227,9,7,76092,,39423,County Championship Division Two 2026,2,38,Middlesex Men,41,Kent Men,8709618,2026-08-21T16:45:04Z,6,313,False,,,,13941,Ekansh Singh,2625,Eathan Bosch,2683,Tom Helm,Right,1,0,1,1,,LengthBall,OutsideOff,,ThickEdge,FrontFoot,ForwardDefensive,NoMovement,Over,Medium,Right,Null,NotReferred,Null,False,False,False,False,False,True,,False,False,False,False,False,False,1,0,0,0,0,False,False,158.0,105.0,Deep Backward Point
1630784,53,4.43,8,0,0,235,9,8,76092,,39423,County Championship Division Two 2026,2,38,Middlesex Men,41,Kent Men,8709636,2026-08-21T16:46:45Z,1,314,False,,,,248,Matt Parkinson,2625,Eathan Bosch,2683,Tom Helm,Right,4,0,4,4,,HalfVolley,MiddleStump,,WellTimed,FrontFoot,ReverseSweep,LegSpinner,Round,LegSpin,Right,Null,NotReferred,Null,False,False,False,False,False,True,,False,False,False,False,False,False,4,0,0,0,0,True,False,148.0,165.0,
1630784,53,4.43,8,0,0,235,9,8,76092,,39423,County Championship Division Two 2026,2,38,Middlesex Men,41,Kent Men,8709642,2026-08-21T16:47:20Z,2,315,False,,,,248,Matt Parkinson,2625,Eathan Bosch,2683,Tom Helm,Right,2,0,2,2,,LengthBall,DownLeg,,Middled,FrontFoot,Sweep,LegSpinner,Round,LegSpin,Right,Null,NotReferred,Null,False,False,False,False,False,True,,False,False,False,False,False,False,2,0,0,0,0,False,False,26.0,154.0,Deep Backward Square Leg
1630784,53,4.43,8,0,0,235,9,8,76092,,39423,County Championship Division Two 2026,2,38,Middlesex Men,41,Kent Men,8709648,2026-08-21T16:47:46Z,3,316,False,,,,248,Matt Parkinson,2625,Eathan Bosch,2683,Tom Helm,Right,1,0,1,1,,LengthBall,WideDownLeg,,WellTimed,DownTheTrack,Sweep,LegSpinner,Round,LegSpin,Right,Null,NotReferred,Null,False,False,False,False,False,True,,False,False,False,False,False,False,1,0,0,0,0,False,False,34.0,137.0,Fine Leg
1630784,53,4.43,8,0,0,235,9,8,76092,,39423,County Championship Division Two 2026,2,38,Middlesex Men,41,Kent Men,8709651,2026-08-21T16:48:11Z,4,317,False,,,,248,Matt Parkinson,2683,Tom Helm,2625,Eathan Bosch,Right,0,0,0,0,,LengthBall,WideDownLeg,,HitPad,FrontFoot,SlogSweep,LegSpinner,Round,LegSpin,Right,Null,NotReferred,Null,False,False,False,False,False,True,,False,False,False,False,False,False,0,0,0,0,0,False,False,,,Wicketkeeper
1630784,53,4.43,8,0,0,235,9,8,76092,,39423,County Championship Division Two 2026,2,38,Middlesex Men,41,Kent Men,8709656,2026-08-21T16:48:30Z,5,318,False,,,,248,Matt Parkinson,2683,Tom Helm,2625,Eathan Bosch,Right,0,0,0,0,,LengthBall,DownLeg,,None,FrontFoot,Glance,LegSpinner,Round,LegSpin,Right,Null,NotReferred,Null,False,False,False,False,False,True,,False,False,False,False,False,False,0,0,0,0,0,False,False,72.0,74.0,Short Fine Leg
1630784,53,4.43,8,0,0,235,9,8,76092,,39423,County Championship Division Two 2026,2,38,Middlesex Men,41,Kent Men,8709658,2026-08-21T16:48:50Z,6,319,False,,,,248,Matt Parkinson,2683,Tom Helm,2625,Eathan Bosch,Right,1,0,1,1,,LengthBall,MiddleStump,,None,BackFoot,Cut,LegSpinner,Round,LegSpin,Right,Null,NotReferred,Null,False,False,False,False,False,True,,False,False,False,False,False,False,1,0,0,0,0,False,False,197.0,95.0,Cover
1630790,54,4.52,9,0,0,244,9,9,76092,,39423,County Championship Division Two 2026,2,38,Middlesex Men,41,Kent Men,8709670,2026-08-21T16:49:52Z,1,320,False,,,,13941,Ekansh Singh,2683,Tom Helm,2625,Eathan Bosch,Right,1,0,1,1,,LengthBall,OffStump,,None,BackFoot,Worked,NoMovement,Over,Medium,Right,Null,NotReferred,Null,False,False,False,False,False,True,,False,False,False,False,False,False,1,0,0,0,0,False,False,347.0,121.0,Deep Square Leg
1630790,54,4.52,9,0,0,244,9,9,76092,,39423,County Championship Division Two 2026,2,38,Middlesex Men,41,Kent Men,8709675,2026-08-21T16:50:28Z,2,321,False,,,,13941,Ekansh Singh,2625,Eathan Bosch,2683,Tom Helm,Right,0,0,0,0,,Short,OffStump,,Missed,BackFoot,Hook,NoMovement,Over,Medium,Right,Null,NotReferred,Null,False,False,False,False,False,True,,False,False,False,False,False,False,0,0,0,0,0,False,False,,,Wicketkeeper
1630790,54,4.52,9,0,0,244,9,9,76092,,39423,County Championship Division Two 2026,2,38,Middlesex Men,41,Kent Men,8709691,2026-08-21T16:51:05Z,3,322,False,,,,13941,Ekansh Singh,2625,Eathan Bosch,2683,Tom Helm,Right,4,0,4,4,,BackOfALength,OutsideOff,,WellTimed,BackFoot,Drive,NoMovement,Over,Medium,Right,Null,NotReferred,Null,False,False,False,False,False,True,,False,False,False,False,False,False,4,0,0,0,0,True,False,214.0,176.0,
1630790,54,4.52,9,0,0,244,9,9,76092,,39423,County Championship Division Two 2026,2,38,Middlesex Men,41,Kent Men,8709706,2026-08-21T16:51:58Z,4,323,False,,,,13941,Ekansh Singh,2625,Eathan Bosch,2683,Tom Helm,Right,0,0,0,0,,LengthBall,OffStump,,None,FrontFoot,ForwardDefensive,NoMovement,Over,Medium,Right,Null,NotReferred,Null,False,False,False,False,False,True,,False,False,False,False,False,False,0,0,0,0,0,False,False,286.0,78.0,Mid On
1630790,54,4.52,9,0,0,244,9,9,76092,,39423,County Championship Division Two 2026,2,38,Middlesex Men,41,Kent Men,8709710,2026-08-21T16:52:34Z,5,324,False,,,,13941,Ekansh Singh,2625,Eathan Bosch,2683,Tom Helm,Right,4,0,4,4,,HalfVolley,Wide,,Middled,FrontFoot,Drive,NoMovement,Over,Medium,Right,Null,NotReferred,Null,False,False,False,False,False,True,,False,False,False,False,False,False,4,0,0,0,0,True,False,206.0,174.0,
1630790,54,4.52,9,0,0,244,9,9,76092,,39423,County Championship Division Two 2026,2,38,Middlesex Men,41,Kent Men,8709718,2026-08-21T16:53:18Z,6,325,False,,,,13941,Ekansh Singh,2625,Eathan Bosch,2683,Tom Helm,Right,0,0,0,0,,LengthBall,Wide,,Left,NoMovement,Leave,NoMovement,Over,Medium,Right,Null,NotReferred,Null,False,False,False,False,False,True,,False,False,False,False,False,False,0,0,0,0,0,False,False,,,Wicketkeeper
1630803,55,4.51,4,0,0,248,9,4,76092,,39423,County Championship Division Two 2026,2,38,Middlesex Men,41,Kent Men,8709738,2026-08-21T16:54:55Z,1,326,False,,,,3730,Keith Dudgeon,2683,Tom Helm,2625,Eathan Bosch,Right,1,0,1,1,,LengthBall,OffStump,,WellTimed,BackFoot,Worked,NoMovement,Over,FastSeam,Right,Null,NotReferred,Null,False,False,False,False,False,True,,False,False,False,False,False,False,1,0,0,0,0,False,False,54.0,126.0,Fine Leg
1630803,55,4.51,4,0,0,248,9,4,76092,,39423,County Championship Division Two 2026,2,38,Middlesex Men,41,Kent Men,8709751,2026-08-21T16:55:41Z,2,327,False,,,,3730,Keith Dudgeon,2625,Eathan Bosch,2683,Tom Helm,Right,1,0,1,1,,LengthBall,OffStump,,None,BackFoot,Worked,NoMovement,Over,FastSeam,Right,Null,NotReferred,Null,False,False,False,False,False,True,,False,False,False,False,False,False,1,0,0,0,0,False,False,293.0,62.0,Mid On
1630803,55,4.51,4,0,0,248,9,4,76092,,39423,County Championship Division Two 2026,2,38,Middlesex Men,41,Kent Men,8709756,2026-08-21T16:56:18Z,3,328,False,,,,3730,Keith Dudgeon,2683,Tom Helm,2625,Eathan Bosch,Right,2,0,2,2,,Short,OutsideOff,,WellTimed,BackFoot,Pull,NoMovement,Over,FastSeam,Right,Null,NotReferred,Null,False,False,False,False,False,True,,False,False,False,False,False,False,2,0,0,0,0,False,False,334.0,135.0,Deep Square Leg
1630803,55,4.51,4,0,0,248,9,4,76092,,39423,County Championship Division Two 2026,2,38,Middlesex Men,41,Kent Men,8709763,2026-08-21T16:56:55Z,4,329,False,,,,3730,Keith Dudgeon,2683,Tom Helm,2625,Eathan Bosch,Right,0,0,0,0,,Short,OutsideOff,,Left,Ducked,Leave,NoMovement,Over,FastSeam,Right,Null,NotReferred,Null,False,False,False,False,False,True,,False,False,False,False,False,False,0,0,0,0,0,False,False,,,Wicketkeeper
1630803,55,4.51,4,0,0,248,9,4,76092,,39423,County Championship Division Two 2026,2,38,Middlesex Men,41,Kent Men,8709771,2026-08-21T16:57:27Z,5,330,False,,,,3730,Keith Dudgeon,2683,Tom Helm,2625,Eathan Bosch,Right,0,0,0,0,,LengthBall,OutsideOff,,None,BackFoot,BackwardDefensive,NoMovement,Over,FastSeam,Right,Null,NotReferred,Null,False,False,False,False,False,True,,False,False,False,False,False,False,0,0,0,0,0,False,False,221.0,51.0,Extra Cover
1630803,55,4.51,4,0,0,248,9,4,76092,,39423,County Championship Division Two 2026,2,38,Middlesex Men,41,Kent Men,8709776,2026-08-21T16:58:10Z,6,331,False,,,,3730,Keith Dudgeon,2683,Tom Helm,2625,Eathan Bosch,Right,0,0,0,0,,LengthBall,OutsideOff,,MisTimed,BackFoot,Pushed,NoMovement,Over,FastSeam,Right,Null,NotReferred,Null,False,False,False,False,False,True,,False,False,False,False,False,False,0,0,0,0,0,False,False,224.0,44.0,Extra Cover
1630812,56,4.45,1,1,0,249,10,1,76092,,39423,County Championship Division Two 2026,2,38,Middlesex Men,41,Kent Men,8709793,2026-08-21T17:00:03Z,1,332,False,,,,527,Matt Quinn,2625,Eathan Bosch,2683,Tom Helm,Right,0,0,0,0,,LengthBall,OffStump,,MisTimed,BackFoot,Pushed,NoMovement,Over,Medium,Right,Null,NotReferred,Null,False,False,False,False,False,True,,False,False,False,False,False,False,0,0,0,0,0,False,False,314.0,53.0,Mid Wicket
1630812,56,4.45,1,1,0,249,10,1,76092,,39423,County Championship Division Two 2026,2,38,Middlesex Men,41,Kent Men,8709800,2026-08-21T17:00:38Z,2,333,False,,,,527,Matt Quinn,2625,Eathan Bosch,2683,Tom Helm,Right,0,0,0,0,,LengthBall,Wide,,Left,NoMovement,Leave,NoMovement,Over,Medium,Right,Null,NotReferred,Null,False,False,False,False,False,True,,False,False,False,False,False,False,0,0,0,0,0,False,False,,,Wicketkeeper
1630812,56,4.45,1,1,0,249,10,1,76092,,39423,County Championship Division Two 2026,2,38,Middlesex Men,41,Kent Men,8709807,2026-08-21T17:01:13Z,3,334,False,,,,527,Matt Quinn,2625,Eathan Bosch,2683,Tom Helm,Right,1,0,1,1,,LengthBall,OutsideOff,,None,BackFoot,Drive,NoMovement,Over,Medium,Right,Null,NotReferred,Null,False,False,False,False,False,True,,False,False,False,False,False,False,1,0,0,0,0,False,False,192.0,123.0,Deep Cover
1630812,56,4.45,1,1,0,249,10,1,76092,,39423,County Championship Division Two 2026,2,38,Middlesex Men,41,Kent Men,8709820,2026-08-21T17:02:04Z,4,335,True,Caught,2683.0,Tom Helm,527,Matt Quinn,2683,Tom Helm,2625,Eathan Bosch,Right,0,0,0,0,Caught,Short,OutsideOff,Caught,MisTimed,BackFoot,Pull,NoMovement,Over,Medium,Right,Null,NotReferred,Null,False,False,False,False,False,True,1890.0,False,False,False,False,False,False,0,0,0,0,0,False,True,346.0,121.0,Deep Square Leg
1630845,2,2.0,4,0,0,4,1,4,76104,,39423,County Championship Division Two 2026,3,41,Kent Men,38,Middlesex Men,8709994,2026-08-21T17:17:53Z,1,7,False,,,,39,Ryan Higgins,3491,Ben Compton,137,Sam Northeast,Left,0,0,0,0,,LengthBall,MiddleStump,,PlayAndMissLegSide,BackFoot,Glance,NoMovement,Round,Medium,Right,Null,NotReferred,Null,False,False,False,False,False,True,,False,False,False,False,False,False,0,0,0,0,0,False,False,,,Wicketkeeper
1630845,2,2.0,4,0,0,4,1,4,76104,,39423,County Championship Division Two 2026,3,41,Kent Men,38,Middlesex Men,8710000,2026-08-21T17:18:20Z,2,8,False,,,,39,Ryan Higgins,3491,Ben Compton,137,Sam Northeast,Left,0,0,0,0,,LengthBall,OutsideOff,,Left,NoMovement,Leave,NoMovement,Round,Medium,Right,Null,NotReferred,Null,False,False,False,False,False,True,,False,False,False,False,False,False,0,0,0,0,0,False,False,,,Wicketkeeper
1630845,2,2.0,4,0,0,4,1,4,76104,,39423,County Championship Division Two 2026,3,41,Kent Men,38,Middlesex Men,8710009,2026-08-21T17:18:57Z,3,9,False,,,,39,Ryan Higgins,3491,Ben Compton,137,Sam Northeast,Left,0,0,0,0,,LengthBall,OutsideOff,,Left,NoMovement,Leave,SeamAway,Round,Medium,Right,Null,NotReferred,Null,False,False,False,False,False,True,,False,False,False,False,False,False,0,0,0,0,0,False,False,,,Wicketkeeper
1630845,2,2.0,4,0,0,4,1,4,76104,,39423,County Championship Division Two 2026,3,41,Kent Men,38,Middlesex Men,8710016,2026-08-21T17:19:24Z,4,10,False,,,,39,Ryan Higgins,3491,Ben Compton,137,Sam Northeast,Left,0,0,0,0,,LengthBall,OutsideOff,,WellTimed,FrontFoot,ForwardDefensive,SeamIn,Round,Medium,Right,Null,NotReferred,Null,False,False,False,False,False,True,,False,False,False,False,False,False,0,0,0,0,0,False,False,286.0,69.0,Mid Off
1630845,2,2.0,4,0,0,4,1,4,76104,,39423,County Championship Division Two 2026,3,41,Kent Men,38,Middlesex Men,8710022,2026-08-21T17:19:55Z,5,11,False,,,,39,Ryan Higgins,3491,Ben Compton,137,Sam Northeast,Left,4,0,4,4,,HalfVolley,OutsideOff,,ThickEdge,FrontFoot,Drive,NoMovement,Round,Medium,Right,Null,NotReferred,Null,False,False,False,False,False,True,,False,False,False,False,False,False,4,0,0,0,0,True,False,56.0,162.0,
1630845,2,2.0,4,0,0,4,1,4,76104,,39423,County Championship Division Two 2026,3,41,Kent Men,38,Middlesex Men,8710028,2026-08-21T17:20:35Z,6,12,False,,,,39,Ryan Higgins,3491,Ben Compton,137,Sam Northeast,Left,0,0,0,0,,LengthBall,OutsideOff,,None,FrontFoot,ForwardDefensive,SeamIn,Round,Medium,Right,Null,NotReferred,Null,False,False,False,False,False,True,,False,False,False,False,False,False,0,0,0,0,0,False,False,216.0,52.0,Mid Wicket
1630853,3,3.0,5,0,0,9,1,5,76104,,39423,County Championship Division Two 2026,3,41,Kent Men,38,Middlesex Men,8710039,2026-08-21T17:21:18Z,1,13,False,,,,1739,Toby Roland-Jones,137,Sam Northeast,3491,Ben Compton,Right,4,0,4,4,,HalfVolley,OffStump,,WellTimed,FrontFoot,Flick,NoMovement,Over,Medium,Right,Null,NotReferred,Null,False,False,False,False,False,True,,False,False,False,False,False,False,4,0,0,0,0,True,False,348.0,172.0,
1630853,3,3.0,5,0,0,9,1,5,76104,,39423,County Championship Division Two 2026,3,41,Kent Men,38,Middlesex Men,8710047,2026-08-21T17:21:57Z,2,14,False,,,,1739,Toby Roland-Jones,137,Sam Northeast,3491,Ben Compton,Right,0,0,0,0,,LengthBall,OffStump,,HitPad,BackFoot,Worked,SeamIn,Over,Medium,Right,Null,NotReferred,Null,False,False,False,False,False,True,,False,False,False,False,False,False,0,0,0,0,0,False,False,331.0,37.0,Square Leg
1630853,3,3.0,5,0,0,9,1,5,76104,,39423,County Championship Division Two 2026,3,41,Kent Men,38,Middlesex Men,8710056,2026-08-21T17:22:27Z,3,15,False,,,,1739,Toby Roland-Jones,137,Sam Northeast,3491,Ben Compton,Right,0,0,0,0,,LengthBall,OutsideOff,,None,FrontFoot,ForwardDefensive,SeamIn,Over,Medium,Right,Null,NotReferred,Null,False,False,False,False,False,True,,False,False,False,False,False,False,0,0,0,0,0,False,False,322.0,49.0,Mid Wicket
1630853,3,3.0,5,0,0,9,1,5,76104,,39423,County Championship Division Two 2026,3,41,Kent Men,38,Middlesex Men,8710063,2026-08-21T17:23:04Z,4,16,False,,,,1739,Toby Roland-Jones,137,Sam Northeast,3491,Ben Compton,Right,0,0,0,0,,HalfVolley,OutsideOff,,None,FrontFoot,ForwardDefensive,SeamIn,Over,Medium,Right,Null,NotReferred,Null,False,False,False,False,False,True,,False,False,False,False,False,False,0,0,0,0,0,False,False,329.0,58.0,Mid Wicket
1630853,3,3.0,5,0,0,9,1,5,76104,,39423,County Championship Division Two 2026,3,41,Kent Men,38,Middlesex Men,8710070,2026-08-21T17:23:36Z,5,17,False,,,,1739,Toby Roland-Jones,137,Sam Northeast,3491,Ben Compton,Right,1,0,1,1,,HalfVolley,OffStump,,None,FrontFoot,Flick,NoMovement,Over,Medium,Right,Null,NotReferred,Null,False,False,False,False,False,True,,False,False,False,False,False,False,1,0,0,0,0,False,False,292.0,70.0,Mid On
1630853,3,3.0,5,0,0,9,1,5,76104,,39423,County Championship Division Two 2026,3,41,Kent Men,38,Middlesex Men,8710077,2026-08-21T17:24:15Z,6,18,False,,,,1739,Toby Roland-Jones,3491,Ben Compton,137,Sam Northeast,Left,0,0,0,0,,LengthBall,LegStump,,Spliced,BackFoot,Worked,NoMovement,Over,Medium,Right,Null,NotReferred,Null,False,False,False,False,False,True,,False,False,False,False,False,False,0,0,0,0,0,False,False,209.0,39.0,Square Leg
1630863,4,4.25,8,1,0,17,2,8,76104,,39423,County Championship Division Two 2026,3,41,Kent Men,38,Middlesex Men,8710094,2026-08-21T17:25:08Z,1,19,True,Caught,137.0,Sam Northeast,39,Ryan Higgins,137,Sam Northeast,3491,Ben Compton,Right,0,0,0,0,Caught,LengthBall,OffStump,Caught,OutsideEdge,FrontFoot,ForwardDefensive,SeamAway,Over,Medium,Right,Null,NotReferred,Null,False,False,False,False,False,True,1890.0,False,False,False,False,False,False,0,0,0,0,0,False,False,122.0,19.0,Third Slip
1630863,4,4.25,8,1,0,17,2,8,76104,,39423,County Championship Division Two 2026,3,41,Kent Men,38,Middlesex Men,8710109,2026-08-21T17:26:39Z,2,20,False,,,,39,Ryan Higgins,7833,Tawanda Muyeye,3491,Ben Compton,Right,4,0,4,4,,LengthBall,OutsideOff,,WellTimed,FrontFoot,Drive,NoMovement,Over,Medium,Right,Null,NotReferred,Null,False,False,False,False,False,True,,False,False,False,False,False,False,4,0,0,0,0,True,False,209.0,175.0,Cover
1630863,4,4.25,8,1,0,17,2,8,76104,,39423,County Championship Division Two 2026,3,41,Kent Men,38,Middlesex Men,8710113,2026-08-21T17:27:16Z,3,21,False,,,,39,Ryan Higgins,7833,Tawanda Muyeye,3491,Ben Compton,Right,0,0,0,0,,LengthBall,OffStump,,None,FrontFoot,ForwardDefensive,SeamIn,Over,Medium,Right,Null,NotReferred,Null,False,False,False,False,False,True,,False,False,False,False,False,False,0,0,0,0,0,False,False,329.0,60.0,Mid Wicket
1630863,4,4.25,8,1,0,17,2,8,76104,,39423,County Championship Division Two 2026,3,41,Kent Men,38,Middlesex Men,8710118,2026-08-21T17:27:41Z,4,22,False,,,,39,Ryan Higgins,7833,Tawanda Muyeye,3491,Ben Compton,Right,0,0,0,0,,HalfVolley,OutsideOff,,InsideEdge,FrontFoot,Drive,SeamIn,Over,Medium,Right,Null,NotReferred,Null,False,False,False,False,False,True,,False,False,False,False,False,False,0,0,0,0,0,False,False,285.0,57.0,Mid On
1630863,4,4.25,8,1,0,17,2,8,76104,,39423,County Championship Division Two 2026,3,41,Kent Men,38,Middlesex Men,8710123,2026-08-21T17:28:12Z,5,23,False,,,,39,Ryan Higgins,7833,Tawanda Muyeye,3491,Ben Compton,Right,0,0,0,0,,LengthBall,OutsideOff,,Missed,FrontFoot,ForwardDefensive,SeamAway,Over,Medium,Right,Null,NotReferred,Null,False,False,False,False,False,True,,False,False,False,False,False,False,0,0,0,0,0,False,False,,,Wicketkeeper
1630863,4,4.25,8,1,0,17,2,8,76104,,39423,County Championship Division Two 2026,3,41,Kent Men,38,Middlesex Men,8710131,2026-08-21T17:28:40Z,6,24,False,,,,39,Ryan Higgins,7833,Tawanda Muyeye,3491,Ben Compton,Right,4,0,4,4,,HalfVolley,OutsideOff,,WellTimed,FrontFoot,Drive,NoMovement,Over,Medium,Right,Null,NotReferred,Null,False,False,False,False,False,True,,False,False,False,False,False,False,4,0,0,0,0,True,False,203.0,174.0,
1630870,5,4.6,6,0,0,23,2,6,76104,,39423,County Championship Division Two 2026,3,41,Kent Men,38,Middlesex Men,8710140,2026-08-21T17:29:33Z,1,25,False,,,,1739,Toby Roland-Jones,3491,Ben Compton,7833,Tawanda Muyeye,Left,0,0,0,0,,LengthBall,OffStump,,Left,NoMovement,Leave,SeamAway,Over,Medium,Right,Null,NotReferred,Null,False,False,False,False,False,True,,False,False,False,False,False,False,0,0,0,0,0,False,False,,,Wicketkeeper
1630870,5,4.6,6,0,0,23,2,6,76104,,39423,County Championship Division Two 2026,3,41,Kent Men,38,Middlesex Men,8710148,2026-08-21T17:30:05Z,2,26,False,,,,1739,Toby Roland-Jones,3491,Ben Compton,7833,Tawanda Muyeye,Left,4,0,4,4,,HalfVolley,OutsideOff,,ThickEdge,FrontFoot,Drive,NoMovement,Over,Medium,Right,Null,NotReferred,Null,False,False,False,False,False,True,,False,False,False,False,False,False,4,0,0,0,0,True,False,62.0,161.0,
1630870,5,4.6,6,0,0,23,2,6,76104,,39423,County Championship Division Two 2026,3,41,Kent Men,38,Middlesex Men,8710157,2026-08-21T17:30:46Z,3,27,False,,,,1739,Toby Roland-Jones,3491,Ben Compton,7833,Tawanda Muyeye,Left,0,0,0,0,,LengthBall,MiddleStump,,Missed,BackFoot,BackwardDefensive,SeamAway,Over,Medium,Right,Null,NotReferred,Null,False,False,False,False,False,True,,False,False,False,False,False,False,0,0,0,0,0,False,False,,,Wicketkeeper
1630870,5,4.6,6,0,0,23,2,6,76104,,39423,County Championship Division Two 2026,3,41,Kent Men,38,Middlesex Men,8710163,2026-08-21T17:31:20Z,4,28,False,,,,1739,Toby Roland-Jones,3491,Ben Compton,7833,Tawanda Muyeye,Left,0,0,0,0,,LengthBall,MiddleStump,,None,BackFoot,BackwardDefensive,InSwinger,Over,Medium,Right,Null,NotReferred,Null,False,False,False,False,False,True,,False,False,False,False,False,False,0,0,0,0,0,False,False,273.0,39.0,Bowler
1630870,5,4.6,6,0,0,23,2,6,76104,,39423,County Championship Division Two 2026,3,41,Kent Men,38,Middlesex Men,8710169,2026-08-21T17:31:55Z,5,29,False,,,,1739,Toby Roland-Jones,3491,Ben Compton,7833,Tawanda Muyeye,Left,0,0,0,0,,LengthBall,MiddleStump,,Missed,FrontFoot,ForwardDefensive,SeamAway,Over,Medium,Right,Null,NotReferred,Null,False,False,False,False,False,True,,False,False,False,False,False,False,0,0,0,0,0,False,False,,,Wicketkeeper
1630870,5,4.6,6,0,0,23,2,6,76104,,39423,County Championship Division Two 2026,3,41,Kent Men,38,Middlesex Men,8710176,2026-08-21T17:32:27Z,6,30,False,,,,1739,Toby Roland-Jones,3491,Ben Compton,7833,Tawanda Muyeye,Left,2,0,2,2,,LengthBall,LegStump,,WellTimed,BackFoot,Worked,InSwinger,Over,Medium,Right,Null,NotReferred,Null,False,False,False,False,False,True,,False,False,False,False,False,False,2,0,0,0,0,False,False,158.0,120.0,Deep Backward Square Leg
1630877,6,4.67,5,0,0,28,2,5,76104,,39423,County Championship Division Two 2026,3,41,Kent Men,38,Middlesex Men,8710188,2026-08-21T17:33:27Z,1,31,False,,,,39,Ryan Higgins,7833,Tawanda Muyeye,3491,Ben Compton,Right,4,0,4,4,,LengthBall,OutsideOff,,Middled,FrontFoot,Pull,NoMovement,Over,Medium,Right,Null,NotReferred,Null,False,False,False,False,False,True,,False,False,False,False,False,False,4,0,0,0,0,True,False,306.0,178.0,
1630877,6,4.67,5,0,0,28,2,5,76104,,39423,County Championship Division Two 2026,3,41,Kent Men,38,Middlesex Men,8710198,2026-08-21T17:34:01Z,2,32,False,,,,39,Ryan Higgins,7833,Tawanda Muyeye,3491,Ben Compton,Right,1,0,1,1,,LengthBall,OffStump,,WellTimed,FrontFoot,Worked,SeamIn,Over,Medium,Right,Null,NotReferred,Null,False,False,False,False,False,True,,False,False,False,False,False,False,1,0,0,0,0,False,False,63.0,127.0,Fine Leg
1630877,6,4.67,5,0,0,28,2,5,76104,,39423,County Championship Division Two 2026,3,41,Kent Men,38,Middlesex Men,8710202,2026-08-21T17:34:45Z,3,33,False,,,,39,Ryan Higgins,3491,Ben Compton,7833,Tawanda Muyeye,Left,0,0,0,0,,LengthBall,OutsideOff,,None,BackFoot,BackwardDefensive,InSwinger,Round,Medium,Right,Null,NotReferred,Null,False,False,False,False,False,True,,False,False,False,False,False,False,0,0,0,0,0,False,False,282.0,39.0,Bowler
1630877,6,4.67,5,0,0,28,2,5,76104,,39423,County Championship Division Two 2026,3,41,Kent Men,38,Middlesex Men,8710207,2026-08-21T17:35:13Z,4,34,False,,,,39,Ryan Higgins,3491,Ben Compton,7833,Tawanda Muyeye,Left,0,0,0,0,,LengthBall,Wide,,ShouldersArms,NoMovement,ShouldersArms,NoMovement,Round,Medium,Right,Null,NotReferred,Null,False,False,False,False,False,True,,False,False,False,False,False,False,0,0,0,0,0,False,False,,,Wicketkeeper
1630877,6,4.67,5,0,0,28,2,5,76104,,39423,County Championship Division Two 2026,3,41,Kent Men,38,Middlesex Men,8710215,2026-08-21T17:35:41Z,5,35,False,,,,39,Ryan Higgins,3491,Ben Compton,7833,Tawanda Muyeye,Left,0,0,0,0,,LengthBall,MiddleStump,,None,BackFoot,BackwardDefensive,InSwinger,Over,Medium,Right,Null,NotReferred,Null,False,False,False,False,False,True,,False,False,False,False,False,False,0,0,0,0,0,False,False,307.0,44.0,Extra Cover
1630877,6,4.67,5,0,0,28,2,5,76104,,39423,County Championship Division Two 2026,3,41,Kent Men,38,Middlesex Men,8710222,2026-08-21T17:36:10Z,6,36,False,,,,39,Ryan Higgins,3491,Ben Compton,7833,Tawanda Muyeye,Left,0,0,0,0,,LengthBall,OutsideOff,Lbw,HitPad,FrontFoot,ForwardDefensive,InSwinger,Round,Medium,Right,Null,NotReferred,Null,False,False,False,False,False,True,1890.0,False,False,False,False,False,False,0,0,0,0,0,False,False,,,
1630884,7,4.14,1,0,0,29,2,1,76104,,39423,County Championship Division Two 2026,3,41,Kent Men,38,Middlesex Men,8710229,2026-08-21T17:37:00Z,1,37,False,,,,1739,Toby Roland-Jones,7833,Tawanda Muyeye,3491,Ben Compton,Right,0,0,0,0,,LengthBall,OutsideOff,,MisTimed,DownTheTrack,Worked,SeamIn,Over,Medium,Right,Null,NotReferred,Null,False,False,False,False,False,True,,False,False,False,False,False,False,0,0,0,0,0,False,True,320.0,47.0,Mid Wicket
1630884,7,4.14,1,0,0,29,2,1,76104,,39423,County Championship Division Two 2026,3,41,Kent Men,38,Middlesex Men,8710236,2026-08-21T17:37:33Z,2,38,False,,,,1739,Toby Roland-Jones,7833,Tawanda Muyeye,3491,Ben Compton,Right,0,0,0,0,,HalfVolley,OutsideOff,,OutsideEdge,DownTheTrack,Drive,NoMovement,Over,Medium,Right,Null,NotReferred,Null,False,False,False,False,False,True,,False,False,False,False,False,False,0,0,0,0,0,False,False,102.0,19.0,First Slip
1630884,7,4.14,1,0,0,29,2,1,76104,,39423,County Championship Division Two 2026,3,41,Kent Men,38,Middlesex Men,8710241,2026-08-21T17:38:06Z,3,39,False,,,,1739,Toby Roland-Jones,7833,Tawanda Muyeye,3491,Ben Compton,Right,0,0,0,0,,LengthBall,OutsideOff,,None,FrontFoot,ForwardDefensive,SeamIn,Over,Medium,Right,Null,NotReferred,Null,False,False,False,False,False,True,,False,False,False,False,False,False,0,0,0,0,0,False,False,214.0,41.0,Extra Cover
1630884,7,4.14,1,0,0,29,2,1,76104,,39423,County Championship Division Two 2026,3,41,Kent Men,38,Middlesex Men,8710250,2026-08-21T17:38:40Z,4,40,False,,,,1739,Toby Roland-Jones,7833,Tawanda Muyeye,3491,Ben Compton,Right,0,0,0,0,,LengthBall,OutsideOff,,OutsideEdge,DownTheTrack,Pushed,SeamAway,Over,Medium,Right,Null,NotReferred,Null,False,False,False,False,False,True,,False,False,False,False,False,False,0,0,0,0,0,False,False,129.0,21.0,Gully
1630884,7,4.14,1,0,0,29,2,1,76104,,39423,County Championship Division Two 2026,3,41,Kent Men,38,Middlesex Men,8710255,2026-08-21T17:39:17Z,5,41,False,,,,1739,Toby Roland-Jones,7833,Tawanda Muyeye,3491,Ben Compton,Right,1,0,1,1,,LengthBall,OffStump,,None,FrontFoot,Glance,SeamIn,Over,Medium,Right,Null,NotReferred,Null,False,False,False,False,False,True,,False,False,False,False,False,False,1,0,0,0,0,False,False,62.0,132.0,Fine Leg
1630884,7,4.14,1,0,0,29,2,1,76104,,39423,County Championship Division Two 2026,3,41,Kent Men,38,Middlesex Men,8710263,2026-08-21T17:40:00Z,6,42,False,,,,1739,Toby Roland-Jones,3491,Ben Compton,7833,Tawanda Muyeye,Left,0,0,0,0,,LengthBall,OutsideOff,,Left,NoMovement,Leave,InSwinger,Round,Medium,Right,Null,NotReferred,Null,False,False,False,False,False,True,,False,False,False,False,False,False,0,0,0,0,0,False,False,,,Wicketkeeper
1630890,8,4.62,8,0,0,37,2,8,76104,,39423,County Championship Division Two 2026,3,41,Kent Men,38,Middlesex Men,8710271,2026-08-21T17:40:53Z,1,43,False,,,,2683,Tom Helm,7833,Tawanda Muyeye,3491,Ben Compton,Right,0,0,0,0,,HalfVolley,OutsideOff,,MisTimed,FrontFoot,Drive,NoMovement,Over,FastSeam,Right,Null,NotReferred,Null,False,False,False,False,False,True,,False,False,False,False,False,False,0,0,0,0,0,False,False,282.0,62.0,Mid On
1630890,8,4.62,8,0,0,37,2,8,76104,,39423,County Championship Division Two 2026,3,41,Kent Men,38,Middlesex Men,8710274,2026-08-21T17:41:25Z,2,44,False,,,,2683,Tom Helm,7833,Tawanda Muyeye,3491,Ben Compton,Right,0,0,0,0,,HalfVolley,OutsideOff,,Left,NoMovement,Leave,AwaySwinger,Over,FastSeam,Right,Null,NotReferred,Null,False,False,False,False,False,True,,False,False,False,False,False,False,0,0,0,0,0,False,False,,,Wicketkeeper
1630890,8,4.62,8,0,0,37,2,8,76104,,39423,County Championship Division Two 2026,3,41,Kent Men,38,Middlesex Men,8710276,2026-08-21T17:41:55Z,3,45,False,,,,2683,Tom Helm,7833,Tawanda Muyeye,3491,Ben Compton,Right,4,0,4,4,,HalfVolley,MiddleStump,,Middled,BackFoot,Worked,NoMovement,Over,FastSeam,Right,Null,NotReferred,Null,False,False,False,False,False,True,,False,False,False,False,False,False,4,0,0,0,0,True,False,19.0,167.0,
1630890,8,4.62,8,0,0,37,2,8,76104,,39423,County Championship Division Two 2026,3,41,Kent Men,38,Middlesex Men,8710282,2026-08-21T17:42:33Z,4,46,False,,,,2683,Tom Helm,7833,Tawanda Muyeye,3491,Ben Compton,Right,2,0,2,2,,HalfVolley,OutsideOff,,WellTimed,FrontFoot,Drive,NoMovement,Over,FastSeam,Right,Null,NotReferred,Null,False,False,False,False,False,True,,False,False,False,False,False,False,2,0,0,0,0,False,False,198.0,148.0,Deep Cover
1630890,8,4.62,8,0,0,37,2,8,76104,,39423,County Championship Division Two 2026,3,41,Kent Men,38,Middlesex Men,8710287,2026-08-21T17:43:09Z,5,47,False,,,,2683,Tom Helm,7833,Tawanda Muyeye,3491,Ben Compton,Right,2,0,2,2,,HalfVolley,OffStump,,MisTimed,FrontFoot,Flick,NoMovement,Over,FastSeam,Right,Null,NotReferred,Null,False,False,False,False,False,True,,False,False,False,False,False,False,2,0,0,0,0,False,True,283.0,146.0,Long On
1630890,8,4.62,8,0,0,37,2,8,76104,,39423,County Championship Division Two 2026,3,41,Kent Men,38,Middlesex Men,8710292,2026-08-21T17:43:43Z,6,48,False,,,,2683,Tom Helm,7833,Tawanda Muyeye,3491,Ben Compton,Right,0,0,0,0,,LengthBall,OutsideOff,,None,BackFoot,BackwardDefensive,NoMovement,Over,FastSeam,Right,Null,NotReferred,Null,False,False,False,False,False,True,,False,False,False,False,False,False,0,0,0,0,0,False,False,211.0,46.0,Extra Cover
1630896,9,4.11,0,0,0,37,2,0,76104,,39423,County Championship Division Two 2026,3,41,Kent Men,38,Middlesex Men,8710298,2026-08-21T17:44:32Z,1,49,False,,,,1739,Toby Roland-Jones,3491,Ben Compton,7833,Tawanda Muyeye,Left,0,0,0,0,,LengthBall,OutsideOff,,Missed,BackFoot,BackwardDefensive,SeamAway,Round,Medium,Right,Null,NotReferred,Null,False,False,False,False,False,True,,False,False,False,False,False,False,0,0,0,0,0,False,False,,,Wicketkeeper
1630896,9,4.11,0,0,0,37,2,0,76104,,39423,County Championship Division Two 2026,3,41,Kent Men,38,Middlesex Men,8710303,2026-08-21T17:45:06Z,2,50,False,,,,1739,Toby Roland-Jones,3491,Ben Compton,7833,Tawanda Muyeye,Left,0,0,0,0,,HalfVolley,OutsideOff,,None,FrontFoot,ForwardDefensive,SeamIn,Round,Medium,Right,Null,NotReferred,Null,False,False,False,False,False,True,,False,False,False,False,False,False,0,0,0,0,0,False,False,277.0,41.0,Bowler
1630896,9,4.11,0,0,0,37,2,0,76104,,39423,County Championship Division Two 2026,3,41,Kent Men,38,Middlesex Men,8710307,2026-08-21T17:45:37Z,3,51,False,,,,1739,Toby Roland-Jones,3491,Ben Compton,7833,Tawanda Muyeye,Left,0,0,0,0,,LengthBall,OutsideOff,,None,BackFoot,BackwardDefensive,SeamIn,Round,Medium,Right,Null,NotReferred,Null,False,False,False,False,False,True,,False,False,False,False,False,False,0,0,0,0,0,False,False,273.0,39.0,Bowler
1630896,9,4.11,0,0,0,37,2,0,76104,,39423,County Championship Division Two 2026,3,41,Kent Men,38,Middlesex Men,8710314,2026-08-21T17:46:12Z,4,52,False,,,,1739,Toby Roland-Jones,3491,Ben Compton,7833,Tawanda Muyeye,Left,0,0,0,0,,BackOfALength,OutsideOff,,BottomEdge,BackFoot,Cut,SeamIn,Round,Medium,Right,Null,NotReferred,Null,False,False,False,False,False,True,,False,False,False,False,False,False,0,0,0,0,0,False,False,89.0,10.0,Wicketkeeper
1630896,9,4.11,0,0,0,37,2,0,76104,,39423,County Championship Division Two 2026,3,41,Kent Men,38,Middlesex Men,8710317,2026-08-21T17:46:47Z,5,53,False,,,,1739,Toby Roland-Jones,3491,Ben Compton,7833,Tawanda Muyeye,Left,0,0,0,0,,LengthBall,OutsideOff,,ShouldersArms,NoMovement,ShouldersArms,SeamAway,Round,Medium,Right,Null,NotReferred,Null,False,False,False,False,False,True,,False,False,False,False,False,False,0,0,0,0,0,False,False,,,Wicketkeeper
1630896,9,4.11,0,0,0,37,2,0,76104,,39423,County Championship Division Two 2026,3,41,Kent Men,38,Middlesex Men,8710320,2026-08-21T17:47:19Z,6,54,False,,,,1739,Toby Roland-Jones,3491,Ben Compton,7833,Tawanda Muyeye,Left,0,0,0,0,,LengthBall,OutsideOff,,None,BackFoot,BackwardDefensive,NoMovement,Round,Medium,Right,Null,NotReferred,Null,False,False,False,False,False,True,,False,False,False,False,False,False,0,0,0,0,0,False,False,271.0,41.0,Bowler
1630900,10,3.8,1,0,0,38,2,1,76104,,39423,County Championship Division Two 2026,3,41,Kent Men,38,Middlesex Men,8710325,2026-08-21T17:48:07Z,1,55,False,,,,2683,Tom Helm,7833,Tawanda Muyeye,3491,Ben Compton,Right,0,0,0,0,,BackOfALength,OutsideOff,,HitBody,BackFoot,Pull,NoMovement,Over,FastSeam,Right,Null,NotReferred,Null,False,False,False,False,False,True,,False,False,False,False,False,False,0,0,0,0,0,False,False,109.0,18.0,Wicketkeeper
1630900,10,3.8,1,0,0,38,2,1,76104,,39423,County Championship Division Two 2026,3,41,Kent Men,38,Middlesex Men,8710333,2026-08-21T17:48:45Z,2,56,False,,,,2683,Tom Helm,7833,Tawanda Muyeye,3491,Ben Compton,Right,1,0,1,1,,LengthBall,OffStump,,WellTimed,BackFoot,Worked,NoMovement,Over,FastSeam,Right,Null,NotReferred,Null,False,False,False,False,False,True,,False,False,False,False,False,False,1,0,0,0,0,False,False,17.0,116.0,Deep Backward Square Leg
1630900,10,3.8,1,0,0,38,2,1,76104,,39423,County Championship Division Two 2026,3,41,Kent Men,38,Middlesex Men,8710337,2026-08-21T17:49:24Z,3,57,False,,,,2683,Tom Helm,3491,Ben Compton,7833,Tawanda Muyeye,Left,0,0,0,0,,LengthBall,OutsideOff,,Missed,FrontFoot,ForwardDefensive,SeamAway,Round,FastSeam,Right,Null,NotReferred,Null,False,False,False,False,False,True,,False,False,False,False,False,False,0,0,0,0,0,False,False,,,Wicketkeeper
1630900,10,3.8,1,0,0,38,2,1,76104,,39423,County Championship Division Two 2026,3,41,Kent Men,38,Middlesex Men,8710342,2026-08-21T17:50:00Z,4,58,False,,,,2683,Tom Helm,3491,Ben Compton,7833,Tawanda Muyeye,Left,0,0,0,0,,LengthBall,OutsideOff,,None,FrontFoot,ForwardDefensive,SeamIn,Round,FastSeam,Right,Null,NotReferred,Null,False,False,False,False,False,True,,False,False,False,False,False,False,0,0,0,0,0,False,False,292.0,55.0,Mid Off
1630900,10,3.8,1,0,0,38,2,1,76104,,39423,County Championship Division Two 2026,3,41,Kent Men,38,Middlesex Men,8710348,2026-08-21T17:50:30Z,5,59,False,,,,2683,Tom Helm,3491,Ben Compton,7833,Tawanda Muyeye,Left,0,0,0,0,,LengthBall,OutsideOff,,InsideEdge,BackFoot,BackwardDefensive,NoMovement,Round,FastSeam,Right,Null,NotReferred,Null,False,False,False,False,False,True,,False,False,False,False,False,False,0,0,0,0,0,False,False,209.0,39.0,Square Leg
1630900,10,3.8,1,0,0,38,2,1,76104,,39423,County Championship Division Two 2026,3,41,Kent Men,38,Middlesex Men,8710351,2026-08-21T17:51:03Z,6,60,False,,,,2683,Tom Helm,3491,Ben Compton,7833,Tawanda Muyeye,Left,0,0,0,0,,LengthBall,OutsideOff,,None,FrontFoot,ForwardDefensive,NoMovement,Round,FastSeam,Right,Null,NotReferred,Null,False,False,False,False,False,True,,False,False,False,False,False,False,0,0,0,0,0,False,False,269.0,41.0,Bowler
1631124,11,3.73,3,0,0,41,2,3,76104,,39423,County Championship Division Two 2026,3,41,Kent Men,38,Middlesex Men,8711687,2026-08-22T09:59:45Z,1,61,False,,,,1739,Toby Roland-Jones,7833,Tawanda Muyeye,3491,Ben Compton,Right,0,0,0,0,,HalfVolley,OffStump,,None,FrontFoot,Pushed,NoMovement,Over,Medium,Right,Null,NotReferred,Null,False,False,False,False,False,True,,False,False,False,False,False,False,0,0,0,0,0,False,False,278.0,88.0,Mid On
1631124,11,3.73,3,0,0,41,2,3,76104,,39423,County Championship Division Two 2026,3,41,Kent Men,38,Middlesex Men,8711691,2026-08-22T10:00:12Z,2,62,False,,,,1739,Toby Roland-Jones,7833,Tawanda Muyeye,3491,Ben Compton,Right,1,0,1,1,,LengthBall,OutsideOff,,None,FrontFoot,Pushed,NoMovement,Over,Medium,Right,Null,NotReferred,Null,False,False,False,False,False,True,,False,False,False,False,False,False,1,0,0,0,0,False,False,194.0,74.0,Cover
1631124,11,3.73,3,0,0,41,2,3,76104,,39423,County Championship Division Two 2026,3,41,Kent Men,38,Middlesex Men,8711699,2026-08-22T10:01:07Z,3,63,False,,,,1739,Toby Roland-Jones,3491,Ben Compton,7833,Tawanda Muyeye,Left,0,0,0,0,,LengthBall,OffStump,,Left,NoMovement,Leave,NoMovement,Over,Medium,Right,Null,NotReferred,Null,False,False,False,False,False,True,,False,False,False,False,False,False,0,0,0,0,0,False,False,,,Wicketkeeper
1631124,11,3.73,3,0,0,41,2,3,76104,,39423,County Championship Division Two 2026,3,41,Kent Men,38,Middlesex Men,8711708,2026-08-22T10:01:41Z,4,64,False,,,,1739,Toby Roland-Jones,3491,Ben Compton,7833,Tawanda Muyeye,Left,0,0,0,0,,LengthBall,MiddleStump,,None,FrontFoot,ForwardDefensive,NoMovement,Over,Medium,Right,Null,NotReferred,Null,False,False,False,False,False,True,,False,False,False,False,False,False,0,0,0,0,0,False,False,224.0,70.0,Mid Wicket
1631124,11,3.73,3,0,0,41,2,3,76104,,39423,County Championship Division Two 2026,3,41,Kent Men,38,Middlesex Men,8711716,2026-08-22T10:02:14Z,5,65,False,,,,1739,Toby Roland-Jones,3491,Ben Compton,7833,Tawanda Muyeye,Left,0,0,0,0,,LengthBall,OutsideOff,,Left,NoMovement,Leave,NoMovement,Over,Medium,Right,Null,NotReferred,Null,False,False,False,False,False,True,,False,False,False,False,False,False,0,0,0,0,0,False,False,,,Wicketkeeper
1631124,11,3.73,3,0,0,41,2,3,76104,,39423,County Championship Division Two 2026,3,41,Kent Men,38,Middlesex Men,8711727,2026-08-22T10:02:47Z,6,66,False,,,,1739,Toby Roland-Jones,3491,Ben Compton,7833,Tawanda Muyeye,Left,2,0,2,2,,HalfVolley,OutsideOff,,WellTimed,FrontFoot,Pushed,NoMovement,Round,Medium,Right,Null,NotReferred,Null,False,False,False,False,False,True,,False,False,False,False,False,False,2,0,0,0,0,False,False,302.0,126.0,Deep Extra Cover
1631134,12,3.75,4,0,0,45,2,4,76104,,39423,County Championship Division Two 2026,3,41,Kent Men,38,Middlesex Men,8711744,2026-08-22T10:03:57Z,1,67,False,,,,39,Ryan Higgins,7833,Tawanda Muyeye,3491,Ben Compton,Right,0,0,0,0,,LengthBall,OutsideOff,,Missed,FrontFoot,Drive,NoMovement,Over,Medium,Right,Null,NotReferred,Null,False,False,False,False,False,True,,False,False,False,False,False,False,0,0,0,0,0,False,False,,,Wicketkeeper
1631134,12,3.75,4,0,0,45,2,4,76104,,39423,County Championship Division Two 2026,3,41,Kent Men,38,Middlesex Men,8711750,2026-08-22T10:04:25Z,2,68,False,,,,39,Ryan Higgins,7833,Tawanda Muyeye,3491,Ben Compton,Right,0,0,0,0,,LengthBall,OffStump,,None,FrontFoot,Worked,NoMovement,Over,Medium,Right,Null,NotReferred,Null,False,False,False,False,False,True,,False,False,False,False,False,False,0,0,0,0,0,False,False,334.0,55.0,Square Leg
1631134,12,3.75,4,0,0,45,2,4,76104,,39423,County Championship Division Two 2026,3,41,Kent Men,38,Middlesex Men,8711754,2026-08-22T10:04:53Z,3,69,False,,,,39,Ryan Higgins,7833,Tawanda Muyeye,3491,Ben Compton,Right,0,0,0,0,,LengthBall,OffStump,,None,FrontFoot,ForwardDefensive,NoMovement,Over,Medium,Right,Null,NotReferred,Null,False,False,False,False,False,True,,False,False,False,False,False,False,0,0,0,0,0,False,False,328.0,48.0,Mid Wicket
1631134,12,3.75,4,0,0,45,2,4,76104,,39423,County Championship Division Two 2026,3,41,Kent Men,38,Middlesex Men,8711767,2026-08-22T10:05:55Z,4,70,False,,,,39,Ryan Higgins,7833,Tawanda Muyeye,3491,Ben Compton,Right,0,0,0,0,,LengthBall,LegStump,,PlayAndMissLegSide,FrontFoot,Glance,NoMovement,Over,Medium,Right,Null,NotReferred,Null,False,False,False,False,False,True,,False,False,False,False,False,False,0,0,0,0,0,False,False,,,Wicketkeeper
1631134,12,3.75,4,0,0,45,2,4,76104,,39423,County Championship Division Two 2026,3,41,Kent Men,38,Middlesex Men,8711774,2026-08-22T10:06:25Z,5,71,False,,,,39,Ryan Higgins,7833,Tawanda Muyeye,3491,Ben Compton,Right,4,0,4,4,,HalfVolley,OutsideOff,,WellTimed,FrontFoot,Drive,NoMovement,Over,Medium,Right,Null,NotReferred,Null,False,False,False,False,False,True,,False,False,False,False,False,False,4,0,0,0,0,True,False,204.0,174.0,
1631134,12,3.75,4,0,0,45,2,4,76104,,39423,County Championship Division Two 2026,3,41,Kent Men,38,Middlesex Men,8711785,2026-08-22T10:07:13Z,6,72,False,,,,39,Ryan Higgins,7833,Tawanda Muyeye,3491,Ben Compton,Right,0,0,0,0,,LengthBall,OffStump,,None,FrontFoot,Worked,NoMovement,Over,Medium,Right,Null,NotReferred,Null,False,False,False,False,False,True,,False,False,False,False,False,False,0,0,0,0,0,False,False,323.0,42.0,Mid Wicket
1631144,13,3.77,4,0,0,49,2,4,76104,,39423,County Championship Division Two 2026,3,41,Kent Men,38,Middlesex Men,8711797,2026-08-22T10:08:01Z,1,73,False,,,,1739,Toby Roland-Jones,3491,Ben Compton,7833,Tawanda Muyeye,Left,0,0,0,0,,LengthBall,OutsideOff,Lbw,HitPad,BackFoot,BackwardDefensive,SeamIn,Round,Medium,Right,Null,NotReferred,Null,False,False,False,False,False,True,1808.0,False,False,False,False,False,False,0,0,0,0,0,False,False,,,
1631144,13,3.77,4,0,0,49,2,4,76104,,39423,County Championship Division Two 2026,3,41,Kent Men,38,Middlesex Men,8711804,2026-08-22T10:08:42Z,2,74,False,,,,1739,Toby Roland-Jones,3491,Ben Compton,7833,Tawanda Muyeye,Left,0,0,0,0,,LengthBall,OutsideOff,,None,BackFoot,Dropped,NoMovement,Round,Medium,Right,Null,NotReferred,Null,False,False,False,False,False,True,,False,False,False,False,False,False,0,0,0,0,0,False,False,344.0,66.0,Cover
1631144,13,3.77,4,0,0,49,2,4,76104,,39423,County Championship Division Two 2026,3,41,Kent Men,38,Middlesex Men,8711812,2026-08-22T10:09:18Z,3,75,False,,,,1739,Toby Roland-Jones,3491,Ben Compton,7833,Tawanda Muyeye,Left,0,0,0,0,,LengthBall,OutsideOff,,None,BackFoot,BackwardDefensive,NoMovement,Round,Medium,Right,Null,NotReferred,Null,False,False,False,False,False,True,,False,False,False,False,False,False,0,0,0,0,0,False,False,342.0,61.0,Cover
1631144,13,3.77,4,0,0,49,2,4,76104,,39423,County Championship Division Two 2026,3,41,Kent Men,38,Middlesex Men,8711819,2026-08-22T10:09:51Z,4,76,False,,,,1739,Toby Roland-Jones,3491,Ben Compton,7833,Tawanda Muyeye,Left,0,0,0,0,,HalfVolley,OutsideOff,,None,FrontFoot,ForwardDefensive,NoMovement,Round,Medium,Right,Null,NotReferred,Null,False,False,False,False,False,True,,False,False,False,False,False,False,0,0,0,0,0,False,False,283.0,76.0,Mid Off
1631144,13,3.77,4,0,0,49,2,4,76104,,39423,County Championship Division Two 2026,3,41,Kent Men,38,Middlesex Men,8711824,2026-08-22T10:10:24Z,5,77,False,,,,1739,Toby Roland-Jones,3491,Ben Compton,7833,Tawanda Muyeye,Left,0,0,0,0,,LengthBall,Wide,,WellTimed,BackFoot,Cut,NoMovement,Round,Medium,Right,Null,NotReferred,Null,False,False,False,False,False,True,,False,False,False,False,False,False,0,0,0,0,0,False,False,1.0,83.0,Backward Point
1631144,13,3.77,4,0,0,49,2,4,76104,,39423,County Championship Division Two 2026,3,41,Kent Men,38,Middlesex Men,8711831,2026-08-22T10:10:57Z,6,78,False,,,,1739,Toby Roland-Jones,3491,Ben Compton,7833,Tawanda Muyeye,Left,4,0,4,4,,HalfVolley,OffStump,,Middled,FrontFoot,Pushed,NoMovement,Round,Medium,Right,Null,NotReferred,Null,False,False,False,False,False,True,,False,False,False,False,False,False,4,0,0,0,0,True,False,258.0,180.0,
1631154,14,3.86,5,0,0,54,2,5,76104,,39423,County Championship Division Two 2026,3,41,Kent Men,38,Middlesex Men,8711843,2026-08-22T10:11:53Z,1,79,False,,,,39,Ryan Higgins,7833,Tawanda Muyeye,3491,Ben Compton,Right,0,0,0,0,,LengthBall,OutsideOff,,None,DownTheTrack,ForwardDefensive,NoMovement,Over,Medium,Right,Null,NotReferred,Null,False,False,False,False,False,True,,False,False,False,False,False,False,0,0,0,0,0,False,False,269.0,35.0,Bowler
1631154,14,3.86,5,0,0,54,2,5,76104,,39423,County Championship Division Two 2026,3,41,Kent Men,38,Middlesex Men,8711851,2026-08-22T10:12:35Z,2,80,False,,,,39,Ryan Higgins,7833,Tawanda Muyeye,3491,Ben Compton,Right,1,0,1,1,,LengthBall,OutsideOff,,None,FrontFoot,Pushed,NoMovement,Over,Medium,Right,Null,NotReferred,Null,False,False,False,False,False,True,,False,False,False,False,False,False,1,0,0,0,0,False,False,215.0,64.0,Extra Cover
1631154,14,3.86,5,0,0,54,2,5,76104,,39423,County Championship Division Two 2026,3,41,Kent Men,38,Middlesex Men,8711864,2026-08-22T10:13:25Z,3,81,False,,,,39,Ryan Higgins,3491,Ben Compton,7833,Tawanda Muyeye,Left,4,0,4,4,,HalfVolley,OffStump,,WellTimed,FrontFoot,Flick,NoMovement,Round,Medium,Right,Null,NotReferred,Null,False,False,False,False,False,True,,False,False,False,False,False,False,4,0,0,0,0,True,False,194.0,172.0,
1631154,14,3.86,5,0,0,54,2,5,76104,,39423,County Championship Division Two 2026,3,41,Kent Men,38,Middlesex Men,8711871,2026-08-22T10:14:04Z,4,82,False,,,,39,Ryan Higgins,3491,Ben Compton,7833,Tawanda Muyeye,Left,0,0,0,0,,HalfVolley,OutsideOff,,None,FrontFoot,Drive,NoMovement,Round,Medium,Right,Null,NotReferred,Null,False,False,False,False,False,True,,False,False,False,False,False,False,0,0,0,0,0,False,False,263.0,83.0,Mid On
1631154,14,3.86,5,0,0,54,2,5,76104,,39423,County Championship Division Two 2026,3,41,Kent Men,38,Middlesex Men,8711879,2026-08-22T10:14:36Z,5,83,False,,,,39,Ryan Higgins,3491,Ben Compton,7833,Tawanda Muyeye,Left,0,0,0,0,,LengthBall,OutsideOff,,None,FrontFoot,ForwardDefensive,NoMovement,Round,Medium,Right,Null,NotReferred,Null,False,False,False,False,False,True,,False,False,False,False,False,False,0,0,0,0,0,False,False,253.0,66.0,Mid On
1631154,14,3.86,5,0,0,54,2,5,76104,,39423,County Championship Division Two 2026,3,41,Kent Men,38,Middlesex Men,8711886,2026-08-22T10:15:07Z,6,84,False,,,,39,Ryan Higgins,3491,Ben Compton,7833,Tawanda Muyeye,Left,0,0,0,0,,LengthBall,OutsideOff,,None,BackFoot,Dropped,NoMovement,Round,Medium,Right,Null,NotReferred,Null,False,False,False,False,False,True,,False,False,False,False,False,False,0,0,0,0,0,False,False,331.0,54.0,Cover
1631164,15,3.8,3,0,0,57,2,3,76104,,39423,County Championship Division Two 2026,3,41,Kent Men,38,Middlesex Men,8711900,2026-08-22T10:16:07Z,1,85,False,,,,1739,Toby Roland-Jones,7833,Tawanda Muyeye,3491,Ben Compton,Right,1,0,1,1,,LengthBall,OutsideOff,,None,DownTheTrack,Pushed,NoMovement,Over,Medium,Right,Null,NotReferred,Null,False,False,False,False,False,True,,False,False,False,False,False,False,1,0,0,0,0,False,False,186.0,100.0,Deep Cover
1631164,15,3.8,3,0,0,57,2,3,76104,,39423,County Championship Division Two 2026,3,41,Kent Men,38,Middlesex Men,8711909,2026-08-22T10:16:49Z,2,86,False,,,,1739,Toby Roland-Jones,3491,Ben Compton,7833,Tawanda Muyeye,Left,0,0,0,0,,LengthBall,OutsideOff,,Left,NoMovement,Leave,NoMovement,Round,Medium,Right,Null,NotReferred,Null,False,False,False,False,False,True,,False,False,False,False,False,False,0,0,0,0,0,False,False,,,Wicketkeeper
1631164,15,3.8,3,0,0,57,2,3,76104,,39423,County Championship Division Two 2026,3,41,Kent Men,38,Middlesex Men,8711917,2026-08-22T10:17:24Z,3,87,False,,,,1739,Toby Roland-Jones,3491,Ben Compton,7833,Tawanda Muyeye,Left,1,0,1,1,,LengthBall,OutsideOff,,None,BackFoot,Dropped,NoMovement,Round,Medium,Right,Null,NotReferred,Null,False,False,False,False,False,True,,False,False,False,False,False,False,1,0,0,0,0,False,False,32.0,25.0,Gully
1631164,15,3.8,3,0,0,57,2,3,76104,,39423,County Championship Division Two 2026,3,41,Kent Men,38,Middlesex Men,8711926,2026-08-22T10:18:08Z,4,88,False,,,,1739,Toby Roland-Jones,7833,Tawanda Muyeye,3491,Ben Compton,Right,0,0,0,0,,LengthBall,OffStump,Lbw,HitPad,FrontFoot,Worked,SeamIn,Over,Medium,Right,Null,NotReferred,Null,False,False,False,False,False,True,1808.0,False,False,False,False,False,False,0,0,0,0,0,False,False,,,
1631164,15,3.8,3,0,0,57,2,3,76104,,39423,County Championship Division Two 2026,3,41,Kent Men,38,Middlesex Men,8711937,2026-08-22T10:18:48Z,5,89,False,,,,1739,Toby Roland-Jones,7833,Tawanda Muyeye,3491,Ben Compton,Right,0,0,0,0,,LengthBall,OutsideOff,,InsideEdge,DownTheTrack,ForwardDefensive,SeamIn,Over,Medium,Right,Null,NotReferred,Null,False,False,False,False,False,True,,False,False,False,False,False,False,0,0,0,0,0,False,True,131.0,23.0,Gully
1631164,15,3.8,3,0,0,57,2,3,76104,,39423,County Championship Division Two 2026,3,41,Kent Men,38,Middlesex Men,8711947,2026-08-22T10:19:25Z,6,90,False,,,,1739,Toby Roland-Jones,7833,Tawanda Muyeye,3491,Ben Compton,Right,1,0,1,1,,LengthBall,OffStump,,None,DownTheTrack,Pushed,NoMovement,Over,Medium,Right,Null,NotReferred,Null,False,False,False,False,False,True,,False,False,False,False,False,False,1,0,0,0,0,False,False,294.0,50.0,Mid On
1631175,16,3.81,4,0,0,61,2,4,76104,,39423,County Championship Division Two 2026,3,41,Kent Men,38,Middlesex Men,8711968,2026-08-22T10:21:03Z,1,91,False,,,,39,Ryan Higgins,7833,Tawanda Muyeye,3491,Ben Compton,Right,0,0,0,0,,LengthBall,OutsideOff,,Missed,DownTheTrack,ForwardDefensive,SeamAway,Over,Medium,Right,Null,NotReferred,Null,False,False,False,False,False,True,,False,False,False,False,False,False,0,0,0,0,0,False,False,,,Wicketkeeper
1631175,16,3.81,4,0,0,61,2,4,76104,,39423,County Championship Division Two 2026,3,41,Kent Men,38,Middlesex Men,8711977,2026-08-22T10:21:36Z,2,92,False,,,,39,Ryan Higgins,7833,Tawanda Muyeye,3491,Ben Compton,Right,0,0,0,0,,LengthBall,OutsideOff,,HitPad,FrontFoot,Pull,NoMovement,Over,Medium,Right,Null,NotReferred,Null,False,False,False,False,False,True,,False,False,False,False,False,False,0,0,0,0,0,False,False,326.0,33.0,Mid Wicket
1631175,16,3.81,4,0,0,61,2,4,76104,,39423,County Championship Division Two 2026,3,41,Kent Men,38,Middlesex Men,8711985,2026-08-22T10:22:10Z,3,93,False,,,,39,Ryan Higgins,7833,Tawanda Muyeye,3491,Ben Compton,Right,0,0,0,0,,LengthBall,OutsideOff,,None,BackFoot,Pushed,NoMovement,Over,Medium,Right,Null,NotReferred,Null,False,False,False,False,False,True,,False,False,False,False,False,False,0,0,0,0,0,False,False,211.0,54.0,Extra Cover
1631175,16,3.81,4,0,0,61,2,4,76104,,39423,County Championship Division Two 2026,3,41,Kent Men,38,Middlesex Men,8711993,2026-08-22T10:22:42Z,4,94,False,,,,39,Ryan Higgins,7833,Tawanda Muyeye,3491,Ben Compton,Right,0,0,0,0,,LengthBall,OffStump,,None,DownTheTrack,Worked,NoMovement,Over,Medium,Right,Null,NotReferred,Null,False,False,False,False,False,True,,False,False,False,False,False,False,0,0,0,0,0,False,False,329.0,49.0,Mid Wicket
1631175,16,3.81,4,0,0,61,2,4,76104,,39423,County Championship Division Two 2026,3,41,Kent Men,38,Middlesex Men,8712001,2026-08-22T10:23:12Z,5,95,False,,,,39,Ryan Higgins,7833,Tawanda Muyeye,3491,Ben Compton,Right,4,0,4,4,,LengthBall,OffStump,,Middled,BackFoot,Flick,NoMovement,Over,Medium,Right,Null,NotReferred,Null,False,False,False,False,False,True,,False,False,False,False,False,False,4,0,0,0,0,True,False,301.0,179.0,
1631175,16,3.81,4,0,0,61,2,4,76104,,39423,County Championship Division Two 2026,3,41,Kent Men,38,Middlesex Men,8712010,2026-08-22T10:23:51Z,6,96,False,,,,39,Ryan Higgins,7833,Tawanda Muyeye,3491,Ben Compton,Right,0,0,0,0,,LengthBall,OutsideOff,,None,FrontFoot,Dropped,NoMovement,Over,Medium,Right,Null,NotReferred,Null,False,False,False,False,False,True,,False,False,False,False,False,False,0,0,0,0,0,False,False,218.0,49.0,Extra Cover
1631185,17,3.59,0,0,0,61,2,0,76104,,39423,County Championship Division Two 2026,3,41,Kent Men,38,Middlesex Men,8712022,2026-08-22T10:24:52Z,1,97,False,,,,1739,Toby Roland-Jones,3491,Ben Compton,7833,Tawanda Muyeye,Left,0,0,0,0,,LengthBall,OutsideOff,,None,BackFoot,BackwardDefensive,NoMovement,Round,Medium,Right,Null,NotReferred,Null,False,False,False,False,False,True,,False,False,False,False,False,False,0,0,0,0,0,False,False,286.0,62.0,Mid Off
1631185,17,3.59,0,0,0,61,2,0,76104,,39423,County Championship Division Two 2026,3,41,Kent Men,38,Middlesex Men,8712028,2026-08-22T10:25:25Z,2,98,False,,,,1739,Toby Roland-Jones,3491,Ben Compton,7833,Tawanda Muyeye,Left,0,0,0,0,,HalfVolley,OffStump,,None,FrontFoot,Worked,NoMovement,Round,Medium,Right,Null,NotReferred,Null,False,False,False,False,False,True,,False,False,False,False,False,False,0,0,0,0,0,False,False,216.0,52.0,Mid Wicket
1631185,17,3.59,0,0,0,61,2,0,76104,,39423,County Championship Division Two 2026,3,41,Kent Men,38,Middlesex Men,8712036,2026-08-22T10:26:00Z,3,99,False,,,,1739,Toby Roland-Jones,3491,Ben Compton,7833,Tawanda Muyeye,Left,0,0,0,0,,LengthBall,OutsideOff,,Left,NoMovement,Leave,NoMovement,Round,Medium,Right,Null,NotReferred,Null,False,False,False,False,False,True,,False,False,False,False,False,False,0,0,0,0,0,False,False,,,Wicketkeeper
1631185,17,3.59,0,0,0,61,2,0,76104,,39423,County Championship Division Two 2026,3,41,Kent Men,38,Middlesex Men,8712043,2026-08-22T10:26:32Z,4,100,False,,,,1739,Toby Roland-Jones,3491,Ben Compton,7833,Tawanda Muyeye,Left,0,0,0,0,,LengthBall,OutsideOff,,None,FrontFoot,ForwardDefensive,NoMovement,Round,Medium,Right,Null,NotReferred,Null,False,False,False,False,False,True,,False,False,False,False,False,False,0,0,0,0,0,False,False,282.0,73.0,Mid Off
1631185,17,3.59,0,0,0,61,2,0,76104,,39423,County Championship Division Two 2026,3,41,Kent Men,38,Middlesex Men,8712050,2026-08-22T10:27:06Z,5,101,False,,,,1739,Toby Roland-Jones,3491,Ben Compton,7833,Tawanda Muyeye,Left,0,0,0,0,,LengthBall,OutsideOff,,Spliced,BackFoot,BackwardDefensive,NoMovement,Round,Medium,Right,Null,NotReferred,Null,False,False,False,False,False,True,,False,False,False,False,False,False,0,0,0,0,0,False,False,231.0,40.0,Mid Wicket
1631185,17,3.59,0,0,0,61,2,0,76104,,39423,County Championship Division Two 2026,3,41,Kent Men,38,Middlesex Men,8712057,2026-08-22T10:27:39Z,6,102,False,,,,1739,Toby Roland-Jones,3491,Ben Compton,7833,Tawanda Muyeye,Left,0,0,0,0,,LengthBall,OutsideOff,,Missed,BackFoot,BackwardDefensive,NoMovement,Round,Medium,Right,Null,NotReferred,Null,False,False,False,False,False,True,,False,False,False,False,False,False,0,0,0,0,0,False,False,,,Wicketkeeper
1631195,18,3.56,3,0,0,64,2,3,76104,,39423,County Championship Division Two 2026,3,41,Kent Men,38,Middlesex Men,8712072,2026-08-22T10:28:39Z,1,103,False,,,,2683,Tom Helm,7833,Tawanda Muyeye,3491,Ben Compton,Right,1,0,1,1,,HalfVolley,OutsideOff,,None,FrontFoot,Pushed,NoMovement,Over,FastSeam,Right,Null,NotReferred,Null,False,False,False,False,False,True,,False,False,False,False,False,False,1,0,0,0,0,False,False,202.0,67.0,Cover
1631195,18,3.56,3,0,0,64,2,3,76104,,39423,County Championship Division Two 2026,3,41,Kent Men,38,Middlesex Men,8712078,2026-08-22T10:29:20Z,2,104,False,,,,2683,Tom Helm,3491,Ben Compton,7833,Tawanda Muyeye,Left,1,0,1,1,,LengthBall,OffStump,,None,BackFoot,Pushed,NoMovement,Over,FastSeam,Right,Null,NotReferred,Null,False,False,False,False,False,True,,False,False,False,False,False,False,1,0,0,0,0,False,False,336.0,65.0,Cover
1631195,18,3.56,3,0,0,64,2,3,76104,,39423,County Championship Division Two 2026,3,41,Kent Men,38,Middlesex Men,8712084,2026-08-22T10:29:53Z,3,105,False,,,,2683,Tom Helm,7833,Tawanda Muyeye,3491,Ben Compton,Right,0,0,0,0,,LengthBall,OutsideOff,,Middled,BackFoot,Drive,NoMovement,Over,FastSeam,Right,Null,NotReferred,Null,False,False,False,False,False,True,,False,False,False,False,False,False,0,0,0,0,0,False,False,203.0,77.0,Cover
1631195,18,3.56,3,0,0,64,2,3,76104,,39423,County Championship Division Two 2026,3,41,Kent Men,38,Middlesex Men,8712090,2026-08-22T10:30:32Z,4,106,False,,,,2683,Tom Helm,7833,Tawanda Muyeye,3491,Ben Compton,Right,1,0,1,1,,LengthBall,OutsideOff,,BottomEdge,BackFoot,Cut,NoMovement,Over,FastSeam,Right,Null,NotReferred,Null,False,False,False,False,False,True,,False,False,False,False,False,False,1,0,0,0,0,False,False,65.0,113.0,Fine Leg
1631195,18,3.56,3,0,0,64,2,3,76104,,39423,County Championship Division Two 2026,3,41,Kent Men,38,Middlesex Men,8712095,2026-08-22T10:31:15Z,5,107,False,,,,2683,Tom Helm,3491,Ben Compton,7833,Tawanda Muyeye,Left,0,0,0,0,,LengthBall,OutsideOff,,ShouldersArms,NoMovement,ShouldersArms,NoMovement,Round,FastSeam,Right,Null,NotReferred,Null,False,False,False,False,False,True,,False,False,False,False,False,False,0,0,0,0,0,False,False,,,Wicketkeeper
1631195,18,3.56,3,0,0,64,2,3,76104,,39423,County Championship Division Two 2026,3,41,Kent Men,38,Middlesex Men,8712104,2026-08-22T10:31:47Z,6,108,False,,,,2683,Tom Helm,3491,Ben Compton,7833,Tawanda Muyeye,Left,0,0,0,0,,LengthBall,OffStump,,None,BackFoot,Worked,NoMovement,Round,FastSeam,Right,Null,NotReferred,Null,False,False,False,False,False,True,,False,False,False,False,False,False,0,0,0,0,0,False,False,210.0,65.0,Square Leg
1631203,19,3.37,0,0,0,64,2,0,76104,,39423,County Championship Division Two 2026,3,41,Kent Men,38,Middlesex Men,8712126,2026-08-22T10:33:00Z,1,109,False,,,,1739,Toby Roland-Jones,7833,Tawanda Muyeye,3491,Ben Compton,Right,0,0,0,0,,HalfVolley,OutsideOff,Lbw,InsideEdge,FrontFoot,Pushed,SeamIn,Over,Medium,Right,Null,NotReferred,Null,False,False,False,False,False,True,1808.0,False,False,False,False,False,False,0,0,0,0,0,False,False,313.0,33.0,Mid Wicket
1631203,19,3.37,0,0,0,64,2,0,76104,,39423,County Championship Division Two 2026,3,41,Kent Men,38,Middlesex Men,8712131,2026-08-22T10:33:41Z,2,110,False,,,,1739,Toby Roland-Jones,7833,Tawanda Muyeye,3491,Ben Compton,Right,0,0,0,0,,LengthBall,OutsideOff,,None,DownTheTrack,BackwardDefensive,NoMovement,Over,Medium,Right,Null,NotReferred,Null,False,False,False,False,False,True,,False,False,False,False,False,False,0,0,0,0,0,False,False,250.0,65.0,Mid Off
1631203,19,3.37,0,0,0,64,2,0,76104,,39423,County Championship Division Two 2026,3,41,Kent Men,38,Middlesex Men,8712142,2026-08-22T10:34:15Z,3,111,False,,,,1739,Toby Roland-Jones,7833,Tawanda Muyeye,3491,Ben Compton,Right,0,0,0,0,,LengthBall,OutsideOff,Lbw,HitPad,BackFoot,Pull,SeamIn,Over,Medium,Right,Null,NotReferred,Null,False,False,False,False,False,True,1808.0,False,False,False,False,False,False,0,0,0,0,0,False,False,143.0,14.0,Gully
1631203,19,3.37,0,0,0,64,2,0,76104,,39423,County Championship Division Two 2026,3,41,Kent Men,38,Middlesex Men,8712149,2026-08-22T10:34:59Z,4,112,False,,,,1739,Toby Roland-Jones,7833,Tawanda Muyeye,3491,Ben Compton,Right,0,0,0,0,,LengthBall,OutsideOff,,None,FrontFoot,ForwardDefensive,NoMovement,Over,Medium,Right,Null,NotReferred,Null,False,False,False,False,False,True,,False,False,False,False,False,False,0,0,0,0,0,False,False,244.0,75.0,Mid Off
1631203,19,3.37,0,0,0,64,2,0,76104,,39423,County Championship Division Two 2026,3,41,Kent Men,38,Middlesex Men,8712156,2026-08-22T10:35:33Z,5,113,False,,,,1739,Toby Roland-Jones,7833,Tawanda Muyeye,3491,Ben Compton,Right,0,0,0,0,,LengthBall,OutsideOff,,WellTimed,BackFoot,Drive,NoMovement,Over,Medium,Right,Null,NotReferred,Null,False,False,False,False,False,True,,False,False,False,False,False,False,0,0,0,0,0,False,False,202.0,70.0,Cover
1631203,19,3.37,0,0,0,64,2,0,76104,,39423,County Championship Division Two 2026,3,41,Kent Men,38,Middlesex Men,8712165,2026-08-22T10:36:08Z,6,114,False,,,,1739,Toby Roland-Jones,7833,Tawanda Muyeye,3491,Ben Compton,Right,0,0,0,0,,HalfVolley,OutsideOff,,Missed,FrontFoot,Pushed,AwaySwinger,Over,Medium,Right,Null,NotReferred,Null,False,False,False,False,False,True,,False,False,False,False,False,False,0,0,0,0,0,False,False,,,Wicketkeeper
1631210,20,3.2,0,0,0,64,2,0,76104,,39423,County Championship Division Two 2026,3,41,Kent Men,38,Middlesex Men,8712173,2026-08-22T10:36:52Z,1,115,False,,,,2683,Tom Helm,3491,Ben Compton,7833,Tawanda Muyeye,Left,0,0,0,0,,LengthBall,OutsideOff,,None,BackFoot,Pushed,NoMovement,Round,FastSeam,Right,Null,NotReferred,Null,False,False,False,False,False,True,,False,False,False,False,False,False,0,0,0,0,0,False,False,336.0,69.0,Cover
1631210,20,3.2,0,0,0,64,2,0,76104,,39423,County Championship Division Two 2026,3,41,Kent Men,38,Middlesex Men,8712181,2026-08-22T10:37:24Z,2,116,False,,,,2683,Tom Helm,3491,Ben Compton,7833,Tawanda Muyeye,Left,0,0,0,0,,LengthBall,OutsideOff,,WellTimed,FrontFoot,ForwardDefensive,NoMovement,Round,FastSeam,Right,Null,NotReferred,Null,False,False,False,False,False,True,,False,False,False,False,False,False,0,0,0,0,0,False,False,295.0,60.0,Mid Off
1631210,20,3.2,0,0,0,64,2,0,76104,,39423,County Championship Division Two 2026,3,41,Kent Men,38,Middlesex Men,8712188,2026-08-22T10:37:59Z,3,117,False,,,,2683,Tom Helm,3491,Ben Compton,7833,Tawanda Muyeye,Left,0,0,0,0,,HalfVolley,OutsideOff,,MisTimed,FrontFoot,Pushed,SeamIn,Round,FastSeam,Right,Null,NotReferred,Null,False,False,False,False,False,True,,False,False,False,False,False,False,0,0,0,0,0,False,False,289.0,62.0,Mid Off
1631210,20,3.2,0,0,0,64,2,0,76104,,39423,County Championship Division Two 2026,3,41,Kent Men,38,Middlesex Men,8712200,2026-08-22T10:38:44Z,4,118,False,,,,2683,Tom Helm,3491,Ben Compton,7833,Tawanda Muyeye,Left,0,0,0,0,,LengthBall,OutsideOff,,WellTimed,BackFoot,Cut,NoMovement,Round,FastSeam,Right,Null,NotReferred,Null,False,False,False,False,False,True,,False,False,False,False,False,False,0,0,0,0,0,False,False,356.0,75.0,Cover
1631210,20,3.2,0,0,0,64,2,0,76104,,39423,County Championship Division Two 2026,3,41,Kent Men,38,Middlesex Men,8712208,2026-08-22T10:39:15Z,5,119,False,,,,2683,Tom Helm,3491,Ben Compton,7833,Tawanda Muyeye,Left,0,0,0,0,,LengthBall,OutsideOff,,Spliced,FrontFoot,ForwardDefensive,SeamIn,Round,FastSeam,Right,Null,NotReferred,Null,False,False,False,False,False,True,,False,False,False,False,False,False,0,0,0,0,0,False,False,255.0,69.0,Mid On
1631210,20,3.2,0,0,0,64,2,0,76104,,39423,County Championship Division Two 2026,3,41,Kent Men,38,Middlesex Men,8712216,2026-08-22T10:39:50Z,6,120,False,,,,2683,Tom Helm,3491,Ben Compton,7833,Tawanda Muyeye,Left,0,0,0,0,,LengthBall,Wide,,Left,NoMovement,Leave,NoMovement,Round,FastSeam,Right,Null,NotReferred,Null,False,False,False,False,False,True,,False,False,False,False,False,False,0,0,0,0,0,False,False,,,Wicketkeeper
1631220,21,3.52,10,0,0,74,2,10,76104,,39423,County Championship Division Two 2026,3,41,Kent Men,38,Middlesex Men,8712229,2026-08-22T10:40:50Z,1,121,False,,,,1739,Toby Roland-Jones,7833,Tawanda Muyeye,3491,Ben Compton,Right,0,0,0,0,,LengthBall,OutsideOff,,Missed,DownTheTrack,Pushed,SeamAway,Over,Medium,Right,Null,NotReferred,Null,False,False,False,False,False,True,,False,False,False,False,False,False,0,0,0,0,0,False,False,,,Wicketkeeper
1631220,21,3.52,10,0,0,74,2,10,76104,,39423,County Championship Division Two 2026,3,41,Kent Men,38,Middlesex Men,8712239,2026-08-22T10:41:27Z,2,122,False,,,,1739,Toby Roland-Jones,7833,Tawanda Muyeye,3491,Ben Compton,Right,6,0,6,6,,LengthBall,OffStump,,Middled,BackFoot,Pull,NoMovement,Over,Medium,Right,Null,NotReferred,Null,False,False,False,False,True,True,,False,False,False,False,False,False,6,0,0,0,0,True,False,27.0,165.0,
1631220,21,3.52,10,0,0,74,2,10,76104,,39423,County Championship Division Two 2026,3,41,Kent Men,38,Middlesex Men,8712253,2026-08-22T10:42:39Z,3,123,False,,,,1739,Toby Roland-Jones,7833,Tawanda Muyeye,3491,Ben Compton,Right,0,0,0,0,,LengthBall,OutsideOff,,None,FrontFoot,ForwardDefensive,NoMovement,Over,Medium,Right,Null,NotReferred,Null,False,False,False,False,False,True,,False,False,False,False,False,False,0,0,0,0,0,False,False,254.0,39.0,Bowler
1631220,21,3.52,10,0,0,74,2,10,76104,,39423,County Championship Division Two 2026,3,41,Kent Men,38,Middlesex Men,8712262,2026-08-22T10:43:14Z,4,124,False,,,,1739,Toby Roland-Jones,7833,Tawanda Muyeye,3491,Ben Compton,Right,0,0,0,0,,HalfVolley,Wide,,Missed,DownTheTrack,Drive,AwaySwinger,Over,Medium,Right,Null,NotReferred,Null,False,False,False,False,False,True,,False,False,False,False,False,False,0,0,0,0,0,False,False,,,Wicketkeeper
1631220,21,3.52,10,0,0,74,2,10,76104,,39423,County Championship Division Two 2026,3,41,Kent Men,38,Middlesex Men,8712272,2026-08-22T10:43:51Z,5,125,False,,,,1739,Toby Roland-Jones,7833,Tawanda Muyeye,3491,Ben Compton,Right,4,0,4,4,,LengthBall,OutsideOff,,Middled,DownTheTrack,Pull,NoMovement,Over,Medium,Right,Null,NotReferred,Null,False,False,False,False,True,True,,False,False,False,False,False,False,4,0,0,0,0,True,False,351.0,172.0,
1631220,21,3.52,10,0,0,74,2,10,76104,,39423,County Championship Division Two 2026,3,41,Kent Men,38,Middlesex Men,8712289,2026-08-22T10:45:14Z,6,126,False,,,,1739,Toby Roland-Jones,7833,Tawanda Muyeye,3491,Ben Compton,Right,0,0,0,0,,HalfVolley,OutsideOff,,ThickEdge,DownTheTrack,Pushed,AwaySwinger,Over,Medium,Right,Null,NotReferred,Null,False,False,False,False,False,True,,False,False,False,False,False,False,0,0,0,0,0,False,False,168.0,68.0,Backward Point
1631235,22,3.41,1,0,0,75,2,1,76104,,39423,County Championship Division Two 2026,3,41,Kent Men,38,Middlesex Men,8712300,2026-08-22T10:46:07Z,1,127,False,,,,2683,Tom Helm,3491,Ben Compton,7833,Tawanda Muyeye,Left,0,0,0,0,,LengthBall,OutsideOff,,None,BackFoot,Dropped,NoMovement,Round,FastSeam,Right,Null,NotReferred,Null,False,False,False,False,False,True,,False,False,False,False,False,False,0,0,0,0,0,False,False,343.0,62.0,Cover
1631235,22,3.41,1,0,0,75,2,1,76104,,39423,County Championship Division Two 2026,3,41,Kent Men,38,Middlesex Men,8712308,2026-08-22T10:46:44Z,2,128,False,,,,2683,Tom Helm,3491,Ben Compton,7833,Tawanda Muyeye,Left,0,0,0,0,,LengthBall,MiddleStump,,PlayAndMissLegSide,BackFoot,Glance,NoMovement,Round,FastSeam,Right,Null,NotReferred,Null,False,False,False,False,False,True,,False,False,False,False,False,False,0,0,0,0,0,False,False,,,Wicketkeeper
1631235,22,3.41,1,0,0,75,2,1,76104,,39423,County Championship Division Two 2026,3,41,Kent Men,38,Middlesex Men,8712316,2026-08-22T10:47:20Z,3,129,False,,,,2683,Tom Helm,3491,Ben Compton,7833,Tawanda Muyeye,Left,0,0,0,0,,LengthBall,OutsideOff,,None,FrontFoot,ForwardDefensive,NoMovement,Round,FastSeam,Right,Null,NotReferred,Null,False,False,False,False,False,True,,False,False,False,False,False,False,0,0,0,0,0,False,False,283.0,69.0,Mid Off
1631235,22,3.41,1,0,0,75,2,1,76104,,39423,County Championship Division Two 2026,3,41,Kent Men,38,Middlesex Men,8712324,2026-08-22T10:47:57Z,4,130,False,,,,2683,Tom Helm,3491,Ben Compton,7833,Tawanda Muyeye,Left,0,0,0,0,,LengthBall,OutsideOff,,None,FrontFoot,ForwardDefensive,NoMovement,Round,FastSeam,Right,Null,NotReferred,Null,False,False,False,False,False,True,,False,False,False,False,False,False,0,0,0,0,0,False,False,288.0,74.0,Mid Off
1631235,22,3.41,1,0,0,75,2,1,76104,,39423,County Championship Division Two 2026,3,41,Kent Men,38,Middlesex Men,8712332,2026-08-22T10:48:33Z,5,131,False,,,,2683,Tom Helm,3491,Ben Compton,7833,Tawanda Muyeye,Left,1,1,1,0,,HalfTracker,OutsideOff,,Left,NoMovement,Leave,NoMovement,Round,FastSeam,Right,Null,NotReferred,Null,True,False,False,False,False,True,,False,False,False,False,False,False,1,0,1,0,0,False,False,,,Wicketkeeper
1631235,22,3.41,1,0,0,75,2,1,76104,,39423,County Championship Division Two 2026,3,41,Kent Men,38,Middlesex Men,8712340,2026-08-22T10:49:07Z,5,132,False,,,,2683,Tom Helm,3491,Ben Compton,7833,Tawanda Muyeye,Left,0,0,0,0,,LengthBall,OutsideOff,,WellTimed,BackFoot,Drive,NoMovement,Round,FastSeam,Right,Null,NotReferred,Null,False,False,False,False,False,True,,False,False,False,False,False,False,0,0,0,0,0,False,False,15.0,76.0,Backward Point
1631235,22,3.41,1,0,0,75,2,1,76104,,39423,County Championship Division Two 2026,3,41,Kent Men,38,Middlesex Men,8712347,2026-08-22T10:49:40Z,6,133,False,,,,2683,Tom Helm,3491,Ben Compton,7833,Tawanda Muyeye,Left,0,0,0,0,,HalfVolley,OutsideOff,,MisTimed,FrontFoot,Drive,NoMovement,Round,FastSeam,Right,Null,NotReferred,Null,False,False,False,False,False,True,,False,False,False,False,False,False,0,0,0,0,0,False,False,255.0,79.0,Mid On
1631244,23,3.48,5,0,0,80,2,5,76104,,39423,County Championship Division Two 2026,3,41,Kent Men,38,Middlesex Men,8712364,2026-08-22T10:50:54Z,1,134,False,,,,39,Ryan Higgins,7833,Tawanda Muyeye,3491,Ben Compton,Right,0,0,0,0,,LengthBall,Wide,,Left,NoMovement,Leave,AwaySwinger,Over,Medium,Right,Null,NotReferred,Null,False,False,False,False,False,True,,False,False,False,False,False,False,0,0,0,0,0,False,False,,,Wicketkeeper
1631244,23,3.48,5,0,0,80,2,5,76104,,39423,County Championship Division Two 2026,3,41,Kent Men,38,Middlesex Men,8712377,2026-08-22T10:51:32Z,2,135,False,,,,39,Ryan Higgins,7833,Tawanda Muyeye,3491,Ben Compton,Right,0,4,4,0,,LengthBall,MiddleStump,,PlayAndMissLegSide,FrontFoot,Flick,InSwinger,Over,Medium,Right,Null,NotReferred,Null,False,False,True,False,False,True,,False,False,False,False,False,False,4,4,0,0,0,False,False,,,
1631244,23,3.48,5,0,0,80,2,5,76104,,39423,County Championship Division Two 2026,3,41,Kent Men,38,Middlesex Men,8712394,2026-08-22T10:52:48Z,3,136,False,,,,39,Ryan Higgins,7833,Tawanda Muyeye,3491,Ben Compton,Right,0,0,0,0,,LengthBall,OutsideOff,,None,FrontFoot,ForwardDefensive,NoMovement,Over,Medium,Right,Null,NotReferred,Null,False,False,False,False,False,True,,False,False,False,False,False,False,0,0,0,0,0,False,False,205.0,60.0,Cover
1631244,23,3.48,5,0,0,80,2,5,76104,,39423,County Championship Division Two 2026,3,41,Kent Men,38,Middlesex Men,8712396,2026-08-22T10:53:18Z,4,137,False,,,,39,Ryan Higgins,7833,Tawanda Muyeye,3491,Ben Compton,Right,0,0,0,0,,LengthBall,OffStump,,None,FrontFoot,Worked,NoMovement,Over,Medium,Right,Null,NotReferred,Null,False,False,False,False,False,True,,False,False,False,False,False,False,0,0,0,0,0,False,False,284.0,76.0,Mid On
1631244,23,3.48,5,0,0,80,2,5,76104,,39423,County Championship Division Two 2026,3,41,Kent Men,38,Middlesex Men,8712401,2026-08-22T10:53:45Z,5,138,False,,,,39,Ryan Higgins,7833,Tawanda Muyeye,3491,Ben Compton,Right,1,0,1,1,,LengthBall,OffStump,,None,FrontFoot,Worked,NoMovement,Over,Medium,Right,Null,NotReferred,Null,False,False,False,False,False,True,,False,False,False,False,False,False,1,0,0,0,0,False,False,294.0,74.0,Mid On
1631244,23,3.48,5,0,0,80,2,5,76104,,39423,County Championship Division Two 2026,3,41,Kent Men,38,Middlesex Men,8712417,2026-08-22T10:54:59Z,6,139,False,,,,39,Ryan Higgins,3491,Ben Compton,7833,Tawanda Muyeye,Left,0,0,0,0,,LengthBall,OutsideOff,,None,FrontFoot,ForwardDefensive,NoMovement,Round,Medium,Right,Null,NotReferred,Null,False,False,False,False,False,True,,False,False,False,False,False,False,0,0,0,0,0,False,False,284.0,78.0,Mid Off
1631255,24,3.62,7,0,0,87,2,7,76104,,39423,County Championship Division Two 2026,3,41,Kent Men,38,Middlesex Men,8712430,2026-08-22T10:55:53Z,1,140,False,,,,2683,Tom Helm,7833,Tawanda Muyeye,3491,Ben Compton,Right,0,0,0,0,,HalfVolley,OutsideOff,,MisTimed,NoMovement,Pushed,NoMovement,Over,FastSeam,Right,Null,NotReferred,Null,False,False,False,False,False,True,,False,False,False,False,False,False,0,0,0,0,0,False,False,216.0,50.0,Extra Cover
1631255,24,3.62,7,0,0,87,2,7,76104,,39423,County Championship Division Two 2026,3,41,Kent Men,38,Middlesex Men,8712440,2026-08-22T10:56:27Z,2,141,False,,,,2683,Tom Helm,7833,Tawanda Muyeye,3491,Ben Compton,Right,1,0,1,1,,LengthBall,OutsideOff,,None,FrontFoot,Pushed,NoMovement,Over,FastSeam,Right,Null,NotReferred,Null,False,False,False,False,False,True,,False,False,False,False,False,False,1,0,0,0,0,False,False,278.0,81.0,Bowler
1631255,24,3.62,7,0,0,87,2,7,76104,,39423,County Championship Division Two 2026,3,41,Kent Men,38,Middlesex Men,8712446,2026-08-22T10:57:08Z,3,142,False,,,,2683,Tom Helm,3491,Ben Compton,7833,Tawanda Muyeye,Left,0,0,0,0,,LengthBall,OutsideOff,,Spliced,FrontFoot,ForwardDefensive,NoMovement,Round,FastSeam,Right,Null,NotReferred,Null,False,False,False,False,False,True,,False,False,False,False,False,False,0,0,0,0,0,False,False,271.0,44.0,Bowler
1631255,24,3.62,7,0,0,87,2,7,76104,,39423,County Championship Division Two 2026,3,41,Kent Men,38,Middlesex Men,8712454,2026-08-22T10:57:41Z,4,143,False,,,,2683,Tom Helm,3491,Ben Compton,7833,Tawanda Muyeye,Left,4,0,4,4,,BackOfALength,OutsideOff,,WellTimed,BackFoot,Pull,NoMovement,Round,FastSeam,Right,Null,NotReferred,Null,False,False,False,False,False,True,,False,False,False,False,False,False,4,0,0,0,0,True,False,145.0,164.0,Deep Backward Square Leg
1631255,24,3.62,7,0,0,87,2,7,76104,,39423,County Championship Division Two 2026,3,41,Kent Men,38,Middlesex Men,8712469,2026-08-22T10:58:53Z,5,144,False,,,,2683,Tom Helm,3491,Ben Compton,7833,Tawanda Muyeye,Left,0,0,0,0,,LengthBall,OutsideOff,,None,BackFoot,Steer,NoMovement,Round,FastSeam,Right,Null,NotReferred,Null,False,False,False,False,False,True,,False,False,False,False,False,False,0,0,0,0,0,False,False,17.0,80.0,Backward Point
1631255,24,3.62,7,0,0,87,2,7,76104,,39423,County Championship Division Two 2026,3,41,Kent Men,38,Middlesex Men,8712480,2026-08-22T10:59:28Z,6,6,False,,,,2683,Tom Helm,3491,Ben Compton,7833,Tawanda Muyeye,Left,2,0,2,2,,LengthBall,OffStump,,WellTimed,FrontFoot,Worked,NoMovement,Round,FastSeam,Right,Null,NotReferred,Null,False,False,False,False,False,True,,False,False,False,False,False,False,2,0,0,0,0,False,False,206.0,147.0,Deep Square Leg
1631265,25,4.0,13,0,0,100,2,13,76104,,39423,County Championship Division Two 2026,3,41,Kent Men,38,Middlesex Men,8712488,2026-08-22T11:00:23Z,1,146,False,,,,39,Ryan Higgins,7833,Tawanda Muyeye,3491,Ben Compton,Right,2,0,2,2,,LengthBall,OffStump,,WellTimed,BackFoot,Flick,NoMovement,Over,Medium,Right,Null,NotReferred,Null,False,False,False,False,False,True,,False,False,False,False,False,False,2,0,0,0,0,False,False,19.0,136.0,Deep Backward Square Leg
1631265,25,4.0,13,0,0,100,2,13,76104,,39423,County Championship Division Two 2026,3,41,Kent Men,38,Middlesex Men,8712495,2026-08-22T11:01:02Z,2,147,False,,,,39,Ryan Higgins,7833,Tawanda Muyeye,3491,Ben Compton,Right,4,0,4,4,,LengthBall,OutsideOff,,Middled,BackFoot,Pull,NoMovement,Over,Medium,Right,Null,NotReferred,Null,False,False,False,False,True,True,,False,False,False,False,False,False,4,0,0,0,0,True,False,325.0,176.0,
1631265,25,4.0,13,0,0,100,2,13,76104,,39423,County Championship Division Two 2026,3,41,Kent Men,38,Middlesex Men,8712501,2026-08-22T11:01:47Z,3,148,False,,,,39,Ryan Higgins,7833,Tawanda Muyeye,3491,Ben Compton,Right,4,0,4,4,,HalfVolley,LegStump,,Middled,FrontFoot,Flick,NoMovement,Over,Medium,Right,Null,NotReferred,Null,False,False,False,False,False,True,,False,False,False,False,False,False,4,0,0,0,0,True,False,319.0,177.0,
1631265,25,4.0,13,0,0,100,2,13,76104,,39423,County Championship Division Two 2026,3,41,Kent Men,38,Middlesex Men,8712510,2026-08-22T11:02:26Z,4,149,False,,,,39,Ryan Higgins,7833,Tawanda Muyeye,3491,Ben Compton,Right,2,0,2,2,,LengthBall,OffStump,,WellTimed,DownTheTrack,Worked,NoMovement,Over,Medium,Right,Null,NotReferred,Null,False,False,False,False,False,True,,False,False,False,False,False,False,2,0,0,0,0,False,False,331.0,132.0,Deep Square Leg
1631265,25,4.0,13,0,0,100,2,13,76104,,39423,County Championship Division Two 2026,3,41,Kent Men,38,Middlesex Men,8712517,2026-08-22T11:03:10Z,5,150,False,,,,39,Ryan Higgins,7833,Tawanda Muyeye,3491,Ben Compton,Right,0,0,0,0,,LengthBall,Wide,,Left,NoMovement,Leave,AwaySwinger,Over,Medium,Right,Null,NotReferred,Null,False,False,False,False,False,True,,False,False,False,False,False,False,0,0,0,0,0,False,False,,,Wicketkeeper
1631265,25,4.0,13,0,0,100,2,13,76104,,39423,County Championship Division Two 2026,3,41,Kent Men,38,Middlesex Men,8712529,2026-08-22T11:03:34Z,6,151,False,,,,39,Ryan Higgins,7833,Tawanda Muyeye,3491,Ben Compton,Right,1,0,1,1,,HalfVolley,OutsideOff,,WellTimed,FrontFoot,Drive,AwaySwinger,Over,Medium,Right,Null,NotReferred,Null,False,False,False,False,False,True,,False,False,False,False,False,False,1,0,0,0,0,False,False,231.0,88.0,Mid Off
1631276,26,3.92,2,1,0,102,3,2,76104,,39423,County Championship Division Two 2026,3,41,Kent Men,38,Middlesex Men,8712564,2026-08-22T11:06:09Z,1,152,False,,,,4202,Zafar Gohar,7833,Tawanda Muyeye,3491,Ben Compton,Right,2,0,2,2,,HalfVolley,MiddleStump,,WellTimed,FrontFoot,Flick,StockBall,Round,Orthodox,Left,Null,NotReferred,Null,False,False,False,False,False,True,,False,False,False,False,False,False,2,0,0,0,0,False,False,349.0,121.0,Deep Square Leg
1631276,26,3.92,2,1,0,102,3,2,76104,,39423,County Championship Division Two 2026,3,41,Kent Men,38,Middlesex Men,8712572,2026-08-22T11:06:39Z,2,153,False,,,,4202,Zafar Gohar,7833,Tawanda Muyeye,3491,Ben Compton,Right,0,0,0,0,,LengthBall,OffStump,,WellTimed,BackFoot,Drive,StockBall,Round,Orthodox,Left,Null,NotReferred,Null,False,False,False,False,False,True,,False,False,False,False,False,False,0,0,0,0,0,False,False,287.0,79.0,Mid On
1631276,26,3.92,2,1,0,102,3,2,76104,,39423,County Championship Division Two 2026,3,41,Kent Men,38,Middlesex Men,8712578,2026-08-22T11:07:02Z,3,154,True,Lbw,7833.0,Tawanda Muyeye,4202,Zafar Gohar,7833,Tawanda Muyeye,3491,Ben Compton,Right,0,0,0,0,LBW,HalfVolley,MiddleStump,Lbw,HitPad,FrontFoot,Sweep,StockBall,Round,Orthodox,Left,Null,NotReferred,Null,False,False,False,False,False,True,1890.0,False,False,False,False,False,False,0,0,0,0,0,False,False,,,
1631276,26,3.92,2,1,0,102,3,2,76104,,39423,County Championship Division Two 2026,3,41,Kent Men,38,Middlesex Men,8712599,2026-08-22T11:09:17Z,4,155,False,,,,4202,Zafar Gohar,125,Daniel Bell-Drummond,3491,Ben Compton,Right,0,0,0,0,,HalfVolley,OffStump,,MisTimed,FrontFoot,Worked,StockBall,Round,Orthodox,Left,Null,NotReferred,Null,False,False,False,False,False,True,,False,False,False,False,False,False,0,0,0,0,0,False,False,249.0,74.0,Mid Off
1631276,26,3.92,2,1,0,102,3,2,76104,,39423,County Championship Division Two 2026,3,41,Kent Men,38,Middlesex Men,8712604,2026-08-22T11:09:42Z,5,156,False,,,,4202,Zafar Gohar,125,Daniel Bell-Drummond,3491,Ben Compton,Right,0,0,0,0,,HalfVolley,OffStump,,None,FrontFoot,Drive,StockBall,Round,Orthodox,Left,Null,NotReferred,Null,False,False,False,False,False,True,,False,False,False,False,False,False,0,0,0,0,0,False,False,269.0,44.0,Bowler
1631276,26,3.92,2,1,0,102,3,2,76104,,39423,County Championship Division Two 2026,3,41,Kent Men,38,Middlesex Men,8712608,2026-08-22T11:10:02Z,6,157,False,,,,4202,Zafar Gohar,125,Daniel Bell-Drummond,3491,Ben Compton,Right,0,0,0,0,,LengthBall,OffStump,,None,FrontFoot,Drive,StockBall,Round,Orthodox,Left,Null,NotReferred,Null,False,False,False,False,False,True,,False,False,False,False,False,False,0,0,0,0,0,False,False,251.0,76.0,Mid Off
1631286,27,4.0,6,0,0,108,3,6,76104,,39423,County Championship Division Two 2026,3,41,Kent Men,38,Middlesex Men,8712622,2026-08-22T11:11:04Z,1,158,False,,,,39,Ryan Higgins,3491,Ben Compton,125,Daniel Bell-Drummond,Left,0,0,0,0,,LengthBall,OutsideOff,,Missed,FrontFoot,ForwardDefensive,SeamAway,Round,Medium,Right,Null,NotReferred,Null,False,False,False,False,False,True,,False,False,False,False,False,False,0,0,0,0,0,False,False,,,Wicketkeeper
1631286,27,4.0,6,0,0,108,3,6,76104,,39423,County Championship Division Two 2026,3,41,Kent Men,38,Middlesex Men,8712627,2026-08-22T11:11:39Z,2,159,False,,,,39,Ryan Higgins,3491,Ben Compton,125,Daniel Bell-Drummond,Left,4,0,4,4,,LengthBall,OffStump,,OutsideEdge,FrontFoot,ForwardDefensive,NoMovement,Over,Medium,Right,Null,NotReferred,Null,False,False,False,False,False,True,,False,False,False,False,False,False,4,0,0,0,0,True,False,72.0,160.0,
1631286,27,4.0,6,0,0,108,3,6,76104,,39423,County Championship Division Two 2026,3,41,Kent Men,38,Middlesex Men,8712639,2026-08-22T11:12:26Z,3,160,False,,,,39,Ryan Higgins,3491,Ben Compton,125,Daniel Bell-Drummond,Left,0,0,0,0,,HalfVolley,MiddleStump,,WellTimed,FrontFoot,Pushed,InSwinger,Over,Medium,Right,Null,NotReferred,Null,False,False,False,False,False,True,,False,False,False,False,False,False,0,0,0,0,0,False,False,253.0,81.0,Mid On
1631286,27,4.0,6,0,0,108,3,6,76104,,39423,County Championship Division Two 2026,3,41,Kent Men,38,Middlesex Men,8712643,2026-08-22T11:12:55Z,4,161,False,,,,39,Ryan Higgins,3491,Ben Compton,125,Daniel Bell-Drummond,Left,0,0,0,0,,LengthBall,OffStump,,Missed,BackFoot,Pushed,SeamAway,Over,Medium,Right,Null,NotReferred,Null,False,False,False,False,False,True,,False,False,False,False,False,False,0,0,0,0,0,False,False,,,Wicketkeeper
1631286,27,4.0,6,0,0,108,3,6,76104,,39423,County Championship Division Two 2026,3,41,Kent Men,38,Middlesex Men,8712651,2026-08-22T11:13:26Z,5,162,False,,,,39,Ryan Higgins,3491,Ben Compton,125,Daniel Bell-Drummond,Left,0,0,0,0,,LengthBall,OffStump,,Missed,FrontFoot,Pushed,SeamAway,Over,Medium,Right,Null,NotReferred,Null,False,False,False,False,False,True,,False,False,False,False,False,False,0,0,0,0,0,False,False,,,Wicketkeeper
1631286,27,4.0,6,0,0,108,3,6,76104,,39423,County Championship Division Two 2026,3,41,Kent Men,38,Middlesex Men,8712664,2026-08-22T11:14:06Z,6,163,False,,,,39,Ryan Higgins,3491,Ben Compton,125,Daniel Bell-Drummond,Left,2,0,2,2,,LengthBall,LegStump,,None,BackFoot,Glance,InSwinger,Over,Medium,Right,Null,NotReferred,Null,False,False,False,False,False,True,,False,False,False,False,False,False,2,0,0,0,0,False,False,110.0,140.0,Fine Leg
1631296,28,3.93,2,0,0,110,3,2,76104,,39423,County Championship Division Two 2026,3,41,Kent Men,38,Middlesex Men,8712679,2026-08-22T11:15:04Z,1,164,False,,,,4202,Zafar Gohar,125,Daniel Bell-Drummond,3491,Ben Compton,Right,1,0,1,1,,LengthBall,OffStump,,None,FrontFoot,Dropped,StockBall,Round,Orthodox,Left,Null,NotReferred,Null,False,False,False,False,False,True,,False,False,False,False,False,False,1,0,0,0,0,False,False,206.0,54.0,Cover
1631296,28,3.93,2,0,0,110,3,2,76104,,39423,County Championship Division Two 2026,3,41,Kent Men,38,Middlesex Men,8712691,2026-08-22T11:16:01Z,2,165,False,,,,4202,Zafar Gohar,3491,Ben Compton,125,Daniel Bell-Drummond,Left,1,0,1,1,,LengthBall,OutsideOff,,WellTimed,BackFoot,Cut,QuickerBall,Over,Orthodox,Left,Null,NotReferred,Null,False,False,False,False,False,True,,False,False,False,False,False,False,1,0,0,0,0,False,False,22.0,91.0,Backward Point
1631296,28,3.93,2,0,0,110,3,2,76104,,39423,County Championship Division Two 2026,3,41,Kent Men,38,Middlesex Men,8712696,2026-08-22T11:16:43Z,3,166,False,,,,4202,Zafar Gohar,125,Daniel Bell-Drummond,3491,Ben Compton,Right,0,0,0,0,,HalfVolley,OutsideOff,,WellTimed,FrontFoot,Drive,StockBall,Round,Orthodox,Left,Null,NotReferred,Null,False,False,False,False,False,True,,False,False,False,False,False,False,0,0,0,0,0,False,False,237.0,78.0,Extra Cover
1631296,28,3.93,2,0,0,110,3,2,76104,,39423,County Championship Division Two 2026,3,41,Kent Men,38,Middlesex Men,8712701,2026-08-22T11:17:05Z,4,167,False,,,,4202,Zafar Gohar,125,Daniel Bell-Drummond,3491,Ben Compton,Right,0,0,0,0,,LengthBall,OutsideOff,,BottomEdge,BackFoot,Cut,StockBall,Round,Orthodox,Left,Null,NotReferred,Null,False,False,False,False,False,True,,False,False,False,False,False,False,0,0,0,0,0,False,False,105.0,9.0,Wicketkeeper
1631296,28,3.93,2,0,0,110,3,2,76104,,39423,County Championship Division Two 2026,3,41,Kent Men,38,Middlesex Men,8712705,2026-08-22T11:17:28Z,5,168,False,,,,4202,Zafar Gohar,125,Daniel Bell-Drummond,3491,Ben Compton,Right,0,0,0,0,,HalfVolley,OutsideOff,,Middled,FrontFoot,Drive,StockBall,Round,Orthodox,Left,Null,NotReferred,Null,False,False,False,False,False,True,,False,False,False,False,False,False,0,0,0,0,0,False,False,229.0,52.0,Extra Cover
1631296,28,3.93,2,0,0,110,3,2,76104,,39423,County Championship Division Two 2026,3,41,Kent Men,38,Middlesex Men,8712711,2026-08-22T11:17:50Z,6,169,False,,,,4202,Zafar Gohar,125,Daniel Bell-Drummond,3491,Ben Compton,Right,0,0,0,0,,LengthBall,MiddleStump,,None,FrontFoot,ForwardDefensive,StockBall,Round,Orthodox,Left,Null,NotReferred,Null,False,False,False,False,False,True,,False,False,False,False,False,False,0,0,0,0,0,False,False,224.0,44.0,Extra Cover
1631305,29,4.0,6,0,0,116,3,6,76104,,39423,County Championship Division Two 2026,3,41,Kent Men,38,Middlesex Men,8712725,2026-08-22T11:18:35Z,1,170,False,,,,39,Ryan Higgins,3491,Ben Compton,125,Daniel Bell-Drummond,Left,2,0,2,2,,HalfVolley,LegStump,,WellTimed,FrontFoot,Worked,InSwinger,Over,Medium,Right,Null,NotReferred,Null,False,False,False,False,False,True,,False,False,False,False,False,False,2,0,0,0,0,False,False,197.0,137.0,Deep Square Leg
1631305,29,4.0,6,0,0,116,3,6,76104,,39423,County Championship Division Two 2026,3,41,Kent Men,38,Middlesex Men,8712733,2026-08-22T11:19:13Z,2,171,False,,,,39,Ryan Higgins,3491,Ben Compton,125,Daniel Bell-Drummond,Left,0,0,0,0,,LengthBall,MiddleStump,,None,BackFoot,Dropped,NoMovement,Over,Medium,Right,Null,NotReferred,Null,False,False,False,False,False,True,,False,False,False,False,False,False,0,0,0,0,0,False,False,339.0,63.0,Cover
1631305,29,4.0,6,0,0,116,3,6,76104,,39423,County Championship Division Two 2026,3,41,Kent Men,38,Middlesex Men,8712741,2026-08-22T11:19:53Z,3,172,False,,,,39,Ryan Higgins,3491,Ben Compton,125,Daniel Bell-Drummond,Left,4,0,4,4,,HalfVolley,LegStump,,WellTimed,FrontFoot,Flick,InSwinger,Over,Medium,Right,Null,NotReferred,Null,False,False,False,False,False,True,,False,False,False,False,False,False,4,0,0,0,0,True,False,192.0,172.0,
1631305,29,4.0,6,0,0,116,3,6,76104,,39423,County Championship Division Two 2026,3,41,Kent Men,38,Middlesex Men,8712750,2026-08-22T11:20:41Z,4,173,False,,,,39,Ryan Higgins,3491,Ben Compton,125,Daniel Bell-Drummond,Left,0,0,0,0,,HalfVolley,OutsideOff,,None,FrontFoot,ForwardDefensive,InSwinger,Round,Medium,Right,Null,NotReferred,Null,False,False,False,False,False,True,,False,False,False,False,False,False,0,0,0,0,0,False,False,321.0,54.0,Extra Cover
1631305,29,4.0,6,0,0,116,3,6,76104,,39423,County Championship Division Two 2026,3,41,Kent Men,38,Middlesex Men,8712757,2026-08-22T11:21:14Z,5,174,False,,,,39,Ryan Higgins,3491,Ben Compton,125,Daniel Bell-Drummond,Left,0,0,0,0,,Short,MiddleStump,,Left,NoMovement,Leave,NoMovement,Over,Medium,Right,Null,NotReferred,Null,False,False,False,False,False,True,,False,False,False,False,False,False,0,0,0,0,0,False,False,,,Wicketkeeper
1631305,29,4.0,6,0,0,116,3,6,76104,,39423,County Championship Division Two 2026,3,41,Kent Men,38,Middlesex Men,8712763,2026-08-22T11:21:42Z,6,175,False,,,,39,Ryan Higgins,3491,Ben Compton,125,Daniel Bell-Drummond,Left,0,0,0,0,,LengthBall,MiddleStump,,None,BackFoot,Dropped,NoMovement,Over,Medium,Right,Null,NotReferred,Null,False,False,False,False,False,True,,False,False,False,False,False,False,0,0,0,0,0,False,False,331.0,49.0,Cover
1631313,30,3.93,2,0,0,118,3,2,76104,,39423,County Championship Division Two 2026,3,41,Kent Men,38,Middlesex Men,8712775,2026-08-22T11:22:38Z,1,176,False,,,,4202,Zafar Gohar,125,Daniel Bell-Drummond,3491,Ben Compton,Right,0,0,0,0,,LengthBall,OutsideOff,,None,BackFoot,Drive,StockBall,Round,Orthodox,Left,Null,NotReferred,Null,False,False,False,False,False,True,,False,False,False,False,False,False,0,0,0,0,0,False,False,220.0,46.0,Extra Cover
1631313,30,3.93,2,0,0,118,3,2,76104,,39423,County Championship Division Two 2026,3,41,Kent Men,38,Middlesex Men,8712780,2026-08-22T11:22:56Z,2,177,False,,,,4202,Zafar Gohar,125,Daniel Bell-Drummond,3491,Ben Compton,Right,0,0,0,0,,LengthBall,OffStump,,None,FrontFoot,ForwardDefensive,QuickerBall,Round,Orthodox,Left,Null,NotReferred,Null,False,False,False,False,False,True,,False,False,False,False,False,False,0,0,0,0,0,False,False,274.0,35.0,Bowler
1631313,30,3.93,2,0,0,118,3,2,76104,,39423,County Championship Division Two 2026,3,41,Kent Men,38,Middlesex Men,8712785,2026-08-22T11:23:16Z,3,178,False,,,,4202,Zafar Gohar,125,Daniel Bell-Drummond,3491,Ben Compton,Right,0,0,0,0,,LengthBall,OutsideOff,,Left,NoMovement,Leave,StockBall,Round,Orthodox,Left,Null,NotReferred,Null,False,False,False,False,False,True,,False,False,False,False,False,False,0,0,0,0,0,False,False,,,Wicketkeeper
1631313,30,3.93,2,0,0,118,3,2,76104,,39423,County Championship Division Two 2026,3,41,Kent Men,38,Middlesex Men,8712793,2026-08-22T11:23:37Z,4,179,False,,,,4202,Zafar Gohar,125,Daniel Bell-Drummond,3491,Ben Compton,Right,1,0,1,1,,FullToss,OffStump,,WellTimed,DownTheTrack,Drive,StockBall,Round,Orthodox,Left,Null,NotReferred,Null,False,False,False,False,False,True,,False,False,False,False,False,False,1,0,0,0,0,False,False,248.0,116.0,Long Off
1631313,30,3.93,2,0,0,118,3,2,76104,,39423,County Championship Division Two 2026,3,41,Kent Men,38,Middlesex Men,8712799,2026-08-22T11:24:07Z,5,180,False,,,,4202,Zafar Gohar,3491,Ben Compton,125,Daniel Bell-Drummond,Left,1,0,1,1,,LengthBall,OutsideOff,,None,FrontFoot,Dropped,QuickerBall,Over,Orthodox,Left,Null,NotReferred,Null,False,False,False,False,False,True,,False,False,False,False,False,False,1,0,0,0,0,False,False,329.0,51.0,Extra Cover
1631313,30,3.93,2,0,0,118,3,2,76104,,39423,County Championship Division Two 2026,3,41,Kent Men,38,Middlesex Men,8712804,2026-08-22T11:24:37Z,6,181,False,,,,4202,Zafar Gohar,125,Daniel Bell-Drummond,3491,Ben Compton,Right,0,0,0,0,,LengthBall,OutsideOff,,None,DownTheTrack,ForwardDefensive,StockBall,Round,Orthodox,Left,Null,NotReferred,Null,False,False,False,False,False,True,,False,False,False,False,False,False,0,0,0,0,0,False,False,222.0,49.0,Extra Cover
1631321,31,3.87,2,0,0,120,3,2,76104,,39423,County Championship Division Two 2026,3,41,Kent Men,38,Middlesex Men,8712818,2026-08-22T11:25:47Z,1,182,False,,,,2683,Tom Helm,3491,Ben Compton,125,Daniel Bell-Drummond,Left,0,0,0,0,,LengthBall,OutsideOff,,BottomEdge,BackFoot,Cut,NoMovement,Round,FastSeam,Right,Null,NotReferred,Null,False,False,False,False,False,True,,False,False,False,False,False,False,0,0,0,0,0,False,False,105.0,6.0,Wicketkeeper
1631321,31,3.87,2,0,0,120,3,2,76104,,39423,County Championship Division Two 2026,3,41,Kent Men,38,Middlesex Men,8712827,2026-08-22T11:26:21Z,2,183,False,,,,2683,Tom Helm,3491,Ben Compton,125,Daniel Bell-Drummond,Left,0,0,0,0,,LengthBall,OutsideOff,,None,BackFoot,Pushed,NoMovement,Round,FastSeam,Right,Null,NotReferred,Null,False,False,False,False,False,True,,False,False,False,False,False,False,0,0,0,0,0,False,False,331.0,58.0,Cover
1631321,31,3.87,2,0,0,120,3,2,76104,,39423,County Championship Division Two 2026,3,41,Kent Men,38,Middlesex Men,8712837,2026-08-22T11:26:56Z,3,184,False,,,,2683,Tom Helm,3491,Ben Compton,125,Daniel Bell-Drummond,Left,0,0,0,0,,LengthBall,OutsideOff,,WellTimed,FrontFoot,ForwardDefensive,NoMovement,Round,FastSeam,Right,Null,NotReferred,Null,False,False,False,False,False,True,,False,False,False,False,False,False,0,0,0,0,0,False,False,281.0,42.0,Bowler
1631321,31,3.87,2,0,0,120,3,2,76104,,39423,County Championship Division Two 2026,3,41,Kent Men,38,Middlesex Men,8712839,2026-08-22T11:27:27Z,4,185,False,,,,2683,Tom Helm,3491,Ben Compton,125,Daniel Bell-Drummond,Left,0,0,0,0,,LengthBall,OutsideOff,,Left,NoMovement,Leave,SeamIn,Round,FastSeam,Right,Null,NotReferred,Null,False,False,False,False,False,True,,False,False,False,False,False,False,0,0,0,0,0,False,False,,,Wicketkeeper
1631321,31,3.87,2,0,0,120,3,2,76104,,39423,County Championship Division Two 2026,3,41,Kent Men,38,Middlesex Men,8712847,2026-08-22T11:28:03Z,5,186,False,,,,2683,Tom Helm,3491,Ben Compton,125,Daniel Bell-Drummond,Left,0,0,0,0,,LengthBall,OutsideOff,,Spliced,BackFoot,BackwardDefensive,NoMovement,Round,FastSeam,Right,Null,NotReferred,Null,False,False,False,False,False,True,,False,False,False,False,False,False,0,0,0,0,0,False,False,274.0,35.0,Bowler
1631321,31,3.87,2,0,0,120,3,2,76104,,39423,County Championship Division Two 2026,3,41,Kent Men,38,Middlesex Men,8712856,2026-08-22T11:28:38Z,6,187,False,,,,2683,Tom Helm,3491,Ben Compton,125,Daniel Bell-Drummond,Left,2,0,2,2,,Short,OutsideOff,,WellTimed,BackFoot,Hook,NoMovement,Round,FastSeam,Right,Null,NotReferred,Null,False,False,False,False,False,True,,False,False,False,False,False,False,2,0,0,0,0,False,False,144.0,142.0,Fine Leg
1631329,32,4.03,9,0,0,129,3,9,76104,,39423,County Championship Division Two 2026,3,41,Kent Men,38,Middlesex Men,8712871,2026-08-22T11:30:04Z,1,188,False,,,,15007,Noah Cornwell,125,Daniel Bell-Drummond,3491,Ben Compton,Right,0,0,0,0,,BackOfALength,LegStump,,MisTimed,BackFoot,Pull,NoMovement,Over,FastSeam,Left,Null,NotReferred,Null,False,False,False,False,False,True,,False,False,False,False,False,False,0,0,0,0,0,False,False,283.0,78.0,Mid On
1631329,32,4.03,9,0,0,129,3,9,76104,,39423,County Championship Division Two 2026,3,41,Kent Men,38,Middlesex Men,8712878,2026-08-22T11:30:36Z,2,189,False,,,,15007,Noah Cornwell,125,Daniel Bell-Drummond,3491,Ben Compton,Right,1,1,1,0,,LengthBall,Wide,,Left,NoMovement,Leave,NoMovement,Over,FastSeam,Left,Null,NotReferred,Null,True,False,False,False,False,True,,False,False,False,False,False,False,1,0,1,0,0,False,False,,,Wicketkeeper
1631329,32,4.03,9,0,0,129,3,9,76104,,39423,County Championship Division Two 2026,3,41,Kent Men,38,Middlesex Men,8712885,2026-08-22T11:31:08Z,2,190,False,,,,15007,Noah Cornwell,125,Daniel Bell-Drummond,3491,Ben Compton,Right,4,0,4,4,,BackOfALength,OffStump,,Middled,BackFoot,Cut,NoMovement,Over,FastSeam,Left,Null,NotReferred,Null,False,False,False,False,False,True,,False,False,False,False,False,False,4,0,0,0,0,True,False,192.0,172.0,
1631329,32,4.03,9,0,0,129,3,9,76104,,39423,County Championship Division Two 2026,3,41,Kent Men,38,Middlesex Men,8712892,2026-08-22T11:31:44Z,3,191,False,,,,15007,Noah Cornwell,125,Daniel Bell-Drummond,3491,Ben Compton,Right,0,0,0,0,,LengthBall,MiddleStump,,None,BackFoot,BackwardDefensive,NoMovement,Over,FastSeam,Left,Null,NotReferred,Null,False,False,False,False,False,True,,False,False,False,False,False,False,0,0,0,0,0,False,False,225.0,46.0,Extra Cover
1631329,32,4.03,9,0,0,129,3,9,76104,,39423,County Championship Division Two 2026,3,41,Kent Men,38,Middlesex Men,8712897,2026-08-22T11:32:15Z,4,192,False,,,,15007,Noah Cornwell,125,Daniel Bell-Drummond,3491,Ben Compton,Right,0,0,0,0,,LengthBall,LegStump,,None,BackFoot,Pushed,NoMovement,Over,FastSeam,Left,Null,NotReferred,Null,False,False,False,False,False,True,,False,False,False,False,False,False,0,0,0,0,0,False,False,283.0,73.0,Mid On
1631329,32,4.03,9,0,0,129,3,9,76104,,39423,County Championship Division Two 2026,3,41,Kent Men,38,Middlesex Men,8712901,2026-08-22T11:32:46Z,5,193,False,,,,15007,Noah Cornwell,125,Daniel Bell-Drummond,3491,Ben Compton,Right,4,0,4,4,,LengthBall,OutsideOff,,Middled,BackFoot,Cut,NoMovement,Over,FastSeam,Left,Null,NotReferred,Null,False,False,False,False,False,True,,False,False,False,False,False,False,4,0,0,0,0,True,False,202.0,174.0,
1631329,32,4.03,9,0,0,129,3,9,76104,,39423,County Championship Division Two 2026,3,41,Kent Men,38,Middlesex Men,8712916,2026-08-22T11:33:55Z,6,194,False,,,,15007,Noah Cornwell,125,Daniel Bell-Drummond,3491,Ben Compton,Right,0,0,0,0,,Yorker,OutsideOff,,Missed,NoMovement,LateCut,NoMovement,Round,FastSeam,Left,Null,NotReferred,Null,False,False,False,False,False,True,,False,False,False,False,False,False,0,0,0,0,0,False,False,,,Wicketkeeper
1631336,33,3.94,1,0,0,130,3,1,76104,,39423,County Championship Division Two 2026,3,41,Kent Men,38,Middlesex Men,8712924,2026-08-22T11:34:48Z,1,195,False,,,,2683,Tom Helm,3491,Ben Compton,125,Daniel Bell-Drummond,Left,1,0,1,1,,LengthBall,OutsideOff,,None,FrontFoot,Pushed,NoMovement,Round,FastSeam,Right,Null,NotReferred,Null,False,False,False,False,False,True,,False,False,False,False,False,False,1,0,0,0,0,False,False,304.0,73.0,Extra Cover
1631336,33,3.94,1,0,0,130,3,1,76104,,39423,County Championship Division Two 2026,3,41,Kent Men,38,Middlesex Men,8712931,2026-08-22T11:35:27Z,2,196,False,,,,2683,Tom Helm,125,Daniel Bell-Drummond,3491,Ben Compton,Right,0,0,0,0,,HalfVolley,OutsideOff,,MisTimed,FrontFoot,Drive,NoMovement,Over,FastSeam,Right,Null,NotReferred,Null,False,False,False,False,False,True,,False,False,False,False,False,False,0,0,0,0,0,False,False,244.0,89.0,Mid Off
1631336,33,3.94,1,0,0,130,3,1,76104,,39423,County Championship Division Two 2026,3,41,Kent Men,38,Middlesex Men,8712938,2026-08-22T11:35:57Z,3,197,False,,,,2683,Tom Helm,125,Daniel Bell-Drummond,3491,Ben Compton,Right,0,0,0,0,,LengthBall,OffStump,,HitPad,NoMovement,ForwardDefensive,SeamIn,Over,FastSeam,Right,Null,NotReferred,Null,False,False,False,False,False,True,,False,False,False,False,False,False,0,0,0,0,0,False,False,256.0,42.0,Bowler
1631336,33,3.94,1,0,0,130,3,1,76104,,39423,County Championship Division Two 2026,3,41,Kent Men,38,Middlesex Men,8712944,2026-08-22T11:36:34Z,4,198,False,,,,2683,Tom Helm,125,Daniel Bell-Drummond,3491,Ben Compton,Right,0,0,0,0,,HalfVolley,Wide,,Missed,FrontFoot,Drive,NoMovement,Over,FastSeam,Right,Null,NotReferred,Null,False,False,False,False,False,True,,False,False,False,False,False,False,0,0,0,0,0,False,False,,,Wicketkeeper
1631336,33,3.94,1,0,0,130,3,1,76104,,39423,County Championship Division Two 2026,3,41,Kent Men,38,Middlesex Men,8712953,2026-08-22T11:37:10Z,5,199,False,,,,2683,Tom Helm,125,Daniel Bell-Drummond,3491,Ben Compton,Right,0,0,0,0,,HalfVolley,OffStump,,MisTimed,FrontFoot,Drive,NoMovement,Over,FastSeam,Right,Null,NotReferred,Null,False,False,False,False,False,True,,False,False,False,False,False,False,0,0,0,0,0,False,False,285.0,78.0,Mid On
1631336,33,3.94,1,0,0,130,3,1,76104,,39423,County Championship Division Two 2026,3,41,Kent Men,38,Middlesex Men,8712958,2026-08-22T11:37:45Z,6,200,False,,,,2683,Tom Helm,125,Daniel Bell-Drummond,3491,Ben Compton,Right,0,0,0,0,,LengthBall,OutsideOff,,Missed,BackFoot,Cut,NoMovement,Over,FastSeam,Right,Null,NotReferred,Null,False,False,False,False,False,True,,False,False,False,False,False,False,0,0,0,0,0,False,False,,,Wicketkeeper
1631346,34,4.21,13,0,0,143,3,13,76104,,39423,County Championship Division Two 2026,3,41,Kent Men,38,Middlesex Men,8712973,2026-08-22T11:38:44Z,1,201,False,,,,15007,Noah Cornwell,3491,Ben Compton,125,Daniel Bell-Drummond,Left,0,0,0,0,,LengthBall,MiddleStump,,ShouldersArms,NoMovement,ShouldersArms,NoMovement,Over,FastSeam,Left,Null,NotReferred,Null,False,False,False,False,False,True,,False,False,False,False,False,False,0,0,0,0,0,False,False,,,Wicketkeeper
1631346,34,4.21,13,0,0,143,3,13,76104,,39423,County Championship Division Two 2026,3,41,Kent Men,38,Middlesex Men,8712978,2026-08-22T11:39:16Z,2,202,False,,,,15007,Noah Cornwell,3491,Ben Compton,125,Daniel Bell-Drummond,Left,1,0,1,1,,LengthBall,MiddleStump,,WellTimed,BackFoot,Worked,NoMovement,Over,FastSeam,Left,Null,NotReferred,Null,False,False,False,False,True,True,,False,False,False,False,False,False,1,0,0,0,0,False,False,145.0,130.0,Fine Leg
1631346,34,4.21,13,0,0,143,3,13,76104,,39423,County Championship Division Two 2026,3,41,Kent Men,38,Middlesex Men,8712988,2026-08-22T11:40:05Z,3,203,False,,,,15007,Noah Cornwell,125,Daniel Bell-Drummond,3491,Ben Compton,Right,4,0,4,4,,LengthBall,OffStump,,WellTimed,BackFoot,Worked,NoMovement,Round,FastSeam,Left,Null,NotReferred,Null,False,False,False,False,False,True,,False,False,False,False,False,False,4,0,0,0,0,True,False,26.0,166.0,
1631346,34,4.21,13,0,0,143,3,13,76104,,39423,County Championship Division Two 2026,3,41,Kent Men,38,Middlesex Men,8712997,2026-08-22T11:40:55Z,4,204,False,,,,15007,Noah Cornwell,125,Daniel Bell-Drummond,3491,Ben Compton,Right,4,0,4,4,,LengthBall,OutsideOff,,WellTimed,BackFoot,LateCut,NoMovement,Round,FastSeam,Left,Null,NotReferred,Null,False,False,False,False,False,True,,False,False,False,False,False,False,4,0,0,0,0,True,False,137.0,163.0,
1631346,34,4.21,13,0,0,143,3,13,76104,,39423,County Championship Division Two 2026,3,41,Kent Men,38,Middlesex Men,8713005,2026-08-22T11:41:45Z,5,205,False,,,,15007,Noah Cornwell,125,Daniel Bell-Drummond,3491,Ben Compton,Right,4,0,4,4,,LengthBall,OutsideOff,,WellTimed,BackFoot,LateCut,NoMovement,Round,FastSeam,Left,Null,NotReferred,Null,False,False,False,False,False,True,,False,False,False,False,False,False,4,0,0,0,0,True,False,136.0,163.0,
1631346,34,4.21,13,0,0,143,3,13,76104,,39423,County Championship Division Two 2026,3,41,Kent Men,38,Middlesex Men,8713016,2026-08-22T11:42:49Z,6,206,False,,,,15007,Noah Cornwell,125,Daniel Bell-Drummond,3491,Ben Compton,Right,0,0,0,0,,LengthBall,OutsideOff,,None,FrontFoot,Dropped,NoMovement,Round,FastSeam,Left,Null,NotReferred,Null,False,False,False,False,False,True,,False,False,False,False,False,False,0,0,0,0,0,False,False,187.0,64.0,Cover
1631355,35,4.11,1,0,0,144,3,1,76104,,39423,County Championship Division Two 2026,3,41,Kent Men,38,Middlesex Men,8713025,2026-08-22T11:43:51Z,1,207,False,,,,2683,Tom Helm,3491,Ben Compton,125,Daniel Bell-Drummond,Left,0,0,0,0,,HalfVolley,OutsideOff,,WellTimed,FrontFoot,ForwardDefensive,NoMovement,Round,FastSeam,Right,Null,NotReferred,Null,False,False,False,False,False,True,,False,False,False,False,False,False,0,0,0,0,0,False,False,273.0,41.0,Bowler
1631355,35,4.11,1,0,0,144,3,1,76104,,39423,County Championship Division Two 2026,3,41,Kent Men,38,Middlesex Men,8713034,2026-08-22T11:44:25Z,2,208,False,,,,2683,Tom Helm,3491,Ben Compton,125,Daniel Bell-Drummond,Left,1,0,1,1,,HalfVolley,OutsideOff,,None,FrontFoot,Pushed,NoMovement,Round,FastSeam,Right,Null,NotReferred,Null,False,False,False,False,False,True,,False,False,False,False,False,False,1,0,0,0,0,False,False,287.0,69.0,Mid Off
1631355,35,4.11,1,0,0,144,3,1,76104,,39423,County Championship Division Two 2026,3,41,Kent Men,38,Middlesex Men,8713043,2026-08-22T11:45:12Z,3,209,False,,,,2683,Tom Helm,125,Daniel Bell-Drummond,3491,Ben Compton,Right,0,0,0,0,,LengthBall,OutsideOff,,HitPad,BackFoot,Fended,SeamIn,Over,FastSeam,Right,Null,NotReferred,Null,False,False,False,False,False,True,,False,False,False,False,False,False,0,0,0,0,0,False,False,92.0,5.0,Wicketkeeper
1631355,35,4.11,1,0,0,144,3,1,76104,,39423,County Championship Division Two 2026,3,41,Kent Men,38,Middlesex Men,8713048,2026-08-22T11:45:48Z,4,210,False,,,,2683,Tom Helm,125,Daniel Bell-Drummond,3491,Ben Compton,Right,0,0,0,0,,LengthBall,OutsideOff,,Spliced,FrontFoot,ForwardDefensive,SeamIn,Over,FastSeam,Right,Null,NotReferred,Null,False,False,False,False,False,True,,False,False,False,False,False,False,0,0,0,0,0,False,False,257.0,40.0,Bowler
1631355,35,4.11,1,0,0,144,3,1,76104,,39423,County Championship Division Two 2026,3,41,Kent Men,38,Middlesex Men,8713059,2026-08-22T11:46:33Z,5,211,False,,,,2683,Tom Helm,125,Daniel Bell-Drummond,3491,Ben Compton,Right,0,0,0,0,,BackOfALength,OutsideOff,,None,BackFoot,Dropped,NoMovement,Over,FastSeam,Right,Null,NotReferred,Null,False,False,False,False,False,True,,False,False,False,False,False,False,0,0,0,0,0,False,False,181.0,22.0,Cover
1631355,35,4.11,1,0,0,144,3,1,76104,,39423,County Championship Division Two 2026,3,41,Kent Men,38,Middlesex Men,8713064,2026-08-22T11:47:07Z,6,212,False,,,,2683,Tom Helm,125,Daniel Bell-Drummond,3491,Ben Compton,Right,0,0,0,0,,LengthBall,OutsideOff,,None,FrontFoot,ForwardDefensive,NoMovement,Over,FastSeam,Right,Null,NotReferred,Null,False,False,False,False,False,True,,False,False,False,False,False,False,0,0,0,0,0,False,False,249.0,43.0,Bowler
1631365,36,4.08,3,0,0,147,3,3,76104,,39423,County Championship Division Two 2026,3,41,Kent Men,38,Middlesex Men,8713082,2026-08-22T11:48:43Z,1,213,False,,,,15007,Noah Cornwell,3491,Ben Compton,125,Daniel Bell-Drummond,Left,0,0,0,0,,LengthBall,OutsideOff,,None,FrontFoot,ForwardDefensive,NoMovement,Over,FastSeam,Left,Null,NotReferred,Null,False,False,False,False,False,True,,False,False,False,False,False,False,0,0,0,0,0,False,False,277.0,41.0,Bowler
1631365,36,4.08,3,0,0,147,3,3,76104,,39423,County Championship Division Two 2026,3,41,Kent Men,38,Middlesex Men,8713091,2026-08-22T11:49:17Z,2,214,False,,,,15007,Noah Cornwell,3491,Ben Compton,125,Daniel Bell-Drummond,Left,2,0,2,2,,LengthBall,OffStump,,WellTimed,BackFoot,Worked,NoMovement,Over,FastSeam,Left,Null,NotReferred,Null,False,False,False,False,False,True,,False,False,False,False,False,False,2,0,0,0,0,False,False,165.0,135.0,Deep Backward Square Leg
1631365,36,4.08,3,0,0,147,3,3,76104,,39423,County Championship Division Two 2026,3,41,Kent Men,38,Middlesex Men,8713099,2026-08-22T11:49:57Z,3,215,False,,,,15007,Noah Cornwell,3491,Ben Compton,125,Daniel Bell-Drummond,Left,1,0,1,1,,HalfVolley,OffStump,,InsideEdge,FrontFoot,Glance,NoMovement,Over,FastSeam,Left,Null,NotReferred,Null,False,False,False,False,False,True,,False,False,False,False,False,False,1,0,0,0,0,False,False,124.0,121.0,Fine Leg
1631365,36,4.08,3,0,0,147,3,3,76104,,39423,County Championship Division Two 2026,3,41,Kent Men,38,Middlesex Men,8713105,2026-08-22T11:50:47Z,4,216,False,,,,15007,Noah Cornwell,125,Daniel Bell-Drummond,3491,Ben Compton,Right,0,0,0,0,,LengthBall,Wide,,Left,NoMovement,Leave,NoMovement,Round,FastSeam,Left,Null,NotReferred,Null,False,False,False,False,False,True,,False,False,False,False,False,False,0,0,0,0,0,False,False,,,Wicketkeeper
1631365,36,4.08,3,0,0,147,3,3,76104,,39423,County Championship Division Two 2026,3,41,Kent Men,38,Middlesex Men,8713113,2026-08-22T11:51:23Z,5,217,False,,,,15007,Noah Cornwell,125,Daniel Bell-Drummond,3491,Ben Compton,Right,0,0,0,0,,LengthBall,OffStump,,None,FrontFoot,ForwardDefensive,NoMovement,Round,FastSeam,Left,Null,NotReferred,Null,False,False,False,False,False,True,,False,False,False,False,False,False,0,0,0,0,0,False,False,328.0,48.0,Mid Wicket
1631365,36,4.08,3,0,0,147,3,3,76104,,39423,County Championship Division Two 2026,3,41,Kent Men,38,Middlesex Men,8713121,2026-08-22T11:51:55Z,6,218,False,,,,15007,Noah Cornwell,125,Daniel Bell-Drummond,3491,Ben Compton,Right,0,0,0,0,,Yorker,OutsideOff,,MisTimed,FrontFoot,Drive,NoMovement,Round,FastSeam,Left,Null,NotReferred,Null,False,False,False,False,False,True,,False,False,False,False,False,False,0,0,0,0,0,False,False,246.0,77.0,Mid Off
1631373,37,4.03,2,0,0,149,3,2,76104,,39423,County Championship Division Two 2026,3,41,Kent Men,38,Middlesex Men,8713136,2026-08-22T11:53:18Z,1,219,False,,,,1739,Toby Roland-Jones,3491,Ben Compton,125,Daniel Bell-Drummond,Left,0,0,0,0,,LengthBall,OutsideOff,,ShouldersArms,NoMovement,ShouldersArms,InSwinger,Round,Medium,Right,Null,NotReferred,Null,False,False,False,False,False,True,,False,False,False,False,False,False,0,0,0,0,0,False,False,,,Wicketkeeper
1631373,37,4.03,2,0,0,149,3,2,76104,,39423,County Championship Division Two 2026,3,41,Kent Men,38,Middlesex Men,8713145,2026-08-22T11:53:53Z,2,220,False,,,,1739,Toby Roland-Jones,3491,Ben Compton,125,Daniel Bell-Drummond,Left,0,0,0,0,,HalfVolley,OutsideOff,,MisTimed,FrontFoot,Drive,NoMovement,Round,Medium,Right,Null,NotReferred,Null,False,False,False,False,False,True,,False,False,False,False,False,False,0,0,0,0,0,False,False,286.0,79.0,Mid Off
1631373,37,4.03,2,0,0,149,3,2,76104,,39423,County Championship Division Two 2026,3,41,Kent Men,38,Middlesex Men,8713151,2026-08-22T11:54:27Z,3,221,False,,,,1739,Toby Roland-Jones,3491,Ben Compton,125,Daniel Bell-Drummond,Left,0,0,0,0,,LengthBall,OutsideOff,,None,FrontFoot,ForwardDefensive,NoMovement,Round,Medium,Right,Null,NotReferred,Null,False,False,False,False,False,True,,False,False,False,False,False,False,0,0,0,0,0,False,False,267.0,42.0,Bowler
1631373,37,4.03,2,0,0,149,3,2,76104,,39423,County Championship Division Two 2026,3,41,Kent Men,38,Middlesex Men,8713157,2026-08-22T11:54:58Z,4,222,False,,,,1739,Toby Roland-Jones,3491,Ben Compton,125,Daniel Bell-Drummond,Left,2,0,2,2,,HalfVolley,OutsideOff,,WellTimed,FrontFoot,Drive,NoMovement,Round,Medium,Right,Null,NotReferred,Null,False,False,False,False,False,True,,False,False,False,False,False,False,2,0,0,0,0,False,False,307.0,91.0,Extra Cover
1631373,37,4.03,2,0,0,149,3,2,76104,,39423,County Championship Division Two 2026,3,41,Kent Men,38,Middlesex Men,8713165,2026-08-22T11:55:48Z,5,223,False,,,,1739,Toby Roland-Jones,3491,Ben Compton,125,Daniel Bell-Drummond,Left,0,0,0,0,,LengthBall,OutsideOff,,None,FrontFoot,ForwardDefensive,NoMovement,Round,Medium,Right,Null,NotReferred,Null,False,False,False,False,False,True,,False,False,False,False,False,False,0,0,0,0,0,False,False,250.0,50.0,Mid On
1631373,37,4.03,2,0,0,149,3,2,76104,,39423,County Championship Division Two 2026,3,41,Kent Men,38,Middlesex Men,8713172,2026-08-22T11:56:21Z,6,224,False,,,,1739,Toby Roland-Jones,3491,Ben Compton,125,Daniel Bell-Drummond,Left,0,0,0,0,,LengthBall,OutsideOff,,MisTimed,BackFoot,Cut,NoMovement,Round,Medium,Right,Null,NotReferred,Null,False,False,False,False,False,True,,False,False,False,False,False,False,0,0,0,0,0,False,False,350.0,68.0,Cover
1631380,38,4.05,5,0,0,154,3,5,76104,,39423,County Championship Division Two 2026,3,41,Kent Men,38,Middlesex Men,8713180,2026-08-22T11:57:24Z,1,225,False,,,,15007,Noah Cornwell,125,Daniel Bell-Drummond,3491,Ben Compton,Right,0,0,0,0,,LengthBall,OutsideOff,,BottomEdge,BackFoot,BackwardDefensive,SeamIn,Round,FastSeam,Left,Null,NotReferred,Null,False,False,False,False,False,True,,False,False,False,False,False,False,0,0,0,0,0,False,False,74.0,18.0,Wicketkeeper
1631380,38,4.05,5,0,0,154,3,5,76104,,39423,County Championship Division Two 2026,3,41,Kent Men,38,Middlesex Men,8713185,2026-08-22T11:57:57Z,2,226,False,,,,15007,Noah Cornwell,125,Daniel Bell-Drummond,3491,Ben Compton,Right,0,0,0,0,,LengthBall,OutsideOff,,MisTimed,BackFoot,Pull,NoMovement,Round,FastSeam,Left,Null,NotReferred,Null,False,False,False,False,False,True,,False,False,False,False,False,False,0,0,0,0,0,False,False,287.0,81.0,Mid On
1631380,38,4.05,5,0,0,154,3,5,76104,,39423,County Championship Division Two 2026,3,41,Kent Men,38,Middlesex Men,8713191,2026-08-22T11:58:29Z,3,227,False,,,,15007,Noah Cornwell,125,Daniel Bell-Drummond,3491,Ben Compton,Right,4,0,4,4,,HalfVolley,Wide,,Middled,FrontFoot,Drive,NoMovement,Round,FastSeam,Left,Null,NotReferred,Null,False,False,False,False,False,True,,False,False,False,False,False,False,4,0,0,0,0,True,False,203.0,174.0,
1631380,38,4.05,5,0,0,154,3,5,76104,,39423,County Championship Division Two 2026,3,41,Kent Men,38,Middlesex Men,8713200,2026-08-22T11:59:17Z,4,228,False,,,,15007,Noah Cornwell,125,Daniel Bell-Drummond,3491,Ben Compton,Right,1,0,1,1,,HalfVolley,OutsideOff,,Middled,FrontFoot,Drive,NoMovement,Round,FastSeam,Left,Null,NotReferred,Null,False,False,False,False,False,True,,False,False,False,False,False,False,1,0,0,0,0,False,False,212.0,66.0,Extra Cover
1631380,38,4.05,5,0,0,154,3,5,76104,,39423,County Championship Division Two 2026,3,41,Kent Men,38,Middlesex Men,8713216,2026-08-22T11:59:57Z,5,229,False,,,,15007,Noah Cornwell,3491,Ben Compton,125,Daniel Bell-Drummond,Left,0,0,0,0,,LengthBall,OffStump,,Spliced,FrontFoot,Pushed,NoMovement,Over,FastSeam,Left,Null,NotReferred,Null,False,False,False,False,False,True,,False,False,False,False,False,False,0,0,0,0,0,False,False,257.0,76.0,Mid On
1631380,38,4.05,5,0,0,154,3,5,76104,,39423,County Championship Division Two 2026,3,41,Kent Men,38,Middlesex Men,8713215,2026-08-22T12:00:29Z,6,230,False,,,,15007,Noah Cornwell,3491,Ben Compton,125,Daniel Bell-Drummond,Left,0,0,0,0,,HalfVolley,OutsideOff,,WellTimed,FrontFoot,Drive,NoMovement,Over,FastSeam,Left,Null,NotReferred,Null,False,False,False,False,False,True,,False,False,False,False,False,False,0,0,0,0,0,False,False,310.0,64.0,Extra Cover
1631386,39,4.26,12,0,0,166,3,12,76104,,39423,County Championship Division Two 2026,3,41,Kent Men,38,Middlesex Men,8713227,2026-08-22T12:01:51Z,1,231,False,,,,1739,Toby Roland-Jones,125,Daniel Bell-Drummond,3491,Ben Compton,Right,4,0,4,4,,HalfVolley,OffStump,,Middled,FrontFoot,Drive,NoMovement,Over,Medium,Right,Null,NotReferred,Null,False,False,False,False,False,True,,False,False,False,False,False,False,4,0,0,0,0,True,False,269.0,180.0,
1631386,39,4.26,12,0,0,166,3,12,76104,,39423,County Championship Division Two 2026,3,41,Kent Men,38,Middlesex Men,8713231,2026-08-22T12:02:25Z,2,232,False,,,,1739,Toby Roland-Jones,125,Daniel Bell-Drummond,3491,Ben Compton,Right,0,0,0,0,,LengthBall,OutsideOff,,None,FrontFoot,ForwardDefensive,NoMovement,Over,Medium,Right,Null,NotReferred,Null,False,False,False,False,False,True,,False,False,False,False,False,False,0,0,0,0,0,False,False,290.0,57.0,Mid On
1631386,39,4.26,12,0,0,166,3,12,76104,,39423,County Championship Division Two 2026,3,41,Kent Men,38,Middlesex Men,8713235,2026-08-22T12:03:00Z,3,233,False,,,,1739,Toby Roland-Jones,125,Daniel Bell-Drummond,3491,Ben Compton,Right,0,0,0,0,,LengthBall,Wide,,Left,DownTheTrack,Leave,NoMovement,Over,Medium,Right,Null,NotReferred,Null,False,False,False,False,False,True,,False,False,False,False,False,False,0,0,0,0,0,False,False,,,Wicketkeeper
1631386,39,4.26,12,0,0,166,3,12,76104,,39423,County Championship Division Two 2026,3,41,Kent Men,38,Middlesex Men,8713239,2026-08-22T12:03:34Z,4,234,False,,,,1739,Toby Roland-Jones,125,Daniel Bell-Drummond,3491,Ben Compton,Right,4,0,4,4,,Short,OutsideOff,,Middled,BackFoot,Cut,NoMovement,Over,Medium,Right,Null,NotReferred,Null,False,False,False,False,False,True,,False,False,False,False,False,False,4,0,0,0,0,True,False,189.0,172.0,
1631386,39,4.26,12,0,0,166,3,12,76104,,39423,County Championship Division Two 2026,3,41,Kent Men,38,Middlesex Men,8713257,2026-08-22T12:04:18Z,5,235,False,,,,1739,Toby Roland-Jones,125,Daniel Bell-Drummond,3491,Ben Compton,Right,4,0,4,4,,HalfVolley,OutsideOff,,ThickEdge,FrontFoot,Drive,AwaySwinger,Over,Medium,Right,Null,NotReferred,Null,False,False,False,False,False,True,,False,False,False,False,False,False,4,0,0,0,0,True,True,126.0,162.0,
1631386,39,4.26,12,0,0,166,3,12,76104,,39423,County Championship Division Two 2026,3,41,Kent Men,38,Middlesex Men,8713273,2026-08-22T12:05:00Z,6,236,False,,,,1739,Toby Roland-Jones,125,Daniel Bell-Drummond,3491,Ben Compton,Right,0,0,0,0,,LengthBall,OutsideOff,,None,BackFoot,BackwardDefensive,NoMovement,Over,Medium,Right,Null,NotReferred,Null,False,False,False,False,False,True,,False,False,False,False,False,False,0,0,0,0,0,False,False,214.0,57.0,Extra Cover
1631397,40,4.17,1,1,0,167,4,1,76104,,39423,County Championship Division Two 2026,3,41,Kent Men,38,Middlesex Men,8713289,2026-08-22T12:06:06Z,1,237,False,,,,4202,Zafar Gohar,3491,Ben Compton,125,Daniel Bell-Drummond,Left,0,0,0,0,,LengthBall,OutsideOff,,None,BackFoot,Worked,QuickerBall,Over,Orthodox,Left,Null,NotReferred,Null,False,False,False,False,False,True,,False,False,False,False,False,False,0,0,0,0,0,False,False,214.0,50.0,Mid Wicket
1631397,40,4.17,1,1,0,167,4,1,76104,,39423,County Championship Division Two 2026,3,41,Kent Men,38,Middlesex Men,8713295,2026-08-22T12:06:25Z,2,238,False,,,,4202,Zafar Gohar,3491,Ben Compton,125,Daniel Bell-Drummond,Left,1,0,1,1,,LengthBall,OutsideOff,,None,FrontFoot,Worked,StockBall,Over,Orthodox,Left,Null,NotReferred,Null,False,False,False,False,False,True,,False,False,False,False,False,False,1,0,0,0,0,False,False,174.0,111.0,Deep Backward Square Leg
1631397,40,4.17,1,1,0,167,4,1,76104,,39423,County Championship Division Two 2026,3,41,Kent Men,38,Middlesex Men,8713300,2026-08-22T12:07:01Z,3,239,False,,,,4202,Zafar Gohar,125,Daniel Bell-Drummond,3491,Ben Compton,Right,0,0,0,0,,LengthBall,OffStump,,None,FrontFoot,ForwardDefensive,StockBall,Round,Orthodox,Left,Null,NotReferred,Null,False,False,False,False,False,True,,False,False,False,False,False,False,0,0,0,0,0,False,False,227.0,35.0,Wicketkeeper
1631397,40,4.17,1,1,0,167,4,1,76104,,39423,County Championship Division Two 2026,3,41,Kent Men,38,Middlesex Men,8713304,2026-08-22T12:07:19Z,4,240,False,,,,4202,Zafar Gohar,125,Daniel Bell-Drummond,3491,Ben Compton,Right,0,0,0,0,,LengthBall,OffStump,,HitPad,DownTheTrack,Worked,StockBall,Round,Orthodox,Left,Null,NotReferred,Null,False,False,False,False,False,True,,False,False,False,False,False,False,0,0,0,0,0,False,False,122.0,19.0,Gully
1631397,40,4.17,1,1,0,167,4,1,76104,,39423,County Championship Division Two 2026,3,41,Kent Men,38,Middlesex Men,8713309,2026-08-22T12:07:46Z,5,241,False,,,,4202,Zafar Gohar,125,Daniel Bell-Drummond,3491,Ben Compton,Right,0,0,0,0,,LengthBall,MiddleStump,,None,FrontFoot,ForwardDefensive,StockBall,Round,Orthodox,Left,Null,NotReferred,Null,False,False,False,False,False,True,,False,False,False,False,False,False,0,0,0,0,0,False,False,271.0,41.0,Bowler
1631397,40,4.17,1,1,0,167,4,1,76104,,39423,County Championship Division Two 2026,3,41,Kent Men,38,Middlesex Men,8713313,2026-08-22T12:08:05Z,6,242,True,Bowled,125.0,Daniel Bell-Drummond,4202,Zafar Gohar,125,Daniel Bell-Drummond,3491,Ben Compton,Right,0,0,0,0,Bowled,LengthBall,OutsideOff,Bowled,Missed,BackFoot,Cut,ArmBall,Round,Orthodox,Left,Null,NotReferred,Null,False,False,False,False,False,True,1890.0,False,False,False,False,False,False,0,0,0,0,0,False,False,,,
1631408,41,4.15,3,0,0,170,4,3,76104,,39423,County Championship Division Two 2026,3,41,Kent Men,38,Middlesex Men,8713362,2026-08-22T12:48:44Z,1,243,False,,,,1739,Toby Roland-Jones,3491,Ben Compton,2517,Chris Benjamin,Left,0,0,0,0,,LengthBall,OutsideOff,,None,FrontFoot,ForwardDefensive,NoMovement,Round,Medium,Right,Null,NotReferred,Null,False,False,False,False,False,True,,False,False,False,False,False,False,0,0,0,0,0,False,False,333.0,50.0,Cover
1631408,41,4.15,3,0,0,170,4,3,76104,,39423,County Championship Division Two 2026,3,41,Kent Men,38,Middlesex Men,8713364,2026-08-22T12:49:20Z,2,244,False,,,,1739,Toby Roland-Jones,3491,Ben Compton,2517,Chris Benjamin,Left,0,0,0,0,,LengthBall,OutsideOff,,Left,NoMovement,Leave,SeamIn,Round,Medium,Right,Null,NotReferred,Null,False,False,False,False,False,True,,False,False,False,False,False,False,0,0,0,0,0,False,False,,,Wicketkeeper
1631408,41,4.15,3,0,0,170,4,3,76104,,39423,County Championship Division Two 2026,3,41,Kent Men,38,Middlesex Men,8713370,2026-08-22T12:49:56Z,3,245,False,,,,1739,Toby Roland-Jones,3491,Ben Compton,2517,Chris Benjamin,Left,0,0,0,0,,LengthBall,OutsideOff,,None,BackFoot,BackwardDefensive,NoMovement,Round,Medium,Right,Null,NotReferred,Null,False,False,False,False,False,True,,False,False,False,False,False,False,0,0,0,0,0,False,False,329.0,58.0,Extra Cover
1631408,41,4.15,3,0,0,170,4,3,76104,,39423,County Championship Division Two 2026,3,41,Kent Men,38,Middlesex Men,8713376,2026-08-22T12:50:31Z,4,246,False,,,,1739,Toby Roland-Jones,3491,Ben Compton,2517,Chris Benjamin,Left,1,0,1,1,,HalfVolley,OffStump,,None,FrontFoot,Worked,NoMovement,Round,Medium,Right,Null,NotReferred,Null,False,False,False,False,False,True,,False,False,False,False,False,False,1,0,0,0,0,False,False,226.0,67.0,Mid Wicket
1631408,41,4.15,3,0,0,170,4,3,76104,,39423,County Championship Division Two 2026,3,41,Kent Men,38,Middlesex Men,8713382,2026-08-22T12:51:16Z,5,247,False,,,,1739,Toby Roland-Jones,2517,Chris Benjamin,3491,Ben Compton,Right,0,0,0,0,,HalfVolley,OffStump,,WellTimed,FrontFoot,Pushed,NoMovement,Over,Medium,Right,Null,NotReferred,Null,False,False,False,False,False,True,,False,False,False,False,False,False,0,0,0,0,0,False,False,284.0,79.0,Mid On
1631408,41,4.15,3,0,0,170,4,3,76104,,39423,County Championship Division Two 2026,3,41,Kent Men,38,Middlesex Men,8713387,2026-08-22T12:51:50Z,6,248,False,,,,1739,Toby Roland-Jones,2517,Chris Benjamin,3491,Ben Compton,Right,2,0,2,2,,LengthBall,OutsideOff,,WellTimed,BackFoot,Pushed,NoMovement,Over,Medium,Right,Null,NotReferred,Null,False,False,False,False,False,True,,False,False,False,False,False,False,2,0,0,0,0,False,False,200.0,126.0,Deep Cover
1631418,42,4.14,4,0,0,174,4,4,76104,,39423,County Championship Division Two 2026,3,41,Kent Men,38,Middlesex Men,8713400,2026-08-22T12:52:59Z,1,249,False,,,,4202,Zafar Gohar,3491,Ben Compton,2517,Chris Benjamin,Left,1,0,1,1,,LengthBall,OffStump,,None,BackFoot,Worked,QuickerBall,Over,Orthodox,Left,Null,NotReferred,Null,False,False,False,False,False,True,,False,False,False,False,False,False,1,0,0,0,0,False,False,189.0,122.0,Deep Square Leg
1631418,42,4.14,4,0,0,174,4,4,76104,,39423,County Championship Division Two 2026,3,41,Kent Men,38,Middlesex Men,8713411,2026-08-22T12:53:36Z,2,250,False,,,,4202,Zafar Gohar,2517,Chris Benjamin,3491,Ben Compton,Right,0,0,0,0,,LengthBall,OutsideOff,,WellTimed,FrontFoot,Pushed,StockBall,Round,Orthodox,Left,Null,NotReferred,Null,False,False,False,False,False,True,,False,False,False,False,False,False,0,0,0,0,0,False,False,213.0,56.0,Extra Cover
1631418,42,4.14,4,0,0,174,4,4,76104,,39423,County Championship Division Two 2026,3,41,Kent Men,38,Middlesex Men,8713415,2026-08-22T12:53:56Z,3,251,False,,,,4202,Zafar Gohar,2517,Chris Benjamin,3491,Ben Compton,Right,1,0,1,1,,LengthBall,OutsideOff,,ThickEdge,FrontFoot,Drive,StockBall,Round,Orthodox,Left,Null,NotReferred,Null,False,False,False,False,False,True,,False,False,False,False,False,False,1,0,0,0,0,False,False,192.0,131.0,Deep Cover
1631418,42,4.14,4,0,0,174,4,4,76104,,39423,County Championship Division Two 2026,3,41,Kent Men,38,Middlesex Men,8713430,2026-08-22T12:54:59Z,4,252,False,,,,4202,Zafar Gohar,3491,Ben Compton,2517,Chris Benjamin,Left,0,0,0,0,,LengthBall,OutsideOff,,None,FrontFoot,Worked,StockBall,Over,Orthodox,Left,Null,NotReferred,Null,False,False,False,False,False,True,,False,False,False,False,False,False,0,0,0,0,0,False,False,219.0,49.0,Mid Wicket
1631418,42,4.14,4,0,0,174,4,4,76104,,39423,County Championship Division Two 2026,3,41,Kent Men,38,Middlesex Men,8713438,2026-08-22T12:55:27Z,5,253,False,,,,4202,Zafar Gohar,3491,Ben Compton,2517,Chris Benjamin,Left,2,0,2,2,,LengthBall,OffStump,,WellTimed,BackFoot,Worked,StockBall,Over,Orthodox,Left,Null,NotReferred,Null,False,False,False,False,False,True,,False,False,False,False,False,False,2,0,0,0,0,False,False,167.0,124.0,Deep Backward Square Leg
1631418,42,4.14,4,0,0,174,4,4,76104,,39423,County Championship Division Two 2026,3,41,Kent Men,38,Middlesex Men,8713446,2026-08-22T12:56:14Z,6,254,False,,,,4202,Zafar Gohar,3491,Ben Compton,2517,Chris Benjamin,Left,0,0,0,0,,LengthBall,OutsideOff,,None,FrontFoot,Worked,StockBall,Over,Orthodox,Left,Null,NotReferred,Null,False,False,False,False,False,True,,False,False,False,False,False,False,0,0,0,0,0,False,False,207.0,56.0,Square Leg
1631427,43,4.16,5,0,0,179,4,5,76104,,39423,County Championship Division Two 2026,3,41,Kent Men,38,Middlesex Men,8713459,2026-08-22T12:57:07Z,1,255,False,,,,1739,Toby Roland-Jones,2517,Chris Benjamin,3491,Ben Compton,Right,3,0,3,3,,LengthBall,OutsideOff,,None,BackFoot,Cut,NoMovement,Over,Medium,Right,Null,NotReferred,Null,False,False,False,False,False,True,,False,False,False,False,False,False,3,0,0,0,0,False,False,203.0,125.0,Deep Cover
1631427,43,4.16,5,0,0,179,4,5,76104,,39423,County Championship Division Two 2026,3,41,Kent Men,38,Middlesex Men,8713466,2026-08-22T12:58:00Z,2,256,False,,,,1739,Toby Roland-Jones,3491,Ben Compton,2517,Chris Benjamin,Left,0,0,0,0,,LengthBall,Wide,,MisTimed,BackFoot,Cut,NoMovement,Round,Medium,Right,Null,NotReferred,Null,False,False,False,False,False,True,,False,False,False,False,False,False,0,0,0,0,0,False,False,351.0,76.0,Cover
1631427,43,4.16,5,0,0,179,4,5,76104,,39423,County Championship Division Two 2026,3,41,Kent Men,38,Middlesex Men,8713476,2026-08-22T12:58:40Z,3,257,False,,,,1739,Toby Roland-Jones,3491,Ben Compton,2517,Chris Benjamin,Left,0,0,0,0,,LengthBall,OutsideOff,,None,BackFoot,BackwardDefensive,NoMovement,Round,Medium,Right,Null,NotReferred,Null,False,False,False,False,False,True,,False,False,False,False,False,False,0,0,0,0,0,False,False,217.0,38.0,Mid Wicket
1631427,43,4.16,5,0,0,179,4,5,76104,,39423,County Championship Division Two 2026,3,41,Kent Men,38,Middlesex Men,8713485,2026-08-22T12:59:19Z,4,258,False,,,,1739,Toby Roland-Jones,3491,Ben Compton,2517,Chris Benjamin,Left,0,0,0,0,,HalfVolley,OutsideOff,,Middled,FrontFoot,Pushed,NoMovement,Round,Medium,Right,Null,NotReferred,Null,False,False,False,False,False,True,,False,False,False,False,False,False,0,0,0,0,0,False,False,287.0,86.0,Mid Off
1631427,43,4.16,5,0,0,179,4,5,76104,,39423,County Championship Division Two 2026,3,41,Kent Men,38,Middlesex Men,8713494,2026-08-22T12:59:53Z,5,259,False,,,,1739,Toby Roland-Jones,3491,Ben Compton,2517,Chris Benjamin,Left,2,0,2,2,,HalfVolley,Wide,,InsideEdge,FrontFoot,Drive,NoMovement,Round,Medium,Right,Null,NotReferred,Null,False,False,False,False,False,True,,False,False,False,False,False,False,2,0,0,0,0,False,False,168.0,105.0,Deep Backward Square Leg
1631427,43,4.16,5,0,0,179,4,5,76104,,39423,County Championship Division Two 2026,3,41,Kent Men,38,Middlesex Men,8713504,2026-08-22T13:00:32Z,6,260,False,,,,1739,Toby Roland-Jones,3491,Ben Compton,2517,Chris Benjamin,Left,0,0,0,0,,LengthBall,OutsideOff,,None,BackFoot,BackwardDefensive,NoMovement,Round,Medium,Right,Null,NotReferred,Null,False,False,False,False,False,True,,False,False,False,False,False,False,0,0,0,0,0,False,False,321.0,54.0,Extra Cover
1631435,44,4.09,1,0,0,180,4,1,76104,,39423,County Championship Division Two 2026,3,41,Kent Men,38,Middlesex Men,8713511,2026-08-22T13:01:20Z,1,261,False,,,,4202,Zafar Gohar,2517,Chris Benjamin,3491,Ben Compton,Right,0,0,0,0,,LengthBall,OffStump,,None,FrontFoot,ForwardDefensive,StockBall,Round,Orthodox,Left,Null,NotReferred,Null,False,False,False,False,False,True,,False,False,False,False,False,False,0,0,0,0,0,False,False,311.0,42.0,Mid Wicket
1631435,44,4.09,1,0,0,180,4,1,76104,,39423,County Championship Division Two 2026,3,41,Kent Men,38,Middlesex Men,8713518,2026-08-22T13:01:41Z,2,262,False,,,,4202,Zafar Gohar,2517,Chris Benjamin,3491,Ben Compton,Right,0,0,0,0,,HalfVolley,OutsideOff,,None,FrontFoot,Drive,StockBall,Round,Orthodox,Left,Null,NotReferred,Null,False,False,False,False,False,True,,False,False,False,False,False,False,0,0,0,0,0,False,False,210.0,54.0,Extra Cover
1631435,44,4.09,1,0,0,180,4,1,76104,,39423,County Championship Division Two 2026,3,41,Kent Men,38,Middlesex Men,8713524,2026-08-22T13:02:01Z,3,263,False,,,,4202,Zafar Gohar,2517,Chris Benjamin,3491,Ben Compton,Right,0,0,0,0,,LengthBall,MiddleStump,,WellTimed,FrontFoot,Pushed,StockBall,Round,Orthodox,Left,Null,NotReferred,Null,False,False,False,False,False,True,,False,False,False,False,False,False,0,0,0,0,0,False,False,267.0,39.0,Bowler
1631435,44,4.09,1,0,0,180,4,1,76104,,39423,County Championship Division Two 2026,3,41,Kent Men,38,Middlesex Men,8713528,2026-08-22T13:02:22Z,4,264,False,,,,4202,Zafar Gohar,2517,Chris Benjamin,3491,Ben Compton,Right,1,0,1,1,,HalfVolley,OffStump,,Middled,FrontFoot,Drive,StockBall,Round,Orthodox,Left,Null,NotReferred,Null,False,False,False,False,False,True,,False,False,False,False,False,False,1,0,0,0,0,False,False,243.0,121.0,Long Off
1631435,44,4.09,1,0,0,180,4,1,76104,,39423,County Championship Division Two 2026,3,41,Kent Men,38,Middlesex Men,8713538,2026-08-22T13:03:13Z,5,265,False,,,,4202,Zafar Gohar,3491,Ben Compton,2517,Chris Benjamin,Left,0,0,0,0,,LengthBall,DownLeg,,None,FrontFoot,Worked,StockBall,Round,Orthodox,Left,Null,NotReferred,Null,False,False,False,False,False,True,,False,False,False,False,False,False,0,0,0,0,0,False,False,204.0,62.0,Square Leg
1631435,44,4.09,1,0,0,180,4,1,76104,,39423,County Championship Division Two 2026,3,41,Kent Men,38,Middlesex Men,8713544,2026-08-22T13:03:40Z,6,266,False,,,,4202,Zafar Gohar,3491,Ben Compton,2517,Chris Benjamin,Left,0,0,0,0,,LengthBall,MiddleStump,,None,BackFoot,BackwardDefensive,QuickerBall,Round,Orthodox,Left,Null,NotReferred,Null,False,False,False,False,False,True,,False,False,False,False,False,False,0,0,0,0,0,False,False,332.0,47.0,Wicketkeeper
1631445,45,4.09,4,0,0,184,4,4,76104,,39423,County Championship Division Two 2026,3,41,Kent Men,38,Middlesex Men,8713564,2026-08-22T13:05:13Z,1,267,False,,,,1739,Toby Roland-Jones,2517,Chris Benjamin,3491,Ben Compton,Right,0,0,0,0,,LengthBall,OutsideOff,,None,BackFoot,Pushed,NoMovement,Over,Medium,Right,Null,NotReferred,Null,False,False,False,False,False,True,,False,False,False,False,False,False,0,0,0,0,0,False,False,218.0,50.0,Extra Cover
1631445,45,4.09,4,0,0,184,4,4,76104,,39423,County Championship Division Two 2026,3,41,Kent Men,38,Middlesex Men,8713573,2026-08-22T13:05:47Z,2,268,False,,,,1739,Toby Roland-Jones,2517,Chris Benjamin,3491,Ben Compton,Right,0,0,0,0,,LengthBall,OutsideOff,,None,FrontFoot,Pushed,NoMovement,Over,Medium,Right,Null,NotReferred,Null,False,False,False,False,False,True,,False,False,False,False,False,False,0,0,0,0,0,False,False,209.0,61.0,Cover
1631445,45,4.09,4,0,0,184,4,4,76104,,39423,County Championship Division Two 2026,3,41,Kent Men,38,Middlesex Men,8713579,2026-08-22T13:06:20Z,3,269,False,,,,1739,Toby Roland-Jones,2517,Chris Benjamin,3491,Ben Compton,Right,4,0,4,4,,HalfVolley,OffStump,,WellTimed,FrontFoot,Flick,NoMovement,Over,Medium,Right,Null,NotReferred,Null,False,False,False,False,False,True,,False,False,False,False,False,False,4,0,0,0,0,True,False,315.0,177.0,
1631445,45,4.09,4,0,0,184,4,4,76104,,39423,County Championship Division Two 2026,3,41,Kent Men,38,Middlesex Men,8713588,2026-08-22T13:07:01Z,4,270,False,,,,1739,Toby Roland-Jones,2517,Chris Benjamin,3491,Ben Compton,Right,0,0,0,0,,LengthBall,Wide,,WellTimed,FrontFoot,Drive,NoMovement,Over,Medium,Right,Null,NotReferred,Null,False,False,False,False,False,True,,False,False,False,False,False,False,0,0,0,0,0,False,False,192.0,60.0,Cover
1631445,45,4.09,4,0,0,184,4,4,76104,,39423,County Championship Division Two 2026,3,41,Kent Men,38,Middlesex Men,8713598,2026-08-22T13:07:40Z,5,271,False,,,,1739,Toby Roland-Jones,2517,Chris Benjamin,3491,Ben Compton,Right,0,0,0,0,,LengthBall,OutsideOff,,None,FrontFoot,Pushed,NoMovement,Over,Medium,Right,Null,NotReferred,Null,False,False,False,False,False,True,,False,False,False,False,False,False,0,0,0,0,0,False,False,215.0,52.0,Extra Cover
1631445,45,4.09,4,0,0,184,4,4,76104,,39423,County Championship Division Two 2026,3,41,Kent Men,38,Middlesex Men,8713606,2026-08-22T13:08:15Z,6,272,False,,,,1739,Toby Roland-Jones,2517,Chris Benjamin,3491,Ben Compton,Right,0,0,0,0,,LengthBall,OutsideOff,,Spliced,FrontFoot,Dropped,NoMovement,Over,Medium,Right,Null,NotReferred,Null,False,False,False,False,False,True,,False,False,False,False,False,False,0,0,0,0,0,False,False,211.0,46.0,Extra Cover
1631456,46,4.02,1,0,0,185,4,1,76104,,39423,County Championship Division Two 2026,3,41,Kent Men,38,Middlesex Men,8713622,2026-08-22T13:09:50Z,1,273,False,,,,4202,Zafar Gohar,3491,Ben Compton,2517,Chris Benjamin,Left,1,0,1,1,,BackOfALength,DownLeg,,WellTimed,BackFoot,Worked,StockBall,Round,Orthodox,Left,Null,NotReferred,Null,False,False,False,False,False,True,,False,False,False,False,False,False,1,0,0,0,0,False,False,167.0,124.0,Deep Backward Square Leg
1631456,46,4.02,1,0,0,185,4,1,76104,,39423,County Championship Division Two 2026,3,41,Kent Men,38,Middlesex Men,8713629,2026-08-22T13:10:23Z,2,274,False,,,,4202,Zafar Gohar,2517,Chris Benjamin,3491,Ben Compton,Right,0,0,0,0,,HalfVolley,OutsideOff,,None,FrontFoot,Pushed,StockBall,Round,Orthodox,Left,Null,NotReferred,Null,False,False,False,False,False,True,,False,False,False,False,False,False,0,0,0,0,0,False,False,209.0,56.0,Cover
1631456,46,4.02,1,0,0,185,4,1,76104,,39423,County Championship Division Two 2026,3,41,Kent Men,38,Middlesex Men,8713633,2026-08-22T13:10:43Z,3,275,False,,,,4202,Zafar Gohar,2517,Chris Benjamin,3491,Ben Compton,Right,0,0,0,0,,LengthBall,OutsideOff,,InsideEdge,FrontFoot,ForwardDefensive,QuickerBall,Round,Orthodox,Left,Null,NotReferred,Null,False,False,False,False,False,True,,False,False,False,False,False,False,0,0,0,0,0,False,False,349.0,26.0,Wicketkeeper
1631456,46,4.02,1,0,0,185,4,1,76104,,39423,County Championship Division Two 2026,3,41,Kent Men,38,Middlesex Men,8713637,2026-08-22T13:11:08Z,4,276,False,,,,4202,Zafar Gohar,2517,Chris Benjamin,3491,Ben Compton,Right,0,0,0,0,,LengthBall,MiddleStump,,None,FrontFoot,Worked,StockBall,Round,Orthodox,Left,Null,NotReferred,Null,False,False,False,False,False,True,,False,False,False,False,False,False,0,0,0,0,0,False,False,296.0,36.0,Bowler
1631456,46,4.02,1,0,0,185,4,1,76104,,39423,County Championship Division Two 2026,3,41,Kent Men,38,Middlesex Men,8713642,2026-08-22T13:11:25Z,5,277,False,,,,4202,Zafar Gohar,2517,Chris Benjamin,3491,Ben Compton,Right,0,0,0,0,,LengthBall,OffStump,,None,FrontFoot,Pushed,StockBall,Round,Orthodox,Left,Null,NotReferred,Null,False,False,False,False,False,True,,False,False,False,False,False,False,0,0,0,0,0,False,False,273.0,41.0,Bowler
1631456,46,4.02,1,0,0,185,4,1,76104,,39423,County Championship Division Two 2026,3,41,Kent Men,38,Middlesex Men,8713646,2026-08-22T13:11:41Z,6,278,False,,,,4202,Zafar Gohar,2517,Chris Benjamin,3491,Ben Compton,Right,0,0,0,0,,LengthBall,OffStump,,None,FrontFoot,ForwardDefensive,StockBall,Round,Orthodox,Left,Null,NotReferred,Null,False,False,False,False,False,True,,False,False,False,False,False,False,0,0,0,0,0,False,False,269.0,37.0,Bowler
1631460,47,3.96,1,0,0,186,4,1,76104,,39423,County Championship Division Two 2026,3,41,Kent Men,38,Middlesex Men,8713668,2026-08-22T13:13:10Z,1,279,False,,,,2683,Tom Helm,3491,Ben Compton,2517,Chris Benjamin,Left,0,0,0,0,,LengthBall,OutsideOff,,None,BackFoot,Dropped,NoMovement,Round,FastSeam,Right,Null,NotReferred,Null,False,False,False,False,False,True,,False,False,False,False,False,False,0,0,0,0,0,False,False,342.0,52.0,Cover
1631460,47,3.96,1,0,0,186,4,1,76104,,39423,County Championship Division Two 2026,3,41,Kent Men,38,Middlesex Men,8713675,2026-08-22T13:13:45Z,2,280,False,,,,2683,Tom Helm,3491,Ben Compton,2517,Chris Benjamin,Left,0,0,0,0,,LengthBall,OutsideOff,,None,BackFoot,Steer,NoMovement,Round,FastSeam,Right,Null,NotReferred,Null,False,False,False,False,False,True,,False,False,False,False,False,False,0,0,0,0,0,False,False,39.0,21.0,Gully
1631460,47,3.96,1,0,0,186,4,1,76104,,39423,County Championship Division Two 2026,3,41,Kent Men,38,Middlesex Men,8713684,2026-08-22T13:14:23Z,3,281,False,,,,2683,Tom Helm,3491,Ben Compton,2517,Chris Benjamin,Left,0,0,0,0,,HalfVolley,OutsideOff,,MisTimed,FrontFoot,Drive,NoMovement,Round,FastSeam,Right,Null,NotReferred,Null,False,False,False,False,False,True,,False,False,False,False,False,False,0,0,0,0,0,False,False,301.0,71.0,Extra Cover
1631460,47,3.96,1,0,0,186,4,1,76104,,39423,County Championship Division Two 2026,3,41,Kent Men,38,Middlesex Men,8713690,2026-08-22T13:14:56Z,4,282,False,,,,2683,Tom Helm,3491,Ben Compton,2517,Chris Benjamin,Left,1,0,1,1,,LengthBall,OutsideOff,,InsideEdge,BackFoot,BackwardDefensive,NoMovement,Round,FastSeam,Right,Null,NotReferred,Null,False,False,False,False,False,True,,False,False,False,False,False,False,1,0,0,0,0,False,False,128.0,108.0,Fine Leg
1631460,47,3.96,1,0,0,186,4,1,76104,,39423,County Championship Division Two 2026,3,41,Kent Men,38,Middlesex Men,8713702,2026-08-22T13:15:38Z,5,283,False,,,,2683,Tom Helm,2517,Chris Benjamin,3491,Ben Compton,Right,0,0,0,0,,LengthBall,OffStump,,None,FrontFoot,Pushed,NoMovement,Over,FastSeam,Right,Null,NotReferred,Null,False,False,False,False,False,True,,False,False,False,False,False,False,0,0,0,0,0,False,False,291.0,62.0,Mid On
1631460,47,3.96,1,0,0,186,4,1,76104,,39423,County Championship Division Two 2026,3,41,Kent Men,38,Middlesex Men,8713711,2026-08-22T13:16:13Z,6,284,False,,,,2683,Tom Helm,2517,Chris Benjamin,3491,Ben Compton,Right,0,0,0,0,,LengthBall,OffStump,,MisTimed,FrontFoot,Worked,NoMovement,Over,FastSeam,Right,Null,NotReferred,Null,False,False,False,False,False,True,,False,False,False,False,False,False,0,0,0,0,0,False,False,305.0,52.0,Mid Wicket
1631469,48,3.94,3,0,0,189,4,3,76104,,39423,County Championship Division Two 2026,3,41,Kent Men,38,Middlesex Men,8713725,2026-08-22T13:17:10Z,1,285,False,,,,4202,Zafar Gohar,3491,Ben Compton,2517,Chris Benjamin,Left,0,0,0,0,,LengthBall,OutsideOff,,None,FrontFoot,ForwardDefensive,StockBall,Over,Orthodox,Left,Null,NotReferred,Null,False,False,False,False,False,True,,False,False,False,False,False,False,0,0,0,0,0,False,False,291.0,37.0,Bowler
1631469,48,3.94,3,0,0,189,4,3,76104,,39423,County Championship Division Two 2026,3,41,Kent Men,38,Middlesex Men,8713728,2026-08-22T13:17:31Z,2,286,False,,,,4202,Zafar Gohar,3491,Ben Compton,2517,Chris Benjamin,Left,1,0,1,1,,LengthBall,OutsideOff,,None,BackFoot,Worked,StockBall,Over,Orthodox,Left,Null,NotReferred,Null,False,False,False,False,False,True,,False,False,False,False,False,False,1,0,0,0,0,False,False,164.0,109.0,Deep Backward Square Leg
1631469,48,3.94,3,0,0,189,4,3,76104,,39423,County Championship Division Two 2026,3,41,Kent Men,38,Middlesex Men,8713733,2026-08-22T13:18:00Z,3,287,False,,,,4202,Zafar Gohar,2517,Chris Benjamin,3491,Ben Compton,Right,1,0,1,1,,LengthBall,Wide,,WellTimed,FrontFoot,Drive,StockBall,Round,Orthodox,Left,Null,NotReferred,Null,False,False,False,False,False,True,,False,False,False,False,False,False,1,0,0,0,0,False,False,198.0,132.0,Deep Cover
1631469,48,3.94,3,0,0,189,4,3,76104,,39423,County Championship Division Two 2026,3,41,Kent Men,38,Middlesex Men,8713743,2026-08-22T13:18:29Z,4,288,False,,,,4202,Zafar Gohar,3491,Ben Compton,2517,Chris Benjamin,Left,0,0,0,0,,HalfVolley,OutsideOff,,WellTimed,FrontFoot,ReverseSweep,StockBall,Over,Orthodox,Left,Null,NotReferred,Null,False,False,False,False,False,True,,False,False,False,False,False,False,0,0,0,0,0,False,False,61.0,17.0,First Slip
1631469,48,3.94,3,0,0,189,4,3,76104,,39423,County Championship Division Two 2026,3,41,Kent Men,38,Middlesex Men,8713747,2026-08-22T13:19:00Z,5,289,False,,,,4202,Zafar Gohar,3491,Ben Compton,2517,Chris Benjamin,Left,1,0,1,1,,LengthBall,OutsideOff,,None,BackFoot,Worked,StockBall,Over,Orthodox,Left,Null,NotReferred,Null,False,False,False,False,False,True,,False,False,False,False,False,False,1,0,0,0,0,False,False,154.0,118.0,Deep Backward Square Leg
1631469,48,3.94,3,0,0,189,4,3,76104,,39423,County Championship Division Two 2026,3,41,Kent Men,38,Middlesex Men,8713755,2026-08-22T13:19:36Z,6,290,False,,,,4202,Zafar Gohar,2517,Chris Benjamin,3491,Ben Compton,Right,0,0,0,0,,HalfVolley,OutsideOff,,None,FrontFoot,Pushed,StockBall,Round,Orthodox,Left,Null,NotReferred,Null,False,False,False,False,False,True,,False,False,False,False,False,False,0,0,0,0,0,False,False,228.0,50.0,Extra Cover
1631477,49,3.88,1,0,0,190,4,1,76104,,39423,County Championship Division Two 2026,3,41,Kent Men,38,Middlesex Men,8713768,2026-08-22T13:20:32Z,1,291,False,,,,2683,Tom Helm,3491,Ben Compton,2517,Chris Benjamin,Left,0,0,0,0,,HalfVolley,OutsideOff,,WellTimed,FrontFoot,Drive,NoMovement,Round,FastSeam,Right,Null,NotReferred,Null,False,False,False,False,False,True,,False,False,False,False,False,False,0,0,0,0,0,False,False,298.0,73.0,Mid Off
1631477,49,3.88,1,0,0,190,4,1,76104,,39423,County Championship Division Two 2026,3,41,Kent Men,38,Middlesex Men,8713775,2026-08-22T13:21:04Z,2,292,False,,,,2683,Tom Helm,3491,Ben Compton,2517,Chris Benjamin,Left,0,0,0,0,,LengthBall,OutsideOff,,None,BackFoot,BackwardDefensive,NoMovement,Round,FastSeam,Right,Null,NotReferred,Null,False,False,False,False,False,True,,False,False,False,False,False,False,0,0,0,0,0,False,False,288.0,78.0,Mid Off
1631477,49,3.88,1,0,0,190,4,1,76104,,39423,County Championship Division Two 2026,3,41,Kent Men,38,Middlesex Men,8713782,2026-08-22T13:21:34Z,3,293,False,,,,2683,Tom Helm,3491,Ben Compton,2517,Chris Benjamin,Left,0,0,0,0,,HalfVolley,Wide,,WellTimed,FrontFoot,Drive,NoMovement,Round,FastSeam,Right,Null,NotReferred,Null,False,False,False,False,False,True,,False,False,False,False,False,False,0,0,0,0,0,False,False,326.0,68.0,Extra Cover
1631477,49,3.88,1,0,0,190,4,1,76104,,39423,County Championship Division Two 2026,3,41,Kent Men,38,Middlesex Men,8713789,2026-08-22T13:22:07Z,4,294,False,,,,2683,Tom Helm,3491,Ben Compton,2517,Chris Benjamin,Left,0,0,0,0,,LengthBall,OutsideOff,,None,BackFoot,Steer,NoMovement,Round,FastSeam,Right,Null,NotReferred,Null,False,False,False,False,False,True,,False,False,False,False,False,False,0,0,0,0,0,False,False,11.0,75.0,Backward Point
1631477,49,3.88,1,0,0,190,4,1,76104,,39423,County Championship Division Two 2026,3,41,Kent Men,38,Middlesex Men,8713799,2026-08-22T13:22:43Z,5,295,False,,,,2683,Tom Helm,3491,Ben Compton,2517,Chris Benjamin,Left,0,0,0,0,,LengthBall,OutsideOff,,None,BackFoot,BackwardDefensive,NoMovement,Round,FastSeam,Right,Null,NotReferred,Null,False,False,False,False,False,True,,False,False,False,False,False,False,0,0,0,0,0,False,False,288.0,38.0,Bowler
1631477,49,3.88,1,0,0,190,4,1,76104,,39423,County Championship Division Two 2026,3,41,Kent Men,38,Middlesex Men,8713807,2026-08-22T13:23:19Z,6,296,False,,,,2683,Tom Helm,3491,Ben Compton,2517,Chris Benjamin,Left,1,0,1,1,,LengthBall,OffStump,,None,BackFoot,Glance,SlowerBall,Round,FastSeam,Right,Null,NotReferred,Null,False,False,False,False,False,True,,False,False,False,False,False,False,1,0,0,0,0,False,False,118.0,114.0,Fine Leg
1631491,50,3.82,1,0,0,191,4,1,76104,,39423,County Championship Division Two 2026,3,41,Kent Men,38,Middlesex Men,8713829,2026-08-22T13:25:14Z,1,297,False,,,,3829,Luke Hollman,3491,Ben Compton,2517,Chris Benjamin,Left,1,0,1,1,,LengthBall,MiddleStump,,None,BackFoot,Worked,LegSpinner,Over,LegSpin,Right,Null,NotReferred,Null,False,False,False,False,False,True,,False,False,False,False,False,False,1,0,0,0,0,False,False,173.0,118.0,Deep Backward Square Leg
1631491,50,3.82,1,0,0,191,4,1,76104,,39423,County Championship Division Two 2026,3,41,Kent Men,38,Middlesex Men,8713840,2026-08-22T13:26:12Z,2,298,False,,,,3829,Luke Hollman,2517,Chris Benjamin,3491,Ben Compton,Right,0,0,0,0,,LengthBall,OffStump,,MisTimed,BackFoot,Pushed,QuickerBall,Over,LegSpin,Right,Null,NotReferred,Null,False,False,False,False,False,True,,False,False,False,False,False,False,0,0,0,0,0,False,False,252.0,25.0,Wicketkeeper
1631491,50,3.82,1,0,0,191,4,1,76104,,39423,County Championship Division Two 2026,3,41,Kent Men,38,Middlesex Men,8713846,2026-08-22T13:26:42Z,3,299,False,,,,3829,Luke Hollman,2517,Chris Benjamin,3491,Ben Compton,Right,0,0,0,0,,LengthBall,OutsideOff,,BottomEdge,BackFoot,Pushed,LegSpinner,Over,LegSpin,Right,Null,NotReferred,Null,False,False,False,False,False,True,,False,False,False,False,False,False,0,0,0,0,0,False,False,160.0,59.0,Backward Point
1631491,50,3.82,1,0,0,191,4,1,76104,,39423,County Championship Division Two 2026,3,41,Kent Men,38,Middlesex Men,8713851,2026-08-22T13:27:19Z,4,300,False,,,,3829,Luke Hollman,2517,Chris Benjamin,3491,Ben Compton,Right,0,0,0,0,,LengthBall,OffStump,,WellTimed,FrontFoot,ForwardDefensive,LegSpinner,Over,LegSpin,Right,Null,NotReferred,Null,False,False,False,False,False,True,,False,False,False,False,False,False,0,0,0,0,0,False,False,266.0,34.0,Bowler
1631491,50,3.82,1,0,0,191,4,1,76104,,39423,County Championship Division Two 2026,3,41,Kent Men,38,Middlesex Men,8713858,2026-08-22T13:27:39Z,5,301,False,,,,3829,Luke Hollman,2517,Chris Benjamin,3491,Ben Compton,Right,0,0,0,0,,LengthBall,OutsideOff,,BottomEdge,BackFoot,Cut,LegSpinner,Over,LegSpin,Right,Null,NotReferred,Null,False,False,False,False,False,True,,False,False,False,False,False,False,0,0,0,0,0,False,False,113.0,16.0,First Slip
1631491,50,3.82,1,0,0,191,4,1,76104,,39423,County Championship Division Two 2026,3,41,Kent Men,38,Middlesex Men,8713861,2026-08-22T13:28:07Z,6,302,False,,,,3829,Luke Hollman,2517,Chris Benjamin,3491,Ben Compton,Right,0,0,0,0,,LengthBall,OutsideOff,,None,BackFoot,BackwardDefensive,QuickerBall,Over,LegSpin,Right,Null,NotReferred,Null,False,False,False,False,False,True,,False,False,False,False,False,False,0,0,0,0,0,False,False,295.0,40.0,Wicketkeeper
1631499,51,3.75,0,2,0,191,6,0,76104,,39423,County Championship Division Two 2026,3,41,Kent Men,38,Middlesex Men,8713874,2026-08-22T13:28:57Z,1,303,False,,,,2683,Tom Helm,3491,Ben Compton,2517,Chris Benjamin,Left,0,0,0,0,,LengthBall,OutsideOff,,Spliced,BackFoot,BackwardDefensive,NoMovement,Round,FastSeam,Right,Null,NotReferred,Null,False,False,False,False,False,True,,False,False,False,False,False,False,0,0,0,0,0,False,False,245.0,43.0,Mid On
1631499,51,3.75,0,2,0,191,6,0,76104,,39423,County Championship Division Two 2026,3,41,Kent Men,38,Middlesex Men,8713883,2026-08-22T13:29:31Z,2,304,True,Caught,3491.0,Ben Compton,2683,Tom Helm,3491,Ben Compton,2517,Chris Benjamin,Left,0,0,0,0,Caught,HalfVolley,Wide,Caught,WellTimed,FrontFoot,Drive,NoMovement,Round,FastSeam,Right,Null,NotReferred,Null,False,False,False,False,True,True,1808.0,False,False,False,False,False,False,0,0,0,0,0,False,False,334.0,57.0,Cover
1631499,51,3.75,0,2,0,191,6,0,76104,,39423,County Championship Division Two 2026,3,41,Kent Men,38,Middlesex Men,8713904,2026-08-22T13:31:38Z,3,305,True,Bowled,13941.0,Ekansh Singh,2683,Tom Helm,13941,Ekansh Singh,2517,Chris Benjamin,Right,0,0,0,0,Bowled,LengthBall,OutsideOff,Bowled,Missed,BackFoot,BackwardDefensive,SeamIn,Over,FastSeam,Right,Null,NotReferred,Null,False,False,False,False,False,True,1808.0,False,False,False,False,False,False,0,0,0,0,0,False,False,,,
1631499,51,3.75,0,2,0,191,6,0,76104,,39423,County Championship Division Two 2026,3,41,Kent Men,38,Middlesex Men,8713925,2026-08-22T13:33:29Z,4,306,False,,,,2683,Tom Helm,3730,Keith Dudgeon,2517,Chris Benjamin,Right,0,0,0,0,,LengthBall,OutsideOff,,WellTimed,DownTheTrack,ForwardDefensive,NoMovement,Over,FastSeam,Right,Null,NotReferred,Null,False,False,False,False,False,True,,False,False,False,False,False,False,0,0,0,0,0,False,False,253.0,40.0,Bowler
1631499,51,3.75,0,2,0,191,6,0,76104,,39423,County Championship Division Two 2026,3,41,Kent Men,38,Middlesex Men,8713931,2026-08-22T13:34:00Z,5,307,False,,,,2683,Tom Helm,3730,Keith Dudgeon,2517,Chris Benjamin,Right,0,0,0,0,,LengthBall,OutsideOff,,None,FrontFoot,ForwardDefensive,NoMovement,Over,FastSeam,Right,Null,NotReferred,Null,False,False,False,False,False,True,,False,False,False,False,False,False,0,0,0,0,0,False,False,218.0,52.0,Extra Cover
1631499,51,3.75,0,2,0,191,6,0,76104,,39423,County Championship Division Two 2026,3,41,Kent Men,38,Middlesex Men,8713936,2026-08-22T13:34:36Z,6,308,False,,,,2683,Tom Helm,3730,Keith Dudgeon,2517,Chris Benjamin,Right,0,0,0,0,,LengthBall,OutsideOff,,None,FrontFoot,ForwardDefensive,NoMovement,Over,FastSeam,Right,Null,NotReferred,Null,False,False,False,False,False,True,,False,False,False,False,False,False,0,0,0,0,0,False,False,210.0,51.0,Extra Cover
1631511,52,3.75,4,0,0,195,6,4,76104,,39423,County Championship Division Two 2026,3,41,Kent Men,38,Middlesex Men,8713948,2026-08-22T13:35:35Z,1,309,False,,,,3829,Luke Hollman,2517,Chris Benjamin,3730,Keith Dudgeon,Right,0,0,0,0,,HalfVolley,MiddleStump,,WellTimed,FrontFoot,Flick,LegSpinner,Over,LegSpin,Right,Null,NotReferred,Null,False,False,False,False,False,True,,False,False,False,False,False,False,0,0,0,0,0,False,False,322.0,54.0,Mid Wicket
1631511,52,3.75,4,0,0,195,6,4,76104,,39423,County Championship Division Two 2026,3,41,Kent Men,38,Middlesex Men,8713952,2026-08-22T13:35:58Z,2,310,False,,,,3829,Luke Hollman,2517,Chris Benjamin,3730,Keith Dudgeon,Right,4,0,4,4,,LengthBall,OutsideOff,,Middled,BackFoot,Cut,LegSpinner,Over,LegSpin,Right,Null,NotReferred,Null,False,False,False,False,False,True,,False,False,False,False,False,False,4,0,0,0,0,True,False,147.0,165.0,
1631511,52,3.75,4,0,0,195,6,4,76104,,39423,County Championship Division Two 2026,3,41,Kent Men,38,Middlesex Men,8713967,2026-08-22T13:36:56Z,3,311,False,,,,3829,Luke Hollman,2517,Chris Benjamin,3730,Keith Dudgeon,Right,0,0,0,0,,LengthBall,OffStump,,ThickEdge,FrontFoot,Pushed,QuickerBall,Over,LegSpin,Right,Null,NotReferred,Null,False,False,False,False,False,True,,False,False,False,False,False,False,0,0,0,0,0,False,False,151.0,58.0,Backward Point
1631511,52,3.75,4,0,0,195,6,4,76104,,39423,County Championship Division Two 2026,3,41,Kent Men,38,Middlesex Men,8713973,2026-08-22T13:37:22Z,4,312,False,,,,3829,Luke Hollman,2517,Chris Benjamin,3730,Keith Dudgeon,Right,0,0,0,0,,LengthBall,MiddleStump,,PlayAndMissLegSide,BackFoot,Glance,QuickerBall,Over,LegSpin,Right,Null,NotReferred,Null,False,False,False,False,False,True,,False,False,False,False,False,False,0,0,0,0,0,False,False,,,Wicketkeeper
1631511,52,3.75,4,0,0,195,6,4,76104,,39423,County Championship Division Two 2026,3,41,Kent Men,38,Middlesex Men,8713978,2026-08-22T13:37:47Z,5,313,False,,,,3829,Luke Hollman,2517,Chris Benjamin,3730,Keith Dudgeon,Right,0,0,0,0,,LengthBall,OutsideOff,,None,BackFoot,Pushed,LegSpinner,Over,LegSpin,Right,Null,NotReferred,Null,False,False,False,False,False,True,,False,False,False,False,False,False,0,0,0,0,0,False,False,212.0,53.0,Extra Cover
1631511,52,3.75,4,0,0,195,6,4,76104,,39423,County Championship Division Two 2026,3,41,Kent Men,38,Middlesex Men,8713984,2026-08-22T13:38:11Z,6,314,False,,,,3829,Luke Hollman,2517,Chris Benjamin,3730,Keith Dudgeon,Right,0,0,0,0,,LengthBall,OutsideOff,,InsideEdge,FrontFoot,Pushed,Googly,Over,LegSpin,Right,Null,NotReferred,Null,False,False,False,False,False,True,,False,False,False,False,False,False,0,0,0,0,0,False,False,335.0,55.0,Square Leg
1631518,53,3.7,1,0,0,196,6,1,76104,,39423,County Championship Division Two 2026,3,41,Kent Men,38,Middlesex Men,8713994,2026-08-22T13:38:58Z,1,315,False,,,,2683,Tom Helm,3730,Keith Dudgeon,2517,Chris Benjamin,Right,0,0,0,0,,LengthBall,OutsideOff,,Missed,FrontFoot,Pushed,SeamAway,Over,FastSeam,Right,Null,NotReferred,Null,False,False,False,False,False,True,,False,False,False,False,False,False,0,0,0,0,0,False,False,,,Wicketkeeper
1631518,53,3.7,1,0,0,196,6,1,76104,,39423,County Championship Division Two 2026,3,41,Kent Men,38,Middlesex Men,8714004,2026-08-22T13:39:33Z,2,316,False,,,,2683,Tom Helm,3730,Keith Dudgeon,2517,Chris Benjamin,Right,1,0,1,1,,HalfVolley,OutsideOff,,None,FrontFoot,Drive,NoMovement,Over,FastSeam,Right,Null,NotReferred,Null,False,False,False,False,False,True,,False,False,False,False,False,False,1,0,0,0,0,False,False,208.0,66.0,Cover
1631518,53,3.7,1,0,0,196,6,1,76104,,39423,County Championship Division Two 2026,3,41,Kent Men,38,Middlesex Men,8714011,2026-08-22T13:40:20Z,3,317,False,,,,2683,Tom Helm,2517,Chris Benjamin,3730,Keith Dudgeon,Right,0,0,0,0,,HalfVolley,OutsideOff,,InsideEdge,FrontFoot,Drive,NoMovement,Over,FastSeam,Right,Null,NotReferred,Null,False,False,False,False,False,True,,False,False,False,False,False,False,0,0,0,0,0,False,False,223.0,34.0,Extra Cover
1631518,53,3.7,1,0,0,196,6,1,76104,,39423,County Championship Division Two 2026,3,41,Kent Men,38,Middlesex Men,8714034,2026-08-22T13:41:58Z,4,318,False,,,,2683,Tom Helm,2517,Chris Benjamin,3730,Keith Dudgeon,Right,0,0,0,0,,LengthBall,OutsideOff,,HitBody,FrontFoot,Pushed,SeamIn,Over,FastSeam,Right,Null,NotReferred,Null,False,False,False,False,False,True,,False,False,False,False,False,False,0,0,0,0,0,False,False,,,Bowler
1631518,53,3.7,1,0,0,196,6,1,76104,,39423,County Championship Division Two 2026,3,41,Kent Men,38,Middlesex Men,8714040,2026-08-22T13:42:29Z,5,319,False,,,,2683,Tom Helm,2517,Chris Benjamin,3730,Keith Dudgeon,Right,0,0,0,0,,HalfVolley,OffStump,,None,FrontFoot,Pushed,NoMovement,Over,FastSeam,Right,Null,NotReferred,Null,False,False,False,False,False,True,,False,False,False,False,False,False,0,0,0,0,0,False,False,279.0,34.0,Bowler
1631518,53,3.7,1,0,0,196,6,1,76104,,39423,County Championship Division Two 2026,3,41,Kent Men,38,Middlesex Men,8714049,2026-08-22T13:43:05Z,6,320,False,,,,2683,Tom Helm,2517,Chris Benjamin,3730,Keith Dudgeon,Right,0,0,0,0,,HalfVolley,OutsideOff,,WellTimed,FrontFoot,Drive,NoMovement,Over,FastSeam,Right,Null,NotReferred,Null,False,False,False,False,False,True,,False,False,False,False,False,False,0,0,0,0,0,False,False,244.0,84.0,Mid Off
1631532,54,3.72,5,1,0,201,7,5,76104,,39423,County Championship Division Two 2026,3,41,Kent Men,38,Middlesex Men,8714072,2026-08-22T13:44:39Z,1,321,True,Caught,3730.0,Keith Dudgeon,39,Ryan Higgins,3730,Keith Dudgeon,2517,Chris Benjamin,Right,0,0,0,0,Caught,LengthBall,OutsideOff,Caught,MisTimed,DownTheTrack,Drive,NoMovement,Over,Medium,Right,Null,NotReferred,Null,False,False,False,False,False,True,1890.0,False,False,False,False,False,False,0,0,0,0,0,False,True,241.0,99.0,Mid Off
1631532,54,3.72,5,1,0,201,7,5,76104,,39423,County Championship Division Two 2026,3,41,Kent Men,38,Middlesex Men,8714100,2026-08-22T13:46:53Z,2,322,False,,,,39,Ryan Higgins,154,Matt Milnes,2517,Chris Benjamin,Right,0,0,0,0,,LengthBall,OutsideOff,,ShouldersArms,DownTheTrack,ShouldersArms,AwaySwinger,Over,Medium,Right,Null,NotReferred,Null,False,False,False,False,False,True,,False,False,False,False,False,False,0,0,0,0,0,False,False,,,Wicketkeeper
1631532,54,3.72,5,1,0,201,7,5,76104,,39423,County Championship Division Two 2026,3,41,Kent Men,38,Middlesex Men,8714107,2026-08-22T13:47:23Z,3,323,False,,,,39,Ryan Higgins,154,Matt Milnes,2517,Chris Benjamin,Right,0,0,0,0,,LengthBall,OffStump,,None,FrontFoot,ForwardDefensive,NoMovement,Over,Medium,Right,Null,NotReferred,Null,False,False,False,False,False,True,,False,False,False,False,False,False,0,0,0,0,0,False,False,254.0,86.0,Mid Off
1631532,54,3.72,5,1,0,201,7,5,76104,,39423,County Championship Division Two 2026,3,41,Kent Men,38,Middlesex Men,8714117,2026-08-22T13:47:53Z,4,324,False,,,,39,Ryan Higgins,154,Matt Milnes,2517,Chris Benjamin,Right,4,0,4,4,,LengthBall,OutsideOff,,OutsideEdge,FrontFoot,Pushed,AwaySwinger,Over,Medium,Right,Null,NotReferred,Null,False,False,False,False,False,True,,False,False,False,False,False,False,4,0,0,0,0,True,False,137.0,163.0,
1631532,54,3.72,5,1,0,201,7,5,76104,,39423,County Championship Division Two 2026,3,41,Kent Men,38,Middlesex Men,8714126,2026-08-22T13:48:40Z,5,325,False,,,,39,Ryan Higgins,154,Matt Milnes,2517,Chris Benjamin,Right,1,0,1,1,,Short,OutsideOff,,WellTimed,BackFoot,Pull,NoMovement,Over,Medium,Right,Null,NotReferred,Null,False,False,False,False,False,True,,False,False,False,False,False,False,1,0,0,0,0,False,False,54.0,126.0,Fine Leg
1631532,54,3.72,5,1,0,201,7,5,76104,,39423,County Championship Division Two 2026,3,41,Kent Men,38,Middlesex Men,8714134,2026-08-22T13:49:25Z,6,326,False,,,,39,Ryan Higgins,2517,Chris Benjamin,154,Matt Milnes,Right,0,0,0,0,,HalfVolley,OutsideOff,,Missed,FrontFoot,ForwardDefensive,AwaySwinger,Over,Medium,Right,Null,NotReferred,Null,False,False,False,False,False,True,,False,False,False,False,False,False,0,0,0,0,0,False,False,,,Wicketkeeper
1631545,55,3.67,1,0,0,202,7,1,76104,,39423,County Championship Division Two 2026,3,41,Kent Men,38,Middlesex Men,8714149,2026-08-22T13:50:51Z,1,327,False,,,,2683,Tom Helm,154,Matt Milnes,2517,Chris Benjamin,Right,0,0,0,0,,LengthBall,OutsideOff,,MisTimed,FrontFoot,Drive,NoMovement,Over,FastSeam,Right,Null,NotReferred,Null,False,False,False,False,False,True,,False,False,False,False,False,False,0,0,0,0,0,False,False,211.0,54.0,Extra Cover
1631545,55,3.67,1,0,0,202,7,1,76104,,39423,County Championship Division Two 2026,3,41,Kent Men,38,Middlesex Men,8714152,2026-08-22T13:51:24Z,2,328,False,,,,2683,Tom Helm,154,Matt Milnes,2517,Chris Benjamin,Right,0,0,0,0,,LengthBall,OutsideOff,,Missed,FrontFoot,ForwardDefensive,AwaySwinger,Over,FastSeam,Right,Null,NotReferred,Null,False,False,False,False,False,True,,False,False,False,False,False,False,0,0,0,0,0,False,False,,,Wicketkeeper
1631545,55,3.67,1,0,0,202,7,1,76104,,39423,County Championship Division Two 2026,3,41,Kent Men,38,Middlesex Men,8714160,2026-08-22T13:52:00Z,3,329,False,,,,2683,Tom Helm,154,Matt Milnes,2517,Chris Benjamin,Right,0,0,0,0,,LengthBall,OutsideOff,,ShouldersArms,NoMovement,ShouldersArms,AwaySwinger,Over,FastSeam,Right,Null,NotReferred,Null,False,False,False,False,False,True,,False,False,False,False,False,False,0,0,0,0,0,False,False,,,Wicketkeeper
1631545,55,3.67,1,0,0,202,7,1,76104,,39423,County Championship Division Two 2026,3,41,Kent Men,38,Middlesex Men,8714168,2026-08-22T13:52:31Z,4,330,False,,,,2683,Tom Helm,154,Matt Milnes,2517,Chris Benjamin,Right,0,0,0,0,,LengthBall,OutsideOff,,None,BackFoot,BackwardDefensive,NoMovement,Over,FastSeam,Right,Null,NotReferred,Null,False,False,False,False,False,True,,False,False,False,False,False,False,0,0,0,0,0,False,False,187.0,56.0,Cover
1631545,55,3.67,1,0,0,202,7,1,76104,,39423,County Championship Division Two 2026,3,41,Kent Men,38,Middlesex Men,8714171,2026-08-22T13:53:08Z,5,331,False,,,,2683,Tom Helm,154,Matt Milnes,2517,Chris Benjamin,Right,0,0,0,0,,LengthBall,LegStump,,PlayAndMissLegSide,BackFoot,Worked,NoMovement,Over,FastSeam,Right,Null,NotReferred,Null,False,False,False,False,False,True,,False,False,False,False,False,False,0,0,0,0,0,False,False,,,Wicketkeeper
1631545,55,3.67,1,0,0,202,7,1,76104,,39423,County Championship Division Two 2026,3,41,Kent Men,38,Middlesex Men,8714176,2026-08-22T13:53:39Z,6,332,False,,,,2683,Tom Helm,154,Matt Milnes,2517,Chris Benjamin,Right,1,0,1,1,,HalfVolley,Wide,,None,FrontFoot,Drive,NoMovement,Over,FastSeam,Right,Null,NotReferred,Null,False,False,False,False,False,True,,False,False,False,False,False,False,1,0,0,0,0,False,False,200.0,73.0,Cover
1631552,56,3.64,2,1,0,204,8,2,76104,,39423,County Championship Division Two 2026,3,41,Kent Men,38,Middlesex Men,8714190,2026-08-22T13:55:00Z,1,333,False,,,,39,Ryan Higgins,154,Matt Milnes,2517,Chris Benjamin,Right,0,0,0,0,,LengthBall,OffStump,,None,FrontFoot,ForwardDefensive,NoMovement,Over,Medium,Right,Null,NotReferred,Null,False,False,False,False,False,True,,False,False,False,False,False,False,0,0,0,0,0,False,False,273.0,41.0,Bowler
1631552,56,3.64,2,1,0,204,8,2,76104,,39423,County Championship Division Two 2026,3,41,Kent Men,38,Middlesex Men,8714203,2026-08-22T13:55:33Z,2,334,False,,,,39,Ryan Higgins,154,Matt Milnes,2517,Chris Benjamin,Right,0,0,0,0,,LengthBall,OutsideOff,,Missed,BackFoot,Cut,AwaySwinger,Over,Medium,Right,Null,NotReferred,Null,False,False,False,False,False,True,,False,False,False,False,False,False,0,0,0,0,0,False,False,,,Wicketkeeper
1631552,56,3.64,2,1,0,204,8,2,76104,,39423,County Championship Division Two 2026,3,41,Kent Men,38,Middlesex Men,8714208,2026-08-22T13:56:09Z,3,335,False,,,,39,Ryan Higgins,154,Matt Milnes,2517,Chris Benjamin,Right,0,0,0,0,,LengthBall,OutsideOff,,None,BackFoot,BackwardDefensive,NoMovement,Over,Medium,Right,Null,NotReferred,Null,False,False,False,False,False,True,,False,False,False,False,False,False,0,0,0,0,0,False,False,252.0,79.0,Mid Off
1631552,56,3.64,2,1,0,204,8,2,76104,,39423,County Championship Division Two 2026,3,41,Kent Men,38,Middlesex Men,8714216,2026-08-22T13:56:42Z,4,336,False,,,,39,Ryan Higgins,154,Matt Milnes,2517,Chris Benjamin,Right,0,1,1,0,,HalfVolley,LegStump,Lbw,HitPad,FrontFoot,Flick,NoMovement,Over,Medium,Right,Null,NotReferred,Null,False,False,False,True,False,True,1890.0,False,False,False,False,False,False,1,0,0,1,0,False,False,49.0,42.0,Wicketkeeper
1631552,56,3.64,2,1,0,204,8,2,76104,,39423,County Championship Division Two 2026,3,41,Kent Men,38,Middlesex Men,8714221,2026-08-22T13:57:17Z,5,337,False,,,,39,Ryan Higgins,2517,Chris Benjamin,154,Matt Milnes,Right,1,0,1,1,,LengthBall,OffStump,,None,BackFoot,Worked,NoMovement,Over,Medium,Right,Null,NotReferred,Null,False,False,False,False,False,True,,False,False,False,False,False,False,1,0,0,0,0,False,False,314.0,68.0,Mid Wicket
1631552,56,3.64,2,1,0,204,8,2,76104,,39423,County Championship Division Two 2026,3,41,Kent Men,38,Middlesex Men,8714230,2026-08-22T13:57:49Z,6,338,True,Lbw,154.0,Matt Milnes,39,Ryan Higgins,154,Matt Milnes,2517,Chris Benjamin,Right,0,0,0,0,LBW,HalfVolley,MiddleStump,Lbw,HitPad,FrontFoot,Flick,InSwinger,Over,Medium,Right,Null,NotReferred,Null,False,False,False,False,False,True,1890.0,False,False,False,False,False,False,0,0,0,0,0,False,False,,,
1631564,57,3.6,1,0,0,205,8,1,76104,,39423,County Championship Division Two 2026,3,41,Kent Men,38,Middlesex Men,8714260,2026-08-22T14:00:31Z,1,339,False,,,,15007,Noah Cornwell,2517,Chris Benjamin,248,Matt Parkinson,Right,0,0,0,0,,LengthBall,OutsideOff,,None,FrontFoot,Pushed,NoMovement,Round,FastSeam,Left,Null,NotReferred,Null,False,False,False,False,False,True,,False,False,False,False,False,False,0,0,0,0,0,False,False,307.0,49.0,Mid Wicket
1631564,57,3.6,1,0,0,205,8,1,76104,,39423,County Championship Division Two 2026,3,41,Kent Men,38,Middlesex Men,8714268,2026-08-22T14:01:03Z,2,340,False,,,,15007,Noah Cornwell,2517,Chris Benjamin,248,Matt Parkinson,Right,0,0,0,0,,LengthBall,OutsideOff,,None,FrontFoot,ForwardDefensive,NoMovement,Round,FastSeam,Left,Null,NotReferred,Null,False,False,False,False,False,True,,False,False,False,False,False,False,0,0,0,0,0,False,False,255.0,40.0,Bowler
1631564,57,3.6,1,0,0,205,8,1,76104,,39423,County Championship Division Two 2026,3,41,Kent Men,38,Middlesex Men,8714275,2026-08-22T14:01:35Z,3,341,False,,,,15007,Noah Cornwell,2517,Chris Benjamin,248,Matt Parkinson,Right,1,0,1,1,,HalfVolley,OffStump,,None,FrontFoot,Flick,NoMovement,Round,FastSeam,Left,Null,NotReferred,Null,False,False,False,False,False,True,,False,False,False,False,False,False,1,0,0,0,0,False,False,296.0,74.0,Mid On
1631564,57,3.6,1,0,0,205,8,1,76104,,39423,County Championship Division Two 2026,3,41,Kent Men,38,Middlesex Men,8714290,2026-08-22T14:02:45Z,4,342,False,,,,15007,Noah Cornwell,248,Matt Parkinson,2517,Chris Benjamin,Right,0,0,0,0,,Short,OutsideOff,,Left,Ducked,Leave,NoMovement,Round,FastSeam,Left,Null,NotReferred,Null,False,False,False,False,False,True,,False,False,False,False,False,False,0,0,0,0,0,False,False,,,Wicketkeeper
1631564,57,3.6,1,0,0,205,8,1,76104,,39423,County Championship Division Two 2026,3,41,Kent Men,38,Middlesex Men,8714296,2026-08-22T14:03:16Z,5,343,False,,,,15007,Noah Cornwell,248,Matt Parkinson,2517,Chris Benjamin,Right,0,0,0,0,,LengthBall,OutsideOff,,Missed,FrontFoot,Drive,NoMovement,Round,FastSeam,Left,Null,NotReferred,Null,False,False,False,False,False,True,,False,False,False,False,False,False,0,0,0,0,0,False,False,,,Wicketkeeper
1631564,57,3.6,1,0,0,205,8,1,76104,,39423,County Championship Division Two 2026,3,41,Kent Men,38,Middlesex Men,8714303,2026-08-22T14:03:51Z,6,344,False,,,,15007,Noah Cornwell,248,Matt Parkinson,2517,Chris Benjamin,Right,0,0,0,0,,LengthBall,OutsideOff,,Missed,FrontFoot,ForwardDefensive,SeamAway,Round,FastSeam,Left,Null,NotReferred,Null,False,False,False,False,False,True,,False,False,False,False,False,False,0,0,0,0,0,False,False,,,Wicketkeeper
1631574,58,3.64,6,0,0,211,8,6,76104,,39423,County Championship Division Two 2026,3,41,Kent Men,38,Middlesex Men,8714321,2026-08-22T14:05:06Z,1,345,False,,,,39,Ryan Higgins,2517,Chris Benjamin,248,Matt Parkinson,Right,0,0,0,0,,HalfVolley,MiddleStump,,WellTimed,FrontFoot,Flick,NoMovement,Over,Medium,Right,Null,NotReferred,Null,False,False,False,False,False,True,,False,False,False,False,False,False,0,0,0,0,0,False,False,291.0,88.0,Mid On
1631574,58,3.64,6,0,0,211,8,6,76104,,39423,County Championship Division Two 2026,3,41,Kent Men,38,Middlesex Men,8714330,2026-08-22T14:05:43Z,2,346,False,,,,39,Ryan Higgins,2517,Chris Benjamin,248,Matt Parkinson,Right,0,0,0,0,,LengthBall,OutsideOff,,Missed,FrontFoot,Pushed,AwaySwinger,Over,Medium,Right,Null,NotReferred,Null,False,False,False,False,False,True,,False,False,False,False,False,False,0,0,0,0,0,False,False,,,Wicketkeeper
1631574,58,3.64,6,0,0,211,8,6,76104,,39423,County Championship Division Two 2026,3,41,Kent Men,38,Middlesex Men,8714335,2026-08-22T14:06:15Z,3,347,False,,,,39,Ryan Higgins,2517,Chris Benjamin,248,Matt Parkinson,Right,0,0,0,0,,LengthBall,OffStump,,None,FrontFoot,ForwardDefensive,NoMovement,Over,Medium,Right,Null,NotReferred,Null,False,False,False,False,False,True,,False,False,False,False,False,False,0,0,0,0,0,False,False,227.0,53.0,Extra Cover
1631574,58,3.64,6,0,0,211,8,6,76104,,39423,County Championship Division Two 2026,3,41,Kent Men,38,Middlesex Men,8714343,2026-08-22T14:06:45Z,4,348,False,,,,39,Ryan Higgins,2517,Chris Benjamin,248,Matt Parkinson,Right,1,0,1,1,,LengthBall,OffStump,,None,FrontFoot,Pushed,NoMovement,Over,Medium,Right,Null,NotReferred,Null,False,False,False,False,False,True,,False,False,False,False,False,False,1,0,0,0,0,False,False,293.0,62.0,Mid On
1631574,58,3.64,6,0,0,211,8,6,76104,,39423,County Championship Division Two 2026,3,41,Kent Men,38,Middlesex Men,8714352,2026-08-22T14:07:27Z,5,349,False,,,,39,Ryan Higgins,248,Matt Parkinson,2517,Chris Benjamin,Right,1,0,1,1,,LengthBall,OffStump,,WellTimed,FrontFoot,Worked,InSwinger,Over,Medium,Right,Null,NotReferred,Null,False,False,False,False,False,True,,False,False,False,False,False,False,1,0,0,0,0,False,False,49.0,118.0,Fine Leg
1631574,58,3.64,6,0,0,211,8,6,76104,,39423,County Championship Division Two 2026,3,41,Kent Men,38,Middlesex Men,8714359,2026-08-22T14:08:08Z,6,350,False,,,,39,Ryan Higgins,2517,Chris Benjamin,248,Matt Parkinson,Right,4,0,4,4,,HalfVolley,OffStump,,Middled,FrontFoot,Flick,NoMovement,Over,Medium,Right,Null,NotReferred,Null,False,False,False,False,False,True,,False,False,False,False,False,False,4,0,0,0,0,True,False,306.0,178.0,
1631584,59,3.81,14,0,0,225,8,14,76104,,39423,County Championship Division Two 2026,3,41,Kent Men,38,Middlesex Men,8714375,2026-08-22T14:09:14Z,1,351,False,,,,15007,Noah Cornwell,248,Matt Parkinson,2517,Chris Benjamin,Right,1,0,1,1,,LengthBall,OutsideOff,,None,FrontFoot,Dropped,NoMovement,Round,FastSeam,Left,Null,NotReferred,Null,False,False,False,False,False,True,,False,False,False,False,False,False,1,0,0,0,0,False,False,195.0,50.0,Cover
1631584,59,3.81,14,0,0,225,8,14,76104,,39423,County Championship Division Two 2026,3,41,Kent Men,38,Middlesex Men,8714385,2026-08-22T14:09:58Z,2,352,False,,,,15007,Noah Cornwell,2517,Chris Benjamin,248,Matt Parkinson,Right,1,0,1,1,,LengthBall,OutsideOff,,WellTimed,BackFoot,Pull,NoMovement,Round,FastSeam,Left,Null,NotReferred,Null,False,False,False,False,False,True,,False,False,False,False,False,False,1,0,0,0,0,False,False,346.0,130.0,Deep Square Leg
1631584,59,3.81,14,0,0,225,8,14,76104,,39423,County Championship Division Two 2026,3,41,Kent Men,38,Middlesex Men,8714393,2026-08-22T14:10:38Z,3,353,False,,,,15007,Noah Cornwell,248,Matt Parkinson,2517,Chris Benjamin,Right,0,0,0,0,,BackOfALength,OutsideOff,,None,BackFoot,BackwardDefensive,NoMovement,Round,FastSeam,Left,Null,NotReferred,Null,False,False,False,False,False,True,,False,False,False,False,False,False,0,0,0,0,0,False,False,311.0,38.0,Mid Wicket
1631584,59,3.81,14,0,0,225,8,14,76104,,39423,County Championship Division Two 2026,3,41,Kent Men,38,Middlesex Men,8714405,2026-08-22T14:11:23Z,4,354,False,,,,15007,Noah Cornwell,248,Matt Parkinson,2517,Chris Benjamin,Right,4,0,4,4,,Short,OutsideOff,,WellTimed,BackFoot,Cut,NoMovement,Round,FastSeam,Left,Null,NotReferred,Null,False,False,False,False,False,True,,False,False,False,False,False,False,4,0,0,0,0,True,False,137.0,163.0,
1631584,59,3.81,14,0,0,225,8,14,76104,,39423,County Championship Division Two 2026,3,41,Kent Men,38,Middlesex Men,8714417,2026-08-22T14:12:06Z,5,355,False,,,,15007,Noah Cornwell,248,Matt Parkinson,2517,Chris Benjamin,Right,4,0,4,4,,LengthBall,OffStump,,None,BackFoot,Glance,NoMovement,Round,FastSeam,Left,Null,NotReferred,Null,False,False,False,False,False,True,,False,False,False,False,False,False,4,0,0,0,0,True,False,69.0,161.0,
1631584,59,3.81,14,0,0,225,8,14,76104,,39423,County Championship Division Two 2026,3,41,Kent Men,38,Middlesex Men,8714429,2026-08-22T14:13:06Z,6,356,False,,,,15007,Noah Cornwell,248,Matt Parkinson,2517,Chris Benjamin,Right,4,0,4,4,,Short,OutsideOff,,None,BackFoot,Pull,NoMovement,Round,FastSeam,Left,Null,NotReferred,Null,False,False,False,False,False,True,,False,False,False,False,False,False,4,0,0,0,0,True,False,77.0,160.0,
1631594,60,3.9,9,0,0,234,8,9,76104,,39423,County Championship Division Two 2026,3,41,Kent Men,38,Middlesex Men,8714442,2026-08-22T14:14:20Z,1,357,False,,,,39,Ryan Higgins,2517,Chris Benjamin,248,Matt Parkinson,Right,0,0,0,0,,HalfVolley,OffStump,,WellTimed,FrontFoot,Flick,NoMovement,Over,Medium,Right,Null,NotReferred,Null,False,False,False,False,False,True,,False,False,False,False,False,False,0,0,0,0,0,False,False,282.0,86.0,Mid On
1631594,60,3.9,9,0,0,234,8,9,76104,,39423,County Championship Division Two 2026,3,41,Kent Men,38,Middlesex Men,8714450,2026-08-22T14:14:58Z,2,358,False,,,,39,Ryan Higgins,2517,Chris Benjamin,248,Matt Parkinson,Right,0,0,0,0,,LengthBall,OffStump,,None,FrontFoot,ForwardDefensive,NoMovement,Over,Medium,Right,Null,NotReferred,Null,False,False,False,False,False,True,,False,False,False,False,False,False,0,0,0,0,0,False,False,252.0,78.0,Mid Off
1631594,60,3.9,9,0,0,234,8,9,76104,,39423,County Championship Division Two 2026,3,41,Kent Men,38,Middlesex Men,8714457,2026-08-22T14:15:32Z,3,359,False,,,,39,Ryan Higgins,2517,Chris Benjamin,248,Matt Parkinson,Right,4,0,4,4,,LengthBall,Wide,,Middled,BackFoot,Cut,NoMovement,Over,Medium,Right,Null,NotReferred,Null,False,False,False,False,False,True,,False,False,False,False,False,False,4,0,0,0,0,True,False,163.0,167.0,
1631594,60,3.9,9,0,0,234,8,9,76104,,39423,County Championship Division Two 2026,3,41,Kent Men,38,Middlesex Men,8714472,2026-08-22T14:16:26Z,4,360,False,,,,39,Ryan Higgins,2517,Chris Benjamin,248,Matt Parkinson,Right,0,0,0,0,,HalfVolley,OutsideOff,,InsideEdge,FrontFoot,Drive,NoMovement,Over,Medium,Right,Null,NotReferred,Null,False,False,False,False,False,True,,False,False,False,False,False,False,0,0,0,0,0,False,False,213.0,45.0,Extra Cover
1631594,60,3.9,9,0,0,234,8,9,76104,,39423,County Championship Division Two 2026,3,41,Kent Men,38,Middlesex Men,8714479,2026-08-22T14:17:01Z,5,361,False,,,,39,Ryan Higgins,2517,Chris Benjamin,248,Matt Parkinson,Right,4,0,4,4,,HalfVolley,OffStump,,Middled,FrontFoot,Flick,NoMovement,Over,Medium,Right,Null,NotReferred,Null,False,False,False,False,False,True,,False,False,False,False,False,False,4,0,0,0,0,True,False,320.0,176.0,
1631594,60,3.9,9,0,0,234,8,9,76104,,39423,County Championship Division Two 2026,3,41,Kent Men,38,Middlesex Men,8714488,2026-08-22T14:17:44Z,6,362,False,,,,39,Ryan Higgins,2517,Chris Benjamin,248,Matt Parkinson,Right,1,0,1,1,,LengthBall,OutsideOff,,OutsideEdge,FrontFoot,Drive,NoMovement,Over,Medium,Right,Null,NotReferred,Null,False,False,False,False,False,True,,False,False,False,False,False,False,1,0,0,0,0,False,False,127.0,130.0,Third Man
1631604,61,3.9,4,0,0,238,8,4,76104,,39423,County Championship Division Two 2026,3,41,Kent Men,38,Middlesex Men,8714513,2026-08-22T14:19:28Z,1,363,False,,,,1739,Toby Roland-Jones,2517,Chris Benjamin,248,Matt Parkinson,Right,1,0,1,1,,LengthBall,OutsideOff,,None,FrontFoot,Pushed,NoMovement,Over,Medium,Right,Null,NotReferred,Null,False,False,False,False,False,True,,False,False,False,False,False,False,1,0,0,0,0,False,False,193.0,113.0,Deep Cover
1631604,61,3.9,4,0,0,238,8,4,76104,,39423,County Championship Division Two 2026,3,41,Kent Men,38,Middlesex Men,8714520,2026-08-22T14:20:07Z,2,364,False,,,,1739,Toby Roland-Jones,248,Matt Parkinson,2517,Chris Benjamin,Right,0,0,0,0,,HalfVolley,Wide,,Missed,FrontFoot,Drive,AwaySwinger,Over,Medium,Right,Null,NotReferred,Null,False,False,False,False,False,True,,False,False,False,False,False,False,0,0,0,0,0,False,False,,,Wicketkeeper
1631604,61,3.9,4,0,0,238,8,4,76104,,39423,County Championship Division Two 2026,3,41,Kent Men,38,Middlesex Men,8714529,2026-08-22T14:20:44Z,3,365,False,,,,1739,Toby Roland-Jones,248,Matt Parkinson,2517,Chris Benjamin,Right,0,0,0,0,,LengthBall,OutsideOff,,Missed,FrontFoot,ForwardDefensive,AwaySwinger,Over,Medium,Right,Null,NotReferred,Null,False,False,False,False,False,True,,False,False,False,False,False,False,0,0,0,0,0,False,False,,,Wicketkeeper
1631604,61,3.9,4,0,0,238,8,4,76104,,39423,County Championship Division Two 2026,3,41,Kent Men,38,Middlesex Men,8714538,2026-08-22T14:21:16Z,4,366,False,,,,1739,Toby Roland-Jones,248,Matt Parkinson,2517,Chris Benjamin,Right,1,0,1,1,,HalfVolley,OutsideOff,,WellTimed,DownTheTrack,Worked,NoMovement,Over,Medium,Right,Null,NotReferred,Null,False,False,False,False,False,True,,False,False,False,False,False,False,1,0,0,0,0,False,False,289.0,84.0,Mid On
1631604,61,3.9,4,0,0,238,8,4,76104,,39423,County Championship Division Two 2026,3,41,Kent Men,38,Middlesex Men,8714547,2026-08-22T14:21:51Z,5,367,False,,,,1739,Toby Roland-Jones,2517,Chris Benjamin,248,Matt Parkinson,Right,1,0,1,1,,LengthBall,OutsideOff,,InsideEdge,FrontFoot,Drive,OffCutter,Over,Medium,Right,Null,NotReferred,Null,False,False,False,False,False,True,,False,False,False,False,False,False,1,0,0,0,0,False,False,348.0,119.0,Deep Square Leg
1631604,61,3.9,4,0,0,238,8,4,76104,,39423,County Championship Division Two 2026,3,41,Kent Men,38,Middlesex Men,8714557,2026-08-22T14:22:26Z,6,368,False,,,,1739,Toby Roland-Jones,248,Matt Parkinson,2517,Chris Benjamin,Right,1,0,1,1,,Short,OutsideOff,,None,BackFoot,Dropped,NoMovement,Over,Medium,Right,Null,NotReferred,Null,False,False,False,False,False,True,,False,False,False,False,False,False,1,0,0,0,0,False,False,340.0,43.0,Square Leg
1631613,62,3.85,1,0,0,239,8,1,76104,,39423,County Championship Division Two 2026,3,41,Kent Men,38,Middlesex Men,8714564,2026-08-22T14:23:28Z,1,369,False,,,,39,Ryan Higgins,248,Matt Parkinson,2517,Chris Benjamin,Right,0,0,0,0,,LengthBall,OutsideOff,,None,BackFoot,BackwardDefensive,NoMovement,Over,Medium,Right,Null,NotReferred,Null,False,False,False,False,False,True,,False,False,False,False,False,False,0,0,0,0,0,False,False,271.0,44.0,Bowler
1631613,62,3.85,1,0,0,239,8,1,76104,,39423,County Championship Division Two 2026,3,41,Kent Men,38,Middlesex Men,8714570,2026-08-22T14:23:53Z,2,370,False,,,,39,Ryan Higgins,248,Matt Parkinson,2517,Chris Benjamin,Right,0,0,0,0,,LengthBall,OffStump,,InsideEdge,FrontFoot,Worked,NoMovement,Over,Medium,Right,Null,NotReferred,Null,False,False,False,False,False,True,,False,False,False,False,False,False,0,0,0,0,0,False,False,308.0,40.0,Mid Wicket
1631613,62,3.85,1,0,0,239,8,1,76104,,39423,County Championship Division Two 2026,3,41,Kent Men,38,Middlesex Men,8714580,2026-08-22T14:24:22Z,3,371,False,,,,39,Ryan Higgins,248,Matt Parkinson,2517,Chris Benjamin,Right,0,0,0,0,,LengthBall,OutsideOff,,ThickEdge,BackFoot,Pushed,NoMovement,Over,Medium,Right,Null,NotReferred,Null,False,False,False,False,False,True,,False,False,False,False,False,False,0,0,0,0,0,False,False,188.0,76.0,Cover
1631613,62,3.85,1,0,0,239,8,1,76104,,39423,County Championship Division Two 2026,3,41,Kent Men,38,Middlesex Men,8714587,2026-08-22T14:24:51Z,4,372,False,,,,39,Ryan Higgins,248,Matt Parkinson,2517,Chris Benjamin,Right,0,0,0,0,,LengthBall,OutsideOff,,OutsideEdge,FrontFoot,ForwardDefensive,NoMovement,Over,Medium,Right,Null,NotReferred,Null,False,False,False,False,False,True,,False,False,False,False,False,False,0,0,0,0,0,False,False,149.0,20.0,Gully
1631613,62,3.85,1,0,0,239,8,1,76104,,39423,County Championship Division Two 2026,3,41,Kent Men,38,Middlesex Men,8714594,2026-08-22T14:25:21Z,5,373,False,,,,39,Ryan Higgins,248,Matt Parkinson,2517,Chris Benjamin,Right,0,0,0,0,,LengthBall,OutsideOff,,WellTimed,FrontFoot,ForwardDefensive,NoMovement,Over,Medium,Right,Null,NotReferred,Null,False,False,False,False,False,True,,False,False,False,False,False,False,0,0,0,0,0,False,False,281.0,78.0,Mid On
1631613,62,3.85,1,0,0,239,8,1,76104,,39423,County Championship Division Two 2026,3,41,Kent Men,38,Middlesex Men,8714603,2026-08-22T14:25:54Z,6,374,False,,,,39,Ryan Higgins,248,Matt Parkinson,2517,Chris Benjamin,Right,1,0,1,1,,LengthBall,OffStump,,None,FrontFoot,Worked,NoMovement,Over,Medium,Right,Null,NotReferred,Null,False,False,False,False,False,True,,False,False,False,False,False,False,1,0,0,0,0,False,False,321.0,62.0,Mid Wicket
1631621,63,3.84,3,1,0,242,9,3,76104,,39423,County Championship Division Two 2026,3,41,Kent Men,38,Middlesex Men,8714611,2026-08-22T14:26:46Z,1,375,False,,,,1739,Toby Roland-Jones,248,Matt Parkinson,2517,Chris Benjamin,Right,0,0,0,0,,LengthBall,OutsideOff,,InsideEdge,DownTheTrack,ForwardDefensive,NoMovement,Over,Medium,Right,Null,NotReferred,Null,False,False,False,False,False,True,,False,False,False,False,False,False,0,0,0,0,0,False,False,337.0,58.0,Square Leg
1631621,63,3.84,3,1,0,242,9,3,76104,,39423,County Championship Division Two 2026,3,41,Kent Men,38,Middlesex Men,8714625,2026-08-22T14:27:23Z,2,376,False,,,,1739,Toby Roland-Jones,248,Matt Parkinson,2517,Chris Benjamin,Right,0,1,1,0,,LengthBall,OffStump,,HitPad,FrontFoot,Worked,SeamIn,Over,Medium,Right,Null,NotReferred,Null,False,False,False,True,False,True,,False,False,False,False,False,False,1,0,0,1,0,False,False,10.0,44.0,Backward Square Leg
1631621,63,3.84,3,1,0,242,9,3,76104,,39423,County Championship Division Two 2026,3,41,Kent Men,38,Middlesex Men,8714636,2026-08-22T14:28:11Z,3,377,False,,,,1739,Toby Roland-Jones,2517,Chris Benjamin,248,Matt Parkinson,Right,0,1,1,0,,LengthBall,OffStump,,HitPad,FrontFoot,Worked,SeamIn,Over,Medium,Right,Null,NotReferred,Null,False,False,False,True,False,True,,False,False,False,False,False,False,1,0,0,1,0,False,False,16.0,41.0,Backward Square Leg
1631621,63,3.84,3,1,0,242,9,3,76104,,39423,County Championship Division Two 2026,3,41,Kent Men,38,Middlesex Men,8714648,2026-08-22T14:28:49Z,4,378,True,Caught,248.0,Matt Parkinson,1739,Toby Roland-Jones,248,Matt Parkinson,2517,Chris Benjamin,Right,0,0,0,0,Caught,LengthBall,OutsideOff,Caught,OutsideEdge,BackFoot,Pushed,NoMovement,Over,Medium,Right,Null,NotReferred,Null,False,False,False,False,False,True,1808.0,False,False,False,False,False,False,0,0,0,0,0,False,True,132.0,25.0,Gully
1631621,63,3.84,3,1,0,242,9,3,76104,,39423,County Championship Division Two 2026,3,41,Kent Men,38,Middlesex Men,8714668,2026-08-22T14:30:47Z,5,379,False,,,,1739,Toby Roland-Jones,527,Matt Quinn,2517,Chris Benjamin,Right,0,0,0,0,,LengthBall,OutsideOff,,Missed,NoMovement,Slog,NoMovement,Over,Medium,Right,Null,NotReferred,Null,False,False,False,False,False,True,,False,False,False,False,False,False,0,0,0,0,0,False,False,,,Wicketkeeper
1631621,63,3.84,3,1,0,242,9,3,76104,,39423,County Championship Division Two 2026,3,41,Kent Men,38,Middlesex Men,8714678,2026-08-22T14:31:29Z,6,380,False,,,,1739,Toby Roland-Jones,527,Matt Quinn,2517,Chris Benjamin,Right,0,1,1,0,,LengthBall,OffStump,,HitPad,FrontFoot,Flick,SeamIn,Over,Medium,Right,Null,NotReferred,Null,False,False,False,True,False,True,,False,False,False,False,False,False,1,0,0,1,0,False,False,337.0,60.0,Square Leg
1631635,64,3.86,5,0,0,247,9,5,76104,,39423,County Championship Division Two 2026,3,41,Kent Men,38,Middlesex Men,8714695,2026-08-22T14:32:58Z,1,381,False,,,,39,Ryan Higgins,527,Matt Quinn,2517,Chris Benjamin,Right,0,0,0,0,,LengthBall,OutsideOff,,MisTimed,BackFoot,Cut,NoMovement,Over,Medium,Right,Null,NotReferred,Null,False,False,False,False,False,True,,False,False,False,False,False,False,0,0,0,0,0,False,False,168.0,73.0,Backward Point
1631635,64,3.86,5,0,0,247,9,5,76104,,39423,County Championship Division Two 2026,3,41,Kent Men,38,Middlesex Men,8714700,2026-08-22T14:33:28Z,2,382,False,,,,39,Ryan Higgins,527,Matt Quinn,2517,Chris Benjamin,Right,0,0,0,0,,LengthBall,OutsideOff,,MisTimed,FrontFoot,Drive,NoMovement,Over,Medium,Right,Null,NotReferred,Null,False,False,False,False,False,True,,False,False,False,False,False,False,0,0,0,0,0,False,False,215.0,52.0,Extra Cover
1631635,64,3.86,5,0,0,247,9,5,76104,,39423,County Championship Division Two 2026,3,41,Kent Men,38,Middlesex Men,8714707,2026-08-22T14:34:01Z,3,383,False,,,,39,Ryan Higgins,527,Matt Quinn,2517,Chris Benjamin,Right,0,0,0,0,,HalfVolley,OffStump,,WellTimed,FrontFoot,Drive,NoMovement,Over,Medium,Right,Null,NotReferred,Null,False,False,False,False,False,True,,False,False,False,False,False,False,0,0,0,0,0,False,False,289.0,84.0,Mid On
1631635,64,3.86,5,0,0,247,9,5,76104,,39423,County Championship Division Two 2026,3,41,Kent Men,38,Middlesex Men,8714713,2026-08-22T14:34:31Z,4,384,False,,,,39,Ryan Higgins,527,Matt Quinn,2517,Chris Benjamin,Right,0,0,0,0,,LengthBall,OutsideOff,,InsideEdge,FrontFoot,Pushed,NoMovement,Over,Medium,Right,Null,NotReferred,Null,False,False,False,False,False,True,,False,False,False,False,False,False,0,0,0,0,0,False,False,303.0,46.0,Mid Wicket
1631635,64,3.86,5,0,0,247,9,5,76104,,39423,County Championship Division Two 2026,3,41,Kent Men,38,Middlesex Men,8714726,2026-08-22T14:35:04Z,5,385,False,,,,39,Ryan Higgins,527,Matt Quinn,2517,Chris Benjamin,Right,1,0,1,1,,LengthBall,OutsideOff,,WellTimed,FrontFoot,Drive,NoMovement,Over,Medium,Right,Null,NotReferred,Null,False,False,False,False,False,True,,False,False,False,False,False,False,1,0,0,0,0,False,False,237.0,87.0,Extra Cover
1631635,64,3.86,5,0,0,247,9,5,76104,,39423,County Championship Division Two 2026,3,41,Kent Men,38,Middlesex Men,8714742,2026-08-22T14:36:21Z,6,386,False,,,,39,Ryan Higgins,2517,Chris Benjamin,527,Matt Quinn,Right,4,0,4,4,,FullToss,Wide,,Middled,FrontFoot,Drive,NoMovement,Over,Medium,Right,Null,NotReferred,Null,False,False,False,False,False,True,,False,False,False,False,False,False,4,0,0,0,0,True,False,192.0,172.0,
1631645,65,3.83,2,0,0,249,9,2,76104,,39423,County Championship Division Two 2026,3,41,Kent Men,38,Middlesex Men,8714754,2026-08-22T14:37:32Z,1,387,False,,,,1739,Toby Roland-Jones,527,Matt Quinn,2517,Chris Benjamin,Right,0,0,0,0,,LengthBall,OutsideOff,,HitBody,FrontFoot,Drive,SeamIn,Over,Medium,Right,Null,NotReferred,Null,False,False,False,False,False,True,,False,False,False,False,False,False,0,0,0,0,0,False,False,140.0,17.0,Gully
1631645,65,3.83,2,0,0,249,9,2,76104,,39423,County Championship Division Two 2026,3,41,Kent Men,38,Middlesex Men,8714760,2026-08-22T14:38:35Z,2,388,False,,,,1739,Toby Roland-Jones,527,Matt Quinn,2517,Chris Benjamin,Right,1,0,1,1,,LengthBall,OutsideOff,,MisTimed,FrontFoot,Drive,NoMovement,Over,Medium,Right,Null,NotReferred,Null,False,False,False,False,False,True,,False,False,False,False,False,False,1,0,0,0,0,False,False,336.0,62.0,Square Leg
1631645,65,3.83,2,0,0,249,9,2,76104,,39423,County Championship Division Two 2026,3,41,Kent Men,38,Middlesex Men,8714770,2026-08-22T14:39:27Z,3,389,False,,,,1739,Toby Roland-Jones,2517,Chris Benjamin,527,Matt Quinn,Right,0,0,0,0,,LengthBall,OffStump,,HitPad,BackFoot,Worked,SeamIn,Over,Medium,Right,Null,NotReferred,Null,False,False,False,False,False,True,,False,False,False,False,False,False,0,0,0,0,0,False,False,221.0,30.0,Extra Cover
1631645,65,3.83,2,0,0,249,9,2,76104,,39423,County Championship Division Two 2026,3,41,Kent Men,38,Middlesex Men,8714779,2026-08-22T14:40:03Z,4,390,False,,,,1739,Toby Roland-Jones,2517,Chris Benjamin,527,Matt Quinn,Right,0,0,0,0,,HalfVolley,OutsideOff,,WellTimed,FrontFoot,Drive,NoMovement,Over,Medium,Right,Null,NotReferred,Null,False,False,False,False,False,True,,False,False,False,False,False,False,0,0,0,0,0,False,False,205.0,65.0,Cover
1631645,65,3.83,2,0,0,249,9,2,76104,,39423,County Championship Division Two 2026,3,41,Kent Men,38,Middlesex Men,8714787,2026-08-22T14:40:38Z,5,391,False,,,,1739,Toby Roland-Jones,2517,Chris Benjamin,527,Matt Quinn,Right,1,0,1,1,,LengthBall,OutsideOff,,WellTimed,BackFoot,Pushed,NoMovement,Over,Medium,Right,Null,NotReferred,Null,False,False,False,False,False,True,,False,False,False,False,False,False,1,0,0,0,0,False,False,192.0,124.0,Deep Cover
1631645,65,3.83,2,0,0,249,9,2,76104,,39423,County Championship Division Two 2026,3,41,Kent Men,38,Middlesex Men,8714793,2026-08-22T14:41:22Z,6,392,False,,,,1739,Toby Roland-Jones,527,Matt Quinn,2517,Chris Benjamin,Right,0,0,0,0,,LengthBall,OutsideOff,,MisTimed,FrontFoot,Drive,NoMovement,Over,Medium,Right,Null,NotReferred,Null,False,False,False,False,False,True,,False,False,False,False,False,False,0,0,0,0,0,False,True,249.0,84.0,Mid Off
1631654,66,3.82,3,0,0,252,9,3,76104,,39423,County Championship Division Two 2026,3,41,Kent Men,38,Middlesex Men,8714802,2026-08-22T14:42:34Z,1,393,False,,,,2683,Tom Helm,2517,Chris Benjamin,527,Matt Quinn,Right,2,0,2,2,,Short,OutsideOff,,WellTimed,BackFoot,Cut,NoMovement,Over,FastSeam,Right,Null,NotReferred,Null,False,False,False,False,False,True,,False,False,False,False,False,False,2,0,0,0,0,False,False,158.0,127.0,Deep Backward Point
1631654,66,3.82,3,0,0,252,9,3,76104,,39423,County Championship Division Two 2026,3,41,Kent Men,38,Middlesex Men,8714809,2026-08-22T14:43:16Z,2,394,False,,,,2683,Tom Helm,2517,Chris Benjamin,527,Matt Quinn,Right,0,0,0,0,,LengthBall,OffStump,,None,FrontFoot,Worked,NoMovement,Over,FastSeam,Right,Null,NotReferred,Null,False,False,False,False,False,True,,False,False,False,False,False,False,0,0,0,0,0,False,False,318.0,53.0,Mid Wicket
1631654,66,3.82,3,0,0,252,9,3,76104,,39423,County Championship Division Two 2026,3,41,Kent Men,38,Middlesex Men,8714813,2026-08-22T14:43:48Z,3,395,False,,,,2683,Tom Helm,2517,Chris Benjamin,527,Matt Quinn,Right,0,0,0,0,,LengthBall,OutsideOff,,None,FrontFoot,ForwardDefensive,NoMovement,Over,FastSeam,Right,Null,NotReferred,Null,False,False,False,False,False,True,,False,False,False,False,False,False,0,0,0,0,0,False,False,271.0,42.0,Bowler
1631654,66,3.82,3,0,0,252,9,3,76104,,39423,County Championship Division Two 2026,3,41,Kent Men,38,Middlesex Men,8714818,2026-08-22T14:44:18Z,4,396,False,,,,2683,Tom Helm,2517,Chris Benjamin,527,Matt Quinn,Right,0,0,0,0,,Short,OutsideOff,,Left,NoMovement,Leave,NoMovement,Over,FastSeam,Right,Null,NotReferred,Null,False,False,False,False,False,True,,False,False,False,False,False,False,0,0,0,0,0,False,False,,,Wicketkeeper
1631654,66,3.82,3,0,0,252,9,3,76104,,39423,County Championship Division Two 2026,3,41,Kent Men,38,Middlesex Men,8714824,2026-08-22T14:44:52Z,5,397,False,,,,2683,Tom Helm,2517,Chris Benjamin,527,Matt Quinn,Right,1,0,1,1,,Short,OutsideOff,,WellTimed,BackFoot,Cut,SlowerBall,Over,FastSeam,Right,Null,NotReferred,Null,False,False,False,False,False,True,,False,False,False,False,False,False,1,0,0,0,0,False,False,236.0,86.0,Extra Cover
1631654,66,3.82,3,0,0,252,9,3,76104,,39423,County Championship Division Two 2026,3,41,Kent Men,38,Middlesex Men,8714829,2026-08-22T14:45:40Z,6,398,False,,,,2683,Tom Helm,527,Matt Quinn,2517,Chris Benjamin,Right,0,0,0,0,,Yorker,OffStump,,MisTimed,NoMovement,Pushed,NoMovement,Over,FastSeam,Right,Null,NotReferred,Null,False,False,False,False,False,True,,False,False,False,False,False,False,0,0,0,0,0,False,False,286.0,88.0,Mid On
1631659,67,3.78,1,0,0,253,9,1,76104,,39423,County Championship Division Two 2026,3,41,Kent Men,38,Middlesex Men,8714834,2026-08-22T14:46:33Z,1,399,False,,,,1739,Toby Roland-Jones,2517,Chris Benjamin,527,Matt Quinn,Right,0,0,0,0,,LengthBall,OutsideOff,,MisTimed,BackFoot,Cut,NoMovement,Over,Medium,Right,Null,NotReferred,Null,False,False,False,False,False,True,,False,False,False,False,False,False,0,0,0,0,0,False,False,218.0,57.0,Extra Cover
1631659,67,3.78,1,0,0,253,9,1,76104,,39423,County Championship Division Two 2026,3,41,Kent Men,38,Middlesex Men,8714838,2026-08-22T14:47:06Z,2,400,False,,,,1739,Toby Roland-Jones,2517,Chris Benjamin,527,Matt Quinn,Right,0,0,0,0,,LengthBall,OutsideOff,,MisTimed,FrontFoot,Drive,OffCutter,Over,Medium,Right,Null,NotReferred,Null,False,False,False,False,False,True,,False,False,False,False,False,False,0,0,0,0,0,False,False,221.0,54.0,Extra Cover
1631659,67,3.78,1,0,0,253,9,1,76104,,39423,County Championship Division Two 2026,3,41,Kent Men,38,Middlesex Men,8714843,2026-08-22T14:47:42Z,3,401,False,,,,1739,Toby Roland-Jones,2517,Chris Benjamin,527,Matt Quinn,Right,0,0,0,0,,LengthBall,OutsideOff,,None,FrontFoot,Pushed,NoMovement,Over,Medium,Right,Null,NotReferred,Null,False,False,False,False,False,True,,False,False,False,False,False,False,0,0,0,0,0,False,False,265.0,41.0,Bowler
1631659,67,3.78,1,0,0,253,9,1,76104,,39423,County Championship Division Two 2026,3,41,Kent Men,38,Middlesex Men,8714849,2026-08-22T14:48:16Z,4,402,False,,,,1739,Toby Roland-Jones,2517,Chris Benjamin,527,Matt Quinn,Right,0,0,0,0,,BackOfALength,OutsideOff,,None,BackFoot,Drive,NoMovement,Over,Medium,Right,Null,NotReferred,Null,False,False,False,False,False,True,,False,False,False,False,False,False,0,0,0,0,0,False,False,221.0,51.0,Extra Cover
1631659,67,3.78,1,0,0,253,9,1,76104,,39423,County Championship Division Two 2026,3,41,Kent Men,38,Middlesex Men,8714850,2026-08-22T14:48:52Z,5,403,False,,,,1739,Toby Roland-Jones,2517,Chris Benjamin,527,Matt Quinn,Right,0,0,0,0,,HalfVolley,Wide,,Missed,FrontFoot,Drive,NoMovement,Over,Medium,Right,Null,NotReferred,Null,False,False,False,False,False,True,,False,False,False,False,False,False,0,0,0,0,0,False,False,,,Wicketkeeper
1631659,67,3.78,1,0,0,253,9,1,76104,,39423,County Championship Division Two 2026,3,41,Kent Men,38,Middlesex Men,8714863,2026-08-22T14:49:53Z,6,404,False,,,,1739,Toby Roland-Jones,2517,Chris Benjamin,527,Matt Quinn,Right,1,0,1,1,,LengthBall,OffStump,,WellTimed,FrontFoot,Worked,NoMovement,Over,Medium,Right,Null,NotReferred,Null,False,False,False,False,False,True,,False,False,False,False,False,False,1,0,0,0,0,False,False,331.0,136.0,Deep Square Leg
1631667,68,3.74,1,0,0,254,9,1,76104,,39423,County Championship Division Two 2026,3,41,Kent Men,38,Middlesex Men,8714877,2026-08-22T14:52:09Z,1,405,False,,,,4202,Zafar Gohar,2517,Chris Benjamin,527,Matt Quinn,Right,0,0,0,0,,LengthBall,OffStump,,None,FrontFoot,ForwardDefensive,StockBall,Round,Orthodox,Left,Null,NotReferred,Null,False,False,False,False,False,True,,False,False,False,False,False,False,0,0,0,0,0,False,False,269.0,44.0,Bowler
1631667,68,3.74,1,0,0,254,9,1,76104,,39423,County Championship Division Two 2026,3,41,Kent Men,38,Middlesex Men,8714880,2026-08-22T14:52:24Z,2,406,False,,,,4202,Zafar Gohar,2517,Chris Benjamin,527,Matt Quinn,Right,0,0,0,0,,LengthBall,OffStump,,Missed,FrontFoot,ReverseSweep,StockBall,Round,Orthodox,Left,Null,NotReferred,Null,False,False,False,False,False,True,,False,False,False,False,False,False,0,0,0,0,0,False,False,,,Wicketkeeper
1631667,68,3.74,1,0,0,254,9,1,76104,,39423,County Championship Division Two 2026,3,41,Kent Men,38,Middlesex Men,8714884,2026-08-22T14:52:44Z,3,407,False,,,,4202,Zafar Gohar,2517,Chris Benjamin,527,Matt Quinn,Right,0,0,0,0,,LengthBall,OffStump,,None,BackFoot,Worked,QuickerBall,Round,Orthodox,Left,Null,NotReferred,Null,False,False,False,False,False,True,,False,False,False,False,False,False,0,0,0,0,0,False,False,289.0,47.0,Bowler
1631667,68,3.74,1,0,0,254,9,1,76104,,39423,County Championship Division Two 2026,3,41,Kent Men,38,Middlesex Men,8714888,2026-08-22T14:52:59Z,4,408,False,,,,4202,Zafar Gohar,2517,Chris Benjamin,527,Matt Quinn,Right,0,0,0,0,,LengthBall,OffStump,,None,FrontFoot,Pushed,StockBall,Round,Orthodox,Left,Null,NotReferred,Null,False,False,False,False,False,True,,False,False,False,False,False,False,0,0,0,0,0,False,False,226.0,43.0,Extra Cover
1631667,68,3.74,1,0,0,254,9,1,76104,,39423,County Championship Division Two 2026,3,41,Kent Men,38,Middlesex Men,8714892,2026-08-22T14:53:16Z,5,409,False,,,,4202,Zafar Gohar,2517,Chris Benjamin,527,Matt Quinn,Right,1,0,1,1,,LengthBall,OutsideOff,,WellTimed,FrontFoot,Pushed,StockBall,Round,Orthodox,Left,Null,NotReferred,Null,False,False,False,False,False,True,,False,False,False,False,False,False,1,0,0,0,0,False,False,238.0,138.0,Deep Extra Cover
1631667,68,3.74,1,0,0,254,9,1,76104,,39423,County Championship Division Two 2026,3,41,Kent Men,38,Middlesex Men,8714900,2026-08-22T14:54:13Z,6,410,False,,,,4202,Zafar Gohar,527,Matt Quinn,2517,Chris Benjamin,Right,0,0,0,0,,LengthBall,MiddleStump,,HitPad,FrontFoot,ForwardDefensive,StockBall,Round,Orthodox,Left,Null,NotReferred,Null,False,False,False,False,False,True,,False,False,False,False,False,False,0,0,0,0,0,False,False,17.0,17.0,Backward Square Leg
1631671,69,3.68,0,1,0,254,10,0,76104,,39423,County Championship Division Two 2026,3,41,Kent Men,38,Middlesex Men,8714906,2026-08-22T14:55:16Z,1,411,False,,,,2683,Tom Helm,2517,Chris Benjamin,527,Matt Quinn,Right,0,0,0,0,,LengthBall,OffStump,,None,BackFoot,Worked,NoMovement,Over,FastSeam,Right,Null,NotReferred,Null,False,False,False,False,False,True,,False,False,False,False,False,False,0,0,0,0,0,False,False,322.0,110.0,Deep Mid Wicket
1631671,69,3.68,0,1,0,254,10,0,76104,,39423,County Championship Division Two 2026,3,41,Kent Men,38,Middlesex Men,8714914,2026-08-22T14:55:48Z,2,412,False,,,,2683,Tom Helm,2517,Chris Benjamin,527,Matt Quinn,Right,0,0,0,0,,LengthBall,OutsideOff,,OutsideEdge,FrontFoot,Drive,NoMovement,Over,FastSeam,Right,Null,NotReferred,Null,False,False,False,False,False,True,,False,False,False,False,False,False,0,0,0,0,0,False,False,121.0,136.0,Third Man
1631671,69,3.68,0,1,0,254,10,0,76104,,39423,County Championship Division Two 2026,3,41,Kent Men,38,Middlesex Men,8714921,2026-08-22T14:56:21Z,3,413,False,,,,2683,Tom Helm,2517,Chris Benjamin,527,Matt Quinn,Right,0,0,0,0,,LengthBall,OutsideOff,,None,FrontFoot,Drive,NoMovement,Over,FastSeam,Right,Null,NotReferred,Null,False,False,False,False,False,True,,False,False,False,False,False,False,0,0,0,0,0,False,False,212.0,75.0,Extra Cover
1631671,69,3.68,0,1,0,254,10,0,76104,,39423,County Championship Division Two 2026,3,41,Kent Men,38,Middlesex Men,8714931,2026-08-22T14:56:54Z,4,414,True,Caught,2517.0,Chris Benjamin,2683,Tom Helm,2517,Chris Benjamin,527,Matt Quinn,Right,0,0,0,0,Caught,Short,OutsideOff,Caught,Middled,BackFoot,Pull,NoMovement,Over,FastSeam,Right,Null,NotReferred,Null,False,False,False,False,True,True,1808.0,False,False,False,False,False,False,0,0,0,0,0,False,False,353.0,141.0,Deep Square Leg
1631703,2,4.0,1,0,0,8,0,1,76122,,39423,County Championship Division Two 2026,4,38,Middlesex Men,41,Kent Men,8715075,2026-08-22T15:21:36Z,1,7,False,,,,527,Matt Quinn,3829,Luke Hollman,78,Sam Robson,Left,1,0,1,1,,LengthBall,OffStump,,MisTimed,BackFoot,Worked,NoMovement,Round,Medium,Right,Null,NotReferred,Null,False,False,False,False,False,True,,False,False,False,False,False,False,1,0,0,0,0,False,True,193.0,69.0,Square Leg
1631703,2,4.0,1,0,0,8,0,1,76122,,39423,County Championship Division Two 2026,4,38,Middlesex Men,41,Kent Men,8715080,2026-08-22T15:22:20Z,2,8,False,,,,527,Matt Quinn,78,Sam Robson,3829,Luke Hollman,Right,0,0,0,0,,LengthBall,Wide,,Left,NoMovement,Leave,SeamAway,Over,Medium,Right,Null,NotReferred,Null,False,False,False,False,False,True,,False,False,False,False,False,False,0,0,0,0,0,False,False,,,Wicketkeeper
1631703,2,4.0,1,0,0,8,0,1,76122,,39423,County Championship Division Two 2026,4,38,Middlesex Men,41,Kent Men,8715090,2026-08-22T15:22:55Z,3,9,False,,,,527,Matt Quinn,78,Sam Robson,3829,Luke Hollman,Right,0,0,0,0,,LengthBall,OutsideOff,,Missed,BackFoot,Pushed,SeamAway,Over,Medium,Right,Null,NotReferred,Null,False,False,False,False,False,True,,False,False,False,False,False,False,0,0,0,0,0,False,False,,,Wicketkeeper
1631703,2,4.0,1,0,0,8,0,1,76122,,39423,County Championship Division Two 2026,4,38,Middlesex Men,41,Kent Men,8715098,2026-08-22T15:23:40Z,4,10,False,,,,527,Matt Quinn,78,Sam Robson,3829,Luke Hollman,Right,0,0,0,0,,BackOfALength,OutsideOff,,None,BackFoot,Pushed,NoMovement,Over,Medium,Right,Null,NotReferred,Null,False,False,False,False,False,True,,False,False,False,False,False,False,0,0,0,0,0,False,False,203.0,53.0,Cover
1631703,2,4.0,1,0,0,8,0,1,76122,,39423,County Championship Division Two 2026,4,38,Middlesex Men,41,Kent Men,8715107,2026-08-22T15:24:20Z,5,11,False,,,,527,Matt Quinn,78,Sam Robson,3829,Luke Hollman,Right,0,0,0,0,,LengthBall,OutsideOff,,Missed,BackFoot,BackwardDefensive,SeamAway,Over,Medium,Right,Null,NotReferred,Null,False,False,False,False,False,True,,False,False,False,False,False,False,0,0,0,0,0,False,False,,,Wicketkeeper
1631703,2,4.0,1,0,0,8,0,1,76122,,39423,County Championship Division Two 2026,4,38,Middlesex Men,41,Kent Men,8715117,2026-08-22T15:25:05Z,6,12,False,,,,527,Matt Quinn,78,Sam Robson,3829,Luke Hollman,Right,0,0,0,0,,LengthBall,OutsideOff,,Left,NoMovement,Leave,SeamAway,Over,Medium,Right,Null,NotReferred,Null,False,False,False,False,False,True,,False,False,False,False,False,False,0,0,0,0,0,False,False,,,Wicketkeeper
1631712,3,4.33,5,0,0,13,0,5,76122,,39423,County Championship Division Two 2026,4,38,Middlesex Men,41,Kent Men,8715126,2026-08-22T15:26:05Z,1,13,False,,,,154,Matt Milnes,3829,Luke Hollman,78,Sam Robson,Left,0,0,0,0,,LengthBall,OutsideOff,,HitPad,BackFoot,BackwardDefensive,InSwinger,Round,FastSeam,Right,Null,NotReferred,Null,False,False,False,False,False,True,,False,False,False,False,False,False,0,0,0,0,0,False,False,,,Bowler
1631712,3,4.33,5,0,0,13,0,5,76122,,39423,County Championship Division Two 2026,4,38,Middlesex Men,41,Kent Men,8715132,2026-08-22T15:26:38Z,2,14,False,,,,154,Matt Milnes,3829,Luke Hollman,78,Sam Robson,Left,4,0,4,4,,LengthBall,OutsideOff,,None,FrontFoot,Steer,SeamAway,Round,FastSeam,Right,Null,NotReferred,Null,False,False,False,False,False,True,,False,False,False,False,False,False,4,0,0,0,0,True,False,57.0,162.0,
1631712,3,4.33,5,0,0,13,0,5,76122,,39423,County Championship Division Two 2026,4,38,Middlesex Men,41,Kent Men,8715142,2026-08-22T15:27:22Z,3,15,False,,,,154,Matt Milnes,3829,Luke Hollman,78,Sam Robson,Left,0,0,0,0,,LengthBall,OutsideOff,,None,BackFoot,BackwardDefensive,NoMovement,Round,FastSeam,Right,Null,NotReferred,Null,False,False,False,False,False,True,,False,False,False,False,False,False,0,0,0,0,0,False,False,283.0,40.0,Bowler
1631712,3,4.33,5,0,0,13,0,5,76122,,39423,County Championship Division Two 2026,4,38,Middlesex Men,41,Kent Men,8715151,2026-08-22T15:27:54Z,4,16,False,,,,154,Matt Milnes,3829,Luke Hollman,78,Sam Robson,Left,0,0,0,0,,LengthBall,OutsideOff,,None,FrontFoot,Dropped,SeamIn,Round,FastSeam,Right,Null,NotReferred,Null,False,False,False,False,False,True,,False,False,False,False,False,False,0,0,0,0,0,False,False,340.0,56.0,Cover
1631712,3,4.33,5,0,0,13,0,5,76122,,39423,County Championship Division Two 2026,4,38,Middlesex Men,41,Kent Men,8715161,2026-08-22T15:28:33Z,5,17,False,,,,154,Matt Milnes,3829,Luke Hollman,78,Sam Robson,Left,0,0,0,0,,LengthBall,OutsideOff,,Missed,FrontFoot,ForwardDefensive,SeamAway,Round,FastSeam,Right,Null,NotReferred,Null,False,False,False,False,False,True,,False,False,False,False,False,False,0,0,0,0,0,False,False,,,Wicketkeeper
1631712,3,4.33,5,0,0,13,0,5,76122,,39423,County Championship Division Two 2026,4,38,Middlesex Men,41,Kent Men,8715170,2026-08-22T15:29:13Z,6,18,False,,,,154,Matt Milnes,3829,Luke Hollman,78,Sam Robson,Left,1,0,1,1,,HalfVolley,OffStump,,LeadingEdge,FrontFoot,Flick,NoMovement,Round,FastSeam,Right,Null,NotReferred,Null,False,False,False,False,False,True,,False,False,False,False,False,False,1,0,0,0,0,False,False,346.0,84.0,Cover
1631721,4,5.0,7,0,0,20,0,7,76122,,39423,County Championship Division Two 2026,4,38,Middlesex Men,41,Kent Men,8715184,2026-08-22T15:30:14Z,1,19,False,,,,527,Matt Quinn,3829,Luke Hollman,78,Sam Robson,Left,1,0,1,1,,LengthBall,OffStump,,None,FrontFoot,Glance,NoMovement,Round,Medium,Right,Null,NotReferred,Null,False,False,False,False,False,True,,False,False,False,False,False,False,1,0,0,0,0,False,False,138.0,104.0,Fine Leg
1631721,4,5.0,7,0,0,20,0,7,76122,,39423,County Championship Division Two 2026,4,38,Middlesex Men,41,Kent Men,8715193,2026-08-22T15:30:54Z,2,20,False,,,,527,Matt Quinn,78,Sam Robson,3829,Luke Hollman,Right,1,0,1,1,,Short,OutsideOff,,None,BackFoot,Dropped,NoMovement,Over,Medium,Right,Null,NotReferred,Null,False,False,False,False,False,True,,False,False,False,False,False,False,1,0,0,0,0,False,False,350.0,43.0,Square Leg
1631721,4,5.0,7,0,0,20,0,7,76122,,39423,County Championship Division Two 2026,4,38,Middlesex Men,41,Kent Men,8715201,2026-08-22T15:31:33Z,3,21,False,,,,527,Matt Quinn,3829,Luke Hollman,78,Sam Robson,Left,0,0,0,0,,LengthBall,OutsideOff,,ShouldersArms,NoMovement,ShouldersArms,NoMovement,Round,Medium,Right,Null,NotReferred,Null,False,False,False,False,False,True,,False,False,False,False,False,False,0,0,0,0,0,False,False,,,Wicketkeeper
1631721,4,5.0,7,0,0,20,0,7,76122,,39423,County Championship Division Two 2026,4,38,Middlesex Men,41,Kent Men,8715212,2026-08-22T15:32:15Z,4,22,False,,,,527,Matt Quinn,3829,Luke Hollman,78,Sam Robson,Left,4,0,4,4,,Short,OutsideOff,,Middled,BackFoot,Pull,NoMovement,Round,Medium,Right,Null,NotReferred,Null,False,False,False,False,False,True,,False,False,False,False,False,False,4,0,0,0,0,True,False,214.0,176.0,
1631721,4,5.0,7,0,0,20,0,7,76122,,39423,County Championship Division Two 2026,4,38,Middlesex Men,41,Kent Men,8715219,2026-08-22T15:32:55Z,5,23,False,,,,527,Matt Quinn,3829,Luke Hollman,78,Sam Robson,Left,0,0,0,0,,LengthBall,OutsideOff,,Missed,FrontFoot,ForwardDefensive,SeamAway,Round,Medium,Right,Null,NotReferred,Null,False,False,False,False,False,True,,False,False,False,False,False,False,0,0,0,0,0,False,False,,,Wicketkeeper
1631721,4,5.0,7,0,0,20,0,7,76122,,39423,County Championship Division Two 2026,4,38,Middlesex Men,41,Kent Men,8715231,2026-08-22T15:33:32Z,6,24,False,,,,527,Matt Quinn,3829,Luke Hollman,78,Sam Robson,Left,1,0,1,1,,LengthBall,OffStump,,None,BackFoot,Worked,SeamIn,Round,Medium,Right,Null,NotReferred,Null,False,False,False,False,False,True,,False,False,False,False,False,False,1,0,0,0,0,False,False,151.0,119.0,Deep Backward Square Leg
1631731,5,4.4,2,0,0,22,0,2,76122,,39423,County Championship Division Two 2026,4,38,Middlesex Men,41,Kent Men,8715247,2026-08-22T15:34:47Z,1,25,False,,,,154,Matt Milnes,3829,Luke Hollman,78,Sam Robson,Left,0,0,0,0,,LengthBall,OutsideOff,,HitPad,FrontFoot,ForwardDefensive,SeamIn,Round,FastSeam,Right,Null,NotReferred,Null,False,False,False,False,False,True,,False,False,False,False,False,False,0,0,0,0,0,False,False,338.0,45.0,Cover
1631731,5,4.4,2,0,0,22,0,2,76122,,39423,County Championship Division Two 2026,4,38,Middlesex Men,41,Kent Men,8715254,2026-08-22T15:35:21Z,2,26,False,,,,154,Matt Milnes,3829,Luke Hollman,78,Sam Robson,Left,0,0,0,0,,LengthBall,OutsideOff,,None,BackFoot,BackwardDefensive,NoMovement,Round,FastSeam,Right,Null,NotReferred,Null,False,False,False,False,False,True,,False,False,False,False,False,False,0,0,0,0,0,False,False,344.0,35.0,Cover
1631731,5,4.4,2,0,0,22,0,2,76122,,39423,County Championship Division Two 2026,4,38,Middlesex Men,41,Kent Men,8715260,2026-08-22T15:36:01Z,3,27,False,,,,154,Matt Milnes,3829,Luke Hollman,78,Sam Robson,Left,0,0,0,0,,HalfVolley,OutsideOff,,None,FrontFoot,Drive,NoMovement,Round,FastSeam,Right,Null,NotReferred,Null,False,False,False,False,False,True,,False,False,False,False,False,False,0,0,0,0,0,False,False,289.0,60.0,Mid Off
1631731,5,4.4,2,0,0,22,0,2,76122,,39423,County Championship Division Two 2026,4,38,Middlesex Men,41,Kent Men,8715270,2026-08-22T15:36:36Z,4,28,False,,,,154,Matt Milnes,3829,Luke Hollman,78,Sam Robson,Left,0,1,1,0,,HalfVolley,LegStump,,HitPad,FrontFoot,Flick,InSwinger,Round,FastSeam,Right,Null,NotReferred,Null,False,False,False,True,False,True,,False,False,False,False,False,False,1,0,0,1,0,False,False,193.0,57.0,Square Leg
1631731,5,4.4,2,0,0,22,0,2,76122,,39423,County Championship Division Two 2026,4,38,Middlesex Men,41,Kent Men,8715277,2026-08-22T15:37:21Z,5,29,False,,,,154,Matt Milnes,78,Sam Robson,3829,Luke Hollman,Right,0,0,0,0,,LengthBall,OutsideOff,,Left,NoMovement,Leave,SeamAway,Over,FastSeam,Right,Null,NotReferred,Null,False,False,False,False,False,True,,False,False,False,False,False,False,0,0,0,0,0,False,False,,,Wicketkeeper
1631731,5,4.4,2,0,0,22,0,2,76122,,39423,County Championship Division Two 2026,4,38,Middlesex Men,41,Kent Men,8715288,2026-08-22T15:37:56Z,6,30,False,,,,154,Matt Milnes,78,Sam Robson,3829,Luke Hollman,Right,1,0,1,1,,LengthBall,MiddleStump,,None,BackFoot,Glance,SeamIn,Over,FastSeam,Right,Null,NotReferred,Null,False,False,False,False,False,True,,False,False,False,False,False,False,1,0,0,0,0,False,False,66.0,129.0,Fine Leg
1631742,6,3.67,0,0,0,22,0,0,76122,,39423,County Championship Division Two 2026,4,38,Middlesex Men,41,Kent Men,8715295,2026-08-22T15:38:44Z,1,31,False,,,,527,Matt Quinn,78,Sam Robson,3829,Luke Hollman,Right,0,0,0,0,,HalfVolley,OutsideOff,,WellTimed,FrontFoot,ForwardDefensive,NoMovement,Over,Medium,Right,Null,NotReferred,Null,False,False,False,False,False,True,,False,False,False,False,False,False,0,0,0,0,0,False,False,249.0,67.0,Mid Off
1631742,6,3.67,0,0,0,22,0,0,76122,,39423,County Championship Division Two 2026,4,38,Middlesex Men,41,Kent Men,8715302,2026-08-22T15:39:14Z,2,32,False,,,,527,Matt Quinn,78,Sam Robson,3829,Luke Hollman,Right,0,0,0,0,,LengthBall,OutsideOff,,Missed,BackFoot,Pushed,SeamAway,Over,Medium,Right,Null,NotReferred,Null,False,False,False,False,False,True,,False,False,False,False,False,False,0,0,0,0,0,False,False,,,Wicketkeeper
1631742,6,3.67,0,0,0,22,0,0,76122,,39423,County Championship Division Two 2026,4,38,Middlesex Men,41,Kent Men,8715312,2026-08-22T15:39:55Z,3,33,False,,,,527,Matt Quinn,78,Sam Robson,3829,Luke Hollman,Right,0,0,0,0,,LengthBall,OutsideOff,,None,BackFoot,Dropped,NoMovement,Over,Medium,Right,Null,NotReferred,Null,False,False,False,False,False,True,,False,False,False,False,False,False,0,0,0,0,0,False,False,183.0,58.0,Cover
1631742,6,3.67,0,0,0,22,0,0,76122,,39423,County Championship Division Two 2026,4,38,Middlesex Men,41,Kent Men,8715322,2026-08-22T15:40:33Z,4,34,False,,,,527,Matt Quinn,78,Sam Robson,3829,Luke Hollman,Right,0,0,0,0,,LengthBall,OutsideOff,,None,BackFoot,Pushed,SeamIn,Over,Medium,Right,Null,NotReferred,Null,False,False,False,False,False,True,,False,False,False,False,False,False,0,0,0,0,0,False,False,285.0,74.0,Mid On
1631742,6,3.67,0,0,0,22,0,0,76122,,39423,County Championship Division Two 2026,4,38,Middlesex Men,41,Kent Men,8715329,2026-08-22T15:41:07Z,5,35,False,,,,527,Matt Quinn,78,Sam Robson,3829,Luke Hollman,Right,0,0,0,0,,LengthBall,OutsideOff,,None,FrontFoot,ForwardDefensive,SeamIn,Over,Medium,Right,Null,NotReferred,Null,False,False,False,False,False,True,,False,False,False,False,False,False,0,0,0,0,0,False,False,250.0,59.0,Mid Off
1631742,6,3.67,0,0,0,22,0,0,76122,,39423,County Championship Division Two 2026,4,38,Middlesex Men,41,Kent Men,8715337,2026-08-22T15:41:44Z,6,36,False,,,,527,Matt Quinn,78,Sam Robson,3829,Luke Hollman,Right,0,0,0,0,,LengthBall,OutsideOff,,None,FrontFoot,Pushed,NoMovement,Over,Medium,Right,Null,NotReferred,Null,False,False,False,False,False,True,,False,False,False,False,False,False,0,0,0,0,0,False,False,173.0,72.0,Backward Point
1631751,7,3.43,2,0,0,24,0,2,76122,,39423,County Championship Division Two 2026,4,38,Middlesex Men,41,Kent Men,8715351,2026-08-22T15:42:50Z,1,37,False,,,,154,Matt Milnes,3829,Luke Hollman,78,Sam Robson,Left,0,0,0,0,,LengthBall,OutsideOff,,None,BackFoot,Pushed,SeamIn,Round,FastSeam,Right,Null,NotReferred,Null,False,False,False,False,False,True,,False,False,False,False,False,False,0,0,0,0,0,False,False,324.0,53.0,Extra Cover
1631751,7,3.43,2,0,0,24,0,2,76122,,39423,County Championship Division Two 2026,4,38,Middlesex Men,41,Kent Men,8715358,2026-08-22T15:43:26Z,2,38,False,,,,154,Matt Milnes,3829,Luke Hollman,78,Sam Robson,Left,0,0,0,0,,HalfVolley,OffStump,,None,FrontFoot,Pushed,InSwinger,Round,FastSeam,Right,Null,NotReferred,Null,False,False,False,False,False,True,,False,False,False,False,False,False,0,0,0,0,0,False,False,273.0,41.0,Bowler
1631751,7,3.43,2,0,0,24,0,2,76122,,39423,County Championship Division Two 2026,4,38,Middlesex Men,41,Kent Men,8715374,2026-08-22T15:44:47Z,3,39,False,,,,154,Matt Milnes,3829,Luke Hollman,78,Sam Robson,Left,0,0,0,0,,LengthBall,OutsideOff,,None,BackFoot,BackwardDefensive,InSwinger,Round,FastSeam,Right,Null,NotReferred,Null,False,False,False,False,False,True,,False,False,False,False,False,False,0,0,0,0,0,False,False,324.0,48.0,Extra Cover
1631751,7,3.43,2,0,0,24,0,2,76122,,39423,County Championship Division Two 2026,4,38,Middlesex Men,41,Kent Men,8715384,2026-08-22T15:45:23Z,4,40,False,,,,154,Matt Milnes,3829,Luke Hollman,78,Sam Robson,Left,0,0,0,0,,HalfVolley,OutsideOff,,Missed,FrontFoot,Drive,NoMovement,Round,FastSeam,Right,Null,NotReferred,Null,False,False,False,False,False,True,,False,False,False,False,False,False,0,0,0,0,0,False,False,,,Wicketkeeper
1631751,7,3.43,2,0,0,24,0,2,76122,,39423,County Championship Division Two 2026,4,38,Middlesex Men,41,Kent Men,8715394,2026-08-22T15:46:01Z,5,41,False,,,,154,Matt Milnes,3829,Luke Hollman,78,Sam Robson,Left,2,0,2,2,,LengthBall,OffStump,,InsideEdge,FrontFoot,Worked,InSwinger,Round,FastSeam,Right,Null,NotReferred,Null,False,False,False,False,False,True,,False,False,False,False,False,False,2,0,0,0,0,False,False,134.0,114.0,Fine Leg
1631751,7,3.43,2,0,0,24,0,2,76122,,39423,County Championship Division Two 2026,4,38,Middlesex Men,41,Kent Men,8715401,2026-08-22T15:46:43Z,6,42,False,,,,154,Matt Milnes,3829,Luke Hollman,78,Sam Robson,Left,0,0,0,0,,LengthBall,OutsideOff,,ShouldersArms,NoMovement,ShouldersArms,SeamAway,Round,FastSeam,Right,Null,NotReferred,Null,False,False,False,False,False,True,,False,False,False,False,False,False,0,0,0,0,0,False,False,,,Wicketkeeper
1631760,8,4.0,8,0,0,32,0,8,76122,,39423,County Championship Division Two 2026,4,38,Middlesex Men,41,Kent Men,8715411,2026-08-22T15:47:28Z,1,43,False,,,,527,Matt Quinn,78,Sam Robson,3829,Luke Hollman,Right,0,0,0,0,,LengthBall,OutsideOff,,Spliced,FrontFoot,ForwardDefensive,SeamIn,Over,Medium,Right,Null,NotReferred,Null,False,False,False,False,False,True,,False,False,False,False,False,False,0,0,0,0,0,False,False,315.0,50.0,Mid Wicket
1631760,8,4.0,8,0,0,32,0,8,76122,,39423,County Championship Division Two 2026,4,38,Middlesex Men,41,Kent Men,8715420,2026-08-22T15:48:04Z,2,44,False,,,,527,Matt Quinn,78,Sam Robson,3829,Luke Hollman,Right,0,0,0,0,,LengthBall,OutsideOff,,Missed,BackFoot,BackwardDefensive,SeamAway,Over,Medium,Right,Null,NotReferred,Null,False,False,False,False,False,True,,False,False,False,False,False,False,0,0,0,0,0,False,False,,,Wicketkeeper
1631760,8,4.0,8,0,0,32,0,8,76122,,39423,County Championship Division Two 2026,4,38,Middlesex Men,41,Kent Men,8715439,2026-08-22T15:48:45Z,3,45,False,,,,527,Matt Quinn,78,Sam Robson,3829,Luke Hollman,Right,0,0,0,0,,LengthBall,OutsideOff,,MisTimed,BackFoot,Pushed,SeamIn,Over,Medium,Right,Null,NotReferred,Null,False,False,False,False,False,True,,False,False,False,False,False,False,0,0,0,0,0,False,False,311.0,57.0,Mid Wicket
1631760,8,4.0,8,0,0,32,0,8,76122,,39423,County Championship Division Two 2026,4,38,Middlesex Men,41,Kent Men,8715450,2026-08-22T15:49:24Z,4,46,False,,,,527,Matt Quinn,78,Sam Robson,3829,Luke Hollman,Right,4,0,4,4,,LengthBall,OutsideOff,,ThickEdge,FrontFoot,ForwardDefensive,SeamAway,Over,Medium,Right,Null,NotReferred,Null,False,False,False,False,False,True,,False,False,False,False,False,False,4,0,0,0,0,True,False,110.0,161.0,
1631760,8,4.0,8,0,0,32,0,8,76122,,39423,County Championship Division Two 2026,4,38,Middlesex Men,41,Kent Men,8715457,2026-08-22T15:50:09Z,5,47,False,,,,527,Matt Quinn,78,Sam Robson,3829,Luke Hollman,Right,0,0,0,0,,LengthBall,OutsideOff,,None,BackFoot,Pushed,SeamIn,Over,Medium,Right,Null,NotReferred,Null,False,False,False,False,False,True,,False,False,False,False,False,False,0,0,0,0,0,False,False,196.0,54.0,Cover
1631760,8,4.0,8,0,0,32,0,8,76122,,39423,County Championship Division Two 2026,4,38,Middlesex Men,41,Kent Men,8715468,2026-08-22T15:50:47Z,6,48,False,,,,527,Matt Quinn,78,Sam Robson,3829,Luke Hollman,Right,4,0,4,4,,HalfVolley,Wide,,Middled,FrontFoot,Drive,AwaySwinger,Over,Medium,Right,Null,NotReferred,Null,False,False,False,False,False,True,,False,False,False,False,False,False,4,0,0,0,0,True,False,215.0,176.0,
1631772,9,3.56,0,0,0,32,0,0,76122,,39423,County Championship Division Two 2026,4,38,Middlesex Men,41,Kent Men,8715482,2026-08-22T15:51:54Z,1,49,False,,,,154,Matt Milnes,3829,Luke Hollman,78,Sam Robson,Left,0,0,0,0,,HalfVolley,DownLeg,,PlayAndMissLegSide,FrontFoot,Flick,InSwinger,Round,FastSeam,Right,Null,NotReferred,Null,False,False,False,False,False,True,,False,False,False,False,False,False,0,0,0,0,0,False,False,,,Wicketkeeper
1631772,9,3.56,0,0,0,32,0,0,76122,,39423,County Championship Division Two 2026,4,38,Middlesex Men,41,Kent Men,8715493,2026-08-22T15:52:31Z,2,50,False,,,,154,Matt Milnes,3829,Luke Hollman,78,Sam Robson,Left,0,0,0,0,,LengthBall,OutsideOff,,Missed,FrontFoot,ForwardDefensive,InSwinger,Round,FastSeam,Right,Null,NotReferred,Null,False,False,False,False,False,True,,False,False,False,False,False,False,0,0,0,0,0,False,False,,,Wicketkeeper
1631772,9,3.56,0,0,0,32,0,0,76122,,39423,County Championship Division Two 2026,4,38,Middlesex Men,41,Kent Men,8715502,2026-08-22T15:53:11Z,3,51,False,,,,154,Matt Milnes,3829,Luke Hollman,78,Sam Robson,Left,0,0,0,0,,LengthBall,OutsideOff,,None,FrontFoot,ForwardDefensive,InSwinger,Round,FastSeam,Right,Null,NotReferred,Null,False,False,False,False,False,True,,False,False,False,False,False,False,0,0,0,0,0,False,False,315.0,50.0,Bowler
1631772,9,3.56,0,0,0,32,0,0,76122,,39423,County Championship Division Two 2026,4,38,Middlesex Men,41,Kent Men,8715508,2026-08-22T15:53:47Z,4,52,False,,,,154,Matt Milnes,3829,Luke Hollman,78,Sam Robson,Left,0,0,0,0,,LengthBall,OutsideOff,,Missed,BackFoot,BackwardDefensive,SeamAway,Round,FastSeam,Right,Null,NotReferred,Null,False,False,False,False,False,True,,False,False,False,False,False,False,0,0,0,0,0,False,False,,,Wicketkeeper
1631772,9,3.56,0,0,0,32,0,0,76122,,39423,County Championship Division Two 2026,4,38,Middlesex Men,41,Kent Men,8715521,2026-08-22T15:54:29Z,5,53,False,,,,154,Matt Milnes,3829,Luke Hollman,78,Sam Robson,Left,0,0,0,0,,LengthBall,OutsideOff,,None,FrontFoot,ForwardDefensive,InSwinger,Round,FastSeam,Right,Null,NotReferred,Null,False,False,False,False,False,True,,False,False,False,False,False,False,0,0,0,0,0,False,False,329.0,46.0,Extra Cover
1631772,9,3.56,0,0,0,32,0,0,76122,,39423,County Championship Division Two 2026,4,38,Middlesex Men,41,Kent Men,8715532,2026-08-22T15:55:08Z,6,54,False,,,,154,Matt Milnes,3829,Luke Hollman,78,Sam Robson,Left,0,0,0,0,,LengthBall,OutsideOff,,None,FrontFoot,ForwardDefensive,InSwinger,Round,FastSeam,Right,Null,NotReferred,Null,False,False,False,False,False,True,,False,False,False,False,False,False,0,0,0,0,0,False,False,271.0,37.0,Bowler
1631782,10,3.6,4,0,0,36,0,4,76122,,39423,County Championship Division Two 2026,4,38,Middlesex Men,41,Kent Men,8715542,2026-08-22T15:56:13Z,1,55,False,,,,527,Matt Quinn,78,Sam Robson,3829,Luke Hollman,Right,0,0,0,0,,LengthBall,OutsideOff,,None,BackFoot,BackwardDefensive,NoMovement,Over,Medium,Right,Null,NotReferred,Null,False,False,False,False,False,True,,False,False,False,False,False,False,0,0,0,0,0,False,False,273.0,41.0,Bowler
1631782,10,3.6,4,0,0,36,0,4,76122,,39423,County Championship Division Two 2026,4,38,Middlesex Men,41,Kent Men,8715549,2026-08-22T15:56:45Z,2,56,False,,,,527,Matt Quinn,78,Sam Robson,3829,Luke Hollman,Right,0,0,0,0,,LengthBall,OutsideOff,,Left,NoMovement,Leave,NoMovement,Over,Medium,Right,Null,NotReferred,Null,False,False,False,False,False,True,,False,False,False,False,False,False,0,0,0,0,0,False,False,,,Wicketkeeper
1631782,10,3.6,4,0,0,36,0,4,76122,,39423,County Championship Division Two 2026,4,38,Middlesex Men,41,Kent Men,8715559,2026-08-22T15:57:24Z,3,57,False,,,,527,Matt Quinn,78,Sam Robson,3829,Luke Hollman,Right,0,0,0,0,,HalfVolley,OffStump,,WellTimed,FrontFoot,Flick,NoMovement,Over,Medium,Right,Null,NotReferred,Null,False,False,False,False,False,True,,False,False,False,False,False,False,0,0,0,0,0,False,False,333.0,76.0,Square Leg
1631782,10,3.6,4,0,0,36,0,4,76122,,39423,County Championship Division Two 2026,4,38,Middlesex Men,41,Kent Men,8715568,2026-08-22T15:57:58Z,4,58,False,,,,527,Matt Quinn,78,Sam Robson,3829,Luke Hollman,Right,0,0,0,0,,LengthBall,OutsideOff,,None,FrontFoot,ForwardDefensive,NoMovement,Over,Medium,Right,Null,NotReferred,Null,False,False,False,False,False,True,,False,False,False,False,False,False,0,0,0,0,0,False,False,233.0,57.0,Extra Cover
1631782,10,3.6,4,0,0,36,0,4,76122,,39423,County Championship Division Two 2026,4,38,Middlesex Men,41,Kent Men,8715578,2026-08-22T15:58:34Z,5,59,False,,,,527,Matt Quinn,78,Sam Robson,3829,Luke Hollman,Right,0,0,0,0,,LengthBall,OutsideOff,,None,FrontFoot,ForwardDefensive,NoMovement,Over,Medium,Right,Null,NotReferred,Null,False,False,False,False,False,True,,False,False,False,False,False,False,0,0,0,0,0,False,False,237.0,47.0,Extra Cover
1631782,10,3.6,4,0,0,36,0,4,76122,,39423,County Championship Division Two 2026,4,38,Middlesex Men,41,Kent Men,8715587,2026-08-22T15:59:10Z,6,60,False,,,,527,Matt Quinn,78,Sam Robson,3829,Luke Hollman,Right,4,0,4,4,,LengthBall,OffStump,,WellTimed,BackFoot,Worked,NoMovement,Over,Medium,Right,Null,NotReferred,Null,False,False,False,False,False,True,,False,False,False,False,False,False,4,0,0,0,0,True,False,350.0,172.0,
1631791,11,3.91,7,0,0,43,0,7,76122,,39423,County Championship Division Two 2026,4,38,Middlesex Men,41,Kent Men,8715597,2026-08-22T16:00:13Z,1,61,False,,,,154,Matt Milnes,3829,Luke Hollman,78,Sam Robson,Left,0,0,0,0,,LengthBall,OffStump,,None,FrontFoot,Pushed,InSwinger,Round,FastSeam,Right,Null,NotReferred,Null,False,False,False,False,False,True,,False,False,False,False,False,False,0,0,0,0,0,False,False,218.0,57.0,Mid Wicket
1631791,11,3.91,7,0,0,43,0,7,76122,,39423,County Championship Division Two 2026,4,38,Middlesex Men,41,Kent Men,8715605,2026-08-22T16:00:50Z,2,62,False,,,,154,Matt Milnes,3829,Luke Hollman,78,Sam Robson,Left,1,0,1,1,,LengthBall,OutsideOff,,InsideEdge,BackFoot,Pushed,InSwinger,Round,FastSeam,Right,Null,NotReferred,Null,False,False,False,False,False,True,,False,False,False,False,False,False,1,0,0,0,0,False,False,134.0,114.0,Fine Leg
1631791,11,3.91,7,0,0,43,0,7,76122,,39423,County Championship Division Two 2026,4,38,Middlesex Men,41,Kent Men,8715617,2026-08-22T16:01:41Z,3,63,False,,,,154,Matt Milnes,78,Sam Robson,3829,Luke Hollman,Right,2,0,2,2,,BackOfALength,OffStump,,WellTimed,BackFoot,Worked,InSwinger,Over,FastSeam,Right,Null,NotReferred,Null,False,False,False,False,False,True,,False,False,False,False,False,False,2,0,0,0,0,False,False,40.0,130.0,Fine Leg
1631791,11,3.91,7,0,0,43,0,7,76122,,39423,County Championship Division Two 2026,4,38,Middlesex Men,41,Kent Men,8715626,2026-08-22T16:02:30Z,4,64,False,,,,154,Matt Milnes,78,Sam Robson,3829,Luke Hollman,Right,4,0,4,4,,Short,OutsideOff,,Middled,BackFoot,Cut,NoMovement,Over,FastSeam,Right,Null,NotReferred,Null,False,False,False,False,False,True,,False,False,False,False,False,False,4,0,0,0,0,True,False,192.0,172.0,
1631791,11,3.91,7,0,0,43,0,7,76122,,39423,County Championship Division Two 2026,4,38,Middlesex Men,41,Kent Men,8715635,2026-08-22T16:03:08Z,5,65,False,,,,154,Matt Milnes,78,Sam Robson,3829,Luke Hollman,Right,0,0,0,0,,LengthBall,OutsideOff,,BottomEdge,BackFoot,BackwardDefensive,SeamIn,Over,FastSeam,Right,Null,NotReferred,Null,False,False,False,False,False,True,,False,False,False,False,False,False,0,0,0,0,0,False,False,124.0,19.0,Gully
1631791,11,3.91,7,0,0,43,0,7,76122,,39423,County Championship Division Two 2026,4,38,Middlesex Men,41,Kent Men,8715643,2026-08-22T16:03:52Z,6,66,False,,,,154,Matt Milnes,78,Sam Robson,3829,Luke Hollman,Right,0,0,0,0,,LengthBall,OffStump,,HitPad,FrontFoot,ForwardDefensive,InSwinger,Over,FastSeam,Right,Null,NotReferred,Null,False,False,False,False,False,True,,False,False,False,False,False,False,0,0,0,0,0,False,False,159.0,34.0,Backward Point
1631802,12,3.67,1,0,0,44,0,1,76122,,39423,County Championship Division Two 2026,4,38,Middlesex Men,41,Kent Men,8715655,2026-08-22T16:05:12Z,1,67,False,,,,13941,Ekansh Singh,3829,Luke Hollman,78,Sam Robson,Left,0,0,0,0,,LengthBall,LegStump,,ShouldersArms,NoMovement,ShouldersArms,NoMovement,Round,Medium,Right,Null,NotReferred,Null,False,False,False,False,False,True,,False,False,False,False,False,False,0,0,0,0,0,False,False,,,Wicketkeeper
1631802,12,3.67,1,0,0,44,0,1,76122,,39423,County Championship Division Two 2026,4,38,Middlesex Men,41,Kent Men,8715663,2026-08-22T16:05:46Z,2,68,False,,,,13941,Ekansh Singh,3829,Luke Hollman,78,Sam Robson,Left,0,0,0,0,,LengthBall,OutsideOff,,None,FrontFoot,ForwardDefensive,NoMovement,Round,Medium,Right,Null,NotReferred,Null,False,False,False,False,False,True,,False,False,False,False,False,False,0,0,0,0,0,False,False,249.0,54.0,Mid On
1631802,12,3.67,1,0,0,44,0,1,76122,,39423,County Championship Division Two 2026,4,38,Middlesex Men,41,Kent Men,8715668,2026-08-22T16:06:19Z,3,69,False,,,,13941,Ekansh Singh,3829,Luke Hollman,78,Sam Robson,Left,0,0,0,0,,LengthBall,OutsideOff,,None,FrontFoot,ForwardDefensive,NoMovement,Round,Medium,Right,Null,NotReferred,Null,False,False,False,False,False,True,,False,False,False,False,False,False,0,0,0,0,0,False,False,242.0,48.0,Mid On
1631802,12,3.67,1,0,0,44,0,1,76122,,39423,County Championship Division Two 2026,4,38,Middlesex Men,41,Kent Men,8715678,2026-08-22T16:06:51Z,4,70,False,,,,13941,Ekansh Singh,3829,Luke Hollman,78,Sam Robson,Left,0,1,1,0,,HalfVolley,MiddleStump,Lbw,HitPad,FrontFoot,Flick,NoMovement,Round,Medium,Right,Null,NotReferred,Null,False,False,False,True,False,True,1808.0,False,False,False,False,False,False,1,0,0,1,0,False,False,105.0,118.0,Fine Leg
1631802,12,3.67,1,0,0,44,0,1,76122,,39423,County Championship Division Two 2026,4,38,Middlesex Men,41,Kent Men,8715684,2026-08-22T16:07:39Z,5,71,False,,,,13941,Ekansh Singh,78,Sam Robson,3829,Luke Hollman,Right,0,0,0,0,,BackOfALength,OutsideOff,,None,BackFoot,BackwardDefensive,NoMovement,Over,Medium,Right,Null,NotReferred,Null,False,False,False,False,False,True,,False,False,False,False,False,False,0,0,0,0,0,False,False,209.0,49.0,Cover
1631802,12,3.67,1,0,0,44,0,1,76122,,39423,County Championship Division Two 2026,4,38,Middlesex Men,41,Kent Men,8715690,2026-08-22T16:08:13Z,6,72,False,,,,13941,Ekansh Singh,78,Sam Robson,3829,Luke Hollman,Right,0,0,0,0,,HalfVolley,OutsideOff,,None,FrontFoot,Drive,NoMovement,Over,Medium,Right,Null,NotReferred,Null,False,False,False,False,False,True,,False,False,False,False,False,False,0,0,0,0,0,False,False,274.0,34.0,Bowler
1631813,13,3.85,6,0,0,50,0,6,76122,,39423,County Championship Division Two 2026,4,38,Middlesex Men,41,Kent Men,8715712,2026-08-22T16:09:38Z,1,73,False,,,,3730,Keith Dudgeon,3829,Luke Hollman,78,Sam Robson,Left,1,0,1,1,,LengthBall,LegStump,,WellTimed,BackFoot,Worked,NoMovement,Over,FastSeam,Right,Null,NotReferred,Null,False,False,False,False,False,True,,False,False,False,False,False,False,1,0,0,0,0,False,False,153.0,126.0,Deep Backward Square Leg
1631813,13,3.85,6,0,0,50,0,6,76122,,39423,County Championship Division Two 2026,4,38,Middlesex Men,41,Kent Men,8715720,2026-08-22T16:10:20Z,2,74,False,,,,3730,Keith Dudgeon,78,Sam Robson,3829,Luke Hollman,Right,0,0,0,0,,Short,OutsideOff,,Middled,BackFoot,Drive,NoMovement,Over,FastSeam,Right,Null,NotReferred,Null,False,False,False,False,False,True,,False,False,False,False,False,False,0,0,0,0,0,False,False,209.0,61.0,Cover
1631813,13,3.85,6,0,0,50,0,6,76122,,39423,County Championship Division Two 2026,4,38,Middlesex Men,41,Kent Men,8715725,2026-08-22T16:10:54Z,3,75,False,,,,3730,Keith Dudgeon,78,Sam Robson,3829,Luke Hollman,Right,0,0,0,0,,HalfVolley,OutsideOff,,Left,NoMovement,Leave,NoMovement,Over,FastSeam,Right,Null,NotReferred,Null,False,False,False,False,False,True,,False,False,False,False,False,False,0,0,0,0,0,False,False,,,Wicketkeeper
1631813,13,3.85,6,0,0,50,0,6,76122,,39423,County Championship Division Two 2026,4,38,Middlesex Men,41,Kent Men,8715731,2026-08-22T16:11:29Z,4,76,False,,,,3730,Keith Dudgeon,78,Sam Robson,3829,Luke Hollman,Right,1,0,1,1,,HalfVolley,OffStump,,None,FrontFoot,Worked,NoMovement,Over,FastSeam,Right,Null,NotReferred,Null,False,False,False,False,False,True,,False,False,False,False,False,False,1,0,0,0,0,False,False,295.0,69.0,Mid On
1631813,13,3.85,6,0,0,50,0,6,76122,,39423,County Championship Division Two 2026,4,38,Middlesex Men,41,Kent Men,8715738,2026-08-22T16:12:08Z,5,77,False,,,,3730,Keith Dudgeon,3829,Luke Hollman,78,Sam Robson,Left,4,0,4,4,,LengthBall,DownLeg,,None,FrontFoot,Flick,NoMovement,Over,FastSeam,Right,Null,NotReferred,Null,False,False,False,False,False,True,,False,False,False,False,False,False,4,0,0,0,0,True,False,105.0,160.0,
1631813,13,3.85,6,0,0,50,0,6,76122,,39423,County Championship Division Two 2026,4,38,Middlesex Men,41,Kent Men,8715747,2026-08-22T16:12:54Z,6,78,False,,,,3730,Keith Dudgeon,3829,Luke Hollman,78,Sam Robson,Left,0,0,0,0,,LengthBall,OffStump,,None,FrontFoot,ForwardDefensive,NoMovement,Over,FastSeam,Right,Null,NotReferred,Null,False,False,False,False,False,True,,False,False,False,False,False,False,0,0,0,0,0,False,False,326.0,60.0,Extra Cover
1631820,14,4.0,6,0,0,56,0,6,76122,,39423,County Championship Division Two 2026,4,38,Middlesex Men,41,Kent Men,8715759,2026-08-22T16:13:51Z,1,79,False,,,,13941,Ekansh Singh,78,Sam Robson,3829,Luke Hollman,Right,0,0,0,0,,LengthBall,OutsideOff,,BottomEdge,BackFoot,Drive,NoMovement,Over,Medium,Right,Null,NotReferred,Null,False,False,False,False,False,True,,False,False,False,False,False,False,0,0,0,0,0,False,False,234.0,32.0,Bowler
1631820,14,4.0,6,0,0,56,0,6,76122,,39423,County Championship Division Two 2026,4,38,Middlesex Men,41,Kent Men,8715767,2026-08-22T16:14:23Z,2,80,False,,,,13941,Ekansh Singh,78,Sam Robson,3829,Luke Hollman,Right,0,0,0,0,,LengthBall,OutsideOff,,Spliced,FrontFoot,Pushed,NoMovement,Over,Medium,Right,Null,NotReferred,Null,False,False,False,False,False,True,,False,False,False,False,False,False,0,0,0,0,0,False,False,205.0,55.0,Cover
1631820,14,4.0,6,0,0,56,0,6,76122,,39423,County Championship Division Two 2026,4,38,Middlesex Men,41,Kent Men,8715780,2026-08-22T16:14:58Z,3,81,False,,,,13941,Ekansh Singh,78,Sam Robson,3829,Luke Hollman,Right,4,0,4,4,,LengthBall,OutsideOff,,Middled,BackFoot,Pull,NoMovement,Over,Medium,Right,Null,NotReferred,Null,False,False,False,False,False,True,,False,False,False,False,False,False,4,0,0,0,0,True,False,298.0,179.0,Mid On
1631820,14,4.0,6,0,0,56,0,6,76122,,39423,County Championship Division Two 2026,4,38,Middlesex Men,41,Kent Men,8715789,2026-08-22T16:15:42Z,4,82,False,,,,13941,Ekansh Singh,78,Sam Robson,3829,Luke Hollman,Right,0,0,0,0,,LengthBall,OutsideOff,,Left,NoMovement,Leave,NoMovement,Over,Medium,Right,Null,NotReferred,Null,False,False,False,False,False,True,,False,False,False,False,False,False,0,0,0,0,0,False,False,,,Wicketkeeper
1631820,14,4.0,6,0,0,56,0,6,76122,,39423,County Championship Division Two 2026,4,38,Middlesex Men,41,Kent Men,8715800,2026-08-22T16:16:17Z,5,83,False,,,,13941,Ekansh Singh,78,Sam Robson,3829,Luke Hollman,Right,2,2,2,0,,LengthBall,OutsideOff,,InsideEdge,BackFoot,Pushed,NoMovement,Over,Medium,Right,Null,NotReferred,1,False,True,False,False,False,True,,False,False,False,False,False,False,2,0,0,0,2,False,False,206.0,32.0,Cover
1631820,14,4.0,6,0,0,56,0,6,76122,,39423,County Championship Division Two 2026,4,38,Middlesex Men,41,Kent Men,8715803,2026-08-22T16:16:52Z,5,84,False,,,,13941,Ekansh Singh,78,Sam Robson,3829,Luke Hollman,Right,0,0,0,0,,LengthBall,OutsideOff,,Left,NoMovement,Leave,NoMovement,Over,Medium,Right,Null,NotReferred,Null,False,False,False,False,False,True,,False,False,False,False,False,False,0,0,0,0,0,False,False,,,Wicketkeeper
1631820,14,4.0,6,0,0,56,0,6,76122,,39423,County Championship Division Two 2026,4,38,Middlesex Men,41,Kent Men,8715810,2026-08-22T16:17:26Z,6,85,False,,,,13941,Ekansh Singh,78,Sam Robson,3829,Luke Hollman,Right,0,0,0,0,,LengthBall,OutsideOff,,Left,NoMovement,Leave,AwaySwinger,Over,Medium,Right,Null,NotReferred,Null,False,False,False,False,False,True,,False,False,False,False,False,False,0,0,0,0,0,False,False,,,Wicketkeeper
1631831,15,3.8,1,0,0,57,0,1,76122,,39423,County Championship Division Two 2026,4,38,Middlesex Men,41,Kent Men,8715821,2026-08-22T16:18:25Z,1,86,False,,,,3730,Keith Dudgeon,3829,Luke Hollman,78,Sam Robson,Left,0,0,0,0,,LengthBall,LegStump,,None,BackFoot,Worked,NoMovement,Over,FastSeam,Right,Null,NotReferred,Null,False,False,False,False,False,True,,False,False,False,False,False,False,0,0,0,0,0,False,False,204.0,55.0,Square Leg
1631831,15,3.8,1,0,0,57,0,1,76122,,39423,County Championship Division Two 2026,4,38,Middlesex Men,41,Kent Men,8715829,2026-08-22T16:18:59Z,2,87,False,,,,3730,Keith Dudgeon,3829,Luke Hollman,78,Sam Robson,Left,0,0,0,0,,HalfVolley,OutsideOff,,Missed,FrontFoot,Drive,NoMovement,Over,FastSeam,Right,Null,NotReferred,Null,False,False,False,False,False,True,,False,False,False,False,False,False,0,0,0,0,0,False,False,,,Wicketkeeper
1631831,15,3.8,1,0,0,57,0,1,76122,,39423,County Championship Division Two 2026,4,38,Middlesex Men,41,Kent Men,8715838,2026-08-22T16:19:39Z,3,88,False,,,,3730,Keith Dudgeon,3829,Luke Hollman,78,Sam Robson,Left,0,0,0,0,,LengthBall,OffStump,,Missed,FrontFoot,ForwardDefensive,SeamAway,Over,FastSeam,Right,Null,NotReferred,Null,False,False,False,False,False,True,,False,False,False,False,False,False,0,0,0,0,0,False,False,,,Wicketkeeper
1631831,15,3.8,1,0,0,57,0,1,76122,,39423,County Championship Division Two 2026,4,38,Middlesex Men,41,Kent Men,8715853,2026-08-22T16:20:15Z,4,89,False,,,,3730,Keith Dudgeon,3829,Luke Hollman,78,Sam Robson,Left,1,0,1,1,,LengthBall,OffStump,,None,FrontFoot,Steer,NoMovement,Over,FastSeam,Right,Null,NotReferred,Null,False,False,False,False,False,True,,False,False,False,False,False,False,1,0,0,0,0,False,False,35.0,117.0,Third Man
1631831,15,3.8,1,0,0,57,0,1,76122,,39423,County Championship Division Two 2026,4,38,Middlesex Men,41,Kent Men,8715860,2026-08-22T16:20:53Z,5,90,False,,,,3730,Keith Dudgeon,78,Sam Robson,3829,Luke Hollman,Right,0,0,0,0,,LengthBall,OutsideOff,,Left,NoMovement,Leave,SeamAway,Over,FastSeam,Right,Null,NotReferred,Null,False,False,False,False,False,True,,False,False,False,False,False,False,0,0,0,0,0,False,False,,,Wicketkeeper
1631831,15,3.8,1,0,0,57,0,1,76122,,39423,County Championship Division Two 2026,4,38,Middlesex Men,41,Kent Men,8715868,2026-08-22T16:21:35Z,6,91,False,,,,3730,Keith Dudgeon,78,Sam Robson,3829,Luke Hollman,Right,0,0,0,0,,LengthBall,OutsideOff,,None,BackFoot,BackwardDefensive,SeamIn,Over,FastSeam,Right,Null,NotReferred,Null,False,False,False,False,False,True,,False,False,False,False,False,False,0,0,0,0,0,False,False,271.0,35.0,Bowler
1631841,16,3.62,1,0,0,58,0,1,76122,,39423,County Championship Division Two 2026,4,38,Middlesex Men,41,Kent Men,8715881,2026-08-22T16:22:36Z,1,92,False,,,,13941,Ekansh Singh,3829,Luke Hollman,78,Sam Robson,Left,0,0,0,0,,HalfVolley,OutsideOff,,WellTimed,FrontFoot,Pushed,NoMovement,Round,Medium,Right,Null,NotReferred,Null,False,False,False,False,False,True,,False,False,False,False,False,False,0,0,0,0,0,False,False,290.0,81.0,Mid Off
1631841,16,3.62,1,0,0,58,0,1,76122,,39423,County Championship Division Two 2026,4,38,Middlesex Men,41,Kent Men,8715896,2026-08-22T16:23:15Z,2,93,False,,,,13941,Ekansh Singh,3829,Luke Hollman,78,Sam Robson,Left,0,0,0,0,,LengthBall,MiddleStump,,None,BackFoot,Steer,NoMovement,Over,Medium,Right,Null,NotReferred,Null,False,False,False,False,False,True,,False,False,False,False,False,False,0,0,0,0,0,False,False,45.0,20.0,Gully
1631841,16,3.62,1,0,0,58,0,1,76122,,39423,County Championship Division Two 2026,4,38,Middlesex Men,41,Kent Men,8715898,2026-08-22T16:23:47Z,3,94,False,,,,13941,Ekansh Singh,3829,Luke Hollman,78,Sam Robson,Left,0,0,0,0,,LengthBall,OffStump,,Left,NoMovement,Leave,NoMovement,Over,Medium,Right,Null,NotReferred,Null,False,False,False,False,False,True,,False,False,False,False,False,False,0,0,0,0,0,False,False,,,Wicketkeeper
1631841,16,3.62,1,0,0,58,0,1,76122,,39423,County Championship Division Two 2026,4,38,Middlesex Men,41,Kent Men,8715905,2026-08-22T16:24:22Z,4,95,False,,,,13941,Ekansh Singh,3829,Luke Hollman,78,Sam Robson,Left,0,0,0,0,,Short,MiddleStump,,Left,NoMovement,Leave,NoMovement,Over,Medium,Right,Null,NotReferred,Null,False,False,False,False,False,True,,False,False,False,False,False,False,0,0,0,0,0,False,False,,,Wicketkeeper
1631841,16,3.62,1,0,0,58,0,1,76122,,39423,County Championship Division Two 2026,4,38,Middlesex Men,41,Kent Men,8715921,2026-08-22T16:24:56Z,5,96,False,,,,13941,Ekansh Singh,3829,Luke Hollman,78,Sam Robson,Left,1,0,1,1,,LengthBall,MiddleStump,,None,BackFoot,Dropped,NoMovement,Over,Medium,Right,Null,NotReferred,Null,False,False,False,False,False,True,,False,False,False,False,False,False,1,0,0,0,0,False,False,340.0,44.0,Cover
1631841,16,3.62,1,0,0,58,0,1,76122,,39423,County Championship Division Two 2026,4,38,Middlesex Men,41,Kent Men,8715926,2026-08-22T16:25:38Z,6,97,False,,,,13941,Ekansh Singh,78,Sam Robson,3829,Luke Hollman,Right,0,0,0,0,,LengthBall,OutsideOff,,Spliced,FrontFoot,ForwardDefensive,SeamIn,Over,Medium,Right,Null,NotReferred,Null,False,False,False,False,False,True,,False,False,False,False,False,False,0,0,0,0,0,False,False,225.0,43.0,Extra Cover
1631850,17,4.0,10,0,0,68,0,10,76122,,39423,County Championship Division Two 2026,4,38,Middlesex Men,41,Kent Men,8715932,2026-08-22T16:26:26Z,1,98,False,,,,3730,Keith Dudgeon,3829,Luke Hollman,78,Sam Robson,Left,0,0,0,0,,LengthBall,LegStump,,Gloved,BackFoot,BackwardDefensive,SeamAway,Over,FastSeam,Right,Null,NotReferred,Null,False,False,False,False,False,True,,False,False,False,False,False,False,0,0,0,0,0,False,False,217.0,43.0,Mid Wicket
1631850,17,4.0,10,0,0,68,0,10,76122,,39423,County Championship Division Two 2026,4,38,Middlesex Men,41,Kent Men,8715937,2026-08-22T16:26:58Z,2,99,False,,,,3730,Keith Dudgeon,3829,Luke Hollman,78,Sam Robson,Left,4,0,4,4,,Yorker,OffStump,,None,FrontFoot,Steer,NoMovement,Over,FastSeam,Right,Null,NotReferred,Null,False,False,False,False,False,True,,False,False,False,False,False,False,4,0,0,0,0,True,False,71.0,161.0,
1631850,17,4.0,10,0,0,68,0,10,76122,,39423,County Championship Division Two 2026,4,38,Middlesex Men,41,Kent Men,8715941,2026-08-22T16:27:38Z,3,100,False,,,,3730,Keith Dudgeon,3829,Luke Hollman,78,Sam Robson,Left,0,0,0,0,,LengthBall,MiddleStump,,None,FrontFoot,ForwardDefensive,NoMovement,Over,FastSeam,Right,Null,NotReferred,Null,False,False,False,False,False,True,,False,False,False,False,False,False,0,0,0,0,0,False,False,339.0,63.0,Cover
1631850,17,4.0,10,0,0,68,0,10,76122,,39423,County Championship Division Two 2026,4,38,Middlesex Men,41,Kent Men,8715949,2026-08-22T16:28:13Z,4,101,False,,,,3730,Keith Dudgeon,3829,Luke Hollman,78,Sam Robson,Left,1,0,1,1,,HalfVolley,OutsideOff,,WellTimed,FrontFoot,Drive,NoMovement,Over,FastSeam,Right,Null,NotReferred,Null,False,False,False,False,False,True,,False,False,False,False,False,False,1,0,0,0,0,False,False,12.0,122.0,Deep Backward Point
1631850,17,4.0,10,0,0,68,0,10,76122,,39423,County Championship Division Two 2026,4,38,Middlesex Men,41,Kent Men,8715957,2026-08-22T16:28:50Z,5,102,False,,,,3730,Keith Dudgeon,78,Sam Robson,3829,Luke Hollman,Right,4,0,4,4,,Short,OutsideOff,,Middled,BackFoot,Pull,NoMovement,Over,FastSeam,Right,Null,NotReferred,Null,False,False,False,False,False,True,,False,False,False,False,False,False,4,0,0,0,0,True,False,348.0,172.0,
1631850,17,4.0,10,0,0,68,0,10,76122,,39423,County Championship Division Two 2026,4,38,Middlesex Men,41,Kent Men,8715973,2026-08-22T16:29:37Z,6,103,False,,,,3730,Keith Dudgeon,78,Sam Robson,3829,Luke Hollman,Right,1,0,1,1,,Short,OutsideOff,,None,BackFoot,Dropped,NoMovement,Over,FastSeam,Right,Null,NotReferred,Null,False,False,False,False,False,True,,False,False,False,False,False,False,1,0,0,0,0,False,False,323.0,50.0,Mid Wicket
1631860,18,3.78,0,1,0,68,1,0,76122,,39423,County Championship Division Two 2026,4,38,Middlesex Men,41,Kent Men,8715986,2026-08-22T16:30:25Z,1,104,False,,,,13941,Ekansh Singh,78,Sam Robson,3829,Luke Hollman,Right,0,0,0,0,,BackOfALength,OutsideOff,,None,BackFoot,BackwardDefensive,NoMovement,Over,Medium,Right,Null,NotReferred,Null,False,False,False,False,False,True,,False,False,False,False,False,False,0,0,0,0,0,False,False,234.0,49.0,Extra Cover
1631860,18,3.78,0,1,0,68,1,0,76122,,39423,County Championship Division Two 2026,4,38,Middlesex Men,41,Kent Men,8715997,2026-08-22T16:30:59Z,2,105,True,Caught,78.0,Sam Robson,13941,Ekansh Singh,78,Sam Robson,3829,Luke Hollman,Right,0,0,0,0,Caught,BackOfALength,OutsideOff,Caught,Gloved,BackFoot,Fended,SeamAway,Over,Medium,Right,Null,NotReferred,Null,False,False,False,False,False,True,1808.0,False,False,False,False,False,False,0,0,0,0,0,False,False,91.0,26.0,Wicketkeeper
1631860,18,3.78,0,1,0,68,1,0,76122,,39423,County Championship Division Two 2026,4,38,Middlesex Men,41,Kent Men,8716018,2026-08-22T16:32:56Z,3,106,False,,,,13941,Ekansh Singh,83,Max Holden,3829,Luke Hollman,Left,0,0,0,0,,LengthBall,OutsideOff,,Left,NoMovement,Leave,SeamIn,Round,Medium,Right,Null,NotReferred,Null,False,False,False,False,False,True,,False,False,False,False,False,False,0,0,0,0,0,False,False,,,Wicketkeeper
1631860,18,3.78,0,1,0,68,1,0,76122,,39423,County Championship Division Two 2026,4,38,Middlesex Men,41,Kent Men,8716024,2026-08-22T16:33:32Z,4,107,False,,,,13941,Ekansh Singh,83,Max Holden,3829,Luke Hollman,Left,0,0,0,0,,LengthBall,Wide,,Left,NoMovement,Leave,NoMovement,Round,Medium,Right,Null,NotReferred,Null,False,False,False,False,False,True,,False,False,False,False,False,False,0,0,0,0,0,False,False,,,Wicketkeeper
1631860,18,3.78,0,1,0,68,1,0,76122,,39423,County Championship Division Two 2026,4,38,Middlesex Men,41,Kent Men,8716030,2026-08-22T16:34:07Z,5,108,False,,,,13941,Ekansh Singh,83,Max Holden,3829,Luke Hollman,Left,0,0,0,0,,HalfVolley,OffStump,,None,FrontFoot,Worked,NoMovement,Round,Medium,Right,Null,NotReferred,Null,False,False,False,False,False,True,,False,False,False,False,False,False,0,0,0,0,0,False,False,206.0,59.0,Square Leg
1631860,18,3.78,0,1,0,68,1,0,76122,,39423,County Championship Division Two 2026,4,38,Middlesex Men,41,Kent Men,8716036,2026-08-22T16:34:40Z,6,109,False,,,,13941,Ekansh Singh,83,Max Holden,3829,Luke Hollman,Left,0,0,0,0,,LengthBall,OutsideOff,,ShouldersArms,NoMovement,ShouldersArms,NoMovement,Round,Medium,Right,Null,NotReferred,Null,False,False,False,False,False,True,,False,False,False,False,False,False,0,0,0,0,0,False,False,,,Wicketkeeper
1631871,19,3.79,4,0,0,72,1,4,76122,,39423,County Championship Division Two 2026,4,38,Middlesex Men,41,Kent Men,8716054,2026-08-22T16:35:52Z,1,110,False,,,,3730,Keith Dudgeon,3829,Luke Hollman,83,Max Holden,Left,0,0,0,0,,LengthBall,OffStump,,MisTimed,FrontFoot,Flick,NoMovement,Round,FastSeam,Right,Null,NotReferred,Null,False,False,False,False,False,True,,False,False,False,False,False,False,0,0,0,0,0,False,False,207.0,57.0,Square Leg
1631871,19,3.79,4,0,0,72,1,4,76122,,39423,County Championship Division Two 2026,4,38,Middlesex Men,41,Kent Men,8716058,2026-08-22T16:36:32Z,2,111,False,,,,3730,Keith Dudgeon,3829,Luke Hollman,83,Max Holden,Left,0,0,0,0,,HalfVolley,OutsideOff,,None,FrontFoot,Drive,NoMovement,Round,FastSeam,Right,Null,NotReferred,Null,False,False,False,False,False,True,,False,False,False,False,False,False,0,0,0,0,0,False,False,12.0,74.0,Backward Point
1631871,19,3.79,4,0,0,72,1,4,76122,,39423,County Championship Division Two 2026,4,38,Middlesex Men,41,Kent Men,8716066,2026-08-22T16:37:13Z,3,112,False,,,,3730,Keith Dudgeon,3829,Luke Hollman,83,Max Holden,Left,0,0,0,0,,LengthBall,OutsideOff,,None,BackFoot,Dropped,NoMovement,Round,FastSeam,Right,Null,NotReferred,Null,False,False,False,False,False,True,,False,False,False,False,False,False,0,0,0,0,0,False,False,342.0,47.0,Cover
1631871,19,3.79,4,0,0,72,1,4,76122,,39423,County Championship Division Two 2026,4,38,Middlesex Men,41,Kent Men,8716072,2026-08-22T16:37:47Z,4,113,False,,,,3730,Keith Dudgeon,3829,Luke Hollman,83,Max Holden,Left,0,0,0,0,,LengthBall,OutsideOff,,None,BackFoot,Dropped,NoMovement,Round,FastSeam,Right,Null,NotReferred,Null,False,False,False,False,False,True,,False,False,False,False,False,False,0,0,0,0,0,False,False,10.0,51.0,Backward Point
1631871,19,3.79,4,0,0,72,1,4,76122,,39423,County Championship Division Two 2026,4,38,Middlesex Men,41,Kent Men,8716083,2026-08-22T16:38:23Z,5,114,False,,,,3730,Keith Dudgeon,3829,Luke Hollman,83,Max Holden,Left,3,0,3,3,,HalfVolley,OutsideOff,,WellTimed,FrontFoot,Drive,NoMovement,Round,FastSeam,Right,Null,NotReferred,Null,False,False,False,False,False,True,,False,False,False,False,False,False,3,0,0,0,0,False,False,349.0,152.0,Deep Cover
1631871,19,3.79,4,0,0,72,1,4,76122,,39423,County Championship Division Two 2026,4,38,Middlesex Men,41,Kent Men,8716102,2026-08-22T16:39:20Z,6,115,False,,,,3730,Keith Dudgeon,83,Max Holden,3829,Luke Hollman,Left,0,1,1,0,,LengthBall,OffStump,,HitPad,DownTheTrack,Worked,NoMovement,Round,FastSeam,Right,Null,NotReferred,Null,False,False,False,True,False,True,,False,False,False,False,False,False,1,0,0,1,0,False,False,130.0,108.0,Fine Leg
1631882,20,3.85,5,0,0,77,1,5,76122,,39423,County Championship Division Two 2026,4,38,Middlesex Men,41,Kent Men,8716113,2026-08-22T16:40:10Z,1,116,False,,,,13941,Ekansh Singh,83,Max Holden,3829,Luke Hollman,Left,0,4,4,0,,LengthBall,LegStump,,PlayAndMissLegSide,BackFoot,Glance,NoMovement,Round,Medium,Right,Null,NotReferred,Null,False,False,True,False,False,True,,False,False,False,False,False,False,4,4,0,0,0,False,False,,,
1631882,20,3.85,5,0,0,77,1,5,76122,,39423,County Championship Division Two 2026,4,38,Middlesex Men,41,Kent Men,8716124,2026-08-22T16:40:46Z,2,117,False,,,,13941,Ekansh Singh,83,Max Holden,3829,Luke Hollman,Left,1,0,1,1,,LengthBall,OutsideOff,,None,FrontFoot,Pushed,NoMovement,Round,Medium,Right,Null,NotReferred,Null,False,False,False,False,False,True,,False,False,False,False,False,False,1,0,0,0,0,False,False,256.0,68.0,Mid On
1631882,20,3.85,5,0,0,77,1,5,76122,,39423,County Championship Division Two 2026,4,38,Middlesex Men,41,Kent Men,8716129,2026-08-22T16:41:38Z,3,118,False,,,,13941,Ekansh Singh,3829,Luke Hollman,83,Max Holden,Left,0,0,0,0,,Short,OutsideOff,,Left,Ducked,Leave,NoMovement,Round,Medium,Right,Null,NotReferred,Null,False,False,False,False,False,True,,False,False,False,False,False,False,0,0,0,0,0,False,False,,,Wicketkeeper
1631882,20,3.85,5,0,0,77,1,5,76122,,39423,County Championship Division Two 2026,4,38,Middlesex Men,41,Kent Men,8716136,2026-08-22T16:42:13Z,4,119,False,,,,13941,Ekansh Singh,3829,Luke Hollman,83,Max Holden,Left,0,0,0,0,,LengthBall,OutsideOff,,Missed,FrontFoot,Drive,NoMovement,Round,Medium,Right,Null,NotReferred,Null,False,False,False,False,False,True,,False,False,False,False,False,False,0,0,0,0,0,False,False,,,Wicketkeeper
1631882,20,3.85,5,0,0,77,1,5,76122,,39423,County Championship Division Two 2026,4,38,Middlesex Men,41,Kent Men,8716151,2026-08-22T16:42:53Z,5,120,False,,,,13941,Ekansh Singh,3829,Luke Hollman,83,Max Holden,Left,0,0,0,0,,HalfVolley,OutsideOff,,None,FrontFoot,ForwardDefensive,NoMovement,Round,Medium,Right,Null,NotReferred,Null,False,False,False,False,False,True,,False,False,False,False,False,False,0,0,0,0,0,False,False,284.0,79.0,Mid Off
1631882,20,3.85,5,0,0,77,1,5,76122,,39423,County Championship Division Two 2026,4,38,Middlesex Men,41,Kent Men,8716158,2026-08-22T16:43:28Z,6,121,False,,,,13941,Ekansh Singh,3829,Luke Hollman,83,Max Holden,Left,0,0,0,0,,LengthBall,OutsideOff,,None,FrontFoot,ForwardDefensive,NoMovement,Round,Medium,Right,Null,NotReferred,Null,False,False,False,False,False,True,,False,False,False,False,False,False,0,0,0,0,0,False,False,312.0,50.0,Extra Cover
1631891,21,4.19,11,0,0,88,1,11,76122,,39423,County Championship Division Two 2026,4,38,Middlesex Men,41,Kent Men,8716171,2026-08-22T16:44:23Z,1,122,False,,,,3730,Keith Dudgeon,83,Max Holden,3829,Luke Hollman,Left,0,0,0,0,,LengthBall,OutsideOff,,None,FrontFoot,ForwardDefensive,NoMovement,Round,FastSeam,Right,Null,NotReferred,Null,False,False,False,False,False,True,,False,False,False,False,False,False,0,0,0,0,0,False,False,12.0,61.0,Backward Point
1631891,21,4.19,11,0,0,88,1,11,76122,,39423,County Championship Division Two 2026,4,38,Middlesex Men,41,Kent Men,8716179,2026-08-22T16:44:55Z,2,123,False,,,,3730,Keith Dudgeon,83,Max Holden,3829,Luke Hollman,Left,4,0,4,4,,LengthBall,Wide,,WellTimed,BackFoot,LateCut,NoMovement,Round,FastSeam,Right,Null,NotReferred,Null,False,False,False,False,False,True,,False,False,False,False,False,False,4,0,0,0,0,True,False,49.0,162.0,
1631891,21,4.19,11,0,0,88,1,11,76122,,39423,County Championship Division Two 2026,4,38,Middlesex Men,41,Kent Men,8716190,2026-08-22T16:45:45Z,3,124,False,,,,3730,Keith Dudgeon,83,Max Holden,3829,Luke Hollman,Left,0,0,0,0,,HalfVolley,OutsideOff,,MisTimed,FrontFoot,Pushed,NoMovement,Round,FastSeam,Right,Null,NotReferred,Null,False,False,False,False,False,True,,False,False,False,False,False,False,0,0,0,0,0,False,False,252.0,72.0,Mid On
1631891,21,4.19,11,0,0,88,1,11,76122,,39423,County Championship Division Two 2026,4,38,Middlesex Men,41,Kent Men,8716197,2026-08-22T16:46:21Z,4,125,False,,,,3730,Keith Dudgeon,83,Max Holden,3829,Luke Hollman,Left,0,0,0,0,,HalfVolley,OutsideOff,,InsideEdge,FrontFoot,Drive,NoMovement,Round,FastSeam,Right,Null,NotReferred,Null,False,False,False,False,False,True,,False,False,False,False,False,False,0,0,0,0,0,False,False,213.0,51.0,Mid Wicket
1631891,21,4.19,11,0,0,88,1,11,76122,,39423,County Championship Division Two 2026,4,38,Middlesex Men,41,Kent Men,8716207,2026-08-22T16:46:57Z,5,126,False,,,,3730,Keith Dudgeon,83,Max Holden,3829,Luke Hollman,Left,6,2,6,4,,LengthBall,Wide,,Middled,BackFoot,Cut,NoMovement,Round,FastSeam,Right,Null,NotReferred,1,False,True,False,False,False,True,,False,False,False,False,False,False,6,0,0,0,2,True,False,35.0,164.0,
1631891,21,4.19,11,0,0,88,1,11,76122,,39423,County Championship Division Two 2026,4,38,Middlesex Men,41,Kent Men,8716217,2026-08-22T16:47:42Z,5,127,False,,,,3730,Keith Dudgeon,83,Max Holden,3829,Luke Hollman,Left,1,0,1,1,,HalfVolley,Wide,,InsideEdge,FrontFoot,Drive,NoMovement,Round,FastSeam,Right,Null,NotReferred,Null,False,False,False,False,False,True,,False,False,False,False,False,False,1,0,0,0,0,False,False,122.0,111.0,Fine Leg
1631891,21,4.19,11,0,0,88,1,11,76122,,39423,County Championship Division Two 2026,4,38,Middlesex Men,41,Kent Men,8716226,2026-08-22T16:48:24Z,6,128,False,,,,3730,Keith Dudgeon,3829,Luke Hollman,83,Max Holden,Left,0,0,0,0,,LengthBall,OutsideOff,,InsideEdge,FrontFoot,ForwardDefensive,NoMovement,Round,FastSeam,Right,Null,NotReferred,Null,False,False,False,False,False,True,,False,False,False,False,False,False,0,0,0,0,0,False,False,203.0,57.0,Square Leg
1631901,22,4.05,1,0,0,89,1,1,76122,,39423,County Championship Division Two 2026,4,38,Middlesex Men,41,Kent Men,8716240,2026-08-22T16:49:25Z,1,129,False,,,,527,Matt Quinn,83,Max Holden,3829,Luke Hollman,Left,0,0,0,0,,LengthBall,OutsideOff,,None,FrontFoot,ForwardDefensive,NoMovement,Round,Medium,Right,Null,NotReferred,Null,False,False,False,False,False,True,,False,False,False,False,False,False,0,0,0,0,0,False,False,273.0,42.0,Bowler
1631901,22,4.05,1,0,0,89,1,1,76122,,39423,County Championship Division Two 2026,4,38,Middlesex Men,41,Kent Men,8716248,2026-08-22T16:49:56Z,2,130,False,,,,527,Matt Quinn,83,Max Holden,3829,Luke Hollman,Left,1,0,1,1,,LengthBall,OffStump,,WellTimed,BackFoot,Worked,NoMovement,Round,Medium,Right,Null,NotReferred,Null,False,False,False,False,False,True,,False,False,False,False,False,False,1,0,0,0,0,False,False,137.0,122.0,Fine Leg
1631901,22,4.05,1,0,0,89,1,1,76122,,39423,County Championship Division Two 2026,4,38,Middlesex Men,41,Kent Men,8716254,2026-08-22T16:50:34Z,3,131,False,,,,527,Matt Quinn,3829,Luke Hollman,83,Max Holden,Left,0,0,0,0,,LengthBall,OutsideOff,,None,FrontFoot,ForwardDefensive,NoMovement,Round,Medium,Right,Null,NotReferred,Null,False,False,False,False,False,True,,False,False,False,False,False,False,0,0,0,0,0,False,False,240.0,56.0,Mid Wicket
1631901,22,4.05,1,0,0,89,1,1,76122,,39423,County Championship Division Two 2026,4,38,Middlesex Men,41,Kent Men,8716261,2026-08-22T16:51:08Z,4,132,False,,,,527,Matt Quinn,3829,Luke Hollman,83,Max Holden,Left,0,0,0,0,,LengthBall,OutsideOff,,ShouldersArms,NoMovement,ShouldersArms,NoMovement,Round,Medium,Right,Null,NotReferred,Null,False,False,False,False,False,True,,False,False,False,False,False,False,0,0,0,0,0,False,False,,,Wicketkeeper
1631901,22,4.05,1,0,0,89,1,1,76122,,39423,County Championship Division Two 2026,4,38,Middlesex Men,41,Kent Men,8716271,2026-08-22T16:51:42Z,5,133,False,,,,527,Matt Quinn,3829,Luke Hollman,83,Max Holden,Left,0,0,0,0,,LengthBall,OutsideOff,,None,FrontFoot,ForwardDefensive,NoMovement,Round,Medium,Right,Null,NotReferred,Null,False,False,False,False,False,True,,False,False,False,False,False,False,0,0,0,0,0,False,False,241.0,43.0,Mid On
1631901,22,4.05,1,0,0,89,1,1,76122,,39423,County Championship Division Two 2026,4,38,Middlesex Men,41,Kent Men,8716284,2026-08-22T16:52:15Z,6,134,False,,,,527,Matt Quinn,3829,Luke Hollman,83,Max Holden,Left,0,0,0,0,,LengthBall,OutsideOff,,None,FrontFoot,ForwardDefensive,NoMovement,Round,Medium,Right,Null,NotReferred,Null,False,False,False,False,False,True,,False,False,False,False,False,False,0,0,0,0,0,False,False,9.0,73.0,Backward Point
1631911,23,4.0,3,0,0,92,1,3,76122,,39423,County Championship Division Two 2026,4,38,Middlesex Men,41,Kent Men,8716297,2026-08-22T16:53:04Z,1,135,False,,,,3730,Keith Dudgeon,83,Max Holden,3829,Luke Hollman,Left,1,0,1,1,,LengthBall,OutsideOff,,None,DownTheTrack,Steer,NoMovement,Round,FastSeam,Right,Null,NotReferred,Null,False,False,False,False,False,True,,False,False,False,False,False,False,1,0,0,0,0,False,False,48.0,112.0,Third Man
1631911,23,4.0,3,0,0,92,1,3,76122,,39423,County Championship Division Two 2026,4,38,Middlesex Men,41,Kent Men,8716301,2026-08-22T16:53:44Z,2,136,False,,,,3730,Keith Dudgeon,3829,Luke Hollman,83,Max Holden,Left,0,0,0,0,,LengthBall,OutsideOff,,ShouldersArms,NoMovement,ShouldersArms,NoMovement,Round,FastSeam,Right,Null,NotReferred,Null,False,False,False,False,False,True,,False,False,False,False,False,False,0,0,0,0,0,False,False,,,Wicketkeeper
1631911,23,4.0,3,0,0,92,1,3,76122,,39423,County Championship Division Two 2026,4,38,Middlesex Men,41,Kent Men,8716310,2026-08-22T16:54:19Z,3,137,False,,,,3730,Keith Dudgeon,3829,Luke Hollman,83,Max Holden,Left,0,0,0,0,,LengthBall,OutsideOff,,None,BackFoot,BackwardDefensive,NoMovement,Round,FastSeam,Right,Null,NotReferred,Null,False,False,False,False,False,True,,False,False,False,False,False,False,0,0,0,0,0,False,False,219.0,49.0,Mid Wicket
1631911,23,4.0,3,0,0,92,1,3,76122,,39423,County Championship Division Two 2026,4,38,Middlesex Men,41,Kent Men,8716318,2026-08-22T16:54:53Z,4,138,False,,,,3730,Keith Dudgeon,3829,Luke Hollman,83,Max Holden,Left,1,0,1,1,,LengthBall,OffStump,,None,BackFoot,Worked,NoMovement,Round,FastSeam,Right,Null,NotReferred,Null,False,False,False,False,False,True,,False,False,False,False,False,False,1,0,0,0,0,False,False,162.0,92.0,Backward Square Leg
1631911,23,4.0,3,0,0,92,1,3,76122,,39423,County Championship Division Two 2026,4,38,Middlesex Men,41,Kent Men,8716325,2026-08-22T16:55:32Z,5,139,False,,,,3730,Keith Dudgeon,83,Max Holden,3829,Luke Hollman,Left,0,0,0,0,,LengthBall,OutsideOff,,None,BackFoot,BackwardDefensive,NoMovement,Round,FastSeam,Right,Null,NotReferred,Null,False,False,False,False,False,True,,False,False,False,False,False,False,0,0,0,0,0,False,False,263.0,41.0,Bowler
1631911,23,4.0,3,0,0,92,1,3,76122,,39423,County Championship Division Two 2026,4,38,Middlesex Men,41,Kent Men,8716335,2026-08-22T16:56:06Z,6,140,False,,,,3730,Keith Dudgeon,83,Max Holden,3829,Luke Hollman,Left,1,0,1,1,,LengthBall,OutsideOff,,Spliced,BackFoot,Worked,NoMovement,Round,FastSeam,Right,Null,NotReferred,Null,False,False,False,False,False,True,,False,False,False,False,False,False,1,0,0,0,0,False,False,153.0,97.0,Backward Square Leg
1631919,24,3.83,0,0,0,92,1,0,76122,,39423,County Championship Division Two 2026,4,38,Middlesex Men,41,Kent Men,8716345,2026-08-22T16:56:54Z,1,141,False,,,,527,Matt Quinn,83,Max Holden,3829,Luke Hollman,Left,0,0,0,0,,LengthBall,OutsideOff,,None,DownTheTrack,Dropped,NoMovement,Round,Medium,Right,Null,NotReferred,Null,False,False,False,False,False,True,,False,False,False,False,False,False,0,0,0,0,0,False,False,346.0,69.0,Cover
1631919,24,3.83,0,0,0,92,1,0,76122,,39423,County Championship Division Two 2026,4,38,Middlesex Men,41,Kent Men,8716353,2026-08-22T16:57:26Z,2,142,False,,,,527,Matt Quinn,83,Max Holden,3829,Luke Hollman,Left,0,0,0,0,,LengthBall,OutsideOff,,ShouldersArms,NoMovement,ShouldersArms,NoMovement,Round,Medium,Right,Null,NotReferred,Null,False,False,False,False,False,True,,False,False,False,False,False,False,0,0,0,0,0,False,False,,,Wicketkeeper
1631919,24,3.83,0,0,0,92,1,0,76122,,39423,County Championship Division Two 2026,4,38,Middlesex Men,41,Kent Men,8716362,2026-08-22T16:58:00Z,3,143,False,,,,527,Matt Quinn,83,Max Holden,3829,Luke Hollman,Left,0,0,0,0,,HalfVolley,OffStump,,None,DownTheTrack,Pushed,NoMovement,Round,Medium,Right,Null,NotReferred,Null,False,False,False,False,False,True,,False,False,False,False,False,False,0,0,0,0,0,False,False,253.0,81.0,Mid On
1631919,24,3.83,0,0,0,92,1,0,76122,,39423,County Championship Division Two 2026,4,38,Middlesex Men,41,Kent Men,8716365,2026-08-22T16:58:33Z,4,144,False,,,,527,Matt Quinn,83,Max Holden,3829,Luke Hollman,Left,0,0,0,0,,LengthBall,OutsideOff,,None,FrontFoot,ForwardDefensive,NoMovement,Round,Medium,Right,Null,NotReferred,Null,False,False,False,False,False,True,,False,False,False,False,False,False,0,0,0,0,0,False,False,317.0,56.0,Extra Cover
1631919,24,3.83,0,0,0,92,1,0,76122,,39423,County Championship Division Two 2026,4,38,Middlesex Men,41,Kent Men,8716374,2026-08-22T16:59:08Z,5,145,False,,,,527,Matt Quinn,83,Max Holden,3829,Luke Hollman,Left,0,0,0,0,,LengthBall,OffStump,,None,BackFoot,Worked,NoMovement,Round,Medium,Right,Null,NotReferred,Null,False,False,False,False,False,True,,False,False,False,False,False,False,0,0,0,0,0,False,False,219.0,49.0,Mid Wicket
1631919,24,3.83,0,0,0,92,1,0,76122,,39423,County Championship Division Two 2026,4,38,Middlesex Men,41,Kent Men,8716385,2026-08-22T16:59:47Z,6,146,False,,,,527,Matt Quinn,83,Max Holden,3829,Luke Hollman,Left,0,0,0,0,,LengthBall,OutsideOff,,None,FrontFoot,ForwardDefensive,NoMovement,Round,Medium,Right,Null,NotReferred,Null,False,False,False,False,False,True,,False,False,False,False,False,False,0,0,0,0,0,False,False,321.0,52.0,Extra Cover
1631928,25,3.68,0,0,0,92,1,0,76122,,39423,County Championship Division Two 2026,4,38,Middlesex Men,41,Kent Men,8716399,2026-08-22T17:00:58Z,1,147,False,,,,154,Matt Milnes,3829,Luke Hollman,83,Max Holden,Left,0,0,0,0,,HalfVolley,MiddleStump,,None,FrontFoot,Flick,NoMovement,Round,FastSeam,Right,Null,NotReferred,Null,False,False,False,False,False,True,,False,False,False,False,False,False,0,0,0,0,0,False,False,244.0,91.0,Mid On
1631928,25,3.68,0,0,0,92,1,0,76122,,39423,County Championship Division Two 2026,4,38,Middlesex Men,41,Kent Men,8716410,2026-08-22T17:02:02Z,2,148,False,,,,154,Matt Milnes,3829,Luke Hollman,83,Max Holden,Left,0,0,0,0,,LengthBall,OutsideOff,,Missed,BackFoot,BackwardDefensive,SeamAway,Round,FastSeam,Right,Null,NotReferred,Null,False,False,False,False,False,True,,False,False,False,False,False,False,0,0,0,0,0,False,False,,,Wicketkeeper
1631928,25,3.68,0,0,0,92,1,0,76122,,39423,County Championship Division Two 2026,4,38,Middlesex Men,41,Kent Men,8716418,2026-08-22T17:02:39Z,3,149,False,,,,154,Matt Milnes,3829,Luke Hollman,83,Max Holden,Left,0,0,0,0,,LengthBall,OutsideOff,,None,FrontFoot,ForwardDefensive,NoMovement,Round,FastSeam,Right,Null,NotReferred,Null,False,False,False,False,False,True,,False,False,False,False,False,False,0,0,0,0,0,False,False,285.0,83.0,Mid Off
1631928,25,3.68,0,0,0,92,1,0,76122,,39423,County Championship Division Two 2026,4,38,Middlesex Men,41,Kent Men,8716428,2026-08-22T17:03:13Z,4,150,False,,,,154,Matt Milnes,3829,Luke Hollman,83,Max Holden,Left,0,0,0,0,,LengthBall,OutsideOff,,None,FrontFoot,ForwardDefensive,NoMovement,Round,FastSeam,Right,Null,NotReferred,Null,False,False,False,False,False,True,,False,False,False,False,False,False,0,0,0,0,0,False,False,344.0,62.0,Cover
1631928,25,3.68,0,0,0,92,1,0,76122,,39423,County Championship Division Two 2026,4,38,Middlesex Men,41,Kent Men,8716435,2026-08-22T17:03:50Z,5,151,False,,,,154,Matt Milnes,3829,Luke Hollman,83,Max Holden,Left,0,0,0,0,,LengthBall,OutsideOff,,None,BackFoot,BackwardDefensive,NoMovement,Round,FastSeam,Right,Null,NotReferred,Null,False,False,False,False,False,True,,False,False,False,False,False,False,0,0,0,0,0,False,False,339.0,63.0,Cover
1631928,25,3.68,0,0,0,92,1,0,76122,,39423,County Championship Division Two 2026,4,38,Middlesex Men,41,Kent Men,8716443,2026-08-22T17:04:30Z,6,152,False,,,,154,Matt Milnes,3829,Luke Hollman,83,Max Holden,Left,0,0,0,0,,LengthBall,OutsideOff,,None,BackFoot,BackwardDefensive,NoMovement,Round,FastSeam,Right,Null,NotReferred,Null,False,False,False,False,False,True,,False,False,False,False,False,False,0,0,0,0,0,False,False,348.0,63.0,Cover
1631938,26,3.73,5,1,0,97,2,5,76122,,39423,County Championship Division Two 2026,4,38,Middlesex Men,41,Kent Men,8716457,2026-08-22T17:05:30Z,1,153,False,,,,13941,Ekansh Singh,83,Max Holden,3829,Luke Hollman,Left,0,0,0,0,,LengthBall,LegStump,,PlayAndMissLegSide,BackFoot,Glance,NoMovement,Round,Medium,Right,Null,NotReferred,Null,False,False,False,False,False,True,,False,False,False,False,False,False,0,0,0,0,0,False,False,,,Wicketkeeper
1631938,26,3.73,5,1,0,97,2,5,76122,,39423,County Championship Division Two 2026,4,38,Middlesex Men,41,Kent Men,8716464,2026-08-22T17:06:05Z,2,154,False,,,,13941,Ekansh Singh,83,Max Holden,3829,Luke Hollman,Left,0,0,0,0,,HalfVolley,OutsideOff,,Missed,FrontFoot,Drive,NoMovement,Round,Medium,Right,Null,NotReferred,Null,False,False,False,False,False,True,,False,False,False,False,False,False,0,0,0,0,0,False,False,,,Wicketkeeper
1631938,26,3.73,5,1,0,97,2,5,76122,,39423,County Championship Division Two 2026,4,38,Middlesex Men,41,Kent Men,8716472,2026-08-22T17:06:44Z,3,155,True,Bowled,83.0,Max Holden,13941,Ekansh Singh,83,Max Holden,3829,Luke Hollman,Left,0,0,0,0,Bowled,LengthBall,OffStump,Bowled,Missed,FrontFoot,ForwardDefensive,SeamAway,Round,Medium,Right,Null,NotReferred,Null,False,False,False,False,False,True,1808.0,False,False,False,False,False,False,0,0,0,0,0,False,False,,,
1631938,26,3.73,5,1,0,97,2,5,76122,,39423,County Championship Division Two 2026,4,38,Middlesex Men,41,Kent Men,8716491,2026-08-22T17:08:40Z,4,156,False,,,,13941,Ekansh Singh,2680,Leus du Plooy,3829,Luke Hollman,Left,1,0,1,1,,LengthBall,OutsideOff,,Middled,FrontFoot,Drive,NoMovement,Round,Medium,Right,Null,NotReferred,Null,False,False,False,False,False,True,,False,False,False,False,False,False,1,0,0,0,0,False,False,336.0,79.0,Cover
1631938,26,3.73,5,1,0,97,2,5,76122,,39423,County Championship Division Two 2026,4,38,Middlesex Men,41,Kent Men,8716496,2026-08-22T17:09:26Z,5,157,False,,,,13941,Ekansh Singh,3829,Luke Hollman,2680,Leus du Plooy,Left,4,0,4,4,,Short,OutsideOff,,Middled,BackFoot,Pull,NoMovement,Round,Medium,Right,Null,NotReferred,Null,False,False,False,False,False,True,,False,False,False,False,False,False,4,0,0,0,0,True,False,155.0,166.0,
1631938,26,3.73,5,1,0,97,2,5,76122,,39423,County Championship Division Two 2026,4,38,Middlesex Men,41,Kent Men,8716509,2026-08-22T17:10:25Z,6,158,False,,,,13941,Ekansh Singh,3829,Luke Hollman,2680,Leus du Plooy,Left,0,0,0,0,,LengthBall,OutsideOff,,ThickEdge,FrontFoot,ForwardDefensive,NoMovement,Round,Medium,Right,Null,NotReferred,Null,False,False,False,False,False,True,,False,False,False,False,False,False,0,0,0,0,0,False,False,24.0,33.0,Gully
1631949,27,3.78,5,0,0,102,2,5,76122,,39423,County Championship Division Two 2026,4,38,Middlesex Men,41,Kent Men,8716517,2026-08-22T17:11:36Z,1,159,False,,,,154,Matt Milnes,2680,Leus du Plooy,3829,Luke Hollman,Left,0,0,0,0,,LengthBall,OutsideOff,,None,FrontFoot,ForwardDefensive,NoMovement,Round,FastSeam,Right,Null,NotReferred,Null,False,False,False,False,False,True,,False,False,False,False,False,False,0,0,0,0,0,False,False,252.0,84.0,Mid On
1631949,27,3.78,5,0,0,102,2,5,76122,,39423,County Championship Division Two 2026,4,38,Middlesex Men,41,Kent Men,8716524,2026-08-22T17:12:09Z,2,160,False,,,,154,Matt Milnes,2680,Leus du Plooy,3829,Luke Hollman,Left,4,0,4,4,,LengthBall,OffStump,,WellTimed,BackFoot,Worked,NoMovement,Round,FastSeam,Right,Null,NotReferred,Null,False,False,False,False,False,True,,False,False,False,False,False,False,4,0,0,0,0,True,False,187.0,171.0,
1631949,27,3.78,5,0,0,102,2,5,76122,,39423,County Championship Division Two 2026,4,38,Middlesex Men,41,Kent Men,8716532,2026-08-22T17:12:55Z,3,161,False,,,,154,Matt Milnes,2680,Leus du Plooy,3829,Luke Hollman,Left,0,0,0,0,,LengthBall,OffStump,Lbw,HitPad,BackFoot,Worked,NoMovement,Round,FastSeam,Right,Null,NotReferred,Null,False,False,False,False,False,True,1890.0,False,False,False,False,False,False,0,0,0,0,0,False,False,27.0,18.0,Backward Point
1631949,27,3.78,5,0,0,102,2,5,76122,,39423,County Championship Division Two 2026,4,38,Middlesex Men,41,Kent Men,8716536,2026-08-22T17:13:40Z,4,162,False,,,,154,Matt Milnes,2680,Leus du Plooy,3829,Luke Hollman,Left,0,0,0,0,,LengthBall,OutsideOff,,Missed,BackFoot,BackwardDefensive,SeamAway,Round,FastSeam,Right,Null,NotReferred,Null,False,False,False,False,False,True,,False,False,False,False,False,False,0,0,0,0,0,False,False,,,Wicketkeeper
1631949,27,3.78,5,0,0,102,2,5,76122,,39423,County Championship Division Two 2026,4,38,Middlesex Men,41,Kent Men,8716538,2026-08-22T17:14:23Z,5,163,False,,,,154,Matt Milnes,2680,Leus du Plooy,3829,Luke Hollman,Left,0,0,0,0,,LengthBall,OutsideOff,,Missed,BackFoot,Drive,NoMovement,Round,FastSeam,Right,Null,NotReferred,Null,False,False,False,False,False,True,,False,False,False,False,False,False,0,0,0,0,0,False,False,,,Wicketkeeper
1631949,27,3.78,5,0,0,102,2,5,76122,,39423,County Championship Division Two 2026,4,38,Middlesex Men,41,Kent Men,8716544,2026-08-22T17:15:01Z,6,164,False,,,,154,Matt Milnes,2680,Leus du Plooy,3829,Luke Hollman,Left,1,0,1,1,,LengthBall,OffStump,,None,BackFoot,Glance,SeamIn,Round,FastSeam,Right,Null,NotReferred,Null,False,False,False,False,False,True,,False,False,False,False,False,False,1,0,0,0,0,False,False,114.0,134.0,Fine Leg
1631955,28,3.82,5,1,0,107,3,5,76122,,39423,County Championship Division Two 2026,4,38,Middlesex Men,41,Kent Men,8716556,2026-08-22T17:16:15Z,1,165,False,,,,13941,Ekansh Singh,2680,Leus du Plooy,3829,Luke Hollman,Left,0,0,0,0,,LengthBall,OutsideOff,,None,BackFoot,Drive,NoMovement,Round,Medium,Right,Null,NotReferred,Null,False,False,False,False,False,True,,False,False,False,False,False,False,0,0,0,0,0,False,False,321.0,64.0,Extra Cover
1631955,28,3.82,5,1,0,107,3,5,76122,,39423,County Championship Division Two 2026,4,38,Middlesex Men,41,Kent Men,8716558,2026-08-22T17:16:51Z,2,166,False,,,,13941,Ekansh Singh,2680,Leus du Plooy,3829,Luke Hollman,Left,0,0,0,0,,LengthBall,OutsideOff,,MisTimed,BackFoot,Pushed,NoMovement,Round,Medium,Right,Null,NotReferred,Null,False,False,False,False,False,True,,False,False,False,False,False,False,0,0,0,0,0,False,False,253.0,55.0,Mid On
1631955,28,3.82,5,1,0,107,3,5,76122,,39423,County Championship Division Two 2026,4,38,Middlesex Men,41,Kent Men,8716564,2026-08-22T17:17:24Z,3,167,False,,,,13941,Ekansh Singh,2680,Leus du Plooy,3829,Luke Hollman,Left,1,0,1,1,,LengthBall,OffStump,,WellTimed,BackFoot,Worked,NoMovement,Round,Medium,Right,Null,NotReferred,Null,False,False,False,False,False,True,,False,False,False,False,False,False,1,0,0,0,0,False,False,195.0,123.0,Deep Square Leg
1631955,28,3.82,5,1,0,107,3,5,76122,,39423,County Championship Division Two 2026,4,38,Middlesex Men,41,Kent Men,8716568,2026-08-22T17:18:02Z,4,168,False,,,,13941,Ekansh Singh,3829,Luke Hollman,2680,Leus du Plooy,Left,0,0,0,0,,LengthBall,OutsideOff,,Left,NoMovement,Leave,NoMovement,Round,Medium,Right,Null,NotReferred,Null,False,False,False,False,False,True,,False,False,False,False,False,False,0,0,0,0,0,False,False,,,Wicketkeeper
1631955,28,3.82,5,1,0,107,3,5,76122,,39423,County Championship Division Two 2026,4,38,Middlesex Men,41,Kent Men,8716575,2026-08-22T17:18:37Z,5,169,True,Caught,3829.0,Luke Hollman,13941,Ekansh Singh,3829,Luke Hollman,2680,Leus du Plooy,Left,0,0,0,0,Caught,LengthBall,OutsideOff,Caught,OutsideEdge,FrontFoot,ForwardDefensive,SeamAway,Round,Medium,Right,Null,NotReferred,Null,False,False,False,False,False,True,1808.0,False,False,False,False,False,False,0,0,0,0,0,False,False,87.0,24.0,Wicketkeeper
1631955,28,3.82,5,1,0,107,3,5,76122,,39423,County Championship Division Two 2026,4,38,Middlesex Men,41,Kent Men,8716591,2026-08-22T17:20:28Z,6,170,False,,,,13941,Ekansh Singh,7893,Ben Geddes,2680,Leus du Plooy,Right,4,0,4,4,,Short,OutsideOff,,Middled,BackFoot,Pull,NoMovement,Over,Medium,Right,Null,NotReferred,Null,False,False,False,False,True,True,,False,False,False,False,False,False,4,0,0,0,0,True,False,13.0,168.0,
1631963,29,3.72,1,0,0,108,3,1,76122,,39423,County Championship Division Two 2026,4,38,Middlesex Men,41,Kent Men,8716603,2026-08-22T17:21:29Z,1,171,False,,,,154,Matt Milnes,2680,Leus du Plooy,7893,Ben Geddes,Left,1,0,1,1,,LengthBall,OutsideOff,,ThickEdge,FrontFoot,ForwardDefensive,NoMovement,Round,FastSeam,Right,Null,NotReferred,Null,False,False,False,False,False,True,,False,False,False,False,False,False,1,0,0,0,0,False,False,62.0,112.0,Third Man
1631963,29,3.72,1,0,0,108,3,1,76122,,39423,County Championship Division Two 2026,4,38,Middlesex Men,41,Kent Men,8716607,2026-08-22T17:22:20Z,2,172,False,,,,154,Matt Milnes,7893,Ben Geddes,2680,Leus du Plooy,Right,0,0,0,0,,LengthBall,OutsideOff,,None,FrontFoot,ForwardDefensive,NoMovement,Over,FastSeam,Right,Null,NotReferred,Null,False,False,False,False,False,True,,False,False,False,False,False,False,0,0,0,0,0,False,False,202.0,62.0,Cover
1631963,29,3.72,1,0,0,108,3,1,76122,,39423,County Championship Division Two 2026,4,38,Middlesex Men,41,Kent Men,8716612,2026-08-22T17:22:56Z,3,173,False,,,,154,Matt Milnes,7893,Ben Geddes,2680,Leus du Plooy,Right,0,0,0,0,,LengthBall,OutsideOff,,None,BackFoot,BackwardDefensive,NoMovement,Over,FastSeam,Right,Null,NotReferred,Null,False,False,False,False,False,True,,False,False,False,False,False,False,0,0,0,0,0,False,False,225.0,53.0,Extra Cover
1631963,29,3.72,1,0,0,108,3,1,76122,,39423,County Championship Division Two 2026,4,38,Middlesex Men,41,Kent Men,8716617,2026-08-22T17:23:28Z,4,174,False,,,,154,Matt Milnes,7893,Ben Geddes,2680,Leus du Plooy,Right,0,0,0,0,,LengthBall,OutsideOff,,None,BackFoot,Pushed,NoMovement,Over,FastSeam,Right,Null,NotReferred,Null,False,False,False,False,False,True,,False,False,False,False,False,False,0,0,0,0,0,False,False,209.0,59.0,Cover
1631963,29,3.72,1,0,0,108,3,1,76122,,39423,County Championship Division Two 2026,4,38,Middlesex Men,41,Kent Men,8716624,2026-08-22T17:24:03Z,5,175,False,,,,154,Matt Milnes,7893,Ben Geddes,2680,Leus du Plooy,Right,0,0,0,0,,LengthBall,OutsideOff,,Missed,FrontFoot,ForwardDefensive,SeamAway,Over,FastSeam,Right,Null,NotReferred,Null,False,False,False,False,False,True,,False,False,False,False,False,False,0,0,0,0,0,False,False,,,Wicketkeeper
1631963,29,3.72,1,0,0,108,3,1,76122,,39423,County Championship Division Two 2026,4,38,Middlesex Men,41,Kent Men,8716630,2026-08-22T17:24:39Z,6,176,False,,,,154,Matt Milnes,7893,Ben Geddes,2680,Leus du Plooy,Right,0,0,0,0,,LengthBall,OutsideOff,,ShouldersArms,NoMovement,ShouldersArms,SeamAway,Over,FastSeam,Right,Null,NotReferred,Null,False,False,False,False,False,True,,False,False,False,False,False,False,0,0,0,0,0,False,False,,,Wicketkeeper
1631969,30,3.9,9,0,0,117,3,9,76122,,39423,County Championship Division Two 2026,4,38,Middlesex Men,41,Kent Men,8716640,2026-08-22T17:25:33Z,1,177,False,,,,13941,Ekansh Singh,2680,Leus du Plooy,7893,Ben Geddes,Left,4,0,4,4,,HalfVolley,OffStump,,Middled,FrontFoot,Drive,NoMovement,Round,Medium,Right,Null,NotReferred,Null,False,False,False,False,False,True,,False,False,False,False,False,False,4,0,0,0,0,True,False,254.0,180.0,
1631969,30,3.9,9,0,0,117,3,9,76122,,39423,County Championship Division Two 2026,4,38,Middlesex Men,41,Kent Men,8716647,2026-08-22T17:26:20Z,2,178,False,,,,13941,Ekansh Singh,2680,Leus du Plooy,7893,Ben Geddes,Left,0,0,0,0,,LengthBall,OutsideOff,,None,FrontFoot,ForwardDefensive,NoMovement,Round,Medium,Right,Null,NotReferred,Null,False,False,False,False,False,True,,False,False,False,False,False,False,0,0,0,0,0,False,False,265.0,41.0,Bowler
1631969,30,3.9,9,0,0,117,3,9,76122,,39423,County Championship Division Two 2026,4,38,Middlesex Men,41,Kent Men,8716652,2026-08-22T17:26:59Z,3,179,False,,,,13941,Ekansh Singh,2680,Leus du Plooy,7893,Ben Geddes,Left,0,0,0,0,,LengthBall,OutsideOff,,MisTimed,BackFoot,Drive,NoMovement,Round,Medium,Right,Null,NotReferred,Null,False,False,False,False,False,True,,False,False,False,False,False,False,0,0,0,0,0,False,False,318.0,58.0,Extra Cover
1631969,30,3.9,9,0,0,117,3,9,76122,,39423,County Championship Division Two 2026,4,38,Middlesex Men,41,Kent Men,8716659,2026-08-22T17:27:33Z,4,180,False,,,,13941,Ekansh Singh,2680,Leus du Plooy,7893,Ben Geddes,Left,0,0,0,0,,Short,OutsideOff,,Left,NoMovement,Leave,NoMovement,Round,Medium,Right,Null,NotReferred,Null,False,False,False,False,False,True,,False,False,False,False,False,False,0,0,0,0,0,False,False,,,Wicketkeeper
1631969,30,3.9,9,0,0,117,3,9,76122,,39423,County Championship Division Two 2026,4,38,Middlesex Men,41,Kent Men,8716666,2026-08-22T17:28:09Z,5,181,False,,,,13941,Ekansh Singh,2680,Leus du Plooy,7893,Ben Geddes,Left,4,0,4,4,,BackOfALength,OutsideOff,,WellTimed,BackFoot,Drive,NoMovement,Round,Medium,Right,Null,NotReferred,Null,False,False,False,False,False,True,,False,False,False,False,False,False,4,0,0,0,0,True,False,341.0,173.0,
1631969,30,3.9,9,0,0,117,3,9,76122,,39423,County Championship Division Two 2026,4,38,Middlesex Men,41,Kent Men,8716674,2026-08-22T17:28:54Z,6,182,False,,,,13941,Ekansh Singh,2680,Leus du Plooy,7893,Ben Geddes,Left,1,0,1,1,,HalfVolley,OutsideOff,,WellTimed,FrontFoot,Pushed,NoMovement,Round,Medium,Right,Null,NotReferred,Null,False,False,False,False,False,True,,False,False,False,False,False,False,1,0,0,0,0,False,False,302.0,82.0,Extra Cover
1631978,31,3.97,6,0,0,123,3,6,76122,,39423,County Championship Division Two 2026,4,38,Middlesex Men,41,Kent Men,8716691,2026-08-22T17:30:04Z,1,183,False,,,,154,Matt Milnes,2680,Leus du Plooy,7893,Ben Geddes,Left,4,0,4,4,,LengthBall,MiddleStump,,None,BackFoot,Glance,NoMovement,Round,FastSeam,Right,Null,NotReferred,Null,False,False,False,False,False,True,,False,False,False,False,False,False,4,0,0,0,0,True,False,107.0,160.0,
1631978,31,3.97,6,0,0,123,3,6,76122,,39423,County Championship Division Two 2026,4,38,Middlesex Men,41,Kent Men,8716694,2026-08-22T17:30:54Z,2,184,False,,,,154,Matt Milnes,2680,Leus du Plooy,7893,Ben Geddes,Left,0,0,0,0,,LengthBall,OutsideOff,,Missed,BackFoot,BackwardDefensive,SeamAway,Round,FastSeam,Right,Null,NotReferred,Null,False,False,False,False,False,True,,False,False,False,False,False,False,0,0,0,0,0,False,False,,,Wicketkeeper
1631978,31,3.97,6,0,0,123,3,6,76122,,39423,County Championship Division Two 2026,4,38,Middlesex Men,41,Kent Men,8716701,2026-08-22T17:31:29Z,3,185,False,,,,154,Matt Milnes,2680,Leus du Plooy,7893,Ben Geddes,Left,0,0,0,0,,LengthBall,OutsideOff,,None,BackFoot,Pushed,NoMovement,Round,FastSeam,Right,Null,NotReferred,Null,False,False,False,False,False,True,,False,False,False,False,False,False,0,0,0,0,0,False,False,249.0,79.0,Mid On
1631978,31,3.97,6,0,0,123,3,6,76122,,39423,County Championship Division Two 2026,4,38,Middlesex Men,41,Kent Men,8716711,2026-08-22T17:32:05Z,4,186,False,,,,154,Matt Milnes,2680,Leus du Plooy,7893,Ben Geddes,Left,2,0,2,2,,LengthBall,OffStump,,WellTimed,DownTheTrack,Flick,NoMovement,Round,FastSeam,Right,Null,NotReferred,Null,False,False,False,False,False,True,,False,False,False,False,False,False,2,0,0,0,0,False,False,163.0,119.0,Deep Backward Square Leg
1631978,31,3.97,6,0,0,123,3,6,76122,,39423,County Championship Division Two 2026,4,38,Middlesex Men,41,Kent Men,8716717,2026-08-22T17:32:50Z,5,187,False,,,,154,Matt Milnes,2680,Leus du Plooy,7893,Ben Geddes,Left,0,0,0,0,,HalfVolley,OutsideOff,,None,DownTheTrack,Pushed,NoMovement,Round,FastSeam,Right,Null,NotReferred,Null,False,False,False,False,False,True,,False,False,False,False,False,False,0,0,0,0,0,False,False,290.0,82.0,Mid Off
1631978,31,3.97,6,0,0,123,3,6,76122,,39423,County Championship Division Two 2026,4,38,Middlesex Men,41,Kent Men,8716724,2026-08-22T17:33:26Z,6,188,False,,,,154,Matt Milnes,2680,Leus du Plooy,7893,Ben Geddes,Left,0,0,0,0,,LengthBall,OutsideOff,,None,BackFoot,BackwardDefensive,NoMovement,Round,FastSeam,Right,Null,NotReferred,Null,False,False,False,False,False,True,,False,False,False,False,False,False,0,0,0,0,0,False,False,275.0,39.0,Bowler
1631984,32,4.09,8,0,0,131,3,8,76122,,39423,County Championship Division Two 2026,4,38,Middlesex Men,41,Kent Men,8716732,2026-08-22T17:34:31Z,1,189,False,,,,13941,Ekansh Singh,7893,Ben Geddes,2680,Leus du Plooy,Right,0,0,0,0,,LengthBall,OffStump,,None,BackFoot,Worked,NoMovement,Over,Medium,Right,Null,NotReferred,Null,False,False,False,False,False,True,,False,False,False,False,False,False,0,0,0,0,0,False,False,326.0,58.0,Mid Wicket
1631984,32,4.09,8,0,0,131,3,8,76122,,39423,County Championship Division Two 2026,4,38,Middlesex Men,41,Kent Men,8716739,2026-08-22T17:35:00Z,2,190,False,,,,13941,Ekansh Singh,7893,Ben Geddes,2680,Leus du Plooy,Right,0,0,0,0,,LengthBall,OutsideOff,,ShouldersArms,NoMovement,ShouldersArms,NoMovement,Over,Medium,Right,Null,NotReferred,Null,False,False,False,False,False,True,,False,False,False,False,False,False,0,0,0,0,0,False,False,,,Wicketkeeper
1631984,32,4.09,8,0,0,131,3,8,76122,,39423,County Championship Division Two 2026,4,38,Middlesex Men,41,Kent Men,8716749,2026-08-22T17:35:35Z,3,191,False,,,,13941,Ekansh Singh,7893,Ben Geddes,2680,Leus du Plooy,Right,0,0,0,0,,LengthBall,OutsideOff,,None,BackFoot,Pushed,NoMovement,Over,Medium,Right,Null,NotReferred,Null,False,False,False,False,False,True,,False,False,False,False,False,False,0,0,0,0,0,False,False,265.0,39.0,Bowler
1631984,32,4.09,8,0,0,131,3,8,76122,,39423,County Championship Division Two 2026,4,38,Middlesex Men,41,Kent Men,8716751,2026-08-22T17:36:10Z,4,192,False,,,,13941,Ekansh Singh,7893,Ben Geddes,2680,Leus du Plooy,Right,0,0,0,0,,HalfVolley,OutsideOff,,WellTimed,FrontFoot,Drive,NoMovement,Over,Medium,Right,Null,NotReferred,Null,False,False,False,False,False,True,,False,False,False,False,False,False,0,0,0,0,0,False,False,271.0,42.0,Bowler
1631984,32,4.09,8,0,0,131,3,8,76122,,39423,County Championship Division Two 2026,4,38,Middlesex Men,41,Kent Men,8716757,2026-08-22T17:36:45Z,5,193,False,,,,13941,Ekansh Singh,7893,Ben Geddes,2680,Leus du Plooy,Right,4,0,4,4,,HalfVolley,OutsideOff,,ThickEdge,FrontFoot,Drive,NoMovement,Over,Medium,Right,Null,NotReferred,Null,False,False,False,False,False,True,,False,False,False,False,False,False,4,0,0,0,0,True,True,191.0,172.0,
1631984,32,4.09,8,0,0,131,3,8,76122,,39423,County Championship Division Two 2026,4,38,Middlesex Men,41,Kent Men,8716763,2026-08-22T17:37:31Z,6,194,False,,,,13941,Ekansh Singh,7893,Ben Geddes,2680,Leus du Plooy,Right,4,0,4,4,,HalfVolley,OutsideOff,,Middled,FrontFoot,Drive,NoMovement,Over,Medium,Right,Null,NotReferred,Null,False,False,False,False,False,True,,False,False,False,False,False,False,4,0,0,0,0,True,False,211.0,175.0,
1631991,33,4.18,7,0,0,138,3,7,76122,,39423,County Championship Division Two 2026,4,38,Middlesex Men,41,Kent Men,8716770,2026-08-22T17:38:43Z,1,195,False,,,,154,Matt Milnes,2680,Leus du Plooy,7893,Ben Geddes,Left,1,0,1,1,,LengthBall,OffStump,,None,BackFoot,Worked,NoMovement,Round,FastSeam,Right,Null,NotReferred,Null,False,False,False,False,False,True,,False,False,False,False,False,False,1,0,0,0,0,False,False,191.0,123.0,Deep Square Leg
1631991,33,4.18,7,0,0,138,3,7,76122,,39423,County Championship Division Two 2026,4,38,Middlesex Men,41,Kent Men,8716775,2026-08-22T17:39:27Z,2,196,False,,,,154,Matt Milnes,7893,Ben Geddes,2680,Leus du Plooy,Right,0,0,0,0,,LengthBall,OutsideOff,,None,BackFoot,Pushed,NoMovement,Over,FastSeam,Right,Null,NotReferred,Null,False,False,False,False,False,True,,False,False,False,False,False,False,0,0,0,0,0,False,False,204.0,58.0,Cover
1631991,33,4.18,7,0,0,138,3,7,76122,,39423,County Championship Division Two 2026,4,38,Middlesex Men,41,Kent Men,8716781,2026-08-22T17:40:03Z,3,197,False,,,,154,Matt Milnes,7893,Ben Geddes,2680,Leus du Plooy,Right,2,0,2,2,,HalfVolley,MiddleStump,,WellTimed,FrontFoot,Worked,NoMovement,Over,FastSeam,Right,Null,NotReferred,Null,False,False,False,False,False,True,,False,False,False,False,False,False,2,0,0,0,0,False,False,337.0,123.0,Deep Square Leg
1631991,33,4.18,7,0,0,138,3,7,76122,,39423,County Championship Division Two 2026,4,38,Middlesex Men,41,Kent Men,8716788,2026-08-22T17:40:47Z,4,198,False,,,,154,Matt Milnes,7893,Ben Geddes,2680,Leus du Plooy,Right,0,0,0,0,,LengthBall,OutsideOff,,Left,NoMovement,Leave,NoMovement,Over,FastSeam,Right,Null,NotReferred,Null,False,False,False,False,False,True,,False,False,False,False,False,False,0,0,0,0,0,False,False,,,Wicketkeeper
1631991,33,4.18,7,0,0,138,3,7,76122,,39423,County Championship Division Two 2026,4,38,Middlesex Men,41,Kent Men,8716794,2026-08-22T17:41:26Z,5,199,False,,,,154,Matt Milnes,7893,Ben Geddes,2680,Leus du Plooy,Right,4,0,4,4,,HalfVolley,OutsideOff,,Middled,FrontFoot,Drive,NoMovement,Over,FastSeam,Right,Null,NotReferred,Null,False,False,False,False,False,True,,False,False,False,False,False,False,4,0,0,0,0,True,False,203.0,174.0,
1631991,33,4.18,7,0,0,138,3,7,76122,,39423,County Championship Division Two 2026,4,38,Middlesex Men,41,Kent Men,8716801,2026-08-22T17:42:07Z,6,200,False,,,,154,Matt Milnes,7893,Ben Geddes,2680,Leus du Plooy,Right,0,0,0,0,,LengthBall,OutsideOff,,Left,NoMovement,Leave,NoMovement,Over,FastSeam,Right,Null,NotReferred,Null,False,False,False,False,False,True,,False,False,False,False,False,False,0,0,0,0,0,False,False,,,Wicketkeeper
1632000,34,4.32,9,0,0,147,3,9,76122,,39423,County Championship Division Two 2026,4,38,Middlesex Men,41,Kent Men,8716825,2026-08-22T17:43:42Z,1,201,False,,,,248,Matt Parkinson,2680,Leus du Plooy,7893,Ben Geddes,Left,0,0,0,0,,LengthBall,LegStump,,None,FrontFoot,Worked,LegSpinner,Over,LegSpin,Right,Null,NotReferred,Null,False,False,False,False,False,True,,False,False,False,False,False,False,0,0,0,0,0,False,False,236.0,52.0,Mid Wicket
1632000,34,4.32,9,0,0,147,3,9,76122,,39423,County Championship Division Two 2026,4,38,Middlesex Men,41,Kent Men,8716829,2026-08-22T17:43:59Z,2,202,False,,,,248,Matt Parkinson,2680,Leus du Plooy,7893,Ben Geddes,Left,0,0,0,0,,HalfVolley,MiddleStump,,MisTimed,FrontFoot,Drive,LegSpinner,Over,LegSpin,Right,Null,NotReferred,Null,False,False,False,False,False,True,,False,False,False,False,False,False,0,0,0,0,0,False,False,239.0,53.0,Mid Wicket
1632000,34,4.32,9,0,0,147,3,9,76122,,39423,County Championship Division Two 2026,4,38,Middlesex Men,41,Kent Men,8716835,2026-08-22T17:44:14Z,3,203,False,,,,248,Matt Parkinson,2680,Leus du Plooy,7893,Ben Geddes,Left,0,0,0,0,,LengthBall,MiddleStump,Lbw,HitPad,FrontFoot,Flick,LegSpinner,Over,LegSpin,Right,Null,NotReferred,Null,False,False,False,False,False,True,1808.0,False,False,False,False,False,False,0,0,0,0,0,False,False,67.0,20.0,First Slip
1632000,34,4.32,9,0,0,147,3,9,76122,,39423,County Championship Division Two 2026,4,38,Middlesex Men,41,Kent Men,8716839,2026-08-22T17:44:53Z,4,204,False,,,,248,Matt Parkinson,2680,Leus du Plooy,7893,Ben Geddes,Left,1,0,1,1,,BackOfALength,LegStump,,WellTimed,BackFoot,Worked,LegSpinner,Over,LegSpin,Right,Null,NotReferred,Null,False,False,False,False,False,True,,False,False,False,False,False,False,1,0,0,0,0,False,False,194.0,115.0,Deep Square Leg
1632000,34,4.32,9,0,0,147,3,9,76122,,39423,County Championship Division Two 2026,4,38,Middlesex Men,41,Kent Men,8716846,2026-08-22T17:45:43Z,5,205,False,,,,248,Matt Parkinson,7893,Ben Geddes,2680,Leus du Plooy,Right,4,0,4,4,,HalfVolley,OutsideOff,,OutsideEdge,FrontFoot,Drive,LegSpinner,Over,LegSpin,Right,Null,NotReferred,Null,False,False,False,False,False,True,,False,False,False,False,False,False,4,0,0,0,0,True,False,109.0,161.0,
1632000,34,4.32,9,0,0,147,3,9,76122,,39423,County Championship Division Two 2026,4,38,Middlesex Men,41,Kent Men,8716857,2026-08-22T17:46:23Z,6,206,False,,,,248,Matt Parkinson,7893,Ben Geddes,2680,Leus du Plooy,Right,4,0,4,4,,LengthBall,OutsideOff,,BottomEdge,FrontFoot,Drive,LegSpinner,Over,LegSpin,Right,Null,NotReferred,Null,False,False,False,False,False,True,,False,False,False,False,False,False,4,0,0,0,0,True,False,91.0,160.0,
1632006,35,4.51,11,0,0,158,3,11,76122,,39423,County Championship Division Two 2026,4,38,Middlesex Men,41,Kent Men,8716867,2026-08-22T17:48:06Z,1,207,False,,,,3730,Keith Dudgeon,2680,Leus du Plooy,7893,Ben Geddes,Left,0,1,1,0,,LengthBall,MiddleStump,,HitPad,BackFoot,Worked,NoMovement,Round,FastSeam,Right,Null,NotReferred,Null,False,False,False,True,False,True,,False,False,False,False,False,False,1,0,0,1,0,False,False,168.0,90.0,Backward Square Leg
1632006,35,4.51,11,0,0,158,3,11,76122,,39423,County Championship Division Two 2026,4,38,Middlesex Men,41,Kent Men,8716876,2026-08-22T17:48:52Z,2,208,False,,,,3730,Keith Dudgeon,7893,Ben Geddes,2680,Leus du Plooy,Right,4,0,4,4,,BackOfALength,OutsideOff,,Middled,BackFoot,Pull,NoMovement,Over,FastSeam,Right,Null,NotReferred,Null,False,False,False,False,True,True,,False,False,False,False,False,False,4,0,0,0,0,True,False,338.0,174.0,
1632006,35,4.51,11,0,0,158,3,11,76122,,39423,County Championship Division Two 2026,4,38,Middlesex Men,41,Kent Men,8716883,2026-08-22T17:49:39Z,3,209,False,,,,3730,Keith Dudgeon,7893,Ben Geddes,2680,Leus du Plooy,Right,0,0,0,0,,LengthBall,OutsideOff,,None,BackFoot,BackwardDefensive,NoMovement,Over,FastSeam,Right,Null,NotReferred,Null,False,False,False,False,False,True,,False,False,False,False,False,False,0,0,0,0,0,False,False,253.0,83.0,Mid Off
1632006,35,4.51,11,0,0,158,3,11,76122,,39423,County Championship Division Two 2026,4,38,Middlesex Men,41,Kent Men,8716894,2026-08-22T17:50:07Z,4,210,False,,,,3730,Keith Dudgeon,7893,Ben Geddes,2680,Leus du Plooy,Right,4,0,4,4,,HalfVolley,OffStump,,WellTimed,FrontFoot,Drive,NoMovement,Over,FastSeam,Right,Null,NotReferred,Null,False,False,False,False,False,True,,False,False,False,False,False,False,4,0,0,0,0,True,False,262.0,180.0,Mid Off
1632006,35,4.51,11,0,0,158,3,11,76122,,39423,County Championship Division Two 2026,4,38,Middlesex Men,41,Kent Men,8716899,2026-08-22T17:51:02Z,5,211,False,,,,3730,Keith Dudgeon,7893,Ben Geddes,2680,Leus du Plooy,Right,2,0,2,2,,LengthBall,OutsideOff,,ThickEdge,BackFoot,Drive,NoMovement,Over,FastSeam,Right,Null,NotReferred,Null,False,False,False,False,False,True,,False,False,False,False,False,False,2,0,0,0,0,False,False,152.0,123.0,Deep Backward Point
1632006,35,4.51,11,0,0,158,3,11,76122,,39423,County Championship Division Two 2026,4,38,Middlesex Men,41,Kent Men,8716904,2026-08-22T17:51:43Z,6,212,False,,,,3730,Keith Dudgeon,7893,Ben Geddes,2680,Leus du Plooy,Right,0,0,0,0,,LengthBall,OutsideOff,,None,BackFoot,BackwardDefensive,NoMovement,Over,FastSeam,Right,Null,NotReferred,Null,False,False,False,False,False,True,,False,False,False,False,False,False,0,0,0,0,0,False,False,224.0,53.0,Extra Cover
1632015,36,4.47,3,0,0,161,3,3,76122,,39423,County Championship Division Two 2026,4,38,Middlesex Men,41,Kent Men,8716918,2026-08-22T17:52:55Z,1,213,False,,,,248,Matt Parkinson,2680,Leus du Plooy,7893,Ben Geddes,Left,1,0,1,1,,HalfVolley,MiddleStump,,None,FrontFoot,Worked,LegSpinner,Over,LegSpin,Right,Null,NotReferred,Null,False,False,False,False,False,True,,False,False,False,False,False,False,1,0,0,0,0,False,False,188.0,69.0,Square Leg
1632015,36,4.47,3,0,0,161,3,3,76122,,39423,County Championship Division Two 2026,4,38,Middlesex Men,41,Kent Men,8716920,2026-08-22T17:53:21Z,2,214,False,,,,248,Matt Parkinson,7893,Ben Geddes,2680,Leus du Plooy,Right,1,0,1,1,,LengthBall,OutsideOff,,None,FrontFoot,Pushed,LegSpinner,Over,LegSpin,Right,Null,NotReferred,Null,False,False,False,False,False,True,,False,False,False,False,False,False,1,0,0,0,0,False,False,195.0,54.0,Cover
1632015,36,4.47,3,0,0,161,3,3,76122,,39423,County Championship Division Two 2026,4,38,Middlesex Men,41,Kent Men,8716923,2026-08-22T17:53:45Z,3,215,False,,,,248,Matt Parkinson,2680,Leus du Plooy,7893,Ben Geddes,Left,0,0,0,0,,BackOfALength,MiddleStump,,None,BackFoot,Worked,LegSpinner,Over,LegSpin,Right,Null,NotReferred,Null,False,False,False,False,False,True,,False,False,False,False,False,False,0,0,0,0,0,False,False,207.0,66.0,Square Leg
1632015,36,4.47,3,0,0,161,3,3,76122,,39423,County Championship Division Two 2026,4,38,Middlesex Men,41,Kent Men,8716926,2026-08-22T17:54:02Z,4,216,False,,,,248,Matt Parkinson,2680,Leus du Plooy,7893,Ben Geddes,Left,0,0,0,0,,HalfVolley,LegStump,,InsideEdge,FrontFoot,Worked,LegSpinner,Over,LegSpin,Right,Null,NotReferred,Null,False,False,False,False,False,True,,False,False,False,False,False,False,0,0,0,0,0,False,False,225.0,43.0,Mid Wicket
1632015,36,4.47,3,0,0,161,3,3,76122,,39423,County Championship Division Two 2026,4,38,Middlesex Men,41,Kent Men,8716944,2026-08-22T17:56:05Z,5,217,False,,,,248,Matt Parkinson,2680,Leus du Plooy,7893,Ben Geddes,Left,0,0,0,0,,LengthBall,LegStump,,HitPad,DownTheTrack,Worked,QuickerBall,Over,LegSpin,Right,Null,NotReferred,Null,False,False,False,False,False,True,,False,False,False,False,False,False,0,0,0,0,0,False,False,349.0,39.0,Cover
1632015,36,4.47,3,0,0,161,3,3,76122,,39423,County Championship Division Two 2026,4,38,Middlesex Men,41,Kent Men,8716948,2026-08-22T17:56:25Z,6,218,False,,,,248,Matt Parkinson,2680,Leus du Plooy,7893,Ben Geddes,Left,1,0,1,1,,Short,LegStump,,WellTimed,BackFoot,Pull,LegSpinner,Over,LegSpin,Right,Null,NotReferred,Null,False,False,False,False,False,True,,False,False,False,False,False,False,1,0,0,0,0,False,False,199.0,122.0,Deep Square Leg
1632023,37,4.62,10,1,0,171,4,10,76122,,39423,County Championship Division Two 2026,4,38,Middlesex Men,41,Kent Men,8716958,2026-08-22T17:57:42Z,1,219,False,,,,3730,Keith Dudgeon,2680,Leus du Plooy,7893,Ben Geddes,Left,4,0,4,4,,Short,OutsideOff,,Middled,BackFoot,Pull,NoMovement,Round,FastSeam,Right,Null,NotReferred,Null,False,False,False,False,True,True,,False,False,False,False,False,False,4,0,0,0,0,True,False,149.0,165.0,
1632023,37,4.62,10,1,0,171,4,10,76122,,39423,County Championship Division Two 2026,4,38,Middlesex Men,41,Kent Men,8716968,2026-08-22T17:58:20Z,2,220,False,,,,3730,Keith Dudgeon,2680,Leus du Plooy,7893,Ben Geddes,Left,0,4,4,0,,LengthBall,MiddleStump,,HitPad,BackFoot,Glance,NoMovement,Round,FastSeam,Right,Null,NotReferred,Null,False,False,False,True,False,True,,False,False,False,False,False,False,4,0,0,4,0,False,False,,,
1632023,37,4.62,10,1,0,171,4,10,76122,,39423,County Championship Division Two 2026,4,38,Middlesex Men,41,Kent Men,8716975,2026-08-22T17:59:06Z,3,221,False,,,,3730,Keith Dudgeon,2680,Leus du Plooy,7893,Ben Geddes,Left,0,0,0,0,,LengthBall,OutsideOff,,None,BackFoot,BackwardDefensive,NoMovement,Round,FastSeam,Right,Null,NotReferred,Null,False,False,False,False,False,True,,False,False,False,False,False,False,0,0,0,0,0,False,False,258.0,42.0,Bowler
1632023,37,4.62,10,1,0,171,4,10,76122,,39423,County Championship Division Two 2026,4,38,Middlesex Men,41,Kent Men,8716981,2026-08-22T17:59:42Z,4,222,False,,,,3730,Keith Dudgeon,2680,Leus du Plooy,7893,Ben Geddes,Left,1,0,1,1,,LengthBall,OffStump,,WellTimed,FrontFoot,Worked,NoMovement,Round,FastSeam,Right,Null,NotReferred,Null,False,False,False,False,False,True,,False,False,False,False,False,False,1,0,0,0,0,False,False,164.0,123.0,Deep Backward Square Leg
1632023,37,4.62,10,1,0,171,4,10,76122,,39423,County Championship Division Two 2026,4,38,Middlesex Men,41,Kent Men,8716987,2026-08-22T18:00:23Z,5,223,False,,,,3730,Keith Dudgeon,7893,Ben Geddes,2680,Leus du Plooy,Right,1,1,1,0,,Short,OutsideOff,,Left,NoMovement,Leave,NoMovement,Over,FastSeam,Right,Null,NotReferred,Null,True,False,False,False,False,True,,False,False,False,False,False,False,1,0,1,0,0,False,False,,,Wicketkeeper
1632023,37,4.62,10,1,0,171,4,10,76122,,39423,County Championship Division Two 2026,4,38,Middlesex Men,41,Kent Men,8716997,2026-08-22T18:01:02Z,5,224,True,Caught,7893.0,Ben Geddes,3730,Keith Dudgeon,7893,Ben Geddes,2680,Leus du Plooy,Right,0,0,0,0,Caught,LengthBall,OffStump,Caught,Middled,BackFoot,Pull,NoMovement,Over,FastSeam,Right,Null,NotReferred,Null,False,False,False,False,True,True,1890.0,False,False,False,False,False,False,0,0,0,0,0,False,False,59.0,122.0,Fine Leg
1632023,37,4.62,10,1,0,171,4,10,76122,,39423,County Championship Division Two 2026,4,38,Middlesex Men,41,Kent Men,8717015,2026-08-22T18:02:51Z,6,225,False,,,,3730,Keith Dudgeon,39,Ryan Higgins,2680,Leus du Plooy,Right,0,0,0,0,,LengthBall,OutsideOff,,ShouldersArms,NoMovement,ShouldersArms,NoMovement,Over,FastSeam,Right,Null,NotReferred,Null,False,False,False,False,False,True,,False,False,False,False,False,False,0,0,0,0,0,False,False,,,Wicketkeeper
1632033,38,4.53,1,0,0,172,4,1,76122,,39423,County Championship Division Two 2026,4,38,Middlesex Men,41,Kent Men,8717023,2026-08-22T18:03:49Z,1,226,False,,,,248,Matt Parkinson,2680,Leus du Plooy,39,Ryan Higgins,Left,0,0,0,0,,LengthBall,OutsideOff,,None,BackFoot,Drive,LegSpinner,Over,LegSpin,Right,Null,NotReferred,Null,False,False,False,False,False,True,,False,False,False,False,False,False,0,0,0,0,0,False,False,344.0,72.0,Cover
1632033,38,4.53,1,0,0,172,4,1,76122,,39423,County Championship Division Two 2026,4,38,Middlesex Men,41,Kent Men,8717027,2026-08-22T18:04:08Z,2,2,False,,,,248,Matt Parkinson,2680,Leus du Plooy,39,Ryan Higgins,Left,0,0,0,0,,LengthBall,MiddleStump,,None,DownTheTrack,Worked,LegSpinner,Over,LegSpin,Right,Null,NotReferred,Null,False,False,False,False,False,True,,False,False,False,False,False,False,0,0,0,0,0,False,False,214.0,50.0,Mid Wicket
1632033,38,4.53,1,0,0,172,4,1,76122,,39423,County Championship Division Two 2026,4,38,Middlesex Men,41,Kent Men,8717031,2026-08-22T18:04:24Z,3,228,False,,,,248,Matt Parkinson,2680,Leus du Plooy,39,Ryan Higgins,Left,0,0,0,0,,BackOfALength,LegStump,,None,BackFoot,Worked,LegSpinner,Over,LegSpin,Right,Null,NotReferred,Null,False,False,False,False,False,True,,False,False,False,False,False,False,0,0,0,0,0,False,False,202.0,77.0,Square Leg
1632033,38,4.53,1,0,0,172,4,1,76122,,39423,County Championship Division Two 2026,4,38,Middlesex Men,41,Kent Men,8717034,2026-08-22T18:04:40Z,4,229,False,,,,248,Matt Parkinson,2680,Leus du Plooy,39,Ryan Higgins,Left,0,0,0,0,,LengthBall,LegStump,,None,BackFoot,Worked,LegSpinner,Over,LegSpin,Right,Null,NotReferred,Null,False,False,False,False,False,True,,False,False,False,False,False,False,0,0,0,0,0,False,False,217.0,26.0,Mid Wicket
1632033,38,4.53,1,0,0,172,4,1,76122,,39423,County Championship Division Two 2026,4,38,Middlesex Men,41,Kent Men,8717038,2026-08-22T18:04:58Z,5,230,False,,,,248,Matt Parkinson,2680,Leus du Plooy,39,Ryan Higgins,Left,0,0,0,0,,LengthBall,MiddleStump,,None,DownTheTrack,Worked,LegSpinner,Over,LegSpin,Right,Null,NotReferred,Null,False,False,False,False,False,True,,False,False,False,False,False,False,0,0,0,0,0,False,False,207.0,54.0,Square Leg
1632033,38,4.53,1,0,0,172,4,1,76122,,39423,County Championship Division Two 2026,4,38,Middlesex Men,41,Kent Men,8717042,2026-08-22T18:05:16Z,6,231,False,,,,248,Matt Parkinson,2680,Leus du Plooy,39,Ryan Higgins,Left,1,0,1,1,,LengthBall,MiddleStump,,WellTimed,BackFoot,Worked,LegSpinner,Over,LegSpin,Right,Null,NotReferred,Null,False,False,False,False,False,True,,False,False,False,False,False,False,1,0,0,0,0,False,False,185.0,125.0,Deep Square Leg
1632037,39,4.69,11,0,0,183,4,11,76122,,39423,County Championship Division Two 2026,4,38,Middlesex Men,41,Kent Men,8717053,2026-08-22T18:06:25Z,1,232,False,,,,3730,Keith Dudgeon,2680,Leus du Plooy,39,Ryan Higgins,Left,1,0,1,1,,LengthBall,OffStump,,None,BackFoot,Worked,NoMovement,Round,FastSeam,Right,Null,NotReferred,Null,False,False,False,False,False,True,,False,False,False,False,False,False,1,0,0,0,0,False,False,143.0,118.0,Fine Leg
1632037,39,4.69,11,0,0,183,4,11,76122,,39423,County Championship Division Two 2026,4,38,Middlesex Men,41,Kent Men,8717056,2026-08-22T18:07:00Z,2,233,False,,,,3730,Keith Dudgeon,39,Ryan Higgins,2680,Leus du Plooy,Right,4,0,4,4,,HalfVolley,LegStump,,WellTimed,FrontFoot,Flick,NoMovement,Over,FastSeam,Right,Null,NotReferred,Null,False,False,False,False,False,True,,False,False,False,False,False,False,4,0,0,0,0,True,False,73.0,160.0,
1632037,39,4.69,11,0,0,183,4,11,76122,,39423,County Championship Division Two 2026,4,38,Middlesex Men,41,Kent Men,8717062,2026-08-22T18:07:48Z,3,234,False,,,,3730,Keith Dudgeon,39,Ryan Higgins,2680,Leus du Plooy,Right,1,0,1,1,,LengthBall,OutsideOff,,None,BackFoot,Pushed,NoMovement,Over,FastSeam,Right,Null,NotReferred,Null,False,False,False,False,False,True,,False,False,False,False,False,False,1,0,0,0,0,False,False,212.0,78.0,Extra Cover
1632037,39,4.69,11,0,0,183,4,11,76122,,39423,County Championship Division Two 2026,4,38,Middlesex Men,41,Kent Men,8717068,2026-08-22T18:08:29Z,4,235,False,,,,3730,Keith Dudgeon,2680,Leus du Plooy,39,Ryan Higgins,Left,1,0,1,1,,LengthBall,OutsideOff,,None,BackFoot,Dropped,NoMovement,Round,FastSeam,Right,Null,NotReferred,Null,False,False,False,False,False,True,,False,False,False,False,False,False,1,0,0,0,0,False,False,10.0,51.0,Backward Point
1632037,39,4.69,11,0,0,183,4,11,76122,,39423,County Championship Division Two 2026,4,38,Middlesex Men,41,Kent Men,8717072,2026-08-22T18:09:06Z,5,236,False,,,,3730,Keith Dudgeon,39,Ryan Higgins,2680,Leus du Plooy,Right,0,0,0,0,,LengthBall,OutsideOff,,None,FrontFoot,ForwardDefensive,NoMovement,Over,FastSeam,Right,Null,NotReferred,Null,False,False,False,False,False,True,,False,False,False,False,False,False,0,0,0,0,0,False,False,231.0,54.0,Extra Cover
1632037,39,4.69,11,0,0,183,4,11,76122,,39423,County Championship Division Two 2026,4,38,Middlesex Men,41,Kent Men,8717074,2026-08-22T18:09:38Z,6,237,False,,,,3730,Keith Dudgeon,39,Ryan Higgins,2680,Leus du Plooy,Right,4,0,4,4,,HalfVolley,OffStump,,Middled,FrontFoot,Drive,NoMovement,Over,FastSeam,Right,Null,NotReferred,Null,False,False,False,False,False,True,,False,False,False,False,False,False,4,0,0,0,0,True,False,278.0,180.0,
1632041,40,4.6,1,0,0,184,4,1,76122,,39423,County Championship Division Two 2026,4,38,Middlesex Men,41,Kent Men,8717079,2026-08-22T18:10:50Z,1,238,False,,,,248,Matt Parkinson,2680,Leus du Plooy,39,Ryan Higgins,Left,1,0,1,1,,LengthBall,MiddleStump,,None,BackFoot,Worked,LegSpinner,Over,LegSpin,Right,Null,NotReferred,Null,False,False,False,False,False,True,,False,False,False,False,False,False,1,0,0,0,0,False,False,165.0,106.0,Deep Backward Square Leg
1632041,40,4.6,1,0,0,184,4,1,76122,,39423,County Championship Division Two 2026,4,38,Middlesex Men,41,Kent Men,8717081,2026-08-22T18:11:29Z,2,239,False,,,,248,Matt Parkinson,39,Ryan Higgins,2680,Leus du Plooy,Right,0,0,0,0,,LengthBall,OutsideOff,,Missed,FrontFoot,ForwardDefensive,LegSpinner,Over,LegSpin,Right,Null,NotReferred,Null,False,False,False,False,False,True,,False,False,False,False,False,False,0,0,0,0,0,False,False,,,Wicketkeeper
1632041,40,4.6,1,0,0,184,4,1,76122,,39423,County Championship Division Two 2026,4,38,Middlesex Men,41,Kent Men,8717082,2026-08-22T18:11:46Z,3,240,False,,,,248,Matt Parkinson,39,Ryan Higgins,2680,Leus du Plooy,Right,0,0,0,0,,LengthBall,OutsideOff,,MisTimed,BackFoot,Drive,LegSpinner,Over,LegSpin,Right,Null,NotReferred,Null,False,False,False,False,False,True,,False,False,False,False,False,False,0,0,0,0,0,False,False,193.0,65.0,Cover
1632041,40,4.6,1,0,0,184,4,1,76122,,39423,County Championship Division Two 2026,4,38,Middlesex Men,41,Kent Men,8717085,2026-08-22T18:12:05Z,4,241,False,,,,248,Matt Parkinson,39,Ryan Higgins,2680,Leus du Plooy,Right,0,0,0,0,,LengthBall,LegStump,,HitPad,FrontFoot,Worked,LegSpinner,Over,LegSpin,Right,Null,NotReferred,Null,False,False,False,False,False,True,,False,False,False,False,False,False,0,0,0,0,0,False,False,242.0,34.0,Mid Off
1632041,40,4.6,1,0,0,184,4,1,76122,,39423,County Championship Division Two 2026,4,38,Middlesex Men,41,Kent Men,8717086,2026-08-22T18:12:24Z,5,242,False,,,,248,Matt Parkinson,39,Ryan Higgins,2680,Leus du Plooy,Right,0,0,0,0,,HalfVolley,OffStump,,None,FrontFoot,Worked,LegSpinner,Over,LegSpin,Right,Null,NotReferred,Null,False,False,False,False,False,True,,False,False,False,False,False,False,0,0,0,0,0,False,False,335.0,52.0,Square Leg
1632041,40,4.6,1,0,0,184,4,1,76122,,39423,County Championship Division Two 2026,4,38,Middlesex Men,41,Kent Men,8717087,2026-08-22T18:12:50Z,6,243,False,,,,248,Matt Parkinson,39,Ryan Higgins,2680,Leus du Plooy,Right,0,0,0,0,,LengthBall,OutsideOff,,None,FrontFoot,ForwardDefensive,LegSpinner,Over,LegSpin,Right,Null,NotReferred,Null,False,False,False,False,False,True,,False,False,False,False,False,False,0,0,0,0,0,False,False,225.0,27.0,Extra Cover
1632043,41,4.54,2,0,0,186,4,2,76122,,39423,County Championship Division Two 2026,4,38,Middlesex Men,41,Kent Men,8717089,2026-08-22T18:14:13Z,1,244,False,,,,154,Matt Milnes,2680,Leus du Plooy,39,Ryan Higgins,Left,0,0,0,0,,LengthBall,OutsideOff,,None,FrontFoot,ForwardDefensive,NoMovement,Round,FastSeam,Right,Null,NotReferred,Null,False,False,False,False,False,True,,False,False,False,False,False,False,0,0,0,0,0,False,False,275.0,44.0,Bowler
1632043,41,4.54,2,0,0,186,4,2,76122,,39423,County Championship Division Two 2026,4,38,Middlesex Men,41,Kent Men,8717090,2026-08-22T18:14:45Z,2,245,False,,,,154,Matt Milnes,2680,Leus du Plooy,39,Ryan Higgins,Left,0,0,0,0,,LengthBall,OutsideOff,,None,BackFoot,Worked,NoMovement,Round,FastSeam,Right,Null,NotReferred,Null,False,False,False,False,False,True,,False,False,False,False,False,False,0,0,0,0,0,False,False,205.0,62.0,Square Leg
1632043,41,4.54,2,0,0,186,4,2,76122,,39423,County Championship Division Two 2026,4,38,Middlesex Men,41,Kent Men,8717091,2026-08-22T18:15:19Z,3,246,False,,,,154,Matt Milnes,2680,Leus du Plooy,39,Ryan Higgins,Left,0,1,1,0,,LengthBall,OutsideOff,Lbw,HitPad,FrontFoot,ForwardDefensive,SeamIn,Round,FastSeam,Right,Null,NotReferred,Null,False,False,False,True,False,True,1890.0,False,False,False,False,False,False,1,0,0,1,0,False,False,15.0,65.0,Backward Point
1632043,41,4.54,2,0,0,186,4,2,76122,,39423,County Championship Division Two 2026,4,38,Middlesex Men,41,Kent Men,8717092,2026-08-22T18:16:13Z,4,247,False,,,,154,Matt Milnes,39,Ryan Higgins,2680,Leus du Plooy,Right,0,0,0,0,,LengthBall,OutsideOff,,None,BackFoot,Pushed,NoMovement,Over,FastSeam,Right,Null,NotReferred,Null,False,False,False,False,False,True,,False,False,False,False,False,False,0,0,0,0,0,False,False,214.0,57.0,Extra Cover
1632043,41,4.54,2,0,0,186,4,2,76122,,39423,County Championship Division Two 2026,4,38,Middlesex Men,41,Kent Men,8717093,2026-08-22T18:16:46Z,5,5,False,,,,154,Matt Milnes,39,Ryan Higgins,2680,Leus du Plooy,Right,0,0,0,0,,LengthBall,OutsideOff,Caught,Missed,FrontFoot,ForwardDefensive,SeamAway,Over,FastSeam,Right,Null,NotReferred,Null,False,False,False,False,False,True,1890.0,False,False,False,False,False,False,0,0,0,0,0,False,False,,,Wicketkeeper
1632043,41,4.54,2,0,0,186,4,2,76122,,39423,County Championship Division Two 2026,4,38,Middlesex Men,41,Kent Men,8717094,2026-08-22T18:17:26Z,6,249,False,,,,154,Matt Milnes,39,Ryan Higgins,2680,Leus du Plooy,Right,1,0,1,1,,LengthBall,OutsideOff,,None,DownTheTrack,Worked,NoMovement,Over,FastSeam,Right,Null,NotReferred,Null,False,False,False,False,False,True,,False,False,False,False,False,False,1,0,0,0,0,False,False,290.0,59.0,Mid On
1632044,42,4.43,0,0,0,186,4,0,76122,,39423,County Championship Division Two 2026,4,38,Middlesex Men,41,Kent Men,8717095,2026-08-22T18:18:22Z,1,250,False,,,,248,Matt Parkinson,39,Ryan Higgins,2680,Leus du Plooy,Right,0,0,0,0,,LengthBall,OutsideOff,,None,FrontFoot,ForwardDefensive,LegSpinner,Over,LegSpin,Right,Null,NotReferred,Null,False,False,False,False,False,True,,False,False,False,False,False,False,0,0,0,0,0,False,False,227.0,31.0,Extra Cover
1632044,42,4.43,0,0,0,186,4,0,76122,,39423,County Championship Division Two 2026,4,38,Middlesex Men,41,Kent Men,8717096,2026-08-22T18:18:40Z,2,251,False,,,,248,Matt Parkinson,39,Ryan Higgins,2680,Leus du Plooy,Right,0,0,0,0,,LengthBall,OffStump,,None,FrontFoot,ForwardDefensive,LegSpinner,Over,LegSpin,Right,Null,NotReferred,Null,False,False,False,False,False,True,,False,False,False,False,False,False,0,0,0,0,0,False,False,228.0,33.0,Extra Cover
1632044,42,4.43,0,0,0,186,4,0,76122,,39423,County Championship Division Two 2026,4,38,Middlesex Men,41,Kent Men,8717097,2026-08-22T18:19:11Z,3,252,False,,,,248,Matt Parkinson,39,Ryan Higgins,2680,Leus du Plooy,Right,0,0,0,0,,LengthBall,OutsideOff,,None,FrontFoot,ForwardDefensive,LegSpinner,Over,LegSpin,Right,Null,NotReferred,Null,False,False,False,False,False,True,,False,False,False,False,False,False,0,0,0,0,0,False,False,163.0,46.0,Backward Point
1632044,42,4.43,0,0,0,186,4,0,76122,,39423,County Championship Division Two 2026,4,38,Middlesex Men,41,Kent Men,8717098,2026-08-22T18:19:28Z,4,253,False,,,,248,Matt Parkinson,39,Ryan Higgins,2680,Leus du Plooy,Right,0,0,0,0,,LengthBall,OffStump,,None,FrontFoot,ForwardDefensive,QuickerBall,Over,LegSpin,Right,Null,NotReferred,Null,False,False,False,False,False,True,,False,False,False,False,False,False,0,0,0,0,0,False,False,221.0,37.0,Extra Cover
1632044,42,4.43,0,0,0,186,4,0,76122,,39423,County Championship Division Two 2026,4,38,Middlesex Men,41,Kent Men,8717099,2026-08-22T18:19:48Z,5,254,False,,,,248,Matt Parkinson,39,Ryan Higgins,2680,Leus du Plooy,Right,0,0,0,0,,HalfVolley,OffStump,,None,FrontFoot,ForwardDefensive,LegSpinner,Over,LegSpin,Right,Null,NotReferred,Null,False,False,False,False,False,True,,False,False,False,False,False,False,0,0,0,0,0,False,False,166.0,38.0,Backward Point
1632044,42,4.43,0,0,0,186,4,0,76122,,39423,County Championship Division Two 2026,4,38,Middlesex Men,41,Kent Men,8717100,2026-08-22T18:20:06Z,6,255,False,,,,248,Matt Parkinson,39,Ryan Higgins,2680,Leus du Plooy,Right,0,0,0,0,,LengthBall,OutsideOff,,None,BackFoot,BackwardDefensive,Slider,Over,LegSpin,Right,Null,NotReferred,Null,False,False,False,False,False,True,,False,False,False,False,False,False,0,0,0,0,0,False,False,225.0,31.0,Extra Cover
1632286,43,4.37,2,0,0,188,4,2,76122,,39423,County Championship Division Two 2026,4,38,Middlesex Men,41,Kent Men,8718595,2026-08-23T09:58:43Z,1,256,False,,,,154,Matt Milnes,2680,Leus du Plooy,39,Ryan Higgins,Left,0,0,0,0,,LengthBall,OffStump,,Missed,FrontFoot,ForwardDefensive,SeamAway,Over,FastSeam,Right,Null,NotReferred,Null,False,False,False,False,False,True,,False,False,False,False,False,False,0,0,0,0,0,False,False,,,Wicketkeeper
1632286,43,4.37,2,0,0,188,4,2,76122,,39423,County Championship Division Two 2026,4,38,Middlesex Men,41,Kent Men,8718597,2026-08-23T09:59:19Z,2,257,False,,,,154,Matt Milnes,2680,Leus du Plooy,39,Ryan Higgins,Left,0,0,0,0,,LengthBall,OffStump,,WellTimed,FrontFoot,ForwardDefensive,NoMovement,Over,FastSeam,Right,Null,NotReferred,Null,False,False,False,False,False,True,,False,False,False,False,False,False,0,0,0,0,0,False,False,290.0,71.0,Mid Off
1632286,43,4.37,2,0,0,188,4,2,76122,,39423,County Championship Division Two 2026,4,38,Middlesex Men,41,Kent Men,8718600,2026-08-23T09:59:52Z,3,258,False,,,,154,Matt Milnes,2680,Leus du Plooy,39,Ryan Higgins,Left,0,0,0,0,,LengthBall,MiddleStump,,None,FrontFoot,ForwardDefensive,NoMovement,Over,FastSeam,Right,Null,NotReferred,Null,False,False,False,False,False,True,,False,False,False,False,False,False,0,0,0,0,0,False,False,295.0,33.0,Bowler
1632286,43,4.37,2,0,0,188,4,2,76122,,39423,County Championship Division Two 2026,4,38,Middlesex Men,41,Kent Men,8718606,2026-08-23T10:00:31Z,4,259,False,,,,154,Matt Milnes,2680,Leus du Plooy,39,Ryan Higgins,Left,0,0,0,0,,LengthBall,MiddleStump,Lbw,HitPad,DownTheTrack,ForwardDefensive,SeamIn,Over,FastSeam,Right,Null,NotReferred,Null,False,False,False,False,False,True,1890.0,False,False,False,False,False,False,0,0,0,0,0,False,False,1.0,20.0,Backward Point
1632286,43,4.37,2,0,0,188,4,2,76122,,39423,County Championship Division Two 2026,4,38,Middlesex Men,41,Kent Men,8718612,2026-08-23T10:01:10Z,5,260,False,,,,154,Matt Milnes,2680,Leus du Plooy,39,Ryan Higgins,Left,1,0,1,1,,LengthBall,LegStump,,WellTimed,DownTheTrack,Flick,NoMovement,Over,FastSeam,Right,Null,NotReferred,Null,False,False,False,False,False,True,,False,False,False,False,False,False,1,0,0,0,0,False,False,135.0,119.0,Fine Leg
1632286,43,4.37,2,0,0,188,4,2,76122,,39423,County Championship Division Two 2026,4,38,Middlesex Men,41,Kent Men,8718622,2026-08-23T10:02:01Z,6,261,False,,,,154,Matt Milnes,39,Ryan Higgins,2680,Leus du Plooy,Right,1,0,1,1,,LengthBall,OffStump,,None,FrontFoot,Pushed,NoMovement,Over,FastSeam,Right,Null,NotReferred,Null,False,False,False,False,False,True,,False,False,False,False,False,False,1,0,0,0,0,False,False,290.0,59.0,Mid On
1632294,44,4.41,6,1,0,194,5,6,76122,,39423,County Championship Division Two 2026,4,38,Middlesex Men,41,Kent Men,8718644,2026-08-23T10:03:17Z,1,262,False,,,,527,Matt Quinn,39,Ryan Higgins,2680,Leus du Plooy,Right,2,0,2,2,,LengthBall,OffStump,,WellTimed,FrontFoot,Worked,NoMovement,Over,Medium,Right,Null,NotReferred,Null,False,False,False,False,False,True,,False,False,False,False,False,False,2,0,0,0,0,False,False,322.0,132.0,Deep Mid Wicket
1632294,44,4.41,6,1,0,194,5,6,76122,,39423,County Championship Division Two 2026,4,38,Middlesex Men,41,Kent Men,8718648,2026-08-23T10:03:56Z,2,263,True,Bowled,39.0,Ryan Higgins,527,Matt Quinn,39,Ryan Higgins,2680,Leus du Plooy,Right,0,0,0,0,Bowled,LengthBall,OutsideOff,Bowled,Missed,FrontFoot,Pushed,SeamIn,Over,Medium,Right,Null,NotReferred,Null,False,False,False,False,False,True,1808.0,False,False,False,False,False,False,0,0,0,0,0,False,False,,,
1632294,44,4.41,6,1,0,194,5,6,76122,,39423,County Championship Division Two 2026,4,38,Middlesex Men,41,Kent Men,8718670,2026-08-23T10:05:43Z,3,264,False,,,,527,Matt Quinn,7092,Joe Cracknell,2680,Leus du Plooy,Right,0,4,4,0,,HalfVolley,LegStump,,HitPad,FrontFoot,Flick,NoMovement,Over,Medium,Right,Null,NotReferred,Null,False,False,False,True,False,True,,False,False,False,False,False,False,4,0,0,4,0,False,False,,,
1632294,44,4.41,6,1,0,194,5,6,76122,,39423,County Championship Division Two 2026,4,38,Middlesex Men,41,Kent Men,8718679,2026-08-23T10:06:25Z,4,265,False,,,,527,Matt Quinn,7092,Joe Cracknell,2680,Leus du Plooy,Right,0,0,0,0,,LengthBall,OutsideOff,,WellTimed,FrontFoot,ForwardDefensive,SeamIn,Over,Medium,Right,Null,NotReferred,Null,False,False,False,False,False,True,,False,False,False,False,False,False,0,0,0,0,0,False,False,223.0,46.0,Extra Cover
1632294,44,4.41,6,1,0,194,5,6,76122,,39423,County Championship Division Two 2026,4,38,Middlesex Men,41,Kent Men,8718685,2026-08-23T10:06:58Z,5,266,False,,,,527,Matt Quinn,7092,Joe Cracknell,2680,Leus du Plooy,Right,0,0,0,0,,LengthBall,OutsideOff,,None,BackFoot,Pushed,NoMovement,Over,Medium,Right,Null,NotReferred,Null,False,False,False,False,False,True,,False,False,False,False,False,False,0,0,0,0,0,False,False,169.0,68.0,Backward Point
1632294,44,4.41,6,1,0,194,5,6,76122,,39423,County Championship Division Two 2026,4,38,Middlesex Men,41,Kent Men,8718688,2026-08-23T10:07:35Z,6,267,False,,,,527,Matt Quinn,7092,Joe Cracknell,2680,Leus du Plooy,Right,0,0,0,0,,LengthBall,OutsideOff,,None,FrontFoot,ForwardDefensive,SeamIn,Over,Medium,Right,Null,NotReferred,Null,False,False,False,False,False,True,,False,False,False,False,False,False,0,0,0,0,0,False,False,243.0,68.0,Mid Off
1632305,45,4.44,6,0,0,200,5,6,76122,,39423,County Championship Division Two 2026,4,38,Middlesex Men,41,Kent Men,8718701,2026-08-23T10:08:25Z,1,268,False,,,,154,Matt Milnes,2680,Leus du Plooy,7092,Joe Cracknell,Left,1,0,1,1,,LengthBall,MiddleStump,,None,DownTheTrack,Dropped,NoMovement,Over,FastSeam,Right,Null,NotReferred,Null,False,False,False,False,False,True,,False,False,False,False,False,False,1,0,0,0,0,False,False,230.0,43.0,Mid Wicket
1632305,45,4.44,6,0,0,200,5,6,76122,,39423,County Championship Division Two 2026,4,38,Middlesex Men,41,Kent Men,8718711,2026-08-23T10:09:14Z,2,269,False,,,,154,Matt Milnes,7092,Joe Cracknell,2680,Leus du Plooy,Right,4,0,4,4,,HalfVolley,OutsideOff,,WellTimed,FrontFoot,Drive,NoMovement,Over,FastSeam,Right,Null,NotReferred,Null,False,False,False,False,False,True,,False,False,False,False,False,False,4,0,0,0,0,True,False,241.0,179.0,
1632305,45,4.44,6,0,0,200,5,6,76122,,39423,County Championship Division Two 2026,4,38,Middlesex Men,41,Kent Men,8718720,2026-08-23T10:09:52Z,3,270,False,,,,154,Matt Milnes,7092,Joe Cracknell,2680,Leus du Plooy,Right,0,0,0,0,,LengthBall,OffStump,Caught,Missed,FrontFoot,ForwardDefensive,SeamAway,Over,FastSeam,Right,Null,NotReferred,Null,False,False,False,False,False,True,1890.0,False,False,False,False,False,False,0,0,0,0,0,False,False,95.0,21.0,Wicketkeeper
1632305,45,4.44,6,0,0,200,5,6,76122,,39423,County Championship Division Two 2026,4,38,Middlesex Men,41,Kent Men,8718726,2026-08-23T10:10:38Z,4,271,False,,,,154,Matt Milnes,7092,Joe Cracknell,2680,Leus du Plooy,Right,1,0,1,1,,LengthBall,OutsideOff,,None,FrontFoot,Pushed,NoMovement,Over,FastSeam,Right,Null,NotReferred,Null,False,False,False,False,False,True,,False,False,False,False,False,False,1,0,0,0,0,False,False,215.0,53.0,Extra Cover
1632305,45,4.44,6,0,0,200,5,6,76122,,39423,County Championship Division Two 2026,4,38,Middlesex Men,41,Kent Men,8718732,2026-08-23T10:11:22Z,5,272,False,,,,154,Matt Milnes,2680,Leus du Plooy,7092,Joe Cracknell,Left,0,0,0,0,,LengthBall,OffStump,,Missed,FrontFoot,ForwardDefensive,SeamAway,Over,FastSeam,Right,Null,NotReferred,Null,False,False,False,False,False,True,,False,False,False,False,False,False,0,0,0,0,0,False,False,,,Wicketkeeper
1632305,45,4.44,6,0,0,200,5,6,76122,,39423,County Championship Division Two 2026,4,38,Middlesex Men,41,Kent Men,8718739,2026-08-23T10:11:58Z,6,273,False,,,,154,Matt Milnes,2680,Leus du Plooy,7092,Joe Cracknell,Left,0,0,0,0,,LengthBall,MiddleStump,,Missed,DownTheTrack,BackwardDefensive,SeamAway,Over,FastSeam,Right,Null,NotReferred,Null,False,False,False,False,False,True,,False,False,False,False,False,False,0,0,0,0,0,False,False,,,Wicketkeeper
1632314,46,4.35,0,0,0,200,5,0,76122,,39423,County Championship Division Two 2026,4,38,Middlesex Men,41,Kent Men,8718754,2026-08-23T10:13:30Z,1,274,False,,,,527,Matt Quinn,7092,Joe Cracknell,2680,Leus du Plooy,Right,0,0,0,0,,LengthBall,OutsideOff,Lbw,HitPad,FrontFoot,ForwardDefensive,SeamIn,Over,Medium,Right,Null,NotReferred,Null,False,False,False,False,False,True,1808.0,False,False,False,False,False,False,0,0,0,0,0,False,False,,,Bowler
1632314,46,4.35,0,0,0,200,5,0,76122,,39423,County Championship Division Two 2026,4,38,Middlesex Men,41,Kent Men,8718767,2026-08-23T10:14:13Z,2,2,False,,,,527,Matt Quinn,7092,Joe Cracknell,2680,Leus du Plooy,Right,0,0,0,0,,BackOfALength,OutsideOff,,None,BackFoot,Drive,NoMovement,Over,Medium,Right,Null,NotReferred,Null,False,False,False,False,False,True,,False,False,False,False,False,False,0,0,0,0,0,False,False,206.0,52.0,Cover
1632314,46,4.35,0,0,0,200,5,0,76122,,39423,County Championship Division Two 2026,4,38,Middlesex Men,41,Kent Men,8718779,2026-08-23T10:14:45Z,3,276,False,,,,527,Matt Quinn,7092,Joe Cracknell,2680,Leus du Plooy,Right,0,0,0,0,,LengthBall,OutsideOff,,None,FrontFoot,ForwardDefensive,SeamIn,Over,Medium,Right,Null,NotReferred,Null,False,False,False,False,False,True,,False,False,False,False,False,False,0,0,0,0,0,False,False,271.0,41.0,Bowler
1632314,46,4.35,0,0,0,200,5,0,76122,,39423,County Championship Division Two 2026,4,38,Middlesex Men,41,Kent Men,8718786,2026-08-23T10:15:19Z,4,277,False,,,,527,Matt Quinn,7092,Joe Cracknell,2680,Leus du Plooy,Right,0,0,0,0,,LengthBall,OutsideOff,,Missed,BackFoot,BackwardDefensive,SeamAway,Over,Medium,Right,Null,NotReferred,Null,False,False,False,False,False,True,,False,False,False,False,False,False,0,0,0,0,0,False,False,,,Wicketkeeper
1632314,46,4.35,0,0,0,200,5,0,76122,,39423,County Championship Division Two 2026,4,38,Middlesex Men,41,Kent Men,8718795,2026-08-23T10:15:53Z,5,278,False,,,,527,Matt Quinn,7092,Joe Cracknell,2680,Leus du Plooy,Right,0,0,0,0,,LengthBall,OutsideOff,,HitPad,FrontFoot,Pushed,SeamIn,Over,Medium,Right,Null,NotReferred,Null,False,False,False,False,False,True,,False,False,False,False,False,False,0,0,0,0,0,False,False,215.0,26.0,Wicketkeeper
1632314,46,4.35,0,0,0,200,5,0,76122,,39423,County Championship Division Two 2026,4,38,Middlesex Men,41,Kent Men,8718802,2026-08-23T10:16:32Z,6,279,False,,,,527,Matt Quinn,7092,Joe Cracknell,2680,Leus du Plooy,Right,0,0,0,0,,LengthBall,OutsideOff,,Left,NoMovement,Leave,SeamAway,Over,Medium,Right,Null,NotReferred,Null,False,False,False,False,False,True,,False,False,False,False,False,False,0,0,0,0,0,False,False,,,Wicketkeeper
1632323,47,4.43,8,0,0,208,5,8,76122,,39423,County Championship Division Two 2026,4,38,Middlesex Men,41,Kent Men,8718811,2026-08-23T10:17:17Z,1,280,False,,,,154,Matt Milnes,2680,Leus du Plooy,7092,Joe Cracknell,Left,0,0,0,0,,LengthBall,MiddleStump,,None,BackFoot,Dropped,NoMovement,Over,FastSeam,Right,Null,NotReferred,Null,False,False,False,False,False,True,,False,False,False,False,False,False,0,0,0,0,0,False,False,9.0,48.0,Backward Point
1632323,47,4.43,8,0,0,208,5,8,76122,,39423,County Championship Division Two 2026,4,38,Middlesex Men,41,Kent Men,8718816,2026-08-23T10:17:50Z,2,281,False,,,,154,Matt Milnes,2680,Leus du Plooy,7092,Joe Cracknell,Left,1,0,1,1,,LengthBall,MiddleStump,,None,DownTheTrack,Worked,NoMovement,Over,FastSeam,Right,Null,NotReferred,Null,False,False,False,False,False,True,,False,False,False,False,False,False,1,0,0,0,0,False,False,168.0,105.0,Deep Backward Square Leg
1632323,47,4.43,8,0,0,208,5,8,76122,,39423,County Championship Division Two 2026,4,38,Middlesex Men,41,Kent Men,8718826,2026-08-23T10:18:31Z,3,282,False,,,,154,Matt Milnes,7092,Joe Cracknell,2680,Leus du Plooy,Right,0,0,0,0,,HalfVolley,MiddleStump,,InsideEdge,FrontFoot,Worked,InSwinger,Over,FastSeam,Right,Null,NotReferred,Null,False,False,False,False,False,True,,False,False,False,False,False,False,0,0,0,0,0,False,False,138.0,22.0,Gully
1632323,47,4.43,8,0,0,208,5,8,76122,,39423,County Championship Division Two 2026,4,38,Middlesex Men,41,Kent Men,8718832,2026-08-23T10:19:08Z,4,283,False,,,,154,Matt Milnes,7092,Joe Cracknell,2680,Leus du Plooy,Right,0,0,0,0,,LengthBall,OutsideOff,,Missed,FrontFoot,ForwardDefensive,SeamAway,Over,FastSeam,Right,Null,NotReferred,Null,False,False,False,False,False,True,,False,False,False,False,False,False,0,0,0,0,0,False,False,,,Wicketkeeper
1632323,47,4.43,8,0,0,208,5,8,76122,,39423,County Championship Division Two 2026,4,38,Middlesex Men,41,Kent Men,8718841,2026-08-23T10:19:46Z,5,284,False,,,,154,Matt Milnes,7092,Joe Cracknell,2680,Leus du Plooy,Right,1,1,1,0,,HalfTracker,OutsideOff,,Left,SwayedAway,Leave,NoMovement,Over,FastSeam,Right,Null,NotReferred,Null,True,False,False,False,False,True,,False,False,False,False,False,False,1,0,1,0,0,False,False,,,Wicketkeeper
1632323,47,4.43,8,0,0,208,5,8,76122,,39423,County Championship Division Two 2026,4,38,Middlesex Men,41,Kent Men,8718847,2026-08-23T10:20:22Z,5,285,False,,,,154,Matt Milnes,7092,Joe Cracknell,2680,Leus du Plooy,Right,4,0,4,4,,LengthBall,OutsideOff,,OutsideEdge,FrontFoot,ForwardDefensive,SeamIn,Over,FastSeam,Right,Null,NotReferred,Null,False,False,False,False,False,True,,False,False,False,False,False,False,4,0,0,0,0,True,False,118.0,161.0,
1632323,47,4.43,8,0,0,208,5,8,76122,,39423,County Championship Division Two 2026,4,38,Middlesex Men,41,Kent Men,8718855,2026-08-23T10:21:05Z,6,286,False,,,,154,Matt Milnes,7092,Joe Cracknell,2680,Leus du Plooy,Right,2,0,2,2,,HalfVolley,OffStump,,WellTimed,FrontFoot,Worked,NoMovement,Over,FastSeam,Right,Null,NotReferred,Null,False,False,False,False,False,True,,False,False,False,False,False,False,2,0,0,0,0,False,False,311.0,138.0,Deep Mid Wicket
1632334,48,4.35,1,0,0,209,5,1,76122,,39423,County Championship Division Two 2026,4,38,Middlesex Men,41,Kent Men,8718874,2026-08-23T10:22:33Z,1,287,False,,,,527,Matt Quinn,2680,Leus du Plooy,7092,Joe Cracknell,Left,0,0,0,0,,LengthBall,OutsideOff,,ShouldersArms,NoMovement,ShouldersArms,SeamAway,Round,Medium,Right,Null,NotReferred,Null,False,False,False,False,False,True,,False,False,False,False,False,False,0,0,0,0,0,False,False,,,Wicketkeeper
1632334,48,4.35,1,0,0,209,5,1,76122,,39423,County Championship Division Two 2026,4,38,Middlesex Men,41,Kent Men,8718885,2026-08-23T10:23:07Z,2,288,False,,,,527,Matt Quinn,2680,Leus du Plooy,7092,Joe Cracknell,Left,0,0,0,0,,LengthBall,OutsideOff,,None,BackFoot,Dropped,NoMovement,Round,Medium,Right,Null,NotReferred,Null,False,False,False,False,False,True,,False,False,False,False,False,False,0,0,0,0,0,False,False,214.0,41.0,Mid Wicket
1632334,48,4.35,1,0,0,209,5,1,76122,,39423,County Championship Division Two 2026,4,38,Middlesex Men,41,Kent Men,8718889,2026-08-23T10:23:40Z,3,289,False,,,,527,Matt Quinn,2680,Leus du Plooy,7092,Joe Cracknell,Left,1,0,1,1,,LengthBall,OffStump,,None,BackFoot,Worked,SeamIn,Round,Medium,Right,Null,NotReferred,Null,False,False,False,False,False,True,,False,False,False,False,False,False,1,0,0,0,0,False,False,129.0,125.0,Fine Leg
1632334,48,4.35,1,0,0,209,5,1,76122,,39423,County Championship Division Two 2026,4,38,Middlesex Men,41,Kent Men,8718897,2026-08-23T10:24:20Z,4,290,False,,,,527,Matt Quinn,7092,Joe Cracknell,2680,Leus du Plooy,Right,0,0,0,0,,LengthBall,OutsideOff,,Missed,FrontFoot,ForwardDefensive,SeamAway,Over,Medium,Right,Null,NotReferred,Null,False,False,False,False,False,True,,False,False,False,False,False,False,0,0,0,0,0,False,False,,,Wicketkeeper
1632334,48,4.35,1,0,0,209,5,1,76122,,39423,County Championship Division Two 2026,4,38,Middlesex Men,41,Kent Men,8718905,2026-08-23T10:24:56Z,5,5,False,,,,527,Matt Quinn,7092,Joe Cracknell,2680,Leus du Plooy,Right,0,0,0,0,,LengthBall,OffStump,,None,FrontFoot,ForwardDefensive,NoMovement,Over,Medium,Right,Null,NotReferred,Null,False,False,False,False,False,True,,False,False,False,False,False,False,0,0,0,0,0,False,False,304.0,49.0,Mid Wicket
1632334,48,4.35,1,0,0,209,5,1,76122,,39423,County Championship Division Two 2026,4,38,Middlesex Men,41,Kent Men,8718912,2026-08-23T10:25:30Z,6,292,False,,,,527,Matt Quinn,7092,Joe Cracknell,2680,Leus du Plooy,Right,0,0,0,0,,LengthBall,OutsideOff,,None,FrontFoot,ForwardDefensive,SeamIn,Over,Medium,Right,Null,NotReferred,Null,False,False,False,False,False,True,,False,False,False,False,False,False,0,0,0,0,0,False,False,217.0,43.0,Extra Cover
1632342,49,4.29,1,1,0,210,6,1,76122,,39423,County Championship Division Two 2026,4,38,Middlesex Men,41,Kent Men,8718926,2026-08-23T10:26:27Z,1,293,True,Bowled,2680.0,Leus du Plooy,154,Matt Milnes,2680,Leus du Plooy,7092,Joe Cracknell,Left,0,0,0,0,Bowled,HalfVolley,MiddleStump,Bowled,Missed,DownTheTrack,Pushed,InSwinger,Over,FastSeam,Right,Null,NotReferred,Null,False,False,False,False,False,True,1890.0,False,False,False,False,False,False,0,0,0,0,0,False,False,,,
1632342,49,4.29,1,1,0,210,6,1,76122,,39423,County Championship Division Two 2026,4,38,Middlesex Men,41,Kent Men,8718944,2026-08-23T10:28:20Z,2,2,False,,,,154,Matt Milnes,4202,Zafar Gohar,7092,Joe Cracknell,Left,0,0,0,0,,LengthBall,OffStump,,None,FrontFoot,ForwardDefensive,NoMovement,Over,FastSeam,Right,Null,NotReferred,Null,False,False,False,False,False,True,,False,False,False,False,False,False,0,0,0,0,0,False,False,16.0,70.0,Backward Point
1632342,49,4.29,1,1,0,210,6,1,76122,,39423,County Championship Division Two 2026,4,38,Middlesex Men,41,Kent Men,8718951,2026-08-23T10:28:58Z,3,295,False,,,,154,Matt Milnes,4202,Zafar Gohar,7092,Joe Cracknell,Left,0,0,0,0,,LengthBall,OffStump,,Missed,FrontFoot,ForwardDefensive,SeamAway,Over,FastSeam,Right,Null,NotReferred,Null,False,False,False,False,False,True,,False,False,False,False,False,False,0,0,0,0,0,False,False,,,Wicketkeeper
1632342,49,4.29,1,1,0,210,6,1,76122,,39423,County Championship Division Two 2026,4,38,Middlesex Men,41,Kent Men,8718960,2026-08-23T10:29:35Z,4,296,False,,,,154,Matt Milnes,4202,Zafar Gohar,7092,Joe Cracknell,Left,0,0,0,0,,LengthBall,OutsideOff,,MisTimed,DownTheTrack,Pushed,NoMovement,Over,FastSeam,Right,Null,NotReferred,Null,False,False,False,False,False,True,,False,False,False,False,False,False,0,0,0,0,0,False,False,246.0,62.0,Mid On
1632342,49,4.29,1,1,0,210,6,1,76122,,39423,County Championship Division Two 2026,4,38,Middlesex Men,41,Kent Men,8718969,2026-08-23T10:30:12Z,5,297,False,,,,154,Matt Milnes,4202,Zafar Gohar,7092,Joe Cracknell,Left,0,0,0,0,,LengthBall,OutsideOff,,Left,NoMovement,Leave,SeamAway,Over,FastSeam,Right,Null,NotReferred,Null,False,False,False,False,False,True,,False,False,False,False,False,False,0,0,0,0,0,False,False,,,Wicketkeeper
1632342,49,4.29,1,1,0,210,6,1,76122,,39423,County Championship Division Two 2026,4,38,Middlesex Men,41,Kent Men,8718987,2026-08-23T10:30:56Z,6,298,False,,,,154,Matt Milnes,4202,Zafar Gohar,7092,Joe Cracknell,Left,1,0,1,1,,LengthBall,OutsideOff,,OutsideEdge,DownTheTrack,Pushed,AwaySwinger,Round,FastSeam,Right,Null,NotReferred,Null,False,False,False,False,False,True,,False,False,False,False,False,False,1,0,0,0,0,False,False,82.0,121.0,Third Man
1632355,50,4.2,0,1,0,210,7,0,76122,,39423,County Championship Division Two 2026,4,38,Middlesex Men,41,Kent Men,8719007,2026-08-23T10:32:49Z,1,299,False,,,,527,Matt Quinn,4202,Zafar Gohar,7092,Joe Cracknell,Left,0,0,0,0,,LengthBall,OutsideOff,,None,FrontFoot,ForwardDefensive,SeamIn,Round,Medium,Right,Null,NotReferred,Null,False,False,False,False,False,True,,False,False,False,False,False,False,0,0,0,0,0,False,False,308.0,49.0,Extra Cover
1632355,50,4.2,0,1,0,210,7,0,76122,,39423,County Championship Division Two 2026,4,38,Middlesex Men,41,Kent Men,8719013,2026-08-23T10:33:22Z,2,300,False,,,,527,Matt Quinn,4202,Zafar Gohar,7092,Joe Cracknell,Left,0,0,0,0,,LengthBall,OutsideOff,,None,BackFoot,BackwardDefensive,NoMovement,Round,Medium,Right,Null,NotReferred,Null,False,False,False,False,False,True,,False,False,False,False,False,False,0,0,0,0,0,False,False,32.0,13.0,Gully
1632355,50,4.2,0,1,0,210,7,0,76122,,39423,County Championship Division Two 2026,4,38,Middlesex Men,41,Kent Men,8719021,2026-08-23T10:33:58Z,3,301,False,,,,527,Matt Quinn,4202,Zafar Gohar,7092,Joe Cracknell,Left,0,0,0,0,,LengthBall,OutsideOff,,None,FrontFoot,ForwardDefensive,SeamIn,Round,Medium,Right,Null,NotReferred,Null,False,False,False,False,False,True,,False,False,False,False,False,False,0,0,0,0,0,False,False,244.0,48.0,Mid On
1632355,50,4.2,0,1,0,210,7,0,76122,,39423,County Championship Division Two 2026,4,38,Middlesex Men,41,Kent Men,8719025,2026-08-23T10:34:35Z,4,302,False,,,,527,Matt Quinn,4202,Zafar Gohar,7092,Joe Cracknell,Left,0,0,0,0,,LengthBall,OutsideOff,,None,FrontFoot,ForwardDefensive,SeamIn,Round,Medium,Right,Null,NotReferred,Null,False,False,False,False,False,True,,False,False,False,False,False,False,0,0,0,0,0,False,False,326.0,57.0,Extra Cover
1632355,50,4.2,0,1,0,210,7,0,76122,,39423,County Championship Division Two 2026,4,38,Middlesex Men,41,Kent Men,8719038,2026-08-23T10:35:11Z,5,303,True,Lbw,4202.0,Zafar Gohar,527,Matt Quinn,4202,Zafar Gohar,7092,Joe Cracknell,Left,0,0,0,0,LBW,LengthBall,OutsideOff,Lbw,HitPad,FrontFoot,ForwardDefensive,SeamIn,Round,Medium,Right,Null,NotReferred,Null,False,False,False,False,False,True,1808.0,False,False,False,False,False,False,0,0,0,0,0,False,False,,,
1632355,50,4.2,0,1,0,210,7,0,76122,,39423,County Championship Division Two 2026,4,38,Middlesex Men,41,Kent Men,8719063,2026-08-23T10:37:17Z,6,304,False,,,,527,Matt Quinn,1739,Toby Roland-Jones,7092,Joe Cracknell,Right,0,0,0,0,,LengthBall,OutsideOff,,Left,NoMovement,Leave,AwaySwinger,Over,Medium,Right,Null,NotReferred,Null,False,False,False,False,False,True,,False,False,False,False,False,False,0,0,0,0,0,False,False,,,Wicketkeeper
1632368,51,4.22,5,0,0,215,7,5,76122,,39423,County Championship Division Two 2026,4,38,Middlesex Men,41,Kent Men,8719082,2026-08-23T10:38:47Z,1,305,False,,,,154,Matt Milnes,7092,Joe Cracknell,1739,Toby Roland-Jones,Right,0,0,0,0,,HalfVolley,OutsideOff,,None,FrontFoot,Pushed,NoMovement,Over,FastSeam,Right,Null,NotReferred,Null,False,False,False,False,False,True,,False,False,False,False,False,False,0,0,0,0,0,False,False,216.0,55.0,Extra Cover
1632368,51,4.22,5,0,0,215,7,5,76122,,39423,County Championship Division Two 2026,4,38,Middlesex Men,41,Kent Men,8719087,2026-08-23T10:39:21Z,2,306,False,,,,154,Matt Milnes,7092,Joe Cracknell,1739,Toby Roland-Jones,Right,0,0,0,0,,HalfVolley,OffStump,,None,FrontFoot,Drive,NoMovement,Over,FastSeam,Right,Null,NotReferred,Null,False,False,False,False,False,True,,False,False,False,False,False,False,0,0,0,0,0,False,False,272.0,68.0,Mid On
1632368,51,4.22,5,0,0,215,7,5,76122,,39423,County Championship Division Two 2026,4,38,Middlesex Men,41,Kent Men,8719095,2026-08-23T10:39:57Z,3,307,False,,,,154,Matt Milnes,7092,Joe Cracknell,1739,Toby Roland-Jones,Right,0,0,0,0,,LengthBall,OutsideOff,,None,BackFoot,BackwardDefensive,NoMovement,Over,FastSeam,Right,Null,NotReferred,Null,False,False,False,False,False,True,,False,False,False,False,False,False,0,0,0,0,0,False,False,208.0,51.0,Cover
1632368,51,4.22,5,0,0,215,7,5,76122,,39423,County Championship Division Two 2026,4,38,Middlesex Men,41,Kent Men,8719107,2026-08-23T10:40:32Z,4,308,False,,,,154,Matt Milnes,7092,Joe Cracknell,1739,Toby Roland-Jones,Right,1,0,1,1,,LengthBall,OutsideOff,,ThickEdge,FrontFoot,ForwardDefensive,SeamIn,Over,FastSeam,Right,Null,NotReferred,Null,False,False,False,False,False,True,,False,False,False,False,False,False,1,0,0,0,0,False,False,200.0,54.0,Cover
1632368,51,4.22,5,0,0,215,7,5,76122,,39423,County Championship Division Two 2026,4,38,Middlesex Men,41,Kent Men,8719114,2026-08-23T10:41:15Z,5,309,False,,,,154,Matt Milnes,1739,Toby Roland-Jones,7092,Joe Cracknell,Right,4,0,4,4,,HalfVolley,OutsideOff,,Middled,FrontFoot,Drive,NoMovement,Over,FastSeam,Right,Null,NotReferred,Null,False,False,False,False,False,True,,False,False,False,False,False,False,4,0,0,0,0,True,False,221.0,177.0,
1632368,51,4.22,5,0,0,215,7,5,76122,,39423,County Championship Division Two 2026,4,38,Middlesex Men,41,Kent Men,8719122,2026-08-23T10:41:53Z,6,310,False,,,,154,Matt Milnes,1739,Toby Roland-Jones,7092,Joe Cracknell,Right,0,0,0,0,,HalfVolley,OffStump,,Middled,FrontFoot,Flick,NoMovement,Over,FastSeam,Right,Null,NotReferred,Null,False,False,False,False,False,True,,False,False,False,False,False,False,0,0,0,0,0,False,False,285.0,83.0,Mid On
1632376,52,4.17,2,0,0,217,7,2,76122,,39423,County Championship Division Two 2026,4,38,Middlesex Men,41,Kent Men,8719133,2026-08-23T10:42:51Z,1,311,False,,,,527,Matt Quinn,7092,Joe Cracknell,1739,Toby Roland-Jones,Right,0,0,0,0,,LengthBall,OutsideOff,,HitPad,BackFoot,BackwardDefensive,SeamIn,Over,Medium,Right,Null,NotReferred,Null,False,False,False,False,False,True,,False,False,False,False,False,False,0,0,0,0,0,False,False,,,Wicketkeeper
1632376,52,4.17,2,0,0,217,7,2,76122,,39423,County Championship Division Two 2026,4,38,Middlesex Men,41,Kent Men,8719142,2026-08-23T10:43:25Z,2,312,False,,,,527,Matt Quinn,7092,Joe Cracknell,1739,Toby Roland-Jones,Right,1,0,1,1,,LengthBall,OffStump,,None,FrontFoot,Glance,SeamIn,Over,Medium,Right,Null,NotReferred,Null,False,False,False,False,False,True,,False,False,False,False,False,False,1,0,0,0,0,False,False,63.0,120.0,Fine Leg
1632376,52,4.17,2,0,0,217,7,2,76122,,39423,County Championship Division Two 2026,4,38,Middlesex Men,41,Kent Men,8719149,2026-08-23T10:44:03Z,3,313,False,,,,527,Matt Quinn,1739,Toby Roland-Jones,7092,Joe Cracknell,Right,0,0,0,0,,LengthBall,OutsideOff,,Left,NoMovement,Leave,SeamIn,Over,Medium,Right,Null,NotReferred,Null,False,False,False,False,False,True,,False,False,False,False,False,False,0,0,0,0,0,False,False,,,Wicketkeeper
1632376,52,4.17,2,0,0,217,7,2,76122,,39423,County Championship Division Two 2026,4,38,Middlesex Men,41,Kent Men,8719157,2026-08-23T10:44:36Z,4,314,False,,,,527,Matt Quinn,1739,Toby Roland-Jones,7092,Joe Cracknell,Right,0,0,0,0,,HalfVolley,OffStump,,WellTimed,FrontFoot,Flick,NoMovement,Over,Medium,Right,Null,NotReferred,Null,False,False,False,False,False,True,,False,False,False,False,False,False,0,0,0,0,0,False,False,286.0,88.0,Mid On
1632376,52,4.17,2,0,0,217,7,2,76122,,39423,County Championship Division Two 2026,4,38,Middlesex Men,41,Kent Men,8719164,2026-08-23T10:45:08Z,5,315,False,,,,527,Matt Quinn,1739,Toby Roland-Jones,7092,Joe Cracknell,Right,0,0,0,0,,LengthBall,Wide,,Middled,FrontFoot,Cut,NoMovement,Over,Medium,Right,Null,NotReferred,Null,False,False,False,False,False,True,,False,False,False,False,False,False,0,0,0,0,0,False,False,184.0,75.0,Cover
1632376,52,4.17,2,0,0,217,7,2,76122,,39423,County Championship Division Two 2026,4,38,Middlesex Men,41,Kent Men,8719172,2026-08-23T10:45:40Z,6,316,False,,,,527,Matt Quinn,1739,Toby Roland-Jones,7092,Joe Cracknell,Right,0,1,1,0,,LengthBall,OffStump,,HitPad,BackFoot,Fended,SeamIn,Over,Medium,Right,Null,NotReferred,Null,False,False,False,True,False,True,,False,False,False,False,False,False,1,0,0,1,0,False,False,74.0,103.0,Fine Leg
1632382,53,4.11,1,0,0,218,7,1,76122,,39423,County Championship Division Two 2026,4,38,Middlesex Men,41,Kent Men,8719179,2026-08-23T10:46:37Z,1,317,False,,,,154,Matt Milnes,1739,Toby Roland-Jones,7092,Joe Cracknell,Right,0,0,0,0,,LengthBall,OutsideOff,,None,FrontFoot,Pushed,InSwinger,Over,FastSeam,Right,Null,NotReferred,Null,False,False,False,False,False,True,,False,False,False,False,False,False,0,0,0,0,0,False,False,208.0,61.0,Cover
1632382,53,4.11,1,0,0,218,7,1,76122,,39423,County Championship Division Two 2026,4,38,Middlesex Men,41,Kent Men,8719188,2026-08-23T10:47:11Z,2,318,False,,,,154,Matt Milnes,1739,Toby Roland-Jones,7092,Joe Cracknell,Right,0,0,0,0,,LengthBall,OutsideOff,,None,FrontFoot,Pushed,NoMovement,Over,FastSeam,Right,Null,NotReferred,Null,False,False,False,False,False,True,,False,False,False,False,False,False,0,0,0,0,0,False,False,239.0,66.0,Extra Cover
1632382,53,4.11,1,0,0,218,7,1,76122,,39423,County Championship Division Two 2026,4,38,Middlesex Men,41,Kent Men,8719194,2026-08-23T10:47:47Z,3,319,False,,,,154,Matt Milnes,1739,Toby Roland-Jones,7092,Joe Cracknell,Right,1,0,1,1,,LengthBall,OffStump,,WellTimed,FrontFoot,Flick,InSwinger,Over,FastSeam,Right,Null,NotReferred,Null,False,False,False,False,False,True,,False,False,False,False,False,False,1,0,0,0,0,False,False,60.0,129.0,Fine Leg
1632382,53,4.11,1,0,0,218,7,1,76122,,39423,County Championship Division Two 2026,4,38,Middlesex Men,41,Kent Men,8719201,2026-08-23T10:48:26Z,4,320,False,,,,154,Matt Milnes,7092,Joe Cracknell,1739,Toby Roland-Jones,Right,0,0,0,0,,LengthBall,OutsideOff,,Left,NoMovement,Leave,NoMovement,Over,FastSeam,Right,Null,NotReferred,Null,False,False,False,False,False,True,,False,False,False,False,False,False,0,0,0,0,0,False,False,,,Wicketkeeper
1632382,53,4.11,1,0,0,218,7,1,76122,,39423,County Championship Division Two 2026,4,38,Middlesex Men,41,Kent Men,8719210,2026-08-23T10:49:02Z,5,321,False,,,,154,Matt Milnes,7092,Joe Cracknell,1739,Toby Roland-Jones,Right,0,0,0,0,,LengthBall,OutsideOff,,Spliced,FrontFoot,Dropped,InSwinger,Over,FastSeam,Right,Null,NotReferred,Null,False,False,False,False,False,True,,False,False,False,False,False,False,0,0,0,0,0,False,False,252.0,35.0,Bowler
1632382,53,4.11,1,0,0,218,7,1,76122,,39423,County Championship Division Two 2026,4,38,Middlesex Men,41,Kent Men,8719218,2026-08-23T10:49:39Z,6,322,False,,,,154,Matt Milnes,7092,Joe Cracknell,1739,Toby Roland-Jones,Right,0,0,0,0,,LengthBall,OutsideOff,,Left,NoMovement,Leave,InSwinger,Over,FastSeam,Right,Null,NotReferred,Null,False,False,False,False,False,True,,False,False,False,False,False,False,0,0,0,0,0,False,False,,,Wicketkeeper
1632392,54,4.17,7,0,0,225,7,7,76122,,39423,County Championship Division Two 2026,4,38,Middlesex Men,41,Kent Men,8719233,2026-08-23T10:50:35Z,1,323,False,,,,527,Matt Quinn,1739,Toby Roland-Jones,7092,Joe Cracknell,Right,3,0,3,3,,LengthBall,OutsideOff,,ThickEdge,FrontFoot,Pushed,SeamAway,Over,Medium,Right,Null,NotReferred,Null,False,False,False,False,False,True,,False,False,False,False,False,False,3,0,0,0,0,False,True,154.0,138.0,Deep Backward Point
1632392,54,4.17,7,0,0,225,7,7,76122,,39423,County Championship Division Two 2026,4,38,Middlesex Men,41,Kent Men,8719238,2026-08-23T10:51:16Z,2,324,False,,,,527,Matt Quinn,7092,Joe Cracknell,1739,Toby Roland-Jones,Right,0,0,0,0,,LengthBall,OutsideOff,,None,FrontFoot,ForwardDefensive,SeamIn,Over,Medium,Right,Null,NotReferred,Null,False,False,False,False,False,True,,False,False,False,False,False,False,0,0,0,0,0,False,False,220.0,49.0,Extra Cover
1632392,54,4.17,7,0,0,225,7,7,76122,,39423,County Championship Division Two 2026,4,38,Middlesex Men,41,Kent Men,8719247,2026-08-23T10:51:47Z,3,325,False,,,,527,Matt Quinn,7092,Joe Cracknell,1739,Toby Roland-Jones,Right,0,0,0,0,,LengthBall,OutsideOff,,None,BackFoot,Drive,NoMovement,Over,Medium,Right,Null,NotReferred,Null,False,False,False,False,False,True,,False,False,False,False,False,False,0,0,0,0,0,False,False,204.0,62.0,Cover
1632392,54,4.17,7,0,0,225,7,7,76122,,39423,County Championship Division Two 2026,4,38,Middlesex Men,41,Kent Men,8719254,2026-08-23T10:52:21Z,4,326,False,,,,527,Matt Quinn,7092,Joe Cracknell,1739,Toby Roland-Jones,Right,0,0,0,0,,HalfVolley,OutsideOff,,None,FrontFoot,Pushed,NoMovement,Over,Medium,Right,Null,NotReferred,Null,False,False,False,False,False,True,,False,False,False,False,False,False,0,0,0,0,0,False,False,241.0,78.0,Mid Off
1632392,54,4.17,7,0,0,225,7,7,76122,,39423,County Championship Division Two 2026,4,38,Middlesex Men,41,Kent Men,8719259,2026-08-23T10:52:52Z,5,327,False,,,,527,Matt Quinn,7092,Joe Cracknell,1739,Toby Roland-Jones,Right,0,0,0,0,,LengthBall,OutsideOff,,None,BackFoot,BackwardDefensive,SeamIn,Over,Medium,Right,Null,NotReferred,Null,False,False,False,False,False,True,,False,False,False,False,False,False,0,0,0,0,0,False,False,287.0,81.0,Mid On
1632392,54,4.17,7,0,0,225,7,7,76122,,39423,County Championship Division Two 2026,4,38,Middlesex Men,41,Kent Men,8719267,2026-08-23T10:53:26Z,6,328,False,,,,527,Matt Quinn,7092,Joe Cracknell,1739,Toby Roland-Jones,Right,4,0,4,4,,LengthBall,OutsideOff,,WellTimed,BackFoot,Pull,NoMovement,Over,Medium,Right,Null,NotReferred,Null,False,False,False,False,True,True,,False,False,False,False,False,False,4,0,0,0,0,True,False,346.0,172.0,
1632401,55,4.25,9,1,0,234,8,9,76122,,39423,County Championship Division Two 2026,4,38,Middlesex Men,41,Kent Men,8719284,2026-08-23T10:54:48Z,1,329,True,Bowled,1739.0,Toby Roland-Jones,3730,Keith Dudgeon,1739,Toby Roland-Jones,7092,Joe Cracknell,Right,0,0,0,0,Bowled,HalfVolley,OutsideOff,Bowled,Missed,FrontFoot,Drive,SeamIn,Over,FastSeam,Right,Null,NotReferred,Null,False,False,False,False,False,True,1890.0,False,False,False,False,False,False,0,0,0,0,0,False,False,,,
1632401,55,4.25,9,1,0,234,8,9,76122,,39423,County Championship Division Two 2026,4,38,Middlesex Men,41,Kent Men,8719310,2026-08-23T10:56:35Z,2,330,False,,,,3730,Keith Dudgeon,2683,Tom Helm,7092,Joe Cracknell,Right,4,0,4,4,,HalfVolley,OutsideOff,,Middled,FrontFoot,Drive,SeamIn,Over,FastSeam,Right,Null,NotReferred,Null,False,False,False,False,False,True,,False,False,False,False,False,False,4,0,0,0,0,True,False,254.0,180.0,
1632401,55,4.25,9,1,0,234,8,9,76122,,39423,County Championship Division Two 2026,4,38,Middlesex Men,41,Kent Men,8719316,2026-08-23T10:57:16Z,3,331,False,,,,3730,Keith Dudgeon,2683,Tom Helm,7092,Joe Cracknell,Right,4,0,4,4,,BackOfALength,OutsideOff,,Middled,BackFoot,Pushed,NoMovement,Over,FastSeam,Right,Null,NotReferred,Null,False,False,False,False,False,True,,False,False,False,False,False,False,4,0,0,0,0,True,False,195.0,173.0,
1632401,55,4.25,9,1,0,234,8,9,76122,,39423,County Championship Division Two 2026,4,38,Middlesex Men,41,Kent Men,8719327,2026-08-23T10:58:09Z,4,332,False,,,,3730,Keith Dudgeon,2683,Tom Helm,7092,Joe Cracknell,Right,0,0,0,0,,LengthBall,OutsideOff,,None,FrontFoot,ForwardDefensive,SeamIn,Over,FastSeam,Right,Null,NotReferred,Null,False,False,False,False,False,True,,False,False,False,False,False,False,0,0,0,0,0,False,False,175.0,71.0,Backward Point
1632401,55,4.25,9,1,0,234,8,9,76122,,39423,County Championship Division Two 2026,4,38,Middlesex Men,41,Kent Men,8719336,2026-08-23T10:58:43Z,5,333,False,,,,3730,Keith Dudgeon,2683,Tom Helm,7092,Joe Cracknell,Right,1,0,1,1,,HalfVolley,OffStump,,MisTimed,FrontFoot,Drive,NoMovement,Over,FastSeam,Right,Null,NotReferred,Null,False,False,False,False,False,True,,False,False,False,False,False,False,1,0,0,0,0,False,True,286.0,67.0,Mid On
1632401,55,4.25,9,1,0,234,8,9,76122,,39423,County Championship Division Two 2026,4,38,Middlesex Men,41,Kent Men,8719345,2026-08-23T10:59:29Z,6,334,False,,,,3730,Keith Dudgeon,7092,Joe Cracknell,2683,Tom Helm,Right,0,0,0,0,,LengthBall,OutsideOff,,None,FrontFoot,Pushed,SeamIn,Over,FastSeam,Right,Null,NotReferred,Null,False,False,False,False,False,True,,False,False,False,False,False,False,0,0,0,0,0,False,False,249.0,64.0,Mid Off
1632413,56,4.25,4,0,0,238,8,4,76122,,39423,County Championship Division Two 2026,4,38,Middlesex Men,41,Kent Men,8719362,2026-08-23T11:00:49Z,1,335,False,,,,527,Matt Quinn,2683,Tom Helm,7092,Joe Cracknell,Right,0,0,0,0,,LengthBall,OutsideOff,,None,BackFoot,Pushed,NoMovement,Over,Medium,Right,Null,NotReferred,Null,False,False,False,False,False,True,,False,False,False,False,False,False,0,0,0,0,0,False,False,196.0,64.0,Cover
1632413,56,4.25,4,0,0,238,8,4,76122,,39423,County Championship Division Two 2026,4,38,Middlesex Men,41,Kent Men,8719369,2026-08-23T11:01:22Z,2,336,False,,,,527,Matt Quinn,2683,Tom Helm,7092,Joe Cracknell,Right,0,0,0,0,,LengthBall,OutsideOff,,None,FrontFoot,ForwardDefensive,NoMovement,Over,Medium,Right,Null,NotReferred,Null,False,False,False,False,False,True,,False,False,False,False,False,False,0,0,0,0,0,False,False,217.0,26.0,Wicketkeeper
1632413,56,4.25,4,0,0,238,8,4,76122,,39423,County Championship Division Two 2026,4,38,Middlesex Men,41,Kent Men,8719376,2026-08-23T11:01:53Z,3,337,False,,,,527,Matt Quinn,2683,Tom Helm,7092,Joe Cracknell,Right,4,0,4,4,,HalfVolley,OffStump,,Middled,FrontFoot,Flick,NoMovement,Over,Medium,Right,Null,NotReferred,Null,False,False,False,False,False,True,,False,False,False,False,False,False,4,0,0,0,0,True,False,321.0,176.0,
1632413,56,4.25,4,0,0,238,8,4,76122,,39423,County Championship Division Two 2026,4,38,Middlesex Men,41,Kent Men,8719382,2026-08-23T11:02:34Z,4,338,False,,,,527,Matt Quinn,2683,Tom Helm,7092,Joe Cracknell,Right,0,0,0,0,,LengthBall,OutsideOff,,MisTimed,BackFoot,Drive,NoMovement,Over,Medium,Right,Null,NotReferred,Null,False,False,False,False,False,True,,False,False,False,False,False,False,0,0,0,0,0,False,False,258.0,42.0,Bowler
1632413,56,4.25,4,0,0,238,8,4,76122,,39423,County Championship Division Two 2026,4,38,Middlesex Men,41,Kent Men,8719392,2026-08-23T11:03:05Z,5,339,False,,,,527,Matt Quinn,2683,Tom Helm,7092,Joe Cracknell,Right,0,0,0,0,,LengthBall,OutsideOff,,WellTimed,BackFoot,Pushed,NoMovement,Over,Medium,Right,Null,NotReferred,Null,False,False,False,False,False,True,,False,False,False,False,False,False,0,0,0,0,0,False,False,219.0,52.0,Extra Cover
1632413,56,4.25,4,0,0,238,8,4,76122,,39423,County Championship Division Two 2026,4,38,Middlesex Men,41,Kent Men,8719399,2026-08-23T11:03:38Z,6,340,False,,,,527,Matt Quinn,2683,Tom Helm,7092,Joe Cracknell,Right,0,0,0,0,,LengthBall,OutsideOff,,Left,NoMovement,Leave,AwaySwinger,Over,Medium,Right,Null,NotReferred,Null,False,False,False,False,False,True,,False,False,False,False,False,False,0,0,0,0,0,False,False,,,Wicketkeeper
1632421,57,4.21,2,0,0,240,8,2,76122,,39423,County Championship Division Two 2026,4,38,Middlesex Men,41,Kent Men,8719411,2026-08-23T11:04:36Z,1,341,False,,,,3730,Keith Dudgeon,7092,Joe Cracknell,2683,Tom Helm,Right,0,0,0,0,,LengthBall,OutsideOff,,None,FrontFoot,ForwardDefensive,SeamIn,Over,FastSeam,Right,Null,NotReferred,Null,False,False,False,False,False,True,,False,False,False,False,False,False,0,0,0,0,0,False,False,263.0,41.0,Bowler
1632421,57,4.21,2,0,0,240,8,2,76122,,39423,County Championship Division Two 2026,4,38,Middlesex Men,41,Kent Men,8719417,2026-08-23T11:05:10Z,2,342,False,,,,3730,Keith Dudgeon,7092,Joe Cracknell,2683,Tom Helm,Right,0,0,0,0,,LengthBall,OffStump,,None,BackFoot,Pushed,NoMovement,Over,FastSeam,Right,Null,NotReferred,Null,False,False,False,False,False,True,,False,False,False,False,False,False,0,0,0,0,0,False,False,302.0,48.0,Mid Wicket
1632421,57,4.21,2,0,0,240,8,2,76122,,39423,County Championship Division Two 2026,4,38,Middlesex Men,41,Kent Men,8719424,2026-08-23T11:05:43Z,3,343,False,,,,3730,Keith Dudgeon,7092,Joe Cracknell,2683,Tom Helm,Right,0,0,0,0,,HalfVolley,OffStump,,WellTimed,FrontFoot,Worked,NoMovement,Over,FastSeam,Right,Null,NotReferred,Null,False,False,False,False,False,True,,False,False,False,False,False,False,0,0,0,0,0,False,False,322.0,66.0,Mid Wicket
1632421,57,4.21,2,0,0,240,8,2,76122,,39423,County Championship Division Two 2026,4,38,Middlesex Men,41,Kent Men,8719435,2026-08-23T11:06:13Z,4,344,False,,,,3730,Keith Dudgeon,7092,Joe Cracknell,2683,Tom Helm,Right,0,0,0,0,,LengthBall,OffStump,Lbw,HitPad,NoMovement,ForwardDefensive,SeamIn,Over,FastSeam,Right,Null,NotReferred,Null,False,False,False,False,False,True,1890.0,False,False,False,False,False,False,0,0,0,0,0,False,False,,,Bowler
1632421,57,4.21,2,0,0,240,8,2,76122,,39423,County Championship Division Two 2026,4,38,Middlesex Men,41,Kent Men,8719441,2026-08-23T11:06:52Z,5,345,False,,,,3730,Keith Dudgeon,7092,Joe Cracknell,2683,Tom Helm,Right,0,0,0,0,,LengthBall,OutsideOff,,WellTimed,BackFoot,Drive,NoMovement,Over,FastSeam,Right,Null,NotReferred,Null,False,False,False,False,False,True,,False,False,False,False,False,False,0,0,0,0,0,False,False,247.0,76.0,Mid Off
1632421,57,4.21,2,0,0,240,8,2,76122,,39423,County Championship Division Two 2026,4,38,Middlesex Men,41,Kent Men,8719451,2026-08-23T11:07:27Z,6,346,False,,,,3730,Keith Dudgeon,7092,Joe Cracknell,2683,Tom Helm,Right,2,0,2,2,,LengthBall,OffStump,,None,DownTheTrack,Glance,NoMovement,Over,FastSeam,Right,Null,NotReferred,Null,False,False,False,False,False,True,,False,False,False,False,False,False,2,0,0,0,0,False,False,70.0,122.0,Fine Leg
1632428,58,4.28,8,0,0,248,8,8,76122,,39423,County Championship Division Two 2026,4,38,Middlesex Men,41,Kent Men,8719459,2026-08-23T11:08:32Z,1,347,False,,,,527,Matt Quinn,2683,Tom Helm,7092,Joe Cracknell,Right,0,0,0,0,,LengthBall,OutsideOff,,None,FrontFoot,ForwardDefensive,NoMovement,Over,Medium,Right,Null,NotReferred,Null,False,False,False,False,False,True,,False,False,False,False,False,False,0,0,0,0,0,False,False,257.0,40.0,Bowler
1632428,58,4.28,8,0,0,248,8,8,76122,,39423,County Championship Division Two 2026,4,38,Middlesex Men,41,Kent Men,8719467,2026-08-23T11:09:23Z,2,348,False,,,,527,Matt Quinn,2683,Tom Helm,7092,Joe Cracknell,Right,4,0,4,4,,LengthBall,Wide,,Middled,BackFoot,Drive,NoMovement,Over,Medium,Right,Null,NotReferred,Null,False,False,False,False,False,True,,False,False,False,False,False,False,4,0,0,0,0,True,False,207.0,175.0,
1632428,58,4.28,8,0,0,248,8,8,76122,,39423,County Championship Division Two 2026,4,38,Middlesex Men,41,Kent Men,8719476,2026-08-23T11:10:02Z,3,349,False,,,,527,Matt Quinn,2683,Tom Helm,7092,Joe Cracknell,Right,0,0,0,0,,BackOfALength,OutsideOff,,None,BackFoot,BackwardDefensive,NoMovement,Over,Medium,Right,Null,NotReferred,Null,False,False,False,False,False,True,,False,False,False,False,False,False,0,0,0,0,0,False,False,252.0,42.0,Bowler
1632428,58,4.28,8,0,0,248,8,8,76122,,39423,County Championship Division Two 2026,4,38,Middlesex Men,41,Kent Men,8719486,2026-08-23T11:10:34Z,4,350,False,,,,527,Matt Quinn,2683,Tom Helm,7092,Joe Cracknell,Right,0,0,0,0,,LengthBall,OutsideOff,,HitPad,BackFoot,BackwardDefensive,SeamIn,Over,Medium,Right,Null,NotReferred,Null,False,False,False,False,False,True,,False,False,False,False,False,False,0,0,0,0,0,False,False,98.0,9.0,First Slip
1632428,58,4.28,8,0,0,248,8,8,76122,,39423,County Championship Division Two 2026,4,38,Middlesex Men,41,Kent Men,8719492,2026-08-23T11:11:18Z,5,351,False,,,,527,Matt Quinn,2683,Tom Helm,7092,Joe Cracknell,Right,0,0,0,0,,LengthBall,OutsideOff,,None,FrontFoot,ForwardDefensive,NoMovement,Over,Medium,Right,Null,NotReferred,Null,False,False,False,False,False,True,,False,False,False,False,False,False,0,0,0,0,0,False,False,216.0,52.0,Extra Cover
1632428,58,4.28,8,0,0,248,8,8,76122,,39423,County Championship Division Two 2026,4,38,Middlesex Men,41,Kent Men,8719501,2026-08-23T11:11:52Z,6,352,False,,,,527,Matt Quinn,2683,Tom Helm,7092,Joe Cracknell,Right,4,0,4,4,,LengthBall,MiddleStump,,WellTimed,BackFoot,Worked,SeamIn,Over,Medium,Right,Null,NotReferred,Null,False,False,False,False,False,True,,False,False,False,False,False,False,4,0,0,0,0,True,False,41.0,163.0,
1632438,59,4.25,3,0,0,251,8,3,76122,,39423,County Championship Division Two 2026,4,38,Middlesex Men,41,Kent Men,8719515,2026-08-23T11:12:56Z,1,353,False,,,,3730,Keith Dudgeon,7092,Joe Cracknell,2683,Tom Helm,Right,0,0,0,0,,LengthBall,OutsideOff,,None,FrontFoot,Dropped,SeamIn,Over,FastSeam,Right,Null,NotReferred,Null,False,False,False,False,False,True,,False,False,False,False,False,False,0,0,0,0,0,False,False,220.0,47.0,Extra Cover
1632438,59,4.25,3,0,0,251,8,3,76122,,39423,County Championship Division Two 2026,4,38,Middlesex Men,41,Kent Men,8719520,2026-08-23T11:13:30Z,2,354,False,,,,3730,Keith Dudgeon,7092,Joe Cracknell,2683,Tom Helm,Right,0,0,0,0,,LengthBall,OutsideOff,,None,DownTheTrack,Pushed,NoMovement,Over,FastSeam,Right,Null,NotReferred,Null,False,False,False,False,False,True,,False,False,False,False,False,False,0,0,0,0,0,False,False,221.0,49.0,Extra Cover
1632438,59,4.25,3,0,0,251,8,3,76122,,39423,County Championship Division Two 2026,4,38,Middlesex Men,41,Kent Men,8719529,2026-08-23T11:14:05Z,3,355,False,,,,3730,Keith Dudgeon,7092,Joe Cracknell,2683,Tom Helm,Right,2,0,2,2,,LengthBall,OutsideOff,,WellTimed,BackFoot,Drive,NoMovement,Over,FastSeam,Right,Null,NotReferred,Null,False,False,False,False,False,True,,False,False,False,False,False,False,2,0,0,0,0,False,False,203.0,152.0,Deep Cover
1632438,59,4.25,3,0,0,251,8,3,76122,,39423,County Championship Division Two 2026,4,38,Middlesex Men,41,Kent Men,8719538,2026-08-23T11:14:43Z,4,356,False,,,,3730,Keith Dudgeon,7092,Joe Cracknell,2683,Tom Helm,Right,1,0,1,1,,LengthBall,OffStump,,BottomEdge,BackFoot,BackwardDefensive,SeamIn,Over,FastSeam,Right,Null,NotReferred,Null,False,False,False,False,False,True,,False,False,False,False,False,False,1,0,0,0,0,False,False,5.0,50.0,Backward Square Leg
1632438,59,4.25,3,0,0,251,8,3,76122,,39423,County Championship Division Two 2026,4,38,Middlesex Men,41,Kent Men,8719545,2026-08-23T11:15:30Z,5,357,False,,,,3730,Keith Dudgeon,2683,Tom Helm,7092,Joe Cracknell,Right,0,0,0,0,,LengthBall,OutsideOff,,None,FrontFoot,ForwardDefensive,SeamIn,Over,FastSeam,Right,Null,NotReferred,Null,False,False,False,False,False,True,,False,False,False,False,False,False,0,0,0,0,0,False,False,266.0,35.0,Bowler
1632438,59,4.25,3,0,0,251,8,3,76122,,39423,County Championship Division Two 2026,4,38,Middlesex Men,41,Kent Men,8719551,2026-08-23T11:16:07Z,6,358,False,,,,3730,Keith Dudgeon,2683,Tom Helm,7092,Joe Cracknell,Right,0,0,0,0,,LengthBall,OutsideOff,,WellTimed,BackFoot,Drive,NoMovement,Over,FastSeam,Right,Null,NotReferred,Null,False,False,False,False,False,True,,False,False,False,False,False,False,0,0,0,0,0,False,False,215.0,58.0,Extra Cover
1632447,60,4.2,1,0,0,252,8,1,76122,,39423,County Championship Division Two 2026,4,38,Middlesex Men,41,Kent Men,8719561,2026-08-23T11:17:16Z,1,359,False,,,,13941,Ekansh Singh,7092,Joe Cracknell,2683,Tom Helm,Right,0,0,0,0,,HalfVolley,OffStump,,WellTimed,FrontFoot,Flick,NoMovement,Over,Medium,Right,Null,NotReferred,Null,False,False,False,False,False,True,,False,False,False,False,False,False,0,0,0,0,0,False,False,287.0,88.0,Mid On
1632447,60,4.2,1,0,0,252,8,1,76122,,39423,County Championship Division Two 2026,4,38,Middlesex Men,41,Kent Men,8719568,2026-08-23T11:17:47Z,2,360,False,,,,13941,Ekansh Singh,7092,Joe Cracknell,2683,Tom Helm,Right,1,0,1,1,,LengthBall,Wide,,WellTimed,BackFoot,Drive,NoMovement,Over,Medium,Right,Null,NotReferred,Null,False,False,False,False,False,True,,False,False,False,False,False,False,1,0,0,0,0,False,False,170.0,121.0,Deep Backward Point
1632447,60,4.2,1,0,0,252,8,1,76122,,39423,County Championship Division Two 2026,4,38,Middlesex Men,41,Kent Men,8719576,2026-08-23T11:18:30Z,3,361,False,,,,13941,Ekansh Singh,2683,Tom Helm,7092,Joe Cracknell,Right,0,0,0,0,,Short,OutsideOff,,None,BackFoot,BackwardDefensive,NoMovement,Over,Medium,Right,Null,NotReferred,Null,False,False,False,False,False,True,,False,False,False,False,False,False,0,0,0,0,0,False,False,190.0,41.0,Cover
1632447,60,4.2,1,0,0,252,8,1,76122,,39423,County Championship Division Two 2026,4,38,Middlesex Men,41,Kent Men,8719580,2026-08-23T11:19:03Z,4,362,False,,,,13941,Ekansh Singh,2683,Tom Helm,7092,Joe Cracknell,Right,0,0,0,0,,Short,OutsideOff,,Left,Ducked,Leave,NoMovement,Over,Medium,Right,Null,NotReferred,Null,False,False,False,False,False,True,,False,False,False,False,False,False,0,0,0,0,0,False,False,,,Wicketkeeper
1632447,60,4.2,1,0,0,252,8,1,76122,,39423,County Championship Division Two 2026,4,38,Middlesex Men,41,Kent Men,8719585,2026-08-23T11:19:38Z,5,363,False,,,,13941,Ekansh Singh,2683,Tom Helm,7092,Joe Cracknell,Right,0,0,0,0,,LengthBall,OutsideOff,,MisTimed,FrontFoot,Drive,NoMovement,Over,Medium,Right,Null,NotReferred,Null,False,False,False,False,False,True,,False,False,False,False,False,False,0,0,0,0,0,False,False,210.0,59.0,Extra Cover
1632447,60,4.2,1,0,0,252,8,1,76122,,39423,County Championship Division Two 2026,4,38,Middlesex Men,41,Kent Men,8719592,2026-08-23T11:20:14Z,6,364,False,,,,13941,Ekansh Singh,2683,Tom Helm,7092,Joe Cracknell,Right,0,0,0,0,,BackOfALength,OutsideOff,,None,BackFoot,BackwardDefensive,NoMovement,Over,Medium,Right,Null,NotReferred,Null,False,False,False,False,False,True,,False,False,False,False,False,False,0,0,0,0,0,False,False,145.0,21.0,Gully
1632451,61,4.16,2,0,0,254,8,2,76122,,39423,County Championship Division Two 2026,4,38,Middlesex Men,41,Kent Men,8719602,2026-08-23T11:21:08Z,1,365,False,,,,3730,Keith Dudgeon,7092,Joe Cracknell,2683,Tom Helm,Right,0,0,0,0,,LengthBall,OutsideOff,,Missed,FrontFoot,ForwardDefensive,AwaySwinger,Over,FastSeam,Right,Null,NotReferred,Null,False,False,False,False,False,True,,False,False,False,False,False,False,0,0,0,0,0,False,False,,,Wicketkeeper
1632451,61,4.16,2,0,0,254,8,2,76122,,39423,County Championship Division Two 2026,4,38,Middlesex Men,41,Kent Men,8719610,2026-08-23T11:21:44Z,2,366,False,,,,3730,Keith Dudgeon,7092,Joe Cracknell,2683,Tom Helm,Right,0,0,0,0,,LengthBall,OutsideOff,,None,FrontFoot,Pushed,NoMovement,Over,FastSeam,Right,Null,NotReferred,Null,False,False,False,False,False,True,,False,False,False,False,False,False,0,0,0,0,0,False,False,285.0,76.0,Mid On
1632451,61,4.16,2,0,0,254,8,2,76122,,39423,County Championship Division Two 2026,4,38,Middlesex Men,41,Kent Men,8719617,2026-08-23T11:22:17Z,3,367,False,,,,3730,Keith Dudgeon,7092,Joe Cracknell,2683,Tom Helm,Right,1,0,1,1,,BackOfALength,OffStump,,None,BackFoot,Pull,NoMovement,Over,FastSeam,Right,Null,NotReferred,Null,False,False,False,False,True,True,,False,False,False,False,False,False,1,0,0,0,0,False,False,47.0,125.0,Fine Leg
1632451,61,4.16,2,0,0,254,8,2,76122,,39423,County Championship Division Two 2026,4,38,Middlesex Men,41,Kent Men,8719624,2026-08-23T11:23:03Z,4,368,False,,,,3730,Keith Dudgeon,2683,Tom Helm,7092,Joe Cracknell,Right,0,0,0,0,,LengthBall,OutsideOff,,Missed,BackFoot,Pushed,SeamAway,Over,FastSeam,Right,Null,NotReferred,Null,False,False,False,False,False,True,,False,False,False,False,False,False,0,0,0,0,0,False,False,,,Wicketkeeper
1632451,61,4.16,2,0,0,254,8,2,76122,,39423,County Championship Division Two 2026,4,38,Middlesex Men,41,Kent Men,8719631,2026-08-23T11:23:40Z,5,369,False,,,,3730,Keith Dudgeon,2683,Tom Helm,7092,Joe Cracknell,Right,0,0,0,0,,HalfVolley,OffStump,,None,FrontFoot,Flick,NoMovement,Over,FastSeam,Right,Null,NotReferred,Null,False,False,False,False,False,True,,False,False,False,False,False,False,0,0,0,0,0,False,False,274.0,46.0,Bowler
1632451,61,4.16,2,0,0,254,8,2,76122,,39423,County Championship Division Two 2026,4,38,Middlesex Men,41,Kent Men,8719642,2026-08-23T11:24:14Z,6,370,False,,,,3730,Keith Dudgeon,2683,Tom Helm,7092,Joe Cracknell,Right,1,0,1,1,,HalfVolley,MiddleStump,,InsideEdge,FrontFoot,Flick,NoMovement,Over,FastSeam,Right,Null,NotReferred,Null,False,False,False,False,False,True,,False,False,False,False,False,False,1,0,0,0,0,False,False,32.0,41.0,Wicketkeeper
1632459,62,4.19,6,0,0,260,8,6,76122,,39423,County Championship Division Two 2026,4,38,Middlesex Men,41,Kent Men,8719651,2026-08-23T11:25:07Z,1,371,False,,,,13941,Ekansh Singh,2683,Tom Helm,7092,Joe Cracknell,Right,1,0,1,1,,LengthBall,OffStump,,WellTimed,BackFoot,Worked,NoMovement,Over,Medium,Right,Null,NotReferred,Null,False,False,False,False,False,True,,False,False,False,False,False,False,1,0,0,0,0,False,False,342.0,124.0,Deep Square Leg
1632459,62,4.19,6,0,0,260,8,6,76122,,39423,County Championship Division Two 2026,4,38,Middlesex Men,41,Kent Men,8719660,2026-08-23T11:25:43Z,2,372,False,,,,13941,Ekansh Singh,7092,Joe Cracknell,2683,Tom Helm,Right,1,0,1,1,,LengthBall,OffStump,,WellTimed,BackFoot,Worked,NoMovement,Over,Medium,Right,Null,NotReferred,Null,False,False,False,False,False,True,,False,False,False,False,False,False,1,0,0,0,0,False,False,339.0,117.0,Deep Square Leg
1632459,62,4.19,6,0,0,260,8,6,76122,,39423,County Championship Division Two 2026,4,38,Middlesex Men,41,Kent Men,8719666,2026-08-23T11:26:18Z,3,373,False,,,,13941,Ekansh Singh,2683,Tom Helm,7092,Joe Cracknell,Right,0,0,0,0,,LengthBall,OutsideOff,,ShouldersArms,NoMovement,ShouldersArms,AwaySwinger,Over,Medium,Right,Null,NotReferred,Null,False,False,False,False,False,True,,False,False,False,False,False,False,0,0,0,0,0,False,False,,,Wicketkeeper
1632459,62,4.19,6,0,0,260,8,6,76122,,39423,County Championship Division Two 2026,4,38,Middlesex Men,41,Kent Men,8719675,2026-08-23T11:26:53Z,4,374,False,,,,13941,Ekansh Singh,2683,Tom Helm,7092,Joe Cracknell,Right,0,0,0,0,,Short,OutsideOff,,Left,Ducked,Leave,NoMovement,Over,Medium,Right,Null,NotReferred,Null,False,False,False,False,False,True,,False,False,False,False,False,False,0,0,0,0,0,False,False,,,Wicketkeeper
1632459,62,4.19,6,0,0,260,8,6,76122,,39423,County Championship Division Two 2026,4,38,Middlesex Men,41,Kent Men,8719685,2026-08-23T11:27:30Z,5,375,False,,,,13941,Ekansh Singh,2683,Tom Helm,7092,Joe Cracknell,Right,3,0,3,3,,LengthBall,OffStump,,OutsideEdge,FrontFoot,Worked,NoMovement,Over,Medium,Right,Null,NotReferred,Null,False,False,False,False,False,True,,False,False,False,False,False,False,3,0,0,0,0,False,False,155.0,140.0,Deep Backward Point
1632459,62,4.19,6,0,0,260,8,6,76122,,39423,County Championship Division Two 2026,4,38,Middlesex Men,41,Kent Men,8719696,2026-08-23T11:28:15Z,6,376,False,,,,13941,Ekansh Singh,7092,Joe Cracknell,2683,Tom Helm,Right,1,0,1,1,,LengthBall,OutsideOff,,None,BackFoot,Drive,NoMovement,Over,Medium,Right,Null,NotReferred,Null,False,False,False,False,False,True,,False,False,False,False,False,False,1,0,0,0,0,False,False,205.0,67.0,Cover
1632469,63,4.17,3,0,0,263,8,3,76122,,39423,County Championship Division Two 2026,4,38,Middlesex Men,41,Kent Men,8719707,2026-08-23T11:29:20Z,1,377,False,,,,3730,Keith Dudgeon,7092,Joe Cracknell,2683,Tom Helm,Right,0,0,0,0,,BackOfALength,OutsideOff,,None,BackFoot,Dropped,NoMovement,Over,FastSeam,Right,Null,NotReferred,Null,False,False,False,False,False,True,,False,False,False,False,False,False,0,0,0,0,0,False,False,206.0,45.0,Cover
1632469,63,4.17,3,0,0,263,8,3,76122,,39423,County Championship Division Two 2026,4,38,Middlesex Men,41,Kent Men,8719714,2026-08-23T11:29:56Z,2,378,False,,,,3730,Keith Dudgeon,7092,Joe Cracknell,2683,Tom Helm,Right,1,0,1,1,,BackOfALength,OutsideOff,,None,DownTheTrack,Worked,NoMovement,Over,FastSeam,Right,Null,NotReferred,Null,False,False,False,False,False,True,,False,False,False,False,False,False,1,0,0,0,0,False,False,341.0,85.0,Square Leg
1632469,63,4.17,3,0,0,263,8,3,76122,,39423,County Championship Division Two 2026,4,38,Middlesex Men,41,Kent Men,8719722,2026-08-23T11:30:40Z,3,379,False,,,,3730,Keith Dudgeon,2683,Tom Helm,7092,Joe Cracknell,Right,0,0,0,0,,LengthBall,OutsideOff,,None,BackFoot,BackwardDefensive,NoMovement,Over,FastSeam,Right,Null,NotReferred,Null,False,False,False,False,False,True,,False,False,False,False,False,False,0,0,0,0,0,False,False,296.0,46.0,Mid On
1632469,63,4.17,3,0,0,263,8,3,76122,,39423,County Championship Division Two 2026,4,38,Middlesex Men,41,Kent Men,8719730,2026-08-23T11:31:18Z,4,380,False,,,,3730,Keith Dudgeon,2683,Tom Helm,7092,Joe Cracknell,Right,0,0,0,0,,LengthBall,OutsideOff,,None,BackFoot,Worked,NoMovement,Over,FastSeam,Right,Null,NotReferred,Null,False,False,False,False,False,True,,False,False,False,False,False,False,0,0,0,0,0,False,False,297.0,50.0,Mid On
1632469,63,4.17,3,0,0,263,8,3,76122,,39423,County Championship Division Two 2026,4,38,Middlesex Men,41,Kent Men,8719739,2026-08-23T11:31:50Z,5,381,False,,,,3730,Keith Dudgeon,2683,Tom Helm,7092,Joe Cracknell,Right,1,0,1,1,,LengthBall,OffStump,,WellTimed,BackFoot,Worked,NoMovement,Over,FastSeam,Right,Null,NotReferred,Null,False,False,False,False,False,True,,False,False,False,False,False,False,1,0,0,0,0,False,False,351.0,126.0,Deep Square Leg
1632469,63,4.17,3,0,0,263,8,3,76122,,39423,County Championship Division Two 2026,4,38,Middlesex Men,41,Kent Men,8719746,2026-08-23T11:32:27Z,6,382,False,,,,3730,Keith Dudgeon,7092,Joe Cracknell,2683,Tom Helm,Right,1,0,1,1,,LengthBall,OutsideOff,,None,BackFoot,Dropped,NoMovement,Over,FastSeam,Right,Null,NotReferred,Null,False,False,False,False,False,True,,False,False,False,False,False,False,1,0,0,0,0,False,False,207.0,44.0,Cover
1632478,64,4.25,9,0,0,272,8,9,76122,,39423,County Championship Division Two 2026,4,38,Middlesex Men,41,Kent Men,8719754,2026-08-23T11:33:24Z,1,383,False,,,,13941,Ekansh Singh,7092,Joe Cracknell,2683,Tom Helm,Right,0,0,0,0,,HalfVolley,OutsideOff,,MisTimed,FrontFoot,Drive,NoMovement,Over,Medium,Right,Null,NotReferred,Null,False,False,False,False,False,True,,False,False,False,False,False,False,0,0,0,0,0,False,False,280.0,88.0,Mid On
1632478,64,4.25,9,0,0,272,8,9,76122,,39423,County Championship Division Two 2026,4,38,Middlesex Men,41,Kent Men,8719766,2026-08-23T11:33:58Z,2,384,False,,,,13941,Ekansh Singh,7092,Joe Cracknell,2683,Tom Helm,Right,4,0,4,4,,LengthBall,OutsideOff,,TopEdge,BackFoot,Pull,NoMovement,Over,Medium,Right,Null,NotReferred,Null,False,False,False,False,False,True,,False,False,False,False,False,False,4,0,0,0,0,True,True,92.0,160.0,
1632478,64,4.25,9,0,0,272,8,9,76122,,39423,County Championship Division Two 2026,4,38,Middlesex Men,41,Kent Men,8719779,2026-08-23T11:34:44Z,3,385,False,,,,13941,Ekansh Singh,7092,Joe Cracknell,2683,Tom Helm,Right,0,0,0,0,,LengthBall,OutsideOff,,None,FrontFoot,Drive,NoMovement,Over,Medium,Right,Null,NotReferred,Null,False,False,False,False,False,True,,False,False,False,False,False,False,0,0,0,0,0,False,False,214.0,50.0,Extra Cover
1632478,64,4.25,9,0,0,272,8,9,76122,,39423,County Championship Division Two 2026,4,38,Middlesex Men,41,Kent Men,8719788,2026-08-23T11:35:17Z,4,386,False,,,,13941,Ekansh Singh,7092,Joe Cracknell,2683,Tom Helm,Right,0,0,0,0,,LengthBall,OutsideOff,,InsideEdge,FrontFoot,ForwardDefensive,SeamIn,Over,Medium,Right,Null,NotReferred,Null,False,False,False,False,False,True,,False,False,False,False,False,False,0,0,0,0,0,False,False,254.0,35.0,Bowler
1632478,64,4.25,9,0,0,272,8,9,76122,,39423,County Championship Division Two 2026,4,38,Middlesex Men,41,Kent Men,8719793,2026-08-23T11:35:55Z,5,387,False,,,,13941,Ekansh Singh,7092,Joe Cracknell,2683,Tom Helm,Right,4,0,4,4,,HalfVolley,OffStump,,Middled,FrontFoot,Flick,NoMovement,Over,Medium,Right,Null,NotReferred,Null,False,False,False,False,False,True,,False,False,False,False,False,False,4,0,0,0,0,True,False,312.0,177.0,
1632478,64,4.25,9,0,0,272,8,9,76122,,39423,County Championship Division Two 2026,4,38,Middlesex Men,41,Kent Men,8719802,2026-08-23T11:36:59Z,6,388,False,,,,13941,Ekansh Singh,7092,Joe Cracknell,2683,Tom Helm,Right,1,0,1,1,,LengthBall,OutsideOff,,None,BackFoot,Dropped,NoMovement,Over,Medium,Right,Null,NotReferred,Null,False,False,False,False,False,True,,False,False,False,False,False,False,1,0,0,0,0,False,False,200.0,56.0,Cover
1632489,65,4.2,1,0,0,273,8,1,76122,,39423,County Championship Division Two 2026,4,38,Middlesex Men,41,Kent Men,8719820,2026-08-23T11:38:29Z,1,389,False,,,,154,Matt Milnes,7092,Joe Cracknell,2683,Tom Helm,Right,0,0,0,0,,LengthBall,OutsideOff,,None,BackFoot,Drive,NoMovement,Over,FastSeam,Right,Null,NotReferred,Null,False,False,False,False,False,True,,False,False,False,False,False,False,0,0,0,0,0,False,False,212.0,66.0,Extra Cover
1632489,65,4.2,1,0,0,273,8,1,76122,,39423,County Championship Division Two 2026,4,38,Middlesex Men,41,Kent Men,8719829,2026-08-23T11:39:05Z,2,390,False,,,,154,Matt Milnes,7092,Joe Cracknell,2683,Tom Helm,Right,0,0,0,0,,LengthBall,OffStump,Lbw,HitPad,FrontFoot,ForwardDefensive,SeamIn,Over,FastSeam,Right,Null,NotReferred,Null,False,False,False,False,False,True,1890.0,False,False,False,False,False,False,0,0,0,0,0,False,False,233.0,35.0,Extra Cover
1632489,65,4.2,1,0,0,273,8,1,76122,,39423,County Championship Division Two 2026,4,38,Middlesex Men,41,Kent Men,8719835,2026-08-23T11:39:45Z,3,391,False,,,,154,Matt Milnes,7092,Joe Cracknell,2683,Tom Helm,Right,1,0,1,1,,HalfVolley,OutsideOff,,WellTimed,FrontFoot,Drive,NoMovement,Over,FastSeam,Right,Null,NotReferred,Null,False,False,False,False,False,True,,False,False,False,False,False,False,1,0,0,0,0,False,False,247.0,81.0,Mid Off
1632489,65,4.2,1,0,0,273,8,1,76122,,39423,County Championship Division Two 2026,4,38,Middlesex Men,41,Kent Men,8719841,2026-08-23T11:40:29Z,4,392,False,,,,154,Matt Milnes,2683,Tom Helm,7092,Joe Cracknell,Right,0,0,0,0,,LengthBall,OffStump,,None,FrontFoot,ForwardDefensive,NoMovement,Over,FastSeam,Right,Null,NotReferred,Null,False,False,False,False,False,True,,False,False,False,False,False,False,0,0,0,0,0,False,False,322.0,52.0,Mid Wicket
1632489,65,4.2,1,0,0,273,8,1,76122,,39423,County Championship Division Two 2026,4,38,Middlesex Men,41,Kent Men,8719849,2026-08-23T11:41:04Z,5,393,False,,,,154,Matt Milnes,2683,Tom Helm,7092,Joe Cracknell,Right,0,0,0,0,,LengthBall,OutsideOff,,None,FrontFoot,ForwardDefensive,NoMovement,Over,FastSeam,Right,Null,NotReferred,Null,False,False,False,False,False,True,,False,False,False,False,False,False,0,0,0,0,0,False,False,215.0,43.0,Extra Cover
1632489,65,4.2,1,0,0,273,8,1,76122,,39423,County Championship Division Two 2026,4,38,Middlesex Men,41,Kent Men,8719860,2026-08-23T11:41:40Z,6,394,False,,,,154,Matt Milnes,2683,Tom Helm,7092,Joe Cracknell,Right,0,0,0,0,,LengthBall,OutsideOff,,None,FrontFoot,ForwardDefensive,NoMovement,Over,FastSeam,Right,Null,NotReferred,Null,False,False,False,False,False,True,,False,False,False,False,False,False,0,0,0,0,0,False,False,244.0,43.0,Mid Off
1632497,66,4.3,11,0,0,284,8,11,76122,,39423,County Championship Division Two 2026,4,38,Middlesex Men,41,Kent Men,8719873,2026-08-23T11:42:39Z,1,395,False,,,,13941,Ekansh Singh,7092,Joe Cracknell,2683,Tom Helm,Right,2,0,2,2,,LengthBall,Wide,,WellTimed,BackFoot,Cut,NoMovement,Over,Medium,Right,Null,NotReferred,Null,False,False,False,False,False,True,,False,False,False,False,False,False,2,0,0,0,0,False,False,152.0,130.0,Deep Backward Point
1632497,66,4.3,11,0,0,284,8,11,76122,,39423,County Championship Division Two 2026,4,38,Middlesex Men,41,Kent Men,8719882,2026-08-23T11:43:20Z,2,396,False,,,,13941,Ekansh Singh,7092,Joe Cracknell,2683,Tom Helm,Right,0,0,0,0,,LengthBall,OutsideOff,,None,FrontFoot,ForwardDefensive,NoMovement,Over,Medium,Right,Null,NotReferred,Null,False,False,False,False,False,True,,False,False,False,False,False,False,0,0,0,0,0,False,False,281.0,88.0,Mid On
1632497,66,4.3,11,0,0,284,8,11,76122,,39423,County Championship Division Two 2026,4,38,Middlesex Men,41,Kent Men,8719888,2026-08-23T11:43:53Z,3,397,False,,,,13941,Ekansh Singh,7092,Joe Cracknell,2683,Tom Helm,Right,4,0,4,4,,LengthBall,OutsideOff,,OutsideEdge,FrontFoot,Drive,NoMovement,Over,Medium,Right,Null,NotReferred,Null,False,False,False,False,False,True,,False,False,False,False,False,False,4,0,0,0,0,True,False,114.0,161.0,
1632497,66,4.3,11,0,0,284,8,11,76122,,39423,County Championship Division Two 2026,4,38,Middlesex Men,41,Kent Men,8719898,2026-08-23T11:44:36Z,4,398,False,,,,13941,Ekansh Singh,7092,Joe Cracknell,2683,Tom Helm,Right,2,0,2,2,,LengthBall,OffStump,,None,FrontFoot,Pushed,NoMovement,Over,Medium,Right,Null,NotReferred,Null,False,False,False,False,False,True,,False,False,False,False,False,False,2,0,0,0,0,False,True,326.0,128.0,Deep Mid Wicket
1632497,66,4.3,11,0,0,284,8,11,76122,,39423,County Championship Division Two 2026,4,38,Middlesex Men,41,Kent Men,8719907,2026-08-23T11:45:12Z,5,399,False,,,,13941,Ekansh Singh,7092,Joe Cracknell,2683,Tom Helm,Right,2,0,2,2,,BackOfALength,OutsideOff,,WellTimed,BackFoot,Pull,NoMovement,Over,Medium,Right,Null,NotReferred,Null,False,False,False,False,False,True,,False,False,False,False,False,False,2,0,0,0,0,False,False,7.0,140.0,Deep Backward Square Leg
1632497,66,4.3,11,0,0,284,8,11,76122,,39423,County Championship Division Two 2026,4,38,Middlesex Men,41,Kent Men,8719915,2026-08-23T11:45:55Z,6,400,False,,,,13941,Ekansh Singh,7092,Joe Cracknell,2683,Tom Helm,Right,1,0,1,1,,LengthBall,OutsideOff,,None,FrontFoot,Pushed,NoMovement,Over,Medium,Right,Null,NotReferred,Null,False,False,False,False,False,True,,False,False,False,False,False,False,1,0,0,0,0,False,False,202.0,58.0,Cover
1632506,67,4.25,1,0,0,285,8,1,76122,,39423,County Championship Division Two 2026,4,38,Middlesex Men,41,Kent Men,8719926,2026-08-23T11:46:47Z,1,401,False,,,,154,Matt Milnes,7092,Joe Cracknell,2683,Tom Helm,Right,0,0,0,0,,LengthBall,OffStump,,None,BackFoot,Worked,NoMovement,Over,FastSeam,Right,Null,NotReferred,Null,False,False,False,False,False,True,,False,False,False,False,False,False,0,0,0,0,0,False,False,328.0,61.0,Mid Wicket
1632506,67,4.25,1,0,0,285,8,1,76122,,39423,County Championship Division Two 2026,4,38,Middlesex Men,41,Kent Men,8719932,2026-08-23T11:47:18Z,2,402,False,,,,154,Matt Milnes,7092,Joe Cracknell,2683,Tom Helm,Right,1,1,1,0,,HalfTracker,OutsideOff,,Left,NoMovement,Leave,NoMovement,Over,FastSeam,Right,Null,NotReferred,Null,True,False,False,False,False,True,,False,False,False,False,False,False,1,0,1,0,0,False,False,,,Wicketkeeper
1632506,67,4.25,1,0,0,285,8,1,76122,,39423,County Championship Division Two 2026,4,38,Middlesex Men,41,Kent Men,8719940,2026-08-23T11:47:52Z,2,403,False,,,,154,Matt Milnes,7092,Joe Cracknell,2683,Tom Helm,Right,0,0,0,0,,LengthBall,OutsideOff,,None,BackFoot,BackwardDefensive,NoMovement,Over,FastSeam,Right,Null,NotReferred,Null,False,False,False,False,False,True,,False,False,False,False,False,False,0,0,0,0,0,False,False,279.0,34.0,Bowler
1632506,67,4.25,1,0,0,285,8,1,76122,,39423,County Championship Division Two 2026,4,38,Middlesex Men,41,Kent Men,8719946,2026-08-23T11:48:25Z,3,404,False,,,,154,Matt Milnes,7092,Joe Cracknell,2683,Tom Helm,Right,0,0,0,0,,LengthBall,OutsideOff,,MisTimed,BackFoot,Drive,NoMovement,Over,FastSeam,Right,Null,NotReferred,Null,False,False,False,False,False,True,,False,False,False,False,False,False,0,0,0,0,0,False,False,240.0,48.0,Mid Off
1632506,67,4.25,1,0,0,285,8,1,76122,,39423,County Championship Division Two 2026,4,38,Middlesex Men,41,Kent Men,8719954,2026-08-23T11:48:59Z,4,405,False,,,,154,Matt Milnes,7092,Joe Cracknell,2683,Tom Helm,Right,0,0,0,0,,LengthBall,OutsideOff,,MisTimed,FrontFoot,Pushed,NoMovement,Over,FastSeam,Right,Null,NotReferred,Null,False,False,False,False,False,True,,False,False,False,False,False,False,0,0,0,0,0,False,False,269.0,35.0,Bowler
1632506,67,4.25,1,0,0,285,8,1,76122,,39423,County Championship Division Two 2026,4,38,Middlesex Men,41,Kent Men,8719961,2026-08-23T11:49:33Z,5,406,False,,,,154,Matt Milnes,7092,Joe Cracknell,2683,Tom Helm,Right,0,0,0,0,,LengthBall,OffStump,,None,BackFoot,Worked,NoMovement,Over,FastSeam,Right,Null,NotReferred,Null,False,False,False,False,False,True,,False,False,False,False,False,False,0,0,0,0,0,False,False,316.0,49.0,Mid Wicket
1632506,67,4.25,1,0,0,285,8,1,76122,,39423,County Championship Division Two 2026,4,38,Middlesex Men,41,Kent Men,8719968,2026-08-23T11:50:09Z,6,407,False,,,,154,Matt Milnes,7092,Joe Cracknell,2683,Tom Helm,Right,0,0,0,0,,LengthBall,OutsideOff,,None,FrontFoot,Pushed,NoMovement,Over,FastSeam,Right,Null,NotReferred,Null,False,False,False,False,False,True,,False,False,False,False,False,False,0,0,0,0,0,False,False,229.0,48.0,Extra Cover
1632515,68,4.22,2,0,0,287,8,2,76122,,39423,County Championship Division Two 2026,4,38,Middlesex Men,41,Kent Men,8719983,2026-08-23T11:51:28Z,1,408,False,,,,248,Matt Parkinson,2683,Tom Helm,7092,Joe Cracknell,Right,1,0,1,1,,HalfVolley,OutsideOff,,MisTimed,FrontFoot,Drive,LegSpinner,Over,LegSpin,Right,Null,NotReferred,Null,False,False,False,False,False,True,,False,False,False,False,False,False,1,0,0,0,0,False,False,254.0,91.0,Mid Off
1632515,68,4.22,2,0,0,287,8,2,76122,,39423,County Championship Division Two 2026,4,38,Middlesex Men,41,Kent Men,8719988,2026-08-23T11:51:56Z,2,409,False,,,,248,Matt Parkinson,7092,Joe Cracknell,2683,Tom Helm,Right,0,0,0,0,,LengthBall,Wide,,Left,NoMovement,Leave,LegSpinner,Over,LegSpin,Right,Null,NotReferred,Null,False,False,False,False,False,True,,False,False,False,False,False,False,0,0,0,0,0,False,False,,,Wicketkeeper
1632515,68,4.22,2,0,0,287,8,2,76122,,39423,County Championship Division Two 2026,4,38,Middlesex Men,41,Kent Men,8719991,2026-08-23T11:52:15Z,3,410,False,,,,248,Matt Parkinson,7092,Joe Cracknell,2683,Tom Helm,Right,0,0,0,0,,LengthBall,OutsideOff,,ThickEdge,FrontFoot,Drive,LegSpinner,Over,LegSpin,Right,Null,NotReferred,Null,False,False,False,False,False,True,,False,False,False,False,False,False,0,0,0,0,0,False,False,163.0,72.0,Backward Point
1632515,68,4.22,2,0,0,287,8,2,76122,,39423,County Championship Division Two 2026,4,38,Middlesex Men,41,Kent Men,8719995,2026-08-23T11:52:35Z,4,411,False,,,,248,Matt Parkinson,7092,Joe Cracknell,2683,Tom Helm,Right,0,0,0,0,,LengthBall,OutsideOff,,None,FrontFoot,ForwardDefensive,LegSpinner,Over,LegSpin,Right,Null,NotReferred,Null,False,False,False,False,False,True,,False,False,False,False,False,False,0,0,0,0,0,False,False,228.0,52.0,Extra Cover
1632515,68,4.22,2,0,0,287,8,2,76122,,39423,County Championship Division Two 2026,4,38,Middlesex Men,41,Kent Men,8720000,2026-08-23T11:52:51Z,5,412,False,,,,248,Matt Parkinson,7092,Joe Cracknell,2683,Tom Helm,Right,0,1,1,0,,HalfVolley,DownLeg,,PlayAndMissLegSide,FrontFoot,Sweep,LegSpinner,Over,LegSpin,Right,Null,NotReferred,Null,False,False,True,False,False,True,,False,False,False,False,False,False,1,1,0,0,0,False,False,67.0,30.0,Short Fine Leg
1632515,68,4.22,2,0,0,287,8,2,76122,,39423,County Championship Division Two 2026,4,38,Middlesex Men,41,Kent Men,8720005,2026-08-23T11:53:23Z,6,413,False,,,,248,Matt Parkinson,2683,Tom Helm,7092,Joe Cracknell,Right,0,0,0,0,,HalfVolley,OutsideOff,,WellTimed,FrontFoot,Drive,LegSpinner,Over,LegSpin,Right,Null,NotReferred,Null,False,False,False,False,False,True,,False,False,False,False,False,False,0,0,0,0,0,False,False,222.0,44.0,Extra Cover
1632521,69,4.29,9,0,0,296,8,9,76122,,39423,County Championship Division Two 2026,4,38,Middlesex Men,41,Kent Men,8720018,2026-08-23T11:54:06Z,1,414,False,,,,154,Matt Milnes,7092,Joe Cracknell,2683,Tom Helm,Right,4,0,4,4,,BackOfALength,OutsideOff,,Middled,BackFoot,Pull,NoMovement,Over,FastSeam,Right,Null,NotReferred,Null,False,False,False,False,True,True,,False,False,False,False,False,False,4,0,0,0,0,True,False,326.0,176.0,
1632521,69,4.29,9,0,0,296,8,9,76122,,39423,County Championship Division Two 2026,4,38,Middlesex Men,41,Kent Men,8720025,2026-08-23T11:54:47Z,2,415,False,,,,154,Matt Milnes,7092,Joe Cracknell,2683,Tom Helm,Right,0,0,0,0,,LengthBall,OffStump,,None,FrontFoot,ForwardDefensive,NoMovement,Over,FastSeam,Right,Null,NotReferred,Null,False,False,False,False,False,True,,False,False,False,False,False,False,0,0,0,0,0,False,False,321.0,50.0,Mid Wicket
1632521,69,4.29,9,0,0,296,8,9,76122,,39423,County Championship Division Two 2026,4,38,Middlesex Men,41,Kent Men,8720033,2026-08-23T11:55:23Z,3,416,False,,,,154,Matt Milnes,7092,Joe Cracknell,2683,Tom Helm,Right,0,0,0,0,,LengthBall,OutsideOff,,Spliced,FrontFoot,Pushed,SeamIn,Over,FastSeam,Right,Null,NotReferred,Null,False,False,False,False,False,True,,False,False,False,False,False,False,0,0,0,0,0,False,False,261.0,39.0,Bowler
1632521,69,4.29,9,0,0,296,8,9,76122,,39423,County Championship Division Two 2026,4,38,Middlesex Men,41,Kent Men,8720042,2026-08-23T11:55:57Z,4,417,False,,,,154,Matt Milnes,7092,Joe Cracknell,2683,Tom Helm,Right,2,0,2,2,,LengthBall,OffStump,,None,BackFoot,Glance,NoMovement,Over,FastSeam,Right,Null,NotReferred,Null,False,False,False,False,False,True,,False,False,False,False,False,False,2,0,0,0,0,False,False,59.0,117.0,Fine Leg
1632521,69,4.29,9,0,0,296,8,9,76122,,39423,County Championship Division Two 2026,4,38,Middlesex Men,41,Kent Men,8720053,2026-08-23T11:56:36Z,5,418,False,,,,154,Matt Milnes,7092,Joe Cracknell,2683,Tom Helm,Right,2,0,2,2,,LengthBall,OffStump,,InsideEdge,FrontFoot,Pushed,NoMovement,Over,FastSeam,Right,Null,NotReferred,Null,False,False,False,False,False,True,,False,False,False,False,False,False,2,0,0,0,0,False,False,58.0,116.0,Fine Leg
1632521,69,4.29,9,0,0,296,8,9,76122,,39423,County Championship Division Two 2026,4,38,Middlesex Men,41,Kent Men,8720063,2026-08-23T11:57:19Z,6,419,False,,,,154,Matt Milnes,7092,Joe Cracknell,2683,Tom Helm,Right,1,0,1,1,,LengthBall,OutsideOff,,WellTimed,BackFoot,Steer,NoMovement,Over,FastSeam,Right,Null,NotReferred,Null,False,False,False,False,False,True,,False,False,False,False,False,False,1,0,0,0,0,False,False,163.0,116.0,Deep Backward Point
1632530,70,4.29,4,0,0,300,8,4,76122,,39423,County Championship Division Two 2026,4,38,Middlesex Men,41,Kent Men,8720070,2026-08-23T11:58:12Z,1,420,False,,,,248,Matt Parkinson,7092,Joe Cracknell,2683,Tom Helm,Right,0,0,0,0,,LengthBall,OutsideOff,,None,FrontFoot,Drive,LegSpinner,Over,LegSpin,Right,Null,NotReferred,Null,False,False,False,False,False,True,,False,False,False,False,False,False,0,0,0,0,0,False,False,234.0,45.0,Extra Cover
1632530,70,4.29,4,0,0,300,8,4,76122,,39423,County Championship Division Two 2026,4,38,Middlesex Men,41,Kent Men,8720073,2026-08-23T11:58:29Z,2,421,False,,,,248,Matt Parkinson,7092,Joe Cracknell,2683,Tom Helm,Right,1,0,1,1,,HalfVolley,OffStump,,None,FrontFoot,Flick,LegSpinner,Over,LegSpin,Right,Null,NotReferred,Null,False,False,False,False,False,True,,False,False,False,False,False,False,1,0,0,0,0,False,False,293.0,82.0,Mid On
1632530,70,4.29,4,0,0,300,8,4,76122,,39423,County Championship Division Two 2026,4,38,Middlesex Men,41,Kent Men,8720076,2026-08-23T11:58:58Z,3,422,False,,,,248,Matt Parkinson,2683,Tom Helm,7092,Joe Cracknell,Right,0,0,0,0,,LengthBall,OutsideOff,,None,FrontFoot,ForwardDefensive,LegSpinner,Over,LegSpin,Right,Null,NotReferred,Null,False,False,False,False,False,True,,False,False,False,False,False,False,0,0,0,0,0,False,False,307.0,33.0,Wicketkeeper
1632530,70,4.29,4,0,0,300,8,4,76122,,39423,County Championship Division Two 2026,4,38,Middlesex Men,41,Kent Men,8720079,2026-08-23T11:59:15Z,4,423,False,,,,248,Matt Parkinson,2683,Tom Helm,7092,Joe Cracknell,Right,0,0,0,0,,LengthBall,OutsideOff,,Missed,FrontFoot,ForwardDefensive,LegSpinner,Over,LegSpin,Right,Null,NotReferred,Null,False,False,False,False,False,True,,False,False,False,False,False,False,0,0,0,0,0,False,False,,,Wicketkeeper
1632530,70,4.29,4,0,0,300,8,4,76122,,39423,County Championship Division Two 2026,4,38,Middlesex Men,41,Kent Men,8720085,2026-08-23T11:59:37Z,5,424,False,,,,248,Matt Parkinson,2683,Tom Helm,7092,Joe Cracknell,Right,3,0,3,3,,LengthBall,OffStump,,None,FrontFoot,Worked,LegSpinner,Over,LegSpin,Right,Null,NotReferred,Null,False,False,False,False,False,True,,False,False,False,False,False,False,3,0,0,0,0,False,False,76.0,135.0,Fine Leg
1632530,70,4.29,4,0,0,300,8,4,76122,,39423,County Championship Division Two 2026,4,38,Middlesex Men,41,Kent Men,8720092,2026-08-23T12:00:13Z,6,425,False,,,,248,Matt Parkinson,7092,Joe Cracknell,2683,Tom Helm,Right,0,0,0,0,,LengthBall,OutsideOff,,None,FrontFoot,ForwardDefensive,LegSpinner,Over,LegSpin,Right,Null,NotReferred,Null,False,False,False,False,False,True,,False,False,False,False,False,False,0,0,0,0,0,False,False,232.0,40.0,Extra Cover
1632552,71,4.27,3,0,0,303,8,3,76122,,39423,County Championship Division Two 2026,4,38,Middlesex Men,41,Kent Men,8720209,2026-08-23T12:38:11Z,1,426,False,,,,154,Matt Milnes,2683,Tom Helm,7092,Joe Cracknell,Right,0,0,0,0,,LengthBall,OutsideOff,,Left,NoMovement,Leave,NoMovement,Over,FastSeam,Right,Null,NotReferred,Null,False,False,False,False,False,True,,False,False,False,False,False,False,0,0,0,0,0,False,False,,,Wicketkeeper
1632552,71,4.27,3,0,0,303,8,3,76122,,39423,County Championship Division Two 2026,4,38,Middlesex Men,41,Kent Men,8720211,2026-08-23T12:38:47Z,2,427,False,,,,154,Matt Milnes,2683,Tom Helm,7092,Joe Cracknell,Right,0,0,0,0,,LengthBall,OutsideOff,,InsideEdge,FrontFoot,Pushed,NoMovement,Over,FastSeam,Right,Null,NotReferred,Null,False,False,False,False,False,True,,False,False,False,False,False,False,0,0,0,0,0,False,False,144.0,18.0,Gully
1632552,71,4.27,3,0,0,303,8,3,76122,,39423,County Championship Division Two 2026,4,38,Middlesex Men,41,Kent Men,8720213,2026-08-23T12:39:21Z,3,428,False,,,,154,Matt Milnes,2683,Tom Helm,7092,Joe Cracknell,Right,1,0,1,1,,LengthBall,OutsideOff,,InsideEdge,FrontFoot,Steer,NoMovement,Over,FastSeam,Right,Null,NotReferred,Null,False,False,False,False,False,True,,False,False,False,False,False,False,1,0,0,0,0,False,False,68.0,32.0,Wicketkeeper
1632552,71,4.27,3,0,0,303,8,3,76122,,39423,County Championship Division Two 2026,4,38,Middlesex Men,41,Kent Men,8720215,2026-08-23T12:40:02Z,4,429,False,,,,154,Matt Milnes,7092,Joe Cracknell,2683,Tom Helm,Right,0,0,0,0,,HalfVolley,OffStump,,WellTimed,FrontFoot,Drive,NoMovement,Over,FastSeam,Right,Null,NotReferred,Null,False,False,False,False,False,True,,False,False,False,False,False,False,0,0,0,0,0,False,False,288.0,86.0,Mid On
1632552,71,4.27,3,0,0,303,8,3,76122,,39423,County Championship Division Two 2026,4,38,Middlesex Men,41,Kent Men,8720217,2026-08-23T12:40:38Z,5,430,False,,,,154,Matt Milnes,7092,Joe Cracknell,2683,Tom Helm,Right,0,0,0,0,,LengthBall,OutsideOff,,MisTimed,BackFoot,Pushed,NoMovement,Over,FastSeam,Right,Null,NotReferred,Null,False,False,False,False,False,True,,False,False,False,False,False,False,0,0,0,0,0,False,False,297.0,45.0,Mid On
1632552,71,4.27,3,0,0,303,8,3,76122,,39423,County Championship Division Two 2026,4,38,Middlesex Men,41,Kent Men,8720222,2026-08-23T12:41:10Z,6,431,False,,,,154,Matt Milnes,7092,Joe Cracknell,2683,Tom Helm,Right,2,0,2,2,,HalfVolley,OffStump,,WellTimed,FrontFoot,Flick,NoMovement,Over,FastSeam,Right,Null,NotReferred,Null,False,False,False,False,False,True,,False,False,False,False,False,False,2,0,0,0,0,False,False,33.0,134.0,Fine Leg
1632556,72,4.24,2,0,0,305,8,2,76122,,39423,County Championship Division Two 2026,4,38,Middlesex Men,41,Kent Men,8720228,2026-08-23T12:42:16Z,1,432,False,,,,248,Matt Parkinson,2683,Tom Helm,7092,Joe Cracknell,Right,0,0,0,0,,LengthBall,OutsideOff,,HitPad,FrontFoot,Worked,LegSpinner,Over,LegSpin,Right,Null,NotReferred,Null,False,False,False,False,False,True,,False,False,False,False,False,False,0,0,0,0,0,False,False,,,Wicketkeeper
1632556,72,4.24,2,0,0,305,8,2,76122,,39423,County Championship Division Two 2026,4,38,Middlesex Men,41,Kent Men,8720229,2026-08-23T12:42:30Z,2,433,False,,,,248,Matt Parkinson,2683,Tom Helm,7092,Joe Cracknell,Right,0,0,0,0,,LengthBall,OutsideOff,,MisTimed,FrontFoot,Drive,LegSpinner,Over,LegSpin,Right,Null,NotReferred,Null,False,False,False,False,False,True,,False,False,False,False,False,False,0,0,0,0,0,False,False,273.0,41.0,Bowler
1632556,72,4.24,2,0,0,305,8,2,76122,,39423,County Championship Division Two 2026,4,38,Middlesex Men,41,Kent Men,8720232,2026-08-23T12:42:46Z,3,434,False,,,,248,Matt Parkinson,2683,Tom Helm,7092,Joe Cracknell,Right,0,0,0,0,,LengthBall,OutsideOff,,None,FrontFoot,ForwardDefensive,LegSpinner,Over,LegSpin,Right,Null,NotReferred,Null,False,False,False,False,False,True,,False,False,False,False,False,False,0,0,0,0,0,False,False,238.0,41.0,Extra Cover
1632556,72,4.24,2,0,0,305,8,2,76122,,39423,County Championship Division Two 2026,4,38,Middlesex Men,41,Kent Men,8720234,2026-08-23T12:43:01Z,4,435,False,,,,248,Matt Parkinson,2683,Tom Helm,7092,Joe Cracknell,Right,1,0,1,1,,LengthBall,OutsideOff,,MisTimed,FrontFoot,Drive,LegSpinner,Over,LegSpin,Right,Null,NotReferred,Null,False,False,False,False,False,True,,False,False,False,False,False,False,1,0,0,0,0,False,False,289.0,84.0,Mid On
1632556,72,4.24,2,0,0,305,8,2,76122,,39423,County Championship Division Two 2026,4,38,Middlesex Men,41,Kent Men,8720237,2026-08-23T12:43:27Z,5,436,False,,,,248,Matt Parkinson,7092,Joe Cracknell,2683,Tom Helm,Right,1,0,1,1,,HalfVolley,OutsideOff,,WellTimed,DownTheTrack,Drive,LegSpinner,Over,LegSpin,Right,Null,NotReferred,Null,False,False,False,False,False,True,,False,False,False,False,False,False,1,0,0,0,0,False,False,254.0,135.0,Long Off
1632556,72,4.24,2,0,0,305,8,2,76122,,39423,County Championship Division Two 2026,4,38,Middlesex Men,41,Kent Men,8720239,2026-08-23T12:43:48Z,6,437,False,,,,248,Matt Parkinson,2683,Tom Helm,7092,Joe Cracknell,Right,0,0,0,0,,LengthBall,MiddleStump,,PlayAndMissLegSide,BackFoot,Worked,Slider,Over,LegSpin,Right,Null,NotReferred,Null,False,False,False,False,False,True,,False,False,False,False,False,False,0,0,0,0,0,False,False,,,Wicketkeeper
1632559,73,4.22,3,0,0,308,8,3,76122,,39423,County Championship Division Two 2026,4,38,Middlesex Men,41,Kent Men,8720245,2026-08-23T12:44:35Z,1,438,False,,,,154,Matt Milnes,7092,Joe Cracknell,2683,Tom Helm,Right,0,0,0,0,,LengthBall,LegStump,,ShouldersArms,NoMovement,ShouldersArms,NoMovement,Over,FastSeam,Right,Null,NotReferred,Null,False,False,False,False,False,True,,False,False,False,False,False,False,0,0,0,0,0,False,False,,,Wicketkeeper
1632559,73,4.22,3,0,0,308,8,3,76122,,39423,County Championship Division Two 2026,4,38,Middlesex Men,41,Kent Men,8720250,2026-08-23T12:45:10Z,2,439,False,,,,154,Matt Milnes,7092,Joe Cracknell,2683,Tom Helm,Right,2,0,2,2,,LengthBall,OffStump,,WellTimed,FrontFoot,Worked,NoMovement,Over,FastSeam,Right,Null,NotReferred,Null,False,False,False,False,False,True,,False,False,False,False,False,False,2,0,0,0,0,False,False,342.0,134.0,Deep Square Leg
1632559,73,4.22,3,0,0,308,8,3,76122,,39423,County Championship Division Two 2026,4,38,Middlesex Men,41,Kent Men,8720256,2026-08-23T12:45:48Z,3,440,False,,,,154,Matt Milnes,7092,Joe Cracknell,2683,Tom Helm,Right,0,1,1,0,,LengthBall,MiddleStump,Lbw,HitPad,BackFoot,Worked,SeamIn,Over,FastSeam,Right,Null,NotReferred,Null,False,False,False,True,False,True,1890.0,False,False,False,False,False,False,1,0,0,1,0,False,False,337.0,50.0,Square Leg
1632559,73,4.22,3,0,0,308,8,3,76122,,39423,County Championship Division Two 2026,4,38,Middlesex Men,41,Kent Men,8720263,2026-08-23T12:46:39Z,4,441,False,,,,154,Matt Milnes,2683,Tom Helm,7092,Joe Cracknell,Right,0,0,0,0,,HalfVolley,OffStump,,None,FrontFoot,Drive,NoMovement,Over,FastSeam,Right,Null,NotReferred,Null,False,False,False,False,False,True,,False,False,False,False,False,False,0,0,0,0,0,False,False,287.0,86.0,Mid On
1632559,73,4.22,3,0,0,308,8,3,76122,,39423,County Championship Division Two 2026,4,38,Middlesex Men,41,Kent Men,8720267,2026-08-23T12:47:14Z,5,442,False,,,,154,Matt Milnes,2683,Tom Helm,7092,Joe Cracknell,Right,0,0,0,0,,LengthBall,OffStump,,Spliced,FrontFoot,ForwardDefensive,NoMovement,Over,FastSeam,Right,Null,NotReferred,Null,False,False,False,False,False,True,,False,False,False,False,False,False,0,0,0,0,0,False,False,334.0,54.0,Square Leg
1632559,73,4.22,3,0,0,308,8,3,76122,,39423,County Championship Division Two 2026,4,38,Middlesex Men,41,Kent Men,8720275,2026-08-23T12:48:15Z,6,443,False,,,,154,Matt Milnes,2683,Tom Helm,7092,Joe Cracknell,Right,0,0,0,0,,LengthBall,OutsideOff,,None,FrontFoot,ForwardDefensive,NoMovement,Over,FastSeam,Right,Null,NotReferred,Null,False,False,False,False,False,True,,False,False,False,False,False,False,0,0,0,0,0,False,False,287.0,78.0,Mid On
1632564,74,4.18,1,2,0,309,10,1,76122,,39423,County Championship Division Two 2026,4,38,Middlesex Men,41,Kent Men,8720280,2026-08-23T12:49:06Z,1,444,False,,,,248,Matt Parkinson,7092,Joe Cracknell,2683,Tom Helm,Right,1,0,1,1,,HalfVolley,OffStump,,WellTimed,FrontFoot,Flick,LegSpinner,Over,LegSpin,Right,Null,NotReferred,Null,False,False,False,False,False,True,,False,False,False,False,False,False,1,0,0,0,0,False,False,288.0,96.0,Mid On
1632564,74,4.18,1,2,0,309,10,1,76122,,39423,County Championship Division Two 2026,4,38,Middlesex Men,41,Kent Men,8720284,2026-08-23T12:49:29Z,2,445,False,,,,248,Matt Parkinson,2683,Tom Helm,7092,Joe Cracknell,Right,0,0,0,0,,LengthBall,OutsideOff,,Missed,FrontFoot,ForwardDefensive,LegSpinner,Over,LegSpin,Right,Null,NotReferred,Null,False,False,False,False,False,True,,False,False,False,False,False,False,0,0,0,0,0,False,False,,,Wicketkeeper
1632564,74,4.18,1,2,0,309,10,1,76122,,39423,County Championship Division Two 2026,4,38,Middlesex Men,41,Kent Men,8720294,2026-08-23T12:50:21Z,3,446,True,Caught,2683.0,Tom Helm,248,Matt Parkinson,2683,Tom Helm,7092,Joe Cracknell,Right,0,0,0,0,Caught,LengthBall,OutsideOff,Caught,MisTimed,FrontFoot,Drive,LegSpinner,Over,LegSpin,Right,Null,NotReferred,Null,False,False,False,False,False,True,1808.0,False,False,False,False,False,False,0,0,0,0,0,False,True,210.0,56.0,Extra Cover
1632564,74,4.18,1,2,0,309,10,1,76122,,39423,County Championship Division Two 2026,4,38,Middlesex Men,41,Kent Men,8720308,2026-08-23T12:53:08Z,4,447,True,Bowled,15007.0,Noah Cornwell,248,Matt Parkinson,15007,Noah Cornwell,7092,Joe Cracknell,Left,0,0,0,0,Bowled,LengthBall,OutsideOff,Bowled,Missed,FrontFoot,ForwardDefensive,LegSpinner,Round,LegSpin,Right,Null,NotReferred,Null,False,False,False,False,False,True,1808.0,False,False,False,False,False,False,0,0,0,0,0,False,False,,,
