over_id,over_overNumber,over_runrate,over_runsConceded,over_wickets,over_runsExtras,over_totalInningRuns,over_totalInningWickets,over_totalRuns,id,matchName,fixtureId,fixtureName,inningNumber,battingTeamId,battingTeamName,bowlingTeamId,bowlingTeamName,ball_id,ballDateTime,ballNumber,totalBallNumber,isWicket,dismissalTypeId,dismissalPlayerId,dismissalPlayerName,bowlerPlayerId,bowlerPlayerName,battingPlayerId,battingPlayerName,nonStrikeBattingPlayerId,nonStrikeBattingPlayerName,shotAngle,shotMagnitude,battingHandId,fieldingPosition,runsConceded,extras,runs,runsScored,dismissalType,lengthTypeId,lineTypeId,appealDismissalTypeId,battingConnectionId,battingFeetId,battingShotTypeId,bowlingDetailId,bowlingFromId,bowlingTypeId,bowlingHandId,outcomeId,referralOutcomeId,noBallReasonId,isWide,isNoBall,isByes,isLegByes,isAirControlled,isAppeal,decisionOfficialId,isFreeHit,isNewBall,isPowerPlay,isBattingPowerPlay,isFloodLit,isReferred,teamRuns,runsByes,runsWide,runsLegByes,noBallsCount,isBoundry,isAirNotControlled
1634040,2,2.5,1,1,0,5,1,1,76188,,39441,County Championship Division Two 2026,1,45,Yorkshire Men,42,Leicestershire Men,8729249,2026-08-27T10:04:16Z,1,7,False,,,,10.0,Josh Davey,7989.0,Will Luxton,156.0,Adam Lyth,309.0,42.0,Right,Mid Wicket,0.0,0,0.0,0.0,,HalfVolley,OffStump,,None,BackFoot,BackwardDefensive,NoMovement,Over,Medium,Right,Null,NotReferred,Null,False,False,False,False,False,True,,False,False,False,False,False,False,0.0,0.0,0.0,0.0,0.0,False,False
1634040,2,2.5,1,1,0,5,1,1,76188,,39441,County Championship Division Two 2026,1,45,Yorkshire Men,42,Leicestershire Men,8729251,2026-08-27T10:04:56Z,2,8,False,,,,10.0,Josh Davey,7989.0,Will Luxton,156.0,Adam Lyth,286.0,47.0,Right,Mid On,0.0,0,0.0,0.0,,BackOfALength,OutsideOff,,MisTimed,BackFoot,Pushed,SeamIn,Over,Medium,Right,Null,NotReferred,Null,False,False,False,False,False,True,,False,False,False,False,False,False,0.0,0.0,0.0,0.0,0.0,False,False
1634040,2,2.5,1,1,0,5,1,1,76188,,39441,County Championship Division Two 2026,1,45,Yorkshire Men,42,Leicestershire Men,8729259,2026-08-27T10:05:36Z,3,9,False,,,,10.0,Josh Davey,7989.0,Will Luxton,156.0,Adam Lyth,355.0,81.0,Right,Square Leg,1.0,0,1.0,1.0,,LengthBall,OutsideOff,,InsideEdge,FrontFoot,ForwardDefensive,InSwinger,Over,Medium,Right,Null,NotReferred,Null,False,False,False,False,False,True,,False,False,False,False,False,False,1.0,0.0,0.0,0.0,0.0,False,False
1634040,2,2.5,1,1,0,5,1,1,76188,,39441,County Championship Division Two 2026,1,45,Yorkshire Men,42,Leicestershire Men,8729266,2026-08-27T10:06:43Z,4,10,True,Caught,156.0,Adam Lyth,10.0,Josh Davey,156.0,Adam Lyth,7989.0,Will Luxton,,,Left,Wicketkeeper,0.0,0,0.0,0.0,Caught,BackOfALength,OutsideOff,Caught,OutsideEdge,BackFoot,BackwardDefensive,AwaySwinger,Round,Medium,Right,Null,NotReferred,Null,False,False,False,False,False,True,1942.0,False,False,False,False,False,False,0.0,0.0,0.0,0.0,0.0,False,True
1634040,2,2.5,1,1,0,5,1,1,76188,,39441,County Championship Division Two 2026,1,45,Yorkshire Men,42,Leicestershire Men,8729278,2026-08-27T10:08:48Z,5,11,False,,,,10.0,Josh Davey,963.0,Sam Whiteman,7989.0,Will Luxton,,,Left,Wicketkeeper,0.0,0,0.0,0.0,,LengthBall,OutsideOff,,Left,FrontFoot,Leave,SeamIn,Round,Medium,Right,Null,NotReferred,Null,False,False,False,False,False,True,,False,False,False,False,False,False,0.0,0.0,0.0,0.0,0.0,False,False
1634040,2,2.5,1,1,0,5,1,1,76188,,39441,County Championship Division Two 2026,1,45,Yorkshire Men,42,Leicestershire Men,8729286,2026-08-27T10:09:29Z,6,12,False,,,,10.0,Josh Davey,963.0,Sam Whiteman,7989.0,Will Luxton,210.0,29.0,Left,Square Leg,0.0,0,0.0,0.0,,BackOfALength,OffStump,,None,BackFoot,BackwardDefensive,NoMovement,Round,Medium,Right,Null,NotReferred,Null,False,False,False,False,False,True,,False,False,False,False,False,False,0.0,0.0,0.0,0.0,0.0,False,False
1634047,3,2.0,1,0,0,6,1,1,76188,,39441,County Championship Division Two 2026,1,45,Yorkshire Men,42,Leicestershire Men,8729292,2026-08-27T10:10:30Z,1,13,False,,,,499.0,Ian Holland,7989.0,Will Luxton,963.0,Sam Whiteman,,,Right,Wicketkeeper,0.0,0,0.0,0.0,,LengthBall,Wide,,Left,FrontFoot,Leave,SeamAway,Over,Medium,Right,Null,NotReferred,Null,False,False,False,False,False,True,,False,False,False,False,False,False,0.0,0.0,0.0,0.0,0.0,False,False
1634047,3,2.0,1,0,0,6,1,1,76188,,39441,County Championship Division Two 2026,1,45,Yorkshire Men,42,Leicestershire Men,8729296,2026-08-27T10:10:58Z,2,14,False,,,,499.0,Ian Holland,7989.0,Will Luxton,963.0,Sam Whiteman,312.0,48.0,Right,Mid Wicket,0.0,0,0.0,0.0,,LengthBall,OffStump,,None,FrontFoot,Flick,NoMovement,Over,Medium,Right,Null,NotReferred,Null,False,False,False,False,False,True,,False,False,False,False,False,False,0.0,0.0,0.0,0.0,0.0,False,False
1634047,3,2.0,1,0,0,6,1,1,76188,,39441,County Championship Division Two 2026,1,45,Yorkshire Men,42,Leicestershire Men,8729301,2026-08-27T10:11:28Z,3,15,False,,,,499.0,Ian Holland,7989.0,Will Luxton,963.0,Sam Whiteman,264.0,34.0,Right,Bowler,0.0,0,0.0,0.0,,BackOfALength,OutsideOff,,None,BackFoot,BackwardDefensive,NoMovement,Over,Medium,Right,Null,NotReferred,Null,False,False,False,False,False,True,,False,False,False,False,False,False,0.0,0.0,0.0,0.0,0.0,False,False
1634047,3,2.0,1,0,0,6,1,1,76188,,39441,County Championship Division Two 2026,1,45,Yorkshire Men,42,Leicestershire Men,8729307,2026-08-27T10:11:55Z,4,16,False,,,,499.0,Ian Holland,7989.0,Will Luxton,963.0,Sam Whiteman,184.0,36.0,Right,Cover,1.0,0,1.0,1.0,,BackOfALength,OutsideOff,,None,BackFoot,BackwardDefensive,NoMovement,Over,Medium,Right,Null,NotReferred,Null,False,False,False,False,False,True,,False,False,False,False,False,False,1.0,0.0,0.0,0.0,0.0,False,False
1634047,3,2.0,1,0,0,6,1,1,76188,,39441,County Championship Division Two 2026,1,45,Yorkshire Men,42,Leicestershire Men,8729311,2026-08-27T10:12:43Z,5,17,False,,,,499.0,Ian Holland,963.0,Sam Whiteman,7989.0,Will Luxton,10.0,58.0,Left,Backward Point,0.0,0,0.0,0.0,,HalfVolley,LegStump,,None,FrontFoot,ForwardDefensive,NoMovement,Over,Medium,Right,Null,NotReferred,Null,False,False,False,False,False,True,,False,False,False,False,False,False,0.0,0.0,0.0,0.0,0.0,False,False
1634047,3,2.0,1,0,0,6,1,1,76188,,39441,County Championship Division Two 2026,1,45,Yorkshire Men,42,Leicestershire Men,8729316,2026-08-27T10:13:10Z,6,18,False,,,,499.0,Ian Holland,963.0,Sam Whiteman,7989.0,Will Luxton,,,Left,Wicketkeeper,0.0,0,0.0,0.0,,LengthBall,OffStump,,Left,FrontFoot,Leave,SeamAway,Over,Medium,Right,Null,NotReferred,Null,False,False,False,False,False,True,,False,False,False,False,False,False,0.0,0.0,0.0,0.0,0.0,False,False
1634053,4,2.0,2,1,0,8,2,2,76188,,39441,County Championship Division Two 2026,1,45,Yorkshire Men,42,Leicestershire Men,8729322,2026-08-27T10:14:06Z,1,19,True,Bowled,7989.0,Will Luxton,10.0,Josh Davey,7989.0,Will Luxton,963.0,Sam Whiteman,,,Right,,0.0,0,0.0,0.0,Bowled,HalfVolley,OutsideOff,Bowled,Missed,FrontFoot,Drive,SeamIn,Over,Medium,Right,Null,NotReferred,Null,False,False,False,False,False,True,1942.0,False,False,False,False,False,False,0.0,0.0,0.0,0.0,0.0,False,False
1634053,4,2.0,2,1,0,8,2,2,76188,,39441,County Championship Division Two 2026,1,45,Yorkshire Men,42,Leicestershire Men,8729333,2026-08-27T10:16:10Z,2,20,False,,,,10.0,Josh Davey,7094.0,James Wharton,963.0,Sam Whiteman,,,Right,Wicketkeeper,0.0,0,0.0,0.0,,BackOfALength,OutsideOff,,Left,FrontFoot,Leave,NoMovement,Over,Medium,Right,Null,NotReferred,Null,False,False,False,False,False,True,,False,False,False,False,False,False,0.0,0.0,0.0,0.0,0.0,False,False
1634053,4,2.0,2,1,0,8,2,2,76188,,39441,County Championship Division Two 2026,1,45,Yorkshire Men,42,Leicestershire Men,8729339,2026-08-27T10:16:50Z,3,21,False,,,,10.0,Josh Davey,7094.0,James Wharton,963.0,Sam Whiteman,34.0,66.0,Right,Short Fine Leg,2.0,0,2.0,2.0,,HalfVolley,OffStump,,InsideEdge,FrontFoot,Flick,InSwinger,Over,Medium,Right,Null,NotReferred,Null,False,False,False,False,False,True,,False,False,False,False,False,False,2.0,0.0,0.0,0.0,0.0,False,False
1634053,4,2.0,2,1,0,8,2,2,76188,,39441,County Championship Division Two 2026,1,45,Yorkshire Men,42,Leicestershire Men,8729345,2026-08-27T10:17:33Z,4,22,False,,,,10.0,Josh Davey,7094.0,James Wharton,963.0,Sam Whiteman,223.0,51.0,Right,Extra Cover,0.0,0,0.0,0.0,,HalfVolley,OutsideOff,,None,FrontFoot,Drive,NoMovement,Over,Medium,Right,Null,NotReferred,Null,False,False,False,False,False,True,,False,False,False,False,False,False,0.0,0.0,0.0,0.0,0.0,False,False
1634053,4,2.0,2,1,0,8,2,2,76188,,39441,County Championship Division Two 2026,1,45,Yorkshire Men,42,Leicestershire Men,8729346,2026-08-27T10:18:14Z,5,23,False,,,,10.0,Josh Davey,7094.0,James Wharton,963.0,Sam Whiteman,,,Right,Wicketkeeper,0.0,0,0.0,0.0,,LengthBall,OutsideOff,,Left,FrontFoot,Leave,SeamIn,Over,Medium,Right,Null,NotReferred,Null,False,False,False,False,False,True,,False,False,False,False,False,False,0.0,0.0,0.0,0.0,0.0,False,False
1634053,4,2.0,2,1,0,8,2,2,76188,,39441,County Championship Division Two 2026,1,45,Yorkshire Men,42,Leicestershire Men,8729352,2026-08-27T10:18:52Z,6,24,False,,,,10.0,Josh Davey,7094.0,James Wharton,963.0,Sam Whiteman,,,Right,Wicketkeeper,0.0,0,0.0,0.0,,HalfVolley,OutsideOff,,Missed,FrontFoot,ForwardDefensive,SeamAway,Over,Medium,Right,Null,NotReferred,Null,False,False,False,False,False,True,,False,False,False,False,False,False,0.0,0.0,0.0,0.0,0.0,False,False
1634059,5,1.6,0,0,0,8,2,0,76188,,39441,County Championship Division Two 2026,1,45,Yorkshire Men,42,Leicestershire Men,8729361,2026-08-27T10:20:05Z,1,25,False,,,,499.0,Ian Holland,963.0,Sam Whiteman,7094.0,James Wharton,207.0,33.0,Left,Square Leg,0.0,0,0.0,0.0,,LengthBall,OutsideOff,,None,FrontFoot,ForwardDefensive,NoMovement,Round,Medium,Right,Null,NotReferred,Null,False,False,False,False,False,True,,False,False,False,False,False,False,0.0,0.0,0.0,0.0,0.0,False,False
1634059,5,1.6,0,0,0,8,2,0,76188,,39441,County Championship Division Two 2026,1,45,Yorkshire Men,42,Leicestershire Men,8729365,2026-08-27T10:20:35Z,2,26,False,,,,499.0,Ian Holland,963.0,Sam Whiteman,7094.0,James Wharton,,,Left,Wicketkeeper,0.0,0,0.0,0.0,,LengthBall,OutsideOff,,Left,FrontFoot,Leave,AwaySwinger,Round,Medium,Right,Null,NotReferred,Null,False,False,False,False,False,True,,False,False,False,False,False,False,0.0,0.0,0.0,0.0,0.0,False,False
1634059,5,1.6,0,0,0,8,2,0,76188,,39441,County Championship Division Two 2026,1,45,Yorkshire Men,42,Leicestershire Men,8729370,2026-08-27T10:21:06Z,3,27,False,,,,499.0,Ian Holland,963.0,Sam Whiteman,7094.0,James Wharton,,,Left,Wicketkeeper,0.0,0,0.0,0.0,,HalfVolley,OutsideOff,,Left,FrontFoot,Leave,SeamAway,Round,Medium,Right,Null,NotReferred,Null,False,False,False,False,False,True,,False,False,False,False,False,False,0.0,0.0,0.0,0.0,0.0,False,False
1634059,5,1.6,0,0,0,8,2,0,76188,,39441,County Championship Division Two 2026,1,45,Yorkshire Men,42,Leicestershire Men,8729372,2026-08-27T10:21:35Z,4,28,False,,,,499.0,Ian Holland,963.0,Sam Whiteman,7094.0,James Wharton,,,Left,Wicketkeeper,0.0,0,0.0,0.0,,LengthBall,OutsideOff,,Left,FrontFoot,Leave,SeamAway,Round,Medium,Right,Null,NotReferred,Null,False,False,False,False,False,True,,False,False,False,False,False,False,0.0,0.0,0.0,0.0,0.0,False,False
1634059,5,1.6,0,0,0,8,2,0,76188,,39441,County Championship Division Two 2026,1,45,Yorkshire Men,42,Leicestershire Men,8729376,2026-08-27T10:22:05Z,5,29,False,,,,499.0,Ian Holland,963.0,Sam Whiteman,7094.0,James Wharton,264.0,32.0,Left,Bowler,0.0,0,0.0,0.0,,LengthBall,OutsideOff,,None,FrontFoot,ForwardDefensive,NoMovement,Round,Medium,Right,Null,NotReferred,Null,False,False,False,False,False,True,,False,False,False,False,False,False,0.0,0.0,0.0,0.0,0.0,False,False
1634059,5,1.6,0,0,0,8,2,0,76188,,39441,County Championship Division Two 2026,1,45,Yorkshire Men,42,Leicestershire Men,8729378,2026-08-27T10:22:36Z,6,30,False,,,,499.0,Ian Holland,963.0,Sam Whiteman,7094.0,James Wharton,13.0,50.0,Left,Backward Point,0.0,0,0.0,0.0,,LengthBall,OutsideOff,,None,FrontFoot,ForwardDefensive,NoMovement,Round,Medium,Right,Null,NotReferred,Null,False,False,False,False,False,True,,False,False,False,False,False,False,0.0,0.0,0.0,0.0,0.0,False,False
1634063,6,1.67,2,0,0,10,2,2,76188,,39441,County Championship Division Two 2026,1,45,Yorkshire Men,42,Leicestershire Men,8729384,2026-08-27T10:23:19Z,1,31,False,,,,10.0,Josh Davey,7094.0,James Wharton,963.0,Sam Whiteman,175.0,26.0,Right,Backward Point,0.0,0,0.0,0.0,,LengthBall,OutsideOff,,HitPad,BackFoot,ForwardDefensive,SeamIn,Over,Medium,Right,Null,NotReferred,Null,False,False,False,False,False,True,,False,False,False,False,False,False,0.0,0.0,0.0,0.0,0.0,False,False
1634063,6,1.67,2,0,0,10,2,2,76188,,39441,County Championship Division Two 2026,1,45,Yorkshire Men,42,Leicestershire Men,8729389,2026-08-27T10:24:01Z,2,32,False,,,,10.0,Josh Davey,7094.0,James Wharton,963.0,Sam Whiteman,,,Right,Wicketkeeper,0.0,0,0.0,0.0,,BackOfALength,OutsideOff,,Missed,FrontFoot,ForwardDefensive,SeamAway,Over,Medium,Right,Null,NotReferred,Null,False,False,False,False,False,True,,False,False,False,False,False,False,0.0,0.0,0.0,0.0,0.0,False,False
1634063,6,1.67,2,0,0,10,2,2,76188,,39441,County Championship Division Two 2026,1,45,Yorkshire Men,42,Leicestershire Men,8729395,2026-08-27T10:24:43Z,3,33,False,,,,10.0,Josh Davey,7094.0,James Wharton,963.0,Sam Whiteman,358.0,131.0,Right,Deep Square Leg,2.0,0,2.0,2.0,,BackOfALength,OutsideOff,,WellTimed,BackFoot,Worked,NoMovement,Over,Medium,Right,Null,NotReferred,Null,False,False,False,False,False,True,,False,False,False,False,False,False,2.0,0.0,0.0,0.0,0.0,False,False
1634063,6,1.67,2,0,0,10,2,2,76188,,39441,County Championship Division Two 2026,1,45,Yorkshire Men,42,Leicestershire Men,8729399,2026-08-27T10:25:23Z,4,34,False,,,,10.0,Josh Davey,7094.0,James Wharton,963.0,Sam Whiteman,287.0,45.0,Right,Mid On,0.0,0,0.0,0.0,,HalfVolley,OffStump,,None,FrontFoot,ForwardDefensive,NoMovement,Over,Medium,Right,Null,NotReferred,Null,False,False,False,False,False,True,,False,False,False,False,False,False,0.0,0.0,0.0,0.0,0.0,False,False
1634063,6,1.67,2,0,0,10,2,2,76188,,39441,County Championship Division Two 2026,1,45,Yorkshire Men,42,Leicestershire Men,8729402,2026-08-27T10:26:03Z,5,35,False,,,,10.0,Josh Davey,7094.0,James Wharton,963.0,Sam Whiteman,258.0,32.0,Right,Bowler,0.0,0,0.0,0.0,,HalfVolley,OutsideOff,,None,FrontFoot,ForwardDefensive,NoMovement,Over,Medium,Right,Null,NotReferred,Null,False,False,False,False,False,True,,False,False,False,False,False,False,0.0,0.0,0.0,0.0,0.0,False,False
1634063,6,1.67,2,0,0,10,2,2,76188,,39441,County Championship Division Two 2026,1,45,Yorkshire Men,42,Leicestershire Men,8729406,2026-08-27T10:26:41Z,6,36,False,,,,10.0,Josh Davey,7094.0,James Wharton,963.0,Sam Whiteman,,,Right,Wicketkeeper,0.0,0,0.0,0.0,,LengthBall,OutsideOff,,Left,FrontFoot,Leave,SeamIn,Over,Medium,Right,Null,NotReferred,Null,False,False,False,False,False,True,,False,False,False,False,False,False,0.0,0.0,0.0,0.0,0.0,False,False
1634067,7,1.71,2,0,0,12,2,2,76188,,39441,County Championship Division Two 2026,1,45,Yorkshire Men,42,Leicestershire Men,8729413,2026-08-27T10:27:27Z,1,37,False,,,,499.0,Ian Holland,963.0,Sam Whiteman,7094.0,James Wharton,166.0,111.0,Left,Deep Backward Square Leg,2.0,0,2.0,2.0,,HalfVolley,OutsideOff,,InsideEdge,FrontFoot,ForwardDefensive,NoMovement,Round,Medium,Right,Null,NotReferred,Null,False,False,False,False,False,True,,False,False,False,False,False,False,2.0,0.0,0.0,0.0,0.0,False,False
1634067,7,1.71,2,0,0,12,2,2,76188,,39441,County Championship Division Two 2026,1,45,Yorkshire Men,42,Leicestershire Men,8729417,2026-08-27T10:28:00Z,2,38,False,,,,499.0,Ian Holland,963.0,Sam Whiteman,7094.0,James Wharton,,,Left,Wicketkeeper,0.0,0,0.0,0.0,,HalfVolley,OutsideOff,,Left,FrontFoot,Leave,SeamIn,Round,Medium,Right,Null,NotReferred,Null,False,False,False,False,False,True,,False,False,False,False,False,False,0.0,0.0,0.0,0.0,0.0,False,False
1634067,7,1.71,2,0,0,12,2,2,76188,,39441,County Championship Division Two 2026,1,45,Yorkshire Men,42,Leicestershire Men,8729420,2026-08-27T10:28:30Z,3,39,False,,,,499.0,Ian Holland,963.0,Sam Whiteman,7094.0,James Wharton,,,Left,Wicketkeeper,0.0,0,0.0,0.0,,LengthBall,OutsideOff,,Left,FrontFoot,Leave,SeamAway,Round,Medium,Right,Null,NotReferred,Null,False,False,False,False,False,True,,False,False,False,False,False,False,0.0,0.0,0.0,0.0,0.0,False,False
1634067,7,1.71,2,0,0,12,2,2,76188,,39441,County Championship Division Two 2026,1,45,Yorkshire Men,42,Leicestershire Men,8729422,2026-08-27T10:28:59Z,4,40,False,,,,499.0,Ian Holland,963.0,Sam Whiteman,7094.0,James Wharton,,,Left,Wicketkeeper,0.0,0,0.0,0.0,,BackOfALength,Wide,,Left,BackFoot,Leave,SeamAway,Round,Medium,Right,Null,NotReferred,Null,False,False,False,False,False,True,,False,False,False,False,False,False,0.0,0.0,0.0,0.0,0.0,False,False
1634067,7,1.71,2,0,0,12,2,2,76188,,39441,County Championship Division Two 2026,1,45,Yorkshire Men,42,Leicestershire Men,8729426,2026-08-27T10:29:28Z,5,41,False,,,,499.0,Ian Holland,963.0,Sam Whiteman,7094.0,James Wharton,,,Left,Wicketkeeper,0.0,0,0.0,0.0,,BackOfALength,OutsideOff,,Left,FrontFoot,Leave,SeamIn,Round,Medium,Right,Null,NotReferred,Null,False,False,False,False,False,True,,False,False,False,False,False,False,0.0,0.0,0.0,0.0,0.0,False,False
1634067,7,1.71,2,0,0,12,2,2,76188,,39441,County Championship Division Two 2026,1,45,Yorkshire Men,42,Leicestershire Men,8729428,2026-08-27T10:29:57Z,6,42,False,,,,499.0,Ian Holland,963.0,Sam Whiteman,7094.0,James Wharton,,,Left,Wicketkeeper,0.0,0,0.0,0.0,,LengthBall,OutsideOff,,Left,NoMovement,Leave,NoMovement,Round,Medium,Right,Null,NotReferred,Null,False,False,False,False,False,True,,False,False,False,False,False,False,0.0,0.0,0.0,0.0,0.0,False,False
1634072,8,1.62,1,0,0,13,2,1,76188,,39441,County Championship Division Two 2026,1,45,Yorkshire Men,42,Leicestershire Men,8729434,2026-08-27T10:30:46Z,1,43,False,,,,10.0,Josh Davey,7094.0,James Wharton,963.0,Sam Whiteman,,,Right,Wicketkeeper,0.0,0,0.0,0.0,,LengthBall,OutsideOff,,Missed,BackFoot,ForwardDefensive,SeamIn,Over,Medium,Right,Null,NotReferred,Null,False,False,False,False,False,True,,False,False,False,False,False,False,0.0,0.0,0.0,0.0,0.0,False,False
1634072,8,1.62,1,0,0,13,2,1,76188,,39441,County Championship Division Two 2026,1,45,Yorkshire Men,42,Leicestershire Men,8729439,2026-08-27T10:31:28Z,2,44,False,,,,10.0,Josh Davey,7094.0,James Wharton,963.0,Sam Whiteman,,,Right,Wicketkeeper,0.0,0,0.0,0.0,,LengthBall,OutsideOff,,Left,FrontFoot,Leave,NoMovement,Over,Medium,Right,Null,NotReferred,Null,False,False,False,False,False,True,,False,False,False,False,False,False,0.0,0.0,0.0,0.0,0.0,False,False
1634072,8,1.62,1,0,0,13,2,1,76188,,39441,County Championship Division Two 2026,1,45,Yorkshire Men,42,Leicestershire Men,8729445,2026-08-27T10:32:09Z,3,45,False,,,,10.0,Josh Davey,7094.0,James Wharton,963.0,Sam Whiteman,187.0,20.0,Right,Cover,0.0,0,0.0,0.0,,LengthBall,OutsideOff,,InsideEdge,FrontFoot,ForwardDefensive,SeamIn,Over,Medium,Right,Null,NotReferred,Null,False,False,False,False,False,True,,False,False,False,False,False,False,0.0,0.0,0.0,0.0,0.0,False,False
1634072,8,1.62,1,0,0,13,2,1,76188,,39441,County Championship Division Two 2026,1,45,Yorkshire Men,42,Leicestershire Men,8729450,2026-08-27T10:32:54Z,4,46,False,,,,10.0,Josh Davey,7094.0,James Wharton,963.0,Sam Whiteman,198.0,22.0,Right,Cover,0.0,0,0.0,0.0,,LengthBall,OutsideOff,,MisTimed,FrontFoot,ForwardDefensive,InSwinger,Over,Medium,Right,Null,NotReferred,Null,False,False,False,False,False,True,,False,False,False,False,False,False,0.0,0.0,0.0,0.0,0.0,False,False
1634072,8,1.62,1,0,0,13,2,1,76188,,39441,County Championship Division Two 2026,1,45,Yorkshire Men,42,Leicestershire Men,8729454,2026-08-27T10:33:36Z,5,47,False,,,,10.0,Josh Davey,7094.0,James Wharton,963.0,Sam Whiteman,293.0,62.0,Right,Mid On,1.0,0,1.0,1.0,,HalfVolley,OutsideOff,,MisTimed,FrontFoot,ForwardDefensive,NoMovement,Over,Medium,Right,Null,NotReferred,Null,False,False,False,False,False,True,,False,False,False,False,False,False,1.0,0.0,0.0,0.0,0.0,False,False
1634072,8,1.62,1,0,0,13,2,1,76188,,39441,County Championship Division Two 2026,1,45,Yorkshire Men,42,Leicestershire Men,8729458,2026-08-27T10:34:19Z,6,48,False,,,,10.0,Josh Davey,963.0,Sam Whiteman,7094.0,James Wharton,,,Left,Wicketkeeper,0.0,0,0.0,0.0,,HalfVolley,Wide,,Left,FrontFoot,Leave,AwaySwinger,Round,Medium,Right,Null,NotReferred,Null,False,False,False,False,False,True,,False,False,False,False,False,False,0.0,0.0,0.0,0.0,0.0,False,False
1634077,9,2.0,5,0,0,18,2,5,76188,,39441,County Championship Division Two 2026,1,45,Yorkshire Men,42,Leicestershire Men,8729469,2026-08-27T10:35:26Z,1,49,False,,,,499.0,Ian Holland,7094.0,James Wharton,963.0,Sam Whiteman,114.0,28.0,Right,Third Slip,0.0,0,0.0,0.0,,LengthBall,OutsideOff,,HitBody,FrontFoot,Flick,SeamIn,Over,Medium,Right,Null,NotReferred,Null,False,False,False,False,False,True,,False,False,False,False,False,False,0.0,0.0,0.0,0.0,0.0,False,False
1634077,9,2.0,5,0,0,18,2,5,76188,,39441,County Championship Division Two 2026,1,45,Yorkshire Men,42,Leicestershire Men,8729476,2026-08-27T10:35:56Z,2,50,False,,,,499.0,Ian Holland,7094.0,James Wharton,963.0,Sam Whiteman,14.0,168.0,Right,,4.0,0,4.0,4.0,,HalfVolley,OffStump,,WellTimed,FrontFoot,Flick,InSwinger,Over,Medium,Right,Null,NotReferred,Null,False,False,False,False,False,True,,False,False,False,False,False,False,4.0,0.0,0.0,0.0,0.0,True,False
1634077,9,2.0,5,0,0,18,2,5,76188,,39441,County Championship Division Two 2026,1,45,Yorkshire Men,42,Leicestershire Men,8729479,2026-08-27T10:36:29Z,3,51,False,,,,499.0,Ian Holland,7094.0,James Wharton,963.0,Sam Whiteman,151.0,31.0,Right,Backward Point,0.0,0,0.0,0.0,,BackOfALength,OutsideOff,,None,DownTheTrack,Pushed,NoMovement,Over,Medium,Right,Null,NotReferred,Null,False,False,False,False,False,True,,False,False,False,False,False,False,0.0,0.0,0.0,0.0,0.0,False,False
1634077,9,2.0,5,0,0,18,2,5,76188,,39441,County Championship Division Two 2026,1,45,Yorkshire Men,42,Leicestershire Men,8729482,2026-08-27T10:36:59Z,4,52,False,,,,499.0,Ian Holland,7094.0,James Wharton,963.0,Sam Whiteman,265.0,35.0,Right,Bowler,0.0,0,0.0,0.0,,LengthBall,OutsideOff,,None,DownTheTrack,ForwardDefensive,NoMovement,Over,Medium,Right,Null,NotReferred,Null,False,False,False,False,False,True,,False,False,False,False,False,False,0.0,0.0,0.0,0.0,0.0,False,False
1634077,9,2.0,5,0,0,18,2,5,76188,,39441,County Championship Division Two 2026,1,45,Yorkshire Men,42,Leicestershire Men,8729487,2026-08-27T10:37:26Z,5,53,False,,,,499.0,Ian Holland,7094.0,James Wharton,963.0,Sam Whiteman,229.0,59.0,Right,Extra Cover,1.0,0,1.0,1.0,,BackOfALength,OutsideOff,,MisTimed,BackFoot,Pushed,SeamAway,Over,Medium,Right,Null,NotReferred,Null,False,False,False,False,False,True,,False,False,False,False,False,False,1.0,0.0,0.0,0.0,0.0,False,False
1634077,9,2.0,5,0,0,18,2,5,76188,,39441,County Championship Division Two 2026,1,45,Yorkshire Men,42,Leicestershire Men,8729492,2026-08-27T10:38:01Z,6,54,False,,,,499.0,Ian Holland,963.0,Sam Whiteman,7094.0,James Wharton,267.0,37.0,Left,Bowler,0.0,0,0.0,0.0,,HalfVolley,OutsideOff,,None,FrontFoot,ForwardDefensive,AwaySwinger,Round,Medium,Right,Null,NotReferred,Null,False,False,False,False,False,True,,False,False,False,False,False,False,0.0,0.0,0.0,0.0,0.0,False,False
1634083,10,1.9,1,0,0,19,2,1,76188,,39441,County Championship Division Two 2026,1,45,Yorkshire Men,42,Leicestershire Men,8729500,2026-08-27T10:38:44Z,1,55,False,,,,10.0,Josh Davey,7094.0,James Wharton,963.0,Sam Whiteman,236.0,46.0,Right,Extra Cover,1.0,0,1.0,1.0,,LengthBall,OutsideOff,,None,DownTheTrack,ForwardDefensive,NoMovement,Over,Medium,Right,Null,NotReferred,Null,False,False,False,False,False,True,,False,False,False,False,False,False,1.0,0.0,0.0,0.0,0.0,False,False
1634083,10,1.9,1,0,0,19,2,1,76188,,39441,County Championship Division Two 2026,1,45,Yorkshire Men,42,Leicestershire Men,8729504,2026-08-27T10:39:25Z,2,56,False,,,,10.0,Josh Davey,963.0,Sam Whiteman,7094.0,James Wharton,,,Left,Wicketkeeper,0.0,0,0.0,0.0,,LengthBall,OutsideOff,,Left,FrontFoot,Leave,SeamAway,Round,Medium,Right,Null,NotReferred,Null,False,False,False,False,False,True,,False,False,False,False,False,False,0.0,0.0,0.0,0.0,0.0,False,False
1634083,10,1.9,1,0,0,19,2,1,76188,,39441,County Championship Division Two 2026,1,45,Yorkshire Men,42,Leicestershire Men,8729510,2026-08-27T10:40:03Z,3,57,False,,,,10.0,Josh Davey,963.0,Sam Whiteman,7094.0,James Wharton,,,Left,Wicketkeeper,0.0,0,0.0,0.0,,LengthBall,OutsideOff,,Left,NoMovement,Leave,NoMovement,Round,Medium,Right,Null,NotReferred,Null,False,False,False,False,False,True,,False,False,False,False,False,False,0.0,0.0,0.0,0.0,0.0,False,False
1634083,10,1.9,1,0,0,19,2,1,76188,,39441,County Championship Division Two 2026,1,45,Yorkshire Men,42,Leicestershire Men,8729517,2026-08-27T10:40:47Z,4,58,False,,,,10.0,Josh Davey,963.0,Sam Whiteman,7094.0,James Wharton,,,Left,Wicketkeeper,0.0,0,0.0,0.0,,HalfVolley,OutsideOff,,Missed,FrontFoot,ForwardDefensive,SeamAway,Round,Medium,Right,Null,NotReferred,Null,False,False,False,False,False,True,,False,False,False,False,False,False,0.0,0.0,0.0,0.0,0.0,False,False
1634083,10,1.9,1,0,0,19,2,1,76188,,39441,County Championship Division Two 2026,1,45,Yorkshire Men,42,Leicestershire Men,8729522,2026-08-27T10:41:29Z,5,59,False,,,,10.0,Josh Davey,963.0,Sam Whiteman,7094.0,James Wharton,,,Left,Wicketkeeper,0.0,0,0.0,0.0,,HalfVolley,OutsideOff,,Missed,FrontFoot,ForwardDefensive,SeamAway,Round,Medium,Right,Null,NotReferred,Null,False,False,False,False,False,True,,False,False,False,False,False,False,0.0,0.0,0.0,0.0,0.0,False,False
1634083,10,1.9,1,0,0,19,2,1,76188,,39441,County Championship Division Two 2026,1,45,Yorkshire Men,42,Leicestershire Men,8729527,2026-08-27T10:42:06Z,6,60,False,,,,10.0,Josh Davey,963.0,Sam Whiteman,7094.0,James Wharton,,,Left,Wicketkeeper,0.0,0,0.0,0.0,,HalfVolley,OutsideOff,,Left,FrontFoot,Leave,SeamAway,Round,Medium,Right,Null,NotReferred,Null,False,False,False,False,False,True,,False,False,False,False,False,False,0.0,0.0,0.0,0.0,0.0,False,False
1634088,11,1.73,0,0,0,19,2,0,76188,,39441,County Championship Division Two 2026,1,45,Yorkshire Men,42,Leicestershire Men,8729534,2026-08-27T10:42:59Z,1,61,False,,,,499.0,Ian Holland,7094.0,James Wharton,963.0,Sam Whiteman,144.0,43.0,Right,Gully,0.0,0,0.0,0.0,,LengthBall,OutsideOff,,HitPad,DownTheTrack,ForwardDefensive,SeamIn,Over,Medium,Right,Null,NotReferred,Null,False,False,False,False,False,True,,False,False,False,False,False,False,0.0,0.0,0.0,0.0,0.0,False,False
1634088,11,1.73,0,0,0,19,2,0,76188,,39441,County Championship Division Two 2026,1,45,Yorkshire Men,42,Leicestershire Men,8729538,2026-08-27T10:43:31Z,2,62,False,,,,499.0,Ian Holland,7094.0,James Wharton,963.0,Sam Whiteman,,,Right,Wicketkeeper,0.0,0,0.0,0.0,,LengthBall,OutsideOff,,Missed,FrontFoot,ForwardDefensive,SeamAway,Over,Medium,Right,Null,NotReferred,Null,False,False,False,False,False,True,,False,False,False,False,False,False,0.0,0.0,0.0,0.0,0.0,False,False
1634088,11,1.73,0,0,0,19,2,0,76188,,39441,County Championship Division Two 2026,1,45,Yorkshire Men,42,Leicestershire Men,8729543,2026-08-27T10:44:00Z,3,63,False,,,,499.0,Ian Holland,7094.0,James Wharton,963.0,Sam Whiteman,,,Right,Wicketkeeper,0.0,0,0.0,0.0,,LengthBall,OutsideOff,,Missed,FrontFoot,ForwardDefensive,SeamAway,Over,Medium,Right,Null,NotReferred,Null,False,False,False,False,False,True,,False,False,False,False,False,False,0.0,0.0,0.0,0.0,0.0,False,False
1634088,11,1.73,0,0,0,19,2,0,76188,,39441,County Championship Division Two 2026,1,45,Yorkshire Men,42,Leicestershire Men,8729550,2026-08-27T10:44:31Z,4,64,False,,,,499.0,Ian Holland,7094.0,James Wharton,963.0,Sam Whiteman,,,Right,Wicketkeeper,0.0,0,0.0,0.0,,BackOfALength,OutsideOff,,Left,NoMovement,Leave,NoMovement,Over,Medium,Right,Null,NotReferred,Null,False,False,False,False,False,True,,False,False,False,False,False,False,0.0,0.0,0.0,0.0,0.0,False,False
1634088,11,1.73,0,0,0,19,2,0,76188,,39441,County Championship Division Two 2026,1,45,Yorkshire Men,42,Leicestershire Men,8729556,2026-08-27T10:45:12Z,5,65,False,,,,499.0,Ian Holland,7094.0,James Wharton,963.0,Sam Whiteman,320.0,49.0,Right,Mid Wicket,0.0,0,0.0,0.0,,HalfVolley,MiddleStump,,None,FrontFoot,Flick,InSwinger,Over,Medium,Right,Null,NotReferred,Null,False,False,False,False,False,True,,False,False,False,False,False,False,0.0,0.0,0.0,0.0,0.0,False,False
1634088,11,1.73,0,0,0,19,2,0,76188,,39441,County Championship Division Two 2026,1,45,Yorkshire Men,42,Leicestershire Men,8729560,2026-08-27T10:45:42Z,6,66,False,,,,499.0,Ian Holland,7094.0,James Wharton,963.0,Sam Whiteman,,,Right,Wicketkeeper,0.0,0,0.0,0.0,,LengthBall,OutsideOff,,Left,FrontFoot,Leave,SeamIn,Over,Medium,Right,Null,NotReferred,Null,False,False,False,False,False,True,,False,False,False,False,False,False,0.0,0.0,0.0,0.0,0.0,False,False
1634094,12,2.42,10,0,0,29,2,10,76188,,39441,County Championship Division Two 2026,1,45,Yorkshire Men,42,Leicestershire Men,8729568,2026-08-27T10:47:00Z,1,67,False,,,,12218.0,Josh Hull,963.0,Sam Whiteman,7094.0,James Wharton,,,Left,Wicketkeeper,0.0,0,0.0,0.0,,LengthBall,OutsideOff,,Left,FrontFoot,Leave,AwaySwinger,Over,FastSeam,Left,Null,NotReferred,Null,False,False,False,False,False,True,,False,False,False,False,False,False,0.0,0.0,0.0,0.0,0.0,False,False
1634094,12,2.42,10,0,0,29,2,10,76188,,39441,County Championship Division Two 2026,1,45,Yorkshire Men,42,Leicestershire Men,8729577,2026-08-27T10:47:41Z,2,68,False,,,,12218.0,Josh Hull,963.0,Sam Whiteman,7094.0,James Wharton,3.0,73.0,Left,Backward Point,1.0,0,1.0,1.0,,BackOfALength,OutsideOff,,WellTimed,BackFoot,Cut,NoMovement,Over,FastSeam,Left,Null,NotReferred,Null,False,False,False,False,False,True,,False,False,False,False,False,False,1.0,0.0,0.0,0.0,0.0,False,False
1634094,12,2.42,10,0,0,29,2,10,76188,,39441,County Championship Division Two 2026,1,45,Yorkshire Men,42,Leicestershire Men,8729585,2026-08-27T10:48:31Z,3,69,False,,,,12218.0,Josh Hull,7094.0,James Wharton,963.0,Sam Whiteman,,,Right,Wicketkeeper,0.0,0,0.0,0.0,,HalfVolley,DownLeg,,PlayAndMissLegSide,FrontFoot,Flick,InSwinger,Over,FastSeam,Left,Null,NotReferred,Null,False,False,False,False,False,True,,False,False,False,False,False,False,0.0,0.0,0.0,0.0,0.0,False,False
1634094,12,2.42,10,0,0,29,2,10,76188,,39441,County Championship Division Two 2026,1,45,Yorkshire Men,42,Leicestershire Men,8729589,2026-08-27T10:49:17Z,4,70,False,,,,12218.0,Josh Hull,7094.0,James Wharton,963.0,Sam Whiteman,215.0,176.0,Right,,4.0,0,4.0,4.0,,FullToss,OutsideOff,,WellTimed,FrontFoot,Drive,NoMovement,Over,FastSeam,Left,Null,NotReferred,Null,False,False,False,False,False,True,,False,False,False,False,False,False,4.0,0.0,0.0,0.0,0.0,True,False
1634094,12,2.42,10,0,0,29,2,10,76188,,39441,County Championship Division Two 2026,1,45,Yorkshire Men,42,Leicestershire Men,8729595,2026-08-27T10:49:58Z,5,71,False,,,,12218.0,Josh Hull,7094.0,James Wharton,963.0,Sam Whiteman,309.0,178.0,Right,,4.0,0,4.0,4.0,,HalfVolley,MiddleStump,,Middled,FrontFoot,Flick,InSwinger,Over,FastSeam,Left,Null,NotReferred,Null,False,False,False,False,False,True,,False,False,False,False,False,False,4.0,0.0,0.0,0.0,0.0,True,False
1634094,12,2.42,10,0,0,29,2,10,76188,,39441,County Championship Division Two 2026,1,45,Yorkshire Men,42,Leicestershire Men,8729603,2026-08-27T10:50:47Z,6,72,False,,,,12218.0,Josh Hull,7094.0,James Wharton,963.0,Sam Whiteman,354.0,139.0,Right,Deep Square Leg,1.0,0,1.0,1.0,,LengthBall,MiddleStump,,WellTimed,FrontFoot,Flick,InSwinger,Over,FastSeam,Left,Null,NotReferred,Null,False,False,False,False,False,True,,False,False,False,False,False,False,1.0,0.0,0.0,0.0,0.0,False,False
1634101,13,2.38,2,0,0,31,2,2,76188,,39441,County Championship Division Two 2026,1,45,Yorkshire Men,42,Leicestershire Men,8729611,2026-08-27T10:51:49Z,1,73,False,,,,499.0,Ian Holland,7094.0,James Wharton,963.0,Sam Whiteman,142.0,48.0,Right,Gully,0.0,0,0.0,0.0,,LengthBall,OutsideOff,,HitBody,FrontFoot,Flick,SeamIn,Over,Medium,Right,Null,NotReferred,Null,False,False,False,False,False,True,,False,False,False,False,False,False,0.0,0.0,0.0,0.0,0.0,False,False
1634101,13,2.38,2,0,0,31,2,2,76188,,39441,County Championship Division Two 2026,1,45,Yorkshire Men,42,Leicestershire Men,8729614,2026-08-27T10:52:19Z,2,74,False,,,,499.0,Ian Holland,7094.0,James Wharton,963.0,Sam Whiteman,177.0,40.0,Right,Backward Point,1.0,0,1.0,1.0,,HalfVolley,OutsideOff,,None,FrontFoot,ForwardDefensive,NoMovement,Over,Medium,Right,Null,NotReferred,Null,False,False,False,False,False,True,,False,False,False,False,False,False,1.0,0.0,0.0,0.0,0.0,False,False
1634101,13,2.38,2,0,0,31,2,2,76188,,39441,County Championship Division Two 2026,1,45,Yorkshire Men,42,Leicestershire Men,8729619,2026-08-27T10:52:59Z,3,75,False,,,,499.0,Ian Holland,963.0,Sam Whiteman,7094.0,James Wharton,,,Left,Wicketkeeper,0.0,0,0.0,0.0,,LengthBall,OutsideOff,,Missed,FrontFoot,ForwardDefensive,SeamAway,Round,Medium,Right,Null,NotReferred,Null,False,False,False,False,False,True,,False,False,False,False,False,False,0.0,0.0,0.0,0.0,0.0,False,False
1634101,13,2.38,2,0,0,31,2,2,76188,,39441,County Championship Division Two 2026,1,45,Yorkshire Men,42,Leicestershire Men,8729623,2026-08-27T10:53:30Z,4,76,False,,,,499.0,Ian Holland,963.0,Sam Whiteman,7094.0,James Wharton,205.0,45.0,Left,Square Leg,0.0,0,0.0,0.0,,LengthBall,MiddleStump,,None,FrontFoot,Flick,NoMovement,Round,Medium,Right,Null,NotReferred,Null,False,False,False,False,False,True,,False,False,False,False,False,False,0.0,0.0,0.0,0.0,0.0,False,False
1634101,13,2.38,2,0,0,31,2,2,76188,,39441,County Championship Division Two 2026,1,45,Yorkshire Men,42,Leicestershire Men,8729629,2026-08-27T10:54:02Z,5,77,False,,,,499.0,Ian Holland,963.0,Sam Whiteman,7094.0,James Wharton,148.0,138.0,Left,Fine Leg,1.0,0,1.0,1.0,,LengthBall,OffStump,,None,FrontFoot,Flick,NoMovement,Round,Medium,Right,Null,NotReferred,Null,False,False,False,False,False,True,,False,False,False,False,False,False,1.0,0.0,0.0,0.0,0.0,False,False
1634101,13,2.38,2,0,0,31,2,2,76188,,39441,County Championship Division Two 2026,1,45,Yorkshire Men,42,Leicestershire Men,8729632,2026-08-27T10:54:47Z,6,78,False,,,,499.0,Ian Holland,7094.0,James Wharton,963.0,Sam Whiteman,179.0,22.0,Right,Backward Point,0.0,0,0.0,0.0,,LengthBall,OutsideOff,,HitPad,FrontFoot,Flick,SeamIn,Over,Medium,Right,Null,NotReferred,Null,False,False,False,False,False,True,,False,False,False,False,False,False,0.0,0.0,0.0,0.0,0.0,False,False
1634106,14,2.36,2,0,0,33,2,2,76188,,39441,County Championship Division Two 2026,1,45,Yorkshire Men,42,Leicestershire Men,8729639,2026-08-27T10:55:39Z,1,79,False,,,,12218.0,Josh Hull,963.0,Sam Whiteman,7094.0,James Wharton,,,Left,Wicketkeeper,0.0,0,0.0,0.0,,BackOfALength,OutsideOff,,Left,NoMovement,Leave,NoMovement,Over,FastSeam,Left,Null,NotReferred,Null,False,False,False,False,False,True,,False,False,False,False,False,False,0.0,0.0,0.0,0.0,0.0,False,False
1634106,14,2.36,2,0,0,33,2,2,76188,,39441,County Championship Division Two 2026,1,45,Yorkshire Men,42,Leicestershire Men,8729646,2026-08-27T10:56:20Z,2,80,False,,,,12218.0,Josh Hull,963.0,Sam Whiteman,7094.0,James Wharton,,,Left,Wicketkeeper,0.0,0,0.0,0.0,,LengthBall,OutsideOff,,Left,FrontFoot,Leave,AwaySwinger,Over,FastSeam,Left,Null,NotReferred,Null,False,False,False,False,False,True,,False,False,False,False,False,False,0.0,0.0,0.0,0.0,0.0,False,False
1634106,14,2.36,2,0,0,33,2,2,76188,,39441,County Championship Division Two 2026,1,45,Yorkshire Men,42,Leicestershire Men,8729650,2026-08-27T10:56:59Z,3,81,False,,,,12218.0,Josh Hull,963.0,Sam Whiteman,7094.0,James Wharton,153.0,116.0,Left,Deep Backward Square Leg,1.0,0,1.0,1.0,,HalfVolley,OffStump,,None,FrontFoot,Flick,AwaySwinger,Over,FastSeam,Left,Null,NotReferred,Null,False,False,False,False,False,True,,False,False,False,False,False,False,1.0,0.0,0.0,0.0,0.0,False,False
1634106,14,2.36,2,0,0,33,2,2,76188,,39441,County Championship Division Two 2026,1,45,Yorkshire Men,42,Leicestershire Men,8729657,2026-08-27T10:57:42Z,4,82,False,,,,12218.0,Josh Hull,7094.0,James Wharton,963.0,Sam Whiteman,21.0,53.0,Right,Backward Square Leg,0.0,1,1.0,0.0,,BackOfALength,LegStump,,HitBody,BackFoot,Worked,NoMovement,Over,FastSeam,Left,Null,NotReferred,Null,False,False,False,True,False,True,,False,False,False,False,False,False,1.0,0.0,0.0,1.0,0.0,False,False
1634106,14,2.36,2,0,0,33,2,2,76188,,39441,County Championship Division Two 2026,1,45,Yorkshire Men,42,Leicestershire Men,8729661,2026-08-27T10:58:27Z,5,83,False,,,,12218.0,Josh Hull,963.0,Sam Whiteman,7094.0,James Wharton,285.0,37.0,Left,Bowler,0.0,0,0.0,0.0,,BackOfALength,OutsideOff,,None,BackFoot,BackwardDefensive,NoMovement,Over,FastSeam,Left,Null,NotReferred,Null,False,False,False,False,False,True,,False,False,False,False,False,False,0.0,0.0,0.0,0.0,0.0,False,False
1634106,14,2.36,2,0,0,33,2,2,76188,,39441,County Championship Division Two 2026,1,45,Yorkshire Men,42,Leicestershire Men,8729667,2026-08-27T10:59:07Z,6,84,False,,,,12218.0,Josh Hull,963.0,Sam Whiteman,7094.0,James Wharton,,,Left,Wicketkeeper,0.0,0,0.0,0.0,,LengthBall,Wide,,Left,FrontFoot,Leave,AwaySwinger,Over,FastSeam,Left,Null,NotReferred,Null,False,False,False,False,False,True,,False,False,False,False,False,False,0.0,0.0,0.0,0.0,0.0,False,False
1634112,15,2.47,4,0,0,37,2,4,76188,,39441,County Championship Division Two 2026,1,45,Yorkshire Men,42,Leicestershire Men,8729678,2026-08-27T11:00:36Z,1,85,False,,,,7020.0,Tom Scriven,7094.0,James Wharton,963.0,Sam Whiteman,,,Right,Wicketkeeper,0.0,0,0.0,0.0,,HalfVolley,Wide,,Left,FrontFoot,Leave,AwaySwinger,Over,Medium,Right,Null,NotReferred,Null,False,False,False,False,False,True,,False,False,False,False,False,False,0.0,0.0,0.0,0.0,0.0,False,False
1634112,15,2.47,4,0,0,37,2,4,76188,,39441,County Championship Division Two 2026,1,45,Yorkshire Men,42,Leicestershire Men,8729682,2026-08-27T11:01:13Z,2,86,False,,,,7020.0,Tom Scriven,7094.0,James Wharton,963.0,Sam Whiteman,,,Right,Wicketkeeper,0.0,0,0.0,0.0,,HalfVolley,OutsideOff,,Left,FrontFoot,Leave,AwaySwinger,Over,Medium,Right,Null,NotReferred,Null,False,False,False,False,False,True,,False,False,False,False,False,False,0.0,0.0,0.0,0.0,0.0,False,False
1634112,15,2.47,4,0,0,37,2,4,76188,,39441,County Championship Division Two 2026,1,45,Yorkshire Men,42,Leicestershire Men,8729687,2026-08-27T11:01:49Z,3,87,False,,,,7020.0,Tom Scriven,7094.0,James Wharton,963.0,Sam Whiteman,294.0,55.0,Right,Mid On,0.0,0,0.0,0.0,,HalfVolley,MiddleStump,,None,FrontFoot,Flick,NoMovement,Over,Medium,Right,Null,NotReferred,Null,False,False,False,False,False,True,,False,False,False,False,False,False,0.0,0.0,0.0,0.0,0.0,False,False
1634112,15,2.47,4,0,0,37,2,4,76188,,39441,County Championship Division Two 2026,1,45,Yorkshire Men,42,Leicestershire Men,8729691,2026-08-27T11:02:21Z,4,88,False,,,,7020.0,Tom Scriven,7094.0,James Wharton,963.0,Sam Whiteman,,,Right,Wicketkeeper,0.0,0,0.0,0.0,,LengthBall,OutsideOff,,Left,FrontFoot,Leave,SeamIn,Over,Medium,Right,Null,NotReferred,Null,False,False,False,False,False,True,,False,False,False,False,False,False,0.0,0.0,0.0,0.0,0.0,False,False
1634112,15,2.47,4,0,0,37,2,4,76188,,39441,County Championship Division Two 2026,1,45,Yorkshire Men,42,Leicestershire Men,8729697,2026-08-27T11:02:56Z,5,89,False,,,,7020.0,Tom Scriven,7094.0,James Wharton,963.0,Sam Whiteman,116.0,144.0,Right,Third Man,4.0,0,4.0,4.0,,LengthBall,OutsideOff,,None,FrontFoot,ForwardDefensive,SeamAway,Over,Medium,Right,Null,NotReferred,Null,False,False,False,False,False,True,,False,False,False,False,False,False,4.0,0.0,0.0,0.0,0.0,False,False
1634112,15,2.47,4,0,0,37,2,4,76188,,39441,County Championship Division Two 2026,1,45,Yorkshire Men,42,Leicestershire Men,8729702,2026-08-27T11:03:47Z,6,90,False,,,,7020.0,Tom Scriven,7094.0,James Wharton,963.0,Sam Whiteman,,,Right,Wicketkeeper,0.0,0,0.0,0.0,,HalfVolley,OutsideOff,,Missed,FrontFoot,Drive,AwaySwinger,Over,Medium,Right,Null,NotReferred,Null,False,False,False,False,False,True,,False,False,False,False,False,False,0.0,0.0,0.0,0.0,0.0,False,False
1634116,16,2.62,5,0,0,42,2,5,76188,,39441,County Championship Division Two 2026,1,45,Yorkshire Men,42,Leicestershire Men,8729711,2026-08-27T11:04:39Z,1,91,False,,,,12218.0,Josh Hull,963.0,Sam Whiteman,7094.0,James Wharton,222.0,139.0,Left,Deep Mid Wicket,1.0,0,1.0,1.0,,HalfVolley,LegStump,,None,FrontFoot,Flick,NoMovement,Over,FastSeam,Left,Null,NotReferred,Null,False,False,False,False,False,True,,False,False,False,False,False,False,1.0,0.0,0.0,0.0,0.0,False,False
1634116,16,2.62,5,0,0,42,2,5,76188,,39441,County Championship Division Two 2026,1,45,Yorkshire Men,42,Leicestershire Men,8729716,2026-08-27T11:05:18Z,2,92,False,,,,12218.0,Josh Hull,7094.0,James Wharton,963.0,Sam Whiteman,27.0,40.0,Right,Wicketkeeper,0.0,1,1.0,0.0,,BackOfALength,LegStump,,HitBody,BackFoot,Worked,InSwinger,Over,FastSeam,Left,Null,NotReferred,Null,False,False,False,True,False,True,,False,False,False,False,False,False,1.0,0.0,0.0,1.0,0.0,False,False
1634116,16,2.62,5,0,0,42,2,5,76188,,39441,County Championship Division Two 2026,1,45,Yorkshire Men,42,Leicestershire Men,8729722,2026-08-27T11:06:02Z,3,93,False,,,,12218.0,Josh Hull,963.0,Sam Whiteman,7094.0,James Wharton,242.0,39.0,Left,Mid On,0.0,0,0.0,0.0,,HalfVolley,OffStump,,None,FrontFoot,ForwardDefensive,NoMovement,Over,FastSeam,Left,Null,NotReferred,Null,False,False,False,False,False,True,,False,False,False,False,False,False,0.0,0.0,0.0,0.0,0.0,False,False
1634116,16,2.62,5,0,0,42,2,5,76188,,39441,County Championship Division Two 2026,1,45,Yorkshire Men,42,Leicestershire Men,8729728,2026-08-27T11:06:41Z,4,94,False,,,,12218.0,Josh Hull,963.0,Sam Whiteman,7094.0,James Wharton,38.0,123.0,Left,Third Man,1.0,0,1.0,1.0,,Short,OutsideOff,,WellTimed,BackFoot,Cut,NoMovement,Over,FastSeam,Left,Null,NotReferred,Null,False,False,False,False,False,True,,False,False,False,False,False,False,1.0,0.0,0.0,0.0,0.0,False,False
1634116,16,2.62,5,0,0,42,2,5,76188,,39441,County Championship Division Two 2026,1,45,Yorkshire Men,42,Leicestershire Men,8729733,2026-08-27T11:07:24Z,5,95,False,,,,12218.0,Josh Hull,7094.0,James Wharton,963.0,Sam Whiteman,,,Right,Wicketkeeper,0.0,0,0.0,0.0,,BackOfALength,DownLeg,,Left,NoMovement,Leave,NoMovement,Over,FastSeam,Left,Null,NotReferred,Null,False,False,False,False,False,True,,False,False,False,False,False,False,0.0,0.0,0.0,0.0,0.0,False,False
1634116,16,2.62,5,0,0,42,2,5,76188,,39441,County Championship Division Two 2026,1,45,Yorkshire Men,42,Leicestershire Men,8729739,2026-08-27T11:08:04Z,6,96,False,,,,12218.0,Josh Hull,7094.0,James Wharton,963.0,Sam Whiteman,21.0,109.0,Right,Deep Backward Square Leg,2.0,0,2.0,2.0,,LengthBall,MiddleStump,,None,FrontFoot,Flick,InSwinger,Over,FastSeam,Left,Null,NotReferred,Null,False,False,False,False,False,True,,False,False,False,False,False,False,2.0,0.0,0.0,0.0,0.0,False,False
1634120,17,2.59,2,0,0,44,2,2,76188,,39441,County Championship Division Two 2026,1,45,Yorkshire Men,42,Leicestershire Men,8729742,2026-08-27T11:09:13Z,1,97,False,,,,7020.0,Tom Scriven,963.0,Sam Whiteman,7094.0,James Wharton,210.0,25.0,Left,Square Leg,0.0,0,0.0,0.0,,LengthBall,DownLeg,,HitBody,FrontFoot,ForwardDefensive,NoMovement,Over,Medium,Right,Null,NotReferred,Null,False,False,False,False,False,True,,False,False,False,False,False,False,0.0,0.0,0.0,0.0,0.0,False,False
1634120,17,2.59,2,0,0,44,2,2,76188,,39441,County Championship Division Two 2026,1,45,Yorkshire Men,42,Leicestershire Men,8729744,2026-08-27T11:09:48Z,2,98,False,,,,7020.0,Tom Scriven,963.0,Sam Whiteman,7094.0,James Wharton,298.0,43.0,Left,Mid Off,0.0,0,0.0,0.0,,LengthBall,MiddleStump,,None,FrontFoot,ForwardDefensive,NoMovement,Over,Medium,Right,Null,NotReferred,Null,False,False,False,False,False,True,,False,False,False,False,False,False,0.0,0.0,0.0,0.0,0.0,False,False
1634120,17,2.59,2,0,0,44,2,2,76188,,39441,County Championship Division Two 2026,1,45,Yorkshire Men,42,Leicestershire Men,8729748,2026-08-27T11:10:22Z,3,99,False,,,,7020.0,Tom Scriven,963.0,Sam Whiteman,7094.0,James Wharton,157.0,144.0,Left,Deep Backward Square Leg,2.0,0,2.0,2.0,,BackOfALength,DownLeg,,MisTimed,BackFoot,Worked,NoMovement,Over,Medium,Right,Null,NotReferred,Null,False,False,False,False,False,True,,False,False,False,False,False,False,2.0,0.0,0.0,0.0,0.0,False,False
1634120,17,2.59,2,0,0,44,2,2,76188,,39441,County Championship Division Two 2026,1,45,Yorkshire Men,42,Leicestershire Men,8729752,2026-08-27T11:11:00Z,4,100,False,,,,7020.0,Tom Scriven,963.0,Sam Whiteman,7094.0,James Wharton,,,Left,Wicketkeeper,0.0,0,0.0,0.0,,HalfVolley,OutsideOff,,Left,FrontFoot,Leave,NoMovement,Over,Medium,Right,Null,NotReferred,Null,False,False,False,False,False,True,,False,False,False,False,False,False,0.0,0.0,0.0,0.0,0.0,False,False
1634120,17,2.59,2,0,0,44,2,2,76188,,39441,County Championship Division Two 2026,1,45,Yorkshire Men,42,Leicestershire Men,8729756,2026-08-27T11:11:35Z,5,101,False,,,,7020.0,Tom Scriven,963.0,Sam Whiteman,7094.0,James Wharton,18.0,63.0,Left,Backward Point,0.0,0,0.0,0.0,,HalfVolley,OffStump,,None,FrontFoot,ForwardDefensive,NoMovement,Over,Medium,Right,Null,NotReferred,Null,False,False,False,False,False,True,,False,False,False,False,False,False,0.0,0.0,0.0,0.0,0.0,False,False
1634120,17,2.59,2,0,0,44,2,2,76188,,39441,County Championship Division Two 2026,1,45,Yorkshire Men,42,Leicestershire Men,8729760,2026-08-27T11:12:09Z,6,102,False,,,,7020.0,Tom Scriven,963.0,Sam Whiteman,7094.0,James Wharton,85.0,19.0,Left,Wicketkeeper,0.0,0,0.0,0.0,,LengthBall,OffStump,,MisTimed,FrontFoot,ForwardDefensive,NoMovement,Over,Medium,Right,Null,NotReferred,Null,False,False,False,False,False,True,,False,False,False,False,False,False,0.0,0.0,0.0,0.0,0.0,False,False
1634124,18,2.78,6,0,0,50,2,6,76188,,39441,County Championship Division Two 2026,1,45,Yorkshire Men,42,Leicestershire Men,8729764,2026-08-27T11:12:52Z,1,103,False,,,,12218.0,Josh Hull,7094.0,James Wharton,963.0,Sam Whiteman,264.0,180.0,Right,,4.0,0,4.0,4.0,,HalfVolley,OutsideOff,,Middled,FrontFoot,Drive,InSwinger,Over,FastSeam,Left,Null,NotReferred,Null,False,False,False,False,False,True,,False,False,False,False,False,False,4.0,0.0,0.0,0.0,0.0,True,False
1634124,18,2.78,6,0,0,50,2,6,76188,,39441,County Championship Division Two 2026,1,45,Yorkshire Men,42,Leicestershire Men,8729768,2026-08-27T11:13:34Z,2,104,False,,,,12218.0,Josh Hull,7094.0,James Wharton,963.0,Sam Whiteman,322.0,52.0,Right,Mid Wicket,1.0,0,1.0,1.0,,LengthBall,OffStump,,InsideEdge,FrontFoot,ForwardDefensive,InSwinger,Over,FastSeam,Left,Null,NotReferred,Null,False,False,False,False,False,True,,False,False,False,False,False,False,1.0,0.0,0.0,0.0,0.0,False,False
1634124,18,2.78,6,0,0,50,2,6,76188,,39441,County Championship Division Two 2026,1,45,Yorkshire Men,42,Leicestershire Men,8729771,2026-08-27T11:14:20Z,3,105,False,,,,12218.0,Josh Hull,963.0,Sam Whiteman,7094.0,James Wharton,,,Left,Wicketkeeper,0.0,0,0.0,0.0,,LengthBall,OutsideOff,,Left,FrontFoot,Leave,AwaySwinger,Over,FastSeam,Left,Null,NotReferred,Null,False,False,False,False,False,True,,False,False,False,False,False,False,0.0,0.0,0.0,0.0,0.0,False,False
1634124,18,2.78,6,0,0,50,2,6,76188,,39441,County Championship Division Two 2026,1,45,Yorkshire Men,42,Leicestershire Men,8729774,2026-08-27T11:15:00Z,4,106,False,,,,12218.0,Josh Hull,963.0,Sam Whiteman,7094.0,James Wharton,286.0,35.0,Left,Bowler,0.0,0,0.0,0.0,,HalfVolley,OutsideOff,,None,FrontFoot,ForwardDefensive,AwaySwinger,Over,FastSeam,Left,Null,NotReferred,Null,False,False,False,False,False,True,,False,False,False,False,False,False,0.0,0.0,0.0,0.0,0.0,False,False
1634124,18,2.78,6,0,0,50,2,6,76188,,39441,County Championship Division Two 2026,1,45,Yorkshire Men,42,Leicestershire Men,8729778,2026-08-27T11:15:43Z,5,107,False,,,,12218.0,Josh Hull,963.0,Sam Whiteman,7094.0,James Wharton,199.0,139.0,Left,Deep Square Leg,1.0,0,1.0,1.0,,HalfVolley,MiddleStump,,None,FrontFoot,Flick,InSwinger,Over,FastSeam,Left,Null,NotReferred,Null,False,False,False,False,False,True,,False,False,False,False,False,False,1.0,0.0,0.0,0.0,0.0,False,False
1634124,18,2.78,6,0,0,50,2,6,76188,,39441,County Championship Division Two 2026,1,45,Yorkshire Men,42,Leicestershire Men,8729783,2026-08-27T11:16:28Z,6,108,False,,,,12218.0,Josh Hull,7094.0,James Wharton,963.0,Sam Whiteman,242.0,41.0,Right,Mid Off,0.0,0,0.0,0.0,,HalfVolley,OutsideOff,,None,FrontFoot,ForwardDefensive,InSwinger,Over,FastSeam,Left,Null,NotReferred,Null,False,False,False,False,False,True,,False,False,False,False,False,False,0.0,0.0,0.0,0.0,0.0,False,False
1634130,19,2.95,6,0,0,56,2,6,76188,,39441,County Championship Division Two 2026,1,45,Yorkshire Men,42,Leicestershire Men,8729790,2026-08-27T11:18:04Z,1,109,False,,,,15344.0,Alex Green,963.0,Sam Whiteman,7094.0,James Wharton,298.0,53.0,Left,Mid Off,0.0,0,0.0,0.0,,HalfVolley,OutsideOff,,None,FrontFoot,Drive,NoMovement,Round,FastSeam,Right,Null,NotReferred,Null,False,False,False,False,False,True,,False,False,False,False,False,False,0.0,0.0,0.0,0.0,0.0,False,False
1634130,19,2.95,6,0,0,56,2,6,76188,,39441,County Championship Division Two 2026,1,45,Yorkshire Men,42,Leicestershire Men,8729794,2026-08-27T11:18:39Z,2,110,False,,,,15344.0,Alex Green,963.0,Sam Whiteman,7094.0,James Wharton,236.0,178.0,Left,,4.0,0,4.0,4.0,,HalfVolley,MiddleStump,,WellTimed,FrontFoot,Flick,NoMovement,Round,FastSeam,Right,Null,NotReferred,Null,False,False,False,False,False,True,,False,False,False,False,False,False,4.0,0.0,0.0,0.0,0.0,True,False
1634130,19,2.95,6,0,0,56,2,6,76188,,39441,County Championship Division Two 2026,1,45,Yorkshire Men,42,Leicestershire Men,8729797,2026-08-27T11:19:26Z,3,111,False,,,,15344.0,Alex Green,963.0,Sam Whiteman,7094.0,James Wharton,,,Left,Wicketkeeper,0.0,0,0.0,0.0,,BackOfALength,OutsideOff,,Left,BackFoot,Leave,SeamAway,Round,FastSeam,Right,Null,NotReferred,Null,False,False,False,False,False,True,,False,False,False,False,False,False,0.0,0.0,0.0,0.0,0.0,False,False
1634130,19,2.95,6,0,0,56,2,6,76188,,39441,County Championship Division Two 2026,1,45,Yorkshire Men,42,Leicestershire Men,8729801,2026-08-27T11:20:03Z,4,112,False,,,,15344.0,Alex Green,963.0,Sam Whiteman,7094.0,James Wharton,227.0,55.0,Left,Mid Wicket,1.0,0,1.0,1.0,,LengthBall,OffStump,,None,BackFoot,Worked,NoMovement,Round,FastSeam,Right,Null,NotReferred,Null,False,False,False,False,False,True,,False,False,False,False,False,False,1.0,0.0,0.0,0.0,0.0,False,False
1634130,19,2.95,6,0,0,56,2,6,76188,,39441,County Championship Division Two 2026,1,45,Yorkshire Men,42,Leicestershire Men,8729805,2026-08-27T11:20:49Z,5,113,False,,,,15344.0,Alex Green,7094.0,James Wharton,963.0,Sam Whiteman,317.0,56.0,Right,Mid Wicket,1.0,0,1.0,1.0,,BackOfALength,OutsideOff,,None,BackFoot,Worked,NoMovement,Over,FastSeam,Right,Null,NotReferred,Null,False,False,False,False,False,True,,False,False,False,False,False,False,1.0,0.0,0.0,0.0,0.0,False,False
1634130,19,2.95,6,0,0,56,2,6,76188,,39441,County Championship Division Two 2026,1,45,Yorkshire Men,42,Leicestershire Men,8729808,2026-08-27T11:21:29Z,6,114,False,,,,15344.0,Alex Green,963.0,Sam Whiteman,7094.0,James Wharton,20.0,46.0,Left,Backward Point,0.0,0,0.0,0.0,,LengthBall,OutsideOff,,None,FrontFoot,ForwardDefensive,NoMovement,Round,FastSeam,Right,Null,NotReferred,Null,False,False,False,False,False,True,,False,False,False,False,False,False,0.0,0.0,0.0,0.0,0.0,False,False
1634134,20,3.05,5,0,0,61,2,5,76188,,39441,County Championship Division Two 2026,1,45,Yorkshire Men,42,Leicestershire Men,8729818,2026-08-27T11:22:44Z,1,115,False,,,,7020.0,Tom Scriven,7094.0,James Wharton,963.0,Sam Whiteman,161.0,129.0,Right,Deep Backward Point,1.0,0,1.0,1.0,,BackOfALength,OutsideOff,,None,BackFoot,Pushed,NoMovement,Over,Medium,Right,Null,NotReferred,Null,False,False,False,False,False,True,,False,False,False,False,False,False,1.0,0.0,0.0,0.0,0.0,False,False
1634134,20,3.05,5,0,0,61,2,5,76188,,39441,County Championship Division Two 2026,1,45,Yorkshire Men,42,Leicestershire Men,8729822,2026-08-27T11:23:21Z,2,116,False,,,,7020.0,Tom Scriven,963.0,Sam Whiteman,7094.0,James Wharton,292.0,57.0,Left,Mid Off,0.0,0,0.0,0.0,,HalfVolley,MiddleStump,,None,FrontFoot,ForwardDefensive,NoMovement,Over,Medium,Right,Null,NotReferred,Null,False,False,False,False,False,True,,False,False,False,False,False,False,0.0,0.0,0.0,0.0,0.0,False,False
1634134,20,3.05,5,0,0,61,2,5,76188,,39441,County Championship Division Two 2026,1,45,Yorkshire Men,42,Leicestershire Men,8729826,2026-08-27T11:23:53Z,3,117,False,,,,7020.0,Tom Scriven,963.0,Sam Whiteman,7094.0,James Wharton,6.0,169.0,Left,,4.0,0,4.0,4.0,,HalfVolley,OutsideOff,,WellTimed,FrontFoot,Drive,NoMovement,Over,Medium,Right,Null,NotReferred,Null,False,False,False,False,False,True,,False,False,False,False,False,False,4.0,0.0,0.0,0.0,0.0,True,False
1634134,20,3.05,5,0,0,61,2,5,76188,,39441,County Championship Division Two 2026,1,45,Yorkshire Men,42,Leicestershire Men,8729828,2026-08-27T11:24:38Z,4,118,False,,,,7020.0,Tom Scriven,963.0,Sam Whiteman,7094.0,James Wharton,,,Left,Wicketkeeper,0.0,0,0.0,0.0,,LengthBall,OffStump,,Left,FrontFoot,Leave,NoMovement,Over,Medium,Right,Null,NotReferred,Null,False,False,False,False,False,True,,False,False,False,False,False,False,0.0,0.0,0.0,0.0,0.0,False,False
1634134,20,3.05,5,0,0,61,2,5,76188,,39441,County Championship Division Two 2026,1,45,Yorkshire Men,42,Leicestershire Men,8729834,2026-08-27T11:25:10Z,5,119,False,,,,7020.0,Tom Scriven,963.0,Sam Whiteman,7094.0,James Wharton,,,Left,Wicketkeeper,0.0,0,0.0,0.0,,LengthBall,OffStump,,Left,FrontFoot,Leave,NoMovement,Over,Medium,Right,Null,NotReferred,Null,False,False,False,False,False,True,,False,False,False,False,False,False,0.0,0.0,0.0,0.0,0.0,False,False
1634134,20,3.05,5,0,0,61,2,5,76188,,39441,County Championship Division Two 2026,1,45,Yorkshire Men,42,Leicestershire Men,8729838,2026-08-27T11:25:48Z,6,120,False,,,,7020.0,Tom Scriven,963.0,Sam Whiteman,7094.0,James Wharton,261.0,44.0,Left,Mid On,0.0,0,0.0,0.0,,LengthBall,LegStump,,None,FrontFoot,ForwardDefensive,NoMovement,Over,Medium,Right,Null,NotReferred,Null,False,False,False,False,False,True,,False,False,False,False,False,False,0.0,0.0,0.0,0.0,0.0,False,False
1634139,21,3.0,2,0,0,63,2,2,76188,,39441,County Championship Division Two 2026,1,45,Yorkshire Men,42,Leicestershire Men,8729844,2026-08-27T11:26:40Z,1,121,False,,,,15344.0,Alex Green,7094.0,James Wharton,963.0,Sam Whiteman,,,Right,Wicketkeeper,0.0,0,0.0,0.0,,LengthBall,OutsideOff,,Left,FrontFoot,Leave,SeamIn,Over,FastSeam,Right,Null,NotReferred,Null,False,False,False,False,False,True,,False,False,False,False,False,False,0.0,0.0,0.0,0.0,0.0,False,False
1634139,21,3.0,2,0,0,63,2,2,76188,,39441,County Championship Division Two 2026,1,45,Yorkshire Men,42,Leicestershire Men,8729850,2026-08-27T11:27:15Z,2,122,False,,,,15344.0,Alex Green,7094.0,James Wharton,963.0,Sam Whiteman,,,Right,Wicketkeeper,0.0,0,0.0,0.0,,LengthBall,OutsideOff,,Left,FrontFoot,Leave,NoMovement,Over,FastSeam,Right,Null,NotReferred,Null,False,False,False,False,False,True,,False,False,False,False,False,False,0.0,0.0,0.0,0.0,0.0,False,False
1634139,21,3.0,2,0,0,63,2,2,76188,,39441,County Championship Division Two 2026,1,45,Yorkshire Men,42,Leicestershire Men,8729852,2026-08-27T11:27:52Z,3,123,False,,,,15344.0,Alex Green,7094.0,James Wharton,963.0,Sam Whiteman,,,Right,Wicketkeeper,0.0,0,0.0,0.0,,LengthBall,OutsideOff,,Left,FrontFoot,Leave,SeamAway,Over,FastSeam,Right,Null,NotReferred,Null,False,False,False,False,False,True,,False,False,False,False,False,False,0.0,0.0,0.0,0.0,0.0,False,False
1634139,21,3.0,2,0,0,63,2,2,76188,,39441,County Championship Division Two 2026,1,45,Yorkshire Men,42,Leicestershire Men,8729858,2026-08-27T11:28:28Z,4,124,False,,,,15344.0,Alex Green,7094.0,James Wharton,963.0,Sam Whiteman,71.0,127.0,Right,Fine Leg,2.0,0,2.0,2.0,,LengthBall,OffStump,,WellTimed,BackFoot,Flick,InSwinger,Over,FastSeam,Right,Null,NotReferred,Null,False,False,False,False,False,True,,False,False,False,False,False,False,2.0,0.0,0.0,0.0,0.0,False,False
1634139,21,3.0,2,0,0,63,2,2,76188,,39441,County Championship Division Two 2026,1,45,Yorkshire Men,42,Leicestershire Men,8729863,2026-08-27T11:29:13Z,5,125,False,,,,15344.0,Alex Green,7094.0,James Wharton,963.0,Sam Whiteman,,,Right,Wicketkeeper,0.0,0,0.0,0.0,,BackOfALength,OutsideOff,,Left,SwayedAway,Leave,NoMovement,Over,FastSeam,Right,Null,NotReferred,Null,False,False,False,False,False,True,,False,False,False,False,False,False,0.0,0.0,0.0,0.0,0.0,False,False
1634139,21,3.0,2,0,0,63,2,2,76188,,39441,County Championship Division Two 2026,1,45,Yorkshire Men,42,Leicestershire Men,8729866,2026-08-27T11:29:48Z,6,126,False,,,,15344.0,Alex Green,7094.0,James Wharton,963.0,Sam Whiteman,,,Right,Wicketkeeper,0.0,0,0.0,0.0,,LengthBall,OutsideOff,,Left,FrontFoot,Leave,NoMovement,Over,FastSeam,Right,Null,NotReferred,Null,False,False,False,False,False,True,,False,False,False,False,False,False,0.0,0.0,0.0,0.0,0.0,False,False
1634144,22,3.14,6,0,0,69,2,6,76188,,39441,County Championship Division Two 2026,1,45,Yorkshire Men,42,Leicestershire Men,8729873,2026-08-27T11:30:43Z,1,127,False,,,,7020.0,Tom Scriven,963.0,Sam Whiteman,7094.0,James Wharton,29.0,126.0,Left,Deep Backward Point,1.0,0,1.0,1.0,,BackOfALength,OutsideOff,,WellTimed,BackFoot,Cut,NoMovement,Round,Medium,Right,Null,NotReferred,Null,False,False,False,False,False,True,,False,False,False,False,False,False,1.0,0.0,0.0,0.0,0.0,False,False
1634144,22,3.14,6,0,0,69,2,6,76188,,39441,County Championship Division Two 2026,1,45,Yorkshire Men,42,Leicestershire Men,8729879,2026-08-27T11:31:19Z,2,128,False,,,,7020.0,Tom Scriven,7094.0,James Wharton,963.0,Sam Whiteman,122.0,136.0,Right,Third Man,1.0,0,1.0,1.0,,LengthBall,OutsideOff,,ThickEdge,FrontFoot,ForwardDefensive,NoMovement,Over,Medium,Right,Null,NotReferred,Null,False,False,False,False,False,True,,False,False,False,False,False,False,1.0,0.0,0.0,0.0,0.0,False,False
1634144,22,3.14,6,0,0,69,2,6,76188,,39441,County Championship Division Two 2026,1,45,Yorkshire Men,42,Leicestershire Men,8729883,2026-08-27T11:31:55Z,3,129,False,,,,7020.0,Tom Scriven,963.0,Sam Whiteman,7094.0,James Wharton,7.0,60.0,Left,Backward Point,0.0,0,0.0,0.0,,BackOfALength,OutsideOff,,None,BackFoot,Pushed,SeamIn,Round,Medium,Right,Null,NotReferred,Null,False,False,False,False,False,True,,False,False,False,False,False,False,0.0,0.0,0.0,0.0,0.0,False,False
1634144,22,3.14,6,0,0,69,2,6,76188,,39441,County Championship Division Two 2026,1,45,Yorkshire Men,42,Leicestershire Men,8729887,2026-08-27T11:32:27Z,4,130,False,,,,7020.0,Tom Scriven,963.0,Sam Whiteman,7094.0,James Wharton,144.0,127.0,Left,Fine Leg,1.0,0,1.0,1.0,,LengthBall,OutsideOff,,None,FrontFoot,Flick,SeamIn,Round,Medium,Right,Null,NotReferred,Null,False,False,False,False,False,True,,False,False,False,False,False,False,1.0,0.0,0.0,0.0,0.0,False,False
1634144,22,3.14,6,0,0,69,2,6,76188,,39441,County Championship Division Two 2026,1,45,Yorkshire Men,42,Leicestershire Men,8729891,2026-08-27T11:33:03Z,5,131,False,,,,7020.0,Tom Scriven,7094.0,James Wharton,963.0,Sam Whiteman,309.0,128.0,Right,Deep Mid Wicket,2.0,0,2.0,2.0,,LengthBall,OutsideOff,,WellTimed,BackFoot,Worked,NoMovement,Over,Medium,Right,Null,NotReferred,Null,False,False,False,False,False,True,,False,False,False,False,False,False,2.0,0.0,0.0,0.0,0.0,False,False
1634144,22,3.14,6,0,0,69,2,6,76188,,39441,County Championship Division Two 2026,1,45,Yorkshire Men,42,Leicestershire Men,8729896,2026-08-27T11:33:39Z,6,132,False,,,,7020.0,Tom Scriven,7094.0,James Wharton,963.0,Sam Whiteman,322.0,103.0,Right,Deep Mid Wicket,1.0,0,1.0,1.0,,BackOfALength,OutsideOff,,WellTimed,BackFoot,Worked,NoMovement,Over,Medium,Right,Null,NotReferred,Null,False,False,False,False,False,True,,False,False,False,False,False,False,1.0,0.0,0.0,0.0,0.0,False,False
1634148,23,3.09,2,0,0,71,2,2,76188,,39441,County Championship Division Two 2026,1,45,Yorkshire Men,42,Leicestershire Men,8729900,2026-08-27T11:34:32Z,1,133,False,,,,15344.0,Alex Green,7094.0,James Wharton,963.0,Sam Whiteman,62.0,42.0,Right,Wicketkeeper,1.0,0,1.0,1.0,,BackOfALength,OutsideOff,,InsideEdge,BackFoot,Worked,SeamIn,Over,FastSeam,Right,Null,NotReferred,Null,False,False,False,False,False,True,,False,False,False,False,False,False,1.0,0.0,0.0,0.0,0.0,False,False
1634148,23,3.09,2,0,0,71,2,2,76188,,39441,County Championship Division Two 2026,1,45,Yorkshire Men,42,Leicestershire Men,8729906,2026-08-27T11:35:09Z,2,134,False,,,,15344.0,Alex Green,963.0,Sam Whiteman,7094.0,James Wharton,166.0,135.0,Left,Deep Backward Square Leg,1.0,0,1.0,1.0,,BackOfALength,OutsideOff,,None,BackFoot,Worked,NoMovement,Round,FastSeam,Right,Null,NotReferred,Null,False,False,False,False,False,True,,False,False,False,False,False,False,1.0,0.0,0.0,0.0,0.0,False,False
1634148,23,3.09,2,0,0,71,2,2,76188,,39441,County Championship Division Two 2026,1,45,Yorkshire Men,42,Leicestershire Men,8729910,2026-08-27T11:35:51Z,3,135,False,,,,15344.0,Alex Green,7094.0,James Wharton,963.0,Sam Whiteman,187.0,22.0,Right,Cover,0.0,0,0.0,0.0,,LengthBall,OutsideOff,,None,FrontFoot,ForwardDefensive,NoMovement,Over,FastSeam,Right,Null,NotReferred,Null,False,False,False,False,False,True,,False,False,False,False,False,False,0.0,0.0,0.0,0.0,0.0,False,False
1634148,23,3.09,2,0,0,71,2,2,76188,,39441,County Championship Division Two 2026,1,45,Yorkshire Men,42,Leicestershire Men,8729916,2026-08-27T11:36:29Z,4,136,False,,,,15344.0,Alex Green,7094.0,James Wharton,963.0,Sam Whiteman,,,Right,Wicketkeeper,0.0,0,0.0,0.0,,LengthBall,Wide,,Left,FrontFoot,Leave,NoMovement,Over,FastSeam,Right,Null,NotReferred,Null,False,False,False,False,False,True,,False,False,False,False,False,False,0.0,0.0,0.0,0.0,0.0,False,False
1634148,23,3.09,2,0,0,71,2,2,76188,,39441,County Championship Division Two 2026,1,45,Yorkshire Men,42,Leicestershire Men,8729920,2026-08-27T11:37:09Z,5,137,False,,,,15344.0,Alex Green,7094.0,James Wharton,963.0,Sam Whiteman,,,Right,Wicketkeeper,0.0,0,0.0,0.0,,HalfVolley,Wide,,Missed,FrontFoot,Drive,AwaySwinger,Over,FastSeam,Right,Null,NotReferred,Null,False,False,False,False,False,True,,False,False,False,False,False,False,0.0,0.0,0.0,0.0,0.0,False,False
1634148,23,3.09,2,0,0,71,2,2,76188,,39441,County Championship Division Two 2026,1,45,Yorkshire Men,42,Leicestershire Men,8729925,2026-08-27T11:37:51Z,6,138,False,,,,15344.0,Alex Green,7094.0,James Wharton,963.0,Sam Whiteman,,,Right,Wicketkeeper,0.0,0,0.0,0.0,,BackOfALength,Wide,,Left,NoMovement,Leave,NoMovement,Over,FastSeam,Right,Null,NotReferred,Null,False,False,False,False,False,True,,False,False,False,False,False,False,0.0,0.0,0.0,0.0,0.0,False,False
1634153,24,3.17,5,0,0,76,2,5,76188,,39441,County Championship Division Two 2026,1,45,Yorkshire Men,42,Leicestershire Men,8729932,2026-08-27T11:38:38Z,1,139,False,,,,7020.0,Tom Scriven,963.0,Sam Whiteman,7094.0,James Wharton,284.0,28.0,Left,Bowler,0.0,0,0.0,0.0,,LengthBall,OutsideOff,,None,FrontFoot,ForwardDefensive,NoMovement,Round,Medium,Right,Null,NotReferred,Null,False,False,False,False,False,True,,False,False,False,False,False,False,0.0,0.0,0.0,0.0,0.0,False,False
1634153,24,3.17,5,0,0,76,2,5,76188,,39441,County Championship Division Two 2026,1,45,Yorkshire Men,42,Leicestershire Men,8729936,2026-08-27T11:39:08Z,2,140,False,,,,7020.0,Tom Scriven,963.0,Sam Whiteman,7094.0,James Wharton,262.0,180.0,Left,,4.0,0,4.0,4.0,,HalfVolley,OffStump,,WellTimed,FrontFoot,Drive,InSwinger,Round,Medium,Right,Null,NotReferred,Null,False,False,False,False,False,True,,False,False,False,False,False,False,4.0,0.0,0.0,0.0,0.0,True,False
1634153,24,3.17,5,0,0,76,2,5,76188,,39441,County Championship Division Two 2026,1,45,Yorkshire Men,42,Leicestershire Men,8729941,2026-08-27T11:39:43Z,3,141,False,,,,7020.0,Tom Scriven,963.0,Sam Whiteman,7094.0,James Wharton,27.0,9.0,Left,Backward Point,0.0,0,0.0,0.0,,BackOfALength,OutsideOff,,MisTimed,BackFoot,BackwardDefensive,SeamIn,Round,Medium,Right,Null,NotReferred,Null,False,False,False,False,False,True,,False,False,False,False,False,False,0.0,0.0,0.0,0.0,0.0,False,False
1634153,24,3.17,5,0,0,76,2,5,76188,,39441,County Championship Division Two 2026,1,45,Yorkshire Men,42,Leicestershire Men,8729946,2026-08-27T11:40:17Z,4,142,False,,,,7020.0,Tom Scriven,963.0,Sam Whiteman,7094.0,James Wharton,308.0,45.0,Left,Extra Cover,0.0,0,0.0,0.0,,BackOfALength,OutsideOff,,None,BackFoot,BackwardDefensive,NoMovement,Round,Medium,Right,Null,NotReferred,Null,False,False,False,False,False,True,,False,False,False,False,False,False,0.0,0.0,0.0,0.0,0.0,False,False
1634153,24,3.17,5,0,0,76,2,5,76188,,39441,County Championship Division Two 2026,1,45,Yorkshire Men,42,Leicestershire Men,8729949,2026-08-27T11:40:48Z,5,143,False,,,,7020.0,Tom Scriven,963.0,Sam Whiteman,7094.0,James Wharton,228.0,77.0,Left,Mid Wicket,1.0,0,1.0,1.0,,HalfVolley,OffStump,,None,FrontFoot,Flick,InSwinger,Round,Medium,Right,Null,NotReferred,Null,False,False,False,False,False,True,,False,False,False,False,False,False,1.0,0.0,0.0,0.0,0.0,False,False
1634153,24,3.17,5,0,0,76,2,5,76188,,39441,County Championship Division Two 2026,1,45,Yorkshire Men,42,Leicestershire Men,8729953,2026-08-27T11:41:23Z,6,144,False,,,,7020.0,Tom Scriven,7094.0,James Wharton,963.0,Sam Whiteman,251.0,62.0,Right,Mid Off,0.0,0,0.0,0.0,,HalfVolley,OutsideOff,,None,FrontFoot,Drive,NoMovement,Over,Medium,Right,Null,NotReferred,Null,False,False,False,False,False,True,,False,False,False,False,False,False,0.0,0.0,0.0,0.0,0.0,False,False
1634157,25,3.08,1,0,0,77,2,1,76188,,39441,County Championship Division Two 2026,1,45,Yorkshire Men,42,Leicestershire Men,8729960,2026-08-27T11:42:42Z,1,145,False,,,,15344.0,Alex Green,963.0,Sam Whiteman,7094.0,James Wharton,,,Left,Wicketkeeper,0.0,0,0.0,0.0,,HalfVolley,OutsideOff,,Left,FrontFoot,Leave,NoMovement,Over,FastSeam,Right,Null,NotReferred,Null,False,False,False,False,False,True,,False,False,False,False,False,False,0.0,0.0,0.0,0.0,0.0,False,False
1634157,25,3.08,1,0,0,77,2,1,76188,,39441,County Championship Division Two 2026,1,45,Yorkshire Men,42,Leicestershire Men,8729964,2026-08-27T11:43:24Z,2,146,False,,,,15344.0,Alex Green,963.0,Sam Whiteman,7094.0,James Wharton,,,Left,Wicketkeeper,0.0,0,0.0,0.0,,LengthBall,OutsideOff,,Left,FrontFoot,Leave,NoMovement,Over,FastSeam,Right,Null,NotReferred,Null,False,False,False,False,False,True,,False,False,False,False,False,False,0.0,0.0,0.0,0.0,0.0,False,False
1634157,25,3.08,1,0,0,77,2,1,76188,,39441,County Championship Division Two 2026,1,45,Yorkshire Men,42,Leicestershire Men,8729967,2026-08-27T11:44:00Z,3,147,False,,,,15344.0,Alex Green,963.0,Sam Whiteman,7094.0,James Wharton,290.0,54.0,Left,Mid Off,0.0,0,0.0,0.0,,HalfVolley,MiddleStump,,None,FrontFoot,ForwardDefensive,NoMovement,Over,FastSeam,Right,Null,NotReferred,Null,False,False,False,False,False,True,,False,False,False,False,False,False,0.0,0.0,0.0,0.0,0.0,False,False
1634157,25,3.08,1,0,0,77,2,1,76188,,39441,County Championship Division Two 2026,1,45,Yorkshire Men,42,Leicestershire Men,8729971,2026-08-27T11:44:38Z,4,148,False,,,,15344.0,Alex Green,963.0,Sam Whiteman,7094.0,James Wharton,,,Left,Wicketkeeper,0.0,0,0.0,0.0,,BackOfALength,MiddleStump,,Left,BackFoot,Leave,NoMovement,Over,FastSeam,Right,Null,NotReferred,Null,False,False,False,False,False,True,,False,False,False,False,False,False,0.0,0.0,0.0,0.0,0.0,False,False
1634157,25,3.08,1,0,0,77,2,1,76188,,39441,County Championship Division Two 2026,1,45,Yorkshire Men,42,Leicestershire Men,8729976,2026-08-27T11:45:23Z,5,149,False,,,,15344.0,Alex Green,963.0,Sam Whiteman,7094.0,James Wharton,,,Left,Wicketkeeper,0.0,0,0.0,0.0,,LengthBall,OutsideOff,,Left,FrontFoot,Leave,NoMovement,Over,FastSeam,Right,Null,NotReferred,Null,False,False,False,False,False,True,,False,False,False,False,False,False,0.0,0.0,0.0,0.0,0.0,False,False
1634157,25,3.08,1,0,0,77,2,1,76188,,39441,County Championship Division Two 2026,1,45,Yorkshire Men,42,Leicestershire Men,8729982,2026-08-27T11:45:57Z,6,150,False,,,,15344.0,Alex Green,963.0,Sam Whiteman,7094.0,James Wharton,205.0,40.0,Left,Square Leg,1.0,0,1.0,1.0,,BackOfALength,DownLeg,,None,BackFoot,Worked,NoMovement,Over,FastSeam,Right,Null,NotReferred,Null,False,False,False,False,False,True,,False,False,False,False,False,False,1.0,0.0,0.0,0.0,0.0,False,False
1634162,26,3.12,4,0,0,81,2,4,76188,,39441,County Championship Division Two 2026,1,45,Yorkshire Men,42,Leicestershire Men,8729989,2026-08-27T11:46:50Z,1,151,False,,,,7020.0,Tom Scriven,963.0,Sam Whiteman,7094.0,James Wharton,23.0,76.0,Left,Backward Point,0.0,0,0.0,0.0,,LengthBall,OffStump,,ThickEdge,FrontFoot,ForwardDefensive,NoMovement,Round,Medium,Right,Null,NotReferred,Null,False,False,False,False,False,True,,False,False,False,False,False,False,0.0,0.0,0.0,0.0,0.0,False,False
1634162,26,3.12,4,0,0,81,2,4,76188,,39441,County Championship Division Two 2026,1,45,Yorkshire Men,42,Leicestershire Men,8729994,2026-08-27T11:47:22Z,2,152,False,,,,7020.0,Tom Scriven,963.0,Sam Whiteman,7094.0,James Wharton,314.0,51.0,Left,Extra Cover,0.0,0,0.0,0.0,,LengthBall,OutsideOff,,None,FrontFoot,ForwardDefensive,InSwinger,Round,Medium,Right,Null,NotReferred,Null,False,False,False,False,False,True,,False,False,False,False,False,False,0.0,0.0,0.0,0.0,0.0,False,False
1634162,26,3.12,4,0,0,81,2,4,76188,,39441,County Championship Division Two 2026,1,45,Yorkshire Men,42,Leicestershire Men,8729997,2026-08-27T11:47:52Z,3,153,False,,,,7020.0,Tom Scriven,963.0,Sam Whiteman,7094.0,James Wharton,302.0,178.0,Left,,4.0,0,4.0,4.0,,HalfVolley,OutsideOff,,Middled,FrontFoot,Drive,NoMovement,Round,Medium,Right,Null,NotReferred,Null,False,False,False,False,False,True,,False,False,False,False,False,False,4.0,0.0,0.0,0.0,0.0,True,False
1634162,26,3.12,4,0,0,81,2,4,76188,,39441,County Championship Division Two 2026,1,45,Yorkshire Men,42,Leicestershire Men,8730001,2026-08-27T11:48:31Z,4,154,False,,,,7020.0,Tom Scriven,963.0,Sam Whiteman,7094.0,James Wharton,,,Left,Wicketkeeper,0.0,0,0.0,0.0,,LengthBall,OutsideOff,,Left,FrontFoot,Leave,SeamIn,Round,Medium,Right,Null,NotReferred,Null,False,False,False,False,False,True,,False,False,False,False,False,False,0.0,0.0,0.0,0.0,0.0,False,False
1634162,26,3.12,4,0,0,81,2,4,76188,,39441,County Championship Division Two 2026,1,45,Yorkshire Men,42,Leicestershire Men,8730005,2026-08-27T11:49:00Z,5,155,False,,,,7020.0,Tom Scriven,963.0,Sam Whiteman,7094.0,James Wharton,320.0,68.0,Left,Extra Cover,0.0,0,0.0,0.0,,BackOfALength,OutsideOff,,None,BackFoot,Pushed,SeamIn,Round,Medium,Right,Null,NotReferred,Null,False,False,False,False,False,True,,False,False,False,False,False,False,0.0,0.0,0.0,0.0,0.0,False,False
1634162,26,3.12,4,0,0,81,2,4,76188,,39441,County Championship Division Two 2026,1,45,Yorkshire Men,42,Leicestershire Men,8730006,2026-08-27T11:49:31Z,6,156,False,,,,7020.0,Tom Scriven,963.0,Sam Whiteman,7094.0,James Wharton,,,Left,Wicketkeeper,0.0,0,0.0,0.0,,LengthBall,OutsideOff,,Left,FrontFoot,Leave,NoMovement,Round,Medium,Right,Null,NotReferred,Null,False,False,False,False,False,True,,False,False,False,False,False,False,0.0,0.0,0.0,0.0,0.0,False,False
1634166,27,3.04,1,0,0,82,2,1,76188,,39441,County Championship Division Two 2026,1,45,Yorkshire Men,42,Leicestershire Men,8730011,2026-08-27T11:50:21Z,1,157,False,,,,15344.0,Alex Green,7094.0,James Wharton,963.0,Sam Whiteman,,,Right,Wicketkeeper,0.0,0,0.0,0.0,,LengthBall,OffStump,,PlayAndMissLegSide,FrontFoot,Flick,SeamIn,Over,FastSeam,Right,Null,NotReferred,Null,False,False,False,False,False,True,,False,False,False,False,False,False,0.0,0.0,0.0,0.0,0.0,False,False
1634166,27,3.04,1,0,0,82,2,1,76188,,39441,County Championship Division Two 2026,1,45,Yorkshire Men,42,Leicestershire Men,8730014,2026-08-27T11:50:59Z,2,158,False,,,,15344.0,Alex Green,7094.0,James Wharton,963.0,Sam Whiteman,,,Right,Wicketkeeper,0.0,0,0.0,0.0,,BackOfALength,OutsideOff,,Left,BackFoot,Leave,SeamIn,Over,FastSeam,Right,Null,NotReferred,Null,False,False,False,False,False,True,,False,False,False,False,False,False,0.0,0.0,0.0,0.0,0.0,False,False
1634166,27,3.04,1,0,0,82,2,1,76188,,39441,County Championship Division Two 2026,1,45,Yorkshire Men,42,Leicestershire Men,8730019,2026-08-27T11:51:37Z,3,159,False,,,,15344.0,Alex Green,7094.0,James Wharton,963.0,Sam Whiteman,286.0,57.0,Right,Mid On,0.0,0,0.0,0.0,,BackOfALength,OutsideOff,,None,BackFoot,BackwardDefensive,NoMovement,Over,FastSeam,Right,Null,NotReferred,Null,False,False,False,False,False,True,,False,False,False,False,False,False,0.0,0.0,0.0,0.0,0.0,False,False
1634166,27,3.04,1,0,0,82,2,1,76188,,39441,County Championship Division Two 2026,1,45,Yorkshire Men,42,Leicestershire Men,8730022,2026-08-27T11:52:17Z,4,160,False,,,,15344.0,Alex Green,7094.0,James Wharton,963.0,Sam Whiteman,321.0,149.0,Right,Deep Mid Wicket,1.0,0,1.0,1.0,,LengthBall,OffStump,,None,FrontFoot,Flick,NoMovement,Over,FastSeam,Right,Null,NotReferred,Null,False,False,False,False,False,True,,False,False,False,False,False,False,1.0,0.0,0.0,0.0,0.0,False,False
1634166,27,3.04,1,0,0,82,2,1,76188,,39441,County Championship Division Two 2026,1,45,Yorkshire Men,42,Leicestershire Men,8730028,2026-08-27T11:53:00Z,5,161,False,,,,15344.0,Alex Green,963.0,Sam Whiteman,7094.0,James Wharton,,,Left,Wicketkeeper,0.0,0,0.0,0.0,,Short,DownLeg,,Left,SwayedAway,Leave,NoMovement,Over,FastSeam,Right,Null,NotReferred,Null,False,False,False,False,False,True,,False,False,False,False,False,False,0.0,0.0,0.0,0.0,0.0,False,False
1634166,27,3.04,1,0,0,82,2,1,76188,,39441,County Championship Division Two 2026,1,45,Yorkshire Men,42,Leicestershire Men,8730031,2026-08-27T11:53:40Z,6,162,False,,,,15344.0,Alex Green,963.0,Sam Whiteman,7094.0,James Wharton,,,Left,Wicketkeeper,0.0,0,0.0,0.0,,HalfVolley,OutsideOff,,Missed,FrontFoot,ForwardDefensive,SeamAway,Over,FastSeam,Right,Null,NotReferred,Null,False,False,False,False,False,True,,False,False,False,False,False,False,0.0,0.0,0.0,0.0,0.0,False,False
1634170,28,2.96,1,0,0,83,2,1,76188,,39441,County Championship Division Two 2026,1,45,Yorkshire Men,42,Leicestershire Men,8730035,2026-08-27T11:54:25Z,1,163,False,,,,7020.0,Tom Scriven,7094.0,James Wharton,963.0,Sam Whiteman,168.0,47.0,Right,Backward Point,0.0,0,0.0,0.0,,BackOfALength,OutsideOff,,None,BackFoot,Pushed,NoMovement,Over,Medium,Right,Null,NotReferred,Null,False,False,False,False,False,True,,False,False,False,False,False,False,0.0,0.0,0.0,0.0,0.0,False,False
1634170,28,2.96,1,0,0,83,2,1,76188,,39441,County Championship Division Two 2026,1,45,Yorkshire Men,42,Leicestershire Men,8730038,2026-08-27T11:54:58Z,2,164,False,,,,7020.0,Tom Scriven,7094.0,James Wharton,963.0,Sam Whiteman,,,Right,Wicketkeeper,0.0,0,0.0,0.0,,HalfVolley,OutsideOff,,Left,FrontFoot,Leave,NoMovement,Over,Medium,Right,Null,NotReferred,Null,False,False,False,False,False,True,,False,False,False,False,False,False,0.0,0.0,0.0,0.0,0.0,False,False
1634170,28,2.96,1,0,0,83,2,1,76188,,39441,County Championship Division Two 2026,1,45,Yorkshire Men,42,Leicestershire Men,8730042,2026-08-27T11:55:31Z,3,165,False,,,,7020.0,Tom Scriven,7094.0,James Wharton,963.0,Sam Whiteman,261.0,32.0,Right,Bowler,0.0,0,0.0,0.0,,BackOfALength,OutsideOff,,MisTimed,BackFoot,Pushed,NoMovement,Over,Medium,Right,Null,NotReferred,Null,False,False,False,False,False,True,,False,False,False,False,False,False,0.0,0.0,0.0,0.0,0.0,False,False
1634170,28,2.96,1,0,0,83,2,1,76188,,39441,County Championship Division Two 2026,1,45,Yorkshire Men,42,Leicestershire Men,8730046,2026-08-27T11:56:00Z,4,166,False,,,,7020.0,Tom Scriven,7094.0,James Wharton,963.0,Sam Whiteman,,,Right,Wicketkeeper,0.0,0,0.0,0.0,,LengthBall,OutsideOff,,Left,FrontFoot,Leave,NoMovement,Over,Medium,Right,Null,NotReferred,Null,False,False,False,False,False,True,,False,False,False,False,False,False,0.0,0.0,0.0,0.0,0.0,False,False
1634170,28,2.96,1,0,0,83,2,1,76188,,39441,County Championship Division Two 2026,1,45,Yorkshire Men,42,Leicestershire Men,8730049,2026-08-27T11:56:33Z,5,167,False,,,,7020.0,Tom Scriven,7094.0,James Wharton,963.0,Sam Whiteman,280.0,68.0,Right,Mid On,1.0,0,1.0,1.0,,HalfVolley,OutsideOff,,WellTimed,BackFoot,Cut,NoMovement,Over,Medium,Right,Null,NotReferred,Null,False,False,False,False,False,True,,False,False,False,False,False,False,1.0,0.0,0.0,0.0,0.0,False,False
1634170,28,2.96,1,0,0,83,2,1,76188,,39441,County Championship Division Two 2026,1,45,Yorkshire Men,42,Leicestershire Men,8730052,2026-08-27T11:57:07Z,6,168,False,,,,7020.0,Tom Scriven,963.0,Sam Whiteman,7094.0,James Wharton,,,Left,Wicketkeeper,0.0,0,0.0,0.0,,LengthBall,OutsideOff,,Left,FrontFoot,Leave,NoMovement,Over,Medium,Right,Null,NotReferred,Null,False,False,False,False,False,True,,False,False,False,False,False,False,0.0,0.0,0.0,0.0,0.0,False,False
1634175,29,2.9,1,0,0,84,2,1,76188,,39441,County Championship Division Two 2026,1,45,Yorkshire Men,42,Leicestershire Men,8730062,2026-08-27T11:58:29Z,1,169,False,,,,8105.0,Rehan Ahmed,7094.0,James Wharton,963.0,Sam Whiteman,286.0,139.0,Right,Long On,1.0,0,1.0,1.0,,HalfVolley,OffStump,,None,FrontFoot,Drive,LegSpinner,Over,LegSpin,Right,Null,NotReferred,Null,False,False,False,False,False,True,,False,False,False,False,False,False,1.0,0.0,0.0,0.0,0.0,False,False
1634175,29,2.9,1,0,0,84,2,1,76188,,39441,County Championship Division Two 2026,1,45,Yorkshire Men,42,Leicestershire Men,8730067,2026-08-27T11:59:00Z,2,170,False,,,,8105.0,Rehan Ahmed,963.0,Sam Whiteman,7094.0,James Wharton,265.0,59.0,Left,Mid On,0.0,0,0.0,0.0,,FullToss,OutsideOff,,MisTimed,FrontFoot,Drive,LegSpinner,Round,LegSpin,Right,Null,NotReferred,Null,False,False,False,False,False,True,,False,False,False,False,False,False,0.0,0.0,0.0,0.0,0.0,False,False
1634175,29,2.9,1,0,0,84,2,1,76188,,39441,County Championship Division Two 2026,1,45,Yorkshire Men,42,Leicestershire Men,8730068,2026-08-27T11:59:19Z,3,171,False,,,,8105.0,Rehan Ahmed,963.0,Sam Whiteman,7094.0,James Wharton,330.0,42.0,Left,Extra Cover,0.0,0,0.0,0.0,,HalfVolley,OutsideOff,,None,FrontFoot,ForwardDefensive,LegSpinner,Round,LegSpin,Right,Null,NotReferred,Null,False,False,False,False,False,True,,False,False,False,False,False,False,0.0,0.0,0.0,0.0,0.0,False,False
1634175,29,2.9,1,0,0,84,2,1,76188,,39441,County Championship Division Two 2026,1,45,Yorkshire Men,42,Leicestershire Men,8730071,2026-08-27T11:59:36Z,4,172,False,,,,8105.0,Rehan Ahmed,963.0,Sam Whiteman,7094.0,James Wharton,136.0,44.0,Left,Short Fine Leg,0.0,0,0.0,0.0,,BackOfALength,OutsideOff,,None,BackFoot,Worked,LegSpinner,Round,LegSpin,Right,Null,NotReferred,Null,False,False,False,False,False,True,,False,False,False,False,False,False,0.0,0.0,0.0,0.0,0.0,False,False
1634175,29,2.9,1,0,0,84,2,1,76188,,39441,County Championship Division Two 2026,1,45,Yorkshire Men,42,Leicestershire Men,8730078,2026-08-27T12:00:01Z,5,173,False,,,,8105.0,Rehan Ahmed,963.0,Sam Whiteman,7094.0,James Wharton,334.0,30.0,Left,Cover,0.0,0,0.0,0.0,,HalfVolley,OutsideOff,,None,FrontFoot,ForwardDefensive,LegSpinner,Round,LegSpin,Right,Null,NotReferred,Null,False,False,False,False,False,True,,False,False,False,False,False,False,0.0,0.0,0.0,0.0,0.0,False,False
1634175,29,2.9,1,0,0,84,2,1,76188,,39441,County Championship Division Two 2026,1,45,Yorkshire Men,42,Leicestershire Men,8730077,2026-08-27T12:00:26Z,6,174,False,,,,8105.0,Rehan Ahmed,963.0,Sam Whiteman,7094.0,James Wharton,330.0,41.0,Left,Extra Cover,0.0,0,0.0,0.0,,BackOfALength,OutsideOff,,None,BackFoot,BackwardDefensive,LegSpinner,Round,LegSpin,Right,Null,NotReferred,Null,False,False,False,False,False,True,,False,False,False,False,False,False,0.0,0.0,0.0,0.0,0.0,False,False
1634189,30,3.0,6,0,0,90,2,6,76188,,39441,County Championship Division Two 2026,1,45,Yorkshire Men,42,Leicestershire Men,8730157,2026-08-27T12:40:23Z,1,175,False,,,,10.0,Josh Davey,7094.0,James Wharton,963.0,Sam Whiteman,295.0,179.0,Right,,4.0,0,4.0,4.0,,HalfVolley,OffStump,,WellTimed,FrontFoot,Flick,NoMovement,Over,Medium,Right,Null,NotReferred,Null,False,False,False,False,False,True,,False,False,False,False,False,False,4.0,0.0,0.0,0.0,0.0,True,False
1634189,30,3.0,6,0,0,90,2,6,76188,,39441,County Championship Division Two 2026,1,45,Yorkshire Men,42,Leicestershire Men,8730160,2026-08-27T12:41:00Z,2,176,False,,,,10.0,Josh Davey,7094.0,James Wharton,963.0,Sam Whiteman,260.0,56.0,Right,Mid Off,1.0,0,1.0,1.0,,HalfVolley,OutsideOff,,None,FrontFoot,Drive,NoMovement,Over,Medium,Right,Null,NotReferred,Null,False,False,False,False,False,True,,False,False,False,False,False,False,1.0,0.0,0.0,0.0,0.0,False,False
1634189,30,3.0,6,0,0,90,2,6,76188,,39441,County Championship Division Two 2026,1,45,Yorkshire Men,42,Leicestershire Men,8730164,2026-08-27T12:41:43Z,3,177,False,,,,10.0,Josh Davey,963.0,Sam Whiteman,7094.0,James Wharton,91.0,19.0,Left,Wicketkeeper,0.0,0,0.0,0.0,,LengthBall,DownLeg,,HitPad,FrontFoot,ForwardDefensive,NoMovement,Over,Medium,Right,Null,NotReferred,Null,False,False,False,False,False,True,,False,False,False,False,False,False,0.0,0.0,0.0,0.0,0.0,False,False
1634189,30,3.0,6,0,0,90,2,6,76188,,39441,County Championship Division Two 2026,1,45,Yorkshire Men,42,Leicestershire Men,8730168,2026-08-27T12:42:25Z,4,178,False,,,,10.0,Josh Davey,963.0,Sam Whiteman,7094.0,James Wharton,258.0,32.0,Left,Bowler,0.0,0,0.0,0.0,,HalfVolley,MiddleStump,,None,FrontFoot,ForwardDefensive,AwaySwinger,Over,Medium,Right,Null,NotReferred,Null,False,False,False,False,False,True,,False,False,False,False,False,False,0.0,0.0,0.0,0.0,0.0,False,False
1634189,30,3.0,6,0,0,90,2,6,76188,,39441,County Championship Division Two 2026,1,45,Yorkshire Men,42,Leicestershire Men,8730175,2026-08-27T12:43:01Z,5,179,False,,,,10.0,Josh Davey,963.0,Sam Whiteman,7094.0,James Wharton,69.0,30.0,Left,Third Slip,1.0,0,1.0,1.0,,LengthBall,LegStump,,OutsideEdge,FrontFoot,ForwardDefensive,AwaySwinger,Over,Medium,Right,Null,NotReferred,Null,False,False,False,False,False,True,,False,False,False,False,False,False,1.0,0.0,0.0,0.0,0.0,False,False
1634189,30,3.0,6,0,0,90,2,6,76188,,39441,County Championship Division Two 2026,1,45,Yorkshire Men,42,Leicestershire Men,8730178,2026-08-27T12:43:46Z,6,180,False,,,,10.0,Josh Davey,7094.0,James Wharton,963.0,Sam Whiteman,168.0,49.0,Right,Backward Point,0.0,0,0.0,0.0,,LengthBall,OutsideOff,,None,FrontFoot,ForwardDefensive,NoMovement,Over,Medium,Right,Null,NotReferred,Null,False,False,False,False,False,True,,False,False,False,False,False,False,0.0,0.0,0.0,0.0,0.0,False,False
1634196,31,2.9,0,0,0,90,2,0,76188,,39441,County Championship Division Two 2026,1,45,Yorkshire Men,42,Leicestershire Men,8730187,2026-08-27T12:44:52Z,1,181,False,,,,499.0,Ian Holland,963.0,Sam Whiteman,7094.0,James Wharton,,,Left,Wicketkeeper,0.0,0,0.0,0.0,,LengthBall,OutsideOff,,Left,FrontFoot,Leave,AwaySwinger,Over,Medium,Right,Null,NotReferred,Null,False,False,False,False,False,True,,False,False,False,False,False,False,0.0,0.0,0.0,0.0,0.0,False,False
1634196,31,2.9,0,0,0,90,2,0,76188,,39441,County Championship Division Two 2026,1,45,Yorkshire Men,42,Leicestershire Men,8730192,2026-08-27T12:45:21Z,2,182,False,,,,499.0,Ian Holland,963.0,Sam Whiteman,7094.0,James Wharton,258.0,27.0,Left,Bowler,0.0,0,0.0,0.0,,LengthBall,LegStump,,None,FrontFoot,ForwardDefensive,NoMovement,Over,Medium,Right,Null,NotReferred,Null,False,False,False,False,False,True,,False,False,False,False,False,False,0.0,0.0,0.0,0.0,0.0,False,False
1634196,31,2.9,0,0,0,90,2,0,76188,,39441,County Championship Division Two 2026,1,45,Yorkshire Men,42,Leicestershire Men,8730196,2026-08-27T12:45:52Z,3,183,False,,,,499.0,Ian Holland,963.0,Sam Whiteman,7094.0,James Wharton,72.0,31.0,Left,Second Slip,0.0,0,0.0,0.0,,LengthBall,LegStump,,BatPad,FrontFoot,ForwardDefensive,AwaySwinger,Over,Medium,Right,Null,NotReferred,Null,False,False,False,False,False,True,,False,False,False,False,False,False,0.0,0.0,0.0,0.0,0.0,False,False
1634196,31,2.9,0,0,0,90,2,0,76188,,39441,County Championship Division Two 2026,1,45,Yorkshire Men,42,Leicestershire Men,8730200,2026-08-27T12:46:22Z,4,184,False,,,,499.0,Ian Holland,963.0,Sam Whiteman,7094.0,James Wharton,,,Left,Wicketkeeper,0.0,0,0.0,0.0,,HalfVolley,OutsideOff,,Left,FrontFoot,Leave,NoMovement,Over,Medium,Right,Null,NotReferred,Null,False,False,False,False,False,True,,False,False,False,False,False,False,0.0,0.0,0.0,0.0,0.0,False,False
1634196,31,2.9,0,0,0,90,2,0,76188,,39441,County Championship Division Two 2026,1,45,Yorkshire Men,42,Leicestershire Men,8730205,2026-08-27T12:46:49Z,5,185,False,,,,499.0,Ian Holland,963.0,Sam Whiteman,7094.0,James Wharton,288.0,59.0,Left,Mid Off,0.0,0,0.0,0.0,,HalfVolley,OffStump,,WellTimed,FrontFoot,Drive,NoMovement,Over,Medium,Right,Null,NotReferred,Null,False,False,False,False,False,True,,False,False,False,False,False,False,0.0,0.0,0.0,0.0,0.0,False,False
1634196,31,2.9,0,0,0,90,2,0,76188,,39441,County Championship Division Two 2026,1,45,Yorkshire Men,42,Leicestershire Men,8730207,2026-08-27T12:47:26Z,6,186,False,,,,499.0,Ian Holland,963.0,Sam Whiteman,7094.0,James Wharton,,,Left,Wicketkeeper,0.0,0,0.0,0.0,,LengthBall,OffStump,,Left,FrontFoot,Leave,SeamAway,Over,Medium,Right,Null,NotReferred,Null,False,False,False,False,False,True,,False,False,False,False,False,False,0.0,0.0,0.0,0.0,0.0,False,False
1634199,32,2.91,3,0,0,93,2,3,76188,,39441,County Championship Division Two 2026,1,45,Yorkshire Men,42,Leicestershire Men,8730215,2026-08-27T12:48:16Z,1,187,False,,,,10.0,Josh Davey,7094.0,James Wharton,963.0,Sam Whiteman,302.0,37.0,Right,Mid Wicket,1.0,0,1.0,1.0,,BackOfALength,OutsideOff,,None,BackFoot,BackwardDefensive,NoMovement,Over,Medium,Right,Null,NotReferred,Null,False,False,False,False,False,True,,False,False,False,False,False,False,1.0,0.0,0.0,0.0,0.0,False,False
1634199,32,2.91,3,0,0,93,2,3,76188,,39441,County Championship Division Two 2026,1,45,Yorkshire Men,42,Leicestershire Men,8730222,2026-08-27T12:49:06Z,2,188,False,,,,10.0,Josh Davey,963.0,Sam Whiteman,7094.0,James Wharton,,,Left,Wicketkeeper,0.0,0,0.0,0.0,,LengthBall,OffStump,,Left,FrontFoot,Leave,AwaySwinger,Over,Medium,Right,Null,NotReferred,Null,False,False,False,False,False,True,,False,False,False,False,False,False,0.0,0.0,0.0,0.0,0.0,False,False
1634199,32,2.91,3,0,0,93,2,3,76188,,39441,County Championship Division Two 2026,1,45,Yorkshire Men,42,Leicestershire Men,8730228,2026-08-27T12:49:45Z,3,189,False,,,,10.0,Josh Davey,963.0,Sam Whiteman,7094.0,James Wharton,,,Left,Wicketkeeper,0.0,0,0.0,0.0,,HalfVolley,OutsideOff,,Left,FrontFoot,Leave,AwaySwinger,Over,Medium,Right,Null,NotReferred,Null,False,False,False,False,False,True,,False,False,False,False,False,False,0.0,0.0,0.0,0.0,0.0,False,False
1634199,32,2.91,3,0,0,93,2,3,76188,,39441,County Championship Division Two 2026,1,45,Yorkshire Men,42,Leicestershire Men,8730234,2026-08-27T12:50:25Z,4,190,False,,,,10.0,Josh Davey,963.0,Sam Whiteman,7094.0,James Wharton,181.0,138.0,Left,Deep Square Leg,1.0,0,1.0,1.0,,LengthBall,DownLeg,,None,BackFoot,Worked,NoMovement,Over,Medium,Right,Null,NotReferred,Null,False,False,False,False,False,True,,False,False,False,False,False,False,1.0,0.0,0.0,0.0,0.0,False,False
1634199,32,2.91,3,0,0,93,2,3,76188,,39441,County Championship Division Two 2026,1,45,Yorkshire Men,42,Leicestershire Men,8730240,2026-08-27T12:51:08Z,5,191,False,,,,10.0,Josh Davey,7094.0,James Wharton,963.0,Sam Whiteman,331.0,148.0,Right,Deep Square Leg,1.0,0,1.0,1.0,,HalfVolley,DownLeg,,WellTimed,FrontFoot,Flick,InSwinger,Over,Medium,Right,Null,NotReferred,Null,False,False,False,False,False,True,,False,False,False,False,False,False,1.0,0.0,0.0,0.0,0.0,False,False
1634199,32,2.91,3,0,0,93,2,3,76188,,39441,County Championship Division Two 2026,1,45,Yorkshire Men,42,Leicestershire Men,8730246,2026-08-27T12:51:55Z,6,192,False,,,,10.0,Josh Davey,963.0,Sam Whiteman,7094.0,James Wharton,,,Left,Wicketkeeper,0.0,0,0.0,0.0,,LengthBall,OutsideOff,,Left,FrontFoot,Leave,AwaySwinger,Round,Medium,Right,Null,NotReferred,Null,False,False,False,False,False,True,,False,False,False,False,False,False,0.0,0.0,0.0,0.0,0.0,False,False
1634206,33,3.06,8,0,0,101,2,8,76188,,39441,County Championship Division Two 2026,1,45,Yorkshire Men,42,Leicestershire Men,8730255,2026-08-27T12:53:01Z,1,193,False,,,,499.0,Ian Holland,7094.0,James Wharton,963.0,Sam Whiteman,266.0,34.0,Right,Bowler,0.0,0,0.0,0.0,,BackOfALength,OutsideOff,,None,FrontFoot,ForwardDefensive,NoMovement,Over,Medium,Right,Null,NotReferred,Null,False,False,False,False,False,True,,False,False,False,False,False,False,0.0,0.0,0.0,0.0,0.0,False,False
1634206,33,3.06,8,0,0,101,2,8,76188,,39441,County Championship Division Two 2026,1,45,Yorkshire Men,42,Leicestershire Men,8730259,2026-08-27T12:53:32Z,2,194,False,,,,499.0,Ian Holland,7094.0,James Wharton,963.0,Sam Whiteman,111.0,161.0,Right,,4.0,0,4.0,4.0,,LengthBall,OutsideOff,,ThickEdge,FrontFoot,ForwardDefensive,NoMovement,Over,Medium,Right,Null,NotReferred,Null,False,False,False,False,False,True,,False,False,False,False,False,False,4.0,0.0,0.0,0.0,0.0,True,False
1634206,33,3.06,8,0,0,101,2,8,76188,,39441,County Championship Division Two 2026,1,45,Yorkshire Men,42,Leicestershire Men,8730261,2026-08-27T12:54:18Z,3,195,False,,,,499.0,Ian Holland,7094.0,James Wharton,963.0,Sam Whiteman,318.0,49.0,Right,Mid Wicket,1.0,0,1.0,1.0,,LengthBall,OutsideOff,,InsideEdge,FrontFoot,ForwardDefensive,NoMovement,Over,Medium,Right,Null,NotReferred,Null,False,False,False,False,False,True,,False,False,False,False,False,False,1.0,0.0,0.0,0.0,0.0,False,False
1634206,33,3.06,8,0,0,101,2,8,76188,,39441,County Championship Division Two 2026,1,45,Yorkshire Men,42,Leicestershire Men,8730266,2026-08-27T12:55:00Z,4,196,False,,,,499.0,Ian Holland,963.0,Sam Whiteman,7094.0,James Wharton,,,Left,Wicketkeeper,0.0,0,0.0,0.0,,BackOfALength,OffStump,,Missed,BackFoot,Cut,AwaySwinger,Over,Medium,Right,Null,NotReferred,Null,False,False,False,False,False,True,,False,False,False,False,False,False,0.0,0.0,0.0,0.0,0.0,False,False
1634206,33,3.06,8,0,0,101,2,8,76188,,39441,County Championship Division Two 2026,1,45,Yorkshire Men,42,Leicestershire Men,8730273,2026-08-27T12:55:32Z,5,197,False,,,,499.0,Ian Holland,963.0,Sam Whiteman,7094.0,James Wharton,302.0,165.0,Left,Deep Extra Cover,3.0,0,3.0,3.0,,HalfVolley,OutsideOff,,WellTimed,FrontFoot,Drive,AwaySwinger,Over,Medium,Right,Null,NotReferred,Null,False,False,False,False,False,True,,False,False,False,False,False,False,3.0,0.0,0.0,0.0,0.0,False,False
1634206,33,3.06,8,0,0,101,2,8,76188,,39441,County Championship Division Two 2026,1,45,Yorkshire Men,42,Leicestershire Men,8730276,2026-08-27T12:56:19Z,6,198,False,,,,499.0,Ian Holland,7094.0,James Wharton,963.0,Sam Whiteman,,,Right,Wicketkeeper,0.0,0,0.0,0.0,,LengthBall,OutsideOff,,Missed,FrontFoot,ForwardDefensive,SeamAway,Over,Medium,Right,Null,NotReferred,Null,False,False,False,False,False,True,,False,False,False,False,False,False,0.0,0.0,0.0,0.0,0.0,False,False
1634212,34,2.97,0,0,0,101,2,0,76188,,39441,County Championship Division Two 2026,1,45,Yorkshire Men,42,Leicestershire Men,8730287,2026-08-27T12:57:30Z,1,199,False,,,,10.0,Josh Davey,963.0,Sam Whiteman,7094.0,James Wharton,,,Left,Wicketkeeper,0.0,0,0.0,0.0,,BackOfALength,OutsideOff,,Left,FrontFoot,Leave,SeamAway,Round,Medium,Right,Null,NotReferred,Null,False,False,False,False,False,True,,False,False,False,False,False,False,0.0,0.0,0.0,0.0,0.0,False,False
1634212,34,2.97,0,0,0,101,2,0,76188,,39441,County Championship Division Two 2026,1,45,Yorkshire Men,42,Leicestershire Men,8730292,2026-08-27T12:58:11Z,2,200,False,,,,10.0,Josh Davey,963.0,Sam Whiteman,7094.0,James Wharton,,,Left,Wicketkeeper,0.0,0,0.0,0.0,,LengthBall,OutsideOff,,Left,FrontFoot,Leave,SeamAway,Round,Medium,Right,Null,NotReferred,Null,False,False,False,False,False,True,,False,False,False,False,False,False,0.0,0.0,0.0,0.0,0.0,False,False
1634212,34,2.97,0,0,0,101,2,0,76188,,39441,County Championship Division Two 2026,1,45,Yorkshire Men,42,Leicestershire Men,8730299,2026-08-27T12:58:51Z,3,201,False,,,,10.0,Josh Davey,963.0,Sam Whiteman,7094.0,James Wharton,,,Left,Wicketkeeper,0.0,0,0.0,0.0,,LengthBall,MiddleStump,,PlayAndMissLegSide,FrontFoot,Glance,NoMovement,Round,Medium,Right,Null,NotReferred,Null,False,False,False,False,False,True,,False,False,False,False,False,False,0.0,0.0,0.0,0.0,0.0,False,False
1634212,34,2.97,0,0,0,101,2,0,76188,,39441,County Championship Division Two 2026,1,45,Yorkshire Men,42,Leicestershire Men,8730304,2026-08-27T12:59:34Z,4,202,False,,,,10.0,Josh Davey,963.0,Sam Whiteman,7094.0,James Wharton,323.0,64.0,Left,Extra Cover,0.0,0,0.0,0.0,,HalfVolley,OutsideOff,,None,BackFoot,Drive,AwaySwinger,Round,Medium,Right,Null,NotReferred,Null,False,False,False,False,False,True,,False,False,False,False,False,False,0.0,0.0,0.0,0.0,0.0,False,False
1634212,34,2.97,0,0,0,101,2,0,76188,,39441,County Championship Division Two 2026,1,45,Yorkshire Men,42,Leicestershire Men,8730309,2026-08-27T13:00:20Z,5,203,False,,,,10.0,Josh Davey,963.0,Sam Whiteman,7094.0,James Wharton,,,Left,Wicketkeeper,0.0,0,0.0,0.0,,LengthBall,OffStump,,Left,FrontFoot,Leave,AwaySwinger,Over,Medium,Right,Null,NotReferred,Null,False,False,False,False,False,True,,False,False,False,False,False,False,0.0,0.0,0.0,0.0,0.0,False,False
1634212,34,2.97,0,0,0,101,2,0,76188,,39441,County Championship Division Two 2026,1,45,Yorkshire Men,42,Leicestershire Men,8730313,2026-08-27T13:00:57Z,6,204,False,,,,10.0,Josh Davey,963.0,Sam Whiteman,7094.0,James Wharton,,,Left,Wicketkeeper,0.0,0,0.0,0.0,,LengthBall,MiddleStump,,Left,FrontFoot,Leave,AwaySwinger,Over,Medium,Right,Null,NotReferred,Null,False,False,False,False,False,True,,False,False,False,False,False,False,0.0,0.0,0.0,0.0,0.0,False,False
1634217,35,2.97,3,0,0,104,2,3,76188,,39441,County Championship Division Two 2026,1,45,Yorkshire Men,42,Leicestershire Men,8730321,2026-08-27T13:01:49Z,1,205,False,,,,499.0,Ian Holland,7094.0,James Wharton,963.0,Sam Whiteman,14.0,67.0,Right,Backward Square Leg,0.0,1,1.0,0.0,,LengthBall,OffStump,,HitPad,FrontFoot,Flick,InSwinger,Over,Medium,Right,Null,NotReferred,Null,False,False,False,True,False,True,,False,False,False,False,False,False,1.0,0.0,0.0,1.0,0.0,False,False
1634217,35,2.97,3,0,0,104,2,3,76188,,39441,County Championship Division Two 2026,1,45,Yorkshire Men,42,Leicestershire Men,8730326,2026-08-27T13:02:21Z,2,206,False,,,,499.0,Ian Holland,963.0,Sam Whiteman,7094.0,James Wharton,11.0,131.0,Left,Deep Backward Point,1.0,0,1.0,1.0,,BackOfALength,OffStump,,WellTimed,BackFoot,Cut,AwaySwinger,Over,Medium,Right,Null,NotReferred,Null,False,False,False,False,False,True,,False,False,False,False,False,False,1.0,0.0,0.0,0.0,0.0,False,False
1634217,35,2.97,3,0,0,104,2,3,76188,,39441,County Championship Division Two 2026,1,45,Yorkshire Men,42,Leicestershire Men,8730328,2026-08-27T13:02:53Z,3,207,False,,,,499.0,Ian Holland,7094.0,James Wharton,963.0,Sam Whiteman,,,Right,Wicketkeeper,0.0,0,0.0,0.0,,LengthBall,OffStump,,HitPad,FrontFoot,Flick,SeamIn,Over,Medium,Right,Null,NotReferred,Null,False,False,False,False,False,True,,False,False,False,False,False,False,0.0,0.0,0.0,0.0,0.0,False,False
1634217,35,2.97,3,0,0,104,2,3,76188,,39441,County Championship Division Two 2026,1,45,Yorkshire Men,42,Leicestershire Men,8730332,2026-08-27T13:03:23Z,4,208,False,,,,499.0,Ian Holland,7094.0,James Wharton,963.0,Sam Whiteman,,,Right,Wicketkeeper,0.0,0,0.0,0.0,,BackOfALength,MiddleStump,,Left,NoMovement,Leave,NoMovement,Over,Medium,Right,Null,NotReferred,Null,False,False,False,False,False,True,,False,False,False,False,False,False,0.0,0.0,0.0,0.0,0.0,False,False
1634217,35,2.97,3,0,0,104,2,3,76188,,39441,County Championship Division Two 2026,1,45,Yorkshire Men,42,Leicestershire Men,8730337,2026-08-27T13:03:58Z,5,209,False,,,,499.0,Ian Holland,7094.0,James Wharton,963.0,Sam Whiteman,47.0,47.0,Right,Wicketkeeper,0.0,1,1.0,0.0,,BackOfALength,OutsideOff,,HitBody,BackFoot,Worked,SeamIn,Over,Medium,Right,Null,NotReferred,Null,False,False,False,True,False,True,,False,False,False,False,False,False,1.0,0.0,0.0,1.0,0.0,False,False
1634217,35,2.97,3,0,0,104,2,3,76188,,39441,County Championship Division Two 2026,1,45,Yorkshire Men,42,Leicestershire Men,8730342,2026-08-27T13:04:32Z,6,210,False,,,,499.0,Ian Holland,963.0,Sam Whiteman,7094.0,James Wharton,43.0,54.0,Left,Gully,0.0,0,0.0,0.0,,HalfVolley,OutsideOff,,None,FrontFoot,ForwardDefensive,AwaySwinger,Round,Medium,Right,Null,NotReferred,Null,False,False,False,False,False,True,,False,False,False,False,False,False,0.0,0.0,0.0,0.0,0.0,False,False
1634224,36,2.97,3,0,0,107,2,3,76188,,39441,County Championship Division Two 2026,1,45,Yorkshire Men,42,Leicestershire Men,8730360,2026-08-27T13:07:39Z,1,211,False,,,,10.0,Josh Davey,7094.0,James Wharton,963.0,Sam Whiteman,178.0,69.0,Right,Backward Point,1.0,0,1.0,1.0,,LengthBall,OutsideOff,,None,FrontFoot,ForwardDefensive,NoMovement,Over,Medium,Right,Null,NotReferred,Null,False,False,False,False,False,True,,False,False,False,False,False,False,1.0,0.0,0.0,0.0,0.0,False,False
1634224,36,2.97,3,0,0,107,2,3,76188,,39441,County Championship Division Two 2026,1,45,Yorkshire Men,42,Leicestershire Men,8730365,2026-08-27T13:08:18Z,2,212,False,,,,10.0,Josh Davey,963.0,Sam Whiteman,7094.0,James Wharton,182.0,65.0,Left,Square Leg,1.0,0,1.0,1.0,,LengthBall,DownLeg,,None,BackFoot,Worked,AwaySwinger,Over,Medium,Right,Null,NotReferred,Null,False,False,False,False,False,True,,False,False,False,False,False,False,1.0,0.0,0.0,0.0,0.0,False,False
1634224,36,2.97,3,0,0,107,2,3,76188,,39441,County Championship Division Two 2026,1,45,Yorkshire Men,42,Leicestershire Men,8730371,2026-08-27T13:09:01Z,3,213,False,,,,10.0,Josh Davey,7094.0,James Wharton,963.0,Sam Whiteman,180.0,134.0,Right,Deep Cover,1.0,0,1.0,1.0,,BackOfALength,OutsideOff,,None,FrontFoot,Pushed,NoMovement,Over,Medium,Right,Null,NotReferred,Null,False,False,False,False,False,True,,False,False,False,False,False,False,1.0,0.0,0.0,0.0,0.0,False,False
1634224,36,2.97,3,0,0,107,2,3,76188,,39441,County Championship Division Two 2026,1,45,Yorkshire Men,42,Leicestershire Men,8730376,2026-08-27T13:09:40Z,4,214,False,,,,10.0,Josh Davey,963.0,Sam Whiteman,7094.0,James Wharton,266.0,30.0,Left,Bowler,0.0,0,0.0,0.0,,LengthBall,DownLeg,,None,FrontFoot,ForwardDefensive,AwaySwinger,Over,Medium,Right,Null,NotReferred,Null,False,False,False,False,False,True,,False,False,False,False,False,False,0.0,0.0,0.0,0.0,0.0,False,False
1634224,36,2.97,3,0,0,107,2,3,76188,,39441,County Championship Division Two 2026,1,45,Yorkshire Men,42,Leicestershire Men,8730380,2026-08-27T13:10:16Z,5,215,False,,,,10.0,Josh Davey,963.0,Sam Whiteman,7094.0,James Wharton,325.0,41.0,Left,Extra Cover,0.0,0,0.0,0.0,,LengthBall,LegStump,,None,FrontFoot,ForwardDefensive,AwaySwinger,Over,Medium,Right,Null,NotReferred,Null,False,False,False,False,False,True,,False,False,False,False,False,False,0.0,0.0,0.0,0.0,0.0,False,False
1634224,36,2.97,3,0,0,107,2,3,76188,,39441,County Championship Division Two 2026,1,45,Yorkshire Men,42,Leicestershire Men,8730384,2026-08-27T13:10:59Z,6,216,False,,,,10.0,Josh Davey,963.0,Sam Whiteman,7094.0,James Wharton,,,Left,Wicketkeeper,0.0,0,0.0,0.0,,LengthBall,MiddleStump,,Left,FrontFoot,Leave,AwaySwinger,Over,Medium,Right,Null,NotReferred,Null,False,False,False,False,False,True,,False,False,False,False,False,False,0.0,0.0,0.0,0.0,0.0,False,False
1634228,37,2.92,1,0,0,108,2,1,76188,,39441,County Championship Division Two 2026,1,45,Yorkshire Men,42,Leicestershire Men,8730388,2026-08-27T13:11:48Z,1,217,False,,,,499.0,Ian Holland,7094.0,James Wharton,963.0,Sam Whiteman,,,Right,Wicketkeeper,0.0,0,0.0,0.0,,LengthBall,OutsideOff,,Left,FrontFoot,Leave,AwaySwinger,Over,Medium,Right,Null,NotReferred,Null,False,False,False,False,False,True,,False,False,False,False,False,False,0.0,0.0,0.0,0.0,0.0,False,False
1634228,37,2.92,1,0,0,108,2,1,76188,,39441,County Championship Division Two 2026,1,45,Yorkshire Men,42,Leicestershire Men,8730393,2026-08-27T13:12:20Z,2,218,False,,,,499.0,Ian Holland,7094.0,James Wharton,963.0,Sam Whiteman,,,Right,Wicketkeeper,0.0,0,0.0,0.0,,LengthBall,OutsideOff,,Left,FrontFoot,Leave,AwaySwinger,Over,Medium,Right,Null,NotReferred,Null,False,False,False,False,False,True,,False,False,False,False,False,False,0.0,0.0,0.0,0.0,0.0,False,False
1634228,37,2.92,1,0,0,108,2,1,76188,,39441,County Championship Division Two 2026,1,45,Yorkshire Men,42,Leicestershire Men,8730397,2026-08-27T13:12:52Z,3,219,False,,,,499.0,Ian Holland,7094.0,James Wharton,963.0,Sam Whiteman,314.0,55.0,Right,Mid Wicket,1.0,0,1.0,1.0,,BackOfALength,OutsideOff,,None,BackFoot,Worked,NoMovement,Over,Medium,Right,Null,NotReferred,Null,False,False,False,False,False,True,,False,False,False,False,False,False,1.0,0.0,0.0,0.0,0.0,False,False
1634228,37,2.92,1,0,0,108,2,1,76188,,39441,County Championship Division Two 2026,1,45,Yorkshire Men,42,Leicestershire Men,8730402,2026-08-27T13:13:29Z,4,220,False,,,,499.0,Ian Holland,963.0,Sam Whiteman,7094.0,James Wharton,263.0,30.0,Left,Bowler,0.0,0,0.0,0.0,,LengthBall,OutsideOff,,None,FrontFoot,ForwardDefensive,NoMovement,Round,Medium,Right,Null,NotReferred,Null,False,False,False,False,False,True,,False,False,False,False,False,False,0.0,0.0,0.0,0.0,0.0,False,False
1634228,37,2.92,1,0,0,108,2,1,76188,,39441,County Championship Division Two 2026,1,45,Yorkshire Men,42,Leicestershire Men,8730407,2026-08-27T13:14:00Z,5,221,False,,,,499.0,Ian Holland,963.0,Sam Whiteman,7094.0,James Wharton,337.0,38.0,Left,Cover,0.0,0,0.0,0.0,,LengthBall,OutsideOff,,MisTimed,FrontFoot,ForwardDefensive,NoMovement,Round,Medium,Right,Null,NotReferred,Null,False,False,False,False,False,True,,False,False,False,False,False,False,0.0,0.0,0.0,0.0,0.0,False,False
1634228,37,2.92,1,0,0,108,2,1,76188,,39441,County Championship Division Two 2026,1,45,Yorkshire Men,42,Leicestershire Men,8730410,2026-08-27T13:14:35Z,6,222,False,,,,499.0,Ian Holland,963.0,Sam Whiteman,7094.0,James Wharton,,,Left,Wicketkeeper,0.0,0,0.0,0.0,,LengthBall,OutsideOff,,Left,FrontFoot,Leave,AwaySwinger,Round,Medium,Right,Null,NotReferred,Null,False,False,False,False,False,True,,False,False,False,False,False,False,0.0,0.0,0.0,0.0,0.0,False,False
1634233,38,2.92,3,0,0,111,2,3,76188,,39441,County Championship Division Two 2026,1,45,Yorkshire Men,42,Leicestershire Men,8730417,2026-08-27T13:15:26Z,1,223,False,,,,10.0,Josh Davey,7094.0,James Wharton,963.0,Sam Whiteman,,,Right,Wicketkeeper,0.0,0,0.0,0.0,,LengthBall,OutsideOff,,Left,FrontFoot,Leave,NoMovement,Over,Medium,Right,Null,NotReferred,Null,False,False,False,False,False,True,,False,False,False,False,False,False,0.0,0.0,0.0,0.0,0.0,False,False
1634233,38,2.92,3,0,0,111,2,3,76188,,39441,County Championship Division Two 2026,1,45,Yorkshire Men,42,Leicestershire Men,8730421,2026-08-27T13:16:07Z,2,224,False,,,,10.0,Josh Davey,7094.0,James Wharton,963.0,Sam Whiteman,170.0,124.0,Right,Deep Backward Point,1.0,0,1.0,1.0,,BackOfALength,OutsideOff,,LeadingEdge,BackFoot,BackwardDefensive,SeamIn,Over,Medium,Right,Null,NotReferred,Null,False,False,False,False,False,True,,False,False,False,False,False,False,1.0,0.0,0.0,0.0,0.0,False,False
1634233,38,2.92,3,0,0,111,2,3,76188,,39441,County Championship Division Two 2026,1,45,Yorkshire Men,42,Leicestershire Men,8730426,2026-08-27T13:16:49Z,3,225,False,,,,10.0,Josh Davey,963.0,Sam Whiteman,7094.0,James Wharton,5.0,65.0,Left,Backward Point,1.0,0,1.0,1.0,,HalfVolley,OutsideOff,,WellTimed,FrontFoot,Drive,AwaySwinger,Over,Medium,Right,Null,NotReferred,Null,False,False,False,False,False,True,,False,False,False,False,False,False,1.0,0.0,0.0,0.0,0.0,False,False
1634233,38,2.92,3,0,0,111,2,3,76188,,39441,County Championship Division Two 2026,1,45,Yorkshire Men,42,Leicestershire Men,8730429,2026-08-27T13:17:34Z,4,226,False,,,,10.0,Josh Davey,7094.0,James Wharton,963.0,Sam Whiteman,,,Right,Wicketkeeper,0.0,0,0.0,0.0,,LengthBall,Wide,,Left,FrontFoot,Leave,NoMovement,Over,Medium,Right,Null,NotReferred,Null,False,False,False,False,False,True,,False,False,False,False,False,False,0.0,0.0,0.0,0.0,0.0,False,False
1634233,38,2.92,3,0,0,111,2,3,76188,,39441,County Championship Division Two 2026,1,45,Yorkshire Men,42,Leicestershire Men,8730433,2026-08-27T13:18:13Z,5,227,False,,,,10.0,Josh Davey,7094.0,James Wharton,963.0,Sam Whiteman,,,Right,Wicketkeeper,0.0,0,0.0,0.0,,HalfVolley,OutsideOff,,Left,FrontFoot,Leave,AwaySwinger,Over,Medium,Right,Null,NotReferred,Null,False,False,False,False,False,True,,False,False,False,False,False,False,0.0,0.0,0.0,0.0,0.0,False,False
1634233,38,2.92,3,0,0,111,2,3,76188,,39441,County Championship Division Two 2026,1,45,Yorkshire Men,42,Leicestershire Men,8730437,2026-08-27T13:18:54Z,6,228,False,,,,10.0,Josh Davey,7094.0,James Wharton,963.0,Sam Whiteman,347.0,57.0,Right,Square Leg,1.0,0,1.0,1.0,,BackOfALength,OutsideOff,,None,BackFoot,Worked,SeamIn,Over,Medium,Right,Null,NotReferred,Null,False,False,False,False,False,True,,False,False,False,False,False,False,1.0,0.0,0.0,0.0,0.0,False,False
1634237,39,2.85,0,0,0,111,2,0,76188,,39441,County Championship Division Two 2026,1,45,Yorkshire Men,42,Leicestershire Men,8730444,2026-08-27T13:19:47Z,1,229,False,,,,499.0,Ian Holland,7094.0,James Wharton,963.0,Sam Whiteman,,,Right,Wicketkeeper,0.0,0,0.0,0.0,,LengthBall,OutsideOff,,Left,FrontFoot,Leave,NoMovement,Over,Medium,Right,Null,NotReferred,Null,False,False,False,False,False,True,,False,False,False,False,False,False,0.0,0.0,0.0,0.0,0.0,False,False
1634237,39,2.85,0,0,0,111,2,0,76188,,39441,County Championship Division Two 2026,1,45,Yorkshire Men,42,Leicestershire Men,8730446,2026-08-27T13:20:16Z,2,230,False,,,,499.0,Ian Holland,7094.0,James Wharton,963.0,Sam Whiteman,,,Right,Wicketkeeper,0.0,0,0.0,0.0,,LengthBall,OutsideOff,,Left,FrontFoot,Leave,AwaySwinger,Over,Medium,Right,Null,NotReferred,Null,False,False,False,False,False,True,,False,False,False,False,False,False,0.0,0.0,0.0,0.0,0.0,False,False
1634237,39,2.85,0,0,0,111,2,0,76188,,39441,County Championship Division Two 2026,1,45,Yorkshire Men,42,Leicestershire Men,8730451,2026-08-27T13:20:48Z,3,231,False,,,,499.0,Ian Holland,7094.0,James Wharton,963.0,Sam Whiteman,,,Right,Wicketkeeper,0.0,0,0.0,0.0,,HalfVolley,OutsideOff,,Left,FrontFoot,Leave,NoMovement,Over,Medium,Right,Null,NotReferred,Null,False,False,False,False,False,True,,False,False,False,False,False,False,0.0,0.0,0.0,0.0,0.0,False,False
1634237,39,2.85,0,0,0,111,2,0,76188,,39441,County Championship Division Two 2026,1,45,Yorkshire Men,42,Leicestershire Men,8730454,2026-08-27T13:21:18Z,4,232,False,,,,499.0,Ian Holland,7094.0,James Wharton,963.0,Sam Whiteman,,,Right,Wicketkeeper,0.0,0,0.0,0.0,,LengthBall,OutsideOff,,Left,FrontFoot,Leave,NoMovement,Over,Medium,Right,Null,NotReferred,Null,False,False,False,False,False,True,,False,False,False,False,False,False,0.0,0.0,0.0,0.0,0.0,False,False
1634237,39,2.85,0,0,0,111,2,0,76188,,39441,County Championship Division Two 2026,1,45,Yorkshire Men,42,Leicestershire Men,8730457,2026-08-27T13:21:48Z,5,233,False,,,,499.0,Ian Holland,7094.0,James Wharton,963.0,Sam Whiteman,,,Right,Wicketkeeper,0.0,0,0.0,0.0,,LengthBall,OutsideOff,,Left,FrontFoot,Leave,NoMovement,Over,Medium,Right,Null,NotReferred,Null,False,False,False,False,False,True,,False,False,False,False,False,False,0.0,0.0,0.0,0.0,0.0,False,False
1634237,39,2.85,0,0,0,111,2,0,76188,,39441,County Championship Division Two 2026,1,45,Yorkshire Men,42,Leicestershire Men,8730461,2026-08-27T13:22:20Z,6,234,False,,,,499.0,Ian Holland,7094.0,James Wharton,963.0,Sam Whiteman,210.0,47.0,Right,Extra Cover,0.0,0,0.0,0.0,,LengthBall,OutsideOff,,None,FrontFoot,Drive,NoMovement,Over,Medium,Right,Null,NotReferred,Null,False,False,False,False,False,True,,False,False,False,False,False,False,0.0,0.0,0.0,0.0,0.0,False,False
1634241,40,2.95,7,0,0,118,2,7,76188,,39441,County Championship Division Two 2026,1,45,Yorkshire Men,42,Leicestershire Men,8730470,2026-08-27T13:23:43Z,1,235,False,,,,7020.0,Tom Scriven,963.0,Sam Whiteman,7094.0,James Wharton,353.0,49.0,Left,Cover,0.0,0,0.0,0.0,,BackOfALength,LegStump,,None,BackFoot,Pushed,NoMovement,Over,Medium,Right,Null,NotReferred,Null,False,False,False,False,False,True,,False,False,False,False,False,False,0.0,0.0,0.0,0.0,0.0,False,False
1634241,40,2.95,7,0,0,118,2,7,76188,,39441,County Championship Division Two 2026,1,45,Yorkshire Men,42,Leicestershire Men,8730473,2026-08-27T13:24:17Z,2,236,False,,,,7020.0,Tom Scriven,963.0,Sam Whiteman,7094.0,James Wharton,,,Left,Wicketkeeper,0.0,0,0.0,0.0,,LengthBall,OutsideOff,,Missed,FrontFoot,Cut,NoMovement,Over,Medium,Right,Null,NotReferred,Null,False,False,False,False,False,True,,False,False,False,False,False,False,0.0,0.0,0.0,0.0,0.0,False,False
1634241,40,2.95,7,0,0,118,2,7,76188,,39441,County Championship Division Two 2026,1,45,Yorkshire Men,42,Leicestershire Men,8730477,2026-08-27T13:24:51Z,3,237,False,,,,7020.0,Tom Scriven,963.0,Sam Whiteman,7094.0,James Wharton,343.0,52.0,Left,Cover,0.0,0,0.0,0.0,,LengthBall,MiddleStump,,None,FrontFoot,ForwardDefensive,NoMovement,Over,Medium,Right,Null,NotReferred,Null,False,False,False,False,False,True,,False,False,False,False,False,False,0.0,0.0,0.0,0.0,0.0,False,False
1634241,40,2.95,7,0,0,118,2,7,76188,,39441,County Championship Division Two 2026,1,45,Yorkshire Men,42,Leicestershire Men,8730481,2026-08-27T13:25:20Z,4,238,False,,,,7020.0,Tom Scriven,963.0,Sam Whiteman,7094.0,James Wharton,258.0,37.0,Left,Bowler,0.0,0,0.0,0.0,,LengthBall,LegStump,,None,FrontFoot,Flick,NoMovement,Over,Medium,Right,Null,NotReferred,Null,False,False,False,False,False,True,,False,False,False,False,False,False,0.0,0.0,0.0,0.0,0.0,False,False
1634241,40,2.95,7,0,0,118,2,7,76188,,39441,County Championship Division Two 2026,1,45,Yorkshire Men,42,Leicestershire Men,8730486,2026-08-27T13:25:51Z,5,239,False,,,,7020.0,Tom Scriven,963.0,Sam Whiteman,7094.0,James Wharton,67.0,28.0,Left,Wicketkeeper,0.0,0,0.0,0.0,,BackOfALength,DownLeg,,HitBody,BackFoot,BackwardDefensive,NoMovement,Over,Medium,Right,Null,NotReferred,Null,False,False,False,False,False,True,,False,False,False,False,False,False,0.0,0.0,0.0,0.0,0.0,False,False
1634241,40,2.95,7,0,0,118,2,7,76188,,39441,County Championship Division Two 2026,1,45,Yorkshire Men,42,Leicestershire Men,8730497,2026-08-27T13:26:23Z,6,240,False,,,,7020.0,Tom Scriven,963.0,Sam Whiteman,7094.0,James Wharton,22.0,159.0,Left,Deep Backward Point,7.0,0,7.0,7.0,,Short,OutsideOff,,WellTimed,BackFoot,Cut,NoMovement,Over,Medium,Right,Null,NotReferred,Null,False,False,False,False,False,True,,False,False,False,False,False,False,7.0,0.0,0.0,0.0,0.0,False,False
1634247,41,2.95,3,0,0,121,2,3,76188,,39441,County Championship Division Two 2026,1,45,Yorkshire Men,42,Leicestershire Men,8730501,2026-08-27T13:28:35Z,1,241,False,,,,15344.0,Alex Green,963.0,Sam Whiteman,7094.0,James Wharton,62.0,125.0,Left,Third Man,1.0,0,1.0,1.0,,BackOfALength,MiddleStump,,None,BackFoot,LateCut,NoMovement,Over,FastSeam,Right,Null,NotReferred,Null,False,False,False,False,False,True,,False,False,False,False,False,False,1.0,0.0,0.0,0.0,0.0,False,False
1634247,41,2.95,3,0,0,121,2,3,76188,,39441,County Championship Division Two 2026,1,45,Yorkshire Men,42,Leicestershire Men,8730505,2026-08-27T13:29:13Z,2,242,False,,,,15344.0,Alex Green,7094.0,James Wharton,963.0,Sam Whiteman,,,Right,Wicketkeeper,0.0,0,0.0,0.0,,BackOfALength,OutsideOff,,Left,SwayedAway,Leave,NoMovement,Over,FastSeam,Right,Null,NotReferred,Null,False,False,False,False,False,True,,False,False,False,False,False,False,0.0,0.0,0.0,0.0,0.0,False,False
1634247,41,2.95,3,0,0,121,2,3,76188,,39441,County Championship Division Two 2026,1,45,Yorkshire Men,42,Leicestershire Men,8730510,2026-08-27T13:29:50Z,3,243,False,,,,15344.0,Alex Green,7094.0,James Wharton,963.0,Sam Whiteman,314.0,50.0,Right,Mid Wicket,1.0,0,1.0,1.0,,BackOfALength,OutsideOff,,None,BackFoot,BackwardDefensive,SeamIn,Over,FastSeam,Right,Null,NotReferred,Null,False,False,False,False,False,True,,False,False,False,False,False,False,1.0,0.0,0.0,0.0,0.0,False,False
1634247,41,2.95,3,0,0,121,2,3,76188,,39441,County Championship Division Two 2026,1,45,Yorkshire Men,42,Leicestershire Men,8730514,2026-08-27T13:30:30Z,4,244,False,,,,15344.0,Alex Green,963.0,Sam Whiteman,7094.0,James Wharton,49.0,125.0,Left,Third Man,1.0,0,1.0,1.0,,BackOfALength,MiddleStump,,WellTimed,BackFoot,LateCut,NoMovement,Over,FastSeam,Right,Null,NotReferred,Null,False,False,False,False,False,True,,False,False,False,False,False,False,1.0,0.0,0.0,0.0,0.0,False,False
1634247,41,2.95,3,0,0,121,2,3,76188,,39441,County Championship Division Two 2026,1,45,Yorkshire Men,42,Leicestershire Men,8730517,2026-08-27T13:31:13Z,5,245,False,,,,15344.0,Alex Green,7094.0,James Wharton,963.0,Sam Whiteman,,,Right,Wicketkeeper,0.0,0,0.0,0.0,,LengthBall,OutsideOff,,Left,FrontFoot,Leave,NoMovement,Over,FastSeam,Right,Null,NotReferred,Null,False,False,False,False,False,True,,False,False,False,False,False,False,0.0,0.0,0.0,0.0,0.0,False,False
1634247,41,2.95,3,0,0,121,2,3,76188,,39441,County Championship Division Two 2026,1,45,Yorkshire Men,42,Leicestershire Men,8730520,2026-08-27T13:31:46Z,6,246,False,,,,15344.0,Alex Green,7094.0,James Wharton,963.0,Sam Whiteman,239.0,41.0,Right,Extra Cover,0.0,0,0.0,0.0,,HalfVolley,MiddleStump,,MisTimed,FrontFoot,Drive,NoMovement,Over,FastSeam,Right,Null,NotReferred,Null,False,False,False,False,False,True,,False,False,False,False,False,False,0.0,0.0,0.0,0.0,0.0,False,False
1634251,42,2.9,1,1,0,122,3,1,76188,,39441,County Championship Division Two 2026,1,45,Yorkshire Men,42,Leicestershire Men,8730526,2026-08-27T13:32:49Z,1,247,False,,,,7020.0,Tom Scriven,963.0,Sam Whiteman,7094.0,James Wharton,7.0,55.0,Left,Backward Point,0.0,0,0.0,0.0,,LengthBall,MiddleStump,,None,BackFoot,Cut,NoMovement,Over,Medium,Right,Null,NotReferred,Null,False,False,False,False,False,True,,False,False,False,False,False,False,0.0,0.0,0.0,0.0,0.0,False,False
1634251,42,2.9,1,1,0,122,3,1,76188,,39441,County Championship Division Two 2026,1,45,Yorkshire Men,42,Leicestershire Men,8730529,2026-08-27T13:33:19Z,2,248,True,Caught,963.0,Sam Whiteman,7020.0,Tom Scriven,963.0,Sam Whiteman,7094.0,James Wharton,,,Left,Wicketkeeper,0.0,0,0.0,0.0,Caught,HalfVolley,OutsideOff,Caught,OutsideEdge,FrontFoot,Drive,AwaySwinger,Over,Medium,Right,Null,NotReferred,Null,False,False,False,False,False,True,1942.0,False,False,False,False,False,False,0.0,0.0,0.0,0.0,0.0,False,False
1634251,42,2.9,1,1,0,122,3,1,76188,,39441,County Championship Division Two 2026,1,45,Yorkshire Men,42,Leicestershire Men,8730543,2026-08-27T13:35:57Z,3,249,False,,,,7020.0,Tom Scriven,2988.0,Matthew Revis,7094.0,James Wharton,,,Right,Wicketkeeper,0.0,0,0.0,0.0,,LengthBall,Wide,,Left,FrontFoot,Leave,SeamAway,Over,Medium,Right,Null,NotReferred,Null,False,False,False,False,False,True,,False,False,False,False,False,False,0.0,0.0,0.0,0.0,0.0,False,False
1634251,42,2.9,1,1,0,122,3,1,76188,,39441,County Championship Division Two 2026,1,45,Yorkshire Men,42,Leicestershire Men,8730545,2026-08-27T13:36:31Z,4,250,False,,,,7020.0,Tom Scriven,2988.0,Matthew Revis,7094.0,James Wharton,,,Right,Wicketkeeper,0.0,0,0.0,0.0,,LengthBall,OutsideOff,,Left,FrontFoot,Leave,NoMovement,Over,Medium,Right,Null,NotReferred,Null,False,False,False,False,False,True,,False,False,False,False,False,False,0.0,0.0,0.0,0.0,0.0,False,False
1634251,42,2.9,1,1,0,122,3,1,76188,,39441,County Championship Division Two 2026,1,45,Yorkshire Men,42,Leicestershire Men,8730549,2026-08-27T13:37:01Z,5,251,False,,,,7020.0,Tom Scriven,2988.0,Matthew Revis,7094.0,James Wharton,,,Right,Wicketkeeper,0.0,0,0.0,0.0,,LengthBall,OutsideOff,,Missed,FrontFoot,ForwardDefensive,SeamAway,Over,Medium,Right,Null,NotReferred,Null,False,False,False,False,False,True,,False,False,False,False,False,False,0.0,0.0,0.0,0.0,0.0,False,False
1634251,42,2.9,1,1,0,122,3,1,76188,,39441,County Championship Division Two 2026,1,45,Yorkshire Men,42,Leicestershire Men,8730555,2026-08-27T13:37:36Z,6,252,False,,,,7020.0,Tom Scriven,2988.0,Matthew Revis,7094.0,James Wharton,335.0,127.0,Right,Deep Square Leg,1.0,0,1.0,1.0,,HalfVolley,OffStump,,MisTimed,FrontFoot,ForwardDefensive,NoMovement,Over,Medium,Right,Null,NotReferred,Null,False,False,False,False,False,True,,False,False,False,False,False,False,1.0,0.0,0.0,0.0,0.0,False,False
1634256,43,2.84,0,0,0,122,3,0,76188,,39441,County Championship Division Two 2026,1,45,Yorkshire Men,42,Leicestershire Men,8730562,2026-08-27T13:38:48Z,1,253,False,,,,15344.0,Alex Green,2988.0,Matthew Revis,7094.0,James Wharton,,,Right,Wicketkeeper,0.0,0,0.0,0.0,,HalfVolley,OutsideOff,,Left,FrontFoot,Leave,NoMovement,Over,FastSeam,Right,Null,NotReferred,Null,False,False,False,False,False,True,,False,False,False,False,False,False,0.0,0.0,0.0,0.0,0.0,False,False
1634256,43,2.84,0,0,0,122,3,0,76188,,39441,County Championship Division Two 2026,1,45,Yorkshire Men,42,Leicestershire Men,8730565,2026-08-27T13:39:26Z,2,254,False,,,,15344.0,Alex Green,2988.0,Matthew Revis,7094.0,James Wharton,295.0,48.0,Right,Mid On,0.0,0,0.0,0.0,,LengthBall,OutsideOff,,None,FrontFoot,ForwardDefensive,NoMovement,Over,FastSeam,Right,Null,NotReferred,Null,False,False,False,False,False,True,,False,False,False,False,False,False,0.0,0.0,0.0,0.0,0.0,False,False
1634256,43,2.84,0,0,0,122,3,0,76188,,39441,County Championship Division Two 2026,1,45,Yorkshire Men,42,Leicestershire Men,8730572,2026-08-27T13:40:05Z,3,255,False,,,,15344.0,Alex Green,2988.0,Matthew Revis,7094.0,James Wharton,167.0,39.0,Right,Backward Point,0.0,0,0.0,0.0,,LengthBall,OutsideOff,,HitBody,FrontFoot,Flick,SeamIn,Over,FastSeam,Right,Null,NotReferred,Null,False,False,False,False,False,True,,False,False,False,False,False,False,0.0,0.0,0.0,0.0,0.0,False,False
1634256,43,2.84,0,0,0,122,3,0,76188,,39441,County Championship Division Two 2026,1,45,Yorkshire Men,42,Leicestershire Men,8730576,2026-08-27T13:40:44Z,4,256,False,,,,15344.0,Alex Green,2988.0,Matthew Revis,7094.0,James Wharton,,,Right,Wicketkeeper,0.0,0,0.0,0.0,,LengthBall,Wide,,Left,FrontFoot,Leave,SeamAway,Over,FastSeam,Right,Null,NotReferred,Null,False,False,False,False,False,True,,False,False,False,False,False,False,0.0,0.0,0.0,0.0,0.0,False,False
1634256,43,2.84,0,0,0,122,3,0,76188,,39441,County Championship Division Two 2026,1,45,Yorkshire Men,42,Leicestershire Men,8730583,2026-08-27T13:41:23Z,5,257,False,,,,15344.0,Alex Green,2988.0,Matthew Revis,7094.0,James Wharton,156.0,45.0,Right,Backward Point,0.0,0,0.0,0.0,,LengthBall,OutsideOff,,HitPad,FrontFoot,Drive,SeamIn,Over,FastSeam,Right,Null,NotReferred,Null,False,False,False,False,False,True,,False,False,False,False,False,False,0.0,0.0,0.0,0.0,0.0,False,False
1634256,43,2.84,0,0,0,122,3,0,76188,,39441,County Championship Division Two 2026,1,45,Yorkshire Men,42,Leicestershire Men,8730587,2026-08-27T13:42:04Z,6,258,False,,,,15344.0,Alex Green,2988.0,Matthew Revis,7094.0,James Wharton,,,Right,Wicketkeeper,0.0,0,0.0,0.0,,LengthBall,Wide,,Left,FrontFoot,Leave,NoMovement,Over,FastSeam,Right,Null,NotReferred,Null,False,False,False,False,False,True,,False,False,False,False,False,False,0.0,0.0,0.0,0.0,0.0,False,False
1634261,44,2.82,2,0,0,124,3,2,76188,,39441,County Championship Division Two 2026,1,45,Yorkshire Men,42,Leicestershire Men,8730596,2026-08-27T13:43:13Z,1,259,False,,,,7020.0,Tom Scriven,7094.0,James Wharton,2988.0,Matthew Revis,283.0,30.0,Right,Bowler,0.0,0,0.0,0.0,,BackOfALength,OutsideOff,,BottomEdge,BackFoot,Pushed,NoMovement,Over,Medium,Right,Null,NotReferred,Null,False,False,False,False,False,True,,False,False,False,False,False,False,0.0,0.0,0.0,0.0,0.0,False,False
1634261,44,2.82,2,0,0,124,3,2,76188,,39441,County Championship Division Two 2026,1,45,Yorkshire Men,42,Leicestershire Men,8730599,2026-08-27T13:43:49Z,2,260,False,,,,7020.0,Tom Scriven,7094.0,James Wharton,2988.0,Matthew Revis,,,Right,Wicketkeeper,0.0,0,0.0,0.0,,HalfVolley,OutsideOff,,Left,FrontFoot,Leave,SeamAway,Over,Medium,Right,Null,NotReferred,Null,False,False,False,False,False,True,,False,False,False,False,False,False,0.0,0.0,0.0,0.0,0.0,False,False
1634261,44,2.82,2,0,0,124,3,2,76188,,39441,County Championship Division Two 2026,1,45,Yorkshire Men,42,Leicestershire Men,8730603,2026-08-27T13:44:18Z,3,261,False,,,,7020.0,Tom Scriven,7094.0,James Wharton,2988.0,Matthew Revis,226.0,38.0,Right,Extra Cover,1.0,0,1.0,1.0,,LengthBall,OutsideOff,,None,FrontFoot,ForwardDefensive,NoMovement,Over,Medium,Right,Null,NotReferred,Null,False,False,False,False,False,True,,False,False,False,False,False,False,1.0,0.0,0.0,0.0,0.0,False,False
1634261,44,2.82,2,0,0,124,3,2,76188,,39441,County Championship Division Two 2026,1,45,Yorkshire Men,42,Leicestershire Men,8730609,2026-08-27T13:44:50Z,4,262,False,,,,7020.0,Tom Scriven,2988.0,Matthew Revis,7094.0,James Wharton,334.0,123.0,Right,Deep Square Leg,1.0,0,1.0,1.0,,LengthBall,OutsideOff,,None,BackFoot,Worked,NoMovement,Over,Medium,Right,Null,NotReferred,Null,False,False,False,False,False,True,,False,False,False,False,False,False,1.0,0.0,0.0,0.0,0.0,False,False
1634261,44,2.82,2,0,0,124,3,2,76188,,39441,County Championship Division Two 2026,1,45,Yorkshire Men,42,Leicestershire Men,8730611,2026-08-27T13:45:27Z,5,263,False,,,,7020.0,Tom Scriven,7094.0,James Wharton,2988.0,Matthew Revis,,,Right,Wicketkeeper,0.0,0,0.0,0.0,,HalfVolley,OutsideOff,,Left,FrontFoot,Leave,AwaySwinger,Over,Medium,Right,Null,NotReferred,Null,False,False,False,False,False,True,,False,False,False,False,False,False,0.0,0.0,0.0,0.0,0.0,False,False
1634261,44,2.82,2,0,0,124,3,2,76188,,39441,County Championship Division Two 2026,1,45,Yorkshire Men,42,Leicestershire Men,8730616,2026-08-27T13:45:57Z,6,264,False,,,,7020.0,Tom Scriven,7094.0,James Wharton,2988.0,Matthew Revis,285.0,56.0,Right,Mid On,0.0,0,0.0,0.0,,LengthBall,OffStump,,None,FrontFoot,Flick,NoMovement,Over,Medium,Right,Null,NotReferred,Null,False,False,False,False,False,True,,False,False,False,False,False,False,0.0,0.0,0.0,0.0,0.0,False,False
1634267,45,2.93,8,0,0,132,3,8,76188,,39441,County Championship Division Two 2026,1,45,Yorkshire Men,42,Leicestershire Men,8730624,2026-08-27T13:46:58Z,1,265,False,,,,15344.0,Alex Green,2988.0,Matthew Revis,7094.0,James Wharton,166.0,59.0,Right,Backward Point,0.0,0,0.0,0.0,,LengthBall,OutsideOff,,None,FrontFoot,ForwardDefensive,NoMovement,Over,FastSeam,Right,Null,NotReferred,Null,False,False,False,False,False,True,,False,False,False,False,False,False,0.0,0.0,0.0,0.0,0.0,False,False
1634267,45,2.93,8,0,0,132,3,8,76188,,39441,County Championship Division Two 2026,1,45,Yorkshire Men,42,Leicestershire Men,8730627,2026-08-27T13:47:34Z,2,266,False,,,,15344.0,Alex Green,2988.0,Matthew Revis,7094.0,James Wharton,224.0,177.0,Right,,4.0,0,4.0,4.0,,LengthBall,OutsideOff,,Middled,FrontFoot,Drive,NoMovement,Over,FastSeam,Right,Null,NotReferred,Null,False,False,False,False,False,True,,False,False,False,False,False,False,4.0,0.0,0.0,0.0,0.0,True,False
1634267,45,2.93,8,0,0,132,3,8,76188,,39441,County Championship Division Two 2026,1,45,Yorkshire Men,42,Leicestershire Men,8730633,2026-08-27T13:48:21Z,3,267,False,,,,15344.0,Alex Green,2988.0,Matthew Revis,7094.0,James Wharton,259.0,32.0,Right,Bowler,0.0,0,0.0,0.0,,LengthBall,OutsideOff,,None,FrontFoot,ForwardDefensive,NoMovement,Over,FastSeam,Right,Null,NotReferred,Null,False,False,False,False,False,True,,False,False,False,False,False,False,0.0,0.0,0.0,0.0,0.0,False,False
1634267,45,2.93,8,0,0,132,3,8,76188,,39441,County Championship Division Two 2026,1,45,Yorkshire Men,42,Leicestershire Men,8730640,2026-08-27T13:48:56Z,4,268,False,,,,15344.0,Alex Green,2988.0,Matthew Revis,7094.0,James Wharton,165.0,62.0,Right,Backward Point,0.0,0,0.0,0.0,,HalfVolley,OutsideOff,,WellTimed,FrontFoot,Drive,NoMovement,Over,FastSeam,Right,Null,NotReferred,Null,False,False,False,False,False,True,,False,False,False,False,False,False,0.0,0.0,0.0,0.0,0.0,False,False
1634267,45,2.93,8,0,0,132,3,8,76188,,39441,County Championship Division Two 2026,1,45,Yorkshire Men,42,Leicestershire Men,8730645,2026-08-27T13:49:35Z,5,269,False,,,,15344.0,Alex Green,2988.0,Matthew Revis,7094.0,James Wharton,220.0,40.0,Right,Extra Cover,0.0,0,0.0,0.0,,LengthBall,OutsideOff,,None,FrontFoot,ForwardDefensive,NoMovement,Over,FastSeam,Right,Null,NotReferred,Null,False,False,False,False,False,True,,False,False,False,False,False,False,0.0,0.0,0.0,0.0,0.0,False,False
1634267,45,2.93,8,0,0,132,3,8,76188,,39441,County Championship Division Two 2026,1,45,Yorkshire Men,42,Leicestershire Men,8730649,2026-08-27T13:50:11Z,6,270,False,,,,15344.0,Alex Green,2988.0,Matthew Revis,7094.0,James Wharton,78.0,160.0,Right,,4.0,0,4.0,4.0,,LengthBall,MiddleStump,,WellTimed,FrontFoot,Flick,NoMovement,Over,FastSeam,Right,Null,NotReferred,Null,False,False,False,False,False,True,,False,False,False,False,False,False,4.0,0.0,0.0,0.0,0.0,True,False
1634272,46,2.93,3,0,0,135,3,3,76188,,39441,County Championship Division Two 2026,1,45,Yorkshire Men,42,Leicestershire Men,8730655,2026-08-27T13:51:12Z,1,271,False,,,,7020.0,Tom Scriven,7094.0,James Wharton,2988.0,Matthew Revis,,,Right,Wicketkeeper,0.0,0,0.0,0.0,,HalfVolley,OutsideOff,,Left,FrontFoot,Leave,AwaySwinger,Over,Medium,Right,Null,NotReferred,Null,False,False,False,False,False,True,,False,False,False,False,False,False,0.0,0.0,0.0,0.0,0.0,False,False
1634272,46,2.93,3,0,0,135,3,3,76188,,39441,County Championship Division Two 2026,1,45,Yorkshire Men,42,Leicestershire Men,8730659,2026-08-27T13:51:40Z,2,272,False,,,,7020.0,Tom Scriven,7094.0,James Wharton,2988.0,Matthew Revis,171.0,48.0,Right,Backward Point,1.0,0,1.0,1.0,,LengthBall,OutsideOff,,None,FrontFoot,ForwardDefensive,NoMovement,Over,Medium,Right,Null,NotReferred,Null,False,False,False,False,False,True,,False,False,False,False,False,False,1.0,0.0,0.0,0.0,0.0,False,False
1634272,46,2.93,3,0,0,135,3,3,76188,,39441,County Championship Division Two 2026,1,45,Yorkshire Men,42,Leicestershire Men,8730664,2026-08-27T13:52:21Z,3,273,False,,,,7020.0,Tom Scriven,2988.0,Matthew Revis,7094.0,James Wharton,,,Right,Wicketkeeper,0.0,0,0.0,0.0,,LengthBall,OutsideOff,,Left,FrontFoot,Leave,NoMovement,Over,Medium,Right,Null,NotReferred,Null,False,False,False,False,False,True,,False,False,False,False,False,False,0.0,0.0,0.0,0.0,0.0,False,False
1634272,46,2.93,3,0,0,135,3,3,76188,,39441,County Championship Division Two 2026,1,45,Yorkshire Men,42,Leicestershire Men,8730668,2026-08-27T13:52:56Z,4,274,False,,,,7020.0,Tom Scriven,2988.0,Matthew Revis,7094.0,James Wharton,,,Right,Wicketkeeper,0.0,0,0.0,0.0,,HalfVolley,Wide,,Left,FrontFoot,Leave,AwaySwinger,Over,Medium,Right,Null,NotReferred,Null,False,False,False,False,False,True,,False,False,False,False,False,False,0.0,0.0,0.0,0.0,0.0,False,False
1634272,46,2.93,3,0,0,135,3,3,76188,,39441,County Championship Division Two 2026,1,45,Yorkshire Men,42,Leicestershire Men,8730670,2026-08-27T13:53:30Z,5,275,False,,,,7020.0,Tom Scriven,2988.0,Matthew Revis,7094.0,James Wharton,257.0,34.0,Right,Bowler,0.0,0,0.0,0.0,,HalfVolley,OutsideOff,,None,FrontFoot,ForwardDefensive,NoMovement,Over,Medium,Right,Null,NotReferred,Null,False,False,False,False,False,True,,False,False,False,False,False,False,0.0,0.0,0.0,0.0,0.0,False,False
1634272,46,2.93,3,0,0,135,3,3,76188,,39441,County Championship Division Two 2026,1,45,Yorkshire Men,42,Leicestershire Men,8730677,2026-08-27T13:54:03Z,6,276,False,,,,7020.0,Tom Scriven,2988.0,Matthew Revis,7094.0,James Wharton,307.0,81.0,Right,Mid Wicket,2.0,0,2.0,2.0,,BackOfALength,OffStump,,WellTimed,BackFoot,Worked,NoMovement,Over,Medium,Right,Null,NotReferred,Null,False,False,False,False,False,True,,False,False,False,False,False,False,2.0,0.0,0.0,0.0,0.0,False,False
1634277,47,2.91,2,0,0,137,3,2,76188,,39441,County Championship Division Two 2026,1,45,Yorkshire Men,42,Leicestershire Men,8730681,2026-08-27T13:54:58Z,1,277,False,,,,15344.0,Alex Green,7094.0,James Wharton,2988.0,Matthew Revis,,,Right,Wicketkeeper,0.0,0,0.0,0.0,,LengthBall,OutsideOff,,Left,FrontFoot,Leave,NoMovement,Over,FastSeam,Right,Null,NotReferred,Null,False,False,False,False,False,True,,False,False,False,False,False,False,0.0,0.0,0.0,0.0,0.0,False,False
1634277,47,2.91,2,0,0,137,3,2,76188,,39441,County Championship Division Two 2026,1,45,Yorkshire Men,42,Leicestershire Men,8730687,2026-08-27T13:55:35Z,2,278,False,,,,15344.0,Alex Green,7094.0,James Wharton,2988.0,Matthew Revis,359.0,133.0,Right,Deep Square Leg,1.0,0,1.0,1.0,,LengthBall,OffStump,,None,FrontFoot,Flick,NoMovement,Over,FastSeam,Right,Null,NotReferred,Null,False,False,False,False,False,True,,False,False,False,False,False,False,1.0,0.0,0.0,0.0,0.0,False,False
1634277,47,2.91,2,0,0,137,3,2,76188,,39441,County Championship Division Two 2026,1,45,Yorkshire Men,42,Leicestershire Men,8730693,2026-08-27T13:56:15Z,3,279,False,,,,15344.0,Alex Green,2988.0,Matthew Revis,7094.0,James Wharton,254.0,28.0,Right,Bowler,0.0,0,0.0,0.0,,BackOfALength,OutsideOff,,None,BackFoot,BackwardDefensive,NoMovement,Over,FastSeam,Right,Null,NotReferred,Null,False,False,False,False,False,True,,False,False,False,False,False,False,0.0,0.0,0.0,0.0,0.0,False,False
1634277,47,2.91,2,0,0,137,3,2,76188,,39441,County Championship Division Two 2026,1,45,Yorkshire Men,42,Leicestershire Men,8730697,2026-08-27T13:56:58Z,4,280,False,,,,15344.0,Alex Green,2988.0,Matthew Revis,7094.0,James Wharton,349.0,141.0,Right,Deep Square Leg,1.0,0,1.0,1.0,,LengthBall,MiddleStump,,WellTimed,BackFoot,Flick,NoMovement,Over,FastSeam,Right,Null,NotReferred,Null,False,False,False,False,False,True,,False,False,False,False,False,False,1.0,0.0,0.0,0.0,0.0,False,False
1634277,47,2.91,2,0,0,137,3,2,76188,,39441,County Championship Division Two 2026,1,45,Yorkshire Men,42,Leicestershire Men,8730702,2026-08-27T13:57:39Z,5,281,False,,,,15344.0,Alex Green,7094.0,James Wharton,2988.0,Matthew Revis,,,Right,Wicketkeeper,0.0,0,0.0,0.0,,LengthBall,OutsideOff,,Missed,FrontFoot,ForwardDefensive,SeamAway,Over,FastSeam,Right,Null,NotReferred,Null,False,False,False,False,False,True,,False,False,False,False,False,False,0.0,0.0,0.0,0.0,0.0,False,False
1634277,47,2.91,2,0,0,137,3,2,76188,,39441,County Championship Division Two 2026,1,45,Yorkshire Men,42,Leicestershire Men,8730708,2026-08-27T13:58:16Z,6,282,False,,,,15344.0,Alex Green,7094.0,James Wharton,2988.0,Matthew Revis,292.0,53.0,Right,Mid On,0.0,0,0.0,0.0,,HalfVolley,MiddleStump,,None,FrontFoot,Flick,NoMovement,Over,FastSeam,Right,Null,NotReferred,Null,False,False,False,False,False,True,,False,False,False,False,False,False,0.0,0.0,0.0,0.0,0.0,False,False
1634281,48,2.9,2,0,0,139,3,2,76188,,39441,County Championship Division Two 2026,1,45,Yorkshire Men,42,Leicestershire Men,8730712,2026-08-27T13:59:15Z,1,283,False,,,,7020.0,Tom Scriven,2988.0,Matthew Revis,7094.0,James Wharton,,,Right,Wicketkeeper,0.0,0,0.0,0.0,,HalfVolley,OutsideOff,,Left,FrontFoot,Leave,AwaySwinger,Over,Medium,Right,Null,NotReferred,Null,False,False,False,False,False,True,,False,False,False,False,False,False,0.0,0.0,0.0,0.0,0.0,False,False
1634281,48,2.9,2,0,0,139,3,2,76188,,39441,County Championship Division Two 2026,1,45,Yorkshire Men,42,Leicestershire Men,8730717,2026-08-27T13:59:41Z,2,284,False,,,,7020.0,Tom Scriven,2988.0,Matthew Revis,7094.0,James Wharton,265.0,51.0,Right,Mid Off,0.0,0,0.0,0.0,,LengthBall,OutsideOff,,None,FrontFoot,ForwardDefensive,NoMovement,Over,Medium,Right,Null,NotReferred,Null,False,False,False,False,False,True,,False,False,False,False,False,False,0.0,0.0,0.0,0.0,0.0,False,False
1634281,48,2.9,2,0,0,139,3,2,76188,,39441,County Championship Division Two 2026,1,45,Yorkshire Men,42,Leicestershire Men,8730722,2026-08-27T14:00:13Z,3,285,False,,,,7020.0,Tom Scriven,2988.0,Matthew Revis,7094.0,James Wharton,167.0,54.0,Right,Backward Point,0.0,0,0.0,0.0,,LengthBall,OutsideOff,,None,FrontFoot,ForwardDefensive,AwaySwinger,Over,Medium,Right,Null,NotReferred,Null,False,False,False,False,False,True,,False,False,False,False,False,False,0.0,0.0,0.0,0.0,0.0,False,False
1634281,48,2.9,2,0,0,139,3,2,76188,,39441,County Championship Division Two 2026,1,45,Yorkshire Men,42,Leicestershire Men,8730725,2026-08-27T14:00:48Z,4,286,False,,,,7020.0,Tom Scriven,2988.0,Matthew Revis,7094.0,James Wharton,40.0,121.0,Right,Fine Leg,1.0,0,1.0,1.0,,BackOfALength,OffStump,,None,BackFoot,Worked,NoMovement,Over,Medium,Right,Null,NotReferred,Null,False,False,False,False,False,True,,False,False,False,False,False,False,1.0,0.0,0.0,0.0,0.0,False,False
1634281,48,2.9,2,0,0,139,3,2,76188,,39441,County Championship Division Two 2026,1,45,Yorkshire Men,42,Leicestershire Men,8730728,2026-08-27T14:01:24Z,5,287,False,,,,7020.0,Tom Scriven,7094.0,James Wharton,2988.0,Matthew Revis,292.0,67.0,Right,Mid On,0.0,0,0.0,0.0,,HalfVolley,OffStump,,None,FrontFoot,Drive,NoMovement,Over,Medium,Right,Null,NotReferred,Null,False,False,False,False,False,True,,False,False,False,False,False,False,0.0,0.0,0.0,0.0,0.0,False,False
1634281,48,2.9,2,0,0,139,3,2,76188,,39441,County Championship Division Two 2026,1,45,Yorkshire Men,42,Leicestershire Men,8730734,2026-08-27T14:02:01Z,6,288,False,,,,7020.0,Tom Scriven,7094.0,James Wharton,2988.0,Matthew Revis,51.0,104.0,Right,Fine Leg,1.0,0,1.0,1.0,,LengthBall,OutsideOff,,None,BackFoot,Worked,NoMovement,Over,Medium,Right,Null,NotReferred,Null,False,False,False,False,False,True,,False,False,False,False,False,False,1.0,0.0,0.0,0.0,0.0,False,False
1634287,49,2.86,1,1,0,140,4,1,76188,,39441,County Championship Division Two 2026,1,45,Yorkshire Men,42,Leicestershire Men,8730743,2026-08-27T14:03:01Z,1,289,False,,,,15344.0,Alex Green,7094.0,James Wharton,2988.0,Matthew Revis,,,Right,Wicketkeeper,0.0,0,0.0,0.0,,LengthBall,OutsideOff,,Left,FrontFoot,Leave,SeamIn,Over,FastSeam,Right,Null,NotReferred,Null,False,False,False,False,False,True,,False,False,False,False,False,False,0.0,0.0,0.0,0.0,0.0,False,False
1634287,49,2.86,1,1,0,140,4,1,76188,,39441,County Championship Division Two 2026,1,45,Yorkshire Men,42,Leicestershire Men,8730750,2026-08-27T14:03:36Z,2,290,False,,,,15344.0,Alex Green,7094.0,James Wharton,2988.0,Matthew Revis,51.0,118.0,Right,Fine Leg,1.0,0,1.0,1.0,,LengthBall,MiddleStump,,None,FrontFoot,Flick,NoMovement,Over,FastSeam,Right,Null,NotReferred,Null,False,False,False,False,False,True,,False,False,False,False,False,False,1.0,0.0,0.0,0.0,0.0,False,False
1634287,49,2.86,1,1,0,140,4,1,76188,,39441,County Championship Division Two 2026,1,45,Yorkshire Men,42,Leicestershire Men,8730757,2026-08-27T14:04:16Z,3,291,True,Caught,2988.0,Matthew Revis,15344.0,Alex Green,2988.0,Matthew Revis,7094.0,James Wharton,,,Right,Wicketkeeper,0.0,0,0.0,0.0,Caught,Short,OffStump,Caught,Gloved,BackFoot,Pull,NoMovement,Over,FastSeam,Right,Null,NotReferred,Null,False,False,False,False,False,True,1856.0,False,False,False,False,False,False,0.0,0.0,0.0,0.0,0.0,False,True
1634287,49,2.86,1,1,0,140,4,1,76188,,39441,County Championship Division Two 2026,1,45,Yorkshire Men,42,Leicestershire Men,8730773,2026-08-27T14:06:42Z,4,292,False,,,,15344.0,Alex Green,195.0,Jonny Bairstow,7094.0,James Wharton,170.0,42.0,Right,Backward Point,0.0,0,0.0,0.0,,LengthBall,OutsideOff,,None,FrontFoot,ForwardDefensive,NoMovement,Over,FastSeam,Right,Null,NotReferred,Null,False,False,False,False,False,True,,False,False,False,False,False,False,0.0,0.0,0.0,0.0,0.0,False,False
1634287,49,2.86,1,1,0,140,4,1,76188,,39441,County Championship Division Two 2026,1,45,Yorkshire Men,42,Leicestershire Men,8730779,2026-08-27T14:07:20Z,5,293,False,,,,15344.0,Alex Green,195.0,Jonny Bairstow,7094.0,James Wharton,262.0,47.0,Right,Mid Off,0.0,0,0.0,0.0,,LengthBall,OutsideOff,,None,FrontFoot,ForwardDefensive,NoMovement,Over,FastSeam,Right,Null,NotReferred,Null,False,False,False,False,False,True,,False,False,False,False,False,False,0.0,0.0,0.0,0.0,0.0,False,False
1634287,49,2.86,1,1,0,140,4,1,76188,,39441,County Championship Division Two 2026,1,45,Yorkshire Men,42,Leicestershire Men,8730783,2026-08-27T14:07:57Z,6,294,False,,,,15344.0,Alex Green,195.0,Jonny Bairstow,7094.0,James Wharton,,,Right,Wicketkeeper,0.0,0,0.0,0.0,,BackOfALength,OutsideOff,,Left,BackFoot,Leave,NoMovement,Over,FastSeam,Right,Null,NotReferred,Null,False,False,False,False,False,True,,False,False,False,False,False,False,0.0,0.0,0.0,0.0,0.0,False,False
1634293,50,2.82,1,0,0,141,4,1,76188,,39441,County Championship Division Two 2026,1,45,Yorkshire Men,42,Leicestershire Men,8730786,2026-08-27T14:08:46Z,1,295,False,,,,7020.0,Tom Scriven,7094.0,James Wharton,195.0,Jonny Bairstow,186.0,146.0,Right,Deep Cover,1.0,0,1.0,1.0,,HalfVolley,OutsideOff,,None,FrontFoot,Drive,NoMovement,Over,Medium,Right,Null,NotReferred,Null,False,False,False,False,False,True,,False,False,False,False,False,False,1.0,0.0,0.0,0.0,0.0,False,False
1634293,50,2.82,1,0,0,141,4,1,76188,,39441,County Championship Division Two 2026,1,45,Yorkshire Men,42,Leicestershire Men,8730790,2026-08-27T14:09:30Z,2,296,False,,,,7020.0,Tom Scriven,195.0,Jonny Bairstow,7094.0,James Wharton,,,Right,Wicketkeeper,0.0,0,0.0,0.0,,HalfVolley,OutsideOff,,Left,FrontFoot,Leave,AwaySwinger,Over,Medium,Right,Null,NotReferred,Null,False,False,False,False,False,True,,False,False,False,False,False,False,0.0,0.0,0.0,0.0,0.0,False,False
1634293,50,2.82,1,0,0,141,4,1,76188,,39441,County Championship Division Two 2026,1,45,Yorkshire Men,42,Leicestershire Men,8730796,2026-08-27T14:10:02Z,3,297,False,,,,7020.0,Tom Scriven,195.0,Jonny Bairstow,7094.0,James Wharton,165.0,47.0,Right,Backward Point,0.0,0,0.0,0.0,,LengthBall,OutsideOff,,None,FrontFoot,ForwardDefensive,NoMovement,Over,Medium,Right,Null,NotReferred,Null,False,False,False,False,False,True,,False,False,False,False,False,False,0.0,0.0,0.0,0.0,0.0,False,False
1634293,50,2.82,1,0,0,141,4,1,76188,,39441,County Championship Division Two 2026,1,45,Yorkshire Men,42,Leicestershire Men,8730801,2026-08-27T14:10:43Z,4,298,False,,,,7020.0,Tom Scriven,195.0,Jonny Bairstow,7094.0,James Wharton,279.0,57.0,Right,Mid On,0.0,0,0.0,0.0,,HalfVolley,OutsideOff,,MisTimed,FrontFoot,Flick,NoMovement,Over,Medium,Right,Null,NotReferred,Null,False,False,False,False,False,True,,False,False,False,False,False,False,0.0,0.0,0.0,0.0,0.0,False,False
1634293,50,2.82,1,0,0,141,4,1,76188,,39441,County Championship Division Two 2026,1,45,Yorkshire Men,42,Leicestershire Men,8730804,2026-08-27T14:11:24Z,5,299,False,,,,7020.0,Tom Scriven,195.0,Jonny Bairstow,7094.0,James Wharton,,,Right,Wicketkeeper,0.0,0,0.0,0.0,,LengthBall,OutsideOff,,Left,FrontFoot,Leave,NoMovement,Over,Medium,Right,Null,NotReferred,Null,False,False,False,False,False,True,,False,False,False,False,False,False,0.0,0.0,0.0,0.0,0.0,False,False
1634293,50,2.82,1,0,0,141,4,1,76188,,39441,County Championship Division Two 2026,1,45,Yorkshire Men,42,Leicestershire Men,8730809,2026-08-27T14:11:54Z,6,300,False,,,,7020.0,Tom Scriven,195.0,Jonny Bairstow,7094.0,James Wharton,245.0,33.0,Right,Bowler,0.0,0,0.0,0.0,,LengthBall,OutsideOff,,None,FrontFoot,ForwardDefensive,NoMovement,Over,Medium,Right,Null,NotReferred,Null,False,False,False,False,False,True,,False,False,False,False,False,False,0.0,0.0,0.0,0.0,0.0,False,False
1634298,51,2.8,2,0,0,143,4,2,76188,,39441,County Championship Division Two 2026,1,45,Yorkshire Men,42,Leicestershire Men,8730815,2026-08-27T14:13:19Z,1,301,False,,,,12218.0,Josh Hull,7094.0,James Wharton,195.0,Jonny Bairstow,122.0,126.0,Right,Third Man,1.0,0,1.0,1.0,,BackOfALength,OffStump,,None,BackFoot,Steer,NoMovement,Over,FastSeam,Left,Null,NotReferred,Null,False,False,False,False,False,True,,False,False,False,False,False,False,1.0,0.0,0.0,0.0,0.0,False,False
1634298,51,2.8,2,0,0,143,4,2,76188,,39441,County Championship Division Two 2026,1,45,Yorkshire Men,42,Leicestershire Men,8730820,2026-08-27T14:14:03Z,2,302,False,,,,12218.0,Josh Hull,195.0,Jonny Bairstow,7094.0,James Wharton,,,Right,Wicketkeeper,0.0,0,0.0,0.0,,BackOfALength,DownLeg,,Left,NoMovement,Leave,NoMovement,Over,FastSeam,Left,Null,NotReferred,Null,False,False,False,False,False,True,,False,False,False,False,False,False,0.0,0.0,0.0,0.0,0.0,False,False
1634298,51,2.8,2,0,0,143,4,2,76188,,39441,County Championship Division Two 2026,1,45,Yorkshire Men,42,Leicestershire Men,8730824,2026-08-27T14:14:42Z,3,303,False,,,,12218.0,Josh Hull,195.0,Jonny Bairstow,7094.0,James Wharton,162.0,55.0,Right,Backward Point,0.0,0,0.0,0.0,,BackOfALength,MiddleStump,,None,BackFoot,Pushed,NoMovement,Over,FastSeam,Left,Null,NotReferred,Null,False,False,False,False,False,True,,False,False,False,False,False,False,0.0,0.0,0.0,0.0,0.0,False,False
1634298,51,2.8,2,0,0,143,4,2,76188,,39441,County Championship Division Two 2026,1,45,Yorkshire Men,42,Leicestershire Men,8730829,2026-08-27T14:15:22Z,4,304,False,,,,12218.0,Josh Hull,195.0,Jonny Bairstow,7094.0,James Wharton,122.0,126.0,Right,Third Man,1.0,0,1.0,1.0,,LengthBall,OutsideOff,,None,FrontFoot,Steer,NoMovement,Over,FastSeam,Left,Null,NotReferred,Null,False,False,False,False,False,True,,False,False,False,False,False,False,1.0,0.0,0.0,0.0,0.0,False,False
1634298,51,2.8,2,0,0,143,4,2,76188,,39441,County Championship Division Two 2026,1,45,Yorkshire Men,42,Leicestershire Men,8730833,2026-08-27T14:16:07Z,5,305,False,,,,12218.0,Josh Hull,7094.0,James Wharton,195.0,Jonny Bairstow,,,Right,Wicketkeeper,0.0,0,0.0,0.0,,BackOfALength,OffStump,,Missed,BackFoot,Pushed,SeamAway,Over,FastSeam,Left,Null,NotReferred,Null,False,False,False,False,False,True,,False,False,False,False,False,False,0.0,0.0,0.0,0.0,0.0,False,False
1634298,51,2.8,2,0,0,143,4,2,76188,,39441,County Championship Division Two 2026,1,45,Yorkshire Men,42,Leicestershire Men,8730837,2026-08-27T14:16:52Z,6,306,False,,,,12218.0,Josh Hull,7094.0,James Wharton,195.0,Jonny Bairstow,278.0,34.0,Right,Bowler,0.0,0,0.0,0.0,,HalfVolley,DownLeg,,MisTimed,FrontFoot,Flick,NoMovement,Over,FastSeam,Left,Null,NotReferred,Null,False,False,False,False,False,True,,False,False,False,False,False,False,0.0,0.0,0.0,0.0,0.0,False,False
1634304,52,2.75,0,0,0,143,4,0,76188,,39441,County Championship Division Two 2026,1,45,Yorkshire Men,42,Leicestershire Men,8730843,2026-08-27T14:18:04Z,1,307,False,,,,499.0,Ian Holland,195.0,Jonny Bairstow,7094.0,James Wharton,249.0,50.0,Right,Mid Off,0.0,0,0.0,0.0,,LengthBall,OutsideOff,,MisTimed,FrontFoot,Drive,NoMovement,Over,Medium,Right,Null,NotReferred,Null,False,False,False,False,False,True,,False,False,False,False,False,False,0.0,0.0,0.0,0.0,0.0,False,False
1634304,52,2.75,0,0,0,143,4,0,76188,,39441,County Championship Division Two 2026,1,45,Yorkshire Men,42,Leicestershire Men,8730847,2026-08-27T14:18:34Z,2,308,False,,,,499.0,Ian Holland,195.0,Jonny Bairstow,7094.0,James Wharton,,,Right,Wicketkeeper,0.0,0,0.0,0.0,,LengthBall,OutsideOff,,Left,FrontFoot,Leave,NoMovement,Over,Medium,Right,Null,NotReferred,Null,False,False,False,False,False,True,,False,False,False,False,False,False,0.0,0.0,0.0,0.0,0.0,False,False
1634304,52,2.75,0,0,0,143,4,0,76188,,39441,County Championship Division Two 2026,1,45,Yorkshire Men,42,Leicestershire Men,8730851,2026-08-27T14:19:05Z,3,309,False,,,,499.0,Ian Holland,195.0,Jonny Bairstow,7094.0,James Wharton,,,Right,Wicketkeeper,0.0,0,0.0,0.0,,LengthBall,OutsideOff,,Missed,FrontFoot,Drive,NoMovement,Over,Medium,Right,Null,NotReferred,Null,False,False,False,False,False,True,,False,False,False,False,False,False,0.0,0.0,0.0,0.0,0.0,False,False
1634304,52,2.75,0,0,0,143,4,0,76188,,39441,County Championship Division Two 2026,1,45,Yorkshire Men,42,Leicestershire Men,8730855,2026-08-27T14:19:36Z,4,310,False,,,,499.0,Ian Holland,195.0,Jonny Bairstow,7094.0,James Wharton,310.0,52.0,Right,Mid Wicket,0.0,0,0.0,0.0,,BackOfALength,OutsideOff,,None,BackFoot,BackwardDefensive,NoMovement,Over,Medium,Right,Null,NotReferred,Null,False,False,False,False,False,True,,False,False,False,False,False,False,0.0,0.0,0.0,0.0,0.0,False,False
1634304,52,2.75,0,0,0,143,4,0,76188,,39441,County Championship Division Two 2026,1,45,Yorkshire Men,42,Leicestershire Men,8730859,2026-08-27T14:20:06Z,5,311,False,,,,499.0,Ian Holland,195.0,Jonny Bairstow,7094.0,James Wharton,248.0,53.0,Right,Mid Off,0.0,0,0.0,0.0,,LengthBall,OutsideOff,,MisTimed,FrontFoot,Drive,InSwinger,Over,Medium,Right,Null,NotReferred,Null,False,False,False,False,False,True,,False,False,False,False,False,False,0.0,0.0,0.0,0.0,0.0,False,False
1634304,52,2.75,0,0,0,143,4,0,76188,,39441,County Championship Division Two 2026,1,45,Yorkshire Men,42,Leicestershire Men,8730864,2026-08-27T14:20:36Z,6,312,False,,,,499.0,Ian Holland,195.0,Jonny Bairstow,7094.0,James Wharton,,,Right,Wicketkeeper,0.0,0,0.0,0.0,,HalfVolley,OutsideOff,,Left,FrontFoot,Leave,SeamAway,Over,Medium,Right,Null,NotReferred,Null,False,False,False,False,False,True,,False,False,False,False,False,False,0.0,0.0,0.0,0.0,0.0,False,False
1634310,53,2.72,1,1,0,144,5,1,76188,,39441,County Championship Division Two 2026,1,45,Yorkshire Men,42,Leicestershire Men,8730872,2026-08-27T14:21:26Z,1,313,False,,,,12218.0,Josh Hull,7094.0,James Wharton,195.0,Jonny Bairstow,,,Right,Wicketkeeper,0.0,0,0.0,0.0,,HalfVolley,DownLeg,,PlayAndMissLegSide,FrontFoot,Flick,NoMovement,Over,FastSeam,Left,Null,NotReferred,Null,False,False,False,False,False,True,,False,False,False,False,False,False,0.0,0.0,0.0,0.0,0.0,False,False
1634310,53,2.72,1,1,0,144,5,1,76188,,39441,County Championship Division Two 2026,1,45,Yorkshire Men,42,Leicestershire Men,8730878,2026-08-27T14:22:04Z,2,314,False,,,,12218.0,Josh Hull,7094.0,James Wharton,195.0,Jonny Bairstow,15.0,128.0,Right,Deep Backward Square Leg,1.0,0,1.0,1.0,,BackOfALength,LegStump,,None,BackFoot,Worked,NoMovement,Over,FastSeam,Left,Null,NotReferred,Null,False,False,False,False,False,True,,False,False,False,False,False,False,1.0,0.0,0.0,0.0,0.0,False,False
1634310,53,2.72,1,1,0,144,5,1,76188,,39441,County Championship Division Two 2026,1,45,Yorkshire Men,42,Leicestershire Men,8730884,2026-08-27T14:22:50Z,3,315,False,,,,12218.0,Josh Hull,195.0,Jonny Bairstow,7094.0,James Wharton,174.0,53.0,Right,Backward Point,0.0,0,0.0,0.0,,BackOfALength,MiddleStump,,None,BackFoot,BackwardDefensive,NoMovement,Over,FastSeam,Left,Null,NotReferred,Null,False,False,False,False,False,True,,False,False,False,False,False,False,0.0,0.0,0.0,0.0,0.0,False,False
1634310,53,2.72,1,1,0,144,5,1,76188,,39441,County Championship Division Two 2026,1,45,Yorkshire Men,42,Leicestershire Men,8730889,2026-08-27T14:23:31Z,4,316,True,Caught,195.0,Jonny Bairstow,12218.0,Josh Hull,195.0,Jonny Bairstow,7094.0,James Wharton,,,Right,Wicketkeeper,0.0,0,0.0,0.0,Caught,LengthBall,OutsideOff,Caught,OutsideEdge,FrontFoot,Drive,NoMovement,Over,FastSeam,Left,Null,NotReferred,Null,False,False,False,False,False,True,1856.0,False,False,False,False,False,False,0.0,0.0,0.0,0.0,0.0,False,False
1634310,53,2.72,1,1,0,144,5,1,76188,,39441,County Championship Division Two 2026,1,45,Yorkshire Men,42,Leicestershire Men,8730904,2026-08-27T14:25:46Z,5,317,False,,,,12218.0,Josh Hull,3005.0,George Hill,7094.0,James Wharton,97.0,24.0,Right,Wicketkeeper,0.0,0,0.0,0.0,,LengthBall,OffStump,,None,BackFoot,BackwardDefensive,NoMovement,Over,FastSeam,Left,Null,NotReferred,Null,False,False,False,False,False,True,,False,False,False,False,False,False,0.0,0.0,0.0,0.0,0.0,False,False
1634310,53,2.72,1,1,0,144,5,1,76188,,39441,County Championship Division Two 2026,1,45,Yorkshire Men,42,Leicestershire Men,8734855,2026-08-28T13:10:12Z,6,318,False,,,,12218.0,Josh Hull,3005.0,George Hill,7094.0,James Wharton,,,Right,Wicketkeeper,0.0,0,0.0,0.0,,HalfVolley,Wide,,Left,FrontFoot,Leave,,Over,FastSeam,Left,Null,NotReferred,Null,False,False,False,False,False,True,,False,False,False,False,False,False,0.0,0.0,0.0,0.0,0.0,False,False
1634990,54,2.7,2,1,0,146,6,2,76188,,39441,County Championship Division Two 2026,1,45,Yorkshire Men,42,Leicestershire Men,8734878,2026-08-28T13:11:43Z,1,319,False,,,,499.0,Ian Holland,7094.0,James Wharton,3005.0,George Hill,,,Right,Wicketkeeper,2.0,2,2.0,0.0,,HalfVolley,Wide,,Left,FrontFoot,Leave,AwaySwinger,Over,Medium,Right,Null,NotReferred,1,False,True,False,False,False,True,,False,False,False,False,False,False,2.0,0.0,0.0,0.0,2.0,False,False
1634990,54,2.7,2,1,0,146,6,2,76188,,39441,County Championship Division Two 2026,1,45,Yorkshire Men,42,Leicestershire Men,8734889,2026-08-28T13:12:13Z,1,320,True,Caught,7094.0,James Wharton,499.0,Ian Holland,7094.0,James Wharton,3005.0,George Hill,,,Right,Wicketkeeper,0.0,0,0.0,0.0,Caught,LengthBall,OutsideOff,Caught,OutsideEdge,FrontFoot,ForwardDefensive,AwaySwinger,Over,Medium,Right,Null,NotReferred,Null,False,False,False,False,True,True,1942.0,False,False,False,False,False,False,0.0,0.0,0.0,0.0,0.0,False,False
1634990,54,2.7,2,1,0,146,6,2,76188,,39441,County Championship Division Two 2026,1,45,Yorkshire Men,42,Leicestershire Men,8734922,2026-08-28T13:14:29Z,2,321,False,,,,499.0,Ian Holland,8.0,Dom Bess,3005.0,George Hill,,,Right,Wicketkeeper,0.0,0,0.0,0.0,,HalfVolley,Wide,,Left,FrontFoot,Leave,SeamAway,Over,Medium,Right,Null,NotReferred,Null,False,False,False,False,False,True,,False,False,False,False,False,False,0.0,0.0,0.0,0.0,0.0,False,False
1634990,54,2.7,2,1,0,146,6,2,76188,,39441,County Championship Division Two 2026,1,45,Yorkshire Men,42,Leicestershire Men,8734930,2026-08-28T13:15:01Z,3,322,False,,,,499.0,Ian Holland,8.0,Dom Bess,3005.0,George Hill,,,Right,Wicketkeeper,0.0,0,0.0,0.0,,LengthBall,OutsideOff,,Left,FrontFoot,Leave,NoMovement,Over,Medium,Right,Null,NotReferred,Null,False,False,False,False,False,True,,False,False,False,False,False,False,0.0,0.0,0.0,0.0,0.0,False,False
1634990,54,2.7,2,1,0,146,6,2,76188,,39441,County Championship Division Two 2026,1,45,Yorkshire Men,42,Leicestershire Men,8734943,2026-08-28T13:15:49Z,4,323,False,,,,499.0,Ian Holland,8.0,Dom Bess,3005.0,George Hill,207.0,42.0,Right,Cover,0.0,0,0.0,0.0,,LengthBall,OutsideOff,,None,FrontFoot,ForwardDefensive,NoMovement,Over,Medium,Right,Null,NotReferred,Null,False,False,False,False,False,True,,False,False,False,False,False,False,0.0,0.0,0.0,0.0,0.0,False,False
1634990,54,2.7,2,1,0,146,6,2,76188,,39441,County Championship Division Two 2026,1,45,Yorkshire Men,42,Leicestershire Men,8734952,2026-08-28T13:16:16Z,5,324,False,,,,499.0,Ian Holland,8.0,Dom Bess,3005.0,George Hill,,,Right,Wicketkeeper,0.0,0,0.0,0.0,,HalfVolley,OutsideOff,,Left,FrontFoot,Leave,NoMovement,Over,Medium,Right,Null,NotReferred,Null,False,False,False,False,False,True,,False,False,False,False,False,False,0.0,0.0,0.0,0.0,0.0,False,False
1634990,54,2.7,2,1,0,146,6,2,76188,,39441,County Championship Division Two 2026,1,45,Yorkshire Men,42,Leicestershire Men,8734959,2026-08-28T13:16:44Z,6,325,False,,,,499.0,Ian Holland,8.0,Dom Bess,3005.0,George Hill,201.0,51.0,Right,Cover,0.0,0,0.0,0.0,,HalfVolley,OutsideOff,,None,FrontFoot,ForwardDefensive,AwaySwinger,Over,Medium,Right,Null,NotReferred,Null,False,False,False,False,False,True,,False,False,False,False,False,False,0.0,0.0,0.0,0.0,0.0,False,False
1635005,55,2.73,4,0,0,150,6,4,76188,,39441,County Championship Division Two 2026,1,45,Yorkshire Men,42,Leicestershire Men,8734973,2026-08-28T13:17:57Z,1,326,False,,,,10.0,Josh Davey,3005.0,George Hill,8.0,Dom Bess,,,Right,Wicketkeeper,0.0,0,0.0,0.0,,BackOfALength,OutsideOff,,Left,NoMovement,Leave,SeamAway,Over,Medium,Right,Null,NotReferred,Null,False,False,False,False,False,True,,False,False,False,False,False,False,0.0,0.0,0.0,0.0,0.0,False,False
1635005,55,2.73,4,0,0,150,6,4,76188,,39441,County Championship Division Two 2026,1,45,Yorkshire Men,42,Leicestershire Men,8734985,2026-08-28T13:18:38Z,2,327,False,,,,10.0,Josh Davey,3005.0,George Hill,8.0,Dom Bess,,,Right,Wicketkeeper,0.0,0,0.0,0.0,,LengthBall,Wide,,Left,FrontFoot,Leave,NoMovement,Over,Medium,Right,Null,NotReferred,Null,False,False,False,False,False,True,,False,False,False,False,False,False,0.0,0.0,0.0,0.0,0.0,False,False
1635005,55,2.73,4,0,0,150,6,4,76188,,39441,County Championship Division Two 2026,1,45,Yorkshire Men,42,Leicestershire Men,8734994,2026-08-28T13:19:16Z,3,328,False,,,,10.0,Josh Davey,3005.0,George Hill,8.0,Dom Bess,161.0,48.0,Right,Backward Point,0.0,0,0.0,0.0,,BackOfALength,OutsideOff,,None,DownTheTrack,Pushed,NoMovement,Over,Medium,Right,Null,NotReferred,Null,False,False,False,False,False,True,,False,False,False,False,False,False,0.0,0.0,0.0,0.0,0.0,False,False
1635005,55,2.73,4,0,0,150,6,4,76188,,39441,County Championship Division Two 2026,1,45,Yorkshire Men,42,Leicestershire Men,8735002,2026-08-28T13:19:56Z,4,329,False,,,,10.0,Josh Davey,3005.0,George Hill,8.0,Dom Bess,,,Right,Wicketkeeper,0.0,0,0.0,0.0,,BackOfALength,OutsideOff,,Left,DownTheTrack,Leave,SeamIn,Over,Medium,Right,Null,NotReferred,Null,False,False,False,False,False,True,,False,False,False,False,False,False,0.0,0.0,0.0,0.0,0.0,False,False
1635005,55,2.73,4,0,0,150,6,4,76188,,39441,County Championship Division Two 2026,1,45,Yorkshire Men,42,Leicestershire Men,8735013,2026-08-28T13:20:34Z,5,330,False,,,,10.0,Josh Davey,3005.0,George Hill,8.0,Dom Bess,,,Right,Wicketkeeper,0.0,0,0.0,0.0,,LengthBall,OutsideOff,,Missed,FrontFoot,ForwardDefensive,SeamAway,Over,Medium,Right,Null,NotReferred,Null,False,False,False,False,False,True,,False,False,False,False,False,False,0.0,0.0,0.0,0.0,0.0,False,False
1635005,55,2.73,4,0,0,150,6,4,76188,,39441,County Championship Division Two 2026,1,45,Yorkshire Men,42,Leicestershire Men,8735023,2026-08-28T13:21:12Z,6,331,False,,,,10.0,Josh Davey,3005.0,George Hill,8.0,Dom Bess,166.0,168.0,Right,,4.0,0,4.0,4.0,,BackOfALength,OutsideOff,,WellTimed,BackFoot,Pushed,NoMovement,Over,Medium,Right,Null,NotReferred,Null,False,False,False,False,False,True,,False,False,False,False,False,False,4.0,0.0,0.0,0.0,0.0,True,False
1635014,56,2.68,0,0,0,150,6,0,76188,,39441,County Championship Division Two 2026,1,45,Yorkshire Men,42,Leicestershire Men,8735034,2026-08-28T13:22:06Z,1,332,False,,,,499.0,Ian Holland,8.0,Dom Bess,3005.0,George Hill,,,Right,Wicketkeeper,0.0,0,0.0,0.0,,HalfVolley,OutsideOff,,Left,FrontFoot,Leave,SeamAway,Over,Medium,Right,Null,NotReferred,Null,False,False,False,False,False,True,,False,False,False,False,False,False,0.0,0.0,0.0,0.0,0.0,False,False
1635014,56,2.68,0,0,0,150,6,0,76188,,39441,County Championship Division Two 2026,1,45,Yorkshire Men,42,Leicestershire Men,8735042,2026-08-28T13:22:35Z,2,333,False,,,,499.0,Ian Holland,8.0,Dom Bess,3005.0,George Hill,,,Right,Wicketkeeper,0.0,0,0.0,0.0,,HalfVolley,OutsideOff,,Left,FrontFoot,Leave,SeamAway,Over,Medium,Right,Null,NotReferred,Null,False,False,False,False,False,True,,False,False,False,False,False,False,0.0,0.0,0.0,0.0,0.0,False,False
1635014,56,2.68,0,0,0,150,6,0,76188,,39441,County Championship Division Two 2026,1,45,Yorkshire Men,42,Leicestershire Men,8735049,2026-08-28T13:23:02Z,3,334,False,,,,499.0,Ian Holland,8.0,Dom Bess,3005.0,George Hill,170.0,51.0,Right,Backward Point,0.0,0,0.0,0.0,,LengthBall,OutsideOff,,None,FrontFoot,ForwardDefensive,NoMovement,Over,Medium,Right,Null,NotReferred,Null,False,False,False,False,False,True,,False,False,False,False,False,False,0.0,0.0,0.0,0.0,0.0,False,False
1635014,56,2.68,0,0,0,150,6,0,76188,,39441,County Championship Division Two 2026,1,45,Yorkshire Men,42,Leicestershire Men,8735057,2026-08-28T13:23:35Z,4,335,False,,,,499.0,Ian Holland,8.0,Dom Bess,3005.0,George Hill,,,Right,Wicketkeeper,0.0,0,0.0,0.0,,LengthBall,OutsideOff,,Left,FrontFoot,Leave,SeamAway,Over,Medium,Right,Null,NotReferred,Null,False,False,False,False,False,True,,False,False,False,False,False,False,0.0,0.0,0.0,0.0,0.0,False,False
1635014,56,2.68,0,0,0,150,6,0,76188,,39441,County Championship Division Two 2026,1,45,Yorkshire Men,42,Leicestershire Men,8735066,2026-08-28T13:24:03Z,5,336,False,,,,499.0,Ian Holland,8.0,Dom Bess,3005.0,George Hill,192.0,38.0,Right,Cover,0.0,0,0.0,0.0,,LengthBall,OutsideOff,,None,FrontFoot,ForwardDefensive,NoMovement,Over,Medium,Right,Null,NotReferred,Null,False,False,False,False,False,True,,False,False,False,False,False,False,0.0,0.0,0.0,0.0,0.0,False,False
1635014,56,2.68,0,0,0,150,6,0,76188,,39441,County Championship Division Two 2026,1,45,Yorkshire Men,42,Leicestershire Men,8735072,2026-08-28T13:24:35Z,6,337,False,,,,499.0,Ian Holland,8.0,Dom Bess,3005.0,George Hill,264.0,32.0,Right,Bowler,0.0,0,0.0,0.0,,LengthBall,OutsideOff,,None,FrontFoot,ForwardDefensive,NoMovement,Over,Medium,Right,Null,NotReferred,Null,False,False,False,False,False,True,,False,False,False,False,False,False,0.0,0.0,0.0,0.0,0.0,False,False
1635024,57,2.77,8,0,0,158,6,8,76188,,39441,County Championship Division Two 2026,1,45,Yorkshire Men,42,Leicestershire Men,8735090,2026-08-28T13:25:32Z,1,338,False,,,,10.0,Josh Davey,3005.0,George Hill,8.0,Dom Bess,291.0,54.0,Right,Mid On,1.0,0,1.0,1.0,,LengthBall,OutsideOff,,None,FrontFoot,Flick,NoMovement,Over,Medium,Right,Null,NotReferred,Null,False,False,False,False,False,True,,False,False,False,False,False,False,1.0,0.0,0.0,0.0,0.0,False,False
1635024,57,2.77,8,0,0,158,6,8,76188,,39441,County Championship Division Two 2026,1,45,Yorkshire Men,42,Leicestershire Men,8735102,2026-08-28T13:26:11Z,2,339,False,,,,10.0,Josh Davey,8.0,Dom Bess,3005.0,George Hill,300.0,148.0,Right,Deep Mid Wicket,3.0,0,3.0,3.0,,HalfVolley,MiddleStump,,WellTimed,FrontFoot,Flick,NoMovement,Over,Medium,Right,Null,NotReferred,Null,False,False,False,False,False,True,,False,False,False,False,False,False,3.0,0.0,0.0,0.0,0.0,False,False
1635024,57,2.77,8,0,0,158,6,8,76188,,39441,County Championship Division Two 2026,1,45,Yorkshire Men,42,Leicestershire Men,8735112,2026-08-28T13:27:03Z,3,340,False,,,,10.0,Josh Davey,3005.0,George Hill,8.0,Dom Bess,,,Right,Wicketkeeper,0.0,0,0.0,0.0,,LengthBall,Wide,,Left,FrontFoot,Leave,SeamAway,Over,Medium,Right,Null,NotReferred,Null,False,False,False,False,False,True,,False,False,False,False,False,False,0.0,0.0,0.0,0.0,0.0,False,False
1635024,57,2.77,8,0,0,158,6,8,76188,,39441,County Championship Division Two 2026,1,45,Yorkshire Men,42,Leicestershire Men,8735123,2026-08-28T13:27:47Z,4,341,False,,,,10.0,Josh Davey,3005.0,George Hill,8.0,Dom Bess,164.0,48.0,Right,Backward Point,0.0,0,0.0,0.0,,LengthBall,OutsideOff,,None,FrontFoot,ForwardDefensive,NoMovement,Over,Medium,Right,Null,NotReferred,Null,False,False,False,False,False,True,,False,False,False,False,False,False,0.0,0.0,0.0,0.0,0.0,False,False
1635024,57,2.77,8,0,0,158,6,8,76188,,39441,County Championship Division Two 2026,1,45,Yorkshire Men,42,Leicestershire Men,8735132,2026-08-28T13:28:28Z,5,342,False,,,,10.0,Josh Davey,3005.0,George Hill,8.0,Dom Bess,204.0,35.0,Right,Cover,0.0,0,0.0,0.0,,LengthBall,OutsideOff,,None,DownTheTrack,ForwardDefensive,NoMovement,Over,Medium,Right,Null,NotReferred,Null,False,False,False,False,False,True,,False,False,False,False,False,False,0.0,0.0,0.0,0.0,0.0,False,False
1635024,57,2.77,8,0,0,158,6,8,76188,,39441,County Championship Division Two 2026,1,45,Yorkshire Men,42,Leicestershire Men,8735142,2026-08-28T13:29:08Z,6,343,False,,,,10.0,Josh Davey,3005.0,George Hill,8.0,Dom Bess,282.0,180.0,Right,,4.0,0,4.0,4.0,,Short,OutsideOff,,WellTimed,BackFoot,Pull,NoMovement,Over,Medium,Right,Null,NotReferred,Null,False,False,False,False,False,True,,False,False,False,False,False,False,4.0,0.0,0.0,0.0,0.0,True,False
1635034,58,2.78,3,0,0,161,6,3,76188,,39441,County Championship Division Two 2026,1,45,Yorkshire Men,42,Leicestershire Men,8735155,2026-08-28T13:30:21Z,1,344,False,,,,499.0,Ian Holland,8.0,Dom Bess,3005.0,George Hill,,,Right,Wicketkeeper,0.0,0,0.0,0.0,,LengthBall,OutsideOff,,Left,FrontFoot,Leave,SeamAway,Over,Medium,Right,Null,NotReferred,Null,False,False,False,False,False,True,,False,False,False,False,False,False,0.0,0.0,0.0,0.0,0.0,False,False
1635034,58,2.78,3,0,0,161,6,3,76188,,39441,County Championship Division Two 2026,1,45,Yorkshire Men,42,Leicestershire Men,8735160,2026-08-28T13:30:57Z,2,345,False,,,,499.0,Ian Holland,8.0,Dom Bess,3005.0,George Hill,281.0,47.0,Right,Mid On,2.0,2,2.0,0.0,,LengthBall,OutsideOff,,None,FrontFoot,ForwardDefensive,NoMovement,Over,Medium,Right,Null,NotReferred,1,False,True,False,False,False,True,,False,False,False,False,False,False,2.0,0.0,0.0,0.0,2.0,False,False
1635034,58,2.78,3,0,0,161,6,3,76188,,39441,County Championship Division Two 2026,1,45,Yorkshire Men,42,Leicestershire Men,8735165,2026-08-28T13:31:29Z,2,346,False,,,,499.0,Ian Holland,8.0,Dom Bess,3005.0,George Hill,172.0,55.0,Right,Backward Point,0.0,0,0.0,0.0,,LengthBall,OutsideOff,,None,FrontFoot,ForwardDefensive,NoMovement,Over,Medium,Right,Null,NotReferred,Null,False,False,False,False,False,True,,False,False,False,False,False,False,0.0,0.0,0.0,0.0,0.0,False,False
1635034,58,2.78,3,0,0,161,6,3,76188,,39441,County Championship Division Two 2026,1,45,Yorkshire Men,42,Leicestershire Men,8735173,2026-08-28T13:31:57Z,3,347,False,,,,499.0,Ian Holland,8.0,Dom Bess,3005.0,George Hill,291.0,50.0,Right,Mid On,0.0,0,0.0,0.0,,LengthBall,OffStump,,None,FrontFoot,ForwardDefensive,NoMovement,Over,Medium,Right,Null,NotReferred,Null,False,False,False,False,False,True,,False,False,False,False,False,False,0.0,0.0,0.0,0.0,0.0,False,False
1635034,58,2.78,3,0,0,161,6,3,76188,,39441,County Championship Division Two 2026,1,45,Yorkshire Men,42,Leicestershire Men,8735180,2026-08-28T13:32:23Z,4,348,False,,,,499.0,Ian Holland,8.0,Dom Bess,3005.0,George Hill,339.0,53.0,Right,Square Leg,1.0,0,1.0,1.0,,LengthBall,OffStump,,None,FrontFoot,Flick,NoMovement,Over,Medium,Right,Null,NotReferred,Null,False,False,False,False,False,True,,False,False,False,False,False,False,1.0,0.0,0.0,0.0,0.0,False,False
1635034,58,2.78,3,0,0,161,6,3,76188,,39441,County Championship Division Two 2026,1,45,Yorkshire Men,42,Leicestershire Men,8735187,2026-08-28T13:33:00Z,5,349,False,,,,499.0,Ian Holland,3005.0,George Hill,8.0,Dom Bess,206.0,35.0,Right,Cover,0.0,0,0.0,0.0,,LengthBall,OutsideOff,,BatPad,FrontFoot,ForwardDefensive,NoMovement,Over,Medium,Right,Null,NotReferred,Null,False,False,False,False,False,True,,False,False,False,False,False,False,0.0,0.0,0.0,0.0,0.0,False,False
1635034,58,2.78,3,0,0,161,6,3,76188,,39441,County Championship Division Two 2026,1,45,Yorkshire Men,42,Leicestershire Men,8735191,2026-08-28T13:33:29Z,6,350,False,,,,499.0,Ian Holland,3005.0,George Hill,8.0,Dom Bess,,,Right,Wicketkeeper,0.0,0,0.0,0.0,,LengthBall,Wide,,Left,FrontFoot,Leave,SeamAway,Over,Medium,Right,Null,NotReferred,Null,False,False,False,False,False,True,,False,False,False,False,False,False,0.0,0.0,0.0,0.0,0.0,False,False
1635041,59,2.76,2,0,0,163,6,2,76188,,39441,County Championship Division Two 2026,1,45,Yorkshire Men,42,Leicestershire Men,8735202,2026-08-28T13:34:33Z,1,351,False,,,,10.0,Josh Davey,8.0,Dom Bess,3005.0,George Hill,,,Right,Wicketkeeper,0.0,0,0.0,0.0,,LengthBall,OutsideOff,,Missed,FrontFoot,ForwardDefensive,SeamAway,Over,Medium,Right,Null,NotReferred,Null,False,False,False,False,False,True,,False,False,False,False,False,False,0.0,0.0,0.0,0.0,0.0,False,False
1635041,59,2.76,2,0,0,163,6,2,76188,,39441,County Championship Division Two 2026,1,45,Yorkshire Men,42,Leicestershire Men,8735208,2026-08-28T13:35:11Z,2,352,False,,,,10.0,Josh Davey,8.0,Dom Bess,3005.0,George Hill,243.0,72.0,Right,Mid Off,1.0,0,1.0,1.0,,LengthBall,OutsideOff,,None,FrontFoot,Drive,NoMovement,Over,Medium,Right,Null,NotReferred,Null,False,False,False,False,False,True,,False,False,False,False,False,False,1.0,0.0,0.0,0.0,0.0,False,False
1635041,59,2.76,2,0,0,163,6,2,76188,,39441,County Championship Division Two 2026,1,45,Yorkshire Men,42,Leicestershire Men,8735212,2026-08-28T13:35:54Z,3,353,False,,,,10.0,Josh Davey,3005.0,George Hill,8.0,Dom Bess,291.0,55.0,Right,Mid On,0.0,0,0.0,0.0,,LengthBall,OffStump,,None,FrontFoot,Flick,NoMovement,Over,Medium,Right,Null,NotReferred,Null,False,False,False,False,False,True,,False,False,False,False,False,False,0.0,0.0,0.0,0.0,0.0,False,False
1635041,59,2.76,2,0,0,163,6,2,76188,,39441,County Championship Division Two 2026,1,45,Yorkshire Men,42,Leicestershire Men,8735221,2026-08-28T13:36:36Z,4,354,False,,,,10.0,Josh Davey,3005.0,George Hill,8.0,Dom Bess,,,Right,Wicketkeeper,0.0,0,0.0,0.0,,LengthBall,Wide,,Left,FrontFoot,Leave,NoMovement,Over,Medium,Right,Null,NotReferred,Null,False,False,False,False,False,True,,False,False,False,False,False,False,0.0,0.0,0.0,0.0,0.0,False,False
1635041,59,2.76,2,0,0,163,6,2,76188,,39441,County Championship Division Two 2026,1,45,Yorkshire Men,42,Leicestershire Men,8735229,2026-08-28T13:37:19Z,5,355,False,,,,10.0,Josh Davey,3005.0,George Hill,8.0,Dom Bess,,,Right,Wicketkeeper,0.0,0,0.0,0.0,,LengthBall,Wide,,Left,FrontFoot,Leave,NoMovement,Over,Medium,Right,Null,NotReferred,Null,False,False,False,False,False,True,,False,False,False,False,False,False,0.0,0.0,0.0,0.0,0.0,False,False
1635041,59,2.76,2,0,0,163,6,2,76188,,39441,County Championship Division Two 2026,1,45,Yorkshire Men,42,Leicestershire Men,8735237,2026-08-28T13:37:59Z,6,356,False,,,,10.0,Josh Davey,3005.0,George Hill,8.0,Dom Bess,302.0,63.0,Right,Mid Wicket,1.0,0,1.0,1.0,,HalfVolley,MiddleStump,,None,DownTheTrack,Flick,NoMovement,Over,Medium,Right,Null,NotReferred,Null,False,False,False,False,False,True,,False,False,False,False,False,False,1.0,0.0,0.0,0.0,0.0,False,False
1635049,60,2.72,0,0,0,163,6,0,76188,,39441,County Championship Division Two 2026,1,45,Yorkshire Men,42,Leicestershire Men,8735247,2026-08-28T13:38:48Z,1,357,False,,,,499.0,Ian Holland,3005.0,George Hill,8.0,Dom Bess,219.0,40.0,Right,Extra Cover,0.0,0,0.0,0.0,,LengthBall,OutsideOff,,None,FrontFoot,ForwardDefensive,NoMovement,Over,Medium,Right,Null,NotReferred,Null,False,False,False,False,False,True,,False,False,False,False,False,False,0.0,0.0,0.0,0.0,0.0,False,False
1635049,60,2.72,0,0,0,163,6,0,76188,,39441,County Championship Division Two 2026,1,45,Yorkshire Men,42,Leicestershire Men,8735252,2026-08-28T13:39:15Z,2,358,False,,,,499.0,Ian Holland,3005.0,George Hill,8.0,Dom Bess,,,Right,Wicketkeeper,0.0,0,0.0,0.0,,LengthBall,OutsideOff,,Left,FrontFoot,Leave,NoMovement,Over,Medium,Right,Null,NotReferred,Null,False,False,False,False,False,True,,False,False,False,False,False,False,0.0,0.0,0.0,0.0,0.0,False,False
1635049,60,2.72,0,0,0,163,6,0,76188,,39441,County Championship Division Two 2026,1,45,Yorkshire Men,42,Leicestershire Men,8735257,2026-08-28T13:39:48Z,3,359,False,,,,499.0,Ian Holland,3005.0,George Hill,8.0,Dom Bess,,,Right,Wicketkeeper,0.0,0,0.0,0.0,,HalfVolley,Wide,,Left,FrontFoot,Leave,SeamAway,Over,Medium,Right,Null,NotReferred,Null,False,False,False,False,False,True,,False,False,False,False,False,False,0.0,0.0,0.0,0.0,0.0,False,False
1635049,60,2.72,0,0,0,163,6,0,76188,,39441,County Championship Division Two 2026,1,45,Yorkshire Men,42,Leicestershire Men,8735263,2026-08-28T13:40:17Z,4,360,False,,,,499.0,Ian Holland,3005.0,George Hill,8.0,Dom Bess,,,Right,Wicketkeeper,0.0,0,0.0,0.0,,LengthBall,OutsideOff,,Left,FrontFoot,Leave,SeamIn,Over,Medium,Right,Null,NotReferred,Null,False,False,False,False,False,True,,False,False,False,False,False,False,0.0,0.0,0.0,0.0,0.0,False,False
1635049,60,2.72,0,0,0,163,6,0,76188,,39441,County Championship Division Two 2026,1,45,Yorkshire Men,42,Leicestershire Men,8735268,2026-08-28T13:40:45Z,5,361,False,,,,499.0,Ian Holland,3005.0,George Hill,8.0,Dom Bess,,,Right,Wicketkeeper,0.0,0,0.0,0.0,,LengthBall,OutsideOff,,Left,DownTheTrack,Leave,SeamAway,Over,Medium,Right,Null,NotReferred,Null,False,False,False,False,False,True,,False,False,False,False,False,False,0.0,0.0,0.0,0.0,0.0,False,False
1635049,60,2.72,0,0,0,163,6,0,76188,,39441,County Championship Division Two 2026,1,45,Yorkshire Men,42,Leicestershire Men,8735276,2026-08-28T13:41:16Z,6,362,False,,,,499.0,Ian Holland,3005.0,George Hill,8.0,Dom Bess,,,Right,Wicketkeeper,0.0,0,0.0,0.0,,LengthBall,OutsideOff,,Left,FrontFoot,Leave,SeamAway,Over,Medium,Right,Null,NotReferred,Null,False,False,False,False,False,True,,False,False,False,False,False,False,0.0,0.0,0.0,0.0,0.0,False,False
1635056,61,2.8,8,0,0,171,6,8,76188,,39441,County Championship Division Two 2026,1,45,Yorkshire Men,42,Leicestershire Men,8735290,2026-08-28T13:42:18Z,1,363,False,,,,10.0,Josh Davey,8.0,Dom Bess,3005.0,George Hill,,,Right,Wicketkeeper,0.0,0,0.0,0.0,,LengthBall,OutsideOff,,Missed,FrontFoot,Drive,SeamAway,Over,Medium,Right,Null,NotReferred,Null,False,False,False,False,False,True,,False,False,False,False,False,False,0.0,0.0,0.0,0.0,0.0,False,False
1635056,61,2.8,8,0,0,171,6,8,76188,,39441,County Championship Division Two 2026,1,45,Yorkshire Men,42,Leicestershire Men,8735299,2026-08-28T13:43:02Z,2,364,False,,,,10.0,Josh Davey,8.0,Dom Bess,3005.0,George Hill,333.0,144.0,Right,Deep Square Leg,1.0,0,1.0,1.0,,HalfVolley,MiddleStump,,None,FrontFoot,Flick,NoMovement,Over,Medium,Right,Null,NotReferred,Null,False,False,False,False,False,True,,False,False,False,False,False,False,1.0,0.0,0.0,0.0,0.0,False,False
1635056,61,2.8,8,0,0,171,6,8,76188,,39441,County Championship Division Two 2026,1,45,Yorkshire Men,42,Leicestershire Men,8735308,2026-08-28T13:43:43Z,3,365,False,,,,10.0,Josh Davey,3005.0,George Hill,8.0,Dom Bess,107.0,138.0,Right,Third Man,1.0,0,1.0,1.0,,BackOfALength,OutsideOff,,WellTimed,BackFoot,Steer,NoMovement,Over,Medium,Right,Null,NotReferred,Null,False,False,False,False,False,True,,False,False,False,False,False,False,1.0,0.0,0.0,0.0,0.0,False,False
1635056,61,2.8,8,0,0,171,6,8,76188,,39441,County Championship Division Two 2026,1,45,Yorkshire Men,42,Leicestershire Men,8735319,2026-08-28T13:44:51Z,4,366,False,,,,10.0,Josh Davey,8.0,Dom Bess,3005.0,George Hill,177.0,169.0,Right,,4.0,0,4.0,4.0,,LengthBall,Wide,,WellTimed,FrontFoot,Drive,NoMovement,Over,Medium,Right,Null,NotReferred,Null,False,False,False,False,False,True,,False,False,False,False,False,False,4.0,0.0,0.0,0.0,0.0,True,False
1635056,61,2.8,8,0,0,171,6,8,76188,,39441,County Championship Division Two 2026,1,45,Yorkshire Men,42,Leicestershire Men,8735332,2026-08-28T13:45:38Z,5,367,False,,,,10.0,Josh Davey,8.0,Dom Bess,3005.0,George Hill,138.0,136.0,Right,Third Man,2.0,0,2.0,2.0,,BackOfALength,Wide,,WellTimed,BackFoot,Cut,NoMovement,Over,Medium,Right,Null,NotReferred,Null,False,False,False,False,False,True,,False,False,False,False,False,False,2.0,0.0,0.0,0.0,0.0,False,False
1635056,61,2.8,8,0,0,171,6,8,76188,,39441,County Championship Division Two 2026,1,45,Yorkshire Men,42,Leicestershire Men,8735338,2026-08-28T13:46:21Z,6,368,False,,,,10.0,Josh Davey,8.0,Dom Bess,3005.0,George Hill,,,Right,Wicketkeeper,0.0,0,0.0,0.0,,LengthBall,OutsideOff,,Left,FrontFoot,Leave,NoMovement,Over,Medium,Right,Null,NotReferred,Null,False,False,False,False,False,True,,False,False,False,False,False,False,0.0,0.0,0.0,0.0,0.0,False,False
1635066,62,2.84,5,0,0,176,6,5,76188,,39441,County Championship Division Two 2026,1,45,Yorkshire Men,42,Leicestershire Men,8735351,2026-08-28T13:47:44Z,1,369,False,,,,499.0,Ian Holland,3005.0,George Hill,8.0,Dom Bess,,,Right,Wicketkeeper,0.0,0,0.0,0.0,,HalfVolley,OutsideOff,,Left,FrontFoot,Leave,SeamAway,Over,Medium,Right,Null,NotReferred,Null,False,False,False,False,False,True,,False,False,False,False,False,False,0.0,0.0,0.0,0.0,0.0,False,False
1635066,62,2.84,5,0,0,176,6,5,76188,,39441,County Championship Division Two 2026,1,45,Yorkshire Men,42,Leicestershire Men,8735361,2026-08-28T13:48:20Z,2,370,False,,,,499.0,Ian Holland,3005.0,George Hill,8.0,Dom Bess,103.0,160.0,Right,Second Slip,4.0,0,4.0,4.0,,LengthBall,OutsideOff,,ThickEdge,FrontFoot,ForwardDefensive,NoMovement,Over,Medium,Right,Null,NotReferred,Null,False,False,False,False,False,True,,False,False,False,False,False,False,4.0,0.0,0.0,0.0,0.0,True,False
1635066,62,2.84,5,0,0,176,6,5,76188,,39441,County Championship Division Two 2026,1,45,Yorkshire Men,42,Leicestershire Men,8735369,2026-08-28T13:49:02Z,3,371,False,,,,499.0,Ian Holland,3005.0,George Hill,8.0,Dom Bess,,,Right,Wicketkeeper,0.0,0,0.0,0.0,,LengthBall,OutsideOff,,Left,FrontFoot,Leave,SeamAway,Over,Medium,Right,Null,NotReferred,Null,False,False,False,False,False,True,,False,False,False,False,False,False,0.0,0.0,0.0,0.0,0.0,False,False
1635066,62,2.84,5,0,0,176,6,5,76188,,39441,County Championship Division Two 2026,1,45,Yorkshire Men,42,Leicestershire Men,8735376,2026-08-28T13:49:30Z,4,372,False,,,,499.0,Ian Holland,3005.0,George Hill,8.0,Dom Bess,256.0,54.0,Right,Mid Off,0.0,0,0.0,0.0,,LengthBall,OutsideOff,,None,FrontFoot,ForwardDefensive,NoMovement,Over,Medium,Right,Null,NotReferred,Null,False,False,False,False,False,True,,False,False,False,False,False,False,0.0,0.0,0.0,0.0,0.0,False,False
1635066,62,2.84,5,0,0,176,6,5,76188,,39441,County Championship Division Two 2026,1,45,Yorkshire Men,42,Leicestershire Men,8735386,2026-08-28T13:50:00Z,5,373,False,,,,499.0,Ian Holland,3005.0,George Hill,8.0,Dom Bess,173.0,131.0,Right,Deep Backward Point,1.0,0,1.0,1.0,,LengthBall,OutsideOff,,None,FrontFoot,ForwardDefensive,NoMovement,Over,Medium,Right,Null,NotReferred,Null,False,False,False,False,False,True,,False,False,False,False,False,False,1.0,0.0,0.0,0.0,0.0,False,False
1635066,62,2.84,5,0,0,176,6,5,76188,,39441,County Championship Division Two 2026,1,45,Yorkshire Men,42,Leicestershire Men,8735393,2026-08-28T13:50:34Z,6,374,False,,,,499.0,Ian Holland,8.0,Dom Bess,3005.0,George Hill,,,Right,Wicketkeeper,0.0,0,0.0,0.0,,LengthBall,OutsideOff,,Missed,FrontFoot,ForwardDefensive,SeamAway,Over,Medium,Right,Null,NotReferred,Null,False,False,False,False,False,True,,False,False,False,False,False,False,0.0,0.0,0.0,0.0,0.0,False,False
1635076,63,2.83,2,0,0,178,6,2,76188,,39441,County Championship Division Two 2026,1,45,Yorkshire Men,42,Leicestershire Men,8735417,2026-08-28T13:51:40Z,1,375,False,,,,12218.0,Josh Hull,3005.0,George Hill,8.0,Dom Bess,337.0,148.0,Right,Deep Square Leg,1.0,0,1.0,1.0,,BackOfALength,DownLeg,,None,BackFoot,Worked,NoMovement,Over,FastSeam,Left,Null,NotReferred,Null,False,False,False,False,False,True,,False,False,False,False,False,False,1.0,0.0,0.0,0.0,0.0,False,False
1635076,63,2.83,2,0,0,178,6,2,76188,,39441,County Championship Division Two 2026,1,45,Yorkshire Men,42,Leicestershire Men,8735427,2026-08-28T13:52:31Z,2,376,False,,,,12218.0,Josh Hull,8.0,Dom Bess,3005.0,George Hill,,,Right,Wicketkeeper,0.0,0,0.0,0.0,,BackOfALength,DownLeg,,Left,NoMovement,Leave,NoMovement,Over,FastSeam,Left,Null,NotReferred,Null,False,False,False,False,False,True,,False,False,False,False,False,False,0.0,0.0,0.0,0.0,0.0,False,False
1635076,63,2.83,2,0,0,178,6,2,76188,,39441,County Championship Division Two 2026,1,45,Yorkshire Men,42,Leicestershire Men,8735435,2026-08-28T13:53:11Z,3,377,False,,,,12218.0,Josh Hull,8.0,Dom Bess,3005.0,George Hill,23.0,120.0,Right,Deep Backward Square Leg,1.0,0,1.0,1.0,,BackOfALength,LegStump,,None,BackFoot,Worked,NoMovement,Over,FastSeam,Left,Null,NotReferred,Null,False,False,False,False,False,True,,False,False,False,False,False,False,1.0,0.0,0.0,0.0,0.0,False,False
1635076,63,2.83,2,0,0,178,6,2,76188,,39441,County Championship Division Two 2026,1,45,Yorkshire Men,42,Leicestershire Men,8735446,2026-08-28T13:53:50Z,4,378,False,,,,12218.0,Josh Hull,3005.0,George Hill,8.0,Dom Bess,166.0,49.0,Right,Backward Point,0.0,0,0.0,0.0,,BackOfALength,MiddleStump,,None,BackFoot,Pushed,NoMovement,Over,FastSeam,Left,Null,NotReferred,Null,False,False,False,False,False,True,,False,False,False,False,False,False,0.0,0.0,0.0,0.0,0.0,False,False
1635076,63,2.83,2,0,0,178,6,2,76188,,39441,County Championship Division Two 2026,1,45,Yorkshire Men,42,Leicestershire Men,8735454,2026-08-28T13:54:31Z,5,379,False,,,,12218.0,Josh Hull,3005.0,George Hill,8.0,Dom Bess,,,Right,Wicketkeeper,0.0,0,0.0,0.0,,BackOfALength,OutsideOff,,Missed,BackFoot,Cut,NoMovement,Over,FastSeam,Left,Null,NotReferred,Null,False,False,False,False,False,True,,False,False,False,False,False,False,0.0,0.0,0.0,0.0,0.0,False,False
1635076,63,2.83,2,0,0,178,6,2,76188,,39441,County Championship Division Two 2026,1,45,Yorkshire Men,42,Leicestershire Men,8735466,2026-08-28T13:55:10Z,6,380,False,,,,12218.0,Josh Hull,3005.0,George Hill,8.0,Dom Bess,,,Right,Wicketkeeper,0.0,0,0.0,0.0,,LengthBall,OutsideOff,,Missed,FrontFoot,ForwardDefensive,SeamAway,Over,FastSeam,Left,Null,NotReferred,Null,False,False,False,False,False,True,,False,False,False,False,False,False,0.0,0.0,0.0,0.0,0.0,False,False
1635087,64,2.78,0,0,0,178,6,0,76188,,39441,County Championship Division Two 2026,1,45,Yorkshire Men,42,Leicestershire Men,8735476,2026-08-28T13:56:03Z,1,381,False,,,,499.0,Ian Holland,8.0,Dom Bess,3005.0,George Hill,317.0,32.0,Right,Mid Wicket,0.0,0,0.0,0.0,,LengthBall,OutsideOff,,None,BackFoot,Pushed,NoMovement,Over,Medium,Right,Null,NotReferred,Null,False,False,False,False,False,True,,False,False,False,False,False,False,0.0,0.0,0.0,0.0,0.0,False,False
1635087,64,2.78,0,0,0,178,6,0,76188,,39441,County Championship Division Two 2026,1,45,Yorkshire Men,42,Leicestershire Men,8735486,2026-08-28T13:57:07Z,2,382,False,,,,499.0,Ian Holland,8.0,Dom Bess,3005.0,George Hill,,,Right,Wicketkeeper,0.0,0,0.0,0.0,,LengthBall,OutsideOff,,Left,FrontFoot,Leave,NoMovement,Over,Medium,Right,Null,NotReferred,Null,False,False,False,False,False,True,,False,False,False,False,False,False,0.0,0.0,0.0,0.0,0.0,False,False
1635087,64,2.78,0,0,0,178,6,0,76188,,39441,County Championship Division Two 2026,1,45,Yorkshire Men,42,Leicestershire Men,8735492,2026-08-28T13:57:38Z,3,383,False,,,,499.0,Ian Holland,8.0,Dom Bess,3005.0,George Hill,345.0,60.0,Right,Square Leg,0.0,0,0.0,0.0,,LengthBall,OutsideOff,,HitPad,FrontFoot,Flick,InSwinger,Over,Medium,Right,Null,NotReferred,Null,False,False,False,False,False,True,,False,False,False,False,False,False,0.0,0.0,0.0,0.0,0.0,False,False
1635087,64,2.78,0,0,0,178,6,0,76188,,39441,County Championship Division Two 2026,1,45,Yorkshire Men,42,Leicestershire Men,8735500,2026-08-28T13:58:17Z,4,384,False,,,,499.0,Ian Holland,8.0,Dom Bess,3005.0,George Hill,,,Right,Wicketkeeper,0.0,0,0.0,0.0,,LengthBall,OutsideOff,,Left,NoMovement,Leave,NoMovement,Over,Medium,Right,Null,NotReferred,Null,False,False,False,False,False,True,,False,False,False,False,False,False,0.0,0.0,0.0,0.0,0.0,False,False
1635087,64,2.78,0,0,0,178,6,0,76188,,39441,County Championship Division Two 2026,1,45,Yorkshire Men,42,Leicestershire Men,8735507,2026-08-28T13:58:49Z,5,385,False,,,,499.0,Ian Holland,8.0,Dom Bess,3005.0,George Hill,314.0,48.0,Right,Mid Wicket,0.0,0,0.0,0.0,,HalfVolley,MiddleStump,,MisTimed,FrontFoot,Flick,InSwinger,Over,Medium,Right,Null,NotReferred,Null,False,False,False,False,False,True,,False,False,False,False,False,False,0.0,0.0,0.0,0.0,0.0,False,False
1635087,64,2.78,0,0,0,178,6,0,76188,,39441,County Championship Division Two 2026,1,45,Yorkshire Men,42,Leicestershire Men,8735513,2026-08-28T13:59:20Z,6,386,False,,,,499.0,Ian Holland,8.0,Dom Bess,3005.0,George Hill,,,Right,Wicketkeeper,0.0,0,0.0,0.0,,LengthBall,OutsideOff,,Left,FrontFoot,Leave,NoMovement,Over,Medium,Right,Null,NotReferred,Null,False,False,False,False,False,True,,False,False,False,False,False,False,0.0,0.0,0.0,0.0,0.0,False,False
1635094,65,2.85,7,0,0,185,6,7,76188,,39441,County Championship Division Two 2026,1,45,Yorkshire Men,42,Leicestershire Men,8735525,2026-08-28T14:00:14Z,1,387,False,,,,12218.0,Josh Hull,3005.0,George Hill,8.0,Dom Bess,,,Right,Wicketkeeper,0.0,0,0.0,0.0,,BackOfALength,MiddleStump,,Missed,FrontFoot,ForwardDefensive,SeamAway,Over,FastSeam,Left,Null,NotReferred,Null,False,False,False,False,False,True,,False,False,False,False,False,False,0.0,0.0,0.0,0.0,0.0,False,False
1635094,65,2.85,7,0,0,185,6,7,76188,,39441,County Championship Division Two 2026,1,45,Yorkshire Men,42,Leicestershire Men,8735529,2026-08-28T14:00:53Z,2,388,False,,,,12218.0,Josh Hull,3005.0,George Hill,8.0,Dom Bess,,,Right,Wicketkeeper,0.0,0,0.0,0.0,,Short,OutsideOff,,Missed,BackFoot,Cut,NoMovement,Over,FastSeam,Left,Null,NotReferred,Null,False,False,False,False,False,True,,False,False,False,False,False,False,0.0,0.0,0.0,0.0,0.0,False,False
1635094,65,2.85,7,0,0,185,6,7,76188,,39441,County Championship Division Two 2026,1,45,Yorkshire Men,42,Leicestershire Men,8735538,2026-08-28T14:01:33Z,3,389,False,,,,12218.0,Josh Hull,3005.0,George Hill,8.0,Dom Bess,93.0,160.0,Right,,4.0,0,4.0,4.0,,Short,LegStump,,TopEdge,BackFoot,Pull,NoMovement,Over,FastSeam,Left,Null,NotReferred,Null,False,False,False,False,False,True,,False,False,False,False,False,False,4.0,0.0,0.0,0.0,0.0,True,True
1635094,65,2.85,7,0,0,185,6,7,76188,,39441,County Championship Division Two 2026,1,45,Yorkshire Men,42,Leicestershire Men,8735545,2026-08-28T14:02:20Z,4,390,False,,,,12218.0,Josh Hull,3005.0,George Hill,8.0,Dom Bess,6.0,138.0,Right,Deep Backward Square Leg,1.0,0,1.0,1.0,,BackOfALength,LegStump,,None,BackFoot,Worked,NoMovement,Over,FastSeam,Left,Null,NotReferred,Null,False,False,False,False,False,True,,False,False,False,False,False,False,1.0,0.0,0.0,0.0,0.0,False,False
1635094,65,2.85,7,0,0,185,6,7,76188,,39441,County Championship Division Two 2026,1,45,Yorkshire Men,42,Leicestershire Men,8735554,2026-08-28T14:02:58Z,5,391,False,,,,12218.0,Josh Hull,8.0,Dom Bess,3005.0,George Hill,10.0,150.0,Right,Deep Backward Square Leg,1.0,0,1.0,1.0,,Short,DownLeg,,WellTimed,BackFoot,Pull,NoMovement,Over,FastSeam,Left,Null,NotReferred,Null,False,False,False,False,False,True,,False,False,False,False,False,False,1.0,0.0,0.0,0.0,0.0,False,False
1635094,65,2.85,7,0,0,185,6,7,76188,,39441,County Championship Division Two 2026,1,45,Yorkshire Men,42,Leicestershire Men,8735559,2026-08-28T14:03:43Z,6,392,False,,,,12218.0,Josh Hull,3005.0,George Hill,8.0,Dom Bess,132.0,130.0,Right,Third Man,1.0,0,1.0,1.0,,LengthBall,MiddleStump,,ThickEdge,FrontFoot,ForwardDefensive,NoMovement,Over,FastSeam,Left,Null,NotReferred,Null,False,False,False,False,False,True,,False,False,False,False,False,False,1.0,0.0,0.0,0.0,0.0,False,False
1635103,66,2.92,8,0,0,193,6,8,76188,,39441,County Championship Division Two 2026,1,45,Yorkshire Men,42,Leicestershire Men,8735570,2026-08-28T14:05:20Z,1,393,False,,,,7020.0,Tom Scriven,3005.0,George Hill,8.0,Dom Bess,,,Right,Wicketkeeper,0.0,0,0.0,0.0,,BackOfALength,Wide,,Missed,DownTheTrack,Cut,SeamAway,Over,Medium,Right,Null,NotReferred,Null,False,False,False,False,False,True,,False,False,False,False,False,False,0.0,0.0,0.0,0.0,0.0,False,False
1635103,66,2.92,8,0,0,193,6,8,76188,,39441,County Championship Division Two 2026,1,45,Yorkshire Men,42,Leicestershire Men,8735575,2026-08-28T14:05:56Z,2,394,False,,,,7020.0,Tom Scriven,3005.0,George Hill,8.0,Dom Bess,164.0,58.0,Right,Backward Point,0.0,0,0.0,0.0,,BackOfALength,OutsideOff,,None,BackFoot,Pushed,NoMovement,Over,Medium,Right,Null,NotReferred,Null,False,False,False,False,False,True,,False,False,False,False,False,False,0.0,0.0,0.0,0.0,0.0,False,False
1635103,66,2.92,8,0,0,193,6,8,76188,,39441,County Championship Division Two 2026,1,45,Yorkshire Men,42,Leicestershire Men,8735581,2026-08-28T14:06:22Z,3,395,False,,,,7020.0,Tom Scriven,3005.0,George Hill,8.0,Dom Bess,208.0,45.0,Right,Cover,0.0,0,0.0,0.0,,HalfVolley,OutsideOff,,None,FrontFoot,ForwardDefensive,NoMovement,Over,Medium,Right,Null,NotReferred,Null,False,False,False,False,False,True,,False,False,False,False,False,False,0.0,0.0,0.0,0.0,0.0,False,False
1635103,66,2.92,8,0,0,193,6,8,76188,,39441,County Championship Division Two 2026,1,45,Yorkshire Men,42,Leicestershire Men,8735586,2026-08-28T14:06:59Z,4,396,False,,,,7020.0,Tom Scriven,3005.0,George Hill,8.0,Dom Bess,165.0,167.0,Right,,4.0,0,4.0,4.0,,BackOfALength,Wide,,WellTimed,BackFoot,LateCut,NoMovement,Over,Medium,Right,Null,NotReferred,Null,False,False,False,False,False,True,,False,False,False,False,False,False,4.0,0.0,0.0,0.0,0.0,True,False
1635103,66,2.92,8,0,0,193,6,8,76188,,39441,County Championship Division Two 2026,1,45,Yorkshire Men,42,Leicestershire Men,8735593,2026-08-28T14:07:36Z,5,397,False,,,,7020.0,Tom Scriven,3005.0,George Hill,8.0,Dom Bess,,,Right,Wicketkeeper,0.0,0,0.0,0.0,,LengthBall,Wide,,Left,FrontFoot,Leave,SeamAway,Over,Medium,Right,Null,NotReferred,Null,False,False,False,False,False,True,,False,False,False,False,False,False,0.0,0.0,0.0,0.0,0.0,False,False
1635103,66,2.92,8,0,0,193,6,8,76188,,39441,County Championship Division Two 2026,1,45,Yorkshire Men,42,Leicestershire Men,8735600,2026-08-28T14:08:08Z,6,398,False,,,,7020.0,Tom Scriven,3005.0,George Hill,8.0,Dom Bess,,,Right,Wicketkeeper,3.0,3,3.0,0.0,,BackOfALength,Wide,,Left,NoMovement,Leave,SeamAway,Over,Medium,Right,Null,NotReferred,Null,True,False,False,False,False,True,,False,False,False,False,False,False,3.0,0.0,3.0,0.0,0.0,False,False
1635103,66,2.92,8,0,0,193,6,8,76188,,39441,County Championship Division Two 2026,1,45,Yorkshire Men,42,Leicestershire Men,8735603,2026-08-28T14:08:41Z,6,399,False,,,,7020.0,Tom Scriven,3005.0,George Hill,8.0,Dom Bess,183.0,143.0,Right,Deep Cover,1.0,0,1.0,1.0,,LengthBall,OutsideOff,,WellTimed,BackFoot,Pushed,NoMovement,Over,Medium,Right,Null,NotReferred,Null,False,False,False,False,False,True,,False,False,False,False,False,False,1.0,0.0,0.0,0.0,0.0,False,False
1635109,67,2.91,2,0,0,195,6,2,76188,,39441,County Championship Division Two 2026,1,45,Yorkshire Men,42,Leicestershire Men,8735616,2026-08-28T14:10:00Z,1,400,False,,,,12218.0,Josh Hull,3005.0,George Hill,8.0,Dom Bess,20.0,146.0,Right,Deep Backward Square Leg,1.0,0,1.0,1.0,,Short,DownLeg,,WellTimed,BackFoot,Pull,NoMovement,Over,FastSeam,Left,Null,NotReferred,Null,False,False,False,False,False,True,,False,False,False,False,False,False,1.0,0.0,0.0,0.0,0.0,False,False
1635109,67,2.91,2,0,0,195,6,2,76188,,39441,County Championship Division Two 2026,1,45,Yorkshire Men,42,Leicestershire Men,8735623,2026-08-28T14:10:41Z,2,401,False,,,,12218.0,Josh Hull,8.0,Dom Bess,3005.0,George Hill,96.0,14.0,Right,Wicketkeeper,0.0,0,0.0,0.0,,Short,LegStump,,None,BackFoot,BackwardDefensive,NoMovement,Over,FastSeam,Left,Null,NotReferred,Null,False,False,False,False,False,True,,False,False,False,False,False,False,0.0,0.0,0.0,0.0,0.0,False,False
1635109,67,2.91,2,0,0,195,6,2,76188,,39441,County Championship Division Two 2026,1,45,Yorkshire Men,42,Leicestershire Men,8735630,2026-08-28T14:11:24Z,3,402,False,,,,12218.0,Josh Hull,8.0,Dom Bess,3005.0,George Hill,359.0,146.0,Right,Deep Square Leg,1.0,0,1.0,1.0,,BackOfALength,LegStump,,None,BackFoot,Worked,NoMovement,Over,FastSeam,Left,Null,NotReferred,Null,False,False,False,False,False,True,,False,False,False,False,False,False,1.0,0.0,0.0,0.0,0.0,False,False
1635109,67,2.91,2,0,0,195,6,2,76188,,39441,County Championship Division Two 2026,1,45,Yorkshire Men,42,Leicestershire Men,8735639,2026-08-28T14:12:06Z,4,403,False,,,,12218.0,Josh Hull,3005.0,George Hill,8.0,Dom Bess,266.0,34.0,Right,Bowler,0.0,0,0.0,0.0,,LengthBall,LegStump,,None,FrontFoot,ForwardDefensive,NoMovement,Over,FastSeam,Left,Null,NotReferred,Null,False,False,False,False,False,True,,False,False,False,False,False,False,0.0,0.0,0.0,0.0,0.0,False,False
1635109,67,2.91,2,0,0,195,6,2,76188,,39441,County Championship Division Two 2026,1,45,Yorkshire Men,42,Leicestershire Men,8735644,2026-08-28T14:12:44Z,5,404,False,,,,12218.0,Josh Hull,3005.0,George Hill,8.0,Dom Bess,,,Right,Wicketkeeper,0.0,0,0.0,0.0,,HalfVolley,OutsideOff,,Missed,FrontFoot,Drive,NoMovement,Over,FastSeam,Left,Null,NotReferred,Null,False,False,False,False,False,True,,False,False,False,False,False,False,0.0,0.0,0.0,0.0,0.0,False,False
1635109,67,2.91,2,0,0,195,6,2,76188,,39441,County Championship Division Two 2026,1,45,Yorkshire Men,42,Leicestershire Men,8735652,2026-08-28T14:13:29Z,6,405,False,,,,12218.0,Josh Hull,3005.0,George Hill,8.0,Dom Bess,,,Right,Wicketkeeper,0.0,0,0.0,0.0,,LengthBall,OutsideOff,,Left,FrontFoot,Leave,SeamIn,Over,FastSeam,Left,Null,NotReferred,Null,False,False,False,False,False,True,,False,False,False,False,False,False,0.0,0.0,0.0,0.0,0.0,False,False
1635117,68,2.88,1,0,0,196,6,1,76188,,39441,County Championship Division Two 2026,1,45,Yorkshire Men,42,Leicestershire Men,8735662,2026-08-28T14:14:25Z,1,406,False,,,,7020.0,Tom Scriven,8.0,Dom Bess,3005.0,George Hill,227.0,53.0,Right,Extra Cover,0.0,0,0.0,0.0,,HalfVolley,OutsideOff,,None,BackFoot,Drive,AwaySwinger,Over,Medium,Right,Null,NotReferred,Null,False,False,False,False,False,True,,False,False,False,False,False,False,0.0,0.0,0.0,0.0,0.0,False,False
1635117,68,2.88,1,0,0,196,6,1,76188,,39441,County Championship Division Two 2026,1,45,Yorkshire Men,42,Leicestershire Men,8735664,2026-08-28T14:14:58Z,2,407,False,,,,7020.0,Tom Scriven,8.0,Dom Bess,3005.0,George Hill,,,Right,Wicketkeeper,0.0,0,0.0,0.0,,HalfVolley,OutsideOff,,Missed,FrontFoot,ForwardDefensive,SeamAway,Over,Medium,Right,Null,NotReferred,Null,False,False,False,False,False,True,,False,False,False,False,False,False,0.0,0.0,0.0,0.0,0.0,False,False
1635117,68,2.88,1,0,0,196,6,1,76188,,39441,County Championship Division Two 2026,1,45,Yorkshire Men,42,Leicestershire Men,8735670,2026-08-28T14:15:29Z,3,408,False,,,,7020.0,Tom Scriven,8.0,Dom Bess,3005.0,George Hill,,,Right,Wicketkeeper,0.0,0,0.0,0.0,,LengthBall,OutsideOff,,Left,FrontFoot,Leave,SeamAway,Over,Medium,Right,Null,NotReferred,Null,False,False,False,False,False,True,,False,False,False,False,False,False,0.0,0.0,0.0,0.0,0.0,False,False
1635117,68,2.88,1,0,0,196,6,1,76188,,39441,County Championship Division Two 2026,1,45,Yorkshire Men,42,Leicestershire Men,8735676,2026-08-28T14:16:00Z,4,409,False,,,,7020.0,Tom Scriven,8.0,Dom Bess,3005.0,George Hill,285.0,50.0,Right,Mid On,0.0,0,0.0,0.0,,LengthBall,OffStump,,None,FrontFoot,ForwardDefensive,NoMovement,Over,Medium,Right,Null,NotReferred,Null,False,False,False,False,False,True,,False,False,False,False,False,False,0.0,0.0,0.0,0.0,0.0,False,False
1635117,68,2.88,1,0,0,196,6,1,76188,,39441,County Championship Division Two 2026,1,45,Yorkshire Men,42,Leicestershire Men,8735681,2026-08-28T14:16:39Z,5,410,False,,,,7020.0,Tom Scriven,8.0,Dom Bess,3005.0,George Hill,259.0,39.0,Right,Bowler,0.0,0,0.0,0.0,,HalfVolley,MiddleStump,,None,FrontFoot,ForwardDefensive,AwaySwinger,Over,Medium,Right,Null,NotReferred,Null,False,False,False,False,False,True,,False,False,False,False,False,False,0.0,0.0,0.0,0.0,0.0,False,False
1635117,68,2.88,1,0,0,196,6,1,76188,,39441,County Championship Division Two 2026,1,45,Yorkshire Men,42,Leicestershire Men,8735683,2026-08-28T14:17:11Z,6,411,False,,,,7020.0,Tom Scriven,8.0,Dom Bess,3005.0,George Hill,183.0,41.0,Right,Cover,1.0,0,1.0,1.0,,LengthBall,OutsideOff,,None,FrontFoot,ForwardDefensive,NoMovement,Over,Medium,Right,Null,NotReferred,Null,False,False,False,False,False,True,,False,False,False,False,False,False,1.0,0.0,0.0,0.0,0.0,False,False
1635123,69,2.93,6,1,0,202,7,6,76188,,39441,County Championship Division Two 2026,1,45,Yorkshire Men,42,Leicestershire Men,8735703,2026-08-28T14:18:06Z,1,412,False,,,,12218.0,Josh Hull,8.0,Dom Bess,3005.0,George Hill,231.0,40.0,Right,Extra Cover,1.0,0,1.0,1.0,,LengthBall,LegStump,,None,FrontFoot,ForwardDefensive,NoMovement,Over,FastSeam,Left,Null,NotReferred,Null,False,False,False,False,False,True,,False,False,False,False,False,False,1.0,0.0,0.0,0.0,0.0,False,False
1635123,69,2.93,6,1,0,202,7,6,76188,,39441,County Championship Division Two 2026,1,45,Yorkshire Men,42,Leicestershire Men,8735717,2026-08-28T14:18:48Z,2,413,False,,,,12218.0,Josh Hull,3005.0,George Hill,8.0,Dom Bess,,,Right,Wicketkeeper,0.0,0,0.0,0.0,,LengthBall,OutsideOff,,Left,FrontFoot,Leave,NoMovement,Over,FastSeam,Left,Null,NotReferred,Null,False,False,False,False,False,True,,False,False,False,False,False,False,0.0,0.0,0.0,0.0,0.0,False,False
1635123,69,2.93,6,1,0,202,7,6,76188,,39441,County Championship Division Two 2026,1,45,Yorkshire Men,42,Leicestershire Men,8735733,2026-08-28T14:19:24Z,3,414,False,,,,12218.0,Josh Hull,3005.0,George Hill,8.0,Dom Bess,160.0,54.0,Right,Backward Point,1.0,0,1.0,1.0,,BackOfALength,OffStump,,WellTimed,BackFoot,LateCut,NoMovement,Over,FastSeam,Left,Null,NotReferred,Null,False,False,False,False,False,True,,False,False,False,False,False,False,1.0,0.0,0.0,0.0,0.0,False,False
1635123,69,2.93,6,1,0,202,7,6,76188,,39441,County Championship Division Two 2026,1,45,Yorkshire Men,42,Leicestershire Men,8735745,2026-08-28T14:20:08Z,4,415,False,,,,12218.0,Josh Hull,8.0,Dom Bess,3005.0,George Hill,40.0,164.0,Right,,4.0,0,4.0,4.0,,BackOfALength,DownLeg,,WellTimed,BackFoot,Pull,NoMovement,Over,FastSeam,Left,Null,NotReferred,Null,False,False,False,False,False,True,,False,False,False,False,False,False,4.0,0.0,0.0,0.0,0.0,True,False
1635123,69,2.93,6,1,0,202,7,6,76188,,39441,County Championship Division Two 2026,1,45,Yorkshire Men,42,Leicestershire Men,8735754,2026-08-28T14:21:29Z,5,416,True,Caught,8.0,Dom Bess,12218.0,Josh Hull,8.0,Dom Bess,3005.0,George Hill,163.0,63.0,Right,Backward Point,0.0,0,0.0,0.0,Caught,HalfVolley,OutsideOff,Caught,WellTimed,FrontFoot,Drive,NoMovement,Over,FastSeam,Left,Null,NotReferred,Null,False,False,False,False,False,True,1856.0,False,False,False,False,False,False,0.0,0.0,0.0,0.0,0.0,False,True
1635123,69,2.93,6,1,0,202,7,6,76188,,39441,County Championship Division Two 2026,1,45,Yorkshire Men,42,Leicestershire Men,8735767,2026-08-28T14:23:23Z,6,417,False,,,,12218.0,Josh Hull,520.0,Ben Coad,3005.0,George Hill,154.0,65.0,Right,Backward Point,0.0,0,0.0,0.0,,BackOfALength,MiddleStump,,WellTimed,BackFoot,LateCut,NoMovement,Over,FastSeam,Left,Null,NotReferred,Null,False,False,False,False,False,True,,False,False,False,False,False,False,0.0,0.0,0.0,0.0,0.0,False,False
1635135,70,2.97,6,0,0,208,7,6,76188,,39441,County Championship Division Two 2026,1,45,Yorkshire Men,42,Leicestershire Men,8735775,2026-08-28T14:24:23Z,1,418,False,,,,7020.0,Tom Scriven,3005.0,George Hill,520.0,Ben Coad,247.0,21.0,Right,Bowler,0.0,0,0.0,0.0,,LengthBall,OutsideOff,,HitBody,FrontFoot,Flick,SeamIn,Over,Medium,Right,Null,NotReferred,Null,False,False,False,False,False,True,,False,False,False,False,False,False,0.0,0.0,0.0,0.0,0.0,False,False
1635135,70,2.97,6,0,0,208,7,6,76188,,39441,County Championship Division Two 2026,1,45,Yorkshire Men,42,Leicestershire Men,8735782,2026-08-28T14:24:56Z,2,419,False,,,,7020.0,Tom Scriven,3005.0,George Hill,520.0,Ben Coad,,,Right,Wicketkeeper,0.0,0,0.0,0.0,,HalfVolley,OutsideOff,,Missed,FrontFoot,ForwardDefensive,SeamAway,Over,Medium,Right,Null,NotReferred,Null,False,False,False,False,False,True,,False,False,False,False,False,False,0.0,0.0,0.0,0.0,0.0,False,False
1635135,70,2.97,6,0,0,208,7,6,76188,,39441,County Championship Division Two 2026,1,45,Yorkshire Men,42,Leicestershire Men,8735796,2026-08-28T14:25:30Z,3,420,False,,,,7020.0,Tom Scriven,3005.0,George Hill,520.0,Ben Coad,221.0,42.0,Right,Extra Cover,0.0,0,0.0,0.0,,HalfVolley,OutsideOff,,None,FrontFoot,ForwardDefensive,NoMovement,Over,Medium,Right,Null,NotReferred,Null,False,False,False,False,False,True,,False,False,False,False,False,False,0.0,0.0,0.0,0.0,0.0,False,False
1635135,70,2.97,6,0,0,208,7,6,76188,,39441,County Championship Division Two 2026,1,45,Yorkshire Men,42,Leicestershire Men,8735809,2026-08-28T14:25:58Z,4,421,False,,,,7020.0,Tom Scriven,3005.0,George Hill,520.0,Ben Coad,66.0,129.0,Right,Fine Leg,2.0,0,2.0,2.0,,LengthBall,OutsideOff,,InsideEdge,FrontFoot,Flick,NoMovement,Over,Medium,Right,Null,NotReferred,Null,False,False,False,False,False,True,,False,False,False,False,False,False,2.0,0.0,0.0,0.0,0.0,False,False
1635135,70,2.97,6,0,0,208,7,6,76188,,39441,County Championship Division Two 2026,1,45,Yorkshire Men,42,Leicestershire Men,8735811,2026-08-28T14:26:33Z,5,422,False,,,,7020.0,Tom Scriven,3005.0,George Hill,520.0,Ben Coad,75.0,160.0,Right,,4.0,0,4.0,4.0,,HalfVolley,LegStump,,WellTimed,DownTheTrack,Flick,NoMovement,Over,Medium,Right,Null,NotReferred,Null,False,False,False,False,False,True,,False,False,False,False,False,False,4.0,0.0,0.0,0.0,0.0,True,False
1635135,70,2.97,6,0,0,208,7,6,76188,,39441,County Championship Division Two 2026,1,45,Yorkshire Men,42,Leicestershire Men,8735821,2026-08-28T14:27:14Z,6,423,False,,,,7020.0,Tom Scriven,3005.0,George Hill,520.0,Ben Coad,220.0,44.0,Right,Extra Cover,0.0,0,0.0,0.0,,LengthBall,OutsideOff,,None,FrontFoot,ForwardDefensive,NoMovement,Over,Medium,Right,Null,NotReferred,Null,False,False,False,False,False,True,,False,False,False,False,False,False,0.0,0.0,0.0,0.0,0.0,False,False
1635142,71,2.97,3,1,0,211,8,3,76188,,39441,County Championship Division Two 2026,1,45,Yorkshire Men,42,Leicestershire Men,8735830,2026-08-28T14:28:12Z,1,424,False,,,,12218.0,Josh Hull,520.0,Ben Coad,3005.0,George Hill,,,Right,Wicketkeeper,0.0,0,0.0,0.0,,LengthBall,OutsideOff,,Missed,FrontFoot,Drive,NoMovement,Over,FastSeam,Left,Null,NotReferred,Null,False,False,False,False,False,True,,False,False,False,False,False,False,0.0,0.0,0.0,0.0,0.0,False,False
1635142,71,2.97,3,1,0,211,8,3,76188,,39441,County Championship Division Two 2026,1,45,Yorkshire Men,42,Leicestershire Men,8735834,2026-08-28T14:28:50Z,2,425,False,,,,12218.0,Josh Hull,520.0,Ben Coad,3005.0,George Hill,,,Right,Wicketkeeper,0.0,0,0.0,0.0,,LengthBall,OutsideOff,,Missed,FrontFoot,Drive,NoMovement,Over,FastSeam,Left,Null,NotReferred,Null,False,False,False,False,False,True,,False,False,False,False,False,False,0.0,0.0,0.0,0.0,0.0,False,False
1635142,71,2.97,3,1,0,211,8,3,76188,,39441,County Championship Division Two 2026,1,45,Yorkshire Men,42,Leicestershire Men,8735838,2026-08-28T14:29:29Z,3,426,False,,,,12218.0,Josh Hull,520.0,Ben Coad,3005.0,George Hill,115.0,118.0,Right,Third Man,1.0,0,1.0,1.0,,LengthBall,MiddleStump,,ThickEdge,FrontFoot,ForwardDefensive,NoMovement,Over,FastSeam,Left,Null,NotReferred,Null,False,False,False,False,False,True,,False,False,False,False,False,False,1.0,0.0,0.0,0.0,0.0,False,False
1635142,71,2.97,3,1,0,211,8,3,76188,,39441,County Championship Division Two 2026,1,45,Yorkshire Men,42,Leicestershire Men,8735845,2026-08-28T14:30:09Z,4,427,False,,,,12218.0,Josh Hull,3005.0,George Hill,520.0,Ben Coad,17.0,125.0,Right,Deep Backward Square Leg,1.0,0,1.0,1.0,,BackOfALength,DownLeg,,None,BackFoot,Worked,NoMovement,Over,FastSeam,Left,Null,NotReferred,Null,False,False,False,False,False,True,,False,False,False,False,False,False,1.0,0.0,0.0,0.0,0.0,False,False
1635142,71,2.97,3,1,0,211,8,3,76188,,39441,County Championship Division Two 2026,1,45,Yorkshire Men,42,Leicestershire Men,8735856,2026-08-28T14:30:54Z,5,428,True,Caught,520.0,Ben Coad,12218.0,Josh Hull,520.0,Ben Coad,3005.0,George Hill,250.0,45.0,Right,Mid Off,0.0,0,0.0,0.0,Caught,LengthBall,MiddleStump,Caught,MisTimed,FrontFoot,Drive,NoMovement,Over,FastSeam,Left,Null,NotReferred,Null,False,False,False,False,False,True,1856.0,False,False,False,False,False,False,0.0,0.0,0.0,0.0,0.0,False,True
1635142,71,2.97,3,1,0,211,8,3,76188,,39441,County Championship Division Two 2026,1,45,Yorkshire Men,42,Leicestershire Men,8735878,2026-08-28T14:32:50Z,6,429,False,,,,12218.0,Josh Hull,10602.0,Ben Cliff,3005.0,George Hill,15.0,127.0,Right,Deep Backward Square Leg,1.0,0,1.0,1.0,,BackOfALength,DownLeg,,InsideEdge,BackFoot,Worked,NoMovement,Over,FastSeam,Left,Null,NotReferred,Null,False,False,False,False,False,True,,False,False,False,False,False,False,1.0,0.0,0.0,0.0,0.0,False,False
1635154,72,3.12,14,0,0,225,8,14,76188,,39441,County Championship Division Two 2026,1,45,Yorkshire Men,42,Leicestershire Men,8735890,2026-08-28T14:34:05Z,1,430,False,,,,7020.0,Tom Scriven,10602.0,Ben Cliff,3005.0,George Hill,248.0,76.0,Right,Mid Off,0.0,0,0.0,0.0,,HalfVolley,OutsideOff,,WellTimed,FrontFoot,Drive,NoMovement,Over,Medium,Right,Null,NotReferred,Null,False,False,False,False,False,True,,False,False,False,False,False,False,0.0,0.0,0.0,0.0,0.0,False,False
1635154,72,3.12,14,0,0,225,8,14,76188,,39441,County Championship Division Two 2026,1,45,Yorkshire Men,42,Leicestershire Men,8735896,2026-08-28T14:34:39Z,2,431,False,,,,7020.0,Tom Scriven,10602.0,Ben Cliff,3005.0,George Hill,80.0,147.0,Right,Fine Leg,0.0,3,3.0,0.0,,BackOfALength,MiddleStump,,HitPad,BackFoot,Glance,NoMovement,Over,Medium,Right,Null,NotReferred,Null,False,False,False,True,False,True,,False,False,False,False,False,False,3.0,0.0,0.0,3.0,0.0,False,False
1635154,72,3.12,14,0,0,225,8,14,76188,,39441,County Championship Division Two 2026,1,45,Yorkshire Men,42,Leicestershire Men,8735902,2026-08-28T14:35:17Z,3,432,False,,,,7020.0,Tom Scriven,3005.0,George Hill,10602.0,Ben Cliff,254.0,180.0,Right,Mid Off,4.0,0,4.0,4.0,,HalfVolley,OutsideOff,,Middled,DownTheTrack,Drive,NoMovement,Over,Medium,Right,Null,NotReferred,Null,False,False,False,False,True,True,,False,False,False,False,False,False,4.0,0.0,0.0,0.0,0.0,True,False
1635154,72,3.12,14,0,0,225,8,14,76188,,39441,County Championship Division Two 2026,1,45,Yorkshire Men,42,Leicestershire Men,8735907,2026-08-28T14:35:51Z,4,433,False,,,,7020.0,Tom Scriven,3005.0,George Hill,10602.0,Ben Cliff,311.0,43.0,Right,Mid Wicket,0.0,0,0.0,0.0,,LengthBall,OutsideOff,,None,FrontFoot,ForwardDefensive,NoMovement,Over,Medium,Right,Null,NotReferred,Null,False,False,False,False,False,True,,False,False,False,False,False,False,0.0,0.0,0.0,0.0,0.0,False,False
1635154,72,3.12,14,0,0,225,8,14,76188,,39441,County Championship Division Two 2026,1,45,Yorkshire Men,42,Leicestershire Men,8735913,2026-08-28T14:36:27Z,5,434,False,,,,7020.0,Tom Scriven,3005.0,George Hill,10602.0,Ben Cliff,251.0,179.0,Right,,6.0,0,6.0,6.0,,LengthBall,MiddleStump,,Middled,DownTheTrack,Drive,NoMovement,Over,Medium,Right,Null,NotReferred,Null,False,False,False,False,True,True,,False,False,False,False,False,False,6.0,0.0,0.0,0.0,0.0,True,False
1635154,72,3.12,14,0,0,225,8,14,76188,,39441,County Championship Division Two 2026,1,45,Yorkshire Men,42,Leicestershire Men,8735921,2026-08-28T14:37:02Z,6,435,False,,,,7020.0,Tom Scriven,3005.0,George Hill,10602.0,Ben Cliff,333.0,159.0,Right,Deep Square Leg,1.0,0,1.0,1.0,,Short,OffStump,,WellTimed,BackFoot,Pull,NoMovement,Over,Medium,Right,Null,NotReferred,Null,False,False,False,False,False,True,,False,False,False,False,False,False,1.0,0.0,0.0,0.0,0.0,False,False
1635161,73,3.27,14,0,0,239,8,14,76188,,39441,County Championship Division Two 2026,1,45,Yorkshire Men,42,Leicestershire Men,8735932,2026-08-28T14:38:07Z,1,436,False,,,,12218.0,Josh Hull,3005.0,George Hill,10602.0,Ben Cliff,310.0,130.0,Right,Deep Mid Wicket,2.0,0,2.0,2.0,,LengthBall,DownLeg,,None,FrontFoot,Flick,NoMovement,Over,FastSeam,Left,Null,NotReferred,Null,False,False,False,False,False,True,,False,False,False,False,False,False,2.0,0.0,0.0,0.0,0.0,False,False
1635161,73,3.27,14,0,0,239,8,14,76188,,39441,County Championship Division Two 2026,1,45,Yorkshire Men,42,Leicestershire Men,8735938,2026-08-28T14:38:52Z,2,437,False,,,,12218.0,Josh Hull,3005.0,George Hill,10602.0,Ben Cliff,80.0,160.0,Right,,4.0,0,4.0,4.0,,LengthBall,OutsideOff,,WellTimed,MovesInfront,Scoop,NoMovement,Over,FastSeam,Left,Null,NotReferred,Null,False,False,False,False,True,True,,False,False,False,False,False,False,4.0,0.0,0.0,0.0,0.0,True,False
1635161,73,3.27,14,0,0,239,8,14,76188,,39441,County Championship Division Two 2026,1,45,Yorkshire Men,42,Leicestershire Men,8735951,2026-08-28T14:39:57Z,3,438,False,,,,12218.0,Josh Hull,3005.0,George Hill,10602.0,Ben Cliff,329.0,27.0,Right,Bowler,1.0,0,1.0,1.0,,Short,DownLeg,,None,BackFoot,Fended,NoMovement,Over,FastSeam,Left,Null,NotReferred,Null,False,False,False,False,False,True,,False,False,False,False,False,False,1.0,0.0,0.0,0.0,0.0,False,False
1635161,73,3.27,14,0,0,239,8,14,76188,,39441,County Championship Division Two 2026,1,45,Yorkshire Men,42,Leicestershire Men,8735958,2026-08-28T14:40:56Z,4,439,False,,,,12218.0,Josh Hull,10602.0,Ben Cliff,3005.0,George Hill,173.0,169.0,Right,,4.0,0,4.0,4.0,,HalfVolley,OutsideOff,,WellTimed,FrontFoot,Drive,NoMovement,Over,FastSeam,Left,Null,NotReferred,Null,False,False,False,False,False,True,,False,False,False,False,False,False,4.0,0.0,0.0,0.0,0.0,True,False
1635161,73,3.27,14,0,0,239,8,14,76188,,39441,County Championship Division Two 2026,1,45,Yorkshire Men,42,Leicestershire Men,8735962,2026-08-28T14:41:41Z,5,440,False,,,,12218.0,Josh Hull,10602.0,Ben Cliff,3005.0,George Hill,223.0,143.0,Right,Deep Extra Cover,2.0,0,2.0,2.0,,BackOfALength,OffStump,,WellTimed,BackFoot,Pushed,NoMovement,Over,FastSeam,Left,Null,NotReferred,Null,False,False,False,False,False,True,,False,False,False,False,False,False,2.0,0.0,0.0,0.0,0.0,False,False
1635161,73,3.27,14,0,0,239,8,14,76188,,39441,County Championship Division Two 2026,1,45,Yorkshire Men,42,Leicestershire Men,8735971,2026-08-28T14:42:23Z,6,441,False,,,,12218.0,Josh Hull,10602.0,Ben Cliff,3005.0,George Hill,84.0,124.0,Right,Fine Leg,0.0,1,1.0,0.0,,BackOfALength,DownLeg,,HitBody,BackFoot,Glance,NoMovement,Over,FastSeam,Left,Null,NotReferred,Null,False,False,False,True,False,True,,False,False,False,False,False,False,1.0,0.0,0.0,1.0,0.0,False,False
1635170,74,3.27,3,0,0,242,8,3,76188,,39441,County Championship Division Two 2026,1,45,Yorkshire Men,42,Leicestershire Men,8735991,2026-08-28T14:43:44Z,1,442,False,,,,8105.0,Rehan Ahmed,10602.0,Ben Cliff,3005.0,George Hill,,,Right,Wicketkeeper,0.0,0,0.0,0.0,,LengthBall,OutsideOff,,Missed,FrontFoot,ForwardDefensive,LegSpinner,Over,LegSpin,Right,Null,NotReferred,Null,False,False,False,False,False,True,,False,False,False,False,False,False,0.0,0.0,0.0,0.0,0.0,False,False
1635170,74,3.27,3,0,0,242,8,3,76188,,39441,County Championship Division Two 2026,1,45,Yorkshire Men,42,Leicestershire Men,8735998,2026-08-28T14:44:02Z,2,443,False,,,,8105.0,Rehan Ahmed,10602.0,Ben Cliff,3005.0,George Hill,283.0,37.0,Right,Bowler,0.0,0,0.0,0.0,,BackOfALength,OutsideOff,,MisTimed,BackFoot,Cut,LegSpinner,Over,LegSpin,Right,Null,NotReferred,Null,False,False,False,False,False,True,,False,False,False,False,False,False,0.0,0.0,0.0,0.0,0.0,False,False
1635170,74,3.27,3,0,0,242,8,3,76188,,39441,County Championship Division Two 2026,1,45,Yorkshire Men,42,Leicestershire Men,8736008,2026-08-28T14:44:22Z,3,444,False,,,,8105.0,Rehan Ahmed,10602.0,Ben Cliff,3005.0,George Hill,252.0,67.0,Right,Mid Off,0.0,0,0.0,0.0,,Short,OutsideOff,,WellTimed,BackFoot,Pull,LegSpinner,Over,LegSpin,Right,Null,NotReferred,Null,False,False,False,False,False,True,,False,False,False,False,False,False,0.0,0.0,0.0,0.0,0.0,False,False
1635170,74,3.27,3,0,0,242,8,3,76188,,39441,County Championship Division Two 2026,1,45,Yorkshire Men,42,Leicestershire Men,8736013,2026-08-28T14:44:41Z,4,445,False,,,,8105.0,Rehan Ahmed,10602.0,Ben Cliff,3005.0,George Hill,176.0,137.0,Right,Deep Backward Point,1.0,0,1.0,1.0,,HalfVolley,OffStump,,None,FrontFoot,Drive,LegSpinner,Over,LegSpin,Right,Null,NotReferred,Null,False,False,False,False,False,True,,False,False,False,False,False,False,1.0,0.0,0.0,0.0,0.0,False,False
1635170,74,3.27,3,0,0,242,8,3,76188,,39441,County Championship Division Two 2026,1,45,Yorkshire Men,42,Leicestershire Men,8736019,2026-08-28T14:45:11Z,5,446,False,,,,8105.0,Rehan Ahmed,3005.0,George Hill,10602.0,Ben Cliff,213.0,131.0,Right,Deep Extra Cover,1.0,0,1.0,1.0,,BackOfALength,OutsideOff,,None,BackFoot,Pushed,Googly,Over,LegSpin,Right,Null,NotReferred,Null,False,False,False,False,False,True,,False,False,False,False,False,False,1.0,0.0,0.0,0.0,0.0,False,False
1635170,74,3.27,3,0,0,242,8,3,76188,,39441,County Championship Division Two 2026,1,45,Yorkshire Men,42,Leicestershire Men,8736022,2026-08-28T14:45:31Z,6,447,False,,,,8105.0,Rehan Ahmed,10602.0,Ben Cliff,3005.0,George Hill,297.0,58.0,Right,Mid On,1.0,0,1.0,1.0,,LengthBall,OutsideOff,,None,FrontFoot,Drive,Googly,Over,LegSpin,Right,Null,NotReferred,Null,False,False,False,False,False,True,,False,False,False,False,False,False,1.0,0.0,0.0,0.0,0.0,False,False
1635178,75,3.35,9,0,0,251,8,9,76188,,39441,County Championship Division Two 2026,1,45,Yorkshire Men,42,Leicestershire Men,8736034,2026-08-28T14:46:37Z,1,448,False,,,,15344.0,Alex Green,10602.0,Ben Cliff,3005.0,George Hill,,,Right,Wicketkeeper,0.0,0,0.0,0.0,,LengthBall,Wide,,Left,FrontFoot,Leave,NoMovement,Over,FastSeam,Right,Null,NotReferred,Null,False,False,False,False,False,True,,False,False,False,False,False,False,0.0,0.0,0.0,0.0,0.0,False,False
1635178,75,3.35,9,0,0,251,8,9,76188,,39441,County Championship Division Two 2026,1,45,Yorkshire Men,42,Leicestershire Men,8736042,2026-08-28T14:47:09Z,2,449,False,,,,15344.0,Alex Green,10602.0,Ben Cliff,3005.0,George Hill,,,Right,Wicketkeeper,0.0,0,0.0,0.0,,Short,OutsideOff,,Missed,BackFoot,Pushed,NoMovement,Over,FastSeam,Right,Null,NotReferred,Null,False,False,False,False,False,True,,False,False,False,False,False,False,0.0,0.0,0.0,0.0,0.0,False,False
1635178,75,3.35,9,0,0,251,8,9,76188,,39441,County Championship Division Two 2026,1,45,Yorkshire Men,42,Leicestershire Men,8736053,2026-08-28T14:47:44Z,3,450,False,,,,15344.0,Alex Green,10602.0,Ben Cliff,3005.0,George Hill,,,Right,Wicketkeeper,2.0,2,2.0,0.0,,BackOfALength,OffStump,,HitPad,BackFoot,Glance,NoMovement,Over,FastSeam,Right,Null,NotReferred,1,False,True,False,False,False,True,,False,False,False,False,False,False,2.0,0.0,0.0,0.0,2.0,False,False
1635178,75,3.35,9,0,0,251,8,9,76188,,39441,County Championship Division Two 2026,1,45,Yorkshire Men,42,Leicestershire Men,8736057,2026-08-28T14:48:24Z,3,451,False,,,,15344.0,Alex Green,10602.0,Ben Cliff,3005.0,George Hill,,,Right,Wicketkeeper,0.0,0,0.0,0.0,,LengthBall,Wide,,Missed,FrontFoot,Drive,NoMovement,Over,FastSeam,Right,Null,NotReferred,Null,False,False,False,False,False,True,,False,False,False,False,False,False,0.0,0.0,0.0,0.0,0.0,False,False
1635178,75,3.35,9,0,0,251,8,9,76188,,39441,County Championship Division Two 2026,1,45,Yorkshire Men,42,Leicestershire Men,8736081,2026-08-28T14:48:57Z,4,452,False,,,,15344.0,Alex Green,10602.0,Ben Cliff,3005.0,George Hill,165.0,135.0,Right,Deep Backward Point,1.0,0,1.0,1.0,,BackOfALength,OutsideOff,,None,BackFoot,Pushed,NoMovement,Over,FastSeam,Right,Null,NotReferred,Null,False,False,False,False,False,True,,False,False,False,False,False,False,1.0,0.0,0.0,0.0,0.0,False,False
1635178,75,3.35,9,0,0,251,8,9,76188,,39441,County Championship Division Two 2026,1,45,Yorkshire Men,42,Leicestershire Men,8736090,2026-08-28T14:49:42Z,5,453,False,,,,15344.0,Alex Green,3005.0,George Hill,10602.0,Ben Cliff,292.0,147.0,Right,Long On,2.0,0,2.0,2.0,,Short,OutsideOff,,MisTimed,BackFoot,Pull,NoMovement,Over,FastSeam,Right,Null,NotReferred,Null,False,False,False,False,False,True,,False,False,False,False,False,False,2.0,0.0,0.0,0.0,0.0,False,False
1635178,75,3.35,9,0,0,251,8,9,76188,,39441,County Championship Division Two 2026,1,45,Yorkshire Men,42,Leicestershire Men,8736103,2026-08-28T14:50:22Z,6,454,False,,,,15344.0,Alex Green,3005.0,George Hill,10602.0,Ben Cliff,102.0,160.0,Right,,4.0,0,4.0,4.0,,BackOfALength,OutsideOff,,ThickEdge,BackFoot,Cut,NoMovement,Over,FastSeam,Right,Null,NotReferred,Null,False,False,False,False,False,True,,False,False,False,False,False,False,4.0,0.0,0.0,0.0,0.0,True,True
1635191,76,3.46,12,1,0,263,9,12,76188,,39441,County Championship Division Two 2026,1,45,Yorkshire Men,42,Leicestershire Men,8736120,2026-08-28T14:51:19Z,1,455,False,,,,8105.0,Rehan Ahmed,10602.0,Ben Cliff,3005.0,George Hill,282.0,180.0,Right,Mid On,4.0,0,4.0,4.0,,HalfVolley,OffStump,,WellTimed,FrontFoot,Flick,LegSpinner,Over,LegSpin,Right,Null,NotReferred,Null,False,False,False,False,False,True,,False,False,False,False,False,False,4.0,0.0,0.0,0.0,0.0,True,False
1635191,76,3.46,12,1,0,263,9,12,76188,,39441,County Championship Division Two 2026,1,45,Yorkshire Men,42,Leicestershire Men,8736130,2026-08-28T14:51:56Z,2,456,False,,,,8105.0,Rehan Ahmed,10602.0,Ben Cliff,3005.0,George Hill,282.0,180.0,Right,,4.0,0,4.0,4.0,,Short,OffStump,,WellTimed,BackFoot,Pull,LegSpinner,Over,LegSpin,Right,Null,NotReferred,Null,False,False,False,False,True,True,,False,False,False,False,False,False,4.0,0.0,0.0,0.0,0.0,True,False
1635191,76,3.46,12,1,0,263,9,12,76188,,39441,County Championship Division Two 2026,1,45,Yorkshire Men,42,Leicestershire Men,8736138,2026-08-28T14:52:25Z,3,457,False,,,,8105.0,Rehan Ahmed,10602.0,Ben Cliff,3005.0,George Hill,309.0,178.0,Right,,4.0,0,4.0,4.0,,Short,OutsideOff,,WellTimed,BackFoot,Pull,LegSpinner,Over,LegSpin,Right,Null,NotReferred,Null,False,False,False,False,False,True,,False,False,False,False,False,False,4.0,0.0,0.0,0.0,0.0,True,False
1635191,76,3.46,12,1,0,263,9,12,76188,,39441,County Championship Division Two 2026,1,45,Yorkshire Men,42,Leicestershire Men,8736155,2026-08-28T14:53:06Z,4,458,True,Bowled,10602.0,Ben Cliff,8105.0,Rehan Ahmed,10602.0,Ben Cliff,3005.0,George Hill,,,Right,,0.0,0,0.0,0.0,Bowled,HalfVolley,OutsideOff,Bowled,InsideEdge,FrontFoot,Drive,Googly,Over,LegSpin,Right,Null,NotReferred,Null,False,False,False,False,False,True,1942.0,False,False,False,False,False,False,0.0,0.0,0.0,0.0,0.0,False,False
1635191,76,3.46,12,1,0,263,9,12,76188,,39441,County Championship Division Two 2026,1,45,Yorkshire Men,42,Leicestershire Men,8736168,2026-08-28T14:54:55Z,5,459,False,,,,8105.0,Rehan Ahmed,7012.0,Jack White,3005.0,George Hill,57.0,60.0,Left,Gully,0.0,0,0.0,0.0,,LengthBall,OutsideOff,,None,FrontFoot,ForwardDefensive,LegSpinner,Round,LegSpin,Right,Null,NotReferred,Null,False,False,False,False,False,True,,False,False,False,False,False,False,0.0,0.0,0.0,0.0,0.0,False,False
1635191,76,3.46,12,1,0,263,9,12,76188,,39441,County Championship Division Two 2026,1,45,Yorkshire Men,42,Leicestershire Men,8736173,2026-08-28T14:55:17Z,6,460,False,,,,8105.0,Rehan Ahmed,7012.0,Jack White,3005.0,George Hill,184.0,140.0,Left,Deep Square Leg,0.0,0,0.0,0.0,,BackOfALength,OutsideOff,,MisTimed,BackFoot,Pushed,LegSpinner,Round,LegSpin,Right,Null,NotReferred,Null,False,False,False,False,False,True,,False,False,False,False,False,False,0.0,0.0,0.0,0.0,0.0,False,False
1635200,77,3.42,0,1,0,263,10,0,76188,,39441,County Championship Division Two 2026,1,45,Yorkshire Men,42,Leicestershire Men,8736179,2026-08-28T14:56:16Z,1,461,False,,,,15344.0,Alex Green,3005.0,George Hill,7012.0,Jack White,,,Right,Wicketkeeper,0.0,0,0.0,0.0,,BackOfALength,OutsideOff,,Missed,BackFoot,Cut,SeamIn,Over,FastSeam,Right,Null,NotReferred,Null,False,False,False,False,False,True,,False,False,False,False,False,False,0.0,0.0,0.0,0.0,0.0,False,False
1635200,77,3.42,0,1,0,263,10,0,76188,,39441,County Championship Division Two 2026,1,45,Yorkshire Men,42,Leicestershire Men,8736187,2026-08-28T14:56:53Z,2,462,False,,,,15344.0,Alex Green,3005.0,George Hill,7012.0,Jack White,184.0,147.0,Right,Deep Cover,0.0,0,0.0,0.0,,LengthBall,OutsideOff,,WellTimed,BacksAway,Drive,NoMovement,Over,FastSeam,Right,Null,NotReferred,Null,False,False,False,False,False,True,,False,False,False,False,False,False,0.0,0.0,0.0,0.0,0.0,False,False
1635200,77,3.42,0,1,0,263,10,0,76188,,39441,County Championship Division Two 2026,1,45,Yorkshire Men,42,Leicestershire Men,8736193,2026-08-28T14:57:26Z,3,463,False,,,,15344.0,Alex Green,3005.0,George Hill,7012.0,Jack White,,,Right,Wicketkeeper,0.0,0,0.0,0.0,,Short,OffStump,,Missed,BacksAway,UpperCut,NoMovement,Over,FastSeam,Right,Null,NotReferred,Null,False,False,False,False,False,True,,False,False,False,False,False,False,0.0,0.0,0.0,0.0,0.0,False,False
1635200,77,3.42,0,1,0,263,10,0,76188,,39441,County Championship Division Two 2026,1,45,Yorkshire Men,42,Leicestershire Men,8736201,2026-08-28T14:58:01Z,4,464,True,Caught,3005.0,George Hill,15344.0,Alex Green,3005.0,George Hill,7012.0,Jack White,103.0,135.0,Right,Third Man,0.0,0,0.0,0.0,Caught,Short,OutsideOff,Caught,TopEdge,BackFoot,Cut,NoMovement,Over,FastSeam,Right,Null,NotReferred,Null,False,False,False,False,False,True,1856.0,False,False,False,False,False,False,0.0,0.0,0.0,0.0,0.0,False,True
1635237,2,6.0,8,0,0,12,0,8,76215,,39441,County Championship Division Two 2026,2,42,Leicestershire Men,45,Yorkshire Men,8736396,2026-08-28T15:23:37Z,1,7,False,,,,7012.0,Jack White,10630.0,Sheridon Gumbs,2539.0,Rishi Patel,103.0,160.0,Left,,4.0,0,4.0,4.0,,BackOfALength,OffStump,,None,BackFoot,Glance,NoMovement,Round,Medium,Right,Null,NotReferred,Null,False,False,False,False,False,True,,False,False,False,False,False,False,4.0,0.0,0.0,0.0,0.0,True,False
1635237,2,6.0,8,0,0,12,0,8,76215,,39441,County Championship Division Two 2026,2,42,Leicestershire Men,45,Yorkshire Men,8736401,2026-08-28T15:24:17Z,2,8,False,,,,7012.0,Jack White,10630.0,Sheridon Gumbs,2539.0,Rishi Patel,,,Left,Wicketkeeper,0.0,0,0.0,0.0,,BackOfALength,OutsideOff,,Left,NoMovement,Leave,NoMovement,Round,Medium,Right,Null,NotReferred,Null,False,False,False,False,False,True,,False,False,False,False,False,False,0.0,0.0,0.0,0.0,0.0,False,False
1635237,2,6.0,8,0,0,12,0,8,76215,,39441,County Championship Division Two 2026,2,42,Leicestershire Men,45,Yorkshire Men,8736407,2026-08-28T15:24:52Z,3,9,False,,,,7012.0,Jack White,10630.0,Sheridon Gumbs,2539.0,Rishi Patel,7.0,62.0,Left,Backward Point,0.0,0,0.0,0.0,,LengthBall,OutsideOff,,None,FrontFoot,ForwardDefensive,NoMovement,Round,Medium,Right,Null,NotReferred,Null,False,False,False,False,False,True,,False,False,False,False,False,False,0.0,0.0,0.0,0.0,0.0,False,False
1635237,2,6.0,8,0,0,12,0,8,76215,,39441,County Championship Division Two 2026,2,42,Leicestershire Men,45,Yorkshire Men,8736415,2026-08-28T15:25:28Z,4,10,False,,,,7012.0,Jack White,10630.0,Sheridon Gumbs,2539.0,Rishi Patel,218.0,23.0,Left,Short Leg,0.0,0,0.0,0.0,,LengthBall,OutsideOff,,BottomEdge,FrontFoot,ForwardDefensive,NoMovement,Round,Medium,Right,Null,NotReferred,Null,False,False,False,False,False,True,,False,False,False,False,False,False,0.0,0.0,0.0,0.0,0.0,False,False
1635237,2,6.0,8,0,0,12,0,8,76215,,39441,County Championship Division Two 2026,2,42,Leicestershire Men,45,Yorkshire Men,8736420,2026-08-28T15:26:05Z,5,11,False,,,,7012.0,Jack White,10630.0,Sheridon Gumbs,2539.0,Rishi Patel,305.0,178.0,Left,,4.0,0,4.0,4.0,,HalfVolley,OutsideOff,,WellTimed,FrontFoot,Drive,NoMovement,Round,Medium,Right,Null,NotReferred,Null,False,False,False,False,False,True,,False,False,False,False,False,False,4.0,0.0,0.0,0.0,0.0,True,False
1635237,2,6.0,8,0,0,12,0,8,76215,,39441,County Championship Division Two 2026,2,42,Leicestershire Men,45,Yorkshire Men,8736426,2026-08-28T15:26:42Z,6,12,False,,,,7012.0,Jack White,10630.0,Sheridon Gumbs,2539.0,Rishi Patel,343.0,44.0,Left,Cover,0.0,0,0.0,0.0,,BackOfALength,OutsideOff,,None,BackFoot,BackwardDefensive,NoMovement,Round,Medium,Right,Null,NotReferred,Null,False,False,False,False,False,True,,False,False,False,False,False,False,0.0,0.0,0.0,0.0,0.0,False,False
1635242,3,4.0,0,0,0,12,0,0,76215,,39441,County Championship Division Two 2026,2,42,Leicestershire Men,45,Yorkshire Men,8736433,2026-08-28T15:27:31Z,1,13,False,,,,520.0,Ben Coad,2539.0,Rishi Patel,10630.0,Sheridon Gumbs,,,Right,Wicketkeeper,0.0,0,0.0,0.0,,HalfVolley,OutsideOff,,Left,FrontFoot,Leave,SeamAway,Over,Medium,Right,Null,NotReferred,Null,False,False,False,False,False,True,,False,False,False,False,False,False,0.0,0.0,0.0,0.0,0.0,False,False
1635242,3,4.0,0,0,0,12,0,0,76215,,39441,County Championship Division Two 2026,2,42,Leicestershire Men,45,Yorkshire Men,8736438,2026-08-28T15:28:04Z,2,14,False,,,,520.0,Ben Coad,2539.0,Rishi Patel,10630.0,Sheridon Gumbs,295.0,40.0,Right,Mid On,0.0,0,0.0,0.0,,LengthBall,OutsideOff,,None,FrontFoot,ForwardDefensive,NoMovement,Over,Medium,Right,Null,NotReferred,Null,False,False,False,False,False,True,,False,False,False,False,False,False,0.0,0.0,0.0,0.0,0.0,False,False
1635242,3,4.0,0,0,0,12,0,0,76215,,39441,County Championship Division Two 2026,2,42,Leicestershire Men,45,Yorkshire Men,8736445,2026-08-28T15:28:33Z,3,15,False,,,,520.0,Ben Coad,2539.0,Rishi Patel,10630.0,Sheridon Gumbs,135.0,17.0,Right,Gully,0.0,0,0.0,0.0,,LengthBall,OutsideOff,,None,FrontFoot,ForwardDefensive,NoMovement,Over,Medium,Right,Null,NotReferred,Null,False,False,False,False,False,True,,False,False,False,False,False,False,0.0,0.0,0.0,0.0,0.0,False,False
1635242,3,4.0,0,0,0,12,0,0,76215,,39441,County Championship Division Two 2026,2,42,Leicestershire Men,45,Yorkshire Men,8736451,2026-08-28T15:29:05Z,4,16,False,,,,520.0,Ben Coad,2539.0,Rishi Patel,10630.0,Sheridon Gumbs,,,Right,Wicketkeeper,0.0,0,0.0,0.0,,LengthBall,OutsideOff,,Left,FrontFoot,Leave,SeamAway,Over,Medium,Right,Null,NotReferred,Null,False,False,False,False,False,True,,False,False,False,False,False,False,0.0,0.0,0.0,0.0,0.0,False,False
1635242,3,4.0,0,0,0,12,0,0,76215,,39441,County Championship Division Two 2026,2,42,Leicestershire Men,45,Yorkshire Men,8736456,2026-08-28T15:29:36Z,5,17,False,,,,520.0,Ben Coad,2539.0,Rishi Patel,10630.0,Sheridon Gumbs,243.0,40.0,Right,Mid Off,0.0,0,0.0,0.0,,HalfVolley,OutsideOff,,None,FrontFoot,ForwardDefensive,NoMovement,Over,Medium,Right,Null,NotReferred,Null,False,False,False,False,False,True,,False,False,False,False,False,False,0.0,0.0,0.0,0.0,0.0,False,False
1635242,3,4.0,0,0,0,12,0,0,76215,,39441,County Championship Division Two 2026,2,42,Leicestershire Men,45,Yorkshire Men,8736461,2026-08-28T15:30:07Z,6,18,False,,,,520.0,Ben Coad,2539.0,Rishi Patel,10630.0,Sheridon Gumbs,,,Right,Wicketkeeper,0.0,0,0.0,0.0,,LengthBall,OutsideOff,,Left,FrontFoot,Leave,SeamIn,Over,Medium,Right,Null,NotReferred,Null,False,False,False,False,False,True,,False,False,False,False,False,False,0.0,0.0,0.0,0.0,0.0,False,False
1635248,4,3.0,0,0,0,12,0,0,76215,,39441,County Championship Division Two 2026,2,42,Leicestershire Men,45,Yorkshire Men,8736467,2026-08-28T15:30:55Z,1,19,False,,,,7012.0,Jack White,10630.0,Sheridon Gumbs,2539.0,Rishi Patel,,,Left,Wicketkeeper,0.0,0,0.0,0.0,,LengthBall,OutsideOff,,Left,FrontFoot,Leave,NoMovement,Round,Medium,Right,Null,NotReferred,Null,False,False,False,False,False,True,,False,False,False,False,False,False,0.0,0.0,0.0,0.0,0.0,False,False
1635248,4,3.0,0,0,0,12,0,0,76215,,39441,County Championship Division Two 2026,2,42,Leicestershire Men,45,Yorkshire Men,8736475,2026-08-28T15:31:26Z,2,20,False,,,,7012.0,Jack White,10630.0,Sheridon Gumbs,2539.0,Rishi Patel,3.0,45.0,Left,Backward Point,0.0,0,0.0,0.0,,LengthBall,OutsideOff,,HitBody,FrontFoot,ForwardDefensive,SeamIn,Round,Medium,Right,Null,NotReferred,Null,False,False,False,False,False,True,,False,False,False,False,False,False,0.0,0.0,0.0,0.0,0.0,False,False
1635248,4,3.0,0,0,0,12,0,0,76215,,39441,County Championship Division Two 2026,2,42,Leicestershire Men,45,Yorkshire Men,8736477,2026-08-28T15:32:01Z,3,21,False,,,,7012.0,Jack White,10630.0,Sheridon Gumbs,2539.0,Rishi Patel,,,Left,Wicketkeeper,0.0,0,0.0,0.0,,LengthBall,OutsideOff,,HitBody,FrontFoot,ForwardDefensive,SeamIn,Round,Medium,Right,Null,NotReferred,Null,False,False,False,False,False,True,,False,False,False,False,False,False,0.0,0.0,0.0,0.0,0.0,False,False
1635248,4,3.0,0,0,0,12,0,0,76215,,39441,County Championship Division Two 2026,2,42,Leicestershire Men,45,Yorkshire Men,8736482,2026-08-28T15:32:43Z,4,22,False,,,,7012.0,Jack White,10630.0,Sheridon Gumbs,2539.0,Rishi Patel,5.0,48.0,Left,Backward Point,0.0,0,0.0,0.0,,LengthBall,OutsideOff,,None,FrontFoot,ForwardDefensive,NoMovement,Round,Medium,Right,Null,NotReferred,Null,False,False,False,False,False,True,,False,False,False,False,False,False,0.0,0.0,0.0,0.0,0.0,False,False
1635248,4,3.0,0,0,0,12,0,0,76215,,39441,County Championship Division Two 2026,2,42,Leicestershire Men,45,Yorkshire Men,8738671,2026-08-29T10:59:11Z,5,23,False,,,,7012.0,Jack White,10630.0,Sheridon Gumbs,2539.0,Rishi Patel,,,Left,Wicketkeeper,0.0,0,0.0,0.0,,LengthBall,OutsideOff,,ShouldersArms,NoMovement,ShouldersArms,,Round,Medium,Right,Null,NotReferred,Null,False,False,False,False,False,True,,False,False,False,False,False,False,0.0,0.0,0.0,0.0,0.0,False,False
1635248,4,3.0,0,0,0,12,0,0,76215,,39441,County Championship Division Two 2026,2,42,Leicestershire Men,45,Yorkshire Men,8738672,2026-08-29T10:59:46Z,6,24,False,,,,7012.0,Jack White,10630.0,Sheridon Gumbs,2539.0,Rishi Patel,,,Left,Wicketkeeper,0.0,0,0.0,0.0,,LengthBall,OutsideOff,,Missed,FrontFoot,ForwardDefensive,SeamAway,Round,Medium,Right,Null,NotReferred,Null,False,False,False,False,False,True,,False,False,False,False,False,False,0.0,0.0,0.0,0.0,0.0,False,False
1635611,5,2.6,1,0,0,13,0,1,76215,,39441,County Championship Division Two 2026,2,42,Leicestershire Men,45,Yorkshire Men,8738674,2026-08-29T11:00:52Z,1,25,False,,,,520.0,Ben Coad,2539.0,Rishi Patel,10630.0,Sheridon Gumbs,1.0,163.0,Right,Deep Backward Square Leg,1.0,0,1.0,1.0,,HalfVolley,OffStump,,None,BackFoot,Worked,NoMovement,Over,Medium,Right,Null,NotReferred,Null,False,False,False,False,False,True,,False,False,False,False,False,False,1.0,0.0,0.0,0.0,0.0,False,False
1635611,5,2.6,1,0,0,13,0,1,76215,,39441,County Championship Division Two 2026,2,42,Leicestershire Men,45,Yorkshire Men,8738675,2026-08-29T11:01:42Z,2,26,False,,,,520.0,Ben Coad,10630.0,Sheridon Gumbs,2539.0,Rishi Patel,,,Left,Wicketkeeper,0.0,0,0.0,0.0,,BackOfALength,OutsideOff,,Left,NoMovement,Leave,NoMovement,Round,Medium,Right,Null,NotReferred,Null,False,False,False,False,False,True,,False,False,False,False,False,False,0.0,0.0,0.0,0.0,0.0,False,False
1635611,5,2.6,1,0,0,13,0,1,76215,,39441,County Championship Division Two 2026,2,42,Leicestershire Men,45,Yorkshire Men,8738677,2026-08-29T11:02:20Z,3,27,False,,,,520.0,Ben Coad,10630.0,Sheridon Gumbs,2539.0,Rishi Patel,,,Left,Wicketkeeper,0.0,0,0.0,0.0,,LengthBall,OutsideOff,,Left,NoMovement,Leave,NoMovement,Round,Medium,Right,Null,NotReferred,Null,False,False,False,False,False,True,,False,False,False,False,False,False,0.0,0.0,0.0,0.0,0.0,False,False
1635611,5,2.6,1,0,0,13,0,1,76215,,39441,County Championship Division Two 2026,2,42,Leicestershire Men,45,Yorkshire Men,8738680,2026-08-29T11:02:58Z,4,28,False,,,,520.0,Ben Coad,10630.0,Sheridon Gumbs,2539.0,Rishi Patel,342.0,46.0,Left,Cover,0.0,0,0.0,0.0,,BackOfALength,OutsideOff,,None,BackFoot,BackwardDefensive,InSwinger,Round,Medium,Right,Null,NotReferred,Null,False,False,False,False,False,True,,False,False,False,False,False,False,0.0,0.0,0.0,0.0,0.0,False,False
1635611,5,2.6,1,0,0,13,0,1,76215,,39441,County Championship Division Two 2026,2,42,Leicestershire Men,45,Yorkshire Men,8738682,2026-08-29T11:03:40Z,5,29,False,,,,520.0,Ben Coad,10630.0,Sheridon Gumbs,2539.0,Rishi Patel,316.0,80.0,Left,Extra Cover,0.0,0,0.0,0.0,,HalfVolley,OutsideOff,,MisTimed,FrontFoot,Drive,NoMovement,Round,Medium,Right,Null,NotReferred,Null,False,False,False,False,False,True,,False,False,False,False,False,False,0.0,0.0,0.0,0.0,0.0,False,False
1635611,5,2.6,1,0,0,13,0,1,76215,,39441,County Championship Division Two 2026,2,42,Leicestershire Men,45,Yorkshire Men,8738684,2026-08-29T11:04:15Z,6,30,False,,,,520.0,Ben Coad,10630.0,Sheridon Gumbs,2539.0,Rishi Patel,,,Left,Wicketkeeper,0.0,0,0.0,0.0,,LengthBall,OutsideOff,,Missed,FrontFoot,ForwardDefensive,NoMovement,Round,Medium,Right,Null,NotReferred,Null,False,False,False,False,False,True,,False,False,False,False,False,False,0.0,0.0,0.0,0.0,0.0,False,False
1635613,6,2.83,4,0,0,17,0,4,76215,,39441,County Championship Division Two 2026,2,42,Leicestershire Men,45,Yorkshire Men,8738686,2026-08-29T11:05:13Z,1,31,False,,,,7012.0,Jack White,2539.0,Rishi Patel,10630.0,Sheridon Gumbs,235.0,49.0,Right,Extra Cover,0.0,0,0.0,0.0,,LengthBall,OutsideOff,,None,FrontFoot,ForwardDefensive,NoMovement,Over,Medium,Right,Null,NotReferred,Null,False,False,False,False,False,True,,False,False,False,False,False,False,0.0,0.0,0.0,0.0,0.0,False,False
1635613,6,2.83,4,0,0,17,0,4,76215,,39441,County Championship Division Two 2026,2,42,Leicestershire Men,45,Yorkshire Men,8738688,2026-08-29T11:05:51Z,2,32,False,,,,7012.0,Jack White,2539.0,Rishi Patel,10630.0,Sheridon Gumbs,213.0,65.0,Right,Extra Cover,0.0,0,0.0,0.0,,LengthBall,OutsideOff,,None,BackFoot,BackwardDefensive,InSwinger,Over,Medium,Right,Null,NotReferred,Null,False,False,False,False,False,True,,False,False,False,False,False,False,0.0,0.0,0.0,0.0,0.0,False,False
1635613,6,2.83,4,0,0,17,0,4,76215,,39441,County Championship Division Two 2026,2,42,Leicestershire Men,45,Yorkshire Men,8738690,2026-08-29T11:06:29Z,3,33,False,,,,7012.0,Jack White,2539.0,Rishi Patel,10630.0,Sheridon Gumbs,349.0,43.0,Right,Square Leg,0.0,0,0.0,0.0,,BackOfALength,OutsideOff,,None,BackFoot,Worked,NoMovement,Over,Medium,Right,Null,NotReferred,Null,False,False,False,False,False,True,,False,False,False,False,False,False,0.0,0.0,0.0,0.0,0.0,False,False
1635613,6,2.83,4,0,0,17,0,4,76215,,39441,County Championship Division Two 2026,2,42,Leicestershire Men,45,Yorkshire Men,8738692,2026-08-29T11:07:09Z,4,34,False,,,,7012.0,Jack White,2539.0,Rishi Patel,10630.0,Sheridon Gumbs,68.0,161.0,Right,,4.0,0,4.0,4.0,,LengthBall,OffStump,,None,BackFoot,Glance,NoMovement,Over,Medium,Right,Null,NotReferred,Null,False,False,False,False,False,True,,False,False,False,False,False,False,4.0,0.0,0.0,0.0,0.0,True,False
1635613,6,2.83,4,0,0,17,0,4,76215,,39441,County Championship Division Two 2026,2,42,Leicestershire Men,45,Yorkshire Men,8738694,2026-08-29T11:07:58Z,5,35,False,,,,7012.0,Jack White,2539.0,Rishi Patel,10630.0,Sheridon Gumbs,350.0,29.0,Right,Square Leg,0.0,0,0.0,0.0,,BackOfALength,OutsideOff,,None,BackFoot,Worked,NoMovement,Over,Medium,Right,Null,NotReferred,Null,False,False,False,False,False,True,,False,False,False,False,False,False,0.0,0.0,0.0,0.0,0.0,False,False
1635613,6,2.83,4,0,0,17,0,4,76215,,39441,County Championship Division Two 2026,2,42,Leicestershire Men,45,Yorkshire Men,8738697,2026-08-29T11:08:34Z,6,36,False,,,,7012.0,Jack White,2539.0,Rishi Patel,10630.0,Sheridon Gumbs,347.0,36.0,Right,Short Leg,0.0,0,0.0,0.0,,BackOfALength,OutsideOff,,None,BackFoot,Worked,NoMovement,Over,Medium,Right,Null,NotReferred,Null,False,False,False,False,False,True,,False,False,False,False,False,False,0.0,0.0,0.0,0.0,0.0,False,False
1635615,7,2.43,0,0,0,17,0,0,76215,,39441,County Championship Division Two 2026,2,42,Leicestershire Men,45,Yorkshire Men,8738699,2026-08-29T11:09:37Z,1,37,False,,,,520.0,Ben Coad,10630.0,Sheridon Gumbs,2539.0,Rishi Patel,,,Left,Bowler,0.0,0,0.0,0.0,,LengthBall,OutsideOff,,None,FrontFoot,ForwardDefensive,InSwinger,Round,Medium,Right,Null,NotReferred,Null,False,False,False,False,False,True,,False,False,False,False,False,False,0.0,0.0,0.0,0.0,0.0,False,False
1635615,7,2.43,0,0,0,17,0,0,76215,,39441,County Championship Division Two 2026,2,42,Leicestershire Men,45,Yorkshire Men,8738700,2026-08-29T11:10:10Z,2,38,False,,,,520.0,Ben Coad,10630.0,Sheridon Gumbs,2539.0,Rishi Patel,,,Left,Wicketkeeper,0.0,0,0.0,0.0,,BackOfALength,OutsideOff,,ShouldersArms,NoMovement,ShouldersArms,InSwinger,Round,Medium,Right,Null,NotReferred,Null,False,False,False,False,False,True,,False,False,False,False,False,False,0.0,0.0,0.0,0.0,0.0,False,False
1635615,7,2.43,0,0,0,17,0,0,76215,,39441,County Championship Division Two 2026,2,42,Leicestershire Men,45,Yorkshire Men,8738702,2026-08-29T11:10:46Z,3,39,False,,,,520.0,Ben Coad,10630.0,Sheridon Gumbs,2539.0,Rishi Patel,,,Left,Wicketkeeper,0.0,0,0.0,0.0,,LengthBall,OutsideOff,,ShouldersArms,NoMovement,ShouldersArms,InSwinger,Round,Medium,Right,Null,NotReferred,Null,False,False,False,False,False,True,,False,False,False,False,False,False,0.0,0.0,0.0,0.0,0.0,False,False
1635615,7,2.43,0,0,0,17,0,0,76215,,39441,County Championship Division Two 2026,2,42,Leicestershire Men,45,Yorkshire Men,8738704,2026-08-29T11:11:25Z,4,40,False,,,,520.0,Ben Coad,10630.0,Sheridon Gumbs,2539.0,Rishi Patel,,,Left,Wicketkeeper,0.0,0,0.0,0.0,,LengthBall,OutsideOff,,Missed,FrontFoot,ForwardDefensive,NoMovement,Round,Medium,Right,Null,NotReferred,Null,False,False,False,False,False,True,,False,False,False,False,False,False,0.0,0.0,0.0,0.0,0.0,False,False
1635615,7,2.43,0,0,0,17,0,0,76215,,39441,County Championship Division Two 2026,2,42,Leicestershire Men,45,Yorkshire Men,8738706,2026-08-29T11:12:03Z,5,41,False,,,,520.0,Ben Coad,10630.0,Sheridon Gumbs,2539.0,Rishi Patel,2.0,78.0,Left,Backward Point,0.0,0,0.0,0.0,,HalfVolley,OutsideOff,,None,FrontFoot,ForwardDefensive,NoMovement,Round,Medium,Right,Null,NotReferred,Null,False,False,False,False,False,True,,False,False,False,False,False,False,0.0,0.0,0.0,0.0,0.0,False,False
1635615,7,2.43,0,0,0,17,0,0,76215,,39441,County Championship Division Two 2026,2,42,Leicestershire Men,45,Yorkshire Men,8738708,2026-08-29T11:12:40Z,6,42,False,,,,520.0,Ben Coad,10630.0,Sheridon Gumbs,2539.0,Rishi Patel,,,Left,Wicketkeeper,0.0,0,0.0,0.0,,BackOfALength,OutsideOff,,Left,NoMovement,Leave,NoMovement,Round,Medium,Right,Null,NotReferred,Null,False,False,False,False,False,True,,False,False,False,False,False,False,0.0,0.0,0.0,0.0,0.0,False,False
1635617,8,2.5,3,0,0,20,0,3,76215,,39441,County Championship Division Two 2026,2,42,Leicestershire Men,45,Yorkshire Men,8738711,2026-08-29T11:13:43Z,1,43,False,,,,7012.0,Jack White,2539.0,Rishi Patel,10630.0,Sheridon Gumbs,240.0,48.0,Right,Mid Off,0.0,0,0.0,0.0,,LengthBall,OutsideOff,,None,FrontFoot,ForwardDefensive,NoMovement,Over,Medium,Right,Null,NotReferred,Null,False,False,False,False,False,True,,False,False,False,False,False,False,0.0,0.0,0.0,0.0,0.0,False,False
1635617,8,2.5,3,0,0,20,0,3,76215,,39441,County Championship Division Two 2026,2,42,Leicestershire Men,45,Yorkshire Men,8738713,2026-08-29T11:14:17Z,2,44,False,,,,7012.0,Jack White,2539.0,Rishi Patel,10630.0,Sheridon Gumbs,350.0,134.0,Right,Deep Square Leg,2.0,0,2.0,2.0,,LengthBall,OffStump,,None,BackFoot,Worked,NoMovement,Over,Medium,Right,Null,NotReferred,Null,False,False,False,False,False,True,,False,False,False,False,False,False,2.0,0.0,0.0,0.0,0.0,False,False
1635617,8,2.5,3,0,0,20,0,3,76215,,39441,County Championship Division Two 2026,2,42,Leicestershire Men,45,Yorkshire Men,8738714,2026-08-29T11:15:01Z,3,45,False,,,,7012.0,Jack White,2539.0,Rishi Patel,10630.0,Sheridon Gumbs,234.0,52.0,Right,Extra Cover,0.0,0,0.0,0.0,,LengthBall,OutsideOff,,None,FrontFoot,ForwardDefensive,NoMovement,Over,Medium,Right,Null,NotReferred,Null,False,False,False,False,False,True,,False,False,False,False,False,False,0.0,0.0,0.0,0.0,0.0,False,False
1635617,8,2.5,3,0,0,20,0,3,76215,,39441,County Championship Division Two 2026,2,42,Leicestershire Men,45,Yorkshire Men,8738717,2026-08-29T11:15:37Z,4,46,False,,,,7012.0,Jack White,2539.0,Rishi Patel,10630.0,Sheridon Gumbs,177.0,61.0,Right,Backward Point,0.0,0,0.0,0.0,,LengthBall,OutsideOff,,None,FrontFoot,ForwardDefensive,NoMovement,Over,Medium,Right,Null,NotReferred,Null,False,False,False,False,False,True,,False,False,False,False,False,False,0.0,0.0,0.0,0.0,0.0,False,False
1635617,8,2.5,3,0,0,20,0,3,76215,,39441,County Championship Division Two 2026,2,42,Leicestershire Men,45,Yorkshire Men,8738718,2026-08-29T11:16:16Z,5,47,False,,,,7012.0,Jack White,2539.0,Rishi Patel,10630.0,Sheridon Gumbs,14.0,69.0,Right,Backward Square Leg,1.0,0,1.0,1.0,,BackOfALength,OutsideOff,,None,BackFoot,Worked,NoMovement,Over,Medium,Right,Null,NotReferred,Null,False,False,False,False,False,True,,False,False,False,False,False,False,1.0,0.0,0.0,0.0,0.0,False,False
1635617,8,2.5,3,0,0,20,0,3,76215,,39441,County Championship Division Two 2026,2,42,Leicestershire Men,45,Yorkshire Men,8738721,2026-08-29T11:16:58Z,6,48,False,,,,7012.0,Jack White,10630.0,Sheridon Gumbs,2539.0,Rishi Patel,188.0,44.0,Left,Square Leg,0.0,0,0.0,0.0,,BackOfALength,OutsideOff,,None,BackFoot,Worked,NoMovement,Round,Medium,Right,Null,NotReferred,Null,False,False,False,False,False,True,,False,False,False,False,False,False,0.0,0.0,0.0,0.0,0.0,False,False
1635619,9,2.22,0,0,0,20,0,0,76215,,39441,County Championship Division Two 2026,2,42,Leicestershire Men,45,Yorkshire Men,8738723,2026-08-29T11:17:52Z,1,49,False,,,,520.0,Ben Coad,2539.0,Rishi Patel,10630.0,Sheridon Gumbs,223.0,53.0,Right,Extra Cover,0.0,0,0.0,0.0,,LengthBall,OutsideOff,,None,FrontFoot,ForwardDefensive,NoMovement,Over,Medium,Right,Null,NotReferred,Null,False,False,False,False,False,True,,False,False,False,False,False,False,0.0,0.0,0.0,0.0,0.0,False,False
1635619,9,2.22,0,0,0,20,0,0,76215,,39441,County Championship Division Two 2026,2,42,Leicestershire Men,45,Yorkshire Men,8738724,2026-08-29T11:18:25Z,2,50,False,,,,520.0,Ben Coad,2539.0,Rishi Patel,10630.0,Sheridon Gumbs,,,Right,Wicketkeeper,0.0,0,0.0,0.0,,Short,OutsideOff,,Left,NoMovement,Leave,NoMovement,Over,Medium,Right,Null,NotReferred,Null,False,False,False,False,False,True,,False,False,False,False,False,False,0.0,0.0,0.0,0.0,0.0,False,False
1635619,9,2.22,0,0,0,20,0,0,76215,,39441,County Championship Division Two 2026,2,42,Leicestershire Men,45,Yorkshire Men,8738726,2026-08-29T11:18:57Z,3,51,False,,,,520.0,Ben Coad,2539.0,Rishi Patel,10630.0,Sheridon Gumbs,222.0,34.0,Right,Extra Cover,0.0,0,0.0,0.0,,BackOfALength,OutsideOff,,None,BackFoot,BackwardDefensive,NoMovement,Over,Medium,Right,Null,NotReferred,Null,False,False,False,False,False,True,,False,False,False,False,False,False,0.0,0.0,0.0,0.0,0.0,False,False
1635619,9,2.22,0,0,0,20,0,0,76215,,39441,County Championship Division Two 2026,2,42,Leicestershire Men,45,Yorkshire Men,8738728,2026-08-29T11:19:27Z,4,52,False,,,,520.0,Ben Coad,2539.0,Rishi Patel,10630.0,Sheridon Gumbs,,,Right,Wicketkeeper,0.0,0,0.0,0.0,,BackOfALength,OutsideOff,,Left,NoMovement,Leave,AwaySwinger,Over,Medium,Right,Null,NotReferred,Null,False,False,False,False,False,True,,False,False,False,False,False,False,0.0,0.0,0.0,0.0,0.0,False,False
1635619,9,2.22,0,0,0,20,0,0,76215,,39441,County Championship Division Two 2026,2,42,Leicestershire Men,45,Yorkshire Men,8738729,2026-08-29T11:20:00Z,5,53,False,,,,520.0,Ben Coad,2539.0,Rishi Patel,10630.0,Sheridon Gumbs,350.0,22.0,Right,Square Leg,0.0,0,0.0,0.0,,LengthBall,OutsideOff,,None,FrontFoot,ForwardDefensive,NoMovement,Over,Medium,Right,Null,NotReferred,Null,False,False,False,False,False,True,,False,False,False,False,False,False,0.0,0.0,0.0,0.0,0.0,False,False
1635619,9,2.22,0,0,0,20,0,0,76215,,39441,County Championship Division Two 2026,2,42,Leicestershire Men,45,Yorkshire Men,8738730,2026-08-29T11:20:36Z,6,54,False,,,,520.0,Ben Coad,2539.0,Rishi Patel,10630.0,Sheridon Gumbs,,,Right,Wicketkeeper,0.0,0,0.0,0.0,,LengthBall,OutsideOff,,Missed,FrontFoot,ForwardDefensive,AwaySwinger,Over,Medium,Right,Null,NotReferred,Null,False,False,False,False,False,True,,False,False,False,False,False,False,0.0,0.0,0.0,0.0,0.0,False,False
1635621,10,2.1,1,0,0,21,0,1,76215,,39441,County Championship Division Two 2026,2,42,Leicestershire Men,45,Yorkshire Men,8738731,2026-08-29T11:21:44Z,1,55,False,,,,7012.0,Jack White,10630.0,Sheridon Gumbs,2539.0,Rishi Patel,,,Left,Wicketkeeper,0.0,0,0.0,0.0,,BackOfALength,OutsideOff,,ShouldersArms,NoMovement,ShouldersArms,NoMovement,Round,Medium,Right,Null,NotReferred,Null,False,False,False,False,False,True,,False,False,False,False,False,False,0.0,0.0,0.0,0.0,0.0,False,False
1635621,10,2.1,1,0,0,21,0,1,76215,,39441,County Championship Division Two 2026,2,42,Leicestershire Men,45,Yorkshire Men,8738733,2026-08-29T11:22:25Z,2,56,False,,,,7012.0,Jack White,10630.0,Sheridon Gumbs,2539.0,Rishi Patel,,,Left,Wicketkeeper,0.0,0,0.0,0.0,,LengthBall,OutsideOff,,Missed,BackFoot,BackwardDefensive,SeamAway,Round,Medium,Right,Null,NotReferred,Null,False,False,False,False,False,True,,False,False,False,False,False,False,0.0,0.0,0.0,0.0,0.0,False,False
1635621,10,2.1,1,0,0,21,0,1,76215,,39441,County Championship Division Two 2026,2,42,Leicestershire Men,45,Yorkshire Men,8738735,2026-08-29T11:23:06Z,3,57,False,,,,7012.0,Jack White,10630.0,Sheridon Gumbs,2539.0,Rishi Patel,358.0,43.0,Left,Cover,0.0,0,0.0,0.0,,BackOfALength,OutsideOff,,None,BackFoot,BackwardDefensive,NoMovement,Round,Medium,Right,Null,NotReferred,Null,False,False,False,False,False,True,,False,False,False,False,False,False,0.0,0.0,0.0,0.0,0.0,False,False
1635621,10,2.1,1,0,0,21,0,1,76215,,39441,County Championship Division Two 2026,2,42,Leicestershire Men,45,Yorkshire Men,8738738,2026-08-29T11:23:48Z,4,58,False,,,,7012.0,Jack White,10630.0,Sheridon Gumbs,2539.0,Rishi Patel,202.0,82.0,Left,Square Leg,1.0,0,1.0,1.0,,BackOfALength,OffStump,,None,BackFoot,Worked,NoMovement,Round,Medium,Right,Null,NotReferred,Null,False,False,False,False,False,True,,False,False,False,False,False,False,1.0,0.0,0.0,0.0,0.0,False,False
1635621,10,2.1,1,0,0,21,0,1,76215,,39441,County Championship Division Two 2026,2,42,Leicestershire Men,45,Yorkshire Men,8738739,2026-08-29T11:24:28Z,5,59,False,,,,7012.0,Jack White,2539.0,Rishi Patel,10630.0,Sheridon Gumbs,,,Right,Wicketkeeper,0.0,0,0.0,0.0,,LengthBall,OutsideOff,,Missed,BackFoot,BackwardDefensive,NoMovement,Over,Medium,Right,Null,NotReferred,Null,False,False,False,False,False,True,,False,False,False,False,False,False,0.0,0.0,0.0,0.0,0.0,False,False
1635621,10,2.1,1,0,0,21,0,1,76215,,39441,County Championship Division Two 2026,2,42,Leicestershire Men,45,Yorkshire Men,8738741,2026-08-29T11:25:06Z,6,60,False,,,,7012.0,Jack White,2539.0,Rishi Patel,10630.0,Sheridon Gumbs,,,Right,Bowler,0.0,0,0.0,0.0,,BackOfALength,OutsideOff,,None,BackFoot,BackwardDefensive,NoMovement,Over,Medium,Right,Null,NotReferred,Null,False,False,False,False,False,True,,False,False,False,False,False,False,0.0,0.0,0.0,0.0,0.0,False,False
1635623,11,2.09,2,0,0,23,0,2,76215,,39441,County Championship Division Two 2026,2,42,Leicestershire Men,45,Yorkshire Men,8738744,2026-08-29T11:26:02Z,1,61,False,,,,520.0,Ben Coad,10630.0,Sheridon Gumbs,2539.0,Rishi Patel,256.0,144.0,Left,Long On,2.0,0,2.0,2.0,,HalfVolley,OutsideOff,,None,FrontFoot,Drive,NoMovement,Round,Medium,Right,Null,NotReferred,Null,False,False,False,False,False,True,,False,False,False,False,False,False,2.0,0.0,0.0,0.0,0.0,False,False
1635623,11,2.09,2,0,0,23,0,2,76215,,39441,County Championship Division Two 2026,2,42,Leicestershire Men,45,Yorkshire Men,8738745,2026-08-29T11:26:37Z,2,62,False,,,,520.0,Ben Coad,10630.0,Sheridon Gumbs,2539.0,Rishi Patel,,,Left,Wicketkeeper,0.0,0,0.0,0.0,,LengthBall,OutsideOff,,Missed,FrontFoot,ForwardDefensive,NoMovement,Round,Medium,Right,Null,NotReferred,Null,False,False,False,False,False,True,,False,False,False,False,False,False,0.0,0.0,0.0,0.0,0.0,False,False
1635623,11,2.09,2,0,0,23,0,2,76215,,39441,County Championship Division Two 2026,2,42,Leicestershire Men,45,Yorkshire Men,8738747,2026-08-29T11:27:11Z,3,63,False,,,,520.0,Ben Coad,10630.0,Sheridon Gumbs,2539.0,Rishi Patel,41.0,63.0,Left,Gully,0.0,0,0.0,0.0,,BackOfALength,OutsideOff,,None,BackFoot,BackwardDefensive,NoMovement,Round,Medium,Right,Null,NotReferred,Null,False,False,False,False,False,True,,False,False,False,False,False,False,0.0,0.0,0.0,0.0,0.0,False,False
1635623,11,2.09,2,0,0,23,0,2,76215,,39441,County Championship Division Two 2026,2,42,Leicestershire Men,45,Yorkshire Men,8738749,2026-08-29T11:27:47Z,4,64,False,,,,520.0,Ben Coad,10630.0,Sheridon Gumbs,2539.0,Rishi Patel,,,Left,Wicketkeeper,0.0,0,0.0,0.0,,BackOfALength,OutsideOff,,Left,NoMovement,Leave,NoMovement,Round,Medium,Right,Null,NotReferred,Null,False,False,False,False,False,True,,False,False,False,False,False,False,0.0,0.0,0.0,0.0,0.0,False,False
1635623,11,2.09,2,0,0,23,0,2,76215,,39441,County Championship Division Two 2026,2,42,Leicestershire Men,45,Yorkshire Men,8738751,2026-08-29T11:28:21Z,5,65,False,,,,520.0,Ben Coad,10630.0,Sheridon Gumbs,2539.0,Rishi Patel,,,Left,Wicketkeeper,0.0,0,0.0,0.0,,LengthBall,OutsideOff,,Left,NoMovement,Leave,NoMovement,Round,Medium,Right,Null,NotReferred,Null,False,False,False,False,False,True,,False,False,False,False,False,False,0.0,0.0,0.0,0.0,0.0,False,False
1635623,11,2.09,2,0,0,23,0,2,76215,,39441,County Championship Division Two 2026,2,42,Leicestershire Men,45,Yorkshire Men,8738753,2026-08-29T11:28:54Z,6,66,False,,,,520.0,Ben Coad,10630.0,Sheridon Gumbs,2539.0,Rishi Patel,342.0,18.0,Left,Cover,0.0,0,0.0,0.0,,BackOfALength,OffStump,,None,BackFoot,BackwardDefensive,NoMovement,Round,Medium,Right,Null,NotReferred,Null,False,False,False,False,False,True,,False,False,False,False,False,False,0.0,0.0,0.0,0.0,0.0,False,False
1635625,12,2.25,4,0,0,27,0,4,76215,,39441,County Championship Division Two 2026,2,42,Leicestershire Men,45,Yorkshire Men,8738755,2026-08-29T11:29:51Z,1,67,False,,,,7012.0,Jack White,2539.0,Rishi Patel,10630.0,Sheridon Gumbs,352.0,171.0,Right,,4.0,0,4.0,4.0,,BackOfALength,OutsideOff,,WellTimed,FrontFoot,Flick,NoMovement,Over,Medium,Right,Null,NotReferred,Null,False,False,False,False,False,True,,False,False,False,False,False,False,4.0,0.0,0.0,0.0,0.0,True,False
1635625,12,2.25,4,0,0,27,0,4,76215,,39441,County Championship Division Two 2026,2,42,Leicestershire Men,45,Yorkshire Men,8738757,2026-08-29T11:30:34Z,2,68,False,,,,7012.0,Jack White,2539.0,Rishi Patel,10630.0,Sheridon Gumbs,238.0,49.0,Right,Extra Cover,0.0,0,0.0,0.0,,LengthBall,OutsideOff,,None,FrontFoot,ForwardDefensive,NoMovement,Over,Medium,Right,Null,NotReferred,Null,False,False,False,False,False,True,,False,False,False,False,False,False,0.0,0.0,0.0,0.0,0.0,False,False
1635625,12,2.25,4,0,0,27,0,4,76215,,39441,County Championship Division Two 2026,2,42,Leicestershire Men,45,Yorkshire Men,8738759,2026-08-29T11:31:07Z,3,69,False,,,,7012.0,Jack White,2539.0,Rishi Patel,10630.0,Sheridon Gumbs,227.0,63.0,Right,Extra Cover,0.0,0,0.0,0.0,,BackOfALength,OutsideOff,,None,BackFoot,BackwardDefensive,NoMovement,Over,Medium,Right,Null,NotReferred,Null,False,False,False,False,False,True,,False,False,False,False,False,False,0.0,0.0,0.0,0.0,0.0,False,False
1635625,12,2.25,4,0,0,27,0,4,76215,,39441,County Championship Division Two 2026,2,42,Leicestershire Men,45,Yorkshire Men,8738761,2026-08-29T11:32:08Z,4,70,False,,,,7012.0,Jack White,2539.0,Rishi Patel,10630.0,Sheridon Gumbs,,,Right,Wicketkeeper,0.0,0,0.0,0.0,,LengthBall,OutsideOff,,ShouldersArms,FrontFoot,ShouldersArms,NoMovement,Over,Medium,Right,Null,NotReferred,Null,False,False,False,False,False,True,,False,False,False,False,False,False,0.0,0.0,0.0,0.0,0.0,False,False
1635625,12,2.25,4,0,0,27,0,4,76215,,39441,County Championship Division Two 2026,2,42,Leicestershire Men,45,Yorkshire Men,8738763,2026-08-29T11:32:42Z,5,71,False,,,,7012.0,Jack White,2539.0,Rishi Patel,10630.0,Sheridon Gumbs,192.0,45.0,Right,Cover,0.0,0,0.0,0.0,,LengthBall,OutsideOff,,None,FrontFoot,ForwardDefensive,NoMovement,Over,Medium,Right,Null,NotReferred,Null,False,False,False,False,False,True,,False,False,False,False,False,False,0.0,0.0,0.0,0.0,0.0,False,False
1635625,12,2.25,4,0,0,27,0,4,76215,,39441,County Championship Division Two 2026,2,42,Leicestershire Men,45,Yorkshire Men,8738764,2026-08-29T11:33:19Z,6,72,False,,,,7012.0,Jack White,2539.0,Rishi Patel,10630.0,Sheridon Gumbs,,,Right,Wicketkeeper,0.0,0,0.0,0.0,,LengthBall,OutsideOff,,Left,NoMovement,Leave,NoMovement,Over,Medium,Right,Null,NotReferred,Null,False,False,False,False,False,True,,False,False,False,False,False,False,0.0,0.0,0.0,0.0,0.0,False,False
1635627,13,2.08,0,0,0,27,0,0,76215,,39441,County Championship Division Two 2026,2,42,Leicestershire Men,45,Yorkshire Men,8738766,2026-08-29T11:34:15Z,1,73,False,,,,520.0,Ben Coad,10630.0,Sheridon Gumbs,2539.0,Rishi Patel,,,Left,Wicketkeeper,0.0,0,0.0,0.0,,LengthBall,OutsideOff,,ShouldersArms,NoMovement,ShouldersArms,NoMovement,Round,Medium,Right,Null,NotReferred,Null,False,False,False,False,False,True,,False,False,False,False,False,False,0.0,0.0,0.0,0.0,0.0,False,False
1635627,13,2.08,0,0,0,27,0,0,76215,,39441,County Championship Division Two 2026,2,42,Leicestershire Men,45,Yorkshire Men,8738768,2026-08-29T11:34:51Z,2,74,False,,,,520.0,Ben Coad,10630.0,Sheridon Gumbs,2539.0,Rishi Patel,336.0,75.0,Left,Cover,0.0,0,0.0,0.0,,LengthBall,OutsideOff,,None,BackFoot,BackwardDefensive,InSwinger,Round,Medium,Right,Null,NotReferred,Null,False,False,False,False,False,True,,False,False,False,False,False,False,0.0,0.0,0.0,0.0,0.0,False,False
1635627,13,2.08,0,0,0,27,0,0,76215,,39441,County Championship Division Two 2026,2,42,Leicestershire Men,45,Yorkshire Men,8738770,2026-08-29T11:35:26Z,3,75,False,,,,520.0,Ben Coad,10630.0,Sheridon Gumbs,2539.0,Rishi Patel,209.0,18.0,Left,Short Leg,0.0,0,0.0,0.0,,LengthBall,OutsideOff,,None,FrontFoot,ForwardDefensive,NoMovement,Round,Medium,Right,Null,NotReferred,Null,False,False,False,False,False,True,,False,False,False,False,False,False,0.0,0.0,0.0,0.0,0.0,False,False
1635627,13,2.08,0,0,0,27,0,0,76215,,39441,County Championship Division Two 2026,2,42,Leicestershire Men,45,Yorkshire Men,8738772,2026-08-29T11:36:00Z,4,76,False,,,,520.0,Ben Coad,10630.0,Sheridon Gumbs,2539.0,Rishi Patel,,,Left,Wicketkeeper,0.0,0,0.0,0.0,,LengthBall,OutsideOff,,Left,NoMovement,Leave,NoMovement,Round,Medium,Right,Null,NotReferred,Null,False,False,False,False,False,True,,False,False,False,False,False,False,0.0,0.0,0.0,0.0,0.0,False,False
1635627,13,2.08,0,0,0,27,0,0,76215,,39441,County Championship Division Two 2026,2,42,Leicestershire Men,45,Yorkshire Men,8738774,2026-08-29T11:36:33Z,5,77,False,,,,520.0,Ben Coad,10630.0,Sheridon Gumbs,2539.0,Rishi Patel,2.0,69.0,Left,Backward Point,0.0,0,0.0,0.0,,BackOfALength,OutsideOff,,None,BackFoot,BackwardDefensive,NoMovement,Round,Medium,Right,Null,NotReferred,Null,False,False,False,False,False,True,,False,False,False,False,False,False,0.0,0.0,0.0,0.0,0.0,False,False
1635627,13,2.08,0,0,0,27,0,0,76215,,39441,County Championship Division Two 2026,2,42,Leicestershire Men,45,Yorkshire Men,8738775,2026-08-29T11:37:11Z,6,78,False,,,,520.0,Ben Coad,10630.0,Sheridon Gumbs,2539.0,Rishi Patel,355.0,65.0,Left,Cover,0.0,0,0.0,0.0,,LengthBall,OutsideOff,,None,FrontFoot,ForwardDefensive,NoMovement,Round,Medium,Right,Null,NotReferred,Null,False,False,False,False,False,True,,False,False,False,False,False,False,0.0,0.0,0.0,0.0,0.0,False,False
1635628,14,2.0,1,0,0,28,0,1,76215,,39441,County Championship Division Two 2026,2,42,Leicestershire Men,45,Yorkshire Men,8738777,2026-08-29T11:38:04Z,1,79,False,,,,3005.0,George Hill,2539.0,Rishi Patel,10630.0,Sheridon Gumbs,292.0,60.0,Right,Mid On,0.0,0,0.0,0.0,,LengthBall,OffStump,,None,FrontFoot,ForwardDefensive,NoMovement,Over,Medium,Right,Null,NotReferred,Null,False,False,False,False,False,True,,False,False,False,False,False,False,0.0,0.0,0.0,0.0,0.0,False,False
1635628,14,2.0,1,0,0,28,0,1,76215,,39441,County Championship Division Two 2026,2,42,Leicestershire Men,45,Yorkshire Men,8738778,2026-08-29T11:38:36Z,2,80,False,,,,3005.0,George Hill,2539.0,Rishi Patel,10630.0,Sheridon Gumbs,176.0,44.0,Right,Backward Point,0.0,0,0.0,0.0,,LengthBall,OutsideOff,,None,FrontFoot,ForwardDefensive,NoMovement,Over,Medium,Right,Null,NotReferred,Null,False,False,False,False,False,True,,False,False,False,False,False,False,0.0,0.0,0.0,0.0,0.0,False,False
1635628,14,2.0,1,0,0,28,0,1,76215,,39441,County Championship Division Two 2026,2,42,Leicestershire Men,45,Yorkshire Men,8738780,2026-08-29T11:39:09Z,3,81,False,,,,3005.0,George Hill,2539.0,Rishi Patel,10630.0,Sheridon Gumbs,,,Right,Bowler,0.0,0,0.0,0.0,,LengthBall,OutsideOff,,None,FrontFoot,ForwardDefensive,NoMovement,Over,Medium,Right,Null,NotReferred,Null,False,False,False,False,False,True,,False,False,False,False,False,False,0.0,0.0,0.0,0.0,0.0,False,False
1635628,14,2.0,1,0,0,28,0,1,76215,,39441,County Championship Division Two 2026,2,42,Leicestershire Men,45,Yorkshire Men,8738782,2026-08-29T11:39:40Z,4,82,False,,,,3005.0,George Hill,2539.0,Rishi Patel,10630.0,Sheridon Gumbs,,,Right,Bowler,0.0,0,0.0,0.0,,BackOfALength,OutsideOff,,None,BackFoot,BackwardDefensive,NoMovement,Over,Medium,Right,Null,NotReferred,Null,False,False,False,False,False,True,,False,False,False,False,False,False,0.0,0.0,0.0,0.0,0.0,False,False
1635628,14,2.0,1,0,0,28,0,1,76215,,39441,County Championship Division Two 2026,2,42,Leicestershire Men,45,Yorkshire Men,8738784,2026-08-29T11:40:12Z,5,83,False,,,,3005.0,George Hill,2539.0,Rishi Patel,10630.0,Sheridon Gumbs,,,Right,Wicketkeeper,0.0,0,0.0,0.0,,LengthBall,OutsideOff,,Left,NoMovement,Leave,AwaySwinger,Over,Medium,Right,Null,NotReferred,Null,False,False,False,False,False,True,,False,False,False,False,False,False,0.0,0.0,0.0,0.0,0.0,False,False
1635628,14,2.0,1,0,0,28,0,1,76215,,39441,County Championship Division Two 2026,2,42,Leicestershire Men,45,Yorkshire Men,8738786,2026-08-29T11:40:44Z,6,84,False,,,,3005.0,George Hill,2539.0,Rishi Patel,10630.0,Sheridon Gumbs,359.0,82.0,Right,Square Leg,1.0,0,1.0,1.0,,BackOfALength,OutsideOff,,Gloved,BackFoot,Fended,NoMovement,Over,Medium,Right,Null,NotReferred,Null,False,False,False,False,False,True,,False,False,False,False,False,False,1.0,0.0,0.0,0.0,0.0,False,False
1635630,15,1.93,1,0,0,29,0,1,76215,,39441,County Championship Division Two 2026,2,42,Leicestershire Men,45,Yorkshire Men,8738788,2026-08-29T11:42:00Z,1,85,False,,,,10602.0,Ben Cliff,2539.0,Rishi Patel,10630.0,Sheridon Gumbs,131.0,89.0,Right,Gully,1.0,0,1.0,1.0,,Short,OutsideOff,,None,BackFoot,BackwardDefensive,NoMovement,Over,FastSeam,Right,Null,NotReferred,Null,False,False,False,False,False,True,,False,False,False,False,False,False,1.0,0.0,0.0,0.0,0.0,False,False
1635630,15,1.93,1,0,0,29,0,1,76215,,39441,County Championship Division Two 2026,2,42,Leicestershire Men,45,Yorkshire Men,8738790,2026-08-29T11:42:54Z,2,86,False,,,,10602.0,Ben Cliff,10630.0,Sheridon Gumbs,2539.0,Rishi Patel,,,Left,Wicketkeeper,0.0,0,0.0,0.0,,LengthBall,MiddleStump,,Left,NoMovement,Leave,NoMovement,Over,FastSeam,Right,Null,NotReferred,Null,False,False,False,False,False,True,,False,False,False,False,False,False,0.0,0.0,0.0,0.0,0.0,False,False
1635630,15,1.93,1,0,0,29,0,1,76215,,39441,County Championship Division Two 2026,2,42,Leicestershire Men,45,Yorkshire Men,8738791,2026-08-29T11:43:27Z,3,87,False,,,,10602.0,Ben Cliff,10630.0,Sheridon Gumbs,2539.0,Rishi Patel,,,Left,Wicketkeeper,0.0,0,0.0,0.0,,HalfVolley,OutsideOff,,Left,NoMovement,Leave,NoMovement,Over,FastSeam,Right,Null,NotReferred,Null,False,False,False,False,False,True,,False,False,False,False,False,False,0.0,0.0,0.0,0.0,0.0,False,False
1635630,15,1.93,1,0,0,29,0,1,76215,,39441,County Championship Division Two 2026,2,42,Leicestershire Men,45,Yorkshire Men,8738792,2026-08-29T11:44:03Z,4,88,False,,,,10602.0,Ben Cliff,10630.0,Sheridon Gumbs,2539.0,Rishi Patel,,,Left,Wicketkeeper,0.0,0,0.0,0.0,,LengthBall,OffStump,,ShouldersArms,NoMovement,ShouldersArms,NoMovement,Over,FastSeam,Right,Null,NotReferred,Null,False,False,False,False,False,True,,False,False,False,False,False,False,0.0,0.0,0.0,0.0,0.0,False,False
1635630,15,1.93,1,0,0,29,0,1,76215,,39441,County Championship Division Two 2026,2,42,Leicestershire Men,45,Yorkshire Men,8738794,2026-08-29T11:44:38Z,5,89,False,,,,10602.0,Ben Cliff,10630.0,Sheridon Gumbs,2539.0,Rishi Patel,,,Left,Wicketkeeper,0.0,0,0.0,0.0,,BackOfALength,MiddleStump,,Missed,BackFoot,Pushed,NoMovement,Over,FastSeam,Right,Null,NotReferred,Null,False,False,False,False,False,True,,False,False,False,False,False,False,0.0,0.0,0.0,0.0,0.0,False,False
1635630,15,1.93,1,0,0,29,0,1,76215,,39441,County Championship Division Two 2026,2,42,Leicestershire Men,45,Yorkshire Men,8738797,2026-08-29T11:45:13Z,6,90,False,,,,10602.0,Ben Cliff,10630.0,Sheridon Gumbs,2539.0,Rishi Patel,352.0,66.0,Left,Cover,0.0,0,0.0,0.0,,LengthBall,DownLeg,Lbw,HitPad,BackFoot,Worked,NoMovement,Over,FastSeam,Right,Null,NotReferred,Null,False,False,False,False,False,True,1856.0,False,False,False,False,False,False,0.0,0.0,0.0,0.0,0.0,False,False
1635632,16,1.81,0,0,0,29,0,0,76215,,39441,County Championship Division Two 2026,2,42,Leicestershire Men,45,Yorkshire Men,8738800,2026-08-29T11:46:15Z,1,91,False,,,,3005.0,George Hill,2539.0,Rishi Patel,10630.0,Sheridon Gumbs,,,Right,Wicketkeeper,0.0,0,0.0,0.0,,LengthBall,OffStump,,PlayAndMissLegSide,BackFoot,Glance,InSwinger,Over,Medium,Right,Null,NotReferred,Null,False,False,False,False,False,True,,False,False,False,False,False,False,0.0,0.0,0.0,0.0,0.0,False,False
1635632,16,1.81,0,0,0,29,0,0,76215,,39441,County Championship Division Two 2026,2,42,Leicestershire Men,45,Yorkshire Men,8738802,2026-08-29T11:46:46Z,2,92,False,,,,3005.0,George Hill,2539.0,Rishi Patel,10630.0,Sheridon Gumbs,199.0,46.0,Right,Cover,0.0,0,0.0,0.0,,LengthBall,OutsideOff,,None,FrontFoot,ForwardDefensive,InSwinger,Over,Medium,Right,Null,NotReferred,Null,False,False,False,False,False,True,,False,False,False,False,False,False,0.0,0.0,0.0,0.0,0.0,False,False
1635632,16,1.81,0,0,0,29,0,0,76215,,39441,County Championship Division Two 2026,2,42,Leicestershire Men,45,Yorkshire Men,8738803,2026-08-29T11:47:17Z,3,93,False,,,,3005.0,George Hill,2539.0,Rishi Patel,10630.0,Sheridon Gumbs,293.0,74.0,Right,Mid On,0.0,0,0.0,0.0,,LengthBall,OutsideOff,,None,NoMovement,ForwardDefensive,NoMovement,Over,Medium,Right,Null,NotReferred,Null,False,False,False,False,False,True,,False,False,False,False,False,False,0.0,0.0,0.0,0.0,0.0,False,False
1635632,16,1.81,0,0,0,29,0,0,76215,,39441,County Championship Division Two 2026,2,42,Leicestershire Men,45,Yorkshire Men,8738804,2026-08-29T11:47:50Z,4,94,False,,,,3005.0,George Hill,2539.0,Rishi Patel,10630.0,Sheridon Gumbs,141.0,41.0,Right,Gully,0.0,0,0.0,0.0,,BackOfALength,OutsideOff,,None,BackFoot,BackwardDefensive,NoMovement,Over,Medium,Right,Null,NotReferred,Null,False,False,False,False,False,True,,False,False,False,False,False,False,0.0,0.0,0.0,0.0,0.0,False,False
1635632,16,1.81,0,0,0,29,0,0,76215,,39441,County Championship Division Two 2026,2,42,Leicestershire Men,45,Yorkshire Men,8738806,2026-08-29T11:48:22Z,5,95,False,,,,3005.0,George Hill,2539.0,Rishi Patel,10630.0,Sheridon Gumbs,215.0,43.0,Right,Extra Cover,0.0,0,0.0,0.0,,LengthBall,OutsideOff,,None,FrontFoot,ForwardDefensive,NoMovement,Over,Medium,Right,Null,NotReferred,Null,False,False,False,False,False,True,,False,False,False,False,False,False,0.0,0.0,0.0,0.0,0.0,False,False
1635632,16,1.81,0,0,0,29,0,0,76215,,39441,County Championship Division Two 2026,2,42,Leicestershire Men,45,Yorkshire Men,8738807,2026-08-29T11:48:56Z,6,96,False,,,,3005.0,George Hill,2539.0,Rishi Patel,10630.0,Sheridon Gumbs,,,Right,Bowler,0.0,0,0.0,0.0,,LengthBall,OutsideOff,,None,FrontFoot,ForwardDefensive,NoMovement,Over,Medium,Right,Null,NotReferred,Null,False,False,False,False,False,True,,False,False,False,False,False,False,0.0,0.0,0.0,0.0,0.0,False,False
1635634,17,1.94,4,0,0,33,0,4,76215,,39441,County Championship Division Two 2026,2,42,Leicestershire Men,45,Yorkshire Men,8738810,2026-08-29T11:49:58Z,1,97,False,,,,10602.0,Ben Cliff,10630.0,Sheridon Gumbs,2539.0,Rishi Patel,67.0,161.0,Left,,4.0,0,4.0,4.0,,BackOfALength,LegStump,,None,BackFoot,Steer,NoMovement,Over,FastSeam,Right,Null,NotReferred,Null,False,False,False,False,False,True,,False,False,False,False,False,False,4.0,0.0,0.0,0.0,0.0,True,False
1635634,17,1.94,4,0,0,33,0,4,76215,,39441,County Championship Division Two 2026,2,42,Leicestershire Men,45,Yorkshire Men,8738812,2026-08-29T11:50:44Z,2,98,False,,,,10602.0,Ben Cliff,10630.0,Sheridon Gumbs,2539.0,Rishi Patel,,,Left,Wicketkeeper,0.0,0,0.0,0.0,,LengthBall,MiddleStump,,Left,NoMovement,Leave,NoMovement,Over,FastSeam,Right,Null,NotReferred,Null,False,False,False,False,False,True,,False,False,False,False,False,False,0.0,0.0,0.0,0.0,0.0,False,False
1635634,17,1.94,4,0,0,33,0,4,76215,,39441,County Championship Division Two 2026,2,42,Leicestershire Men,45,Yorkshire Men,8738814,2026-08-29T11:51:20Z,3,99,False,,,,10602.0,Ben Cliff,10630.0,Sheridon Gumbs,2539.0,Rishi Patel,,,Left,Bowler,0.0,0,0.0,0.0,,LengthBall,LegStump,,None,FrontFoot,ForwardDefensive,NoMovement,Over,FastSeam,Right,Null,NotReferred,Null,False,False,False,False,False,True,,False,False,False,False,False,False,0.0,0.0,0.0,0.0,0.0,False,False
1635634,17,1.94,4,0,0,33,0,4,76215,,39441,County Championship Division Two 2026,2,42,Leicestershire Men,45,Yorkshire Men,8738816,2026-08-29T11:51:54Z,4,100,False,,,,10602.0,Ben Cliff,10630.0,Sheridon Gumbs,2539.0,Rishi Patel,359.0,56.0,Left,Cover,0.0,0,0.0,0.0,,LengthBall,OffStump,,None,FrontFoot,ForwardDefensive,NoMovement,Over,FastSeam,Right,Null,NotReferred,Null,False,False,False,False,False,True,,False,False,False,False,False,False,0.0,0.0,0.0,0.0,0.0,False,False
1635634,17,1.94,4,0,0,33,0,4,76215,,39441,County Championship Division Two 2026,2,42,Leicestershire Men,45,Yorkshire Men,8738817,2026-08-29T11:52:30Z,5,101,False,,,,10602.0,Ben Cliff,10630.0,Sheridon Gumbs,2539.0,Rishi Patel,,,Left,Wicketkeeper,0.0,0,0.0,0.0,,BackOfALength,MiddleStump,,Left,NoMovement,Leave,NoMovement,Over,FastSeam,Right,Null,NotReferred,Null,False,False,False,False,False,True,,False,False,False,False,False,False,0.0,0.0,0.0,0.0,0.0,False,False
1635634,17,1.94,4,0,0,33,0,4,76215,,39441,County Championship Division Two 2026,2,42,Leicestershire Men,45,Yorkshire Men,8738820,2026-08-29T11:53:09Z,6,102,False,,,,10602.0,Ben Cliff,10630.0,Sheridon Gumbs,2539.0,Rishi Patel,340.0,43.0,Left,Cover,0.0,0,0.0,0.0,,LengthBall,MiddleStump,,None,FrontFoot,ForwardDefensive,NoMovement,Over,FastSeam,Right,Null,NotReferred,Null,False,False,False,False,False,True,,False,False,False,False,False,False,0.0,0.0,0.0,0.0,0.0,False,False
1635636,18,1.89,1,0,0,34,0,1,76215,,39441,County Championship Division Two 2026,2,42,Leicestershire Men,45,Yorkshire Men,8738823,2026-08-29T11:54:02Z,1,103,False,,,,3005.0,George Hill,2539.0,Rishi Patel,10630.0,Sheridon Gumbs,289.0,71.0,Right,Mid On,0.0,0,0.0,0.0,,LengthBall,OutsideOff,,None,FrontFoot,ForwardDefensive,NoMovement,Over,Medium,Right,Null,NotReferred,Null,False,False,False,False,False,True,,False,False,False,False,False,False,0.0,0.0,0.0,0.0,0.0,False,False
1635636,18,1.89,1,0,0,34,0,1,76215,,39441,County Championship Division Two 2026,2,42,Leicestershire Men,45,Yorkshire Men,8738825,2026-08-29T11:54:33Z,2,104,False,,,,3005.0,George Hill,2539.0,Rishi Patel,10630.0,Sheridon Gumbs,234.0,57.0,Right,Extra Cover,0.0,0,0.0,0.0,,HalfVolley,OutsideOff,,None,FrontFoot,ForwardDefensive,NoMovement,Over,Medium,Right,Null,NotReferred,Null,False,False,False,False,False,True,,False,False,False,False,False,False,0.0,0.0,0.0,0.0,0.0,False,False
1635636,18,1.89,1,0,0,34,0,1,76215,,39441,County Championship Division Two 2026,2,42,Leicestershire Men,45,Yorkshire Men,8738826,2026-08-29T11:55:06Z,3,105,False,,,,3005.0,George Hill,2539.0,Rishi Patel,10630.0,Sheridon Gumbs,,,Right,Wicketkeeper,0.0,0,0.0,0.0,,LengthBall,OutsideOff,,Missed,FrontFoot,ForwardDefensive,NoMovement,Over,Medium,Right,Null,NotReferred,Null,False,False,False,False,False,True,,False,False,False,False,False,False,0.0,0.0,0.0,0.0,0.0,False,False
1635636,18,1.89,1,0,0,34,0,1,76215,,39441,County Championship Division Two 2026,2,42,Leicestershire Men,45,Yorkshire Men,8738828,2026-08-29T11:55:43Z,4,106,False,,,,3005.0,George Hill,2539.0,Rishi Patel,10630.0,Sheridon Gumbs,,,Right,Wicketkeeper,0.0,0,0.0,0.0,,LengthBall,OutsideOff,,Left,NoMovement,Leave,NoMovement,Over,Medium,Right,Null,NotReferred,Null,False,False,False,False,False,True,,False,False,False,False,False,False,0.0,0.0,0.0,0.0,0.0,False,False
1635636,18,1.89,1,0,0,34,0,1,76215,,39441,County Championship Division Two 2026,2,42,Leicestershire Men,45,Yorkshire Men,8738830,2026-08-29T11:56:18Z,5,107,False,,,,3005.0,George Hill,2539.0,Rishi Patel,10630.0,Sheridon Gumbs,29.0,102.0,Right,Deep Backward Square Leg,1.0,0,1.0,1.0,,LengthBall,OutsideOff,,None,BackFoot,Worked,NoMovement,Over,Medium,Right,Null,NotReferred,Null,False,False,False,False,False,True,,False,False,False,False,False,False,1.0,0.0,0.0,0.0,0.0,False,False
1635636,18,1.89,1,0,0,34,0,1,76215,,39441,County Championship Division Two 2026,2,42,Leicestershire Men,45,Yorkshire Men,8738832,2026-08-29T11:57:02Z,6,108,False,,,,3005.0,George Hill,10630.0,Sheridon Gumbs,2539.0,Rishi Patel,,,Left,Wicketkeeper,0.0,0,0.0,0.0,,HalfVolley,OutsideOff,,ShouldersArms,NoMovement,ShouldersArms,NoMovement,Round,Medium,Right,Null,NotReferred,Null,False,False,False,False,False,True,,False,False,False,False,False,False,0.0,0.0,0.0,0.0,0.0,False,False
1635638,19,1.95,3,0,0,37,0,3,76215,,39441,County Championship Division Two 2026,2,42,Leicestershire Men,45,Yorkshire Men,8738834,2026-08-29T11:58:00Z,1,109,False,,,,10602.0,Ben Cliff,2539.0,Rishi Patel,10630.0,Sheridon Gumbs,,,Right,Wicketkeeper,0.0,0,0.0,0.0,,LengthBall,OutsideOff,,Left,NoMovement,Leave,NoMovement,Over,FastSeam,Right,Null,NotReferred,Null,False,False,False,False,False,True,,False,False,False,False,False,False,0.0,0.0,0.0,0.0,0.0,False,False
1635638,19,1.95,3,0,0,37,0,3,76215,,39441,County Championship Division Two 2026,2,42,Leicestershire Men,45,Yorkshire Men,8738837,2026-08-29T11:58:37Z,2,110,False,,,,10602.0,Ben Cliff,2539.0,Rishi Patel,10630.0,Sheridon Gumbs,146.0,37.0,Right,Third Slip,0.0,0,0.0,0.0,,LengthBall,OutsideOff,,ThickEdge,FrontFoot,ForwardDefensive,NoMovement,Over,FastSeam,Right,Null,NotReferred,Null,False,False,False,False,False,True,,False,False,False,False,False,False,0.0,0.0,0.0,0.0,0.0,False,False
1635638,19,1.95,3,0,0,37,0,3,76215,,39441,County Championship Division Two 2026,2,42,Leicestershire Men,45,Yorkshire Men,8738838,2026-08-29T11:59:16Z,3,111,False,,,,10602.0,Ben Cliff,2539.0,Rishi Patel,10630.0,Sheridon Gumbs,,,Right,Wicketkeeper,0.0,0,0.0,0.0,,BackOfALength,OutsideOff,,Missed,BackFoot,BackwardDefensive,NoMovement,Over,FastSeam,Right,Null,NotReferred,Null,False,False,False,False,False,True,,False,False,False,False,False,False,0.0,0.0,0.0,0.0,0.0,False,False
1635638,19,1.95,3,0,0,37,0,3,76215,,39441,County Championship Division Two 2026,2,42,Leicestershire Men,45,Yorkshire Men,8738842,,4,4,False,,,,,,,,,,,,,,,0,,,,,,,,0,,,,,,Null,NotReferred,Null,False,False,False,False,False,False,,False,False,False,False,False,False,,,,,,False,False
1635638,19,1.95,3,0,0,37,0,3,76215,,39441,County Championship Division Two 2026,2,42,Leicestershire Men,45,Yorkshire Men,8738841,2026-08-29T12:00:38Z,5,113,False,,,,10602.0,Ben Cliff,2539.0,Rishi Patel,10630.0,Sheridon Gumbs,,,Right,Wicketkeeper,0.0,0,0.0,0.0,,BackOfALength,OutsideOff,,ShouldersArms,NoMovement,ShouldersArms,NoMovement,Over,FastSeam,Right,Null,NotReferred,Null,False,False,False,False,False,True,,False,False,False,False,False,False,0.0,0.0,0.0,0.0,0.0,False,False
1635638,19,1.95,3,0,0,37,0,3,76215,,39441,County Championship Division Two 2026,2,42,Leicestershire Men,45,Yorkshire Men,8738847,2026-08-29T12:01:15Z,6,114,False,,,,10602.0,Ben Cliff,2539.0,Rishi Patel,10630.0,Sheridon Gumbs,216.0,98.0,Right,Extra Cover,1.0,0,1.0,1.0,,HalfVolley,OutsideOff,,None,FrontFoot,Drive,NoMovement,Over,FastSeam,Right,Null,NotReferred,Null,False,False,False,False,False,True,,False,False,False,False,False,False,1.0,0.0,0.0,0.0,0.0,False,False
1635641,20,1.95,2,0,0,39,0,2,76215,,39441,County Championship Division Two 2026,2,42,Leicestershire Men,45,Yorkshire Men,8738850,2026-08-29T12:02:27Z,1,115,False,,,,3005.0,George Hill,2539.0,Rishi Patel,10630.0,Sheridon Gumbs,155.0,45.0,Right,Backward Point,0.0,0,0.0,0.0,,BackOfALength,OutsideOff,,None,BackFoot,BackwardDefensive,NoMovement,Over,Medium,Right,Null,NotReferred,Null,False,False,False,False,False,True,,False,False,False,False,False,False,0.0,0.0,0.0,0.0,0.0,False,False
1635641,20,1.95,2,0,0,39,0,2,76215,,39441,County Championship Division Two 2026,2,42,Leicestershire Men,45,Yorkshire Men,8738852,2026-08-29T12:02:59Z,2,116,False,,,,3005.0,George Hill,2539.0,Rishi Patel,10630.0,Sheridon Gumbs,,,Right,Wicketkeeper,0.0,0,0.0,0.0,,LengthBall,OutsideOff,,Left,NoMovement,Leave,NoMovement,Over,Medium,Right,Null,NotReferred,Null,False,False,False,False,False,True,,False,False,False,False,False,False,0.0,0.0,0.0,0.0,0.0,False,False
1635641,20,1.95,2,0,0,39,0,2,76215,,39441,County Championship Division Two 2026,2,42,Leicestershire Men,45,Yorkshire Men,8738857,2026-08-29T12:03:34Z,3,117,False,,,,3005.0,George Hill,2539.0,Rishi Patel,10630.0,Sheridon Gumbs,137.0,156.0,Right,Third Man,2.0,0,2.0,2.0,,BackOfALength,OutsideOff,,None,BackFoot,Steer,NoMovement,Over,Medium,Right,Null,NotReferred,Null,False,False,False,False,False,True,,False,False,False,False,False,False,2.0,0.0,0.0,0.0,0.0,False,False
1635641,20,1.95,2,0,0,39,0,2,76215,,39441,County Championship Division Two 2026,2,42,Leicestershire Men,45,Yorkshire Men,8738858,2026-08-29T12:04:28Z,4,118,False,,,,3005.0,George Hill,2539.0,Rishi Patel,10630.0,Sheridon Gumbs,,,Right,Wicketkeeper,0.0,0,0.0,0.0,,LengthBall,OutsideOff,,Left,NoMovement,Leave,AwaySwinger,Over,Medium,Right,Null,NotReferred,Null,False,False,False,False,False,True,,False,False,False,False,False,False,0.0,0.0,0.0,0.0,0.0,False,False
1635641,20,1.95,2,0,0,39,0,2,76215,,39441,County Championship Division Two 2026,2,42,Leicestershire Men,45,Yorkshire Men,8738860,2026-08-29T12:05:05Z,5,119,False,,,,3005.0,George Hill,2539.0,Rishi Patel,10630.0,Sheridon Gumbs,,,Right,Wicketkeeper,0.0,0,0.0,0.0,,BackOfALength,OutsideOff,,Left,NoMovement,Leave,NoMovement,Over,Medium,Right,Null,NotReferred,Null,False,False,False,False,False,True,,False,False,False,False,False,False,0.0,0.0,0.0,0.0,0.0,False,False
1635641,20,1.95,2,0,0,39,0,2,76215,,39441,County Championship Division Two 2026,2,42,Leicestershire Men,45,Yorkshire Men,8738863,2026-08-29T12:05:34Z,6,120,False,,,,3005.0,George Hill,2539.0,Rishi Patel,10630.0,Sheridon Gumbs,,,Right,Wicketkeeper,0.0,0,0.0,0.0,,LengthBall,OutsideOff,,ShouldersArms,FrontFoot,ShouldersArms,NoMovement,Over,Medium,Right,Null,NotReferred,Null,False,False,False,False,False,True,,False,False,False,False,False,False,0.0,0.0,0.0,0.0,0.0,False,False
1635644,21,2.05,4,0,0,43,0,4,76215,,39441,County Championship Division Two 2026,2,42,Leicestershire Men,45,Yorkshire Men,8738868,2026-08-29T12:06:31Z,1,121,False,,,,10602.0,Ben Cliff,10630.0,Sheridon Gumbs,2539.0,Rishi Patel,,,Left,Wicketkeeper,0.0,0,0.0,0.0,,Short,DownLeg,,Missed,BackFoot,Fended,NoMovement,Over,FastSeam,Right,Null,NotReferred,Null,False,False,False,False,False,True,,False,False,False,False,False,False,0.0,0.0,0.0,0.0,0.0,False,False
1635644,21,2.05,4,0,0,43,0,4,76215,,39441,County Championship Division Two 2026,2,42,Leicestershire Men,45,Yorkshire Men,8738871,2026-08-29T12:07:08Z,2,122,False,,,,10602.0,Ben Cliff,10630.0,Sheridon Gumbs,2539.0,Rishi Patel,292.0,69.0,Left,Mid Off,0.0,0,0.0,0.0,,LengthBall,MiddleStump,,None,FrontFoot,ForwardDefensive,NoMovement,Over,FastSeam,Right,Null,NotReferred,Null,False,False,False,False,False,True,,False,False,False,False,False,False,0.0,0.0,0.0,0.0,0.0,False,False
1635644,21,2.05,4,0,0,43,0,4,76215,,39441,County Championship Division Two 2026,2,42,Leicestershire Men,45,Yorkshire Men,8738873,2026-08-29T12:07:44Z,3,123,False,,,,10602.0,Ben Cliff,10630.0,Sheridon Gumbs,2539.0,Rishi Patel,158.0,74.0,Left,Backward Square Leg,1.0,0,1.0,1.0,,BackOfALength,DownLeg,,None,BackFoot,Worked,NoMovement,Over,FastSeam,Right,Null,NotReferred,Null,False,False,False,False,False,True,,False,False,False,False,False,False,1.0,0.0,0.0,0.0,0.0,False,False
1635644,21,2.05,4,0,0,43,0,4,76215,,39441,County Championship Division Two 2026,2,42,Leicestershire Men,45,Yorkshire Men,8738875,2026-08-29T12:08:22Z,4,124,False,,,,10602.0,Ben Cliff,2539.0,Rishi Patel,10630.0,Sheridon Gumbs,341.0,58.0,Right,Square Leg,0.0,0,0.0,0.0,,LengthBall,OutsideOff,,None,FrontFoot,Worked,NoMovement,Over,FastSeam,Right,Null,NotReferred,Null,False,False,False,False,False,True,,False,False,False,False,False,False,0.0,0.0,0.0,0.0,0.0,False,False
1635644,21,2.05,4,0,0,43,0,4,76215,,39441,County Championship Division Two 2026,2,42,Leicestershire Men,45,Yorkshire Men,8738878,2026-08-29T12:08:57Z,5,125,False,,,,10602.0,Ben Cliff,2539.0,Rishi Patel,10630.0,Sheridon Gumbs,257.0,166.0,Right,Long Off,3.0,0,3.0,3.0,,HalfVolley,OutsideOff,,WellTimed,FrontFoot,Drive,NoMovement,Over,FastSeam,Right,Null,NotReferred,Null,False,False,False,False,False,True,,False,False,False,False,False,False,3.0,0.0,0.0,0.0,0.0,False,False
1635644,21,2.05,4,0,0,43,0,4,76215,,39441,County Championship Division Two 2026,2,42,Leicestershire Men,45,Yorkshire Men,8738880,2026-08-29T12:09:44Z,6,126,False,,,,10602.0,Ben Cliff,10630.0,Sheridon Gumbs,2539.0,Rishi Patel,,,Left,Wicketkeeper,0.0,0,0.0,0.0,,LengthBall,MiddleStump,,ShouldersArms,NoMovement,ShouldersArms,NoMovement,Over,FastSeam,Right,Null,NotReferred,Null,False,False,False,False,False,True,,False,False,False,False,False,False,0.0,0.0,0.0,0.0,0.0,False,False
1635656,22,2.14,4,0,0,47,0,4,76215,,39441,County Championship Division Two 2026,2,42,Leicestershire Men,45,Yorkshire Men,8738945,2026-08-29T12:50:06Z,1,127,False,,,,520.0,Ben Coad,2539.0,Rishi Patel,10630.0,Sheridon Gumbs,,,Right,Bowler,0.0,0,0.0,0.0,,LengthBall,OutsideOff,,None,FrontFoot,ForwardDefensive,NoMovement,Over,Medium,Right,Null,NotReferred,Null,False,False,False,False,False,True,,False,False,False,False,False,False,0.0,0.0,0.0,0.0,0.0,False,False
1635656,22,2.14,4,0,0,47,0,4,76215,,39441,County Championship Division Two 2026,2,42,Leicestershire Men,45,Yorkshire Men,8738948,2026-08-29T12:50:50Z,2,128,False,,,,520.0,Ben Coad,2539.0,Rishi Patel,10630.0,Sheridon Gumbs,199.0,53.0,Right,Cover,0.0,0,0.0,0.0,,LengthBall,OutsideOff,,None,FrontFoot,ForwardDefensive,NoMovement,Over,Medium,Right,Null,NotReferred,Null,False,False,False,False,False,True,,False,False,False,False,False,False,0.0,0.0,0.0,0.0,0.0,False,False
1635656,22,2.14,4,0,0,47,0,4,76215,,39441,County Championship Division Two 2026,2,42,Leicestershire Men,45,Yorkshire Men,8738949,2026-08-29T12:51:24Z,3,129,False,,,,520.0,Ben Coad,2539.0,Rishi Patel,10630.0,Sheridon Gumbs,,,Right,Wicketkeeper,0.0,0,0.0,0.0,,LengthBall,OutsideOff,,ShouldersArms,NoMovement,ShouldersArms,AwaySwinger,Over,Medium,Right,Null,NotReferred,Null,False,False,False,False,False,True,,False,False,False,False,False,False,0.0,0.0,0.0,0.0,0.0,False,False
1635656,22,2.14,4,0,0,47,0,4,76215,,39441,County Championship Division Two 2026,2,42,Leicestershire Men,45,Yorkshire Men,8738952,2026-08-29T12:52:01Z,4,130,False,,,,520.0,Ben Coad,2539.0,Rishi Patel,10630.0,Sheridon Gumbs,128.0,38.0,Right,Third Slip,0.0,0,0.0,0.0,,BackOfALength,OutsideOff,,MisTimed,BackFoot,BackwardDefensive,NoMovement,Over,Medium,Right,Null,NotReferred,Null,False,False,False,False,False,True,,False,False,False,False,False,False,0.0,0.0,0.0,0.0,0.0,False,False
1635656,22,2.14,4,0,0,47,0,4,76215,,39441,County Championship Division Two 2026,2,42,Leicestershire Men,45,Yorkshire Men,8738954,2026-08-29T12:52:34Z,5,131,False,,,,520.0,Ben Coad,2539.0,Rishi Patel,10630.0,Sheridon Gumbs,197.0,173.0,Right,,4.0,0,4.0,4.0,,BackOfALength,OutsideOff,,WellTimed,BackFoot,Cut,NoMovement,Over,Medium,Right,Null,NotReferred,Null,False,False,False,False,False,True,,False,False,False,False,False,False,4.0,0.0,0.0,0.0,0.0,True,False
1635656,22,2.14,4,0,0,47,0,4,76215,,39441,County Championship Division Two 2026,2,42,Leicestershire Men,45,Yorkshire Men,8738958,2026-08-29T12:53:12Z,6,132,False,,,,520.0,Ben Coad,2539.0,Rishi Patel,10630.0,Sheridon Gumbs,292.0,55.0,Right,Mid On,0.0,0,0.0,0.0,,LengthBall,OffStump,,None,FrontFoot,ForwardDefensive,AwaySwinger,Over,Medium,Right,Null,NotReferred,Null,False,False,False,False,False,True,,False,False,False,False,False,False,0.0,0.0,0.0,0.0,0.0,False,False
1635659,23,2.04,0,0,0,47,0,0,76215,,39441,County Championship Division Two 2026,2,42,Leicestershire Men,45,Yorkshire Men,8738963,2026-08-29T12:54:27Z,1,133,False,,,,2988.0,Matthew Revis,10630.0,Sheridon Gumbs,2539.0,Rishi Patel,,,Left,Wicketkeeper,0.0,0,0.0,0.0,,Short,DownLeg,,PlayAndMissLegSide,BackFoot,Glance,NoMovement,Over,Medium,Right,Null,NotReferred,Null,False,False,False,False,False,True,,False,False,False,False,False,False,0.0,0.0,0.0,0.0,0.0,False,False
1635659,23,2.04,0,0,0,47,0,0,76215,,39441,County Championship Division Two 2026,2,42,Leicestershire Men,45,Yorkshire Men,8738966,2026-08-29T12:55:05Z,2,134,False,,,,2988.0,Matthew Revis,10630.0,Sheridon Gumbs,2539.0,Rishi Patel,,,Left,Bowler,0.0,0,0.0,0.0,,BackOfALength,LegStump,,None,BackFoot,BackwardDefensive,NoMovement,Over,Medium,Right,Null,NotReferred,Null,False,False,False,False,False,True,,False,False,False,False,False,False,0.0,0.0,0.0,0.0,0.0,False,False
1635659,23,2.04,0,0,0,47,0,0,76215,,39441,County Championship Division Two 2026,2,42,Leicestershire Men,45,Yorkshire Men,8738967,2026-08-29T12:55:35Z,3,135,False,,,,2988.0,Matthew Revis,10630.0,Sheridon Gumbs,2539.0,Rishi Patel,,,Left,Bowler,0.0,0,0.0,0.0,,LengthBall,DownLeg,,HitPad,BackFoot,Worked,NoMovement,Over,Medium,Right,Null,NotReferred,Null,False,False,False,False,False,True,,False,False,False,False,False,False,0.0,0.0,0.0,0.0,0.0,False,False
1635659,23,2.04,0,0,0,47,0,0,76215,,39441,County Championship Division Two 2026,2,42,Leicestershire Men,45,Yorkshire Men,8738969,2026-08-29T12:56:05Z,4,136,False,,,,2988.0,Matthew Revis,10630.0,Sheridon Gumbs,2539.0,Rishi Patel,348.0,39.0,Left,Cover,0.0,0,0.0,0.0,,BackOfALength,LegStump,,None,BackFoot,BackwardDefensive,NoMovement,Over,Medium,Right,Null,NotReferred,Null,False,False,False,False,False,True,,False,False,False,False,False,False,0.0,0.0,0.0,0.0,0.0,False,False
1635659,23,2.04,0,0,0,47,0,0,76215,,39441,County Championship Division Two 2026,2,42,Leicestershire Men,45,Yorkshire Men,8738972,2026-08-29T12:56:47Z,5,137,False,,,,2988.0,Matthew Revis,10630.0,Sheridon Gumbs,2539.0,Rishi Patel,,,Left,Wicketkeeper,0.0,0,0.0,0.0,,LengthBall,OffStump,,Left,NoMovement,Leave,NoMovement,Over,Medium,Right,Null,NotReferred,Null,False,False,False,False,False,True,,False,False,False,False,False,False,0.0,0.0,0.0,0.0,0.0,False,False
1635659,23,2.04,0,0,0,47,0,0,76215,,39441,County Championship Division Two 2026,2,42,Leicestershire Men,45,Yorkshire Men,8738975,2026-08-29T12:57:20Z,6,138,False,,,,2988.0,Matthew Revis,10630.0,Sheridon Gumbs,2539.0,Rishi Patel,,,Left,Wicketkeeper,0.0,0,0.0,0.0,,BackOfALength,OffStump,,ShouldersArms,NoMovement,ShouldersArms,NoMovement,Over,Medium,Right,Null,NotReferred,Null,False,False,False,False,False,True,,False,False,False,False,False,False,0.0,0.0,0.0,0.0,0.0,False,False
1635662,24,1.96,0,0,0,47,0,0,76215,,39441,County Championship Division Two 2026,2,42,Leicestershire Men,45,Yorkshire Men,8738979,2026-08-29T12:58:19Z,1,139,False,,,,520.0,Ben Coad,2539.0,Rishi Patel,10630.0,Sheridon Gumbs,,,Right,Wicketkeeper,0.0,0,0.0,0.0,,BackOfALength,OutsideOff,,Missed,BackFoot,Cut,NoMovement,Over,Medium,Right,Null,NotReferred,Null,False,False,False,False,False,True,,False,False,False,False,False,False,0.0,0.0,0.0,0.0,0.0,False,False
1635662,24,1.96,0,0,0,47,0,0,76215,,39441,County Championship Division Two 2026,2,42,Leicestershire Men,45,Yorkshire Men,8738982,2026-08-29T12:58:54Z,2,140,False,,,,520.0,Ben Coad,2539.0,Rishi Patel,10630.0,Sheridon Gumbs,261.0,71.0,Right,Mid Off,0.0,0,0.0,0.0,,LengthBall,OutsideOff,,None,FrontFoot,ForwardDefensive,NoMovement,Over,Medium,Right,Null,NotReferred,Null,False,False,False,False,False,True,,False,False,False,False,False,False,0.0,0.0,0.0,0.0,0.0,False,False
1635662,24,1.96,0,0,0,47,0,0,76215,,39441,County Championship Division Two 2026,2,42,Leicestershire Men,45,Yorkshire Men,8738985,2026-08-29T12:59:28Z,3,141,False,,,,520.0,Ben Coad,2539.0,Rishi Patel,10630.0,Sheridon Gumbs,,,Right,Wicketkeeper,0.0,0,0.0,0.0,,BackOfALength,OutsideOff,,Missed,BackFoot,BackwardDefensive,AwaySwinger,Over,Medium,Right,Null,NotReferred,Null,False,False,False,False,False,True,,False,False,False,False,False,False,0.0,0.0,0.0,0.0,0.0,False,False
1635662,24,1.96,0,0,0,47,0,0,76215,,39441,County Championship Division Two 2026,2,42,Leicestershire Men,45,Yorkshire Men,8738987,2026-08-29T13:00:05Z,4,4,False,,,,520.0,Ben Coad,2539.0,Rishi Patel,10630.0,Sheridon Gumbs,,,Right,Wicketkeeper,0.0,0,0.0,0.0,,LengthBall,OutsideOff,,Left,NoMovement,Leave,NoMovement,Over,Medium,Right,Null,NotReferred,Null,False,False,False,False,False,True,,False,False,False,False,False,False,0.0,0.0,0.0,0.0,0.0,False,False
1635662,24,1.96,0,0,0,47,0,0,76215,,39441,County Championship Division Two 2026,2,42,Leicestershire Men,45,Yorkshire Men,8738989,2026-08-29T13:00:40Z,5,143,False,,,,520.0,Ben Coad,2539.0,Rishi Patel,10630.0,Sheridon Gumbs,252.0,86.0,Right,Mid Off,0.0,0,0.0,0.0,,HalfVolley,OffStump,,None,FrontFoot,Drive,NoMovement,Over,Medium,Right,Null,NotReferred,Null,False,False,False,False,False,True,,False,False,False,False,False,False,0.0,0.0,0.0,0.0,0.0,False,False
1635662,24,1.96,0,0,0,47,0,0,76215,,39441,County Championship Division Two 2026,2,42,Leicestershire Men,45,Yorkshire Men,8738992,2026-08-29T13:01:12Z,6,144,False,,,,520.0,Ben Coad,2539.0,Rishi Patel,10630.0,Sheridon Gumbs,,,Right,Wicketkeeper,0.0,0,0.0,0.0,,LengthBall,OutsideOff,,Missed,FrontFoot,ForwardDefensive,NoMovement,Over,Medium,Right,Null,NotReferred,Null,False,False,False,False,False,True,,False,False,False,False,False,False,0.0,0.0,0.0,0.0,0.0,False,False
1635665,25,1.92,1,0,0,48,0,1,76215,,39441,County Championship Division Two 2026,2,42,Leicestershire Men,45,Yorkshire Men,8738994,2026-08-29T13:02:07Z,1,145,False,,,,2988.0,Matthew Revis,10630.0,Sheridon Gumbs,2539.0,Rishi Patel,5.0,18.0,Left,Backward Point,0.0,0,0.0,0.0,,LengthBall,LegStump,,InsideEdge,FrontFoot,ForwardDefensive,NoMovement,Over,Medium,Right,Null,NotReferred,Null,False,False,False,False,False,True,,False,False,False,False,False,False,0.0,0.0,0.0,0.0,0.0,False,False
1635665,25,1.92,1,0,0,48,0,1,76215,,39441,County Championship Division Two 2026,2,42,Leicestershire Men,45,Yorkshire Men,8738997,2026-08-29T13:02:42Z,2,146,False,,,,2988.0,Matthew Revis,10630.0,Sheridon Gumbs,2539.0,Rishi Patel,,,Left,Wicketkeeper,0.0,0,0.0,0.0,,HalfVolley,OutsideOff,,Left,NoMovement,Leave,NoMovement,Over,Medium,Right,Null,NotReferred,Null,False,False,False,False,False,True,,False,False,False,False,False,False,0.0,0.0,0.0,0.0,0.0,False,False
1635665,25,1.92,1,0,0,48,0,1,76215,,39441,County Championship Division Two 2026,2,42,Leicestershire Men,45,Yorkshire Men,8739000,2026-08-29T13:03:15Z,3,147,False,,,,2988.0,Matthew Revis,10630.0,Sheridon Gumbs,2539.0,Rishi Patel,311.0,53.0,Left,Extra Cover,0.0,0,0.0,0.0,,LengthBall,MiddleStump,,None,FrontFoot,ForwardDefensive,NoMovement,Over,Medium,Right,Null,NotReferred,Null,False,False,False,False,False,True,,False,False,False,False,False,False,0.0,0.0,0.0,0.0,0.0,False,False
1635665,25,1.92,1,0,0,48,0,1,76215,,39441,County Championship Division Two 2026,2,42,Leicestershire Men,45,Yorkshire Men,8739002,2026-08-29T13:03:48Z,4,148,False,,,,2988.0,Matthew Revis,10630.0,Sheridon Gumbs,2539.0,Rishi Patel,,,Left,Wicketkeeper,0.0,0,0.0,0.0,,BackOfALength,LegStump,,Missed,BackFoot,Pushed,NoMovement,Over,Medium,Right,Null,NotReferred,Null,False,False,False,False,False,True,,False,False,False,False,False,False,0.0,0.0,0.0,0.0,0.0,False,False
1635665,25,1.92,1,0,0,48,0,1,76215,,39441,County Championship Division Two 2026,2,42,Leicestershire Men,45,Yorkshire Men,8739006,2026-08-29T13:04:24Z,5,149,False,,,,2988.0,Matthew Revis,10630.0,Sheridon Gumbs,2539.0,Rishi Patel,163.0,70.0,Left,Backward Square Leg,1.0,0,1.0,1.0,,BackOfALength,DownLeg,,None,BackFoot,Worked,NoMovement,Over,Medium,Right,Null,NotReferred,Null,False,False,False,False,False,True,,False,False,False,False,False,False,1.0,0.0,0.0,0.0,0.0,False,False
1635665,25,1.92,1,0,0,48,0,1,76215,,39441,County Championship Division Two 2026,2,42,Leicestershire Men,45,Yorkshire Men,8739009,2026-08-29T13:05:07Z,6,150,False,,,,2988.0,Matthew Revis,2539.0,Rishi Patel,10630.0,Sheridon Gumbs,234.0,56.0,Right,Extra Cover,0.0,0,0.0,0.0,,LengthBall,OutsideOff,,None,FrontFoot,ForwardDefensive,NoMovement,Over,Medium,Right,Null,NotReferred,Null,False,False,False,False,False,True,,False,False,False,False,False,False,0.0,0.0,0.0,0.0,0.0,False,False
1635667,26,1.88,1,0,0,49,0,1,76215,,39441,County Championship Division Two 2026,2,42,Leicestershire Men,45,Yorkshire Men,8739010,2026-08-29T13:06:02Z,1,151,False,,,,520.0,Ben Coad,10630.0,Sheridon Gumbs,2539.0,Rishi Patel,,,Left,Wicketkeeper,0.0,0,0.0,0.0,,LengthBall,OutsideOff,,Left,NoMovement,Leave,AwaySwinger,Round,Medium,Right,Null,NotReferred,Null,False,False,False,False,False,True,,False,False,False,False,False,False,0.0,0.0,0.0,0.0,0.0,False,False
1635667,26,1.88,1,0,0,49,0,1,76215,,39441,County Championship Division Two 2026,2,42,Leicestershire Men,45,Yorkshire Men,8739012,2026-08-29T13:06:39Z,2,152,False,,,,520.0,Ben Coad,10630.0,Sheridon Gumbs,2539.0,Rishi Patel,,,Left,Wicketkeeper,0.0,0,0.0,0.0,,LengthBall,OutsideOff,,Left,NoMovement,Leave,NoMovement,Round,Medium,Right,Null,NotReferred,Null,False,False,False,False,False,True,,False,False,False,False,False,False,0.0,0.0,0.0,0.0,0.0,False,False
1635667,26,1.88,1,0,0,49,0,1,76215,,39441,County Championship Division Two 2026,2,42,Leicestershire Men,45,Yorkshire Men,8739015,2026-08-29T13:07:20Z,3,153,False,,,,520.0,Ben Coad,10630.0,Sheridon Gumbs,2539.0,Rishi Patel,,,Left,Wicketkeeper,0.0,0,0.0,0.0,,LengthBall,OffStump,,Left,NoMovement,Leave,AwaySwinger,Round,Medium,Right,Null,NotReferred,Null,False,False,False,False,False,True,,False,False,False,False,False,False,0.0,0.0,0.0,0.0,0.0,False,False
1635667,26,1.88,1,0,0,49,0,1,76215,,39441,County Championship Division Two 2026,2,42,Leicestershire Men,45,Yorkshire Men,8739018,2026-08-29T13:07:54Z,4,154,False,,,,520.0,Ben Coad,10630.0,Sheridon Gumbs,2539.0,Rishi Patel,,,Left,Wicketkeeper,0.0,0,0.0,0.0,,LengthBall,OutsideOff,,Left,NoMovement,Leave,AwaySwinger,Round,Medium,Right,Null,NotReferred,Null,False,False,False,False,False,True,,False,False,False,False,False,False,0.0,0.0,0.0,0.0,0.0,False,False
1635667,26,1.88,1,0,0,49,0,1,76215,,39441,County Championship Division Two 2026,2,42,Leicestershire Men,45,Yorkshire Men,8739021,2026-08-29T13:08:29Z,5,155,False,,,,520.0,Ben Coad,10630.0,Sheridon Gumbs,2539.0,Rishi Patel,141.0,148.0,Left,Fine Leg,1.0,0,1.0,1.0,,LengthBall,OffStump,,None,BackFoot,Worked,NoMovement,Round,Medium,Right,Null,NotReferred,Null,False,False,False,False,False,True,,False,False,False,False,False,False,1.0,0.0,0.0,0.0,0.0,False,False
1635667,26,1.88,1,0,0,49,0,1,76215,,39441,County Championship Division Two 2026,2,42,Leicestershire Men,45,Yorkshire Men,8739024,2026-08-29T13:09:11Z,6,156,False,,,,520.0,Ben Coad,2539.0,Rishi Patel,10630.0,Sheridon Gumbs,,,Right,Wicketkeeper,0.0,0,0.0,0.0,,BackOfALength,OutsideOff,,Missed,BackFoot,BackwardDefensive,NoMovement,Over,Medium,Right,Null,NotReferred,Null,False,False,False,False,False,True,,False,False,False,False,False,False,0.0,0.0,0.0,0.0,0.0,False,False
1635670,27,1.96,4,0,0,53,0,4,76215,,39441,County Championship Division Two 2026,2,42,Leicestershire Men,45,Yorkshire Men,8739029,2026-08-29T13:10:02Z,1,1,False,,,,2988.0,Matthew Revis,10630.0,Sheridon Gumbs,2539.0,Rishi Patel,14.0,67.0,Left,Backward Point,0.0,0,0.0,0.0,,LengthBall,MiddleStump,,None,FrontFoot,ForwardDefensive,NoMovement,Over,Medium,Right,Null,NotReferred,Null,False,False,False,False,False,True,,False,False,False,False,False,False,0.0,0.0,0.0,0.0,0.0,False,False
1635670,27,1.96,4,0,0,53,0,4,76215,,39441,County Championship Division Two 2026,2,42,Leicestershire Men,45,Yorkshire Men,8739030,2026-08-29T13:10:34Z,2,2,False,,,,2988.0,Matthew Revis,10630.0,Sheridon Gumbs,2539.0,Rishi Patel,36.0,164.0,Left,,4.0,0,4.0,4.0,,LengthBall,MiddleStump,,OutsideEdge,FrontFoot,Drive,NoMovement,Over,Medium,Right,Null,NotReferred,Null,False,False,False,False,False,True,,False,False,False,False,False,False,4.0,0.0,0.0,0.0,0.0,True,False
1635670,27,1.96,4,0,0,53,0,4,76215,,39441,County Championship Division Two 2026,2,42,Leicestershire Men,45,Yorkshire Men,8739035,2026-08-29T13:11:25Z,3,159,False,,,,2988.0,Matthew Revis,10630.0,Sheridon Gumbs,2539.0,Rishi Patel,231.0,50.0,Left,Mid Wicket,0.0,0,0.0,0.0,,BackOfALength,DownLeg,,None,BackFoot,BackwardDefensive,NoMovement,Over,Medium,Right,Null,NotReferred,Null,False,False,False,False,False,True,,False,False,False,False,False,False,0.0,0.0,0.0,0.0,0.0,False,False
1635670,27,1.96,4,0,0,53,0,4,76215,,39441,County Championship Division Two 2026,2,42,Leicestershire Men,45,Yorkshire Men,8739037,2026-08-29T13:11:58Z,4,160,False,,,,2988.0,Matthew Revis,10630.0,Sheridon Gumbs,2539.0,Rishi Patel,,,Left,Wicketkeeper,0.0,0,0.0,0.0,,Short,LegStump,,Left,NoMovement,Leave,NoMovement,Over,Medium,Right,Null,NotReferred,Null,False,False,False,False,False,True,,False,False,False,False,False,False,0.0,0.0,0.0,0.0,0.0,False,False
1635670,27,1.96,4,0,0,53,0,4,76215,,39441,County Championship Division Two 2026,2,42,Leicestershire Men,45,Yorkshire Men,8739040,2026-08-29T13:12:32Z,5,161,False,,,,2988.0,Matthew Revis,10630.0,Sheridon Gumbs,2539.0,Rishi Patel,,,Left,Wicketkeeper,0.0,0,0.0,0.0,,LengthBall,OffStump,,Left,NoMovement,Leave,NoMovement,Over,Medium,Right,Null,NotReferred,Null,False,False,False,False,False,True,,False,False,False,False,False,False,0.0,0.0,0.0,0.0,0.0,False,False
1635670,27,1.96,4,0,0,53,0,4,76215,,39441,County Championship Division Two 2026,2,42,Leicestershire Men,45,Yorkshire Men,8739043,2026-08-29T13:13:09Z,6,162,False,,,,2988.0,Matthew Revis,10630.0,Sheridon Gumbs,2539.0,Rishi Patel,,,Left,Wicketkeeper,0.0,0,0.0,0.0,,BackOfALength,MiddleStump,,Missed,BackFoot,Pushed,NoMovement,Over,Medium,Right,Null,NotReferred,Null,False,False,False,False,False,True,,False,False,False,False,False,False,0.0,0.0,0.0,0.0,0.0,False,False
1635673,28,2.18,8,0,0,61,0,8,76215,,39441,County Championship Division Two 2026,2,42,Leicestershire Men,45,Yorkshire Men,8739046,2026-08-29T13:14:09Z,1,163,False,,,,520.0,Ben Coad,2539.0,Rishi Patel,10630.0,Sheridon Gumbs,71.0,161.0,Right,,4.0,0,4.0,4.0,,LengthBall,OffStump,,None,BackFoot,Glance,NoMovement,Over,Medium,Right,Null,NotReferred,Null,False,False,False,False,False,True,,False,False,False,False,False,False,4.0,0.0,0.0,0.0,0.0,True,False
1635673,28,2.18,8,0,0,61,0,8,76215,,39441,County Championship Division Two 2026,2,42,Leicestershire Men,45,Yorkshire Men,8739049,2026-08-29T13:14:45Z,2,164,False,,,,520.0,Ben Coad,2539.0,Rishi Patel,10630.0,Sheridon Gumbs,252.0,66.0,Right,Mid Off,0.0,0,0.0,0.0,,LengthBall,OffStump,,None,FrontFoot,Drive,NoMovement,Over,Medium,Right,Null,NotReferred,Null,False,False,False,False,False,True,,False,False,False,False,False,False,0.0,0.0,0.0,0.0,0.0,False,False
1635673,28,2.18,8,0,0,61,0,8,76215,,39441,County Championship Division Two 2026,2,42,Leicestershire Men,45,Yorkshire Men,8739051,2026-08-29T13:15:16Z,3,165,False,,,,520.0,Ben Coad,2539.0,Rishi Patel,10630.0,Sheridon Gumbs,302.0,100.0,Right,Deep Mid Wicket,0.0,0,0.0,0.0,,HalfVolley,OutsideOff,,None,FrontFoot,ForwardDefensive,NoMovement,Over,Medium,Right,Null,NotReferred,Null,False,False,False,False,False,True,,False,False,False,False,False,False,0.0,0.0,0.0,0.0,0.0,False,False
1635673,28,2.18,8,0,0,61,0,8,76215,,39441,County Championship Division Two 2026,2,42,Leicestershire Men,45,Yorkshire Men,8739053,2026-08-29T13:15:53Z,4,166,False,,,,520.0,Ben Coad,2539.0,Rishi Patel,10630.0,Sheridon Gumbs,151.0,165.0,Right,,4.0,0,4.0,4.0,,BackOfALength,OutsideOff,,WellTimed,BackFoot,Cut,NoMovement,Over,Medium,Right,Null,NotReferred,Null,False,False,False,False,False,True,,False,False,False,False,False,False,4.0,0.0,0.0,0.0,0.0,True,False
1635673,28,2.18,8,0,0,61,0,8,76215,,39441,County Championship Division Two 2026,2,42,Leicestershire Men,45,Yorkshire Men,8739056,2026-08-29T13:16:45Z,5,167,False,,,,520.0,Ben Coad,2539.0,Rishi Patel,10630.0,Sheridon Gumbs,218.0,32.0,Right,Extra Cover,0.0,0,0.0,0.0,,HalfVolley,OutsideOff,,None,FrontFoot,ForwardDefensive,NoMovement,Over,Medium,Right,Null,NotReferred,Null,False,False,False,False,False,True,,False,False,False,False,False,False,0.0,0.0,0.0,0.0,0.0,False,False
1635673,28,2.18,8,0,0,61,0,8,76215,,39441,County Championship Division Two 2026,2,42,Leicestershire Men,45,Yorkshire Men,8739058,2026-08-29T13:17:21Z,6,168,False,,,,520.0,Ben Coad,2539.0,Rishi Patel,10630.0,Sheridon Gumbs,,,Right,Wicketkeeper,0.0,0,0.0,0.0,,LengthBall,OutsideOff,,Missed,FrontFoot,ForwardDefensive,NoMovement,Over,Medium,Right,Null,NotReferred,Null,False,False,False,False,False,True,,False,False,False,False,False,False,0.0,0.0,0.0,0.0,0.0,False,False
1635676,29,2.1,0,0,0,61,0,0,76215,,39441,County Championship Division Two 2026,2,42,Leicestershire Men,45,Yorkshire Men,8739062,2026-08-29T13:18:16Z,1,169,False,,,,2988.0,Matthew Revis,10630.0,Sheridon Gumbs,2539.0,Rishi Patel,318.0,56.0,Left,Extra Cover,0.0,0,0.0,0.0,,LengthBall,MiddleStump,,None,FrontFoot,ForwardDefensive,NoMovement,Over,Medium,Right,Null,NotReferred,Null,False,False,False,False,False,True,,False,False,False,False,False,False,0.0,0.0,0.0,0.0,0.0,False,False
1635676,29,2.1,0,0,0,61,0,0,76215,,39441,County Championship Division Two 2026,2,42,Leicestershire Men,45,Yorkshire Men,8739065,2026-08-29T13:18:58Z,2,170,False,,,,2988.0,Matthew Revis,10630.0,Sheridon Gumbs,2539.0,Rishi Patel,,,Left,Wicketkeeper,0.0,0,0.0,0.0,,BackOfALength,MiddleStump,,ShouldersArms,NoMovement,ShouldersArms,NoMovement,Over,Medium,Right,Null,NotReferred,Null,False,False,False,False,False,True,,False,False,False,False,False,False,0.0,0.0,0.0,0.0,0.0,False,False
1635676,29,2.1,0,0,0,61,0,0,76215,,39441,County Championship Division Two 2026,2,42,Leicestershire Men,45,Yorkshire Men,8739067,2026-08-29T13:19:32Z,3,171,False,,,,2988.0,Matthew Revis,10630.0,Sheridon Gumbs,2539.0,Rishi Patel,,,Left,Wicketkeeper,0.0,0,0.0,0.0,,LengthBall,LegStump,,Missed,FrontFoot,ForwardDefensive,NoMovement,Over,Medium,Right,Null,NotReferred,Null,False,False,False,False,False,True,,False,False,False,False,False,False,0.0,0.0,0.0,0.0,0.0,False,False
1635676,29,2.1,0,0,0,61,0,0,76215,,39441,County Championship Division Two 2026,2,42,Leicestershire Men,45,Yorkshire Men,8739069,2026-08-29T13:20:05Z,4,172,False,,,,2988.0,Matthew Revis,10630.0,Sheridon Gumbs,2539.0,Rishi Patel,,,Left,Wicketkeeper,0.0,0,0.0,0.0,,Yorker,OutsideOff,,Left,NoMovement,Leave,NoMovement,Over,Medium,Right,Null,NotReferred,Null,False,False,False,False,False,True,,False,False,False,False,False,False,0.0,0.0,0.0,0.0,0.0,False,False
1635676,29,2.1,0,0,0,61,0,0,76215,,39441,County Championship Division Two 2026,2,42,Leicestershire Men,45,Yorkshire Men,8739073,2026-08-29T13:20:55Z,5,173,False,,,,2988.0,Matthew Revis,10630.0,Sheridon Gumbs,2539.0,Rishi Patel,,,Left,Wicketkeeper,0.0,0,0.0,0.0,,BackOfALength,MiddleStump,,Left,NoMovement,Leave,NoMovement,Over,Medium,Right,Null,NotReferred,Null,False,False,False,False,False,True,,False,False,False,False,False,False,0.0,0.0,0.0,0.0,0.0,False,False
1635676,29,2.1,0,0,0,61,0,0,76215,,39441,County Championship Division Two 2026,2,42,Leicestershire Men,45,Yorkshire Men,8739077,2026-08-29T13:21:34Z,6,174,False,,,,2988.0,Matthew Revis,10630.0,Sheridon Gumbs,2539.0,Rishi Patel,41.0,50.0,Left,Gully,0.0,0,0.0,0.0,,BackOfALength,LegStump,,None,BackFoot,BackwardDefensive,NoMovement,Over,Medium,Right,Null,NotReferred,Null,False,False,False,False,False,True,,False,False,False,False,False,False,0.0,0.0,0.0,0.0,0.0,False,False
1635680,30,2.33,9,0,0,70,0,9,76215,,39441,County Championship Division Two 2026,2,42,Leicestershire Men,45,Yorkshire Men,8739082,2026-08-29T13:22:32Z,1,175,False,,,,520.0,Ben Coad,2539.0,Rishi Patel,10630.0,Sheridon Gumbs,4.0,49.0,Right,Backward Square Leg,1.0,0,1.0,1.0,,BackOfALength,OutsideOff,,None,BackFoot,Worked,NoMovement,Over,Medium,Right,Null,NotReferred,Null,False,False,False,False,False,True,,False,False,False,False,False,False,1.0,0.0,0.0,0.0,0.0,False,False
1635680,30,2.33,9,0,0,70,0,9,76215,,39441,County Championship Division Two 2026,2,42,Leicestershire Men,45,Yorkshire Men,8739085,2026-08-29T13:23:12Z,2,176,False,,,,520.0,Ben Coad,10630.0,Sheridon Gumbs,2539.0,Rishi Patel,13.0,168.0,Left,,4.0,0,4.0,4.0,,LengthBall,OutsideOff,,None,FrontFoot,Drive,NoMovement,Round,Medium,Right,Null,NotReferred,Null,False,False,False,False,False,True,,False,False,False,False,False,False,4.0,0.0,0.0,0.0,0.0,True,False
1635680,30,2.33,9,0,0,70,0,9,76215,,39441,County Championship Division Two 2026,2,42,Leicestershire Men,45,Yorkshire Men,8739091,2026-08-29T13:24:10Z,3,177,False,,,,520.0,Ben Coad,10630.0,Sheridon Gumbs,2539.0,Rishi Patel,305.0,63.0,Left,Extra Cover,0.0,0,0.0,0.0,,LengthBall,OffStump,,None,FrontFoot,ForwardDefensive,NoMovement,Round,Medium,Right,Null,NotReferred,Null,False,False,False,False,False,True,,False,False,False,False,False,False,0.0,0.0,0.0,0.0,0.0,False,False
1635680,30,2.33,9,0,0,70,0,9,76215,,39441,County Championship Division Two 2026,2,42,Leicestershire Men,45,Yorkshire Men,8739093,2026-08-29T13:24:43Z,4,178,False,,,,520.0,Ben Coad,10630.0,Sheridon Gumbs,2539.0,Rishi Patel,322.0,176.0,Left,,4.0,0,4.0,4.0,,HalfVolley,OutsideOff,,WellTimed,FrontFoot,Drive,NoMovement,Round,Medium,Right,Null,NotReferred,Null,False,False,False,False,False,True,,False,False,False,False,False,False,4.0,0.0,0.0,0.0,0.0,True,False
1635680,30,2.33,9,0,0,70,0,9,76215,,39441,County Championship Division Two 2026,2,42,Leicestershire Men,45,Yorkshire Men,8739098,2026-08-29T13:25:32Z,5,179,False,,,,520.0,Ben Coad,10630.0,Sheridon Gumbs,2539.0,Rishi Patel,,,Left,Wicketkeeper,0.0,0,0.0,0.0,,BackOfALength,OutsideOff,,Left,NoMovement,Leave,NoMovement,Round,Medium,Right,Null,NotReferred,Null,False,False,False,False,False,True,,False,False,False,False,False,False,0.0,0.0,0.0,0.0,0.0,False,False
1635680,30,2.33,9,0,0,70,0,9,76215,,39441,County Championship Division Two 2026,2,42,Leicestershire Men,45,Yorkshire Men,8739102,2026-08-29T13:26:10Z,6,180,False,,,,520.0,Ben Coad,10630.0,Sheridon Gumbs,2539.0,Rishi Patel,309.0,60.0,Left,Extra Cover,0.0,0,0.0,0.0,,LengthBall,OutsideOff,,None,FrontFoot,ForwardDefensive,NoMovement,Round,Medium,Right,Null,NotReferred,Null,False,False,False,False,False,True,,False,False,False,False,False,False,0.0,0.0,0.0,0.0,0.0,False,False
1635683,31,2.32,2,0,0,72,0,2,76215,,39441,County Championship Division Two 2026,2,42,Leicestershire Men,45,Yorkshire Men,8739105,2026-08-29T13:27:03Z,1,181,False,,,,2988.0,Matthew Revis,2539.0,Rishi Patel,10630.0,Sheridon Gumbs,,,Right,Wicketkeeper,0.0,0,0.0,0.0,,LengthBall,MiddleStump,,HitPad,BackFoot,Worked,NoMovement,Over,Medium,Right,Null,NotReferred,Null,False,False,False,False,False,True,,False,False,False,False,False,False,0.0,0.0,0.0,0.0,0.0,False,False
1635683,31,2.32,2,0,0,72,0,2,76215,,39441,County Championship Division Two 2026,2,42,Leicestershire Men,45,Yorkshire Men,8739110,2026-08-29T13:27:45Z,2,182,False,,,,2988.0,Matthew Revis,2539.0,Rishi Patel,10630.0,Sheridon Gumbs,297.0,53.0,Right,Mid On,0.0,0,0.0,0.0,,BackOfALength,MiddleStump,,None,BackFoot,BackwardDefensive,NoMovement,Over,Medium,Right,Null,NotReferred,Null,False,False,False,False,False,True,,False,False,False,False,False,False,0.0,0.0,0.0,0.0,0.0,False,False
1635683,31,2.32,2,0,0,72,0,2,76215,,39441,County Championship Division Two 2026,2,42,Leicestershire Men,45,Yorkshire Men,8739111,2026-08-29T13:28:18Z,3,183,False,,,,2988.0,Matthew Revis,2539.0,Rishi Patel,10630.0,Sheridon Gumbs,213.0,50.0,Right,Extra Cover,0.0,0,0.0,0.0,,LengthBall,OutsideOff,,None,FrontFoot,ForwardDefensive,NoMovement,Over,Medium,Right,Null,NotReferred,Null,False,False,False,False,False,True,,False,False,False,False,False,False,0.0,0.0,0.0,0.0,0.0,False,False
1635683,31,2.32,2,0,0,72,0,2,76215,,39441,County Championship Division Two 2026,2,42,Leicestershire Men,45,Yorkshire Men,8739112,2026-08-29T13:28:53Z,4,184,False,,,,2988.0,Matthew Revis,2539.0,Rishi Patel,10630.0,Sheridon Gumbs,294.0,82.0,Right,Mid On,1.0,0,1.0,1.0,,LengthBall,OutsideOff,,None,BackFoot,Pushed,NoMovement,Over,Medium,Right,Null,NotReferred,Null,False,False,False,False,False,True,,False,False,False,False,False,False,1.0,0.0,0.0,0.0,0.0,False,False
1635683,31,2.32,2,0,0,72,0,2,76215,,39441,County Championship Division Two 2026,2,42,Leicestershire Men,45,Yorkshire Men,8739115,2026-08-29T13:29:42Z,5,5,False,,,,2988.0,Matthew Revis,10630.0,Sheridon Gumbs,2539.0,Rishi Patel,354.0,57.0,Left,Cover,0.0,0,0.0,0.0,,LengthBall,MiddleStump,,None,BackFoot,BackwardDefensive,NoMovement,Over,Medium,Right,Null,NotReferred,Null,False,False,False,False,False,True,,False,False,False,False,False,False,0.0,0.0,0.0,0.0,0.0,False,False
1635683,31,2.32,2,0,0,72,0,2,76215,,39441,County Championship Division Two 2026,2,42,Leicestershire Men,45,Yorkshire Men,8739120,2026-08-29T13:30:19Z,6,186,False,,,,2988.0,Matthew Revis,10630.0,Sheridon Gumbs,2539.0,Rishi Patel,190.0,129.0,Left,Deep Square Leg,1.0,0,1.0,1.0,,LengthBall,MiddleStump,,None,BackFoot,Worked,NoMovement,Over,Medium,Right,Null,NotReferred,Null,False,False,False,False,False,True,,False,False,False,False,False,False,1.0,0.0,0.0,0.0,0.0,False,False
1635687,32,2.25,0,0,0,72,0,0,76215,,39441,County Championship Division Two 2026,2,42,Leicestershire Men,45,Yorkshire Men,8739126,2026-08-29T13:31:32Z,1,187,False,,,,7012.0,Jack White,10630.0,Sheridon Gumbs,2539.0,Rishi Patel,187.0,57.0,Left,Square Leg,0.0,0,0.0,0.0,,LengthBall,OutsideOff,,None,BackFoot,Worked,NoMovement,Round,Medium,Right,Null,NotReferred,Null,False,False,False,False,False,True,,False,False,False,False,False,False,0.0,0.0,0.0,0.0,0.0,False,False
1635687,32,2.25,0,0,0,72,0,0,76215,,39441,County Championship Division Two 2026,2,42,Leicestershire Men,45,Yorkshire Men,8739130,2026-08-29T13:32:13Z,2,188,False,,,,7012.0,Jack White,10630.0,Sheridon Gumbs,2539.0,Rishi Patel,16.0,62.0,Left,Backward Point,0.0,0,0.0,0.0,,BackOfALength,OutsideOff,,None,BackFoot,BackwardDefensive,NoMovement,Round,Medium,Right,Null,NotReferred,Null,False,False,False,False,False,True,,False,False,False,False,False,False,0.0,0.0,0.0,0.0,0.0,False,False
1635687,32,2.25,0,0,0,72,0,0,76215,,39441,County Championship Division Two 2026,2,42,Leicestershire Men,45,Yorkshire Men,8739132,2026-08-29T13:32:53Z,3,189,False,,,,7012.0,Jack White,10630.0,Sheridon Gumbs,2539.0,Rishi Patel,331.0,63.0,Left,Cover,0.0,0,0.0,0.0,,BackOfALength,OutsideOff,,None,BackFoot,BackwardDefensive,NoMovement,Round,Medium,Right,Null,NotReferred,Null,False,False,False,False,False,True,,False,False,False,False,False,False,0.0,0.0,0.0,0.0,0.0,False,False
1635687,32,2.25,0,0,0,72,0,0,76215,,39441,County Championship Division Two 2026,2,42,Leicestershire Men,45,Yorkshire Men,8739135,2026-08-29T13:33:30Z,4,190,False,,,,7012.0,Jack White,10630.0,Sheridon Gumbs,2539.0,Rishi Patel,,,Left,Wicketkeeper,0.0,0,0.0,0.0,,LengthBall,OutsideOff,,Missed,BackFoot,BackwardDefensive,SeamAway,Round,Medium,Right,Null,NotReferred,Null,False,False,False,False,False,True,,False,False,False,False,False,False,0.0,0.0,0.0,0.0,0.0,False,False
1635687,32,2.25,0,0,0,72,0,0,76215,,39441,County Championship Division Two 2026,2,42,Leicestershire Men,45,Yorkshire Men,8739138,2026-08-29T13:34:08Z,5,191,False,,,,7012.0,Jack White,10630.0,Sheridon Gumbs,2539.0,Rishi Patel,,,Left,Wicketkeeper,0.0,0,0.0,0.0,,LengthBall,OutsideOff,,ShouldersArms,NoMovement,ShouldersArms,NoMovement,Round,Medium,Right,Null,NotReferred,Null,False,False,False,False,False,True,,False,False,False,False,False,False,0.0,0.0,0.0,0.0,0.0,False,False
1635687,32,2.25,0,0,0,72,0,0,76215,,39441,County Championship Division Two 2026,2,42,Leicestershire Men,45,Yorkshire Men,8739141,2026-08-29T13:34:44Z,6,192,False,,,,7012.0,Jack White,10630.0,Sheridon Gumbs,2539.0,Rishi Patel,,,Left,Wicketkeeper,0.0,0,0.0,0.0,,BackOfALength,OutsideOff,,Missed,BackFoot,BackwardDefensive,NoMovement,Round,Medium,Right,Null,NotReferred,Null,False,False,False,False,False,True,,False,False,False,False,False,False,0.0,0.0,0.0,0.0,0.0,False,False
1635690,33,2.18,0,0,0,72,0,0,76215,,39441,County Championship Division Two 2026,2,42,Leicestershire Men,45,Yorkshire Men,8739145,2026-08-29T13:35:56Z,1,193,False,,,,3005.0,George Hill,2539.0,Rishi Patel,10630.0,Sheridon Gumbs,,,Right,Wicketkeeper,0.0,0,0.0,0.0,,LengthBall,OutsideOff,,Missed,FrontFoot,ForwardDefensive,AwaySwinger,Over,Medium,Right,Null,NotReferred,Null,False,False,False,False,False,True,,False,False,False,False,False,False,0.0,0.0,0.0,0.0,0.0,False,False
1635690,33,2.18,0,0,0,72,0,0,76215,,39441,County Championship Division Two 2026,2,42,Leicestershire Men,45,Yorkshire Men,8739147,2026-08-29T13:36:29Z,2,194,False,,,,3005.0,George Hill,2539.0,Rishi Patel,10630.0,Sheridon Gumbs,,,Right,Wicketkeeper,0.0,0,0.0,0.0,,LengthBall,OutsideOff,,Left,NoMovement,Leave,NoMovement,Over,Medium,Right,Null,NotReferred,Null,False,False,False,False,False,True,,False,False,False,False,False,False,0.0,0.0,0.0,0.0,0.0,False,False
1635690,33,2.18,0,0,0,72,0,0,76215,,39441,County Championship Division Two 2026,2,42,Leicestershire Men,45,Yorkshire Men,8739149,2026-08-29T13:37:03Z,3,195,False,,,,3005.0,George Hill,2539.0,Rishi Patel,10630.0,Sheridon Gumbs,,,Right,Wicketkeeper,0.0,0,0.0,0.0,,LengthBall,OutsideOff,,Missed,BackFoot,Pushed,AwaySwinger,Over,Medium,Right,Null,NotReferred,Null,False,False,False,False,False,True,,False,False,False,False,False,False,0.0,0.0,0.0,0.0,0.0,False,False
1635690,33,2.18,0,0,0,72,0,0,76215,,39441,County Championship Division Two 2026,2,42,Leicestershire Men,45,Yorkshire Men,8739151,2026-08-29T13:37:36Z,4,196,False,,,,3005.0,George Hill,2539.0,Rishi Patel,10630.0,Sheridon Gumbs,,,Right,Wicketkeeper,0.0,0,0.0,0.0,,BackOfALength,OutsideOff,,Missed,FrontFoot,ForwardDefensive,AwaySwinger,Over,Medium,Right,Null,NotReferred,Null,False,False,False,False,False,True,,False,False,False,False,False,False,0.0,0.0,0.0,0.0,0.0,False,False
1635690,33,2.18,0,0,0,72,0,0,76215,,39441,County Championship Division Two 2026,2,42,Leicestershire Men,45,Yorkshire Men,8739153,2026-08-29T13:38:13Z,5,197,False,,,,3005.0,George Hill,2539.0,Rishi Patel,10630.0,Sheridon Gumbs,,,Right,Wicketkeeper,0.0,0,0.0,0.0,,LengthBall,OutsideOff,,Left,NoMovement,Leave,AwaySwinger,Over,Medium,Right,Null,NotReferred,Null,False,False,False,False,False,True,,False,False,False,False,False,False,0.0,0.0,0.0,0.0,0.0,False,False
1635690,33,2.18,0,0,0,72,0,0,76215,,39441,County Championship Division Two 2026,2,42,Leicestershire Men,45,Yorkshire Men,8739157,2026-08-29T13:38:46Z,6,198,False,,,,3005.0,George Hill,2539.0,Rishi Patel,10630.0,Sheridon Gumbs,304.0,75.0,Right,Mid Wicket,0.0,0,0.0,0.0,,LengthBall,OffStump,,None,FrontFoot,ForwardDefensive,NoMovement,Over,Medium,Right,Null,NotReferred,Null,False,False,False,False,False,True,,False,False,False,False,False,False,0.0,0.0,0.0,0.0,0.0,False,False
1635691,34,2.15,1,0,0,73,0,1,76215,,39441,County Championship Division Two 2026,2,42,Leicestershire Men,45,Yorkshire Men,8739158,2026-08-29T13:39:42Z,1,199,False,,,,7012.0,Jack White,10630.0,Sheridon Gumbs,2539.0,Rishi Patel,,,Left,Wicketkeeper,0.0,0,0.0,0.0,,LengthBall,OutsideOff,,Left,NoMovement,Leave,NoMovement,Round,Medium,Right,Null,NotReferred,Null,False,False,False,False,False,True,,False,False,False,False,False,False,0.0,0.0,0.0,0.0,0.0,False,False
1635691,34,2.15,1,0,0,73,0,1,76215,,39441,County Championship Division Two 2026,2,42,Leicestershire Men,45,Yorkshire Men,8739161,2026-08-29T13:40:17Z,2,200,False,,,,7012.0,Jack White,10630.0,Sheridon Gumbs,2539.0,Rishi Patel,,,Left,Bowler,0.0,0,0.0,0.0,,BackOfALength,OutsideOff,,None,BackFoot,BackwardDefensive,NoMovement,Round,Medium,Right,Null,NotReferred,Null,False,False,False,False,False,True,,False,False,False,False,False,False,0.0,0.0,0.0,0.0,0.0,False,False
1635691,34,2.15,1,0,0,73,0,1,76215,,39441,County Championship Division Two 2026,2,42,Leicestershire Men,45,Yorkshire Men,8739164,2026-08-29T13:40:56Z,3,201,False,,,,7012.0,Jack White,10630.0,Sheridon Gumbs,2539.0,Rishi Patel,,,Left,Wicketkeeper,0.0,0,0.0,0.0,,LengthBall,OutsideOff,,Left,NoMovement,Leave,NoMovement,Round,Medium,Right,Null,NotReferred,Null,False,False,False,False,False,True,,False,False,False,False,False,False,0.0,0.0,0.0,0.0,0.0,False,False
1635691,34,2.15,1,0,0,73,0,1,76215,,39441,County Championship Division Two 2026,2,42,Leicestershire Men,45,Yorkshire Men,8739167,2026-08-29T13:41:33Z,4,202,False,,,,7012.0,Jack White,10630.0,Sheridon Gumbs,2539.0,Rishi Patel,2.0,64.0,Left,Backward Point,0.0,0,0.0,0.0,,BackOfALength,OutsideOff,,HitBody,BackFoot,BackwardDefensive,NoMovement,Round,Medium,Right,Null,NotReferred,Null,False,False,False,False,False,True,,False,False,False,False,False,False,0.0,0.0,0.0,0.0,0.0,False,False
1635691,34,2.15,1,0,0,73,0,1,76215,,39441,County Championship Division Two 2026,2,42,Leicestershire Men,45,Yorkshire Men,8739170,2026-08-29T13:42:10Z,5,203,False,,,,7012.0,Jack White,10630.0,Sheridon Gumbs,2539.0,Rishi Patel,188.0,78.0,Left,Square Leg,1.0,0,1.0,1.0,,BackOfALength,OffStump,,None,BackFoot,Worked,NoMovement,Round,Medium,Right,Null,NotReferred,Null,False,False,False,False,False,True,,False,False,False,False,False,False,1.0,0.0,0.0,0.0,0.0,False,False
1635691,34,2.15,1,0,0,73,0,1,76215,,39441,County Championship Division Two 2026,2,42,Leicestershire Men,45,Yorkshire Men,8739173,2026-08-29T13:42:55Z,6,204,False,,,,7012.0,Jack White,2539.0,Rishi Patel,10630.0,Sheridon Gumbs,307.0,78.0,Right,Mid Wicket,0.0,0,0.0,0.0,,LengthBall,OffStump,,None,BackFoot,BackwardDefensive,NoMovement,Round,Medium,Right,Null,NotReferred,Null,False,False,False,False,False,True,,False,False,False,False,False,False,0.0,0.0,0.0,0.0,0.0,False,False
1635695,35,2.23,5,0,0,78,0,5,76215,,39441,County Championship Division Two 2026,2,42,Leicestershire Men,45,Yorkshire Men,8739177,2026-08-29T13:43:58Z,1,205,False,,,,3005.0,George Hill,10630.0,Sheridon Gumbs,2539.0,Rishi Patel,314.0,89.0,Left,Extra Cover,1.0,0,1.0,1.0,,HalfVolley,OutsideOff,,None,FrontFoot,Drive,NoMovement,Round,Medium,Right,Null,NotReferred,Null,False,False,False,False,False,True,,False,False,False,False,False,False,1.0,0.0,0.0,0.0,0.0,False,False
1635695,35,2.23,5,0,0,78,0,5,76215,,39441,County Championship Division Two 2026,2,42,Leicestershire Men,45,Yorkshire Men,8739179,2026-08-29T13:44:37Z,2,206,False,,,,3005.0,George Hill,2539.0,Rishi Patel,10630.0,Sheridon Gumbs,298.0,56.0,Right,Mid On,0.0,0,0.0,0.0,,BackOfALength,OutsideOff,,None,BackFoot,BackwardDefensive,NoMovement,Over,Medium,Right,Null,NotReferred,Null,False,False,False,False,False,True,,False,False,False,False,False,False,0.0,0.0,0.0,0.0,0.0,False,False
1635695,35,2.23,5,0,0,78,0,5,76215,,39441,County Championship Division Two 2026,2,42,Leicestershire Men,45,Yorkshire Men,8739185,2026-08-29T13:46:31Z,3,207,False,,,,2988.0,Matthew Revis,2539.0,Rishi Patel,10630.0,Sheridon Gumbs,,,Right,Bowler,0.0,0,0.0,0.0,,LengthBall,OutsideOff,,HitPad,BackFoot,BackwardDefensive,NoMovement,Over,Medium,Right,Null,NotReferred,Null,False,False,False,False,False,True,,False,False,False,False,False,False,0.0,0.0,0.0,0.0,0.0,False,False
1635695,35,2.23,5,0,0,78,0,5,76215,,39441,County Championship Division Two 2026,2,42,Leicestershire Men,45,Yorkshire Men,8739188,2026-08-29T13:47:03Z,4,208,False,,,,2988.0,Matthew Revis,2539.0,Rishi Patel,10630.0,Sheridon Gumbs,141.0,23.0,Right,Gully,0.0,0,0.0,0.0,,BackOfALength,OutsideOff,,HitPad,NoMovement,Leave,SeamIn,Over,Medium,Right,Null,NotReferred,Null,False,False,False,False,False,True,,False,False,False,False,False,False,0.0,0.0,0.0,0.0,0.0,False,False
1635695,35,2.23,5,0,0,78,0,5,76215,,39441,County Championship Division Two 2026,2,42,Leicestershire Men,45,Yorkshire Men,8739192,2026-08-29T13:47:35Z,5,209,False,,,,2988.0,Matthew Revis,2539.0,Rishi Patel,10630.0,Sheridon Gumbs,236.0,52.0,Right,Extra Cover,0.0,0,0.0,0.0,,LengthBall,OutsideOff,,None,FrontFoot,Drive,NoMovement,Over,Medium,Right,Null,NotReferred,Null,False,False,False,False,False,True,,False,False,False,False,False,False,0.0,0.0,0.0,0.0,0.0,False,False
1635695,35,2.23,5,0,0,78,0,5,76215,,39441,County Championship Division Two 2026,2,42,Leicestershire Men,45,Yorkshire Men,8739197,2026-08-29T13:48:10Z,6,210,False,,,,2988.0,Matthew Revis,2539.0,Rishi Patel,10630.0,Sheridon Gumbs,,,Right,,0.0,4,4.0,0.0,,HalfVolley,LegStump,,PlayAndMissLegSide,FrontFoot,Flick,NoMovement,Over,Medium,Right,Null,NotReferred,Null,False,False,True,False,False,True,,False,False,False,False,False,False,4.0,4.0,0.0,0.0,0.0,False,False
1635699,36,2.33,6,0,0,84,0,6,76215,,39441,County Championship Division Two 2026,2,42,Leicestershire Men,45,Yorkshire Men,8739202,2026-08-29T13:49:39Z,1,211,False,,,,7012.0,Jack White,10630.0,Sheridon Gumbs,2539.0,Rishi Patel,,,Left,Wicketkeeper,0.0,0,0.0,0.0,,LengthBall,OutsideOff,,Missed,FrontFoot,ForwardDefensive,NoMovement,Round,Medium,Right,Null,NotReferred,Null,False,False,False,False,False,True,,False,False,False,False,False,False,0.0,0.0,0.0,0.0,0.0,False,False
1635699,36,2.33,6,0,0,84,0,6,76215,,39441,County Championship Division Two 2026,2,42,Leicestershire Men,45,Yorkshire Men,8739206,2026-08-29T13:50:18Z,2,212,False,,,,7012.0,Jack White,10630.0,Sheridon Gumbs,2539.0,Rishi Patel,132.0,163.0,Left,,4.0,0,4.0,4.0,,BackOfALength,OffStump,,WellTimed,BackFoot,Pull,NoMovement,Round,Medium,Right,Null,NotReferred,Null,False,False,False,False,False,True,,False,False,False,False,False,False,4.0,0.0,0.0,0.0,0.0,True,False
1635699,36,2.33,6,0,0,84,0,6,76215,,39441,County Championship Division Two 2026,2,42,Leicestershire Men,45,Yorkshire Men,8739210,2026-08-29T13:51:02Z,3,213,False,,,,7012.0,Jack White,10630.0,Sheridon Gumbs,2539.0,Rishi Patel,174.0,154.0,Left,Deep Backward Square Leg,2.0,0,2.0,2.0,,LengthBall,OffStump,,None,BackFoot,Worked,NoMovement,Round,Medium,Right,Null,NotReferred,Null,False,False,False,False,False,True,,False,False,False,False,False,False,2.0,0.0,0.0,0.0,0.0,False,False
