over_id,over_overNumber,over_runrate,over_runsConceded,over_wickets,over_runsExtras,over_totalInningRuns,over_totalInningWickets,over_totalRuns,id,matchName,fixtureId,fixtureName,inningNumber,battingTeamId,battingTeamName,bowlingTeamId,bowlingTeamName,ball_id,ballDateTime,ballNumber,totalBallNumber,isWicket,dismissalTypeId,dismissalPlayerId,dismissalPlayerName,bowlerPlayerId,bowlerPlayerName,battingPlayerId,battingPlayerName,nonStrikeBattingPlayerId,nonStrikeBattingPlayerName,battingHandId,fieldingPosition,runsConceded,extras,runs,runsScored,dismissalType,lengthTypeId,lineTypeId,appealDismissalTypeId,battingConnectionId,battingFeetId,battingShotTypeId,bowlingDetailId,bowlingFromId,bowlingTypeId,bowlingHandId,outcomeId,referralOutcomeId,noBallReasonId,isWide,isNoBall,isByes,isLegByes,isAirControlled,isAppeal,decisionOfficialId,isFreeHit,isNewBall,isPowerPlay,isBattingPowerPlay,isFloodLit,isReferred,teamRuns,runsByes,runsWide,runsLegByes,noBallsCount,isBoundry,isAirNotControlled,shotAngle,shotMagnitude
1637100,2,0.5,0,2,0,1,2,0,76280,,39449,County Championship Division Two 2026,1,45,Yorkshire Men,48,Surrey Men,8747648,2026-09-02T12:14:47Z,1,7,False,,,,168,Matt Fisher,156,Adam Lyth,7989,Will Luxton,Left,Wicketkeeper,0,0,0,0,,BackOfALength,OffStump,,Left,FrontFoot,Leave,SeamIn,Over,FastSeam,Right,Null,NotReferred,Null,False,False,False,False,False,True,,False,False,False,False,False,False,0,0,0,0,0,False,False,,
1637100,2,0.5,0,2,0,1,2,0,76280,,39449,County Championship Division Two 2026,1,45,Yorkshire Men,48,Surrey Men,8747653,2026-09-02T12:15:21Z,2,8,False,,,,168,Matt Fisher,156,Adam Lyth,7989,Will Luxton,Left,Wicketkeeper,0,0,0,0,,LengthBall,OffStump,,Left,BackFoot,Leave,NoMovement,Over,FastSeam,Right,Null,NotReferred,Null,False,False,False,False,False,True,,False,False,False,False,False,False,0,0,0,0,0,False,False,,
1637100,2,0.5,0,2,0,1,2,0,76280,,39449,County Championship Division Two 2026,1,45,Yorkshire Men,48,Surrey Men,8747664,2026-09-02T12:15:56Z,3,9,True,Lbw,156.0,Adam Lyth,168,Matt Fisher,156,Adam Lyth,7989,Will Luxton,Left,,0,0,0,0,LBW,LengthBall,OffStump,Lbw,HitPad,FrontFoot,Leave,InSwinger,Over,FastSeam,Right,Null,NotReferred,Null,False,False,False,False,False,True,1906.0,False,False,False,False,False,False,0,0,0,0,0,False,False,,
1637100,2,0.5,0,2,0,1,2,0,76280,,39449,County Championship Division Two 2026,1,45,Yorkshire Men,48,Surrey Men,8747668,2026-09-02T12:18:13Z,4,10,False,,,,168,Matt Fisher,963,Sam Whiteman,7989,Will Luxton,Left,Wicketkeeper,0,0,0,0,,LengthBall,OutsideOff,,Left,FrontFoot,Leave,SeamIn,Over,FastSeam,Right,Null,NotReferred,Null,False,False,False,False,False,True,,False,False,False,False,False,False,0,0,0,0,0,False,False,,
1637100,2,0.5,0,2,0,1,2,0,76280,,39449,County Championship Division Two 2026,1,45,Yorkshire Men,48,Surrey Men,8747677,2026-09-02T12:18:49Z,5,11,True,Lbw,963.0,Sam Whiteman,168,Matt Fisher,963,Sam Whiteman,7989,Will Luxton,Left,,0,0,0,0,LBW,LengthBall,OffStump,Lbw,HitPad,FrontFoot,ForwardDefensive,InSwinger,Over,FastSeam,Right,Null,NotReferred,Null,False,False,False,False,False,True,1906.0,False,False,False,False,False,False,0,0,0,0,0,False,False,,
1637100,2,0.5,0,2,0,1,2,0,76280,,39449,County Championship Division Two 2026,1,45,Yorkshire Men,48,Surrey Men,8747686,2026-09-02T12:21:11Z,6,12,False,,,,168,Matt Fisher,7094,James Wharton,7989,Will Luxton,Right,Wicketkeeper,0,0,0,0,,LengthBall,OutsideOff,,Missed,BackFoot,BackwardDefensive,AwaySwinger,Over,FastSeam,Right,Null,NotReferred,Null,False,False,False,False,False,True,,False,False,False,False,False,False,0,0,0,0,0,False,False,,
1637107,3,2.33,6,1,0,7,3,6,76280,,39449,County Championship Division Two 2026,1,45,Yorkshire Men,48,Surrey Men,8747692,2026-09-02T12:22:02Z,1,13,False,,,,785,Dan Worrall,7989,Will Luxton,7094,James Wharton,Right,Wicketkeeper,0,0,0,0,,LengthBall,OutsideOff,,Left,BackFoot,Leave,InSwinger,Over,FastSeam,Right,Null,NotReferred,Null,False,False,False,False,False,True,,False,False,False,False,False,False,0,0,0,0,0,False,False,,
1637107,3,2.33,6,1,0,7,3,6,76280,,39449,County Championship Division Two 2026,1,45,Yorkshire Men,48,Surrey Men,8747696,2026-09-02T12:22:35Z,2,14,False,,,,785,Dan Worrall,7989,Will Luxton,7094,James Wharton,Right,Wicketkeeper,0,0,0,0,,BackOfALength,OutsideOff,,Left,BackFoot,Leave,AwaySwinger,Over,FastSeam,Right,Null,NotReferred,Null,False,False,False,False,False,True,,False,False,False,False,False,False,0,0,0,0,0,False,False,,
1637107,3,2.33,6,1,0,7,3,6,76280,,39449,County Championship Division Two 2026,1,45,Yorkshire Men,48,Surrey Men,8747701,2026-09-02T12:23:10Z,3,15,True,Caught,7989.0,Will Luxton,785,Dan Worrall,7989,Will Luxton,7094,James Wharton,Right,Wicketkeeper,0,0,0,0,Caught,LengthBall,OutsideOff,Caught,OutsideEdge,FrontFoot,ForwardDefensive,AwaySwinger,Over,FastSeam,Right,Null,NotReferred,Null,False,False,False,False,False,True,1823.0,False,False,False,False,False,False,0,0,0,0,0,False,False,,
1637107,3,2.33,6,1,0,7,3,6,76280,,39449,County Championship Division Two 2026,1,45,Yorkshire Men,48,Surrey Men,8747711,2026-09-02T12:25:33Z,4,16,False,,,,785,Dan Worrall,2988,Matthew Revis,7094,James Wharton,Right,Deep Square Leg,3,0,3,3,,LengthBall,MiddleStump,,WellTimed,BackFoot,Worked,NoMovement,Over,FastSeam,Right,Null,NotReferred,Null,False,False,False,False,False,True,,False,False,False,False,False,False,3,0,0,0,0,False,False,354.0,164.0
1637107,3,2.33,6,1,0,7,3,6,76280,,39449,County Championship Division Two 2026,1,45,Yorkshire Men,48,Surrey Men,8747715,2026-09-02T12:26:22Z,5,17,False,,,,785,Dan Worrall,7094,James Wharton,2988,Matthew Revis,Right,Square Leg,0,0,0,0,,LengthBall,OutsideOff,,None,FrontFoot,ForwardDefensive,InSwinger,Over,FastSeam,Right,Null,NotReferred,Null,False,False,False,False,False,True,,False,False,False,False,False,False,0,0,0,0,0,False,False,332.0,52.0
1637107,3,2.33,6,1,0,7,3,6,76280,,39449,County Championship Division Two 2026,1,45,Yorkshire Men,48,Surrey Men,8747718,2026-09-02T12:26:57Z,6,18,False,,,,785,Dan Worrall,7094,James Wharton,2988,Matthew Revis,Right,Deep Mid Wicket,3,0,3,3,,LengthBall,LegStump,,WellTimed,FrontFoot,Flick,NoMovement,Over,FastSeam,Right,Null,NotReferred,Null,False,False,False,False,False,True,,False,False,False,False,False,False,3,0,0,0,0,False,False,313.0,164.0
1637112,4,1.75,0,0,0,7,3,0,76280,,39449,County Championship Division Two 2026,1,45,Yorkshire Men,48,Surrey Men,8747723,2026-09-02T12:28:00Z,1,19,False,,,,168,Matt Fisher,7094,James Wharton,2988,Matthew Revis,Right,Wicketkeeper,0,0,0,0,,BackOfALength,OutsideOff,,Left,FrontFoot,Leave,AwaySwinger,Over,FastSeam,Right,Null,NotReferred,Null,False,False,False,False,False,True,,False,False,False,False,False,False,0,0,0,0,0,False,False,,
1637112,4,1.75,0,0,0,7,3,0,76280,,39449,County Championship Division Two 2026,1,45,Yorkshire Men,48,Surrey Men,8747726,2026-09-02T12:28:34Z,2,20,False,,,,168,Matt Fisher,7094,James Wharton,2988,Matthew Revis,Right,Wicketkeeper,0,0,0,0,,LengthBall,OffStump,,Missed,FrontFoot,ForwardDefensive,AwaySwinger,Over,FastSeam,Right,Null,NotReferred,Null,False,False,False,False,False,True,,False,False,False,False,False,False,0,0,0,0,0,False,False,,
1637112,4,1.75,0,0,0,7,3,0,76280,,39449,County Championship Division Two 2026,1,45,Yorkshire Men,48,Surrey Men,8747730,2026-09-02T12:29:10Z,3,21,False,,,,168,Matt Fisher,7094,James Wharton,2988,Matthew Revis,Right,Cover,0,0,0,0,,BackOfALength,OutsideOff,,None,BackFoot,BackwardDefensive,NoMovement,Over,FastSeam,Right,Null,NotReferred,Null,False,False,False,False,False,True,,False,False,False,False,False,False,0,0,0,0,0,False,False,199.0,49.0
1637112,4,1.75,0,0,0,7,3,0,76280,,39449,County Championship Division Two 2026,1,45,Yorkshire Men,48,Surrey Men,8747734,2026-09-02T12:29:44Z,4,22,False,,,,168,Matt Fisher,7094,James Wharton,2988,Matthew Revis,Right,Wicketkeeper,0,0,0,0,,LengthBall,OffStump,,Missed,FrontFoot,Drive,AwaySwinger,Over,FastSeam,Right,Null,NotReferred,Null,False,False,False,False,False,True,,False,False,False,False,False,False,0,0,0,0,0,False,False,,
1637112,4,1.75,0,0,0,7,3,0,76280,,39449,County Championship Division Two 2026,1,45,Yorkshire Men,48,Surrey Men,8747737,2026-09-02T12:30:24Z,5,23,False,,,,168,Matt Fisher,7094,James Wharton,2988,Matthew Revis,Right,Wicketkeeper,0,0,0,0,,HalfVolley,OutsideOff,,Missed,FrontFoot,Drive,AwaySwinger,Over,FastSeam,Right,Null,NotReferred,Null,False,False,False,False,False,True,,False,False,False,False,False,False,0,0,0,0,0,False,False,,
1637112,4,1.75,0,0,0,7,3,0,76280,,39449,County Championship Division Two 2026,1,45,Yorkshire Men,48,Surrey Men,8747742,2026-09-02T12:31:02Z,6,24,False,,,,168,Matt Fisher,7094,James Wharton,2988,Matthew Revis,Right,Wicketkeeper,0,0,0,0,,LengthBall,OutsideOff,,Left,FrontFoot,Leave,AwaySwinger,Over,FastSeam,Right,Null,NotReferred,Null,False,False,False,False,False,True,,False,False,False,False,False,False,0,0,0,0,0,False,False,,
1637117,5,2.2,4,0,0,11,3,4,76280,,39449,County Championship Division Two 2026,1,45,Yorkshire Men,48,Surrey Men,8747748,2026-09-02T12:31:50Z,1,25,False,,,,785,Dan Worrall,2988,Matthew Revis,7094,James Wharton,Right,Wicketkeeper,0,0,0,0,,LengthBall,OutsideOff,,Left,FrontFoot,Leave,AwaySwinger,Over,FastSeam,Right,Null,NotReferred,Null,False,False,False,False,False,True,,False,False,False,False,False,False,0,0,0,0,0,False,False,,
1637117,5,2.2,4,0,0,11,3,4,76280,,39449,County Championship Division Two 2026,1,45,Yorkshire Men,48,Surrey Men,8747752,2026-09-02T12:32:27Z,2,26,False,,,,785,Dan Worrall,2988,Matthew Revis,7094,James Wharton,Right,Backward Point,0,0,0,0,,LengthBall,OutsideOff,,None,FrontFoot,ForwardDefensive,NoMovement,Over,FastSeam,Right,Null,NotReferred,Null,False,False,False,False,False,True,,False,False,False,False,False,False,0,0,0,0,0,False,False,171.0,51.0
1637117,5,2.2,4,0,0,11,3,4,76280,,39449,County Championship Division Two 2026,1,45,Yorkshire Men,48,Surrey Men,8747757,2026-09-02T12:33:01Z,3,27,False,,,,785,Dan Worrall,2988,Matthew Revis,7094,James Wharton,Right,Wicketkeeper,0,0,0,0,,LengthBall,OutsideOff,,Left,FrontFoot,Leave,AwaySwinger,Over,FastSeam,Right,Null,NotReferred,Null,False,False,False,False,False,True,,False,False,False,False,False,False,0,0,0,0,0,False,False,,
1637117,5,2.2,4,0,0,11,3,4,76280,,39449,County Championship Division Two 2026,1,45,Yorkshire Men,48,Surrey Men,8747762,2026-09-02T12:33:38Z,4,28,False,,,,785,Dan Worrall,2988,Matthew Revis,7094,James Wharton,Right,,4,0,4,4,,BackOfALength,OutsideOff,,OutsideEdge,BackFoot,BackwardDefensive,AwaySwinger,Over,FastSeam,Right,Null,NotReferred,Null,False,False,False,False,False,True,,False,False,False,False,False,False,4,0,0,0,0,True,False,105.0,160.0
1637117,5,2.2,4,0,0,11,3,4,76280,,39449,County Championship Division Two 2026,1,45,Yorkshire Men,48,Surrey Men,8747764,2026-09-02T12:34:19Z,5,29,False,,,,785,Dan Worrall,2988,Matthew Revis,7094,James Wharton,Right,Wicketkeeper,0,0,0,0,,BackOfALength,OutsideOff,,Left,FrontFoot,Leave,AwaySwinger,Over,FastSeam,Right,Null,NotReferred,Null,False,False,False,False,False,True,,False,False,False,False,False,False,0,0,0,0,0,False,False,,
1637117,5,2.2,4,0,0,11,3,4,76280,,39449,County Championship Division Two 2026,1,45,Yorkshire Men,48,Surrey Men,8747768,2026-09-02T12:34:53Z,6,30,False,,,,785,Dan Worrall,2988,Matthew Revis,7094,James Wharton,Right,Wicketkeeper,0,0,0,0,,LengthBall,OutsideOff,,Missed,FrontFoot,ForwardDefensive,AwaySwinger,Over,FastSeam,Right,Null,NotReferred,Null,False,False,False,False,False,True,,False,False,False,False,False,False,0,0,0,0,0,False,False,,
1637120,6,1.83,0,0,0,11,3,0,76280,,39449,County Championship Division Two 2026,1,45,Yorkshire Men,48,Surrey Men,8747771,2026-09-02T12:35:32Z,1,31,False,,,,168,Matt Fisher,7094,James Wharton,2988,Matthew Revis,Right,Mid On,0,0,0,0,,LengthBall,MiddleStump,,None,FrontFoot,ForwardDefensive,NoMovement,Over,FastSeam,Right,Null,NotReferred,Null,False,False,False,False,False,True,,False,False,False,False,False,False,0,0,0,0,0,False,False,274.0,59.0
1637120,6,1.83,0,0,0,11,3,0,76280,,39449,County Championship Division Two 2026,1,45,Yorkshire Men,48,Surrey Men,8747773,2026-09-02T12:36:04Z,2,32,False,,,,168,Matt Fisher,7094,James Wharton,2988,Matthew Revis,Right,Cover,0,0,0,0,,LengthBall,OutsideOff,,None,FrontFoot,ForwardDefensive,AwaySwinger,Over,FastSeam,Right,Null,NotReferred,Null,False,False,False,False,False,True,,False,False,False,False,False,False,0,0,0,0,0,False,False,200.0,51.0
1637120,6,1.83,0,0,0,11,3,0,76280,,39449,County Championship Division Two 2026,1,45,Yorkshire Men,48,Surrey Men,8747777,2026-09-02T12:36:45Z,3,33,False,,,,168,Matt Fisher,7094,James Wharton,2988,Matthew Revis,Right,Bowler,0,0,0,0,,LengthBall,OutsideOff,,None,FrontFoot,ForwardDefensive,NoMovement,Over,FastSeam,Right,Null,NotReferred,Null,False,False,False,False,False,True,,False,False,False,False,False,False,0,0,0,0,0,False,False,,
1637120,6,1.83,0,0,0,11,3,0,76280,,39449,County Championship Division Two 2026,1,45,Yorkshire Men,48,Surrey Men,8747780,2026-09-02T12:37:22Z,4,34,False,,,,168,Matt Fisher,7094,James Wharton,2988,Matthew Revis,Right,Extra Cover,0,0,0,0,,LengthBall,OutsideOff,,None,FrontFoot,ForwardDefensive,InSwinger,Over,FastSeam,Right,Null,NotReferred,Null,False,False,False,False,False,True,,False,False,False,False,False,False,0,0,0,0,0,False,False,224.0,43.0
1637120,6,1.83,0,0,0,11,3,0,76280,,39449,County Championship Division Two 2026,1,45,Yorkshire Men,48,Surrey Men,8747785,2026-09-02T12:37:56Z,5,35,False,,,,168,Matt Fisher,7094,James Wharton,2988,Matthew Revis,Right,Mid On,0,0,0,0,,HalfVolley,MiddleStump,,None,FrontFoot,Drive,AwaySwinger,Over,FastSeam,Right,Null,NotReferred,Null,False,False,False,False,False,True,,False,False,False,False,False,False,0,0,0,0,0,False,False,282.0,57.0
1637120,6,1.83,0,0,0,11,3,0,76280,,39449,County Championship Division Two 2026,1,45,Yorkshire Men,48,Surrey Men,8747789,2026-09-02T12:38:31Z,6,36,False,,,,168,Matt Fisher,7094,James Wharton,2988,Matthew Revis,Right,Wicketkeeper,0,0,0,0,,LengthBall,OutsideOff,,Left,FrontFoot,Leave,AwaySwinger,Over,FastSeam,Right,Null,NotReferred,Null,False,False,False,False,False,True,,False,False,False,False,False,False,0,0,0,0,0,False,False,,
1637124,7,1.86,2,0,0,13,3,2,76280,,39449,County Championship Division Two 2026,1,45,Yorkshire Men,48,Surrey Men,8747793,2026-09-02T12:39:31Z,1,37,False,,,,785,Dan Worrall,2988,Matthew Revis,7094,James Wharton,Right,Cover,1,0,1,1,,LengthBall,OutsideOff,,None,FrontFoot,ForwardDefensive,NoMovement,Over,FastSeam,Right,Null,NotReferred,Null,False,False,False,False,False,True,,False,False,False,False,False,False,1,0,0,0,0,False,False,206.0,52.0
1637124,7,1.86,2,0,0,13,3,2,76280,,39449,County Championship Division Two 2026,1,45,Yorkshire Men,48,Surrey Men,8747800,2026-09-02T12:39:59Z,2,38,False,,,,785,Dan Worrall,7094,James Wharton,2988,Matthew Revis,Right,Third Man,1,0,1,1,,LengthBall,OffStump,,OutsideEdge,FrontFoot,ForwardDefensive,AwaySwinger,Over,FastSeam,Right,Null,NotReferred,Null,False,False,False,False,False,True,,False,False,False,False,False,False,1,0,0,0,0,False,False,112.0,123.0
1637124,7,1.86,2,0,0,13,3,2,76280,,39449,County Championship Division Two 2026,1,45,Yorkshire Men,48,Surrey Men,8747803,2026-09-02T12:40:41Z,3,39,False,,,,785,Dan Worrall,2988,Matthew Revis,7094,James Wharton,Right,Point,0,0,0,0,,BackOfALength,OutsideOff,,None,BackFoot,Drive,NoMovement,Over,FastSeam,Right,Null,NotReferred,Null,False,False,False,False,False,True,,False,False,False,False,False,False,0,0,0,0,0,False,False,185.0,67.0
1637124,7,1.86,2,0,0,13,3,2,76280,,39449,County Championship Division Two 2026,1,45,Yorkshire Men,48,Surrey Men,8747806,2026-09-02T12:41:17Z,4,40,False,,,,785,Dan Worrall,2988,Matthew Revis,7094,James Wharton,Right,Wicketkeeper,0,0,0,0,,Short,OutsideOff,,Missed,BackFoot,BackwardDefensive,SeamAway,Over,FastSeam,Right,Null,NotReferred,Null,False,False,False,False,False,True,,False,False,False,False,False,False,0,0,0,0,0,False,False,,
1637124,7,1.86,2,0,0,13,3,2,76280,,39449,County Championship Division Two 2026,1,45,Yorkshire Men,48,Surrey Men,8747811,2026-09-02T12:41:53Z,5,41,False,,,,785,Dan Worrall,2988,Matthew Revis,7094,James Wharton,Right,Cover,0,0,0,0,,LengthBall,OutsideOff,,None,FrontFoot,ForwardDefensive,NoMovement,Over,FastSeam,Right,Null,NotReferred,Null,False,False,False,False,False,True,,False,False,False,False,False,False,0,0,0,0,0,False,False,187.0,56.0
1637124,7,1.86,2,0,0,13,3,2,76280,,39449,County Championship Division Two 2026,1,45,Yorkshire Men,48,Surrey Men,8747817,2026-09-02T12:42:29Z,6,42,False,,,,785,Dan Worrall,2988,Matthew Revis,7094,James Wharton,Right,Mid On,0,0,0,0,,LengthBall,OffStump,,None,FrontFoot,ForwardDefensive,NoMovement,Over,FastSeam,Right,Null,NotReferred,Null,False,False,False,False,False,True,,False,False,False,False,False,False,0,0,0,0,0,False,False,285.0,56.0
1637129,8,2.38,6,0,0,19,3,6,76280,,39449,County Championship Division Two 2026,1,45,Yorkshire Men,48,Surrey Men,8747824,2026-09-02T12:43:26Z,1,43,False,,,,168,Matt Fisher,7094,James Wharton,2988,Matthew Revis,Right,,4,0,4,4,,BackOfALength,MiddleStump,,WellTimed,BackFoot,Glance,NoMovement,Over,FastSeam,Right,Null,NotReferred,Null,False,False,False,False,False,True,,False,False,False,False,False,False,4,0,0,0,0,True,False,54.0,162.0
1637129,8,2.38,6,0,0,19,3,6,76280,,39449,County Championship Division Two 2026,1,45,Yorkshire Men,48,Surrey Men,8747831,2026-09-02T12:44:03Z,2,44,False,,,,168,Matt Fisher,7094,James Wharton,2988,Matthew Revis,Right,Deep Cover,2,0,2,2,,HalfVolley,OutsideOff,,WellTimed,FrontFoot,Drive,AwaySwinger,Over,FastSeam,Right,Null,NotReferred,Null,False,False,False,False,False,True,,False,False,False,False,False,False,2,0,0,0,0,False,False,204.0,147.0
1637129,8,2.38,6,0,0,19,3,6,76280,,39449,County Championship Division Two 2026,1,45,Yorkshire Men,48,Surrey Men,8747837,2026-09-02T12:44:43Z,3,45,False,,,,168,Matt Fisher,7094,James Wharton,2988,Matthew Revis,Right,Extra Cover,0,0,0,0,,LengthBall,OutsideOff,,None,FrontFoot,ForwardDefensive,NoMovement,Over,FastSeam,Right,Null,NotReferred,Null,False,False,False,False,False,True,,False,False,False,False,False,False,0,0,0,0,0,False,False,220.0,47.0
1637129,8,2.38,6,0,0,19,3,6,76280,,39449,County Championship Division Two 2026,1,45,Yorkshire Men,48,Surrey Men,8747843,2026-09-02T12:45:17Z,4,46,False,,,,168,Matt Fisher,7094,James Wharton,2988,Matthew Revis,Right,Wicketkeeper,0,0,0,0,,BackOfALength,OutsideOff,,Left,BackFoot,Leave,AwaySwinger,Over,FastSeam,Right,Null,NotReferred,Null,False,False,False,False,False,True,,False,False,False,False,False,False,0,0,0,0,0,False,False,,
1637129,8,2.38,6,0,0,19,3,6,76280,,39449,County Championship Division Two 2026,1,45,Yorkshire Men,48,Surrey Men,8747849,2026-09-02T12:45:53Z,5,47,False,,,,168,Matt Fisher,7094,James Wharton,2988,Matthew Revis,Right,Wicketkeeper,0,0,0,0,,LengthBall,OutsideOff,,Left,FrontFoot,Leave,AwaySwinger,Over,FastSeam,Right,Null,NotReferred,Null,False,False,False,False,False,True,,False,False,False,False,False,False,0,0,0,0,0,False,False,,
1637129,8,2.38,6,0,0,19,3,6,76280,,39449,County Championship Division Two 2026,1,45,Yorkshire Men,48,Surrey Men,8747856,2026-09-02T12:46:29Z,6,48,False,,,,168,Matt Fisher,7094,James Wharton,2988,Matthew Revis,Right,Bowler,0,0,0,0,,HalfVolley,OutsideOff,,None,FrontFoot,Drive,InSwinger,Over,FastSeam,Right,Null,NotReferred,Null,False,False,False,False,False,True,,False,False,False,False,False,False,0,0,0,0,0,False,False,,
1637136,9,2.22,1,0,0,20,3,1,76280,,39449,County Championship Division Two 2026,1,45,Yorkshire Men,48,Surrey Men,8747869,2026-09-02T12:47:29Z,1,49,False,,,,785,Dan Worrall,2988,Matthew Revis,7094,James Wharton,Right,Second Slip,0,0,0,0,,BackOfALength,OutsideOff,,InsideEdge,NoMovement,Leave,InSwinger,Over,FastSeam,Right,Null,NotReferred,Null,False,False,False,False,False,True,,False,False,False,False,False,False,0,0,0,0,0,False,False,97.0,34.0
1637136,9,2.22,1,0,0,20,3,1,76280,,39449,County Championship Division Two 2026,1,45,Yorkshire Men,48,Surrey Men,8747870,2026-09-02T12:48:06Z,2,50,False,,,,785,Dan Worrall,2988,Matthew Revis,7094,James Wharton,Right,Wicketkeeper,0,0,0,0,,LengthBall,OutsideOff,,Left,BackFoot,Leave,AwaySwinger,Over,FastSeam,Right,Null,NotReferred,Null,False,False,False,False,False,True,,False,False,False,False,False,False,0,0,0,0,0,False,False,,
1637136,9,2.22,1,0,0,20,3,1,76280,,39449,County Championship Division Two 2026,1,45,Yorkshire Men,48,Surrey Men,8747877,2026-09-02T12:48:44Z,3,51,False,,,,785,Dan Worrall,2988,Matthew Revis,7094,James Wharton,Right,Wicketkeeper,0,0,0,0,,LengthBall,OutsideOff,,Left,FrontFoot,Leave,AwaySwinger,Over,FastSeam,Right,Null,NotReferred,Null,False,False,False,False,False,True,,False,False,False,False,False,False,0,0,0,0,0,False,False,,
1637136,9,2.22,1,0,0,20,3,1,76280,,39449,County Championship Division Two 2026,1,45,Yorkshire Men,48,Surrey Men,8747885,2026-09-02T12:49:23Z,4,52,False,,,,785,Dan Worrall,2988,Matthew Revis,7094,James Wharton,Right,Wicketkeeper,0,0,0,0,,LengthBall,OutsideOff,Caught,Missed,FrontFoot,ForwardDefensive,SeamIn,Over,FastSeam,Right,Null,NotReferred,Null,False,False,False,False,False,True,1823.0,False,False,False,False,False,False,0,0,0,0,0,False,False,,
1637136,9,2.22,1,0,0,20,3,1,76280,,39449,County Championship Division Two 2026,1,45,Yorkshire Men,48,Surrey Men,8747890,2026-09-02T12:50:04Z,5,53,False,,,,785,Dan Worrall,2988,Matthew Revis,7094,James Wharton,Right,Wicketkeeper,0,0,0,0,,LengthBall,OutsideOff,,Left,FrontFoot,Leave,AwaySwinger,Over,FastSeam,Right,Null,NotReferred,Null,False,False,False,False,False,True,,False,False,False,False,False,False,0,0,0,0,0,False,False,,
1637136,9,2.22,1,0,0,20,3,1,76280,,39449,County Championship Division Two 2026,1,45,Yorkshire Men,48,Surrey Men,8747897,2026-09-02T12:50:39Z,6,54,False,,,,785,Dan Worrall,2988,Matthew Revis,7094,James Wharton,Right,Mid On,1,0,1,1,,LengthBall,OutsideOff,,MisTimed,FrontFoot,Drive,InSwinger,Over,FastSeam,Right,Null,NotReferred,Null,False,False,False,False,False,True,,False,False,False,False,False,False,1,0,0,0,0,False,False,286.0,57.0
1637143,10,2.1,1,0,0,21,3,1,76280,,39449,County Championship Division Two 2026,1,45,Yorkshire Men,48,Surrey Men,8747905,2026-09-02T12:51:38Z,1,55,False,,,,168,Matt Fisher,2988,Matthew Revis,7094,James Wharton,Right,Wicketkeeper,0,0,0,0,,LengthBall,MiddleStump,Caught,Missed,FrontFoot,Drive,NoMovement,Over,FastSeam,Right,Null,NotReferred,Null,False,False,False,False,False,True,1906.0,False,False,False,False,False,False,0,0,0,0,0,False,False,,
1637143,10,2.1,1,0,0,21,3,1,76280,,39449,County Championship Division Two 2026,1,45,Yorkshire Men,48,Surrey Men,8747909,2026-09-02T12:52:17Z,2,56,False,,,,168,Matt Fisher,2988,Matthew Revis,7094,James Wharton,Right,Wicketkeeper,0,0,0,0,,LengthBall,OutsideOff,,Left,FrontFoot,Leave,AwaySwinger,Over,FastSeam,Right,Null,NotReferred,Null,False,False,False,False,False,True,,False,False,False,False,False,False,0,0,0,0,0,False,False,,
1637143,10,2.1,1,0,0,21,3,1,76280,,39449,County Championship Division Two 2026,1,45,Yorkshire Men,48,Surrey Men,8747917,2026-09-02T12:52:52Z,3,57,False,,,,168,Matt Fisher,2988,Matthew Revis,7094,James Wharton,Right,Bowler,0,0,0,0,,LengthBall,MiddleStump,Lbw,HitPad,FrontFoot,Flick,SeamIn,Over,FastSeam,Right,Null,NotReferred,Null,False,False,False,False,False,True,1906.0,False,False,False,False,False,False,0,0,0,0,0,False,False,,
1637143,10,2.1,1,0,0,21,3,1,76280,,39449,County Championship Division Two 2026,1,45,Yorkshire Men,48,Surrey Men,8747924,2026-09-02T12:53:28Z,4,58,False,,,,168,Matt Fisher,2988,Matthew Revis,7094,James Wharton,Right,Bowler,0,0,0,0,,Yorker,LegStump,Lbw,HitPad,FrontFoot,Flick,InSwinger,Over,FastSeam,Right,Null,NotReferred,Null,False,False,False,False,False,True,1906.0,False,False,False,False,False,False,0,0,0,0,0,False,False,,
1637143,10,2.1,1,0,0,21,3,1,76280,,39449,County Championship Division Two 2026,1,45,Yorkshire Men,48,Surrey Men,8747929,2026-09-02T12:54:11Z,5,59,False,,,,168,Matt Fisher,2988,Matthew Revis,7094,James Wharton,Right,Mid On,1,0,1,1,,LengthBall,OffStump,,MisTimed,BackFoot,Pushed,InSwinger,Over,FastSeam,Right,Null,NotReferred,Null,False,False,False,False,False,True,,False,False,False,False,False,False,1,0,0,0,0,False,False,298.0,65.0
1637143,10,2.1,1,0,0,21,3,1,76280,,39449,County Championship Division Two 2026,1,45,Yorkshire Men,48,Surrey Men,8747934,2026-09-02T12:54:48Z,6,60,False,,,,168,Matt Fisher,7094,James Wharton,2988,Matthew Revis,Right,Wicketkeeper,0,0,0,0,,LengthBall,MiddleStump,Caught,Missed,FrontFoot,ForwardDefensive,AwaySwinger,Over,FastSeam,Right,Null,NotReferred,Null,False,False,False,False,False,True,1906.0,False,False,False,False,False,False,0,0,0,0,0,False,False,,
1637149,11,2.64,8,0,0,29,3,8,76280,,39449,County Championship Division Two 2026,1,45,Yorkshire Men,48,Surrey Men,8747943,2026-09-02T12:56:17Z,1,61,False,,,,7215,Auqib Nabi,2988,Matthew Revis,7094,James Wharton,Right,Cover,1,0,1,1,,BackOfALength,OutsideOff,,None,BackFoot,Drive,NoMovement,Over,Medium,Right,Null,NotReferred,Null,False,False,False,False,False,True,,False,False,False,False,False,False,1,0,0,0,0,False,False,182.0,65.0
1637149,11,2.64,8,0,0,29,3,8,76280,,39449,County Championship Division Two 2026,1,45,Yorkshire Men,48,Surrey Men,8747947,2026-09-02T12:56:53Z,2,62,False,,,,7215,Auqib Nabi,7094,James Wharton,2988,Matthew Revis,Right,Wicketkeeper,0,0,0,0,,BackOfALength,OutsideOff,,Left,FrontFoot,Leave,AwaySwinger,Over,Medium,Right,Null,NotReferred,Null,False,False,False,False,False,True,,False,False,False,False,False,False,0,0,0,0,0,False,False,,
1637149,11,2.64,8,0,0,29,3,8,76280,,39449,County Championship Division Two 2026,1,45,Yorkshire Men,48,Surrey Men,8747953,2026-09-02T12:57:26Z,3,63,False,,,,7215,Auqib Nabi,7094,James Wharton,2988,Matthew Revis,Right,Mid On,1,0,1,1,,LengthBall,MiddleStump,,MisTimed,FrontFoot,Flick,NoMovement,Over,Medium,Right,Null,NotReferred,Null,False,False,False,False,False,True,,False,False,False,False,False,False,1,0,0,0,0,False,False,296.0,77.0
1637149,11,2.64,8,0,0,29,3,8,76280,,39449,County Championship Division Two 2026,1,45,Yorkshire Men,48,Surrey Men,8747958,2026-09-02T12:58:06Z,4,64,False,,,,7215,Auqib Nabi,2988,Matthew Revis,7094,James Wharton,Right,Wicketkeeper,0,0,0,0,,LengthBall,OutsideOff,,Left,FrontFoot,Leave,AwaySwinger,Over,Medium,Right,Null,NotReferred,Null,False,False,False,False,False,True,,False,False,False,False,False,False,0,0,0,0,0,False,False,,
1637149,11,2.64,8,0,0,29,3,8,76280,,39449,County Championship Division Two 2026,1,45,Yorkshire Men,48,Surrey Men,8747966,2026-09-02T12:58:40Z,5,65,False,,,,7215,Auqib Nabi,2988,Matthew Revis,7094,James Wharton,Right,,0,4,4,0,,BackOfALength,MiddleStump,,HitPad,BackFoot,Glance,SeamIn,Over,Medium,Right,Null,NotReferred,Null,False,False,False,True,False,True,,False,False,False,False,False,False,4,0,0,4,0,False,False,79.0,157.0
1637149,11,2.64,8,0,0,29,3,8,76280,,39449,County Championship Division Two 2026,1,45,Yorkshire Men,48,Surrey Men,8747971,2026-09-02T12:59:20Z,6,66,False,,,,7215,Auqib Nabi,2988,Matthew Revis,7094,James Wharton,Right,Deep Cover,2,0,2,2,,BackOfALength,OutsideOff,,WellTimed,BackFoot,Drive,NoMovement,Over,Medium,Right,Null,NotReferred,Null,False,False,False,False,False,True,,False,False,False,False,False,False,2,0,0,0,0,False,False,207.0,141.0
1637154,12,2.75,4,0,0,33,3,4,76280,,39449,County Championship Division Two 2026,1,45,Yorkshire Men,48,Surrey Men,8747976,2026-09-02T13:00:17Z,1,67,False,,,,168,Matt Fisher,7094,James Wharton,2988,Matthew Revis,Right,Bowler,0,0,0,0,,LengthBall,OutsideOff,,Spliced,FrontFoot,ForwardDefensive,InSwinger,Over,FastSeam,Right,Null,NotReferred,Null,False,False,False,False,False,True,,False,False,False,False,False,False,0,0,0,0,0,False,False,,
1637154,12,2.75,4,0,0,33,3,4,76280,,39449,County Championship Division Two 2026,1,45,Yorkshire Men,48,Surrey Men,8747979,2026-09-02T13:00:55Z,2,68,False,,,,168,Matt Fisher,7094,James Wharton,2988,Matthew Revis,Right,Wicketkeeper,0,0,0,0,,LengthBall,OutsideOff,,Left,FrontFoot,Leave,AwaySwinger,Over,FastSeam,Right,Null,NotReferred,Null,False,False,False,False,False,True,,False,False,False,False,False,False,0,0,0,0,0,False,False,,
1637154,12,2.75,4,0,0,33,3,4,76280,,39449,County Championship Division Two 2026,1,45,Yorkshire Men,48,Surrey Men,8747987,2026-09-02T13:01:30Z,3,69,False,,,,168,Matt Fisher,7094,James Wharton,2988,Matthew Revis,Right,Deep Cover,3,0,3,3,,HalfVolley,OutsideOff,,WellTimed,FrontFoot,Drive,NoMovement,Over,FastSeam,Right,Null,NotReferred,Null,False,False,False,False,False,True,,False,False,False,False,False,False,3,0,0,0,0,False,False,197.0,137.0
1637154,12,2.75,4,0,0,33,3,4,76280,,39449,County Championship Division Two 2026,1,45,Yorkshire Men,48,Surrey Men,8747999,2026-09-02T13:02:13Z,4,70,False,,,,168,Matt Fisher,2988,Matthew Revis,7094,James Wharton,Right,Fine Leg,1,0,1,1,,LengthBall,LegStump,,WellTimed,BackFoot,Glance,NoMovement,Over,FastSeam,Right,Null,NotReferred,Null,False,False,False,False,False,True,,False,False,False,False,False,False,1,0,0,0,0,False,False,46.0,151.0
1637154,12,2.75,4,0,0,33,3,4,76280,,39449,County Championship Division Two 2026,1,45,Yorkshire Men,48,Surrey Men,8748005,2026-09-02T13:02:51Z,5,71,False,,,,168,Matt Fisher,7094,James Wharton,2988,Matthew Revis,Right,Bowler,0,0,0,0,,LengthBall,OffStump,,None,FrontFoot,Drive,NoMovement,Over,FastSeam,Right,Null,NotReferred,Null,False,False,False,False,False,True,,False,False,False,False,False,False,0,0,0,0,0,False,False,,
1637154,12,2.75,4,0,0,33,3,4,76280,,39449,County Championship Division Two 2026,1,45,Yorkshire Men,48,Surrey Men,8748010,2026-09-02T13:03:20Z,6,72,False,,,,168,Matt Fisher,7094,James Wharton,2988,Matthew Revis,Right,Mid Off,0,0,0,0,,LengthBall,MiddleStump,,None,FrontFoot,Drive,AwaySwinger,Over,FastSeam,Right,Null,NotReferred,Null,False,False,False,False,False,True,,False,False,False,False,False,False,0,0,0,0,0,False,False,269.0,56.0
1637162,13,2.85,4,0,0,37,3,4,76280,,39449,County Championship Division Two 2026,1,45,Yorkshire Men,48,Surrey Men,8748018,2026-09-02T13:04:13Z,1,73,False,,,,7215,Auqib Nabi,2988,Matthew Revis,7094,James Wharton,Right,Mid On,0,0,0,0,,LengthBall,OutsideOff,,MisTimed,FrontFoot,ForwardDefensive,SeamIn,Over,Medium,Right,Null,NotReferred,Null,False,False,False,False,False,True,,False,False,False,False,False,False,0,0,0,0,0,False,False,282.0,62.0
1637162,13,2.85,4,0,0,37,3,4,76280,,39449,County Championship Division Two 2026,1,45,Yorkshire Men,48,Surrey Men,8748023,2026-09-02T13:04:48Z,2,74,False,,,,7215,Auqib Nabi,2988,Matthew Revis,7094,James Wharton,Right,Cover,0,0,0,0,,BackOfALength,OutsideOff,,None,BackFoot,Drive,NoMovement,Over,Medium,Right,Null,NotReferred,Null,False,False,False,False,False,True,,False,False,False,False,False,False,0,0,0,0,0,False,False,197.0,54.0
1637162,13,2.85,4,0,0,37,3,4,76280,,39449,County Championship Division Two 2026,1,45,Yorkshire Men,48,Surrey Men,8748026,2026-09-02T13:05:23Z,3,75,False,,,,7215,Auqib Nabi,2988,Matthew Revis,7094,James Wharton,Right,Wicketkeeper,0,0,0,0,,BackOfALength,OutsideOff,,Left,BackFoot,Leave,AwaySwinger,Over,Medium,Right,Null,NotReferred,Null,False,False,False,False,False,True,,False,False,False,False,False,False,0,0,0,0,0,False,False,,
1637162,13,2.85,4,0,0,37,3,4,76280,,39449,County Championship Division Two 2026,1,45,Yorkshire Men,48,Surrey Men,8748033,2026-09-02T13:05:59Z,4,76,False,,,,7215,Auqib Nabi,2988,Matthew Revis,7094,James Wharton,Right,,4,0,4,4,,BackOfALength,OutsideOff,,WellTimed,BackFoot,Drive,NoMovement,Over,Medium,Right,Null,NotReferred,Null,False,False,False,False,False,True,,False,False,False,False,False,False,4,0,0,0,0,True,False,170.0,168.0
1637162,13,2.85,4,0,0,37,3,4,76280,,39449,County Championship Division Two 2026,1,45,Yorkshire Men,48,Surrey Men,8748042,2026-09-02T13:06:43Z,5,77,False,,,,7215,Auqib Nabi,2988,Matthew Revis,7094,James Wharton,Right,Backward Point,0,0,0,0,,BackOfALength,OutsideOff,,None,BackFoot,BackwardDefensive,NoMovement,Over,Medium,Right,Null,NotReferred,Null,False,False,False,False,False,True,,False,False,False,False,False,False,0,0,0,0,0,False,False,170.0,51.0
1637162,13,2.85,4,0,0,37,3,4,76280,,39449,County Championship Division Two 2026,1,45,Yorkshire Men,48,Surrey Men,8748048,2026-09-02T13:07:11Z,6,78,False,,,,7215,Auqib Nabi,2988,Matthew Revis,7094,James Wharton,Right,Wicketkeeper,0,0,0,0,,BackOfALength,LegStump,,PlayAndMissLegSide,BackFoot,Glance,SeamIn,Over,Medium,Right,Null,NotReferred,Null,False,False,False,False,False,True,,False,False,False,False,False,False,0,0,0,0,0,False,False,,
1637168,14,3.07,6,0,0,43,3,6,76280,,39449,County Championship Division Two 2026,1,45,Yorkshire Men,48,Surrey Men,8748058,2026-09-02T13:08:27Z,1,79,False,,,,10322,Tom Lawes,7094,James Wharton,2988,Matthew Revis,Right,Square Leg,0,0,0,0,,LengthBall,MiddleStump,,MisTimed,FrontFoot,Flick,NoMovement,Over,FastSeam,Right,Null,NotReferred,Null,False,False,False,False,False,True,,False,False,False,False,False,False,0,0,0,0,0,False,False,350.0,48.0
1637168,14,3.07,6,0,0,43,3,6,76280,,39449,County Championship Division Two 2026,1,45,Yorkshire Men,48,Surrey Men,8748064,2026-09-02T13:09:11Z,2,80,False,,,,10322,Tom Lawes,7094,James Wharton,2988,Matthew Revis,Right,,4,0,4,4,,LengthBall,OutsideOff,,OutsideEdge,FrontFoot,ForwardDefensive,AwaySwinger,Over,FastSeam,Right,Null,NotReferred,Null,False,False,False,False,False,True,,False,False,False,False,False,False,4,0,0,0,0,True,False,103.0,160.0
1637168,14,3.07,6,0,0,43,3,6,76280,,39449,County Championship Division Two 2026,1,45,Yorkshire Men,48,Surrey Men,8748074,2026-09-02T13:09:49Z,3,81,False,,,,10322,Tom Lawes,7094,James Wharton,2988,Matthew Revis,Right,Backward Point,1,0,1,1,,BackOfALength,OutsideOff,,None,BackFoot,BackwardDefensive,NoMovement,Over,FastSeam,Right,Null,NotReferred,Null,False,False,False,False,False,True,,False,False,False,False,False,False,1,0,0,0,0,False,False,171.0,73.0
1637168,14,3.07,6,0,0,43,3,6,76280,,39449,County Championship Division Two 2026,1,45,Yorkshire Men,48,Surrey Men,8748083,2026-09-02T13:10:27Z,4,82,False,,,,10322,Tom Lawes,2988,Matthew Revis,7094,James Wharton,Right,Cover,1,0,1,1,,LengthBall,OutsideOff,,None,FrontFoot,ForwardDefensive,NoMovement,Over,FastSeam,Right,Null,NotReferred,Null,False,False,False,False,False,True,,False,False,False,False,False,False,1,0,0,0,0,False,False,187.0,57.0
1637168,14,3.07,6,0,0,43,3,6,76280,,39449,County Championship Division Two 2026,1,45,Yorkshire Men,48,Surrey Men,8748091,2026-09-02T13:11:00Z,5,83,False,,,,10322,Tom Lawes,7094,James Wharton,2988,Matthew Revis,Right,Wicketkeeper,0,0,0,0,,BackOfALength,OutsideOff,,Left,BackFoot,Leave,AwaySwinger,Over,FastSeam,Right,Null,NotReferred,Null,False,False,False,False,False,True,,False,False,False,False,False,False,0,0,0,0,0,False,False,,
1637168,14,3.07,6,0,0,43,3,6,76280,,39449,County Championship Division Two 2026,1,45,Yorkshire Men,48,Surrey Men,8748097,2026-09-02T13:11:32Z,6,84,False,,,,10322,Tom Lawes,7094,James Wharton,2988,Matthew Revis,Right,Bowler,0,0,0,0,,LengthBall,OutsideOff,,None,FrontFoot,ForwardDefensive,NoMovement,Over,FastSeam,Right,Null,NotReferred,Null,False,False,False,False,False,True,,False,False,False,False,False,False,0,0,0,0,0,False,False,,
1637177,15,2.87,0,0,0,43,3,0,76280,,39449,County Championship Division Two 2026,1,45,Yorkshire Men,48,Surrey Men,8748106,2026-09-02T13:12:27Z,1,85,False,,,,7215,Auqib Nabi,2988,Matthew Revis,7094,James Wharton,Right,Wicketkeeper,0,0,0,0,,BackOfALength,OutsideOff,,Left,FrontFoot,Leave,SeamIn,Over,Medium,Right,Null,NotReferred,Null,False,False,False,False,False,True,,False,False,False,False,False,False,0,0,0,0,0,False,False,,
1637177,15,2.87,0,0,0,43,3,0,76280,,39449,County Championship Division Two 2026,1,45,Yorkshire Men,48,Surrey Men,8748113,2026-09-02T13:13:03Z,2,86,False,,,,7215,Auqib Nabi,2988,Matthew Revis,7094,James Wharton,Right,Wicketkeeper,0,0,0,0,,LengthBall,OutsideOff,,Left,FrontFoot,Leave,SeamIn,Over,Medium,Right,Null,NotReferred,Null,False,False,False,False,False,True,,False,False,False,False,False,False,0,0,0,0,0,False,False,,
1637177,15,2.87,0,0,0,43,3,0,76280,,39449,County Championship Division Two 2026,1,45,Yorkshire Men,48,Surrey Men,8748121,2026-09-02T13:13:38Z,3,87,False,,,,7215,Auqib Nabi,2988,Matthew Revis,7094,James Wharton,Right,Wicketkeeper,0,0,0,0,,BackOfALength,OutsideOff,,Missed,BackFoot,Drive,SeamAway,Over,Medium,Right,Null,NotReferred,Null,False,False,False,False,False,True,,False,False,False,False,False,False,0,0,0,0,0,False,False,,
1637177,15,2.87,0,0,0,43,3,0,76280,,39449,County Championship Division Two 2026,1,45,Yorkshire Men,48,Surrey Men,8748128,2026-09-02T13:14:20Z,4,88,False,,,,7215,Auqib Nabi,2988,Matthew Revis,7094,James Wharton,Right,Mid On,0,0,0,0,,LengthBall,OutsideOff,,None,FrontFoot,ForwardDefensive,SeamIn,Over,Medium,Right,Null,NotReferred,Null,False,False,False,False,False,True,,False,False,False,False,False,False,0,0,0,0,0,False,False,285.0,56.0
1637177,15,2.87,0,0,0,43,3,0,76280,,39449,County Championship Division Two 2026,1,45,Yorkshire Men,48,Surrey Men,8748134,2026-09-02T13:14:50Z,5,89,False,,,,7215,Auqib Nabi,2988,Matthew Revis,7094,James Wharton,Right,Wicketkeeper,0,0,0,0,,LengthBall,OutsideOff,,Left,FrontFoot,Leave,AwaySwinger,Over,Medium,Right,Null,NotReferred,Null,False,False,False,False,False,True,,False,False,False,False,False,False,0,0,0,0,0,False,False,,
1637177,15,2.87,0,0,0,43,3,0,76280,,39449,County Championship Division Two 2026,1,45,Yorkshire Men,48,Surrey Men,8748142,2026-09-02T13:15:25Z,6,90,False,,,,7215,Auqib Nabi,2988,Matthew Revis,7094,James Wharton,Right,Mid On,0,0,0,0,,LengthBall,MiddleStump,,MisTimed,FrontFoot,Flick,SeamIn,Over,Medium,Right,Null,NotReferred,Null,False,False,False,False,False,True,,False,False,False,False,False,False,0,0,0,0,0,False,True,286.0,64.0
1637185,16,2.69,0,0,0,43,3,0,76280,,39449,County Championship Division Two 2026,1,45,Yorkshire Men,48,Surrey Men,8748150,2026-09-02T13:16:17Z,1,91,False,,,,10322,Tom Lawes,7094,James Wharton,2988,Matthew Revis,Right,Wicketkeeper,0,0,0,0,,HalfVolley,OutsideOff,,Missed,FrontFoot,Drive,AwaySwinger,Over,FastSeam,Right,Null,NotReferred,Null,False,False,False,False,False,True,,False,False,False,False,False,False,0,0,0,0,0,False,False,,
1637185,16,2.69,0,0,0,43,3,0,76280,,39449,County Championship Division Two 2026,1,45,Yorkshire Men,48,Surrey Men,8748158,2026-09-02T13:16:50Z,2,92,False,,,,10322,Tom Lawes,7094,James Wharton,2988,Matthew Revis,Right,Wicketkeeper,0,0,0,0,,LengthBall,OffStump,,Missed,FrontFoot,ForwardDefensive,AwaySwinger,Over,FastSeam,Right,Null,NotReferred,Null,False,False,False,False,False,True,,False,False,False,False,False,False,0,0,0,0,0,False,False,,
1637185,16,2.69,0,0,0,43,3,0,76280,,39449,County Championship Division Two 2026,1,45,Yorkshire Men,48,Surrey Men,8748165,2026-09-02T13:17:25Z,3,93,False,,,,10322,Tom Lawes,7094,James Wharton,2988,Matthew Revis,Right,Wicketkeeper,0,0,0,0,,LengthBall,OutsideOff,,Left,FrontFoot,Leave,SeamAway,Over,FastSeam,Right,Null,NotReferred,Null,False,False,False,False,False,True,,False,False,False,False,False,False,0,0,0,0,0,False,False,,
1637185,16,2.69,0,0,0,43,3,0,76280,,39449,County Championship Division Two 2026,1,45,Yorkshire Men,48,Surrey Men,8748175,2026-09-02T13:17:53Z,4,94,False,,,,10322,Tom Lawes,7094,James Wharton,2988,Matthew Revis,Right,Mid Off,0,0,0,0,,LengthBall,OutsideOff,,None,FrontFoot,ForwardDefensive,SeamIn,Over,FastSeam,Right,Null,NotReferred,Null,False,False,False,False,False,True,,False,False,False,False,False,False,0,0,0,0,0,False,False,251.0,59.0
1637185,16,2.69,0,0,0,43,3,0,76280,,39449,County Championship Division Two 2026,1,45,Yorkshire Men,48,Surrey Men,8748180,2026-09-02T13:18:24Z,5,95,False,,,,10322,Tom Lawes,7094,James Wharton,2988,Matthew Revis,Right,Wicketkeeper,0,0,0,0,,Yorker,DownLeg,,PlayAndMissLegSide,BackFoot,Glance,NoMovement,Over,FastSeam,Right,Null,NotReferred,Null,False,False,False,False,False,True,,False,False,False,False,False,False,0,0,0,0,0,False,False,,
1637185,16,2.69,0,0,0,43,3,0,76280,,39449,County Championship Division Two 2026,1,45,Yorkshire Men,48,Surrey Men,8748185,2026-09-02T13:18:54Z,6,96,False,,,,10322,Tom Lawes,7094,James Wharton,2988,Matthew Revis,Right,Wicketkeeper,0,0,0,0,,LengthBall,OutsideOff,,Left,FrontFoot,Leave,AwaySwinger,Over,FastSeam,Right,Null,NotReferred,Null,False,False,False,False,False,True,,False,False,False,False,False,False,0,0,0,0,0,False,False,,
1637193,17,2.59,1,0,0,44,3,1,76280,,39449,County Championship Division Two 2026,1,45,Yorkshire Men,48,Surrey Men,8748195,2026-09-02T13:19:37Z,1,97,False,,,,7215,Auqib Nabi,2988,Matthew Revis,7094,James Wharton,Right,Mid Off,0,0,0,0,,LengthBall,OutsideOff,,None,FrontFoot,ForwardDefensive,SeamIn,Over,Medium,Right,Null,NotReferred,Null,False,False,False,False,False,True,,False,False,False,False,False,False,0,0,0,0,0,False,False,244.0,57.0
1637193,17,2.59,1,0,0,44,3,1,76280,,39449,County Championship Division Two 2026,1,45,Yorkshire Men,48,Surrey Men,8748200,2026-09-02T13:20:13Z,2,98,False,,,,7215,Auqib Nabi,2988,Matthew Revis,7094,James Wharton,Right,Backward Square Leg,1,0,1,1,,LengthBall,OffStump,,InsideEdge,BackFoot,Glance,SeamIn,Over,Medium,Right,Null,NotReferred,Null,False,False,False,False,False,True,,False,False,False,False,False,False,1,0,0,0,0,False,False,2.0,57.0
1637193,17,2.59,1,0,0,44,3,1,76280,,39449,County Championship Division Two 2026,1,45,Yorkshire Men,48,Surrey Men,8748205,2026-09-02T13:20:52Z,3,99,False,,,,7215,Auqib Nabi,7094,James Wharton,2988,Matthew Revis,Right,Wicketkeeper,0,0,0,0,,LengthBall,OutsideOff,,Left,FrontFoot,Leave,NoMovement,Over,Medium,Right,Null,NotReferred,Null,False,False,False,False,False,True,,False,False,False,False,False,False,0,0,0,0,0,False,False,,
1637193,17,2.59,1,0,0,44,3,1,76280,,39449,County Championship Division Two 2026,1,45,Yorkshire Men,48,Surrey Men,8748218,2026-09-02T13:21:31Z,4,100,False,,,,7215,Auqib Nabi,7094,James Wharton,2988,Matthew Revis,Right,Wicketkeeper,0,0,0,0,,LengthBall,OutsideOff,,Left,FrontFoot,Leave,SeamIn,Over,Medium,Right,Null,NotReferred,Null,False,False,False,False,False,True,,False,False,False,False,False,False,0,0,0,0,0,False,False,,
1637193,17,2.59,1,0,0,44,3,1,76280,,39449,County Championship Division Two 2026,1,45,Yorkshire Men,48,Surrey Men,8748224,2026-09-02T13:22:03Z,5,101,False,,,,7215,Auqib Nabi,7094,James Wharton,2988,Matthew Revis,Right,Wicketkeeper,0,0,0,0,,LengthBall,OutsideOff,,Left,FrontFoot,Leave,AwaySwinger,Over,Medium,Right,Null,NotReferred,Null,False,False,False,False,False,True,,False,False,False,False,False,False,0,0,0,0,0,False,False,,
1637193,17,2.59,1,0,0,44,3,1,76280,,39449,County Championship Division Two 2026,1,45,Yorkshire Men,48,Surrey Men,8748231,2026-09-02T13:22:40Z,6,102,False,,,,7215,Auqib Nabi,7094,James Wharton,2988,Matthew Revis,Right,Wicketkeeper,0,0,0,0,,LengthBall,OutsideOff,,Left,FrontFoot,Leave,AwaySwinger,Over,Medium,Right,Null,NotReferred,Null,False,False,False,False,False,True,,False,False,False,False,False,False,0,0,0,0,0,False,False,,
1637201,18,2.5,1,0,0,45,3,1,76280,,39449,County Championship Division Two 2026,1,45,Yorkshire Men,48,Surrey Men,8748243,2026-09-02T13:23:26Z,1,103,False,,,,10322,Tom Lawes,2988,Matthew Revis,7094,James Wharton,Right,Cover,0,0,0,0,,LengthBall,OutsideOff,,Spliced,FrontFoot,ForwardDefensive,SeamIn,Over,FastSeam,Right,Null,NotReferred,Null,False,False,False,False,False,True,,False,False,False,False,False,False,0,0,0,0,0,False,False,187.0,57.0
1637201,18,2.5,1,0,0,45,3,1,76280,,39449,County Championship Division Two 2026,1,45,Yorkshire Men,48,Surrey Men,8748249,2026-09-02T13:23:58Z,2,104,False,,,,10322,Tom Lawes,2988,Matthew Revis,7094,James Wharton,Right,Mid Off,0,0,0,0,,LengthBall,OutsideOff,,None,FrontFoot,ForwardDefensive,NoMovement,Over,FastSeam,Right,Null,NotReferred,Null,False,False,False,False,False,True,,False,False,False,False,False,False,0,0,0,0,0,False,False,252.0,57.0
1637201,18,2.5,1,0,0,45,3,1,76280,,39449,County Championship Division Two 2026,1,45,Yorkshire Men,48,Surrey Men,8748263,2026-09-02T13:24:45Z,3,105,False,,,,10322,Tom Lawes,2988,Matthew Revis,7094,James Wharton,Right,Mid On,0,0,0,0,,LengthBall,OffStump,,None,FrontFoot,ForwardDefensive,NoMovement,Over,FastSeam,Right,Null,NotReferred,Null,False,False,False,False,False,True,,False,False,False,False,False,False,0,0,0,0,0,False,False,282.0,57.0
1637201,18,2.5,1,0,0,45,3,1,76280,,39449,County Championship Division Two 2026,1,45,Yorkshire Men,48,Surrey Men,8748272,2026-09-02T13:25:16Z,4,106,False,,,,10322,Tom Lawes,2988,Matthew Revis,7094,James Wharton,Right,Short Mid Wicket,1,0,1,1,,FullToss,MiddleStump,,WellTimed,FrontFoot,Flick,NoMovement,Over,FastSeam,Right,Null,NotReferred,Null,False,False,False,False,False,True,,False,False,False,False,False,False,1,0,0,0,0,False,False,301.0,82.0
1637201,18,2.5,1,0,0,45,3,1,76280,,39449,County Championship Division Two 2026,1,45,Yorkshire Men,48,Surrey Men,8748277,2026-09-02T13:25:48Z,5,107,False,,,,10322,Tom Lawes,7094,James Wharton,2988,Matthew Revis,Right,Cover,0,0,0,0,,LengthBall,OutsideOff,,None,FrontFoot,ForwardDefensive,NoMovement,Over,FastSeam,Right,Null,NotReferred,Null,False,False,False,False,False,True,,False,False,False,False,False,False,0,0,0,0,0,False,False,193.0,52.0
1637201,18,2.5,1,0,0,45,3,1,76280,,39449,County Championship Division Two 2026,1,45,Yorkshire Men,48,Surrey Men,8748285,2026-09-02T13:26:22Z,6,108,False,,,,10322,Tom Lawes,7094,James Wharton,2988,Matthew Revis,Right,Wicketkeeper,0,0,0,0,,LengthBall,DownLeg,,Left,FrontFoot,Leave,SeamIn,Over,FastSeam,Right,Null,NotReferred,Null,False,False,False,False,False,True,,False,False,False,False,False,False,0,0,0,0,0,False,False,,
1637208,19,2.63,5,0,0,50,3,5,76280,,39449,County Championship Division Two 2026,1,45,Yorkshire Men,48,Surrey Men,8748292,2026-09-02T13:27:11Z,1,109,False,,,,7215,Auqib Nabi,2988,Matthew Revis,7094,James Wharton,Right,,4,0,4,4,,BackOfALength,OutsideOff,,WellTimed,BackFoot,Drive,NoMovement,Over,Medium,Right,Null,NotReferred,Null,False,False,False,False,False,True,,False,False,False,False,False,False,4,0,0,0,0,True,False,181.0,170.0
1637208,19,2.63,5,0,0,50,3,5,76280,,39449,County Championship Division Two 2026,1,45,Yorkshire Men,48,Surrey Men,8748299,2026-09-02T13:27:48Z,2,110,False,,,,7215,Auqib Nabi,2988,Matthew Revis,7094,James Wharton,Right,Wicketkeeper,0,0,0,0,,LengthBall,DownLeg,,PlayAndMissLegSide,BackFoot,Glance,SeamIn,Over,Medium,Right,Null,NotReferred,Null,False,False,False,False,False,True,,False,False,False,False,False,False,0,0,0,0,0,False,False,,
1637208,19,2.63,5,0,0,50,3,5,76280,,39449,County Championship Division Two 2026,1,45,Yorkshire Men,48,Surrey Men,8748306,2026-09-02T13:28:22Z,3,111,False,,,,7215,Auqib Nabi,2988,Matthew Revis,7094,James Wharton,Right,Wicketkeeper,0,0,0,0,,LengthBall,OutsideOff,,Left,FrontFoot,Leave,AwaySwinger,Over,Medium,Right,Null,NotReferred,Null,False,False,False,False,False,True,,False,False,False,False,False,False,0,0,0,0,0,False,False,,
1637208,19,2.63,5,0,0,50,3,5,76280,,39449,County Championship Division Two 2026,1,45,Yorkshire Men,48,Surrey Men,8748312,2026-09-02T13:29:00Z,4,112,False,,,,7215,Auqib Nabi,2988,Matthew Revis,7094,James Wharton,Right,Extra Cover,1,0,1,1,,LengthBall,OutsideOff,,None,FrontFoot,Drive,NoMovement,Over,Medium,Right,Null,NotReferred,Null,False,False,False,False,False,True,,False,False,False,False,False,False,1,0,0,0,0,False,False,226.0,89.0
1637208,19,2.63,5,0,0,50,3,5,76280,,39449,County Championship Division Two 2026,1,45,Yorkshire Men,48,Surrey Men,8748319,2026-09-02T13:29:38Z,5,113,False,,,,7215,Auqib Nabi,7094,James Wharton,2988,Matthew Revis,Right,Backward Point,0,0,0,0,,LengthBall,OutsideOff,,None,FrontFoot,ForwardDefensive,NoMovement,Over,Medium,Right,Null,NotReferred,Null,False,False,False,False,False,True,,False,False,False,False,False,False,0,0,0,0,0,False,False,162.0,65.0
1637208,19,2.63,5,0,0,50,3,5,76280,,39449,County Championship Division Two 2026,1,45,Yorkshire Men,48,Surrey Men,8748323,2026-09-02T13:30:13Z,6,114,False,,,,7215,Auqib Nabi,7094,James Wharton,2988,Matthew Revis,Right,Wicketkeeper,0,0,0,0,,LengthBall,OutsideOff,Lbw,HitPad,FrontFoot,ForwardDefensive,SeamIn,Over,Medium,Right,Null,NotReferred,Null,False,False,False,False,False,True,1823.0,False,False,False,False,False,False,0,0,0,0,0,False,False,,
1637214,20,2.55,1,0,0,51,3,1,76280,,39449,County Championship Division Two 2026,1,45,Yorkshire Men,48,Surrey Men,8748330,2026-09-02T13:31:11Z,1,115,False,,,,10322,Tom Lawes,2988,Matthew Revis,7094,James Wharton,Right,Mid Off,0,0,0,0,,LengthBall,OutsideOff,,None,FrontFoot,ForwardDefensive,NoMovement,Over,FastSeam,Right,Null,NotReferred,Null,False,False,False,False,False,True,,False,False,False,False,False,False,0,0,0,0,0,False,False,254.0,57.0
1637214,20,2.55,1,0,0,51,3,1,76280,,39449,County Championship Division Two 2026,1,45,Yorkshire Men,48,Surrey Men,8748336,2026-09-02T13:31:33Z,2,116,False,,,,10322,Tom Lawes,2988,Matthew Revis,7094,James Wharton,Right,Wicketkeeper,0,0,0,0,,LengthBall,OutsideOff,,Missed,FrontFoot,Drive,AwaySwinger,Over,FastSeam,Right,Null,NotReferred,Null,False,False,False,False,False,True,,False,False,False,False,False,False,0,0,0,0,0,False,False,,
1637214,20,2.55,1,0,0,51,3,1,76280,,39449,County Championship Division Two 2026,1,45,Yorkshire Men,48,Surrey Men,8748343,2026-09-02T13:32:05Z,3,117,False,,,,10322,Tom Lawes,2988,Matthew Revis,7094,James Wharton,Right,Mid Off,0,0,0,0,,FullToss,OutsideOff,,MisTimed,FrontFoot,Drive,NoMovement,Over,FastSeam,Right,Null,NotReferred,Null,False,False,False,False,False,True,,False,False,False,False,False,False,0,0,0,0,0,False,False,255.0,56.0
1637214,20,2.55,1,0,0,51,3,1,76280,,39449,County Championship Division Two 2026,1,45,Yorkshire Men,48,Surrey Men,8748347,2026-09-02T13:32:34Z,4,118,False,,,,10322,Tom Lawes,2988,Matthew Revis,7094,James Wharton,Right,Square Leg,1,0,1,1,,LengthBall,OffStump,,None,BackFoot,Flick,NoMovement,Over,FastSeam,Right,Null,NotReferred,Null,False,False,False,False,False,True,,False,False,False,False,False,False,1,0,0,0,0,False,False,355.0,55.0
1637214,20,2.55,1,0,0,51,3,1,76280,,39449,County Championship Division Two 2026,1,45,Yorkshire Men,48,Surrey Men,8748355,2026-09-02T13:33:14Z,5,119,False,,,,10322,Tom Lawes,7094,James Wharton,2988,Matthew Revis,Right,Mid Off,0,0,0,0,,LengthBall,OutsideOff,,None,FrontFoot,ForwardDefensive,NoMovement,Over,FastSeam,Right,Null,NotReferred,Null,False,False,False,False,False,True,,False,False,False,False,False,False,0,0,0,0,0,False,False,254.0,56.0
1637214,20,2.55,1,0,0,51,3,1,76280,,39449,County Championship Division Two 2026,1,45,Yorkshire Men,48,Surrey Men,8748364,2026-09-02T13:33:49Z,6,120,False,,,,10322,Tom Lawes,7094,James Wharton,2988,Matthew Revis,Right,Wicketkeeper,0,0,0,0,,BackOfALength,LegStump,,PlayAndMissLegSide,BackFoot,Glance,NoMovement,Over,FastSeam,Right,Null,NotReferred,Null,False,False,False,False,False,True,,False,False,False,False,False,False,0,0,0,0,0,False,False,,
1637222,21,2.43,0,0,0,51,3,0,76280,,39449,County Championship Division Two 2026,1,45,Yorkshire Men,48,Surrey Men,8748370,2026-09-02T13:34:50Z,1,121,False,,,,785,Dan Worrall,2988,Matthew Revis,7094,James Wharton,Right,Wicketkeeper,0,0,0,0,,BackOfALength,OutsideOff,,Left,BackFoot,Leave,AwaySwinger,Over,FastSeam,Right,Null,NotReferred,Null,False,False,False,False,False,True,,False,False,False,False,False,False,0,0,0,0,0,False,False,,
1637222,21,2.43,0,0,0,51,3,0,76280,,39449,County Championship Division Two 2026,1,45,Yorkshire Men,48,Surrey Men,8748374,2026-09-02T13:35:24Z,2,122,False,,,,785,Dan Worrall,2988,Matthew Revis,7094,James Wharton,Right,Wicketkeeper,0,0,0,0,,BackOfALength,OutsideOff,,Left,FrontFoot,Leave,SeamAway,Over,FastSeam,Right,Null,NotReferred,Null,False,False,False,False,False,True,,False,False,False,False,False,False,0,0,0,0,0,False,False,,
1637222,21,2.43,0,0,0,51,3,0,76280,,39449,County Championship Division Two 2026,1,45,Yorkshire Men,48,Surrey Men,8748381,2026-09-02T13:35:59Z,3,123,False,,,,785,Dan Worrall,2988,Matthew Revis,7094,James Wharton,Right,Wicketkeeper,0,0,0,0,,BackOfALength,OutsideOff,,Left,FrontFoot,Leave,AwaySwinger,Over,FastSeam,Right,Null,NotReferred,Null,False,False,False,False,False,True,,False,False,False,False,False,False,0,0,0,0,0,False,False,,
1637222,21,2.43,0,0,0,51,3,0,76280,,39449,County Championship Division Two 2026,1,45,Yorkshire Men,48,Surrey Men,8748387,2026-09-02T13:36:39Z,4,124,False,,,,785,Dan Worrall,2988,Matthew Revis,7094,James Wharton,Right,Wicketkeeper,0,0,0,0,,BackOfALength,OutsideOff,,Left,FrontFoot,Leave,AwaySwinger,Over,FastSeam,Right,Null,NotReferred,Null,False,False,False,False,False,True,,False,False,False,False,False,False,0,0,0,0,0,False,False,,
1637222,21,2.43,0,0,0,51,3,0,76280,,39449,County Championship Division Two 2026,1,45,Yorkshire Men,48,Surrey Men,8748393,2026-09-02T13:37:13Z,5,125,False,,,,785,Dan Worrall,2988,Matthew Revis,7094,James Wharton,Right,Wicketkeeper,0,0,0,0,,LengthBall,OutsideOff,,Missed,FrontFoot,ForwardDefensive,AwaySwinger,Over,FastSeam,Right,Null,NotReferred,Null,False,False,False,False,False,True,,False,False,False,False,False,False,0,0,0,0,0,False,False,,
1637222,21,2.43,0,0,0,51,3,0,76280,,39449,County Championship Division Two 2026,1,45,Yorkshire Men,48,Surrey Men,8748399,2026-09-02T13:37:49Z,6,126,False,,,,785,Dan Worrall,2988,Matthew Revis,7094,James Wharton,Right,Wicketkeeper,0,0,0,0,,BackOfALength,OutsideOff,,Left,FrontFoot,Leave,AwaySwinger,Over,FastSeam,Right,Null,NotReferred,Null,False,False,False,False,False,True,,False,False,False,False,False,False,0,0,0,0,0,False,False,,
1637228,22,2.41,2,0,0,53,3,2,76280,,39449,County Championship Division Two 2026,1,45,Yorkshire Men,48,Surrey Men,8748406,2026-09-02T13:38:31Z,1,127,False,,,,10322,Tom Lawes,7094,James Wharton,2988,Matthew Revis,Right,Wicketkeeper,0,0,0,0,,LengthBall,OutsideOff,,Left,FrontFoot,Leave,AwaySwinger,Over,FastSeam,Right,Null,NotReferred,Null,False,False,False,False,False,True,,False,False,False,False,False,False,0,0,0,0,0,False,False,,
1637228,22,2.41,2,0,0,53,3,2,76280,,39449,County Championship Division Two 2026,1,45,Yorkshire Men,48,Surrey Men,8748414,2026-09-02T13:39:03Z,2,128,False,,,,10322,Tom Lawes,7094,James Wharton,2988,Matthew Revis,Right,Wicketkeeper,0,0,0,0,,LengthBall,OutsideOff,,Left,FrontFoot,Leave,AwaySwinger,Over,FastSeam,Right,Null,NotReferred,Null,False,False,False,False,False,True,,False,False,False,False,False,False,0,0,0,0,0,False,False,,
1637228,22,2.41,2,0,0,53,3,2,76280,,39449,County Championship Division Two 2026,1,45,Yorkshire Men,48,Surrey Men,8748419,2026-09-02T13:39:35Z,3,129,False,,,,10322,Tom Lawes,7094,James Wharton,2988,Matthew Revis,Right,Wicketkeeper,0,0,0,0,,LengthBall,OutsideOff,,Left,FrontFoot,Leave,AwaySwinger,Over,FastSeam,Right,Null,NotReferred,Null,False,False,False,False,False,True,,False,False,False,False,False,False,0,0,0,0,0,False,False,,
1637228,22,2.41,2,0,0,53,3,2,76280,,39449,County Championship Division Two 2026,1,45,Yorkshire Men,48,Surrey Men,8748430,2026-09-02T13:40:05Z,4,130,False,,,,10322,Tom Lawes,7094,James Wharton,2988,Matthew Revis,Right,Third Man,2,0,2,2,,Short,OutsideOff,,None,BackFoot,Steer,NoMovement,Over,FastSeam,Right,Null,NotReferred,Null,False,False,False,False,False,True,,False,False,False,False,False,False,2,0,0,0,0,False,False,123.0,126.0
1637228,22,2.41,2,0,0,53,3,2,76280,,39449,County Championship Division Two 2026,1,45,Yorkshire Men,48,Surrey Men,8748433,2026-09-02T13:40:41Z,5,131,False,,,,10322,Tom Lawes,7094,James Wharton,2988,Matthew Revis,Right,Cover,0,0,0,0,,LengthBall,OutsideOff,,None,FrontFoot,ForwardDefensive,NoMovement,Over,FastSeam,Right,Null,NotReferred,Null,False,False,False,False,False,True,,False,False,False,False,False,False,0,0,0,0,0,False,False,189.0,54.0
1637228,22,2.41,2,0,0,53,3,2,76280,,39449,County Championship Division Two 2026,1,45,Yorkshire Men,48,Surrey Men,8748439,2026-09-02T13:41:10Z,6,132,False,,,,10322,Tom Lawes,7094,James Wharton,2988,Matthew Revis,Right,Wicketkeeper,0,0,0,0,,HalfVolley,OutsideOff,,Missed,FrontFoot,Drive,AwaySwinger,Over,FastSeam,Right,Null,NotReferred,Null,False,False,False,False,False,True,,False,False,False,False,False,False,0,0,0,0,0,False,False,,
1637235,23,2.35,1,0,0,54,3,1,76280,,39449,County Championship Division Two 2026,1,45,Yorkshire Men,48,Surrey Men,8748450,2026-09-02T13:41:57Z,1,133,False,,,,785,Dan Worrall,2988,Matthew Revis,7094,James Wharton,Right,Mid Wicket,1,0,1,1,,BackOfALength,OffStump,,None,BackFoot,Dropped,NoMovement,Over,FastSeam,Right,Null,NotReferred,Null,False,False,False,False,False,True,,False,False,False,False,False,False,1,0,0,0,0,False,False,329.0,49.0
1637235,23,2.35,1,0,0,54,3,1,76280,,39449,County Championship Division Two 2026,1,45,Yorkshire Men,48,Surrey Men,8748455,2026-09-02T13:42:33Z,2,134,False,,,,785,Dan Worrall,7094,James Wharton,2988,Matthew Revis,Right,Wicketkeeper,0,0,0,0,,LengthBall,OutsideOff,,Left,FrontFoot,Leave,AwaySwinger,Over,FastSeam,Right,Null,NotReferred,Null,False,False,False,False,False,True,,False,False,False,False,False,False,0,0,0,0,0,False,False,,
1637235,23,2.35,1,0,0,54,3,1,76280,,39449,County Championship Division Two 2026,1,45,Yorkshire Men,48,Surrey Men,8748460,2026-09-02T13:43:12Z,3,135,False,,,,785,Dan Worrall,7094,James Wharton,2988,Matthew Revis,Right,Third Slip,0,0,0,0,,BackOfALength,OutsideOff,,OutsideEdge,BackFoot,BackwardDefensive,AwaySwinger,Over,FastSeam,Right,Null,NotReferred,Null,False,False,False,False,False,True,,False,False,False,False,False,False,0,0,0,0,0,False,False,122.0,41.0
1637235,23,2.35,1,0,0,54,3,1,76280,,39449,County Championship Division Two 2026,1,45,Yorkshire Men,48,Surrey Men,8748468,2026-09-02T13:43:50Z,4,136,False,,,,785,Dan Worrall,7094,James Wharton,2988,Matthew Revis,Right,Wicketkeeper,0,0,0,0,,LengthBall,OutsideOff,,Missed,FrontFoot,ForwardDefensive,AwaySwinger,Over,FastSeam,Right,Null,NotReferred,Null,False,False,False,False,False,True,,False,False,False,False,False,False,0,0,0,0,0,False,False,,
1637235,23,2.35,1,0,0,54,3,1,76280,,39449,County Championship Division Two 2026,1,45,Yorkshire Men,48,Surrey Men,8748475,2026-09-02T13:44:27Z,5,137,False,,,,785,Dan Worrall,7094,James Wharton,2988,Matthew Revis,Right,Mid On,0,0,0,0,,BackOfALength,OutsideOff,,None,BackFoot,BackwardDefensive,NoMovement,Over,FastSeam,Right,Null,NotReferred,Null,False,False,False,False,False,True,,False,False,False,False,False,False,0,0,0,0,0,False,False,279.0,64.0
1637235,23,2.35,1,0,0,54,3,1,76280,,39449,County Championship Division Two 2026,1,45,Yorkshire Men,48,Surrey Men,8748480,2026-09-02T13:44:59Z,6,138,False,,,,785,Dan Worrall,7094,James Wharton,2988,Matthew Revis,Right,Wicketkeeper,0,0,0,0,,LengthBall,OutsideOff,,Missed,FrontFoot,ForwardDefensive,AwaySwinger,Over,FastSeam,Right,Null,NotReferred,Null,False,False,False,False,False,True,,False,False,False,False,False,False,0,0,0,0,0,False,False,,
1637241,24,2.42,4,0,0,58,3,4,76280,,39449,County Championship Division Two 2026,1,45,Yorkshire Men,48,Surrey Men,8748490,2026-09-02T13:45:53Z,1,139,False,,,,10322,Tom Lawes,2988,Matthew Revis,7094,James Wharton,Right,Bowler,0,0,0,0,,LengthBall,OutsideOff,,None,FrontFoot,ForwardDefensive,NoMovement,Over,FastSeam,Right,Null,NotReferred,Null,False,False,False,False,False,True,,False,False,False,False,False,False,0,0,0,0,0,False,False,,
1637241,24,2.42,4,0,0,58,3,4,76280,,39449,County Championship Division Two 2026,1,45,Yorkshire Men,48,Surrey Men,8748499,2026-09-02T13:46:26Z,2,140,False,,,,10322,Tom Lawes,2988,Matthew Revis,7094,James Wharton,Right,Wicketkeeper,0,0,0,0,,LengthBall,OutsideOff,,Left,FrontFoot,Leave,AwaySwinger,Over,FastSeam,Right,Null,NotReferred,Null,False,False,False,False,False,True,,False,False,False,False,False,False,0,0,0,0,0,False,False,,
1637241,24,2.42,4,0,0,58,3,4,76280,,39449,County Championship Division Two 2026,1,45,Yorkshire Men,48,Surrey Men,8748507,2026-09-02T13:46:59Z,3,141,False,,,,10322,Tom Lawes,2988,Matthew Revis,7094,James Wharton,Right,,4,0,4,4,,LengthBall,OffStump,,WellTimed,FrontFoot,Flick,NoMovement,Over,FastSeam,Right,Null,NotReferred,Null,False,False,False,False,False,True,,False,False,False,False,False,False,4,0,0,0,0,True,False,351.0,172.0
1637241,24,2.42,4,0,0,58,3,4,76280,,39449,County Championship Division Two 2026,1,45,Yorkshire Men,48,Surrey Men,8748512,2026-09-02T13:47:32Z,4,142,False,,,,10322,Tom Lawes,2988,Matthew Revis,7094,James Wharton,Right,Wicketkeeper,0,0,0,0,,LengthBall,OutsideOff,,Left,FrontFoot,Leave,AwaySwinger,Over,FastSeam,Right,Null,NotReferred,Null,False,False,False,False,False,True,,False,False,False,False,False,False,0,0,0,0,0,False,False,,
1637241,24,2.42,4,0,0,58,3,4,76280,,39449,County Championship Division Two 2026,1,45,Yorkshire Men,48,Surrey Men,8748519,2026-09-02T13:48:05Z,5,143,False,,,,10322,Tom Lawes,2988,Matthew Revis,7094,James Wharton,Right,Wicketkeeper,0,0,0,0,,BackOfALength,OutsideOff,,Left,FrontFoot,Leave,AwaySwinger,Over,FastSeam,Right,Null,NotReferred,Null,False,False,False,False,False,True,,False,False,False,False,False,False,0,0,0,0,0,False,False,,
1637241,24,2.42,4,0,0,58,3,4,76280,,39449,County Championship Division Two 2026,1,45,Yorkshire Men,48,Surrey Men,8748524,2026-09-02T13:48:37Z,6,144,False,,,,10322,Tom Lawes,2988,Matthew Revis,7094,James Wharton,Right,Wicketkeeper,0,0,0,0,,LengthBall,OutsideOff,,Left,FrontFoot,Leave,AwaySwinger,Over,FastSeam,Right,Null,NotReferred,Null,False,False,False,False,False,True,,False,False,False,False,False,False,0,0,0,0,0,False,False,,
1637250,25,2.4,2,0,0,60,3,2,76280,,39449,County Championship Division Two 2026,1,45,Yorkshire Men,48,Surrey Men,8748534,2026-09-02T13:49:30Z,1,145,False,,,,785,Dan Worrall,7094,James Wharton,2988,Matthew Revis,Right,Third Man,1,0,1,1,,LengthBall,OutsideOff,,None,FrontFoot,ForwardDefensive,NoMovement,Over,FastSeam,Right,Null,NotReferred,Null,False,False,False,False,False,True,,False,False,False,False,False,False,1,0,0,0,0,False,False,120.0,104.0
1637250,25,2.4,2,0,0,60,3,2,76280,,39449,County Championship Division Two 2026,1,45,Yorkshire Men,48,Surrey Men,8748543,2026-09-02T13:50:12Z,2,146,False,,,,785,Dan Worrall,2988,Matthew Revis,7094,James Wharton,Right,Wicketkeeper,0,0,0,0,,BackOfALength,OutsideOff,,Left,FrontFoot,Leave,AwaySwinger,Over,FastSeam,Right,Null,NotReferred,Null,False,False,False,False,False,True,,False,False,False,False,False,False,0,0,0,0,0,False,False,,
1637250,25,2.4,2,0,0,60,3,2,76280,,39449,County Championship Division Two 2026,1,45,Yorkshire Men,48,Surrey Men,8748551,2026-09-02T13:50:47Z,3,147,False,,,,785,Dan Worrall,2988,Matthew Revis,7094,James Wharton,Right,Deep Backward Square Leg,1,0,1,1,,LengthBall,LegStump,,None,BackFoot,Glance,NoMovement,Over,FastSeam,Right,Null,NotReferred,Null,False,False,False,False,False,True,,False,False,False,False,False,False,1,0,0,0,0,False,False,24.0,127.0
1637250,25,2.4,2,0,0,60,3,2,76280,,39449,County Championship Division Two 2026,1,45,Yorkshire Men,48,Surrey Men,8748556,2026-09-02T13:51:25Z,4,148,False,,,,785,Dan Worrall,7094,James Wharton,2988,Matthew Revis,Right,Wicketkeeper,0,0,0,0,,LengthBall,OutsideOff,,Left,FrontFoot,Leave,SeamIn,Over,FastSeam,Right,Null,NotReferred,Null,False,False,False,False,False,True,,False,False,False,False,False,False,0,0,0,0,0,False,False,,
1637250,25,2.4,2,0,0,60,3,2,76280,,39449,County Championship Division Two 2026,1,45,Yorkshire Men,48,Surrey Men,8748563,2026-09-02T13:52:04Z,5,149,False,,,,785,Dan Worrall,7094,James Wharton,2988,Matthew Revis,Right,Wicketkeeper,0,0,0,0,,BackOfALength,OutsideOff,,Left,FrontFoot,Leave,AwaySwinger,Over,FastSeam,Right,Null,NotReferred,Null,False,False,False,False,False,True,,False,False,False,False,False,False,0,0,0,0,0,False,False,,
1637250,25,2.4,2,0,0,60,3,2,76280,,39449,County Championship Division Two 2026,1,45,Yorkshire Men,48,Surrey Men,8748573,2026-09-02T13:52:44Z,6,150,False,,,,785,Dan Worrall,7094,James Wharton,2988,Matthew Revis,Right,Square Leg,0,0,0,0,,LengthBall,OffStump,,None,FrontFoot,Flick,NoMovement,Over,FastSeam,Right,Null,NotReferred,Null,False,False,False,False,False,True,,False,False,False,False,False,False,0,0,0,0,0,False,False,346.0,53.0
1637258,26,2.31,0,0,0,60,3,0,76280,,39449,County Championship Division Two 2026,1,45,Yorkshire Men,48,Surrey Men,8748582,2026-09-02T13:54:02Z,1,151,False,,,,168,Matt Fisher,2988,Matthew Revis,7094,James Wharton,Right,Wicketkeeper,0,0,0,0,,LengthBall,OutsideOff,,Missed,FrontFoot,ForwardDefensive,AwaySwinger,Over,FastSeam,Right,Null,NotReferred,Null,False,False,False,False,False,True,,False,False,False,False,False,False,0,0,0,0,0,False,False,,
1637258,26,2.31,0,0,0,60,3,0,76280,,39449,County Championship Division Two 2026,1,45,Yorkshire Men,48,Surrey Men,8748592,2026-09-02T13:54:42Z,2,152,False,,,,168,Matt Fisher,2988,Matthew Revis,7094,James Wharton,Right,Cover,0,0,0,0,,LengthBall,OutsideOff,,None,FrontFoot,ForwardDefensive,NoMovement,Over,FastSeam,Right,Null,NotReferred,Null,False,False,False,False,False,True,,False,False,False,False,False,False,0,0,0,0,0,False,False,198.0,56.0
1637258,26,2.31,0,0,0,60,3,0,76280,,39449,County Championship Division Two 2026,1,45,Yorkshire Men,48,Surrey Men,8748601,2026-09-02T13:55:16Z,3,153,False,,,,168,Matt Fisher,2988,Matthew Revis,7094,James Wharton,Right,Wicketkeeper,0,0,0,0,,BackOfALength,OutsideOff,,Left,FrontFoot,Leave,AwaySwinger,Over,FastSeam,Right,Null,NotReferred,Null,False,False,False,False,False,True,,False,False,False,False,False,False,0,0,0,0,0,False,False,,
1637258,26,2.31,0,0,0,60,3,0,76280,,39449,County Championship Division Two 2026,1,45,Yorkshire Men,48,Surrey Men,8748608,2026-09-02T13:55:57Z,4,154,False,,,,168,Matt Fisher,2988,Matthew Revis,7094,James Wharton,Right,Wicketkeeper,0,0,0,0,,LengthBall,OutsideOff,,Missed,FrontFoot,Drive,AwaySwinger,Over,FastSeam,Right,Null,NotReferred,Null,False,False,False,False,False,True,,False,False,False,False,False,False,0,0,0,0,0,False,False,,
1637258,26,2.31,0,0,0,60,3,0,76280,,39449,County Championship Division Two 2026,1,45,Yorkshire Men,48,Surrey Men,8748617,2026-09-02T13:56:31Z,5,155,False,,,,168,Matt Fisher,2988,Matthew Revis,7094,James Wharton,Right,Mid On,0,0,0,0,,LengthBall,OffStump,,None,FrontFoot,ForwardDefensive,NoMovement,Over,FastSeam,Right,Null,NotReferred,Null,False,False,False,False,False,True,,False,False,False,False,False,False,0,0,0,0,0,False,False,277.0,58.0
1637258,26,2.31,0,0,0,60,3,0,76280,,39449,County Championship Division Two 2026,1,45,Yorkshire Men,48,Surrey Men,8748623,2026-09-02T13:57:10Z,6,156,False,,,,168,Matt Fisher,2988,Matthew Revis,7094,James Wharton,Right,Wicketkeeper,0,0,0,0,,BackOfALength,MiddleStump,,MisTimed,BackFoot,Glance,NoMovement,Over,FastSeam,Right,Null,NotReferred,Null,False,False,False,False,False,True,,False,False,False,False,False,False,0,0,0,0,0,False,False,,
1637267,27,2.22,0,0,0,60,3,0,76280,,39449,County Championship Division Two 2026,1,45,Yorkshire Men,48,Surrey Men,8748634,2026-09-02T13:58:09Z,1,157,False,,,,785,Dan Worrall,7094,James Wharton,2988,Matthew Revis,Right,Backward Point,0,0,0,0,,LengthBall,OutsideOff,Lbw,HitPad,FrontFoot,ForwardDefensive,InSwinger,Over,FastSeam,Right,Null,NotReferred,Null,False,False,False,False,False,True,1823.0,False,False,False,False,False,False,0,0,0,0,0,False,False,161.0,63.0
1637267,27,2.22,0,0,0,60,3,0,76280,,39449,County Championship Division Two 2026,1,45,Yorkshire Men,48,Surrey Men,8748639,2026-09-02T13:58:44Z,2,158,False,,,,785,Dan Worrall,7094,James Wharton,2988,Matthew Revis,Right,Square Leg,0,0,0,0,,LengthBall,OffStump,,None,FrontFoot,ForwardDefensive,NoMovement,Over,FastSeam,Right,Null,NotReferred,Null,False,False,False,False,False,True,,False,False,False,False,False,False,0,0,0,0,0,False,False,342.0,52.0
1637267,27,2.22,0,0,0,60,3,0,76280,,39449,County Championship Division Two 2026,1,45,Yorkshire Men,48,Surrey Men,8748646,2026-09-02T13:59:21Z,3,159,False,,,,785,Dan Worrall,7094,James Wharton,2988,Matthew Revis,Right,Wicketkeeper,0,0,0,0,,LengthBall,OutsideOff,,Left,FrontFoot,Leave,AwaySwinger,Over,FastSeam,Right,Null,NotReferred,Null,False,False,False,False,False,True,,False,False,False,False,False,False,0,0,0,0,0,False,False,,
1637267,27,2.22,0,0,0,60,3,0,76280,,39449,County Championship Division Two 2026,1,45,Yorkshire Men,48,Surrey Men,8748655,2026-09-02T13:59:56Z,4,160,False,,,,785,Dan Worrall,7094,James Wharton,2988,Matthew Revis,Right,Wicketkeeper,0,0,0,0,,BackOfALength,OutsideOff,,Left,FrontFoot,Leave,AwaySwinger,Over,FastSeam,Right,Null,NotReferred,Null,False,False,False,False,False,True,,False,False,False,False,False,False,0,0,0,0,0,False,False,,
1637267,27,2.22,0,0,0,60,3,0,76280,,39449,County Championship Division Two 2026,1,45,Yorkshire Men,48,Surrey Men,8748661,2026-09-02T14:00:32Z,5,161,False,,,,785,Dan Worrall,7094,James Wharton,2988,Matthew Revis,Right,Wicketkeeper,0,0,0,0,,LengthBall,OutsideOff,,Left,FrontFoot,Leave,AwaySwinger,Over,FastSeam,Right,Null,NotReferred,Null,False,False,False,False,False,True,,False,False,False,False,False,False,0,0,0,0,0,False,False,,
1637267,27,2.22,0,0,0,60,3,0,76280,,39449,County Championship Division Two 2026,1,45,Yorkshire Men,48,Surrey Men,8748669,2026-09-02T14:01:10Z,6,162,False,,,,785,Dan Worrall,7094,James Wharton,2988,Matthew Revis,Right,Cover,0,0,0,0,,BackOfALength,OutsideOff,,None,BackFoot,BackwardDefensive,NoMovement,Over,FastSeam,Right,Null,NotReferred,Null,False,False,False,False,False,True,,False,False,False,False,False,False,0,0,0,0,0,False,False,206.0,55.0
1637272,28,2.46,9,0,0,69,3,9,76280,,39449,County Championship Division Two 2026,1,45,Yorkshire Men,48,Surrey Men,8748673,2026-09-02T14:01:55Z,1,163,False,,,,168,Matt Fisher,2988,Matthew Revis,7094,James Wharton,Right,Wicketkeeper,0,0,0,0,,BackOfALength,OutsideOff,,Missed,NoMovement,Drive,AwaySwinger,Over,FastSeam,Right,Null,NotReferred,Null,False,False,False,False,False,True,,False,False,False,False,False,False,0,0,0,0,0,False,False,,
1637272,28,2.46,9,0,0,69,3,9,76280,,39449,County Championship Division Two 2026,1,45,Yorkshire Men,48,Surrey Men,8748681,2026-09-02T14:02:31Z,2,164,False,,,,168,Matt Fisher,2988,Matthew Revis,7094,James Wharton,Right,Wicketkeeper,0,0,0,0,,LengthBall,OutsideOff,,Missed,FrontFoot,ForwardDefensive,AwaySwinger,Over,FastSeam,Right,Null,NotReferred,Null,False,False,False,False,False,True,,False,False,False,False,False,False,0,0,0,0,0,False,False,,
1637272,28,2.46,9,0,0,69,3,9,76280,,39449,County Championship Division Two 2026,1,45,Yorkshire Men,48,Surrey Men,8748693,2026-09-02T14:03:07Z,3,165,False,,,,168,Matt Fisher,2988,Matthew Revis,7094,James Wharton,Right,Cover,1,0,1,1,,LengthBall,OutsideOff,,MisTimed,FrontFoot,ForwardDefensive,NoMovement,Over,FastSeam,Right,Null,NotReferred,Null,False,False,False,False,False,True,,False,False,False,False,False,False,1,0,0,0,0,False,False,194.0,62.0
1637272,28,2.46,9,0,0,69,3,9,76280,,39449,County Championship Division Two 2026,1,45,Yorkshire Men,48,Surrey Men,8748699,2026-09-02T14:03:48Z,4,166,False,,,,168,Matt Fisher,7094,James Wharton,2988,Matthew Revis,Right,,4,0,4,4,,LengthBall,LegStump,,WellTimed,BackFoot,Glance,NoMovement,Over,FastSeam,Right,Null,NotReferred,Null,False,False,False,False,False,True,,False,False,False,False,False,False,4,0,0,0,0,True,False,71.0,161.0
1637272,28,2.46,9,0,0,69,3,9,76280,,39449,County Championship Division Two 2026,1,45,Yorkshire Men,48,Surrey Men,8748706,2026-09-02T14:04:26Z,5,167,False,,,,168,Matt Fisher,7094,James Wharton,2988,Matthew Revis,Right,Cover,0,0,0,0,,LengthBall,OutsideOff,,None,FrontFoot,ForwardDefensive,NoMovement,Over,FastSeam,Right,Null,NotReferred,Null,False,False,False,False,False,True,,False,False,False,False,False,False,0,0,0,0,0,False,False,199.0,54.0
1637272,28,2.46,9,0,0,69,3,9,76280,,39449,County Championship Division Two 2026,1,45,Yorkshire Men,48,Surrey Men,8748713,2026-09-02T14:05:01Z,6,168,False,,,,168,Matt Fisher,7094,James Wharton,2988,Matthew Revis,Right,,4,0,4,4,,BackOfALength,OutsideOff,,WellTimed,BackFoot,Cut,AwaySwinger,Over,FastSeam,Right,Null,NotReferred,Null,False,False,False,False,False,True,,False,False,False,False,False,False,4,0,0,0,0,True,False,153.0,165.0
1637282,29,2.55,5,0,0,74,3,5,76280,,39449,County Championship Division Two 2026,1,45,Yorkshire Men,48,Surrey Men,8748723,2026-09-02T14:06:04Z,1,169,False,,,,785,Dan Worrall,2988,Matthew Revis,7094,James Wharton,Right,Mid Wicket,0,0,0,0,,LengthBall,OutsideOff,,None,FrontFoot,ForwardDefensive,NoMovement,Over,FastSeam,Right,Null,NotReferred,Null,False,False,False,False,False,True,,False,False,False,False,False,False,0,0,0,0,0,False,False,324.0,52.0
1637282,29,2.55,5,0,0,74,3,5,76280,,39449,County Championship Division Two 2026,1,45,Yorkshire Men,48,Surrey Men,8748731,2026-09-02T14:06:41Z,2,170,False,,,,785,Dan Worrall,2988,Matthew Revis,7094,James Wharton,Right,Fine Leg,0,1,1,0,,BackOfALength,LegStump,,HitPad,BackFoot,Glance,NoMovement,Over,FastSeam,Right,Null,NotReferred,Null,False,False,False,True,False,True,,False,False,False,False,False,False,1,0,0,1,0,False,False,62.0,114.0
1637282,29,2.55,5,0,0,74,3,5,76280,,39449,County Championship Division Two 2026,1,45,Yorkshire Men,48,Surrey Men,8748744,2026-09-02T14:07:45Z,3,171,False,,,,785,Dan Worrall,7094,James Wharton,2988,Matthew Revis,Right,Third Man,3,0,3,3,,LengthBall,OutsideOff,,OutsideEdge,FrontFoot,ForwardDefensive,AwaySwinger,Over,FastSeam,Right,Null,NotReferred,Null,False,False,False,False,False,True,,False,False,False,False,False,False,3,0,0,0,0,False,False,109.0,155.0
1637282,29,2.55,5,0,0,74,3,5,76280,,39449,County Championship Division Two 2026,1,45,Yorkshire Men,48,Surrey Men,8748751,2026-09-02T14:08:32Z,4,172,False,,,,785,Dan Worrall,2988,Matthew Revis,7094,James Wharton,Right,Cover,0,0,0,0,,BackOfALength,OutsideOff,,HitBody,FrontFoot,ForwardDefensive,InSwinger,Over,FastSeam,Right,Null,NotReferred,Null,False,False,False,False,False,True,,False,False,False,False,False,False,0,0,0,0,0,False,False,196.0,52.0
1637282,29,2.55,5,0,0,74,3,5,76280,,39449,County Championship Division Two 2026,1,45,Yorkshire Men,48,Surrey Men,8748756,2026-09-02T14:09:11Z,5,173,False,,,,785,Dan Worrall,2988,Matthew Revis,7094,James Wharton,Right,Wicketkeeper,0,0,0,0,,BackOfALength,OutsideOff,,Left,BackFoot,Leave,SeamIn,Over,FastSeam,Right,Null,NotReferred,Null,False,False,False,False,False,True,,False,False,False,False,False,False,0,0,0,0,0,False,False,,
1637282,29,2.55,5,0,0,74,3,5,76280,,39449,County Championship Division Two 2026,1,45,Yorkshire Men,48,Surrey Men,8748765,2026-09-02T14:09:56Z,6,174,False,,,,785,Dan Worrall,2988,Matthew Revis,7094,James Wharton,Right,Short Fine Leg,0,1,1,0,,LengthBall,DownLeg,,HitPad,BackFoot,Glance,NoMovement,Over,FastSeam,Right,Null,NotReferred,Null,False,False,False,True,False,True,,False,False,False,False,False,False,1,0,0,1,0,False,False,58.0,39.0
1637289,30,2.53,2,0,0,76,3,2,76280,,39449,County Championship Division Two 2026,1,45,Yorkshire Men,48,Surrey Men,8748771,2026-09-02T14:11:15Z,1,175,False,,,,168,Matt Fisher,2988,Matthew Revis,7094,James Wharton,Right,Wicketkeeper,0,0,0,0,,LengthBall,LegStump,,Missed,FrontFoot,ForwardDefensive,AwaySwinger,Over,FastSeam,Right,Null,NotReferred,Null,False,False,False,False,False,True,,False,False,False,False,False,False,0,0,0,0,0,False,False,,
1637289,30,2.53,2,0,0,76,3,2,76280,,39449,County Championship Division Two 2026,1,45,Yorkshire Men,48,Surrey Men,8748779,2026-09-02T14:11:53Z,2,176,False,,,,168,Matt Fisher,2988,Matthew Revis,7094,James Wharton,Right,Wicketkeeper,0,0,0,0,,LengthBall,OutsideOff,,Left,FrontFoot,Leave,AwaySwinger,Over,FastSeam,Right,Null,NotReferred,Null,False,False,False,False,False,True,,False,False,False,False,False,False,0,0,0,0,0,False,False,,
1637289,30,2.53,2,0,0,76,3,2,76280,,39449,County Championship Division Two 2026,1,45,Yorkshire Men,48,Surrey Men,8748785,2026-09-02T14:12:28Z,3,177,False,,,,168,Matt Fisher,2988,Matthew Revis,7094,James Wharton,Right,Wicketkeeper,0,0,0,0,,LengthBall,OutsideOff,,Left,FrontFoot,Leave,AwaySwinger,Over,FastSeam,Right,Null,NotReferred,Null,False,False,False,False,False,True,,False,False,False,False,False,False,0,0,0,0,0,False,False,,
1637289,30,2.53,2,0,0,76,3,2,76280,,39449,County Championship Division Two 2026,1,45,Yorkshire Men,48,Surrey Men,8748789,2026-09-02T14:13:08Z,4,178,False,,,,168,Matt Fisher,2988,Matthew Revis,7094,James Wharton,Right,Bowler,0,0,0,0,,BackOfALength,OutsideOff,,None,BackFoot,BackwardDefensive,NoMovement,Over,FastSeam,Right,Null,NotReferred,Null,False,False,False,False,False,True,,False,False,False,False,False,False,0,0,0,0,0,False,False,,
1637289,30,2.53,2,0,0,76,3,2,76280,,39449,County Championship Division Two 2026,1,45,Yorkshire Men,48,Surrey Men,8748798,2026-09-02T14:13:40Z,5,179,False,,,,168,Matt Fisher,2988,Matthew Revis,7094,James Wharton,Right,Mid On,1,0,1,1,,LengthBall,OffStump,,Spliced,FrontFoot,ForwardDefensive,NoMovement,Over,FastSeam,Right,Null,NotReferred,Null,False,False,False,False,False,True,,False,False,False,False,False,False,1,0,0,0,0,False,False,284.0,66.0
1637289,30,2.53,2,0,0,76,3,2,76280,,39449,County Championship Division Two 2026,1,45,Yorkshire Men,48,Surrey Men,8748801,2026-09-02T14:14:20Z,6,180,False,,,,168,Matt Fisher,7094,James Wharton,2988,Matthew Revis,Right,Mid On,1,0,1,1,,LengthBall,MiddleStump,,None,FrontFoot,Drive,NoMovement,Over,FastSeam,Right,Null,NotReferred,Null,False,False,False,False,False,True,,False,False,False,False,False,False,1,0,0,0,0,False,False,279.0,78.0
1637295,31,2.52,2,0,0,78,3,2,76280,,39449,County Championship Division Two 2026,1,45,Yorkshire Men,48,Surrey Men,8748816,2026-09-02T14:15:44Z,1,181,False,,,,10929,Rahul Chahar,7094,James Wharton,2988,Matthew Revis,Right,Cover,0,0,0,0,,LengthBall,OutsideOff,,None,BackFoot,BackwardDefensive,LegSpinner,Over,LegSpin,Right,Null,NotReferred,Null,False,False,False,False,False,True,,False,False,False,False,False,False,0,0,0,0,0,False,False,195.0,54.0
1637295,31,2.52,2,0,0,78,3,2,76280,,39449,County Championship Division Two 2026,1,45,Yorkshire Men,48,Surrey Men,8748819,2026-09-02T14:16:04Z,2,182,False,,,,10929,Rahul Chahar,7094,James Wharton,2988,Matthew Revis,Right,Backward Square Leg,1,0,1,1,,LengthBall,MiddleStump,,None,BackFoot,Worked,LegSpinner,Over,LegSpin,Right,Null,NotReferred,Null,False,False,False,False,False,True,,False,False,False,False,False,False,1,0,0,0,0,False,False,2.0,91.0
1637295,31,2.52,2,0,0,78,3,2,76280,,39449,County Championship Division Two 2026,1,45,Yorkshire Men,48,Surrey Men,8748826,2026-09-02T14:16:33Z,3,183,False,,,,10929,Rahul Chahar,2988,Matthew Revis,7094,James Wharton,Right,Mid Wicket,0,0,0,0,,LengthBall,OffStump,,None,BackFoot,Worked,LegSpinner,Over,LegSpin,Right,Null,NotReferred,Null,False,False,False,False,False,True,,False,False,False,False,False,False,0,0,0,0,0,False,False,322.0,55.0
1637295,31,2.52,2,0,0,78,3,2,76280,,39449,County Championship Division Two 2026,1,45,Yorkshire Men,48,Surrey Men,8748827,2026-09-02T14:16:50Z,4,184,False,,,,10929,Rahul Chahar,2988,Matthew Revis,7094,James Wharton,Right,Deep Square Leg,1,0,1,1,,BackOfALength,OffStump,,None,BackFoot,Worked,LegSpinner,Over,LegSpin,Right,Null,NotReferred,Null,False,False,False,False,False,True,,False,False,False,False,False,False,1,0,0,0,0,False,False,355.0,132.0
1637295,31,2.52,2,0,0,78,3,2,76280,,39449,County Championship Division Two 2026,1,45,Yorkshire Men,48,Surrey Men,8748831,2026-09-02T14:17:09Z,5,185,False,,,,10929,Rahul Chahar,7094,James Wharton,2988,Matthew Revis,Right,Wicketkeeper,0,0,0,0,,LengthBall,OutsideOff,,MisTimed,FrontFoot,ForwardDefensive,Googly,Over,LegSpin,Right,Null,NotReferred,Null,False,False,False,False,False,True,,False,False,False,False,False,False,0,0,0,0,0,False,False,,
1637295,31,2.52,2,0,0,78,3,2,76280,,39449,County Championship Division Two 2026,1,45,Yorkshire Men,48,Surrey Men,8748834,2026-09-02T14:17:27Z,6,186,False,,,,10929,Rahul Chahar,7094,James Wharton,2988,Matthew Revis,Right,Bowler,0,0,0,0,,LengthBall,OffStump,,None,BackFoot,BackwardDefensive,LegSpinner,Over,LegSpin,Right,Null,NotReferred,Null,False,False,False,False,False,True,,False,False,False,False,False,False,0,0,0,0,0,False,False,,
1637300,32,2.56,4,0,0,82,3,4,76280,,39449,County Championship Division Two 2026,1,45,Yorkshire Men,48,Surrey Men,8748846,2026-09-02T14:18:39Z,1,187,False,,,,168,Matt Fisher,2988,Matthew Revis,7094,James Wharton,Right,Cover,0,0,0,0,,LengthBall,OutsideOff,,Spliced,FrontFoot,ForwardDefensive,InSwinger,Over,FastSeam,Right,Null,NotReferred,Null,False,False,False,False,False,True,,False,False,False,False,False,False,0,0,0,0,0,False,False,202.0,50.0
1637300,32,2.56,4,0,0,82,3,4,76280,,39449,County Championship Division Two 2026,1,45,Yorkshire Men,48,Surrey Men,8748850,2026-09-02T14:19:15Z,2,188,False,,,,168,Matt Fisher,2988,Matthew Revis,7094,James Wharton,Right,Square Leg,0,0,0,0,,LengthBall,MiddleStump,Lbw,HitPad,BackFoot,Glance,SeamIn,Over,FastSeam,Right,Null,NotReferred,Null,False,False,False,False,False,True,1906.0,False,False,False,False,False,False,0,0,0,0,0,False,False,331.0,46.0
1637300,32,2.56,4,0,0,82,3,4,76280,,39449,County Championship Division Two 2026,1,45,Yorkshire Men,48,Surrey Men,8748856,2026-09-02T14:19:53Z,3,189,False,,,,168,Matt Fisher,2988,Matthew Revis,7094,James Wharton,Right,,4,0,4,4,,LengthBall,DownLeg,,WellTimed,BackFoot,Glance,NoMovement,Over,FastSeam,Right,Null,NotReferred,Null,False,False,False,False,False,True,,False,False,False,False,False,False,4,0,0,0,0,True,False,77.0,160.0
1637300,32,2.56,4,0,0,82,3,4,76280,,39449,County Championship Division Two 2026,1,45,Yorkshire Men,48,Surrey Men,8748862,2026-09-02T14:20:31Z,4,190,False,,,,168,Matt Fisher,2988,Matthew Revis,7094,James Wharton,Right,Wicketkeeper,0,0,0,0,,LengthBall,OutsideOff,,Left,FrontFoot,Leave,NoMovement,Over,FastSeam,Right,Null,NotReferred,Null,False,False,False,False,False,True,,False,False,False,False,False,False,0,0,0,0,0,False,False,,
1637300,32,2.56,4,0,0,82,3,4,76280,,39449,County Championship Division Two 2026,1,45,Yorkshire Men,48,Surrey Men,8748866,2026-09-02T14:21:07Z,5,191,False,,,,168,Matt Fisher,2988,Matthew Revis,7094,James Wharton,Right,Wicketkeeper,0,0,0,0,,LengthBall,OutsideOff,,Left,FrontFoot,Leave,SeamAway,Over,FastSeam,Right,Null,NotReferred,Null,False,False,False,False,False,True,,False,False,False,False,False,False,0,0,0,0,0,False,False,,
1637300,32,2.56,4,0,0,82,3,4,76280,,39449,County Championship Division Two 2026,1,45,Yorkshire Men,48,Surrey Men,8748874,2026-09-02T14:21:47Z,6,192,False,,,,168,Matt Fisher,2988,Matthew Revis,7094,James Wharton,Right,Wicketkeeper,0,0,0,0,,LengthBall,OutsideOff,,Left,FrontFoot,Leave,AwaySwinger,Over,FastSeam,Right,Null,NotReferred,Null,False,False,False,False,False,True,,False,False,False,False,False,False,0,0,0,0,0,False,False,,
1637306,33,2.61,4,0,0,86,3,4,76280,,39449,County Championship Division Two 2026,1,45,Yorkshire Men,48,Surrey Men,8748884,2026-09-02T14:22:38Z,1,193,False,,,,10929,Rahul Chahar,7094,James Wharton,2988,Matthew Revis,Right,,4,0,4,4,,HalfVolley,OutsideOff,,WellTimed,FrontFoot,Drive,LegSpinner,Over,LegSpin,Right,Null,NotReferred,Null,False,False,False,False,False,True,,False,False,False,False,False,False,4,0,0,0,0,True,False,187.0,171.0
1637306,33,2.61,4,0,0,86,3,4,76280,,39449,County Championship Division Two 2026,1,45,Yorkshire Men,48,Surrey Men,8748889,2026-09-02T14:23:17Z,2,194,False,,,,10929,Rahul Chahar,7094,James Wharton,2988,Matthew Revis,Right,Wicketkeeper,0,0,0,0,,HalfVolley,OffStump,,None,FrontFoot,ForwardDefensive,LegSpinner,Over,LegSpin,Right,Null,NotReferred,Null,False,False,False,False,False,True,,False,False,False,False,False,False,0,0,0,0,0,False,False,,
1637306,33,2.61,4,0,0,86,3,4,76280,,39449,County Championship Division Two 2026,1,45,Yorkshire Men,48,Surrey Men,8748892,2026-09-02T14:23:34Z,3,195,False,,,,10929,Rahul Chahar,7094,James Wharton,2988,Matthew Revis,Right,Mid Off,0,0,0,0,,FullToss,OutsideOff,,None,FrontFoot,Drive,LegSpinner,Over,LegSpin,Right,Null,NotReferred,Null,False,False,False,False,False,True,,False,False,False,False,False,False,0,0,0,0,0,False,False,254.0,95.0
1637306,33,2.61,4,0,0,86,3,4,76280,,39449,County Championship Division Two 2026,1,45,Yorkshire Men,48,Surrey Men,8748893,2026-09-02T14:23:52Z,4,196,False,,,,10929,Rahul Chahar,7094,James Wharton,2988,Matthew Revis,Right,First Slip,0,0,0,0,,LengthBall,OutsideOff,,Padded,FrontFoot,Padded,LegSpinner,Over,LegSpin,Right,Null,NotReferred,Null,False,False,False,False,False,True,,False,False,False,False,False,False,0,0,0,0,0,False,False,105.0,26.0
1637306,33,2.61,4,0,0,86,3,4,76280,,39449,County Championship Division Two 2026,1,45,Yorkshire Men,48,Surrey Men,8748897,2026-09-02T14:24:10Z,5,197,False,,,,10929,Rahul Chahar,7094,James Wharton,2988,Matthew Revis,Right,Mid Wicket,0,0,0,0,,HalfVolley,LegStump,,None,FrontFoot,Flick,LegSpinner,Over,LegSpin,Right,Null,NotReferred,Null,False,False,False,False,False,True,,False,False,False,False,False,False,0,0,0,0,0,False,False,327.0,53.0
1637306,33,2.61,4,0,0,86,3,4,76280,,39449,County Championship Division Two 2026,1,45,Yorkshire Men,48,Surrey Men,8748899,2026-09-02T14:24:27Z,6,198,False,,,,10929,Rahul Chahar,7094,James Wharton,2988,Matthew Revis,Right,Short Fine Leg,0,0,0,0,,BackOfALength,DownLeg,,None,BackFoot,Glance,LegSpinner,Over,LegSpin,Right,Null,NotReferred,Null,False,False,False,False,False,True,,False,False,False,False,False,False,0,0,0,0,0,False,False,56.0,48.0
1637311,34,2.53,0,0,0,86,3,0,76280,,39449,County Championship Division Two 2026,1,45,Yorkshire Men,48,Surrey Men,8748903,2026-09-02T14:25:21Z,1,199,False,,,,13942,Adam Thomas,2988,Matthew Revis,7094,James Wharton,Right,Wicketkeeper,0,0,0,0,,LengthBall,DownLeg,,PlayAndMissLegSide,BackFoot,Glance,InSwinger,Over,Medium,Right,Null,NotReferred,Null,False,False,False,False,False,True,,False,False,False,False,False,False,0,0,0,0,0,False,False,,
1637311,34,2.53,0,0,0,86,3,0,76280,,39449,County Championship Division Two 2026,1,45,Yorkshire Men,48,Surrey Men,8748907,2026-09-02T14:25:50Z,2,200,False,,,,13942,Adam Thomas,2988,Matthew Revis,7094,James Wharton,Right,Bowler,0,0,0,0,,LengthBall,OutsideOff,,None,FrontFoot,ForwardDefensive,NoMovement,Over,Medium,Right,Null,NotReferred,Null,False,False,False,False,False,True,,False,False,False,False,False,False,0,0,0,0,0,False,False,,
1637311,34,2.53,0,0,0,86,3,0,76280,,39449,County Championship Division Two 2026,1,45,Yorkshire Men,48,Surrey Men,8748913,2026-09-02T14:26:16Z,3,201,False,,,,13942,Adam Thomas,2988,Matthew Revis,7094,James Wharton,Right,Wicketkeeper,0,0,0,0,,LengthBall,OutsideOff,,Left,BackFoot,Leave,SeamIn,Over,Medium,Right,Null,NotReferred,Null,False,False,False,False,False,True,,False,False,False,False,False,False,0,0,0,0,0,False,False,,
1637311,34,2.53,0,0,0,86,3,0,76280,,39449,County Championship Division Two 2026,1,45,Yorkshire Men,48,Surrey Men,8748917,2026-09-02T14:26:39Z,4,202,False,,,,13942,Adam Thomas,2988,Matthew Revis,7094,James Wharton,Right,Wicketkeeper,0,0,0,0,,BackOfALength,OutsideOff,,InsideEdge,BackFoot,BackwardDefensive,InSwinger,Over,Medium,Right,Null,NotReferred,Null,False,False,False,False,False,True,,False,False,False,False,False,False,0,0,0,0,0,False,False,,
1637311,34,2.53,0,0,0,86,3,0,76280,,39449,County Championship Division Two 2026,1,45,Yorkshire Men,48,Surrey Men,8748922,2026-09-02T14:27:08Z,5,203,False,,,,13942,Adam Thomas,2988,Matthew Revis,7094,James Wharton,Right,Cover,0,0,0,0,,LengthBall,OutsideOff,,None,FrontFoot,ForwardDefensive,InSwinger,Over,Medium,Right,Null,NotReferred,Null,False,False,False,False,False,True,,False,False,False,False,False,False,0,0,0,0,0,False,False,196.0,50.0
1637311,34,2.53,0,0,0,86,3,0,76280,,39449,County Championship Division Two 2026,1,45,Yorkshire Men,48,Surrey Men,8748928,2026-09-02T14:27:31Z,6,204,False,,,,13942,Adam Thomas,2988,Matthew Revis,7094,James Wharton,Right,Leg Slip,0,0,0,0,,BackOfALength,LegStump,,HitBody,NoMovement,Leave,InSwinger,Over,Medium,Right,Null,NotReferred,Null,False,False,False,False,False,True,,False,False,False,False,False,False,0,0,0,0,0,False,False,68.0,33.0
1637340,35,2.49,1,0,0,87,3,1,76280,,39449,County Championship Division Two 2026,1,45,Yorkshire Men,48,Surrey Men,8749080,2026-09-02T14:48:15Z,1,205,False,,,,7215,Auqib Nabi,7094,James Wharton,2988,Matthew Revis,Right,Wicketkeeper,0,0,0,0,,BackOfALength,OutsideOff,,Left,FrontFoot,Leave,AwaySwinger,Over,Medium,Right,Null,NotReferred,Null,False,False,False,False,False,True,,False,False,False,False,False,False,0,0,0,0,0,False,False,,
1637340,35,2.49,1,0,0,87,3,1,76280,,39449,County Championship Division Two 2026,1,45,Yorkshire Men,48,Surrey Men,8749083,2026-09-02T14:48:52Z,2,206,False,,,,7215,Auqib Nabi,7094,James Wharton,2988,Matthew Revis,Right,Wicketkeeper,0,0,0,0,,LengthBall,OutsideOff,,Missed,FrontFoot,ForwardDefensive,AwaySwinger,Over,Medium,Right,Null,NotReferred,Null,False,False,False,False,False,True,,False,False,False,False,False,False,0,0,0,0,0,False,False,,
1637340,35,2.49,1,0,0,87,3,1,76280,,39449,County Championship Division Two 2026,1,45,Yorkshire Men,48,Surrey Men,8749087,2026-09-02T14:49:31Z,3,207,False,,,,7215,Auqib Nabi,7094,James Wharton,2988,Matthew Revis,Right,Wicketkeeper,0,0,0,0,,LengthBall,Wide,,Left,FrontFoot,Leave,AwaySwinger,Over,Medium,Right,Null,NotReferred,Null,False,False,False,False,False,True,,False,False,False,False,False,False,0,0,0,0,0,False,False,,
1637340,35,2.49,1,0,0,87,3,1,76280,,39449,County Championship Division Two 2026,1,45,Yorkshire Men,48,Surrey Men,8749091,2026-09-02T14:50:08Z,4,208,False,,,,7215,Auqib Nabi,7094,James Wharton,2988,Matthew Revis,Right,Wicketkeeper,0,0,0,0,,LengthBall,OutsideOff,,Left,FrontFoot,Leave,SeamIn,Over,Medium,Right,Null,NotReferred,Null,False,False,False,False,False,True,,False,False,False,False,False,False,0,0,0,0,0,False,False,,
1637340,35,2.49,1,0,0,87,3,1,76280,,39449,County Championship Division Two 2026,1,45,Yorkshire Men,48,Surrey Men,8749095,2026-09-02T14:50:40Z,5,209,False,,,,7215,Auqib Nabi,7094,James Wharton,2988,Matthew Revis,Right,Wicketkeeper,0,0,0,0,,BackOfALength,OutsideOff,,Left,FrontFoot,Leave,AwaySwinger,Over,Medium,Right,Null,NotReferred,Null,False,False,False,False,False,True,,False,False,False,False,False,False,0,0,0,0,0,False,False,,
1637340,35,2.49,1,0,0,87,3,1,76280,,39449,County Championship Division Two 2026,1,45,Yorkshire Men,48,Surrey Men,8749099,2026-09-02T14:51:15Z,6,210,False,,,,7215,Auqib Nabi,7094,James Wharton,2988,Matthew Revis,Right,Backward Square Leg,1,0,1,1,,LengthBall,OutsideOff,,InsideEdge,FrontFoot,ForwardDefensive,SeamIn,Over,Medium,Right,Null,NotReferred,Null,False,False,False,False,False,True,,False,False,False,False,False,False,1,0,0,0,0,False,False,12.0,69.0
1637344,36,2.44,1,0,0,88,3,1,76280,,39449,County Championship Division Two 2026,1,45,Yorkshire Men,48,Surrey Men,8749104,2026-09-02T14:52:38Z,1,211,False,,,,10322,Tom Lawes,7094,James Wharton,2988,Matthew Revis,Right,Wicketkeeper,0,0,0,0,,Short,OutsideOff,,Missed,BackFoot,BackwardDefensive,SeamAway,Over,FastSeam,Right,Null,NotReferred,Null,False,False,False,False,False,True,,False,False,False,False,False,False,0,0,0,0,0,False,False,,
1637344,36,2.44,1,0,0,88,3,1,76280,,39449,County Championship Division Two 2026,1,45,Yorkshire Men,48,Surrey Men,8749107,2026-09-02T14:53:09Z,2,212,False,,,,10322,Tom Lawes,7094,James Wharton,2988,Matthew Revis,Right,Wicketkeeper,0,0,0,0,,LengthBall,OutsideOff,,Left,FrontFoot,Leave,AwaySwinger,Over,FastSeam,Right,Null,NotReferred,Null,False,False,False,False,False,True,,False,False,False,False,False,False,0,0,0,0,0,False,False,,
1637344,36,2.44,1,0,0,88,3,1,76280,,39449,County Championship Division Two 2026,1,45,Yorkshire Men,48,Surrey Men,8749113,2026-09-02T14:53:38Z,3,213,False,,,,10322,Tom Lawes,7094,James Wharton,2988,Matthew Revis,Right,Backward Point,0,0,0,0,,LengthBall,OutsideOff,Lbw,InsideEdge,FrontFoot,ForwardDefensive,InSwinger,Over,FastSeam,Right,Null,NotReferred,Null,False,False,False,False,False,True,1906.0,False,False,False,False,False,False,0,0,0,0,0,False,False,162.0,45.0
1637344,36,2.44,1,0,0,88,3,1,76280,,39449,County Championship Division Two 2026,1,45,Yorkshire Men,48,Surrey Men,8749115,2026-09-02T14:54:16Z,4,214,False,,,,10322,Tom Lawes,7094,James Wharton,2988,Matthew Revis,Right,Cover,0,0,0,0,,LengthBall,OutsideOff,,Spliced,FrontFoot,ForwardDefensive,SeamIn,Over,FastSeam,Right,Null,NotReferred,Null,False,False,False,False,False,True,,False,False,False,False,False,False,0,0,0,0,0,False,False,195.0,50.0
1637344,36,2.44,1,0,0,88,3,1,76280,,39449,County Championship Division Two 2026,1,45,Yorkshire Men,48,Surrey Men,8749118,2026-09-02T14:54:46Z,5,215,False,,,,10322,Tom Lawes,7094,James Wharton,2988,Matthew Revis,Right,Wicketkeeper,0,0,0,0,,LengthBall,OutsideOff,,Left,FrontFoot,Leave,AwaySwinger,Over,FastSeam,Right,Null,NotReferred,Null,False,False,False,False,False,True,,False,False,False,False,False,False,0,0,0,0,0,False,False,,
1637344,36,2.44,1,0,0,88,3,1,76280,,39449,County Championship Division Two 2026,1,45,Yorkshire Men,48,Surrey Men,8749126,2026-09-02T14:55:16Z,6,216,False,,,,10322,Tom Lawes,7094,James Wharton,2988,Matthew Revis,Right,Deep Cover,1,0,1,1,,LengthBall,OutsideOff,,WellTimed,BackFoot,Drive,NoMovement,Over,FastSeam,Right,Null,NotReferred,Null,False,False,False,False,False,True,,False,False,False,False,False,False,1,0,0,0,0,False,False,187.0,137.0
1637347,37,2.38,0,0,0,88,3,0,76280,,39449,County Championship Division Two 2026,1,45,Yorkshire Men,48,Surrey Men,8749130,2026-09-02T14:56:01Z,1,217,False,,,,7215,Auqib Nabi,7094,James Wharton,2988,Matthew Revis,Right,Cover,0,0,0,0,,BackOfALength,OutsideOff,,None,BackFoot,BackwardDefensive,NoMovement,Over,Medium,Right,Null,NotReferred,Null,False,False,False,False,False,True,,False,False,False,False,False,False,0,0,0,0,0,False,False,198.0,49.0
1637347,37,2.38,0,0,0,88,3,0,76280,,39449,County Championship Division Two 2026,1,45,Yorkshire Men,48,Surrey Men,8749132,2026-09-02T14:56:33Z,2,218,False,,,,7215,Auqib Nabi,7094,James Wharton,2988,Matthew Revis,Right,Wicketkeeper,0,0,0,0,,LengthBall,OutsideOff,,Missed,FrontFoot,ForwardDefensive,AwaySwinger,Over,Medium,Right,Null,NotReferred,Null,False,False,False,False,False,True,,False,False,False,False,False,False,0,0,0,0,0,False,False,,
1637347,37,2.38,0,0,0,88,3,0,76280,,39449,County Championship Division Two 2026,1,45,Yorkshire Men,48,Surrey Men,8749134,2026-09-02T14:57:14Z,3,219,False,,,,7215,Auqib Nabi,7094,James Wharton,2988,Matthew Revis,Right,Wicketkeeper,0,0,0,0,,LengthBall,OutsideOff,,Missed,FrontFoot,ForwardDefensive,AwaySwinger,Over,Medium,Right,Null,NotReferred,Null,False,False,False,False,False,True,,False,False,False,False,False,False,0,0,0,0,0,False,False,,
1637347,37,2.38,0,0,0,88,3,0,76280,,39449,County Championship Division Two 2026,1,45,Yorkshire Men,48,Surrey Men,8749138,2026-09-02T14:57:46Z,4,220,False,,,,7215,Auqib Nabi,7094,James Wharton,2988,Matthew Revis,Right,Mid On,0,0,0,0,,LengthBall,OffStump,,None,FrontFoot,ForwardDefensive,NoMovement,Over,Medium,Right,Null,NotReferred,Null,False,False,False,False,False,True,,False,False,False,False,False,False,0,0,0,0,0,False,False,278.0,61.0
1637347,37,2.38,0,0,0,88,3,0,76280,,39449,County Championship Division Two 2026,1,45,Yorkshire Men,48,Surrey Men,8749143,2026-09-02T14:58:24Z,5,221,False,,,,7215,Auqib Nabi,7094,James Wharton,2988,Matthew Revis,Right,Wicketkeeper,0,0,0,0,,LengthBall,OutsideOff,,Left,FrontFoot,Leave,SeamIn,Over,Medium,Right,Null,NotReferred,Null,False,False,False,False,False,True,,False,False,False,False,False,False,0,0,0,0,0,False,False,,
1637347,37,2.38,0,0,0,88,3,0,76280,,39449,County Championship Division Two 2026,1,45,Yorkshire Men,48,Surrey Men,8749148,2026-09-02T14:59:00Z,6,222,False,,,,7215,Auqib Nabi,7094,James Wharton,2988,Matthew Revis,Right,Wicketkeeper,0,0,0,0,,LengthBall,OutsideOff,,Left,FrontFoot,Leave,NoMovement,Over,Medium,Right,Null,NotReferred,Null,False,False,False,False,False,True,,False,False,False,False,False,False,0,0,0,0,0,False,False,,
1637351,38,2.32,0,0,0,88,3,0,76280,,39449,County Championship Division Two 2026,1,45,Yorkshire Men,48,Surrey Men,8749153,2026-09-02T14:59:47Z,1,223,False,,,,10322,Tom Lawes,2988,Matthew Revis,7094,James Wharton,Right,Wicketkeeper,0,0,0,0,,HalfVolley,OutsideOff,,Missed,FrontFoot,Drive,AwaySwinger,Over,FastSeam,Right,Null,NotReferred,Null,False,False,False,False,False,True,,False,False,False,False,False,False,0,0,0,0,0,False,False,,
1637351,38,2.32,0,0,0,88,3,0,76280,,39449,County Championship Division Two 2026,1,45,Yorkshire Men,48,Surrey Men,8749157,2026-09-02T15:00:26Z,2,224,False,,,,10322,Tom Lawes,2988,Matthew Revis,7094,James Wharton,Right,Backward Point,0,0,0,0,,LengthBall,OutsideOff,,None,FrontFoot,ForwardDefensive,NoMovement,Over,FastSeam,Right,Null,NotReferred,Null,False,False,False,False,False,True,,False,False,False,False,False,False,0,0,0,0,0,False,False,165.0,59.0
1637351,38,2.32,0,0,0,88,3,0,76280,,39449,County Championship Division Two 2026,1,45,Yorkshire Men,48,Surrey Men,8749159,2026-09-02T15:00:56Z,3,225,False,,,,10322,Tom Lawes,2988,Matthew Revis,7094,James Wharton,Right,Wicketkeeper,0,0,0,0,,LengthBall,OutsideOff,,Left,FrontFoot,Leave,SeamAway,Over,FastSeam,Right,Null,NotReferred,Null,False,False,False,False,False,True,,False,False,False,False,False,False,0,0,0,0,0,False,False,,
1637351,38,2.32,0,0,0,88,3,0,76280,,39449,County Championship Division Two 2026,1,45,Yorkshire Men,48,Surrey Men,8749160,2026-09-02T15:01:25Z,4,226,False,,,,10322,Tom Lawes,2988,Matthew Revis,7094,James Wharton,Right,Backward Point,0,0,0,0,,LengthBall,OutsideOff,,None,BackFoot,Pushed,NoMovement,Over,FastSeam,Right,Null,NotReferred,Null,False,False,False,False,False,True,,False,False,False,False,False,False,0,0,0,0,0,False,False,161.0,56.0
1637351,38,2.32,0,0,0,88,3,0,76280,,39449,County Championship Division Two 2026,1,45,Yorkshire Men,48,Surrey Men,8749164,2026-09-02T15:01:58Z,5,227,False,,,,10322,Tom Lawes,2988,Matthew Revis,7094,James Wharton,Right,Wicketkeeper,0,0,0,0,,BackOfALength,OutsideOff,,Left,FrontFoot,Leave,NoMovement,Over,FastSeam,Right,Null,NotReferred,Null,False,False,False,False,False,True,,False,False,False,False,False,False,0,0,0,0,0,False,False,,
1637351,38,2.32,0,0,0,88,3,0,76280,,39449,County Championship Division Two 2026,1,45,Yorkshire Men,48,Surrey Men,8749165,2026-09-02T15:02:33Z,6,228,False,,,,10322,Tom Lawes,2988,Matthew Revis,7094,James Wharton,Right,Wicketkeeper,0,0,0,0,,LengthBall,OutsideOff,,Left,FrontFoot,Leave,NoMovement,Over,FastSeam,Right,Null,NotReferred,Null,False,False,False,False,False,True,,False,False,False,False,False,False,0,0,0,0,0,False,False,,
1637356,39,2.36,4,0,0,92,3,4,76280,,39449,County Championship Division Two 2026,1,45,Yorkshire Men,48,Surrey Men,8749169,2026-09-02T15:03:20Z,1,229,False,,,,7215,Auqib Nabi,7094,James Wharton,2988,Matthew Revis,Right,Backward Square Leg,0,0,0,0,,LengthBall,MiddleStump,,HitPad,BackFoot,Glance,SeamIn,Over,Medium,Right,Null,NotReferred,Null,False,False,False,False,False,True,,False,False,False,False,False,False,0,0,0,0,0,False,False,14.0,52.0
1637356,39,2.36,4,0,0,92,3,4,76280,,39449,County Championship Division Two 2026,1,45,Yorkshire Men,48,Surrey Men,8749174,2026-09-02T15:03:47Z,2,230,False,,,,7215,Auqib Nabi,7094,James Wharton,2988,Matthew Revis,Right,,4,0,4,4,,LengthBall,OutsideOff,,OutsideEdge,FrontFoot,ForwardDefensive,AwaySwinger,Over,Medium,Right,Null,NotReferred,Null,False,False,False,False,False,True,,False,False,False,False,False,False,4,0,0,0,0,True,False,102.0,160.0
1637356,39,2.36,4,0,0,92,3,4,76280,,39449,County Championship Division Two 2026,1,45,Yorkshire Men,48,Surrey Men,8749179,2026-09-02T15:04:29Z,3,231,False,,,,7215,Auqib Nabi,7094,James Wharton,2988,Matthew Revis,Right,Backward Point,0,0,0,0,,LengthBall,OutsideOff,,None,FrontFoot,ForwardDefensive,NoMovement,Over,Medium,Right,Null,NotReferred,Null,False,False,False,False,False,True,,False,False,False,False,False,False,0,0,0,0,0,False,False,170.0,53.0
1637356,39,2.36,4,0,0,92,3,4,76280,,39449,County Championship Division Two 2026,1,45,Yorkshire Men,48,Surrey Men,8749183,2026-09-02T15:05:01Z,4,232,False,,,,7215,Auqib Nabi,7094,James Wharton,2988,Matthew Revis,Right,Wicketkeeper,0,0,0,0,,LengthBall,DownLeg,,PlayAndMissLegSide,BackFoot,Glance,SeamIn,Over,Medium,Right,Null,NotReferred,Null,False,False,False,False,False,True,,False,False,False,False,False,False,0,0,0,0,0,False,False,,
1637356,39,2.36,4,0,0,92,3,4,76280,,39449,County Championship Division Two 2026,1,45,Yorkshire Men,48,Surrey Men,8749186,2026-09-02T15:05:37Z,5,233,False,,,,7215,Auqib Nabi,7094,James Wharton,2988,Matthew Revis,Right,Cover,0,0,0,0,,LengthBall,OutsideOff,,Spliced,FrontFoot,ForwardDefensive,SeamIn,Over,Medium,Right,Null,NotReferred,Null,False,False,False,False,False,True,,False,False,False,False,False,False,0,0,0,0,0,False,False,192.0,45.0
1637356,39,2.36,4,0,0,92,3,4,76280,,39449,County Championship Division Two 2026,1,45,Yorkshire Men,48,Surrey Men,8749189,2026-09-02T15:06:14Z,6,234,False,,,,7215,Auqib Nabi,7094,James Wharton,2988,Matthew Revis,Right,Wicketkeeper,0,0,0,0,,LengthBall,OutsideOff,,Left,FrontFoot,Leave,AwaySwinger,Over,Medium,Right,Null,NotReferred,Null,False,False,False,False,False,True,,False,False,False,False,False,False,0,0,0,0,0,False,False,,
1637358,40,2.33,1,1,0,93,4,1,76280,,39449,County Championship Division Two 2026,1,45,Yorkshire Men,48,Surrey Men,8749195,2026-09-02T15:06:58Z,1,235,False,,,,10322,Tom Lawes,2988,Matthew Revis,7094,James Wharton,Right,Mid Wicket,0,0,0,0,,BackOfALength,OutsideOff,,Spliced,BackFoot,BackwardDefensive,SeamIn,Over,FastSeam,Right,Null,NotReferred,Null,False,False,False,False,False,True,,False,False,False,False,False,False,0,0,0,0,0,False,False,327.0,51.0
1637358,40,2.33,1,1,0,93,4,1,76280,,39449,County Championship Division Two 2026,1,45,Yorkshire Men,48,Surrey Men,8749198,2026-09-02T15:07:32Z,2,236,False,,,,10322,Tom Lawes,2988,Matthew Revis,7094,James Wharton,Right,Backward Point,0,0,0,0,,LengthBall,OutsideOff,,None,FrontFoot,ForwardDefensive,NoMovement,Over,FastSeam,Right,Null,NotReferred,Null,False,False,False,False,False,True,,False,False,False,False,False,False,0,0,0,0,0,False,False,164.0,55.0
1637358,40,2.33,1,1,0,93,4,1,76280,,39449,County Championship Division Two 2026,1,45,Yorkshire Men,48,Surrey Men,8749201,2026-09-02T15:08:01Z,3,237,False,,,,10322,Tom Lawes,2988,Matthew Revis,7094,James Wharton,Right,Wicketkeeper,0,0,0,0,,LengthBall,OutsideOff,,Left,FrontFoot,Leave,NoMovement,Over,FastSeam,Right,Null,NotReferred,Null,False,False,False,False,False,True,,False,False,False,False,False,False,0,0,0,0,0,False,False,,
1637358,40,2.33,1,1,0,93,4,1,76280,,39449,County Championship Division Two 2026,1,45,Yorkshire Men,48,Surrey Men,8749204,2026-09-02T15:08:35Z,4,238,False,,,,10322,Tom Lawes,2988,Matthew Revis,7094,James Wharton,Right,Mid Off,0,0,0,0,,LengthBall,OutsideOff,,None,FrontFoot,Drive,NoMovement,Over,FastSeam,Right,Null,NotReferred,Null,False,False,False,False,False,True,,False,False,False,False,False,False,0,0,0,0,0,False,False,251.0,71.0
1637358,40,2.33,1,1,0,93,4,1,76280,,39449,County Championship Division Two 2026,1,45,Yorkshire Men,48,Surrey Men,8749209,2026-09-02T15:09:06Z,5,239,True,Caught,2988.0,Matthew Revis,10322,Tom Lawes,2988,Matthew Revis,7094,James Wharton,Right,Mid Wicket,0,0,0,0,Caught,HalfVolley,MiddleStump,Caught,MisTimed,FrontFoot,Flick,NoMovement,Over,FastSeam,Right,Null,NotReferred,Null,False,False,False,False,False,True,1906.0,False,False,False,False,False,False,0,0,0,0,0,False,True,319.0,58.0
1637358,40,2.33,1,1,0,93,4,1,76280,,39449,County Championship Division Two 2026,1,45,Yorkshire Men,48,Surrey Men,8749224,2026-09-02T15:12:28Z,6,240,False,,,,10322,Tom Lawes,195,Jonny Bairstow,7094,James Wharton,Right,Fine Leg,1,0,1,1,,BackOfALength,MiddleStump,,MisTimed,BackFoot,Glance,SeamIn,Over,FastSeam,Right,Null,NotReferred,Null,False,False,False,False,False,True,,False,False,False,False,False,False,1,0,0,0,0,False,False,42.0,119.0
1637365,41,2.32,2,0,0,95,4,2,76280,,39449,County Championship Division Two 2026,1,45,Yorkshire Men,48,Surrey Men,8749229,2026-09-02T15:13:33Z,1,241,False,,,,7215,Auqib Nabi,195,Jonny Bairstow,7094,James Wharton,Right,Cover,0,0,0,0,,HalfVolley,OutsideOff,,None,FrontFoot,ForwardDefensive,NoMovement,Over,Medium,Right,Null,NotReferred,Null,False,False,False,False,False,True,,False,False,False,False,False,False,0,0,0,0,0,False,False,197.0,49.0
1637365,41,2.32,2,0,0,95,4,2,76280,,39449,County Championship Division Two 2026,1,45,Yorkshire Men,48,Surrey Men,8749232,2026-09-02T15:14:10Z,2,242,False,,,,7215,Auqib Nabi,195,Jonny Bairstow,7094,James Wharton,Right,Square Leg,0,0,0,0,,LengthBall,OutsideOff,,MisTimed,FrontFoot,ForwardDefensive,SeamIn,Over,Medium,Right,Null,NotReferred,Null,False,False,False,False,False,True,,False,False,False,False,False,False,0,0,0,0,0,False,False,336.0,50.0
1637365,41,2.32,2,0,0,95,4,2,76280,,39449,County Championship Division Two 2026,1,45,Yorkshire Men,48,Surrey Men,8749235,2026-09-02T15:14:45Z,3,243,False,,,,7215,Auqib Nabi,195,Jonny Bairstow,7094,James Wharton,Right,Wicketkeeper,2,2,2,0,,BackOfALength,OutsideOff,,Left,FrontFoot,Leave,NoMovement,Over,Medium,Right,Null,NotReferred,1,False,True,False,False,False,True,,False,False,False,False,False,False,2,0,0,0,2,False,False,,
1637365,41,2.32,2,0,0,95,4,2,76280,,39449,County Championship Division Two 2026,1,45,Yorkshire Men,48,Surrey Men,8749236,2026-09-02T15:15:25Z,3,244,False,,,,7215,Auqib Nabi,195,Jonny Bairstow,7094,James Wharton,Right,Wicketkeeper,0,0,0,0,,LengthBall,OutsideOff,,Left,FrontFoot,Leave,AwaySwinger,Over,Medium,Right,Null,NotReferred,Null,False,False,False,False,False,True,,False,False,False,False,False,False,0,0,0,0,0,False,False,,
1637365,41,2.32,2,0,0,95,4,2,76280,,39449,County Championship Division Two 2026,1,45,Yorkshire Men,48,Surrey Men,8749238,2026-09-02T15:15:55Z,4,245,False,,,,7215,Auqib Nabi,195,Jonny Bairstow,7094,James Wharton,Right,Wicketkeeper,0,0,0,0,,LengthBall,OutsideOff,,Left,FrontFoot,Leave,AwaySwinger,Over,Medium,Right,Null,NotReferred,Null,False,False,False,False,False,True,,False,False,False,False,False,False,0,0,0,0,0,False,False,,
1637365,41,2.32,2,0,0,95,4,2,76280,,39449,County Championship Division Two 2026,1,45,Yorkshire Men,48,Surrey Men,8749241,2026-09-02T15:16:34Z,5,246,False,,,,7215,Auqib Nabi,195,Jonny Bairstow,7094,James Wharton,Right,Backward Point,0,0,0,0,,LengthBall,OutsideOff,Lbw,HitPad,FrontFoot,ForwardDefensive,InSwinger,Over,Medium,Right,Null,NotReferred,Null,False,False,False,False,False,True,1823.0,False,False,False,False,False,False,0,0,0,0,0,False,False,161.0,49.0
1637365,41,2.32,2,0,0,95,4,2,76280,,39449,County Championship Division Two 2026,1,45,Yorkshire Men,48,Surrey Men,8749245,2026-09-02T15:17:12Z,6,247,False,,,,7215,Auqib Nabi,195,Jonny Bairstow,7094,James Wharton,Right,,0,0,0,0,,HalfVolley,MiddleStump,Lbw,HitPad,FrontFoot,Flick,InSwinger,Over,Medium,Right,Null,NotReferred,Null,False,False,False,False,False,True,1823.0,False,False,False,False,False,False,0,0,0,0,0,False,False,,
1637368,42,2.26,0,0,0,95,4,0,76280,,39449,County Championship Division Two 2026,1,45,Yorkshire Men,48,Surrey Men,8749249,2026-09-02T15:17:55Z,1,248,False,,,,10322,Tom Lawes,7094,James Wharton,195,Jonny Bairstow,Right,Wicketkeeper,0,0,0,0,,LengthBall,OutsideOff,,Missed,FrontFoot,ForwardDefensive,AwaySwinger,Over,FastSeam,Right,Null,NotReferred,Null,False,False,False,False,False,True,,False,False,False,False,False,False,0,0,0,0,0,False,False,,
1637368,42,2.26,0,0,0,95,4,0,76280,,39449,County Championship Division Two 2026,1,45,Yorkshire Men,48,Surrey Men,8749253,2026-09-02T15:18:29Z,2,249,False,,,,10322,Tom Lawes,7094,James Wharton,195,Jonny Bairstow,Right,Bowler,0,0,0,0,,BackOfALength,OutsideOff,,None,BackFoot,BackwardDefensive,NoMovement,Over,FastSeam,Right,Null,NotReferred,Null,False,False,False,False,False,True,,False,False,False,False,False,False,0,0,0,0,0,False,False,,
1637368,42,2.26,0,0,0,95,4,0,76280,,39449,County Championship Division Two 2026,1,45,Yorkshire Men,48,Surrey Men,8749256,2026-09-02T15:19:00Z,3,250,False,,,,10322,Tom Lawes,7094,James Wharton,195,Jonny Bairstow,Right,Wicketkeeper,0,0,0,0,,HalfVolley,OutsideOff,,Missed,FrontFoot,Drive,AwaySwinger,Over,FastSeam,Right,Null,NotReferred,Null,False,False,False,False,False,True,,False,False,False,False,False,False,0,0,0,0,0,False,False,,
1637368,42,2.26,0,0,0,95,4,0,76280,,39449,County Championship Division Two 2026,1,45,Yorkshire Men,48,Surrey Men,8749263,2026-09-02T15:19:33Z,4,251,False,,,,10322,Tom Lawes,7094,James Wharton,195,Jonny Bairstow,Right,Mid Wicket,0,0,0,0,,LengthBall,OffStump,,None,FrontFoot,ForwardDefensive,NoMovement,Over,FastSeam,Right,Null,NotReferred,Null,False,False,False,False,False,True,,False,False,False,False,False,False,0,0,0,0,0,False,False,303.0,64.0
1637368,42,2.26,0,0,0,95,4,0,76280,,39449,County Championship Division Two 2026,1,45,Yorkshire Men,48,Surrey Men,8749265,2026-09-02T15:20:04Z,5,252,False,,,,10322,Tom Lawes,7094,James Wharton,195,Jonny Bairstow,Right,Mid Off,0,0,0,0,,FullToss,OffStump,,Spliced,FrontFoot,ForwardDefensive,NoMovement,Over,FastSeam,Right,Null,NotReferred,Null,False,False,False,False,False,True,,False,False,False,False,False,False,0,0,0,0,0,False,False,264.0,63.0
1637368,42,2.26,0,0,0,95,4,0,76280,,39449,County Championship Division Two 2026,1,45,Yorkshire Men,48,Surrey Men,8749271,2026-09-02T15:20:37Z,6,253,False,,,,10322,Tom Lawes,7094,James Wharton,195,Jonny Bairstow,Right,Wicketkeeper,0,0,0,0,,LengthBall,OutsideOff,,Left,FrontFoot,Leave,SeamAway,Over,FastSeam,Right,Null,NotReferred,Null,False,False,False,False,False,True,,False,False,False,False,False,False,0,0,0,0,0,False,False,,
1637373,43,2.33,5,0,0,100,4,5,76280,,39449,County Championship Division Two 2026,1,45,Yorkshire Men,48,Surrey Men,8749277,2026-09-02T15:21:40Z,1,254,False,,,,7215,Auqib Nabi,195,Jonny Bairstow,7094,James Wharton,Right,Backward Point,0,0,0,0,,LengthBall,OutsideOff,,None,FrontFoot,ForwardDefensive,NoMovement,Over,Medium,Right,Null,NotReferred,Null,False,False,False,False,False,True,,False,False,False,False,False,False,0,0,0,0,0,False,False,160.0,56.0
1637373,43,2.33,5,0,0,100,4,5,76280,,39449,County Championship Division Two 2026,1,45,Yorkshire Men,48,Surrey Men,8749282,2026-09-02T15:22:15Z,2,255,False,,,,7215,Auqib Nabi,195,Jonny Bairstow,7094,James Wharton,Right,Backward Square Leg,1,0,1,1,,BackOfALength,OutsideOff,,InsideEdge,BackFoot,BackwardDefensive,SeamIn,Over,Medium,Right,Null,NotReferred,Null,False,False,False,False,False,True,,False,False,False,False,False,False,1,0,0,0,0,False,False,15.0,50.0
1637373,43,2.33,5,0,0,100,4,5,76280,,39449,County Championship Division Two 2026,1,45,Yorkshire Men,48,Surrey Men,8749286,2026-09-02T15:22:53Z,3,256,False,,,,7215,Auqib Nabi,7094,James Wharton,195,Jonny Bairstow,Right,Mid On,0,0,0,0,,HalfVolley,OffStump,,None,FrontFoot,ForwardDefensive,NoMovement,Over,Medium,Right,Null,NotReferred,Null,False,False,False,False,False,True,,False,False,False,False,False,False,0,0,0,0,0,False,False,284.0,66.0
1637373,43,2.33,5,0,0,100,4,5,76280,,39449,County Championship Division Two 2026,1,45,Yorkshire Men,48,Surrey Men,8749292,2026-09-02T15:23:26Z,4,257,False,,,,7215,Auqib Nabi,7094,James Wharton,195,Jonny Bairstow,Right,,0,4,4,0,,LengthBall,LegStump,,HitPad,BackFoot,Glance,SeamIn,Over,Medium,Right,Null,NotReferred,Null,False,False,False,True,False,True,,False,False,False,False,False,False,4,0,0,4,0,False,False,79.0,158.0
1637373,43,2.33,5,0,0,100,4,5,76280,,39449,County Championship Division Two 2026,1,45,Yorkshire Men,48,Surrey Men,8749296,2026-09-02T15:24:08Z,5,258,False,,,,7215,Auqib Nabi,7094,James Wharton,195,Jonny Bairstow,Right,Wicketkeeper,0,0,0,0,,LengthBall,OutsideOff,,Left,FrontFoot,Leave,AwaySwinger,Over,Medium,Right,Null,NotReferred,Null,False,False,False,False,False,True,,False,False,False,False,False,False,0,0,0,0,0,False,False,,
1637373,43,2.33,5,0,0,100,4,5,76280,,39449,County Championship Division Two 2026,1,45,Yorkshire Men,48,Surrey Men,8749301,2026-09-02T15:24:44Z,6,259,False,,,,7215,Auqib Nabi,7094,James Wharton,195,Jonny Bairstow,Right,Mid Wicket,0,0,0,0,,BackOfALength,OffStump,,None,BackFoot,BackwardDefensive,NoMovement,Over,Medium,Right,Null,NotReferred,Null,False,False,False,False,False,True,,False,False,False,False,False,False,0,0,0,0,0,False,False,316.0,60.0
1637377,44,2.3,1,0,0,101,4,1,76280,,39449,County Championship Division Two 2026,1,45,Yorkshire Men,48,Surrey Men,8749306,2026-09-02T15:25:33Z,1,260,False,,,,10322,Tom Lawes,195,Jonny Bairstow,7094,James Wharton,Right,Wicketkeeper,0,0,0,0,,LengthBall,OutsideOff,,Left,FrontFoot,Leave,SeamAway,Over,FastSeam,Right,Null,NotReferred,Null,False,False,False,False,False,True,,False,False,False,False,False,False,0,0,0,0,0,False,False,,
1637377,44,2.3,1,0,0,101,4,1,76280,,39449,County Championship Division Two 2026,1,45,Yorkshire Men,48,Surrey Men,8749312,2026-09-02T15:26:06Z,2,261,False,,,,10322,Tom Lawes,195,Jonny Bairstow,7094,James Wharton,Right,Wicketkeeper,0,0,0,0,,LengthBall,OutsideOff,,Left,FrontFoot,Leave,SeamAway,Over,FastSeam,Right,Null,NotReferred,Null,False,False,False,False,False,True,,False,False,False,False,False,False,0,0,0,0,0,False,False,,
1637377,44,2.3,1,0,0,101,4,1,76280,,39449,County Championship Division Two 2026,1,45,Yorkshire Men,48,Surrey Men,8749320,2026-09-02T15:26:37Z,3,262,False,,,,10322,Tom Lawes,195,Jonny Bairstow,7094,James Wharton,Right,,0,0,0,0,,LengthBall,OutsideOff,Lbw,HitPad,FrontFoot,ForwardDefensive,SeamIn,Over,FastSeam,Right,Null,NotReferred,Null,False,False,False,False,False,True,1906.0,False,False,False,False,False,False,0,0,0,0,0,False,False,,
1637377,44,2.3,1,0,0,101,4,1,76280,,39449,County Championship Division Two 2026,1,45,Yorkshire Men,48,Surrey Men,8749324,2026-09-02T15:27:14Z,4,263,False,,,,10322,Tom Lawes,195,Jonny Bairstow,7094,James Wharton,Right,Wicketkeeper,0,0,0,0,,LengthBall,OutsideOff,,Missed,FrontFoot,Drive,SeamAway,Over,FastSeam,Right,Null,NotReferred,Null,False,False,False,False,False,True,,False,False,False,False,False,False,0,0,0,0,0,False,False,,
1637377,44,2.3,1,0,0,101,4,1,76280,,39449,County Championship Division Two 2026,1,45,Yorkshire Men,48,Surrey Men,8749331,2026-09-02T15:27:50Z,5,264,False,,,,10322,Tom Lawes,195,Jonny Bairstow,7094,James Wharton,Right,Cover,1,0,1,1,,LengthBall,OutsideOff,,None,FrontFoot,ForwardDefensive,NoMovement,Over,FastSeam,Right,Null,NotReferred,Null,False,False,False,False,False,True,,False,False,False,False,False,False,1,0,0,0,0,False,False,194.0,53.0
1637377,44,2.3,1,0,0,101,4,1,76280,,39449,County Championship Division Two 2026,1,45,Yorkshire Men,48,Surrey Men,8749333,2026-09-02T15:28:27Z,6,265,False,,,,10322,Tom Lawes,7094,James Wharton,195,Jonny Bairstow,Right,Bowler,0,0,0,0,,LengthBall,OutsideOff,,None,FrontFoot,ForwardDefensive,SeamIn,Over,FastSeam,Right,Null,NotReferred,Null,False,False,False,False,False,True,,False,False,False,False,False,False,0,0,0,0,0,False,False,,
1637384,45,2.24,0,1,0,101,5,0,76280,,39449,County Championship Division Two 2026,1,45,Yorkshire Men,48,Surrey Men,8749341,2026-09-02T15:29:20Z,1,266,False,,,,785,Dan Worrall,195,Jonny Bairstow,7094,James Wharton,Right,Wicketkeeper,0,0,0,0,,LengthBall,OutsideOff,,Left,FrontFoot,Leave,AwaySwinger,Over,FastSeam,Right,Null,NotReferred,Null,False,False,False,False,False,True,,False,False,False,False,False,False,0,0,0,0,0,False,False,,
1637384,45,2.24,0,1,0,101,5,0,76280,,39449,County Championship Division Two 2026,1,45,Yorkshire Men,48,Surrey Men,8749346,2026-09-02T15:29:57Z,2,267,False,,,,785,Dan Worrall,195,Jonny Bairstow,7094,James Wharton,Right,Wicketkeeper,0,0,0,0,,BackOfALength,OutsideOff,,Missed,BackFoot,Cut,AwaySwinger,Over,FastSeam,Right,Null,NotReferred,Null,False,False,False,False,False,True,,False,False,False,False,False,False,0,0,0,0,0,False,False,,
1637384,45,2.24,0,1,0,101,5,0,76280,,39449,County Championship Division Two 2026,1,45,Yorkshire Men,48,Surrey Men,8749354,2026-09-02T15:30:50Z,3,268,False,,,,785,Dan Worrall,195,Jonny Bairstow,7094,James Wharton,Right,Wicketkeeper,0,0,0,0,,BackOfALength,OutsideOff,,Left,FrontFoot,Leave,SeamAway,Over,FastSeam,Right,Null,NotReferred,Null,False,False,False,False,False,True,,False,False,False,False,False,False,0,0,0,0,0,False,False,,
1637384,45,2.24,0,1,0,101,5,0,76280,,39449,County Championship Division Two 2026,1,45,Yorkshire Men,48,Surrey Men,8749362,2026-09-02T15:31:24Z,4,269,True,Caught,195.0,Jonny Bairstow,785,Dan Worrall,195,Jonny Bairstow,7094,James Wharton,Right,Second Slip,0,0,0,0,Caught,BackOfALength,OutsideOff,Caught,MisTimed,BackFoot,Steer,SeamAway,Over,FastSeam,Right,Null,NotReferred,Null,False,False,False,False,False,True,1823.0,False,False,False,False,False,False,0,0,0,0,0,False,True,114.0,38.0
1637384,45,2.24,0,1,0,101,5,0,76280,,39449,County Championship Division Two 2026,1,45,Yorkshire Men,48,Surrey Men,8749381,2026-09-02T15:33:43Z,5,270,False,,,,785,Dan Worrall,3005,George Hill,7094,James Wharton,Right,Cover,0,0,0,0,,LengthBall,OutsideOff,,None,FrontFoot,ForwardDefensive,NoMovement,Over,FastSeam,Right,Null,NotReferred,Null,False,False,False,False,False,True,,False,False,False,False,False,False,0,0,0,0,0,False,False,197.0,47.0
1637384,45,2.24,0,1,0,101,5,0,76280,,39449,County Championship Division Two 2026,1,45,Yorkshire Men,48,Surrey Men,8749386,2026-09-02T15:34:18Z,6,271,False,,,,785,Dan Worrall,3005,George Hill,7094,James Wharton,Right,Wicketkeeper,0,0,0,0,,LengthBall,OutsideOff,,Left,FrontFoot,Leave,SeamAway,Over,FastSeam,Right,Null,NotReferred,Null,False,False,False,False,False,True,,False,False,False,False,False,False,0,0,0,0,0,False,False,,
1637393,46,2.28,4,1,0,105,6,4,76280,,39449,County Championship Division Two 2026,1,45,Yorkshire Men,48,Surrey Men,8749398,2026-09-02T15:35:01Z,1,272,True,Caught,7094.0,James Wharton,10322,Tom Lawes,7094,James Wharton,3005,George Hill,Right,Second Slip,0,0,0,0,Caught,Yorker,OutsideOff,Caught,OutsideEdge,FrontFoot,ForwardDefensive,AwaySwinger,Over,FastSeam,Right,Null,NotReferred,Null,False,False,False,False,False,True,1906.0,False,False,False,False,False,False,0,0,0,0,0,False,False,116.0,39.0
1637393,46,2.28,4,1,0,105,6,4,76280,,39449,County Championship Division Two 2026,1,45,Yorkshire Men,48,Surrey Men,8749412,2026-09-02T15:37:34Z,2,273,False,,,,10322,Tom Lawes,8,Dom Bess,3005,George Hill,Right,,4,0,4,4,,LengthBall,MiddleStump,,WellTimed,FrontFoot,Flick,NoMovement,Over,FastSeam,Right,Null,NotReferred,Null,False,False,False,False,False,True,,False,False,False,False,False,False,4,0,0,0,0,True,False,337.0,174.0
1637393,46,2.28,4,1,0,105,6,4,76280,,39449,County Championship Division Two 2026,1,45,Yorkshire Men,48,Surrey Men,8749420,2026-09-02T15:38:13Z,3,274,False,,,,10322,Tom Lawes,8,Dom Bess,3005,George Hill,Right,Cover,0,0,0,0,,HalfVolley,OutsideOff,,MisTimed,FrontFoot,Drive,InSwinger,Over,FastSeam,Right,Null,NotReferred,Null,False,False,False,False,False,True,,False,False,False,False,False,False,0,0,0,0,0,False,False,204.0,41.0
1637393,46,2.28,4,1,0,105,6,4,76280,,39449,County Championship Division Two 2026,1,45,Yorkshire Men,48,Surrey Men,8749424,2026-09-02T15:38:43Z,4,275,False,,,,10322,Tom Lawes,8,Dom Bess,3005,George Hill,Right,Wicketkeeper,0,0,0,0,,LengthBall,OutsideOff,,Left,FrontFoot,Leave,AwaySwinger,Over,FastSeam,Right,Null,NotReferred,Null,False,False,False,False,False,True,,False,False,False,False,False,False,0,0,0,0,0,False,False,,
1637393,46,2.28,4,1,0,105,6,4,76280,,39449,County Championship Division Two 2026,1,45,Yorkshire Men,48,Surrey Men,8749428,2026-09-02T15:39:16Z,5,276,False,,,,10322,Tom Lawes,8,Dom Bess,3005,George Hill,Right,Wicketkeeper,0,0,0,0,,LengthBall,OutsideOff,,Missed,FrontFoot,ForwardDefensive,AwaySwinger,Over,FastSeam,Right,Null,NotReferred,Null,False,False,False,False,False,True,,False,False,False,False,False,False,0,0,0,0,0,False,False,,
1637393,46,2.28,4,1,0,105,6,4,76280,,39449,County Championship Division Two 2026,1,45,Yorkshire Men,48,Surrey Men,8749435,2026-09-02T15:39:54Z,6,277,False,,,,10322,Tom Lawes,8,Dom Bess,3005,George Hill,Right,Wicketkeeper,0,0,0,0,,LengthBall,OffStump,,OutsideEdge,FrontFoot,ForwardDefensive,AwaySwinger,Over,FastSeam,Right,Null,NotReferred,Null,False,False,False,False,False,True,,False,False,False,False,False,False,0,0,0,0,0,False,False,,
1637400,47,2.23,0,0,0,105,6,0,76280,,39449,County Championship Division Two 2026,1,45,Yorkshire Men,48,Surrey Men,8749438,2026-09-02T15:40:43Z,1,278,False,,,,785,Dan Worrall,3005,George Hill,8,Dom Bess,Right,Wicketkeeper,0,0,0,0,,BackOfALength,OutsideOff,,Left,BackFoot,Leave,AwaySwinger,Over,FastSeam,Right,Null,NotReferred,Null,False,False,False,False,False,True,,False,False,False,False,False,False,0,0,0,0,0,False,False,,
1637400,47,2.23,0,0,0,105,6,0,76280,,39449,County Championship Division Two 2026,1,45,Yorkshire Men,48,Surrey Men,8749444,2026-09-02T15:41:18Z,2,279,False,,,,785,Dan Worrall,3005,George Hill,8,Dom Bess,Right,Square Leg,0,0,0,0,,BackOfALength,OutsideOff,,MisTimed,BackFoot,BackwardDefensive,NoMovement,Over,FastSeam,Right,Null,NotReferred,Null,False,False,False,False,False,True,,False,False,False,False,False,False,0,0,0,0,0,False,False,333.0,42.0
1637400,47,2.23,0,0,0,105,6,0,76280,,39449,County Championship Division Two 2026,1,45,Yorkshire Men,48,Surrey Men,8749446,2026-09-02T15:41:52Z,3,280,False,,,,785,Dan Worrall,3005,George Hill,8,Dom Bess,Right,Wicketkeeper,0,0,0,0,,BackOfALength,OutsideOff,,Left,BackFoot,Leave,AwaySwinger,Over,FastSeam,Right,Null,NotReferred,Null,False,False,False,False,False,True,,False,False,False,False,False,False,0,0,0,0,0,False,False,,
1637400,47,2.23,0,0,0,105,6,0,76280,,39449,County Championship Division Two 2026,1,45,Yorkshire Men,48,Surrey Men,8749450,2026-09-02T15:42:30Z,4,281,False,,,,785,Dan Worrall,3005,George Hill,8,Dom Bess,Right,Wicketkeeper,0,0,0,0,,LengthBall,OutsideOff,,Left,FrontFoot,Leave,AwaySwinger,Over,FastSeam,Right,Null,NotReferred,Null,False,False,False,False,False,True,,False,False,False,False,False,False,0,0,0,0,0,False,False,,
1637400,47,2.23,0,0,0,105,6,0,76280,,39449,County Championship Division Two 2026,1,45,Yorkshire Men,48,Surrey Men,8749456,2026-09-02T15:43:07Z,5,282,False,,,,785,Dan Worrall,3005,George Hill,8,Dom Bess,Right,Mid Wicket,0,0,0,0,,LengthBall,MiddleStump,,None,BackFoot,Pushed,NoMovement,Over,FastSeam,Right,Null,NotReferred,Null,False,False,False,False,False,True,,False,False,False,False,False,False,0,0,0,0,0,False,False,311.0,52.0
1637400,47,2.23,0,0,0,105,6,0,76280,,39449,County Championship Division Two 2026,1,45,Yorkshire Men,48,Surrey Men,8749462,2026-09-02T15:43:39Z,6,283,False,,,,785,Dan Worrall,3005,George Hill,8,Dom Bess,Right,Wicketkeeper,0,0,0,0,,LengthBall,OutsideOff,,Left,FrontFoot,Leave,AwaySwinger,Over,FastSeam,Right,Null,NotReferred,Null,False,False,False,False,False,True,,False,False,False,False,False,False,0,0,0,0,0,False,False,,
1637403,48,2.21,1,0,0,106,6,1,76280,,39449,County Championship Division Two 2026,1,45,Yorkshire Men,48,Surrey Men,8749466,2026-09-02T15:44:32Z,1,284,False,,,,10322,Tom Lawes,8,Dom Bess,3005,George Hill,Right,Wicketkeeper,0,0,0,0,,BackOfALength,OffStump,,OutsideEdge,BackFoot,BackwardDefensive,AwaySwinger,Over,FastSeam,Right,Null,NotReferred,Null,False,False,False,False,False,True,,False,False,False,False,False,False,0,0,0,0,0,False,False,,
1637403,48,2.21,1,0,0,106,6,1,76280,,39449,County Championship Division Two 2026,1,45,Yorkshire Men,48,Surrey Men,8749469,2026-09-02T15:45:07Z,2,285,False,,,,10322,Tom Lawes,8,Dom Bess,3005,George Hill,Right,Wicketkeeper,0,0,0,0,,LengthBall,OutsideOff,,Left,FrontFoot,Leave,AwaySwinger,Over,FastSeam,Right,Null,NotReferred,Null,False,False,False,False,False,True,,False,False,False,False,False,False,0,0,0,0,0,False,False,,
1637403,48,2.21,1,0,0,106,6,1,76280,,39449,County Championship Division Two 2026,1,45,Yorkshire Men,48,Surrey Men,8749478,2026-09-02T15:45:40Z,3,286,False,,,,10322,Tom Lawes,8,Dom Bess,3005,George Hill,Right,Square Leg,0,0,0,0,,HalfVolley,LegStump,Lbw,HitPad,FrontFoot,Flick,InSwinger,Over,FastSeam,Right,Null,NotReferred,Null,False,False,False,False,False,True,1906.0,False,False,False,False,False,False,0,0,0,0,0,False,False,353.0,47.0
1637403,48,2.21,1,0,0,106,6,1,76280,,39449,County Championship Division Two 2026,1,45,Yorkshire Men,48,Surrey Men,8749483,2026-09-02T15:46:30Z,4,287,False,,,,10322,Tom Lawes,8,Dom Bess,3005,George Hill,Right,Backward Point,0,0,0,0,,LengthBall,OutsideOff,,None,FrontFoot,ForwardDefensive,NoMovement,Over,FastSeam,Right,Null,NotReferred,Null,False,False,False,False,False,True,,False,False,False,False,False,False,0,0,0,0,0,False,False,174.0,62.0
1637403,48,2.21,1,0,0,106,6,1,76280,,39449,County Championship Division Two 2026,1,45,Yorkshire Men,48,Surrey Men,8749491,2026-09-02T15:47:09Z,5,288,False,,,,10322,Tom Lawes,8,Dom Bess,3005,George Hill,Right,Deep Backward Square Leg,1,0,1,1,,LengthBall,OffStump,,InsideEdge,FrontFoot,ForwardDefensive,SeamIn,Over,FastSeam,Right,Null,NotReferred,Null,False,False,False,False,False,True,,False,False,False,False,False,False,1,0,0,0,0,False,False,19.0,107.0
1637403,48,2.21,1,0,0,106,6,1,76280,,39449,County Championship Division Two 2026,1,45,Yorkshire Men,48,Surrey Men,8749496,2026-09-02T15:47:51Z,6,289,False,,,,10322,Tom Lawes,3005,George Hill,8,Dom Bess,Right,Backward Point,0,0,0,0,,LengthBall,OutsideOff,,Spliced,FrontFoot,ForwardDefensive,NoMovement,Over,FastSeam,Right,Null,NotReferred,Null,False,False,False,False,False,True,,False,False,False,False,False,False,0,0,0,0,0,False,False,174.0,58.0
1637411,49,2.18,1,0,0,107,6,1,76280,,39449,County Championship Division Two 2026,1,45,Yorkshire Men,48,Surrey Men,8749502,2026-09-02T15:48:54Z,1,290,False,,,,785,Dan Worrall,8,Dom Bess,3005,George Hill,Right,Wicketkeeper,0,0,0,0,,LengthBall,OutsideOff,,Missed,FrontFoot,ForwardDefensive,AwaySwinger,Over,FastSeam,Right,Null,NotReferred,Null,False,False,False,False,False,True,,False,False,False,False,False,False,0,0,0,0,0,False,False,,
1637411,49,2.18,1,0,0,107,6,1,76280,,39449,County Championship Division Two 2026,1,45,Yorkshire Men,48,Surrey Men,8749508,2026-09-02T15:49:28Z,2,291,False,,,,785,Dan Worrall,8,Dom Bess,3005,George Hill,Right,Wicketkeeper,0,0,0,0,,LengthBall,OutsideOff,,Left,FrontFoot,Leave,NoMovement,Over,FastSeam,Right,Null,NotReferred,Null,False,False,False,False,False,True,,False,False,False,False,False,False,0,0,0,0,0,False,False,,
1637411,49,2.18,1,0,0,107,6,1,76280,,39449,County Championship Division Two 2026,1,45,Yorkshire Men,48,Surrey Men,8749514,2026-09-02T15:50:06Z,3,292,False,,,,785,Dan Worrall,8,Dom Bess,3005,George Hill,Right,Mid On,1,0,1,1,,HalfVolley,MiddleStump,,None,FrontFoot,Drive,NoMovement,Over,FastSeam,Right,Null,NotReferred,Null,False,False,False,False,False,True,,False,False,False,False,False,False,1,0,0,0,0,False,False,275.0,71.0
1637411,49,2.18,1,0,0,107,6,1,76280,,39449,County Championship Division Two 2026,1,45,Yorkshire Men,48,Surrey Men,8749520,2026-09-02T15:50:42Z,4,293,False,,,,785,Dan Worrall,3005,George Hill,8,Dom Bess,Right,Wicketkeeper,0,0,0,0,,LengthBall,OutsideOff,,Missed,FrontFoot,ForwardDefensive,AwaySwinger,Over,FastSeam,Right,Null,NotReferred,Null,False,False,False,False,False,True,,False,False,False,False,False,False,0,0,0,0,0,False,False,,
1637411,49,2.18,1,0,0,107,6,1,76280,,39449,County Championship Division Two 2026,1,45,Yorkshire Men,48,Surrey Men,8749525,2026-09-02T15:51:20Z,5,294,False,,,,785,Dan Worrall,3005,George Hill,8,Dom Bess,Right,Backward Point,0,0,0,0,,LengthBall,OutsideOff,,InsideEdge,FrontFoot,ForwardDefensive,InSwinger,Over,FastSeam,Right,Null,NotReferred,Null,False,False,False,False,False,True,,False,False,False,False,False,False,0,0,0,0,0,False,False,170.0,53.0
1637411,49,2.18,1,0,0,107,6,1,76280,,39449,County Championship Division Two 2026,1,45,Yorkshire Men,48,Surrey Men,8749532,2026-09-02T15:52:00Z,6,295,False,,,,785,Dan Worrall,3005,George Hill,8,Dom Bess,Right,Wicketkeeper,0,0,0,0,,LengthBall,OutsideOff,,Left,FrontFoot,Leave,AwaySwinger,Over,FastSeam,Right,Null,NotReferred,Null,False,False,False,False,False,True,,False,False,False,False,False,False,0,0,0,0,0,False,False,,
1637418,50,2.2,3,0,0,110,6,3,76280,,39449,County Championship Division Two 2026,1,45,Yorkshire Men,48,Surrey Men,8749543,2026-09-02T15:53:15Z,1,296,False,,,,168,Matt Fisher,8,Dom Bess,3005,George Hill,Right,Cover,0,0,0,0,,LengthBall,OutsideOff,,Spliced,FrontFoot,ForwardDefensive,InSwinger,Over,FastSeam,Right,Null,NotReferred,Null,False,False,False,False,False,True,,False,False,False,False,False,False,0,0,0,0,0,False,False,193.0,55.0
1637418,50,2.2,3,0,0,110,6,3,76280,,39449,County Championship Division Two 2026,1,45,Yorkshire Men,48,Surrey Men,8749550,2026-09-02T15:53:49Z,2,297,False,,,,168,Matt Fisher,8,Dom Bess,3005,George Hill,Right,Deep Backward Square Leg,2,0,2,2,,LengthBall,MiddleStump,,None,BackFoot,Glance,NoMovement,Over,FastSeam,Right,Null,NotReferred,Null,False,False,False,False,False,True,,False,False,False,False,False,False,2,0,0,0,0,False,False,14.0,137.0
1637418,50,2.2,3,0,0,110,6,3,76280,,39449,County Championship Division Two 2026,1,45,Yorkshire Men,48,Surrey Men,8749554,2026-09-02T15:54:29Z,3,298,False,,,,168,Matt Fisher,8,Dom Bess,3005,George Hill,Right,Wicketkeeper,0,0,0,0,,LengthBall,OutsideOff,,Missed,FrontFoot,ForwardDefensive,SeamAway,Over,FastSeam,Right,Null,NotReferred,Null,False,False,False,False,False,True,,False,False,False,False,False,False,0,0,0,0,0,False,False,,
1637418,50,2.2,3,0,0,110,6,3,76280,,39449,County Championship Division Two 2026,1,45,Yorkshire Men,48,Surrey Men,8749560,2026-09-02T15:55:09Z,4,299,False,,,,168,Matt Fisher,8,Dom Bess,3005,George Hill,Right,Wicketkeeper,0,0,0,0,,LengthBall,OutsideOff,,Missed,FrontFoot,Drive,AwaySwinger,Over,FastSeam,Right,Null,NotReferred,Null,False,False,False,False,False,True,,False,False,False,False,False,False,0,0,0,0,0,False,False,,
1637418,50,2.2,3,0,0,110,6,3,76280,,39449,County Championship Division Two 2026,1,45,Yorkshire Men,48,Surrey Men,8749566,2026-09-02T15:55:44Z,5,300,False,,,,168,Matt Fisher,8,Dom Bess,3005,George Hill,Right,Third Man,1,0,1,1,,BackOfALength,OutsideOff,,None,BackFoot,LateCut,NoMovement,Over,FastSeam,Right,Null,NotReferred,Null,False,False,False,False,False,True,,False,False,False,False,False,False,1,0,0,0,0,False,False,138.0,143.0
1637418,50,2.2,3,0,0,110,6,3,76280,,39449,County Championship Division Two 2026,1,45,Yorkshire Men,48,Surrey Men,8749570,2026-09-02T15:56:20Z,6,301,False,,,,168,Matt Fisher,3005,George Hill,8,Dom Bess,Right,Backward Point,0,0,0,0,,BackOfALength,OutsideOff,,None,BackFoot,BackwardDefensive,SeamIn,Over,FastSeam,Right,Null,NotReferred,Null,False,False,False,False,False,True,,False,False,False,False,False,False,0,0,0,0,0,False,False,163.0,58.0
1637424,51,2.18,1,0,0,111,6,1,76280,,39449,County Championship Division Two 2026,1,45,Yorkshire Men,48,Surrey Men,8749577,2026-09-02T15:57:05Z,1,302,False,,,,785,Dan Worrall,8,Dom Bess,3005,George Hill,Right,Wicketkeeper,0,0,0,0,,LengthBall,OutsideOff,,Left,FrontFoot,Leave,AwaySwinger,Over,FastSeam,Right,Null,NotReferred,Null,False,False,False,False,False,True,,False,False,False,False,False,False,0,0,0,0,0,False,False,,
1637424,51,2.18,1,0,0,111,6,1,76280,,39449,County Championship Division Two 2026,1,45,Yorkshire Men,48,Surrey Men,8749584,2026-09-02T15:57:41Z,2,303,False,,,,785,Dan Worrall,8,Dom Bess,3005,George Hill,Right,Wicketkeeper,0,0,0,0,,BackOfALength,OutsideOff,,Left,FrontFoot,Leave,NoMovement,Over,FastSeam,Right,Null,NotReferred,Null,False,False,False,False,False,True,,False,False,False,False,False,False,0,0,0,0,0,False,False,,
1637424,51,2.18,1,0,0,111,6,1,76280,,39449,County Championship Division Two 2026,1,45,Yorkshire Men,48,Surrey Men,8749593,2026-09-02T15:58:19Z,3,304,False,,,,785,Dan Worrall,8,Dom Bess,3005,George Hill,Right,Deep Cover,1,0,1,1,,LengthBall,OutsideOff,,None,FrontFoot,ForwardDefensive,NoMovement,Over,FastSeam,Right,Null,NotReferred,Null,False,False,False,False,False,True,,False,False,False,False,False,False,1,0,0,0,0,False,False,208.0,108.0
1637424,51,2.18,1,0,0,111,6,1,76280,,39449,County Championship Division Two 2026,1,45,Yorkshire Men,48,Surrey Men,8749599,2026-09-02T15:58:55Z,4,305,False,,,,785,Dan Worrall,3005,George Hill,8,Dom Bess,Right,Wicketkeeper,0,0,0,0,,LengthBall,OutsideOff,,Left,FrontFoot,Leave,AwaySwinger,Over,FastSeam,Right,Null,NotReferred,Null,False,False,False,False,False,True,,False,False,False,False,False,False,0,0,0,0,0,False,False,,
1637424,51,2.18,1,0,0,111,6,1,76280,,39449,County Championship Division Two 2026,1,45,Yorkshire Men,48,Surrey Men,8749602,2026-09-02T15:59:33Z,5,306,False,,,,785,Dan Worrall,3005,George Hill,8,Dom Bess,Right,Wicketkeeper,0,0,0,0,,BackOfALength,OutsideOff,,Missed,BackFoot,BackwardDefensive,SeamIn,Over,FastSeam,Right,Null,NotReferred,Null,False,False,False,False,False,True,,False,False,False,False,False,False,0,0,0,0,0,False,False,,
1637424,51,2.18,1,0,0,111,6,1,76280,,39449,County Championship Division Two 2026,1,45,Yorkshire Men,48,Surrey Men,8749605,2026-09-02T16:00:13Z,6,307,False,,,,785,Dan Worrall,3005,George Hill,8,Dom Bess,Right,Wicketkeeper,0,0,0,0,,LengthBall,OutsideOff,,Missed,FrontFoot,ForwardDefensive,SeamAway,Over,FastSeam,Right,Null,NotReferred,Null,False,False,False,False,False,True,,False,False,False,False,False,False,0,0,0,0,0,False,False,,
1637430,52,2.17,2,0,0,113,6,2,76280,,39449,County Championship Division Two 2026,1,45,Yorkshire Men,48,Surrey Men,8749613,2026-09-02T16:01:02Z,1,308,False,,,,168,Matt Fisher,8,Dom Bess,3005,George Hill,Right,Wicketkeeper,0,0,0,0,,LengthBall,OutsideOff,,Missed,FrontFoot,ForwardDefensive,AwaySwinger,Over,FastSeam,Right,Null,NotReferred,Null,False,False,False,False,False,True,,False,False,False,False,False,False,0,0,0,0,0,False,False,,
1637430,52,2.17,2,0,0,113,6,2,76280,,39449,County Championship Division Two 2026,1,45,Yorkshire Men,48,Surrey Men,8749621,2026-09-02T16:01:34Z,2,309,False,,,,168,Matt Fisher,8,Dom Bess,3005,George Hill,Right,Wicketkeeper,0,0,0,0,,LengthBall,OffStump,,Missed,FrontFoot,ForwardDefensive,AwaySwinger,Over,FastSeam,Right,Null,NotReferred,Null,False,False,False,False,False,True,,False,False,False,False,False,False,0,0,0,0,0,False,False,,
1637430,52,2.17,2,0,0,113,6,2,76280,,39449,County Championship Division Two 2026,1,45,Yorkshire Men,48,Surrey Men,8749627,2026-09-02T16:02:12Z,3,310,False,,,,168,Matt Fisher,8,Dom Bess,3005,George Hill,Right,Wicketkeeper,0,0,0,0,,LengthBall,OutsideOff,,Left,FrontFoot,Leave,SeamAway,Over,FastSeam,Right,Null,NotReferred,Null,False,False,False,False,False,True,,False,False,False,False,False,False,0,0,0,0,0,False,False,,
1637430,52,2.17,2,0,0,113,6,2,76280,,39449,County Championship Division Two 2026,1,45,Yorkshire Men,48,Surrey Men,8749638,2026-09-02T16:02:47Z,4,311,False,,,,168,Matt Fisher,8,Dom Bess,3005,George Hill,Right,Short Third Man,1,0,1,1,,LengthBall,OutsideOff,,OutsideEdge,FrontFoot,ForwardDefensive,NoMovement,Over,FastSeam,Right,Null,NotReferred,Null,False,False,False,False,False,True,,False,False,False,False,False,False,1,0,0,0,0,False,False,127.0,77.0
1637430,52,2.17,2,0,0,113,6,2,76280,,39449,County Championship Division Two 2026,1,45,Yorkshire Men,48,Surrey Men,8749643,2026-09-02T16:03:25Z,5,312,False,,,,168,Matt Fisher,3005,George Hill,8,Dom Bess,Right,Extra Cover,1,0,1,1,,LengthBall,OffStump,,None,FrontFoot,ForwardDefensive,NoMovement,Over,FastSeam,Right,Null,NotReferred,Null,False,False,False,False,False,True,,False,False,False,False,False,False,1,0,0,0,0,False,False,214.0,60.0
1637430,52,2.17,2,0,0,113,6,2,76280,,39449,County Championship Division Two 2026,1,45,Yorkshire Men,48,Surrey Men,8749647,2026-09-02T16:04:07Z,6,313,False,,,,168,Matt Fisher,8,Dom Bess,3005,George Hill,Right,Wicketkeeper,0,0,0,0,,LengthBall,OffStump,,Missed,FrontFoot,ForwardDefensive,AwaySwinger,Over,FastSeam,Right,Null,NotReferred,Null,False,False,False,False,False,True,,False,False,False,False,False,False,0,0,0,0,0,False,False,,
1637436,53,2.13,0,1,0,113,7,0,76280,,39449,County Championship Division Two 2026,1,45,Yorkshire Men,48,Surrey Men,8749652,2026-09-02T16:05:00Z,1,314,False,,,,785,Dan Worrall,3005,George Hill,8,Dom Bess,Right,Wicketkeeper,0,0,0,0,,LengthBall,OutsideOff,,Missed,FrontFoot,ForwardDefensive,SeamAway,Over,FastSeam,Right,Null,NotReferred,Null,False,False,False,False,False,True,,False,False,False,False,False,False,0,0,0,0,0,False,False,,
1637436,53,2.13,0,1,0,113,7,0,76280,,39449,County Championship Division Two 2026,1,45,Yorkshire Men,48,Surrey Men,8749662,2026-09-02T16:05:46Z,2,315,True,Caught,3005.0,George Hill,785,Dan Worrall,3005,George Hill,8,Dom Bess,Right,Wicketkeeper,0,0,0,0,Caught,LengthBall,OutsideOff,Caught,OutsideEdge,FrontFoot,ForwardDefensive,AwaySwinger,Over,FastSeam,Right,Null,NotReferred,Null,False,False,False,False,False,True,1823.0,False,False,False,False,False,False,0,0,0,0,0,False,False,,
1637436,53,2.13,0,1,0,113,7,0,76280,,39449,County Championship Division Two 2026,1,45,Yorkshire Men,48,Surrey Men,8749676,2026-09-02T16:08:05Z,3,316,False,,,,785,Dan Worrall,10953,Kuldeep Yadav,8,Dom Bess,Left,Square Leg,0,0,0,0,,LengthBall,LegStump,,None,FrontFoot,ForwardDefensive,InSwinger,Over,FastSeam,Right,Null,NotReferred,Null,False,False,False,False,False,True,,False,False,False,False,False,False,0,0,0,0,0,False,False,206.0,45.0
1637436,53,2.13,0,1,0,113,7,0,76280,,39449,County Championship Division Two 2026,1,45,Yorkshire Men,48,Surrey Men,8749679,2026-09-02T16:08:37Z,4,317,False,,,,785,Dan Worrall,10953,Kuldeep Yadav,8,Dom Bess,Left,Wicketkeeper,0,0,0,0,,LengthBall,DownLeg,,HitPad,BackFoot,Glance,InSwinger,Over,FastSeam,Right,Null,NotReferred,Null,False,False,False,False,False,True,,False,False,False,False,False,False,0,0,0,0,0,False,False,,
1637436,53,2.13,0,1,0,113,7,0,76280,,39449,County Championship Division Two 2026,1,45,Yorkshire Men,48,Surrey Men,8749681,2026-09-02T16:09:16Z,5,318,False,,,,785,Dan Worrall,10953,Kuldeep Yadav,8,Dom Bess,Left,Wicketkeeper,0,0,0,0,,Short,DownLeg,,Left,Ducked,Leave,NoMovement,Over,FastSeam,Right,Null,NotReferred,Null,False,False,False,False,False,True,,False,False,False,False,False,False,0,0,0,0,0,False,False,,
1637436,53,2.13,0,1,0,113,7,0,76280,,39449,County Championship Division Two 2026,1,45,Yorkshire Men,48,Surrey Men,8749688,2026-09-02T16:09:59Z,6,319,False,,,,785,Dan Worrall,10953,Kuldeep Yadav,8,Dom Bess,Left,Mid Off,0,0,0,0,,HalfVolley,MiddleStump,,None,FrontFoot,ForwardDefensive,InSwinger,Over,FastSeam,Right,Null,NotReferred,Null,False,False,False,False,False,True,,False,False,False,False,False,False,0,0,0,0,0,False,False,292.0,53.0
1637442,54,2.13,2,0,0,115,7,2,76280,,39449,County Championship Division Two 2026,1,45,Yorkshire Men,48,Surrey Men,8749695,2026-09-02T16:10:48Z,1,320,False,,,,168,Matt Fisher,8,Dom Bess,10953,Kuldeep Yadav,Right,Cover,0,0,0,0,,LengthBall,OutsideOff,,None,FrontFoot,ForwardDefensive,SeamIn,Over,FastSeam,Right,Null,NotReferred,Null,False,False,False,False,False,True,,False,False,False,False,False,False,0,0,0,0,0,False,False,185.0,55.0
1637442,54,2.13,2,0,0,115,7,2,76280,,39449,County Championship Division Two 2026,1,45,Yorkshire Men,48,Surrey Men,8749700,2026-09-02T16:11:24Z,2,321,False,,,,168,Matt Fisher,8,Dom Bess,10953,Kuldeep Yadav,Right,Mid On,1,0,1,1,,LengthBall,OffStump,,None,FrontFoot,ForwardDefensive,NoMovement,Over,FastSeam,Right,Null,NotReferred,Null,False,False,False,False,False,True,,False,False,False,False,False,False,1,0,0,0,0,False,False,282.0,57.0
1637442,54,2.13,2,0,0,115,7,2,76280,,39449,County Championship Division Two 2026,1,45,Yorkshire Men,48,Surrey Men,8749704,2026-09-02T16:12:18Z,3,322,False,,,,168,Matt Fisher,10953,Kuldeep Yadav,8,Dom Bess,Left,Deep Backward Point,1,0,1,1,,BackOfALength,LegStump,,None,BackFoot,Pushed,NoMovement,Over,FastSeam,Right,Null,NotReferred,Null,False,False,False,False,False,True,,False,False,False,False,False,False,1,0,0,0,0,False,False,21.0,129.0
1637442,54,2.13,2,0,0,115,7,2,76280,,39449,County Championship Division Two 2026,1,45,Yorkshire Men,48,Surrey Men,8749706,2026-09-02T16:12:58Z,4,323,False,,,,168,Matt Fisher,8,Dom Bess,10953,Kuldeep Yadav,Right,Backward Point,0,0,0,0,,LengthBall,OutsideOff,,None,FrontFoot,ForwardDefensive,NoMovement,Over,FastSeam,Right,Null,NotReferred,Null,False,False,False,False,False,True,,False,False,False,False,False,False,0,0,0,0,0,False,False,173.0,60.0
1637442,54,2.13,2,0,0,115,7,2,76280,,39449,County Championship Division Two 2026,1,45,Yorkshire Men,48,Surrey Men,8749709,2026-09-02T16:13:30Z,5,324,False,,,,168,Matt Fisher,8,Dom Bess,10953,Kuldeep Yadav,Right,Mid Off,0,0,0,0,,HalfVolley,MiddleStump,,Spliced,FrontFoot,ForwardDefensive,InSwinger,Over,FastSeam,Right,Null,NotReferred,Null,False,False,False,False,False,True,,False,False,False,False,False,False,0,0,0,0,0,False,False,249.0,54.0
1637442,54,2.13,2,0,0,115,7,2,76280,,39449,County Championship Division Two 2026,1,45,Yorkshire Men,48,Surrey Men,8749711,2026-09-02T16:14:11Z,6,325,False,,,,168,Matt Fisher,8,Dom Bess,10953,Kuldeep Yadav,Right,Wicketkeeper,0,0,0,0,,LengthBall,OutsideOff,,Missed,FrontFoot,ForwardDefensive,AwaySwinger,Over,FastSeam,Right,Null,NotReferred,Null,False,False,False,False,False,True,,False,False,False,False,False,False,0,0,0,0,0,False,False,,
1637446,55,2.09,0,0,0,115,7,0,76280,,39449,County Championship Division Two 2026,1,45,Yorkshire Men,48,Surrey Men,8749720,2026-09-02T16:15:41Z,1,326,False,,,,785,Dan Worrall,10953,Kuldeep Yadav,8,Dom Bess,Left,Mid On,0,0,0,0,,LengthBall,OutsideOff,,None,FrontFoot,ForwardDefensive,NoMovement,Round,FastSeam,Right,Null,NotReferred,Null,False,False,False,False,False,True,,False,False,False,False,False,False,0,0,0,0,0,False,False,251.0,54.0
1637446,55,2.09,0,0,0,115,7,0,76280,,39449,County Championship Division Two 2026,1,45,Yorkshire Men,48,Surrey Men,8749723,2026-09-02T16:16:20Z,2,327,False,,,,785,Dan Worrall,10953,Kuldeep Yadav,8,Dom Bess,Left,Wicketkeeper,0,0,0,0,,Short,OutsideOff,,Left,Ducked,Leave,NoMovement,Round,FastSeam,Right,Null,NotReferred,Null,False,False,False,False,False,True,,False,False,False,False,False,False,0,0,0,0,0,False,False,,
1637446,55,2.09,0,0,0,115,7,0,76280,,39449,County Championship Division Two 2026,1,45,Yorkshire Men,48,Surrey Men,8749726,2026-09-02T16:16:53Z,3,328,False,,,,785,Dan Worrall,10953,Kuldeep Yadav,8,Dom Bess,Left,Mid Off,0,0,0,0,,BackOfALength,OutsideOff,,None,BackFoot,BackwardDefensive,NoMovement,Round,FastSeam,Right,Null,NotReferred,Null,False,False,False,False,False,True,,False,False,False,False,False,False,0,0,0,0,0,False,False,297.0,57.0
1637446,55,2.09,0,0,0,115,7,0,76280,,39449,County Championship Division Two 2026,1,45,Yorkshire Men,48,Surrey Men,8749730,2026-09-02T16:17:29Z,4,329,False,,,,785,Dan Worrall,10953,Kuldeep Yadav,8,Dom Bess,Left,Gully,0,0,0,0,,LengthBall,OutsideOff,Lbw,HitPad,FrontFoot,ForwardDefensive,InSwinger,Round,FastSeam,Right,Null,NotReferred,Null,False,False,False,False,False,True,1823.0,False,False,False,False,False,False,0,0,0,0,0,False,False,39.0,41.0
1637446,55,2.09,0,0,0,115,7,0,76280,,39449,County Championship Division Two 2026,1,45,Yorkshire Men,48,Surrey Men,8749734,2026-09-02T16:18:08Z,5,330,False,,,,785,Dan Worrall,10953,Kuldeep Yadav,8,Dom Bess,Left,Wicketkeeper,0,0,0,0,,Short,OutsideOff,,Left,BackFoot,Leave,SeamIn,Round,FastSeam,Right,Null,NotReferred,Null,False,False,False,False,False,True,,False,False,False,False,False,False,0,0,0,0,0,False,False,,
1637446,55,2.09,0,0,0,115,7,0,76280,,39449,County Championship Division Two 2026,1,45,Yorkshire Men,48,Surrey Men,8749739,2026-09-02T16:18:43Z,6,331,False,,,,785,Dan Worrall,10953,Kuldeep Yadav,8,Dom Bess,Left,,0,0,0,0,,HalfVolley,OutsideOff,Lbw,HitPad,FrontFoot,Drive,InSwinger,Round,FastSeam,Right,Null,NotReferred,Null,False,False,False,False,False,True,1823.0,False,False,False,False,False,False,0,0,0,0,0,False,False,,
1637450,56,2.05,0,0,0,115,7,0,76280,,39449,County Championship Division Two 2026,1,45,Yorkshire Men,48,Surrey Men,8749746,2026-09-02T16:20:05Z,1,332,False,,,,168,Matt Fisher,8,Dom Bess,10953,Kuldeep Yadav,Right,Wicketkeeper,0,0,0,0,,BackOfALength,OutsideOff,,Missed,BackFoot,BackwardDefensive,SeamIn,Over,FastSeam,Right,Null,NotReferred,Null,False,False,False,False,False,True,,False,False,False,False,False,False,0,0,0,0,0,False,False,,
1637450,56,2.05,0,0,0,115,7,0,76280,,39449,County Championship Division Two 2026,1,45,Yorkshire Men,48,Surrey Men,8749752,2026-09-02T16:20:44Z,2,333,False,,,,168,Matt Fisher,8,Dom Bess,10953,Kuldeep Yadav,Right,Wicketkeeper,0,0,0,0,,LengthBall,OutsideOff,,Missed,FrontFoot,Drive,AwaySwinger,Over,FastSeam,Right,Null,NotReferred,Null,False,False,False,False,False,True,,False,False,False,False,False,False,0,0,0,0,0,False,False,,
1637450,56,2.05,0,0,0,115,7,0,76280,,39449,County Championship Division Two 2026,1,45,Yorkshire Men,48,Surrey Men,8749757,2026-09-02T16:21:19Z,3,334,False,,,,168,Matt Fisher,8,Dom Bess,10953,Kuldeep Yadav,Right,Cover,0,0,0,0,,HalfVolley,OffStump,,MisTimed,FrontFoot,Drive,AwaySwinger,Over,FastSeam,Right,Null,NotReferred,Null,False,False,False,False,False,True,,False,False,False,False,False,False,0,0,0,0,0,False,False,199.0,56.0
1637450,56,2.05,0,0,0,115,7,0,76280,,39449,County Championship Division Two 2026,1,45,Yorkshire Men,48,Surrey Men,8749759,2026-09-02T16:21:52Z,4,335,False,,,,168,Matt Fisher,8,Dom Bess,10953,Kuldeep Yadav,Right,Mid Off,0,0,0,0,,LengthBall,OutsideOff,,None,FrontFoot,ForwardDefensive,NoMovement,Over,FastSeam,Right,Null,NotReferred,Null,False,False,False,False,False,True,,False,False,False,False,False,False,0,0,0,0,0,False,False,258.0,61.0
1637450,56,2.05,0,0,0,115,7,0,76280,,39449,County Championship Division Two 2026,1,45,Yorkshire Men,48,Surrey Men,8749765,2026-09-02T16:22:32Z,5,336,False,,,,168,Matt Fisher,8,Dom Bess,10953,Kuldeep Yadav,Right,Backward Point,0,0,0,0,,HalfVolley,OutsideOff,,OutsideEdge,FrontFoot,Drive,AwaySwinger,Over,FastSeam,Right,Null,NotReferred,Null,False,False,False,False,False,True,,False,False,False,False,False,False,0,0,0,0,0,False,False,171.0,60.0
1637450,56,2.05,0,0,0,115,7,0,76280,,39449,County Championship Division Two 2026,1,45,Yorkshire Men,48,Surrey Men,8749769,2026-09-02T16:23:09Z,6,337,False,,,,168,Matt Fisher,8,Dom Bess,10953,Kuldeep Yadav,Right,Square Leg,0,0,0,0,,HalfVolley,LegStump,,None,FrontFoot,Flick,NoMovement,Over,FastSeam,Right,Null,NotReferred,Null,False,False,False,False,False,True,,False,False,False,False,False,False,0,0,0,0,0,False,False,341.0,64.0
1637456,57,2.12,6,0,0,121,7,6,76280,,39449,County Championship Division Two 2026,1,45,Yorkshire Men,48,Surrey Men,8749775,2026-09-02T16:24:04Z,1,338,False,,,,785,Dan Worrall,10953,Kuldeep Yadav,8,Dom Bess,Left,Mid Off,0,0,0,0,,LengthBall,OutsideOff,,None,FrontFoot,ForwardDefensive,NoMovement,Round,FastSeam,Right,Null,NotReferred,Null,False,False,False,False,False,True,,False,False,False,False,False,False,0,0,0,0,0,False,False,292.0,52.0
1637456,57,2.12,6,0,0,121,7,6,76280,,39449,County Championship Division Two 2026,1,45,Yorkshire Men,48,Surrey Men,8749780,2026-09-02T16:24:40Z,2,339,False,,,,785,Dan Worrall,10953,Kuldeep Yadav,8,Dom Bess,Left,Third Man,1,0,1,1,,LengthBall,OutsideOff,,None,BackFoot,LateCut,NoMovement,Round,FastSeam,Right,Null,NotReferred,Null,False,False,False,False,False,True,,False,False,False,False,False,False,1,0,0,0,0,False,False,48.0,125.0
1637456,57,2.12,6,0,0,121,7,6,76280,,39449,County Championship Division Two 2026,1,45,Yorkshire Men,48,Surrey Men,8749786,2026-09-02T16:25:23Z,3,340,False,,,,785,Dan Worrall,8,Dom Bess,10953,Kuldeep Yadav,Right,Deep Backward Point,1,0,1,1,,LengthBall,OffStump,Lbw,InsideEdge,BackFoot,Glance,InSwinger,Over,FastSeam,Right,Null,NotReferred,Null,False,False,False,False,False,True,1823.0,False,False,False,False,False,False,1,0,0,0,0,False,False,151.0,112.0
1637456,57,2.12,6,0,0,121,7,6,76280,,39449,County Championship Division Two 2026,1,45,Yorkshire Men,48,Surrey Men,8749787,2026-09-02T16:26:06Z,4,341,False,,,,785,Dan Worrall,10953,Kuldeep Yadav,8,Dom Bess,Left,Backward Point,0,0,0,0,,Short,OutsideOff,,Gloved,BackFoot,Fended,NoMovement,Round,FastSeam,Right,Null,NotReferred,Null,False,False,False,False,False,True,,False,False,False,False,False,False,0,0,0,0,0,False,True,13.0,50.0
1637456,57,2.12,6,0,0,121,7,6,76280,,39449,County Championship Division Two 2026,1,45,Yorkshire Men,48,Surrey Men,8749791,2026-09-02T16:26:51Z,5,342,False,,,,785,Dan Worrall,10953,Kuldeep Yadav,8,Dom Bess,Left,,0,4,4,0,,Short,OutsideOff,,Left,Ducked,Leave,SeamIn,Round,FastSeam,Right,Null,NotReferred,Null,False,False,True,False,False,True,,False,False,False,False,False,False,4,4,0,0,0,False,False,96.0,158.0
1637456,57,2.12,6,0,0,121,7,6,76280,,39449,County Championship Division Two 2026,1,45,Yorkshire Men,48,Surrey Men,8749793,2026-09-02T16:27:28Z,6,343,False,,,,785,Dan Worrall,10953,Kuldeep Yadav,8,Dom Bess,Left,Wicketkeeper,0,0,0,0,,Short,OutsideOff,,Left,Ducked,Leave,NoMovement,Round,FastSeam,Right,Null,NotReferred,Null,False,False,False,False,False,True,,False,False,False,False,False,False,0,0,0,0,0,False,False,,
1637460,58,2.17,5,0,0,126,7,5,76280,,39449,County Championship Division Two 2026,1,45,Yorkshire Men,48,Surrey Men,8749807,2026-09-02T16:30:01Z,1,344,False,,,,168,Matt Fisher,8,Dom Bess,10953,Kuldeep Yadav,Right,Cover,1,0,1,1,,BackOfALength,OutsideOff,,None,BackFoot,Dropped,NoMovement,Over,FastSeam,Right,Null,NotReferred,Null,False,False,False,False,False,True,,False,False,False,False,False,False,1,0,0,0,0,False,False,183.0,58.0
1637460,58,2.17,5,0,0,126,7,5,76280,,39449,County Championship Division Two 2026,1,45,Yorkshire Men,48,Surrey Men,8749812,2026-09-02T16:30:52Z,2,345,False,,,,168,Matt Fisher,10953,Kuldeep Yadav,8,Dom Bess,Left,Bowler,0,0,0,0,,LengthBall,MiddleStump,,None,FrontFoot,ForwardDefensive,NoMovement,Over,FastSeam,Right,Null,NotReferred,Null,False,False,False,False,False,True,,False,False,False,False,False,False,0,0,0,0,0,False,False,,
1637460,58,2.17,5,0,0,126,7,5,76280,,39449,County Championship Division Two 2026,1,45,Yorkshire Men,48,Surrey Men,8749817,2026-09-02T16:31:33Z,3,346,False,,,,168,Matt Fisher,10953,Kuldeep Yadav,8,Dom Bess,Left,,4,0,4,4,,BackOfALength,MiddleStump,,WellTimed,BackFoot,LateCut,NoMovement,Over,FastSeam,Right,Null,NotReferred,Null,False,False,False,False,True,True,,False,False,False,False,False,False,4,0,0,0,0,True,False,63.0,161.0
1637460,58,2.17,5,0,0,126,7,5,76280,,39449,County Championship Division Two 2026,1,45,Yorkshire Men,48,Surrey Men,8749820,2026-09-02T16:32:13Z,4,347,False,,,,168,Matt Fisher,10953,Kuldeep Yadav,8,Dom Bess,Left,Wicketkeeper,0,0,0,0,,HalfVolley,OutsideOff,,Missed,FrontFoot,Drive,SeamAway,Over,FastSeam,Right,Null,NotReferred,Null,False,False,False,False,False,True,,False,False,False,False,False,False,0,0,0,0,0,False,False,,
1637460,58,2.17,5,0,0,126,7,5,76280,,39449,County Championship Division Two 2026,1,45,Yorkshire Men,48,Surrey Men,8749822,2026-09-02T16:32:46Z,5,348,False,,,,168,Matt Fisher,10953,Kuldeep Yadav,8,Dom Bess,Left,Gully,0,0,0,0,,BackOfALength,LegStump,,None,BackFoot,BackwardDefensive,NoMovement,Over,FastSeam,Right,Null,NotReferred,Null,False,False,False,False,False,True,,False,False,False,False,False,False,0,0,0,0,0,False,False,41.0,48.0
1637460,58,2.17,5,0,0,126,7,5,76280,,39449,County Championship Division Two 2026,1,45,Yorkshire Men,48,Surrey Men,8749827,2026-09-02T16:33:25Z,6,349,False,,,,168,Matt Fisher,10953,Kuldeep Yadav,8,Dom Bess,Left,Square Leg,0,0,0,0,,HalfVolley,LegStump,,MisTimed,FrontFoot,ForwardDefensive,InSwinger,Over,FastSeam,Right,Null,NotReferred,Null,False,False,False,False,False,True,,False,False,False,False,False,False,0,0,0,0,0,False,False,190.0,56.0
1637464,59,2.19,3,0,0,129,7,3,76280,,39449,County Championship Division Two 2026,1,45,Yorkshire Men,48,Surrey Men,8749832,2026-09-02T16:34:20Z,1,350,False,,,,7215,Auqib Nabi,8,Dom Bess,10953,Kuldeep Yadav,Right,Bowler,0,0,0,0,,LengthBall,OutsideOff,,InsideEdge,FrontFoot,ForwardDefensive,SeamIn,Over,Medium,Right,Null,NotReferred,Null,False,False,False,False,False,True,,False,False,False,False,False,False,0,0,0,0,0,False,False,,
1637464,59,2.19,3,0,0,129,7,3,76280,,39449,County Championship Division Two 2026,1,45,Yorkshire Men,48,Surrey Men,8749834,2026-09-02T16:35:00Z,2,351,False,,,,7215,Auqib Nabi,8,Dom Bess,10953,Kuldeep Yadav,Right,Deep Square Leg,2,0,2,2,,HalfVolley,DownLeg,,WellTimed,FrontFoot,Flick,NoMovement,Over,Medium,Right,Null,NotReferred,Null,False,False,False,False,False,True,,False,False,False,False,False,False,2,0,0,0,0,False,False,343.0,129.0
1637464,59,2.19,3,0,0,129,7,3,76280,,39449,County Championship Division Two 2026,1,45,Yorkshire Men,48,Surrey Men,8749838,2026-09-02T16:35:41Z,3,352,False,,,,7215,Auqib Nabi,8,Dom Bess,10953,Kuldeep Yadav,Right,Square Leg,0,0,0,0,,LengthBall,OffStump,,Spliced,FrontFoot,ForwardDefensive,NoMovement,Over,Medium,Right,Null,NotReferred,Null,False,False,False,False,False,True,,False,False,False,False,False,False,0,0,0,0,0,False,False,338.0,51.0
1637464,59,2.19,3,0,0,129,7,3,76280,,39449,County Championship Division Two 2026,1,45,Yorkshire Men,48,Surrey Men,8749841,2026-09-02T16:36:16Z,4,353,False,,,,7215,Auqib Nabi,8,Dom Bess,10953,Kuldeep Yadav,Right,Wicketkeeper,0,0,0,0,,BackOfALength,OutsideOff,,Left,FrontFoot,Leave,AwaySwinger,Over,Medium,Right,Null,NotReferred,Null,False,False,False,False,False,True,,False,False,False,False,False,False,0,0,0,0,0,False,False,,
1637464,59,2.19,3,0,0,129,7,3,76280,,39449,County Championship Division Two 2026,1,45,Yorkshire Men,48,Surrey Men,8749843,2026-09-02T16:36:52Z,5,354,False,,,,7215,Auqib Nabi,8,Dom Bess,10953,Kuldeep Yadav,Right,Third Man,1,0,1,1,,BackOfALength,OutsideOff,,None,BackFoot,Cut,NoMovement,Over,Medium,Right,Null,NotReferred,Null,False,False,False,False,False,True,,False,False,False,False,False,False,1,0,0,0,0,False,False,139.0,133.0
1637464,59,2.19,3,0,0,129,7,3,76280,,39449,County Championship Division Two 2026,1,45,Yorkshire Men,48,Surrey Men,8749847,2026-09-02T16:37:46Z,6,355,False,,,,7215,Auqib Nabi,10953,Kuldeep Yadav,8,Dom Bess,Left,Wicketkeeper,0,0,0,0,,LengthBall,DownLeg,,PlayAndMissLegSide,BackFoot,Glance,SeamIn,Over,Medium,Right,Null,NotReferred,Null,False,False,False,False,False,True,,False,False,False,False,False,False,0,0,0,0,0,False,False,,
1637468,60,2.22,4,0,0,133,7,4,76280,,39449,County Championship Division Two 2026,1,45,Yorkshire Men,48,Surrey Men,8749853,2026-09-02T16:38:45Z,1,356,False,,,,168,Matt Fisher,8,Dom Bess,10953,Kuldeep Yadav,Right,Mid Wicket,0,0,0,0,,LengthBall,OutsideOff,,MisTimed,FrontFoot,Drive,NoMovement,Over,FastSeam,Right,Null,NotReferred,Null,False,False,False,False,False,True,,False,False,False,False,False,False,0,0,0,0,0,False,False,317.0,58.0
1637468,60,2.22,4,0,0,133,7,4,76280,,39449,County Championship Division Two 2026,1,45,Yorkshire Men,48,Surrey Men,8749856,2026-09-02T16:39:25Z,2,357,False,,,,168,Matt Fisher,8,Dom Bess,10953,Kuldeep Yadav,Right,Bowler,0,0,0,0,,LengthBall,OffStump,,None,FrontFoot,ForwardDefensive,NoMovement,Over,FastSeam,Right,Null,NotReferred,Null,False,False,False,False,False,True,,False,False,False,False,False,False,0,0,0,0,0,False,False,,
1637468,60,2.22,4,0,0,133,7,4,76280,,39449,County Championship Division Two 2026,1,45,Yorkshire Men,48,Surrey Men,8749862,2026-09-02T16:40:02Z,3,358,False,,,,168,Matt Fisher,8,Dom Bess,10953,Kuldeep Yadav,Right,Third Slip,0,0,0,0,,LengthBall,OutsideOff,,OutsideEdge,FrontFoot,ForwardDefensive,AwaySwinger,Over,FastSeam,Right,Null,NotReferred,Null,False,False,False,False,False,True,,False,False,False,False,False,False,0,0,0,0,0,False,False,118.0,34.0
1637468,60,2.22,4,0,0,133,7,4,76280,,39449,County Championship Division Two 2026,1,45,Yorkshire Men,48,Surrey Men,8749866,2026-09-02T16:40:40Z,4,359,False,,,,168,Matt Fisher,8,Dom Bess,10953,Kuldeep Yadav,Right,,4,0,4,4,,LengthBall,MiddleStump,,WellTimed,BackFoot,Glance,NoMovement,Over,FastSeam,Right,Null,NotReferred,Null,False,False,False,False,False,True,,False,False,False,False,False,False,4,0,0,0,0,True,False,76.0,160.0
1637468,60,2.22,4,0,0,133,7,4,76280,,39449,County Championship Division Two 2026,1,45,Yorkshire Men,48,Surrey Men,8749869,2026-09-02T16:41:19Z,5,360,False,,,,168,Matt Fisher,8,Dom Bess,10953,Kuldeep Yadav,Right,Backward Square Leg,0,0,0,0,,LengthBall,MiddleStump,Lbw,HitPad,BackFoot,Glance,SeamIn,Over,FastSeam,Right,Null,NotReferred,Null,False,False,False,False,False,True,1906.0,False,False,False,False,False,False,0,0,0,0,0,False,False,10.0,48.0
1637468,60,2.22,4,0,0,133,7,4,76280,,39449,County Championship Division Two 2026,1,45,Yorkshire Men,48,Surrey Men,8750386,2026-09-03T09:31:38Z,6,361,False,,,,168,Matt Fisher,8,Dom Bess,10953,Kuldeep Yadav,Right,Square Leg,0,0,0,0,,LengthBall,OffStump,,None,FrontFoot,Drive,,Over,FastSeam,Right,Null,NotReferred,Null,False,False,False,False,False,True,,False,False,False,False,False,False,0,0,0,0,0,False,False,335.0,64.0
1637560,61,2.2,1,0,0,134,7,1,76280,,39449,County Championship Division Two 2026,1,45,Yorkshire Men,48,Surrey Men,8750403,2026-09-03T09:32:43Z,1,362,False,,,,785,Dan Worrall,10953,Kuldeep Yadav,8,Dom Bess,Left,Wicketkeeper,0,0,0,0,,BackOfALength,OffStump,,ShouldersArms,NoMovement,ShouldersArms,NoMovement,Round,FastSeam,Right,Null,NotReferred,Null,False,False,False,False,False,True,,False,False,False,False,False,False,0,0,0,0,0,False,False,,
1637560,61,2.2,1,0,0,134,7,1,76280,,39449,County Championship Division Two 2026,1,45,Yorkshire Men,48,Surrey Men,8750414,2026-09-03T09:33:18Z,2,363,False,,,,785,Dan Worrall,10953,Kuldeep Yadav,8,Dom Bess,Left,Short Fine Leg,0,0,0,0,,LengthBall,MiddleStump,,None,BackFoot,Glance,NoMovement,Round,FastSeam,Right,Null,NotReferred,Null,False,False,False,False,False,True,,False,False,False,False,False,False,0,0,0,0,0,False,False,104.0,91.0
1637560,61,2.2,1,0,0,134,7,1,76280,,39449,County Championship Division Two 2026,1,45,Yorkshire Men,48,Surrey Men,8750424,2026-09-03T09:33:54Z,3,364,False,,,,785,Dan Worrall,10953,Kuldeep Yadav,8,Dom Bess,Left,Wicketkeeper,0,0,0,0,,BackOfALength,OffStump,,ShouldersArms,NoMovement,ShouldersArms,NoMovement,Round,FastSeam,Right,Null,NotReferred,Null,False,False,False,False,False,True,,False,False,False,False,False,False,0,0,0,0,0,False,False,,
1637560,61,2.2,1,0,0,134,7,1,76280,,39449,County Championship Division Two 2026,1,45,Yorkshire Men,48,Surrey Men,8750433,2026-09-03T09:34:28Z,4,365,False,,,,785,Dan Worrall,10953,Kuldeep Yadav,8,Dom Bess,Left,Wicketkeeper,0,0,0,0,,LengthBall,OutsideOff,,Left,NoMovement,NoShot,NoMovement,Round,FastSeam,Right,Null,NotReferred,Null,False,False,False,False,False,True,,False,False,False,False,False,False,0,0,0,0,0,False,False,,
1637560,61,2.2,1,0,0,134,7,1,76280,,39449,County Championship Division Two 2026,1,45,Yorkshire Men,48,Surrey Men,8750443,2026-09-03T09:35:04Z,5,366,False,,,,785,Dan Worrall,10953,Kuldeep Yadav,8,Dom Bess,Left,Backward Point,0,0,0,0,,LengthBall,OutsideOff,,None,FrontFoot,ForwardDefensive,NoMovement,Round,FastSeam,Right,Null,NotReferred,Null,False,False,False,False,False,True,,False,False,False,False,False,False,0,0,0,0,0,False,False,6.0,74.0
1637560,61,2.2,1,0,0,134,7,1,76280,,39449,County Championship Division Two 2026,1,45,Yorkshire Men,48,Surrey Men,8750454,2026-09-03T09:35:45Z,6,367,False,,,,785,Dan Worrall,10953,Kuldeep Yadav,8,Dom Bess,Left,Short Fine Leg,1,0,1,1,,BackOfALength,OutsideOff,,None,BackFoot,Glance,NoMovement,Round,FastSeam,Right,Null,NotReferred,Null,False,False,False,False,False,True,,False,False,False,False,False,False,1,0,0,0,0,False,False,112.0,96.0
1637569,62,2.23,4,0,0,138,7,4,76280,,39449,County Championship Division Two 2026,1,45,Yorkshire Men,48,Surrey Men,8750467,2026-09-03T09:36:39Z,1,368,False,,,,168,Matt Fisher,10953,Kuldeep Yadav,8,Dom Bess,Left,Wicketkeeper,4,0,4,4,,LengthBall,MiddleStump,,BottomEdge,NoMovement,Leave,NoMovement,Over,FastSeam,Right,Null,NotReferred,Null,False,False,False,False,False,True,,False,False,False,False,False,False,4,0,0,0,0,True,False,58.0,162.0
1637569,62,2.23,4,0,0,138,7,4,76280,,39449,County Championship Division Two 2026,1,45,Yorkshire Men,48,Surrey Men,8750477,2026-09-03T09:37:23Z,2,369,False,,,,168,Matt Fisher,10953,Kuldeep Yadav,8,Dom Bess,Left,Wicketkeeper,0,0,0,0,,LengthBall,OutsideOff,,Left,NoMovement,NoShot,NoMovement,Over,FastSeam,Right,Null,NotReferred,Null,False,False,False,False,False,True,,False,False,False,False,False,False,0,0,0,0,0,False,False,,
1637569,62,2.23,4,0,0,138,7,4,76280,,39449,County Championship Division Two 2026,1,45,Yorkshire Men,48,Surrey Men,8750488,2026-09-03T09:37:58Z,3,370,False,,,,168,Matt Fisher,10953,Kuldeep Yadav,8,Dom Bess,Left,Cover,0,0,0,0,,HalfVolley,OutsideOff,,None,FrontFoot,ForwardDefensive,NoMovement,Over,FastSeam,Right,Null,NotReferred,Null,False,False,False,False,False,True,,False,False,False,False,False,False,0,0,0,0,0,False,False,358.0,70.0
1637569,62,2.23,4,0,0,138,7,4,76280,,39449,County Championship Division Two 2026,1,45,Yorkshire Men,48,Surrey Men,8750496,2026-09-03T09:38:31Z,4,371,False,,,,168,Matt Fisher,10953,Kuldeep Yadav,8,Dom Bess,Left,Cover,0,0,0,0,,LengthBall,OutsideOff,,None,BackFoot,Pushed,NoMovement,Over,FastSeam,Right,Null,NotReferred,Null,False,False,False,False,False,True,,False,False,False,False,False,False,0,0,0,0,0,False,False,,82.0
1637569,62,2.23,4,0,0,138,7,4,76280,,39449,County Championship Division Two 2026,1,45,Yorkshire Men,48,Surrey Men,8750510,2026-09-03T09:39:06Z,5,372,False,,,,168,Matt Fisher,10953,Kuldeep Yadav,8,Dom Bess,Left,,0,0,0,0,,LengthBall,MiddleStump,,BatPad,BackFoot,Worked,InSwinger,Over,FastSeam,Right,Null,NotReferred,Null,False,False,False,False,False,True,,False,False,False,False,False,False,0,0,0,0,0,False,False,,
1637569,62,2.23,4,0,0,138,7,4,76280,,39449,County Championship Division Two 2026,1,45,Yorkshire Men,48,Surrey Men,8750518,2026-09-03T09:39:46Z,6,373,False,,,,168,Matt Fisher,10953,Kuldeep Yadav,8,Dom Bess,Left,Wicketkeeper,0,0,0,0,,LengthBall,OutsideOff,,Left,NoMovement,NoShot,NoMovement,Round,FastSeam,Right,Null,NotReferred,Null,False,False,False,False,False,True,,False,False,False,False,False,False,0,0,0,0,0,False,False,,
1637580,63,2.27,5,0,0,143,7,5,76280,,39449,County Championship Division Two 2026,1,45,Yorkshire Men,48,Surrey Men,8750533,2026-09-03T09:40:43Z,1,374,False,,,,785,Dan Worrall,8,Dom Bess,10953,Kuldeep Yadav,Right,Extra Cover,0,0,0,0,,LengthBall,OutsideOff,,None,FrontFoot,Drive,NoMovement,Over,FastSeam,Right,Null,NotReferred,Null,False,False,False,False,False,True,,False,False,False,False,False,False,0,0,0,0,0,False,False,213.0,81.0
1637580,63,2.27,5,0,0,143,7,5,76280,,39449,County Championship Division Two 2026,1,45,Yorkshire Men,48,Surrey Men,8750543,2026-09-03T09:41:23Z,2,375,False,,,,785,Dan Worrall,8,Dom Bess,10953,Kuldeep Yadav,Right,,4,0,4,4,,LengthBall,OutsideOff,,Middled,FrontFoot,Drive,NoMovement,Over,FastSeam,Right,Null,NotReferred,Null,False,False,False,False,False,True,,False,False,False,False,False,False,4,0,0,0,0,True,False,195.0,167.0
1637580,63,2.27,5,0,0,143,7,5,76280,,39449,County Championship Division Two 2026,1,45,Yorkshire Men,48,Surrey Men,8750553,2026-09-03T09:42:01Z,3,376,False,,,,785,Dan Worrall,8,Dom Bess,10953,Kuldeep Yadav,Right,Wicketkeeper,0,0,0,0,,LengthBall,OutsideOff,,ShouldersArms,NoMovement,ShouldersArms,AwaySwinger,Over,FastSeam,Right,Null,NotReferred,Null,False,False,False,False,False,True,,False,False,False,False,False,False,0,0,0,0,0,False,False,,
1637580,63,2.27,5,0,0,143,7,5,76280,,39449,County Championship Division Two 2026,1,45,Yorkshire Men,48,Surrey Men,8750564,2026-09-03T09:42:35Z,4,377,False,,,,785,Dan Worrall,8,Dom Bess,10953,Kuldeep Yadav,Right,Wicketkeeper,0,0,0,0,,LengthBall,OutsideOff,,Left,NoMovement,NoShot,SeamIn,Over,FastSeam,Right,Null,NotReferred,Null,False,False,False,False,False,True,,False,False,False,False,False,False,0,0,0,0,0,False,False,,
1637580,63,2.27,5,0,0,143,7,5,76280,,39449,County Championship Division Two 2026,1,45,Yorkshire Men,48,Surrey Men,8750574,2026-09-03T09:43:12Z,5,378,False,,,,785,Dan Worrall,8,Dom Bess,10953,Kuldeep Yadav,Right,Backward Square Leg,1,0,1,1,,LengthBall,OffStump,,None,BackFoot,Worked,NoMovement,Over,FastSeam,Right,Null,NotReferred,Null,False,False,False,False,False,True,,False,False,False,False,False,False,1,0,0,0,0,False,False,24.0,91.0
1637580,63,2.27,5,0,0,143,7,5,76280,,39449,County Championship Division Two 2026,1,45,Yorkshire Men,48,Surrey Men,8750584,2026-09-03T09:43:56Z,6,379,False,,,,785,Dan Worrall,10953,Kuldeep Yadav,8,Dom Bess,Left,Square Leg,0,0,0,0,,Yorker,OutsideOff,,None,BackFoot,Pushed,NoMovement,Round,FastSeam,Right,Null,NotReferred,Null,False,False,False,False,False,True,,False,False,False,False,False,False,0,0,0,0,0,False,False,199.0,56.0
1637591,64,2.3,4,0,0,147,7,4,76280,,39449,County Championship Division Two 2026,1,45,Yorkshire Men,48,Surrey Men,8750597,2026-09-03T09:44:55Z,1,380,False,,,,168,Matt Fisher,8,Dom Bess,10953,Kuldeep Yadav,Right,Wicketkeeper,0,0,0,0,,HalfVolley,OutsideOff,Caught,Missed,FrontFoot,ForwardDefensive,AwaySwinger,Over,FastSeam,Right,Null,NotReferred,Null,False,False,False,False,False,True,1906.0,False,False,False,False,False,False,0,0,0,0,0,False,False,,
1637591,64,2.3,4,0,0,147,7,4,76280,,39449,County Championship Division Two 2026,1,45,Yorkshire Men,48,Surrey Men,8750606,2026-09-03T09:45:33Z,2,381,False,,,,168,Matt Fisher,8,Dom Bess,10953,Kuldeep Yadav,Right,Wicketkeeper,0,0,0,0,,LengthBall,OutsideOff,,ShouldersArms,NoMovement,ShouldersArms,AwaySwinger,Over,FastSeam,Right,Null,NotReferred,Null,False,False,False,False,False,True,,False,False,False,False,False,False,0,0,0,0,0,False,False,,
1637591,64,2.3,4,0,0,147,7,4,76280,,39449,County Championship Division Two 2026,1,45,Yorkshire Men,48,Surrey Men,8750616,2026-09-03T09:46:12Z,3,382,False,,,,168,Matt Fisher,8,Dom Bess,10953,Kuldeep Yadav,Right,Cover,0,0,0,0,,HalfVolley,OffStump,,None,FrontFoot,ForwardDefensive,NoMovement,Over,FastSeam,Right,Null,NotReferred,Null,False,False,False,False,False,True,,False,False,False,False,False,False,0,0,0,0,0,False,False,197.0,54.0
1637591,64,2.3,4,0,0,147,7,4,76280,,39449,County Championship Division Two 2026,1,45,Yorkshire Men,48,Surrey Men,8750627,2026-09-03T09:46:47Z,4,383,False,,,,168,Matt Fisher,8,Dom Bess,10953,Kuldeep Yadav,Right,Extra Cover,0,0,0,0,,LengthBall,OffStump,,None,FrontFoot,ForwardDefensive,NoMovement,Over,FastSeam,Right,Null,NotReferred,Null,False,False,False,False,False,True,,False,False,False,False,False,False,0,0,0,0,0,False,False,210.0,58.0
1637591,64,2.3,4,0,0,147,7,4,76280,,39449,County Championship Division Two 2026,1,45,Yorkshire Men,48,Surrey Men,8750642,2026-09-03T09:47:24Z,5,384,False,,,,168,Matt Fisher,8,Dom Bess,10953,Kuldeep Yadav,Right,Fine Leg,0,4,4,0,,HalfTracker,OffStump,,Left,NoMovement,NoShot,SeamIn,Over,FastSeam,Right,Null,NotReferred,Null,False,False,True,False,False,True,,False,False,False,False,False,False,4,4,0,0,0,False,False,83.0,138.0
1637591,64,2.3,4,0,0,147,7,4,76280,,39449,County Championship Division Two 2026,1,45,Yorkshire Men,48,Surrey Men,8750648,2026-09-03T09:48:04Z,6,385,False,,,,168,Matt Fisher,8,Dom Bess,10953,Kuldeep Yadav,Right,Wicketkeeper,0,0,0,0,,LengthBall,OutsideOff,,Missed,FrontFoot,ForwardDefensive,AwaySwinger,Over,FastSeam,Right,Null,NotReferred,Null,False,False,False,False,False,True,,False,False,False,False,False,False,0,0,0,0,0,False,False,,
1637604,65,2.34,5,0,0,152,7,5,76280,,39449,County Championship Division Two 2026,1,45,Yorkshire Men,48,Surrey Men,8750661,2026-09-03T09:48:53Z,1,386,False,,,,785,Dan Worrall,10953,Kuldeep Yadav,8,Dom Bess,Left,Wicketkeeper,0,0,0,0,,HalfVolley,OutsideOff,,Missed,FrontFoot,Drive,NoMovement,Round,FastSeam,Right,Null,NotReferred,Null,False,False,False,False,False,True,,False,False,False,False,False,False,0,0,0,0,0,False,False,,
1637604,65,2.34,5,0,0,152,7,5,76280,,39449,County Championship Division Two 2026,1,45,Yorkshire Men,48,Surrey Men,8750673,2026-09-03T09:49:33Z,2,387,False,,,,785,Dan Worrall,10953,Kuldeep Yadav,8,Dom Bess,Left,Wicketkeeper,0,0,0,0,,LengthBall,OutsideOff,,Missed,FrontFoot,ForwardDefensive,SeamAway,Round,FastSeam,Right,Null,NotReferred,Null,False,False,False,False,False,True,,False,False,False,False,False,False,0,0,0,0,0,False,False,,
1637604,65,2.34,5,0,0,152,7,5,76280,,39449,County Championship Division Two 2026,1,45,Yorkshire Men,48,Surrey Men,8750687,2026-09-03T09:50:18Z,3,388,False,,,,785,Dan Worrall,10953,Kuldeep Yadav,8,Dom Bess,Left,Mid Off,0,0,0,0,,LengthBall,MiddleStump,,None,FrontFoot,ForwardDefensive,NoMovement,Over,FastSeam,Right,Null,NotReferred,Null,False,False,False,False,False,True,,False,False,False,False,False,False,0,0,0,0,0,False,False,285.0,62.0
1637604,65,2.34,5,0,0,152,7,5,76280,,39449,County Championship Division Two 2026,1,45,Yorkshire Men,48,Surrey Men,8750701,2026-09-03T09:51:04Z,4,389,False,,,,785,Dan Worrall,10953,Kuldeep Yadav,8,Dom Bess,Left,Wicketkeeper,0,0,0,0,,BackOfALength,LegStump,,Missed,BackFoot,BackwardDefensive,NoMovement,Over,FastSeam,Right,Null,NotReferred,Null,False,False,False,False,False,True,,False,False,False,False,False,False,0,0,0,0,0,False,False,,
1637604,65,2.34,5,0,0,152,7,5,76280,,39449,County Championship Division Two 2026,1,45,Yorkshire Men,48,Surrey Men,8750712,2026-09-03T09:51:43Z,5,390,False,,,,785,Dan Worrall,10953,Kuldeep Yadav,8,Dom Bess,Left,Wicketkeeper,1,1,1,0,,HalfTracker,DownLeg,,Left,NoMovement,NoShot,NoMovement,Over,FastSeam,Right,Null,NotReferred,Null,True,False,False,False,False,True,,False,False,False,False,False,False,1,0,1,0,0,False,False,,
1637604,65,2.34,5,0,0,152,7,5,76280,,39449,County Championship Division Two 2026,1,45,Yorkshire Men,48,Surrey Men,8750719,2026-09-03T09:52:16Z,5,391,False,,,,785,Dan Worrall,10953,Kuldeep Yadav,8,Dom Bess,Left,,4,0,4,4,,LengthBall,LegStump,,None,BackFoot,Glance,NoMovement,Over,FastSeam,Right,Null,NotReferred,Null,False,False,False,False,False,True,,False,False,False,False,False,False,4,0,0,0,0,True,False,100.0,180.0
1637604,65,2.34,5,0,0,152,7,5,76280,,39449,County Championship Division Two 2026,1,45,Yorkshire Men,48,Surrey Men,8750731,2026-09-03T09:53:03Z,6,392,False,,,,785,Dan Worrall,10953,Kuldeep Yadav,8,Dom Bess,Left,Wicketkeeper,0,0,0,0,,BackOfALength,MiddleStump,,Missed,BackFoot,Pushed,NoMovement,Over,FastSeam,Right,Null,NotReferred,Null,False,False,False,False,False,True,,False,False,False,False,False,False,0,0,0,0,0,False,False,,
1637615,66,2.38,5,0,0,157,7,5,76280,,39449,County Championship Division Two 2026,1,45,Yorkshire Men,48,Surrey Men,8750746,2026-09-03T09:53:51Z,1,393,False,,,,168,Matt Fisher,8,Dom Bess,10953,Kuldeep Yadav,Right,,4,0,4,4,,HalfVolley,OutsideOff,,WellTimed,FrontFoot,Drive,NoMovement,Over,FastSeam,Right,Null,NotReferred,Null,False,False,False,False,False,True,,False,False,False,False,False,False,4,0,0,0,0,True,False,217.0,176.0
1637615,66,2.38,5,0,0,157,7,5,76280,,39449,County Championship Division Two 2026,1,45,Yorkshire Men,48,Surrey Men,8750755,2026-09-03T09:54:36Z,2,394,False,,,,168,Matt Fisher,8,Dom Bess,10953,Kuldeep Yadav,Right,Cover,0,0,0,0,,HalfVolley,OutsideOff,,None,FrontFoot,ForwardDefensive,AwaySwinger,Over,FastSeam,Right,Null,NotReferred,Null,False,False,False,False,False,True,,False,False,False,False,False,False,0,0,0,0,0,False,False,205.0,47.0
1637615,66,2.38,5,0,0,157,7,5,76280,,39449,County Championship Division Two 2026,1,45,Yorkshire Men,48,Surrey Men,8750766,2026-09-03T09:55:11Z,3,395,False,,,,168,Matt Fisher,8,Dom Bess,10953,Kuldeep Yadav,Right,Cover,1,0,1,1,,LengthBall,OffStump,,None,FrontFoot,ForwardDefensive,NoMovement,Over,FastSeam,Right,Null,NotReferred,Null,False,False,False,False,False,True,,False,False,False,False,False,False,1,0,0,0,0,False,False,191.0,72.0
1637615,66,2.38,5,0,0,157,7,5,76280,,39449,County Championship Division Two 2026,1,45,Yorkshire Men,48,Surrey Men,8750777,2026-09-03T09:55:55Z,4,396,False,,,,168,Matt Fisher,10953,Kuldeep Yadav,8,Dom Bess,Left,Wicketkeeper,0,0,0,0,,LengthBall,OutsideOff,,Left,NoMovement,NoShot,NoMovement,Over,FastSeam,Right,Null,NotReferred,Null,False,False,False,False,False,True,,False,False,False,False,False,False,0,0,0,0,0,False,False,,
1637615,66,2.38,5,0,0,157,7,5,76280,,39449,County Championship Division Two 2026,1,45,Yorkshire Men,48,Surrey Men,8750786,2026-09-03T09:56:32Z,5,397,False,,,,168,Matt Fisher,10953,Kuldeep Yadav,8,Dom Bess,Left,Wicketkeeper,0,0,0,0,,LengthBall,OutsideOff,,Left,NoMovement,NoShot,NoMovement,Over,FastSeam,Right,Null,NotReferred,Null,False,False,False,False,False,True,,False,False,False,False,False,False,0,0,0,0,0,False,False,,
1637615,66,2.38,5,0,0,157,7,5,76280,,39449,County Championship Division Two 2026,1,45,Yorkshire Men,48,Surrey Men,8750797,2026-09-03T09:57:09Z,6,398,False,,,,168,Matt Fisher,10953,Kuldeep Yadav,8,Dom Bess,Left,Square Leg,0,0,0,0,,LengthBall,MiddleStump,,None,BackFoot,Worked,InSwinger,Over,FastSeam,Right,Null,NotReferred,Null,False,False,False,False,False,True,,False,False,False,False,False,False,0,0,0,0,0,False,False,181.0,80.0
1637626,67,2.42,5,0,0,162,7,5,76280,,39449,County Championship Division Two 2026,1,45,Yorkshire Men,48,Surrey Men,8750810,2026-09-03T09:58:08Z,1,399,False,,,,785,Dan Worrall,8,Dom Bess,10953,Kuldeep Yadav,Right,,4,0,4,4,,LengthBall,OutsideOff,,ThickEdge,FrontFoot,Drive,NoMovement,Over,FastSeam,Right,Null,NotReferred,Null,False,False,False,False,False,True,,False,False,False,False,False,False,4,0,0,0,0,True,True,163.0,173.0
1637626,67,2.42,5,0,0,162,7,5,76280,,39449,County Championship Division Two 2026,1,45,Yorkshire Men,48,Surrey Men,8750823,2026-09-03T09:58:49Z,2,400,False,,,,785,Dan Worrall,8,Dom Bess,10953,Kuldeep Yadav,Right,Wicketkeeper,0,0,0,0,,LengthBall,OutsideOff,,None,BackFoot,Cut,NoMovement,Over,FastSeam,Right,Null,NotReferred,Null,False,False,False,False,False,True,,False,False,False,False,False,False,0,0,0,0,0,False,False,,
1637626,67,2.42,5,0,0,162,7,5,76280,,39449,County Championship Division Two 2026,1,45,Yorkshire Men,48,Surrey Men,8750836,2026-09-03T09:59:30Z,3,401,False,,,,785,Dan Worrall,8,Dom Bess,10953,Kuldeep Yadav,Right,Wicketkeeper,0,0,0,0,,LengthBall,OutsideOff,,Left,NoMovement,NoShot,NoMovement,Over,FastSeam,Right,Null,NotReferred,Null,False,False,False,False,False,True,,False,False,False,False,False,False,0,0,0,0,0,False,False,,
1637626,67,2.42,5,0,0,162,7,5,76280,,39449,County Championship Division Two 2026,1,45,Yorkshire Men,48,Surrey Men,8750847,2026-09-03T10:00:08Z,4,402,False,,,,785,Dan Worrall,8,Dom Bess,10953,Kuldeep Yadav,Right,Wicketkeeper,0,0,0,0,,HalfVolley,OutsideOff,,Missed,FrontFoot,ForwardDefensive,NoMovement,Over,FastSeam,Right,Null,NotReferred,Null,False,False,False,False,False,True,,False,False,False,False,False,False,0,0,0,0,0,False,False,,
1637626,67,2.42,5,0,0,162,7,5,76280,,39449,County Championship Division Two 2026,1,45,Yorkshire Men,48,Surrey Men,8750856,2026-09-03T10:00:44Z,5,403,False,,,,785,Dan Worrall,8,Dom Bess,10953,Kuldeep Yadav,Right,Mid Wicket,0,0,0,0,,LengthBall,OffStump,,None,FrontFoot,Drive,NoMovement,Over,FastSeam,Right,Null,NotReferred,Null,False,False,False,False,False,True,,False,False,False,False,False,False,0,0,0,0,0,False,False,320.0,68.0
1637626,67,2.42,5,0,0,162,7,5,76280,,39449,County Championship Division Two 2026,1,45,Yorkshire Men,48,Surrey Men,8750866,2026-09-03T10:01:22Z,6,404,False,,,,785,Dan Worrall,8,Dom Bess,10953,Kuldeep Yadav,Right,Fine Leg,1,0,1,1,,LengthBall,OffStump,,None,BackFoot,Glance,NoMovement,Over,FastSeam,Right,Null,NotReferred,Null,False,False,False,False,False,True,,False,False,False,False,False,False,1,0,0,0,0,False,False,58.0,155.0
1637640,68,2.41,2,0,0,164,7,2,76280,,39449,County Championship Division Two 2026,1,45,Yorkshire Men,48,Surrey Men,8750894,2026-09-03T10:02:33Z,1,405,False,,,,10322,Tom Lawes,8,Dom Bess,10953,Kuldeep Yadav,Right,Square Leg,0,0,0,0,,LengthBall,MiddleStump,,None,BackFoot,Worked,NoMovement,Over,FastSeam,Right,Null,NotReferred,Null,False,False,False,False,False,True,,False,False,False,False,False,False,0,0,0,0,0,False,False,357.0,48.0
1637640,68,2.41,2,0,0,164,7,2,76280,,39449,County Championship Division Two 2026,1,45,Yorkshire Men,48,Surrey Men,8750902,2026-09-03T10:03:04Z,2,406,False,,,,10322,Tom Lawes,8,Dom Bess,10953,Kuldeep Yadav,Right,Square Leg,0,0,0,0,,LengthBall,OutsideOff,,None,BackFoot,Pull,AwaySwinger,Over,FastSeam,Right,Null,NotReferred,Null,False,False,False,False,False,True,,False,False,False,False,False,False,0,0,0,0,0,False,False,350.0,90.0
1637640,68,2.41,2,0,0,164,7,2,76280,,39449,County Championship Division Two 2026,1,45,Yorkshire Men,48,Surrey Men,8750909,2026-09-03T10:03:39Z,3,407,False,,,,10322,Tom Lawes,8,Dom Bess,10953,Kuldeep Yadav,Right,Backward Point,0,0,0,0,,BackOfALength,OffStump,,None,BackFoot,Steer,NoMovement,Over,FastSeam,Right,Null,NotReferred,Null,False,False,False,False,False,True,,False,False,False,False,False,False,0,0,0,0,0,False,False,159.0,51.0
1637640,68,2.41,2,0,0,164,7,2,76280,,39449,County Championship Division Two 2026,1,45,Yorkshire Men,48,Surrey Men,8750917,2026-09-03T10:04:14Z,4,408,False,,,,10322,Tom Lawes,8,Dom Bess,10953,Kuldeep Yadav,Right,Backward Point,1,0,1,1,,LengthBall,OutsideOff,,ThickEdge,FrontFoot,Drive,NoMovement,Over,FastSeam,Right,Null,NotReferred,Null,False,False,False,False,False,True,,False,False,False,False,False,False,1,0,0,0,0,False,False,154.0,82.0
1637640,68,2.41,2,0,0,164,7,2,76280,,39449,County Championship Division Two 2026,1,45,Yorkshire Men,48,Surrey Men,8750937,2026-09-03T10:05:16Z,5,409,False,,,,10322,Tom Lawes,10953,Kuldeep Yadav,8,Dom Bess,Left,Third Man,1,0,1,1,,BackOfALength,OutsideOff,,None,BackFoot,Steer,NoMovement,Round,FastSeam,Right,Null,NotReferred,Null,False,False,False,False,False,True,,False,False,False,False,False,False,1,0,0,0,0,False,False,42.0,112.0
1637640,68,2.41,2,0,0,164,7,2,76280,,39449,County Championship Division Two 2026,1,45,Yorkshire Men,48,Surrey Men,8750947,2026-09-03T10:05:51Z,6,410,False,,,,10322,Tom Lawes,8,Dom Bess,10953,Kuldeep Yadav,Right,Cover,0,0,0,0,,LengthBall,OffStump,,None,BackFoot,BackwardDefensive,AwaySwinger,Over,FastSeam,Right,Null,NotReferred,Null,False,False,False,False,False,True,,False,False,False,False,False,False,0,0,0,0,0,False,False,202.0,55.0
1637651,69,2.38,0,0,0,164,7,0,76280,,39449,County Championship Division Two 2026,1,45,Yorkshire Men,48,Surrey Men,8750961,2026-09-03T10:06:46Z,1,411,False,,,,7215,Auqib Nabi,10953,Kuldeep Yadav,8,Dom Bess,Left,Square Leg,0,0,0,0,,LengthBall,LegStump,,None,BackFoot,BackwardDefensive,NoMovement,Over,Medium,Right,Null,NotReferred,Null,False,False,False,False,False,True,,False,False,False,False,False,False,0,0,0,0,0,False,False,199.0,41.0
1637651,69,2.38,0,0,0,164,7,0,76280,,39449,County Championship Division Two 2026,1,45,Yorkshire Men,48,Surrey Men,8750973,2026-09-03T10:07:25Z,2,412,False,,,,7215,Auqib Nabi,10953,Kuldeep Yadav,8,Dom Bess,Left,Mid Off,0,0,0,0,,LengthBall,OffStump,,MisTimed,FrontFoot,Drive,NoMovement,Over,Medium,Right,Null,NotReferred,Null,False,False,False,False,False,True,,False,False,False,False,False,False,0,0,0,0,0,False,False,286.0,62.0
1637651,69,2.38,0,0,0,164,7,0,76280,,39449,County Championship Division Two 2026,1,45,Yorkshire Men,48,Surrey Men,8750984,2026-09-03T10:08:00Z,3,413,False,,,,7215,Auqib Nabi,10953,Kuldeep Yadav,8,Dom Bess,Left,Wicketkeeper,0,0,0,0,,HalfVolley,OutsideOff,,Missed,FrontFoot,ForwardDefensive,SeamAway,Round,Medium,Right,Null,NotReferred,Null,False,False,False,False,False,True,,False,False,False,False,False,False,0,0,0,0,0,False,False,,
1637651,69,2.38,0,0,0,164,7,0,76280,,39449,County Championship Division Two 2026,1,45,Yorkshire Men,48,Surrey Men,8750997,2026-09-03T10:08:36Z,4,414,False,,,,7215,Auqib Nabi,10953,Kuldeep Yadav,8,Dom Bess,Left,Backward Point,0,0,0,0,,LengthBall,OutsideOff,,None,FrontFoot,ForwardDefensive,NoMovement,Round,Medium,Right,Null,NotReferred,Null,False,False,False,False,False,True,,False,False,False,False,False,False,0,0,0,0,0,False,False,12.0,60.0
1637651,69,2.38,0,0,0,164,7,0,76280,,39449,County Championship Division Two 2026,1,45,Yorkshire Men,48,Surrey Men,8751009,2026-09-03T10:09:11Z,5,415,False,,,,7215,Auqib Nabi,10953,Kuldeep Yadav,8,Dom Bess,Left,Extra Cover,0,0,0,0,,LengthBall,OutsideOff,,None,BackFoot,Pushed,NoMovement,Round,Medium,Right,Null,NotReferred,Null,False,False,False,False,False,True,,False,False,False,False,False,False,0,0,0,0,0,False,False,301.0,48.0
1637651,69,2.38,0,0,0,164,7,0,76280,,39449,County Championship Division Two 2026,1,45,Yorkshire Men,48,Surrey Men,8751016,2026-09-03T10:09:47Z,6,416,False,,,,7215,Auqib Nabi,10953,Kuldeep Yadav,8,Dom Bess,Left,Wicketkeeper,0,0,0,0,,LengthBall,OutsideOff,,Missed,BackFoot,Pushed,SeamAway,Round,Medium,Right,Null,NotReferred,Null,False,False,False,False,False,True,,False,False,False,False,False,False,0,0,0,0,0,False,False,,
1637661,70,2.43,6,0,0,170,7,6,76280,,39449,County Championship Division Two 2026,1,45,Yorkshire Men,48,Surrey Men,8751025,2026-09-03T10:10:33Z,1,417,False,,,,10322,Tom Lawes,8,Dom Bess,10953,Kuldeep Yadav,Right,,0,0,0,0,,BackOfALength,LegStump,,HitPad,BackFoot,Pull,NoMovement,Over,FastSeam,Right,Null,NotReferred,Null,False,False,False,False,False,True,,False,False,False,False,False,False,0,0,0,0,0,False,False,,
1637661,70,2.43,6,0,0,170,7,6,76280,,39449,County Championship Division Two 2026,1,45,Yorkshire Men,48,Surrey Men,8751040,2026-09-03T10:11:06Z,2,418,False,,,,10322,Tom Lawes,8,Dom Bess,10953,Kuldeep Yadav,Right,Deep Backward Square Leg,1,0,1,1,,HalfVolley,OutsideOff,,InsideEdge,FrontFoot,Drive,NoMovement,Over,FastSeam,Right,Null,NotReferred,Null,False,False,False,False,False,True,,False,False,False,False,False,False,1,0,0,0,0,False,False,7.0,123.0
1637661,70,2.43,6,0,0,170,7,6,76280,,39449,County Championship Division Two 2026,1,45,Yorkshire Men,48,Surrey Men,8751058,2026-09-03T10:11:55Z,3,419,False,,,,10322,Tom Lawes,10953,Kuldeep Yadav,8,Dom Bess,Left,Deep Backward Point,1,0,1,1,,LengthBall,OutsideOff,,ThickEdge,FrontFoot,Drive,NoMovement,Over,FastSeam,Right,Null,NotReferred,Null,False,False,False,False,False,True,,False,False,False,False,False,False,1,0,0,0,0,False,False,30.0,153.0
1637661,70,2.43,6,0,0,170,7,6,76280,,39449,County Championship Division Two 2026,1,45,Yorkshire Men,48,Surrey Men,8751068,2026-09-03T10:12:32Z,4,420,False,,,,10322,Tom Lawes,8,Dom Bess,10953,Kuldeep Yadav,Right,Extra Cover,0,0,0,0,,BackOfALength,OffStump,,None,BackFoot,BackwardDefensive,NoMovement,Over,FastSeam,Right,Null,NotReferred,Null,False,False,False,False,False,True,,False,False,False,False,False,False,0,0,0,0,0,False,False,211.0,53.0
1637661,70,2.43,6,0,0,170,7,6,76280,,39449,County Championship Division Two 2026,1,45,Yorkshire Men,48,Surrey Men,8751077,2026-09-03T10:13:08Z,5,421,False,,,,10322,Tom Lawes,8,Dom Bess,10953,Kuldeep Yadav,Right,,4,0,4,4,,LengthBall,OutsideOff,,OutsideEdge,BackFoot,Cut,NoMovement,Over,FastSeam,Right,Null,NotReferred,Null,False,False,False,False,False,True,,False,False,False,False,False,False,4,0,0,0,0,True,True,116.0,161.0
1637661,70,2.43,6,0,0,170,7,6,76280,,39449,County Championship Division Two 2026,1,45,Yorkshire Men,48,Surrey Men,8751096,2026-09-03T10:14:04Z,6,422,False,,,,10322,Tom Lawes,8,Dom Bess,10953,Kuldeep Yadav,Right,Wicketkeeper,0,0,0,0,,HalfVolley,OutsideOff,,Missed,FrontFoot,ForwardDefensive,SeamAway,Over,FastSeam,Right,Null,NotReferred,Null,False,False,False,False,False,True,,False,False,False,False,False,False,0,0,0,0,0,False,False,,
1637676,71,2.44,3,1,0,173,8,3,76280,,39449,County Championship Division Two 2026,1,45,Yorkshire Men,48,Surrey Men,8751118,2026-09-03T10:14:51Z,1,423,True,Caught,10953.0,Kuldeep Yadav,7215,Auqib Nabi,10953,Kuldeep Yadav,8,Dom Bess,Left,Second Slip,0,0,0,0,Caught,LengthBall,OutsideOff,Caught,OutsideEdge,FrontFoot,ForwardDefensive,NoMovement,Round,Medium,Right,Null,NotReferred,Null,False,False,False,False,False,True,1823.0,False,False,False,False,False,False,0,0,0,0,0,False,False,78.0,52.0
1637676,71,2.44,3,1,0,173,8,3,76280,,39449,County Championship Division Two 2026,1,45,Yorkshire Men,48,Surrey Men,8751162,2026-09-03T10:17:11Z,2,424,False,,,,7215,Auqib Nabi,520,Ben Coad,8,Dom Bess,Right,Third Man,1,0,1,1,,LengthBall,OutsideOff,,OutsideEdge,FrontFoot,ForwardDefensive,NoMovement,Over,Medium,Right,Null,NotReferred,Null,False,False,False,False,False,True,,False,False,False,False,False,False,1,0,0,0,0,False,False,119.0,148.0
1637676,71,2.44,3,1,0,173,8,3,76280,,39449,County Championship Division Two 2026,1,45,Yorkshire Men,48,Surrey Men,8751175,2026-09-03T10:17:54Z,3,425,False,,,,7215,Auqib Nabi,8,Dom Bess,520,Ben Coad,Right,Wicketkeeper,0,0,0,0,,LengthBall,OutsideOff,,Missed,BackFoot,BackwardDefensive,AwaySwinger,Over,Medium,Right,Null,NotReferred,Null,False,False,False,False,False,True,,False,False,False,False,False,False,0,0,0,0,0,False,False,,
1637676,71,2.44,3,1,0,173,8,3,76280,,39449,County Championship Division Two 2026,1,45,Yorkshire Men,48,Surrey Men,8751188,2026-09-03T10:18:33Z,4,426,False,,,,7215,Auqib Nabi,8,Dom Bess,520,Ben Coad,Right,Wicketkeeper,0,0,0,0,,LengthBall,OutsideOff,,Missed,BackFoot,Steer,AwaySwinger,Over,Medium,Right,Null,NotReferred,Null,False,False,False,False,False,True,,False,False,False,False,False,False,0,0,0,0,0,False,False,,
1637676,71,2.44,3,1,0,173,8,3,76280,,39449,County Championship Division Two 2026,1,45,Yorkshire Men,48,Surrey Men,8751201,2026-09-03T10:19:06Z,5,427,False,,,,7215,Auqib Nabi,8,Dom Bess,520,Ben Coad,Right,Deep Backward Point,1,0,1,1,,HalfVolley,OutsideOff,,None,FrontFoot,Drive,NoMovement,Over,Medium,Right,Null,NotReferred,Null,False,False,False,False,False,True,,False,False,False,False,False,False,1,0,0,0,0,False,False,168.0,147.0
1637676,71,2.44,3,1,0,173,8,3,76280,,39449,County Championship Division Two 2026,1,45,Yorkshire Men,48,Surrey Men,8751211,2026-09-03T10:19:44Z,6,428,False,,,,7215,Auqib Nabi,520,Ben Coad,8,Dom Bess,Right,Extra Cover,1,0,1,1,,LengthBall,OutsideOff,,None,BackFoot,Pushed,NoMovement,Over,Medium,Right,Null,NotReferred,Null,False,False,False,False,False,True,,False,False,False,False,False,False,1,0,0,0,0,False,False,215.0,71.0
1637695,72,2.42,1,0,0,174,8,1,76280,,39449,County Championship Division Two 2026,1,45,Yorkshire Men,48,Surrey Men,8751232,2026-09-03T10:20:39Z,1,429,False,,,,10322,Tom Lawes,520,Ben Coad,8,Dom Bess,Right,Cover,0,0,0,0,,LengthBall,OutsideOff,,None,BackFoot,Drive,NoMovement,Over,FastSeam,Right,Null,NotReferred,Null,False,False,False,False,False,True,,False,False,False,False,False,False,0,0,0,0,0,False,False,198.0,81.0
1637695,72,2.42,1,0,0,174,8,1,76280,,39449,County Championship Division Two 2026,1,45,Yorkshire Men,48,Surrey Men,8751244,2026-09-03T10:21:16Z,2,430,False,,,,10322,Tom Lawes,520,Ben Coad,8,Dom Bess,Right,Wicketkeeper,0,0,0,0,,LengthBall,OffStump,,Missed,FrontFoot,Drive,AwaySwinger,Over,FastSeam,Right,Null,NotReferred,Null,False,False,False,False,False,True,,False,False,False,False,False,False,0,0,0,0,0,False,False,,
1637695,72,2.42,1,0,0,174,8,1,76280,,39449,County Championship Division Two 2026,1,45,Yorkshire Men,48,Surrey Men,8751255,2026-09-03T10:21:50Z,3,431,False,,,,10322,Tom Lawes,520,Ben Coad,8,Dom Bess,Right,Mid Wicket,0,0,0,0,,LengthBall,OffStump,,None,FrontFoot,Drive,NoMovement,Over,FastSeam,Right,Null,NotReferred,Null,False,False,False,False,False,True,,False,False,False,False,False,False,0,0,0,0,0,False,False,308.0,57.0
1637695,72,2.42,1,0,0,174,8,1,76280,,39449,County Championship Division Two 2026,1,45,Yorkshire Men,48,Surrey Men,8751268,2026-09-03T10:22:18Z,4,432,False,,,,10322,Tom Lawes,520,Ben Coad,8,Dom Bess,Right,Cover,0,0,0,0,,LengthBall,OutsideOff,,None,BackFoot,Drive,NoMovement,Over,FastSeam,Right,Null,NotReferred,Null,False,False,False,False,False,True,,False,False,False,False,False,False,0,0,0,0,0,False,False,201.0,56.0
1637695,72,2.42,1,0,0,174,8,1,76280,,39449,County Championship Division Two 2026,1,45,Yorkshire Men,48,Surrey Men,8751280,2026-09-03T10:22:49Z,5,433,False,,,,10322,Tom Lawes,520,Ben Coad,8,Dom Bess,Right,Wicketkeeper,0,0,0,0,,LengthBall,OutsideOff,,None,FrontFoot,ForwardDefensive,SeamAway,Over,FastSeam,Right,Null,NotReferred,Null,False,False,False,False,False,True,,False,False,False,False,False,False,0,0,0,0,0,False,False,,
1637695,72,2.42,1,0,0,174,8,1,76280,,39449,County Championship Division Two 2026,1,45,Yorkshire Men,48,Surrey Men,8751290,2026-09-03T10:23:24Z,6,434,False,,,,10322,Tom Lawes,520,Ben Coad,8,Dom Bess,Right,Deep Square Leg,1,0,1,1,,LengthBall,MiddleStump,,None,BackFoot,Worked,NoMovement,Over,FastSeam,Right,Null,NotReferred,Null,False,False,False,False,False,True,,False,False,False,False,False,False,1,0,0,0,0,False,False,352.0,120.0
1637707,73,2.44,4,0,0,178,8,4,76280,,39449,County Championship Division Two 2026,1,45,Yorkshire Men,48,Surrey Men,8751305,2026-09-03T10:24:09Z,1,435,False,,,,7215,Auqib Nabi,520,Ben Coad,8,Dom Bess,Right,Bowler,0,0,0,0,,LengthBall,OutsideOff,,None,FrontFoot,Drive,NoMovement,Over,Medium,Right,Null,NotReferred,Null,False,False,False,False,False,True,,False,False,False,False,False,False,0,0,0,0,0,False,False,,
1637707,73,2.44,4,0,0,178,8,4,76280,,39449,County Championship Division Two 2026,1,45,Yorkshire Men,48,Surrey Men,8751316,2026-09-03T10:24:38Z,2,436,False,,,,7215,Auqib Nabi,520,Ben Coad,8,Dom Bess,Right,,4,0,4,4,,LengthBall,OutsideOff,,Middled,FrontFoot,Drive,NoMovement,Over,Medium,Right,Null,NotReferred,Null,False,False,False,False,False,True,,False,False,False,False,False,False,4,0,0,0,0,True,False,197.0,167.0
1637707,73,2.44,4,0,0,178,8,4,76280,,39449,County Championship Division Two 2026,1,45,Yorkshire Men,48,Surrey Men,8751329,2026-09-03T10:25:19Z,3,437,False,,,,7215,Auqib Nabi,520,Ben Coad,8,Dom Bess,Right,Bowler,0,0,0,0,,LengthBall,OffStump,,None,BackFoot,Pushed,NoMovement,Over,Medium,Right,Null,NotReferred,Null,False,False,False,False,False,True,,False,False,False,False,False,False,0,0,0,0,0,False,False,,
1637707,73,2.44,4,0,0,178,8,4,76280,,39449,County Championship Division Two 2026,1,45,Yorkshire Men,48,Surrey Men,8751347,2026-09-03T10:25:52Z,4,438,False,,,,7215,Auqib Nabi,520,Ben Coad,8,Dom Bess,Right,Backward Point,0,0,0,0,,LengthBall,OffStump,,None,FrontFoot,ForwardDefensive,NoMovement,Over,Medium,Right,Null,NotReferred,Null,False,False,False,False,False,True,,False,False,False,False,False,False,0,0,0,0,0,False,False,174.0,91.0
1637707,73,2.44,4,0,0,178,8,4,76280,,39449,County Championship Division Two 2026,1,45,Yorkshire Men,48,Surrey Men,8751356,2026-09-03T10:26:28Z,5,439,False,,,,7215,Auqib Nabi,520,Ben Coad,8,Dom Bess,Right,Wicketkeeper,0,0,0,0,,LengthBall,OutsideOff,,Missed,FrontFoot,Flick,SeamAway,Over,Medium,Right,Null,NotReferred,Null,False,False,False,False,False,True,,False,False,False,False,False,False,0,0,0,0,0,False,False,,
1637707,73,2.44,4,0,0,178,8,4,76280,,39449,County Championship Division Two 2026,1,45,Yorkshire Men,48,Surrey Men,8751368,2026-09-03T10:27:06Z,6,440,False,,,,7215,Auqib Nabi,520,Ben Coad,8,Dom Bess,Right,Mid Off,0,0,0,0,,LengthBall,OffStump,,None,FrontFoot,Drive,NoMovement,Over,Medium,Right,Null,NotReferred,Null,False,False,False,False,False,True,,False,False,False,False,False,False,0,0,0,0,0,False,False,251.0,69.0
1637720,74,2.47,5,0,0,183,8,5,76280,,39449,County Championship Division Two 2026,1,45,Yorkshire Men,48,Surrey Men,8751385,2026-09-03T10:27:50Z,1,441,False,,,,10322,Tom Lawes,8,Dom Bess,520,Ben Coad,Right,Wicketkeeper,0,0,0,0,,LengthBall,OutsideOff,,Missed,FrontFoot,Drive,AwaySwinger,Over,FastSeam,Right,Null,NotReferred,Null,False,False,False,False,False,True,,False,False,False,False,False,False,0,0,0,0,0,False,False,,
1637720,74,2.47,5,0,0,183,8,5,76280,,39449,County Championship Division Two 2026,1,45,Yorkshire Men,48,Surrey Men,8751396,2026-09-03T10:28:23Z,2,442,False,,,,10322,Tom Lawes,8,Dom Bess,520,Ben Coad,Right,Fine Leg,1,0,1,1,,BackOfALength,MiddleStump,,None,BackFoot,Pull,NoMovement,Over,FastSeam,Right,Null,NotReferred,Null,False,False,False,False,False,True,,False,False,False,False,False,False,1,0,0,0,0,False,False,34.0,151.0
1637720,74,2.47,5,0,0,183,8,5,76280,,39449,County Championship Division Two 2026,1,45,Yorkshire Men,48,Surrey Men,8751408,2026-09-03T10:29:01Z,3,443,False,,,,10322,Tom Lawes,520,Ben Coad,8,Dom Bess,Right,Gully,0,0,0,0,,LengthBall,OffStump,,None,BackFoot,Steer,NoMovement,Over,FastSeam,Right,Null,NotReferred,Null,False,False,False,False,False,True,,False,False,False,False,False,False,0,0,0,0,0,False,False,142.0,79.0
1637720,74,2.47,5,0,0,183,8,5,76280,,39449,County Championship Division Two 2026,1,45,Yorkshire Men,48,Surrey Men,8751418,2026-09-03T10:29:35Z,4,444,False,,,,10322,Tom Lawes,520,Ben Coad,8,Dom Bess,Right,Wicketkeeper,0,0,0,0,,LengthBall,OutsideOff,,Missed,FrontFoot,Slog,NoMovement,Over,FastSeam,Right,Null,NotReferred,Null,False,False,False,False,False,True,,False,False,False,False,False,False,0,0,0,0,0,False,False,,
1637720,74,2.47,5,0,0,183,8,5,76280,,39449,County Championship Division Two 2026,1,45,Yorkshire Men,48,Surrey Men,8751434,2026-09-03T10:30:09Z,5,445,False,,,,10322,Tom Lawes,520,Ben Coad,8,Dom Bess,Right,,4,0,4,4,,HalfTracker,OutsideOff,,WellTimed,BackFoot,Hook,NoMovement,Over,FastSeam,Right,Null,NotReferred,Null,False,False,False,False,False,True,,False,False,False,False,False,False,4,0,0,0,0,True,False,12.0,168.0
1637720,74,2.47,5,0,0,183,8,5,76280,,39449,County Championship Division Two 2026,1,45,Yorkshire Men,48,Surrey Men,8751443,2026-09-03T10:30:58Z,6,446,False,,,,10322,Tom Lawes,520,Ben Coad,8,Dom Bess,Right,Backward Point,0,0,0,0,,LengthBall,OffStump,,None,BackFoot,Steer,NoMovement,Over,FastSeam,Right,Null,NotReferred,Null,False,False,False,False,False,True,,False,False,False,False,False,False,0,0,0,0,0,False,False,155.0,77.0
1637732,75,2.47,2,0,0,185,8,2,76280,,39449,County Championship Division Two 2026,1,45,Yorkshire Men,48,Surrey Men,8751460,2026-09-03T10:31:44Z,1,447,False,,,,7215,Auqib Nabi,8,Dom Bess,520,Ben Coad,Right,,0,1,1,0,,LengthBall,MiddleStump,Lbw,HitPad,FrontFoot,Flick,NoMovement,Over,Medium,Right,Null,NotReferred,Null,False,False,False,True,False,True,1823.0,False,False,False,False,False,False,1,0,0,1,0,False,False,,
1637732,75,2.47,2,0,0,185,8,2,76280,,39449,County Championship Division Two 2026,1,45,Yorkshire Men,48,Surrey Men,8751472,2026-09-03T10:32:19Z,2,448,False,,,,7215,Auqib Nabi,520,Ben Coad,8,Dom Bess,Right,Mid Wicket,0,0,0,0,,LengthBall,OutsideOff,,None,FrontFoot,Pushed,NoMovement,Over,Medium,Right,Null,NotReferred,Null,False,False,False,False,False,True,,False,False,False,False,False,False,0,0,0,0,0,False,False,326.0,39.0
1637732,75,2.47,2,0,0,185,8,2,76280,,39449,County Championship Division Two 2026,1,45,Yorkshire Men,48,Surrey Men,8751484,2026-09-03T10:32:53Z,3,449,False,,,,7215,Auqib Nabi,520,Ben Coad,8,Dom Bess,Right,Wicketkeeper,0,0,0,0,,LengthBall,DownLeg,,PlayAndMissLegSide,BackFoot,Glance,NoMovement,Over,Medium,Right,Null,NotReferred,Null,False,False,False,False,False,True,,False,False,False,False,False,False,0,0,0,0,0,False,False,,
1637732,75,2.47,2,0,0,185,8,2,76280,,39449,County Championship Division Two 2026,1,45,Yorkshire Men,48,Surrey Men,8751498,2026-09-03T10:33:32Z,4,450,False,,,,7215,Auqib Nabi,520,Ben Coad,8,Dom Bess,Right,Backward Square Leg,1,0,1,1,,LengthBall,OutsideOff,,None,BackFoot,Pushed,NoMovement,Over,Medium,Right,Null,NotReferred,Null,False,False,False,False,False,True,,False,False,False,False,False,False,1,0,0,0,0,False,False,11.0,95.0
1637732,75,2.47,2,0,0,185,8,2,76280,,39449,County Championship Division Two 2026,1,45,Yorkshire Men,48,Surrey Men,8751515,2026-09-03T10:34:16Z,5,451,False,,,,7215,Auqib Nabi,8,Dom Bess,520,Ben Coad,Right,,0,0,0,0,,LengthBall,OutsideOff,Lbw,HitPad,BackFoot,BackwardDefensive,NoMovement,Over,Medium,Right,Null,NotReferred,Null,False,False,False,False,False,True,1823.0,False,False,False,False,False,False,0,0,0,0,0,False,False,,
1637732,75,2.47,2,0,0,185,8,2,76280,,39449,County Championship Division Two 2026,1,45,Yorkshire Men,48,Surrey Men,8751524,2026-09-03T10:34:51Z,6,452,False,,,,7215,Auqib Nabi,8,Dom Bess,520,Ben Coad,Right,Mid Off,0,0,0,0,,LengthBall,OutsideOff,,None,FrontFoot,ForwardDefensive,NoMovement,Over,Medium,Right,Null,NotReferred,Null,False,False,False,False,False,True,,False,False,False,False,False,False,0,0,0,0,0,False,False,253.0,69.0
1637747,76,2.43,0,2,0,185,10,0,76280,,39449,County Championship Division Two 2026,1,45,Yorkshire Men,48,Surrey Men,8751555,2026-09-03T10:35:45Z,1,453,True,Caught,520.0,Ben Coad,10322,Tom Lawes,520,Ben Coad,8,Dom Bess,Right,Wicketkeeper,0,0,0,0,Caught,HalfVolley,OutsideOff,Caught,OutsideEdge,FrontFoot,Drive,AwaySwinger,Over,FastSeam,Right,Null,NotReferred,Null,False,False,False,False,False,True,1906.0,False,False,False,False,False,False,0,0,0,0,0,False,False,,
1637747,76,2.43,0,2,0,185,10,0,76280,,39449,County Championship Division Two 2026,1,45,Yorkshire Men,48,Surrey Men,8751582,2026-09-03T10:38:01Z,2,454,False,,,,10322,Tom Lawes,7012,Jack White,8,Dom Bess,Left,Square Leg,0,0,0,0,,Yorker,MiddleStump,,None,FrontFoot,Flick,InSwinger,Over,FastSeam,Right,Null,NotReferred,Null,False,False,False,False,False,True,,False,False,False,False,False,False,0,0,0,0,0,False,False,191.0,63.0
1637747,76,2.43,0,2,0,185,10,0,76280,,39449,County Championship Division Two 2026,1,45,Yorkshire Men,48,Surrey Men,8751588,2026-09-03T10:38:31Z,3,455,False,,,,10322,Tom Lawes,7012,Jack White,8,Dom Bess,Left,Mid Off,0,0,0,0,,Yorker,OffStump,,MisTimed,FrontFoot,Drive,NoMovement,Over,FastSeam,Right,Null,NotReferred,Null,False,False,False,False,False,True,,False,False,False,False,False,False,0,0,0,0,0,False,False,298.0,73.0
1637747,76,2.43,0,2,0,185,10,0,76280,,39449,County Championship Division Two 2026,1,45,Yorkshire Men,48,Surrey Men,8751607,2026-09-03T10:39:09Z,4,456,True,Caught,7012.0,Jack White,10322,Tom Lawes,7012,Jack White,8,Dom Bess,Left,Bowler,0,0,0,0,Caught,LengthBall,OutsideOff,Caught,MisTimed,BackFoot,Drive,InSwinger,Over,FastSeam,Right,Null,NotReferred,Null,False,False,False,False,False,True,1906.0,False,False,False,False,False,False,0,0,0,0,0,False,True,,
1637806,2,2.5,1,0,0,5,0,1,76295,,39449,County Championship Division Two 2026,2,48,Surrey Men,45,Yorkshire Men,8751913,2026-09-03T10:54:22Z,1,7,False,,,,7012,Jack White,24,Dom Sibley,215,Rory Burns,Right,Bowler,0,0,0,0,,BackOfALength,OutsideOff,,None,BackFoot,BackwardDefensive,NoMovement,Over,Medium,Right,Null,NotReferred,Null,False,False,False,False,False,True,,False,False,False,False,False,False,0,0,0,0,0,False,False,,
1637806,2,2.5,1,0,0,5,0,1,76295,,39449,County Championship Division Two 2026,2,48,Surrey Men,45,Yorkshire Men,8751926,2026-09-03T10:54:59Z,2,8,False,,,,7012,Jack White,24,Dom Sibley,215,Rory Burns,Right,,0,0,0,0,,BackOfALength,MiddleStump,,HitPad,FrontFoot,Flick,NoMovement,Over,Medium,Right,Null,NotReferred,Null,False,False,False,False,False,True,,False,False,False,False,False,False,0,0,0,0,0,False,False,,
1637806,2,2.5,1,0,0,5,0,1,76295,,39449,County Championship Division Two 2026,2,48,Surrey Men,45,Yorkshire Men,8751944,2026-09-03T10:55:36Z,3,9,False,,,,7012,Jack White,24,Dom Sibley,215,Rory Burns,Right,Wicketkeeper,0,0,0,0,,LengthBall,OutsideOff,,Missed,FrontFoot,ForwardDefensive,SeamAway,Over,Medium,Right,Null,NotReferred,Null,False,False,False,False,False,True,,False,False,False,False,False,False,0,0,0,0,0,False,False,,
1637806,2,2.5,1,0,0,5,0,1,76295,,39449,County Championship Division Two 2026,2,48,Surrey Men,45,Yorkshire Men,8751955,2026-09-03T10:56:16Z,4,10,False,,,,7012,Jack White,24,Dom Sibley,215,Rory Burns,Right,Wicketkeeper,0,0,0,0,,BackOfALength,OutsideOff,,ShouldersArms,NoMovement,ShouldersArms,AwaySwinger,Over,Medium,Right,Null,NotReferred,Null,False,False,False,False,False,True,,False,False,False,False,False,False,0,0,0,0,0,False,False,,
1637806,2,2.5,1,0,0,5,0,1,76295,,39449,County Championship Division Two 2026,2,48,Surrey Men,45,Yorkshire Men,8751973,2026-09-03T10:56:53Z,5,11,False,,,,7012,Jack White,24,Dom Sibley,215,Rory Burns,Right,Third Man,1,0,1,1,,BackOfALength,OutsideOff,,None,BackFoot,BackwardDefensive,NoMovement,Over,Medium,Right,Null,NotReferred,Null,False,False,False,False,False,True,,False,False,False,False,False,False,1,0,0,0,0,False,False,139.0,136.0
1637806,2,2.5,1,0,0,5,0,1,76295,,39449,County Championship Division Two 2026,2,48,Surrey Men,45,Yorkshire Men,8751987,2026-09-03T10:57:38Z,6,12,False,,,,7012,Jack White,215,Rory Burns,24,Dom Sibley,Left,Wicketkeeper,0,0,0,0,,LengthBall,OutsideOff,,ShouldersArms,NoMovement,ShouldersArms,NoMovement,Round,Medium,Right,Null,NotReferred,Null,False,False,False,False,False,True,,False,False,False,False,False,False,0,0,0,0,0,False,False,,
1637820,3,2.0,1,0,0,6,0,1,76295,,39449,County Championship Division Two 2026,2,48,Surrey Men,45,Yorkshire Men,8752008,2026-09-03T10:58:45Z,1,13,False,,,,520,Ben Coad,24,Dom Sibley,215,Rory Burns,Right,Mid Wicket,0,0,0,0,,LengthBall,MiddleStump,,None,BackFoot,Pushed,NoMovement,Over,Medium,Right,Null,NotReferred,Null,False,False,False,False,False,True,,False,False,False,False,False,False,0,0,0,0,0,False,False,307.0,74.0
1637820,3,2.0,1,0,0,6,0,1,76295,,39449,County Championship Division Two 2026,2,48,Surrey Men,45,Yorkshire Men,8752019,2026-09-03T10:59:18Z,2,14,False,,,,520,Ben Coad,24,Dom Sibley,215,Rory Burns,Right,Square Leg,0,0,0,0,,HalfVolley,LegStump,,None,FrontFoot,Flick,NoMovement,Over,Medium,Right,Null,NotReferred,Null,False,False,False,False,False,True,,False,False,False,False,False,False,0,0,0,0,0,False,False,339.0,70.0
1637820,3,2.0,1,0,0,6,0,1,76295,,39449,County Championship Division Two 2026,2,48,Surrey Men,45,Yorkshire Men,8752031,2026-09-03T10:59:51Z,3,15,False,,,,520,Ben Coad,24,Dom Sibley,215,Rory Burns,Right,Mid On,0,0,0,0,,LengthBall,OffStump,,None,BackFoot,BackwardDefensive,NoMovement,Over,Medium,Right,Null,NotReferred,Null,False,False,False,False,False,True,,False,False,False,False,False,False,0,0,0,0,0,False,False,290.0,77.0
1637820,3,2.0,1,0,0,6,0,1,76295,,39449,County Championship Division Two 2026,2,48,Surrey Men,45,Yorkshire Men,8752045,2026-09-03T11:00:23Z,4,16,False,,,,520,Ben Coad,24,Dom Sibley,215,Rory Burns,Right,Fine Leg,1,0,1,1,,LengthBall,OffStump,,InsideEdge,FrontFoot,ForwardDefensive,NoMovement,Over,Medium,Right,Null,NotReferred,Null,False,False,False,False,False,True,,False,False,False,False,False,False,1,0,0,0,0,False,False,47.0,117.0
1637820,3,2.0,1,0,0,6,0,1,76295,,39449,County Championship Division Two 2026,2,48,Surrey Men,45,Yorkshire Men,8752052,2026-09-03T11:01:01Z,5,17,False,,,,520,Ben Coad,215,Rory Burns,24,Dom Sibley,Left,Wicketkeeper,0,0,0,0,,LengthBall,OutsideOff,,Missed,FrontFoot,ForwardDefensive,NoMovement,Round,Medium,Right,Null,NotReferred,Null,False,False,False,False,False,True,,False,False,False,False,False,False,0,0,0,0,0,False,False,,
1637820,3,2.0,1,0,0,6,0,1,76295,,39449,County Championship Division Two 2026,2,48,Surrey Men,45,Yorkshire Men,8752070,2026-09-03T11:01:36Z,6,18,False,,,,520,Ben Coad,215,Rory Burns,24,Dom Sibley,Left,,0,0,0,0,,LengthBall,OutsideOff,Lbw,HitPad,BackFoot,BackwardDefensive,NoMovement,Round,Medium,Right,Null,NotReferred,Null,False,False,False,False,False,True,1906.0,False,False,False,False,False,False,0,0,0,0,0,False,False,,
1637834,4,2.5,4,0,0,10,0,4,76295,,39449,County Championship Division Two 2026,2,48,Surrey Men,45,Yorkshire Men,8752088,2026-09-03T11:02:29Z,1,19,False,,,,7012,Jack White,24,Dom Sibley,215,Rory Burns,Right,,4,0,4,4,,LengthBall,OffStump,,WellTimed,FrontFoot,Flick,NoMovement,Over,Medium,Right,Null,NotReferred,Null,False,False,False,False,False,True,,False,False,False,False,False,False,4,0,0,0,0,True,False,8.0,171.0
1637834,4,2.5,4,0,0,10,0,4,76295,,39449,County Championship Division Two 2026,2,48,Surrey Men,45,Yorkshire Men,8752108,2026-09-03T11:03:21Z,2,20,False,,,,7012,Jack White,24,Dom Sibley,215,Rory Burns,Right,Mid On,0,0,0,0,,LengthBall,OutsideOff,,None,BackFoot,BackwardDefensive,NoMovement,Over,Medium,Right,Null,NotReferred,Null,False,False,False,False,False,True,,False,False,False,False,False,False,0,0,0,0,0,False,False,287.0,53.0
1637834,4,2.5,4,0,0,10,0,4,76295,,39449,County Championship Division Two 2026,2,48,Surrey Men,45,Yorkshire Men,8752120,2026-09-03T11:03:56Z,3,21,False,,,,7012,Jack White,24,Dom Sibley,215,Rory Burns,Right,Wicketkeeper,0,0,0,0,,LengthBall,OutsideOff,,Missed,FrontFoot,ForwardDefensive,NoMovement,Over,Medium,Right,Null,NotReferred,Null,False,False,False,False,False,True,,False,False,False,False,False,False,0,0,0,0,0,False,False,,
1637834,4,2.5,4,0,0,10,0,4,76295,,39449,County Championship Division Two 2026,2,48,Surrey Men,45,Yorkshire Men,8752147,2026-09-03T11:05:20Z,4,22,False,,,,7012,Jack White,24,Dom Sibley,215,Rory Burns,Right,Wicketkeeper,0,0,0,0,,LengthBall,OutsideOff,,ShouldersArms,NoMovement,ShouldersArms,NoMovement,Over,Medium,Right,Null,NotReferred,Null,False,False,False,False,False,True,,False,False,False,False,False,False,0,0,0,0,0,False,False,,
1637834,4,2.5,4,0,0,10,0,4,76295,,39449,County Championship Division Two 2026,2,48,Surrey Men,45,Yorkshire Men,8752157,2026-09-03T11:06:01Z,5,23,False,,,,7012,Jack White,24,Dom Sibley,215,Rory Burns,Right,Wicketkeeper,0,0,0,0,,LengthBall,LegStump,,Left,NoMovement,NoShot,NoMovement,Over,Medium,Right,Null,NotReferred,Null,False,False,False,False,False,True,,False,False,False,False,False,False,0,0,0,0,0,False,False,,
1637834,4,2.5,4,0,0,10,0,4,76295,,39449,County Championship Division Two 2026,2,48,Surrey Men,45,Yorkshire Men,8752170,2026-09-03T11:06:42Z,6,24,False,,,,7012,Jack White,24,Dom Sibley,215,Rory Burns,Right,Wicketkeeper,0,0,0,0,,LengthBall,OutsideOff,,ShouldersArms,NoMovement,ShouldersArms,NoMovement,Over,Medium,Right,Null,NotReferred,Null,False,False,False,False,False,True,,False,False,False,False,False,False,0,0,0,0,0,False,False,,
1637848,5,3.0,5,0,0,15,0,5,76295,,39449,County Championship Division Two 2026,2,48,Surrey Men,45,Yorkshire Men,8752186,2026-09-03T11:07:30Z,1,25,False,,,,520,Ben Coad,215,Rory Burns,24,Dom Sibley,Left,Backward Point,0,0,0,0,,LengthBall,OutsideOff,,None,BackFoot,Pushed,NoMovement,Round,Medium,Right,Null,NotReferred,Null,False,False,False,False,False,True,,False,False,False,False,False,False,0,0,0,0,0,False,False,12.0,66.0
1637848,5,3.0,5,0,0,15,0,5,76295,,39449,County Championship Division Two 2026,2,48,Surrey Men,45,Yorkshire Men,8752194,2026-09-03T11:08:01Z,2,26,False,,,,520,Ben Coad,215,Rory Burns,24,Dom Sibley,Left,,4,0,4,4,,LengthBall,OutsideOff,,WellTimed,BackFoot,LateCut,NoMovement,Round,Medium,Right,Null,NotReferred,Null,False,False,False,False,False,True,,False,False,False,False,False,False,4,0,0,0,0,True,False,20.0,167.0
1637848,5,3.0,5,0,0,15,0,5,76295,,39449,County Championship Division Two 2026,2,48,Surrey Men,45,Yorkshire Men,8752208,2026-09-03T11:08:49Z,3,27,False,,,,520,Ben Coad,215,Rory Burns,24,Dom Sibley,Left,Wicketkeeper,0,0,0,0,,LengthBall,OutsideOff,,ShouldersArms,NoMovement,ShouldersArms,InSwinger,Round,Medium,Right,Null,NotReferred,Null,False,False,False,False,False,True,,False,False,False,False,False,False,0,0,0,0,0,False,False,,
1637848,5,3.0,5,0,0,15,0,5,76295,,39449,County Championship Division Two 2026,2,48,Surrey Men,45,Yorkshire Men,8752215,2026-09-03T11:09:20Z,4,28,False,,,,520,Ben Coad,215,Rory Burns,24,Dom Sibley,Left,Wicketkeeper,0,0,0,0,,LengthBall,OutsideOff,,Missed,FrontFoot,ForwardDefensive,SeamAway,Round,Medium,Right,Null,NotReferred,Null,False,False,False,False,False,True,,False,False,False,False,False,False,0,0,0,0,0,False,False,,
1637848,5,3.0,5,0,0,15,0,5,76295,,39449,County Championship Division Two 2026,2,48,Surrey Men,45,Yorkshire Men,8752225,2026-09-03T11:09:56Z,5,29,False,,,,520,Ben Coad,215,Rory Burns,24,Dom Sibley,Left,Wicketkeeper,0,0,0,0,,LengthBall,OutsideOff,,Missed,FrontFoot,ForwardDefensive,SeamAway,Round,Medium,Right,Null,NotReferred,Null,False,False,False,False,False,True,,False,False,False,False,False,False,0,0,0,0,0,False,False,,
1637848,5,3.0,5,0,0,15,0,5,76295,,39449,County Championship Division Two 2026,2,48,Surrey Men,45,Yorkshire Men,8752248,2026-09-03T11:10:34Z,6,30,False,,,,520,Ben Coad,215,Rory Burns,24,Dom Sibley,Left,Cover,1,0,1,1,,LengthBall,OutsideOff,,None,FrontFoot,Drive,NoMovement,Round,Medium,Right,Null,NotReferred,Null,False,False,False,False,False,True,,False,False,False,False,False,False,1,0,0,0,0,False,False,352.0,85.0
1637861,6,2.5,0,1,0,15,1,0,76295,,39449,County Championship Division Two 2026,2,48,Surrey Men,45,Yorkshire Men,8752259,2026-09-03T11:11:33Z,1,31,False,,,,7012,Jack White,215,Rory Burns,24,Dom Sibley,Left,Wicketkeeper,0,0,0,0,,LengthBall,OutsideOff,,ShouldersArms,NoMovement,ShouldersArms,NoMovement,Round,Medium,Right,Null,NotReferred,Null,False,False,False,False,False,True,,False,False,False,False,False,False,0,0,0,0,0,False,False,,
1637861,6,2.5,0,1,0,15,1,0,76295,,39449,County Championship Division Two 2026,2,48,Surrey Men,45,Yorkshire Men,8752272,2026-09-03T11:12:10Z,2,32,False,,,,7012,Jack White,215,Rory Burns,24,Dom Sibley,Left,Cover,0,0,0,0,,LengthBall,OffStump,,None,BackFoot,BackwardDefensive,NoMovement,Round,Medium,Right,Null,NotReferred,Null,False,False,False,False,False,True,,False,False,False,False,False,False,0,0,0,0,0,False,False,339.0,58.0
1637861,6,2.5,0,1,0,15,1,0,76295,,39449,County Championship Division Two 2026,2,48,Surrey Men,45,Yorkshire Men,8752287,2026-09-03T11:12:51Z,3,33,False,,,,7012,Jack White,215,Rory Burns,24,Dom Sibley,Left,Cover,0,0,0,0,,LengthBall,OutsideOff,,HitBody,BackFoot,BackwardDefensive,NoMovement,Round,Medium,Right,Null,NotReferred,Null,False,False,False,False,False,True,,False,False,False,False,False,False,0,0,0,0,0,False,False,349.0,47.0
1637861,6,2.5,0,1,0,15,1,0,76295,,39449,County Championship Division Two 2026,2,48,Surrey Men,45,Yorkshire Men,8752300,2026-09-03T11:13:37Z,4,34,False,,,,7012,Jack White,215,Rory Burns,24,Dom Sibley,Left,Backward Point,0,0,0,0,,LengthBall,OutsideOff,,None,BackFoot,Pushed,NoMovement,Round,Medium,Right,Null,NotReferred,Null,False,False,False,False,False,True,,False,False,False,False,False,False,0,0,0,0,0,False,False,14.0,70.0
1637861,6,2.5,0,1,0,15,1,0,76295,,39449,County Championship Division Two 2026,2,48,Surrey Men,45,Yorkshire Men,8752314,2026-09-03T11:14:22Z,5,35,False,,,,7012,Jack White,215,Rory Burns,24,Dom Sibley,Left,Cover,0,0,0,0,,LengthBall,OutsideOff,,None,FrontFoot,ForwardDefensive,NoMovement,Round,Medium,Right,Null,NotReferred,Null,False,False,False,False,False,True,,False,False,False,False,False,False,0,0,0,0,0,False,False,341.0,44.0
1637861,6,2.5,0,1,0,15,1,0,76295,,39449,County Championship Division Two 2026,2,48,Surrey Men,45,Yorkshire Men,8752345,2026-09-03T11:14:58Z,6,36,True,Caught,215.0,Rory Burns,7012,Jack White,215,Rory Burns,24,Dom Sibley,Left,Wicketkeeper,0,0,0,0,Caught,LengthBall,OutsideOff,Caught,OutsideEdge,BackFoot,Cut,NoMovement,Round,Medium,Right,Null,NotReferred,Null,False,False,False,False,False,True,1823.0,False,False,False,False,False,False,0,0,0,0,0,False,False,,
1637882,7,2.29,1,0,0,16,1,1,76295,,39449,County Championship Division Two 2026,2,48,Surrey Men,45,Yorkshire Men,8752376,2026-09-03T11:17:28Z,1,37,False,,,,520,Ben Coad,24,Dom Sibley,10486,Josh Blake,Right,Mid On,0,0,0,0,,LengthBall,OffStump,,None,FrontFoot,Drive,NoMovement,Over,Medium,Right,Null,NotReferred,Null,False,False,False,False,False,True,,False,False,False,False,False,False,0,0,0,0,0,False,False,294.0,67.0
1637882,7,2.29,1,0,0,16,1,1,76295,,39449,County Championship Division Two 2026,2,48,Surrey Men,45,Yorkshire Men,8752384,2026-09-03T11:17:57Z,2,38,False,,,,520,Ben Coad,24,Dom Sibley,10486,Josh Blake,Right,Deep Backward Square Leg,1,0,1,1,,HalfVolley,LegStump,,None,FrontFoot,Flick,NoMovement,Over,Medium,Right,Null,NotReferred,Null,False,False,False,False,False,True,,False,False,False,False,False,False,1,0,0,0,0,False,False,3.0,135.0
1637882,7,2.29,1,0,0,16,1,1,76295,,39449,County Championship Division Two 2026,2,48,Surrey Men,45,Yorkshire Men,8752402,2026-09-03T11:18:56Z,3,39,False,,,,520,Ben Coad,10486,Josh Blake,24,Dom Sibley,Left,Wicketkeeper,0,0,0,0,,LengthBall,OutsideOff,,Missed,FrontFoot,ForwardDefensive,NoMovement,Round,Medium,Right,Null,NotReferred,Null,False,False,False,False,False,True,,False,False,False,False,False,False,0,0,0,0,0,False,False,,
1637882,7,2.29,1,0,0,16,1,1,76295,,39449,County Championship Division Two 2026,2,48,Surrey Men,45,Yorkshire Men,8752412,2026-09-03T11:19:29Z,4,40,False,,,,520,Ben Coad,10486,Josh Blake,24,Dom Sibley,Left,Square Leg,0,0,0,0,,HalfVolley,OutsideOff,,None,FrontFoot,ForwardDefensive,NoMovement,Round,Medium,Right,Null,NotReferred,Null,False,False,False,False,False,True,,False,False,False,False,False,False,0,0,0,0,0,False,False,195.0,54.0
1637882,7,2.29,1,0,0,16,1,1,76295,,39449,County Championship Division Two 2026,2,48,Surrey Men,45,Yorkshire Men,8752420,2026-09-03T11:20:05Z,5,41,False,,,,520,Ben Coad,10486,Josh Blake,24,Dom Sibley,Left,Wicketkeeper,0,0,0,0,,LengthBall,OutsideOff,,Missed,BackFoot,Pushed,SeamAway,Round,Medium,Right,Null,NotReferred,Null,False,False,False,False,False,True,,False,False,False,False,False,False,0,0,0,0,0,False,False,,
1637882,7,2.29,1,0,0,16,1,1,76295,,39449,County Championship Division Two 2026,2,48,Surrey Men,45,Yorkshire Men,8752436,2026-09-03T11:20:40Z,6,42,False,,,,520,Ben Coad,10486,Josh Blake,24,Dom Sibley,Left,,0,0,0,0,,LengthBall,OutsideOff,Lbw,HitPad,BackFoot,BackwardDefensive,SeamIn,Round,Medium,Right,Null,NotReferred,Null,False,False,False,False,False,True,1906.0,False,False,False,False,False,False,0,0,0,0,0,False,False,,
1637894,8,2.5,4,1,0,20,2,4,76295,,39449,County Championship Division Two 2026,2,48,Surrey Men,45,Yorkshire Men,8752448,2026-09-03T11:21:50Z,1,43,False,,,,7012,Jack White,24,Dom Sibley,10486,Josh Blake,Right,Bowler,0,0,0,0,,LengthBall,OutsideOff,,None,FrontFoot,ForwardDefensive,NoMovement,Over,Medium,Right,Null,NotReferred,Null,False,False,False,False,False,True,,False,False,False,False,False,False,0,0,0,0,0,False,False,,
1637894,8,2.5,4,1,0,20,2,4,76295,,39449,County Championship Division Two 2026,2,48,Surrey Men,45,Yorkshire Men,8752462,2026-09-03T11:22:31Z,2,44,False,,,,7012,Jack White,24,Dom Sibley,10486,Josh Blake,Right,Bowler,0,0,0,0,,LengthBall,OutsideOff,,None,FrontFoot,ForwardDefensive,NoMovement,Over,Medium,Right,Null,NotReferred,Null,False,False,False,False,False,True,,False,False,False,False,False,False,0,0,0,0,0,False,False,,
1637894,8,2.5,4,1,0,20,2,4,76295,,39449,County Championship Division Two 2026,2,48,Surrey Men,45,Yorkshire Men,8752480,2026-09-03T11:23:10Z,3,45,False,,,,7012,Jack White,24,Dom Sibley,10486,Josh Blake,Right,,0,0,0,0,,LengthBall,OutsideOff,,HitPad,BackFoot,BackwardDefensive,SeamIn,Over,Medium,Right,Null,NotReferred,Null,False,False,False,False,False,True,,False,False,False,False,False,False,0,0,0,0,0,False,False,,
1637894,8,2.5,4,1,0,20,2,4,76295,,39449,County Championship Division Two 2026,2,48,Surrey Men,45,Yorkshire Men,8752512,2026-09-03T11:23:50Z,4,46,True,Caught,24.0,Dom Sibley,7012,Jack White,24,Dom Sibley,10486,Josh Blake,Right,Third Slip,0,0,0,0,Caught,LengthBall,OutsideOff,Caught,OutsideEdge,FrontFoot,ForwardDefensive,SeamAway,Over,Medium,Right,Null,NotReferred,Null,False,False,False,False,False,True,1823.0,False,False,False,False,False,False,0,0,0,0,0,False,False,123.0,83.0
1637894,8,2.5,4,1,0,20,2,4,76295,,39449,County Championship Division Two 2026,2,48,Surrey Men,45,Yorkshire Men,8752542,2026-09-03T11:25:56Z,5,47,False,,,,7012,Jack White,194,Ollie Pope,10486,Josh Blake,Right,,4,0,4,4,,LengthBall,OffStump,,WellTimed,FrontFoot,Flick,NoMovement,Over,Medium,Right,Null,NotReferred,Null,False,False,False,False,False,True,,False,False,False,False,False,False,4,0,0,0,0,True,False,355.0,169.0
1637894,8,2.5,4,1,0,20,2,4,76295,,39449,County Championship Division Two 2026,2,48,Surrey Men,45,Yorkshire Men,8752561,2026-09-03T11:26:57Z,6,48,False,,,,7012,Jack White,194,Ollie Pope,10486,Josh Blake,Right,Mid On,0,0,0,0,,LengthBall,OutsideOff,,Middled,BackFoot,Pushed,NoMovement,Over,Medium,Right,Null,NotReferred,Null,False,False,False,False,False,True,,False,False,False,False,False,False,0,0,0,0,0,False,False,299.0,44.0
1637915,9,2.44,2,1,0,22,3,2,76295,,39449,County Championship Division Two 2026,2,48,Surrey Men,45,Yorkshire Men,8752578,2026-09-03T11:27:50Z,1,49,False,,,,520,Ben Coad,10486,Josh Blake,194,Ollie Pope,Left,Extra Cover,0,0,0,0,,HalfVolley,OutsideOff,,MisTimed,FrontFoot,ForwardDefensive,NoMovement,Round,Medium,Right,Null,NotReferred,Null,False,False,False,False,False,True,,False,False,False,False,False,False,0,0,0,0,0,False,False,319.0,18.0
1637915,9,2.44,2,1,0,22,3,2,76295,,39449,County Championship Division Two 2026,2,48,Surrey Men,45,Yorkshire Men,8752587,2026-09-03T11:28:26Z,2,50,False,,,,520,Ben Coad,10486,Josh Blake,194,Ollie Pope,Left,Wicketkeeper,0,0,0,0,,BackOfALength,OutsideOff,,ShouldersArms,NoMovement,ShouldersArms,NoMovement,Round,Medium,Right,Null,NotReferred,Null,False,False,False,False,False,True,,False,False,False,False,False,False,0,0,0,0,0,False,False,,
1637915,9,2.44,2,1,0,22,3,2,76295,,39449,County Championship Division Two 2026,2,48,Surrey Men,45,Yorkshire Men,8752600,2026-09-03T11:29:01Z,3,51,False,,,,520,Ben Coad,10486,Josh Blake,194,Ollie Pope,Left,Long On,2,0,2,2,,LengthBall,OutsideOff,,None,FrontFoot,Drive,NoMovement,Round,Medium,Right,Null,NotReferred,Null,False,False,False,False,False,True,,False,False,False,False,False,False,2,0,0,0,0,False,False,260.0,114.0
1637915,9,2.44,2,1,0,22,3,2,76295,,39449,County Championship Division Two 2026,2,48,Surrey Men,45,Yorkshire Men,8752629,2026-09-03T11:29:42Z,4,52,True,Lbw,10486.0,Josh Blake,520,Ben Coad,10486,Josh Blake,194,Ollie Pope,Left,,0,0,0,0,LBW,LengthBall,OutsideOff,Lbw,HitPad,BackFoot,BackwardDefensive,SeamIn,Round,Medium,Right,Null,NotReferred,Null,False,False,False,False,False,True,1906.0,False,False,False,False,False,False,0,0,0,0,0,False,False,,
1637915,9,2.44,2,1,0,22,3,2,76295,,39449,County Championship Division Two 2026,2,48,Surrey Men,45,Yorkshire Men,8752685,2026-09-03T11:32:35Z,5,53,False,,,,520,Ben Coad,221,Ben Foakes,194,Ollie Pope,Right,Wicketkeeper,0,0,0,0,,LengthBall,OutsideOff,,Left,NoMovement,NoShot,AwaySwinger,Over,Medium,Right,Null,NotReferred,Null,False,False,False,False,False,True,,False,False,False,False,False,False,0,0,0,0,0,False,False,,
1637915,9,2.44,2,1,0,22,3,2,76295,,39449,County Championship Division Two 2026,2,48,Surrey Men,45,Yorkshire Men,8752694,2026-09-03T11:33:08Z,6,54,False,,,,520,Ben Coad,221,Ben Foakes,194,Ollie Pope,Right,Cover,0,0,0,0,,LengthBall,MiddleStump,,MisTimed,BackFoot,Pushed,NoMovement,Over,Medium,Right,Null,NotReferred,Null,False,False,False,False,False,True,,False,False,False,False,False,False,0,0,0,0,0,False,False,184.0,62.0
1637936,10,2.2,0,0,0,22,3,0,76295,,39449,County Championship Division Two 2026,2,48,Surrey Men,45,Yorkshire Men,8752709,2026-09-03T11:34:01Z,1,55,False,,,,7012,Jack White,194,Ollie Pope,221,Ben Foakes,Right,Wicketkeeper,0,0,0,0,,LengthBall,OutsideOff,,Left,NoMovement,NoShot,NoMovement,Over,Medium,Right,Null,NotReferred,Null,False,False,False,False,False,True,,False,False,False,False,False,False,0,0,0,0,0,False,False,,
1637936,10,2.2,0,0,0,22,3,0,76295,,39449,County Championship Division Two 2026,2,48,Surrey Men,45,Yorkshire Men,8752718,2026-09-03T11:34:40Z,2,56,False,,,,7012,Jack White,194,Ollie Pope,221,Ben Foakes,Right,Extra Cover,0,0,0,0,,LengthBall,OutsideOff,,None,BackFoot,BackwardDefensive,NoMovement,Over,Medium,Right,Null,NotReferred,Null,False,False,False,False,False,True,,False,False,False,False,False,False,0,0,0,0,0,False,False,211.0,51.0
1637936,10,2.2,0,0,0,22,3,0,76295,,39449,County Championship Division Two 2026,2,48,Surrey Men,45,Yorkshire Men,8752732,2026-09-03T11:35:18Z,3,57,False,,,,7012,Jack White,194,Ollie Pope,221,Ben Foakes,Right,Extra Cover,0,0,0,0,,LengthBall,OutsideOff,,None,BackFoot,Pushed,NoMovement,Over,Medium,Right,Null,NotReferred,Null,False,False,False,False,False,True,,False,False,False,False,False,False,0,0,0,0,0,False,False,222.0,55.0
1637936,10,2.2,0,0,0,22,3,0,76295,,39449,County Championship Division Two 2026,2,48,Surrey Men,45,Yorkshire Men,8752750,2026-09-03T11:36:01Z,4,58,False,,,,7012,Jack White,194,Ollie Pope,221,Ben Foakes,Right,Wicketkeeper,0,0,0,0,,LengthBall,LegStump,,ShouldersArms,NoMovement,ShouldersArms,NoMovement,Over,Medium,Right,Null,NotReferred,Null,False,False,False,False,False,True,,False,False,False,False,False,False,0,0,0,0,0,False,False,,
1637936,10,2.2,0,0,0,22,3,0,76295,,39449,County Championship Division Two 2026,2,48,Surrey Men,45,Yorkshire Men,8752765,2026-09-03T11:36:46Z,5,59,False,,,,7012,Jack White,194,Ollie Pope,221,Ben Foakes,Right,Bowler,0,0,0,0,,HalfVolley,OutsideOff,,WellTimed,FrontFoot,Drive,NoMovement,Over,Medium,Right,Null,NotReferred,Null,False,False,False,False,False,True,,False,False,False,False,False,False,0,0,0,0,0,False,False,,
1637936,10,2.2,0,0,0,22,3,0,76295,,39449,County Championship Division Two 2026,2,48,Surrey Men,45,Yorkshire Men,8752780,2026-09-03T11:37:32Z,6,60,False,,,,7012,Jack White,194,Ollie Pope,221,Ben Foakes,Right,Wicketkeeper,0,0,0,0,,LengthBall,OutsideOff,,ShouldersArms,NoMovement,ShouldersArms,AwaySwinger,Over,Medium,Right,Null,NotReferred,Null,False,False,False,False,False,True,,False,False,False,False,False,False,0,0,0,0,0,False,False,,
1637951,11,2.18,2,0,0,24,3,2,76295,,39449,County Championship Division Two 2026,2,48,Surrey Men,45,Yorkshire Men,8752793,2026-09-03T11:38:25Z,1,61,False,,,,520,Ben Coad,221,Ben Foakes,194,Ollie Pope,Right,,0,0,0,0,,LengthBall,OutsideOff,,HitPad,BackFoot,BackwardDefensive,SeamIn,Over,Medium,Right,Null,NotReferred,Null,False,False,False,False,False,True,,False,False,False,False,False,False,0,0,0,0,0,False,False,,
1637951,11,2.18,2,0,0,24,3,2,76295,,39449,County Championship Division Two 2026,2,48,Surrey Men,45,Yorkshire Men,8752804,2026-09-03T11:39:04Z,2,62,False,,,,520,Ben Coad,221,Ben Foakes,194,Ollie Pope,Right,Cover,1,0,1,1,,LengthBall,OffStump,,None,FrontFoot,ForwardDefensive,NoMovement,Over,Medium,Right,Null,NotReferred,Null,False,False,False,False,False,True,,False,False,False,False,False,False,1,0,0,0,0,False,False,200.0,61.0
1637951,11,2.18,2,0,0,24,3,2,76295,,39449,County Championship Division Two 2026,2,48,Surrey Men,45,Yorkshire Men,8752818,2026-09-03T11:39:53Z,3,63,False,,,,520,Ben Coad,194,Ollie Pope,221,Ben Foakes,Right,Mid On,0,0,0,0,,HalfVolley,MiddleStump,,None,FrontFoot,Drive,InSwinger,Over,Medium,Right,Null,NotReferred,Null,False,False,False,False,False,True,,False,False,False,False,False,False,0,0,0,0,0,False,False,294.0,82.0
1637951,11,2.18,2,0,0,24,3,2,76295,,39449,County Championship Division Two 2026,2,48,Surrey Men,45,Yorkshire Men,8752831,2026-09-03T11:40:25Z,4,64,False,,,,520,Ben Coad,194,Ollie Pope,221,Ben Foakes,Right,Deep Backward Square Leg,1,0,1,1,,HalfVolley,LegStump,,WellTimed,FrontFoot,Flick,NoMovement,Over,Medium,Right,Null,NotReferred,Null,False,False,False,False,False,True,,False,False,False,False,False,False,1,0,0,0,0,False,False,21.0,160.0
1637951,11,2.18,2,0,0,24,3,2,76295,,39449,County Championship Division Two 2026,2,48,Surrey Men,45,Yorkshire Men,8752839,2026-09-03T11:41:02Z,5,65,False,,,,520,Ben Coad,221,Ben Foakes,194,Ollie Pope,Right,Wicketkeeper,0,0,0,0,,LengthBall,OutsideOff,,Missed,FrontFoot,ForwardDefensive,AwaySwinger,Over,Medium,Right,Null,NotReferred,Null,False,False,False,False,False,True,,False,False,False,False,False,False,0,0,0,0,0,False,False,,
1637951,11,2.18,2,0,0,24,3,2,76295,,39449,County Championship Division Two 2026,2,48,Surrey Men,45,Yorkshire Men,8752845,2026-09-03T11:41:37Z,6,66,False,,,,520,Ben Coad,221,Ben Foakes,194,Ollie Pope,Right,Mid On,0,0,0,0,,LengthBall,OffStump,,None,BackFoot,BackwardDefensive,NoMovement,Over,Medium,Right,Null,NotReferred,Null,False,False,False,False,False,True,,False,False,False,False,False,False,0,0,0,0,0,False,False,285.0,74.0
1638027,12,2.08,1,0,0,25,3,1,76295,,39449,County Championship Division Two 2026,2,48,Surrey Men,45,Yorkshire Men,8753230,2026-09-03T12:21:55Z,1,67,False,,,,7012,Jack White,194,Ollie Pope,221,Ben Foakes,Right,Mid Wicket,1,0,1,1,,HalfVolley,OffStump,,None,FrontFoot,Drive,NoMovement,Over,Medium,Right,Null,NotReferred,Null,False,False,False,False,False,True,,False,False,False,False,False,False,1,0,0,0,0,False,False,317.0,73.0
1638027,12,2.08,1,0,0,25,3,1,76295,,39449,County Championship Division Two 2026,2,48,Surrey Men,45,Yorkshire Men,8753249,2026-09-03T12:22:49Z,2,68,False,,,,7012,Jack White,221,Ben Foakes,194,Ollie Pope,Right,Second Slip,0,0,0,0,,LengthBall,OutsideOff,,OutsideEdge,FrontFoot,ForwardDefensive,AwaySwinger,Over,Medium,Right,Null,NotReferred,Null,False,False,False,False,False,True,,False,False,False,False,False,False,0,0,0,0,0,False,False,106.0,81.0
1638027,12,2.08,1,0,0,25,3,1,76295,,39449,County Championship Division Two 2026,2,48,Surrey Men,45,Yorkshire Men,8753256,2026-09-03T12:23:35Z,3,69,False,,,,7012,Jack White,221,Ben Foakes,194,Ollie Pope,Right,Short Extra Cover,0,0,0,0,,LengthBall,OutsideOff,,MisTimed,FrontFoot,ForwardDefensive,NoMovement,Over,Medium,Right,Null,NotReferred,Null,False,False,False,False,False,True,,False,False,False,False,False,False,0,0,0,0,0,False,False,213.0,32.0
1638027,12,2.08,1,0,0,25,3,1,76295,,39449,County Championship Division Two 2026,2,48,Surrey Men,45,Yorkshire Men,8753265,2026-09-03T12:24:20Z,4,70,False,,,,7012,Jack White,221,Ben Foakes,194,Ollie Pope,Right,Short Mid Wicket,0,0,0,0,,LengthBall,OutsideOff,,None,FrontFoot,ForwardDefensive,NoMovement,Over,Medium,Right,Null,NotReferred,Null,False,False,False,False,False,True,,False,False,False,False,False,False,0,0,0,0,0,False,False,329.0,42.0
1638027,12,2.08,1,0,0,25,3,1,76295,,39449,County Championship Division Two 2026,2,48,Surrey Men,45,Yorkshire Men,8753278,2026-09-03T12:25:01Z,5,71,False,,,,7012,Jack White,221,Ben Foakes,194,Ollie Pope,Right,Wicketkeeper,0,0,0,0,,LengthBall,OutsideOff,,Missed,FrontFoot,ForwardDefensive,NoMovement,Over,Medium,Right,Null,NotReferred,Null,False,False,False,False,False,True,,False,False,False,False,False,False,0,0,0,0,0,False,False,,
1638027,12,2.08,1,0,0,25,3,1,76295,,39449,County Championship Division Two 2026,2,48,Surrey Men,45,Yorkshire Men,8753293,2026-09-03T12:25:47Z,6,72,False,,,,7012,Jack White,221,Ben Foakes,194,Ollie Pope,Right,Extra Cover,0,0,0,0,,LengthBall,OutsideOff,,None,FrontFoot,ForwardDefensive,NoMovement,Over,Medium,Right,Null,NotReferred,Null,False,False,False,False,False,True,,False,False,False,False,False,False,0,0,0,0,0,False,False,219.0,40.0
1638042,13,2.15,3,0,0,28,3,3,76295,,39449,County Championship Division Two 2026,2,48,Surrey Men,45,Yorkshire Men,8753314,2026-09-03T12:26:54Z,1,73,False,,,,3005,George Hill,194,Ollie Pope,221,Ben Foakes,Right,Mid Off,0,0,0,0,,LengthBall,OutsideOff,,None,BackFoot,Drive,NoMovement,Over,Medium,Right,Null,NotReferred,Null,False,False,False,False,False,True,,False,False,False,False,False,False,0,0,0,0,0,False,False,247.0,69.0
1638042,13,2.15,3,0,0,28,3,3,76295,,39449,County Championship Division Two 2026,2,48,Surrey Men,45,Yorkshire Men,8753330,2026-09-03T12:27:30Z,2,74,False,,,,3005,George Hill,194,Ollie Pope,221,Ben Foakes,Right,Short Fine Leg,0,1,1,0,,LengthBall,MiddleStump,Lbw,HitPad,BackFoot,Worked,InSwinger,Over,Medium,Right,Null,NotReferred,Null,False,False,False,True,False,True,1906.0,False,False,False,False,False,False,1,0,0,1,0,False,False,32.0,42.0
1638042,13,2.15,3,0,0,28,3,3,76295,,39449,County Championship Division Two 2026,2,48,Surrey Men,45,Yorkshire Men,8753341,2026-09-03T12:28:15Z,3,75,False,,,,3005,George Hill,221,Ben Foakes,194,Ollie Pope,Right,Cover,0,0,0,0,,LengthBall,OffStump,,None,BackFoot,BackwardDefensive,NoMovement,Over,Medium,Right,Null,NotReferred,Null,False,False,False,False,False,True,,False,False,False,False,False,False,0,0,0,0,0,False,False,182.0,79.0
1638042,13,2.15,3,0,0,28,3,3,76295,,39449,County Championship Division Two 2026,2,48,Surrey Men,45,Yorkshire Men,8753355,2026-09-03T12:28:57Z,4,76,False,,,,3005,George Hill,221,Ben Foakes,194,Ollie Pope,Right,Third Man,2,0,2,2,,LengthBall,OffStump,,OutsideEdge,FrontFoot,ForwardDefensive,NoMovement,Over,Medium,Right,Null,NotReferred,Null,False,False,False,False,False,True,,False,False,False,False,False,False,2,0,0,0,0,False,False,128.0,128.0
1638042,13,2.15,3,0,0,28,3,3,76295,,39449,County Championship Division Two 2026,2,48,Surrey Men,45,Yorkshire Men,8753366,2026-09-03T12:29:43Z,5,77,False,,,,3005,George Hill,221,Ben Foakes,194,Ollie Pope,Right,Mid On,0,0,0,0,,LengthBall,OffStump,,None,BackFoot,Pushed,NoMovement,Over,Medium,Right,Null,NotReferred,Null,False,False,False,False,False,True,,False,False,False,False,False,False,0,0,0,0,0,False,False,283.0,64.0
1638042,13,2.15,3,0,0,28,3,3,76295,,39449,County Championship Division Two 2026,2,48,Surrey Men,45,Yorkshire Men,8753377,2026-09-03T12:30:19Z,6,78,False,,,,3005,George Hill,221,Ben Foakes,194,Ollie Pope,Right,Square Leg,0,0,0,0,,LengthBall,OffStump,,None,BackFoot,Worked,NoMovement,Over,Medium,Right,Null,NotReferred,Null,False,False,False,False,False,True,,False,False,False,False,False,False,0,0,0,0,0,False,False,338.0,67.0
1638053,14,2.0,0,0,0,28,3,0,76295,,39449,County Championship Division Two 2026,2,48,Surrey Men,45,Yorkshire Men,8753388,2026-09-03T12:31:11Z,1,79,False,,,,7012,Jack White,194,Ollie Pope,221,Ben Foakes,Right,Bowler,0,0,0,0,,LengthBall,OutsideOff,,None,FrontFoot,ForwardDefensive,NoMovement,Over,Medium,Right,Null,NotReferred,Null,False,False,False,False,False,True,,False,False,False,False,False,False,0,0,0,0,0,False,False,,
1638053,14,2.0,0,0,0,28,3,0,76295,,39449,County Championship Division Two 2026,2,48,Surrey Men,45,Yorkshire Men,8753407,2026-09-03T12:31:50Z,2,80,False,,,,7012,Jack White,194,Ollie Pope,221,Ben Foakes,Right,Cover,0,0,0,0,,LengthBall,OutsideOff,,None,FrontFoot,ForwardDefensive,NoMovement,Over,Medium,Right,Null,NotReferred,Null,False,False,False,False,False,True,,False,False,False,False,False,False,0,0,0,0,0,False,False,204.0,44.0
1638053,14,2.0,0,0,0,28,3,0,76295,,39449,County Championship Division Two 2026,2,48,Surrey Men,45,Yorkshire Men,8753421,2026-09-03T12:32:33Z,3,81,False,,,,7012,Jack White,194,Ollie Pope,221,Ben Foakes,Right,Mid Wicket,0,0,0,0,,LengthBall,OutsideOff,,None,FrontFoot,ForwardDefensive,NoMovement,Over,Medium,Right,Null,NotReferred,Null,False,False,False,False,False,True,,False,False,False,False,False,False,0,0,0,0,0,False,False,315.0,56.0
1638053,14,2.0,0,0,0,28,3,0,76295,,39449,County Championship Division Two 2026,2,48,Surrey Men,45,Yorkshire Men,8753433,2026-09-03T12:33:15Z,4,82,False,,,,7012,Jack White,194,Ollie Pope,221,Ben Foakes,Right,Extra Cover,0,0,0,0,,LengthBall,OutsideOff,,None,FrontFoot,ForwardDefensive,NoMovement,Over,Medium,Right,Null,NotReferred,Null,False,False,False,False,False,True,,False,False,False,False,False,False,0,0,0,0,0,False,False,239.0,63.0
1638053,14,2.0,0,0,0,28,3,0,76295,,39449,County Championship Division Two 2026,2,48,Surrey Men,45,Yorkshire Men,8753447,2026-09-03T12:33:59Z,5,83,False,,,,7012,Jack White,194,Ollie Pope,221,Ben Foakes,Right,Wicketkeeper,0,0,0,0,,LengthBall,OutsideOff,,ShouldersArms,NoMovement,ShouldersArms,NoMovement,Over,Medium,Right,Null,NotReferred,Null,False,False,False,False,False,True,,False,False,False,False,False,False,0,0,0,0,0,False,False,,
1638053,14,2.0,0,0,0,28,3,0,76295,,39449,County Championship Division Two 2026,2,48,Surrey Men,45,Yorkshire Men,8753466,2026-09-03T12:34:40Z,6,84,False,,,,7012,Jack White,194,Ollie Pope,221,Ben Foakes,Right,,0,0,0,0,,LengthBall,OutsideOff,,HitPad,MovesInfront,BackwardDefensive,NoMovement,Over,Medium,Right,Null,NotReferred,Null,False,False,False,False,False,True,,False,False,False,False,False,False,0,0,0,0,0,False,False,,
1638069,15,2.2,5,0,0,33,3,5,76295,,39449,County Championship Division Two 2026,2,48,Surrey Men,45,Yorkshire Men,8753491,2026-09-03T12:35:33Z,1,85,False,,,,3005,George Hill,221,Ben Foakes,194,Ollie Pope,Right,Cover,0,0,0,0,,LengthBall,OutsideOff,,None,FrontFoot,Drive,NoMovement,Over,Medium,Right,Null,NotReferred,Null,False,False,False,False,False,True,,False,False,False,False,False,False,0,0,0,0,0,False,False,185.0,74.0
1638069,15,2.2,5,0,0,33,3,5,76295,,39449,County Championship Division Two 2026,2,48,Surrey Men,45,Yorkshire Men,8753504,2026-09-03T12:36:05Z,2,86,False,,,,3005,George Hill,221,Ben Foakes,194,Ollie Pope,Right,Square Leg,1,0,1,1,,LengthBall,OffStump,,InsideEdge,FrontFoot,ForwardDefensive,NoMovement,Over,Medium,Right,Null,NotReferred,Null,False,False,False,False,False,True,,False,False,False,False,False,False,1,0,0,0,0,False,False,353.0,66.0
1638069,15,2.2,5,0,0,33,3,5,76295,,39449,County Championship Division Two 2026,2,48,Surrey Men,45,Yorkshire Men,8753512,2026-09-03T12:36:45Z,3,87,False,,,,3005,George Hill,194,Ollie Pope,221,Ben Foakes,Right,Backward Point,0,0,0,0,,BackOfALength,OffStump,,HitBody,BackFoot,Worked,NoMovement,Over,Medium,Right,Null,NotReferred,Null,False,False,False,False,False,True,,False,False,False,False,False,False,0,0,0,0,0,False,False,171.0,43.0
1638069,15,2.2,5,0,0,33,3,5,76295,,39449,County Championship Division Two 2026,2,48,Surrey Men,45,Yorkshire Men,8753525,2026-09-03T12:37:20Z,4,88,False,,,,3005,George Hill,194,Ollie Pope,221,Ben Foakes,Right,Cover,0,0,0,0,,BackOfALength,OffStump,,None,FrontFoot,ForwardDefensive,NoMovement,Over,Medium,Right,Null,NotReferred,Null,False,False,False,False,False,True,,False,False,False,False,False,False,0,0,0,0,0,False,False,192.0,60.0
1638069,15,2.2,5,0,0,33,3,5,76295,,39449,County Championship Division Two 2026,2,48,Surrey Men,45,Yorkshire Men,8753535,2026-09-03T12:37:53Z,5,89,False,,,,3005,George Hill,194,Ollie Pope,221,Ben Foakes,Right,,4,0,4,4,,HalfVolley,OffStump,,Middled,FrontFoot,Drive,NoMovement,Over,Medium,Right,Null,NotReferred,Null,False,False,False,False,False,True,,False,False,False,False,False,False,4,0,0,0,0,True,False,277.0,180.0
1638069,15,2.2,5,0,0,33,3,5,76295,,39449,County Championship Division Two 2026,2,48,Surrey Men,45,Yorkshire Men,8753548,2026-09-03T12:38:34Z,6,90,False,,,,3005,George Hill,194,Ollie Pope,221,Ben Foakes,Right,Wicketkeeper,0,0,0,0,,HalfVolley,OutsideOff,,Missed,FrontFoot,ForwardDefensive,NoMovement,Over,Medium,Right,Null,NotReferred,Null,False,False,False,False,False,True,,False,False,False,False,False,False,0,0,0,0,0,False,False,,
1638084,16,2.12,1,0,0,34,3,1,76295,,39449,County Championship Division Two 2026,2,48,Surrey Men,45,Yorkshire Men,8753573,2026-09-03T12:39:34Z,1,91,False,,,,7012,Jack White,221,Ben Foakes,194,Ollie Pope,Right,Wicketkeeper,0,0,0,0,,LengthBall,OffStump,,PlayAndMissLegSide,BackFoot,Glance,SeamIn,Over,Medium,Right,Null,NotReferred,Null,False,False,False,False,False,True,,False,False,False,False,False,False,0,0,0,0,0,False,False,,
1638084,16,2.12,1,0,0,34,3,1,76295,,39449,County Championship Division Two 2026,2,48,Surrey Men,45,Yorkshire Men,8753586,2026-09-03T12:40:14Z,2,92,False,,,,7012,Jack White,221,Ben Foakes,194,Ollie Pope,Right,Square Leg,0,0,0,0,,LengthBall,OutsideOff,,None,BackFoot,Worked,NoMovement,Over,Medium,Right,Null,NotReferred,Null,False,False,False,False,False,True,,False,False,False,False,False,False,0,0,0,0,0,False,False,346.0,55.0
1638084,16,2.12,1,0,0,34,3,1,76295,,39449,County Championship Division Two 2026,2,48,Surrey Men,45,Yorkshire Men,8753614,2026-09-03T12:41:35Z,3,93,False,,,,7012,Jack White,221,Ben Foakes,194,Ollie Pope,Right,Fine Leg,1,0,1,1,,LengthBall,OffStump,,None,BackFoot,Worked,NoMovement,Over,Medium,Right,Null,NotReferred,Null,False,False,False,False,False,True,,False,False,False,False,False,False,1,0,0,0,0,False,False,36.0,125.0
1638084,16,2.12,1,0,0,34,3,1,76295,,39449,County Championship Division Two 2026,2,48,Surrey Men,45,Yorkshire Men,8753623,2026-09-03T12:42:14Z,4,94,False,,,,7012,Jack White,194,Ollie Pope,221,Ben Foakes,Right,,0,0,0,0,,BackOfALength,OutsideOff,,HitPad,BackFoot,BackwardDefensive,NoMovement,Over,Medium,Right,Null,NotReferred,Null,False,False,False,False,False,True,,False,False,False,False,False,False,0,0,0,0,0,False,False,,
1638084,16,2.12,1,0,0,34,3,1,76295,,39449,County Championship Division Two 2026,2,48,Surrey Men,45,Yorkshire Men,8753637,2026-09-03T12:42:58Z,5,95,False,,,,7012,Jack White,194,Ollie Pope,221,Ben Foakes,Right,Wicketkeeper,0,0,0,0,,LengthBall,OutsideOff,,Missed,FrontFoot,ForwardDefensive,NoMovement,Over,Medium,Right,Null,NotReferred,Null,False,False,False,False,False,True,,False,False,False,False,False,False,0,0,0,0,0,False,False,,
1638084,16,2.12,1,0,0,34,3,1,76295,,39449,County Championship Division Two 2026,2,48,Surrey Men,45,Yorkshire Men,8753655,2026-09-03T12:43:41Z,6,96,False,,,,7012,Jack White,194,Ollie Pope,221,Ben Foakes,Right,Cover,0,0,0,0,,LengthBall,OutsideOff,,None,BackFoot,BackwardDefensive,NoMovement,Over,Medium,Right,Null,NotReferred,Null,False,False,False,False,False,True,,False,False,False,False,False,False,0,0,0,0,0,False,False,180.0,66.0
1638103,17,2.24,4,0,0,38,3,4,76295,,39449,County Championship Division Two 2026,2,48,Surrey Men,45,Yorkshire Men,8753689,2026-09-03T12:45:22Z,1,97,False,,,,3005,George Hill,221,Ben Foakes,194,Ollie Pope,Right,,4,0,4,4,,HalfVolley,OffStump,,WellTimed,FrontFoot,Drive,NoMovement,Over,Medium,Right,Null,NotReferred,Null,False,False,False,False,False,True,,False,False,False,False,False,False,4,0,0,0,0,True,False,278.0,180.0
1638103,17,2.24,4,0,0,38,3,4,76295,,39449,County Championship Division Two 2026,2,48,Surrey Men,45,Yorkshire Men,8753698,2026-09-03T12:46:03Z,2,98,False,,,,3005,George Hill,221,Ben Foakes,194,Ollie Pope,Right,Wicketkeeper,0,0,0,0,,HalfVolley,OffStump,,Missed,FrontFoot,ForwardDefensive,AwaySwinger,Over,Medium,Right,Null,NotReferred,Null,False,False,False,False,False,True,,False,False,False,False,False,False,0,0,0,0,0,False,False,,
1638103,17,2.24,4,0,0,38,3,4,76295,,39449,County Championship Division Two 2026,2,48,Surrey Men,45,Yorkshire Men,8753711,2026-09-03T12:46:36Z,3,99,False,,,,3005,George Hill,221,Ben Foakes,194,Ollie Pope,Right,Cover,0,0,0,0,,LengthBall,OffStump,,None,BackFoot,BackwardDefensive,NoMovement,Over,Medium,Right,Null,NotReferred,Null,False,False,False,False,False,True,,False,False,False,False,False,False,0,0,0,0,0,False,False,198.0,51.0
1638103,17,2.24,4,0,0,38,3,4,76295,,39449,County Championship Division Two 2026,2,48,Surrey Men,45,Yorkshire Men,8753723,2026-09-03T12:47:11Z,4,100,False,,,,3005,George Hill,221,Ben Foakes,194,Ollie Pope,Right,Square Leg,0,0,0,0,,LengthBall,MiddleStump,,None,BackFoot,Worked,NoMovement,Over,Medium,Right,Null,NotReferred,Null,False,False,False,False,False,True,,False,False,False,False,False,False,0,0,0,0,0,False,False,335.0,62.0
1638103,17,2.24,4,0,0,38,3,4,76295,,39449,County Championship Division Two 2026,2,48,Surrey Men,45,Yorkshire Men,8753738,2026-09-03T12:47:46Z,5,101,False,,,,3005,George Hill,221,Ben Foakes,194,Ollie Pope,Right,Square Leg,0,0,0,0,,LengthBall,MiddleStump,,None,FrontFoot,Pushed,NoMovement,Over,Medium,Right,Null,NotReferred,Null,False,False,False,False,False,True,,False,False,False,False,False,False,0,0,0,0,0,False,False,335.0,50.0
1638103,17,2.24,4,0,0,38,3,4,76295,,39449,County Championship Division Two 2026,2,48,Surrey Men,45,Yorkshire Men,8753749,2026-09-03T12:48:21Z,6,102,False,,,,3005,George Hill,221,Ben Foakes,194,Ollie Pope,Right,,0,0,0,0,,LengthBall,OutsideOff,,HitPad,BackFoot,BackwardDefensive,NoMovement,Over,Medium,Right,Null,NotReferred,Null,False,False,False,False,False,True,,False,False,False,False,False,False,0,0,0,0,0,False,False,,
1638121,18,2.33,4,0,0,42,3,4,76295,,39449,County Championship Division Two 2026,2,48,Surrey Men,45,Yorkshire Men,8753782,2026-09-03T12:49:49Z,1,103,False,,,,2988,Matthew Revis,194,Ollie Pope,221,Ben Foakes,Right,Square Leg,0,0,0,0,,LengthBall,OutsideOff,,None,BackFoot,Worked,NoMovement,Over,Medium,Right,Null,NotReferred,Null,False,False,False,False,False,True,,False,False,False,False,False,False,0,0,0,0,0,False,False,340.0,61.0
1638121,18,2.33,4,0,0,42,3,4,76295,,39449,County Championship Division Two 2026,2,48,Surrey Men,45,Yorkshire Men,8753806,2026-09-03T12:50:52Z,2,104,False,,,,2988,Matthew Revis,194,Ollie Pope,221,Ben Foakes,Right,Mid On,0,0,0,0,,LengthBall,OutsideOff,,MisTimed,FrontFoot,Drive,SeamIn,Over,Medium,Right,Null,NotReferred,Null,False,False,False,False,False,True,,False,False,False,False,False,False,0,0,0,0,0,False,False,286.0,69.0
1638121,18,2.33,4,0,0,42,3,4,76295,,39449,County Championship Division Two 2026,2,48,Surrey Men,45,Yorkshire Men,8753823,2026-09-03T12:51:27Z,3,105,False,,,,2988,Matthew Revis,194,Ollie Pope,221,Ben Foakes,Right,Cover,0,0,0,0,,LengthBall,OutsideOff,,WellTimed,FrontFoot,Drive,NoMovement,Over,Medium,Right,Null,NotReferred,Null,False,False,False,False,False,True,,False,False,False,False,False,False,0,0,0,0,0,False,False,182.0,83.0
1638121,18,2.33,4,0,0,42,3,4,76295,,39449,County Championship Division Two 2026,2,48,Surrey Men,45,Yorkshire Men,8753834,2026-09-03T12:52:02Z,4,106,False,,,,2988,Matthew Revis,194,Ollie Pope,221,Ben Foakes,Right,,0,0,0,0,,LengthBall,OutsideOff,,ThickEdge,FrontFoot,Drive,NoMovement,Over,Medium,Right,Null,NotReferred,Null,False,False,False,False,False,True,,False,False,False,False,False,False,0,0,0,0,0,False,False,165.0,173.0
1638121,18,2.33,4,0,0,42,3,4,76295,,39449,County Championship Division Two 2026,2,48,Surrey Men,45,Yorkshire Men,8753842,2026-09-03T12:52:37Z,5,107,False,,,,2988,Matthew Revis,194,Ollie Pope,221,Ben Foakes,Right,Wicketkeeper,4,0,4,4,,LengthBall,OutsideOff,,ThickEdge,FrontFoot,Drive,SeamAway,Over,Medium,Right,Null,NotReferred,Null,False,False,False,False,False,True,,False,False,False,False,False,False,4,0,0,0,0,True,False,,
1638121,18,2.33,4,0,0,42,3,4,76295,,39449,County Championship Division Two 2026,2,48,Surrey Men,45,Yorkshire Men,8753860,2026-09-03T12:53:32Z,6,108,False,,,,2988,Matthew Revis,194,Ollie Pope,221,Ben Foakes,Right,Backward Point,0,0,0,0,,LengthBall,OutsideOff,,None,BackFoot,BackwardDefensive,NoMovement,Over,Medium,Right,Null,NotReferred,Null,False,False,False,False,False,True,,False,False,False,False,False,False,0,0,0,0,0,False,False,174.0,55.0
1638135,19,2.26,1,1,0,43,4,1,76295,,39449,County Championship Division Two 2026,2,48,Surrey Men,45,Yorkshire Men,8753867,2026-09-03T12:53:45Z,1,109,False,,,,3005,George Hill,221,Ben Foakes,194,Ollie Pope,Right,Extra Cover,0,0,0,0,,LengthBall,OutsideOff,,HitPad,BackFoot,BackwardDefensive,NoMovement,Over,Medium,Right,Null,NotReferred,Null,False,False,False,False,False,True,,False,False,False,False,False,False,0,0,0,0,0,False,False,217.0,28.0
1638135,19,2.26,1,1,0,43,4,1,76295,,39449,County Championship Division Two 2026,2,48,Surrey Men,45,Yorkshire Men,8753886,2026-09-03T12:54:07Z,2,110,True,Caught,221.0,Ben Foakes,3005,George Hill,221,Ben Foakes,194,Ollie Pope,Right,First Slip,0,0,0,0,Caught,LengthBall,OutsideOff,Caught,OutsideEdge,BackFoot,BackwardDefensive,NoMovement,Over,Medium,Right,Null,NotReferred,Null,False,False,False,False,False,True,1906.0,False,False,False,False,False,False,0,0,0,0,0,False,False,100.0,51.0
1638135,19,2.26,1,1,0,43,4,1,76295,,39449,County Championship Division Two 2026,2,48,Surrey Men,45,Yorkshire Men,8753920,2026-09-03T12:56:08Z,3,111,False,,,,3005,George Hill,13942,Adam Thomas,194,Ollie Pope,Right,Square Leg,0,0,0,0,,LengthBall,OutsideOff,,None,BackFoot,Worked,SeamIn,Over,Medium,Right,Null,NotReferred,Null,False,False,False,False,False,True,,False,False,False,False,False,False,0,0,0,0,0,False,False,346.0,48.0
1638135,19,2.26,1,1,0,43,4,1,76295,,39449,County Championship Division Two 2026,2,48,Surrey Men,45,Yorkshire Men,8753930,2026-09-03T12:56:57Z,4,112,False,,,,3005,George Hill,13942,Adam Thomas,194,Ollie Pope,Right,Mid Off,0,0,0,0,,HalfVolley,MiddleStump,,None,BackFoot,Pushed,NoMovement,Over,Medium,Right,Null,NotReferred,Null,False,False,False,False,False,True,,False,False,False,False,False,False,0,0,0,0,0,False,False,251.0,76.0
1638135,19,2.26,1,1,0,43,4,1,76295,,39449,County Championship Division Two 2026,2,48,Surrey Men,45,Yorkshire Men,8753944,2026-09-03T12:57:29Z,5,113,False,,,,3005,George Hill,13942,Adam Thomas,194,Ollie Pope,Right,Square Leg,0,1,1,0,,LengthBall,MiddleStump,,HitPad,FrontFoot,Flick,NoMovement,Over,Medium,Right,Null,NotReferred,Null,False,False,False,True,False,True,,False,False,False,False,False,False,1,0,0,1,0,False,False,344.0,52.0
1638135,19,2.26,1,1,0,43,4,1,76295,,39449,County Championship Division Two 2026,2,48,Surrey Men,45,Yorkshire Men,8753951,2026-09-03T12:58:09Z,6,114,False,,,,3005,George Hill,194,Ollie Pope,13942,Adam Thomas,Right,First Slip,0,0,0,0,,HalfVolley,OutsideOff,,BatPad,FrontFoot,Drive,NoMovement,Over,Medium,Right,Null,NotReferred,Null,False,False,False,False,False,True,,False,False,False,False,False,False,0,0,0,0,0,False,False,105.0,40.0
1638151,20,2.15,0,0,0,43,4,0,76295,,39449,County Championship Division Two 2026,2,48,Surrey Men,45,Yorkshire Men,8753974,2026-09-03T12:59:14Z,1,115,False,,,,2988,Matthew Revis,13942,Adam Thomas,194,Ollie Pope,Right,Square Leg,0,0,0,0,,HalfVolley,LegStump,,None,FrontFoot,Flick,NoMovement,Over,Medium,Right,Null,NotReferred,Null,False,False,False,False,False,True,,False,False,False,False,False,False,0,0,0,0,0,False,False,347.0,61.0
1638151,20,2.15,0,0,0,43,4,0,76295,,39449,County Championship Division Two 2026,2,48,Surrey Men,45,Yorkshire Men,8753988,2026-09-03T12:59:48Z,2,116,False,,,,2988,Matthew Revis,13942,Adam Thomas,194,Ollie Pope,Right,Square Leg,0,0,0,0,,HalfVolley,MiddleStump,,MisTimed,FrontFoot,Flick,NoMovement,Over,Medium,Right,Null,NotReferred,Null,False,False,False,False,False,True,,False,False,False,False,False,False,0,0,0,0,0,False,False,345.0,57.0
1638151,20,2.15,0,0,0,43,4,0,76295,,39449,County Championship Division Two 2026,2,48,Surrey Men,45,Yorkshire Men,8754000,2026-09-03T13:00:21Z,3,117,False,,,,2988,Matthew Revis,13942,Adam Thomas,194,Ollie Pope,Right,Cover,0,0,0,0,,BackOfALength,OutsideOff,,None,BackFoot,BackwardDefensive,NoMovement,Over,Medium,Right,Null,NotReferred,Null,False,False,False,False,False,True,,False,False,False,False,False,False,0,0,0,0,0,False,False,197.0,46.0
1638151,20,2.15,0,0,0,43,4,0,76295,,39449,County Championship Division Two 2026,2,48,Surrey Men,45,Yorkshire Men,8754016,2026-09-03T13:00:52Z,4,118,False,,,,2988,Matthew Revis,13942,Adam Thomas,194,Ollie Pope,Right,Extra Cover,0,0,0,0,,HalfVolley,OutsideOff,,None,FrontFoot,ForwardDefensive,NoMovement,Over,Medium,Right,Null,NotReferred,Null,False,False,False,False,False,True,,False,False,False,False,False,False,0,0,0,0,0,False,False,224.0,63.0
1638151,20,2.15,0,0,0,43,4,0,76295,,39449,County Championship Division Two 2026,2,48,Surrey Men,45,Yorkshire Men,8754025,2026-09-03T13:01:24Z,5,119,False,,,,2988,Matthew Revis,13942,Adam Thomas,194,Ollie Pope,Right,Mid On,0,0,0,0,,LengthBall,OutsideOff,,None,FrontFoot,Drive,NoMovement,Over,Medium,Right,Null,NotReferred,Null,False,False,False,False,False,True,,False,False,False,False,False,False,0,0,0,0,0,False,False,280.0,65.0
1638151,20,2.15,0,0,0,43,4,0,76295,,39449,County Championship Division Two 2026,2,48,Surrey Men,45,Yorkshire Men,8754035,2026-09-03T13:01:54Z,6,120,False,,,,2988,Matthew Revis,13942,Adam Thomas,194,Ollie Pope,Right,Wicketkeeper,0,0,0,0,,LengthBall,OutsideOff,,Missed,BackFoot,BackwardDefensive,SeamAway,Over,Medium,Right,Null,NotReferred,Null,False,False,False,False,False,True,,False,False,False,False,False,False,0,0,0,0,0,False,False,,
1638165,21,2.1,1,1,0,44,5,1,76295,,39449,County Championship Division Two 2026,2,48,Surrey Men,45,Yorkshire Men,8754053,2026-09-03T13:02:49Z,1,121,False,,,,3005,George Hill,194,Ollie Pope,13942,Adam Thomas,Right,Short Fine Leg,0,1,1,0,,HalfVolley,LegStump,,HitPad,FrontFoot,Flick,NoMovement,Over,Medium,Right,Null,NotReferred,Null,False,False,False,True,False,True,,False,False,False,False,False,False,1,0,0,1,0,False,False,31.0,42.0
1638165,21,2.1,1,1,0,44,5,1,76295,,39449,County Championship Division Two 2026,2,48,Surrey Men,45,Yorkshire Men,8754061,2026-09-03T13:03:22Z,2,122,False,,,,3005,George Hill,13942,Adam Thomas,194,Ollie Pope,Right,Wicketkeeper,0,0,0,0,,LengthBall,OutsideOff,,Left,NoMovement,NoShot,AwaySwinger,Over,Medium,Right,Null,NotReferred,Null,False,False,False,False,False,True,,False,False,False,False,False,False,0,0,0,0,0,False,False,,
1638165,21,2.1,1,1,0,44,5,1,76295,,39449,County Championship Division Two 2026,2,48,Surrey Men,45,Yorkshire Men,8754073,2026-09-03T13:03:57Z,3,123,False,,,,3005,George Hill,13942,Adam Thomas,194,Ollie Pope,Right,Wicketkeeper,0,0,0,0,,LengthBall,OutsideOff,,Missed,BackFoot,BackwardDefensive,SeamAway,Over,Medium,Right,Null,NotReferred,Null,False,False,False,False,False,True,,False,False,False,False,False,False,0,0,0,0,0,False,False,,
1638165,21,2.1,1,1,0,44,5,1,76295,,39449,County Championship Division Two 2026,2,48,Surrey Men,45,Yorkshire Men,8754081,2026-09-03T13:04:34Z,4,124,False,,,,3005,George Hill,13942,Adam Thomas,194,Ollie Pope,Right,Backward Point,0,0,0,0,,LengthBall,OffStump,,None,BackFoot,BackwardDefensive,NoMovement,Over,Medium,Right,Null,NotReferred,Null,False,False,False,False,False,True,,False,False,False,False,False,False,0,0,0,0,0,False,False,179.0,76.0
1638165,21,2.1,1,1,0,44,5,1,76295,,39449,County Championship Division Two 2026,2,48,Surrey Men,45,Yorkshire Men,8754097,2026-09-03T13:05:10Z,5,125,True,Lbw,13942.0,Adam Thomas,3005,George Hill,13942,Adam Thomas,194,Ollie Pope,Right,,0,0,0,0,LBW,HalfVolley,OffStump,Lbw,HitPad,FrontFoot,ForwardDefensive,NoMovement,Over,Medium,Right,Null,NotReferred,Null,False,False,False,False,False,True,1906.0,False,False,False,False,False,False,0,0,0,0,0,False,False,,
1638165,21,2.1,1,1,0,44,5,1,76295,,39449,County Championship Division Two 2026,2,48,Surrey Men,45,Yorkshire Men,8754131,2026-09-03T13:07:22Z,6,126,False,,,,3005,George Hill,10322,Tom Lawes,194,Ollie Pope,Right,Wicketkeeper,0,0,0,0,,LengthBall,OutsideOff,,Left,NoMovement,NoShot,AwaySwinger,Over,Medium,Right,Null,NotReferred,Null,False,False,False,False,False,True,,False,False,False,False,False,False,0,0,0,0,0,False,False,,
1638179,22,2.27,6,0,0,50,5,6,76295,,39449,County Championship Division Two 2026,2,48,Surrey Men,45,Yorkshire Men,8754148,2026-09-03T13:08:16Z,1,127,False,,,,2988,Matthew Revis,194,Ollie Pope,10322,Tom Lawes,Right,Fine Leg,0,4,4,0,,HalfVolley,DownLeg,,PlayAndMissLegSide,FrontFoot,Flick,NoMovement,Over,Medium,Right,Null,NotReferred,Null,False,False,True,False,False,True,,False,False,False,False,False,False,4,4,0,0,0,False,False,81.0,175.0
1638179,22,2.27,6,0,0,50,5,6,76295,,39449,County Championship Division Two 2026,2,48,Surrey Men,45,Yorkshire Men,8754161,2026-09-03T13:09:07Z,2,128,False,,,,2988,Matthew Revis,194,Ollie Pope,10322,Tom Lawes,Right,Mid Wicket,0,0,0,0,,LengthBall,OutsideOff,,None,BackFoot,BackwardDefensive,NoMovement,Over,Medium,Right,Null,NotReferred,Null,False,False,False,False,False,True,,False,False,False,False,False,False,0,0,0,0,0,False,False,318.0,46.0
1638179,22,2.27,6,0,0,50,5,6,76295,,39449,County Championship Division Two 2026,2,48,Surrey Men,45,Yorkshire Men,8754178,2026-09-03T13:09:38Z,3,129,False,,,,2988,Matthew Revis,194,Ollie Pope,10322,Tom Lawes,Right,Mid On,0,0,0,0,,LengthBall,OutsideOff,,None,FrontFoot,Drive,NoMovement,Over,Medium,Right,Null,NotReferred,Null,False,False,False,False,False,True,,False,False,False,False,False,False,0,0,0,0,0,False,False,284.0,75.0
1638179,22,2.27,6,0,0,50,5,6,76295,,39449,County Championship Division Two 2026,2,48,Surrey Men,45,Yorkshire Men,8754182,2026-09-03T13:10:10Z,4,130,False,,,,2988,Matthew Revis,194,Ollie Pope,10322,Tom Lawes,Right,Mid On,0,0,0,0,,LengthBall,OffStump,,None,FrontFoot,ForwardDefensive,NoMovement,Over,Medium,Right,Null,NotReferred,Null,False,False,False,False,False,True,,False,False,False,False,False,False,0,0,0,0,0,False,False,279.0,62.0
1638179,22,2.27,6,0,0,50,5,6,76295,,39449,County Championship Division Two 2026,2,48,Surrey Men,45,Yorkshire Men,8754194,2026-09-03T13:10:42Z,5,131,False,,,,2988,Matthew Revis,194,Ollie Pope,10322,Tom Lawes,Right,Deep Square Leg,2,0,2,2,,LengthBall,OutsideOff,,None,BackFoot,Worked,NoMovement,Over,Medium,Right,Null,NotReferred,Null,False,False,False,False,False,True,,False,False,False,False,False,False,2,0,0,0,0,False,False,357.0,117.0
1638179,22,2.27,6,0,0,50,5,6,76295,,39449,County Championship Division Two 2026,2,48,Surrey Men,45,Yorkshire Men,8754204,2026-09-03T13:11:20Z,6,132,False,,,,2988,Matthew Revis,194,Ollie Pope,10322,Tom Lawes,Right,Cover,0,0,0,0,,LengthBall,OutsideOff,,None,FrontFoot,ForwardDefensive,NoMovement,Over,Medium,Right,Null,NotReferred,Null,False,False,False,False,False,True,,False,False,False,False,False,False,0,0,0,0,0,False,False,200.0,46.0
1638193,23,2.43,6,0,0,56,5,6,76295,,39449,County Championship Division Two 2026,2,48,Surrey Men,45,Yorkshire Men,8754222,2026-09-03T13:12:17Z,1,133,False,,,,3005,George Hill,10322,Tom Lawes,194,Ollie Pope,Right,Bowler,0,0,0,0,,HalfVolley,OffStump,,None,BackFoot,Pushed,NoMovement,Over,Medium,Right,Null,NotReferred,Null,False,False,False,False,False,True,,False,False,False,False,False,False,0,0,0,0,0,False,False,,
1638193,23,2.43,6,0,0,56,5,6,76295,,39449,County Championship Division Two 2026,2,48,Surrey Men,45,Yorkshire Men,8754238,2026-09-03T13:12:50Z,2,134,False,,,,3005,George Hill,10322,Tom Lawes,194,Ollie Pope,Right,Deep Square Leg,1,0,1,1,,LengthBall,OffStump,,None,BackFoot,Worked,NoMovement,Over,Medium,Right,Null,NotReferred,Null,False,False,False,False,False,True,,False,False,False,False,False,False,1,0,0,0,0,False,False,359.0,121.0
1638193,23,2.43,6,0,0,56,5,6,76295,,39449,County Championship Division Two 2026,2,48,Surrey Men,45,Yorkshire Men,8754255,2026-09-03T13:13:36Z,3,135,False,,,,3005,George Hill,194,Ollie Pope,10322,Tom Lawes,Right,Square Leg,0,0,0,0,,HalfVolley,OffStump,,None,FrontFoot,Worked,NoMovement,Over,Medium,Right,Null,NotReferred,Null,False,False,False,False,False,True,,False,False,False,False,False,False,0,0,0,0,0,False,False,349.0,51.0
1638193,23,2.43,6,0,0,56,5,6,76295,,39449,County Championship Division Two 2026,2,48,Surrey Men,45,Yorkshire Men,8754273,2026-09-03T13:14:10Z,4,136,False,,,,3005,George Hill,194,Ollie Pope,10322,Tom Lawes,Right,Mid Off,4,0,4,4,,HalfVolley,OutsideOff,,WellTimed,FrontFoot,Drive,NoMovement,Over,Medium,Right,Null,NotReferred,Null,False,False,False,False,False,True,,False,False,False,False,False,False,4,0,0,0,0,True,False,232.0,178.0
1638193,23,2.43,6,0,0,56,5,6,76295,,39449,County Championship Division Two 2026,2,48,Surrey Men,45,Yorkshire Men,8754301,2026-09-03T13:15:30Z,5,137,False,,,,3005,George Hill,194,Ollie Pope,10322,Tom Lawes,Right,Mid On,1,0,1,1,,HalfVolley,OffStump,,None,FrontFoot,Drive,NoMovement,Over,Medium,Right,Null,NotReferred,Null,False,False,False,False,False,True,,False,False,False,False,False,False,1,0,0,0,0,False,False,298.0,80.0
1638193,23,2.43,6,0,0,56,5,6,76295,,39449,County Championship Division Two 2026,2,48,Surrey Men,45,Yorkshire Men,8754309,2026-09-03T13:16:06Z,6,138,False,,,,3005,George Hill,10322,Tom Lawes,194,Ollie Pope,Right,Wicketkeeper,0,0,0,0,,BackOfALength,OutsideOff,,Missed,BackFoot,Cut,AwaySwinger,Over,Medium,Right,Null,NotReferred,Null,False,False,False,False,False,True,,False,False,False,False,False,False,0,0,0,0,0,False,False,,
1638212,24,2.38,1,1,0,57,6,1,76295,,39449,County Championship Division Two 2026,2,48,Surrey Men,45,Yorkshire Men,8754346,2026-09-03T13:17:07Z,1,139,True,Caught,194.0,Ollie Pope,2988,Matthew Revis,194,Ollie Pope,10322,Tom Lawes,Right,Extra Cover,0,0,0,0,Caught,HalfVolley,OutsideOff,Caught,MisTimed,FrontFoot,Drive,NoMovement,Over,Medium,Right,Null,NotReferred,Null,False,False,False,False,False,True,1823.0,False,False,False,False,False,False,0,0,0,0,0,False,True,237.0,70.0
1638212,24,2.38,1,1,0,57,6,1,76295,,39449,County Championship Division Two 2026,2,48,Surrey Men,45,Yorkshire Men,8754375,2026-09-03T13:19:11Z,2,140,False,,,,2988,Matthew Revis,168,Matt Fisher,10322,Tom Lawes,Right,Wicketkeeper,0,0,0,0,,LengthBall,OutsideOff,,Missed,NoMovement,BackwardDefensive,AwaySwinger,Over,Medium,Right,Null,NotReferred,Null,False,False,False,False,False,True,,False,False,False,False,False,False,0,0,0,0,0,False,False,,
1638212,24,2.38,1,1,0,57,6,1,76295,,39449,County Championship Division Two 2026,2,48,Surrey Men,45,Yorkshire Men,8754379,2026-09-03T13:19:49Z,3,141,False,,,,2988,Matthew Revis,168,Matt Fisher,10322,Tom Lawes,Right,Mid On,0,0,0,0,,LengthBall,OffStump,,None,FrontFoot,Drive,NoMovement,Over,Medium,Right,Null,NotReferred,Null,False,False,False,False,False,True,,False,False,False,False,False,False,0,0,0,0,0,False,False,275.0,60.0
1638212,24,2.38,1,1,0,57,6,1,76295,,39449,County Championship Division Two 2026,2,48,Surrey Men,45,Yorkshire Men,8754393,2026-09-03T13:20:16Z,4,142,False,,,,2988,Matthew Revis,168,Matt Fisher,10322,Tom Lawes,Right,Second Slip,0,0,0,0,,LengthBall,OutsideOff,,BottomEdge,BackFoot,Cut,NoMovement,Over,Medium,Right,Null,NotReferred,Null,False,False,False,False,False,True,,False,False,False,False,False,False,0,0,0,0,0,False,False,103.0,74.0
1638212,24,2.38,1,1,0,57,6,1,76295,,39449,County Championship Division Two 2026,2,48,Surrey Men,45,Yorkshire Men,8754403,2026-09-03T13:20:52Z,5,143,False,,,,2988,Matthew Revis,168,Matt Fisher,10322,Tom Lawes,Right,Cover,0,0,0,0,,LengthBall,OutsideOff,,None,FrontFoot,ForwardDefensive,NoMovement,Over,Medium,Right,Null,NotReferred,Null,False,False,False,False,False,True,,False,False,False,False,False,False,0,0,0,0,0,False,False,188.0,63.0
1638212,24,2.38,1,1,0,57,6,1,76295,,39449,County Championship Division Two 2026,2,48,Surrey Men,45,Yorkshire Men,8754423,2026-09-03T13:21:22Z,6,144,False,,,,2988,Matthew Revis,168,Matt Fisher,10322,Tom Lawes,Right,Deep Backward Square Leg,1,0,1,1,,BackOfALength,OffStump,,None,BackFoot,Worked,NoMovement,Over,Medium,Right,Null,NotReferred,Null,False,False,False,False,False,True,,False,False,False,False,False,False,1,0,0,0,0,False,False,16.0,113.0
1638230,25,2.28,0,0,0,57,6,0,76295,,39449,County Championship Division Two 2026,2,48,Surrey Men,45,Yorkshire Men,8754447,2026-09-03T13:22:40Z,1,145,False,,,,520,Ben Coad,168,Matt Fisher,10322,Tom Lawes,Right,Wicketkeeper,0,0,0,0,,LengthBall,OutsideOff,,Left,NoMovement,NoShot,AwaySwinger,Over,Medium,Right,Null,NotReferred,Null,False,False,False,False,False,True,,False,False,False,False,False,False,0,0,0,0,0,False,False,,
1638230,25,2.28,0,0,0,57,6,0,76295,,39449,County Championship Division Two 2026,2,48,Surrey Men,45,Yorkshire Men,8754456,2026-09-03T13:23:10Z,2,146,False,,,,520,Ben Coad,168,Matt Fisher,10322,Tom Lawes,Right,Cover,0,0,0,0,,LengthBall,OffStump,,None,BackFoot,BackwardDefensive,NoMovement,Over,Medium,Right,Null,NotReferred,Null,False,False,False,False,False,True,,False,False,False,False,False,False,0,0,0,0,0,False,False,196.0,62.0
1638230,25,2.28,0,0,0,57,6,0,76295,,39449,County Championship Division Two 2026,2,48,Surrey Men,45,Yorkshire Men,8754470,2026-09-03T13:23:49Z,3,147,False,,,,520,Ben Coad,168,Matt Fisher,10322,Tom Lawes,Right,Cover,0,0,0,0,,BackOfALength,MiddleStump,,HitPad,BackFoot,BackwardDefensive,NoMovement,Over,Medium,Right,Null,NotReferred,Null,False,False,False,False,False,True,,False,False,False,False,False,False,0,0,0,0,0,False,False,196.0,62.0
1638230,25,2.28,0,0,0,57,6,0,76295,,39449,County Championship Division Two 2026,2,48,Surrey Men,45,Yorkshire Men,8754481,2026-09-03T13:24:19Z,4,148,False,,,,520,Ben Coad,168,Matt Fisher,10322,Tom Lawes,Right,Wicketkeeper,0,0,0,0,,LengthBall,OutsideOff,,Left,NoMovement,Leave,AwaySwinger,Over,Medium,Right,Null,NotReferred,Null,False,False,False,False,False,True,,False,False,False,False,False,False,0,0,0,0,0,False,False,,
1638230,25,2.28,0,0,0,57,6,0,76295,,39449,County Championship Division Two 2026,2,48,Surrey Men,45,Yorkshire Men,8754497,2026-09-03T13:24:52Z,5,149,False,,,,520,Ben Coad,168,Matt Fisher,10322,Tom Lawes,Right,Wicketkeeper,0,0,0,0,,LengthBall,OutsideOff,,Missed,FrontFoot,ForwardDefensive,AwaySwinger,Over,Medium,Right,Null,NotReferred,Null,False,False,False,False,False,True,,False,False,False,False,False,False,0,0,0,0,0,False,False,,
1638230,25,2.28,0,0,0,57,6,0,76295,,39449,County Championship Division Two 2026,2,48,Surrey Men,45,Yorkshire Men,8754510,2026-09-03T13:25:26Z,6,150,False,,,,520,Ben Coad,168,Matt Fisher,10322,Tom Lawes,Right,Third Slip,0,0,0,0,,LengthBall,OutsideOff,,None,BackFoot,Steer,NoMovement,Over,Medium,Right,Null,NotReferred,Null,False,False,False,False,False,True,,False,False,False,False,False,False,0,0,0,0,0,False,False,148.0,64.0
1638245,26,2.38,5,1,0,62,7,5,76295,,39449,County Championship Division Two 2026,2,48,Surrey Men,45,Yorkshire Men,8754531,2026-09-03T13:26:23Z,1,151,False,,,,2988,Matthew Revis,10322,Tom Lawes,168,Matt Fisher,Right,Third Slip,0,0,0,0,,LengthBall,OutsideOff,,OutsideEdge,BackFoot,BackwardDefensive,NoMovement,Over,Medium,Right,Null,NotReferred,Null,False,False,False,False,False,True,,False,False,False,False,False,False,0,0,0,0,0,False,False,126.0,69.0
1638245,26,2.38,5,1,0,62,7,5,76295,,39449,County Championship Division Two 2026,2,48,Surrey Men,45,Yorkshire Men,8754540,2026-09-03T13:27:01Z,2,152,False,,,,2988,Matthew Revis,10322,Tom Lawes,168,Matt Fisher,Right,Cover,0,0,0,0,,LengthBall,OutsideOff,,None,FrontFoot,Drive,NoMovement,Over,Medium,Right,Null,NotReferred,Null,False,False,False,False,False,True,,False,False,False,False,False,False,0,0,0,0,0,False,False,203.0,66.0
1638245,26,2.38,5,1,0,62,7,5,76295,,39449,County Championship Division Two 2026,2,48,Surrey Men,45,Yorkshire Men,8754555,2026-09-03T13:27:35Z,3,153,False,,,,2988,Matthew Revis,10322,Tom Lawes,168,Matt Fisher,Right,Fine Leg,0,4,4,0,,BackOfALength,LegStump,,HitPad,BackFoot,Glance,NoMovement,Over,Medium,Right,Null,NotReferred,Null,False,False,False,True,False,True,,False,False,False,False,False,False,4,0,0,4,0,False,False,76.0,166.0
1638245,26,2.38,5,1,0,62,7,5,76295,,39449,County Championship Division Two 2026,2,48,Surrey Men,45,Yorkshire Men,8754587,2026-09-03T13:28:22Z,4,154,True,Caught,10322.0,Tom Lawes,2988,Matthew Revis,10322,Tom Lawes,168,Matt Fisher,Right,Third Slip,0,0,0,0,Caught,LengthBall,OutsideOff,Caught,OutsideEdge,FrontFoot,Drive,AwaySwinger,Over,Medium,Right,Null,NotReferred,Null,False,False,False,False,False,True,1823.0,False,False,False,False,False,False,0,0,0,0,0,False,False,120.0,85.0
1638245,26,2.38,5,1,0,62,7,5,76295,,39449,County Championship Division Two 2026,2,48,Surrey Men,45,Yorkshire Men,8754630,2026-09-03T13:30:40Z,5,155,False,,,,2988,Matthew Revis,7215,Auqib Nabi,168,Matt Fisher,Right,Wicketkeeper,0,0,0,0,,LengthBall,OutsideOff,,Left,NoMovement,NoShot,AwaySwinger,Over,Medium,Right,Null,NotReferred,Null,False,False,False,False,False,True,,False,False,False,False,False,False,0,0,0,0,0,False,False,,
1638245,26,2.38,5,1,0,62,7,5,76295,,39449,County Championship Division Two 2026,2,48,Surrey Men,45,Yorkshire Men,8754643,2026-09-03T13:31:16Z,6,156,False,,,,2988,Matthew Revis,7215,Auqib Nabi,168,Matt Fisher,Right,Fine Leg,1,0,1,1,,BackOfALength,MiddleStump,,None,BackFoot,Worked,NoMovement,Over,Medium,Right,Null,NotReferred,Null,False,False,False,False,False,True,,False,False,False,False,False,False,1,0,0,0,0,False,False,42.0,127.0
1638266,27,2.3,0,1,0,62,8,0,76295,,39449,County Championship Division Two 2026,2,48,Surrey Men,45,Yorkshire Men,8754667,2026-09-03T13:32:19Z,1,157,False,,,,520,Ben Coad,7215,Auqib Nabi,168,Matt Fisher,Right,Mid On,0,0,0,0,,LengthBall,OffStump,,None,FrontFoot,ForwardDefensive,NoMovement,Over,Medium,Right,Null,NotReferred,Null,False,False,False,False,False,True,,False,False,False,False,False,False,0,0,0,0,0,False,False,286.0,74.0
1638266,27,2.3,0,1,0,62,8,0,76295,,39449,County Championship Division Two 2026,2,48,Surrey Men,45,Yorkshire Men,8754677,2026-09-03T13:32:50Z,2,158,False,,,,520,Ben Coad,7215,Auqib Nabi,168,Matt Fisher,Right,,0,0,0,0,,LengthBall,OffStump,,BatPad,FrontFoot,ForwardDefensive,NoMovement,Over,Medium,Right,Null,NotReferred,Null,False,False,False,False,False,True,,False,False,False,False,False,False,0,0,0,0,0,False,False,,
1638266,27,2.3,0,1,0,62,8,0,76295,,39449,County Championship Division Two 2026,2,48,Surrey Men,45,Yorkshire Men,8754691,2026-09-03T13:33:24Z,3,159,False,,,,520,Ben Coad,7215,Auqib Nabi,168,Matt Fisher,Right,Wicketkeeper,0,0,0,0,,LengthBall,OutsideOff,,Missed,FrontFoot,ForwardDefensive,AwaySwinger,Over,Medium,Right,Null,NotReferred,Null,False,False,False,False,False,True,,False,False,False,False,False,False,0,0,0,0,0,False,False,,
1638266,27,2.3,0,1,0,62,8,0,76295,,39449,County Championship Division Two 2026,2,48,Surrey Men,45,Yorkshire Men,8754707,2026-09-03T13:34:08Z,4,160,False,,,,520,Ben Coad,7215,Auqib Nabi,168,Matt Fisher,Right,Extra Cover,0,0,0,0,,LengthBall,OffStump,,None,FrontFoot,ForwardDefensive,NoMovement,Over,Medium,Right,Null,NotReferred,Null,False,False,False,False,False,True,,False,False,False,False,False,False,0,0,0,0,0,False,False,232.0,64.0
1638266,27,2.3,0,1,0,62,8,0,76295,,39449,County Championship Division Two 2026,2,48,Surrey Men,45,Yorkshire Men,8754725,2026-09-03T13:34:52Z,5,161,False,,,,520,Ben Coad,7215,Auqib Nabi,168,Matt Fisher,Right,Extra Cover,0,0,0,0,,LengthBall,OffStump,,None,BackFoot,BackwardDefensive,NoMovement,Over,Medium,Right,Null,NotReferred,Null,False,False,False,False,False,True,,False,False,False,False,False,False,0,0,0,0,0,False,False,211.0,53.0
1638266,27,2.3,0,1,0,62,8,0,76295,,39449,County Championship Division Two 2026,2,48,Surrey Men,45,Yorkshire Men,8754748,2026-09-03T13:35:24Z,6,162,True,Caught,7215.0,Auqib Nabi,520,Ben Coad,7215,Auqib Nabi,168,Matt Fisher,Right,Mid Off,0,0,0,0,Caught,HalfVolley,OffStump,Caught,LeadingEdge,FrontFoot,Flick,NoMovement,Over,Medium,Right,Null,NotReferred,Null,False,False,False,False,False,True,1906.0,False,False,False,False,False,False,0,0,0,0,0,False,True,253.0,86.0
1638286,28,2.61,11,0,0,73,8,11,76295,,39449,County Championship Division Two 2026,2,48,Surrey Men,45,Yorkshire Men,8754787,2026-09-03T13:37:25Z,1,163,False,,,,2988,Matthew Revis,168,Matt Fisher,10929,Rahul Chahar,Right,Extra Cover,0,0,0,0,,LengthBall,OutsideOff,,None,BackFoot,BackwardDefensive,NoMovement,Over,Medium,Right,Null,NotReferred,Null,False,False,False,False,False,True,,False,False,False,False,False,False,0,0,0,0,0,False,False,234.0,72.0
1638286,28,2.61,11,0,0,73,8,11,76295,,39449,County Championship Division Two 2026,2,48,Surrey Men,45,Yorkshire Men,8754799,2026-09-03T13:37:56Z,2,164,False,,,,2988,Matthew Revis,168,Matt Fisher,10929,Rahul Chahar,Right,,6,0,6,6,,BackOfALength,OutsideOff,,WellTimed,BackFoot,UpperCut,NoMovement,Over,Medium,Right,Null,NotReferred,Null,False,False,False,False,True,True,,False,False,False,False,False,False,6,0,0,0,0,True,False,158.0,174.0
1638286,28,2.61,11,0,0,73,8,11,76295,,39449,County Championship Division Two 2026,2,48,Surrey Men,45,Yorkshire Men,8754817,2026-09-03T13:38:54Z,3,165,False,,,,2988,Matthew Revis,168,Matt Fisher,10929,Rahul Chahar,Right,,4,0,4,4,,LengthBall,OutsideOff,,WellTimed,BacksAway,Drive,NoMovement,Over,Medium,Right,Null,NotReferred,Null,False,False,False,False,False,True,,False,False,False,False,False,False,4,0,0,0,0,True,False,162.0,173.0
1638286,28,2.61,11,0,0,73,8,11,76295,,39449,County Championship Division Two 2026,2,48,Surrey Men,45,Yorkshire Men,8754833,2026-09-03T13:39:33Z,4,166,False,,,,2988,Matthew Revis,168,Matt Fisher,10929,Rahul Chahar,Right,Bowler,0,0,0,0,,HalfVolley,OffStump,,None,BacksAway,Drive,NoMovement,Over,Medium,Right,Null,NotReferred,Null,False,False,False,False,False,True,,False,False,False,False,False,False,0,0,0,0,0,False,False,,
1638286,28,2.61,11,0,0,73,8,11,76295,,39449,County Championship Division Two 2026,2,48,Surrey Men,45,Yorkshire Men,8754848,2026-09-03T13:40:03Z,5,167,False,,,,2988,Matthew Revis,168,Matt Fisher,10929,Rahul Chahar,Right,Deep Backward Point,1,0,1,1,,LengthBall,OutsideOff,,None,BackFoot,LateCut,NoMovement,Over,Medium,Right,Null,NotReferred,Null,False,False,False,False,False,True,,False,False,False,False,False,False,1,0,0,0,0,False,False,164.0,163.0
1638286,28,2.61,11,0,0,73,8,11,76295,,39449,County Championship Division Two 2026,2,48,Surrey Men,45,Yorkshire Men,8754865,2026-09-03T13:40:43Z,6,168,False,,,,2988,Matthew Revis,10929,Rahul Chahar,168,Matt Fisher,Right,Extra Cover,0,0,0,0,,LengthBall,OutsideOff,,None,BackFoot,BackwardDefensive,NoMovement,Over,Medium,Right,Null,NotReferred,Null,False,False,False,False,False,True,,False,False,False,False,False,False,0,0,0,0,0,False,False,224.0,44.0
1638304,29,2.76,7,1,0,80,9,7,76295,,39449,County Championship Division Two 2026,2,48,Surrey Men,45,Yorkshire Men,8754891,2026-09-03T13:42:02Z,1,169,False,,,,520,Ben Coad,168,Matt Fisher,10929,Rahul Chahar,Right,Bowler,0,0,0,0,,LengthBall,OffStump,,None,FrontFoot,ForwardDefensive,NoMovement,Over,Medium,Right,Null,NotReferred,Null,False,False,False,False,False,True,,False,False,False,False,False,False,0,0,0,0,0,False,False,,
1638304,29,2.76,7,1,0,80,9,7,76295,,39449,County Championship Division Two 2026,2,48,Surrey Men,45,Yorkshire Men,8754918,2026-09-03T13:42:37Z,2,170,True,Caught,168.0,Matt Fisher,520,Ben Coad,168,Matt Fisher,10929,Rahul Chahar,Right,First Slip,0,0,0,0,Caught,BackOfALength,OutsideOff,Caught,OutsideEdge,BackFoot,LateCut,NoMovement,Over,Medium,Right,Null,NotReferred,Null,False,False,False,False,False,True,1906.0,False,False,False,False,False,False,0,0,0,0,0,False,False,113.0,62.0
1638304,29,2.76,7,1,0,80,9,7,76295,,39449,County Championship Division Two 2026,2,48,Surrey Men,45,Yorkshire Men,8754958,2026-09-03T13:44:49Z,3,171,False,,,,520,Ben Coad,785,Dan Worrall,10929,Rahul Chahar,Right,Wicketkeeper,0,0,0,0,,LengthBall,OutsideOff,,None,BackFoot,Pushed,NoMovement,Over,Medium,Right,Null,NotReferred,Null,False,False,False,False,False,True,,False,False,False,False,False,False,0,0,0,0,0,False,False,,
1638304,29,2.76,7,1,0,80,9,7,76295,,39449,County Championship Division Two 2026,2,48,Surrey Men,45,Yorkshire Men,8754968,2026-09-03T13:45:25Z,4,172,False,,,,520,Ben Coad,785,Dan Worrall,10929,Rahul Chahar,Right,Wicketkeeper,0,0,0,0,,LengthBall,OutsideOff,,Missed,FrontFoot,Slog,NoMovement,Over,Medium,Right,Null,NotReferred,Null,False,False,False,False,False,True,,False,False,False,False,False,False,0,0,0,0,0,False,False,,
1638304,29,2.76,7,1,0,80,9,7,76295,,39449,County Championship Division Two 2026,2,48,Surrey Men,45,Yorkshire Men,8754983,2026-09-03T13:45:57Z,5,173,False,,,,520,Ben Coad,785,Dan Worrall,10929,Rahul Chahar,Right,Deep Backward Square Leg,1,0,1,1,,LengthBall,OffStump,,None,BackFoot,Pull,NoMovement,Over,Medium,Right,Null,NotReferred,Null,False,False,False,False,False,True,,False,False,False,False,False,False,1,0,0,0,0,False,False,14.0,145.0
1638304,29,2.76,7,1,0,80,9,7,76295,,39449,County Championship Division Two 2026,2,48,Surrey Men,45,Yorkshire Men,8755001,2026-09-03T13:46:34Z,6,174,False,,,,520,Ben Coad,10929,Rahul Chahar,785,Dan Worrall,Right,,6,0,6,6,,LengthBall,MiddleStump,,None,BacksAway,Slog,NoMovement,Over,Medium,Right,Null,NotReferred,Null,False,False,False,False,True,True,,False,False,False,False,False,False,6,0,0,0,0,True,False,349.0,172.0
1638328,30,2.77,3,1,0,83,10,3,76295,,39449,County Championship Division Two 2026,2,48,Surrey Men,45,Yorkshire Men,8755056,2026-09-03T13:48:43Z,1,175,False,,,,7012,Jack White,785,Dan Worrall,10929,Rahul Chahar,Right,Wicketkeeper,0,0,0,0,,BackOfALength,OutsideOff,,Missed,BacksAway,Pushed,NoMovement,Over,Medium,Right,Null,NotReferred,Null,False,False,False,False,False,True,,False,False,False,False,False,False,0,0,0,0,0,False,False,,
1638328,30,2.77,3,1,0,83,10,3,76295,,39449,County Championship Division Two 2026,2,48,Surrey Men,45,Yorkshire Men,8755064,2026-09-03T13:49:19Z,2,176,False,,,,7012,Jack White,785,Dan Worrall,10929,Rahul Chahar,Right,Wicketkeeper,0,0,0,0,,LengthBall,OutsideOff,,Missed,FrontFoot,Slog,NoMovement,Over,Medium,Right,Null,NotReferred,Null,False,False,False,False,False,True,,False,False,False,False,False,False,0,0,0,0,0,False,False,,
1638328,30,2.77,3,1,0,83,10,3,76295,,39449,County Championship Division Two 2026,2,48,Surrey Men,45,Yorkshire Men,8755087,2026-09-03T13:50:06Z,3,177,False,,,,7012,Jack White,785,Dan Worrall,10929,Rahul Chahar,Right,Deep Backward Point,2,0,2,2,,LengthBall,MiddleStump,,None,BacksAway,Steer,NoMovement,Over,Medium,Right,Null,NotReferred,Null,False,False,False,False,False,True,,False,False,False,False,False,False,2,0,0,0,0,False,False,153.0,146.0
1638328,30,2.77,3,1,0,83,10,3,76295,,39449,County Championship Division Two 2026,2,48,Surrey Men,45,Yorkshire Men,8755109,2026-09-03T13:50:57Z,4,178,False,,,,7012,Jack White,785,Dan Worrall,10929,Rahul Chahar,Right,Short Fine Leg,0,0,0,0,,LengthBall,OutsideOff,,InsideEdge,BacksAway,BackwardDefensive,NoMovement,Over,Medium,Right,Null,NotReferred,Null,False,False,False,False,False,True,,False,False,False,False,False,False,0,0,0,0,0,False,False,61.0,46.0
1638328,30,2.77,3,1,0,83,10,3,76295,,39449,County Championship Division Two 2026,2,48,Surrey Men,45,Yorkshire Men,8755130,2026-09-03T13:51:42Z,5,179,False,,,,7012,Jack White,785,Dan Worrall,10929,Rahul Chahar,Right,Deep Backward Square Leg,1,0,1,1,,HalfVolley,OutsideOff,,InsideEdge,BacksAway,Slog,NoMovement,Over,Medium,Right,Null,NotReferred,Null,False,False,False,False,False,True,,False,False,False,False,False,False,1,0,0,0,0,False,False,15.0,115.0
1638328,30,2.77,3,1,0,83,10,3,76295,,39449,County Championship Division Two 2026,2,48,Surrey Men,45,Yorkshire Men,8755164,2026-09-03T13:52:32Z,6,180,True,Caught,10929.0,Rahul Chahar,7012,Jack White,10929,Rahul Chahar,785,Dan Worrall,Right,Deep Square Leg,0,0,0,0,Caught,LengthBall,OutsideOff,Caught,MisTimed,BackFoot,Slog,NoMovement,Over,Medium,Right,Null,NotReferred,Null,False,False,False,False,False,True,1823.0,False,False,False,False,False,False,0,0,0,0,0,False,True,352.0,113.0
1638396,2,1.0,2,0,0,2,0,2,76307,,39449,County Championship Division Two 2026,3,45,Yorkshire Men,48,Surrey Men,8755449,2026-09-03T14:05:52Z,1,7,False,,,,168,Matt Fisher,7989,Will Luxton,156,Adam Lyth,Right,Wicketkeeper,0,0,0,0,,LengthBall,OffStump,,Missed,BackFoot,Pushed,AwaySwinger,Over,FastSeam,Right,Null,NotReferred,Null,False,False,False,False,False,True,,False,False,False,False,False,False,0,0,0,0,0,False,False,,
1638396,2,1.0,2,0,0,2,0,2,76307,,39449,County Championship Division Two 2026,3,45,Yorkshire Men,48,Surrey Men,8755464,2026-09-03T14:06:29Z,2,8,False,,,,168,Matt Fisher,7989,Will Luxton,156,Adam Lyth,Right,Cover,0,0,0,0,,HalfVolley,OffStump,,None,FrontFoot,Drive,NoMovement,Over,FastSeam,Right,Null,NotReferred,Null,False,False,False,False,False,True,,False,False,False,False,False,False,0,0,0,0,0,False,False,186.0,81.0
1638396,2,1.0,2,0,0,2,0,2,76307,,39449,County Championship Division Two 2026,3,45,Yorkshire Men,48,Surrey Men,8755478,2026-09-03T14:07:08Z,3,9,False,,,,168,Matt Fisher,7989,Will Luxton,156,Adam Lyth,Right,Cover,0,0,0,0,,LengthBall,OffStump,,None,BackFoot,BackwardDefensive,NoMovement,Over,FastSeam,Right,Null,NotReferred,Null,False,False,False,False,False,True,,False,False,False,False,False,False,0,0,0,0,0,False,False,182.0,73.0
1638396,2,1.0,2,0,0,2,0,2,76307,,39449,County Championship Division Two 2026,3,45,Yorkshire Men,48,Surrey Men,8755489,2026-09-03T14:07:44Z,4,10,False,,,,168,Matt Fisher,7989,Will Luxton,156,Adam Lyth,Right,Mid On,0,0,0,0,,HalfVolley,OffStump,,WellTimed,FrontFoot,Drive,NoMovement,Over,FastSeam,Right,Null,NotReferred,Null,False,False,False,False,False,True,,False,False,False,False,False,False,0,0,0,0,0,False,False,284.0,93.0
1638396,2,1.0,2,0,0,2,0,2,76307,,39449,County Championship Division Two 2026,3,45,Yorkshire Men,48,Surrey Men,8755506,2026-09-03T14:08:24Z,5,11,False,,,,168,Matt Fisher,7989,Will Luxton,156,Adam Lyth,Right,Third Man,2,0,2,2,,HalfVolley,OutsideOff,,ThickEdge,FrontFoot,Drive,NoMovement,Over,FastSeam,Right,Null,NotReferred,Null,False,False,False,False,False,True,,False,False,False,False,False,False,2,0,0,0,0,False,False,144.0,145.0
1638396,2,1.0,2,0,0,2,0,2,76307,,39449,County Championship Division Two 2026,3,45,Yorkshire Men,48,Surrey Men,8755522,2026-09-03T14:09:06Z,6,12,False,,,,168,Matt Fisher,7989,Will Luxton,156,Adam Lyth,Right,Wicketkeeper,0,0,0,0,,LengthBall,OutsideOff,,ShouldersArms,NoMovement,ShouldersArms,AwaySwinger,Over,FastSeam,Right,Null,NotReferred,Null,False,False,False,False,False,True,,False,False,False,False,False,False,0,0,0,0,0,False,False,,
1638409,3,2.33,5,0,0,7,0,5,76307,,39449,County Championship Division Two 2026,3,45,Yorkshire Men,48,Surrey Men,8755539,2026-09-03T14:09:50Z,1,13,False,,,,785,Dan Worrall,156,Adam Lyth,7989,Will Luxton,Left,Wicketkeeper,0,0,0,0,,HalfVolley,OutsideOff,,Left,NoMovement,NoShot,NoMovement,Over,FastSeam,Right,Null,NotReferred,Null,False,False,False,False,False,True,,False,False,False,False,False,False,0,0,0,0,0,False,False,,
1638409,3,2.33,5,0,0,7,0,5,76307,,39449,County Championship Division Two 2026,3,45,Yorkshire Men,48,Surrey Men,8755549,2026-09-03T14:10:29Z,2,14,False,,,,785,Dan Worrall,156,Adam Lyth,7989,Will Luxton,Left,Mid Off,0,0,0,0,,LengthBall,LegStump,,Middled,BackFoot,BackwardDefensive,NoMovement,Over,FastSeam,Right,Null,NotReferred,Null,False,False,False,False,False,True,,False,False,False,False,False,False,0,0,0,0,0,False,False,286.0,55.0
1638409,3,2.33,5,0,0,7,0,5,76307,,39449,County Championship Division Two 2026,3,45,Yorkshire Men,48,Surrey Men,8755561,2026-09-03T14:11:05Z,3,15,False,,,,785,Dan Worrall,156,Adam Lyth,7989,Will Luxton,Left,Cover,0,0,0,0,,BackOfALength,MiddleStump,,MisTimed,BackFoot,BackwardDefensive,NoMovement,Over,FastSeam,Right,Null,NotReferred,Null,False,False,False,False,False,True,,False,False,False,False,False,False,0,0,0,0,0,False,False,356.0,38.0
1638409,3,2.33,5,0,0,7,0,5,76307,,39449,County Championship Division Two 2026,3,45,Yorkshire Men,48,Surrey Men,8755568,2026-09-03T14:11:37Z,4,16,False,,,,785,Dan Worrall,156,Adam Lyth,7989,Will Luxton,Left,,0,0,0,0,,LengthBall,DownLeg,,PlayAndMissLegSide,BackFoot,Glance,NoMovement,Over,FastSeam,Right,Null,NotReferred,Null,False,False,False,False,False,True,,False,False,False,False,False,False,0,0,0,0,0,False,False,,
1638409,3,2.33,5,0,0,7,0,5,76307,,39449,County Championship Division Two 2026,3,45,Yorkshire Men,48,Surrey Men,8755590,2026-09-03T14:12:08Z,5,17,False,,,,785,Dan Worrall,156,Adam Lyth,7989,Will Luxton,Left,Square Leg,0,1,1,0,,LengthBall,LegStump,,HitPad,BackFoot,Worked,NoMovement,Over,FastSeam,Right,Null,NotReferred,Null,False,False,False,True,False,True,,False,False,False,False,False,False,1,0,0,1,0,False,False,180.0,36.0
1638409,3,2.33,5,0,0,7,0,5,76307,,39449,County Championship Division Two 2026,3,45,Yorkshire Men,48,Surrey Men,8755604,2026-09-03T14:12:57Z,6,18,False,,,,785,Dan Worrall,7989,Will Luxton,156,Adam Lyth,Right,,4,0,4,4,,LengthBall,OffStump,,WellTimed,BackFoot,Flick,NoMovement,Over,FastSeam,Right,Null,NotReferred,Null,False,False,False,False,False,True,,False,False,False,False,False,False,4,0,0,0,0,True,False,358.0,170.0
1638425,4,2.75,4,2,0,11,2,4,76307,,39449,County Championship Division Two 2026,3,45,Yorkshire Men,48,Surrey Men,8755638,2026-09-03T14:14:07Z,1,19,True,Caught,156.0,Adam Lyth,168,Matt Fisher,156,Adam Lyth,7989,Will Luxton,Left,Extra Cover,0,0,0,0,Caught,LengthBall,OutsideOff,Caught,MisTimed,FrontFoot,Drive,NoMovement,Over,FastSeam,Right,Null,NotReferred,Null,False,False,False,False,False,True,1823.0,False,False,False,False,False,False,0,0,0,0,0,False,True,314.0,85.0
1638425,4,2.75,4,2,0,11,2,4,76307,,39449,County Championship Division Two 2026,3,45,Yorkshire Men,48,Surrey Men,8755676,2026-09-03T14:16:10Z,2,20,True,Bowled,963.0,Sam Whiteman,168,Matt Fisher,963,Sam Whiteman,7989,Will Luxton,Left,,0,0,0,0,Bowled,HalfVolley,OffStump,Bowled,None,FrontFoot,ForwardDefensive,InSwinger,Over,FastSeam,Right,Null,NotReferred,Null,False,False,False,False,False,True,1823.0,False,False,False,False,False,False,0,0,0,0,0,False,False,,
1638425,4,2.75,4,2,0,11,2,4,76307,,39449,County Championship Division Two 2026,3,45,Yorkshire Men,48,Surrey Men,8755730,2026-09-03T14:18:44Z,3,21,False,,,,168,Matt Fisher,7094,James Wharton,7989,Will Luxton,Right,,4,0,4,4,,HalfVolley,LegStump,,WellTimed,FrontFoot,Flick,NoMovement,Over,FastSeam,Right,Null,NotReferred,Null,False,False,False,False,False,True,,False,False,False,False,False,False,4,0,0,0,0,True,False,331.0,175.0
1638425,4,2.75,4,2,0,11,2,4,76307,,39449,County Championship Division Two 2026,3,45,Yorkshire Men,48,Surrey Men,8755735,2026-09-03T14:19:24Z,4,22,False,,,,168,Matt Fisher,7094,James Wharton,7989,Will Luxton,Right,Wicketkeeper,0,0,0,0,,LengthBall,OutsideOff,,Missed,FrontFoot,ForwardDefensive,AwaySwinger,Over,FastSeam,Right,Null,NotReferred,Null,False,False,False,False,False,True,,False,False,False,False,False,False,0,0,0,0,0,False,False,,
1638425,4,2.75,4,2,0,11,2,4,76307,,39449,County Championship Division Two 2026,3,45,Yorkshire Men,48,Surrey Men,8755751,2026-09-03T14:20:03Z,5,23,False,,,,168,Matt Fisher,7094,James Wharton,7989,Will Luxton,Right,Cover,0,0,0,0,,LengthBall,OffStump,,None,FrontFoot,ForwardDefensive,NoMovement,Over,FastSeam,Right,Null,NotReferred,Null,False,False,False,False,False,True,,False,False,False,False,False,False,0,0,0,0,0,False,False,183.0,70.0
1638425,4,2.75,4,2,0,11,2,4,76307,,39449,County Championship Division Two 2026,3,45,Yorkshire Men,48,Surrey Men,8755764,2026-09-03T14:20:43Z,6,24,False,,,,168,Matt Fisher,7094,James Wharton,7989,Will Luxton,Right,Wicketkeeper,0,0,0,0,,BackOfALength,OutsideOff,,Missed,BackFoot,BackwardDefensive,SeamAway,Over,FastSeam,Right,Null,NotReferred,Null,False,False,False,False,False,True,,False,False,False,False,False,False,0,0,0,0,0,False,False,,
1638450,5,2.8,3,0,0,14,2,3,76307,,39449,County Championship Division Two 2026,3,45,Yorkshire Men,48,Surrey Men,8755782,2026-09-03T14:21:41Z,1,25,False,,,,785,Dan Worrall,7989,Will Luxton,7094,James Wharton,Right,Mid On,0,0,0,0,,LengthBall,OutsideOff,,None,FrontFoot,Drive,NoMovement,Over,FastSeam,Right,Null,NotReferred,Null,False,False,False,False,False,True,,False,False,False,False,False,False,0,0,0,0,0,False,False,284.0,60.0
1638450,5,2.8,3,0,0,14,2,3,76307,,39449,County Championship Division Two 2026,3,45,Yorkshire Men,48,Surrey Men,8755790,2026-09-03T14:22:09Z,2,26,False,,,,785,Dan Worrall,7989,Will Luxton,7094,James Wharton,Right,Wicketkeeper,0,0,0,0,,LengthBall,OutsideOff,,Left,NoMovement,Leave,NoMovement,Over,FastSeam,Right,Null,NotReferred,Null,False,False,False,False,False,True,,False,False,False,False,False,False,0,0,0,0,0,False,False,,
1638450,5,2.8,3,0,0,14,2,3,76307,,39449,County Championship Division Two 2026,3,45,Yorkshire Men,48,Surrey Men,8755803,2026-09-03T14:22:44Z,3,27,False,,,,785,Dan Worrall,7989,Will Luxton,7094,James Wharton,Right,Extra Cover,0,0,0,0,,HalfVolley,OffStump,,None,FrontFoot,Drive,NoMovement,Over,FastSeam,Right,Null,NotReferred,Null,False,False,False,False,False,True,,False,False,False,False,False,False,0,0,0,0,0,False,False,230.0,67.0
1638450,5,2.8,3,0,0,14,2,3,76307,,39449,County Championship Division Two 2026,3,45,Yorkshire Men,48,Surrey Men,8755818,2026-09-03T14:23:19Z,4,28,False,,,,785,Dan Worrall,7989,Will Luxton,7094,James Wharton,Right,Deep Backward Square Leg,2,0,2,2,,LengthBall,OutsideOff,,InsideEdge,FrontFoot,ForwardDefensive,NoMovement,Over,FastSeam,Right,Null,NotReferred,Null,False,False,False,False,False,True,,False,False,False,False,False,False,2,0,0,0,0,False,False,10.0,116.0
1638450,5,2.8,3,0,0,14,2,3,76307,,39449,County Championship Division Two 2026,3,45,Yorkshire Men,48,Surrey Men,8755828,2026-09-03T14:23:59Z,5,29,False,,,,785,Dan Worrall,7989,Will Luxton,7094,James Wharton,Right,Cover,1,0,1,1,,HalfVolley,OutsideOff,,None,FrontFoot,Drive,NoMovement,Over,FastSeam,Right,Null,NotReferred,Null,False,False,False,False,False,True,,False,False,False,False,False,False,1,0,0,0,0,False,False,185.0,91.0
1638450,5,2.8,3,0,0,14,2,3,76307,,39449,County Championship Division Two 2026,3,45,Yorkshire Men,48,Surrey Men,8755843,2026-09-03T14:24:40Z,6,30,False,,,,785,Dan Worrall,7094,James Wharton,7989,Will Luxton,Right,Wicketkeeper,0,0,0,0,,LengthBall,OutsideOff,,Left,NoMovement,NoShot,AwaySwinger,Over,FastSeam,Right,Null,NotReferred,Null,False,False,False,False,False,True,,False,False,False,False,False,False,0,0,0,0,0,False,False,,
1638461,6,4.0,10,0,0,24,2,10,76307,,39449,County Championship Division Two 2026,3,45,Yorkshire Men,48,Surrey Men,8755856,2026-09-03T14:25:25Z,1,31,False,,,,168,Matt Fisher,7989,Will Luxton,7094,James Wharton,Right,Cover,0,0,0,0,,LengthBall,OffStump,,None,BackFoot,BackwardDefensive,NoMovement,Over,FastSeam,Right,Null,NotReferred,Null,False,False,False,False,False,True,,False,False,False,False,False,False,0,0,0,0,0,False,False,185.0,69.0
1638461,6,4.0,10,0,0,24,2,10,76307,,39449,County Championship Division Two 2026,3,45,Yorkshire Men,48,Surrey Men,8755867,2026-09-03T14:26:06Z,2,32,False,,,,168,Matt Fisher,7989,Will Luxton,7094,James Wharton,Right,Mid Off,0,0,0,0,,LengthBall,OutsideOff,,None,FrontFoot,Drive,NoMovement,Over,FastSeam,Right,Null,NotReferred,Null,False,False,False,False,False,True,,False,False,False,False,False,False,0,0,0,0,0,False,False,242.0,70.0
1638461,6,4.0,10,0,0,24,2,10,76307,,39449,County Championship Division Two 2026,3,45,Yorkshire Men,48,Surrey Men,8755886,2026-09-03T14:26:44Z,3,33,False,,,,168,Matt Fisher,7989,Will Luxton,7094,James Wharton,Right,,4,0,4,4,,HalfVolley,OffStump,,WellTimed,FrontFoot,Drive,AwaySwinger,Over,FastSeam,Right,Null,NotReferred,Null,False,False,False,False,False,True,,False,False,False,False,False,False,4,0,0,0,0,True,False,277.0,180.0
1638461,6,4.0,10,0,0,24,2,10,76307,,39449,County Championship Division Two 2026,3,45,Yorkshire Men,48,Surrey Men,8755897,2026-09-03T14:27:25Z,4,34,False,,,,168,Matt Fisher,7989,Will Luxton,7094,James Wharton,Right,Deep Backward Point,2,0,2,2,,HalfVolley,OffStump,,ThickEdge,FrontFoot,ForwardDefensive,NoMovement,Over,FastSeam,Right,Null,NotReferred,Null,False,False,False,False,False,True,,False,False,False,False,False,False,2,0,0,0,0,False,False,155.0,111.0
1638461,6,4.0,10,0,0,24,2,10,76307,,39449,County Championship Division Two 2026,3,45,Yorkshire Men,48,Surrey Men,8755914,2026-09-03T14:28:06Z,5,35,False,,,,168,Matt Fisher,7989,Will Luxton,7094,James Wharton,Right,,4,0,4,4,,LengthBall,OffStump,,OutsideEdge,FrontFoot,ForwardDefensive,NoMovement,Over,FastSeam,Right,Null,NotReferred,Null,False,False,False,False,False,True,,False,False,False,False,False,False,4,0,0,0,0,True,False,108.0,160.0
1638461,6,4.0,10,0,0,24,2,10,76307,,39449,County Championship Division Two 2026,3,45,Yorkshire Men,48,Surrey Men,8755924,2026-09-03T14:28:46Z,6,36,False,,,,168,Matt Fisher,7989,Will Luxton,7094,James Wharton,Right,Cover,0,0,0,0,,LengthBall,OffStump,,None,BackFoot,BackwardDefensive,NoMovement,Over,FastSeam,Right,Null,NotReferred,Null,False,False,False,False,False,True,,False,False,False,False,False,False,0,0,0,0,0,False,False,202.0,56.0
1638479,7,3.43,0,0,0,24,2,0,76307,,39449,County Championship Division Two 2026,3,45,Yorkshire Men,48,Surrey Men,8755952,2026-09-03T14:29:35Z,1,37,False,,,,785,Dan Worrall,7094,James Wharton,7989,Will Luxton,Right,,0,0,0,0,,LengthBall,OffStump,Lbw,HitPad,BackFoot,BackwardDefensive,NoMovement,Over,FastSeam,Right,Null,NotReferred,Null,False,False,False,False,False,True,1906.0,False,False,False,False,False,False,0,0,0,0,0,False,False,,
1638479,7,3.43,0,0,0,24,2,0,76307,,39449,County Championship Division Two 2026,3,45,Yorkshire Men,48,Surrey Men,8755962,2026-09-03T14:30:11Z,2,38,False,,,,785,Dan Worrall,7094,James Wharton,7989,Will Luxton,Right,Wicketkeeper,0,0,0,0,,LengthBall,OutsideOff,,Left,NoMovement,NoShot,AwaySwinger,Over,FastSeam,Right,Null,NotReferred,Null,False,False,False,False,False,True,,False,False,False,False,False,False,0,0,0,0,0,False,False,,
1638479,7,3.43,0,0,0,24,2,0,76307,,39449,County Championship Division Two 2026,3,45,Yorkshire Men,48,Surrey Men,8755982,2026-09-03T14:30:47Z,3,39,False,,,,785,Dan Worrall,7094,James Wharton,7989,Will Luxton,Right,Wicketkeeper,0,0,0,0,,LengthBall,OutsideOff,,Left,NoMovement,NoShot,SeamIn,Over,FastSeam,Right,Null,NotReferred,Null,False,False,False,False,False,True,,False,False,False,False,False,False,0,0,0,0,0,False,False,,
1638479,7,3.43,0,0,0,24,2,0,76307,,39449,County Championship Division Two 2026,3,45,Yorkshire Men,48,Surrey Men,8755999,2026-09-03T14:31:24Z,4,40,False,,,,785,Dan Worrall,7094,James Wharton,7989,Will Luxton,Right,Wicketkeeper,0,0,0,0,,LengthBall,OutsideOff,,Left,NoMovement,NoShot,SeamIn,Over,FastSeam,Right,Null,NotReferred,Null,False,False,False,False,False,True,,False,False,False,False,False,False,0,0,0,0,0,False,False,,
1638479,7,3.43,0,0,0,24,2,0,76307,,39449,County Championship Division Two 2026,3,45,Yorkshire Men,48,Surrey Men,8756011,2026-09-03T14:31:59Z,5,41,False,,,,785,Dan Worrall,7094,James Wharton,7989,Will Luxton,Right,Backward Point,0,0,0,0,,LengthBall,OutsideOff,,None,FrontFoot,ForwardDefensive,NoMovement,Over,FastSeam,Right,Null,NotReferred,Null,False,False,False,False,False,True,,False,False,False,False,False,False,0,0,0,0,0,False,False,167.0,69.0
1638479,7,3.43,0,0,0,24,2,0,76307,,39449,County Championship Division Two 2026,3,45,Yorkshire Men,48,Surrey Men,8756024,2026-09-03T14:32:39Z,6,42,False,,,,785,Dan Worrall,7094,James Wharton,7989,Will Luxton,Right,Mid On,0,0,0,0,,LengthBall,OutsideOff,,None,BackFoot,Worked,NoMovement,Over,FastSeam,Right,Null,NotReferred,Null,False,False,False,False,False,True,,False,False,False,False,False,False,0,0,0,0,0,False,False,289.0,65.0
1638537,8,3.12,1,0,0,25,2,1,76307,,39449,County Championship Division Two 2026,3,45,Yorkshire Men,48,Surrey Men,8756294,2026-09-03T14:51:53Z,1,43,False,,,,10322,Tom Lawes,7989,Will Luxton,7094,James Wharton,Right,Cover,1,0,1,1,,LengthBall,OffStump,,ThickEdge,BackFoot,Pushed,NoMovement,Over,FastSeam,Right,Null,NotReferred,Null,False,False,False,False,False,True,,False,False,False,False,False,False,1,0,0,0,0,False,False,185.0,74.0
1638537,8,3.12,1,0,0,25,2,1,76307,,39449,County Championship Division Two 2026,3,45,Yorkshire Men,48,Surrey Men,8756309,2026-09-03T14:52:36Z,2,44,False,,,,10322,Tom Lawes,7094,James Wharton,7989,Will Luxton,Right,Square Leg,0,0,0,0,,LengthBall,MiddleStump,,None,FrontFoot,Flick,NoMovement,Over,FastSeam,Right,Null,NotReferred,Null,False,False,False,False,False,True,,False,False,False,False,False,False,0,0,0,0,0,False,False,350.0,56.0
1638537,8,3.12,1,0,0,25,2,1,76307,,39449,County Championship Division Two 2026,3,45,Yorkshire Men,48,Surrey Men,8756320,2026-09-03T14:53:08Z,3,45,False,,,,10322,Tom Lawes,7094,James Wharton,7989,Will Luxton,Right,Cover,0,0,0,0,,LengthBall,OutsideOff,,None,BackFoot,Pushed,NoMovement,Over,FastSeam,Right,Null,NotReferred,Null,False,False,False,False,False,True,,False,False,False,False,False,False,0,0,0,0,0,False,False,192.0,70.0
1638537,8,3.12,1,0,0,25,2,1,76307,,39449,County Championship Division Two 2026,3,45,Yorkshire Men,48,Surrey Men,8756330,2026-09-03T14:53:42Z,4,46,False,,,,10322,Tom Lawes,7094,James Wharton,7989,Will Luxton,Right,Wicketkeeper,0,0,0,0,,LengthBall,OutsideOff,,Left,NoMovement,NoShot,AwaySwinger,Over,FastSeam,Right,Null,NotReferred,Null,False,False,False,False,False,True,,False,False,False,False,False,False,0,0,0,0,0,False,False,,
1638537,8,3.12,1,0,0,25,2,1,76307,,39449,County Championship Division Two 2026,3,45,Yorkshire Men,48,Surrey Men,8756345,2026-09-03T14:54:12Z,5,47,False,,,,10322,Tom Lawes,7094,James Wharton,7989,Will Luxton,Right,Gully,0,0,0,0,,Yorker,OutsideOff,,None,BackFoot,Steer,NoMovement,Over,FastSeam,Right,Null,NotReferred,Null,False,False,False,False,False,True,,False,False,False,False,False,False,0,0,0,0,0,False,False,140.0,77.0
1638537,8,3.12,1,0,0,25,2,1,76307,,39449,County Championship Division Two 2026,3,45,Yorkshire Men,48,Surrey Men,8756353,2026-09-03T14:54:47Z,6,48,False,,,,10322,Tom Lawes,7094,James Wharton,7989,Will Luxton,Right,Wicketkeeper,0,0,0,0,,HalfVolley,OutsideOff,,Left,NoMovement,NoShot,AwaySwinger,Over,FastSeam,Right,Null,NotReferred,Null,False,False,False,False,False,True,,False,False,False,False,False,False,0,0,0,0,0,False,False,,
1638550,9,3.56,7,0,0,32,2,7,76307,,39449,County Championship Division Two 2026,3,45,Yorkshire Men,48,Surrey Men,8756370,2026-09-03T14:55:42Z,1,49,False,,,,7215,Auqib Nabi,7989,Will Luxton,7094,James Wharton,Right,,4,0,4,4,,LengthBall,OutsideOff,,ThickEdge,FrontFoot,Drive,NoMovement,Over,Medium,Right,Null,NotReferred,Null,False,False,False,False,False,True,,False,False,False,False,False,False,4,0,0,0,0,True,False,168.0,172.0
1638550,9,3.56,7,0,0,32,2,7,76307,,39449,County Championship Division Two 2026,3,45,Yorkshire Men,48,Surrey Men,8756385,2026-09-03T14:56:20Z,2,50,False,,,,7215,Auqib Nabi,7989,Will Luxton,7094,James Wharton,Right,Backward Point,0,0,0,0,,LengthBall,OutsideOff,,ThickEdge,FrontFoot,ForwardDefensive,NoMovement,Over,Medium,Right,Null,NotReferred,Null,False,False,False,False,False,True,,False,False,False,False,False,False,0,0,0,0,0,False,False,151.0,68.0
1638550,9,3.56,7,0,0,32,2,7,76307,,39449,County Championship Division Two 2026,3,45,Yorkshire Men,48,Surrey Men,8756398,2026-09-03T14:56:58Z,3,51,False,,,,7215,Auqib Nabi,7989,Will Luxton,7094,James Wharton,Right,Wicketkeeper,0,0,0,0,,LengthBall,LegStump,,HitPad,BackFoot,Glance,NoMovement,Over,Medium,Right,Null,NotReferred,Null,False,False,False,False,False,True,,False,False,False,False,False,False,0,0,0,0,0,False,False,,
1638550,9,3.56,7,0,0,32,2,7,76307,,39449,County Championship Division Two 2026,3,45,Yorkshire Men,48,Surrey Men,8756414,2026-09-03T14:57:34Z,4,52,False,,,,7215,Auqib Nabi,7989,Will Luxton,7094,James Wharton,Right,,0,0,0,0,,LengthBall,OutsideOff,,None,BackFoot,Pushed,NoMovement,Over,Medium,Right,Null,NotReferred,Null,False,False,False,False,False,True,,False,False,False,False,False,False,0,0,0,0,0,False,False,,
1638550,9,3.56,7,0,0,32,2,7,76307,,39449,County Championship Division Two 2026,3,45,Yorkshire Men,48,Surrey Men,8756443,2026-09-03T14:58:10Z,5,53,False,,,,7215,Auqib Nabi,7989,Will Luxton,7094,James Wharton,Right,Fine Leg,0,2,2,0,,LengthBall,OffStump,,Missed,FrontFoot,Drive,InSwinger,Over,Medium,Right,Null,NotReferred,Null,False,False,True,False,False,True,,False,False,False,False,False,False,2,2,0,0,0,False,False,76.0,136.0
1638550,9,3.56,7,0,0,32,2,7,76307,,39449,County Championship Division Two 2026,3,45,Yorkshire Men,48,Surrey Men,8756452,2026-09-03T14:58:55Z,6,54,False,,,,7215,Auqib Nabi,7989,Will Luxton,7094,James Wharton,Right,Deep Cover,1,0,1,1,,LengthBall,OutsideOff,,None,FrontFoot,Drive,NoMovement,Over,Medium,Right,Null,NotReferred,Null,False,False,False,False,False,True,,False,False,False,False,False,False,1,0,0,0,0,False,False,183.0,152.0
1638566,10,3.6,4,1,0,36,3,4,76307,,39449,County Championship Division Two 2026,3,45,Yorkshire Men,48,Surrey Men,8756467,2026-09-03T14:59:37Z,1,55,False,,,,10322,Tom Lawes,7989,Will Luxton,7094,James Wharton,Right,,4,0,4,4,,HalfVolley,OutsideOff,,WellTimed,FrontFoot,Drive,NoMovement,Over,FastSeam,Right,Null,NotReferred,Null,False,False,False,False,False,True,,False,False,False,False,False,False,4,0,0,0,0,True,False,162.0,167.0
1638566,10,3.6,4,1,0,36,3,4,76307,,39449,County Championship Division Two 2026,3,45,Yorkshire Men,48,Surrey Men,8756524,2026-09-03T15:01:51Z,2,56,False,,,,10322,Tom Lawes,7989,Will Luxton,7094,James Wharton,Right,Wicketkeeper,0,0,0,0,,LengthBall,OutsideOff,,ShouldersArms,NoMovement,ShouldersArms,AwaySwinger,Over,FastSeam,Right,Null,NotReferred,Null,False,False,False,False,False,True,,False,False,False,False,False,False,0,0,0,0,0,False,False,,
1638566,10,3.6,4,1,0,36,3,4,76307,,39449,County Championship Division Two 2026,3,45,Yorkshire Men,48,Surrey Men,8756538,2026-09-03T15:02:23Z,3,57,False,,,,10322,Tom Lawes,7989,Will Luxton,7094,James Wharton,Right,Wicketkeeper,0,0,0,0,,LengthBall,OutsideOff,,Left,NoMovement,NoShot,AwaySwinger,Over,FastSeam,Right,Null,NotReferred,Null,False,False,False,False,False,True,,False,False,False,False,False,False,0,0,0,0,0,False,False,,
1638566,10,3.6,4,1,0,36,3,4,76307,,39449,County Championship Division Two 2026,3,45,Yorkshire Men,48,Surrey Men,8756551,2026-09-03T15:02:57Z,4,58,False,,,,10322,Tom Lawes,7989,Will Luxton,7094,James Wharton,Right,Mid On,0,0,0,0,,LengthBall,OffStump,,None,FrontFoot,ForwardDefensive,NoMovement,Over,FastSeam,Right,Null,NotReferred,Null,False,False,False,False,False,True,,False,False,False,False,False,False,0,0,0,0,0,False,False,289.0,30.0
1638566,10,3.6,4,1,0,36,3,4,76307,,39449,County Championship Division Two 2026,3,45,Yorkshire Men,48,Surrey Men,8756562,2026-09-03T15:03:33Z,5,59,False,,,,10322,Tom Lawes,7989,Will Luxton,7094,James Wharton,Right,Wicketkeeper,0,0,0,0,,Yorker,OutsideOff,,Missed,FrontFoot,Drive,NoMovement,Over,FastSeam,Right,Null,NotReferred,Null,False,False,False,False,False,True,,False,False,False,False,False,False,0,0,0,0,0,False,False,,
1638566,10,3.6,4,1,0,36,3,4,76307,,39449,County Championship Division Two 2026,3,45,Yorkshire Men,48,Surrey Men,8756594,2026-09-03T15:04:07Z,6,60,True,Caught,7989.0,Will Luxton,10322,Tom Lawes,7989,Will Luxton,7094,James Wharton,Right,Mid Off,0,0,0,0,Caught,LengthBall,OffStump,Caught,LeadingEdge,BackFoot,Flick,AwaySwinger,Over,FastSeam,Right,Null,NotReferred,Null,False,False,False,False,False,True,1823.0,False,False,False,False,False,False,0,0,0,0,0,False,True,248.0,77.0
1638592,11,3.73,5,1,0,41,4,5,76307,,39449,County Championship Division Two 2026,3,45,Yorkshire Men,48,Surrey Men,8756629,2026-09-03T15:06:37Z,1,61,False,,,,7215,Auqib Nabi,7094,James Wharton,2988,Matthew Revis,Right,Wicketkeeper,0,0,0,0,,LengthBall,Wide,,Left,NoMovement,NoShot,NoMovement,Over,Medium,Right,Null,NotReferred,Null,False,False,False,False,False,True,,False,False,False,False,False,False,0,0,0,0,0,False,False,,
1638592,11,3.73,5,1,0,41,4,5,76307,,39449,County Championship Division Two 2026,3,45,Yorkshire Men,48,Surrey Men,8756647,2026-09-03T15:07:11Z,2,62,True,Bowled,7094.0,James Wharton,7215,Auqib Nabi,7094,James Wharton,2988,Matthew Revis,Right,Wicketkeeper,0,0,0,0,Bowled,HalfVolley,OffStump,Bowled,Missed,FrontFoot,Drive,InSwinger,Over,Medium,Right,Null,NotReferred,Null,False,False,False,False,False,True,1906.0,False,False,False,False,False,False,0,0,0,0,0,False,False,,
1638592,11,3.73,5,1,0,41,4,5,76307,,39449,County Championship Division Two 2026,3,45,Yorkshire Men,48,Surrey Men,8756695,2026-09-03T15:09:58Z,3,63,False,,,,7215,Auqib Nabi,195,Jonny Bairstow,2988,Matthew Revis,Right,Backward Point,0,0,0,0,,LengthBall,OutsideOff,,None,DownTheTrack,LateCut,NoMovement,Over,Medium,Right,Null,NotReferred,Null,False,False,False,False,False,True,,False,False,False,False,False,False,0,0,0,0,0,False,False,153.0,96.0
1638592,11,3.73,5,1,0,41,4,5,76307,,39449,County Championship Division Two 2026,3,45,Yorkshire Men,48,Surrey Men,8756708,2026-09-03T15:10:34Z,4,64,False,,,,7215,Auqib Nabi,195,Jonny Bairstow,2988,Matthew Revis,Right,,4,0,4,4,,HalfVolley,OutsideOff,,WellTimed,FrontFoot,Flick,InSwinger,Over,Medium,Right,Null,NotReferred,Null,False,False,False,False,False,True,,False,False,False,False,False,False,4,0,0,0,0,True,False,142.0,176.0
1638592,11,3.73,5,1,0,41,4,5,76307,,39449,County Championship Division Two 2026,3,45,Yorkshire Men,48,Surrey Men,8756745,2026-09-03T15:12:35Z,5,65,False,,,,7215,Auqib Nabi,195,Jonny Bairstow,2988,Matthew Revis,Right,Backward Square Leg,1,0,1,1,,HalfVolley,OutsideOff,,InsideEdge,BackFoot,Pushed,NoMovement,Over,Medium,Right,Null,NotReferred,Null,False,False,False,False,False,True,,False,False,False,False,False,False,1,0,0,0,0,False,False,11.0,99.0
1638592,11,3.73,5,1,0,41,4,5,76307,,39449,County Championship Division Two 2026,3,45,Yorkshire Men,48,Surrey Men,8756754,2026-09-03T15:13:25Z,6,66,False,,,,7215,Auqib Nabi,2988,Matthew Revis,195,Jonny Bairstow,Right,Mid On,0,0,0,0,,LengthBall,OutsideOff,,None,BackFoot,Pushed,NoMovement,Over,Medium,Right,Null,NotReferred,Null,False,False,False,False,False,True,,False,False,False,False,False,False,0,0,0,0,0,False,False,296.0,71.0
1638616,12,4.08,8,0,0,49,4,8,76307,,39449,County Championship Division Two 2026,3,45,Yorkshire Men,48,Surrey Men,8756770,2026-09-03T15:14:27Z,1,67,False,,,,10322,Tom Lawes,195,Jonny Bairstow,2988,Matthew Revis,Right,,4,0,4,4,,BackOfALength,OffStump,,WellTimed,BackFoot,Pull,NoMovement,Over,FastSeam,Right,Null,NotReferred,Null,False,False,False,False,False,True,,False,False,False,False,False,False,4,0,0,0,0,True,False,12.0,168.0
1638616,12,4.08,8,0,0,49,4,8,76307,,39449,County Championship Division Two 2026,3,45,Yorkshire Men,48,Surrey Men,8756780,2026-09-03T15:14:58Z,2,68,False,,,,10322,Tom Lawes,195,Jonny Bairstow,2988,Matthew Revis,Right,Mid Off,0,0,0,0,,Yorker,OffStump,,None,BackFoot,BackwardDefensive,NoMovement,Over,FastSeam,Right,Null,NotReferred,Null,False,False,False,False,False,True,,False,False,False,False,False,False,0,0,0,0,0,False,False,242.0,68.0
1638616,12,4.08,8,0,0,49,4,8,76307,,39449,County Championship Division Two 2026,3,45,Yorkshire Men,48,Surrey Men,8756787,2026-09-03T15:15:27Z,3,69,False,,,,10322,Tom Lawes,195,Jonny Bairstow,2988,Matthew Revis,Right,Square Leg,0,0,0,0,,BackOfALength,OffStump,,None,BackFoot,Worked,NoMovement,Over,FastSeam,Right,Null,NotReferred,Null,False,False,False,False,False,True,,False,False,False,False,False,False,0,0,0,0,0,False,False,348.0,70.0
1638616,12,4.08,8,0,0,49,4,8,76307,,39449,County Championship Division Two 2026,3,45,Yorkshire Men,48,Surrey Men,8756797,2026-09-03T15:16:02Z,4,70,False,,,,10322,Tom Lawes,195,Jonny Bairstow,2988,Matthew Revis,Right,Wicketkeeper,0,0,0,0,,LengthBall,OutsideOff,,ShouldersArms,NoMovement,ShouldersArms,AwaySwinger,Over,FastSeam,Right,Null,NotReferred,Null,False,False,False,False,False,True,,False,False,False,False,False,False,0,0,0,0,0,False,False,,
1638616,12,4.08,8,0,0,49,4,8,76307,,39449,County Championship Division Two 2026,3,45,Yorkshire Men,48,Surrey Men,8756806,2026-09-03T15:16:34Z,5,71,False,,,,10322,Tom Lawes,195,Jonny Bairstow,2988,Matthew Revis,Right,,4,0,4,4,,HalfVolley,OutsideOff,,OutsideEdge,FrontFoot,Drive,NoMovement,Over,FastSeam,Right,Null,NotReferred,Null,False,False,False,False,False,True,,False,False,False,False,False,False,4,0,0,0,0,True,False,123.0,162.0
1638616,12,4.08,8,0,0,49,4,8,76307,,39449,County Championship Division Two 2026,3,45,Yorkshire Men,48,Surrey Men,8756818,2026-09-03T15:17:16Z,6,72,False,,,,10322,Tom Lawes,195,Jonny Bairstow,2988,Matthew Revis,Right,,0,0,0,0,,BackOfALength,OutsideOff,Lbw,HitPad,BackFoot,UpperCut,NoMovement,Over,FastSeam,Right,Null,NotReferred,Null,False,False,False,False,False,True,1823.0,False,False,False,False,False,False,0,0,0,0,0,False,False,,
1638625,13,3.85,1,0,0,50,4,1,76307,,39449,County Championship Division Two 2026,3,45,Yorkshire Men,48,Surrey Men,8756832,2026-09-03T15:18:11Z,1,73,False,,,,7215,Auqib Nabi,2988,Matthew Revis,195,Jonny Bairstow,Right,Wicketkeeper,0,0,0,0,,LengthBall,OutsideOff,,ShouldersArms,FrontFoot,ShouldersArms,NoMovement,Over,Medium,Right,Null,NotReferred,Null,False,False,False,False,False,True,,False,False,False,False,False,False,0,0,0,0,0,False,False,,
1638625,13,3.85,1,0,0,50,4,1,76307,,39449,County Championship Division Two 2026,3,45,Yorkshire Men,48,Surrey Men,8756846,2026-09-03T15:18:46Z,2,74,False,,,,7215,Auqib Nabi,2988,Matthew Revis,195,Jonny Bairstow,Right,Square Leg,1,0,1,1,,LengthBall,OutsideOff,,None,BackFoot,Worked,NoMovement,Over,Medium,Right,Null,NotReferred,Null,False,False,False,False,False,True,,False,False,False,False,False,False,1,0,0,0,0,False,False,350.0,63.0
1638625,13,3.85,1,0,0,50,4,1,76307,,39449,County Championship Division Two 2026,3,45,Yorkshire Men,48,Surrey Men,8756858,2026-09-03T15:19:27Z,3,75,False,,,,7215,Auqib Nabi,195,Jonny Bairstow,2988,Matthew Revis,Right,Backward Point,0,0,0,0,,LengthBall,OutsideOff,,WellTimed,BackFoot,LateCut,NoMovement,Over,Medium,Right,Null,NotReferred,Null,False,False,False,False,False,True,,False,False,False,False,False,False,0,0,0,0,0,False,False,156.0,94.0
1638625,13,3.85,1,0,0,50,4,1,76307,,39449,County Championship Division Two 2026,3,45,Yorkshire Men,48,Surrey Men,8756868,2026-09-03T15:20:02Z,4,76,False,,,,7215,Auqib Nabi,195,Jonny Bairstow,2988,Matthew Revis,Right,Wicketkeeper,0,0,0,0,,LengthBall,OutsideOff,,Missed,BackFoot,Steer,NoMovement,Over,Medium,Right,Null,NotReferred,Null,False,False,False,False,False,True,,False,False,False,False,False,False,0,0,0,0,0,False,False,,
1638625,13,3.85,1,0,0,50,4,1,76307,,39449,County Championship Division Two 2026,3,45,Yorkshire Men,48,Surrey Men,8756877,2026-09-03T15:20:41Z,5,77,False,,,,7215,Auqib Nabi,195,Jonny Bairstow,2988,Matthew Revis,Right,Backward Point,0,0,0,0,,LengthBall,OutsideOff,,None,FrontFoot,Drive,NoMovement,Over,Medium,Right,Null,NotReferred,Null,False,False,False,False,False,True,,False,False,False,False,False,False,0,0,0,0,0,False,False,160.0,90.0
1638625,13,3.85,1,0,0,50,4,1,76307,,39449,County Championship Division Two 2026,3,45,Yorkshire Men,48,Surrey Men,8756895,2026-09-03T15:21:30Z,6,78,False,,,,7215,Auqib Nabi,195,Jonny Bairstow,2988,Matthew Revis,Right,,0,0,0,0,,BackOfALength,OutsideOff,Lbw,HitPad,BackFoot,Worked,SeamIn,Over,Medium,Right,Null,NotReferred,Null,False,False,False,False,False,True,1906.0,False,False,False,False,False,False,0,0,0,0,0,False,False,,
1638636,14,3.64,1,1,0,51,5,1,76307,,39449,County Championship Division Two 2026,3,45,Yorkshire Men,48,Surrey Men,8756908,2026-09-03T15:22:28Z,1,79,False,,,,168,Matt Fisher,2988,Matthew Revis,195,Jonny Bairstow,Right,Bowler,0,0,0,0,,LengthBall,OutsideOff,,MisTimed,BackFoot,BackwardDefensive,NoMovement,Over,FastSeam,Right,Null,NotReferred,Null,False,False,False,False,False,True,,False,False,False,False,False,False,0,0,0,0,0,False,False,,
1638636,14,3.64,1,1,0,51,5,1,76307,,39449,County Championship Division Two 2026,3,45,Yorkshire Men,48,Surrey Men,8756919,2026-09-03T15:23:08Z,2,80,False,,,,168,Matt Fisher,2988,Matthew Revis,195,Jonny Bairstow,Right,Wicketkeeper,0,0,0,0,,LengthBall,OutsideOff,,ShouldersArms,NoMovement,ShouldersArms,AwaySwinger,Over,FastSeam,Right,Null,NotReferred,Null,False,False,False,False,False,True,,False,False,False,False,False,False,0,0,0,0,0,False,False,,
1638636,14,3.64,1,1,0,51,5,1,76307,,39449,County Championship Division Two 2026,3,45,Yorkshire Men,48,Surrey Men,8756930,2026-09-03T15:23:48Z,3,81,False,,,,168,Matt Fisher,2988,Matthew Revis,195,Jonny Bairstow,Right,Wicketkeeper,0,0,0,0,,LengthBall,OutsideOff,,ShouldersArms,NoMovement,ShouldersArms,AwaySwinger,Over,FastSeam,Right,Null,NotReferred,Null,False,False,False,False,False,True,,False,False,False,False,False,False,0,0,0,0,0,False,False,,
1638636,14,3.64,1,1,0,51,5,1,76307,,39449,County Championship Division Two 2026,3,45,Yorkshire Men,48,Surrey Men,8756938,2026-09-03T15:24:22Z,4,82,False,,,,168,Matt Fisher,2988,Matthew Revis,195,Jonny Bairstow,Right,Bowler,0,0,0,0,,LengthBall,OffStump,,None,BackFoot,Pushed,NoMovement,Over,FastSeam,Right,Null,NotReferred,Null,False,False,False,False,False,True,,False,False,False,False,False,False,0,0,0,0,0,False,False,,
1638636,14,3.64,1,1,0,51,5,1,76307,,39449,County Championship Division Two 2026,3,45,Yorkshire Men,48,Surrey Men,8756949,2026-09-03T15:25:00Z,5,83,False,,,,168,Matt Fisher,2988,Matthew Revis,195,Jonny Bairstow,Right,Gully,1,0,1,1,,HalfVolley,OffStump,,ThickEdge,BackFoot,Pushed,NoMovement,Over,FastSeam,Right,Null,NotReferred,Null,False,False,False,False,False,True,,False,False,False,False,False,False,1,0,0,0,0,False,False,133.0,86.0
1638636,14,3.64,1,1,0,51,5,1,76307,,39449,County Championship Division Two 2026,3,45,Yorkshire Men,48,Surrey Men,8756973,2026-09-03T15:26:00Z,6,84,True,Lbw,195.0,Jonny Bairstow,168,Matt Fisher,195,Jonny Bairstow,2988,Matthew Revis,Right,Wicketkeeper,0,0,0,0,LBW,LengthBall,OffStump,Lbw,Missed,DownTheTrack,Pushed,AwaySwinger,Over,FastSeam,Right,Null,NotReferred,Null,False,False,False,False,False,True,1823.0,False,False,False,False,False,False,0,0,0,0,0,False,False,,
1638651,15,3.47,1,0,0,52,5,1,76307,,39449,County Championship Division Two 2026,3,45,Yorkshire Men,48,Surrey Men,8756991,2026-09-03T15:28:09Z,1,85,False,,,,7215,Auqib Nabi,2988,Matthew Revis,3005,George Hill,Right,Wicketkeeper,0,0,0,0,,LengthBall,OutsideOff,,BottomEdge,BackFoot,Cut,NoMovement,Over,Medium,Right,Null,NotReferred,Null,False,False,False,False,False,True,,False,False,False,False,False,False,0,0,0,0,0,False,False,,
1638651,15,3.47,1,0,0,52,5,1,76307,,39449,County Championship Division Two 2026,3,45,Yorkshire Men,48,Surrey Men,8757000,2026-09-03T15:28:43Z,2,86,False,,,,7215,Auqib Nabi,2988,Matthew Revis,3005,George Hill,Right,Mid On,0,0,0,0,,LengthBall,OutsideOff,,None,BackFoot,BackwardDefensive,NoMovement,Over,Medium,Right,Null,NotReferred,Null,False,False,False,False,False,True,,False,False,False,False,False,False,0,0,0,0,0,False,False,287.0,52.0
1638651,15,3.47,1,0,0,52,5,1,76307,,39449,County Championship Division Two 2026,3,45,Yorkshire Men,48,Surrey Men,8757007,2026-09-03T15:29:17Z,3,87,False,,,,7215,Auqib Nabi,2988,Matthew Revis,3005,George Hill,Right,Square Leg,0,0,0,0,,LengthBall,OutsideOff,,None,BackFoot,Pushed,NoMovement,Over,Medium,Right,Null,NotReferred,Null,False,False,False,False,False,True,,False,False,False,False,False,False,0,0,0,0,0,False,False,337.0,40.0
1638651,15,3.47,1,0,0,52,5,1,76307,,39449,County Championship Division Two 2026,3,45,Yorkshire Men,48,Surrey Men,8757025,2026-09-03T15:29:53Z,4,88,False,,,,7215,Auqib Nabi,2988,Matthew Revis,3005,George Hill,Right,Wicketkeeper,0,0,0,0,,LengthBall,OutsideOff,,Missed,FrontFoot,ForwardDefensive,AwaySwinger,Over,Medium,Right,Null,NotReferred,Null,False,False,False,False,False,True,,False,False,False,False,False,False,0,0,0,0,0,False,False,,
1638651,15,3.47,1,0,0,52,5,1,76307,,39449,County Championship Division Two 2026,3,45,Yorkshire Men,48,Surrey Men,8757045,2026-09-03T15:30:28Z,5,89,False,,,,7215,Auqib Nabi,2988,Matthew Revis,3005,George Hill,Right,Mid On,1,0,1,1,,HalfVolley,MiddleStump,,None,FrontFoot,Drive,NoMovement,Over,Medium,Right,Null,NotReferred,Null,False,False,False,False,False,True,,False,False,False,False,False,False,1,0,0,0,0,False,False,289.0,76.0
1638651,15,3.47,1,0,0,52,5,1,76307,,39449,County Championship Division Two 2026,3,45,Yorkshire Men,48,Surrey Men,8757058,2026-09-03T15:31:14Z,6,90,False,,,,7215,Auqib Nabi,3005,George Hill,2988,Matthew Revis,Right,Bowler,0,0,0,0,,LengthBall,OffStump,,None,BackFoot,Pushed,NoMovement,Over,Medium,Right,Null,NotReferred,Null,False,False,False,False,False,True,,False,False,False,False,False,False,0,0,0,0,0,False,False,,
1638664,16,3.31,1,1,0,53,6,1,76307,,39449,County Championship Division Two 2026,3,45,Yorkshire Men,48,Surrey Men,8757075,2026-09-03T15:32:16Z,1,91,False,,,,168,Matt Fisher,2988,Matthew Revis,3005,George Hill,Right,Wicketkeeper,0,0,0,0,,LengthBall,OffStump,,Missed,FrontFoot,ForwardDefensive,AwaySwinger,Over,FastSeam,Right,Null,NotReferred,Null,False,False,False,False,False,True,,False,False,False,False,False,False,0,0,0,0,0,False,False,,
1638664,16,3.31,1,1,0,53,6,1,76307,,39449,County Championship Division Two 2026,3,45,Yorkshire Men,48,Surrey Men,8757092,2026-09-03T15:32:52Z,2,92,True,Caught,2988.0,Matthew Revis,168,Matt Fisher,2988,Matthew Revis,3005,George Hill,Right,Second Slip,0,0,0,0,Caught,HalfVolley,OffStump,Caught,OutsideEdge,FrontFoot,Drive,AwaySwinger,Over,FastSeam,Right,Null,NotReferred,Null,False,False,False,False,False,True,1823.0,False,False,False,False,False,False,0,0,0,0,0,False,False,115.0,57.0
1638664,16,3.31,1,1,0,53,6,1,76307,,39449,County Championship Division Two 2026,3,45,Yorkshire Men,48,Surrey Men,8757137,2026-09-03T15:35:50Z,3,93,False,,,,168,Matt Fisher,8,Dom Bess,3005,George Hill,Right,Bowler,0,0,0,0,,Yorker,OffStump,,None,BackFoot,BackwardDefensive,AwaySwinger,Over,FastSeam,Right,Null,NotReferred,Null,False,False,False,False,False,True,,False,False,False,False,False,False,0,0,0,0,0,False,False,,
1638664,16,3.31,1,1,0,53,6,1,76307,,39449,County Championship Division Two 2026,3,45,Yorkshire Men,48,Surrey Men,8757145,2026-09-03T15:36:27Z,4,94,False,,,,168,Matt Fisher,8,Dom Bess,3005,George Hill,Right,Wicketkeeper,0,0,0,0,,LengthBall,OutsideOff,,ShouldersArms,NoMovement,ShouldersArms,AwaySwinger,Over,FastSeam,Right,Null,NotReferred,Null,False,False,False,False,False,True,,False,False,False,False,False,False,0,0,0,0,0,False,False,,
1638664,16,3.31,1,1,0,53,6,1,76307,,39449,County Championship Division Two 2026,3,45,Yorkshire Men,48,Surrey Men,8757165,2026-09-03T15:37:21Z,5,95,False,,,,168,Matt Fisher,8,Dom Bess,3005,George Hill,Right,Wicketkeeper,0,0,0,0,,LengthBall,OutsideOff,,ShouldersArms,NoMovement,ShouldersArms,AwaySwinger,Over,FastSeam,Right,Null,NotReferred,Null,False,False,False,False,False,True,,False,False,False,False,False,False,0,0,0,0,0,False,False,,
1638664,16,3.31,1,1,0,53,6,1,76307,,39449,County Championship Division Two 2026,3,45,Yorkshire Men,48,Surrey Men,8757178,2026-09-03T15:37:57Z,6,96,False,,,,168,Matt Fisher,8,Dom Bess,3005,George Hill,Right,Mid Wicket,1,0,1,1,,LengthBall,MiddleStump,,None,FrontFoot,Drive,NoMovement,Over,FastSeam,Right,Null,NotReferred,Null,False,False,False,False,False,True,,False,False,False,False,False,False,1,0,0,0,0,False,False,308.0,93.0
1638686,17,3.41,5,0,0,58,6,5,76307,,39449,County Championship Division Two 2026,3,45,Yorkshire Men,48,Surrey Men,8757207,2026-09-03T15:39:02Z,1,97,False,,,,7215,Auqib Nabi,8,Dom Bess,3005,George Hill,Right,Cover,3,0,3,3,,LengthBall,OutsideOff,,None,BackFoot,Pushed,NoMovement,Over,Medium,Right,Null,NotReferred,Null,False,False,False,False,False,True,,False,False,False,False,False,False,3,0,0,0,0,False,False,180.0,77.0
1638686,17,3.41,5,0,0,58,6,5,76307,,39449,County Championship Division Two 2026,3,45,Yorkshire Men,48,Surrey Men,8757212,2026-09-03T15:39:56Z,2,98,False,,,,7215,Auqib Nabi,3005,George Hill,8,Dom Bess,Right,Cover,0,0,0,0,,LengthBall,OutsideOff,,None,BackFoot,Pushed,NoMovement,Over,Medium,Right,Null,NotReferred,Null,False,False,False,False,False,True,,False,False,False,False,False,False,0,0,0,0,0,False,False,192.0,59.0
1638686,17,3.41,5,0,0,58,6,5,76307,,39449,County Championship Division Two 2026,3,45,Yorkshire Men,48,Surrey Men,8757224,2026-09-03T15:40:31Z,3,99,False,,,,7215,Auqib Nabi,3005,George Hill,8,Dom Bess,Right,Wicketkeeper,0,0,0,0,,LengthBall,OutsideOff,,Missed,FrontFoot,ForwardDefensive,AwaySwinger,Over,Medium,Right,Null,NotReferred,Null,False,False,False,False,False,True,,False,False,False,False,False,False,0,0,0,0,0,False,False,,
1638686,17,3.41,5,0,0,58,6,5,76307,,39449,County Championship Division Two 2026,3,45,Yorkshire Men,48,Surrey Men,8757241,2026-09-03T15:41:07Z,4,100,False,,,,7215,Auqib Nabi,3005,George Hill,8,Dom Bess,Right,Third Man,2,0,2,2,,LengthBall,OffStump,,OutsideEdge,BackFoot,BackwardDefensive,NoMovement,Over,Medium,Right,Null,NotReferred,Null,False,False,False,False,False,True,,False,False,False,False,False,False,2,0,0,0,0,False,False,113.0,169.0
1638686,17,3.41,5,0,0,58,6,5,76307,,39449,County Championship Division Two 2026,3,45,Yorkshire Men,48,Surrey Men,8757244,2026-09-03T15:41:50Z,5,101,False,,,,7215,Auqib Nabi,3005,George Hill,8,Dom Bess,Right,,0,0,0,0,,LengthBall,OutsideOff,Lbw,HitPad,BackFoot,Pushed,NoMovement,Over,Medium,Right,Null,NotReferred,Null,False,False,False,False,False,True,1906.0,False,False,False,False,False,False,0,0,0,0,0,False,False,,
1638686,17,3.41,5,0,0,58,6,5,76307,,39449,County Championship Division Two 2026,3,45,Yorkshire Men,48,Surrey Men,8757255,2026-09-03T15:42:25Z,6,102,False,,,,7215,Auqib Nabi,3005,George Hill,8,Dom Bess,Right,Mid Wicket,0,0,0,0,,LengthBall,MiddleStump,,None,BackFoot,Worked,NoMovement,Over,Medium,Right,Null,NotReferred,Null,False,False,False,False,False,True,,False,False,False,False,False,False,0,0,0,0,0,False,False,322.0,50.0
1638697,18,3.28,1,1,0,59,7,1,76307,,39449,County Championship Division Two 2026,3,45,Yorkshire Men,48,Surrey Men,8757269,2026-09-03T15:43:15Z,1,103,False,,,,168,Matt Fisher,8,Dom Bess,3005,George Hill,Right,Wicketkeeper,0,0,0,0,,LengthBall,OutsideOff,,Missed,FrontFoot,Drive,AwaySwinger,Over,FastSeam,Right,Null,NotReferred,Null,False,False,False,False,False,True,,False,False,False,False,False,False,0,0,0,0,0,False,False,,
1638697,18,3.28,1,1,0,59,7,1,76307,,39449,County Championship Division Two 2026,3,45,Yorkshire Men,48,Surrey Men,8757279,2026-09-03T15:43:55Z,2,104,False,,,,168,Matt Fisher,8,Dom Bess,3005,George Hill,Right,Cover,0,0,0,0,,LengthBall,OutsideOff,,None,FrontFoot,Drive,NoMovement,Over,FastSeam,Right,Null,NotReferred,Null,False,False,False,False,False,True,,False,False,False,False,False,False,0,0,0,0,0,False,False,200.0,61.0
1638697,18,3.28,1,1,0,59,7,1,76307,,39449,County Championship Division Two 2026,3,45,Yorkshire Men,48,Surrey Men,8757288,2026-09-03T15:44:27Z,3,105,False,,,,168,Matt Fisher,8,Dom Bess,3005,George Hill,Right,Wicketkeeper,0,0,0,0,,LengthBall,OffStump,,Missed,BackFoot,Pushed,AwaySwinger,Over,FastSeam,Right,Null,NotReferred,Null,False,False,False,False,False,True,,False,False,False,False,False,False,0,0,0,0,0,False,False,,
1638697,18,3.28,1,1,0,59,7,1,76307,,39449,County Championship Division Two 2026,3,45,Yorkshire Men,48,Surrey Men,8757299,2026-09-03T15:45:00Z,4,106,False,,,,168,Matt Fisher,8,Dom Bess,3005,George Hill,Right,Deep Mid Wicket,1,0,1,1,,HalfVolley,LegStump,,None,BackFoot,Pushed,NoMovement,Over,FastSeam,Right,Null,NotReferred,Null,False,False,False,False,False,True,,False,False,False,False,False,False,1,0,0,0,0,False,False,328.0,119.0
1638697,18,3.28,1,1,0,59,7,1,76307,,39449,County Championship Division Two 2026,3,45,Yorkshire Men,48,Surrey Men,8757318,2026-09-03T15:45:34Z,5,107,True,Caught,3005.0,George Hill,168,Matt Fisher,3005,George Hill,8,Dom Bess,Right,Second Slip,0,0,0,0,Caught,LengthBall,OffStump,Caught,LeadingEdge,FrontFoot,Flick,AwaySwinger,Over,FastSeam,Right,Null,NotReferred,Null,False,False,False,False,False,True,1823.0,False,False,False,False,False,False,0,0,0,0,0,False,True,106.0,52.0
1638697,18,3.28,1,1,0,59,7,1,76307,,39449,County Championship Division Two 2026,3,45,Yorkshire Men,48,Surrey Men,8757348,2026-09-03T15:47:59Z,6,108,False,,,,168,Matt Fisher,10953,Kuldeep Yadav,8,Dom Bess,Left,Wicketkeeper,0,0,0,0,,LengthBall,MiddleStump,,PlayAndMissLegSide,BackFoot,Glance,InSwinger,Over,FastSeam,Right,Null,NotReferred,Null,False,False,False,False,False,True,,False,False,False,False,False,False,0,0,0,0,0,False,False,,
1638712,19,3.21,2,0,0,61,7,2,76307,,39449,County Championship Division Two 2026,3,45,Yorkshire Men,48,Surrey Men,8757365,2026-09-03T15:49:26Z,1,109,False,,,,785,Dan Worrall,8,Dom Bess,10953,Kuldeep Yadav,Right,Wicketkeeper,0,0,0,0,,LengthBall,OutsideOff,,Left,NoMovement,NoShot,NoMovement,Over,FastSeam,Right,Null,NotReferred,Null,False,False,False,False,False,True,,False,False,False,False,False,False,0,0,0,0,0,False,False,,
1638712,19,3.21,2,0,0,61,7,2,76307,,39449,County Championship Division Two 2026,3,45,Yorkshire Men,48,Surrey Men,8757371,2026-09-03T15:49:55Z,2,110,False,,,,785,Dan Worrall,8,Dom Bess,10953,Kuldeep Yadav,Right,Wicketkeeper,0,0,0,0,,LengthBall,OutsideOff,,Left,NoMovement,NoShot,NoMovement,Over,FastSeam,Right,Null,NotReferred,Null,False,False,False,False,False,True,,False,False,False,False,False,False,0,0,0,0,0,False,False,,
1638712,19,3.21,2,0,0,61,7,2,76307,,39449,County Championship Division Two 2026,3,45,Yorkshire Men,48,Surrey Men,8757382,2026-09-03T15:50:33Z,3,111,False,,,,785,Dan Worrall,8,Dom Bess,10953,Kuldeep Yadav,Right,Wicketkeeper,0,0,0,0,,BackOfALength,OutsideOff,,ShouldersArms,NoMovement,ShouldersArms,AwaySwinger,Over,FastSeam,Right,Null,NotReferred,Null,False,False,False,False,False,True,,False,False,False,False,False,False,0,0,0,0,0,False,False,,
1638712,19,3.21,2,0,0,61,7,2,76307,,39449,County Championship Division Two 2026,3,45,Yorkshire Men,48,Surrey Men,8757403,2026-09-03T15:51:35Z,4,112,False,,,,785,Dan Worrall,8,Dom Bess,10953,Kuldeep Yadav,Right,Deep Cover,2,0,2,2,,LengthBall,OutsideOff,,None,FrontFoot,Drive,NoMovement,Over,FastSeam,Right,Null,NotReferred,Null,False,False,False,False,False,True,,False,False,False,False,False,False,2,0,0,0,0,False,False,184.0,106.0
1638712,19,3.21,2,0,0,61,7,2,76307,,39449,County Championship Division Two 2026,3,45,Yorkshire Men,48,Surrey Men,8757410,2026-09-03T15:52:08Z,5,113,False,,,,785,Dan Worrall,8,Dom Bess,10953,Kuldeep Yadav,Right,Wicketkeeper,0,0,0,0,,LengthBall,OutsideOff,,Missed,FrontFoot,ForwardDefensive,NoMovement,Over,FastSeam,Right,Null,NotReferred,Null,False,False,False,False,False,True,,False,False,False,False,False,False,0,0,0,0,0,False,False,,
1638712,19,3.21,2,0,0,61,7,2,76307,,39449,County Championship Division Two 2026,3,45,Yorkshire Men,48,Surrey Men,8757421,2026-09-03T15:52:45Z,6,114,False,,,,785,Dan Worrall,8,Dom Bess,10953,Kuldeep Yadav,Right,Wicketkeeper,0,0,0,0,,LengthBall,OutsideOff,,Left,NoMovement,NoShot,NoMovement,Over,FastSeam,Right,Null,NotReferred,Null,False,False,False,False,False,True,,False,False,False,False,False,False,0,0,0,0,0,False,False,,
1638725,20,3.15,2,0,0,63,7,2,76307,,39449,County Championship Division Two 2026,3,45,Yorkshire Men,48,Surrey Men,8757436,2026-09-03T15:53:31Z,1,115,False,,,,168,Matt Fisher,10953,Kuldeep Yadav,8,Dom Bess,Left,Cover,1,0,1,1,,HalfVolley,OffStump,,None,FrontFoot,Drive,InSwinger,Over,FastSeam,Right,Null,NotReferred,Null,False,False,False,False,False,True,,False,False,False,False,False,False,1,0,0,0,0,False,False,349.0,90.0
1638725,20,3.15,2,0,0,63,7,2,76307,,39449,County Championship Division Two 2026,3,45,Yorkshire Men,48,Surrey Men,8757446,2026-09-03T15:54:15Z,2,116,False,,,,168,Matt Fisher,8,Dom Bess,10953,Kuldeep Yadav,Right,Wicketkeeper,0,0,0,0,,LengthBall,OutsideOff,,ShouldersArms,NoMovement,ShouldersArms,AwaySwinger,Over,FastSeam,Right,Null,NotReferred,Null,False,False,False,False,False,True,,False,False,False,False,False,False,0,0,0,0,0,False,False,,
1638725,20,3.15,2,0,0,63,7,2,76307,,39449,County Championship Division Two 2026,3,45,Yorkshire Men,48,Surrey Men,8757459,2026-09-03T15:54:55Z,3,117,False,,,,168,Matt Fisher,8,Dom Bess,10953,Kuldeep Yadav,Right,Wicketkeeper,0,0,0,0,,LengthBall,OutsideOff,,ShouldersArms,NoMovement,ShouldersArms,AwaySwinger,Over,FastSeam,Right,Null,NotReferred,Null,False,False,False,False,False,True,,False,False,False,False,False,False,0,0,0,0,0,False,False,,
1638725,20,3.15,2,0,0,63,7,2,76307,,39449,County Championship Division Two 2026,3,45,Yorkshire Men,48,Surrey Men,8757469,2026-09-03T15:55:32Z,4,118,False,,,,168,Matt Fisher,8,Dom Bess,10953,Kuldeep Yadav,Right,Mid Off,0,0,0,0,,LengthBall,OffStump,,None,FrontFoot,ForwardDefensive,NoMovement,Over,FastSeam,Right,Null,NotReferred,Null,False,False,False,False,False,True,,False,False,False,False,False,False,0,0,0,0,0,False,False,256.0,83.0
1638725,20,3.15,2,0,0,63,7,2,76307,,39449,County Championship Division Two 2026,3,45,Yorkshire Men,48,Surrey Men,8757480,2026-09-03T15:56:10Z,5,119,False,,,,168,Matt Fisher,8,Dom Bess,10953,Kuldeep Yadav,Right,Wicketkeeper,0,0,0,0,,LengthBall,OutsideOff,,Left,NoMovement,NoShot,AwaySwinger,Over,FastSeam,Right,Null,NotReferred,Null,False,False,False,False,False,True,,False,False,False,False,False,False,0,0,0,0,0,False,False,,
1638725,20,3.15,2,0,0,63,7,2,76307,,39449,County Championship Division Two 2026,3,45,Yorkshire Men,48,Surrey Men,8757491,2026-09-03T15:56:49Z,6,120,False,,,,168,Matt Fisher,8,Dom Bess,10953,Kuldeep Yadav,Right,Mid Wicket,1,0,1,1,,BackOfALength,OffStump,,None,BackFoot,Worked,NoMovement,Over,FastSeam,Right,Null,NotReferred,Null,False,False,False,False,False,True,,False,False,False,False,False,False,1,0,0,0,0,False,False,319.0,85.0
1638737,21,3.05,1,0,0,64,7,1,76307,,39449,County Championship Division Two 2026,3,45,Yorkshire Men,48,Surrey Men,8757509,2026-09-03T15:57:48Z,1,121,False,,,,785,Dan Worrall,8,Dom Bess,10953,Kuldeep Yadav,Right,Extra Cover,0,0,0,0,,LengthBall,OutsideOff,,None,FrontFoot,Drive,NoMovement,Over,FastSeam,Right,Null,NotReferred,Null,False,False,False,False,False,True,,False,False,False,False,False,False,0,0,0,0,0,False,False,228.0,78.0
1638737,21,3.05,1,0,0,64,7,1,76307,,39449,County Championship Division Two 2026,3,45,Yorkshire Men,48,Surrey Men,8757518,2026-09-03T15:58:20Z,2,122,False,,,,785,Dan Worrall,8,Dom Bess,10953,Kuldeep Yadav,Right,Wicketkeeper,0,0,0,0,,LengthBall,OutsideOff,,Left,NoMovement,NoShot,NoMovement,Over,FastSeam,Right,Null,NotReferred,Null,False,False,False,False,False,True,,False,False,False,False,False,False,0,0,0,0,0,False,False,,
1638737,21,3.05,1,0,0,64,7,1,76307,,39449,County Championship Division Two 2026,3,45,Yorkshire Men,48,Surrey Men,8757529,2026-09-03T15:58:57Z,3,123,False,,,,785,Dan Worrall,8,Dom Bess,10953,Kuldeep Yadav,Right,Wicketkeeper,0,0,0,0,,LengthBall,OutsideOff,,ShouldersArms,NoMovement,ShouldersArms,AwaySwinger,Over,FastSeam,Right,Null,NotReferred,Null,False,False,False,False,False,True,,False,False,False,False,False,False,0,0,0,0,0,False,False,,
1638737,21,3.05,1,0,0,64,7,1,76307,,39449,County Championship Division Two 2026,3,45,Yorkshire Men,48,Surrey Men,8757541,2026-09-03T15:59:32Z,4,124,False,,,,785,Dan Worrall,8,Dom Bess,10953,Kuldeep Yadav,Right,Cover,1,0,1,1,,LengthBall,OffStump,,None,FrontFoot,Drive,NoMovement,Over,FastSeam,Right,Null,NotReferred,Null,False,False,False,False,False,True,,False,False,False,False,False,False,1,0,0,0,0,False,False,195.0,74.0
1638737,21,3.05,1,0,0,64,7,1,76307,,39449,County Championship Division Two 2026,3,45,Yorkshire Men,48,Surrey Men,8757546,2026-09-03T16:00:23Z,5,125,False,,,,785,Dan Worrall,10953,Kuldeep Yadav,8,Dom Bess,Left,Wicketkeeper,0,0,0,0,,LengthBall,OffStump,,ShouldersArms,NoMovement,ShouldersArms,NoMovement,Over,FastSeam,Right,Null,NotReferred,Null,False,False,False,False,False,True,,False,False,False,False,False,False,0,0,0,0,0,False,False,,
1638737,21,3.05,1,0,0,64,7,1,76307,,39449,County Championship Division Two 2026,3,45,Yorkshire Men,48,Surrey Men,8757564,2026-09-03T16:00:58Z,6,126,False,,,,785,Dan Worrall,10953,Kuldeep Yadav,8,Dom Bess,Left,Square Leg,0,0,0,0,,LengthBall,LegStump,,None,BackFoot,Pushed,NoMovement,Over,FastSeam,Right,Null,NotReferred,Null,False,False,False,False,False,True,,False,False,False,False,False,False,0,0,0,0,0,False,False,192.0,59.0
1638745,22,3.09,4,1,0,68,8,4,76307,,39449,County Championship Division Two 2026,3,45,Yorkshire Men,48,Surrey Men,8757576,2026-09-03T16:01:46Z,1,127,False,,,,168,Matt Fisher,8,Dom Bess,10953,Kuldeep Yadav,Right,Cover,0,0,0,0,,LengthBall,OffStump,,None,FrontFoot,ForwardDefensive,NoMovement,Over,FastSeam,Right,Null,NotReferred,Null,False,False,False,False,False,True,,False,False,False,False,False,False,0,0,0,0,0,False,False,201.0,56.0
1638745,22,3.09,4,1,0,68,8,4,76307,,39449,County Championship Division Two 2026,3,45,Yorkshire Men,48,Surrey Men,8757586,2026-09-03T16:02:23Z,2,128,False,,,,168,Matt Fisher,8,Dom Bess,10953,Kuldeep Yadav,Right,Wicketkeeper,0,0,0,0,,LengthBall,OffStump,,Missed,FrontFoot,ForwardDefensive,SeamAway,Over,FastSeam,Right,Null,NotReferred,Null,False,False,False,False,False,True,,False,False,False,False,False,False,0,0,0,0,0,False,False,,
1638745,22,3.09,4,1,0,68,8,4,76307,,39449,County Championship Division Two 2026,3,45,Yorkshire Men,48,Surrey Men,8757594,2026-09-03T16:03:01Z,3,129,False,,,,168,Matt Fisher,8,Dom Bess,10953,Kuldeep Yadav,Right,Wicketkeeper,0,0,0,0,,HalfVolley,OffStump,,Missed,FrontFoot,Drive,AwaySwinger,Over,FastSeam,Right,Null,NotReferred,Null,False,False,False,False,False,True,,False,False,False,False,False,False,0,0,0,0,0,False,False,,
1638745,22,3.09,4,1,0,68,8,4,76307,,39449,County Championship Division Two 2026,3,45,Yorkshire Men,48,Surrey Men,8757607,2026-09-03T16:03:37Z,4,130,False,,,,168,Matt Fisher,8,Dom Bess,10953,Kuldeep Yadav,Right,Third Man,1,0,1,1,,LengthBall,MiddleStump,,HitHelmet,BackFoot,Pushed,NoMovement,Over,FastSeam,Right,Null,NotReferred,Null,False,False,False,False,False,True,,False,False,False,False,False,False,1,0,0,0,0,False,True,111.0,133.0
1638745,22,3.09,4,1,0,68,8,4,76307,,39449,County Championship Division Two 2026,3,45,Yorkshire Men,48,Surrey Men,8757622,2026-09-03T16:04:19Z,5,131,True,Lbw,10953.0,Kuldeep Yadav,168,Matt Fisher,10953,Kuldeep Yadav,8,Dom Bess,Left,,0,0,0,0,LBW,HalfVolley,OffStump,Lbw,HitPad,FrontFoot,ForwardDefensive,InSwinger,Over,FastSeam,Right,Null,NotReferred,Null,False,False,False,False,False,True,1823.0,False,False,False,False,False,False,0,0,0,0,0,False,False,,
1638745,22,3.09,4,1,0,68,8,4,76307,,39449,County Championship Division Two 2026,3,45,Yorkshire Men,48,Surrey Men,8757669,2026-09-03T16:06:58Z,6,132,False,,,,168,Matt Fisher,520,Ben Coad,8,Dom Bess,Right,Deep Cover,3,0,3,3,,LengthBall,OutsideOff,,None,FrontFoot,Drive,NoMovement,Over,FastSeam,Right,Null,NotReferred,Null,False,False,False,False,False,True,,False,False,False,False,False,False,3,0,0,0,0,False,False,183.0,142.0
1638763,23,3.22,6,0,0,74,8,6,76307,,39449,County Championship Division Two 2026,3,45,Yorkshire Men,48,Surrey Men,8757681,2026-09-03T16:08:10Z,1,133,False,,,,785,Dan Worrall,520,Ben Coad,8,Dom Bess,Right,Backward Square Leg,0,1,1,0,,LengthBall,LegStump,,HitPad,BackFoot,Worked,NoMovement,Over,FastSeam,Right,Null,NotReferred,Null,False,False,False,True,False,True,,False,False,False,False,False,False,1,0,0,1,0,False,False,11.0,50.0
1638763,23,3.22,6,0,0,74,8,6,76307,,39449,County Championship Division Two 2026,3,45,Yorkshire Men,48,Surrey Men,8757693,2026-09-03T16:08:48Z,2,134,False,,,,785,Dan Worrall,8,Dom Bess,520,Ben Coad,Right,Wicketkeeper,0,0,0,0,,LengthBall,OutsideOff,,Missed,FrontFoot,ForwardDefensive,SeamAway,Over,FastSeam,Right,Null,NotReferred,Null,False,False,False,False,False,True,,False,False,False,False,False,False,0,0,0,0,0,False,False,,
1638763,23,3.22,6,0,0,74,8,6,76307,,39449,County Championship Division Two 2026,3,45,Yorkshire Men,48,Surrey Men,8757703,2026-09-03T16:09:24Z,3,135,False,,,,785,Dan Worrall,8,Dom Bess,520,Ben Coad,Right,Short Fine Leg,1,0,1,1,,LengthBall,OffStump,,MisTimed,MovesInfront,Scoop,NoMovement,Over,FastSeam,Right,Null,NotReferred,Null,False,False,False,False,False,True,,False,False,False,False,False,False,1,0,0,0,0,False,True,34.0,87.0
1638763,23,3.22,6,0,0,74,8,6,76307,,39449,County Championship Division Two 2026,3,45,Yorkshire Men,48,Surrey Men,8757708,2026-09-03T16:10:03Z,4,136,False,,,,785,Dan Worrall,520,Ben Coad,8,Dom Bess,Right,Wicketkeeper,0,0,0,0,,LengthBall,OutsideOff,,Missed,BackFoot,Drive,NoMovement,Over,FastSeam,Right,Null,NotReferred,Null,False,False,False,False,False,True,,False,False,False,False,False,False,0,0,0,0,0,False,False,,
1638763,23,3.22,6,0,0,74,8,6,76307,,39449,County Championship Division Two 2026,3,45,Yorkshire Men,48,Surrey Men,8757714,2026-09-03T16:10:41Z,5,137,False,,,,785,Dan Worrall,520,Ben Coad,8,Dom Bess,Right,,0,0,0,0,,LengthBall,OutsideOff,,HitPad,FrontFoot,Drive,SeamIn,Over,FastSeam,Right,Null,NotReferred,Null,False,False,False,False,False,True,,False,False,False,False,False,False,0,0,0,0,0,False,False,,
1638763,23,3.22,6,0,0,74,8,6,76307,,39449,County Championship Division Two 2026,3,45,Yorkshire Men,48,Surrey Men,8757727,2026-09-03T16:11:23Z,6,138,False,,,,785,Dan Worrall,520,Ben Coad,8,Dom Bess,Right,,4,0,4,4,,LengthBall,OutsideOff,,WellTimed,FrontFoot,Drive,NoMovement,Over,FastSeam,Right,Null,NotReferred,Null,False,False,False,False,False,True,,False,False,False,False,False,False,4,0,0,0,0,True,False,208.0,165.0
1638773,24,3.08,0,0,0,74,8,0,76307,,39449,County Championship Division Two 2026,3,45,Yorkshire Men,48,Surrey Men,8757739,2026-09-03T16:12:19Z,1,139,False,,,,168,Matt Fisher,8,Dom Bess,520,Ben Coad,Right,Wicketkeeper,0,0,0,0,,HalfVolley,OutsideOff,,Left,NoMovement,NoShot,NoMovement,Over,FastSeam,Right,Null,NotReferred,Null,False,False,False,False,False,True,,False,False,False,False,False,False,0,0,0,0,0,False,False,,
1638773,24,3.08,0,0,0,74,8,0,76307,,39449,County Championship Division Two 2026,3,45,Yorkshire Men,48,Surrey Men,8757752,2026-09-03T16:12:55Z,2,140,False,,,,168,Matt Fisher,8,Dom Bess,520,Ben Coad,Right,Gully,0,0,0,0,,LengthBall,OutsideOff,,HitPad,BackFoot,Worked,NoMovement,Over,FastSeam,Right,Null,NotReferred,Null,False,False,False,False,False,True,,False,False,False,False,False,False,0,0,0,0,0,False,False,127.0,43.0
1638773,24,3.08,0,0,0,74,8,0,76307,,39449,County Championship Division Two 2026,3,45,Yorkshire Men,48,Surrey Men,8757763,2026-09-03T16:13:34Z,3,141,False,,,,168,Matt Fisher,8,Dom Bess,520,Ben Coad,Right,Square Leg,0,0,0,0,,LengthBall,MiddleStump,,MisTimed,BackFoot,Worked,NoMovement,Over,FastSeam,Right,Null,NotReferred,Null,False,False,False,False,False,True,,False,False,False,False,False,False,0,0,0,0,0,False,False,355.0,48.0
1638773,24,3.08,0,0,0,74,8,0,76307,,39449,County Championship Division Two 2026,3,45,Yorkshire Men,48,Surrey Men,8757771,2026-09-03T16:14:12Z,4,142,False,,,,168,Matt Fisher,8,Dom Bess,520,Ben Coad,Right,Wicketkeeper,0,0,0,0,,LengthBall,OutsideOff,,ShouldersArms,NoMovement,ShouldersArms,AwaySwinger,Over,FastSeam,Right,Null,NotReferred,Null,False,False,False,False,False,True,,False,False,False,False,False,False,0,0,0,0,0,False,False,,
1638773,24,3.08,0,0,0,74,8,0,76307,,39449,County Championship Division Two 2026,3,45,Yorkshire Men,48,Surrey Men,8757780,2026-09-03T16:14:48Z,5,143,False,,,,168,Matt Fisher,8,Dom Bess,520,Ben Coad,Right,Wicketkeeper,0,0,0,0,,LengthBall,OffStump,,Missed,BackFoot,Pushed,AwaySwinger,Over,FastSeam,Right,Null,NotReferred,Null,False,False,False,False,False,True,,False,False,False,False,False,False,0,0,0,0,0,False,False,,
1638773,24,3.08,0,0,0,74,8,0,76307,,39449,County Championship Division Two 2026,3,45,Yorkshire Men,48,Surrey Men,8757795,2026-09-03T16:15:27Z,6,144,False,,,,168,Matt Fisher,8,Dom Bess,520,Ben Coad,Right,Wicketkeeper,0,0,0,0,,BackOfALength,OffStump,,Missed,BackFoot,Pushed,AwaySwinger,Over,FastSeam,Right,Null,NotReferred,Null,False,False,False,False,False,True,,False,False,False,False,False,False,0,0,0,0,0,False,False,,
1638784,25,3.0,1,0,0,75,8,1,76307,,39449,County Championship Division Two 2026,3,45,Yorkshire Men,48,Surrey Men,8757804,2026-09-03T16:16:12Z,1,145,False,,,,785,Dan Worrall,520,Ben Coad,8,Dom Bess,Right,Wicketkeeper,0,0,0,0,,LengthBall,OutsideOff,,Missed,BackFoot,Drive,NoMovement,Over,FastSeam,Right,Null,NotReferred,Null,False,False,False,False,False,True,,False,False,False,False,False,False,0,0,0,0,0,False,False,,
1638784,25,3.0,1,0,0,75,8,1,76307,,39449,County Championship Division Two 2026,3,45,Yorkshire Men,48,Surrey Men,8757812,2026-09-03T16:16:41Z,2,146,False,,,,785,Dan Worrall,520,Ben Coad,8,Dom Bess,Right,Cover,0,0,0,0,,LengthBall,OutsideOff,,None,FrontFoot,Drive,NoMovement,Over,FastSeam,Right,Null,NotReferred,Null,False,False,False,False,False,True,,False,False,False,False,False,False,0,0,0,0,0,False,False,198.0,60.0
1638784,25,3.0,1,0,0,75,8,1,76307,,39449,County Championship Division Two 2026,3,45,Yorkshire Men,48,Surrey Men,8757820,2026-09-03T16:17:22Z,3,147,False,,,,785,Dan Worrall,520,Ben Coad,8,Dom Bess,Right,Wicketkeeper,0,0,0,0,,LengthBall,LegStump,,None,BackFoot,Glance,NoMovement,Over,FastSeam,Right,Null,NotReferred,Null,False,False,False,False,False,True,,False,False,False,False,False,False,0,0,0,0,0,False,False,,
1638784,25,3.0,1,0,0,75,8,1,76307,,39449,County Championship Division Two 2026,3,45,Yorkshire Men,48,Surrey Men,8757832,2026-09-03T16:17:56Z,4,148,False,,,,785,Dan Worrall,520,Ben Coad,8,Dom Bess,Right,Extra Cover,1,0,1,1,,LengthBall,OutsideOff,,None,FrontFoot,Drive,NoMovement,Over,FastSeam,Right,Null,NotReferred,Null,False,False,False,False,False,True,,False,False,False,False,False,False,1,0,0,0,0,False,False,226.0,81.0
1638784,25,3.0,1,0,0,75,8,1,76307,,39449,County Championship Division Two 2026,3,45,Yorkshire Men,48,Surrey Men,8757852,2026-09-03T16:19:11Z,5,149,False,,,,785,Dan Worrall,8,Dom Bess,520,Ben Coad,Right,Extra Cover,0,0,0,0,,HalfVolley,OutsideOff,,None,FrontFoot,Drive,NoMovement,Over,FastSeam,Right,Null,NotReferred,Null,False,False,False,False,False,True,,False,False,False,False,False,False,0,0,0,0,0,False,False,217.0,76.0
1638784,25,3.0,1,0,0,75,8,1,76307,,39449,County Championship Division Two 2026,3,45,Yorkshire Men,48,Surrey Men,8757864,2026-09-03T16:19:56Z,6,150,False,,,,785,Dan Worrall,8,Dom Bess,520,Ben Coad,Right,Wicketkeeper,0,0,0,0,,HalfVolley,OutsideOff,,Left,NoMovement,NoShot,AwaySwinger,Over,FastSeam,Right,Null,NotReferred,Null,False,False,False,False,False,True,,False,False,False,False,False,False,0,0,0,0,0,False,False,,
1638797,26,2.88,0,0,0,75,8,0,76307,,39449,County Championship Division Two 2026,3,45,Yorkshire Men,48,Surrey Men,8757875,2026-09-03T16:21:13Z,1,151,False,,,,10322,Tom Lawes,520,Ben Coad,8,Dom Bess,Right,Mid On,0,0,0,0,,HalfVolley,OutsideOff,,MisTimed,FrontFoot,Drive,NoMovement,Over,FastSeam,Right,Null,NotReferred,Null,False,False,False,False,False,True,,False,False,False,False,False,False,0,0,0,0,0,False,False,294.0,81.0
1638797,26,2.88,0,0,0,75,8,0,76307,,39449,County Championship Division Two 2026,3,45,Yorkshire Men,48,Surrey Men,8757883,2026-09-03T16:21:44Z,2,152,False,,,,10322,Tom Lawes,520,Ben Coad,8,Dom Bess,Right,Wicketkeeper,0,0,0,0,,LengthBall,OutsideOff,,Missed,FrontFoot,Drive,AwaySwinger,Over,FastSeam,Right,Null,NotReferred,Null,False,False,False,False,False,True,,False,False,False,False,False,False,0,0,0,0,0,False,False,,
1638797,26,2.88,0,0,0,75,8,0,76307,,39449,County Championship Division Two 2026,3,45,Yorkshire Men,48,Surrey Men,8757891,2026-09-03T16:22:19Z,3,153,False,,,,10322,Tom Lawes,520,Ben Coad,8,Dom Bess,Right,Wicketkeeper,0,0,0,0,,LengthBall,OutsideOff,,Missed,FrontFoot,Drive,AwaySwinger,Over,FastSeam,Right,Null,NotReferred,Null,False,False,False,False,False,True,,False,False,False,False,False,False,0,0,0,0,0,False,False,,
1638797,26,2.88,0,0,0,75,8,0,76307,,39449,County Championship Division Two 2026,3,45,Yorkshire Men,48,Surrey Men,8757900,2026-09-03T16:22:51Z,4,154,False,,,,10322,Tom Lawes,520,Ben Coad,8,Dom Bess,Right,Mid On,0,0,0,0,,LengthBall,MiddleStump,,None,BackFoot,Worked,NoMovement,Over,FastSeam,Right,Null,NotReferred,Null,False,False,False,False,False,True,,False,False,False,False,False,False,0,0,0,0,0,False,False,287.0,76.0
1638797,26,2.88,0,0,0,75,8,0,76307,,39449,County Championship Division Two 2026,3,45,Yorkshire Men,48,Surrey Men,8757907,2026-09-03T16:23:22Z,5,155,False,,,,10322,Tom Lawes,520,Ben Coad,8,Dom Bess,Right,Mid On,0,0,0,0,,LengthBall,OutsideOff,,None,FrontFoot,Drive,NoMovement,Over,FastSeam,Right,Null,NotReferred,Null,False,False,False,False,False,True,,False,False,False,False,False,False,0,0,0,0,0,False,False,281.0,95.0
1638797,26,2.88,0,0,0,75,8,0,76307,,39449,County Championship Division Two 2026,3,45,Yorkshire Men,48,Surrey Men,8757917,2026-09-03T16:23:54Z,6,156,False,,,,10322,Tom Lawes,520,Ben Coad,8,Dom Bess,Right,Wicketkeeper,0,0,0,0,,LengthBall,OutsideOff,,Missed,BackFoot,Pushed,AwaySwinger,Over,FastSeam,Right,Null,NotReferred,Null,False,False,False,False,False,True,,False,False,False,False,False,False,0,0,0,0,0,False,False,,
1638805,27,3.04,7,0,0,82,8,7,76307,,39449,County Championship Division Two 2026,3,45,Yorkshire Men,48,Surrey Men,8757937,2026-09-03T16:24:46Z,1,157,False,,,,785,Dan Worrall,8,Dom Bess,520,Ben Coad,Right,,4,0,4,4,,LengthBall,OutsideOff,,OutsideEdge,FrontFoot,Drive,NoMovement,Over,FastSeam,Right,Null,NotReferred,Null,False,False,False,False,False,True,,False,False,False,False,False,False,4,0,0,0,0,True,True,108.0,180.0
1638805,27,3.04,7,0,0,82,8,7,76307,,39449,County Championship Division Two 2026,3,45,Yorkshire Men,48,Surrey Men,8757943,2026-09-03T16:25:28Z,2,158,False,,,,785,Dan Worrall,8,Dom Bess,520,Ben Coad,Right,Wicketkeeper,0,0,0,0,,LengthBall,OutsideOff,,Left,NoMovement,NoShot,AwaySwinger,Over,FastSeam,Right,Null,NotReferred,Null,False,False,False,False,False,True,,False,False,False,False,False,False,0,0,0,0,0,False,False,,
1638805,27,3.04,7,0,0,82,8,7,76307,,39449,County Championship Division Two 2026,3,45,Yorkshire Men,48,Surrey Men,8757954,2026-09-03T16:26:01Z,3,159,False,,,,785,Dan Worrall,8,Dom Bess,520,Ben Coad,Right,Extra Cover,1,0,1,1,,LengthBall,OutsideOff,,None,FrontFoot,ForwardDefensive,NoMovement,Over,FastSeam,Right,Null,NotReferred,Null,False,False,False,False,False,True,,False,False,False,False,False,False,1,0,0,0,0,False,False,212.0,63.0
1638805,27,3.04,7,0,0,82,8,7,76307,,39449,County Championship Division Two 2026,3,45,Yorkshire Men,48,Surrey Men,8757966,2026-09-03T16:26:40Z,4,160,False,,,,785,Dan Worrall,520,Ben Coad,8,Dom Bess,Right,Fine Leg,1,0,1,1,,BackOfALength,MiddleStump,,None,BackFoot,Worked,NoMovement,Over,FastSeam,Right,Null,NotReferred,Null,False,False,False,False,False,True,,False,False,False,False,False,False,1,0,0,0,0,False,False,40.0,132.0
1638805,27,3.04,7,0,0,82,8,7,76307,,39449,County Championship Division Two 2026,3,45,Yorkshire Men,48,Surrey Men,8757976,2026-09-03T16:27:18Z,5,161,False,,,,785,Dan Worrall,8,Dom Bess,520,Ben Coad,Right,Mid On,1,0,1,1,,LengthBall,MiddleStump,,None,BackFoot,Pushed,NoMovement,Over,FastSeam,Right,Null,NotReferred,Null,False,False,False,False,False,True,,False,False,False,False,False,False,1,0,0,0,0,False,False,286.0,60.0
1638805,27,3.04,7,0,0,82,8,7,76307,,39449,County Championship Division Two 2026,3,45,Yorkshire Men,48,Surrey Men,8757990,2026-09-03T16:27:57Z,6,162,False,,,,785,Dan Worrall,520,Ben Coad,8,Dom Bess,Right,Wicketkeeper,0,0,0,0,,LengthBall,OffStump,,Missed,FrontFoot,Drive,AwaySwinger,Over,FastSeam,Right,Null,NotReferred,Null,False,False,False,False,False,True,,False,False,False,False,False,False,0,0,0,0,0,False,False,,
1638818,28,2.93,0,1,0,82,9,0,76307,,39449,County Championship Division Two 2026,3,45,Yorkshire Men,48,Surrey Men,8758006,2026-09-03T16:29:11Z,1,163,False,,,,10322,Tom Lawes,8,Dom Bess,520,Ben Coad,Right,Wicketkeeper,0,0,0,0,,LengthBall,OutsideOff,,Missed,BackFoot,Cut,NoMovement,Over,FastSeam,Right,Null,NotReferred,Null,False,False,False,False,False,True,,False,False,False,False,False,False,0,0,0,0,0,False,False,,
1638818,28,2.93,0,1,0,82,9,0,76307,,39449,County Championship Division Two 2026,3,45,Yorkshire Men,48,Surrey Men,8758019,2026-09-03T16:29:44Z,2,164,False,,,,10322,Tom Lawes,8,Dom Bess,520,Ben Coad,Right,Wicketkeeper,0,0,0,0,,HalfVolley,OutsideOff,,Left,NoMovement,NoShot,AwaySwinger,Over,FastSeam,Right,Null,NotReferred,Null,False,False,False,False,False,True,,False,False,False,False,False,False,0,0,0,0,0,False,False,,
1638818,28,2.93,0,1,0,82,9,0,76307,,39449,County Championship Division Two 2026,3,45,Yorkshire Men,48,Surrey Men,8758031,2026-09-03T16:30:18Z,3,165,False,,,,10322,Tom Lawes,8,Dom Bess,520,Ben Coad,Right,Backward Point,0,0,0,0,,LengthBall,OffStump,,None,BackFoot,Pushed,NoMovement,Over,FastSeam,Right,Null,NotReferred,Null,False,False,False,False,False,True,,False,False,False,False,False,False,0,0,0,0,0,False,False,155.0,67.0
1638818,28,2.93,0,1,0,82,9,0,76307,,39449,County Championship Division Two 2026,3,45,Yorkshire Men,48,Surrey Men,8758054,2026-09-03T16:30:51Z,4,166,True,Caught,8.0,Dom Bess,10322,Tom Lawes,8,Dom Bess,520,Ben Coad,Right,Wicketkeeper,0,0,0,0,Caught,HalfVolley,OutsideOff,Caught,OutsideEdge,FrontFoot,ForwardDefensive,AwaySwinger,Over,FastSeam,Right,Null,NotReferred,Null,False,False,False,False,False,True,1823.0,False,False,False,False,False,False,0,0,0,0,0,False,False,,
1638818,28,2.93,0,1,0,82,9,0,76307,,39449,County Championship Division Two 2026,3,45,Yorkshire Men,48,Surrey Men,8758083,2026-09-03T16:33:34Z,5,167,False,,,,10322,Tom Lawes,7012,Jack White,520,Ben Coad,Left,Wicketkeeper,0,0,0,0,,HalfVolley,OutsideOff,,Missed,FrontFoot,ForwardDefensive,NoMovement,Over,FastSeam,Right,Null,NotReferred,Null,False,False,False,False,False,True,,False,False,False,False,False,False,0,0,0,0,0,False,False,,
1638818,28,2.93,0,1,0,82,9,0,76307,,39449,County Championship Division Two 2026,3,45,Yorkshire Men,48,Surrey Men,8758097,2026-09-03T16:34:11Z,6,168,False,,,,10322,Tom Lawes,7012,Jack White,520,Ben Coad,Left,Wicketkeeper,0,0,0,0,,Short,MiddleStump,,Missed,BackFoot,Steer,NoMovement,Over,FastSeam,Right,Null,NotReferred,Null,False,False,False,False,False,True,,False,False,False,False,False,False,0,0,0,0,0,False,False,,
1638839,29,2.83,0,1,0,82,10,0,76307,,39449,County Championship Division Two 2026,3,45,Yorkshire Men,48,Surrey Men,8758113,2026-09-03T16:35:26Z,1,169,False,,,,785,Dan Worrall,520,Ben Coad,7012,Jack White,Right,Wicketkeeper,0,0,0,0,,LengthBall,OutsideOff,,Missed,FrontFoot,Drive,NoMovement,Over,FastSeam,Right,Null,NotReferred,Null,False,False,False,False,False,True,,False,False,False,False,False,False,0,0,0,0,0,False,False,,
1638839,29,2.83,0,1,0,82,10,0,76307,,39449,County Championship Division Two 2026,3,45,Yorkshire Men,48,Surrey Men,8758130,2026-09-03T16:36:18Z,2,170,False,,,,785,Dan Worrall,520,Ben Coad,7012,Jack White,Right,Wicketkeeper,0,0,0,0,,LengthBall,OutsideOff,,Missed,FrontFoot,Slog,SeamAway,Over,FastSeam,Right,Null,NotReferred,Null,False,False,False,False,False,True,,False,False,False,False,False,False,0,0,0,0,0,False,False,,
1638839,29,2.83,0,1,0,82,10,0,76307,,39449,County Championship Division Two 2026,3,45,Yorkshire Men,48,Surrey Men,8758147,2026-09-03T16:37:00Z,3,171,False,,,,785,Dan Worrall,520,Ben Coad,7012,Jack White,Right,Wicketkeeper,0,0,0,0,,HalfVolley,OutsideOff,,Missed,FrontFoot,Drive,AwaySwinger,Over,FastSeam,Right,Null,NotReferred,Null,False,False,False,False,False,True,,False,False,False,False,False,False,0,0,0,0,0,False,False,,
1638839,29,2.83,0,1,0,82,10,0,76307,,39449,County Championship Division Two 2026,3,45,Yorkshire Men,48,Surrey Men,8758158,2026-09-03T16:37:32Z,4,172,False,,,,785,Dan Worrall,520,Ben Coad,7012,Jack White,Right,Backward Point,0,0,0,0,,LengthBall,OutsideOff,,None,BackFoot,Drive,NoMovement,Over,FastSeam,Right,Null,NotReferred,Null,False,False,False,False,False,True,,False,False,False,False,False,False,0,0,0,0,0,False,False,171.0,87.0
1638839,29,2.83,0,1,0,82,10,0,76307,,39449,County Championship Division Two 2026,3,45,Yorkshire Men,48,Surrey Men,8758182,2026-09-03T16:38:16Z,5,173,True,Caught,520.0,Ben Coad,785,Dan Worrall,520,Ben Coad,7012,Jack White,Right,Deep Cover,0,0,0,0,Caught,LengthBall,OutsideOff,Caught,None,FrontFoot,Drive,NoMovement,Over,FastSeam,Right,Null,NotReferred,Null,False,False,False,False,True,True,1906.0,False,False,False,False,False,False,0,0,0,0,0,False,False,182.0,156.0
1638884,2,2.0,1,0,0,4,0,1,76315,,39449,County Championship Division Two 2026,4,48,Surrey Men,45,Yorkshire Men,8758400,2026-09-03T16:53:34Z,1,7,False,,,,7012,Jack White,215,Rory Burns,24,Dom Sibley,Left,Wicketkeeper,0,0,0,0,,HalfVolley,OutsideOff,,ShouldersArms,NoMovement,ShouldersArms,NoMovement,Round,Medium,Right,Null,NotReferred,Null,False,False,False,False,False,True,,False,False,False,False,False,False,0,0,0,0,0,False,False,,
1638884,2,2.0,1,0,0,4,0,1,76315,,39449,County Championship Division Two 2026,4,48,Surrey Men,45,Yorkshire Men,8758410,2026-09-03T16:54:11Z,2,8,False,,,,7012,Jack White,215,Rory Burns,24,Dom Sibley,Left,Wicketkeeper,0,0,0,0,,LengthBall,OutsideOff,,ShouldersArms,NoMovement,ShouldersArms,NoMovement,Round,Medium,Right,Null,NotReferred,Null,False,False,False,False,False,True,,False,False,False,False,False,False,0,0,0,0,0,False,False,,
1638884,2,2.0,1,0,0,4,0,1,76315,,39449,County Championship Division Two 2026,4,48,Surrey Men,45,Yorkshire Men,8758417,2026-09-03T16:54:46Z,3,9,False,,,,7012,Jack White,215,Rory Burns,24,Dom Sibley,Left,Wicketkeeper,0,0,0,0,,LengthBall,OutsideOff,,Left,NoMovement,NoShot,NoMovement,Round,Medium,Right,Null,NotReferred,Null,False,False,False,False,False,True,,False,False,False,False,False,False,0,0,0,0,0,False,False,,
1638884,2,2.0,1,0,0,4,0,1,76315,,39449,County Championship Division Two 2026,4,48,Surrey Men,45,Yorkshire Men,8758428,2026-09-03T16:55:25Z,4,10,False,,,,7012,Jack White,215,Rory Burns,24,Dom Sibley,Left,Wicketkeeper,0,0,0,0,,HalfVolley,OutsideOff,,Left,NoMovement,NoShot,NoMovement,Round,Medium,Right,Null,NotReferred,Null,False,False,False,False,False,True,,False,False,False,False,False,False,0,0,0,0,0,False,False,,
1638884,2,2.0,1,0,0,4,0,1,76315,,39449,County Championship Division Two 2026,4,48,Surrey Men,45,Yorkshire Men,8758443,2026-09-03T16:56:10Z,5,11,False,,,,7012,Jack White,215,Rory Burns,24,Dom Sibley,Left,Wicketkeeper,0,0,0,0,,BackOfALength,OutsideOff,,ShouldersArms,NoMovement,ShouldersArms,NoMovement,Round,Medium,Right,Null,NotReferred,Null,False,False,False,False,False,True,,False,False,False,False,False,False,0,0,0,0,0,False,False,,
1638884,2,2.0,1,0,0,4,0,1,76315,,39449,County Championship Division Two 2026,4,48,Surrey Men,45,Yorkshire Men,8758453,2026-09-03T16:56:49Z,6,12,False,,,,7012,Jack White,215,Rory Burns,24,Dom Sibley,Left,Fine Leg,0,1,1,0,,BackOfALength,OffStump,,HitBody,BackFoot,Worked,NoMovement,Round,Medium,Right,Null,NotReferred,Null,False,False,False,True,False,True,,False,False,False,False,False,False,1,0,0,1,0,False,False,142.0,105.0
1638896,3,3.0,5,0,0,9,0,5,76315,,39449,County Championship Division Two 2026,4,48,Surrey Men,45,Yorkshire Men,8758469,2026-09-03T16:57:41Z,1,13,False,,,,520,Ben Coad,215,Rory Burns,24,Dom Sibley,Left,,0,0,0,0,,BackOfALength,OffStump,,HitPad,BackFoot,Worked,NoMovement,Round,Medium,Right,Null,NotReferred,Null,False,False,False,False,False,True,,False,False,False,False,False,False,0,0,0,0,0,False,False,,
1638896,3,3.0,5,0,0,9,0,5,76315,,39449,County Championship Division Two 2026,4,48,Surrey Men,45,Yorkshire Men,8758486,2026-09-03T16:58:14Z,2,14,False,,,,520,Ben Coad,215,Rory Burns,24,Dom Sibley,Left,Third Man,2,0,2,2,,LengthBall,OutsideOff,,None,BackFoot,Steer,NoMovement,Round,Medium,Right,Null,NotReferred,Null,False,False,False,False,False,True,,False,False,False,False,False,False,2,0,0,0,0,False,False,46.0,117.0
1638896,3,3.0,5,0,0,9,0,5,76315,,39449,County Championship Division Two 2026,4,48,Surrey Men,45,Yorkshire Men,8758496,2026-09-03T16:58:52Z,3,3,False,,,,520,Ben Coad,215,Rory Burns,24,Dom Sibley,Left,Gully,1,0,1,1,,BackOfALength,OutsideOff,,ThickEdge,BackFoot,BackwardDefensive,NoMovement,Round,Medium,Right,Null,NotReferred,Null,False,False,False,False,False,True,,False,False,False,False,False,False,1,0,0,0,0,False,False,44.0,76.0
1638896,3,3.0,5,0,0,9,0,5,76315,,39449,County Championship Division Two 2026,4,48,Surrey Men,45,Yorkshire Men,8758509,2026-09-03T16:59:33Z,4,16,False,,,,520,Ben Coad,24,Dom Sibley,215,Rory Burns,Right,Mid Wicket,1,0,1,1,,LengthBall,OffStump,,None,FrontFoot,Drive,NoMovement,Over,Medium,Right,Null,NotReferred,Null,False,False,False,False,False,True,,False,False,False,False,False,False,1,0,0,0,0,False,False,323.0,84.0
1638896,3,3.0,5,0,0,9,0,5,76315,,39449,County Championship Division Two 2026,4,48,Surrey Men,45,Yorkshire Men,8758519,2026-09-03T17:00:15Z,5,17,False,,,,520,Ben Coad,215,Rory Burns,24,Dom Sibley,Left,Fine Leg,1,0,1,1,,LengthBall,OutsideOff,,None,BackFoot,Glance,NoMovement,Round,Medium,Right,Null,NotReferred,Null,False,False,False,False,False,True,,False,False,False,False,False,False,1,0,0,0,0,False,False,124.0,123.0
1638896,3,3.0,5,0,0,9,0,5,76315,,39449,County Championship Division Two 2026,4,48,Surrey Men,45,Yorkshire Men,8758527,2026-09-03T17:00:55Z,6,18,False,,,,520,Ben Coad,24,Dom Sibley,215,Rory Burns,Right,Mid On,0,0,0,0,,LengthBall,OffStump,,None,FrontFoot,ForwardDefensive,NoMovement,Over,Medium,Right,Null,NotReferred,Null,False,False,False,False,False,True,,False,False,False,False,False,False,0,0,0,0,0,False,False,287.0,76.0
1638909,4,2.25,0,0,0,9,0,0,76315,,39449,County Championship Division Two 2026,4,48,Surrey Men,45,Yorkshire Men,8758541,2026-09-03T17:01:49Z,1,19,False,,,,7012,Jack White,215,Rory Burns,24,Dom Sibley,Left,Wicketkeeper,0,0,0,0,,HalfVolley,OutsideOff,,ShouldersArms,NoMovement,ShouldersArms,NoMovement,Round,Medium,Right,Null,NotReferred,Null,False,False,False,False,False,True,,False,False,False,False,False,False,0,0,0,0,0,False,False,,
1638909,4,2.25,0,0,0,9,0,0,76315,,39449,County Championship Division Two 2026,4,48,Surrey Men,45,Yorkshire Men,8758554,2026-09-03T17:02:26Z,2,20,False,,,,7012,Jack White,215,Rory Burns,24,Dom Sibley,Left,,0,0,0,0,,BackOfALength,OutsideOff,Lbw,HitPad,BackFoot,BackwardDefensive,SeamIn,Round,Medium,Right,Null,NotReferred,Null,False,False,False,False,False,True,1906.0,False,False,False,False,False,False,0,0,0,0,0,False,False,,
1638909,4,2.25,0,0,0,9,0,0,76315,,39449,County Championship Division Two 2026,4,48,Surrey Men,45,Yorkshire Men,8758565,2026-09-03T17:03:07Z,3,21,False,,,,7012,Jack White,215,Rory Burns,24,Dom Sibley,Left,Third Slip,0,0,0,0,,LengthBall,OutsideOff,,OutsideEdge,BackFoot,BackwardDefensive,NoMovement,Round,Medium,Right,Null,NotReferred,Null,False,False,False,False,False,True,,False,False,False,False,False,False,0,0,0,0,0,False,False,64.0,72.0
1638909,4,2.25,0,0,0,9,0,0,76315,,39449,County Championship Division Two 2026,4,48,Surrey Men,45,Yorkshire Men,8758576,2026-09-03T17:03:46Z,4,22,False,,,,7012,Jack White,215,Rory Burns,24,Dom Sibley,Left,Cover,0,0,0,0,,LengthBall,OutsideOff,,None,BackFoot,Drive,NoMovement,Round,Medium,Right,Null,NotReferred,Null,False,False,False,False,False,True,,False,False,False,False,False,False,0,0,0,0,0,False,False,340.0,85.0
1638909,4,2.25,0,0,0,9,0,0,76315,,39449,County Championship Division Two 2026,4,48,Surrey Men,45,Yorkshire Men,8758587,2026-09-03T17:04:23Z,5,23,False,,,,7012,Jack White,215,Rory Burns,24,Dom Sibley,Left,Mid On,0,0,0,0,,HalfVolley,OutsideOff,,Middled,FrontFoot,Drive,NoMovement,Round,Medium,Right,Null,NotReferred,Null,False,False,False,False,False,True,,False,False,False,False,False,False,0,0,0,0,0,False,False,251.0,67.0
1638909,4,2.25,0,0,0,9,0,0,76315,,39449,County Championship Division Two 2026,4,48,Surrey Men,45,Yorkshire Men,8758599,2026-09-03T17:05:00Z,6,24,False,,,,7012,Jack White,215,Rory Burns,24,Dom Sibley,Left,Extra Cover,0,0,0,0,,LengthBall,OutsideOff,,None,BackFoot,Drive,NoMovement,Round,Medium,Right,Null,NotReferred,Null,False,False,False,False,False,True,,False,False,False,False,False,False,0,0,0,0,0,False,False,312.0,52.0
1638922,5,2.8,5,0,0,14,0,5,76315,,39449,County Championship Division Two 2026,4,48,Surrey Men,45,Yorkshire Men,8758622,2026-09-03T17:05:55Z,1,25,False,,,,520,Ben Coad,24,Dom Sibley,215,Rory Burns,Right,,0,0,0,0,,LengthBall,MiddleStump,,HitBody,BackFoot,Pushed,InSwinger,Over,Medium,Right,Null,NotReferred,Null,False,False,False,False,False,True,,False,False,False,False,False,False,0,0,0,0,0,False,False,,
1638922,5,2.8,5,0,0,14,0,5,76315,,39449,County Championship Division Two 2026,4,48,Surrey Men,45,Yorkshire Men,8758634,2026-09-03T17:06:27Z,2,26,False,,,,520,Ben Coad,24,Dom Sibley,215,Rory Burns,Right,,0,0,0,0,,LengthBall,OutsideOff,Lbw,HitPad,FrontFoot,Drive,InSwinger,Over,Medium,Right,Null,NotReferred,Null,False,False,False,False,False,True,1823.0,False,False,False,False,False,False,0,0,0,0,0,False,False,,
1638922,5,2.8,5,0,0,14,0,5,76315,,39449,County Championship Division Two 2026,4,48,Surrey Men,45,Yorkshire Men,8758643,2026-09-03T17:07:10Z,3,27,False,,,,520,Ben Coad,24,Dom Sibley,215,Rory Burns,Right,Third Man,1,0,1,1,,LengthBall,OutsideOff,,OutsideEdge,BackFoot,BackwardDefensive,NoMovement,Over,Medium,Right,Null,NotReferred,Null,False,False,False,False,False,True,,False,False,False,False,False,False,1,0,0,0,0,False,False,127.0,106.0
1638922,5,2.8,5,0,0,14,0,5,76315,,39449,County Championship Division Two 2026,4,48,Surrey Men,45,Yorkshire Men,8758647,2026-09-03T17:07:53Z,4,28,False,,,,520,Ben Coad,215,Rory Burns,24,Dom Sibley,Left,Wicketkeeper,0,0,0,0,,LengthBall,OutsideOff,,ShouldersArms,NoMovement,ShouldersArms,NoMovement,Round,Medium,Right,Null,NotReferred,Null,False,False,False,False,False,True,,False,False,False,False,False,False,0,0,0,0,0,False,False,,
1638922,5,2.8,5,0,0,14,0,5,76315,,39449,County Championship Division Two 2026,4,48,Surrey Men,45,Yorkshire Men,8758660,2026-09-03T17:08:27Z,5,29,False,,,,520,Ben Coad,215,Rory Burns,24,Dom Sibley,Left,Square Leg,0,0,0,0,,LengthBall,OutsideOff,,None,FrontFoot,ForwardDefensive,NoMovement,Round,Medium,Right,Null,NotReferred,Null,False,False,False,False,False,True,,False,False,False,False,False,False,0,0,0,0,0,False,False,186.0,61.0
1638922,5,2.8,5,0,0,14,0,5,76315,,39449,County Championship Division Two 2026,4,48,Surrey Men,45,Yorkshire Men,8758666,2026-09-03T17:09:00Z,6,30,False,,,,520,Ben Coad,215,Rory Burns,24,Dom Sibley,Left,,4,0,4,4,,LengthBall,OutsideOff,,None,BackFoot,Glance,NoMovement,Round,Medium,Right,Null,NotReferred,Null,False,False,False,False,False,True,,False,False,False,False,False,False,4,0,0,0,0,True,False,110.0,161.0
1638933,6,2.33,0,0,0,14,0,0,76315,,39449,County Championship Division Two 2026,4,48,Surrey Men,45,Yorkshire Men,8758689,2026-09-03T17:10:19Z,1,31,False,,,,7012,Jack White,24,Dom Sibley,215,Rory Burns,Right,Wicketkeeper,0,0,0,0,,LengthBall,OutsideOff,,Missed,BackFoot,Drive,SeamIn,Over,Medium,Right,Null,NotReferred,Null,False,False,False,False,False,True,,False,False,False,False,False,False,0,0,0,0,0,False,False,,
1638933,6,2.33,0,0,0,14,0,0,76315,,39449,County Championship Division Two 2026,4,48,Surrey Men,45,Yorkshire Men,8758704,2026-09-03T17:11:06Z,2,32,False,,,,7012,Jack White,24,Dom Sibley,215,Rory Burns,Right,Wicketkeeper,0,0,0,0,,LengthBall,OutsideOff,,Missed,BackFoot,Pushed,AwaySwinger,Over,Medium,Right,Null,NotReferred,Null,False,False,False,False,False,True,,False,False,False,False,False,False,0,0,0,0,0,False,False,,
1638933,6,2.33,0,0,0,14,0,0,76315,,39449,County Championship Division Two 2026,4,48,Surrey Men,45,Yorkshire Men,8758714,2026-09-03T17:11:42Z,3,33,False,,,,7012,Jack White,24,Dom Sibley,215,Rory Burns,Right,Mid Wicket,0,0,0,0,,BackOfALength,OffStump,,None,BackFoot,Pushed,NoMovement,Over,Medium,Right,Null,NotReferred,Null,False,False,False,False,False,True,,False,False,False,False,False,False,0,0,0,0,0,False,False,316.0,47.0
1638933,6,2.33,0,0,0,14,0,0,76315,,39449,County Championship Division Two 2026,4,48,Surrey Men,45,Yorkshire Men,8758724,2026-09-03T17:12:18Z,4,34,False,,,,7012,Jack White,24,Dom Sibley,215,Rory Burns,Right,Wicketkeeper,0,0,0,0,,BackOfALength,OutsideOff,,ShouldersArms,NoMovement,ShouldersArms,AwaySwinger,Over,Medium,Right,Null,NotReferred,Null,False,False,False,False,False,True,,False,False,False,False,False,False,0,0,0,0,0,False,False,,
1638933,6,2.33,0,0,0,14,0,0,76315,,39449,County Championship Division Two 2026,4,48,Surrey Men,45,Yorkshire Men,8758735,2026-09-03T17:12:57Z,5,35,False,,,,7012,Jack White,24,Dom Sibley,215,Rory Burns,Right,Mid On,0,0,0,0,,LengthBall,OutsideOff,,None,FrontFoot,ForwardDefensive,NoMovement,Over,Medium,Right,Null,NotReferred,Null,False,False,False,False,False,True,,False,False,False,False,False,False,0,0,0,0,0,False,False,282.0,48.0
1638933,6,2.33,0,0,0,14,0,0,76315,,39449,County Championship Division Two 2026,4,48,Surrey Men,45,Yorkshire Men,8758745,2026-09-03T17:13:36Z,6,36,False,,,,7012,Jack White,24,Dom Sibley,215,Rory Burns,Right,Wicketkeeper,0,0,0,0,,LengthBall,OutsideOff,,Left,NoMovement,NoShot,AwaySwinger,Over,Medium,Right,Null,NotReferred,Null,False,False,False,False,False,True,,False,False,False,False,False,False,0,0,0,0,0,False,False,,
1638945,7,3.14,8,0,0,22,0,8,76315,,39449,County Championship Division Two 2026,4,48,Surrey Men,45,Yorkshire Men,8758765,2026-09-03T17:14:59Z,1,37,False,,,,520,Ben Coad,215,Rory Burns,24,Dom Sibley,Left,Wicketkeeper,0,0,0,0,,HalfVolley,OutsideOff,,ShouldersArms,NoMovement,ShouldersArms,NoMovement,Round,Medium,Right,Null,NotReferred,Null,False,False,False,False,False,True,,False,False,False,False,False,False,0,0,0,0,0,False,False,,
1638945,7,3.14,8,0,0,22,0,8,76315,,39449,County Championship Division Two 2026,4,48,Surrey Men,45,Yorkshire Men,8758772,2026-09-03T17:15:35Z,2,38,False,,,,520,Ben Coad,215,Rory Burns,24,Dom Sibley,Left,Wicketkeeper,0,0,0,0,,BackOfALength,OutsideOff,,Missed,BackFoot,Pushed,SeamAway,Round,Medium,Right,Null,NotReferred,Null,False,False,False,False,False,True,,False,False,False,False,False,False,0,0,0,0,0,False,False,,
1638945,7,3.14,8,0,0,22,0,8,76315,,39449,County Championship Division Two 2026,4,48,Surrey Men,45,Yorkshire Men,8758783,2026-09-03T17:16:13Z,3,39,False,,,,520,Ben Coad,215,Rory Burns,24,Dom Sibley,Left,Backward Square Leg,1,0,1,1,,LengthBall,OutsideOff,,None,BackFoot,Worked,NoMovement,Round,Medium,Right,Null,NotReferred,Null,False,False,False,False,False,True,,False,False,False,False,False,False,1,0,0,0,0,False,False,158.0,95.0
1638945,7,3.14,8,0,0,22,0,8,76315,,39449,County Championship Division Two 2026,4,48,Surrey Men,45,Yorkshire Men,8758793,2026-09-03T17:16:51Z,4,40,False,,,,520,Ben Coad,24,Dom Sibley,215,Rory Burns,Right,,4,0,4,4,,HalfVolley,MiddleStump,,WellTimed,FrontFoot,Flick,NoMovement,Over,Medium,Right,Null,NotReferred,Null,False,False,False,False,False,True,,False,False,False,False,False,False,4,0,0,0,0,True,False,356.0,171.0
1638945,7,3.14,8,0,0,22,0,8,76315,,39449,County Championship Division Two 2026,4,48,Surrey Men,45,Yorkshire Men,8758801,2026-09-03T17:17:42Z,5,41,False,,,,520,Ben Coad,24,Dom Sibley,215,Rory Burns,Right,Third Man,3,0,3,3,,LengthBall,OutsideOff,,None,BackFoot,Steer,NoMovement,Over,Medium,Right,Null,NotReferred,Null,False,False,False,False,False,True,,False,False,False,False,False,False,3,0,0,0,0,False,False,122.0,139.0
1638945,7,3.14,8,0,0,22,0,8,76315,,39449,County Championship Division Two 2026,4,48,Surrey Men,45,Yorkshire Men,8758808,2026-09-03T17:18:25Z,6,42,False,,,,520,Ben Coad,215,Rory Burns,24,Dom Sibley,Left,Wicketkeeper,0,0,0,0,,LengthBall,OutsideOff,,Missed,BackFoot,BackwardDefensive,NoMovement,Round,Medium,Right,Null,NotReferred,Null,False,False,False,False,False,True,,False,False,False,False,False,False,0,0,0,0,0,False,False,,
1638954,8,3.38,5,0,0,27,0,5,76315,,39449,County Championship Division Two 2026,4,48,Surrey Men,45,Yorkshire Men,8758815,2026-09-03T17:19:22Z,1,43,False,,,,7012,Jack White,24,Dom Sibley,215,Rory Burns,Right,Wicketkeeper,0,0,0,0,,LengthBall,OutsideOff,,Left,NoMovement,NoShot,AwaySwinger,Over,Medium,Right,Null,NotReferred,Null,False,False,False,False,False,True,,False,False,False,False,False,False,0,0,0,0,0,False,False,,
1638954,8,3.38,5,0,0,27,0,5,76315,,39449,County Championship Division Two 2026,4,48,Surrey Men,45,Yorkshire Men,8758822,2026-09-03T17:19:59Z,2,44,False,,,,7012,Jack White,24,Dom Sibley,215,Rory Burns,Right,Cover,0,0,0,0,,LengthBall,OffStump,,None,FrontFoot,ForwardDefensive,NoMovement,Over,Medium,Right,Null,NotReferred,Null,False,False,False,False,False,True,,False,False,False,False,False,False,0,0,0,0,0,False,False,185.0,74.0
1638954,8,3.38,5,0,0,27,0,5,76315,,39449,County Championship Division Two 2026,4,48,Surrey Men,45,Yorkshire Men,8758831,2026-09-03T17:20:39Z,3,45,False,,,,7012,Jack White,24,Dom Sibley,215,Rory Burns,Right,,4,0,4,4,,BackOfALength,OffStump,,None,BackFoot,Glance,NoMovement,Over,Medium,Right,Null,NotReferred,Null,False,False,False,False,False,True,,False,False,False,False,False,False,4,0,0,0,0,True,False,66.0,179.0
1638954,8,3.38,5,0,0,27,0,5,76315,,39449,County Championship Division Two 2026,4,48,Surrey Men,45,Yorkshire Men,8758844,2026-09-03T17:21:19Z,4,46,False,,,,7012,Jack White,24,Dom Sibley,215,Rory Burns,Right,Deep Cover,1,0,1,1,,LengthBall,OutsideOff,,None,FrontFoot,Drive,NoMovement,Over,Medium,Right,Null,NotReferred,Null,False,False,False,False,False,True,,False,False,False,False,False,False,1,0,0,0,0,False,False,181.0,119.0
1638954,8,3.38,5,0,0,27,0,5,76315,,39449,County Championship Division Two 2026,4,48,Surrey Men,45,Yorkshire Men,8759401,2026-09-04T10:16:07Z,5,47,False,,,,7012,Jack White,215,Rory Burns,24,Dom Sibley,Left,First Slip,0,0,0,0,,LengthBall,OutsideOff,Lbw,None,FrontFoot,ForwardDefensive,InSwinger,Round,Medium,Right,Null,NotReferred,Null,False,False,False,False,False,True,1906.0,False,False,False,False,False,False,0,0,0,0,0,False,False,73.0,33.0
1638954,8,3.38,5,0,0,27,0,5,76315,,39449,County Championship Division Two 2026,4,48,Surrey Men,45,Yorkshire Men,8759404,2026-09-04T10:16:54Z,6,48,False,,,,7012,Jack White,215,Rory Burns,24,Dom Sibley,Left,Wicketkeeper,0,0,0,0,,BackOfALength,OutsideOff,,Left,FrontFoot,Leave,InSwinger,Round,Medium,Right,Null,NotReferred,Null,False,False,False,False,False,True,,False,False,False,False,False,False,0,0,0,0,0,False,False,,
1639052,9,3.56,5,0,0,32,0,5,76315,,39449,County Championship Division Two 2026,4,48,Surrey Men,45,Yorkshire Men,8759412,2026-09-04T10:18:01Z,1,49,False,,,,520,Ben Coad,24,Dom Sibley,215,Rory Burns,Right,Square Leg,1,0,1,1,,LengthBall,MiddleStump,,None,FrontFoot,Flick,NoMovement,Over,Medium,Right,Null,NotReferred,Null,False,False,False,False,False,True,,False,False,False,False,False,False,1,0,0,0,0,False,False,333.0,69.0
1639052,9,3.56,5,0,0,32,0,5,76315,,39449,County Championship Division Two 2026,4,48,Surrey Men,45,Yorkshire Men,8759418,2026-09-04T10:18:50Z,2,50,False,,,,520,Ben Coad,215,Rory Burns,24,Dom Sibley,Left,Mid Off,0,0,0,0,,LengthBall,OutsideOff,,None,FrontFoot,ForwardDefensive,InSwinger,Round,Medium,Right,Null,NotReferred,Null,False,False,False,False,False,True,,False,False,False,False,False,False,0,0,0,0,0,False,False,289.0,60.0
1639052,9,3.56,5,0,0,32,0,5,76315,,39449,County Championship Division Two 2026,4,48,Surrey Men,45,Yorkshire Men,8759425,2026-09-04T10:19:21Z,3,51,False,,,,520,Ben Coad,215,Rory Burns,24,Dom Sibley,Left,Third Man,2,0,2,2,,LengthBall,OutsideOff,,OutsideEdge,FrontFoot,ForwardDefensive,SeamAway,Round,Medium,Right,Null,NotReferred,Null,False,False,False,False,False,True,,False,False,False,False,False,False,2,0,0,0,0,False,False,69.0,156.0
1639052,9,3.56,5,0,0,32,0,5,76315,,39449,County Championship Division Two 2026,4,48,Surrey Men,45,Yorkshire Men,8759428,2026-09-04T10:20:01Z,4,52,False,,,,520,Ben Coad,215,Rory Burns,24,Dom Sibley,Left,Wicketkeeper,0,0,0,0,,BackOfALength,OutsideOff,,Left,FrontFoot,Leave,NoMovement,Round,Medium,Right,Null,NotReferred,Null,False,False,False,False,False,True,,False,False,False,False,False,False,0,0,0,0,0,False,False,,
1639052,9,3.56,5,0,0,32,0,5,76315,,39449,County Championship Division Two 2026,4,48,Surrey Men,45,Yorkshire Men,8759431,2026-09-04T10:20:38Z,5,53,False,,,,520,Ben Coad,215,Rory Burns,24,Dom Sibley,Left,Deep Backward Square Leg,2,0,2,2,,LengthBall,OutsideOff,,WellTimed,FrontFoot,Flick,NoMovement,Round,Medium,Right,Null,NotReferred,Null,False,False,False,False,False,True,,False,False,False,False,False,False,2,0,0,0,0,False,False,168.0,131.0
1639052,9,3.56,5,0,0,32,0,5,76315,,39449,County Championship Division Two 2026,4,48,Surrey Men,45,Yorkshire Men,8759435,2026-09-04T10:21:30Z,6,54,False,,,,520,Ben Coad,215,Rory Burns,24,Dom Sibley,Left,Wicketkeeper,0,0,0,0,,LengthBall,OutsideOff,,Left,FrontFoot,Leave,SeamIn,Round,Medium,Right,Null,NotReferred,Null,False,False,False,False,False,True,,False,False,False,False,False,False,0,0,0,0,0,False,False,,
1639057,10,3.6,4,0,0,36,0,4,76315,,39449,County Championship Division Two 2026,4,48,Surrey Men,45,Yorkshire Men,8759446,2026-09-04T10:22:44Z,1,55,False,,,,7012,Jack White,24,Dom Sibley,215,Rory Burns,Right,Bowler,0,0,0,0,,LengthBall,OutsideOff,Lbw,None,MovesInfront,ForwardDefensive,InSwinger,Over,Medium,Right,Null,NotReferred,Null,False,False,False,False,False,True,1906.0,False,False,False,False,False,False,0,0,0,0,0,False,False,,
1639057,10,3.6,4,0,0,36,0,4,76315,,39449,County Championship Division Two 2026,4,48,Surrey Men,45,Yorkshire Men,8759450,2026-09-04T10:23:28Z,2,56,False,,,,7012,Jack White,24,Dom Sibley,215,Rory Burns,Right,,4,0,4,4,,LengthBall,OffStump,,WellTimed,FrontFoot,Flick,NoMovement,Over,Medium,Right,Null,NotReferred,Null,False,False,False,False,False,True,,False,False,False,False,False,False,4,0,0,0,0,True,False,315.0,177.0
1639057,10,3.6,4,0,0,36,0,4,76315,,39449,County Championship Division Two 2026,4,48,Surrey Men,45,Yorkshire Men,8759458,2026-09-04T10:24:25Z,3,57,False,,,,7012,Jack White,24,Dom Sibley,215,Rory Burns,Right,Square Leg,0,0,0,0,,LengthBall,OffStump,,HitPad,FrontFoot,ForwardDefensive,InSwinger,Over,Medium,Right,Null,NotReferred,Null,False,False,False,False,False,True,,False,False,False,False,False,False,0,0,0,0,0,False,False,344.0,28.0
1639057,10,3.6,4,0,0,36,0,4,76315,,39449,County Championship Division Two 2026,4,48,Surrey Men,45,Yorkshire Men,8759462,2026-09-04T10:25:03Z,4,58,False,,,,7012,Jack White,24,Dom Sibley,215,Rory Burns,Right,Wicketkeeper,0,0,0,0,,LengthBall,OutsideOff,,Left,FrontFoot,Leave,NoMovement,Over,Medium,Right,Null,NotReferred,Null,False,False,False,False,False,True,,False,False,False,False,False,False,0,0,0,0,0,False,False,,
1639057,10,3.6,4,0,0,36,0,4,76315,,39449,County Championship Division Two 2026,4,48,Surrey Men,45,Yorkshire Men,8759467,2026-09-04T10:25:42Z,5,59,False,,,,7012,Jack White,24,Dom Sibley,215,Rory Burns,Right,Backward Point,0,0,0,0,,LengthBall,OutsideOff,,None,FrontFoot,ForwardDefensive,NoMovement,Over,Medium,Right,Null,NotReferred,Null,False,False,False,False,False,True,,False,False,False,False,False,False,0,0,0,0,0,False,False,169.0,51.0
1639057,10,3.6,4,0,0,36,0,4,76315,,39449,County Championship Division Two 2026,4,48,Surrey Men,45,Yorkshire Men,8759473,2026-09-04T10:26:25Z,6,60,False,,,,7012,Jack White,24,Dom Sibley,215,Rory Burns,Right,,0,0,0,0,,LengthBall,OutsideOff,Lbw,HitPad,MovesInfront,ForwardDefensive,InSwinger,Over,Medium,Right,Null,NotReferred,Null,False,False,False,False,False,True,1906.0,False,False,False,False,False,False,0,0,0,0,0,False,False,,
1639062,11,3.73,5,0,0,41,0,5,76315,,39449,County Championship Division Two 2026,4,48,Surrey Men,45,Yorkshire Men,8759479,2026-09-04T10:27:20Z,1,61,False,,,,520,Ben Coad,215,Rory Burns,24,Dom Sibley,Left,,0,4,4,0,,LengthBall,OffStump,,PlayAndMissLegSide,BackFoot,Glance,InSwinger,Round,Medium,Right,Null,NotReferred,Null,False,False,True,False,False,True,,False,False,False,False,False,False,4,4,0,0,0,False,False,98.0,152.0
1639062,11,3.73,5,0,0,41,0,5,76315,,39449,County Championship Division Two 2026,4,48,Surrey Men,45,Yorkshire Men,8759485,2026-09-04T10:28:07Z,2,62,False,,,,520,Ben Coad,215,Rory Burns,24,Dom Sibley,Left,Mid On,1,0,1,1,,LengthBall,OutsideOff,,None,FrontFoot,ForwardDefensive,InSwinger,Round,Medium,Right,Null,NotReferred,Null,False,False,False,False,False,True,,False,False,False,False,False,False,1,0,0,0,0,False,False,247.0,62.0
1639062,11,3.73,5,0,0,41,0,5,76315,,39449,County Championship Division Two 2026,4,48,Surrey Men,45,Yorkshire Men,8759489,2026-09-04T10:28:48Z,3,63,False,,,,520,Ben Coad,24,Dom Sibley,215,Rory Burns,Right,Mid Off,0,0,0,0,,LengthBall,OutsideOff,,None,FrontFoot,ForwardDefensive,NoMovement,Over,Medium,Right,Null,NotReferred,Null,False,False,False,False,False,True,,False,False,False,False,False,False,0,0,0,0,0,False,False,254.0,57.0
1639062,11,3.73,5,0,0,41,0,5,76315,,39449,County Championship Division Two 2026,4,48,Surrey Men,45,Yorkshire Men,8759495,2026-09-04T10:29:22Z,4,64,False,,,,520,Ben Coad,24,Dom Sibley,215,Rory Burns,Right,Backward Point,0,0,0,0,,LengthBall,OffStump,,InsideEdge,FrontFoot,ForwardDefensive,InSwinger,Over,Medium,Right,Null,NotReferred,Null,False,False,False,False,False,True,,False,False,False,False,False,False,0,0,0,0,0,False,False,156.0,15.0
1639062,11,3.73,5,0,0,41,0,5,76315,,39449,County Championship Division Two 2026,4,48,Surrey Men,45,Yorkshire Men,8759502,2026-09-04T10:30:02Z,5,65,False,,,,520,Ben Coad,24,Dom Sibley,215,Rory Burns,Right,Wicketkeeper,0,0,0,0,,LengthBall,DownLeg,,PlayAndMissLegSide,BackFoot,Glance,SeamIn,Over,Medium,Right,Null,NotReferred,Null,False,False,False,False,False,True,,False,False,False,False,False,False,0,0,0,0,0,False,False,,
1639062,11,3.73,5,0,0,41,0,5,76315,,39449,County Championship Division Two 2026,4,48,Surrey Men,45,Yorkshire Men,8759510,2026-09-04T10:30:34Z,6,66,False,,,,520,Ben Coad,24,Dom Sibley,215,Rory Burns,Right,Square Leg,0,0,0,0,,LengthBall,OffStump,,Spliced,FrontFoot,ForwardDefensive,InSwinger,Over,Medium,Right,Null,NotReferred,Null,False,False,False,False,False,True,,False,False,False,False,False,False,0,0,0,0,0,False,False,347.0,23.0
1639069,12,3.42,0,0,0,41,0,0,76315,,39449,County Championship Division Two 2026,4,48,Surrey Men,45,Yorkshire Men,8759522,2026-09-04T10:31:36Z,1,67,False,,,,7012,Jack White,215,Rory Burns,24,Dom Sibley,Left,Bowler,0,0,0,0,,LengthBall,OutsideOff,,None,FrontFoot,ForwardDefensive,NoMovement,Round,Medium,Right,Null,NotReferred,Null,False,False,False,False,False,True,,False,False,False,False,False,False,0,0,0,0,0,False,False,,
1639069,12,3.42,0,0,0,41,0,0,76315,,39449,County Championship Division Two 2026,4,48,Surrey Men,45,Yorkshire Men,8759526,2026-09-04T10:32:15Z,2,68,False,,,,7012,Jack White,215,Rory Burns,24,Dom Sibley,Left,Wicketkeeper,0,0,0,0,,BackOfALength,OutsideOff,,Left,FrontFoot,Leave,NoMovement,Round,Medium,Right,Null,NotReferred,Null,False,False,False,False,False,True,,False,False,False,False,False,False,0,0,0,0,0,False,False,,
1639069,12,3.42,0,0,0,41,0,0,76315,,39449,County Championship Division Two 2026,4,48,Surrey Men,45,Yorkshire Men,8759532,2026-09-04T10:32:56Z,3,69,False,,,,7012,Jack White,215,Rory Burns,24,Dom Sibley,Left,Wicketkeeper,0,0,0,0,,BackOfALength,OutsideOff,,Left,FrontFoot,Leave,InSwinger,Round,Medium,Right,Null,NotReferred,Null,False,False,False,False,False,True,,False,False,False,False,False,False,0,0,0,0,0,False,False,,
1639069,12,3.42,0,0,0,41,0,0,76315,,39449,County Championship Division Two 2026,4,48,Surrey Men,45,Yorkshire Men,8759545,2026-09-04T10:33:40Z,4,70,False,,,,7012,Jack White,215,Rory Burns,24,Dom Sibley,Left,Wicketkeeper,0,0,0,0,,LengthBall,OutsideOff,,Missed,FrontFoot,ForwardDefensive,AwaySwinger,Round,Medium,Right,Null,NotReferred,Null,False,False,False,False,False,True,,False,False,False,False,False,False,0,0,0,0,0,False,False,,
1639069,12,3.42,0,0,0,41,0,0,76315,,39449,County Championship Division Two 2026,4,48,Surrey Men,45,Yorkshire Men,8759552,2026-09-04T10:34:27Z,5,71,False,,,,7012,Jack White,215,Rory Burns,24,Dom Sibley,Left,Wicketkeeper,0,0,0,0,,LengthBall,OutsideOff,,Left,FrontFoot,Leave,InSwinger,Round,Medium,Right,Null,NotReferred,Null,False,False,False,False,False,True,,False,False,False,False,False,False,0,0,0,0,0,False,False,,
1639069,12,3.42,0,0,0,41,0,0,76315,,39449,County Championship Division Two 2026,4,48,Surrey Men,45,Yorkshire Men,8759560,2026-09-04T10:35:13Z,6,72,False,,,,7012,Jack White,215,Rory Burns,24,Dom Sibley,Left,Wicketkeeper,0,0,0,0,,LengthBall,OutsideOff,,Missed,FrontFoot,ForwardDefensive,AwaySwinger,Round,Medium,Right,Null,NotReferred,Null,False,False,False,False,False,True,,False,False,False,False,False,False,0,0,0,0,0,False,False,,
1639078,13,3.23,1,0,0,42,0,1,76315,,39449,County Championship Division Two 2026,4,48,Surrey Men,45,Yorkshire Men,8759570,2026-09-04T10:36:01Z,1,73,False,,,,520,Ben Coad,24,Dom Sibley,215,Rory Burns,Right,Wicketkeeper,0,0,0,0,,LengthBall,OffStump,,Missed,FrontFoot,ForwardDefensive,AwaySwinger,Over,Medium,Right,Null,NotReferred,Null,False,False,False,False,False,True,,False,False,False,False,False,False,0,0,0,0,0,False,False,,
1639078,13,3.23,1,0,0,42,0,1,76315,,39449,County Championship Division Two 2026,4,48,Surrey Men,45,Yorkshire Men,8759576,2026-09-04T10:36:37Z,2,74,False,,,,520,Ben Coad,24,Dom Sibley,215,Rory Burns,Right,Square Leg,0,0,0,0,,BackOfALength,OffStump,,None,BackFoot,BackwardDefensive,NoMovement,Over,Medium,Right,Null,NotReferred,Null,False,False,False,False,False,True,,False,False,False,False,False,False,0,0,0,0,0,False,False,342.0,51.0
1639078,13,3.23,1,0,0,42,0,1,76315,,39449,County Championship Division Two 2026,4,48,Surrey Men,45,Yorkshire Men,8759585,2026-09-04T10:37:10Z,3,75,False,,,,520,Ben Coad,24,Dom Sibley,215,Rory Burns,Right,Mid Wicket,0,0,0,0,,LengthBall,OffStump,,None,FrontFoot,ForwardDefensive,NoMovement,Over,Medium,Right,Null,NotReferred,Null,False,False,False,False,False,True,,False,False,False,False,False,False,0,0,0,0,0,False,False,329.0,46.0
1639078,13,3.23,1,0,0,42,0,1,76315,,39449,County Championship Division Two 2026,4,48,Surrey Men,45,Yorkshire Men,8759586,2026-09-04T10:37:46Z,4,76,False,,,,520,Ben Coad,24,Dom Sibley,215,Rory Burns,Right,Wicketkeeper,0,0,0,0,,LengthBall,OutsideOff,,Left,FrontFoot,Leave,AwaySwinger,Over,Medium,Right,Null,NotReferred,Null,False,False,False,False,False,True,,False,False,False,False,False,False,0,0,0,0,0,False,False,,
1639078,13,3.23,1,0,0,42,0,1,76315,,39449,County Championship Division Two 2026,4,48,Surrey Men,45,Yorkshire Men,8759594,2026-09-04T10:38:21Z,5,77,False,,,,520,Ben Coad,24,Dom Sibley,215,Rory Burns,Right,Backward Square Leg,1,0,1,1,,BackOfALength,OffStump,,None,BackFoot,Worked,NoMovement,Over,Medium,Right,Null,NotReferred,Null,False,False,False,False,False,True,,False,False,False,False,False,False,1,0,0,0,0,False,False,3.0,74.0
1639078,13,3.23,1,0,0,42,0,1,76315,,39449,County Championship Division Two 2026,4,48,Surrey Men,45,Yorkshire Men,8759606,2026-09-04T10:39:01Z,6,78,False,,,,520,Ben Coad,215,Rory Burns,24,Dom Sibley,Left,Square Leg,0,0,0,0,,HalfVolley,OutsideOff,,InsideEdge,FrontFoot,Flick,InSwinger,Round,Medium,Right,Null,NotReferred,Null,False,False,False,False,False,True,,False,False,False,False,False,False,0,0,0,0,0,False,False,186.0,52.0
1639086,14,3.0,0,2,0,42,2,0,76315,,39449,County Championship Division Two 2026,4,48,Surrey Men,45,Yorkshire Men,8759615,2026-09-04T10:39:59Z,1,79,True,Lbw,24.0,Dom Sibley,7012,Jack White,24,Dom Sibley,215,Rory Burns,Right,,0,0,0,0,LBW,LengthBall,OutsideOff,Lbw,HitPad,FrontFoot,ForwardDefensive,InSwinger,Over,Medium,Right,Null,NotReferred,Null,False,False,False,False,False,True,1906.0,False,False,False,False,False,False,0,0,0,0,0,False,False,,
1639086,14,3.0,0,2,0,42,2,0,76315,,39449,County Championship Division Two 2026,4,48,Surrey Men,45,Yorkshire Men,8759641,2026-09-04T10:42:27Z,2,80,False,,,,7012,Jack White,10929,Rahul Chahar,215,Rory Burns,Right,Wicketkeeper,0,0,0,0,,LengthBall,MiddleStump,,PlayAndMissLegSide,BackFoot,Glance,InSwinger,Over,Medium,Right,Null,NotReferred,Null,False,False,False,False,False,True,,False,False,False,False,False,False,0,0,0,0,0,False,False,,
1639086,14,3.0,0,2,0,42,2,0,76315,,39449,County Championship Division Two 2026,4,48,Surrey Men,45,Yorkshire Men,8759648,2026-09-04T10:43:07Z,3,81,False,,,,7012,Jack White,10929,Rahul Chahar,215,Rory Burns,Right,Wicketkeeper,0,0,0,0,,BackOfALength,OutsideOff,,Missed,BackFoot,BackwardDefensive,AwaySwinger,Over,Medium,Right,Null,NotReferred,Null,False,False,False,False,False,True,,False,False,False,False,False,False,0,0,0,0,0,False,False,,
1639086,14,3.0,0,2,0,42,2,0,76315,,39449,County Championship Division Two 2026,4,48,Surrey Men,45,Yorkshire Men,8759658,2026-09-04T10:43:49Z,4,82,False,,,,7012,Jack White,10929,Rahul Chahar,215,Rory Burns,Right,Wicketkeeper,0,0,0,0,,BackOfALength,OutsideOff,,Missed,BackFoot,BackwardDefensive,SeamAway,Over,Medium,Right,Null,NotReferred,Null,False,False,False,False,False,True,,False,False,False,False,False,False,0,0,0,0,0,False,False,,
1639086,14,3.0,0,2,0,42,2,0,76315,,39449,County Championship Division Two 2026,4,48,Surrey Men,45,Yorkshire Men,8759665,2026-09-04T10:44:29Z,5,83,False,,,,7012,Jack White,10929,Rahul Chahar,215,Rory Burns,Right,Third Slip,0,0,0,0,,BackOfALength,OutsideOff,,None,BackFoot,LateCut,NoMovement,Over,Medium,Right,Null,NotReferred,Null,False,False,False,False,False,True,,False,False,False,False,False,False,0,0,0,0,0,False,False,130.0,40.0
1639086,14,3.0,0,2,0,42,2,0,76315,,39449,County Championship Division Two 2026,4,48,Surrey Men,45,Yorkshire Men,8759677,2026-09-04T10:45:08Z,6,84,True,Bowled,10929.0,Rahul Chahar,7012,Jack White,10929,Rahul Chahar,215,Rory Burns,Right,,0,0,0,0,Bowled,LengthBall,OutsideOff,Bowled,Missed,FrontFoot,ForwardDefensive,InSwinger,Over,Medium,Right,Null,NotReferred,Null,False,False,False,False,False,True,1906.0,False,False,False,False,False,False,0,0,0,0,0,False,False,,
1639101,15,2.87,1,0,0,43,2,1,76315,,39449,County Championship Division Two 2026,4,48,Surrey Men,45,Yorkshire Men,8759701,2026-09-04T10:47:21Z,1,85,False,,,,520,Ben Coad,215,Rory Burns,10486,Josh Blake,Left,Gully,0,0,0,0,,LengthBall,OutsideOff,,Spliced,FrontFoot,ForwardDefensive,NoMovement,Round,Medium,Right,Null,NotReferred,Null,False,False,False,False,False,True,,False,False,False,False,False,False,0,0,0,0,0,False,False,49.0,38.0
1639101,15,2.87,1,0,0,43,2,1,76315,,39449,County Championship Division Two 2026,4,48,Surrey Men,45,Yorkshire Men,8759709,2026-09-04T10:47:58Z,2,86,False,,,,520,Ben Coad,215,Rory Burns,10486,Josh Blake,Left,Square Leg,0,0,0,0,,LengthBall,OutsideOff,,None,FrontFoot,ForwardDefensive,NoMovement,Round,Medium,Right,Null,NotReferred,Null,False,False,False,False,False,True,,False,False,False,False,False,False,0,0,0,0,0,False,False,197.0,45.0
1639101,15,2.87,1,0,0,43,2,1,76315,,39449,County Championship Division Two 2026,4,48,Surrey Men,45,Yorkshire Men,8759719,2026-09-04T10:48:37Z,3,87,False,,,,520,Ben Coad,215,Rory Burns,10486,Josh Blake,Left,Mid On,1,0,1,1,,BackOfALength,OutsideOff,,None,BackFoot,Pushed,NoMovement,Round,Medium,Right,Null,NotReferred,Null,False,False,False,False,False,True,,False,False,False,False,False,False,1,0,0,0,0,False,False,243.0,67.0
1639101,15,2.87,1,0,0,43,2,1,76315,,39449,County Championship Division Two 2026,4,48,Surrey Men,45,Yorkshire Men,8759730,2026-09-04T10:49:15Z,4,88,False,,,,520,Ben Coad,10486,Josh Blake,215,Rory Burns,Left,Wicketkeeper,0,0,0,0,,LengthBall,OutsideOff,,Missed,FrontFoot,ForwardDefensive,SeamAway,Round,Medium,Right,Null,NotReferred,Null,False,False,False,False,False,True,,False,False,False,False,False,False,0,0,0,0,0,False,False,,
1639101,15,2.87,1,0,0,43,2,1,76315,,39449,County Championship Division Two 2026,4,48,Surrey Men,45,Yorkshire Men,8759738,2026-09-04T10:49:53Z,5,89,False,,,,520,Ben Coad,10486,Josh Blake,215,Rory Burns,Left,Wicketkeeper,0,0,0,0,,BackOfALength,OutsideOff,,Left,MovesInfront,Leave,NoMovement,Round,Medium,Right,Null,NotReferred,Null,False,False,False,False,False,True,,False,False,False,False,False,False,0,0,0,0,0,False,False,,
1639101,15,2.87,1,0,0,43,2,1,76315,,39449,County Championship Division Two 2026,4,48,Surrey Men,45,Yorkshire Men,8759745,2026-09-04T10:50:31Z,6,90,False,,,,520,Ben Coad,10486,Josh Blake,215,Rory Burns,Left,Wicketkeeper,0,0,0,0,,LengthBall,OutsideOff,,Missed,FrontFoot,ForwardDefensive,AwaySwinger,Round,Medium,Right,Null,NotReferred,Null,False,False,False,False,False,True,,False,False,False,False,False,False,0,0,0,0,0,False,False,,
1639111,16,2.75,1,0,0,44,2,1,76315,,39449,County Championship Division Two 2026,4,48,Surrey Men,45,Yorkshire Men,8759761,2026-09-04T10:51:34Z,1,91,False,,,,7012,Jack White,215,Rory Burns,10486,Josh Blake,Left,Wicketkeeper,0,0,0,0,,LengthBall,OutsideOff,,Left,FrontFoot,Leave,NoMovement,Round,Medium,Right,Null,NotReferred,Null,False,False,False,False,False,True,,False,False,False,False,False,False,0,0,0,0,0,False,False,,
1639111,16,2.75,1,0,0,44,2,1,76315,,39449,County Championship Division Two 2026,4,48,Surrey Men,45,Yorkshire Men,8759771,2026-09-04T10:52:17Z,2,92,False,,,,7012,Jack White,215,Rory Burns,10486,Josh Blake,Left,Wicketkeeper,0,0,0,0,,LengthBall,OutsideOff,,Left,FrontFoot,Leave,NoMovement,Round,Medium,Right,Null,NotReferred,Null,False,False,False,False,False,True,,False,False,False,False,False,False,0,0,0,0,0,False,False,,
1639111,16,2.75,1,0,0,44,2,1,76315,,39449,County Championship Division Two 2026,4,48,Surrey Men,45,Yorkshire Men,8759781,2026-09-04T10:53:02Z,3,93,False,,,,7012,Jack White,215,Rory Burns,10486,Josh Blake,Left,Gully,0,0,0,0,,BackOfALength,OutsideOff,,None,BackFoot,BackwardDefensive,NoMovement,Round,Medium,Right,Null,NotReferred,Null,False,False,False,False,False,True,,False,False,False,False,False,False,0,0,0,0,0,False,False,39.0,36.0
1639111,16,2.75,1,0,0,44,2,1,76315,,39449,County Championship Division Two 2026,4,48,Surrey Men,45,Yorkshire Men,8759789,2026-09-04T10:53:46Z,4,94,False,,,,7012,Jack White,215,Rory Burns,10486,Josh Blake,Left,Cover,0,0,0,0,,BackOfALength,OutsideOff,,None,BackFoot,BackwardDefensive,NoMovement,Round,Medium,Right,Null,NotReferred,Null,False,False,False,False,False,True,,False,False,False,False,False,False,0,0,0,0,0,False,False,343.0,40.0
1639111,16,2.75,1,0,0,44,2,1,76315,,39449,County Championship Division Two 2026,4,48,Surrey Men,45,Yorkshire Men,8759802,2026-09-04T10:54:28Z,5,95,False,,,,7012,Jack White,215,Rory Burns,10486,Josh Blake,Left,Wicketkeeper,0,0,0,0,,BackOfALength,OutsideOff,,Left,FrontFoot,Leave,SeamIn,Round,Medium,Right,Null,NotReferred,Null,False,False,False,False,False,True,,False,False,False,False,False,False,0,0,0,0,0,False,False,,
1639111,16,2.75,1,0,0,44,2,1,76315,,39449,County Championship Division Two 2026,4,48,Surrey Men,45,Yorkshire Men,8759809,2026-09-04T10:55:17Z,6,96,False,,,,7012,Jack White,215,Rory Burns,10486,Josh Blake,Left,Fine Leg,1,0,1,1,,BackOfALength,OffStump,,None,BackFoot,Glance,NoMovement,Round,Medium,Right,Null,NotReferred,Null,False,False,False,False,False,True,,False,False,False,False,False,False,1,0,0,0,0,False,False,122.0,124.0
1639121,17,2.76,3,0,0,47,2,3,76315,,39449,County Championship Division Two 2026,4,48,Surrey Men,45,Yorkshire Men,8759820,2026-09-04T10:56:15Z,1,97,False,,,,520,Ben Coad,215,Rory Burns,10486,Josh Blake,Left,Square Leg,0,0,0,0,,LengthBall,OutsideOff,,None,FrontFoot,ForwardDefensive,NoMovement,Round,Medium,Right,Null,NotReferred,Null,False,False,False,False,False,True,,False,False,False,False,False,False,0,0,0,0,0,False,False,189.0,51.0
1639121,17,2.76,3,0,0,47,2,3,76315,,39449,County Championship Division Two 2026,4,48,Surrey Men,45,Yorkshire Men,8759824,2026-09-04T10:56:54Z,2,98,False,,,,520,Ben Coad,215,Rory Burns,10486,Josh Blake,Left,Wicketkeeper,0,0,0,0,,LengthBall,OutsideOff,,Missed,FrontFoot,ForwardDefensive,AwaySwinger,Round,Medium,Right,Null,NotReferred,Null,False,False,False,False,False,True,,False,False,False,False,False,False,0,0,0,0,0,False,False,,
1639121,17,2.76,3,0,0,47,2,3,76315,,39449,County Championship Division Two 2026,4,48,Surrey Men,45,Yorkshire Men,8759836,2026-09-04T10:57:34Z,3,99,False,,,,520,Ben Coad,215,Rory Burns,10486,Josh Blake,Left,Fine Leg,1,0,1,1,,BackOfALength,OffStump,,None,BackFoot,Glance,InSwinger,Round,Medium,Right,Null,NotReferred,Null,False,False,False,False,False,True,,False,False,False,False,False,False,1,0,0,0,0,False,False,136.0,127.0
1639121,17,2.76,3,0,0,47,2,3,76315,,39449,County Championship Division Two 2026,4,48,Surrey Men,45,Yorkshire Men,8759845,2026-09-04T10:58:18Z,4,100,False,,,,520,Ben Coad,10486,Josh Blake,215,Rory Burns,Left,Backward Point,0,0,0,0,,LengthBall,OutsideOff,,Spliced,DownTheTrack,ForwardDefensive,NoMovement,Round,Medium,Right,Null,NotReferred,Null,False,False,False,False,False,True,,False,False,False,False,False,False,0,0,0,0,0,False,False,25.0,43.0
1639121,17,2.76,3,0,0,47,2,3,76315,,39449,County Championship Division Two 2026,4,48,Surrey Men,45,Yorkshire Men,8759853,2026-09-04T10:58:56Z,5,101,False,,,,520,Ben Coad,10486,Josh Blake,215,Rory Burns,Left,Wicketkeeper,0,1,1,0,,LengthBall,MiddleStump,,PlayAndMissLegSide,BackFoot,Glance,InSwinger,Round,Medium,Right,Null,NotReferred,Null,False,False,True,False,False,True,,False,False,False,False,False,False,1,1,0,0,0,False,False,,
1639121,17,2.76,3,0,0,47,2,3,76315,,39449,County Championship Division Two 2026,4,48,Surrey Men,45,Yorkshire Men,8759860,2026-09-04T10:59:35Z,6,102,False,,,,520,Ben Coad,215,Rory Burns,10486,Josh Blake,Left,Mid On,1,0,1,1,,LengthBall,OutsideOff,,None,FrontFoot,ForwardDefensive,NoMovement,Round,Medium,Right,Null,NotReferred,Null,False,False,False,False,False,True,,False,False,False,False,False,False,1,0,0,0,0,False,False,249.0,62.0
1639130,18,2.61,0,0,0,47,2,0,76315,,39449,County Championship Division Two 2026,4,48,Surrey Men,45,Yorkshire Men,8759872,2026-09-04T11:00:33Z,1,103,False,,,,7012,Jack White,215,Rory Burns,10486,Josh Blake,Left,Extra Cover,0,0,0,0,,LengthBall,OutsideOff,,None,FrontFoot,ForwardDefensive,NoMovement,Round,Medium,Right,Null,NotReferred,Null,False,False,False,False,False,True,,False,False,False,False,False,False,0,0,0,0,0,False,False,320.0,47.0
1639130,18,2.61,0,0,0,47,2,0,76315,,39449,County Championship Division Two 2026,4,48,Surrey Men,45,Yorkshire Men,8759880,2026-09-04T11:01:10Z,2,104,False,,,,7012,Jack White,215,Rory Burns,10486,Josh Blake,Left,Bowler,0,0,0,0,,BackOfALength,OutsideOff,,None,BackFoot,BackwardDefensive,NoMovement,Round,Medium,Right,Null,NotReferred,Null,False,False,False,False,False,True,,False,False,False,False,False,False,0,0,0,0,0,False,False,,
1639130,18,2.61,0,0,0,47,2,0,76315,,39449,County Championship Division Two 2026,4,48,Surrey Men,45,Yorkshire Men,8759888,2026-09-04T11:01:51Z,3,105,False,,,,7012,Jack White,215,Rory Burns,10486,Josh Blake,Left,Backward Point,0,0,0,0,,LengthBall,OutsideOff,,None,FrontFoot,ForwardDefensive,NoMovement,Round,Medium,Right,Null,NotReferred,Null,False,False,False,False,False,True,,False,False,False,False,False,False,0,0,0,0,0,False,False,2.0,49.0
1639130,18,2.61,0,0,0,47,2,0,76315,,39449,County Championship Division Two 2026,4,48,Surrey Men,45,Yorkshire Men,8759899,2026-09-04T11:02:36Z,4,106,False,,,,7012,Jack White,215,Rory Burns,10486,Josh Blake,Left,Short Third Man,0,0,0,0,,LengthBall,OutsideOff,,OutsideEdge,FrontFoot,ForwardDefensive,NoMovement,Round,Medium,Right,Null,NotReferred,Null,False,False,False,False,False,True,,False,False,False,False,False,False,0,0,0,0,0,False,False,52.0,62.0
1639130,18,2.61,0,0,0,47,2,0,76315,,39449,County Championship Division Two 2026,4,48,Surrey Men,45,Yorkshire Men,8759905,2026-09-04T11:03:13Z,5,107,False,,,,7012,Jack White,215,Rory Burns,10486,Josh Blake,Left,Mid Wicket,0,0,0,0,,BackOfALength,OutsideOff,,None,BackFoot,Flick,NoMovement,Round,Medium,Right,Null,NotReferred,Null,False,False,False,False,False,True,,False,False,False,False,False,False,0,0,0,0,0,False,False,230.0,57.0
1639130,18,2.61,0,0,0,47,2,0,76315,,39449,County Championship Division Two 2026,4,48,Surrey Men,45,Yorkshire Men,8759911,2026-09-04T11:03:54Z,6,108,False,,,,7012,Jack White,215,Rory Burns,10486,Josh Blake,Left,Wicketkeeper,0,0,0,0,,LengthBall,OutsideOff,,Missed,FrontFoot,ForwardDefensive,AwaySwinger,Round,Medium,Right,Null,NotReferred,Null,False,False,False,False,False,True,,False,False,False,False,False,False,0,0,0,0,0,False,False,,
1639139,19,2.53,1,0,0,48,2,1,76315,,39449,County Championship Division Two 2026,4,48,Surrey Men,45,Yorkshire Men,8759930,2026-09-04T11:05:23Z,1,109,False,,,,3005,George Hill,10486,Josh Blake,215,Rory Burns,Left,Square Leg,0,0,0,0,,BackOfALength,OutsideOff,,InsideEdge,BackFoot,BackwardDefensive,NoMovement,Round,Medium,Right,Null,NotReferred,Null,False,False,False,False,False,True,,False,False,False,False,False,False,0,0,0,0,0,False,False,209.0,64.0
1639139,19,2.53,1,0,0,48,2,1,76315,,39449,County Championship Division Two 2026,4,48,Surrey Men,45,Yorkshire Men,8759940,2026-09-04T11:05:51Z,2,110,False,,,,3005,George Hill,10486,Josh Blake,215,Rory Burns,Left,Wicketkeeper,0,0,0,0,,BackOfALength,OutsideOff,,Left,FrontFoot,Leave,NoMovement,Round,Medium,Right,Null,NotReferred,Null,False,False,False,False,False,True,,False,False,False,False,False,False,0,0,0,0,0,False,False,,
1639139,19,2.53,1,0,0,48,2,1,76315,,39449,County Championship Division Two 2026,4,48,Surrey Men,45,Yorkshire Men,8759943,2026-09-04T11:06:33Z,3,111,False,,,,3005,George Hill,10486,Josh Blake,215,Rory Burns,Left,Extra Cover,0,0,0,0,,BackOfALength,OutsideOff,,None,BackFoot,BackwardDefensive,NoMovement,Round,Medium,Right,Null,NotReferred,Null,False,False,False,False,False,True,,False,False,False,False,False,False,0,0,0,0,0,False,False,330.0,36.0
1639139,19,2.53,1,0,0,48,2,1,76315,,39449,County Championship Division Two 2026,4,48,Surrey Men,45,Yorkshire Men,8759950,2026-09-04T11:07:03Z,4,112,False,,,,3005,George Hill,10486,Josh Blake,215,Rory Burns,Left,Deep Square Leg,1,0,1,1,,LengthBall,OutsideOff,,None,FrontFoot,Flick,InSwinger,Round,Medium,Right,Null,NotReferred,Null,False,False,False,False,False,True,,False,False,False,False,False,False,1,0,0,0,0,False,False,185.0,110.0
1639139,19,2.53,1,0,0,48,2,1,76315,,39449,County Championship Division Two 2026,4,48,Surrey Men,45,Yorkshire Men,8759965,2026-09-04T11:08:37Z,5,113,False,,,,3005,George Hill,215,Rory Burns,10486,Josh Blake,Left,Bowler,0,0,0,0,,BackOfALength,OutsideOff,,None,BackFoot,BackwardDefensive,NoMovement,Round,Medium,Right,Null,NotReferred,Null,False,False,False,False,False,True,,False,False,False,False,False,False,0,0,0,0,0,False,False,,
1639139,19,2.53,1,0,0,48,2,1,76315,,39449,County Championship Division Two 2026,4,48,Surrey Men,45,Yorkshire Men,8759970,2026-09-04T11:09:14Z,6,114,False,,,,3005,George Hill,215,Rory Burns,10486,Josh Blake,Left,Square Leg,0,0,0,0,,LengthBall,OutsideOff,,None,FrontFoot,ForwardDefensive,NoMovement,Round,Medium,Right,Null,NotReferred,Null,False,False,False,False,False,True,,False,False,False,False,False,False,0,0,0,0,0,False,False,203.0,40.0
1639148,20,2.5,2,0,0,50,2,2,76315,,39449,County Championship Division Two 2026,4,48,Surrey Men,45,Yorkshire Men,8759984,2026-09-04T11:10:14Z,1,115,False,,,,7012,Jack White,10486,Josh Blake,215,Rory Burns,Left,Wicketkeeper,0,0,0,0,,BackOfALength,OutsideOff,,Left,FrontFoot,Leave,AwaySwinger,Round,Medium,Right,Null,NotReferred,Null,False,False,False,False,False,True,,False,False,False,False,False,False,0,0,0,0,0,False,False,,
1639148,20,2.5,2,0,0,50,2,2,76315,,39449,County Championship Division Two 2026,4,48,Surrey Men,45,Yorkshire Men,8759994,2026-09-04T11:10:54Z,2,116,False,,,,7012,Jack White,10486,Josh Blake,215,Rory Burns,Left,Bowler,0,0,0,0,,LengthBall,OutsideOff,,None,FrontFoot,ForwardDefensive,NoMovement,Round,Medium,Right,Null,NotReferred,Null,False,False,False,False,False,True,,False,False,False,False,False,False,0,0,0,0,0,False,False,,
1639148,20,2.5,2,0,0,50,2,2,76315,,39449,County Championship Division Two 2026,4,48,Surrey Men,45,Yorkshire Men,8760002,2026-09-04T11:11:30Z,3,117,False,,,,7012,Jack White,10486,Josh Blake,215,Rory Burns,Left,Wicketkeeper,0,0,0,0,,LengthBall,OutsideOff,,Missed,FrontFoot,Drive,AwaySwinger,Round,Medium,Right,Null,NotReferred,Null,False,False,False,False,False,True,,False,False,False,False,False,False,0,0,0,0,0,False,False,,
1639148,20,2.5,2,0,0,50,2,2,76315,,39449,County Championship Division Two 2026,4,48,Surrey Men,45,Yorkshire Men,8760011,2026-09-04T11:12:11Z,4,118,False,,,,7012,Jack White,10486,Josh Blake,215,Rory Burns,Left,Wicketkeeper,2,2,2,0,,BackOfALength,MiddleStump,,Left,BackFoot,Leave,SeamIn,Round,Medium,Right,Null,NotReferred,1,False,True,False,False,False,True,,False,False,False,False,False,False,2,0,0,0,2,False,False,,
1639148,20,2.5,2,0,0,50,2,2,76315,,39449,County Championship Division Two 2026,4,48,Surrey Men,45,Yorkshire Men,8760022,2026-09-04T11:12:59Z,4,119,False,,,,7012,Jack White,10486,Josh Blake,215,Rory Burns,Left,Cover,0,0,0,0,,LengthBall,OutsideOff,Lbw,HitPad,FrontFoot,ForwardDefensive,InSwinger,Round,Medium,Right,Null,NotReferred,Null,False,False,False,False,False,True,1906.0,False,False,False,False,False,False,0,0,0,0,0,False,False,352.0,46.0
1639148,20,2.5,2,0,0,50,2,2,76315,,39449,County Championship Division Two 2026,4,48,Surrey Men,45,Yorkshire Men,8760028,2026-09-04T11:13:44Z,6,5,False,,,,7012,Jack White,10486,Josh Blake,215,Rory Burns,Left,Mid On,0,0,0,0,,BackOfALength,OutsideOff,,None,BackFoot,BackwardDefensive,NoMovement,Round,Medium,Right,Null,NotReferred,Null,False,False,False,False,False,True,,False,False,False,False,False,False,0,0,0,0,0,False,False,261.0,52.0
1639148,20,2.5,2,0,0,50,2,2,76315,,39449,County Championship Division Two 2026,4,48,Surrey Men,45,Yorkshire Men,8760038,2026-09-04T11:14:21Z,6,121,False,,,,7012,Jack White,10486,Josh Blake,215,Rory Burns,Left,Backward Point,0,0,0,0,,BackOfALength,OutsideOff,,HitPad,BackFoot,BackwardDefensive,InSwinger,Round,Medium,Right,Null,NotReferred,Null,False,False,False,False,False,True,,False,False,False,False,False,False,0,0,0,0,0,False,False,29.0,48.0
1639159,21,2.38,0,0,0,50,2,0,76315,,39449,County Championship Division Two 2026,4,48,Surrey Men,45,Yorkshire Men,8760054,2026-09-04T11:15:29Z,1,122,False,,,,3005,George Hill,215,Rory Burns,10486,Josh Blake,Left,Gully,0,0,0,0,,LengthBall,OutsideOff,,None,FrontFoot,ForwardDefensive,NoMovement,Round,Medium,Right,Null,NotReferred,Null,False,False,False,False,False,True,,False,False,False,False,False,False,0,0,0,0,0,False,False,48.0,44.0
1639159,21,2.38,0,0,0,50,2,0,76315,,39449,County Championship Division Two 2026,4,48,Surrey Men,45,Yorkshire Men,8760060,2026-09-04T11:16:05Z,2,123,False,,,,3005,George Hill,215,Rory Burns,10486,Josh Blake,Left,Backward Point,0,0,0,0,,LengthBall,OutsideOff,,None,FrontFoot,ForwardDefensive,NoMovement,Round,Medium,Right,Null,NotReferred,Null,False,False,False,False,False,True,,False,False,False,False,False,False,0,0,0,0,0,False,False,18.0,51.0
1639159,21,2.38,0,0,0,50,2,0,76315,,39449,County Championship Division Two 2026,4,48,Surrey Men,45,Yorkshire Men,8760067,2026-09-04T11:16:40Z,3,124,False,,,,3005,George Hill,215,Rory Burns,10486,Josh Blake,Left,Wicketkeeper,0,0,0,0,,LengthBall,OutsideOff,,Left,FrontFoot,Leave,NoMovement,Round,Medium,Right,Null,NotReferred,Null,False,False,False,False,False,True,,False,False,False,False,False,False,0,0,0,0,0,False,False,,
1639159,21,2.38,0,0,0,50,2,0,76315,,39449,County Championship Division Two 2026,4,48,Surrey Men,45,Yorkshire Men,8760082,2026-09-04T11:17:18Z,4,125,False,,,,3005,George Hill,215,Rory Burns,10486,Josh Blake,Left,Backward Point,0,0,0,0,,LengthBall,OutsideOff,,None,FrontFoot,ForwardDefensive,NoMovement,Round,Medium,Right,Null,NotReferred,Null,False,False,False,False,False,True,,False,False,False,False,False,False,0,0,0,0,0,False,False,12.0,51.0
1639159,21,2.38,0,0,0,50,2,0,76315,,39449,County Championship Division Two 2026,4,48,Surrey Men,45,Yorkshire Men,8760087,2026-09-04T11:17:53Z,5,126,False,,,,3005,George Hill,215,Rory Burns,10486,Josh Blake,Left,Wicketkeeper,0,0,0,0,,LengthBall,OutsideOff,,Left,FrontFoot,Leave,InSwinger,Round,Medium,Right,Null,NotReferred,Null,False,False,False,False,False,True,,False,False,False,False,False,False,0,0,0,0,0,False,False,,
1639159,21,2.38,0,0,0,50,2,0,76315,,39449,County Championship Division Two 2026,4,48,Surrey Men,45,Yorkshire Men,8760096,2026-09-04T11:18:32Z,6,127,False,,,,3005,George Hill,215,Rory Burns,10486,Josh Blake,Left,Mid On,0,0,0,0,,LengthBall,OutsideOff,,None,FrontFoot,Drive,NoMovement,Round,Medium,Right,Null,NotReferred,Null,False,False,False,False,False,True,,False,False,False,False,False,False,0,0,0,0,0,False,False,255.0,61.0
1639168,22,2.36,2,0,0,52,2,2,76315,,39449,County Championship Division Two 2026,4,48,Surrey Men,45,Yorkshire Men,8760113,2026-09-04T11:19:29Z,1,128,False,,,,7012,Jack White,10486,Josh Blake,215,Rory Burns,Left,Wicketkeeper,0,0,0,0,,BackOfALength,OffStump,Caught,PlayAndMissLegSide,BackFoot,Glance,SeamIn,Round,Medium,Right,Null,NotReferred,Null,False,False,False,False,False,True,1906.0,False,False,False,False,False,False,0,0,0,0,0,False,False,,
1639168,22,2.36,2,0,0,52,2,2,76315,,39449,County Championship Division Two 2026,4,48,Surrey Men,45,Yorkshire Men,8760120,2026-09-04T11:20:08Z,2,129,False,,,,7012,Jack White,10486,Josh Blake,215,Rory Burns,Left,Cover,0,0,0,0,,LengthBall,OutsideOff,,None,FrontFoot,Drive,NoMovement,Round,Medium,Right,Null,NotReferred,Null,False,False,False,False,False,True,,False,False,False,False,False,False,0,0,0,0,0,False,False,348.0,65.0
1639168,22,2.36,2,0,0,52,2,2,76315,,39449,County Championship Division Two 2026,4,48,Surrey Men,45,Yorkshire Men,8760133,2026-09-04T11:20:50Z,3,130,False,,,,7012,Jack White,10486,Josh Blake,215,Rory Burns,Left,Mid Off,0,0,0,0,,LengthBall,OutsideOff,,None,FrontFoot,ForwardDefensive,NoMovement,Round,Medium,Right,Null,NotReferred,Null,False,False,False,False,False,True,,False,False,False,False,False,False,0,0,0,0,0,False,False,290.0,54.0
1639168,22,2.36,2,0,0,52,2,2,76315,,39449,County Championship Division Two 2026,4,48,Surrey Men,45,Yorkshire Men,8760140,2026-09-04T11:21:27Z,4,131,False,,,,7012,Jack White,10486,Josh Blake,215,Rory Burns,Left,Wicketkeeper,0,0,0,0,,LengthBall,OutsideOff,,Left,FrontFoot,Leave,NoMovement,Round,Medium,Right,Null,NotReferred,Null,False,False,False,False,False,True,,False,False,False,False,False,False,0,0,0,0,0,False,False,,
1639168,22,2.36,2,0,0,52,2,2,76315,,39449,County Championship Division Two 2026,4,48,Surrey Men,45,Yorkshire Men,8760147,2026-09-04T11:22:11Z,5,132,False,,,,7012,Jack White,10486,Josh Blake,215,Rory Burns,Left,Wicketkeeper,0,0,0,0,,BackOfALength,OutsideOff,,Missed,BackFoot,BackwardDefensive,AwaySwinger,Round,Medium,Right,Null,NotReferred,Null,False,False,False,False,False,True,,False,False,False,False,False,False,0,0,0,0,0,False,False,,
1639168,22,2.36,2,0,0,52,2,2,76315,,39449,County Championship Division Two 2026,4,48,Surrey Men,45,Yorkshire Men,8760158,2026-09-04T11:22:59Z,6,133,False,,,,7012,Jack White,10486,Josh Blake,215,Rory Burns,Left,Deep Cover,2,0,2,2,,LengthBall,OutsideOff,,WellTimed,FrontFoot,Drive,NoMovement,Round,Medium,Right,Null,NotReferred,Null,False,False,False,False,False,True,,False,False,False,False,False,False,2,0,0,0,0,False,False,342.0,125.0
1639179,23,2.52,6,1,0,58,3,6,76315,,39449,County Championship Division Two 2026,4,48,Surrey Men,45,Yorkshire Men,8760177,2026-09-04T11:24:18Z,1,134,True,Caught,215.0,Rory Burns,3005,George Hill,215,Rory Burns,10486,Josh Blake,Left,First Slip,0,0,0,0,Caught,LengthBall,OutsideOff,Caught,OutsideEdge,FrontFoot,ForwardDefensive,AwaySwinger,Round,Medium,Right,Null,NotReferred,Null,False,False,False,False,False,True,1823.0,False,False,False,False,False,False,0,0,0,0,0,False,False,77.0,40.0
1639179,23,2.52,6,1,0,58,3,6,76315,,39449,County Championship Division Two 2026,4,48,Surrey Men,45,Yorkshire Men,8760215,2026-09-04T11:27:19Z,2,135,False,,,,3005,George Hill,194,Ollie Pope,10486,Josh Blake,Right,Square Leg,0,0,0,0,,LengthBall,OffStump,,InsideEdge,FrontFoot,ForwardDefensive,InSwinger,Over,Medium,Right,Null,NotReferred,Null,False,False,False,False,False,True,,False,False,False,False,False,False,0,0,0,0,0,False,False,356.0,53.0
1639179,23,2.52,6,1,0,58,3,6,76315,,39449,County Championship Division Two 2026,4,48,Surrey Men,45,Yorkshire Men,8760220,2026-09-04T11:27:51Z,3,136,False,,,,3005,George Hill,194,Ollie Pope,10486,Josh Blake,Right,,6,0,6,6,,LengthBall,OutsideOff,,Middled,MovesInfront,Flick,NoMovement,Over,Medium,Right,Null,NotReferred,Null,False,False,False,False,True,True,,False,False,False,False,False,False,6,0,0,0,0,True,False,10.0,168.0
1639179,23,2.52,6,1,0,58,3,6,76315,,39449,County Championship Division Two 2026,4,48,Surrey Men,45,Yorkshire Men,8760227,2026-09-04T11:28:30Z,4,137,False,,,,3005,George Hill,194,Ollie Pope,10486,Josh Blake,Right,Wicketkeeper,0,0,0,0,,LengthBall,MiddleStump,Caught,Missed,FrontFoot,ForwardDefensive,AwaySwinger,Over,Medium,Right,Null,NotReferred,Null,False,False,False,False,False,True,1823.0,False,False,False,False,False,False,0,0,0,0,0,False,False,,
1639179,23,2.52,6,1,0,58,3,6,76315,,39449,County Championship Division Two 2026,4,48,Surrey Men,45,Yorkshire Men,8760235,2026-09-04T11:29:14Z,5,138,False,,,,3005,George Hill,194,Ollie Pope,10486,Josh Blake,Right,Cover,0,0,0,0,,LengthBall,OutsideOff,,None,MovesInfront,ForwardDefensive,InSwinger,Over,Medium,Right,Null,NotReferred,Null,False,False,False,False,False,True,,False,False,False,False,False,False,0,0,0,0,0,False,False,194.0,47.0
1639179,23,2.52,6,1,0,58,3,6,76315,,39449,County Championship Division Two 2026,4,48,Surrey Men,45,Yorkshire Men,8760251,2026-09-04T11:29:48Z,6,139,False,,,,3005,George Hill,194,Ollie Pope,10486,Josh Blake,Right,Cover,0,0,0,0,,LengthBall,OutsideOff,Lbw,HitPad,FrontFoot,ForwardDefensive,InSwinger,Over,Medium,Right,Null,NotReferred,Null,False,False,False,False,False,True,1823.0,False,False,False,False,False,False,0,0,0,0,0,False,False,207.0,42.0
1639198,24,2.46,1,0,0,59,3,1,76315,,39449,County Championship Division Two 2026,4,48,Surrey Men,45,Yorkshire Men,8760290,2026-09-04T11:33:01Z,1,140,False,,,,520,Ben Coad,10486,Josh Blake,194,Ollie Pope,Left,Mid Wicket,0,0,0,0,,BackOfALength,OutsideOff,,None,BackFoot,BackwardDefensive,NoMovement,Round,Medium,Right,Null,NotReferred,Null,False,False,False,False,False,True,,False,False,False,False,False,False,0,0,0,0,0,False,False,217.0,52.0
1639198,24,2.46,1,0,0,59,3,1,76315,,39449,County Championship Division Two 2026,4,48,Surrey Men,45,Yorkshire Men,8760297,2026-09-04T11:33:33Z,2,141,False,,,,520,Ben Coad,10486,Josh Blake,194,Ollie Pope,Left,Wicketkeeper,0,0,0,0,,BackOfALength,OutsideOff,,Left,FrontFoot,Leave,SeamIn,Round,Medium,Right,Null,NotReferred,Null,False,False,False,False,False,True,,False,False,False,False,False,False,0,0,0,0,0,False,False,,
1639198,24,2.46,1,0,0,59,3,1,76315,,39449,County Championship Division Two 2026,4,48,Surrey Men,45,Yorkshire Men,8760310,2026-09-04T11:34:10Z,3,142,False,,,,520,Ben Coad,10486,Josh Blake,194,Ollie Pope,Left,Wicketkeeper,0,0,0,0,,LengthBall,OutsideOff,,Missed,DownTheTrack,ForwardDefensive,AwaySwinger,Round,Medium,Right,Null,NotReferred,Null,False,False,False,False,False,True,,False,False,False,False,False,False,0,0,0,0,0,False,False,,
1639198,24,2.46,1,0,0,59,3,1,76315,,39449,County Championship Division Two 2026,4,48,Surrey Men,45,Yorkshire Men,8760321,2026-09-04T11:34:43Z,4,143,False,,,,520,Ben Coad,10486,Josh Blake,194,Ollie Pope,Left,Short Third Man,1,0,1,1,,BackOfALength,OutsideOff,,OutsideEdge,BackFoot,BackwardDefensive,AwaySwinger,Round,Medium,Right,Null,NotReferred,Null,False,False,False,False,False,True,,False,False,False,False,False,False,1,0,0,0,0,False,False,69.0,93.0
1639198,24,2.46,1,0,0,59,3,1,76315,,39449,County Championship Division Two 2026,4,48,Surrey Men,45,Yorkshire Men,8760329,2026-09-04T11:35:26Z,5,144,False,,,,520,Ben Coad,194,Ollie Pope,10486,Josh Blake,Right,Bowler,0,0,0,0,,BackOfALength,OutsideOff,,None,BackFoot,BackwardDefensive,NoMovement,Over,Medium,Right,Null,NotReferred,Null,False,False,False,False,False,True,,False,False,False,False,False,False,0,0,0,0,0,False,False,,
1639198,24,2.46,1,0,0,59,3,1,76315,,39449,County Championship Division Two 2026,4,48,Surrey Men,45,Yorkshire Men,8760344,2026-09-04T11:35:59Z,6,145,False,,,,520,Ben Coad,194,Ollie Pope,10486,Josh Blake,Right,Third Slip,0,0,0,0,,Short,OutsideOff,,MisTimed,BackFoot,Steer,NoMovement,Over,Medium,Right,Null,NotReferred,Null,False,False,False,False,False,True,,False,False,False,False,False,False,0,0,0,0,0,False,False,125.0,36.0
1639209,25,2.36,0,0,0,59,3,0,76315,,39449,County Championship Division Two 2026,4,48,Surrey Men,45,Yorkshire Men,8760352,2026-09-04T11:36:56Z,1,146,False,,,,3005,George Hill,10486,Josh Blake,194,Ollie Pope,Left,Wicketkeeper,0,0,0,0,,LengthBall,OutsideOff,,Missed,FrontFoot,ForwardDefensive,AwaySwinger,Round,Medium,Right,Null,NotReferred,Null,False,False,False,False,False,True,,False,False,False,False,False,False,0,0,0,0,0,False,False,,
1639209,25,2.36,0,0,0,59,3,0,76315,,39449,County Championship Division Two 2026,4,48,Surrey Men,45,Yorkshire Men,8760370,2026-09-04T11:37:34Z,2,147,False,,,,3005,George Hill,10486,Josh Blake,194,Ollie Pope,Left,Cover,0,0,0,0,,LengthBall,OutsideOff,,None,FrontFoot,ForwardDefensive,NoMovement,Round,Medium,Right,Null,NotReferred,Null,False,False,False,False,False,True,,False,False,False,False,False,False,0,0,0,0,0,False,False,339.0,44.0
1639209,25,2.36,0,0,0,59,3,0,76315,,39449,County Championship Division Two 2026,4,48,Surrey Men,45,Yorkshire Men,8760378,2026-09-04T11:38:06Z,3,148,False,,,,3005,George Hill,10486,Josh Blake,194,Ollie Pope,Left,Cover,0,0,0,0,,LengthBall,OutsideOff,,MisTimed,DownTheTrack,ForwardDefensive,InSwinger,Round,Medium,Right,Null,NotReferred,Null,False,False,False,False,False,True,,False,False,False,False,False,False,0,0,0,0,0,False,False,349.0,46.0
1639209,25,2.36,0,0,0,59,3,0,76315,,39449,County Championship Division Two 2026,4,48,Surrey Men,45,Yorkshire Men,8760387,2026-09-04T11:38:39Z,4,149,False,,,,3005,George Hill,10486,Josh Blake,194,Ollie Pope,Left,Bowler,0,0,0,0,,LengthBall,OutsideOff,,None,FrontFoot,ForwardDefensive,NoMovement,Round,Medium,Right,Null,NotReferred,Null,False,False,False,False,False,True,,False,False,False,False,False,False,0,0,0,0,0,False,False,,
1639209,25,2.36,0,0,0,59,3,0,76315,,39449,County Championship Division Two 2026,4,48,Surrey Men,45,Yorkshire Men,8760396,2026-09-04T11:39:11Z,5,150,False,,,,3005,George Hill,10486,Josh Blake,194,Ollie Pope,Left,Wicketkeeper,0,0,0,0,,LengthBall,OutsideOff,,Left,FrontFoot,Leave,NoMovement,Round,Medium,Right,Null,NotReferred,Null,False,False,False,False,False,True,,False,False,False,False,False,False,0,0,0,0,0,False,False,,
1639209,25,2.36,0,0,0,59,3,0,76315,,39449,County Championship Division Two 2026,4,48,Surrey Men,45,Yorkshire Men,8760404,2026-09-04T11:39:46Z,6,151,False,,,,3005,George Hill,10486,Josh Blake,194,Ollie Pope,Left,Extra Cover,0,0,0,0,,FullToss,OutsideOff,,MisTimed,FrontFoot,Drive,InSwinger,Round,Medium,Right,Null,NotReferred,Null,False,False,False,False,False,True,,False,False,False,False,False,False,0,0,0,0,0,False,False,324.0,45.0
1639221,26,2.27,0,0,0,59,3,0,76315,,39449,County Championship Division Two 2026,4,48,Surrey Men,45,Yorkshire Men,8760424,2026-09-04T11:40:58Z,1,152,False,,,,520,Ben Coad,194,Ollie Pope,10486,Josh Blake,Right,Square Leg,0,0,0,0,,LengthBall,OutsideOff,,None,FrontFoot,ForwardDefensive,NoMovement,Over,Medium,Right,Null,NotReferred,Null,False,False,False,False,False,True,,False,False,False,False,False,False,0,0,0,0,0,False,False,331.0,44.0
1639221,26,2.27,0,0,0,59,3,0,76315,,39449,County Championship Division Two 2026,4,48,Surrey Men,45,Yorkshire Men,8760435,2026-09-04T11:41:32Z,2,153,False,,,,520,Ben Coad,194,Ollie Pope,10486,Josh Blake,Right,Backward Square Leg,0,0,0,0,,BackOfALength,OffStump,,MisTimed,BackFoot,Worked,NoMovement,Over,Medium,Right,Null,NotReferred,Null,False,False,False,False,False,True,,False,False,False,False,False,False,0,0,0,0,0,False,False,11.0,52.0
1639221,26,2.27,0,0,0,59,3,0,76315,,39449,County Championship Division Two 2026,4,48,Surrey Men,45,Yorkshire Men,8760440,2026-09-04T11:42:04Z,3,154,False,,,,520,Ben Coad,194,Ollie Pope,10486,Josh Blake,Right,Wicketkeeper,0,0,0,0,,LengthBall,LegStump,,PlayAndMissLegSide,BackFoot,Glance,InSwinger,Over,Medium,Right,Null,NotReferred,Null,False,False,False,False,False,True,,False,False,False,False,False,False,0,0,0,0,0,False,False,,
1639221,26,2.27,0,0,0,59,3,0,76315,,39449,County Championship Division Two 2026,4,48,Surrey Men,45,Yorkshire Men,8760448,2026-09-04T11:42:58Z,4,155,False,,,,520,Ben Coad,194,Ollie Pope,10486,Josh Blake,Right,Cover,0,0,0,0,,LengthBall,OutsideOff,,None,FrontFoot,ForwardDefensive,InSwinger,Over,Medium,Right,Null,NotReferred,Null,False,False,False,False,False,True,,False,False,False,False,False,False,0,0,0,0,0,False,False,199.0,47.0
1639221,26,2.27,0,0,0,59,3,0,76315,,39449,County Championship Division Two 2026,4,48,Surrey Men,45,Yorkshire Men,8760453,2026-09-04T11:43:31Z,5,156,False,,,,520,Ben Coad,194,Ollie Pope,10486,Josh Blake,Right,Square Leg,0,0,0,0,,LengthBall,OffStump,,None,FrontFoot,ForwardDefensive,InSwinger,Over,Medium,Right,Null,NotReferred,Null,False,False,False,False,False,True,,False,False,False,False,False,False,0,0,0,0,0,False,False,331.0,44.0
1639221,26,2.27,0,0,0,59,3,0,76315,,39449,County Championship Division Two 2026,4,48,Surrey Men,45,Yorkshire Men,8760459,2026-09-04T11:44:03Z,6,157,False,,,,520,Ben Coad,194,Ollie Pope,10486,Josh Blake,Right,Cover,0,0,0,0,,LengthBall,OutsideOff,,MisTimed,FrontFoot,Drive,NoMovement,Over,Medium,Right,Null,NotReferred,Null,False,False,False,False,False,True,,False,False,False,False,False,False,0,0,0,0,0,False,True,209.0,73.0
1639226,27,2.56,10,0,0,69,3,10,76315,,39449,County Championship Division Two 2026,4,48,Surrey Men,45,Yorkshire Men,8760468,2026-09-04T11:45:11Z,1,158,False,,,,3005,George Hill,10486,Josh Blake,194,Ollie Pope,Left,Mid On,0,0,0,0,,HalfVolley,OutsideOff,,MisTimed,FrontFoot,Drive,InSwinger,Round,Medium,Right,Null,NotReferred,Null,False,False,False,False,False,True,,False,False,False,False,False,False,0,0,0,0,0,False,False,264.0,73.0
1639226,27,2.56,10,0,0,69,3,10,76315,,39449,County Championship Division Two 2026,4,48,Surrey Men,45,Yorkshire Men,8760476,2026-09-04T11:45:46Z,2,159,False,,,,3005,George Hill,10486,Josh Blake,194,Ollie Pope,Left,Deep Backward Square Leg,2,0,2,2,,HalfVolley,OutsideOff,,InsideEdge,FrontFoot,Drive,InSwinger,Round,Medium,Right,Null,NotReferred,Null,False,False,False,False,False,True,,False,False,False,False,False,False,2,0,0,0,0,False,False,169.0,134.0
1639226,27,2.56,10,0,0,69,3,10,76315,,39449,County Championship Division Two 2026,4,48,Surrey Men,45,Yorkshire Men,8760488,2026-09-04T11:46:30Z,3,160,False,,,,3005,George Hill,10486,Josh Blake,194,Ollie Pope,Left,Wicketkeeper,0,0,0,0,,BackOfALength,OutsideOff,,Left,FrontFoot,Leave,AwaySwinger,Round,Medium,Right,Null,NotReferred,Null,False,False,False,False,False,True,,False,False,False,False,False,False,0,0,0,0,0,False,False,,
1639226,27,2.56,10,0,0,69,3,10,76315,,39449,County Championship Division Two 2026,4,48,Surrey Men,45,Yorkshire Men,8760495,2026-09-04T11:47:04Z,4,161,False,,,,3005,George Hill,10486,Josh Blake,194,Ollie Pope,Left,Wicketkeeper,0,0,0,0,,LengthBall,OutsideOff,,Left,FrontFoot,Leave,AwaySwinger,Round,Medium,Right,Null,NotReferred,Null,False,False,False,False,False,True,,False,False,False,False,False,False,0,0,0,0,0,False,False,,
1639226,27,2.56,10,0,0,69,3,10,76315,,39449,County Championship Division Two 2026,4,48,Surrey Men,45,Yorkshire Men,8760502,2026-09-04T11:47:39Z,5,162,False,,,,3005,George Hill,10486,Josh Blake,194,Ollie Pope,Left,,4,0,4,4,,HalfVolley,OutsideOff,,WellTimed,FrontFoot,Drive,InSwinger,Round,Medium,Right,Null,NotReferred,Null,False,False,False,False,False,True,,False,False,False,False,False,False,4,0,0,0,0,True,False,317.0,177.0
1639226,27,2.56,10,0,0,69,3,10,76315,,39449,County Championship Division Two 2026,4,48,Surrey Men,45,Yorkshire Men,8760511,2026-09-04T11:48:17Z,6,163,False,,,,3005,George Hill,10486,Josh Blake,194,Ollie Pope,Left,,0,4,4,0,,LengthBall,OffStump,,HitPad,BackFoot,Glance,InSwinger,Round,Medium,Right,Null,NotReferred,Null,False,False,False,True,False,True,,False,False,False,False,False,False,4,0,0,4,0,False,False,98.0,157.0
1639238,28,2.68,6,1,0,75,4,6,76315,,39449,County Championship Division Two 2026,4,48,Surrey Men,45,Yorkshire Men,8760536,2026-09-04T11:49:24Z,1,164,False,,,,520,Ben Coad,194,Ollie Pope,10486,Josh Blake,Right,,6,0,6,6,,BackOfALength,OffStump,,WellTimed,BackFoot,Pull,NoMovement,Over,Medium,Right,Null,NotReferred,Null,False,False,False,False,True,True,,False,False,False,False,False,False,6,0,0,0,0,True,False,39.0,164.0
1639238,28,2.68,6,1,0,75,4,6,76315,,39449,County Championship Division Two 2026,4,48,Surrey Men,45,Yorkshire Men,8760547,2026-09-04T11:50:17Z,2,165,False,,,,520,Ben Coad,194,Ollie Pope,10486,Josh Blake,Right,First Slip,0,0,0,0,,LengthBall,OutsideOff,Lbw,HitPad,FrontFoot,ForwardDefensive,InSwinger,Over,Medium,Right,Null,NotReferred,Null,False,False,False,False,False,True,1906.0,False,False,False,False,False,False,0,0,0,0,0,False,False,104.0,34.0
1639238,28,2.68,6,1,0,75,4,6,76315,,39449,County Championship Division Two 2026,4,48,Surrey Men,45,Yorkshire Men,8760577,2026-09-04T11:53:30Z,3,166,False,,,,520,Ben Coad,194,Ollie Pope,10486,Josh Blake,Right,Cover,0,0,0,0,,LengthBall,OutsideOff,,None,FrontFoot,ForwardDefensive,InSwinger,Over,Medium,Right,Null,NotReferred,Null,False,False,False,False,False,True,,False,False,False,False,False,False,0,0,0,0,0,False,False,195.0,59.0
1639238,28,2.68,6,1,0,75,4,6,76315,,39449,County Championship Division Two 2026,4,48,Surrey Men,45,Yorkshire Men,8760583,2026-09-04T11:54:00Z,4,167,False,,,,520,Ben Coad,194,Ollie Pope,10486,Josh Blake,Right,Wicketkeeper,0,0,0,0,,LengthBall,OutsideOff,,Missed,FrontFoot,ForwardDefensive,AwaySwinger,Over,Medium,Right,Null,NotReferred,Null,False,False,False,False,False,True,,False,False,False,False,False,False,0,0,0,0,0,False,False,,
1639238,28,2.68,6,1,0,75,4,6,76315,,39449,County Championship Division Two 2026,4,48,Surrey Men,45,Yorkshire Men,8760591,2026-09-04T11:54:41Z,5,168,True,Lbw,194.0,Ollie Pope,520,Ben Coad,194,Ollie Pope,10486,Josh Blake,Right,,0,0,0,0,LBW,LengthBall,OutsideOff,Lbw,HitPad,FrontFoot,ForwardDefensive,InSwinger,Over,Medium,Right,Null,NotReferred,Null,False,False,False,False,False,True,1906.0,False,False,False,False,False,False,0,0,0,0,0,False,False,,
1639238,28,2.68,6,1,0,75,4,6,76315,,39449,County Championship Division Two 2026,4,48,Surrey Men,45,Yorkshire Men,8760614,2026-09-04T11:57:25Z,6,169,False,,,,520,Ben Coad,221,Ben Foakes,10486,Josh Blake,Right,Wicketkeeper,0,0,0,0,,LengthBall,OutsideOff,,Left,FrontFoot,Leave,AwaySwinger,Over,Medium,Right,Null,NotReferred,Null,False,False,False,False,False,True,,False,False,False,False,False,False,0,0,0,0,0,False,False,,
1639252,29,2.59,0,0,0,75,4,0,76315,,39449,County Championship Division Two 2026,4,48,Surrey Men,45,Yorkshire Men,8760624,2026-09-04T11:58:16Z,1,170,False,,,,3005,George Hill,10486,Josh Blake,221,Ben Foakes,Left,Third Slip,0,0,0,0,,LengthBall,OutsideOff,,BottomEdge,NoMovement,Leave,InSwinger,Round,Medium,Right,Null,NotReferred,Null,False,False,False,False,False,True,,False,False,False,False,False,False,0,0,0,0,0,False,False,49.0,43.0
1639252,29,2.59,0,0,0,75,4,0,76315,,39449,County Championship Division Two 2026,4,48,Surrey Men,45,Yorkshire Men,8760629,2026-09-04T11:58:50Z,2,171,False,,,,3005,George Hill,10486,Josh Blake,221,Ben Foakes,Left,Wicketkeeper,0,0,0,0,,LengthBall,OutsideOff,,Left,FrontFoot,Leave,NoMovement,Round,Medium,Right,Null,NotReferred,Null,False,False,False,False,False,True,,False,False,False,False,False,False,0,0,0,0,0,False,False,,
1639252,29,2.59,0,0,0,75,4,0,76315,,39449,County Championship Division Two 2026,4,48,Surrey Men,45,Yorkshire Men,8760634,2026-09-04T11:59:23Z,3,172,False,,,,3005,George Hill,10486,Josh Blake,221,Ben Foakes,Left,Extra Cover,0,0,0,0,,LengthBall,OutsideOff,,None,FrontFoot,ForwardDefensive,InSwinger,Round,Medium,Right,Null,NotReferred,Null,False,False,False,False,False,True,,False,False,False,False,False,False,0,0,0,0,0,False,False,327.0,46.0
1639252,29,2.59,0,0,0,75,4,0,76315,,39449,County Championship Division Two 2026,4,48,Surrey Men,45,Yorkshire Men,8760648,2026-09-04T11:59:56Z,4,173,False,,,,3005,George Hill,10486,Josh Blake,221,Ben Foakes,Left,Mid On,0,0,0,0,,LengthBall,OutsideOff,,Spliced,FrontFoot,ForwardDefensive,InSwinger,Round,Medium,Right,Null,NotReferred,Null,False,False,False,False,False,True,,False,False,False,False,False,False,0,0,0,0,0,False,False,256.0,56.0
1639252,29,2.59,0,0,0,75,4,0,76315,,39449,County Championship Division Two 2026,4,48,Surrey Men,45,Yorkshire Men,8760647,2026-09-04T12:00:28Z,5,174,False,,,,3005,George Hill,10486,Josh Blake,221,Ben Foakes,Left,Wicketkeeper,0,0,0,0,,BackOfALength,OutsideOff,,Missed,FrontFoot,ForwardDefensive,AwaySwinger,Round,Medium,Right,Null,NotReferred,Null,False,False,False,False,False,True,,False,False,False,False,False,False,0,0,0,0,0,False,False,,
1639252,29,2.59,0,0,0,75,4,0,76315,,39449,County Championship Division Two 2026,4,48,Surrey Men,45,Yorkshire Men,8760657,2026-09-04T12:01:18Z,6,175,False,,,,3005,George Hill,10486,Josh Blake,221,Ben Foakes,Left,Cover,0,0,0,0,,LengthBall,OutsideOff,,None,FrontFoot,ForwardDefensive,InSwinger,Round,Medium,Right,Null,NotReferred,Null,False,False,False,False,False,True,,False,False,False,False,False,False,0,0,0,0,0,False,False,344.0,52.0
1639258,30,2.53,1,0,0,76,4,1,76315,,39449,County Championship Division Two 2026,4,48,Surrey Men,45,Yorkshire Men,8760666,2026-09-04T12:02:15Z,1,176,False,,,,520,Ben Coad,221,Ben Foakes,10486,Josh Blake,Right,Wicketkeeper,0,0,0,0,,LengthBall,OutsideOff,,Missed,FrontFoot,ForwardDefensive,AwaySwinger,Over,Medium,Right,Null,NotReferred,Null,False,False,False,False,False,True,,False,False,False,False,False,False,0,0,0,0,0,False,False,,
1639258,30,2.53,1,0,0,76,4,1,76315,,39449,County Championship Division Two 2026,4,48,Surrey Men,45,Yorkshire Men,8760669,2026-09-04T12:02:45Z,2,177,False,,,,520,Ben Coad,221,Ben Foakes,10486,Josh Blake,Right,Mid Off,1,0,1,1,,LengthBall,OutsideOff,,WellTimed,FrontFoot,Drive,NoMovement,Over,Medium,Right,Null,NotReferred,Null,False,False,False,False,False,True,,False,False,False,False,False,False,1,0,0,0,0,False,False,260.0,85.0
1639258,30,2.53,1,0,0,76,4,1,76315,,39449,County Championship Division Two 2026,4,48,Surrey Men,45,Yorkshire Men,8760671,2026-09-04T12:03:29Z,3,178,False,,,,520,Ben Coad,10486,Josh Blake,221,Ben Foakes,Left,Wicketkeeper,0,0,0,0,,LengthBall,OutsideOff,,Missed,FrontFoot,ForwardDefensive,AwaySwinger,Round,Medium,Right,Null,NotReferred,Null,False,False,False,False,False,True,,False,False,False,False,False,False,0,0,0,0,0,False,False,,
1639258,30,2.53,1,0,0,76,4,1,76315,,39449,County Championship Division Two 2026,4,48,Surrey Men,45,Yorkshire Men,8760676,2026-09-04T12:04:03Z,4,179,False,,,,520,Ben Coad,10486,Josh Blake,221,Ben Foakes,Left,,0,0,0,0,,LengthBall,OutsideOff,Lbw,HitPad,FrontFoot,ForwardDefensive,InSwinger,Round,Medium,Right,Null,NotReferred,Null,False,False,False,False,False,True,1906.0,False,False,False,False,False,False,0,0,0,0,0,False,False,,
1639258,30,2.53,1,0,0,76,4,1,76315,,39449,County Championship Division Two 2026,4,48,Surrey Men,45,Yorkshire Men,8760680,2026-09-04T12:04:43Z,5,180,False,,,,520,Ben Coad,10486,Josh Blake,221,Ben Foakes,Left,Backward Point,0,0,0,0,,BackOfALength,OutsideOff,,None,BackFoot,Cut,NoMovement,Round,Medium,Right,Null,NotReferred,Null,False,False,False,False,False,True,,False,False,False,False,False,False,0,0,0,0,0,False,False,15.0,59.0
1639258,30,2.53,1,0,0,76,4,1,76315,,39449,County Championship Division Two 2026,4,48,Surrey Men,45,Yorkshire Men,8760684,2026-09-04T12:05:15Z,6,181,False,,,,520,Ben Coad,10486,Josh Blake,221,Ben Foakes,Left,Cover,0,0,0,0,,LengthBall,OutsideOff,,MisTimed,FrontFoot,ForwardDefensive,InSwinger,Round,Medium,Right,Null,NotReferred,Null,False,False,False,False,False,True,,False,False,False,False,False,False,0,0,0,0,0,False,False,352.0,47.0
1639262,31,2.61,5,0,0,81,4,5,76315,,39449,County Championship Division Two 2026,4,48,Surrey Men,45,Yorkshire Men,8760690,2026-09-04T12:06:22Z,1,182,False,,,,3005,George Hill,221,Ben Foakes,10486,Josh Blake,Right,Backward Square Leg,1,0,1,1,,LengthBall,OffStump,,None,FrontFoot,Flick,NoMovement,Over,Medium,Right,Null,NotReferred,Null,False,False,False,False,False,True,,False,False,False,False,False,False,1,0,0,0,0,False,False,1.0,88.0
1639262,31,2.61,5,0,0,81,4,5,76315,,39449,County Championship Division Two 2026,4,48,Surrey Men,45,Yorkshire Men,8760695,2026-09-04T12:06:58Z,2,183,False,,,,3005,George Hill,10486,Josh Blake,221,Ben Foakes,Left,Backward Point,0,0,0,0,,LengthBall,OutsideOff,,None,FrontFoot,ForwardDefensive,NoMovement,Round,Medium,Right,Null,NotReferred,Null,False,False,False,False,False,True,,False,False,False,False,False,False,0,0,0,0,0,False,False,13.0,52.0
1639262,31,2.61,5,0,0,81,4,5,76315,,39449,County Championship Division Two 2026,4,48,Surrey Men,45,Yorkshire Men,8760696,2026-09-04T12:07:38Z,3,184,False,,,,3005,George Hill,10486,Josh Blake,221,Ben Foakes,Left,Wicketkeeper,0,0,0,0,,LengthBall,OutsideOff,,Left,FrontFoot,Leave,InSwinger,Round,Medium,Right,Null,NotReferred,Null,False,False,False,False,False,True,,False,False,False,False,False,False,0,0,0,0,0,False,False,,
1639262,31,2.61,5,0,0,81,4,5,76315,,39449,County Championship Division Two 2026,4,48,Surrey Men,45,Yorkshire Men,8760703,2026-09-04T12:08:17Z,4,185,False,,,,3005,George Hill,10486,Josh Blake,221,Ben Foakes,Left,Long On,3,0,3,3,,HalfVolley,OutsideOff,,WellTimed,FrontFoot,Drive,NoMovement,Round,Medium,Right,Null,NotReferred,Null,False,False,False,False,False,True,,False,False,False,False,False,False,3,0,0,0,0,False,False,266.0,173.0
1639262,31,2.61,5,0,0,81,4,5,76315,,39449,County Championship Division Two 2026,4,48,Surrey Men,45,Yorkshire Men,8760705,2026-09-04T12:09:00Z,5,186,False,,,,3005,George Hill,221,Ben Foakes,10486,Josh Blake,Right,Wicketkeeper,0,0,0,0,,LengthBall,OutsideOff,,Left,FrontFoot,Leave,SeamIn,Over,Medium,Right,Null,NotReferred,Null,False,False,False,False,False,True,,False,False,False,False,False,False,0,0,0,0,0,False,False,,
1639262,31,2.61,5,0,0,81,4,5,76315,,39449,County Championship Division Two 2026,4,48,Surrey Men,45,Yorkshire Men,8760711,2026-09-04T12:09:38Z,6,187,False,,,,3005,George Hill,221,Ben Foakes,10486,Josh Blake,Right,Deep Backward Square Leg,1,0,1,1,,LengthBall,OffStump,,None,FrontFoot,Flick,NoMovement,Over,Medium,Right,Null,NotReferred,Null,False,False,False,False,False,True,,False,False,False,False,False,False,1,0,0,0,0,False,False,26.0,155.0
1639266,32,2.66,4,1,0,85,5,4,76315,,39449,County Championship Division Two 2026,4,48,Surrey Men,45,Yorkshire Men,8760715,2026-09-04T12:10:47Z,1,188,False,,,,520,Ben Coad,221,Ben Foakes,10486,Josh Blake,Right,Wicketkeeper,0,0,0,0,,LengthBall,OutsideOff,,Left,FrontFoot,Leave,NoMovement,Over,Medium,Right,Null,NotReferred,Null,False,False,False,False,False,True,,False,False,False,False,False,False,0,0,0,0,0,False,False,,
1639266,32,2.66,4,1,0,85,5,4,76315,,39449,County Championship Division Two 2026,4,48,Surrey Men,45,Yorkshire Men,8760717,2026-09-04T12:11:21Z,2,189,False,,,,520,Ben Coad,221,Ben Foakes,10486,Josh Blake,Right,Mid Off,0,0,0,0,,LengthBall,OutsideOff,,None,FrontFoot,ForwardDefensive,NoMovement,Over,Medium,Right,Null,NotReferred,Null,False,False,False,False,False,True,,False,False,False,False,False,False,0,0,0,0,0,False,False,257.0,54.0
1639266,32,2.66,4,1,0,85,5,4,76315,,39449,County Championship Division Two 2026,4,48,Surrey Men,45,Yorkshire Men,8760724,2026-09-04T12:11:49Z,3,190,True,Bowled,221.0,Ben Foakes,520,Ben Coad,221,Ben Foakes,10486,Josh Blake,Right,,0,0,0,0,Bowled,LengthBall,OutsideOff,Bowled,Missed,FrontFoot,ForwardDefensive,InSwinger,Over,Medium,Right,Null,NotReferred,Null,False,False,False,False,False,True,1906.0,False,False,False,False,False,False,0,0,0,0,0,False,False,,
1639266,32,2.66,4,1,0,85,5,4,76315,,39449,County Championship Division Two 2026,4,48,Surrey Men,45,Yorkshire Men,8761058,2026-09-04T12:52:35Z,4,191,False,,,,520,Ben Coad,13942,Adam Thomas,10486,Josh Blake,Right,Wicketkeeper,0,4,4,0,,LengthBall,MiddleStump,,PlayAndMissLegSide,BackFoot,Glance,InSwinger,Over,Medium,Right,Null,NotReferred,Null,False,False,True,False,False,True,,False,False,False,False,False,False,4,4,0,0,0,False,False,81.0,155.0
1639266,32,2.66,4,1,0,85,5,4,76315,,39449,County Championship Division Two 2026,4,48,Surrey Men,45,Yorkshire Men,8761065,2026-09-04T12:53:16Z,5,192,False,,,,520,Ben Coad,13942,Adam Thomas,10486,Josh Blake,Right,Third Slip,0,0,0,0,,LengthBall,OutsideOff,,OutsideEdge,FrontFoot,ForwardDefensive,AwaySwinger,Over,Medium,Right,Null,NotReferred,Null,False,False,False,False,False,True,,False,False,False,False,False,False,0,0,0,0,0,False,False,116.0,35.0
1639266,32,2.66,4,1,0,85,5,4,76315,,39449,County Championship Division Two 2026,4,48,Surrey Men,45,Yorkshire Men,8761069,2026-09-04T12:53:48Z,6,193,False,,,,520,Ben Coad,13942,Adam Thomas,10486,Josh Blake,Right,Cover,0,0,0,0,,BackOfALength,OutsideOff,,MisTimed,BackFoot,BackwardDefensive,SeamIn,Over,Medium,Right,Null,NotReferred,Null,False,False,False,False,False,True,,False,False,False,False,False,False,0,0,0,0,0,False,False,196.0,52.0
1639330,33,2.58,0,0,0,85,5,0,76315,,39449,County Championship Division Two 2026,4,48,Surrey Men,45,Yorkshire Men,8761080,2026-09-04T12:55:04Z,1,194,False,,,,7012,Jack White,10486,Josh Blake,13942,Adam Thomas,Left,Wicketkeeper,0,0,0,0,,BackOfALength,OutsideOff,,Left,FrontFoot,Leave,NoMovement,Round,Medium,Right,Null,NotReferred,Null,False,False,False,False,False,True,,False,False,False,False,False,False,0,0,0,0,0,False,False,,
1639330,33,2.58,0,0,0,85,5,0,76315,,39449,County Championship Division Two 2026,4,48,Surrey Men,45,Yorkshire Men,8761088,2026-09-04T12:55:47Z,2,195,False,,,,7012,Jack White,10486,Josh Blake,13942,Adam Thomas,Left,Bowler,0,0,0,0,,LengthBall,OutsideOff,,None,FrontFoot,ForwardDefensive,NoMovement,Round,Medium,Right,Null,NotReferred,Null,False,False,False,False,False,True,,False,False,False,False,False,False,0,0,0,0,0,False,False,,
1639330,33,2.58,0,0,0,85,5,0,76315,,39449,County Championship Division Two 2026,4,48,Surrey Men,45,Yorkshire Men,8761096,2026-09-04T12:56:23Z,3,196,False,,,,7012,Jack White,10486,Josh Blake,13942,Adam Thomas,Left,Wicketkeeper,0,0,0,0,,LengthBall,OutsideOff,,Left,FrontFoot,Leave,NoMovement,Round,Medium,Right,Null,NotReferred,Null,False,False,False,False,False,True,,False,False,False,False,False,False,0,0,0,0,0,False,False,,
1639330,33,2.58,0,0,0,85,5,0,76315,,39449,County Championship Division Two 2026,4,48,Surrey Men,45,Yorkshire Men,8761103,2026-09-04T12:57:04Z,4,197,False,,,,7012,Jack White,10486,Josh Blake,13942,Adam Thomas,Left,Wicketkeeper,0,0,0,0,,LengthBall,OutsideOff,,Left,FrontFoot,Leave,NoMovement,Round,Medium,Right,Null,NotReferred,Null,False,False,False,False,False,True,,False,False,False,False,False,False,0,0,0,0,0,False,False,,
1639330,33,2.58,0,0,0,85,5,0,76315,,39449,County Championship Division Two 2026,4,48,Surrey Men,45,Yorkshire Men,8761112,2026-09-04T12:57:45Z,5,198,False,,,,7012,Jack White,10486,Josh Blake,13942,Adam Thomas,Left,Wicketkeeper,0,0,0,0,,LengthBall,OutsideOff,,Left,DownTheTrack,Leave,NoMovement,Round,Medium,Right,Null,NotReferred,Null,False,False,False,False,False,True,,False,False,False,False,False,False,0,0,0,0,0,False,False,,
1639330,33,2.58,0,0,0,85,5,0,76315,,39449,County Championship Division Two 2026,4,48,Surrey Men,45,Yorkshire Men,8761122,2026-09-04T12:58:27Z,6,199,False,,,,7012,Jack White,10486,Josh Blake,13942,Adam Thomas,Left,Wicketkeeper,0,0,0,0,,LengthBall,OutsideOff,,Left,FrontFoot,Leave,InSwinger,Round,Medium,Right,Null,NotReferred,Null,False,False,False,False,False,True,,False,False,False,False,False,False,0,0,0,0,0,False,False,,
1639337,34,2.79,10,0,0,95,5,10,76315,,39449,County Championship Division Two 2026,4,48,Surrey Men,45,Yorkshire Men,8761130,2026-09-04T12:59:14Z,1,200,False,,,,520,Ben Coad,13942,Adam Thomas,10486,Josh Blake,Right,Backward Square Leg,1,0,1,1,,BackOfALength,OutsideOff,,MisTimed,BackFoot,Glance,SeamIn,Over,Medium,Right,Null,NotReferred,Null,False,False,False,False,False,True,,False,False,False,False,False,False,1,0,0,0,0,False,False,16.0,79.0
1639337,34,2.79,10,0,0,95,5,10,76315,,39449,County Championship Division Two 2026,4,48,Surrey Men,45,Yorkshire Men,8761136,2026-09-04T12:59:58Z,2,201,False,,,,520,Ben Coad,10486,Josh Blake,13942,Adam Thomas,Left,,4,0,4,4,,LengthBall,OffStump,,WellTimed,BackFoot,Glance,NoMovement,Round,Medium,Right,Null,NotReferred,Null,False,False,False,False,False,True,,False,False,False,False,False,False,4,0,0,0,0,True,False,145.0,164.0
1639337,34,2.79,10,0,0,95,5,10,76315,,39449,County Championship Division Two 2026,4,48,Surrey Men,45,Yorkshire Men,8761146,2026-09-04T13:00:40Z,3,202,False,,,,520,Ben Coad,10486,Josh Blake,13942,Adam Thomas,Left,Fine Leg,1,0,1,1,,BackOfALength,OutsideOff,,None,BackFoot,Glance,InSwinger,Round,Medium,Right,Null,NotReferred,Null,False,False,False,False,False,True,,False,False,False,False,False,False,1,0,0,0,0,False,False,139.0,133.0
1639337,34,2.79,10,0,0,95,5,10,76315,,39449,County Championship Division Two 2026,4,48,Surrey Men,45,Yorkshire Men,8761153,2026-09-04T13:01:17Z,4,203,False,,,,520,Ben Coad,13942,Adam Thomas,10486,Josh Blake,Right,Cover,0,0,0,0,,LengthBall,OutsideOff,,None,FrontFoot,ForwardDefensive,NoMovement,Over,Medium,Right,Null,NotReferred,Null,False,False,False,False,False,True,,False,False,False,False,False,False,0,0,0,0,0,False,False,186.0,57.0
1639337,34,2.79,10,0,0,95,5,10,76315,,39449,County Championship Division Two 2026,4,48,Surrey Men,45,Yorkshire Men,8761162,2026-09-04T13:01:52Z,5,204,False,,,,520,Ben Coad,13942,Adam Thomas,10486,Josh Blake,Right,Bowler,0,0,0,0,,LengthBall,OutsideOff,,MisTimed,FrontFoot,ForwardDefensive,InSwinger,Over,Medium,Right,Null,NotReferred,Null,False,False,False,False,False,True,,False,False,False,False,False,False,0,0,0,0,0,False,False,,
1639337,34,2.79,10,0,0,95,5,10,76315,,39449,County Championship Division Two 2026,4,48,Surrey Men,45,Yorkshire Men,8761172,2026-09-04T13:02:28Z,6,205,False,,,,520,Ben Coad,13942,Adam Thomas,10486,Josh Blake,Right,,4,0,4,4,,HalfVolley,LegStump,,WellTimed,FrontFoot,Flick,InSwinger,Over,Medium,Right,Null,NotReferred,Null,False,False,False,False,False,True,,False,False,False,False,False,False,4,0,0,0,0,True,False,21.0,166.0
1639349,35,2.71,0,0,0,95,5,0,76315,,39449,County Championship Division Two 2026,4,48,Surrey Men,45,Yorkshire Men,8761185,2026-09-04T13:03:34Z,1,206,False,,,,7012,Jack White,10486,Josh Blake,13942,Adam Thomas,Left,Third Slip,0,0,0,0,,LengthBall,OutsideOff,,None,FrontFoot,ForwardDefensive,NoMovement,Round,Medium,Right,Null,NotReferred,Null,False,False,False,False,False,True,,False,False,False,False,False,False,0,0,0,0,0,False,False,57.0,41.0
1639349,35,2.71,0,0,0,95,5,0,76315,,39449,County Championship Division Two 2026,4,48,Surrey Men,45,Yorkshire Men,8761199,2026-09-04T13:04:13Z,2,207,False,,,,7012,Jack White,10486,Josh Blake,13942,Adam Thomas,Left,Backward Point,0,0,0,0,,HalfVolley,OutsideOff,,OutsideEdge,FrontFoot,Drive,AwaySwinger,Round,Medium,Right,Null,NotReferred,Null,False,False,False,False,False,True,,False,False,False,False,False,False,0,0,0,0,0,False,False,21.0,58.0
1639349,35,2.71,0,0,0,95,5,0,76315,,39449,County Championship Division Two 2026,4,48,Surrey Men,45,Yorkshire Men,8761206,2026-09-04T13:04:53Z,3,208,False,,,,7012,Jack White,10486,Josh Blake,13942,Adam Thomas,Left,Square Leg,0,0,0,0,,LengthBall,OutsideOff,,None,FrontFoot,ForwardDefensive,InSwinger,Round,Medium,Right,Null,NotReferred,Null,False,False,False,False,False,True,,False,False,False,False,False,False,0,0,0,0,0,False,False,197.0,49.0
1639349,35,2.71,0,0,0,95,5,0,76315,,39449,County Championship Division Two 2026,4,48,Surrey Men,45,Yorkshire Men,8761213,2026-09-04T13:05:31Z,4,209,False,,,,7012,Jack White,10486,Josh Blake,13942,Adam Thomas,Left,Extra Cover,0,0,0,0,,LengthBall,OutsideOff,,None,FrontFoot,ForwardDefensive,NoMovement,Round,Medium,Right,Null,NotReferred,Null,False,False,False,False,False,True,,False,False,False,False,False,False,0,0,0,0,0,False,False,322.0,45.0
1639349,35,2.71,0,0,0,95,5,0,76315,,39449,County Championship Division Two 2026,4,48,Surrey Men,45,Yorkshire Men,8761227,2026-09-04T13:06:07Z,5,210,False,,,,7012,Jack White,10486,Josh Blake,13942,Adam Thomas,Left,Mid On,0,0,0,0,,BackOfALength,OutsideOff,,Spliced,BackFoot,BackwardDefensive,NoMovement,Round,Medium,Right,Null,NotReferred,Null,False,False,False,False,False,True,,False,False,False,False,False,False,0,0,0,0,0,False,False,247.0,53.0
1639349,35,2.71,0,0,0,95,5,0,76315,,39449,County Championship Division Two 2026,4,48,Surrey Men,45,Yorkshire Men,8761232,2026-09-04T13:06:44Z,6,211,False,,,,7012,Jack White,10486,Josh Blake,13942,Adam Thomas,Left,Bowler,0,0,0,0,,LengthBall,OutsideOff,Lbw,HitPad,MovesInfront,ForwardDefensive,InSwinger,Round,Medium,Right,Null,NotReferred,Null,False,False,False,False,False,True,1823.0,False,False,False,False,False,False,0,0,0,0,0,False,False,,
1639359,36,2.64,0,0,0,95,5,0,76315,,39449,County Championship Division Two 2026,4,48,Surrey Men,45,Yorkshire Men,8761248,2026-09-04T13:07:37Z,1,212,False,,,,520,Ben Coad,13942,Adam Thomas,10486,Josh Blake,Right,Mid Off,0,0,0,0,,LengthBall,OutsideOff,,None,FrontFoot,ForwardDefensive,NoMovement,Over,Medium,Right,Null,NotReferred,Null,False,False,False,False,False,True,,False,False,False,False,False,False,0,0,0,0,0,False,False,251.0,52.0
1639359,36,2.64,0,0,0,95,5,0,76315,,39449,County Championship Division Two 2026,4,48,Surrey Men,45,Yorkshire Men,8761252,2026-09-04T13:08:08Z,2,213,False,,,,520,Ben Coad,13942,Adam Thomas,10486,Josh Blake,Right,Cover,0,0,0,0,,BackOfALength,OutsideOff,,None,BackFoot,Drive,NoMovement,Over,Medium,Right,Null,NotReferred,Null,False,False,False,False,False,True,,False,False,False,False,False,False,0,0,0,0,0,False,False,203.0,55.0
1639359,36,2.64,0,0,0,95,5,0,76315,,39449,County Championship Division Two 2026,4,48,Surrey Men,45,Yorkshire Men,8761259,2026-09-04T13:08:42Z,3,214,False,,,,520,Ben Coad,13942,Adam Thomas,10486,Josh Blake,Right,Square Leg,0,0,0,0,,LengthBall,OutsideOff,,InsideEdge,FrontFoot,ForwardDefensive,InSwinger,Over,Medium,Right,Null,NotReferred,Null,False,False,False,False,False,True,,False,False,False,False,False,False,0,0,0,0,0,False,False,338.0,46.0
1639359,36,2.64,0,0,0,95,5,0,76315,,39449,County Championship Division Two 2026,4,48,Surrey Men,45,Yorkshire Men,8761265,2026-09-04T13:09:16Z,4,215,False,,,,520,Ben Coad,13942,Adam Thomas,10486,Josh Blake,Right,Wicketkeeper,0,0,0,0,,BackOfALength,OutsideOff,,Missed,BackFoot,Cut,AwaySwinger,Over,Medium,Right,Null,NotReferred,Null,False,False,False,False,False,True,,False,False,False,False,False,False,0,0,0,0,0,False,False,,
1639359,36,2.64,0,0,0,95,5,0,76315,,39449,County Championship Division Two 2026,4,48,Surrey Men,45,Yorkshire Men,8761277,2026-09-04T13:09:51Z,5,216,False,,,,520,Ben Coad,13942,Adam Thomas,10486,Josh Blake,Right,Cover,0,0,0,0,,LengthBall,OutsideOff,,None,BackFoot,Drive,NoMovement,Over,Medium,Right,Null,NotReferred,Null,False,False,False,False,False,True,,False,False,False,False,False,False,0,0,0,0,0,False,False,205.0,59.0
1639359,36,2.64,0,0,0,95,5,0,76315,,39449,County Championship Division Two 2026,4,48,Surrey Men,45,Yorkshire Men,8761285,2026-09-04T13:10:25Z,6,217,False,,,,520,Ben Coad,13942,Adam Thomas,10486,Josh Blake,Right,Mid On,0,0,0,0,,LengthBall,OffStump,,None,FrontFoot,Flick,InSwinger,Over,Medium,Right,Null,NotReferred,Null,False,False,False,False,False,True,,False,False,False,False,False,False,0,0,0,0,0,False,False,293.0,64.0
1639367,37,2.57,0,0,0,95,5,0,76315,,39449,County Championship Division Two 2026,4,48,Surrey Men,45,Yorkshire Men,8761298,2026-09-04T13:11:20Z,1,1,False,,,,7012,Jack White,10486,Josh Blake,13942,Adam Thomas,Left,Cover,0,0,0,0,,LengthBall,OutsideOff,,None,FrontFoot,ForwardDefensive,NoMovement,Round,Medium,Right,Null,NotReferred,Null,False,False,False,False,False,True,,False,False,False,False,False,False,0,0,0,0,0,False,False,338.0,50.0
1639367,37,2.57,0,0,0,95,5,0,76315,,39449,County Championship Division Two 2026,4,48,Surrey Men,45,Yorkshire Men,8761303,2026-09-04T13:11:58Z,2,219,False,,,,7012,Jack White,10486,Josh Blake,13942,Adam Thomas,Left,Cover,0,0,0,0,,BackOfALength,OutsideOff,,None,DownTheTrack,BackwardDefensive,NoMovement,Round,Medium,Right,Null,NotReferred,Null,False,False,False,False,False,True,,False,False,False,False,False,False,0,0,0,0,0,False,False,345.0,52.0
1639367,37,2.57,0,0,0,95,5,0,76315,,39449,County Championship Division Two 2026,4,48,Surrey Men,45,Yorkshire Men,8761313,2026-09-04T13:12:38Z,3,220,False,,,,7012,Jack White,10486,Josh Blake,13942,Adam Thomas,Left,Backward Point,0,0,0,0,,LengthBall,OutsideOff,,None,FrontFoot,ForwardDefensive,NoMovement,Round,Medium,Right,Null,NotReferred,Null,False,False,False,False,False,True,,False,False,False,False,False,False,0,0,0,0,0,False,False,13.0,57.0
1639367,37,2.57,0,0,0,95,5,0,76315,,39449,County Championship Division Two 2026,4,48,Surrey Men,45,Yorkshire Men,8761321,2026-09-04T13:13:17Z,4,4,False,,,,7012,Jack White,10486,Josh Blake,13942,Adam Thomas,Left,Wicketkeeper,0,0,0,0,,LengthBall,OutsideOff,,Left,BackFoot,Leave,InSwinger,Round,Medium,Right,Null,NotReferred,Null,False,False,False,False,False,True,,False,False,False,False,False,False,0,0,0,0,0,False,False,,
1639367,37,2.57,0,0,0,95,5,0,76315,,39449,County Championship Division Two 2026,4,48,Surrey Men,45,Yorkshire Men,8761331,2026-09-04T13:14:01Z,5,222,False,,,,7012,Jack White,10486,Josh Blake,13942,Adam Thomas,Left,Wicketkeeper,0,0,0,0,,LengthBall,OutsideOff,,Missed,FrontFoot,ForwardDefensive,AwaySwinger,Round,Medium,Right,Null,NotReferred,Null,False,False,False,False,False,True,,False,False,False,False,False,False,0,0,0,0,0,False,False,,
1639367,37,2.57,0,0,0,95,5,0,76315,,39449,County Championship Division Two 2026,4,48,Surrey Men,45,Yorkshire Men,8761343,2026-09-04T13:14:45Z,6,6,False,,,,7012,Jack White,10486,Josh Blake,13942,Adam Thomas,Left,Wicketkeeper,0,0,0,0,,BackOfALength,OutsideOff,,Left,FrontFoot,Leave,SeamIn,Round,Medium,Right,Null,NotReferred,Null,False,False,False,False,False,True,,False,False,False,False,False,False,0,0,0,0,0,False,False,,
1639378,38,2.53,1,1,0,96,6,1,76315,,39449,County Championship Division Two 2026,4,48,Surrey Men,45,Yorkshire Men,8761356,2026-09-04T13:15:48Z,1,224,False,,,,3005,George Hill,13942,Adam Thomas,10486,Josh Blake,Right,Wicketkeeper,0,0,0,0,,LengthBall,OutsideOff,,Left,FrontFoot,Leave,AwaySwinger,Over,Medium,Right,Null,NotReferred,Null,False,False,False,False,False,True,,False,False,False,False,False,False,0,0,0,0,0,False,False,,
1639378,38,2.53,1,1,0,96,6,1,76315,,39449,County Championship Division Two 2026,4,48,Surrey Men,45,Yorkshire Men,8761365,2026-09-04T13:16:22Z,2,225,False,,,,3005,George Hill,13942,Adam Thomas,10486,Josh Blake,Right,Wicketkeeper,0,0,0,0,,LengthBall,OutsideOff,,Missed,FrontFoot,ForwardDefensive,AwaySwinger,Over,Medium,Right,Null,NotReferred,Null,False,False,False,False,False,True,,False,False,False,False,False,False,0,0,0,0,0,False,False,,
1639378,38,2.53,1,1,0,96,6,1,76315,,39449,County Championship Division Two 2026,4,48,Surrey Men,45,Yorkshire Men,8761378,2026-09-04T13:16:53Z,3,226,True,Caught,13942.0,Adam Thomas,3005,George Hill,13942,Adam Thomas,10486,Josh Blake,Right,Bowler,0,0,0,0,Caught,HalfVolley,OutsideOff,Caught,LeadingEdge,FrontFoot,Flick,InSwinger,Over,Medium,Right,Null,NotReferred,Null,False,False,False,False,False,True,1906.0,False,False,False,False,False,False,0,0,0,0,0,False,True,,
1639378,38,2.53,1,1,0,96,6,1,76315,,39449,County Championship Division Two 2026,4,48,Surrey Men,45,Yorkshire Men,8761401,2026-09-04T13:19:01Z,4,227,False,,,,3005,George Hill,10322,Tom Lawes,10486,Josh Blake,Right,Square Leg,0,1,1,0,,LengthBall,OffStump,,HitPad,FrontFoot,Flick,InSwinger,Over,Medium,Right,Null,NotReferred,Null,False,False,False,True,False,True,,False,False,False,False,False,False,1,0,0,1,0,False,False,352.0,51.0
1639378,38,2.53,1,1,0,96,6,1,76315,,39449,County Championship Division Two 2026,4,48,Surrey Men,45,Yorkshire Men,8761410,2026-09-04T13:19:37Z,5,228,False,,,,3005,George Hill,10486,Josh Blake,10322,Tom Lawes,Left,Square Leg,0,0,0,0,,LengthBall,OutsideOff,,None,FrontFoot,ForwardDefensive,NoMovement,Round,Medium,Right,Null,NotReferred,Null,False,False,False,False,False,True,,False,False,False,False,False,False,0,0,0,0,0,False,False,198.0,51.0
1639378,38,2.53,1,1,0,96,6,1,76315,,39449,County Championship Division Two 2026,4,48,Surrey Men,45,Yorkshire Men,8761419,2026-09-04T13:20:12Z,6,229,False,,,,3005,George Hill,10486,Josh Blake,10322,Tom Lawes,Left,Mid On,0,0,0,0,,BackOfALength,OutsideOff,,Spliced,BackFoot,BackwardDefensive,InSwinger,Round,Medium,Right,Null,NotReferred,Null,False,False,False,False,False,True,,False,False,False,False,False,False,0,0,0,0,0,False,False,250.0,55.0
1639391,39,2.49,1,0,0,97,6,1,76315,,39449,County Championship Division Two 2026,4,48,Surrey Men,45,Yorkshire Men,8761437,2026-09-04T13:21:14Z,1,230,False,,,,7012,Jack White,10322,Tom Lawes,10486,Josh Blake,Right,Fine Leg,1,0,1,1,,LengthBall,OutsideOff,,InsideEdge,FrontFoot,Drive,InSwinger,Over,Medium,Right,Null,NotReferred,Null,False,False,False,False,False,True,,False,False,False,False,False,False,1,0,0,0,0,False,False,74.0,133.0
1639391,39,2.49,1,0,0,97,6,1,76315,,39449,County Championship Division Two 2026,4,48,Surrey Men,45,Yorkshire Men,8761448,2026-09-04T13:21:58Z,2,231,False,,,,7012,Jack White,10486,Josh Blake,10322,Tom Lawes,Left,Wicketkeeper,0,0,0,0,,LengthBall,OutsideOff,,Missed,FrontFoot,ForwardDefensive,AwaySwinger,Round,Medium,Right,Null,NotReferred,Null,False,False,False,False,False,True,,False,False,False,False,False,False,0,0,0,0,0,False,False,,
1639391,39,2.49,1,0,0,97,6,1,76315,,39449,County Championship Division Two 2026,4,48,Surrey Men,45,Yorkshire Men,8761456,2026-09-04T13:22:34Z,3,232,False,,,,7012,Jack White,10486,Josh Blake,10322,Tom Lawes,Left,Wicketkeeper,0,0,0,0,,LengthBall,OutsideOff,,Missed,FrontFoot,ForwardDefensive,AwaySwinger,Round,Medium,Right,Null,NotReferred,Null,False,False,False,False,False,True,,False,False,False,False,False,False,0,0,0,0,0,False,False,,
1639391,39,2.49,1,0,0,97,6,1,76315,,39449,County Championship Division Two 2026,4,48,Surrey Men,45,Yorkshire Men,8761467,2026-09-04T13:23:17Z,4,233,False,,,,7012,Jack White,10486,Josh Blake,10322,Tom Lawes,Left,Cover,0,0,0,0,,LengthBall,OutsideOff,,None,DownTheTrack,ForwardDefensive,NoMovement,Round,Medium,Right,Null,NotReferred,Null,False,False,False,False,False,True,,False,False,False,False,False,False,0,0,0,0,0,False,False,356.0,48.0
1639391,39,2.49,1,0,0,97,6,1,76315,,39449,County Championship Division Two 2026,4,48,Surrey Men,45,Yorkshire Men,8761476,2026-09-04T13:23:56Z,5,234,False,,,,7012,Jack White,10486,Josh Blake,10322,Tom Lawes,Left,Bowler,0,0,0,0,,LengthBall,OutsideOff,,None,FrontFoot,ForwardDefensive,InSwinger,Round,Medium,Right,Null,NotReferred,Null,False,False,False,False,False,True,,False,False,False,False,False,False,0,0,0,0,0,False,False,,
1639391,39,2.49,1,0,0,97,6,1,76315,,39449,County Championship Division Two 2026,4,48,Surrey Men,45,Yorkshire Men,8761486,2026-09-04T13:24:33Z,6,235,False,,,,7012,Jack White,10486,Josh Blake,10322,Tom Lawes,Left,Wicketkeeper,0,0,0,0,,LengthBall,OutsideOff,,Left,DownTheTrack,Leave,NoMovement,Round,Medium,Right,Null,NotReferred,Null,False,False,False,False,False,True,,False,False,False,False,False,False,0,0,0,0,0,False,False,,
1639402,40,2.55,5,0,0,102,6,5,76315,,39449,County Championship Division Two 2026,4,48,Surrey Men,45,Yorkshire Men,8761506,2026-09-04T13:25:23Z,1,236,False,,,,3005,George Hill,10322,Tom Lawes,10486,Josh Blake,Right,Fine Leg,2,0,2,2,,LengthBall,OffStump,,InsideEdge,BackFoot,Glance,InSwinger,Over,Medium,Right,Null,NotReferred,Null,False,False,False,False,False,True,,False,False,False,False,False,False,2,0,0,0,0,False,False,41.0,136.0
1639402,40,2.55,5,0,0,102,6,5,76315,,39449,County Championship Division Two 2026,4,48,Surrey Men,45,Yorkshire Men,8761514,2026-09-04T13:26:05Z,2,237,False,,,,3005,George Hill,10322,Tom Lawes,10486,Josh Blake,Right,Wicketkeeper,0,0,0,0,,LengthBall,OutsideOff,,Missed,FrontFoot,ForwardDefensive,AwaySwinger,Over,Medium,Right,Null,NotReferred,Null,False,False,False,False,False,True,,False,False,False,False,False,False,0,0,0,0,0,False,False,,
1639402,40,2.55,5,0,0,102,6,5,76315,,39449,County Championship Division Two 2026,4,48,Surrey Men,45,Yorkshire Men,8761524,2026-09-04T13:26:42Z,3,238,False,,,,3005,George Hill,10322,Tom Lawes,10486,Josh Blake,Right,Bowler,0,0,0,0,,LengthBall,OutsideOff,,None,FrontFoot,ForwardDefensive,NoMovement,Over,Medium,Right,Null,NotReferred,Null,False,False,False,False,False,True,,False,False,False,False,False,False,0,0,0,0,0,False,False,,
1639402,40,2.55,5,0,0,102,6,5,76315,,39449,County Championship Division Two 2026,4,48,Surrey Men,45,Yorkshire Men,8761529,2026-09-04T13:27:11Z,4,239,False,,,,3005,George Hill,10322,Tom Lawes,10486,Josh Blake,Right,Square Leg,0,0,0,0,,BackOfALength,OutsideOff,,None,BackFoot,BackwardDefensive,NoMovement,Over,Medium,Right,Null,NotReferred,Null,False,False,False,False,False,True,,False,False,False,False,False,False,0,0,0,0,0,False,False,342.0,47.0
1639402,40,2.55,5,0,0,102,6,5,76315,,39449,County Championship Division Two 2026,4,48,Surrey Men,45,Yorkshire Men,8761547,2026-09-04T13:27:44Z,5,240,False,,,,3005,George Hill,10322,Tom Lawes,10486,Josh Blake,Right,Deep Extra Cover,3,0,3,3,,LengthBall,OutsideOff,,WellTimed,FrontFoot,Drive,AwaySwinger,Over,Medium,Right,Null,NotReferred,Null,False,False,False,False,False,True,,False,False,False,False,False,False,3,0,0,0,0,False,True,221.0,170.0
1639402,40,2.55,5,0,0,102,6,5,76315,,39449,County Championship Division Two 2026,4,48,Surrey Men,45,Yorkshire Men,8761556,2026-09-04T13:28:29Z,6,241,False,,,,3005,George Hill,10486,Josh Blake,10322,Tom Lawes,Left,Wicketkeeper,0,0,0,0,,BackOfALength,OutsideOff,,Missed,FrontFoot,ForwardDefensive,AwaySwinger,Round,Medium,Right,Null,NotReferred,Null,False,False,False,False,False,True,,False,False,False,False,False,False,0,0,0,0,0,False,False,,
1639412,41,2.49,0,0,0,102,6,0,76315,,39449,County Championship Division Two 2026,4,48,Surrey Men,45,Yorkshire Men,8761572,2026-09-04T13:29:28Z,1,242,False,,,,7012,Jack White,10322,Tom Lawes,10486,Josh Blake,Right,Mid Wicket,0,0,0,0,,LengthBall,OutsideOff,,MisTimed,FrontFoot,Drive,NoMovement,Over,Medium,Right,Null,NotReferred,Null,False,False,False,False,False,True,,False,False,False,False,False,False,0,0,0,0,0,False,False,311.0,60.0
1639412,41,2.49,0,0,0,102,6,0,76315,,39449,County Championship Division Two 2026,4,48,Surrey Men,45,Yorkshire Men,8761581,2026-09-04T13:30:05Z,2,243,False,,,,7012,Jack White,10322,Tom Lawes,10486,Josh Blake,Right,Cover,0,0,0,0,,BackOfALength,OutsideOff,,WellTimed,BackFoot,Cut,NoMovement,Over,Medium,Right,Null,NotReferred,Null,False,False,False,False,False,True,,False,False,False,False,False,False,0,0,0,0,0,False,False,189.0,56.0
1639412,41,2.49,0,0,0,102,6,0,76315,,39449,County Championship Division Two 2026,4,48,Surrey Men,45,Yorkshire Men,8761592,2026-09-04T13:30:42Z,3,244,False,,,,7012,Jack White,10322,Tom Lawes,10486,Josh Blake,Right,Wicketkeeper,0,0,0,0,,LengthBall,OffStump,,Missed,FrontFoot,ForwardDefensive,AwaySwinger,Over,Medium,Right,Null,NotReferred,Null,False,False,False,False,False,True,,False,False,False,False,False,False,0,0,0,0,0,False,False,,
1639412,41,2.49,0,0,0,102,6,0,76315,,39449,County Championship Division Two 2026,4,48,Surrey Men,45,Yorkshire Men,8761603,2026-09-04T13:31:23Z,4,245,False,,,,7012,Jack White,10322,Tom Lawes,10486,Josh Blake,Right,Cover,0,0,0,0,,LengthBall,OffStump,,HitBody,FrontFoot,ForwardDefensive,InSwinger,Over,Medium,Right,Null,NotReferred,Null,False,False,False,False,False,True,,False,False,False,False,False,False,0,0,0,0,0,False,False,188.0,40.0
1639412,41,2.49,0,0,0,102,6,0,76315,,39449,County Championship Division Two 2026,4,48,Surrey Men,45,Yorkshire Men,8761616,2026-09-04T13:31:58Z,5,246,False,,,,7012,Jack White,10322,Tom Lawes,10486,Josh Blake,Right,First Slip,0,0,0,0,,LengthBall,OutsideOff,Lbw,HitPad,FrontFoot,ForwardDefensive,InSwinger,Over,Medium,Right,Null,NotReferred,Null,False,False,False,False,False,True,1823.0,False,False,False,False,False,False,0,0,0,0,0,False,False,111.0,35.0
1639412,41,2.49,0,0,0,102,6,0,76315,,39449,County Championship Division Two 2026,4,48,Surrey Men,45,Yorkshire Men,8761626,2026-09-04T13:32:46Z,6,247,False,,,,7012,Jack White,10322,Tom Lawes,10486,Josh Blake,Right,Mid Off,0,0,0,0,,LengthBall,OutsideOff,,None,FrontFoot,ForwardDefensive,NoMovement,Over,Medium,Right,Null,NotReferred,Null,False,False,False,False,False,True,,False,False,False,False,False,False,0,0,0,0,0,False,False,244.0,58.0
1639423,42,2.48,2,0,0,104,6,2,76315,,39449,County Championship Division Two 2026,4,48,Surrey Men,45,Yorkshire Men,8761638,2026-09-04T13:33:43Z,1,248,False,,,,3005,George Hill,10486,Josh Blake,10322,Tom Lawes,Left,Wicketkeeper,0,0,0,0,,LengthBall,OutsideOff,,Missed,FrontFoot,ForwardDefensive,AwaySwinger,Round,Medium,Right,Null,NotReferred,Null,False,False,False,False,False,True,,False,False,False,False,False,False,0,0,0,0,0,False,False,,
1639423,42,2.48,2,0,0,104,6,2,76315,,39449,County Championship Division Two 2026,4,48,Surrey Men,45,Yorkshire Men,8761644,2026-09-04T13:34:14Z,2,249,False,,,,3005,George Hill,10486,Josh Blake,10322,Tom Lawes,Left,Wicketkeeper,0,0,0,0,,LengthBall,OutsideOff,,Left,FrontFoot,Leave,NoMovement,Round,Medium,Right,Null,NotReferred,Null,False,False,False,False,False,True,,False,False,False,False,False,False,0,0,0,0,0,False,False,,
1639423,42,2.48,2,0,0,104,6,2,76315,,39449,County Championship Division Two 2026,4,48,Surrey Men,45,Yorkshire Men,8761658,2026-09-04T13:34:47Z,3,250,False,,,,3005,George Hill,10486,Josh Blake,10322,Tom Lawes,Left,Third Man,2,0,2,2,,LengthBall,OutsideOff,,OutsideEdge,FrontFoot,ForwardDefensive,AwaySwinger,Round,Medium,Right,Null,NotReferred,Null,False,False,False,False,False,True,,False,False,False,False,False,False,2,0,0,0,0,False,False,70.0,125.0
1639423,42,2.48,2,0,0,104,6,2,76315,,39449,County Championship Division Two 2026,4,48,Surrey Men,45,Yorkshire Men,8761665,2026-09-04T13:35:37Z,4,251,False,,,,3005,George Hill,10486,Josh Blake,10322,Tom Lawes,Left,Wicketkeeper,0,0,0,0,,LengthBall,OutsideOff,,Missed,FrontFoot,ForwardDefensive,AwaySwinger,Round,Medium,Right,Null,NotReferred,Null,False,False,False,False,False,True,,False,False,False,False,False,False,0,0,0,0,0,False,False,,
1639423,42,2.48,2,0,0,104,6,2,76315,,39449,County Championship Division Two 2026,4,48,Surrey Men,45,Yorkshire Men,8761680,2026-09-04T13:36:15Z,5,252,False,,,,3005,George Hill,10486,Josh Blake,10322,Tom Lawes,Left,Wicketkeeper,0,0,0,0,,LengthBall,OutsideOff,,Left,FrontFoot,Leave,InSwinger,Round,Medium,Right,Null,NotReferred,Null,False,False,False,False,False,True,,False,False,False,False,False,False,0,0,0,0,0,False,False,,
1639423,42,2.48,2,0,0,104,6,2,76315,,39449,County Championship Division Two 2026,4,48,Surrey Men,45,Yorkshire Men,8761686,2026-09-04T13:36:51Z,6,253,False,,,,3005,George Hill,10486,Josh Blake,10322,Tom Lawes,Left,Bowler,0,0,0,0,,BackOfALength,OutsideOff,,None,BackFoot,BackwardDefensive,NoMovement,Round,Medium,Right,Null,NotReferred,Null,False,False,False,False,False,True,,False,False,False,False,False,False,0,0,0,0,0,False,False,,
1639433,43,2.47,2,0,0,106,6,2,76315,,39449,County Championship Division Two 2026,4,48,Surrey Men,45,Yorkshire Men,8761701,2026-09-04T13:38:01Z,1,254,False,,,,7012,Jack White,10322,Tom Lawes,10486,Josh Blake,Right,Mid Off,0,0,0,0,,LengthBall,OutsideOff,,None,FrontFoot,ForwardDefensive,NoMovement,Over,Medium,Right,Null,NotReferred,Null,False,False,False,False,False,True,,False,False,False,False,False,False,0,0,0,0,0,False,False,248.0,64.0
1639433,43,2.47,2,0,0,106,6,2,76315,,39449,County Championship Division Two 2026,4,48,Surrey Men,45,Yorkshire Men,8761707,2026-09-04T13:38:40Z,2,255,False,,,,7012,Jack White,10322,Tom Lawes,10486,Josh Blake,Right,Cover,0,0,0,0,,LengthBall,OutsideOff,,None,FrontFoot,ForwardDefensive,NoMovement,Over,Medium,Right,Null,NotReferred,Null,False,False,False,False,False,True,,False,False,False,False,False,False,0,0,0,0,0,False,False,192.0,48.0
1639433,43,2.47,2,0,0,106,6,2,76315,,39449,County Championship Division Two 2026,4,48,Surrey Men,45,Yorkshire Men,8761713,2026-09-04T13:39:19Z,3,256,False,,,,7012,Jack White,10322,Tom Lawes,10486,Josh Blake,Right,Mid Off,0,0,0,0,,LengthBall,OutsideOff,,None,FrontFoot,ForwardDefensive,InSwinger,Over,Medium,Right,Null,NotReferred,Null,False,False,False,False,False,True,,False,False,False,False,False,False,0,0,0,0,0,False,False,246.0,57.0
1639433,43,2.47,2,0,0,106,6,2,76315,,39449,County Championship Division Two 2026,4,48,Surrey Men,45,Yorkshire Men,8761721,2026-09-04T13:39:56Z,4,257,False,,,,7012,Jack White,10322,Tom Lawes,10486,Josh Blake,Right,Wicketkeeper,0,0,0,0,,HalfVolley,OutsideOff,,Missed,FrontFoot,Drive,AwaySwinger,Over,Medium,Right,Null,NotReferred,Null,False,False,False,False,False,True,,False,False,False,False,False,False,0,0,0,0,0,False,False,,
1639433,43,2.47,2,0,0,106,6,2,76315,,39449,County Championship Division Two 2026,4,48,Surrey Men,45,Yorkshire Men,8761732,2026-09-04T13:40:37Z,5,258,False,,,,7012,Jack White,10322,Tom Lawes,10486,Josh Blake,Right,Wicketkeeper,0,0,0,0,,LengthBall,OffStump,,Missed,FrontFoot,ForwardDefensive,AwaySwinger,Over,Medium,Right,Null,NotReferred,Null,False,False,False,False,False,True,,False,False,False,False,False,False,0,0,0,0,0,False,False,,
1639433,43,2.47,2,0,0,106,6,2,76315,,39449,County Championship Division Two 2026,4,48,Surrey Men,45,Yorkshire Men,8761743,2026-09-04T13:41:18Z,6,259,False,,,,7012,Jack White,10322,Tom Lawes,10486,Josh Blake,Right,Deep Square Leg,2,0,2,2,,LengthBall,OffStump,,WellTimed,FrontFoot,Flick,NoMovement,Over,Medium,Right,Null,NotReferred,Null,False,False,False,False,False,True,,False,False,False,False,False,False,2,0,0,0,0,False,False,353.0,136.0
1639442,44,2.41,0,0,0,106,6,0,76315,,39449,County Championship Division Two 2026,4,48,Surrey Men,45,Yorkshire Men,8761751,2026-09-04T13:42:20Z,1,260,False,,,,3005,George Hill,10486,Josh Blake,10322,Tom Lawes,Left,Wicketkeeper,0,0,0,0,,LengthBall,OutsideOff,,Left,FrontFoot,Leave,InSwinger,Round,Medium,Right,Null,NotReferred,Null,False,False,False,False,False,True,,False,False,False,False,False,False,0,0,0,0,0,False,False,,
1639442,44,2.41,0,0,0,106,6,0,76315,,39449,County Championship Division Two 2026,4,48,Surrey Men,45,Yorkshire Men,8761758,2026-09-04T13:42:57Z,2,261,False,,,,3005,George Hill,10486,Josh Blake,10322,Tom Lawes,Left,Wicketkeeper,0,0,0,0,,LengthBall,OutsideOff,,Missed,FrontFoot,ForwardDefensive,AwaySwinger,Round,Medium,Right,Null,NotReferred,Null,False,False,False,False,False,True,,False,False,False,False,False,False,0,0,0,0,0,False,False,,
1639442,44,2.41,0,0,0,106,6,0,76315,,39449,County Championship Division Two 2026,4,48,Surrey Men,45,Yorkshire Men,8761768,2026-09-04T13:43:33Z,3,262,False,,,,3005,George Hill,10486,Josh Blake,10322,Tom Lawes,Left,Backward Point,0,0,0,0,,LengthBall,OutsideOff,,None,FrontFoot,ForwardDefensive,InSwinger,Round,Medium,Right,Null,NotReferred,Null,False,False,False,False,False,True,,False,False,False,False,False,False,0,0,0,0,0,False,False,14.0,49.0
1639442,44,2.41,0,0,0,106,6,0,76315,,39449,County Championship Division Two 2026,4,48,Surrey Men,45,Yorkshire Men,8761771,2026-09-04T13:44:09Z,4,263,False,,,,3005,George Hill,10486,Josh Blake,10322,Tom Lawes,Left,Wicketkeeper,0,0,0,0,,LengthBall,OutsideOff,,Missed,DownTheTrack,ForwardDefensive,AwaySwinger,Round,Medium,Right,Null,NotReferred,Null,False,False,False,False,False,True,,False,False,False,False,False,False,0,0,0,0,0,False,False,,
1639442,44,2.41,0,0,0,106,6,0,76315,,39449,County Championship Division Two 2026,4,48,Surrey Men,45,Yorkshire Men,8761783,2026-09-04T13:44:47Z,5,264,False,,,,3005,George Hill,10486,Josh Blake,10322,Tom Lawes,Left,Mid On,0,0,0,0,,LengthBall,OutsideOff,,None,FrontFoot,ForwardDefensive,InSwinger,Round,Medium,Right,Null,NotReferred,Null,False,False,False,False,False,True,,False,False,False,False,False,False,0,0,0,0,0,False,False,254.0,59.0
1639442,44,2.41,0,0,0,106,6,0,76315,,39449,County Championship Division Two 2026,4,48,Surrey Men,45,Yorkshire Men,8761789,2026-09-04T13:45:21Z,6,265,False,,,,3005,George Hill,10486,Josh Blake,10322,Tom Lawes,Left,Cover,0,0,0,0,,LengthBall,OutsideOff,,None,FrontFoot,ForwardDefensive,InSwinger,Round,Medium,Right,Null,NotReferred,Null,False,False,False,False,False,True,,False,False,False,False,False,False,0,0,0,0,0,False,False,348.0,50.0
1639450,45,2.56,9,0,0,115,6,9,76315,,39449,County Championship Division Two 2026,4,48,Surrey Men,45,Yorkshire Men,8761802,2026-09-04T13:46:26Z,1,266,False,,,,7012,Jack White,10322,Tom Lawes,10486,Josh Blake,Right,,4,0,4,4,,LengthBall,OutsideOff,,ThickEdge,FrontFoot,Drive,AwaySwinger,Over,Medium,Right,Null,NotReferred,Null,False,False,False,False,False,True,,False,False,False,False,False,False,4,0,0,0,0,True,True,113.0,161.0
1639450,45,2.56,9,0,0,115,6,9,76315,,39449,County Championship Division Two 2026,4,48,Surrey Men,45,Yorkshire Men,8761813,2026-09-04T13:47:20Z,2,267,False,,,,7012,Jack White,10322,Tom Lawes,10486,Josh Blake,Right,Wicketkeeper,0,0,0,0,,LengthBall,OutsideOff,,Missed,FrontFoot,Drive,AwaySwinger,Over,Medium,Right,Null,NotReferred,Null,False,False,False,False,False,True,,False,False,False,False,False,False,0,0,0,0,0,False,False,,
1639450,45,2.56,9,0,0,115,6,9,76315,,39449,County Championship Division Two 2026,4,48,Surrey Men,45,Yorkshire Men,8761823,2026-09-04T13:47:57Z,3,268,False,,,,7012,Jack White,10322,Tom Lawes,10486,Josh Blake,Right,,4,0,4,4,,LengthBall,OutsideOff,,WellTimed,FrontFoot,Drive,NoMovement,Over,Medium,Right,Null,NotReferred,Null,False,False,False,False,True,True,,False,False,False,False,False,False,4,0,0,0,0,True,False,274.0,180.0
1639450,45,2.56,9,0,0,115,6,9,76315,,39449,County Championship Division Two 2026,4,48,Surrey Men,45,Yorkshire Men,8761836,2026-09-04T13:48:42Z,4,269,False,,,,7012,Jack White,10322,Tom Lawes,10486,Josh Blake,Right,Mid On,0,0,0,0,,HalfVolley,OutsideOff,,MisTimed,FrontFoot,Drive,AwaySwinger,Over,Medium,Right,Null,NotReferred,Null,False,False,False,False,False,True,,False,False,False,False,False,False,0,0,0,0,0,False,True,275.0,68.0
1639450,45,2.56,9,0,0,115,6,9,76315,,39449,County Championship Division Two 2026,4,48,Surrey Men,45,Yorkshire Men,8761843,2026-09-04T13:49:21Z,5,270,False,,,,7012,Jack White,10322,Tom Lawes,10486,Josh Blake,Right,Bowler,0,0,0,0,,LengthBall,OutsideOff,,Spliced,FrontFoot,ForwardDefensive,InSwinger,Over,Medium,Right,Null,NotReferred,Null,False,False,False,False,False,True,,False,False,False,False,False,False,0,0,0,0,0,False,False,,
1639450,45,2.56,9,0,0,115,6,9,76315,,39449,County Championship Division Two 2026,4,48,Surrey Men,45,Yorkshire Men,8761851,2026-09-04T13:50:01Z,6,271,False,,,,7012,Jack White,10322,Tom Lawes,10486,Josh Blake,Right,Extra Cover,1,0,1,1,,LengthBall,OutsideOff,,None,FrontFoot,Drive,NoMovement,Over,Medium,Right,Null,NotReferred,Null,False,False,False,False,False,True,,False,False,False,False,False,False,1,0,0,0,0,False,False,239.0,88.0
1639462,46,2.52,1,1,0,116,7,1,76315,,39449,County Championship Division Two 2026,4,48,Surrey Men,45,Yorkshire Men,8761866,2026-09-04T13:50:58Z,1,272,False,,,,3005,George Hill,10322,Tom Lawes,10486,Josh Blake,Right,Bowler,0,0,0,0,,HalfVolley,OutsideOff,,WellTimed,FrontFoot,Drive,NoMovement,Over,Medium,Right,Null,NotReferred,Null,False,False,False,False,False,True,,False,False,False,False,False,False,0,0,0,0,0,False,False,,
1639462,46,2.52,1,1,0,116,7,1,76315,,39449,County Championship Division Two 2026,4,48,Surrey Men,45,Yorkshire Men,8761879,2026-09-04T13:51:38Z,2,273,True,Caught,10322.0,Tom Lawes,3005,George Hill,10322,Tom Lawes,10486,Josh Blake,Right,Third Slip,0,0,0,0,Caught,LengthBall,OutsideOff,Caught,OutsideEdge,FrontFoot,Drive,AwaySwinger,Over,Medium,Right,Null,NotReferred,Null,False,False,False,False,False,True,1906.0,False,False,False,False,False,False,0,0,0,0,0,False,True,114.0,33.0
1639462,46,2.52,1,1,0,116,7,1,76315,,39449,County Championship Division Two 2026,4,48,Surrey Men,45,Yorkshire Men,8761903,2026-09-04T13:53:51Z,3,274,False,,,,3005,George Hill,168,Matt Fisher,10486,Josh Blake,Right,Mid Off,0,0,0,0,,LengthBall,OutsideOff,,None,FrontFoot,Drive,NoMovement,Over,Medium,Right,Null,NotReferred,Null,False,False,False,False,False,True,,False,False,False,False,False,False,0,0,0,0,0,False,False,259.0,64.0
1639462,46,2.52,1,1,0,116,7,1,76315,,39449,County Championship Division Two 2026,4,48,Surrey Men,45,Yorkshire Men,8761911,2026-09-04T13:54:21Z,4,275,False,,,,3005,George Hill,168,Matt Fisher,10486,Josh Blake,Right,Cover,0,0,0,0,,LengthBall,OutsideOff,,None,FrontFoot,Drive,NoMovement,Over,Medium,Right,Null,NotReferred,Null,False,False,False,False,False,True,,False,False,False,False,False,False,0,0,0,0,0,False,False,201.0,55.0
1639462,46,2.52,1,1,0,116,7,1,76315,,39449,County Championship Division Two 2026,4,48,Surrey Men,45,Yorkshire Men,8761920,2026-09-04T13:54:53Z,5,276,False,,,,3005,George Hill,168,Matt Fisher,10486,Josh Blake,Right,Mid Off,1,0,1,1,,HalfVolley,OutsideOff,,MisTimed,FrontFoot,Drive,NoMovement,Over,Medium,Right,Null,NotReferred,Null,False,False,False,False,False,True,,False,False,False,False,False,False,1,0,0,0,0,False,False,242.0,84.0
1639462,46,2.52,1,1,0,116,7,1,76315,,39449,County Championship Division Two 2026,4,48,Surrey Men,45,Yorkshire Men,8761926,2026-09-04T13:55:31Z,6,277,False,,,,3005,George Hill,10486,Josh Blake,168,Matt Fisher,Left,Wicketkeeper,0,0,0,0,,LengthBall,OutsideOff,,Left,FrontFoot,Leave,AwaySwinger,Round,Medium,Right,Null,NotReferred,Null,False,False,False,False,False,True,,False,False,False,False,False,False,0,0,0,0,0,False,False,,
1639475,47,2.47,0,0,0,116,7,0,76315,,39449,County Championship Division Two 2026,4,48,Surrey Men,45,Yorkshire Men,8761946,2026-09-04T13:56:40Z,1,278,False,,,,7012,Jack White,168,Matt Fisher,10486,Josh Blake,Right,Mid Off,0,0,0,0,,LengthBall,OutsideOff,,MisTimed,FrontFoot,Drive,AwaySwinger,Over,Medium,Right,Null,NotReferred,Null,False,False,False,False,False,True,,False,False,False,False,False,False,0,0,0,0,0,False,True,243.0,62.0
1639475,47,2.47,0,0,0,116,7,0,76315,,39449,County Championship Division Two 2026,4,48,Surrey Men,45,Yorkshire Men,8761954,2026-09-04T13:57:22Z,2,279,False,,,,7012,Jack White,168,Matt Fisher,10486,Josh Blake,Right,Bowler,0,0,0,0,,LengthBall,OutsideOff,,None,FrontFoot,ForwardDefensive,NoMovement,Over,Medium,Right,Null,NotReferred,Null,False,False,False,False,False,True,,False,False,False,False,False,False,0,0,0,0,0,False,False,,
1639475,47,2.47,0,0,0,116,7,0,76315,,39449,County Championship Division Two 2026,4,48,Surrey Men,45,Yorkshire Men,8761963,2026-09-04T13:58:00Z,3,280,False,,,,7012,Jack White,168,Matt Fisher,10486,Josh Blake,Right,Mid On,0,0,0,0,,HalfVolley,OffStump,,WellTimed,FrontFoot,Drive,AwaySwinger,Over,Medium,Right,Null,NotReferred,Null,False,False,False,False,False,True,,False,False,False,False,False,False,0,0,0,0,0,False,False,286.0,59.0
1639475,47,2.47,0,0,0,116,7,0,76315,,39449,County Championship Division Two 2026,4,48,Surrey Men,45,Yorkshire Men,8761971,2026-09-04T13:58:35Z,4,281,False,,,,7012,Jack White,168,Matt Fisher,10486,Josh Blake,Right,Wicketkeeper,0,0,0,0,,LengthBall,OutsideOff,,Missed,FrontFoot,Drive,AwaySwinger,Over,Medium,Right,Null,NotReferred,Null,False,False,False,False,False,True,,False,False,False,False,False,False,0,0,0,0,0,False,False,,
1639475,47,2.47,0,0,0,116,7,0,76315,,39449,County Championship Division Two 2026,4,48,Surrey Men,45,Yorkshire Men,8761985,2026-09-04T13:59:17Z,5,282,False,,,,7012,Jack White,168,Matt Fisher,10486,Josh Blake,Right,Cover,0,0,0,0,,LengthBall,OutsideOff,,None,FrontFoot,ForwardDefensive,NoMovement,Over,Medium,Right,Null,NotReferred,Null,False,False,False,False,False,True,,False,False,False,False,False,False,0,0,0,0,0,False,False,205.0,52.0
1639475,47,2.47,0,0,0,116,7,0,76315,,39449,County Championship Division Two 2026,4,48,Surrey Men,45,Yorkshire Men,8761995,2026-09-04T14:00:03Z,6,283,False,,,,7012,Jack White,168,Matt Fisher,10486,Josh Blake,Right,Gully,0,0,0,0,,LengthBall,OutsideOff,Lbw,HitPad,FrontFoot,ForwardDefensive,InSwinger,Over,Medium,Right,Null,NotReferred,Null,False,False,False,False,False,True,1823.0,False,False,False,False,False,False,0,0,0,0,0,False,False,126.0,33.0
1639486,48,2.46,2,0,0,118,7,2,76315,,39449,County Championship Division Two 2026,4,48,Surrey Men,45,Yorkshire Men,8762005,2026-09-04T14:01:02Z,1,284,False,,,,3005,George Hill,10486,Josh Blake,168,Matt Fisher,Left,Mid Off,1,0,1,1,,LengthBall,OutsideOff,,None,DownTheTrack,Drive,NoMovement,Round,Medium,Right,Null,NotReferred,Null,False,False,False,False,False,True,,False,False,False,False,False,False,1,0,0,0,0,False,False,289.0,62.0
1639486,48,2.46,2,0,0,118,7,2,76315,,39449,County Championship Division Two 2026,4,48,Surrey Men,45,Yorkshire Men,8762021,2026-09-04T14:01:49Z,2,285,False,,,,3005,George Hill,168,Matt Fisher,10486,Josh Blake,Right,Backward Point,0,0,0,0,,Short,OutsideOff,,HitHelmet,NoMovement,Leave,NoMovement,Over,Medium,Right,Null,NotReferred,Null,False,False,False,False,False,True,,False,False,False,False,False,False,0,0,0,0,0,False,False,168.0,66.0
1639486,48,2.46,2,0,0,118,7,2,76315,,39449,County Championship Division Two 2026,4,48,Surrey Men,45,Yorkshire Men,8762064,2026-09-04T14:04:46Z,3,286,False,,,,3005,George Hill,168,Matt Fisher,10486,Josh Blake,Right,Wicketkeeper,0,0,0,0,,LengthBall,OutsideOff,,Missed,FrontFoot,ForwardDefensive,AwaySwinger,Over,Medium,Right,Null,NotReferred,Null,False,False,False,False,False,True,,False,False,False,False,False,False,0,0,0,0,0,False,False,,
1639486,48,2.46,2,0,0,118,7,2,76315,,39449,County Championship Division Two 2026,4,48,Surrey Men,45,Yorkshire Men,8762072,2026-09-04T14:05:19Z,4,287,False,,,,3005,George Hill,168,Matt Fisher,10486,Josh Blake,Right,Mid On,0,0,0,0,,LengthBall,OutsideOff,,InsideEdge,FrontFoot,Drive,InSwinger,Over,Medium,Right,Null,NotReferred,Null,False,False,False,False,False,True,,False,False,False,False,False,False,0,0,0,0,0,False,False,278.0,63.0
1639486,48,2.46,2,0,0,118,7,2,76315,,39449,County Championship Division Two 2026,4,48,Surrey Men,45,Yorkshire Men,8762083,2026-09-04T14:05:54Z,5,288,False,,,,3005,George Hill,168,Matt Fisher,10486,Josh Blake,Right,Backward Point,1,0,1,1,,LengthBall,OutsideOff,,None,FrontFoot,ForwardDefensive,NoMovement,Over,Medium,Right,Null,NotReferred,Null,False,False,False,False,False,True,,False,False,False,False,False,False,1,0,0,0,0,False,False,178.0,57.0
1639486,48,2.46,2,0,0,118,7,2,76315,,39449,County Championship Division Two 2026,4,48,Surrey Men,45,Yorkshire Men,8762094,2026-09-04T14:06:44Z,6,289,False,,,,3005,George Hill,10486,Josh Blake,168,Matt Fisher,Left,Wicketkeeper,0,0,0,0,,BackOfALength,OutsideOff,,Left,FrontFoot,Leave,InSwinger,Round,Medium,Right,Null,NotReferred,Null,False,False,False,False,False,True,,False,False,False,False,False,False,0,0,0,0,0,False,False,,
1639504,49,2.51,5,0,0,123,7,5,76315,,39449,County Championship Division Two 2026,4,48,Surrey Men,45,Yorkshire Men,8762113,2026-09-04T14:08:04Z,1,290,False,,,,520,Ben Coad,168,Matt Fisher,10486,Josh Blake,Right,Wicketkeeper,0,0,0,0,,LengthBall,OutsideOff,Lbw,HitPad,FrontFoot,ForwardDefensive,InSwinger,Over,Medium,Right,Null,NotReferred,Null,False,False,False,False,False,True,1823.0,False,False,False,False,False,False,0,0,0,0,0,False,False,,
1639504,49,2.51,5,0,0,123,7,5,76315,,39449,County Championship Division Two 2026,4,48,Surrey Men,45,Yorkshire Men,8762118,2026-09-04T14:08:39Z,2,291,False,,,,520,Ben Coad,168,Matt Fisher,10486,Josh Blake,Right,,4,0,4,4,,LengthBall,OutsideOff,,WellTimed,BackFoot,Cut,AwaySwinger,Over,Medium,Right,Null,NotReferred,Null,False,False,False,False,False,True,,False,False,False,False,False,False,4,0,0,0,0,True,False,160.0,167.0
1639504,49,2.51,5,0,0,123,7,5,76315,,39449,County Championship Division Two 2026,4,48,Surrey Men,45,Yorkshire Men,8762132,2026-09-04T14:09:25Z,3,292,False,,,,520,Ben Coad,168,Matt Fisher,10486,Josh Blake,Right,Wicketkeeper,0,0,0,0,,LengthBall,MiddleStump,,Missed,FrontFoot,ForwardDefensive,AwaySwinger,Over,Medium,Right,Null,NotReferred,Null,False,False,False,False,False,True,,False,False,False,False,False,False,0,0,0,0,0,False,False,,
1639504,49,2.51,5,0,0,123,7,5,76315,,39449,County Championship Division Two 2026,4,48,Surrey Men,45,Yorkshire Men,8762140,2026-09-04T14:10:04Z,4,293,False,,,,520,Ben Coad,168,Matt Fisher,10486,Josh Blake,Right,Mid On,0,0,0,0,,LengthBall,OffStump,,None,FrontFoot,ForwardDefensive,NoMovement,Over,Medium,Right,Null,NotReferred,Null,False,False,False,False,False,True,,False,False,False,False,False,False,0,0,0,0,0,False,False,279.0,68.0
1639504,49,2.51,5,0,0,123,7,5,76315,,39449,County Championship Division Two 2026,4,48,Surrey Men,45,Yorkshire Men,8762147,2026-09-04T14:10:35Z,5,294,False,,,,520,Ben Coad,168,Matt Fisher,10486,Josh Blake,Right,Wicketkeeper,0,0,0,0,,LengthBall,OutsideOff,,Left,FrontFoot,Leave,AwaySwinger,Over,Medium,Right,Null,NotReferred,Null,False,False,False,False,False,True,,False,False,False,False,False,False,0,0,0,0,0,False,False,,
1639504,49,2.51,5,0,0,123,7,5,76315,,39449,County Championship Division Two 2026,4,48,Surrey Men,45,Yorkshire Men,8762159,2026-09-04T14:11:12Z,6,295,False,,,,520,Ben Coad,168,Matt Fisher,10486,Josh Blake,Right,Deep Backward Square Leg,1,0,1,1,,LengthBall,OutsideOff,,InsideEdge,FrontFoot,ForwardDefensive,InSwinger,Over,Medium,Right,Null,NotReferred,Null,False,False,False,False,False,True,,False,False,False,False,False,False,1,0,0,0,0,False,False,14.0,111.0
1639515,50,2.66,10,0,0,133,7,10,76315,,39449,County Championship Division Two 2026,4,48,Surrey Men,45,Yorkshire Men,8762177,2026-09-04T14:12:21Z,1,296,False,,,,3005,George Hill,168,Matt Fisher,10486,Josh Blake,Right,Long Off,2,0,2,2,,LengthBall,OutsideOff,,MisTimed,FrontFoot,Drive,NoMovement,Over,Medium,Right,Null,NotReferred,Null,False,False,False,False,False,True,,False,False,False,False,False,False,2,0,0,0,0,False,True,251.0,140.0
1639515,50,2.66,10,0,0,133,7,10,76315,,39449,County Championship Division Two 2026,4,48,Surrey Men,45,Yorkshire Men,8762188,2026-09-04T14:12:53Z,2,297,False,,,,3005,George Hill,168,Matt Fisher,10486,Josh Blake,Right,Gully,0,0,0,0,,BackOfALength,OutsideOff,,MisTimed,BackFoot,BackwardDefensive,NoMovement,Over,Medium,Right,Null,NotReferred,Null,False,False,False,False,False,True,,False,False,False,False,False,False,0,0,0,0,0,False,False,132.0,15.0
1639515,50,2.66,10,0,0,133,7,10,76315,,39449,County Championship Division Two 2026,4,48,Surrey Men,45,Yorkshire Men,8762196,2026-09-04T14:13:27Z,3,298,False,,,,3005,George Hill,168,Matt Fisher,10486,Josh Blake,Right,,4,0,4,4,,LengthBall,OutsideOff,,WellTimed,MovesInfront,Flick,NoMovement,Over,Medium,Right,Null,NotReferred,Null,False,False,False,False,True,True,,False,False,False,False,False,False,4,0,0,0,0,True,False,322.0,176.0
1639515,50,2.66,10,0,0,133,7,10,76315,,39449,County Championship Division Two 2026,4,48,Surrey Men,45,Yorkshire Men,8762207,2026-09-04T14:14:10Z,4,299,False,,,,3005,George Hill,168,Matt Fisher,10486,Josh Blake,Right,Mid Off,0,0,0,0,,FullToss,OutsideOff,,None,FrontFoot,Drive,NoMovement,Over,Medium,Right,Null,NotReferred,Null,False,False,False,False,False,True,,False,False,False,False,False,False,0,0,0,0,0,False,False,255.0,67.0
1639515,50,2.66,10,0,0,133,7,10,76315,,39449,County Championship Division Two 2026,4,48,Surrey Men,45,Yorkshire Men,8762215,2026-09-04T14:14:45Z,5,300,False,,,,3005,George Hill,168,Matt Fisher,10486,Josh Blake,Right,,0,4,4,0,,BackOfALength,OutsideOff,,HitBody,FrontFoot,ForwardDefensive,InSwinger,Over,Medium,Right,Null,NotReferred,Null,False,False,False,True,False,True,,False,False,False,False,False,False,4,0,0,4,0,False,False,101.0,158.0
1639515,50,2.66,10,0,0,133,7,10,76315,,39449,County Championship Division Two 2026,4,48,Surrey Men,45,Yorkshire Men,8762224,2026-09-04T14:15:38Z,6,301,False,,,,3005,George Hill,168,Matt Fisher,10486,Josh Blake,Right,Wicketkeeper,0,0,0,0,,HalfTracker,OutsideOff,,Left,SwayedAway,Leave,NoMovement,Over,Medium,Right,Null,NotReferred,Null,False,False,False,False,False,True,,False,False,False,False,False,False,0,0,0,0,0,False,False,,
1639524,51,2.61,0,0,0,133,7,0,76315,,39449,County Championship Division Two 2026,4,48,Surrey Men,45,Yorkshire Men,8762239,2026-09-04T14:16:37Z,1,302,False,,,,520,Ben Coad,10486,Josh Blake,168,Matt Fisher,Left,Wicketkeeper,0,0,0,0,,LengthBall,OutsideOff,,Missed,BackFoot,Pushed,AwaySwinger,Round,Medium,Right,Null,NotReferred,Null,False,False,False,False,False,True,,False,False,False,False,False,False,0,0,0,0,0,False,False,,
1639524,51,2.61,0,0,0,133,7,0,76315,,39449,County Championship Division Two 2026,4,48,Surrey Men,45,Yorkshire Men,8762245,2026-09-04T14:17:10Z,2,303,False,,,,520,Ben Coad,10486,Josh Blake,168,Matt Fisher,Left,Wicketkeeper,0,0,0,0,,LengthBall,OutsideOff,,Left,FrontFoot,Leave,NoMovement,Round,Medium,Right,Null,NotReferred,Null,False,False,False,False,False,True,,False,False,False,False,False,False,0,0,0,0,0,False,False,,
1639524,51,2.61,0,0,0,133,7,0,76315,,39449,County Championship Division Two 2026,4,48,Surrey Men,45,Yorkshire Men,8762259,2026-09-04T14:17:44Z,3,304,False,,,,520,Ben Coad,10486,Josh Blake,168,Matt Fisher,Left,Wicketkeeper,0,0,0,0,,LengthBall,OutsideOff,,Missed,FrontFoot,ForwardDefensive,AwaySwinger,Round,Medium,Right,Null,NotReferred,Null,False,False,False,False,False,True,,False,False,False,False,False,False,0,0,0,0,0,False,False,,
1639524,51,2.61,0,0,0,133,7,0,76315,,39449,County Championship Division Two 2026,4,48,Surrey Men,45,Yorkshire Men,8762267,2026-09-04T14:18:19Z,4,305,False,,,,520,Ben Coad,10486,Josh Blake,168,Matt Fisher,Left,Cover,0,0,0,0,,LengthBall,OutsideOff,,None,FrontFoot,ForwardDefensive,InSwinger,Round,Medium,Right,Null,NotReferred,Null,False,False,False,False,False,True,,False,False,False,False,False,False,0,0,0,0,0,False,False,342.0,47.0
1639524,51,2.61,0,0,0,133,7,0,76315,,39449,County Championship Division Two 2026,4,48,Surrey Men,45,Yorkshire Men,8762274,2026-09-04T14:18:52Z,5,306,False,,,,520,Ben Coad,10486,Josh Blake,168,Matt Fisher,Left,Extra Cover,0,0,0,0,,LengthBall,OutsideOff,,None,FrontFoot,ForwardDefensive,NoMovement,Round,Medium,Right,Null,NotReferred,Null,False,False,False,False,False,True,,False,False,False,False,False,False,0,0,0,0,0,False,False,314.0,45.0
1639524,51,2.61,0,0,0,133,7,0,76315,,39449,County Championship Division Two 2026,4,48,Surrey Men,45,Yorkshire Men,8762281,2026-09-04T14:19:26Z,6,307,False,,,,520,Ben Coad,10486,Josh Blake,168,Matt Fisher,Left,Wicketkeeper,0,0,0,0,,LengthBall,OutsideOff,,Missed,FrontFoot,Drive,AwaySwinger,Round,Medium,Right,Null,NotReferred,Null,False,False,False,False,False,True,,False,False,False,False,False,False,0,0,0,0,0,False,False,,
1639534,52,2.65,5,0,0,138,7,5,76315,,39449,County Championship Division Two 2026,4,48,Surrey Men,45,Yorkshire Men,8762299,2026-09-04T14:20:21Z,1,308,False,,,,3005,George Hill,168,Matt Fisher,10486,Josh Blake,Right,Bowler,0,0,0,0,,LengthBall,OutsideOff,Lbw,HitPad,DownTheTrack,Flick,InSwinger,Over,Medium,Right,Null,NotReferred,Null,False,False,False,False,False,True,1906.0,False,False,False,False,False,False,0,0,0,0,0,False,False,,
1639534,52,2.65,5,0,0,138,7,5,76315,,39449,County Championship Division Two 2026,4,48,Surrey Men,45,Yorkshire Men,8762304,2026-09-04T14:21:01Z,2,309,False,,,,3005,George Hill,168,Matt Fisher,10486,Josh Blake,Right,Long On,1,0,1,1,,LengthBall,OutsideOff,,None,FrontFoot,ForwardDefensive,InSwinger,Over,Medium,Right,Null,NotReferred,Null,False,False,False,False,False,True,,False,False,False,False,False,False,1,0,0,0,0,False,False,286.0,113.0
1639534,52,2.65,5,0,0,138,7,5,76315,,39449,County Championship Division Two 2026,4,48,Surrey Men,45,Yorkshire Men,8762313,2026-09-04T14:21:42Z,3,310,False,,,,3005,George Hill,10486,Josh Blake,168,Matt Fisher,Left,Square Leg,0,0,0,0,,LengthBall,OutsideOff,,Spliced,FrontFoot,ForwardDefensive,NoMovement,Round,Medium,Right,Null,NotReferred,Null,False,False,False,False,False,True,,False,False,False,False,False,False,0,0,0,0,0,False,False,197.0,57.0
1639534,52,2.65,5,0,0,138,7,5,76315,,39449,County Championship Division Two 2026,4,48,Surrey Men,45,Yorkshire Men,8762318,2026-09-04T14:22:16Z,4,311,False,,,,3005,George Hill,10486,Josh Blake,168,Matt Fisher,Left,,4,0,4,4,,BackOfALength,OutsideOff,,WellTimed,BackFoot,Pull,NoMovement,Round,Medium,Right,Null,NotReferred,Null,False,False,False,False,False,True,,False,False,False,False,False,False,4,0,0,0,0,True,False,158.0,166.0
1639534,52,2.65,5,0,0,138,7,5,76315,,39449,County Championship Division Two 2026,4,48,Surrey Men,45,Yorkshire Men,8762329,2026-09-04T14:22:50Z,5,312,False,,,,3005,George Hill,10486,Josh Blake,168,Matt Fisher,Left,Wicketkeeper,0,0,0,0,,LengthBall,OutsideOff,,Left,FrontFoot,Leave,NoMovement,Round,Medium,Right,Null,NotReferred,Null,False,False,False,False,False,True,,False,False,False,False,False,False,0,0,0,0,0,False,False,,
1639534,52,2.65,5,0,0,138,7,5,76315,,39449,County Championship Division Two 2026,4,48,Surrey Men,45,Yorkshire Men,8762340,2026-09-04T14:23:30Z,6,313,False,,,,3005,George Hill,10486,Josh Blake,168,Matt Fisher,Left,Cover,0,0,0,0,,LengthBall,OutsideOff,,None,FrontFoot,ForwardDefensive,NoMovement,Round,Medium,Right,Null,NotReferred,Null,False,False,False,False,False,True,,False,False,False,False,False,False,0,0,0,0,0,False,False,343.0,51.0
1639544,53,2.64,2,0,0,140,7,2,76315,,39449,County Championship Division Two 2026,4,48,Surrey Men,45,Yorkshire Men,8762354,2026-09-04T14:24:43Z,1,314,False,,,,520,Ben Coad,168,Matt Fisher,10486,Josh Blake,Right,Bowler,0,0,0,0,,LengthBall,MiddleStump,,None,FrontFoot,ForwardDefensive,AwaySwinger,Over,Medium,Right,Null,NotReferred,Null,False,False,False,False,False,True,,False,False,False,False,False,False,0,0,0,0,0,False,False,,
1639544,53,2.64,2,0,0,140,7,2,76315,,39449,County Championship Division Two 2026,4,48,Surrey Men,45,Yorkshire Men,8762369,2026-09-04T14:25:16Z,2,315,False,,,,520,Ben Coad,168,Matt Fisher,10486,Josh Blake,Right,Backward Point,1,0,1,1,,LengthBall,OutsideOff,,None,FrontFoot,Dropped,NoMovement,Over,Medium,Right,Null,NotReferred,Null,False,False,False,False,False,True,,False,False,False,False,False,False,1,0,0,0,0,False,False,170.0,70.0
1639544,53,2.64,2,0,0,140,7,2,76315,,39449,County Championship Division Two 2026,4,48,Surrey Men,45,Yorkshire Men,8762378,2026-09-04T14:25:59Z,3,316,False,,,,520,Ben Coad,10486,Josh Blake,168,Matt Fisher,Left,Mid Off,0,0,0,0,,LengthBall,OutsideOff,,None,FrontFoot,ForwardDefensive,NoMovement,Round,Medium,Right,Null,NotReferred,Null,False,False,False,False,False,True,,False,False,False,False,False,False,0,0,0,0,0,False,False,285.0,62.0
1639544,53,2.64,2,0,0,140,7,2,76315,,39449,County Championship Division Two 2026,4,48,Surrey Men,45,Yorkshire Men,8762384,2026-09-04T14:26:32Z,4,317,False,,,,520,Ben Coad,10486,Josh Blake,168,Matt Fisher,Left,Wicketkeeper,0,0,0,0,,LengthBall,OutsideOff,,Missed,FrontFoot,ForwardDefensive,InSwinger,Round,Medium,Right,Null,NotReferred,Null,False,False,False,False,False,True,,False,False,False,False,False,False,0,0,0,0,0,False,False,,
1639544,53,2.64,2,0,0,140,7,2,76315,,39449,County Championship Division Two 2026,4,48,Surrey Men,45,Yorkshire Men,8762392,2026-09-04T14:27:08Z,5,318,False,,,,520,Ben Coad,10486,Josh Blake,168,Matt Fisher,Left,Cover,0,0,0,0,,LengthBall,OutsideOff,,None,FrontFoot,ForwardDefensive,NoMovement,Round,Medium,Right,Null,NotReferred,Null,False,False,False,False,False,True,,False,False,False,False,False,False,0,0,0,0,0,False,False,342.0,42.0
1639544,53,2.64,2,0,0,140,7,2,76315,,39449,County Championship Division Two 2026,4,48,Surrey Men,45,Yorkshire Men,8762403,2026-09-04T14:27:42Z,6,319,False,,,,520,Ben Coad,10486,Josh Blake,168,Matt Fisher,Left,Fine Leg,1,0,1,1,,HalfVolley,Wide,,InsideEdge,FrontFoot,Drive,InSwinger,Round,Medium,Right,Null,NotReferred,Null,False,False,False,False,False,True,,False,False,False,False,False,False,1,0,0,0,0,False,False,107.0,108.0
1639554,54,2.67,4,0,0,144,7,4,76315,,39449,County Championship Division Two 2026,4,48,Surrey Men,45,Yorkshire Men,8762419,2026-09-04T14:28:49Z,1,320,False,,,,3005,George Hill,10486,Josh Blake,168,Matt Fisher,Left,Wicketkeeper,0,0,0,0,,BackOfALength,OutsideOff,,Left,FrontFoot,Leave,NoMovement,Round,Medium,Right,Null,NotReferred,Null,False,False,False,False,False,True,,False,False,False,False,False,False,0,0,0,0,0,False,False,,
1639554,54,2.67,4,0,0,144,7,4,76315,,39449,County Championship Division Two 2026,4,48,Surrey Men,45,Yorkshire Men,8762433,2026-09-04T14:29:23Z,2,321,False,,,,3005,George Hill,10486,Josh Blake,168,Matt Fisher,Left,,4,0,4,4,,LengthBall,OutsideOff,,Middled,FrontFoot,Drive,NoMovement,Round,Medium,Right,Null,NotReferred,Null,False,False,False,False,False,True,,False,False,False,False,False,False,4,0,0,0,0,True,False,313.0,177.0
1639554,54,2.67,4,0,0,144,7,4,76315,,39449,County Championship Division Two 2026,4,48,Surrey Men,45,Yorkshire Men,8762443,2026-09-04T14:30:02Z,3,322,False,,,,3005,George Hill,10486,Josh Blake,168,Matt Fisher,Left,Wicketkeeper,0,0,0,0,,BackOfALength,OutsideOff,,Left,FrontFoot,Leave,AwaySwinger,Round,Medium,Right,Null,NotReferred,Null,False,False,False,False,False,True,,False,False,False,False,False,False,0,0,0,0,0,False,False,,
1639554,54,2.67,4,0,0,144,7,4,76315,,39449,County Championship Division Two 2026,4,48,Surrey Men,45,Yorkshire Men,8762450,2026-09-04T14:30:39Z,4,323,False,,,,3005,George Hill,10486,Josh Blake,168,Matt Fisher,Left,Wicketkeeper,0,0,0,0,,BackOfALength,OutsideOff,,Left,FrontFoot,Leave,AwaySwinger,Round,Medium,Right,Null,NotReferred,Null,False,False,False,False,False,True,,False,False,False,False,False,False,0,0,0,0,0,False,False,,
1639554,54,2.67,4,0,0,144,7,4,76315,,39449,County Championship Division Two 2026,4,48,Surrey Men,45,Yorkshire Men,8762457,2026-09-04T14:31:17Z,5,324,False,,,,3005,George Hill,10486,Josh Blake,168,Matt Fisher,Left,Wicketkeeper,0,0,0,0,,BackOfALength,OutsideOff,,Left,FrontFoot,Leave,AwaySwinger,Round,Medium,Right,Null,NotReferred,Null,False,False,False,False,False,True,,False,False,False,False,False,False,0,0,0,0,0,False,False,,
1639554,54,2.67,4,0,0,144,7,4,76315,,39449,County Championship Division Two 2026,4,48,Surrey Men,45,Yorkshire Men,8762469,2026-09-04T14:31:53Z,6,325,False,,,,3005,George Hill,10486,Josh Blake,168,Matt Fisher,Left,Wicketkeeper,0,0,0,0,,BackOfALength,OutsideOff,,Missed,FrontFoot,ForwardDefensive,AwaySwinger,Round,Medium,Right,Null,NotReferred,Null,False,False,False,False,False,True,,False,False,False,False,False,False,0,0,0,0,0,False,False,,
1639564,55,2.64,1,0,0,145,7,1,76315,,39449,County Championship Division Two 2026,4,48,Surrey Men,45,Yorkshire Men,8762490,2026-09-04T14:33:28Z,1,326,False,,,,520,Ben Coad,168,Matt Fisher,10486,Josh Blake,Right,Deep Backward Point,1,0,1,1,,LengthBall,OutsideOff,,None,FrontFoot,Drive,NoMovement,Over,Medium,Right,Null,NotReferred,Null,False,False,False,False,False,True,,False,False,False,False,False,False,1,0,0,0,0,False,False,178.0,134.0
1639564,55,2.64,1,0,0,145,7,1,76315,,39449,County Championship Division Two 2026,4,48,Surrey Men,45,Yorkshire Men,8762496,2026-09-04T14:34:09Z,2,327,False,,,,520,Ben Coad,10486,Josh Blake,168,Matt Fisher,Left,Wicketkeeper,0,0,0,0,,LengthBall,OutsideOff,,Left,FrontFoot,Leave,AwaySwinger,Round,Medium,Right,Null,NotReferred,Null,False,False,False,False,False,True,,False,False,False,False,False,False,0,0,0,0,0,False,False,,
1639564,55,2.64,1,0,0,145,7,1,76315,,39449,County Championship Division Two 2026,4,48,Surrey Men,45,Yorkshire Men,8762505,2026-09-04T14:34:46Z,3,328,False,,,,520,Ben Coad,10486,Josh Blake,168,Matt Fisher,Left,Mid On,0,0,0,0,,LengthBall,OutsideOff,,None,FrontFoot,ForwardDefensive,InSwinger,Round,Medium,Right,Null,NotReferred,Null,False,False,False,False,False,True,,False,False,False,False,False,False,0,0,0,0,0,False,False,255.0,56.0
1639564,55,2.64,1,0,0,145,7,1,76315,,39449,County Championship Division Two 2026,4,48,Surrey Men,45,Yorkshire Men,8762513,2026-09-04T14:35:18Z,4,329,False,,,,520,Ben Coad,10486,Josh Blake,168,Matt Fisher,Left,Backward Point,0,0,0,0,,LengthBall,OutsideOff,,None,FrontFoot,ForwardDefensive,NoMovement,Round,Medium,Right,Null,NotReferred,Null,False,False,False,False,False,True,,False,False,False,False,False,False,0,0,0,0,0,False,False,10.0,46.0
1639564,55,2.64,1,0,0,145,7,1,76315,,39449,County Championship Division Two 2026,4,48,Surrey Men,45,Yorkshire Men,8762522,2026-09-04T14:35:58Z,5,330,False,,,,520,Ben Coad,10486,Josh Blake,168,Matt Fisher,Left,Mid Wicket,0,0,0,0,,LengthBall,OutsideOff,,None,FrontFoot,ForwardDefensive,InSwinger,Round,Medium,Right,Null,NotReferred,Null,False,False,False,False,False,True,,False,False,False,False,False,False,0,0,0,0,0,False,False,216.0,57.0
1639564,55,2.64,1,0,0,145,7,1,76315,,39449,County Championship Division Two 2026,4,48,Surrey Men,45,Yorkshire Men,8762535,2026-09-04T14:36:41Z,6,331,False,,,,520,Ben Coad,10486,Josh Blake,168,Matt Fisher,Left,Cover,0,0,0,0,,LengthBall,OutsideOff,Lbw,InsideEdge,FrontFoot,ForwardDefensive,InSwinger,Round,Medium,Right,Null,NotReferred,Null,False,False,False,False,False,True,1823.0,False,False,False,False,False,False,0,0,0,0,0,False,False,356.0,13.0
1639576,56,2.66,4,0,0,149,7,4,76315,,39449,County Championship Division Two 2026,4,48,Surrey Men,45,Yorkshire Men,8762556,2026-09-04T14:38:19Z,1,332,False,,,,2988,Matthew Revis,168,Matt Fisher,10486,Josh Blake,Right,Third Man,1,0,1,1,,LengthBall,OutsideOff,,OutsideEdge,NoMovement,Pushed,SeamAway,Over,Medium,Right,Null,NotReferred,Null,False,False,False,False,False,True,,False,False,False,False,False,False,1,0,0,0,0,False,True,119.0,144.0
1639576,56,2.66,4,0,0,149,7,4,76315,,39449,County Championship Division Two 2026,4,48,Surrey Men,45,Yorkshire Men,8762570,2026-09-04T14:39:40Z,2,333,False,,,,2988,Matthew Revis,10486,Josh Blake,168,Matt Fisher,Left,Deep Backward Square Leg,2,0,2,2,,Short,DownLeg,,WellTimed,BackFoot,Pull,NoMovement,Over,Medium,Right,Null,NotReferred,Null,False,False,False,False,False,True,,False,False,False,False,False,False,2,0,0,0,0,False,False,159.0,146.0
1639576,56,2.66,4,0,0,149,7,4,76315,,39449,County Championship Division Two 2026,4,48,Surrey Men,45,Yorkshire Men,8762575,2026-09-04T14:40:18Z,3,334,False,,,,2988,Matthew Revis,10486,Josh Blake,168,Matt Fisher,Left,Mid On,0,0,0,0,,BackOfALength,DownLeg,,None,BackFoot,BackwardDefensive,SeamIn,Over,Medium,Right,Null,NotReferred,Null,False,False,False,False,False,True,,False,False,False,False,False,False,0,0,0,0,0,False,False,255.0,57.0
1639576,56,2.66,4,0,0,149,7,4,76315,,39449,County Championship Division Two 2026,4,48,Surrey Men,45,Yorkshire Men,8762580,2026-09-04T14:40:47Z,4,335,False,,,,2988,Matthew Revis,10486,Josh Blake,168,Matt Fisher,Left,Square Leg,0,0,0,0,,LengthBall,LegStump,,Spliced,FrontFoot,ForwardDefensive,InSwinger,Over,Medium,Right,Null,NotReferred,Null,False,False,False,False,False,True,,False,False,False,False,False,False,0,0,0,0,0,False,False,202.0,50.0
1639576,56,2.66,4,0,0,149,7,4,76315,,39449,County Championship Division Two 2026,4,48,Surrey Men,45,Yorkshire Men,8762591,2026-09-04T14:41:19Z,5,336,False,,,,2988,Matthew Revis,10486,Josh Blake,168,Matt Fisher,Left,Wicketkeeper,0,0,0,0,,BackOfALength,LegStump,,Missed,BackFoot,BackwardDefensive,SeamAway,Over,Medium,Right,Null,NotReferred,Null,False,False,False,False,False,True,,False,False,False,False,False,False,0,0,0,0,0,False,False,,
1639576,56,2.66,4,0,0,149,7,4,76315,,39449,County Championship Division Two 2026,4,48,Surrey Men,45,Yorkshire Men,8762596,2026-09-04T14:41:56Z,6,337,False,,,,2988,Matthew Revis,10486,Josh Blake,168,Matt Fisher,Left,Fine Leg,1,0,1,1,,Short,DownLeg,,None,BackFoot,Pull,NoMovement,Over,Medium,Right,Null,NotReferred,Null,False,False,False,False,False,True,,False,False,False,False,False,False,1,0,0,0,0,False,False,129.0,149.0
1639583,57,2.61,0,0,0,149,7,0,76315,,39449,County Championship Division Two 2026,4,48,Surrey Men,45,Yorkshire Men,8762605,2026-09-04T14:43:05Z,1,338,False,,,,520,Ben Coad,10486,Josh Blake,168,Matt Fisher,Left,Wicketkeeper,0,0,0,0,,BackOfALength,OutsideOff,,Missed,BackFoot,BackwardDefensive,AwaySwinger,Round,Medium,Right,Null,NotReferred,Null,False,False,False,False,False,True,,False,False,False,False,False,False,0,0,0,0,0,False,False,,
1639583,57,2.61,0,0,0,149,7,0,76315,,39449,County Championship Division Two 2026,4,48,Surrey Men,45,Yorkshire Men,8762610,2026-09-04T14:43:41Z,2,339,False,,,,520,Ben Coad,10486,Josh Blake,168,Matt Fisher,Left,Gully,0,0,0,0,,LengthBall,OutsideOff,,OutsideEdge,FrontFoot,ForwardDefensive,NoMovement,Round,Medium,Right,Null,NotReferred,Null,False,False,False,False,False,True,,False,False,False,False,False,False,0,0,0,0,0,False,False,52.0,38.0
1639583,57,2.61,0,0,0,149,7,0,76315,,39449,County Championship Division Two 2026,4,48,Surrey Men,45,Yorkshire Men,8762613,2026-09-04T14:44:17Z,3,340,False,,,,520,Ben Coad,10486,Josh Blake,168,Matt Fisher,Left,Wicketkeeper,0,0,0,0,,LengthBall,OutsideOff,,Left,FrontFoot,Leave,AwaySwinger,Round,Medium,Right,Null,NotReferred,Null,False,False,False,False,False,True,,False,False,False,False,False,False,0,0,0,0,0,False,False,,
1639583,57,2.61,0,0,0,149,7,0,76315,,39449,County Championship Division Two 2026,4,48,Surrey Men,45,Yorkshire Men,8762618,2026-09-04T14:44:50Z,4,341,False,,,,520,Ben Coad,10486,Josh Blake,168,Matt Fisher,Left,Wicketkeeper,0,0,0,0,,LengthBall,OutsideOff,,Left,FrontFoot,Leave,NoMovement,Round,Medium,Right,Null,NotReferred,Null,False,False,False,False,False,True,,False,False,False,False,False,False,0,0,0,0,0,False,False,,
1639583,57,2.61,0,0,0,149,7,0,76315,,39449,County Championship Division Two 2026,4,48,Surrey Men,45,Yorkshire Men,8762625,2026-09-04T14:45:26Z,5,342,False,,,,520,Ben Coad,10486,Josh Blake,168,Matt Fisher,Left,Wicketkeeper,0,0,0,0,,LengthBall,OutsideOff,,Missed,FrontFoot,ForwardDefensive,AwaySwinger,Round,Medium,Right,Null,NotReferred,Null,False,False,False,False,False,True,,False,False,False,False,False,False,0,0,0,0,0,False,False,,
1639583,57,2.61,0,0,0,149,7,0,76315,,39449,County Championship Division Two 2026,4,48,Surrey Men,45,Yorkshire Men,8762632,2026-09-04T14:46:04Z,6,343,False,,,,520,Ben Coad,10486,Josh Blake,168,Matt Fisher,Left,First Slip,0,0,0,0,,LengthBall,OutsideOff,,OutsideEdge,FrontFoot,ForwardDefensive,InSwinger,Round,Medium,Right,Null,NotReferred,Null,False,False,False,False,False,True,,False,False,False,False,False,False,0,0,0,0,0,False,False,78.0,33.0
1639590,58,2.59,1,0,0,150,7,1,76315,,39449,County Championship Division Two 2026,4,48,Surrey Men,45,Yorkshire Men,8762641,2026-09-04T14:47:09Z,1,344,False,,,,2988,Matthew Revis,168,Matt Fisher,10486,Josh Blake,Right,Cover,1,0,1,1,,BackOfALength,OutsideOff,,None,BackFoot,Dropped,NoMovement,Over,Medium,Right,Null,NotReferred,Null,False,False,False,False,False,True,,False,False,False,False,False,False,1,0,0,0,0,False,False,194.0,52.0
1639590,58,2.59,1,0,0,150,7,1,76315,,39449,County Championship Division Two 2026,4,48,Surrey Men,45,Yorkshire Men,8762648,2026-09-04T14:47:51Z,2,345,False,,,,2988,Matthew Revis,10486,Josh Blake,168,Matt Fisher,Left,Wicketkeeper,0,0,0,0,,LengthBall,OutsideOff,,Left,FrontFoot,Leave,SeamAway,Over,Medium,Right,Null,NotReferred,Null,False,False,False,False,False,True,,False,False,False,False,False,False,0,0,0,0,0,False,False,,
1639590,58,2.59,1,0,0,150,7,1,76315,,39449,County Championship Division Two 2026,4,48,Surrey Men,45,Yorkshire Men,8762652,2026-09-04T14:48:26Z,3,346,False,,,,2988,Matthew Revis,10486,Josh Blake,168,Matt Fisher,Left,Mid Off,0,0,0,0,,LengthBall,OffStump,,None,FrontFoot,ForwardDefensive,NoMovement,Over,Medium,Right,Null,NotReferred,Null,False,False,False,False,False,True,,False,False,False,False,False,False,0,0,0,0,0,False,False,286.0,61.0
1639590,58,2.59,1,0,0,150,7,1,76315,,39449,County Championship Division Two 2026,4,48,Surrey Men,45,Yorkshire Men,8762654,2026-09-04T14:48:56Z,4,347,False,,,,2988,Matthew Revis,10486,Josh Blake,168,Matt Fisher,Left,Wicketkeeper,0,0,0,0,,BackOfALength,OffStump,,Left,FrontFoot,Leave,SeamAway,Over,Medium,Right,Null,NotReferred,Null,False,False,False,False,False,True,,False,False,False,False,False,False,0,0,0,0,0,False,False,,
1639590,58,2.59,1,0,0,150,7,1,76315,,39449,County Championship Division Two 2026,4,48,Surrey Men,45,Yorkshire Men,8762660,2026-09-04T14:49:29Z,5,348,False,,,,2988,Matthew Revis,10486,Josh Blake,168,Matt Fisher,Left,Wicketkeeper,0,0,0,0,,LengthBall,OutsideOff,,Left,FrontFoot,Leave,SeamAway,Over,Medium,Right,Null,NotReferred,Null,False,False,False,False,False,True,,False,False,False,False,False,False,0,0,0,0,0,False,False,,
1639590,58,2.59,1,0,0,150,7,1,76315,,39449,County Championship Division Two 2026,4,48,Surrey Men,45,Yorkshire Men,8762668,2026-09-04T14:50:10Z,6,349,False,,,,2988,Matthew Revis,10486,Josh Blake,168,Matt Fisher,Left,Wicketkeeper,0,0,0,0,,BackOfALength,OutsideOff,,Left,FrontFoot,Leave,SeamIn,Over,Medium,Right,Null,NotReferred,Null,False,False,False,False,False,True,,False,False,False,False,False,False,0,0,0,0,0,False,False,,
1639597,59,2.58,2,0,0,152,7,2,76315,,39449,County Championship Division Two 2026,4,48,Surrey Men,45,Yorkshire Men,8762683,2026-09-04T14:51:57Z,1,350,False,,,,520,Ben Coad,168,Matt Fisher,10486,Josh Blake,Right,Square Leg,0,0,0,0,,LengthBall,OutsideOff,,None,FrontFoot,ForwardDefensive,NoMovement,Over,Medium,Right,Null,NotReferred,Null,False,False,False,False,False,True,,False,False,False,False,False,False,0,0,0,0,0,False,False,344.0,49.0
1639597,59,2.58,2,0,0,152,7,2,76315,,39449,County Championship Division Two 2026,4,48,Surrey Men,45,Yorkshire Men,8762691,2026-09-04T14:52:38Z,2,351,False,,,,520,Ben Coad,168,Matt Fisher,10486,Josh Blake,Right,Deep Backward Point,1,0,1,1,,LengthBall,OutsideOff,,None,FrontFoot,ForwardDefensive,NoMovement,Over,Medium,Right,Null,NotReferred,Null,False,False,False,False,False,True,,False,False,False,False,False,False,1,0,0,0,0,False,False,166.0,125.0
1639597,59,2.58,2,0,0,152,7,2,76315,,39449,County Championship Division Two 2026,4,48,Surrey Men,45,Yorkshire Men,8762698,2026-09-04T14:53:31Z,3,352,False,,,,520,Ben Coad,10486,Josh Blake,168,Matt Fisher,Left,Square Leg,0,0,0,0,,BackOfALength,OutsideOff,,None,BackFoot,BackwardDefensive,NoMovement,Round,Medium,Right,Null,NotReferred,Null,False,False,False,False,False,True,,False,False,False,False,False,False,0,0,0,0,0,False,False,202.0,56.0
1639597,59,2.58,2,0,0,152,7,2,76315,,39449,County Championship Division Two 2026,4,48,Surrey Men,45,Yorkshire Men,8762702,2026-09-04T14:54:08Z,4,353,False,,,,520,Ben Coad,10486,Josh Blake,168,Matt Fisher,Left,Wicketkeeper,0,0,0,0,,LengthBall,OutsideOff,,Left,FrontFoot,Leave,AwaySwinger,Round,Medium,Right,Null,NotReferred,Null,False,False,False,False,False,True,,False,False,False,False,False,False,0,0,0,0,0,False,False,,
1639597,59,2.58,2,0,0,152,7,2,76315,,39449,County Championship Division Two 2026,4,48,Surrey Men,45,Yorkshire Men,8762707,2026-09-04T14:54:46Z,5,354,False,,,,520,Ben Coad,10486,Josh Blake,168,Matt Fisher,Left,Bowler,0,0,0,0,,BackOfALength,OutsideOff,,None,BackFoot,BackwardDefensive,NoMovement,Round,Medium,Right,Null,NotReferred,Null,False,False,False,False,False,True,,False,False,False,False,False,False,0,0,0,0,0,False,False,,
1639597,59,2.58,2,0,0,152,7,2,76315,,39449,County Championship Division Two 2026,4,48,Surrey Men,45,Yorkshire Men,8762715,2026-09-04T14:55:19Z,6,355,False,,,,520,Ben Coad,10486,Josh Blake,168,Matt Fisher,Left,Fine Leg,1,0,1,1,,LengthBall,OutsideOff,,InsideEdge,FrontFoot,ForwardDefensive,InSwinger,Round,Medium,Right,Null,NotReferred,Null,False,False,False,False,False,True,,False,False,False,False,False,False,1,0,0,0,0,False,False,112.0,139.0
1639640,60,2.58,3,0,0,155,7,3,76315,,39449,County Championship Division Two 2026,4,48,Surrey Men,45,Yorkshire Men,8762933,2026-09-04T15:14:39Z,1,356,False,,,,7012,Jack White,10486,Josh Blake,168,Matt Fisher,Left,Wicketkeeper,0,0,0,0,,BackOfALength,OutsideOff,,Left,FrontFoot,Leave,NoMovement,Round,Medium,Right,Null,NotReferred,Null,False,False,False,False,False,True,,False,False,False,False,False,False,0,0,0,0,0,False,False,,
1639640,60,2.58,3,0,0,155,7,3,76315,,39449,County Championship Division Two 2026,4,48,Surrey Men,45,Yorkshire Men,8762946,2026-09-04T15:15:19Z,2,357,False,,,,7012,Jack White,10486,Josh Blake,168,Matt Fisher,Left,Wicketkeeper,0,0,0,0,,BackOfALength,OutsideOff,,Left,FrontFoot,Leave,SeamAway,Round,Medium,Right,Null,NotReferred,Null,False,False,False,False,False,True,,False,False,False,False,False,False,0,0,0,0,0,False,False,,
1639640,60,2.58,3,0,0,155,7,3,76315,,39449,County Championship Division Two 2026,4,48,Surrey Men,45,Yorkshire Men,8762956,2026-09-04T15:16:02Z,3,358,False,,,,7012,Jack White,10486,Josh Blake,168,Matt Fisher,Left,Wicketkeeper,0,0,0,0,,LengthBall,OutsideOff,,Left,FrontFoot,Leave,InSwinger,Round,Medium,Right,Null,NotReferred,Null,False,False,False,False,False,True,,False,False,False,False,False,False,0,0,0,0,0,False,False,,
1639640,60,2.58,3,0,0,155,7,3,76315,,39449,County Championship Division Two 2026,4,48,Surrey Men,45,Yorkshire Men,8762974,2026-09-04T15:16:43Z,4,4,False,,,,7012,Jack White,10486,Josh Blake,168,Matt Fisher,Left,Fine Leg,1,0,1,1,,Short,OutsideOff,,None,BackFoot,Glance,NoMovement,Round,Medium,Right,Null,NotReferred,Null,False,False,False,False,False,True,,False,False,False,False,False,False,1,0,0,0,0,False,False,124.0,133.0
1639640,60,2.58,3,0,0,155,7,3,76315,,39449,County Championship Division Two 2026,4,48,Surrey Men,45,Yorkshire Men,8762986,2026-09-04T15:17:27Z,5,360,False,,,,7012,Jack White,168,Matt Fisher,10486,Josh Blake,Right,Deep Cover,2,0,2,2,,LengthBall,OutsideOff,,MisTimed,FrontFoot,Drive,NoMovement,Over,Medium,Right,Null,NotReferred,Null,False,False,False,False,False,True,,False,False,False,False,False,False,2,0,0,0,0,False,True,190.0,151.0
1639640,60,2.58,3,0,0,155,7,3,76315,,39449,County Championship Division Two 2026,4,48,Surrey Men,45,Yorkshire Men,8762995,2026-09-04T15:18:16Z,6,361,False,,,,7012,Jack White,168,Matt Fisher,10486,Josh Blake,Right,Mid Wicket,0,0,0,0,,HalfVolley,MiddleStump,,None,FrontFoot,ForwardDefensive,NoMovement,Over,Medium,Right,Null,NotReferred,Null,False,False,False,False,False,True,,False,False,False,False,False,False,0,0,0,0,0,False,False,307.0,57.0
1639653,61,2.54,0,0,0,155,7,0,76315,,39449,County Championship Division Two 2026,4,48,Surrey Men,45,Yorkshire Men,8763008,2026-09-04T15:19:13Z,1,362,False,,,,3005,George Hill,10486,Josh Blake,168,Matt Fisher,Left,Wicketkeeper,0,0,0,0,,LengthBall,OutsideOff,,Left,FrontFoot,Leave,NoMovement,Round,Medium,Right,Null,NotReferred,Null,False,False,False,False,False,True,,False,False,False,False,False,False,0,0,0,0,0,False,False,,
1639653,61,2.54,0,0,0,155,7,0,76315,,39449,County Championship Division Two 2026,4,48,Surrey Men,45,Yorkshire Men,8763014,2026-09-04T15:19:47Z,2,363,False,,,,3005,George Hill,10486,Josh Blake,168,Matt Fisher,Left,Mid Off,0,0,0,0,,LengthBall,OutsideOff,,None,FrontFoot,Drive,NoMovement,Round,Medium,Right,Null,NotReferred,Null,False,False,False,False,False,True,,False,False,False,False,False,False,0,0,0,0,0,False,False,286.0,62.0
1639653,61,2.54,0,0,0,155,7,0,76315,,39449,County Championship Division Two 2026,4,48,Surrey Men,45,Yorkshire Men,8763028,2026-09-04T15:20:16Z,3,364,False,,,,3005,George Hill,10486,Josh Blake,168,Matt Fisher,Left,Backward Point,0,0,0,0,,LengthBall,OutsideOff,,MisTimed,FrontFoot,ForwardDefensive,InSwinger,Round,Medium,Right,Null,NotReferred,Null,False,False,False,False,False,True,,False,False,False,False,False,False,0,0,0,0,0,False,False,27.0,50.0
1639653,61,2.54,0,0,0,155,7,0,76315,,39449,County Championship Division Two 2026,4,48,Surrey Men,45,Yorkshire Men,8763032,2026-09-04T15:20:51Z,4,365,False,,,,3005,George Hill,10486,Josh Blake,168,Matt Fisher,Left,Wicketkeeper,0,0,0,0,,LengthBall,OutsideOff,,Missed,FrontFoot,ForwardDefensive,AwaySwinger,Round,Medium,Right,Null,NotReferred,Null,False,False,False,False,False,True,,False,False,False,False,False,False,0,0,0,0,0,False,False,,
1639653,61,2.54,0,0,0,155,7,0,76315,,39449,County Championship Division Two 2026,4,48,Surrey Men,45,Yorkshire Men,8763046,2026-09-04T15:21:32Z,5,366,False,,,,3005,George Hill,10486,Josh Blake,168,Matt Fisher,Left,Mid Off,0,0,0,0,,LengthBall,OutsideOff,,None,FrontFoot,ForwardDefensive,NoMovement,Round,Medium,Right,Null,NotReferred,Null,False,False,False,False,False,True,,False,False,False,False,False,False,0,0,0,0,0,False,False,292.0,59.0
1639653,61,2.54,0,0,0,155,7,0,76315,,39449,County Championship Division Two 2026,4,48,Surrey Men,45,Yorkshire Men,8763053,2026-09-04T15:22:09Z,6,367,False,,,,3005,George Hill,10486,Josh Blake,168,Matt Fisher,Left,Mid Off,0,0,0,0,,LengthBall,OutsideOff,,None,FrontFoot,ForwardDefensive,NoMovement,Round,Medium,Right,Null,NotReferred,Null,False,False,False,False,False,True,,False,False,False,False,False,False,0,0,0,0,0,False,False,278.0,59.0
1639663,62,2.55,3,0,0,158,7,3,76315,,39449,County Championship Division Two 2026,4,48,Surrey Men,45,Yorkshire Men,8763070,2026-09-04T15:22:57Z,1,368,False,,,,7012,Jack White,168,Matt Fisher,10486,Josh Blake,Right,Square Leg,1,0,1,1,,Short,OutsideOff,,None,BackFoot,Worked,NoMovement,Over,Medium,Right,Null,NotReferred,Null,False,False,False,False,False,True,,False,False,False,False,False,False,1,0,0,0,0,False,False,352.0,47.0
1639663,62,2.55,3,0,0,158,7,3,76315,,39449,County Championship Division Two 2026,4,48,Surrey Men,45,Yorkshire Men,8763080,2026-09-04T15:23:54Z,2,369,False,,,,7012,Jack White,10486,Josh Blake,168,Matt Fisher,Left,Wicketkeeper,0,0,0,0,,BackOfALength,OutsideOff,,Left,FrontFoot,Leave,SeamAway,Round,Medium,Right,Null,NotReferred,Null,False,False,False,False,False,True,,False,False,False,False,False,False,0,0,0,0,0,False,False,,
1639663,62,2.55,3,0,0,158,7,3,76315,,39449,County Championship Division Two 2026,4,48,Surrey Men,45,Yorkshire Men,8763088,2026-09-04T15:24:30Z,3,370,False,,,,7012,Jack White,10486,Josh Blake,168,Matt Fisher,Left,Bowler,0,0,0,0,,BackOfALength,OutsideOff,,None,BackFoot,BackwardDefensive,NoMovement,Round,Medium,Right,Null,NotReferred,Null,False,False,False,False,False,True,,False,False,False,False,False,False,0,0,0,0,0,False,False,,
1639663,62,2.55,3,0,0,158,7,3,76315,,39449,County Championship Division Two 2026,4,48,Surrey Men,45,Yorkshire Men,8763107,2026-09-04T15:25:11Z,4,371,False,,,,7012,Jack White,10486,Josh Blake,168,Matt Fisher,Left,Deep Backward Square Leg,2,0,2,2,,BackOfALength,OutsideOff,,WellTimed,BackFoot,Worked,NoMovement,Round,Medium,Right,Null,NotReferred,Null,False,False,False,False,False,True,,False,False,False,False,False,False,2,0,0,0,0,False,False,179.0,141.0
1639663,62,2.55,3,0,0,158,7,3,76315,,39449,County Championship Division Two 2026,4,48,Surrey Men,45,Yorkshire Men,8763113,2026-09-04T15:25:54Z,5,372,False,,,,7012,Jack White,10486,Josh Blake,168,Matt Fisher,Left,Wicketkeeper,0,0,0,0,,LengthBall,OutsideOff,,Missed,FrontFoot,ForwardDefensive,AwaySwinger,Round,Medium,Right,Null,NotReferred,Null,False,False,False,False,False,True,,False,False,False,False,False,False,0,0,0,0,0,False,False,,
1639663,62,2.55,3,0,0,158,7,3,76315,,39449,County Championship Division Two 2026,4,48,Surrey Men,45,Yorkshire Men,8763124,2026-09-04T15:26:43Z,6,373,False,,,,7012,Jack White,10486,Josh Blake,168,Matt Fisher,Left,Backward Point,0,0,0,0,,LengthBall,OutsideOff,,MisTimed,FrontFoot,ForwardDefensive,InSwinger,Round,Medium,Right,Null,NotReferred,Null,False,False,False,False,False,True,,False,False,False,False,False,False,0,0,0,0,0,False,False,30.0,48.0
1639673,63,2.56,3,0,0,161,7,3,76315,,39449,County Championship Division Two 2026,4,48,Surrey Men,45,Yorkshire Men,8763144,2026-09-04T15:27:46Z,1,374,False,,,,3005,George Hill,168,Matt Fisher,10486,Josh Blake,Right,Deep Extra Cover,3,0,3,3,,HalfVolley,OutsideOff,,WellTimed,FrontFoot,Drive,NoMovement,Over,Medium,Right,Null,NotReferred,Null,False,False,False,False,False,True,,False,False,False,False,False,False,3,0,0,0,0,False,False,224.0,162.0
1639673,63,2.56,3,0,0,161,7,3,76315,,39449,County Championship Division Two 2026,4,48,Surrey Men,45,Yorkshire Men,8763154,2026-09-04T15:28:33Z,2,375,False,,,,3005,George Hill,10486,Josh Blake,168,Matt Fisher,Left,Wicketkeeper,0,0,0,0,,LengthBall,OutsideOff,,Missed,FrontFoot,ForwardDefensive,SeamAway,Round,Medium,Right,Null,NotReferred,Null,False,False,False,False,False,True,,False,False,False,False,False,False,0,0,0,0,0,False,False,,
1639673,63,2.56,3,0,0,161,7,3,76315,,39449,County Championship Division Two 2026,4,48,Surrey Men,45,Yorkshire Men,8763162,2026-09-04T15:29:13Z,3,376,False,,,,3005,George Hill,10486,Josh Blake,168,Matt Fisher,Left,Wicketkeeper,0,0,0,0,,HalfVolley,OutsideOff,,Missed,FrontFoot,Drive,AwaySwinger,Round,Medium,Right,Null,NotReferred,Null,False,False,False,False,False,True,,False,False,False,False,False,False,0,0,0,0,0,False,False,,
1639673,63,2.56,3,0,0,161,7,3,76315,,39449,County Championship Division Two 2026,4,48,Surrey Men,45,Yorkshire Men,8763171,2026-09-04T15:29:50Z,4,377,False,,,,3005,George Hill,10486,Josh Blake,168,Matt Fisher,Left,Extra Cover,0,0,0,0,,LengthBall,OutsideOff,,None,FrontFoot,ForwardDefensive,NoMovement,Round,Medium,Right,Null,NotReferred,Null,False,False,False,False,False,True,,False,False,False,False,False,False,0,0,0,0,0,False,False,329.0,46.0
1639673,63,2.56,3,0,0,161,7,3,76315,,39449,County Championship Division Two 2026,4,48,Surrey Men,45,Yorkshire Men,8763180,2026-09-04T15:30:23Z,5,378,False,,,,3005,George Hill,10486,Josh Blake,168,Matt Fisher,Left,Wicketkeeper,0,0,0,0,,LengthBall,OutsideOff,,Left,FrontFoot,Leave,NoMovement,Round,Medium,Right,Null,NotReferred,Null,False,False,False,False,False,True,,False,False,False,False,False,False,0,0,0,0,0,False,False,,
1639673,63,2.56,3,0,0,161,7,3,76315,,39449,County Championship Division Two 2026,4,48,Surrey Men,45,Yorkshire Men,8763185,2026-09-04T15:30:58Z,6,379,False,,,,3005,George Hill,10486,Josh Blake,168,Matt Fisher,Left,Cover,0,0,0,0,,HalfVolley,OutsideOff,,WellTimed,FrontFoot,Drive,NoMovement,Round,Medium,Right,Null,NotReferred,Null,False,False,False,False,False,True,,False,False,False,False,False,False,0,0,0,0,0,False,True,344.0,61.0
1639682,64,2.52,0,0,0,161,7,0,76315,,39449,County Championship Division Two 2026,4,48,Surrey Men,45,Yorkshire Men,8763202,2026-09-04T15:31:56Z,1,380,False,,,,7012,Jack White,168,Matt Fisher,10486,Josh Blake,Right,Wicketkeeper,0,0,0,0,,LengthBall,OffStump,,Missed,FrontFoot,ForwardDefensive,AwaySwinger,Over,Medium,Right,Null,NotReferred,Null,False,False,False,False,False,True,,False,False,False,False,False,False,0,0,0,0,0,False,False,,
1639682,64,2.52,0,0,0,161,7,0,76315,,39449,County Championship Division Two 2026,4,48,Surrey Men,45,Yorkshire Men,8763206,2026-09-04T15:32:37Z,2,381,False,,,,7012,Jack White,168,Matt Fisher,10486,Josh Blake,Right,Extra Cover,0,0,0,0,,LengthBall,OutsideOff,,None,FrontFoot,ForwardDefensive,NoMovement,Over,Medium,Right,Null,NotReferred,Null,False,False,False,False,False,True,,False,False,False,False,False,False,0,0,0,0,0,False,False,213.0,48.0
1639682,64,2.52,0,0,0,161,7,0,76315,,39449,County Championship Division Two 2026,4,48,Surrey Men,45,Yorkshire Men,8763216,2026-09-04T15:33:16Z,3,382,False,,,,7012,Jack White,168,Matt Fisher,10486,Josh Blake,Right,Cover,0,0,0,0,,LengthBall,OutsideOff,,None,FrontFoot,Drive,NoMovement,Over,Medium,Right,Null,NotReferred,Null,False,False,False,False,False,True,,False,False,False,False,False,False,0,0,0,0,0,False,False,193.0,48.0
1639682,64,2.52,0,0,0,161,7,0,76315,,39449,County Championship Division Two 2026,4,48,Surrey Men,45,Yorkshire Men,8763225,2026-09-04T15:33:58Z,4,383,False,,,,7012,Jack White,168,Matt Fisher,10486,Josh Blake,Right,Mid Off,0,0,0,0,,LengthBall,OutsideOff,,None,FrontFoot,Drive,NoMovement,Over,Medium,Right,Null,NotReferred,Null,False,False,False,False,False,True,,False,False,False,False,False,False,0,0,0,0,0,False,False,242.0,75.0
1639682,64,2.52,0,0,0,161,7,0,76315,,39449,County Championship Division Two 2026,4,48,Surrey Men,45,Yorkshire Men,8763232,2026-09-04T15:34:30Z,5,384,False,,,,7012,Jack White,168,Matt Fisher,10486,Josh Blake,Right,Cover,0,0,0,0,,BackOfALength,OutsideOff,,None,FrontFoot,ForwardDefensive,NoMovement,Over,Medium,Right,Null,NotReferred,Null,False,False,False,False,False,True,,False,False,False,False,False,False,0,0,0,0,0,False,False,200.0,63.0
1639682,64,2.52,0,0,0,161,7,0,76315,,39449,County Championship Division Two 2026,4,48,Surrey Men,45,Yorkshire Men,8763242,2026-09-04T15:35:12Z,6,385,False,,,,7012,Jack White,168,Matt Fisher,10486,Josh Blake,Right,Bowler,0,0,0,0,,LengthBall,OffStump,Lbw,InsideEdge,FrontFoot,ForwardDefensive,NoMovement,Over,Medium,Right,Null,NotReferred,Null,False,False,False,False,False,True,1906.0,False,False,False,False,False,False,0,0,0,0,0,False,False,,
1639691,65,2.48,0,0,0,161,7,0,76315,,39449,County Championship Division Two 2026,4,48,Surrey Men,45,Yorkshire Men,8763253,2026-09-04T15:36:12Z,1,386,False,,,,3005,George Hill,10486,Josh Blake,168,Matt Fisher,Left,Cover,0,0,0,0,,LengthBall,OutsideOff,,None,FrontFoot,ForwardDefensive,NoMovement,Round,Medium,Right,Null,NotReferred,Null,False,False,False,False,False,True,,False,False,False,False,False,False,0,0,0,0,0,False,False,341.0,54.0
1639691,65,2.48,0,0,0,161,7,0,76315,,39449,County Championship Division Two 2026,4,48,Surrey Men,45,Yorkshire Men,8763259,2026-09-04T15:36:44Z,2,387,False,,,,3005,George Hill,10486,Josh Blake,168,Matt Fisher,Left,Wicketkeeper,0,0,0,0,,LengthBall,OutsideOff,,Left,FrontFoot,Leave,NoMovement,Round,Medium,Right,Null,NotReferred,Null,False,False,False,False,False,True,,False,False,False,False,False,False,0,0,0,0,0,False,False,,
1639691,65,2.48,0,0,0,161,7,0,76315,,39449,County Championship Division Two 2026,4,48,Surrey Men,45,Yorkshire Men,8763265,2026-09-04T15:37:20Z,3,388,False,,,,3005,George Hill,10486,Josh Blake,168,Matt Fisher,Left,Wicketkeeper,0,0,0,0,,LengthBall,OutsideOff,,Left,FrontFoot,Leave,InSwinger,Round,Medium,Right,Null,NotReferred,Null,False,False,False,False,False,True,,False,False,False,False,False,False,0,0,0,0,0,False,False,,
1639691,65,2.48,0,0,0,161,7,0,76315,,39449,County Championship Division Two 2026,4,48,Surrey Men,45,Yorkshire Men,8763273,2026-09-04T15:37:58Z,4,389,False,,,,3005,George Hill,10486,Josh Blake,168,Matt Fisher,Left,Wicketkeeper,0,0,0,0,,LengthBall,OutsideOff,,Left,FrontFoot,Leave,SeamIn,Round,Medium,Right,Null,NotReferred,Null,False,False,False,False,False,True,,False,False,False,False,False,False,0,0,0,0,0,False,False,,
1639691,65,2.48,0,0,0,161,7,0,76315,,39449,County Championship Division Two 2026,4,48,Surrey Men,45,Yorkshire Men,8763282,2026-09-04T15:38:35Z,5,390,False,,,,3005,George Hill,10486,Josh Blake,168,Matt Fisher,Left,Wicketkeeper,0,0,0,0,,LengthBall,OutsideOff,,Missed,FrontFoot,ForwardDefensive,SeamAway,Round,Medium,Right,Null,NotReferred,Null,False,False,False,False,False,True,,False,False,False,False,False,False,0,0,0,0,0,False,False,,
1639691,65,2.48,0,0,0,161,7,0,76315,,39449,County Championship Division Two 2026,4,48,Surrey Men,45,Yorkshire Men,8763295,2026-09-04T15:39:16Z,6,391,False,,,,3005,George Hill,10486,Josh Blake,168,Matt Fisher,Left,Third Slip,0,0,0,0,,LengthBall,OutsideOff,,OutsideEdge,FrontFoot,ForwardDefensive,AwaySwinger,Round,Medium,Right,Null,NotReferred,Null,False,False,False,False,False,True,,False,False,False,False,False,False,0,0,0,0,0,False,False,67.0,43.0
1639700,66,2.55,7,0,0,168,7,7,76315,,39449,County Championship Division Two 2026,4,48,Surrey Men,45,Yorkshire Men,8763306,2026-09-04T15:40:12Z,1,392,False,,,,7012,Jack White,168,Matt Fisher,10486,Josh Blake,Right,Deep Backward Square Leg,2,0,2,2,,LengthBall,MiddleStump,,WellTimed,FrontFoot,Flick,NoMovement,Over,Medium,Right,Null,NotReferred,Null,False,False,False,False,False,True,,False,False,False,False,False,False,2,0,0,0,0,False,False,8.0,135.0
1639700,66,2.55,7,0,0,168,7,7,76315,,39449,County Championship Division Two 2026,4,48,Surrey Men,45,Yorkshire Men,8763314,2026-09-04T15:40:57Z,2,393,False,,,,7012,Jack White,168,Matt Fisher,10486,Josh Blake,Right,Mid On,0,0,0,0,,HalfVolley,OutsideOff,,MisTimed,DownTheTrack,Drive,NoMovement,Over,Medium,Right,Null,NotReferred,Null,False,False,False,False,False,True,,False,False,False,False,False,False,0,0,0,0,0,False,False,293.0,69.0
1639700,66,2.55,7,0,0,168,7,7,76315,,39449,County Championship Division Two 2026,4,48,Surrey Men,45,Yorkshire Men,8763327,2026-09-04T15:41:39Z,3,394,False,,,,7012,Jack White,168,Matt Fisher,10486,Josh Blake,Right,Wicketkeeper,0,0,0,0,,BackOfALength,OutsideOff,,Missed,BackFoot,BackwardDefensive,SeamIn,Over,Medium,Right,Null,NotReferred,Null,False,False,False,False,False,True,,False,False,False,False,False,False,0,0,0,0,0,False,False,,
1639700,66,2.55,7,0,0,168,7,7,76315,,39449,County Championship Division Two 2026,4,48,Surrey Men,45,Yorkshire Men,8763338,2026-09-04T15:42:24Z,4,395,False,,,,7012,Jack White,168,Matt Fisher,10486,Josh Blake,Right,Cover,0,0,0,0,,LengthBall,OutsideOff,,None,FrontFoot,ForwardDefensive,NoMovement,Over,Medium,Right,Null,NotReferred,Null,False,False,False,False,False,True,,False,False,False,False,False,False,0,0,0,0,0,False,False,199.0,47.0
1639700,66,2.55,7,0,0,168,7,7,76315,,39449,County Championship Division Two 2026,4,48,Surrey Men,45,Yorkshire Men,8763349,2026-09-04T15:43:04Z,5,396,False,,,,7012,Jack White,168,Matt Fisher,10486,Josh Blake,Right,,4,0,4,4,,LengthBall,OutsideOff,,Middled,FrontFoot,Drive,NoMovement,Over,Medium,Right,Null,NotReferred,Null,False,False,False,False,False,True,,False,False,False,False,False,False,4,0,0,0,0,True,False,194.0,172.0
1639700,66,2.55,7,0,0,168,7,7,76315,,39449,County Championship Division Two 2026,4,48,Surrey Men,45,Yorkshire Men,8763361,2026-09-04T15:43:47Z,6,397,False,,,,7012,Jack White,168,Matt Fisher,10486,Josh Blake,Right,Cover,1,0,1,1,,LengthBall,OutsideOff,,None,FrontFoot,Drive,NoMovement,Over,Medium,Right,Null,NotReferred,Null,False,False,False,False,False,True,,False,False,False,False,False,False,1,0,0,0,0,False,False,197.0,95.0
1639712,67,2.51,0,0,0,168,7,0,76315,,39449,County Championship Division Two 2026,4,48,Surrey Men,45,Yorkshire Men,8763372,2026-09-04T15:44:53Z,1,398,False,,,,3005,George Hill,168,Matt Fisher,10486,Josh Blake,Right,Third Slip,0,0,0,0,,LengthBall,OffStump,,OutsideEdge,FrontFoot,ForwardDefensive,AwaySwinger,Over,Medium,Right,Null,NotReferred,Null,False,False,False,False,False,True,,False,False,False,False,False,False,0,0,0,0,0,False,False,117.0,34.0
1639712,67,2.51,0,0,0,168,7,0,76315,,39449,County Championship Division Two 2026,4,48,Surrey Men,45,Yorkshire Men,8763386,2026-09-04T15:45:33Z,2,399,False,,,,3005,George Hill,168,Matt Fisher,10486,Josh Blake,Right,Mid Off,0,0,0,0,,LengthBall,OutsideOff,,WellTimed,FrontFoot,Drive,NoMovement,Over,Medium,Right,Null,NotReferred,Null,False,False,False,False,False,True,,False,False,False,False,False,False,0,0,0,0,0,False,False,245.0,87.0
1639712,67,2.51,0,0,0,168,7,0,76315,,39449,County Championship Division Two 2026,4,48,Surrey Men,45,Yorkshire Men,8763401,2026-09-04T15:46:49Z,3,400,False,,,,3005,George Hill,168,Matt Fisher,10486,Josh Blake,Right,Cover,0,0,0,0,,LengthBall,OutsideOff,Lbw,BatPad,FrontFoot,ForwardDefensive,InSwinger,Over,Medium,Right,Null,NotReferred,Null,False,False,False,False,False,True,1823.0,False,False,False,False,False,False,0,0,0,0,0,False,False,184.0,38.0
1639712,67,2.51,0,0,0,168,7,0,76315,,39449,County Championship Division Two 2026,4,48,Surrey Men,45,Yorkshire Men,8763409,2026-09-04T15:47:24Z,4,401,False,,,,3005,George Hill,168,Matt Fisher,10486,Josh Blake,Right,Square Leg,0,0,0,0,,LengthBall,OffStump,Lbw,HitPad,FrontFoot,ForwardDefensive,InSwinger,Over,Medium,Right,Null,NotReferred,Null,False,False,False,False,False,True,1823.0,False,False,False,False,False,False,0,0,0,0,0,False,False,351.0,36.0
1639712,67,2.51,0,0,0,168,7,0,76315,,39449,County Championship Division Two 2026,4,48,Surrey Men,45,Yorkshire Men,8763413,2026-09-04T15:47:58Z,5,402,False,,,,3005,George Hill,168,Matt Fisher,10486,Josh Blake,Right,Wicketkeeper,0,0,0,0,,LengthBall,OffStump,,Missed,FrontFoot,ForwardDefensive,AwaySwinger,Over,Medium,Right,Null,NotReferred,Null,False,False,False,False,False,True,,False,False,False,False,False,False,0,0,0,0,0,False,False,,
1639712,67,2.51,0,0,0,168,7,0,76315,,39449,County Championship Division Two 2026,4,48,Surrey Men,45,Yorkshire Men,8763422,2026-09-04T15:48:34Z,6,403,False,,,,3005,George Hill,168,Matt Fisher,10486,Josh Blake,Right,Cover,0,0,0,0,,LengthBall,OutsideOff,,None,FrontFoot,ForwardDefensive,NoMovement,Over,Medium,Right,Null,NotReferred,Null,False,False,False,False,False,True,,False,False,False,False,False,False,0,0,0,0,0,False,False,194.0,57.0
1639724,68,2.5,2,0,0,170,7,2,76315,,39449,County Championship Division Two 2026,4,48,Surrey Men,45,Yorkshire Men,8763437,2026-09-04T15:49:49Z,1,404,False,,,,520,Ben Coad,10486,Josh Blake,168,Matt Fisher,Left,Third Slip,0,0,0,0,,BackOfALength,OutsideOff,,None,BackFoot,BackwardDefensive,NoMovement,Round,Medium,Right,Null,NotReferred,Null,False,False,False,False,False,True,,False,False,False,False,False,False,0,0,0,0,0,False,False,64.0,32.0
1639724,68,2.5,2,0,0,170,7,2,76315,,39449,County Championship Division Two 2026,4,48,Surrey Men,45,Yorkshire Men,8763444,2026-09-04T15:50:24Z,2,405,False,,,,520,Ben Coad,10486,Josh Blake,168,Matt Fisher,Left,Cover,0,0,0,0,,LengthBall,OutsideOff,,None,FrontFoot,ForwardDefensive,NoMovement,Round,Medium,Right,Null,NotReferred,Null,False,False,False,False,False,True,,False,False,False,False,False,False,0,0,0,0,0,False,False,352.0,46.0
1639724,68,2.5,2,0,0,170,7,2,76315,,39449,County Championship Division Two 2026,4,48,Surrey Men,45,Yorkshire Men,8763454,2026-09-04T15:50:56Z,3,406,False,,,,520,Ben Coad,10486,Josh Blake,168,Matt Fisher,Left,Gully,0,0,0,0,,LengthBall,OutsideOff,,None,BackFoot,LateCut,NoMovement,Round,Medium,Right,Null,NotReferred,Null,False,False,False,False,False,True,,False,False,False,False,False,False,0,0,0,0,0,False,False,34.0,57.0
1639724,68,2.5,2,0,0,170,7,2,76315,,39449,County Championship Division Two 2026,4,48,Surrey Men,45,Yorkshire Men,8763467,2026-09-04T15:51:29Z,4,407,False,,,,520,Ben Coad,10486,Josh Blake,168,Matt Fisher,Left,Fine Leg,1,0,1,1,,LengthBall,OutsideOff,,None,BackFoot,Glance,InSwinger,Round,Medium,Right,Null,NotReferred,Null,False,False,False,False,False,True,,False,False,False,False,False,False,1,0,0,0,0,False,False,106.0,137.0
1639724,68,2.5,2,0,0,170,7,2,76315,,39449,County Championship Division Two 2026,4,48,Surrey Men,45,Yorkshire Men,8763470,2026-09-04T15:52:10Z,5,408,False,,,,520,Ben Coad,168,Matt Fisher,10486,Josh Blake,Right,Short Fine Leg,1,0,1,1,,LengthBall,OutsideOff,,InsideEdge,FrontFoot,ForwardDefensive,NoMovement,Over,Medium,Right,Null,NotReferred,Null,False,False,False,False,False,True,,False,False,False,False,False,False,1,0,0,0,0,False,False,43.0,88.0
1639724,68,2.5,2,0,0,170,7,2,76315,,39449,County Championship Division Two 2026,4,48,Surrey Men,45,Yorkshire Men,8763478,2026-09-04T15:52:55Z,6,409,False,,,,520,Ben Coad,10486,Josh Blake,168,Matt Fisher,Left,Square Leg,0,0,0,0,,BackOfALength,OutsideOff,,MisTimed,BackFoot,BackwardDefensive,NoMovement,Round,Medium,Right,Null,NotReferred,Null,False,False,False,False,False,True,,False,False,False,False,False,False,0,0,0,0,0,False,False,205.0,57.0
1639733,69,2.49,2,1,0,172,8,2,76315,,39449,County Championship Division Two 2026,4,48,Surrey Men,45,Yorkshire Men,8763488,2026-09-04T15:53:52Z,1,410,False,,,,3005,George Hill,168,Matt Fisher,10486,Josh Blake,Right,Wicketkeeper,0,0,0,0,,LengthBall,OutsideOff,,Missed,FrontFoot,ForwardDefensive,AwaySwinger,Over,Medium,Right,Null,NotReferred,Null,False,False,False,False,False,True,,False,False,False,False,False,False,0,0,0,0,0,False,False,,
1639733,69,2.49,2,1,0,172,8,2,76315,,39449,County Championship Division Two 2026,4,48,Surrey Men,45,Yorkshire Men,8763502,2026-09-04T15:54:26Z,2,411,True,Caught,168.0,Matt Fisher,3005,George Hill,168,Matt Fisher,10486,Josh Blake,Right,Third Slip,0,0,0,0,Caught,LengthBall,OutsideOff,Caught,OutsideEdge,FrontFoot,Drive,AwaySwinger,Over,Medium,Right,Null,NotReferred,Null,False,False,False,False,False,True,1823.0,False,False,False,False,False,False,0,0,0,0,0,False,True,117.0,39.0
1639733,69,2.49,2,1,0,172,8,2,76315,,39449,County Championship Division Two 2026,4,48,Surrey Men,45,Yorkshire Men,8763528,2026-09-04T15:56:50Z,3,412,False,,,,3005,George Hill,7215,Auqib Nabi,10486,Josh Blake,Right,Wicketkeeper,0,0,0,0,,LengthBall,OutsideOff,,Missed,FrontFoot,ForwardDefensive,AwaySwinger,Over,Medium,Right,Null,NotReferred,Null,False,False,False,False,False,True,,False,False,False,False,False,False,0,0,0,0,0,False,False,,
1639733,69,2.49,2,1,0,172,8,2,76315,,39449,County Championship Division Two 2026,4,48,Surrey Men,45,Yorkshire Men,8763536,2026-09-04T15:57:26Z,4,413,False,,,,3005,George Hill,7215,Auqib Nabi,10486,Josh Blake,Right,Backward Point,0,0,0,0,,LengthBall,OutsideOff,,None,FrontFoot,ForwardDefensive,InSwinger,Over,Medium,Right,Null,NotReferred,Null,False,False,False,False,False,True,,False,False,False,False,False,False,0,0,0,0,0,False,False,174.0,65.0
1639733,69,2.49,2,1,0,172,8,2,76315,,39449,County Championship Division Two 2026,4,48,Surrey Men,45,Yorkshire Men,8763548,2026-09-04T15:58:00Z,5,414,False,,,,3005,George Hill,7215,Auqib Nabi,10486,Josh Blake,Right,Long On,2,0,2,2,,HalfVolley,OutsideOff,,MisTimed,FrontFoot,Drive,NoMovement,Over,Medium,Right,Null,NotReferred,Null,False,False,False,False,False,True,,False,False,False,False,False,False,2,0,0,0,0,False,True,283.0,161.0
1639733,69,2.49,2,1,0,172,8,2,76315,,39449,County Championship Division Two 2026,4,48,Surrey Men,45,Yorkshire Men,8763552,2026-09-04T15:58:41Z,6,415,False,,,,3005,George Hill,7215,Auqib Nabi,10486,Josh Blake,Right,Wicketkeeper,0,0,0,0,,LengthBall,OutsideOff,,Missed,FrontFoot,ForwardDefensive,AwaySwinger,Over,Medium,Right,Null,NotReferred,Null,False,False,False,False,False,True,,False,False,False,False,False,False,0,0,0,0,0,False,False,,
1639746,70,2.47,1,0,0,173,8,1,76315,,39449,County Championship Division Two 2026,4,48,Surrey Men,45,Yorkshire Men,8763566,2026-09-04T16:00:15Z,1,416,False,,,,520,Ben Coad,10486,Josh Blake,7215,Auqib Nabi,Left,Deep Backward Point,1,0,1,1,,BackOfALength,OutsideOff,,None,BackFoot,Cut,NoMovement,Round,Medium,Right,Null,NotReferred,Null,False,False,False,False,False,True,,False,False,False,False,False,False,1,0,0,0,0,False,False,13.0,124.0
1639746,70,2.47,1,0,0,173,8,1,76315,,39449,County Championship Division Two 2026,4,48,Surrey Men,45,Yorkshire Men,8763585,2026-09-04T16:01:45Z,2,417,False,,,,520,Ben Coad,7215,Auqib Nabi,10486,Josh Blake,Right,Wicketkeeper,0,0,0,0,,BackOfALength,OutsideOff,,Left,FrontFoot,Leave,AwaySwinger,Over,Medium,Right,Null,NotReferred,Null,False,False,False,False,False,True,,False,False,False,False,False,False,0,0,0,0,0,False,False,,
1639746,70,2.47,1,0,0,173,8,1,76315,,39449,County Championship Division Two 2026,4,48,Surrey Men,45,Yorkshire Men,8763591,2026-09-04T16:02:16Z,3,418,False,,,,520,Ben Coad,7215,Auqib Nabi,10486,Josh Blake,Right,Wicketkeeper,0,0,0,0,,LengthBall,OutsideOff,,Left,FrontFoot,Leave,NoMovement,Over,Medium,Right,Null,NotReferred,Null,False,False,False,False,False,True,,False,False,False,False,False,False,0,0,0,0,0,False,False,,
1639746,70,2.47,1,0,0,173,8,1,76315,,39449,County Championship Division Two 2026,4,48,Surrey Men,45,Yorkshire Men,8763599,2026-09-04T16:02:51Z,4,419,False,,,,520,Ben Coad,7215,Auqib Nabi,10486,Josh Blake,Right,Cover,0,0,0,0,,LengthBall,OutsideOff,,None,FrontFoot,ForwardDefensive,NoMovement,Over,Medium,Right,Null,NotReferred,Null,False,False,False,False,False,True,,False,False,False,False,False,False,0,0,0,0,0,False,False,192.0,50.0
1639746,70,2.47,1,0,0,173,8,1,76315,,39449,County Championship Division Two 2026,4,48,Surrey Men,45,Yorkshire Men,8763607,2026-09-04T16:03:27Z,5,420,False,,,,520,Ben Coad,7215,Auqib Nabi,10486,Josh Blake,Right,Extra Cover,0,0,0,0,,LengthBall,OutsideOff,,MisTimed,FrontFoot,ForwardDefensive,InSwinger,Over,Medium,Right,Null,NotReferred,Null,False,False,False,False,False,True,,False,False,False,False,False,False,0,0,0,0,0,False,False,213.0,50.0
1639746,70,2.47,1,0,0,173,8,1,76315,,39449,County Championship Division Two 2026,4,48,Surrey Men,45,Yorkshire Men,8763616,2026-09-04T16:04:01Z,6,421,False,,,,520,Ben Coad,7215,Auqib Nabi,10486,Josh Blake,Right,Wicketkeeper,0,0,0,0,,LengthBall,OutsideOff,,Missed,FrontFoot,Slog,AwaySwinger,Over,Medium,Right,Null,NotReferred,Null,False,False,False,False,False,True,,False,False,False,False,False,False,0,0,0,0,0,False,False,,
1639755,71,2.49,4,0,0,177,8,4,76315,,39449,County Championship Division Two 2026,4,48,Surrey Men,45,Yorkshire Men,8763626,2026-09-04T16:05:02Z,1,422,False,,,,3005,George Hill,10486,Josh Blake,7215,Auqib Nabi,Left,Cover,0,0,0,0,,LengthBall,OutsideOff,,None,FrontFoot,ForwardDefensive,NoMovement,Round,Medium,Right,Null,NotReferred,Null,False,False,False,False,False,True,,False,False,False,False,False,False,0,0,0,0,0,False,False,344.0,40.0
1639755,71,2.49,4,0,0,177,8,4,76315,,39449,County Championship Division Two 2026,4,48,Surrey Men,45,Yorkshire Men,8763631,2026-09-04T16:05:34Z,2,423,False,,,,3005,George Hill,10486,Josh Blake,7215,Auqib Nabi,Left,Bowler,0,0,0,0,,LengthBall,OutsideOff,,None,FrontFoot,ForwardDefensive,NoMovement,Round,Medium,Right,Null,NotReferred,Null,False,False,False,False,False,True,,False,False,False,False,False,False,0,0,0,0,0,False,False,,
1639755,71,2.49,4,0,0,177,8,4,76315,,39449,County Championship Division Two 2026,4,48,Surrey Men,45,Yorkshire Men,8763641,2026-09-04T16:06:09Z,3,424,False,,,,3005,George Hill,10486,Josh Blake,7215,Auqib Nabi,Left,Bowler,0,0,0,0,,LengthBall,OutsideOff,,None,FrontFoot,ForwardDefensive,InSwinger,Round,Medium,Right,Null,NotReferred,Null,False,False,False,False,False,True,,False,False,False,False,False,False,0,0,0,0,0,False,False,,
1639755,71,2.49,4,0,0,177,8,4,76315,,39449,County Championship Division Two 2026,4,48,Surrey Men,45,Yorkshire Men,8763647,2026-09-04T16:06:39Z,4,425,False,,,,3005,George Hill,10486,Josh Blake,7215,Auqib Nabi,Left,Square Leg,0,0,0,0,,LengthBall,OutsideOff,,Spliced,FrontFoot,ForwardDefensive,InSwinger,Round,Medium,Right,Null,NotReferred,Null,False,False,False,False,False,True,,False,False,False,False,False,False,0,0,0,0,0,False,False,195.0,48.0
1639755,71,2.49,4,0,0,177,8,4,76315,,39449,County Championship Division Two 2026,4,48,Surrey Men,45,Yorkshire Men,8763654,2026-09-04T16:07:12Z,5,426,False,,,,3005,George Hill,10486,Josh Blake,7215,Auqib Nabi,Left,Mid Wicket,0,0,0,0,,LengthBall,OutsideOff,,MisTimed,FrontFoot,ForwardDefensive,InSwinger,Round,Medium,Right,Null,NotReferred,Null,False,False,False,False,False,True,,False,False,False,False,False,False,0,0,0,0,0,False,False,214.0,45.0
1639755,71,2.49,4,0,0,177,8,4,76315,,39449,County Championship Division Two 2026,4,48,Surrey Men,45,Yorkshire Men,8763665,2026-09-04T16:07:48Z,6,427,False,,,,3005,George Hill,10486,Josh Blake,7215,Auqib Nabi,Left,,4,0,4,4,,LengthBall,OutsideOff,,OutsideEdge,FrontFoot,ForwardDefensive,NoMovement,Round,Medium,Right,Null,NotReferred,Null,False,False,False,False,False,True,,False,False,False,False,False,False,4,0,0,0,0,True,False,66.0,161.0
1639764,72,2.54,6,1,0,183,9,6,76315,,39449,County Championship Division Two 2026,4,48,Surrey Men,45,Yorkshire Men,8763680,2026-09-04T16:09:01Z,1,428,False,,,,520,Ben Coad,7215,Auqib Nabi,10486,Josh Blake,Right,Bowler,0,0,0,0,,LengthBall,OutsideOff,,None,FrontFoot,ForwardDefensive,NoMovement,Over,Medium,Right,Null,NotReferred,Null,False,False,False,False,False,True,,False,False,False,False,False,False,0,0,0,0,0,False,False,,
1639764,72,2.54,6,1,0,183,9,6,76315,,39449,County Championship Division Two 2026,4,48,Surrey Men,45,Yorkshire Men,8763687,2026-09-04T16:09:33Z,2,429,False,,,,520,Ben Coad,7215,Auqib Nabi,10486,Josh Blake,Right,,6,0,6,6,,BackOfALength,OutsideOff,,Middled,FrontFoot,Slog,NoMovement,Over,Medium,Right,Null,NotReferred,Null,False,False,False,False,True,True,,False,False,False,False,False,False,6,0,0,0,0,True,False,338.0,174.0
1639764,72,2.54,6,1,0,183,9,6,76315,,39449,County Championship Division Two 2026,4,48,Surrey Men,45,Yorkshire Men,8763701,2026-09-04T16:10:19Z,3,430,True,Caught,7215.0,Auqib Nabi,520,Ben Coad,7215,Auqib Nabi,10486,Josh Blake,Right,Mid On,0,0,0,0,Caught,LengthBall,OutsideOff,Caught,MisTimed,FrontFoot,Drive,NoMovement,Over,Medium,Right,Null,NotReferred,Null,False,False,False,False,False,True,1906.0,False,False,False,False,False,False,0,0,0,0,0,False,True,272.0,86.0
1639764,72,2.54,6,1,0,183,9,6,76315,,39449,County Championship Division Two 2026,4,48,Surrey Men,45,Yorkshire Men,8763728,2026-09-04T16:13:05Z,4,431,False,,,,520,Ben Coad,785,Dan Worrall,10486,Josh Blake,Right,Wicketkeeper,0,0,0,0,,LengthBall,OutsideOff,,Left,FrontFoot,Leave,NoMovement,Over,Medium,Right,Null,NotReferred,Null,False,False,False,False,False,True,,False,False,False,False,False,False,0,0,0,0,0,False,False,,
1639764,72,2.54,6,1,0,183,9,6,76315,,39449,County Championship Division Two 2026,4,48,Surrey Men,45,Yorkshire Men,8763736,2026-09-04T16:13:38Z,5,432,False,,,,520,Ben Coad,785,Dan Worrall,10486,Josh Blake,Right,Wicketkeeper,0,0,0,0,,LengthBall,OutsideOff,,Missed,FrontFoot,Drive,AwaySwinger,Over,Medium,Right,Null,NotReferred,Null,False,False,False,False,False,True,,False,False,False,False,False,False,0,0,0,0,0,False,False,,
1639764,72,2.54,6,1,0,183,9,6,76315,,39449,County Championship Division Two 2026,4,48,Surrey Men,45,Yorkshire Men,8763749,2026-09-04T16:14:13Z,6,433,False,,,,520,Ben Coad,785,Dan Worrall,10486,Josh Blake,Right,Wicketkeeper,0,0,0,0,,LengthBall,OffStump,,Missed,FrontFoot,ForwardDefensive,AwaySwinger,Over,Medium,Right,Null,NotReferred,Null,False,False,False,False,False,True,,False,False,False,False,False,False,0,0,0,0,0,False,False,,
1639777,73,2.51,0,0,0,183,9,0,76315,,39449,County Championship Division Two 2026,4,48,Surrey Men,45,Yorkshire Men,8763764,2026-09-04T16:15:27Z,1,434,False,,,,3005,George Hill,10486,Josh Blake,785,Dan Worrall,Left,Backward Point,0,0,0,0,,LengthBall,OutsideOff,,None,FrontFoot,ForwardDefensive,NoMovement,Round,Medium,Right,Null,NotReferred,Null,False,False,False,False,False,True,,False,False,False,False,False,False,0,0,0,0,0,False,False,5.0,45.0
1639777,73,2.51,0,0,0,183,9,0,76315,,39449,County Championship Division Two 2026,4,48,Surrey Men,45,Yorkshire Men,8763765,2026-09-04T16:16:03Z,2,435,False,,,,3005,George Hill,10486,Josh Blake,785,Dan Worrall,Left,Wicketkeeper,0,0,0,0,,LengthBall,OutsideOff,,Missed,FrontFoot,ForwardDefensive,AwaySwinger,Round,Medium,Right,Null,NotReferred,Null,False,False,False,False,False,True,,False,False,False,False,False,False,0,0,0,0,0,False,False,,
1639777,73,2.51,0,0,0,183,9,0,76315,,39449,County Championship Division Two 2026,4,48,Surrey Men,45,Yorkshire Men,8763778,2026-09-04T16:16:35Z,3,436,False,,,,3005,George Hill,10486,Josh Blake,785,Dan Worrall,Left,Wicketkeeper,0,0,0,0,,LengthBall,OutsideOff,,Missed,FrontFoot,ForwardDefensive,AwaySwinger,Round,Medium,Right,Null,NotReferred,Null,False,False,False,False,False,True,,False,False,False,False,False,False,0,0,0,0,0,False,False,,
1639777,73,2.51,0,0,0,183,9,0,76315,,39449,County Championship Division Two 2026,4,48,Surrey Men,45,Yorkshire Men,8763788,2026-09-04T16:17:13Z,4,437,False,,,,3005,George Hill,10486,Josh Blake,785,Dan Worrall,Left,Wicketkeeper,0,0,0,0,,LengthBall,OutsideOff,,Missed,FrontFoot,ForwardDefensive,SeamAway,Round,Medium,Right,Null,NotReferred,Null,False,False,False,False,False,True,,False,False,False,False,False,False,0,0,0,0,0,False,False,,
1639777,73,2.51,0,0,0,183,9,0,76315,,39449,County Championship Division Two 2026,4,48,Surrey Men,45,Yorkshire Men,8763801,2026-09-04T16:17:51Z,5,438,False,,,,3005,George Hill,10486,Josh Blake,785,Dan Worrall,Left,Wicketkeeper,0,0,0,0,,LengthBall,OutsideOff,,Missed,FrontFoot,Drive,AwaySwinger,Round,Medium,Right,Null,NotReferred,Null,False,False,False,False,False,True,,False,False,False,False,False,False,0,0,0,0,0,False,False,,
1639777,73,2.51,0,0,0,183,9,0,76315,,39449,County Championship Division Two 2026,4,48,Surrey Men,45,Yorkshire Men,8763808,2026-09-04T16:18:30Z,6,439,False,,,,3005,George Hill,10486,Josh Blake,785,Dan Worrall,Left,,0,0,0,0,,LengthBall,OutsideOff,,None,DownTheTrack,ForwardDefensive,AwaySwinger,Round,Medium,Right,Null,NotReferred,Null,False,False,False,False,False,True,,False,False,False,False,False,False,0,0,0,0,0,False,False,,
1639787,74,2.53,4,0,0,187,9,4,76315,,39449,County Championship Division Two 2026,4,48,Surrey Men,45,Yorkshire Men,8763819,2026-09-04T16:19:28Z,1,440,False,,,,520,Ben Coad,785,Dan Worrall,10486,Josh Blake,Right,Mid Off,0,0,0,0,,LengthBall,OutsideOff,,None,FrontFoot,Drive,NoMovement,Over,Medium,Right,Null,NotReferred,Null,False,False,False,False,False,True,,False,False,False,False,False,False,0,0,0,0,0,False,False,246.0,60.0
1639787,74,2.53,4,0,0,187,9,4,76315,,39449,County Championship Division Two 2026,4,48,Surrey Men,45,Yorkshire Men,8763825,2026-09-04T16:20:02Z,2,441,False,,,,520,Ben Coad,785,Dan Worrall,10486,Josh Blake,Right,,4,0,4,4,,LengthBall,OutsideOff,,ThickEdge,FrontFoot,Drive,NoMovement,Over,Medium,Right,Null,NotReferred,Null,False,False,False,False,False,True,,False,False,False,False,False,False,4,0,0,0,0,True,True,145.0,164.0
