over_id,over_overNumber,over_runrate,over_runsConceded,over_wickets,over_runsExtras,over_totalInningRuns,over_totalInningWickets,over_totalRuns,id,matchName,fixtureId,fixtureName,inningNumber,battingTeamId,battingTeamName,bowlingTeamId,bowlingTeamName,ball_id,ballDateTime,ballNumber,totalBallNumber,isWicket,dismissalTypeId,dismissalPlayerId,dismissalPlayerName,bowlerPlayerId,bowlerPlayerName,battingPlayerId,battingPlayerName,nonStrikeBattingPlayerId,nonStrikeBattingPlayerName,shotAngle,shotMagnitude,battingHandId,fieldingPosition,runsConceded,extras,runs,runsScored,dismissalType,lengthTypeId,lineTypeId,appealDismissalTypeId,battingConnectionId,battingFeetId,battingShotTypeId,bowlingDetailId,bowlingFromId,bowlingTypeId,bowlingHandId,outcomeId,referralOutcomeId,noBallReasonId,isWide,isNoBall,isByes,isLegByes,isAirControlled,isAppeal,decisionOfficialId,isFreeHit,isNewBall,isPowerPlay,isBattingPowerPlay,isFloodLit,isReferred,teamRuns,runsByes,runsWide,runsLegByes,noBallsCount,isBoundry,isAirNotControlled
1637180,2,3.5,2,0,0,7,0,2,76283,,39456,County Championship Division Two 2026,1,38,Middlesex Men,50,Lancashire Men,8748119,2026-09-02T13:13:33Z,1,7,False,,,,247.0,Tom Bailey,78.0,Sam Robson,3829.0,Luke Hollman,176.0,72.0,Right,Backward Point,0.0,0,0.0,0.0,,Short,Wide,,None,BackFoot,Cut,NoMovement,Over,Medium,Right,Null,NotReferred,Null,False,False,False,False,False,True,,False,False,False,False,False,False,0.0,0.0,0.0,0.0,0.0,False,False
1637180,2,3.5,2,0,0,7,0,2,76283,,39456,County Championship Division Two 2026,1,38,Middlesex Men,50,Lancashire Men,8748126,2026-09-02T13:14:00Z,2,8,False,,,,247.0,Tom Bailey,78.0,Sam Robson,3829.0,Luke Hollman,218.0,44.0,Right,Extra Cover,0.0,0,0.0,0.0,,LengthBall,OutsideOff,,InsideEdge,BackFoot,BackwardDefensive,SeamIn,Over,Medium,Right,Null,NotReferred,Null,False,False,False,False,False,True,,False,False,False,False,False,False,0.0,0.0,0.0,0.0,0.0,False,False
1637180,2,3.5,2,0,0,7,0,2,76283,,39456,County Championship Division Two 2026,1,38,Middlesex Men,50,Lancashire Men,8748130,2026-09-02T13:14:33Z,3,9,False,,,,247.0,Tom Bailey,78.0,Sam Robson,3829.0,Luke Hollman,,,Right,Wicketkeeper,0.0,0,0.0,0.0,,LengthBall,Wide,,ShouldersArms,NoMovement,ShouldersArms,SeamAway,Over,Medium,Right,Null,NotReferred,Null,False,False,False,False,False,True,,False,False,False,False,False,False,0.0,0.0,0.0,0.0,0.0,False,False
1637180,2,3.5,2,0,0,7,0,2,76283,,39456,County Championship Division Two 2026,1,38,Middlesex Men,50,Lancashire Men,8748137,2026-09-02T13:15:03Z,4,10,False,,,,247.0,Tom Bailey,78.0,Sam Robson,3829.0,Luke Hollman,,,Right,Wicketkeeper,0.0,0,0.0,0.0,,LengthBall,OutsideOff,,Missed,FrontFoot,ForwardDefensive,SeamAway,Over,Medium,Right,Null,NotReferred,Null,False,False,False,False,False,True,,False,False,False,False,False,False,0.0,0.0,0.0,0.0,0.0,False,False
1637180,2,3.5,2,0,0,7,0,2,76283,,39456,County Championship Division Two 2026,1,38,Middlesex Men,50,Lancashire Men,8748143,2026-09-02T13:15:36Z,5,11,False,,,,247.0,Tom Bailey,78.0,Sam Robson,3829.0,Luke Hollman,232.0,44.0,Right,Extra Cover,0.0,0,0.0,0.0,,HalfVolley,OffStump,,WellTimed,FrontFoot,Drive,NoMovement,Over,Medium,Right,Null,NotReferred,Null,False,False,False,False,False,True,,False,False,False,False,False,False,0.0,0.0,0.0,0.0,0.0,False,False
1637180,2,3.5,2,0,0,7,0,2,76283,,39456,County Championship Division Two 2026,1,38,Middlesex Men,50,Lancashire Men,8748152,2026-09-02T13:16:08Z,6,12,False,,,,247.0,Tom Bailey,78.0,Sam Robson,3829.0,Luke Hollman,137.0,134.0,Right,Third Man,2.0,0,2.0,2.0,,LengthBall,OutsideOff,,ThickEdge,FrontFoot,Pushed,SeamAway,Over,Medium,Right,Null,NotReferred,Null,False,False,False,False,False,True,,False,False,False,False,False,False,2.0,0.0,0.0,0.0,0.0,False,False
1637187,3,5.0,8,0,0,15,0,8,76283,,39456,County Championship Division Two 2026,1,38,Middlesex Men,50,Lancashire Men,8748162,2026-09-02T13:17:05Z,1,13,False,,,,202.0,James Anderson,3829.0,Luke Hollman,78.0,Sam Robson,125.0,26.0,Left,Wicketkeeper,0.0,0,0.0,0.0,,LengthBall,LegStump,,HitPad,BackFoot,Glance,InSwinger,Over,Medium,Right,Null,NotReferred,Null,False,False,False,False,False,True,,False,False,False,False,False,False,0.0,0.0,0.0,0.0,0.0,False,False
1637187,3,5.0,8,0,0,15,0,8,76283,,39456,County Championship Division Two 2026,1,38,Middlesex Men,50,Lancashire Men,8748170,2026-09-02T13:17:36Z,2,14,False,,,,202.0,James Anderson,3829.0,Luke Hollman,78.0,Sam Robson,274.0,180.0,Left,,4.0,0,4.0,4.0,,HalfVolley,OffStump,,Middled,FrontFoot,Drive,InSwinger,Over,Medium,Right,Null,NotReferred,Null,False,False,False,False,False,True,,False,False,False,False,False,False,4.0,0.0,0.0,0.0,0.0,True,False
1637187,3,5.0,8,0,0,15,0,8,76283,,39456,County Championship Division Two 2026,1,38,Middlesex Men,50,Lancashire Men,8748178,2026-09-02T13:18:12Z,3,15,False,,,,202.0,James Anderson,3829.0,Luke Hollman,78.0,Sam Robson,358.0,63.0,Left,Cover,0.0,0,0.0,0.0,,LengthBall,MiddleStump,,None,FrontFoot,ForwardDefensive,InSwinger,Over,Medium,Right,Null,NotReferred,Null,False,False,False,False,False,True,,False,False,False,False,False,False,0.0,0.0,0.0,0.0,0.0,False,False
1637187,3,5.0,8,0,0,15,0,8,76283,,39456,County Championship Division Two 2026,1,38,Middlesex Men,50,Lancashire Men,8748184,2026-09-02T13:18:46Z,4,16,False,,,,202.0,James Anderson,3829.0,Luke Hollman,78.0,Sam Robson,305.0,178.0,Left,,4.0,0,4.0,4.0,,HalfVolley,OutsideOff,,Middled,FrontFoot,Drive,InSwinger,Over,Medium,Right,Null,NotReferred,Null,False,False,False,False,False,True,,False,False,False,False,False,False,4.0,0.0,0.0,0.0,0.0,True,False
1637187,3,5.0,8,0,0,15,0,8,76283,,39456,County Championship Division Two 2026,1,38,Middlesex Men,50,Lancashire Men,8748190,2026-09-02T13:19:23Z,5,17,False,,,,202.0,James Anderson,3829.0,Luke Hollman,78.0,Sam Robson,,,Left,Wicketkeeper,0.0,0,0.0,0.0,,LengthBall,OutsideOff,,ShouldersArms,NoMovement,ShouldersArms,NoMovement,Over,Medium,Right,Null,NotReferred,Null,False,False,False,False,False,True,,False,False,False,False,False,False,0.0,0.0,0.0,0.0,0.0,False,False
1637187,3,5.0,8,0,0,15,0,8,76283,,39456,County Championship Division Two 2026,1,38,Middlesex Men,50,Lancashire Men,8748196,2026-09-02T13:19:54Z,6,18,False,,,,202.0,James Anderson,3829.0,Luke Hollman,78.0,Sam Robson,,,Left,Wicketkeeper,0.0,0,0.0,0.0,,HalfVolley,OutsideOff,,ShouldersArms,NoMovement,ShouldersArms,AwaySwinger,Over,Medium,Right,Null,NotReferred,Null,False,False,False,False,False,True,,False,False,False,False,False,False,0.0,0.0,0.0,0.0,0.0,False,False
1637194,4,5.0,5,0,0,20,0,5,76283,,39456,County Championship Division Two 2026,1,38,Middlesex Men,50,Lancashire Men,8748203,2026-09-02T13:20:35Z,1,19,False,,,,247.0,Tom Bailey,78.0,Sam Robson,3829.0,Luke Hollman,352.0,171.0,Right,,4.0,0,4.0,4.0,,LengthBall,OffStump,,WellTimed,BackFoot,Worked,SeamIn,Over,Medium,Right,Null,NotReferred,Null,False,False,False,False,False,True,,False,False,False,False,False,False,4.0,0.0,0.0,0.0,0.0,True,False
1637194,4,5.0,5,0,0,20,0,5,76283,,39456,County Championship Division Two 2026,1,38,Middlesex Men,50,Lancashire Men,8748213,2026-09-02T13:21:14Z,2,20,False,,,,247.0,Tom Bailey,78.0,Sam Robson,3829.0,Luke Hollman,,,Right,Wicketkeeper,0.0,0,0.0,0.0,,HalfVolley,Wide,,Left,FrontFoot,Leave,SeamAway,Over,Medium,Right,Null,NotReferred,Null,False,False,False,False,False,True,,False,False,False,False,False,False,0.0,0.0,0.0,0.0,0.0,False,False
1637194,4,5.0,5,0,0,20,0,5,76283,,39456,County Championship Division Two 2026,1,38,Middlesex Men,50,Lancashire Men,8748221,2026-09-02T13:21:50Z,3,21,False,,,,247.0,Tom Bailey,78.0,Sam Robson,3829.0,Luke Hollman,211.0,46.0,Right,Extra Cover,1.0,0,1.0,1.0,,LengthBall,OutsideOff,,None,BackFoot,Dropped,SeamIn,Over,Medium,Right,Null,NotReferred,Null,False,False,False,False,False,True,,False,False,False,False,False,False,1.0,0.0,0.0,0.0,0.0,False,False
1637194,4,5.0,5,0,0,20,0,5,76283,,39456,County Championship Division Two 2026,1,38,Middlesex Men,50,Lancashire Men,8748229,2026-09-02T13:22:35Z,4,22,False,,,,247.0,Tom Bailey,3829.0,Luke Hollman,78.0,Sam Robson,,,Left,Wicketkeeper,0.0,0,0.0,0.0,,LengthBall,OutsideOff,,ShouldersArms,NoMovement,ShouldersArms,SeamAway,Round,Medium,Right,Null,NotReferred,Null,False,False,False,False,False,True,,False,False,False,False,False,False,0.0,0.0,0.0,0.0,0.0,False,False
1637194,4,5.0,5,0,0,20,0,5,76283,,39456,County Championship Division Two 2026,1,38,Middlesex Men,50,Lancashire Men,8748237,2026-09-02T13:23:07Z,5,23,False,,,,247.0,Tom Bailey,3829.0,Luke Hollman,78.0,Sam Robson,252.0,67.0,Left,Mid On,0.0,0,0.0,0.0,,LengthBall,LegStump,,None,FrontFoot,Pushed,NoMovement,Over,Medium,Right,Null,NotReferred,Null,False,False,False,False,False,True,,False,False,False,False,False,False,0.0,0.0,0.0,0.0,0.0,False,False
1637194,4,5.0,5,0,0,20,0,5,76283,,39456,County Championship Division Two 2026,1,38,Middlesex Men,50,Lancashire Men,8748245,2026-09-02T13:23:39Z,6,24,False,,,,247.0,Tom Bailey,3829.0,Luke Hollman,78.0,Sam Robson,,,Left,Wicketkeeper,0.0,0,0.0,0.0,,LengthBall,OffStump,,ShouldersArms,NoMovement,ShouldersArms,SeamAway,Over,Medium,Right,Null,NotReferred,Null,False,False,False,False,False,True,,False,False,False,False,False,False,0.0,0.0,0.0,0.0,0.0,False,False
1637202,5,4.0,0,1,0,20,1,0,76283,,39456,County Championship Division Two 2026,1,38,Middlesex Men,50,Lancashire Men,8748257,2026-09-02T13:24:26Z,1,25,False,,,,202.0,James Anderson,78.0,Sam Robson,3829.0,Luke Hollman,323.0,52.0,Right,Mid Wicket,0.0,0,0.0,0.0,,LengthBall,OffStump,,MisTimed,FrontFoot,Worked,InSwinger,Over,Medium,Right,Null,NotReferred,Null,False,False,False,False,False,True,,False,False,False,False,False,False,0.0,0.0,0.0,0.0,0.0,False,False
1637202,5,4.0,0,1,0,20,1,0,76283,,39456,County Championship Division Two 2026,1,38,Middlesex Men,50,Lancashire Men,8748264,2026-09-02T13:24:58Z,2,26,False,,,,202.0,James Anderson,78.0,Sam Robson,3829.0,Luke Hollman,,,Right,Wicketkeeper,0.0,0,0.0,0.0,,LengthBall,OutsideOff,,Left,NoMovement,Leave,AwaySwinger,Over,Medium,Right,Null,NotReferred,Null,False,False,False,False,False,True,,False,False,False,False,False,False,0.0,0.0,0.0,0.0,0.0,False,False
1637202,5,4.0,0,1,0,20,1,0,76283,,39456,County Championship Division Two 2026,1,38,Middlesex Men,50,Lancashire Men,8748273,2026-09-02T13:25:32Z,3,27,False,,,,202.0,James Anderson,78.0,Sam Robson,3829.0,Luke Hollman,309.0,55.0,Right,Mid Wicket,0.0,0,0.0,0.0,,LengthBall,MiddleStump,,None,BackFoot,Worked,InSwinger,Over,Medium,Right,Null,NotReferred,Null,False,False,False,False,False,True,,False,False,False,False,False,False,0.0,0.0,0.0,0.0,0.0,False,False
1637202,5,4.0,0,1,0,20,1,0,76283,,39456,County Championship Division Two 2026,1,38,Middlesex Men,50,Lancashire Men,8748282,2026-09-02T13:26:04Z,4,28,False,,,,202.0,James Anderson,78.0,Sam Robson,3829.0,Luke Hollman,313.0,36.0,Right,Mid Wicket,0.0,0,0.0,0.0,,LengthBall,OffStump,Lbw,HitPad,BackFoot,BackwardDefensive,InSwinger,Over,Medium,Right,Null,NotReferred,Null,False,False,False,False,False,True,1815.0,False,False,False,False,False,False,0.0,0.0,0.0,0.0,0.0,False,False
1637202,5,4.0,0,1,0,20,1,0,76283,,39456,County Championship Division Two 2026,1,38,Middlesex Men,50,Lancashire Men,8748288,2026-09-02T13:26:38Z,5,29,True,Bowled,78.0,Sam Robson,202.0,James Anderson,78.0,Sam Robson,3829.0,Luke Hollman,,,Right,,0.0,0,0.0,0.0,Bowled,HalfVolley,OutsideOff,Bowled,InsideEdge,FrontFoot,Drive,AwaySwinger,Over,Medium,Right,Null,NotReferred,Null,False,False,False,False,False,True,1815.0,False,False,False,False,False,False,0.0,0.0,0.0,0.0,0.0,False,False
1637202,5,4.0,0,1,0,20,1,0,76283,,39456,County Championship Division Two 2026,1,38,Middlesex Men,50,Lancashire Men,8748308,2026-09-02T13:28:49Z,6,30,False,,,,202.0,James Anderson,83.0,Max Holden,3829.0,Luke Hollman,273.0,37.0,Left,Bowler,0.0,0,0.0,0.0,,LengthBall,MiddleStump,,None,BackFoot,BackwardDefensive,InSwinger,Over,Medium,Right,Null,NotReferred,Null,False,False,False,False,False,True,,False,False,False,False,False,False,0.0,0.0,0.0,0.0,0.0,False,False
1637211,6,3.33,0,0,0,20,1,0,76283,,39456,County Championship Division Two 2026,1,38,Middlesex Men,50,Lancashire Men,8748316,2026-09-02T13:29:31Z,1,31,False,,,,247.0,Tom Bailey,3829.0,Luke Hollman,83.0,Max Holden,,,Left,Wicketkeeper,0.0,0,0.0,0.0,,LengthBall,MiddleStump,,ShouldersArms,NoMovement,ShouldersArms,SeamAway,Over,Medium,Right,Null,NotReferred,Null,False,False,False,False,False,True,,False,False,False,False,False,False,0.0,0.0,0.0,0.0,0.0,False,False
1637211,6,3.33,0,0,0,20,1,0,76283,,39456,County Championship Division Two 2026,1,38,Middlesex Men,50,Lancashire Men,8748321,2026-09-02T13:30:01Z,2,32,False,,,,247.0,Tom Bailey,3829.0,Luke Hollman,83.0,Max Holden,91.0,16.0,Left,Wicketkeeper,0.0,0,0.0,0.0,,LengthBall,DownLeg,,HitPad,BackFoot,Glance,SeamIn,Over,Medium,Right,Null,NotReferred,Null,False,False,False,False,False,True,,False,False,False,False,False,False,0.0,0.0,0.0,0.0,0.0,False,False
1637211,6,3.33,0,0,0,20,1,0,76283,,39456,County Championship Division Two 2026,1,38,Middlesex Men,50,Lancashire Men,8748325,2026-09-02T13:30:34Z,3,33,False,,,,247.0,Tom Bailey,3829.0,Luke Hollman,83.0,Max Holden,,,Left,Wicketkeeper,0.0,0,0.0,0.0,,LengthBall,MiddleStump,,Missed,FrontFoot,ForwardDefensive,SeamAway,Over,Medium,Right,Null,NotReferred,Null,False,False,False,False,False,True,,False,False,False,False,False,False,0.0,0.0,0.0,0.0,0.0,False,False
1637211,6,3.33,0,0,0,20,1,0,76283,,39456,County Championship Division Two 2026,1,38,Middlesex Men,50,Lancashire Men,8748331,2026-09-02T13:31:04Z,4,34,False,,,,247.0,Tom Bailey,3829.0,Luke Hollman,83.0,Max Holden,276.0,37.0,Left,Bowler,0.0,0,0.0,0.0,,BackOfALength,LegStump,,None,BackFoot,Pushed,NoMovement,Over,Medium,Right,Null,NotReferred,Null,False,False,False,False,False,True,,False,False,False,False,False,False,0.0,0.0,0.0,0.0,0.0,False,False
1637211,6,3.33,0,0,0,20,1,0,76283,,39456,County Championship Division Two 2026,1,38,Middlesex Men,50,Lancashire Men,8748334,2026-09-02T13:31:37Z,5,35,False,,,,247.0,Tom Bailey,3829.0,Luke Hollman,83.0,Max Holden,,,Left,Wicketkeeper,0.0,0,0.0,0.0,,LengthBall,MiddleStump,,Missed,FrontFoot,ForwardDefensive,SeamAway,Over,Medium,Right,Null,NotReferred,Null,False,False,False,False,False,True,,False,False,False,False,False,False,0.0,0.0,0.0,0.0,0.0,False,False
1637211,6,3.33,0,0,0,20,1,0,76283,,39456,County Championship Division Two 2026,1,38,Middlesex Men,50,Lancashire Men,8748342,2026-09-02T13:32:10Z,6,36,False,,,,247.0,Tom Bailey,3829.0,Luke Hollman,83.0,Max Holden,,,Left,Wicketkeeper,0.0,0,0.0,0.0,,LengthBall,MiddleStump,,ShouldersArms,NoMovement,ShouldersArms,SeamAway,Over,Medium,Right,Null,NotReferred,Null,False,False,False,False,False,True,,False,False,False,False,False,False,0.0,0.0,0.0,0.0,0.0,False,False
1637218,7,3.43,4,1,0,24,2,4,76283,,39456,County Championship Division Two 2026,1,38,Middlesex Men,50,Lancashire Men,8748352,2026-09-02T13:32:58Z,1,37,False,,,,202.0,James Anderson,83.0,Max Holden,3829.0,Luke Hollman,307.0,49.0,Left,Extra Cover,0.0,0,0.0,0.0,,LengthBall,OffStump,,WellTimed,FrontFoot,ForwardDefensive,InSwinger,Over,Medium,Right,Null,NotReferred,Null,False,False,False,False,False,True,,False,False,False,False,False,False,0.0,0.0,0.0,0.0,0.0,False,False
1637218,7,3.43,4,1,0,24,2,4,76283,,39456,County Championship Division Two 2026,1,38,Middlesex Men,50,Lancashire Men,8748361,2026-09-02T13:33:33Z,2,38,True,Bowled,83.0,Max Holden,202.0,James Anderson,83.0,Max Holden,3829.0,Luke Hollman,,,Left,,0.0,0,0.0,0.0,Bowled,LengthBall,OffStump,Bowled,Missed,DownTheTrack,ForwardDefensive,InSwinger,Over,Medium,Right,Null,NotReferred,Null,False,False,False,False,False,True,1815.0,False,False,False,False,False,False,0.0,0.0,0.0,0.0,0.0,False,False
1637218,7,3.43,4,1,0,24,2,4,76283,,39456,County Championship Division Two 2026,1,38,Middlesex Men,50,Lancashire Men,8748376,2026-09-02T13:35:30Z,3,39,False,,,,202.0,James Anderson,2680.0,Leus du Plooy,3829.0,Luke Hollman,254.0,180.0,Left,,4.0,0,4.0,4.0,,HalfVolley,OffStump,,WellTimed,FrontFoot,Drive,InSwinger,Over,Medium,Right,Null,NotReferred,Null,False,False,False,False,False,True,,False,False,False,False,False,False,4.0,0.0,0.0,0.0,0.0,True,False
1637218,7,3.43,4,1,0,24,2,4,76283,,39456,County Championship Division Two 2026,1,38,Middlesex Men,50,Lancashire Men,8748383,2026-09-02T13:36:09Z,4,40,False,,,,202.0,James Anderson,2680.0,Leus du Plooy,3829.0,Luke Hollman,,,Left,Wicketkeeper,0.0,0,0.0,0.0,,LengthBall,DownLeg,,PlayAndMissLegSide,BackFoot,Glance,InSwinger,Over,Medium,Right,Null,NotReferred,Null,False,False,False,False,False,True,,False,False,False,False,False,False,0.0,0.0,0.0,0.0,0.0,False,False
1637218,7,3.43,4,1,0,24,2,4,76283,,39456,County Championship Division Two 2026,1,38,Middlesex Men,50,Lancashire Men,8748389,2026-09-02T13:36:42Z,5,41,False,,,,202.0,James Anderson,2680.0,Leus du Plooy,3829.0,Luke Hollman,215.0,43.0,Left,Mid Wicket,0.0,0,0.0,0.0,,LengthBall,MiddleStump,,None,DownTheTrack,Worked,InSwinger,Over,Medium,Right,Null,NotReferred,Null,False,False,False,False,False,True,,False,False,False,False,False,False,0.0,0.0,0.0,0.0,0.0,False,False
1637218,7,3.43,4,1,0,24,2,4,76283,,39456,County Championship Division Two 2026,1,38,Middlesex Men,50,Lancashire Men,8748394,2026-09-02T13:37:14Z,6,42,False,,,,202.0,James Anderson,2680.0,Leus du Plooy,3829.0,Luke Hollman,,,Left,Wicketkeeper,0.0,0,0.0,0.0,,LengthBall,OutsideOff,,ShouldersArms,NoMovement,ShouldersArms,SeamAway,Over,Medium,Right,Null,NotReferred,Null,False,False,False,False,False,True,,False,False,False,False,False,False,0.0,0.0,0.0,0.0,0.0,False,False
1637226,8,3.5,4,0,0,28,2,4,76283,,39456,County Championship Division Two 2026,1,38,Middlesex Men,50,Lancashire Men,8748404,2026-09-02T13:38:00Z,1,43,False,,,,247.0,Tom Bailey,3829.0,Luke Hollman,2680.0,Leus du Plooy,343.0,173.0,Left,,4.0,0,4.0,4.0,,BackOfALength,OffStump,,Middled,BackFoot,Drive,NoMovement,Over,Medium,Right,Null,NotReferred,Null,False,False,False,False,False,True,,False,False,False,False,False,False,4.0,0.0,0.0,0.0,0.0,True,False
1637226,8,3.5,4,0,0,28,2,4,76283,,39456,County Championship Division Two 2026,1,38,Middlesex Men,50,Lancashire Men,8748410,2026-09-02T13:38:36Z,2,44,False,,,,247.0,Tom Bailey,3829.0,Luke Hollman,2680.0,Leus du Plooy,,,Left,Wicketkeeper,0.0,0,0.0,0.0,,LengthBall,DownLeg,,PlayAndMissLegSide,BackFoot,Glance,SeamIn,Over,Medium,Right,Null,NotReferred,Null,False,False,False,False,False,True,,False,False,False,False,False,False,0.0,0.0,0.0,0.0,0.0,False,False
1637226,8,3.5,4,0,0,28,2,4,76283,,39456,County Championship Division Two 2026,1,38,Middlesex Men,50,Lancashire Men,8748416,2026-09-02T13:39:08Z,3,45,False,,,,247.0,Tom Bailey,3829.0,Luke Hollman,2680.0,Leus du Plooy,,,Left,Wicketkeeper,0.0,0,0.0,0.0,,LengthBall,OffStump,,ShouldersArms,NoMovement,ShouldersArms,SeamAway,Over,Medium,Right,Null,NotReferred,Null,False,False,False,False,False,True,,False,False,False,False,False,False,0.0,0.0,0.0,0.0,0.0,False,False
1637226,8,3.5,4,0,0,28,2,4,76283,,39456,County Championship Division Two 2026,1,38,Middlesex Men,50,Lancashire Men,8748422,2026-09-02T13:39:49Z,4,46,False,,,,247.0,Tom Bailey,3829.0,Luke Hollman,2680.0,Leus du Plooy,,,Left,Wicketkeeper,0.0,0,0.0,0.0,,HalfVolley,OutsideOff,,Missed,FrontFoot,Drive,SeamAway,Round,Medium,Right,Null,NotReferred,Null,False,False,False,False,False,True,,False,False,False,False,False,False,0.0,0.0,0.0,0.0,0.0,False,False
1637226,8,3.5,4,0,0,28,2,4,76283,,39456,County Championship Division Two 2026,1,38,Middlesex Men,50,Lancashire Men,8748431,2026-09-02T13:40:24Z,5,47,False,,,,247.0,Tom Bailey,3829.0,Luke Hollman,2680.0,Leus du Plooy,248.0,62.0,Left,Mid On,0.0,0,0.0,0.0,,LengthBall,OutsideOff,,None,BackFoot,BackwardDefensive,SeamIn,Round,Medium,Right,Null,NotReferred,Null,False,False,False,False,False,True,,False,False,False,False,False,False,0.0,0.0,0.0,0.0,0.0,False,False
1637226,8,3.5,4,0,0,28,2,4,76283,,39456,County Championship Division Two 2026,1,38,Middlesex Men,50,Lancashire Men,8748437,2026-09-02T13:40:54Z,6,48,False,,,,247.0,Tom Bailey,3829.0,Luke Hollman,2680.0,Leus du Plooy,,,Left,Wicketkeeper,0.0,0,0.0,0.0,,LengthBall,OutsideOff,,Left,NoMovement,Leave,SeamIn,Round,Medium,Right,Null,NotReferred,Null,False,False,False,False,False,True,,False,False,False,False,False,False,0.0,0.0,0.0,0.0,0.0,False,False
1637234,9,3.56,4,0,0,32,2,4,76283,,39456,County Championship Division Two 2026,1,38,Middlesex Men,50,Lancashire Men,8748448,2026-09-02T13:41:43Z,1,49,False,,,,202.0,James Anderson,2680.0,Leus du Plooy,3829.0,Luke Hollman,315.0,43.0,Left,Extra Cover,0.0,0,0.0,0.0,,LengthBall,MiddleStump,,InsideEdge,DownTheTrack,Worked,InSwinger,Over,Medium,Right,Null,NotReferred,Null,False,False,False,False,False,True,,False,False,False,False,False,False,0.0,0.0,0.0,0.0,0.0,False,False
1637234,9,3.56,4,0,0,32,2,4,76283,,39456,County Championship Division Two 2026,1,38,Middlesex Men,50,Lancashire Men,8748453,2026-09-02T13:42:19Z,2,50,False,,,,202.0,James Anderson,2680.0,Leus du Plooy,3829.0,Luke Hollman,206.0,45.0,Left,Square Leg,0.0,0,0.0,0.0,,LengthBall,MiddleStump,,InsideEdge,FrontFoot,ForwardDefensive,InSwinger,Over,Medium,Right,Null,NotReferred,Null,False,False,False,False,False,True,,False,False,False,False,False,False,0.0,0.0,0.0,0.0,0.0,False,False
1637234,9,3.56,4,0,0,32,2,4,76283,,39456,County Championship Division Two 2026,1,38,Middlesex Men,50,Lancashire Men,8748458,2026-09-02T13:42:55Z,3,51,False,,,,202.0,James Anderson,2680.0,Leus du Plooy,3829.0,Luke Hollman,,,Left,Wicketkeeper,0.0,0,0.0,0.0,,LengthBall,OutsideOff,,ShouldersArms,NoMovement,ShouldersArms,InSwinger,Over,Medium,Right,Null,NotReferred,Null,False,False,False,False,False,True,,False,False,False,False,False,False,0.0,0.0,0.0,0.0,0.0,False,False
1637234,9,3.56,4,0,0,32,2,4,76283,,39456,County Championship Division Two 2026,1,38,Middlesex Men,50,Lancashire Men,8748465,2026-09-02T13:43:31Z,4,52,False,,,,202.0,James Anderson,2680.0,Leus du Plooy,3829.0,Luke Hollman,291.0,179.0,Left,,4.0,0,4.0,4.0,,HalfVolley,OffStump,,Middled,DownTheTrack,Drive,InSwinger,Over,Medium,Right,Null,NotReferred,Null,False,False,False,False,False,True,,False,False,False,False,False,False,4.0,0.0,0.0,0.0,0.0,True,False
1637234,9,3.56,4,0,0,32,2,4,76283,,39456,County Championship Division Two 2026,1,38,Middlesex Men,50,Lancashire Men,8748474,2026-09-02T13:44:25Z,5,53,False,,,,202.0,James Anderson,2680.0,Leus du Plooy,3829.0,Luke Hollman,,,Left,Wicketkeeper,0.0,0,0.0,0.0,,LengthBall,OffStump,,ShouldersArms,NoMovement,ShouldersArms,InSwinger,Over,Medium,Right,Null,NotReferred,Null,False,False,False,False,False,True,,False,False,False,False,False,False,0.0,0.0,0.0,0.0,0.0,False,False
1637234,9,3.56,4,0,0,32,2,4,76283,,39456,County Championship Division Two 2026,1,38,Middlesex Men,50,Lancashire Men,8748483,2026-09-02T13:45:05Z,6,54,False,,,,202.0,James Anderson,2680.0,Leus du Plooy,3829.0,Luke Hollman,329.0,27.0,Left,Extra Cover,0.0,0,0.0,0.0,,LengthBall,OffStump,,None,FrontFoot,Dropped,InSwinger,Over,Medium,Right,Null,NotReferred,Null,False,False,False,False,False,True,,False,False,False,False,False,False,0.0,0.0,0.0,0.0,0.0,False,False
1637242,10,3.6,4,0,0,36,2,4,76283,,39456,County Championship Division Two 2026,1,38,Middlesex Men,50,Lancashire Men,8748492,2026-09-02T13:45:51Z,1,55,False,,,,247.0,Tom Bailey,3829.0,Luke Hollman,2680.0,Leus du Plooy,344.0,66.0,Left,Cover,0.0,0,0.0,0.0,,LengthBall,OutsideOff,,None,FrontFoot,Pushed,SeamAway,Round,Medium,Right,Null,NotReferred,Null,False,False,False,False,False,True,,False,False,False,False,False,False,0.0,0.0,0.0,0.0,0.0,False,False
1637242,10,3.6,4,0,0,36,2,4,76283,,39456,County Championship Division Two 2026,1,38,Middlesex Men,50,Lancashire Men,8748498,2026-09-02T13:46:22Z,2,56,False,,,,247.0,Tom Bailey,3829.0,Luke Hollman,2680.0,Leus du Plooy,341.0,56.0,Left,Cover,0.0,0,0.0,0.0,,LengthBall,OutsideOff,,None,BackFoot,BackwardDefensive,SeamIn,Round,Medium,Right,Null,NotReferred,Null,False,False,False,False,False,True,,False,False,False,False,False,False,0.0,0.0,0.0,0.0,0.0,False,False
1637242,10,3.6,4,0,0,36,2,4,76283,,39456,County Championship Division Two 2026,1,38,Middlesex Men,50,Lancashire Men,8748506,2026-09-02T13:46:59Z,3,57,False,,,,247.0,Tom Bailey,3829.0,Luke Hollman,2680.0,Leus du Plooy,,,Left,Wicketkeeper,0.0,0,0.0,0.0,,LengthBall,OutsideOff,,ShouldersArms,NoMovement,ShouldersArms,SeamAway,Round,Medium,Right,Null,NotReferred,Null,False,False,False,False,False,True,,False,False,False,False,False,False,0.0,0.0,0.0,0.0,0.0,False,False
1637242,10,3.6,4,0,0,36,2,4,76283,,39456,County Championship Division Two 2026,1,38,Middlesex Men,50,Lancashire Men,8748513,2026-09-02T13:47:33Z,4,58,False,,,,247.0,Tom Bailey,3829.0,Luke Hollman,2680.0,Leus du Plooy,344.0,66.0,Left,Cover,0.0,0,0.0,0.0,,LengthBall,OutsideOff,,None,BackFoot,BackwardDefensive,SeamIn,Round,Medium,Right,Null,NotReferred,Null,False,False,False,False,False,True,,False,False,False,False,False,False,0.0,0.0,0.0,0.0,0.0,False,False
1637242,10,3.6,4,0,0,36,2,4,76283,,39456,County Championship Division Two 2026,1,38,Middlesex Men,50,Lancashire Men,8748520,2026-09-02T13:48:08Z,5,59,False,,,,247.0,Tom Bailey,3829.0,Luke Hollman,2680.0,Leus du Plooy,355.0,59.0,Left,Cover,0.0,0,0.0,0.0,,LengthBall,OutsideOff,,None,BackFoot,BackwardDefensive,SeamAway,Round,Medium,Right,Null,NotReferred,Null,False,False,False,False,False,True,,False,False,False,False,False,False,0.0,0.0,0.0,0.0,0.0,False,False
1637242,10,3.6,4,0,0,36,2,4,76283,,39456,County Championship Division Two 2026,1,38,Middlesex Men,50,Lancashire Men,8748526,2026-09-02T13:48:41Z,6,60,False,,,,247.0,Tom Bailey,3829.0,Luke Hollman,2680.0,Leus du Plooy,106.0,160.0,Left,,4.0,0,4.0,4.0,,HalfVolley,LegStump,,None,FrontFoot,Glance,NoMovement,Round,Medium,Right,Null,NotReferred,Null,False,False,False,False,False,True,,False,False,False,False,False,False,4.0,0.0,0.0,0.0,0.0,True,False
1637249,11,3.73,5,0,0,41,2,5,76283,,39456,County Championship Division Two 2026,1,38,Middlesex Men,50,Lancashire Men,8748533,2026-09-02T13:49:35Z,1,61,False,,,,202.0,James Anderson,2680.0,Leus du Plooy,3829.0,Luke Hollman,73.0,160.0,Left,,4.0,0,4.0,4.0,,LengthBall,OffStump,,OutsideEdge,BackFoot,BackwardDefensive,InSwinger,Over,Medium,Right,Null,NotReferred,Null,False,False,False,False,False,True,,False,False,False,False,False,False,4.0,0.0,0.0,0.0,0.0,True,False
1637249,11,3.73,5,0,0,41,2,5,76283,,39456,County Championship Division Two 2026,1,38,Middlesex Men,50,Lancashire Men,8748544,2026-09-02T13:50:19Z,2,62,False,,,,202.0,James Anderson,2680.0,Leus du Plooy,3829.0,Luke Hollman,,,Left,Wicketkeeper,0.0,0,0.0,0.0,,HalfVolley,MiddleStump,Lbw,HitPad,DownTheTrack,Flick,InSwinger,Over,Medium,Right,Null,NotReferred,Null,False,False,False,False,False,True,1815.0,False,False,False,False,False,False,0.0,0.0,0.0,0.0,0.0,False,False
1637249,11,3.73,5,0,0,41,2,5,76283,,39456,County Championship Division Two 2026,1,38,Middlesex Men,50,Lancashire Men,8748550,2026-09-02T13:50:56Z,3,63,False,,,,202.0,James Anderson,2680.0,Leus du Plooy,3829.0,Luke Hollman,247.0,40.0,Left,Mid On,0.0,0,0.0,0.0,,LengthBall,MiddleStump,,Gloved,BackFoot,BackwardDefensive,InSwinger,Over,Medium,Right,Null,NotReferred,Null,False,False,False,False,False,True,,False,False,False,False,False,False,0.0,0.0,0.0,0.0,0.0,False,False
1637249,11,3.73,5,0,0,41,2,5,76283,,39456,County Championship Division Two 2026,1,38,Middlesex Men,50,Lancashire Men,8748557,2026-09-02T13:51:32Z,4,64,False,,,,202.0,James Anderson,2680.0,Leus du Plooy,3829.0,Luke Hollman,,,Left,Wicketkeeper,0.0,0,0.0,0.0,,LengthBall,DownLeg,,PlayAndMissLegSide,BackFoot,Glance,InSwinger,Over,Medium,Right,Null,NotReferred,Null,False,False,False,False,False,True,,False,False,False,False,False,False,0.0,0.0,0.0,0.0,0.0,False,False
1637249,11,3.73,5,0,0,41,2,5,76283,,39456,County Championship Division Two 2026,1,38,Middlesex Men,50,Lancashire Men,8748566,2026-09-02T13:52:05Z,5,65,False,,,,202.0,James Anderson,2680.0,Leus du Plooy,3829.0,Luke Hollman,211.0,54.0,Left,Mid Wicket,1.0,0,1.0,1.0,,HalfVolley,MiddleStump,,MisTimed,FrontFoot,Drive,InSwinger,Over,Medium,Right,Null,NotReferred,Null,False,False,False,False,False,True,,False,False,False,False,False,False,1.0,0.0,0.0,0.0,0.0,False,True
1637249,11,3.73,5,0,0,41,2,5,76283,,39456,County Championship Division Two 2026,1,38,Middlesex Men,50,Lancashire Men,8748574,2026-09-02T13:52:58Z,6,66,False,,,,202.0,James Anderson,3829.0,Luke Hollman,2680.0,Leus du Plooy,212.0,41.0,Left,Mid Wicket,0.0,0,0.0,0.0,,LengthBall,OutsideOff,,InsideEdge,FrontFoot,ForwardDefensive,InSwinger,Round,Medium,Right,Null,NotReferred,Null,False,False,False,False,False,True,,False,False,False,False,False,False,0.0,0.0,0.0,0.0,0.0,False,False
1637259,12,3.92,6,0,0,47,2,6,76283,,39456,County Championship Division Two 2026,1,38,Middlesex Men,50,Lancashire Men,8748585,2026-09-02T13:54:12Z,1,67,False,,,,247.0,Tom Bailey,2680.0,Leus du Plooy,3829.0,Luke Hollman,,,Left,Wicketkeeper,0.0,0,0.0,0.0,,LengthBall,OutsideOff,,Missed,FrontFoot,ForwardDefensive,SeamAway,Round,Medium,Right,Null,NotReferred,Null,False,False,False,False,False,True,,False,False,False,False,False,False,0.0,0.0,0.0,0.0,0.0,False,False
1637259,12,3.92,6,0,0,47,2,6,76283,,39456,County Championship Division Two 2026,1,38,Middlesex Men,50,Lancashire Men,8748593,2026-09-02T13:54:43Z,2,68,False,,,,247.0,Tom Bailey,2680.0,Leus du Plooy,3829.0,Luke Hollman,255.0,56.0,Left,Mid On,0.0,0,0.0,0.0,,LengthBall,OutsideOff,,None,BackFoot,BackwardDefensive,SeamIn,Round,Medium,Right,Null,NotReferred,Null,False,False,False,False,False,True,,False,False,False,False,False,False,0.0,0.0,0.0,0.0,0.0,False,False
1637259,12,3.92,6,0,0,47,2,6,76283,,39456,County Championship Division Two 2026,1,38,Middlesex Men,50,Lancashire Men,8748600,2026-09-02T13:55:16Z,3,69,False,,,,247.0,Tom Bailey,2680.0,Leus du Plooy,3829.0,Luke Hollman,273.0,37.0,Left,Bowler,0.0,0,0.0,0.0,,LengthBall,OutsideOff,,None,FrontFoot,ForwardDefensive,SeamIn,Round,Medium,Right,Null,NotReferred,Null,False,False,False,False,False,True,,False,False,False,False,False,False,0.0,0.0,0.0,0.0,0.0,False,False
1637259,12,3.92,6,0,0,47,2,6,76283,,39456,County Championship Division Two 2026,1,38,Middlesex Men,50,Lancashire Men,8748609,2026-09-02T13:55:48Z,4,70,False,,,,247.0,Tom Bailey,2680.0,Leus du Plooy,3829.0,Luke Hollman,47.0,122.0,Left,Third Man,2.0,0,2.0,2.0,,LengthBall,OutsideOff,,OutsideEdge,BackFoot,BackwardDefensive,SeamAway,Round,Medium,Right,Null,NotReferred,Null,False,False,False,False,False,True,,False,False,False,False,False,False,2.0,0.0,0.0,0.0,0.0,False,False
1637259,12,3.92,6,0,0,47,2,6,76283,,39456,County Championship Division Two 2026,1,38,Middlesex Men,50,Lancashire Men,8748614,2026-09-02T13:56:28Z,5,71,False,,,,247.0,Tom Bailey,2680.0,Leus du Plooy,3829.0,Luke Hollman,14.0,168.0,Left,,4.0,0,4.0,4.0,,HalfVolley,Wide,,Middled,FrontFoot,Drive,NoMovement,Round,Medium,Right,Null,NotReferred,Null,False,False,False,False,False,True,,False,False,False,False,False,False,4.0,0.0,0.0,0.0,0.0,True,False
1637259,12,3.92,6,0,0,47,2,6,76283,,39456,County Championship Division Two 2026,1,38,Middlesex Men,50,Lancashire Men,8748621,2026-09-02T13:57:01Z,6,72,False,,,,247.0,Tom Bailey,2680.0,Leus du Plooy,3829.0,Luke Hollman,290.0,38.0,Left,Wicketkeeper,0.0,0,0.0,0.0,,LengthBall,OutsideOff,,None,BackFoot,BackwardDefensive,SeamIn,Round,Medium,Right,Null,NotReferred,Null,False,False,False,False,False,True,,False,False,False,False,False,False,0.0,0.0,0.0,0.0,0.0,False,False
1637265,13,3.69,1,0,0,48,2,1,76283,,39456,County Championship Division Two 2026,1,38,Middlesex Men,50,Lancashire Men,8748633,2026-09-02T13:58:06Z,1,73,False,,,,2949.0,George Balderson,3829.0,Luke Hollman,2680.0,Leus du Plooy,12.0,69.0,Left,Backward Point,0.0,0,0.0,0.0,,LengthBall,MiddleStump,,None,BackFoot,BackwardDefensive,SeamAway,Over,Medium,Right,Null,NotReferred,Null,False,False,False,False,False,True,,False,False,False,False,False,False,0.0,0.0,0.0,0.0,0.0,False,False
1637265,13,3.69,1,0,0,48,2,1,76283,,39456,County Championship Division Two 2026,1,38,Middlesex Men,50,Lancashire Men,8748638,2026-09-02T13:58:37Z,2,74,False,,,,2949.0,George Balderson,3829.0,Luke Hollman,2680.0,Leus du Plooy,342.0,46.0,Left,Cover,0.0,0,0.0,0.0,,LengthBall,MiddleStump,,None,BackFoot,BackwardDefensive,NoMovement,Over,Medium,Right,Null,NotReferred,Null,False,False,False,False,False,True,,False,False,False,False,False,False,0.0,0.0,0.0,0.0,0.0,False,False
1637265,13,3.69,1,0,0,48,2,1,76283,,39456,County Championship Division Two 2026,1,38,Middlesex Men,50,Lancashire Men,8748644,2026-09-02T13:59:05Z,3,75,False,,,,2949.0,George Balderson,3829.0,Luke Hollman,2680.0,Leus du Plooy,,,Left,Wicketkeeper,0.0,0,0.0,0.0,,LengthBall,OffStump,,ShouldersArms,NoMovement,ShouldersArms,SeamAway,Over,Medium,Right,Null,NotReferred,Null,False,False,False,False,False,True,,False,False,False,False,False,False,0.0,0.0,0.0,0.0,0.0,False,False
1637265,13,3.69,1,0,0,48,2,1,76283,,39456,County Championship Division Two 2026,1,38,Middlesex Men,50,Lancashire Men,8748653,2026-09-02T13:59:33Z,4,76,False,,,,2949.0,George Balderson,3829.0,Luke Hollman,2680.0,Leus du Plooy,251.0,62.0,Left,Mid On,0.0,0,0.0,0.0,,LengthBall,LegStump,,None,FrontFoot,Worked,NoMovement,Over,Medium,Right,Null,NotReferred,Null,False,False,False,False,False,True,,False,False,False,False,False,False,0.0,0.0,0.0,0.0,0.0,False,False
1637265,13,3.69,1,0,0,48,2,1,76283,,39456,County Championship Division Two 2026,1,38,Middlesex Men,50,Lancashire Men,8748659,2026-09-02T14:00:10Z,5,77,False,,,,2949.0,George Balderson,3829.0,Luke Hollman,2680.0,Leus du Plooy,164.0,111.0,Left,Deep Backward Square Leg,1.0,0,1.0,1.0,,LengthBall,OutsideOff,,InsideEdge,FrontFoot,ForwardDefensive,SeamIn,Round,Medium,Right,Null,NotReferred,Null,False,False,False,False,False,True,,False,False,False,False,False,False,1.0,0.0,0.0,0.0,0.0,False,False
1637265,13,3.69,1,0,0,48,2,1,76283,,39456,County Championship Division Two 2026,1,38,Middlesex Men,50,Lancashire Men,8748664,2026-09-02T14:00:58Z,6,78,False,,,,2949.0,George Balderson,2680.0,Leus du Plooy,3829.0,Luke Hollman,273.0,41.0,Left,Bowler,0.0,0,0.0,0.0,,LengthBall,OutsideOff,,None,FrontFoot,ForwardDefensive,SeamIn,Round,Medium,Right,Null,NotReferred,Null,False,False,False,False,False,True,,False,False,False,False,False,False,0.0,0.0,0.0,0.0,0.0,False,False
1637273,14,3.5,1,0,0,49,2,1,76283,,39456,County Championship Division Two 2026,1,38,Middlesex Men,50,Lancashire Men,8748674,2026-09-02T14:01:52Z,1,79,False,,,,247.0,Tom Bailey,3829.0,Luke Hollman,2680.0,Leus du Plooy,,,Left,Wicketkeeper,0.0,1,1.0,0.0,,LengthBall,LegStump,,PlayAndMissLegSide,FrontFoot,Flick,NoMovement,Round,Medium,Right,Null,NotReferred,Null,False,False,True,False,False,True,,False,False,False,False,False,False,1.0,1.0,0.0,0.0,0.0,False,False
1637273,14,3.5,1,0,0,49,2,1,76283,,39456,County Championship Division Two 2026,1,38,Middlesex Men,50,Lancashire Men,8748682,2026-09-02T14:02:29Z,2,80,False,,,,247.0,Tom Bailey,2680.0,Leus du Plooy,3829.0,Luke Hollman,295.0,38.0,Left,Wicketkeeper,0.0,0,0.0,0.0,,LengthBall,OutsideOff,,None,FrontFoot,ForwardDefensive,NoMovement,Round,Medium,Right,Null,NotReferred,Null,False,False,False,False,False,True,,False,False,False,False,False,False,0.0,0.0,0.0,0.0,0.0,False,False
1637273,14,3.5,1,0,0,49,2,1,76283,,39456,County Championship Division Two 2026,1,38,Middlesex Men,50,Lancashire Men,8748692,2026-09-02T14:03:02Z,3,81,False,,,,247.0,Tom Bailey,2680.0,Leus du Plooy,3829.0,Luke Hollman,244.0,74.0,Left,Mid On,0.0,0,0.0,0.0,,LengthBall,OffStump,,WellTimed,BackFoot,Flick,NoMovement,Round,Medium,Right,Null,NotReferred,Null,False,False,False,False,False,True,,False,False,False,False,False,False,0.0,0.0,0.0,0.0,0.0,False,False
1637273,14,3.5,1,0,0,49,2,1,76283,,39456,County Championship Division Two 2026,1,38,Middlesex Men,50,Lancashire Men,8748696,2026-09-02T14:03:38Z,4,82,False,,,,247.0,Tom Bailey,2680.0,Leus du Plooy,3829.0,Luke Hollman,,,Left,Wicketkeeper,0.0,0,0.0,0.0,,LengthBall,Wide,,Left,NoMovement,Leave,SeamAway,Round,Medium,Right,Null,NotReferred,Null,False,False,False,False,False,True,,False,False,False,False,False,False,0.0,0.0,0.0,0.0,0.0,False,False
1637273,14,3.5,1,0,0,49,2,1,76283,,39456,County Championship Division Two 2026,1,38,Middlesex Men,50,Lancashire Men,8748703,2026-09-02T14:04:12Z,5,83,False,,,,247.0,Tom Bailey,2680.0,Leus du Plooy,3829.0,Luke Hollman,208.0,57.0,Left,Square Leg,0.0,0,0.0,0.0,,LengthBall,OffStump,,None,BackFoot,Worked,SeamIn,Round,Medium,Right,Null,NotReferred,Null,False,False,False,False,False,True,,False,False,False,False,False,False,0.0,0.0,0.0,0.0,0.0,False,False
1637273,14,3.5,1,0,0,49,2,1,76283,,39456,County Championship Division Two 2026,1,38,Middlesex Men,50,Lancashire Men,8748707,2026-09-02T14:04:47Z,6,84,False,,,,247.0,Tom Bailey,2680.0,Leus du Plooy,3829.0,Luke Hollman,,,Left,Wicketkeeper,0.0,0,0.0,0.0,,LengthBall,OutsideOff,,ShouldersArms,NoMovement,ShouldersArms,SeamAway,Round,Medium,Right,Null,NotReferred,Null,False,False,False,False,False,True,,False,False,False,False,False,False,0.0,0.0,0.0,0.0,0.0,False,False
1637279,15,3.53,4,0,0,53,2,4,76283,,39456,County Championship Division Two 2026,1,38,Middlesex Men,50,Lancashire Men,8748716,2026-09-02T14:05:33Z,1,85,False,,,,2949.0,George Balderson,3829.0,Luke Hollman,2680.0,Leus du Plooy,,,Left,Wicketkeeper,0.0,0,0.0,0.0,,LengthBall,OutsideOff,,Missed,FrontFoot,Drive,NoMovement,Round,Medium,Right,Null,NotReferred,Null,False,False,False,False,False,True,,False,False,False,False,False,False,0.0,0.0,0.0,0.0,0.0,False,False
1637279,15,3.53,4,0,0,53,2,4,76283,,39456,County Championship Division Two 2026,1,38,Middlesex Men,50,Lancashire Men,8748724,2026-09-02T14:06:07Z,2,86,False,,,,2949.0,George Balderson,3829.0,Luke Hollman,2680.0,Leus du Plooy,,,Left,,0.0,0,0.0,0.0,,LengthBall,OffStump,Lbw,HitPad,FrontFoot,ForwardDefensive,SeamIn,Round,Medium,Right,Null,NotReferred,Null,False,False,False,False,False,True,1815.0,False,False,False,False,False,False,0.0,0.0,0.0,0.0,0.0,False,False
1637279,15,3.53,4,0,0,53,2,4,76283,,39456,County Championship Division Two 2026,1,38,Middlesex Men,50,Lancashire Men,8748732,2026-09-02T14:06:46Z,3,87,False,,,,2949.0,George Balderson,3829.0,Luke Hollman,2680.0,Leus du Plooy,319.0,42.0,Left,Extra Cover,0.0,0,0.0,0.0,,LengthBall,OutsideOff,,HitBody,NoMovement,BackwardDefensive,SeamIn,Round,Medium,Right,Null,NotReferred,Null,False,False,False,False,False,True,,False,False,False,False,False,False,0.0,0.0,0.0,0.0,0.0,False,False
1637279,15,3.53,4,0,0,53,2,4,76283,,39456,County Championship Division Two 2026,1,38,Middlesex Men,50,Lancashire Men,8748737,2026-09-02T14:07:16Z,4,88,False,,,,2949.0,George Balderson,3829.0,Luke Hollman,2680.0,Leus du Plooy,67.0,161.0,Left,,4.0,0,4.0,4.0,,HalfVolley,Wide,,ThickEdge,FrontFoot,Drive,NoMovement,Round,Medium,Right,Null,NotReferred,Null,False,False,False,False,False,True,,False,False,False,False,False,False,4.0,0.0,0.0,0.0,0.0,True,False
1637279,15,3.53,4,0,0,53,2,4,76283,,39456,County Championship Division Two 2026,1,38,Middlesex Men,50,Lancashire Men,8748742,2026-09-02T14:07:57Z,5,89,False,,,,2949.0,George Balderson,3829.0,Luke Hollman,2680.0,Leus du Plooy,323.0,40.0,Left,Extra Cover,0.0,0,0.0,0.0,,LengthBall,OutsideOff,,None,BackFoot,BackwardDefensive,SeamIn,Round,Medium,Right,Null,NotReferred,Null,False,False,False,False,False,True,,False,False,False,False,False,False,0.0,0.0,0.0,0.0,0.0,False,False
1637279,15,3.53,4,0,0,53,2,4,76283,,39456,County Championship Division Two 2026,1,38,Middlesex Men,50,Lancashire Men,8748749,2026-09-02T14:08:27Z,6,90,False,,,,2949.0,George Balderson,3829.0,Luke Hollman,2680.0,Leus du Plooy,,,Left,Wicketkeeper,0.0,0,0.0,0.0,,LengthBall,MiddleStump,,PlayAndMissLegSide,FrontFoot,Flick,NoMovement,Round,Medium,Right,Null,NotReferred,Null,False,False,False,False,False,True,,False,False,False,False,False,False,0.0,0.0,0.0,0.0,0.0,False,False
1637287,16,3.62,5,0,0,58,2,5,76283,,39456,County Championship Division Two 2026,1,38,Middlesex Men,50,Lancashire Men,8748763,2026-09-02T14:09:34Z,1,91,False,,,,10590.0,Ben Walkden,2680.0,Leus du Plooy,3829.0,Luke Hollman,183.0,35.0,Left,Wicketkeeper,0.0,0,0.0,0.0,,LengthBall,OffStump,,Gloved,BackFoot,Fended,SeamIn,Round,Medium,Right,Null,NotReferred,Null,False,False,False,False,False,True,,False,False,False,False,False,False,0.0,0.0,0.0,0.0,0.0,False,False
1637287,16,3.62,5,0,0,58,2,5,76283,,39456,County Championship Division Two 2026,1,38,Middlesex Men,50,Lancashire Men,8748767,2026-09-02T14:10:07Z,2,92,False,,,,10590.0,Ben Walkden,2680.0,Leus du Plooy,3829.0,Luke Hollman,108.0,160.0,Left,,4.0,0,4.0,4.0,,LengthBall,MiddleStump,,None,BackFoot,Glance,NoMovement,Round,Medium,Right,Null,NotReferred,Null,False,False,False,False,False,True,,False,False,False,False,False,False,4.0,0.0,0.0,0.0,0.0,True,False
1637287,16,3.62,5,0,0,58,2,5,76283,,39456,County Championship Division Two 2026,1,38,Middlesex Men,50,Lancashire Men,8748769,2026-09-02T14:10:43Z,3,93,False,,,,10590.0,Ben Walkden,2680.0,Leus du Plooy,3829.0,Luke Hollman,,,Left,Wicketkeeper,0.0,0,0.0,0.0,,LengthBall,Wide,,Missed,BackFoot,Cut,NoMovement,Round,Medium,Right,Null,NotReferred,Null,False,False,False,False,False,True,,False,False,False,False,False,False,0.0,0.0,0.0,0.0,0.0,False,False
1637287,16,3.62,5,0,0,58,2,5,76283,,39456,County Championship Division Two 2026,1,38,Middlesex Men,50,Lancashire Men,8748773,2026-09-02T14:11:12Z,4,94,False,,,,10590.0,Ben Walkden,2680.0,Leus du Plooy,3829.0,Luke Hollman,21.0,19.0,Left,Second Slip,0.0,0,0.0,0.0,,LengthBall,OutsideOff,,None,FrontFoot,ForwardDefensive,NoMovement,Round,Medium,Right,Null,NotReferred,Null,False,False,False,False,False,True,,False,False,False,False,False,False,0.0,0.0,0.0,0.0,0.0,False,False
1637287,16,3.62,5,0,0,58,2,5,76283,,39456,County Championship Division Two 2026,1,38,Middlesex Men,50,Lancashire Men,8748777,2026-09-02T14:11:47Z,5,95,False,,,,10590.0,Ben Walkden,2680.0,Leus du Plooy,3829.0,Luke Hollman,220.0,30.0,Left,Wicketkeeper,0.0,0,0.0,0.0,,LengthBall,OutsideOff,,None,FrontFoot,ForwardDefensive,NoMovement,Round,Medium,Right,Null,NotReferred,Null,False,False,False,False,False,True,,False,False,False,False,False,False,0.0,0.0,0.0,0.0,0.0,False,False
1637287,16,3.62,5,0,0,58,2,5,76283,,39456,County Championship Division Two 2026,1,38,Middlesex Men,50,Lancashire Men,8748783,2026-09-02T14:12:15Z,6,96,False,,,,10590.0,Ben Walkden,2680.0,Leus du Plooy,3829.0,Luke Hollman,199.0,87.0,Left,Square Leg,1.0,0,1.0,1.0,,LengthBall,OutsideOff,,None,BackFoot,Worked,NoMovement,Round,Medium,Right,Null,NotReferred,Null,False,False,False,False,False,True,,False,False,False,False,False,False,1.0,0.0,0.0,0.0,0.0,False,False
1637292,17,3.71,5,0,0,63,2,5,76283,,39456,County Championship Division Two 2026,1,38,Middlesex Men,50,Lancashire Men,8748793,2026-09-02T14:13:13Z,1,97,False,,,,2949.0,George Balderson,2680.0,Leus du Plooy,3829.0,Luke Hollman,59.0,19.0,Left,Second Slip,0.0,0,0.0,0.0,,LengthBall,OutsideOff,,OutsideEdge,FrontFoot,ForwardDefensive,SeamAway,Round,Medium,Right,Null,NotReferred,Null,False,False,False,False,False,True,,False,False,False,False,False,False,0.0,0.0,0.0,0.0,0.0,False,False
1637292,17,3.71,5,0,0,63,2,5,76283,,39456,County Championship Division Two 2026,1,38,Middlesex Men,50,Lancashire Men,8748797,2026-09-02T14:13:44Z,2,98,False,,,,2949.0,George Balderson,2680.0,Leus du Plooy,3829.0,Luke Hollman,325.0,176.0,Left,,4.0,0,4.0,4.0,,HalfVolley,OutsideOff,,Middled,FrontFoot,Drive,NoMovement,Round,Medium,Right,Null,NotReferred,Null,False,False,False,False,False,True,,False,False,False,False,False,False,4.0,0.0,0.0,0.0,0.0,True,False
1637292,17,3.71,5,0,0,63,2,5,76283,,39456,County Championship Division Two 2026,1,38,Middlesex Men,50,Lancashire Men,8748802,2026-09-02T14:14:22Z,3,99,False,,,,2949.0,George Balderson,2680.0,Leus du Plooy,3829.0,Luke Hollman,8.0,39.0,Left,Backward Point,0.0,0,0.0,0.0,,LengthBall,OutsideOff,,None,FrontFoot,ForwardDefensive,SeamAway,Round,Medium,Right,Null,NotReferred,Null,False,False,False,False,False,True,,False,False,False,False,False,False,0.0,0.0,0.0,0.0,0.0,False,False
1637292,17,3.71,5,0,0,63,2,5,76283,,39456,County Championship Division Two 2026,1,38,Middlesex Men,50,Lancashire Men,8748809,2026-09-02T14:15:06Z,4,100,False,,,,2949.0,George Balderson,2680.0,Leus du Plooy,3829.0,Luke Hollman,194.0,18.0,Left,Wicketkeeper,0.0,0,0.0,0.0,,LengthBall,OutsideOff,,InsideEdge,FrontFoot,ForwardDefensive,SeamIn,Round,Medium,Right,Null,NotReferred,Null,False,False,False,False,False,True,,False,False,False,False,False,False,0.0,0.0,0.0,0.0,0.0,False,False
1637292,17,3.71,5,0,0,63,2,5,76283,,39456,County Championship Division Two 2026,1,38,Middlesex Men,50,Lancashire Men,8748815,2026-09-02T14:15:38Z,5,101,False,,,,2949.0,George Balderson,2680.0,Leus du Plooy,3829.0,Luke Hollman,156.0,118.0,Left,Deep Backward Square Leg,1.0,0,1.0,1.0,,LengthBall,OutsideOff,,InsideEdge,FrontFoot,ForwardDefensive,SeamIn,Round,Medium,Right,Null,NotReferred,Null,False,False,False,False,False,True,,False,False,False,False,False,False,1.0,0.0,0.0,0.0,0.0,False,False
1637292,17,3.71,5,0,0,63,2,5,76283,,39456,County Championship Division Two 2026,1,38,Middlesex Men,50,Lancashire Men,8748821,2026-09-02T14:16:17Z,6,102,False,,,,2949.0,George Balderson,3829.0,Luke Hollman,2680.0,Leus du Plooy,,,Left,Wicketkeeper,0.0,0,0.0,0.0,,LengthBall,OutsideOff,,Missed,FrontFoot,ForwardDefensive,SeamAway,Round,Medium,Right,Null,NotReferred,Null,False,False,False,False,False,True,,False,False,False,False,False,False,0.0,0.0,0.0,0.0,0.0,False,False
1637298,18,3.67,3,0,0,66,2,3,76283,,39456,County Championship Division Two 2026,1,38,Middlesex Men,50,Lancashire Men,8748828,2026-09-02T14:17:01Z,1,103,False,,,,10590.0,Ben Walkden,2680.0,Leus du Plooy,3829.0,Luke Hollman,,,Left,Wicketkeeper,0.0,0,0.0,0.0,,LengthBall,Wide,,Left,NoMovement,Leave,NoMovement,Round,Medium,Right,Null,NotReferred,Null,False,False,False,False,False,True,,False,False,False,False,False,False,0.0,0.0,0.0,0.0,0.0,False,False
1637298,18,3.67,3,0,0,66,2,3,76283,,39456,County Championship Division Two 2026,1,38,Middlesex Men,50,Lancashire Men,8748837,2026-09-02T14:17:31Z,2,104,False,,,,10590.0,Ben Walkden,2680.0,Leus du Plooy,3829.0,Luke Hollman,,,Left,Wicketkeeper,2.0,2,2.0,0.0,,HalfVolley,Wide,,Missed,FrontFoot,Drive,NoMovement,Round,Medium,Right,Null,NotReferred,1,False,True,False,False,False,True,,False,False,False,False,False,False,2.0,0.0,0.0,0.0,2.0,False,False
1637298,18,3.67,3,0,0,66,2,3,76283,,39456,County Championship Division Two 2026,1,38,Middlesex Men,50,Lancashire Men,8748840,2026-09-02T14:18:01Z,2,105,False,,,,10590.0,Ben Walkden,2680.0,Leus du Plooy,3829.0,Luke Hollman,31.0,25.0,Left,Gully,0.0,0,0.0,0.0,,LengthBall,OutsideOff,,None,BackFoot,BackwardDefensive,NoMovement,Round,Medium,Right,Null,NotReferred,Null,False,False,False,False,False,True,,False,False,False,False,False,False,0.0,0.0,0.0,0.0,0.0,False,False
1637298,18,3.67,3,0,0,66,2,3,76283,,39456,County Championship Division Two 2026,1,38,Middlesex Men,50,Lancashire Men,8748843,2026-09-02T14:18:32Z,3,106,False,,,,10590.0,Ben Walkden,2680.0,Leus du Plooy,3829.0,Luke Hollman,140.0,114.0,Left,Fine Leg,1.0,0,1.0,1.0,,LengthBall,MiddleStump,,WellTimed,BackFoot,Worked,NoMovement,Round,Medium,Right,Null,NotReferred,Null,False,False,False,False,False,True,,False,False,False,False,False,False,1.0,0.0,0.0,0.0,0.0,False,False
1637298,18,3.67,3,0,0,66,2,3,76283,,39456,County Championship Division Two 2026,1,38,Middlesex Men,50,Lancashire Men,8748849,2026-09-02T14:19:10Z,4,107,False,,,,10590.0,Ben Walkden,3829.0,Luke Hollman,2680.0,Leus du Plooy,329.0,63.0,Left,Extra Cover,0.0,0,0.0,0.0,,LengthBall,OutsideOff,,None,FrontFoot,ForwardDefensive,NoMovement,Round,Medium,Right,Null,NotReferred,Null,False,False,False,False,False,True,,False,False,False,False,False,False,0.0,0.0,0.0,0.0,0.0,False,False
1637298,18,3.67,3,0,0,66,2,3,76283,,39456,County Championship Division Two 2026,1,38,Middlesex Men,50,Lancashire Men,8748855,2026-09-02T14:19:46Z,5,108,False,,,,10590.0,Ben Walkden,3829.0,Luke Hollman,2680.0,Leus du Plooy,287.0,71.0,Left,Mid Off,0.0,0,0.0,0.0,,LengthBall,OutsideOff,,None,FrontFoot,Pushed,NoMovement,Round,Medium,Right,Null,NotReferred,Null,False,False,False,False,False,True,,False,False,False,False,False,False,0.0,0.0,0.0,0.0,0.0,False,False
1637298,18,3.67,3,0,0,66,2,3,76283,,39456,County Championship Division Two 2026,1,38,Middlesex Men,50,Lancashire Men,8748857,2026-09-02T14:20:17Z,6,109,False,,,,10590.0,Ben Walkden,3829.0,Luke Hollman,2680.0,Leus du Plooy,328.0,56.0,Left,Extra Cover,0.0,0,0.0,0.0,,LengthBall,OutsideOff,,None,FrontFoot,ForwardDefensive,NoMovement,Round,Medium,Right,Null,NotReferred,Null,False,False,False,False,False,True,,False,False,False,False,False,False,0.0,0.0,0.0,0.0,0.0,False,False
1637305,19,3.63,3,0,0,69,2,3,76283,,39456,County Championship Division Two 2026,1,38,Middlesex Men,50,Lancashire Men,8748869,2026-09-02T14:21:17Z,1,110,False,,,,2949.0,George Balderson,2680.0,Leus du Plooy,3829.0,Luke Hollman,,,Left,Wicketkeeper,0.0,0,0.0,0.0,,LengthBall,OutsideOff,,Missed,FrontFoot,ForwardDefensive,SeamAway,Round,Medium,Right,Null,NotReferred,Null,False,False,False,False,False,True,,False,False,False,False,False,False,0.0,0.0,0.0,0.0,0.0,False,False
1637305,19,3.63,3,0,0,69,2,3,76283,,39456,County Championship Division Two 2026,1,38,Middlesex Men,50,Lancashire Men,8748877,2026-09-02T14:21:48Z,2,111,False,,,,2949.0,George Balderson,2680.0,Leus du Plooy,3829.0,Luke Hollman,13.0,144.0,Left,Deep Backward Point,3.0,0,3.0,3.0,,BackOfALength,OutsideOff,,WellTimed,BackFoot,Drive,NoMovement,Round,Medium,Right,Null,NotReferred,Null,False,False,False,False,False,True,,False,False,False,False,False,False,3.0,0.0,0.0,0.0,0.0,False,False
1637305,19,3.63,3,0,0,69,2,3,76283,,39456,County Championship Division Two 2026,1,38,Middlesex Men,50,Lancashire Men,8748883,2026-09-02T14:22:33Z,3,112,False,,,,2949.0,George Balderson,3829.0,Luke Hollman,2680.0,Leus du Plooy,342.0,61.0,Left,Cover,0.0,0,0.0,0.0,,LengthBall,OutsideOff,,None,FrontFoot,ForwardDefensive,NoMovement,Round,Medium,Right,Null,NotReferred,Null,False,False,False,False,False,True,,False,False,False,False,False,False,0.0,0.0,0.0,0.0,0.0,False,False
1637305,19,3.63,3,0,0,69,2,3,76283,,39456,County Championship Division Two 2026,1,38,Middlesex Men,50,Lancashire Men,8748887,2026-09-02T14:23:04Z,4,113,False,,,,2949.0,George Balderson,3829.0,Luke Hollman,2680.0,Leus du Plooy,21.0,61.0,Left,Backward Point,0.0,0,0.0,0.0,,LengthBall,OutsideOff,,None,FrontFoot,ForwardDefensive,NoMovement,Round,Medium,Right,Null,NotReferred,Null,False,False,False,False,False,True,,False,False,False,False,False,False,0.0,0.0,0.0,0.0,0.0,False,False
1637305,19,3.63,3,0,0,69,2,3,76283,,39456,County Championship Division Two 2026,1,38,Middlesex Men,50,Lancashire Men,8748891,2026-09-02T14:23:35Z,5,114,False,,,,2949.0,George Balderson,3829.0,Luke Hollman,2680.0,Leus du Plooy,,,Left,Wicketkeeper,0.0,0,0.0,0.0,,LengthBall,OutsideOff,,Left,NoMovement,Leave,NoMovement,Round,Medium,Right,Null,NotReferred,Null,False,False,False,False,False,True,,False,False,False,False,False,False,0.0,0.0,0.0,0.0,0.0,False,False
1637305,19,3.63,3,0,0,69,2,3,76283,,39456,County Championship Division Two 2026,1,38,Middlesex Men,50,Lancashire Men,8748895,2026-09-02T14:24:06Z,6,115,False,,,,2949.0,George Balderson,3829.0,Luke Hollman,2680.0,Leus du Plooy,,,Left,Wicketkeeper,0.0,0,0.0,0.0,,LengthBall,OutsideOff,,Missed,FrontFoot,ForwardDefensive,SeamAway,Round,Medium,Right,Null,NotReferred,Null,False,False,False,False,False,True,,False,False,False,False,False,False,0.0,0.0,0.0,0.0,0.0,False,False
1637310,20,3.5,1,0,0,70,2,1,76283,,39456,County Championship Division Two 2026,1,38,Middlesex Men,50,Lancashire Men,8748902,2026-09-02T14:24:52Z,1,116,False,,,,10590.0,Ben Walkden,2680.0,Leus du Plooy,3829.0,Luke Hollman,207.0,47.0,Left,Square Leg,0.0,0,0.0,0.0,,BackOfALength,OffStump,,None,BackFoot,Worked,NoMovement,Round,Medium,Right,Null,NotReferred,Null,False,False,False,False,False,True,,False,False,False,False,False,False,0.0,0.0,0.0,0.0,0.0,False,False
1637310,20,3.5,1,0,0,70,2,1,76283,,39456,County Championship Division Two 2026,1,38,Middlesex Men,50,Lancashire Men,8748906,2026-09-02T14:25:25Z,2,117,False,,,,10590.0,Ben Walkden,2680.0,Leus du Plooy,3829.0,Luke Hollman,250.0,69.0,Left,Mid On,0.0,0,0.0,0.0,,LengthBall,OutsideOff,,None,BackFoot,Drive,NoMovement,Round,Medium,Right,Null,NotReferred,Null,False,False,False,False,False,True,,False,False,False,False,False,False,0.0,0.0,0.0,0.0,0.0,False,False
1637310,20,3.5,1,0,0,70,2,1,76283,,39456,County Championship Division Two 2026,1,38,Middlesex Men,50,Lancashire Men,8748912,2026-09-02T14:25:59Z,3,118,False,,,,10590.0,Ben Walkden,2680.0,Leus du Plooy,3829.0,Luke Hollman,245.0,35.0,Left,Wicketkeeper,0.0,0,0.0,0.0,,LengthBall,OutsideOff,,None,FrontFoot,ForwardDefensive,NoMovement,Round,Medium,Right,Null,NotReferred,Null,False,False,False,False,False,True,,False,False,False,False,False,False,0.0,0.0,0.0,0.0,0.0,False,False
1637310,20,3.5,1,0,0,70,2,1,76283,,39456,County Championship Division Two 2026,1,38,Middlesex Men,50,Lancashire Men,8748916,2026-09-02T14:26:29Z,4,119,False,,,,10590.0,Ben Walkden,2680.0,Leus du Plooy,3829.0,Luke Hollman,264.0,34.0,Left,Wicketkeeper,0.0,0,0.0,0.0,,LengthBall,OutsideOff,,None,FrontFoot,ForwardDefensive,NoMovement,Round,Medium,Right,Null,NotReferred,Null,False,False,False,False,False,True,,False,False,False,False,False,False,0.0,0.0,0.0,0.0,0.0,False,False
1637310,20,3.5,1,0,0,70,2,1,76283,,39456,County Championship Division Two 2026,1,38,Middlesex Men,50,Lancashire Men,8748921,2026-09-02T14:27:02Z,5,120,False,,,,10590.0,Ben Walkden,2680.0,Leus du Plooy,3829.0,Luke Hollman,278.0,37.0,Left,Bowler,0.0,0,0.0,0.0,,LengthBall,OutsideOff,,WellTimed,FrontFoot,ForwardDefensive,NoMovement,Round,Medium,Right,Null,NotReferred,Null,False,False,False,False,False,True,,False,False,False,False,False,False,0.0,0.0,0.0,0.0,0.0,False,False
1637310,20,3.5,1,0,0,70,2,1,76283,,39456,County Championship Division Two 2026,1,38,Middlesex Men,50,Lancashire Men,8748927,2026-09-02T14:27:34Z,6,121,False,,,,10590.0,Ben Walkden,2680.0,Leus du Plooy,3829.0,Luke Hollman,156.0,110.0,Left,Deep Backward Square Leg,1.0,0,1.0,1.0,,LengthBall,OffStump,,WellTimed,BackFoot,Worked,NoMovement,Round,Medium,Right,Null,NotReferred,Null,False,False,False,False,False,True,,False,False,False,False,False,False,1.0,0.0,0.0,0.0,0.0,False,False
1637315,21,3.57,5,0,0,75,2,5,76283,,39456,County Championship Division Two 2026,1,38,Middlesex Men,50,Lancashire Men,8748934,2026-09-02T14:28:24Z,1,122,False,,,,2949.0,George Balderson,2680.0,Leus du Plooy,3829.0,Luke Hollman,252.0,57.0,Left,Mid On,0.0,0,0.0,0.0,,LengthBall,OutsideOff,,MisTimed,BackFoot,Pushed,NoMovement,Round,Medium,Right,Null,NotReferred,Null,False,False,False,False,False,True,,False,False,False,False,False,False,0.0,0.0,0.0,0.0,0.0,False,False
1637315,21,3.57,5,0,0,75,2,5,76283,,39456,County Championship Division Two 2026,1,38,Middlesex Men,50,Lancashire Men,8748939,2026-09-02T14:28:52Z,2,123,False,,,,2949.0,George Balderson,2680.0,Leus du Plooy,3829.0,Luke Hollman,206.0,42.0,Left,Square Leg,0.0,1,1.0,0.0,,LengthBall,OffStump,,HitPad,FrontFoot,Worked,SeamIn,Round,Medium,Right,Null,NotReferred,Null,False,False,False,True,False,True,,False,False,False,False,False,False,1.0,0.0,0.0,1.0,0.0,False,False
1637315,21,3.57,5,0,0,75,2,5,76283,,39456,County Championship Division Two 2026,1,38,Middlesex Men,50,Lancashire Men,8748945,2026-09-02T14:29:29Z,3,124,False,,,,2949.0,George Balderson,3829.0,Luke Hollman,2680.0,Leus du Plooy,81.0,160.0,Left,,4.0,0,4.0,4.0,,LengthBall,OutsideOff,,OutsideEdge,BackFoot,BackwardDefensive,SeamAway,Round,Medium,Right,Null,NotReferred,Null,False,False,False,False,False,True,,False,False,False,False,False,False,4.0,0.0,0.0,0.0,0.0,True,False
1637315,21,3.57,5,0,0,75,2,5,76283,,39456,County Championship Division Two 2026,1,38,Middlesex Men,50,Lancashire Men,8748951,2026-09-02T14:30:11Z,4,125,False,,,,2949.0,George Balderson,3829.0,Luke Hollman,2680.0,Leus du Plooy,336.0,48.0,Left,Cover,0.0,0,0.0,0.0,,LengthBall,OutsideOff,,None,BackFoot,BackwardDefensive,NoMovement,Round,Medium,Right,Null,NotReferred,Null,False,False,False,False,False,True,,False,False,False,False,False,False,0.0,0.0,0.0,0.0,0.0,False,False
1637315,21,3.57,5,0,0,75,2,5,76283,,39456,County Championship Division Two 2026,1,38,Middlesex Men,50,Lancashire Men,8748954,2026-09-02T14:30:42Z,5,126,False,,,,2949.0,George Balderson,3829.0,Luke Hollman,2680.0,Leus du Plooy,292.0,64.0,Left,Mid Off,0.0,0,0.0,0.0,,HalfVolley,OutsideOff,,None,FrontFoot,Pushed,NoMovement,Round,Medium,Right,Null,NotReferred,Null,False,False,False,False,False,True,,False,False,False,False,False,False,0.0,0.0,0.0,0.0,0.0,False,False
1637315,21,3.57,5,0,0,75,2,5,76283,,39456,County Championship Division Two 2026,1,38,Middlesex Men,50,Lancashire Men,8748958,2026-09-02T14:31:14Z,6,127,False,,,,2949.0,George Balderson,3829.0,Luke Hollman,2680.0,Leus du Plooy,295.0,58.0,Left,Mid Off,0.0,0,0.0,0.0,,LengthBall,OutsideOff,,None,FrontFoot,ForwardDefensive,NoMovement,Round,Medium,Right,Null,NotReferred,Null,False,False,False,False,False,True,,False,False,False,False,False,False,0.0,0.0,0.0,0.0,0.0,False,False
1637320,22,3.59,4,0,0,79,2,4,76283,,39456,County Championship Division Two 2026,1,38,Middlesex Men,50,Lancashire Men,8748964,2026-09-02T14:32:10Z,1,128,False,,,,10590.0,Ben Walkden,2680.0,Leus du Plooy,3829.0,Luke Hollman,,,Left,Wicketkeeper,0.0,0,0.0,0.0,,LengthBall,OutsideOff,,Missed,BackFoot,BackwardDefensive,SeamAway,Round,Medium,Right,Null,NotReferred,Null,False,False,False,False,False,True,,False,False,False,False,False,False,0.0,0.0,0.0,0.0,0.0,False,False
1637320,22,3.59,4,0,0,79,2,4,76283,,39456,County Championship Division Two 2026,1,38,Middlesex Men,50,Lancashire Men,8748969,2026-09-02T14:32:44Z,2,129,False,,,,10590.0,Ben Walkden,2680.0,Leus du Plooy,3829.0,Luke Hollman,278.0,37.0,Left,Bowler,0.0,0,0.0,0.0,,LengthBall,OutsideOff,,None,FrontFoot,ForwardDefensive,NoMovement,Round,Medium,Right,Null,NotReferred,Null,False,False,False,False,False,True,,False,False,False,False,False,False,0.0,0.0,0.0,0.0,0.0,False,False
1637320,22,3.59,4,0,0,79,2,4,76283,,39456,County Championship Division Two 2026,1,38,Middlesex Men,50,Lancashire Men,8748972,2026-09-02T14:33:16Z,3,130,False,,,,10590.0,Ben Walkden,2680.0,Leus du Plooy,3829.0,Luke Hollman,199.0,173.0,Left,,4.0,0,4.0,4.0,,BackOfALength,OutsideOff,,Middled,BackFoot,Pull,NoMovement,Round,Medium,Right,Null,NotReferred,Null,False,False,False,False,True,True,,False,False,False,False,False,False,4.0,0.0,0.0,0.0,0.0,True,False
1637320,22,3.59,4,0,0,79,2,4,76283,,39456,County Championship Division Two 2026,1,38,Middlesex Men,50,Lancashire Men,8748979,2026-09-02T14:33:57Z,4,131,False,,,,10590.0,Ben Walkden,2680.0,Leus du Plooy,3829.0,Luke Hollman,212.0,36.0,Left,Mid Wicket,0.0,0,0.0,0.0,,LengthBall,OffStump,,HitPad,BackFoot,Worked,NoMovement,Round,Medium,Right,Null,NotReferred,Null,False,False,False,False,False,True,,False,False,False,False,False,False,0.0,0.0,0.0,0.0,0.0,False,False
1637320,22,3.59,4,0,0,79,2,4,76283,,39456,County Championship Division Two 2026,1,38,Middlesex Men,50,Lancashire Men,8748983,2026-09-02T14:34:28Z,5,132,False,,,,10590.0,Ben Walkden,2680.0,Leus du Plooy,3829.0,Luke Hollman,275.0,41.0,Left,Bowler,0.0,0,0.0,0.0,,LengthBall,OutsideOff,,None,FrontFoot,ForwardDefensive,NoMovement,Round,Medium,Right,Null,NotReferred,Null,False,False,False,False,False,True,,False,False,False,False,False,False,0.0,0.0,0.0,0.0,0.0,False,False
1637320,22,3.59,4,0,0,79,2,4,76283,,39456,County Championship Division Two 2026,1,38,Middlesex Men,50,Lancashire Men,8748987,2026-09-02T14:35:02Z,6,133,False,,,,10590.0,Ben Walkden,2680.0,Leus du Plooy,3829.0,Luke Hollman,326.0,60.0,Left,Extra Cover,0.0,0,0.0,0.0,,LengthBall,OutsideOff,,None,BackFoot,Drive,NoMovement,Round,Medium,Right,Null,NotReferred,Null,False,False,False,False,False,True,,False,False,False,False,False,False,0.0,0.0,0.0,0.0,0.0,False,False
1637326,23,3.91,11,0,0,90,2,11,76283,,39456,County Championship Division Two 2026,1,38,Middlesex Men,50,Lancashire Men,8748994,2026-09-02T14:36:12Z,1,134,False,,,,2949.0,George Balderson,3829.0,Luke Hollman,2680.0,Leus du Plooy,129.0,108.0,Left,Fine Leg,1.0,0,1.0,1.0,,LengthBall,OffStump,,InsideEdge,BackFoot,BackwardDefensive,NoMovement,Round,Medium,Right,Null,NotReferred,Null,False,False,False,False,False,True,,False,False,False,False,False,False,1.0,0.0,0.0,0.0,0.0,False,False
1637326,23,3.91,11,0,0,90,2,11,76283,,39456,County Championship Division Two 2026,1,38,Middlesex Men,50,Lancashire Men,8749000,2026-09-02T14:36:46Z,2,135,False,,,,2949.0,George Balderson,2680.0,Leus du Plooy,3829.0,Luke Hollman,144.0,149.0,Left,Fine Leg,2.0,0,2.0,2.0,,LengthBall,OffStump,,WellTimed,BackFoot,Flick,NoMovement,Round,Medium,Right,Null,NotReferred,Null,False,False,False,False,False,True,,False,False,False,False,False,False,2.0,0.0,0.0,0.0,0.0,False,False
1637326,23,3.91,11,0,0,90,2,11,76283,,39456,County Championship Division Two 2026,1,38,Middlesex Men,50,Lancashire Men,8749006,2026-09-02T14:37:30Z,3,136,False,,,,2949.0,George Balderson,2680.0,Leus du Plooy,3829.0,Luke Hollman,,,Left,Wicketkeeper,0.0,4,4.0,0.0,,LengthBall,OutsideOff,,Missed,BackFoot,Drive,SeamIn,Round,Medium,Right,Null,NotReferred,Null,False,False,True,False,False,True,,False,False,False,False,False,False,4.0,4.0,0.0,0.0,0.0,False,False
1637326,23,3.91,11,0,0,90,2,11,76283,,39456,County Championship Division Two 2026,1,38,Middlesex Men,50,Lancashire Men,8749010,2026-09-02T14:38:11Z,4,137,False,,,,2949.0,George Balderson,2680.0,Leus du Plooy,3829.0,Luke Hollman,219.0,42.0,Left,Mid Wicket,0.0,0,0.0,0.0,,LengthBall,OutsideOff,,None,FrontFoot,ForwardDefensive,SeamIn,Round,Medium,Right,Null,NotReferred,Null,False,False,False,False,False,True,,False,False,False,False,False,False,0.0,0.0,0.0,0.0,0.0,False,False
1637326,23,3.91,11,0,0,90,2,11,76283,,39456,County Championship Division Two 2026,1,38,Middlesex Men,50,Lancashire Men,8749013,2026-09-02T14:38:43Z,5,138,False,,,,2949.0,George Balderson,2680.0,Leus du Plooy,3829.0,Luke Hollman,314.0,46.0,Left,Extra Cover,0.0,0,0.0,0.0,,LengthBall,OutsideOff,,MisTimed,BackFoot,Worked,NoMovement,Round,Medium,Right,Null,NotReferred,Null,False,False,False,False,False,True,,False,False,False,False,False,False,0.0,0.0,0.0,0.0,0.0,False,False
1637326,23,3.91,11,0,0,90,2,11,76283,,39456,County Championship Division Two 2026,1,38,Middlesex Men,50,Lancashire Men,8749017,2026-09-02T14:39:12Z,6,139,False,,,,2949.0,George Balderson,2680.0,Leus du Plooy,3829.0,Luke Hollman,,,Left,,0.0,4,4.0,0.0,,LengthBall,OffStump,,HitPad,BackFoot,Glance,NoMovement,Round,Medium,Right,Null,NotReferred,Null,False,False,False,True,False,True,,False,False,False,False,False,False,4.0,0.0,0.0,4.0,0.0,False,False
1637331,24,3.83,2,0,0,92,2,2,76283,,39456,County Championship Division Two 2026,1,38,Middlesex Men,50,Lancashire Men,8749028,2026-09-02T14:40:47Z,1,140,False,,,,10590.0,Ben Walkden,3829.0,Luke Hollman,2680.0,Leus du Plooy,308.0,47.0,Left,Extra Cover,0.0,0,0.0,0.0,,LengthBall,OutsideOff,,None,FrontFoot,ForwardDefensive,NoMovement,Round,Medium,Right,Null,NotReferred,Null,False,False,False,False,False,True,,False,False,False,False,False,False,0.0,0.0,0.0,0.0,0.0,False,False
1637331,24,3.83,2,0,0,92,2,2,76283,,39456,County Championship Division Two 2026,1,38,Middlesex Men,50,Lancashire Men,8749032,2026-09-02T14:41:17Z,2,141,False,,,,10590.0,Ben Walkden,3829.0,Luke Hollman,2680.0,Leus du Plooy,284.0,59.0,Left,Mid Off,0.0,0,0.0,0.0,,LengthBall,OutsideOff,,None,FrontFoot,ForwardDefensive,NoMovement,Round,Medium,Right,Null,NotReferred,Null,False,False,False,False,False,True,,False,False,False,False,False,False,0.0,0.0,0.0,0.0,0.0,False,False
1637331,24,3.83,2,0,0,92,2,2,76283,,39456,County Championship Division Two 2026,1,38,Middlesex Men,50,Lancashire Men,8749037,2026-09-02T14:41:52Z,3,142,False,,,,10590.0,Ben Walkden,3829.0,Luke Hollman,2680.0,Leus du Plooy,280.0,42.0,Left,Bowler,0.0,0,0.0,0.0,,HalfVolley,OffStump,,None,FrontFoot,Pushed,NoMovement,Round,Medium,Right,Null,NotReferred,Null,False,False,False,False,False,True,,False,False,False,False,False,False,0.0,0.0,0.0,0.0,0.0,False,False
1637331,24,3.83,2,0,0,92,2,2,76283,,39456,County Championship Division Two 2026,1,38,Middlesex Men,50,Lancashire Men,8749043,2026-09-02T14:42:23Z,4,143,False,,,,10590.0,Ben Walkden,3829.0,Luke Hollman,2680.0,Leus du Plooy,174.0,92.0,Left,Backward Square Leg,1.0,0,1.0,1.0,,LengthBall,OffStump,,None,BackFoot,Worked,NoMovement,Round,Medium,Right,Null,NotReferred,Null,False,False,False,False,False,True,,False,False,False,False,False,False,1.0,0.0,0.0,0.0,0.0,False,False
1637331,24,3.83,2,0,0,92,2,2,76283,,39456,County Championship Division Two 2026,1,38,Middlesex Men,50,Lancashire Men,8749046,2026-09-02T14:42:58Z,5,144,False,,,,10590.0,Ben Walkden,2680.0,Leus du Plooy,3829.0,Luke Hollman,265.0,39.0,Left,Wicketkeeper,0.0,0,0.0,0.0,,LengthBall,OutsideOff,,None,FrontFoot,ForwardDefensive,NoMovement,Round,Medium,Right,Null,NotReferred,Null,False,False,False,False,False,True,,False,False,False,False,False,False,0.0,0.0,0.0,0.0,0.0,False,False
1637331,24,3.83,2,0,0,92,2,2,76283,,39456,County Championship Division Two 2026,1,38,Middlesex Men,50,Lancashire Men,8749050,2026-09-02T14:43:28Z,6,145,False,,,,10590.0,Ben Walkden,2680.0,Leus du Plooy,3829.0,Luke Hollman,143.0,115.0,Left,Fine Leg,1.0,0,1.0,1.0,,LengthBall,OffStump,,None,BackFoot,Worked,NoMovement,Round,Medium,Right,Null,NotReferred,Null,False,False,False,False,False,True,,False,False,False,False,False,False,1.0,0.0,0.0,0.0,0.0,False,False
1637335,25,3.68,0,1,0,92,3,0,76283,,39456,County Championship Division Two 2026,1,38,Middlesex Men,50,Lancashire Men,8749055,2026-09-02T14:44:24Z,1,146,False,,,,2949.0,George Balderson,2680.0,Leus du Plooy,3829.0,Luke Hollman,335.0,60.0,Left,Cover,0.0,0,0.0,0.0,,LengthBall,OutsideOff,,None,BackFoot,Pushed,NoMovement,Round,Medium,Right,Null,NotReferred,Null,False,False,False,False,False,True,,False,False,False,False,False,False,0.0,0.0,0.0,0.0,0.0,False,False
1637335,25,3.68,0,1,0,92,3,0,76283,,39456,County Championship Division Two 2026,1,38,Middlesex Men,50,Lancashire Men,8749059,2026-09-02T14:44:56Z,2,147,False,,,,2949.0,George Balderson,2680.0,Leus du Plooy,3829.0,Luke Hollman,,,Left,Wicketkeeper,0.0,0,0.0,0.0,,LengthBall,Wide,,Left,NoMovement,Leave,NoMovement,Round,Medium,Right,Null,NotReferred,Null,False,False,False,False,False,True,,False,False,False,False,False,False,0.0,0.0,0.0,0.0,0.0,False,False
1637335,25,3.68,0,1,0,92,3,0,76283,,39456,County Championship Division Two 2026,1,38,Middlesex Men,50,Lancashire Men,8749063,2026-09-02T14:45:28Z,3,148,False,,,,2949.0,George Balderson,2680.0,Leus du Plooy,3829.0,Luke Hollman,283.0,40.0,Left,Bowler,0.0,0,0.0,0.0,,LengthBall,OutsideOff,,None,BackFoot,BackwardDefensive,NoMovement,Round,Medium,Right,Null,NotReferred,Null,False,False,False,False,False,True,,False,False,False,False,False,False,0.0,0.0,0.0,0.0,0.0,False,False
1637335,25,3.68,0,1,0,92,3,0,76283,,39456,County Championship Division Two 2026,1,38,Middlesex Men,50,Lancashire Men,8749069,2026-09-02T14:46:02Z,4,149,False,,,,2949.0,George Balderson,2680.0,Leus du Plooy,3829.0,Luke Hollman,243.0,45.0,Left,Mid On,0.0,0,0.0,0.0,,LengthBall,OutsideOff,,None,BackFoot,Pushed,NoMovement,Round,Medium,Right,Null,NotReferred,Null,False,False,False,False,False,True,,False,False,False,False,False,False,0.0,0.0,0.0,0.0,0.0,False,False
1637335,25,3.68,0,1,0,92,3,0,76283,,39456,County Championship Division Two 2026,1,38,Middlesex Men,50,Lancashire Men,8749073,2026-09-02T14:46:34Z,5,150,False,,,,2949.0,George Balderson,2680.0,Leus du Plooy,3829.0,Luke Hollman,233.0,44.0,Left,Mid Wicket,0.0,0,0.0,0.0,,HalfVolley,OutsideOff,,MisTimed,FrontFoot,Pushed,NoMovement,Round,Medium,Right,Null,NotReferred,Null,False,False,False,False,False,True,,False,False,False,False,False,False,0.0,0.0,0.0,0.0,0.0,False,False
1637335,25,3.68,0,1,0,92,3,0,76283,,39456,County Championship Division Two 2026,1,38,Middlesex Men,50,Lancashire Men,8749077,2026-09-02T14:47:04Z,6,151,True,Caught,2680.0,Leus du Plooy,2949.0,George Balderson,2680.0,Leus du Plooy,3829.0,Luke Hollman,31.0,29.0,Left,Gully,0.0,0,0.0,0.0,Caught,HalfVolley,Wide,Caught,ThickEdge,FrontFoot,Drive,NoMovement,Round,Medium,Right,Null,NotReferred,Null,False,False,False,False,False,True,1815.0,False,False,False,False,False,False,0.0,0.0,0.0,0.0,0.0,False,True
1637341,26,4.0,12,0,0,104,3,12,76283,,39456,County Championship Division Two 2026,1,38,Middlesex Men,50,Lancashire Men,8749085,2026-09-02T14:49:09Z,1,152,False,,,,10590.0,Ben Walkden,3829.0,Luke Hollman,7893.0,Ben Geddes,332.0,175.0,Left,,4.0,0,4.0,4.0,,HalfVolley,OutsideOff,,Middled,FrontFoot,Drive,NoMovement,Round,Medium,Right,Null,NotReferred,Null,False,False,False,False,False,True,,False,False,False,False,False,False,4.0,0.0,0.0,0.0,0.0,True,False
1637341,26,4.0,12,0,0,104,3,12,76283,,39456,County Championship Division Two 2026,1,38,Middlesex Men,50,Lancashire Men,8749089,2026-09-02T14:49:43Z,2,153,False,,,,10590.0,Ben Walkden,3829.0,Luke Hollman,7893.0,Ben Geddes,319.0,177.0,Left,,4.0,0,4.0,4.0,,HalfVolley,OutsideOff,,Middled,FrontFoot,Drive,NoMovement,Round,Medium,Right,Null,NotReferred,Null,False,False,False,False,False,True,,False,False,False,False,False,False,4.0,0.0,0.0,0.0,0.0,True,False
1637341,26,4.0,12,0,0,104,3,12,76283,,39456,County Championship Division Two 2026,1,38,Middlesex Men,50,Lancashire Men,8749093,2026-09-02T14:50:21Z,3,154,False,,,,10590.0,Ben Walkden,3829.0,Luke Hollman,7893.0,Ben Geddes,314.0,177.0,Left,,4.0,0,4.0,4.0,,HalfVolley,OutsideOff,,Middled,FrontFoot,Drive,NoMovement,Round,Medium,Right,Null,NotReferred,Null,False,False,False,False,False,True,,False,False,False,False,False,False,4.0,0.0,0.0,0.0,0.0,True,False
1637341,26,4.0,12,0,0,104,3,12,76283,,39456,County Championship Division Two 2026,1,38,Middlesex Men,50,Lancashire Men,8749097,2026-09-02T14:51:02Z,4,155,False,,,,10590.0,Ben Walkden,3829.0,Luke Hollman,7893.0,Ben Geddes,206.0,47.0,Left,Square Leg,0.0,0,0.0,0.0,,LengthBall,OffStump,,None,BackFoot,BackwardDefensive,NoMovement,Round,Medium,Right,Null,NotReferred,Null,False,False,False,False,False,True,,False,False,False,False,False,False,0.0,0.0,0.0,0.0,0.0,False,False
1637341,26,4.0,12,0,0,104,3,12,76283,,39456,County Championship Division Two 2026,1,38,Middlesex Men,50,Lancashire Men,8749100,2026-09-02T14:51:38Z,5,156,False,,,,10590.0,Ben Walkden,3829.0,Luke Hollman,7893.0,Ben Geddes,307.0,50.0,Left,Extra Cover,0.0,0,0.0,0.0,,LengthBall,OutsideOff,,None,FrontFoot,ForwardDefensive,NoMovement,Round,Medium,Right,Null,NotReferred,Null,False,False,False,False,False,True,,False,False,False,False,False,False,0.0,0.0,0.0,0.0,0.0,False,False
1637341,26,4.0,12,0,0,104,3,12,76283,,39456,County Championship Division Two 2026,1,38,Middlesex Men,50,Lancashire Men,8749102,2026-09-02T14:52:09Z,6,157,False,,,,10590.0,Ben Walkden,3829.0,Luke Hollman,7893.0,Ben Geddes,236.0,39.0,Left,Mid Wicket,0.0,0,0.0,0.0,,LengthBall,OutsideOff,,None,FrontFoot,ForwardDefensive,NoMovement,Round,Medium,Right,Null,NotReferred,Null,False,False,False,False,False,True,,False,False,False,False,False,False,0.0,0.0,0.0,0.0,0.0,False,False
1637346,27,3.85,0,0,0,104,3,0,76283,,39456,County Championship Division Two 2026,1,38,Middlesex Men,50,Lancashire Men,8749109,2026-09-02T14:53:14Z,1,158,False,,,,2949.0,George Balderson,7893.0,Ben Geddes,3829.0,Luke Hollman,293.0,48.0,Right,Mid On,0.0,0,0.0,0.0,,LengthBall,OutsideOff,,None,BackFoot,BackwardDefensive,NoMovement,Over,Medium,Right,Null,NotReferred,Null,False,False,False,False,False,True,,False,False,False,False,False,False,0.0,0.0,0.0,0.0,0.0,False,False
1637346,27,3.85,0,0,0,104,3,0,76283,,39456,County Championship Division Two 2026,1,38,Middlesex Men,50,Lancashire Men,8749111,2026-09-02T14:53:45Z,2,159,False,,,,2949.0,George Balderson,7893.0,Ben Geddes,3829.0,Luke Hollman,255.0,56.0,Right,Mid Off,0.0,0,0.0,0.0,,LengthBall,OutsideOff,,None,BackFoot,BackwardDefensive,NoMovement,Over,Medium,Right,Null,NotReferred,Null,False,False,False,False,False,True,,False,False,False,False,False,False,0.0,0.0,0.0,0.0,0.0,False,False
1637346,27,3.85,0,0,0,104,3,0,76283,,39456,County Championship Division Two 2026,1,38,Middlesex Men,50,Lancashire Men,8749114,2026-09-02T14:54:15Z,3,160,False,,,,2949.0,George Balderson,7893.0,Ben Geddes,3829.0,Luke Hollman,,,Right,Wicketkeeper,0.0,0,0.0,0.0,,HalfVolley,OutsideOff,,Left,NoMovement,Leave,SeamAway,Over,Medium,Right,Null,NotReferred,Null,False,False,False,False,False,True,,False,False,False,False,False,False,0.0,0.0,0.0,0.0,0.0,False,False
1637346,27,3.85,0,0,0,104,3,0,76283,,39456,County Championship Division Two 2026,1,38,Middlesex Men,50,Lancashire Men,8749119,2026-09-02T14:54:46Z,4,161,False,,,,2949.0,George Balderson,7893.0,Ben Geddes,3829.0,Luke Hollman,170.0,56.0,Right,Backward Point,0.0,0,0.0,0.0,,LengthBall,OutsideOff,,None,BackFoot,BackwardDefensive,NoMovement,Over,Medium,Right,Null,NotReferred,Null,False,False,False,False,False,True,,False,False,False,False,False,False,0.0,0.0,0.0,0.0,0.0,False,False
1637346,27,3.85,0,0,0,104,3,0,76283,,39456,County Championship Division Two 2026,1,38,Middlesex Men,50,Lancashire Men,8749124,2026-09-02T14:55:17Z,5,162,False,,,,2949.0,George Balderson,7893.0,Ben Geddes,3829.0,Luke Hollman,,,Right,Wicketkeeper,0.0,0,0.0,0.0,,LengthBall,OutsideOff,,ShouldersArms,NoMovement,ShouldersArms,NoMovement,Over,Medium,Right,Null,NotReferred,Null,False,False,False,False,False,True,,False,False,False,False,False,False,0.0,0.0,0.0,0.0,0.0,False,False
1637346,27,3.85,0,0,0,104,3,0,76283,,39456,County Championship Division Two 2026,1,38,Middlesex Men,50,Lancashire Men,8749129,2026-09-02T14:55:48Z,6,163,False,,,,2949.0,George Balderson,7893.0,Ben Geddes,3829.0,Luke Hollman,335.0,64.0,Right,Square Leg,0.0,0,0.0,0.0,,BackOfALength,OutsideOff,,MisTimed,BackFoot,Pull,NoMovement,Over,Medium,Right,Null,NotReferred,Null,False,False,False,False,False,True,,False,False,False,False,False,False,0.0,0.0,0.0,0.0,0.0,False,False
1637366,28,3.79,2,0,0,106,3,2,76283,,39456,County Championship Division Two 2026,1,38,Middlesex Men,50,Lancashire Men,8749243,2026-09-02T15:17:01Z,1,164,False,,,,247.0,Tom Bailey,3829.0,Luke Hollman,7893.0,Ben Geddes,,,Left,Wicketkeeper,0.0,0,0.0,0.0,,HalfVolley,DownLeg,,PlayAndMissLegSide,FrontFoot,Flick,NoMovement,Round,Medium,Right,Null,NotReferred,Null,False,False,False,False,False,True,,False,False,False,False,False,False,0.0,0.0,0.0,0.0,0.0,False,False
1637366,28,3.79,2,0,0,106,3,2,76283,,39456,County Championship Division Two 2026,1,38,Middlesex Men,50,Lancashire Men,8749246,2026-09-02T15:17:36Z,2,165,False,,,,247.0,Tom Bailey,3829.0,Luke Hollman,7893.0,Ben Geddes,286.0,56.0,Left,Mid Off,0.0,0,0.0,0.0,,LengthBall,OutsideOff,,None,FrontFoot,ForwardDefensive,NoMovement,Round,Medium,Right,Null,NotReferred,Null,False,False,False,False,False,True,,False,False,False,False,False,False,0.0,0.0,0.0,0.0,0.0,False,False
1637366,28,3.79,2,0,0,106,3,2,76283,,39456,County Championship Division Two 2026,1,38,Middlesex Men,50,Lancashire Men,8749250,2026-09-02T15:18:07Z,3,166,False,,,,247.0,Tom Bailey,3829.0,Luke Hollman,7893.0,Ben Geddes,,,Left,Wicketkeeper,0.0,0,0.0,0.0,,LengthBall,OutsideOff,,ShouldersArms,NoMovement,ShouldersArms,NoMovement,Round,Medium,Right,Null,NotReferred,Null,False,False,False,False,False,True,,False,False,False,False,False,False,0.0,0.0,0.0,0.0,0.0,False,False
1637366,28,3.79,2,0,0,106,3,2,76283,,39456,County Championship Division Two 2026,1,38,Middlesex Men,50,Lancashire Men,8749254,2026-09-02T15:18:38Z,4,167,False,,,,247.0,Tom Bailey,3829.0,Luke Hollman,7893.0,Ben Geddes,,,Left,Wicketkeeper,0.0,0,0.0,0.0,,LengthBall,OutsideOff,,ShouldersArms,NoMovement,ShouldersArms,NoMovement,Round,Medium,Right,Null,NotReferred,Null,False,False,False,False,False,True,,False,False,False,False,False,False,0.0,0.0,0.0,0.0,0.0,False,False
1637366,28,3.79,2,0,0,106,3,2,76283,,39456,County Championship Division Two 2026,1,38,Middlesex Men,50,Lancashire Men,8749259,2026-09-02T15:19:09Z,5,168,False,,,,247.0,Tom Bailey,3829.0,Luke Hollman,7893.0,Ben Geddes,157.0,144.0,Left,Deep Backward Square Leg,2.0,0,2.0,2.0,,Short,OutsideOff,,WellTimed,BackFoot,Pull,NoMovement,Round,Medium,Right,Null,NotReferred,Null,False,False,False,False,True,True,,False,False,False,False,False,False,2.0,0.0,0.0,0.0,0.0,False,False
1637366,28,3.79,2,0,0,106,3,2,76283,,39456,County Championship Division Two 2026,1,38,Middlesex Men,50,Lancashire Men,8749264,2026-09-02T15:19:59Z,6,169,False,,,,247.0,Tom Bailey,3829.0,Luke Hollman,7893.0,Ben Geddes,348.0,67.0,Left,Cover,0.0,0,0.0,0.0,,LengthBall,OutsideOff,,None,FrontFoot,ForwardDefensive,NoMovement,Round,Medium,Right,Null,NotReferred,Null,False,False,False,False,False,True,,False,False,False,False,False,False,0.0,0.0,0.0,0.0,0.0,False,False
1637371,29,3.66,0,0,0,106,3,0,76283,,39456,County Championship Division Two 2026,1,38,Middlesex Men,50,Lancashire Men,8749272,2026-09-02T15:21:04Z,1,170,False,,,,202.0,James Anderson,7893.0,Ben Geddes,3829.0,Luke Hollman,301.0,39.0,Right,Mid Wicket,0.0,0,0.0,0.0,,LengthBall,OutsideOff,,None,BackFoot,BackwardDefensive,AwaySwinger,Over,Medium,Right,Null,NotReferred,Null,False,False,False,False,False,True,,False,False,False,False,False,False,0.0,0.0,0.0,0.0,0.0,False,False
1637371,29,3.66,0,0,0,106,3,0,76283,,39456,County Championship Division Two 2026,1,38,Middlesex Men,50,Lancashire Men,8749276,2026-09-02T15:21:37Z,2,171,False,,,,202.0,James Anderson,7893.0,Ben Geddes,3829.0,Luke Hollman,209.0,47.0,Right,Cover,0.0,0,0.0,0.0,,LengthBall,OutsideOff,,None,BackFoot,BackwardDefensive,AwaySwinger,Over,Medium,Right,Null,NotReferred,Null,False,False,False,False,False,True,,False,False,False,False,False,False,0.0,0.0,0.0,0.0,0.0,False,False
1637371,29,3.66,0,0,0,106,3,0,76283,,39456,County Championship Division Two 2026,1,38,Middlesex Men,50,Lancashire Men,8749281,2026-09-02T15:22:07Z,3,172,False,,,,202.0,James Anderson,7893.0,Ben Geddes,3829.0,Luke Hollman,,,Right,Wicketkeeper,0.0,0,0.0,0.0,,LengthBall,OutsideOff,,ShouldersArms,NoMovement,ShouldersArms,AwaySwinger,Over,Medium,Right,Null,NotReferred,Null,False,False,False,False,False,True,,False,False,False,False,False,False,0.0,0.0,0.0,0.0,0.0,False,False
1637371,29,3.66,0,0,0,106,3,0,76283,,39456,County Championship Division Two 2026,1,38,Middlesex Men,50,Lancashire Men,8749285,2026-09-02T15:22:37Z,4,173,False,,,,202.0,James Anderson,7893.0,Ben Geddes,3829.0,Luke Hollman,197.0,23.0,Right,Cover,0.0,0,0.0,0.0,,LengthBall,OutsideOff,,InsideEdge,BackFoot,BackwardDefensive,SeamIn,Over,Medium,Right,Null,NotReferred,Null,False,False,False,False,False,True,,False,False,False,False,False,False,0.0,0.0,0.0,0.0,0.0,False,False
1637371,29,3.66,0,0,0,106,3,0,76283,,39456,County Championship Division Two 2026,1,38,Middlesex Men,50,Lancashire Men,8749290,2026-09-02T15:23:09Z,5,174,False,,,,202.0,James Anderson,7893.0,Ben Geddes,3829.0,Luke Hollman,251.0,66.0,Right,Mid Off,0.0,0,0.0,0.0,,HalfVolley,OutsideOff,,None,FrontFoot,Drive,SeamAway,Over,Medium,Right,Null,NotReferred,Null,False,False,False,False,False,True,,False,False,False,False,False,False,0.0,0.0,0.0,0.0,0.0,False,False
1637371,29,3.66,0,0,0,106,3,0,76283,,39456,County Championship Division Two 2026,1,38,Middlesex Men,50,Lancashire Men,8749293,2026-09-02T15:23:40Z,6,175,False,,,,202.0,James Anderson,7893.0,Ben Geddes,3829.0,Luke Hollman,,,Right,Wicketkeeper,0.0,0,0.0,0.0,,LengthBall,OffStump,,ShouldersArms,NoMovement,ShouldersArms,AwaySwinger,Over,Medium,Right,Null,NotReferred,Null,False,False,False,False,False,True,,False,False,False,False,False,False,0.0,0.0,0.0,0.0,0.0,False,False
1637376,30,3.7,5,0,0,111,3,5,76283,,39456,County Championship Division Two 2026,1,38,Middlesex Men,50,Lancashire Men,8749300,2026-09-02T15:24:26Z,1,176,False,,,,247.0,Tom Bailey,3829.0,Luke Hollman,7893.0,Ben Geddes,123.0,119.0,Left,Fine Leg,1.0,0,1.0,1.0,,LengthBall,OffStump,,None,BackFoot,Glance,SeamIn,Round,Medium,Right,Null,NotReferred,Null,False,False,False,False,False,True,,False,False,False,False,False,False,1.0,0.0,0.0,0.0,0.0,False,False
1637376,30,3.7,5,0,0,111,3,5,76283,,39456,County Championship Division Two 2026,1,38,Middlesex Men,50,Lancashire Men,8749304,2026-09-02T15:25:16Z,2,177,False,,,,247.0,Tom Bailey,7893.0,Ben Geddes,3829.0,Luke Hollman,187.0,57.0,Right,Cover,0.0,0,0.0,0.0,,LengthBall,OutsideOff,,None,BackFoot,Steer,NoMovement,Over,Medium,Right,Null,NotReferred,Null,False,False,False,False,False,True,,False,False,False,False,False,False,0.0,0.0,0.0,0.0,0.0,False,False
1637376,30,3.7,5,0,0,111,3,5,76283,,39456,County Championship Division Two 2026,1,38,Middlesex Men,50,Lancashire Men,8749311,2026-09-02T15:25:49Z,3,178,False,,,,247.0,Tom Bailey,7893.0,Ben Geddes,3829.0,Luke Hollman,274.0,35.0,Right,Bowler,0.0,0,0.0,0.0,,LengthBall,OutsideOff,,None,FrontFoot,Pushed,NoMovement,Over,Medium,Right,Null,NotReferred,Null,False,False,False,False,False,True,,False,False,False,False,False,False,0.0,0.0,0.0,0.0,0.0,False,False
1637376,30,3.7,5,0,0,111,3,5,76283,,39456,County Championship Division Two 2026,1,38,Middlesex Men,50,Lancashire Men,8749316,2026-09-02T15:26:22Z,4,179,False,,,,247.0,Tom Bailey,7893.0,Ben Geddes,3829.0,Luke Hollman,286.0,59.0,Right,Mid On,0.0,0,0.0,0.0,,LengthBall,OutsideOff,,None,BackFoot,Pushed,NoMovement,Over,Medium,Right,Null,NotReferred,Null,False,False,False,False,False,True,,False,False,False,False,False,False,0.0,0.0,0.0,0.0,0.0,False,False
1637376,30,3.7,5,0,0,111,3,5,76283,,39456,County Championship Division Two 2026,1,38,Middlesex Men,50,Lancashire Men,8749323,2026-09-02T15:26:55Z,5,180,False,,,,247.0,Tom Bailey,7893.0,Ben Geddes,3829.0,Luke Hollman,318.0,177.0,Right,,4.0,0,4.0,4.0,,LengthBall,OutsideOff,,WellTimed,BackFoot,Pull,NoMovement,Over,Medium,Right,Null,NotReferred,Null,False,False,False,False,True,True,,False,False,False,False,False,False,4.0,0.0,0.0,0.0,0.0,True,False
1637376,30,3.7,5,0,0,111,3,5,76283,,39456,County Championship Division Two 2026,1,38,Middlesex Men,50,Lancashire Men,8749330,2026-09-02T15:27:35Z,6,181,False,,,,247.0,Tom Bailey,7893.0,Ben Geddes,3829.0,Luke Hollman,251.0,62.0,Right,Mid Off,0.0,0,0.0,0.0,,LengthBall,OutsideOff,,None,FrontFoot,Pushed,NoMovement,Over,Medium,Right,Null,NotReferred,Null,False,False,False,False,False,True,,False,False,False,False,False,False,0.0,0.0,0.0,0.0,0.0,False,False
1637382,31,3.58,0,0,0,111,3,0,76283,,39456,County Championship Division Two 2026,1,38,Middlesex Men,50,Lancashire Men,8749337,2026-09-02T15:28:40Z,1,182,False,,,,202.0,James Anderson,3829.0,Luke Hollman,7893.0,Ben Geddes,200.0,46.0,Left,Square Leg,0.0,0,0.0,0.0,,LengthBall,OutsideOff,,None,FrontFoot,ForwardDefensive,InSwinger,Round,Medium,Right,Null,NotReferred,Null,False,False,False,False,False,True,,False,False,False,False,False,False,0.0,0.0,0.0,0.0,0.0,False,False
1637382,31,3.58,0,0,0,111,3,0,76283,,39456,County Championship Division Two 2026,1,38,Middlesex Men,50,Lancashire Men,8749343,2026-09-02T15:29:14Z,2,183,False,,,,202.0,James Anderson,3829.0,Luke Hollman,7893.0,Ben Geddes,,,Left,Wicketkeeper,0.0,0,0.0,0.0,,LengthBall,OutsideOff,,Left,NoMovement,Leave,SeamAway,Round,Medium,Right,Null,NotReferred,Null,False,False,False,False,False,True,,False,False,False,False,False,False,0.0,0.0,0.0,0.0,0.0,False,False
1637382,31,3.58,0,0,0,111,3,0,76283,,39456,County Championship Division Two 2026,1,38,Middlesex Men,50,Lancashire Men,8749344,2026-09-02T15:29:47Z,3,184,False,,,,202.0,James Anderson,3829.0,Luke Hollman,7893.0,Ben Geddes,,,Left,Wicketkeeper,0.0,0,0.0,0.0,,LengthBall,Wide,,Left,NoMovement,Leave,NoMovement,Round,Medium,Right,Null,NotReferred,Null,False,False,False,False,False,True,,False,False,False,False,False,False,0.0,0.0,0.0,0.0,0.0,False,False
1637382,31,3.58,0,0,0,111,3,0,76283,,39456,County Championship Division Two 2026,1,38,Middlesex Men,50,Lancashire Men,8749351,2026-09-02T15:30:20Z,4,185,False,,,,202.0,James Anderson,3829.0,Luke Hollman,7893.0,Ben Geddes,334.0,54.0,Left,Cover,0.0,0,0.0,0.0,,LengthBall,OutsideOff,,None,FrontFoot,ForwardDefensive,NoMovement,Round,Medium,Right,Null,NotReferred,Null,False,False,False,False,False,True,,False,False,False,False,False,False,0.0,0.0,0.0,0.0,0.0,False,False
1637382,31,3.58,0,0,0,111,3,0,76283,,39456,County Championship Division Two 2026,1,38,Middlesex Men,50,Lancashire Men,8749356,2026-09-02T15:30:53Z,5,186,False,,,,202.0,James Anderson,3829.0,Luke Hollman,7893.0,Ben Geddes,,,Left,Wicketkeeper,0.0,0,0.0,0.0,,LengthBall,OutsideOff,,ShouldersArms,NoMovement,ShouldersArms,NoMovement,Round,Medium,Right,Null,NotReferred,Null,False,False,False,False,False,True,,False,False,False,False,False,False,0.0,0.0,0.0,0.0,0.0,False,False
1637382,31,3.58,0,0,0,111,3,0,76283,,39456,County Championship Division Two 2026,1,38,Middlesex Men,50,Lancashire Men,8749361,2026-09-02T15:31:28Z,6,187,False,,,,202.0,James Anderson,3829.0,Luke Hollman,7893.0,Ben Geddes,335.0,74.0,Left,Cover,0.0,0,0.0,0.0,,HalfVolley,OutsideOff,,Middled,FrontFoot,Drive,NoMovement,Round,Medium,Right,Null,NotReferred,Null,False,False,False,False,False,True,,False,False,False,False,False,False,0.0,0.0,0.0,0.0,0.0,False,False
1637388,32,3.5,1,0,0,112,3,1,76283,,39456,County Championship Division Two 2026,1,38,Middlesex Men,50,Lancashire Men,8749367,2026-09-02T15:32:13Z,1,188,False,,,,247.0,Tom Bailey,7893.0,Ben Geddes,3829.0,Luke Hollman,330.0,59.0,Right,Square Leg,1.0,0,1.0,1.0,,LengthBall,OffStump,,None,BackFoot,Worked,NoMovement,Over,Medium,Right,Null,NotReferred,Null,False,False,False,False,False,True,,False,False,False,False,False,False,1.0,0.0,0.0,0.0,0.0,False,False
1637388,32,3.5,1,0,0,112,3,1,76283,,39456,County Championship Division Two 2026,1,38,Middlesex Men,50,Lancashire Men,8749371,2026-09-02T15:32:49Z,2,189,False,,,,247.0,Tom Bailey,3829.0,Luke Hollman,7893.0,Ben Geddes,216.0,43.0,Left,Mid Wicket,0.0,0,0.0,0.0,,LengthBall,OutsideOff,,None,FrontFoot,ForwardDefensive,NoMovement,Over,Medium,Right,Null,NotReferred,Null,False,False,False,False,False,True,,False,False,False,False,False,False,0.0,0.0,0.0,0.0,0.0,False,False
1637388,32,3.5,1,0,0,112,3,1,76283,,39456,County Championship Division Two 2026,1,38,Middlesex Men,50,Lancashire Men,8749376,2026-09-02T15:33:21Z,3,190,False,,,,247.0,Tom Bailey,3829.0,Luke Hollman,7893.0,Ben Geddes,273.0,37.0,Left,Bowler,0.0,0,0.0,0.0,,LengthBall,OutsideOff,,None,BackFoot,BackwardDefensive,NoMovement,Over,Medium,Right,Null,NotReferred,Null,False,False,False,False,False,True,,False,False,False,False,False,False,0.0,0.0,0.0,0.0,0.0,False,False
1637388,32,3.5,1,0,0,112,3,1,76283,,39456,County Championship Division Two 2026,1,38,Middlesex Men,50,Lancashire Men,8749383,2026-09-02T15:33:53Z,4,191,False,,,,247.0,Tom Bailey,3829.0,Luke Hollman,7893.0,Ben Geddes,289.0,43.0,Left,Mid Off,0.0,0,0.0,0.0,,LengthBall,OutsideOff,,None,FrontFoot,ForwardDefensive,NoMovement,Round,Medium,Right,Null,NotReferred,Null,False,False,False,False,False,True,,False,False,False,False,False,False,0.0,0.0,0.0,0.0,0.0,False,False
1637388,32,3.5,1,0,0,112,3,1,76283,,39456,County Championship Division Two 2026,1,38,Middlesex Men,50,Lancashire Men,8749387,2026-09-02T15:34:26Z,5,192,False,,,,247.0,Tom Bailey,3829.0,Luke Hollman,7893.0,Ben Geddes,280.0,39.0,Left,Bowler,0.0,0,0.0,0.0,,LengthBall,OutsideOff,,None,FrontFoot,ForwardDefensive,NoMovement,Round,Medium,Right,Null,NotReferred,Null,False,False,False,False,False,True,,False,False,False,False,False,False,0.0,0.0,0.0,0.0,0.0,False,False
1637388,32,3.5,1,0,0,112,3,1,76283,,39456,County Championship Division Two 2026,1,38,Middlesex Men,50,Lancashire Men,8749391,2026-09-02T15:34:58Z,6,193,False,,,,247.0,Tom Bailey,3829.0,Luke Hollman,7893.0,Ben Geddes,,,Left,Wicketkeeper,0.0,0,0.0,0.0,,LengthBall,Wide,,Left,NoMovement,Leave,SeamIn,Round,Medium,Right,Null,NotReferred,Null,False,False,False,False,False,True,,False,False,False,False,False,False,0.0,0.0,0.0,0.0,0.0,False,False
1637394,33,3.39,0,0,0,112,3,0,76283,,39456,County Championship Division Two 2026,1,38,Middlesex Men,50,Lancashire Men,8749399,2026-09-02T15:35:39Z,1,194,False,,,,202.0,James Anderson,7893.0,Ben Geddes,3829.0,Luke Hollman,284.0,76.0,Right,Mid On,0.0,0,0.0,0.0,,HalfVolley,OffStump,,WellTimed,FrontFoot,Drive,NoMovement,Over,Medium,Right,Null,NotReferred,Null,False,False,False,False,False,True,,False,False,False,False,False,False,0.0,0.0,0.0,0.0,0.0,False,False
1637394,33,3.39,0,0,0,112,3,0,76283,,39456,County Championship Division Two 2026,1,38,Middlesex Men,50,Lancashire Men,8749402,2026-09-02T15:36:13Z,2,195,False,,,,202.0,James Anderson,7893.0,Ben Geddes,3829.0,Luke Hollman,267.0,37.0,Right,Bowler,0.0,0,0.0,0.0,,LengthBall,OffStump,,None,FrontFoot,ForwardDefensive,AwaySwinger,Over,Medium,Right,Null,NotReferred,Null,False,False,False,False,False,True,,False,False,False,False,False,False,0.0,0.0,0.0,0.0,0.0,False,False
1637394,33,3.39,0,0,0,112,3,0,76283,,39456,County Championship Division Two 2026,1,38,Middlesex Men,50,Lancashire Men,8749405,2026-09-02T15:36:48Z,3,196,False,,,,202.0,James Anderson,7893.0,Ben Geddes,3829.0,Luke Hollman,,,Right,Wicketkeeper,0.0,0,0.0,0.0,,LengthBall,OutsideOff,,Missed,FrontFoot,ForwardDefensive,AwaySwinger,Over,Medium,Right,Null,NotReferred,Null,False,False,False,False,False,True,,False,False,False,False,False,False,0.0,0.0,0.0,0.0,0.0,False,False
1637394,33,3.39,0,0,0,112,3,0,76283,,39456,County Championship Division Two 2026,1,38,Middlesex Men,50,Lancashire Men,8749410,2026-09-02T15:37:19Z,4,197,False,,,,202.0,James Anderson,7893.0,Ben Geddes,3829.0,Luke Hollman,205.0,26.0,Right,Cover,0.0,0,0.0,0.0,,LengthBall,OutsideOff,,None,FrontFoot,ForwardDefensive,InSwinger,Over,Medium,Right,Null,NotReferred,Null,False,False,False,False,False,True,,False,False,False,False,False,False,0.0,0.0,0.0,0.0,0.0,False,False
1637394,33,3.39,0,0,0,112,3,0,76283,,39456,County Championship Division Two 2026,1,38,Middlesex Men,50,Lancashire Men,8749415,2026-09-02T15:37:56Z,5,198,False,,,,202.0,James Anderson,7893.0,Ben Geddes,3829.0,Luke Hollman,281.0,78.0,Right,Mid On,0.0,0,0.0,0.0,,LengthBall,OffStump,,None,BackFoot,Pushed,NoMovement,Over,Medium,Right,Null,NotReferred,Null,False,False,False,False,False,True,,False,False,False,False,False,False,0.0,0.0,0.0,0.0,0.0,False,False
1637394,33,3.39,0,0,0,112,3,0,76283,,39456,County Championship Division Two 2026,1,38,Middlesex Men,50,Lancashire Men,8749421,2026-09-02T15:38:30Z,6,199,False,,,,202.0,James Anderson,7893.0,Ben Geddes,3829.0,Luke Hollman,,,Right,Wicketkeeper,0.0,0,0.0,0.0,,LengthBall,OutsideOff,,Missed,FrontFoot,ForwardDefensive,AwaySwinger,Over,Medium,Right,Null,NotReferred,Null,False,False,False,False,False,True,,False,False,False,False,False,False,0.0,0.0,0.0,0.0,0.0,False,False
1637398,34,3.56,9,0,0,121,3,9,76283,,39456,County Championship Division Two 2026,1,38,Middlesex Men,50,Lancashire Men,8749430,2026-09-02T15:39:16Z,1,200,False,,,,247.0,Tom Bailey,3829.0,Luke Hollman,7893.0,Ben Geddes,4.0,100.0,Left,Deep Backward Point,1.0,0,1.0,1.0,,LengthBall,OutsideOff,,None,FrontFoot,Pushed,NoMovement,Round,Medium,Right,Null,NotReferred,Null,False,False,False,False,False,True,,False,False,False,False,False,False,1.0,0.0,0.0,0.0,0.0,False,False
1637398,34,3.56,9,0,0,121,3,9,76283,,39456,County Championship Division Two 2026,1,38,Middlesex Men,50,Lancashire Men,8749434,2026-09-02T15:39:55Z,2,201,False,,,,247.0,Tom Bailey,7893.0,Ben Geddes,3829.0,Luke Hollman,192.0,172.0,Right,,4.0,0,4.0,4.0,,LengthBall,Wide,,WellTimed,FrontFoot,Drive,NoMovement,Over,Medium,Right,Null,NotReferred,Null,False,False,False,False,False,True,,False,False,False,False,False,False,4.0,0.0,0.0,0.0,0.0,True,False
1637398,34,3.56,9,0,0,121,3,9,76283,,39456,County Championship Division Two 2026,1,38,Middlesex Men,50,Lancashire Men,8749439,2026-09-02T15:40:39Z,3,202,False,,,,247.0,Tom Bailey,7893.0,Ben Geddes,3829.0,Luke Hollman,196.0,38.0,Right,Cover,0.0,0,0.0,0.0,,LengthBall,OutsideOff,,None,BackFoot,Dropped,NoMovement,Over,Medium,Right,Null,NotReferred,Null,False,False,False,False,False,True,,False,False,False,False,False,False,0.0,0.0,0.0,0.0,0.0,False,False
1637398,34,3.56,9,0,0,121,3,9,76283,,39456,County Championship Division Two 2026,1,38,Middlesex Men,50,Lancashire Men,8749442,2026-09-02T15:41:13Z,4,203,False,,,,247.0,Tom Bailey,7893.0,Ben Geddes,3829.0,Luke Hollman,282.0,180.0,Right,,4.0,0,4.0,4.0,,HalfVolley,OffStump,,Middled,FrontFoot,Pushed,NoMovement,Over,Medium,Right,Null,NotReferred,Null,False,False,False,False,False,True,,False,False,False,False,False,False,4.0,0.0,0.0,0.0,0.0,True,False
1637398,34,3.56,9,0,0,121,3,9,76283,,39456,County Championship Division Two 2026,1,38,Middlesex Men,50,Lancashire Men,8749445,2026-09-02T15:41:52Z,5,204,False,,,,247.0,Tom Bailey,7893.0,Ben Geddes,3829.0,Luke Hollman,,,Right,Wicketkeeper,0.0,0,0.0,0.0,,Short,OutsideOff,,Left,Ducked,Leave,NoMovement,Over,Medium,Right,Null,NotReferred,Null,False,False,False,False,False,True,,False,False,False,False,False,False,0.0,0.0,0.0,0.0,0.0,False,False
1637398,34,3.56,9,0,0,121,3,9,76283,,39456,County Championship Division Two 2026,1,38,Middlesex Men,50,Lancashire Men,8749449,2026-09-02T15:42:27Z,6,205,False,,,,247.0,Tom Bailey,7893.0,Ben Geddes,3829.0,Luke Hollman,,,Right,Wicketkeeper,0.0,0,0.0,0.0,,Short,OutsideOff,,Left,Ducked,Leave,NoMovement,Over,Medium,Right,Null,NotReferred,Null,False,False,False,False,False,True,,False,False,False,False,False,False,0.0,0.0,0.0,0.0,0.0,False,False
1637407,35,3.57,4,0,0,125,3,4,76283,,39456,County Championship Division Two 2026,1,38,Middlesex Men,50,Lancashire Men,8749473,2026-09-02T15:45:21Z,1,206,False,,,,202.0,James Anderson,3829.0,Luke Hollman,7893.0,Ben Geddes,302.0,65.0,Left,Extra Cover,0.0,0,0.0,0.0,,HalfVolley,OutsideOff,,MisTimed,FrontFoot,Drive,NoMovement,Round,Medium,Right,Null,NotReferred,Null,False,False,False,False,False,True,,False,False,False,False,False,False,0.0,0.0,0.0,0.0,0.0,False,False
1637407,35,3.57,4,0,0,125,3,4,76283,,39456,County Championship Division Two 2026,1,38,Middlesex Men,50,Lancashire Men,8749479,2026-09-02T15:45:52Z,2,207,False,,,,202.0,James Anderson,3829.0,Luke Hollman,7893.0,Ben Geddes,334.0,72.0,Left,Cover,0.0,0,0.0,0.0,,HalfVolley,OutsideOff,,None,FrontFoot,Drive,NoMovement,Round,Medium,Right,Null,NotReferred,Null,False,False,False,False,False,True,,False,False,False,False,False,False,0.0,0.0,0.0,0.0,0.0,False,False
1637407,35,3.57,4,0,0,125,3,4,76283,,39456,County Championship Division Two 2026,1,38,Middlesex Men,50,Lancashire Men,8749482,2026-09-02T15:46:24Z,3,208,False,,,,202.0,James Anderson,3829.0,Luke Hollman,7893.0,Ben Geddes,286.0,39.0,Left,Bowler,0.0,0,0.0,0.0,,LengthBall,OutsideOff,,None,FrontFoot,ForwardDefensive,NoMovement,Round,Medium,Right,Null,NotReferred,Null,False,False,False,False,False,True,,False,False,False,False,False,False,0.0,0.0,0.0,0.0,0.0,False,False
1637407,35,3.57,4,0,0,125,3,4,76283,,39456,County Championship Division Two 2026,1,38,Middlesex Men,50,Lancashire Men,8749488,2026-09-02T15:46:55Z,4,209,False,,,,202.0,James Anderson,3829.0,Luke Hollman,7893.0,Ben Geddes,,,Left,Wicketkeeper,0.0,0,0.0,0.0,,LengthBall,OutsideOff,,ShouldersArms,NoMovement,ShouldersArms,NoMovement,Round,Medium,Right,Null,NotReferred,Null,False,False,False,False,False,True,,False,False,False,False,False,False,0.0,0.0,0.0,0.0,0.0,False,False
1637407,35,3.57,4,0,0,125,3,4,76283,,39456,County Championship Division Two 2026,1,38,Middlesex Men,50,Lancashire Men,8749494,2026-09-02T15:47:27Z,5,210,False,,,,202.0,James Anderson,3829.0,Luke Hollman,7893.0,Ben Geddes,353.0,171.0,Left,,4.0,0,4.0,4.0,,HalfVolley,OutsideOff,,Middled,FrontFoot,Drive,NoMovement,Round,Medium,Right,Null,NotReferred,Null,False,False,False,False,False,True,,False,False,False,False,False,False,4.0,0.0,0.0,0.0,0.0,True,False
1637407,35,3.57,4,0,0,125,3,4,76283,,39456,County Championship Division Two 2026,1,38,Middlesex Men,50,Lancashire Men,8749498,2026-09-02T15:48:12Z,6,211,False,,,,202.0,James Anderson,3829.0,Luke Hollman,7893.0,Ben Geddes,312.0,47.0,Left,Extra Cover,0.0,0,0.0,0.0,,LengthBall,OutsideOff,,None,BackFoot,BackwardDefensive,InSwinger,Round,Medium,Right,Null,NotReferred,Null,False,False,False,False,False,True,,False,False,False,False,False,False,0.0,0.0,0.0,0.0,0.0,False,False
1637412,36,3.56,3,0,0,128,3,3,76283,,39456,County Championship Division Two 2026,1,38,Middlesex Men,50,Lancashire Men,8749504,2026-09-02T15:49:00Z,1,212,False,,,,247.0,Tom Bailey,7893.0,Ben Geddes,3829.0,Luke Hollman,287.0,135.0,Right,Long On,2.0,0,2.0,2.0,,HalfVolley,OffStump,,LeadingEdge,FrontFoot,Flick,NoMovement,Over,Medium,Right,Null,NotReferred,Null,False,False,False,False,False,True,,False,False,False,False,False,False,2.0,0.0,0.0,0.0,0.0,False,False
1637412,36,3.56,3,0,0,128,3,3,76283,,39456,County Championship Division Two 2026,1,38,Middlesex Men,50,Lancashire Men,8749510,2026-09-02T15:49:38Z,2,213,False,,,,247.0,Tom Bailey,7893.0,Ben Geddes,3829.0,Luke Hollman,,,Right,Wicketkeeper,0.0,0,0.0,0.0,,LengthBall,LegStump,,PlayAndMissLegSide,FrontFoot,Flick,NoMovement,Over,Medium,Right,Null,NotReferred,Null,False,False,False,False,False,True,,False,False,False,False,False,False,0.0,0.0,0.0,0.0,0.0,False,False
1637412,36,3.56,3,0,0,128,3,3,76283,,39456,County Championship Division Two 2026,1,38,Middlesex Men,50,Lancashire Men,8749515,2026-09-02T15:50:12Z,3,214,False,,,,247.0,Tom Bailey,7893.0,Ben Geddes,3829.0,Luke Hollman,285.0,71.0,Right,Mid On,0.0,0,0.0,0.0,,LengthBall,OutsideOff,,None,BackFoot,BackwardDefensive,NoMovement,Over,Medium,Right,Null,NotReferred,Null,False,False,False,False,False,True,,False,False,False,False,False,False,0.0,0.0,0.0,0.0,0.0,False,False
1637412,36,3.56,3,0,0,128,3,3,76283,,39456,County Championship Division Two 2026,1,38,Middlesex Men,50,Lancashire Men,8749521,2026-09-02T15:50:43Z,4,215,False,,,,247.0,Tom Bailey,7893.0,Ben Geddes,3829.0,Luke Hollman,355.0,111.0,Right,Deep Square Leg,1.0,0,1.0,1.0,,LengthBall,OffStump,,None,BackFoot,Worked,NoMovement,Over,Medium,Right,Null,NotReferred,Null,False,False,False,False,False,True,,False,False,False,False,False,False,1.0,0.0,0.0,0.0,0.0,False,False
1637412,36,3.56,3,0,0,128,3,3,76283,,39456,County Championship Division Two 2026,1,38,Middlesex Men,50,Lancashire Men,8749526,2026-09-02T15:51:30Z,5,216,False,,,,247.0,Tom Bailey,3829.0,Luke Hollman,7893.0,Ben Geddes,,,Left,Wicketkeeper,0.0,0,0.0,0.0,,LengthBall,OutsideOff,,ShouldersArms,NoMovement,ShouldersArms,NoMovement,Round,Medium,Right,Null,NotReferred,Null,False,False,False,False,False,True,,False,False,False,False,False,False,0.0,0.0,0.0,0.0,0.0,False,False
1637412,36,3.56,3,0,0,128,3,3,76283,,39456,County Championship Division Two 2026,1,38,Middlesex Men,50,Lancashire Men,8749534,2026-09-02T15:52:02Z,6,217,False,,,,247.0,Tom Bailey,3829.0,Luke Hollman,7893.0,Ben Geddes,,,Left,Wicketkeeper,0.0,0,0.0,0.0,,LengthBall,OutsideOff,,Missed,FrontFoot,ForwardDefensive,SeamAway,Round,Medium,Right,Null,NotReferred,Null,False,False,False,False,False,True,,False,False,False,False,False,False,0.0,0.0,0.0,0.0,0.0,False,False
1637419,37,3.59,5,0,0,133,3,5,76283,,39456,County Championship Division Two 2026,1,38,Middlesex Men,50,Lancashire Men,8749542,2026-09-02T15:53:14Z,1,218,False,,,,2949.0,George Balderson,7893.0,Ben Geddes,3829.0,Luke Hollman,198.0,52.0,Right,Cover,0.0,0,0.0,0.0,,BackOfALength,OutsideOff,,None,BackFoot,BackwardDefensive,NoMovement,Over,Medium,Right,Null,NotReferred,Null,False,False,False,False,False,True,,False,False,False,False,False,False,0.0,0.0,0.0,0.0,0.0,False,False
1637419,37,3.59,5,0,0,133,3,5,76283,,39456,County Championship Division Two 2026,1,38,Middlesex Men,50,Lancashire Men,8749549,2026-09-02T15:54:01Z,2,219,False,,,,2949.0,George Balderson,7893.0,Ben Geddes,3829.0,Luke Hollman,,,Right,Wicketkeeper,0.0,0,0.0,0.0,,LengthBall,OutsideOff,,ShouldersArms,NoMovement,ShouldersArms,NoMovement,Over,Medium,Right,Null,NotReferred,Null,False,False,False,False,False,True,,False,False,False,False,False,False,0.0,0.0,0.0,0.0,0.0,False,False
1637419,37,3.59,5,0,0,133,3,5,76283,,39456,County Championship Division Two 2026,1,38,Middlesex Men,50,Lancashire Men,8749557,2026-09-02T15:54:35Z,3,220,False,,,,2949.0,George Balderson,7893.0,Ben Geddes,3829.0,Luke Hollman,164.0,167.0,Right,,4.0,0,4.0,4.0,,BackOfALength,OutsideOff,,WellTimed,BackFoot,Drive,NoMovement,Over,Medium,Right,Null,NotReferred,Null,False,False,False,False,False,True,,False,False,False,False,False,False,4.0,0.0,0.0,0.0,0.0,True,False
1637419,37,3.59,5,0,0,133,3,5,76283,,39456,County Championship Division Two 2026,1,38,Middlesex Men,50,Lancashire Men,8749563,2026-09-02T15:55:14Z,4,221,False,,,,2949.0,George Balderson,7893.0,Ben Geddes,3829.0,Luke Hollman,24.0,123.0,Right,Deep Backward Square Leg,1.0,0,1.0,1.0,,HalfVolley,LegStump,,WellTimed,FrontFoot,Worked,NoMovement,Over,Medium,Right,Null,NotReferred,Null,False,False,False,False,False,True,,False,False,False,False,False,False,1.0,0.0,0.0,0.0,0.0,False,False
1637419,37,3.59,5,0,0,133,3,5,76283,,39456,County Championship Division Two 2026,1,38,Middlesex Men,50,Lancashire Men,8749567,2026-09-02T15:55:51Z,5,222,False,,,,2949.0,George Balderson,3829.0,Luke Hollman,7893.0,Ben Geddes,210.0,49.0,Left,Square Leg,0.0,0,0.0,0.0,,LengthBall,OffStump,,None,BackFoot,Dropped,NoMovement,Round,Medium,Right,Null,NotReferred,Null,False,False,False,False,False,True,,False,False,False,False,False,False,0.0,0.0,0.0,0.0,0.0,False,False
1637419,37,3.59,5,0,0,133,3,5,76283,,39456,County Championship Division Two 2026,1,38,Middlesex Men,50,Lancashire Men,8749569,2026-09-02T15:56:19Z,6,223,False,,,,2949.0,George Balderson,3829.0,Luke Hollman,7893.0,Ben Geddes,,,Left,Wicketkeeper,0.0,0,0.0,0.0,,LengthBall,OutsideOff,,Missed,FrontFoot,ForwardDefensive,SeamAway,Round,Medium,Right,Null,NotReferred,Null,False,False,False,False,False,True,,False,False,False,False,False,False,0.0,0.0,0.0,0.0,0.0,False,False
1637425,38,3.53,1,0,0,134,3,1,76283,,39456,County Championship Division Two 2026,1,38,Middlesex Men,50,Lancashire Men,8749581,2026-09-02T15:57:13Z,1,224,False,,,,247.0,Tom Bailey,7893.0,Ben Geddes,3829.0,Luke Hollman,208.0,56.0,Right,Cover,0.0,0,0.0,0.0,,BackOfALength,OutsideOff,,WellTimed,BackFoot,Drive,NoMovement,Over,Medium,Right,Null,NotReferred,Null,False,False,False,False,False,True,,False,False,False,False,False,False,0.0,0.0,0.0,0.0,0.0,False,False
1637425,38,3.53,1,0,0,134,3,1,76283,,39456,County Championship Division Two 2026,1,38,Middlesex Men,50,Lancashire Men,8749585,2026-09-02T15:57:47Z,2,225,False,,,,247.0,Tom Bailey,7893.0,Ben Geddes,3829.0,Luke Hollman,,,Right,Wicketkeeper,0.0,0,0.0,0.0,,LengthBall,Wide,,ShouldersArms,NoMovement,ShouldersArms,NoMovement,Over,Medium,Right,Null,NotReferred,Null,False,False,False,False,False,True,,False,False,False,False,False,False,0.0,0.0,0.0,0.0,0.0,False,False
1637425,38,3.53,1,0,0,134,3,1,76283,,39456,County Championship Division Two 2026,1,38,Middlesex Men,50,Lancashire Men,8749594,2026-09-02T15:58:26Z,3,226,False,,,,247.0,Tom Bailey,7893.0,Ben Geddes,3829.0,Luke Hollman,45.0,115.0,Right,Fine Leg,1.0,0,1.0,1.0,,HalfVolley,OutsideOff,,InsideEdge,FrontFoot,Drive,NoMovement,Over,Medium,Right,Null,NotReferred,Null,False,False,False,False,False,True,,False,False,False,False,False,False,1.0,0.0,0.0,0.0,0.0,False,False
1637425,38,3.53,1,0,0,134,3,1,76283,,39456,County Championship Division Two 2026,1,38,Middlesex Men,50,Lancashire Men,8749600,2026-09-02T15:59:04Z,4,227,False,,,,247.0,Tom Bailey,3829.0,Luke Hollman,7893.0,Ben Geddes,280.0,37.0,Left,Bowler,0.0,0,0.0,0.0,,LengthBall,OutsideOff,,None,FrontFoot,ForwardDefensive,NoMovement,Round,Medium,Right,Null,NotReferred,Null,False,False,False,False,False,True,,False,False,False,False,False,False,0.0,0.0,0.0,0.0,0.0,False,False
1637425,38,3.53,1,0,0,134,3,1,76283,,39456,County Championship Division Two 2026,1,38,Middlesex Men,50,Lancashire Men,8749603,2026-09-02T15:59:39Z,5,228,False,,,,247.0,Tom Bailey,3829.0,Luke Hollman,7893.0,Ben Geddes,292.0,64.0,Left,Mid Off,0.0,0,0.0,0.0,,LengthBall,OutsideOff,,None,FrontFoot,ForwardDefensive,NoMovement,Round,Medium,Right,Null,NotReferred,Null,False,False,False,False,False,True,,False,False,False,False,False,False,0.0,0.0,0.0,0.0,0.0,False,False
1637425,38,3.53,1,0,0,134,3,1,76283,,39456,County Championship Division Two 2026,1,38,Middlesex Men,50,Lancashire Men,8749607,2026-09-02T16:00:26Z,6,229,False,,,,247.0,Tom Bailey,3829.0,Luke Hollman,7893.0,Ben Geddes,,,Left,Wicketkeeper,0.0,0,0.0,0.0,,LengthBall,OutsideOff,,Missed,FrontFoot,ForwardDefensive,SeamAway,Round,Medium,Right,Null,NotReferred,Null,False,False,False,False,False,True,,False,False,False,False,False,False,0.0,0.0,0.0,0.0,0.0,False,False
1637431,39,3.49,2,0,0,136,3,2,76283,,39456,County Championship Division Two 2026,1,38,Middlesex Men,50,Lancashire Men,8749617,2026-09-02T16:01:18Z,1,230,False,,,,2949.0,George Balderson,7893.0,Ben Geddes,3829.0,Luke Hollman,,,Right,Wicketkeeper,0.0,0,0.0,0.0,,LengthBall,OutsideOff,,ShouldersArms,NoMovement,ShouldersArms,NoMovement,Over,Medium,Right,Null,NotReferred,Null,False,False,False,False,False,True,,False,False,False,False,False,False,0.0,0.0,0.0,0.0,0.0,False,False
1637431,39,3.49,2,0,0,136,3,2,76283,,39456,County Championship Division Two 2026,1,38,Middlesex Men,50,Lancashire Men,8749626,2026-09-02T16:01:48Z,2,231,False,,,,2949.0,George Balderson,7893.0,Ben Geddes,3829.0,Luke Hollman,341.0,47.0,Right,Square Leg,0.0,1,1.0,0.0,,HalfVolley,LegStump,,HitPad,FrontFoot,Worked,NoMovement,Over,Medium,Right,Null,NotReferred,Null,False,False,False,True,False,True,,False,False,False,False,False,False,1.0,0.0,0.0,1.0,0.0,False,False
1637431,39,3.49,2,0,0,136,3,2,76283,,39456,County Championship Division Two 2026,1,38,Middlesex Men,50,Lancashire Men,8749632,2026-09-02T16:02:19Z,3,232,False,,,,2949.0,George Balderson,3829.0,Luke Hollman,7893.0,Ben Geddes,336.0,65.0,Left,Cover,0.0,0,0.0,0.0,,LengthBall,OutsideOff,,None,BackFoot,Pushed,NoMovement,Round,Medium,Right,Null,NotReferred,Null,False,False,False,False,False,True,,False,False,False,False,False,False,0.0,0.0,0.0,0.0,0.0,False,False
1637431,39,3.49,2,0,0,136,3,2,76283,,39456,County Championship Division Two 2026,1,38,Middlesex Men,50,Lancashire Men,8749635,2026-09-02T16:02:50Z,4,233,False,,,,2949.0,George Balderson,3829.0,Luke Hollman,7893.0,Ben Geddes,330.0,34.0,Left,Extra Cover,0.0,0,0.0,0.0,,LengthBall,OutsideOff,,None,BackFoot,BackwardDefensive,NoMovement,Round,Medium,Right,Null,NotReferred,Null,False,False,False,False,False,True,,False,False,False,False,False,False,0.0,0.0,0.0,0.0,0.0,False,False
1637431,39,3.49,2,0,0,136,3,2,76283,,39456,County Championship Division Two 2026,1,38,Middlesex Men,50,Lancashire Men,8749640,2026-09-02T16:03:18Z,5,234,False,,,,2949.0,George Balderson,3829.0,Luke Hollman,7893.0,Ben Geddes,87.0,22.0,Left,Wicketkeeper,0.0,0,0.0,0.0,,LengthBall,OutsideOff,,HitPad,FrontFoot,ForwardDefensive,NoMovement,Round,Medium,Right,Null,NotReferred,Null,False,False,False,False,False,True,,False,False,False,False,False,False,0.0,0.0,0.0,0.0,0.0,False,False
1637431,39,3.49,2,0,0,136,3,2,76283,,39456,County Championship Division Two 2026,1,38,Middlesex Men,50,Lancashire Men,8749645,2026-09-02T16:03:49Z,6,235,False,,,,2949.0,George Balderson,3829.0,Luke Hollman,7893.0,Ben Geddes,265.0,71.0,Left,Mid On,1.0,0,1.0,1.0,,HalfVolley,OffStump,,WellTimed,FrontFoot,Drive,NoMovement,Round,Medium,Right,Null,NotReferred,Null,False,False,False,False,False,True,,False,False,False,False,False,False,1.0,0.0,0.0,0.0,0.0,False,False
1637435,40,3.48,3,0,0,139,3,3,76283,,39456,County Championship Division Two 2026,1,38,Middlesex Men,50,Lancashire Men,8749653,2026-09-02T16:04:54Z,1,236,False,,,,247.0,Tom Bailey,3829.0,Luke Hollman,7893.0,Ben Geddes,126.0,118.0,Left,Fine Leg,1.0,0,1.0,1.0,,LengthBall,MiddleStump,,None,FrontFoot,Glance,NoMovement,Round,Medium,Right,Null,NotReferred,Null,False,False,False,False,False,True,,False,False,False,False,False,False,1.0,0.0,0.0,0.0,0.0,False,False
1637435,40,3.48,3,0,0,139,3,3,76283,,39456,County Championship Division Two 2026,1,38,Middlesex Men,50,Lancashire Men,8749658,2026-09-02T16:05:31Z,2,237,False,,,,247.0,Tom Bailey,7893.0,Ben Geddes,3829.0,Luke Hollman,302.0,65.0,Right,Mid Wicket,1.0,0,1.0,1.0,,LengthBall,OffStump,,None,BackFoot,Pushed,NoMovement,Over,Medium,Right,Null,NotReferred,Null,False,False,False,False,False,True,,False,False,False,False,False,False,1.0,0.0,0.0,0.0,0.0,False,False
1637435,40,3.48,3,0,0,139,3,3,76283,,39456,County Championship Division Two 2026,1,38,Middlesex Men,50,Lancashire Men,8749665,2026-09-02T16:06:10Z,3,238,False,,,,247.0,Tom Bailey,3829.0,Luke Hollman,7893.0,Ben Geddes,,,Left,Wicketkeeper,0.0,0,0.0,0.0,,LengthBall,OutsideOff,,ShouldersArms,NoMovement,ShouldersArms,NoMovement,Round,Medium,Right,Null,NotReferred,Null,False,False,False,False,False,True,,False,False,False,False,False,False,0.0,0.0,0.0,0.0,0.0,False,False
1637435,40,3.48,3,0,0,139,3,3,76283,,39456,County Championship Division Two 2026,1,38,Middlesex Men,50,Lancashire Men,8749669,2026-09-02T16:06:45Z,4,239,False,,,,247.0,Tom Bailey,3829.0,Luke Hollman,7893.0,Ben Geddes,286.0,69.0,Left,Mid Off,0.0,0,0.0,0.0,,LengthBall,OutsideOff,,None,BackFoot,Pushed,NoMovement,Round,Medium,Right,Null,NotReferred,Null,False,False,False,False,False,True,,False,False,False,False,False,False,0.0,0.0,0.0,0.0,0.0,False,False
1637435,40,3.48,3,0,0,139,3,3,76283,,39456,County Championship Division Two 2026,1,38,Middlesex Men,50,Lancashire Men,8749672,2026-09-02T16:07:19Z,5,240,False,,,,247.0,Tom Bailey,3829.0,Luke Hollman,7893.0,Ben Geddes,328.0,133.0,Left,Deep Extra Cover,1.0,0,1.0,1.0,,HalfVolley,OutsideOff,,MisTimed,FrontFoot,Drive,NoMovement,Round,Medium,Right,Null,NotReferred,Null,False,False,False,False,False,True,,False,False,False,False,False,False,1.0,0.0,0.0,0.0,0.0,False,False
1637435,40,3.48,3,0,0,139,3,3,76283,,39456,County Championship Division Two 2026,1,38,Middlesex Men,50,Lancashire Men,8750371,2026-09-03T09:30:01Z,6,241,False,,,,247.0,Tom Bailey,7893.0,Ben Geddes,3829.0,Luke Hollman,251.0,62.0,Right,Mid Off,0.0,0,0.0,0.0,,LengthBall,OutsideOff,,None,FrontFoot,Drive,,Over,Medium,Right,Null,NotReferred,Null,False,False,False,False,False,True,,False,False,False,False,False,False,0.0,0.0,0.0,0.0,0.0,False,False
1637555,41,3.39,0,0,0,139,3,0,76283,,39456,County Championship Division Two 2026,1,38,Middlesex Men,50,Lancashire Men,8750382,2026-09-03T09:31:04Z,1,242,False,,,,202.0,James Anderson,3829.0,Luke Hollman,7893.0,Ben Geddes,349.0,61.0,Left,Cover,0.0,0,0.0,0.0,,HalfVolley,OutsideOff,,WellTimed,FrontFoot,Drive,NoMovement,Round,Medium,Right,Null,NotReferred,Null,False,False,False,False,False,True,,False,False,False,False,False,False,0.0,0.0,0.0,0.0,0.0,False,False
1637555,41,3.39,0,0,0,139,3,0,76283,,39456,County Championship Division Two 2026,1,38,Middlesex Men,50,Lancashire Men,8750389,2026-09-03T09:31:41Z,2,243,False,,,,202.0,James Anderson,3829.0,Luke Hollman,7893.0,Ben Geddes,209.0,51.0,Left,Square Leg,0.0,0,0.0,0.0,,LengthBall,OutsideOff,,None,FrontFoot,ForwardDefensive,NoMovement,Round,Medium,Right,Null,NotReferred,Null,False,False,False,False,False,True,,False,False,False,False,False,False,0.0,0.0,0.0,0.0,0.0,False,False
1637555,41,3.39,0,0,0,139,3,0,76283,,39456,County Championship Division Two 2026,1,38,Middlesex Men,50,Lancashire Men,8750395,2026-09-03T09:32:12Z,3,244,False,,,,202.0,James Anderson,3829.0,Luke Hollman,7893.0,Ben Geddes,,,Left,Wicketkeeper,0.0,0,0.0,0.0,,LengthBall,OffStump,,PlayAndMissLegSide,BackFoot,Glance,InSwinger,Round,Medium,Right,Null,NotReferred,Null,False,False,False,False,False,True,,False,False,False,False,False,False,0.0,0.0,0.0,0.0,0.0,False,False
1637555,41,3.39,0,0,0,139,3,0,76283,,39456,County Championship Division Two 2026,1,38,Middlesex Men,50,Lancashire Men,8750409,2026-09-03T09:32:50Z,4,245,False,,,,202.0,James Anderson,3829.0,Luke Hollman,7893.0,Ben Geddes,,,Left,Wicketkeeper,0.0,0,0.0,0.0,,LengthBall,OutsideOff,,Left,FrontFoot,Leave,NoMovement,Round,Medium,Right,Null,NotReferred,Null,False,False,False,False,False,True,,False,False,False,False,False,False,0.0,0.0,0.0,0.0,0.0,False,False
1637555,41,3.39,0,0,0,139,3,0,76283,,39456,County Championship Division Two 2026,1,38,Middlesex Men,50,Lancashire Men,8750419,2026-09-03T09:33:20Z,5,246,False,,,,202.0,James Anderson,3829.0,Luke Hollman,7893.0,Ben Geddes,,,Left,Wicketkeeper,0.0,0,0.0,0.0,,LengthBall,OutsideOff,,Missed,FrontFoot,ForwardDefensive,AwaySwinger,Round,Medium,Right,Null,NotReferred,Null,False,False,False,False,False,True,,False,False,False,False,False,False,0.0,0.0,0.0,0.0,0.0,False,False
1637555,41,3.39,0,0,0,139,3,0,76283,,39456,County Championship Division Two 2026,1,38,Middlesex Men,50,Lancashire Men,8750427,2026-09-03T09:33:56Z,6,247,False,,,,202.0,James Anderson,3829.0,Luke Hollman,7893.0,Ben Geddes,261.0,69.0,Left,Mid On,0.0,0,0.0,0.0,,LengthBall,OutsideOff,,None,FrontFoot,ForwardDefensive,NoMovement,Round,Medium,Right,Null,NotReferred,Null,False,False,False,False,False,True,,False,False,False,False,False,False,0.0,0.0,0.0,0.0,0.0,False,False
1637563,42,3.33,1,0,0,140,3,1,76283,,39456,County Championship Division Two 2026,1,38,Middlesex Men,50,Lancashire Men,8750440,2026-09-03T09:34:40Z,1,248,False,,,,247.0,Tom Bailey,7893.0,Ben Geddes,3829.0,Luke Hollman,,,Right,Wicketkeeper,0.0,0,0.0,0.0,,BackOfALength,OutsideOff,,Left,FrontFoot,Leave,SeamAway,Over,Medium,Right,Null,NotReferred,Null,False,False,False,False,False,True,,False,False,False,False,False,False,0.0,0.0,0.0,0.0,0.0,False,False
1637563,42,3.33,1,0,0,140,3,1,76283,,39456,County Championship Division Two 2026,1,38,Middlesex Men,50,Lancashire Men,8750446,2026-09-03T09:35:11Z,2,249,False,,,,247.0,Tom Bailey,7893.0,Ben Geddes,3829.0,Luke Hollman,,,Right,Bowler,0.0,0,0.0,0.0,,LengthBall,OutsideOff,,None,FrontFoot,Drive,NoMovement,Over,Medium,Right,Null,NotReferred,Null,False,False,False,False,False,True,,False,False,False,False,False,False,0.0,0.0,0.0,0.0,0.0,False,False
1637563,42,3.33,1,0,0,140,3,1,76283,,39456,County Championship Division Two 2026,1,38,Middlesex Men,50,Lancashire Men,8750458,2026-09-03T09:35:40Z,3,250,False,,,,247.0,Tom Bailey,7893.0,Ben Geddes,3829.0,Luke Hollman,,,Right,Bowler,0.0,0,0.0,0.0,,LengthBall,OutsideOff,,None,FrontFoot,ForwardDefensive,NoMovement,Over,Medium,Right,Null,NotReferred,Null,False,False,False,False,False,True,,False,False,False,False,False,False,0.0,0.0,0.0,0.0,0.0,False,False
1637563,42,3.33,1,0,0,140,3,1,76283,,39456,County Championship Division Two 2026,1,38,Middlesex Men,50,Lancashire Men,8750491,2026-09-03T09:38:14Z,4,251,False,,,,247.0,Tom Bailey,7893.0,Ben Geddes,3829.0,Luke Hollman,,,Right,Bowler,0.0,0,0.0,0.0,,LengthBall,OutsideOff,,None,FrontFoot,ForwardDefensive,SeamIn,Over,Medium,Right,Null,NotReferred,Null,False,False,False,False,False,True,,False,False,False,False,False,False,0.0,0.0,0.0,0.0,0.0,False,False
1637563,42,3.33,1,0,0,140,3,1,76283,,39456,County Championship Division Two 2026,1,38,Middlesex Men,50,Lancashire Men,8750513,2026-09-03T09:39:01Z,5,252,False,,,,247.0,Tom Bailey,7893.0,Ben Geddes,3829.0,Luke Hollman,58.0,117.0,Right,Fine Leg,0.0,1,1.0,0.0,,LengthBall,OffStump,Lbw,HitPad,BackFoot,Glance,SeamIn,Over,Medium,Right,Null,NotReferred,Null,False,False,False,True,False,True,1861.0,False,False,False,False,False,False,1.0,0.0,0.0,1.0,0.0,False,False
1637563,42,3.33,1,0,0,140,3,1,76283,,39456,County Championship Division Two 2026,1,38,Middlesex Men,50,Lancashire Men,8750519,2026-09-03T09:39:49Z,6,253,False,,,,247.0,Tom Bailey,3829.0,Luke Hollman,7893.0,Ben Geddes,,,Left,Bowler,0.0,0,0.0,0.0,,LengthBall,OutsideOff,,None,FrontFoot,ForwardDefensive,NoMovement,Round,Medium,Right,Null,NotReferred,Null,False,False,False,False,False,True,,False,False,False,False,False,False,0.0,0.0,0.0,0.0,0.0,False,False
1637582,43,3.4,6,1,0,146,4,6,76283,,39456,County Championship Division Two 2026,1,38,Middlesex Men,50,Lancashire Men,8750536,2026-09-03T09:40:43Z,1,254,False,,,,202.0,James Anderson,7893.0,Ben Geddes,3829.0,Luke Hollman,204.0,113.0,Right,Cover,1.0,0,1.0,1.0,,LengthBall,OutsideOff,,None,FrontFoot,Drive,NoMovement,Over,Medium,Right,Null,NotReferred,Null,False,False,False,False,False,True,,False,False,False,False,False,False,1.0,0.0,0.0,0.0,0.0,False,False
1637582,43,3.4,6,1,0,146,4,6,76283,,39456,County Championship Division Two 2026,1,38,Middlesex Men,50,Lancashire Men,8750542,2026-09-03T09:41:20Z,2,255,False,,,,202.0,James Anderson,3829.0,Luke Hollman,7893.0,Ben Geddes,339.0,53.0,Left,Cover,0.0,0,0.0,0.0,,LengthBall,OutsideOff,,None,FrontFoot,ForwardDefensive,NoMovement,Round,Medium,Right,Null,NotReferred,Null,False,False,False,False,False,True,,False,False,False,False,False,False,0.0,0.0,0.0,0.0,0.0,False,False
1637582,43,3.4,6,1,0,146,4,6,76283,,39456,County Championship Division Two 2026,1,38,Middlesex Men,50,Lancashire Men,8750556,2026-09-03T09:41:54Z,3,256,True,Bowled,3829.0,Luke Hollman,202.0,James Anderson,3829.0,Luke Hollman,7893.0,Ben Geddes,,,Left,,0.0,0,0.0,0.0,Bowled,LengthBall,OutsideOff,Bowled,Missed,FrontFoot,ForwardDefensive,InSwinger,Round,Medium,Right,Null,NotReferred,Null,False,False,False,False,False,True,1815.0,False,False,False,False,False,False,0.0,0.0,0.0,0.0,0.0,False,False
1637582,43,3.4,6,1,0,146,4,6,76283,,39456,County Championship Division Two 2026,1,38,Middlesex Men,50,Lancashire Men,8750587,2026-09-03T09:43:54Z,4,257,False,,,,202.0,James Anderson,39.0,Ryan Higgins,7893.0,Ben Geddes,109.0,161.0,Right,,4.0,0,4.0,4.0,,LengthBall,OutsideOff,,OutsideEdge,FrontFoot,ForwardDefensive,AwaySwinger,Over,Medium,Right,Null,NotReferred,Null,False,False,False,False,False,True,,False,False,False,False,False,False,4.0,0.0,0.0,0.0,0.0,True,False
1637582,43,3.4,6,1,0,146,4,6,76283,,39456,County Championship Division Two 2026,1,38,Middlesex Men,50,Lancashire Men,8750600,2026-09-03T09:44:54Z,5,258,False,,,,202.0,James Anderson,39.0,Ryan Higgins,7893.0,Ben Geddes,205.0,50.0,Right,Cover,0.0,0,0.0,0.0,,LengthBall,OutsideOff,,None,MovesInfront,ForwardDefensive,NoMovement,Over,Medium,Right,Null,NotReferred,Null,False,False,False,False,False,True,,False,False,False,False,False,False,0.0,0.0,0.0,0.0,0.0,False,False
1637582,43,3.4,6,1,0,146,4,6,76283,,39456,County Championship Division Two 2026,1,38,Middlesex Men,50,Lancashire Men,8750605,2026-09-03T09:45:29Z,6,259,False,,,,202.0,James Anderson,39.0,Ryan Higgins,7893.0,Ben Geddes,300.0,65.0,Right,Mid Wicket,1.0,0,1.0,1.0,,LengthBall,OffStump,,None,FrontFoot,ForwardDefensive,NoMovement,Over,Medium,Right,Null,NotReferred,Null,False,False,False,False,False,True,,False,False,False,False,False,False,1.0,0.0,0.0,0.0,0.0,False,False
1637595,44,3.43,5,0,0,151,4,5,76283,,39456,County Championship Division Two 2026,1,38,Middlesex Men,50,Lancashire Men,8750628,2026-09-03T09:46:28Z,1,260,False,,,,247.0,Tom Bailey,39.0,Ryan Higgins,7893.0,Ben Geddes,315.0,50.0,Right,Mid Wicket,0.0,0,0.0,0.0,,LengthBall,OutsideOff,,None,FrontFoot,ForwardDefensive,NoMovement,Over,Medium,Right,Null,NotReferred,Null,False,False,False,False,False,True,,False,False,False,False,False,False,0.0,0.0,0.0,0.0,0.0,False,False
1637595,44,3.43,5,0,0,151,4,5,76283,,39456,County Championship Division Two 2026,1,38,Middlesex Men,50,Lancashire Men,8750634,2026-09-03T09:47:05Z,2,261,False,,,,247.0,Tom Bailey,39.0,Ryan Higgins,7893.0,Ben Geddes,,,Right,Wicketkeeper,0.0,0,0.0,0.0,,LengthBall,MiddleStump,,PlayAndMissLegSide,BackFoot,Glance,SeamIn,Over,Medium,Right,Null,NotReferred,Null,False,False,False,False,False,True,,False,False,False,False,False,False,0.0,0.0,0.0,0.0,0.0,False,False
1637595,44,3.43,5,0,0,151,4,5,76283,,39456,County Championship Division Two 2026,1,38,Middlesex Men,50,Lancashire Men,8750641,2026-09-03T09:47:38Z,3,262,False,,,,247.0,Tom Bailey,39.0,Ryan Higgins,7893.0,Ben Geddes,28.0,148.0,Right,Deep Backward Square Leg,1.0,0,1.0,1.0,,BackOfALength,OutsideOff,,None,BackFoot,Pull,NoMovement,Over,Medium,Right,Null,NotReferred,Null,False,False,False,False,False,True,,False,False,False,False,False,False,1.0,0.0,0.0,0.0,0.0,False,False
1637595,44,3.43,5,0,0,151,4,5,76283,,39456,County Championship Division Two 2026,1,38,Middlesex Men,50,Lancashire Men,8750652,2026-09-03T09:48:12Z,4,263,False,,,,247.0,Tom Bailey,7893.0,Ben Geddes,39.0,Ryan Higgins,17.0,167.0,Right,,4.0,0,4.0,4.0,,BackOfALength,OutsideOff,,WellTimed,BackFoot,Pull,NoMovement,Over,Medium,Right,Null,NotReferred,Null,False,False,False,False,False,True,,False,False,False,False,False,False,4.0,0.0,0.0,0.0,0.0,True,False
1637595,44,3.43,5,0,0,151,4,5,76283,,39456,County Championship Division Two 2026,1,38,Middlesex Men,50,Lancashire Men,8750669,2026-09-03T09:48:54Z,5,264,False,,,,247.0,Tom Bailey,7893.0,Ben Geddes,39.0,Ryan Higgins,,,Right,Bowler,0.0,0,0.0,0.0,,LengthBall,OutsideOff,,None,FrontFoot,ForwardDefensive,SeamIn,Over,Medium,Right,Null,NotReferred,Null,False,False,False,False,False,True,,False,False,False,False,False,False,0.0,0.0,0.0,0.0,0.0,False,False
1637595,44,3.43,5,0,0,151,4,5,76283,,39456,County Championship Division Two 2026,1,38,Middlesex Men,50,Lancashire Men,8750677,2026-09-03T09:49:37Z,6,265,False,,,,247.0,Tom Bailey,7893.0,Ben Geddes,39.0,Ryan Higgins,258.0,59.0,Right,Mid Off,0.0,0,0.0,0.0,,LengthBall,OutsideOff,,None,FrontFoot,ForwardDefensive,SeamIn,Over,Medium,Right,Null,NotReferred,Null,False,False,False,False,False,True,,False,False,False,False,False,False,0.0,0.0,0.0,0.0,0.0,False,False
1637606,45,3.36,0,0,0,151,4,0,76283,,39456,County Championship Division Two 2026,1,38,Middlesex Men,50,Lancashire Men,8750695,2026-09-03T09:50:25Z,1,266,False,,,,202.0,James Anderson,39.0,Ryan Higgins,7893.0,Ben Geddes,,,Right,Bowler,0.0,0,0.0,0.0,,LengthBall,OutsideOff,Lbw,HitPad,FrontFoot,ForwardDefensive,InSwinger,Over,Medium,Right,Null,NotReferred,Null,False,False,False,False,False,True,1815.0,False,False,False,False,False,False,0.0,0.0,0.0,0.0,0.0,False,False
1637606,45,3.36,0,0,0,151,4,0,76283,,39456,County Championship Division Two 2026,1,38,Middlesex Men,50,Lancashire Men,8750704,2026-09-03T09:51:01Z,2,267,False,,,,202.0,James Anderson,39.0,Ryan Higgins,7893.0,Ben Geddes,212.0,14.0,Right,Extra Cover,0.0,0,0.0,0.0,,LengthBall,OutsideOff,,HitPad,MovesInfront,ForwardDefensive,InSwinger,Over,Medium,Right,Null,NotReferred,Null,False,False,False,False,False,True,,False,False,False,False,False,False,0.0,0.0,0.0,0.0,0.0,False,False
1637606,45,3.36,0,0,0,151,4,0,76283,,39456,County Championship Division Two 2026,1,38,Middlesex Men,50,Lancashire Men,8750709,2026-09-03T09:51:36Z,3,268,False,,,,202.0,James Anderson,39.0,Ryan Higgins,7893.0,Ben Geddes,,,Right,Wicketkeeper,0.0,0,0.0,0.0,,BackOfALength,OutsideOff,,Missed,DownTheTrack,ForwardDefensive,AwaySwinger,Over,Medium,Right,Null,NotReferred,Null,False,False,False,False,False,True,,False,False,False,False,False,False,0.0,0.0,0.0,0.0,0.0,False,False
1637606,45,3.36,0,0,0,151,4,0,76283,,39456,County Championship Division Two 2026,1,38,Middlesex Men,50,Lancashire Men,8750721,2026-09-03T09:52:07Z,4,269,False,,,,202.0,James Anderson,39.0,Ryan Higgins,7893.0,Ben Geddes,94.0,39.0,Right,First Slip,0.0,0,0.0,0.0,,LengthBall,OutsideOff,,OutsideEdge,DownTheTrack,Drive,AwaySwinger,Over,Medium,Right,Null,NotReferred,Null,False,False,False,False,False,True,,False,False,False,False,False,False,0.0,0.0,0.0,0.0,0.0,False,False
1637606,45,3.36,0,0,0,151,4,0,76283,,39456,County Championship Division Two 2026,1,38,Middlesex Men,50,Lancashire Men,8750727,2026-09-03T09:52:43Z,5,270,False,,,,202.0,James Anderson,39.0,Ryan Higgins,7893.0,Ben Geddes,237.0,42.0,Right,Extra Cover,0.0,0,0.0,0.0,,BackOfALength,OutsideOff,,None,BackFoot,BackwardDefensive,NoMovement,Over,Medium,Right,Null,NotReferred,Null,False,False,False,False,False,True,,False,False,False,False,False,False,0.0,0.0,0.0,0.0,0.0,False,False
1637606,45,3.36,0,0,0,151,4,0,76283,,39456,County Championship Division Two 2026,1,38,Middlesex Men,50,Lancashire Men,8750742,2026-09-03T09:53:13Z,6,271,False,,,,202.0,James Anderson,39.0,Ryan Higgins,7893.0,Ben Geddes,,,Right,Wicketkeeper,0.0,0,0.0,0.0,,BackOfALength,OutsideOff,,Left,DownTheTrack,Leave,NoMovement,Over,Medium,Right,Null,NotReferred,Null,False,False,False,False,False,True,,False,False,False,False,False,False,0.0,0.0,0.0,0.0,0.0,False,False
1637618,46,3.35,3,1,0,154,5,3,76283,,39456,County Championship Division Two 2026,1,38,Middlesex Men,50,Lancashire Men,8750756,2026-09-03T09:54:11Z,1,272,True,Lbw,7893.0,Ben Geddes,2949.0,George Balderson,7893.0,Ben Geddes,39.0,Ryan Higgins,,,Right,,0.0,0,0.0,0.0,LBW,LengthBall,OutsideOff,Lbw,HitPad,FrontFoot,ForwardDefensive,InSwinger,Over,Medium,Right,Null,NotReferred,Null,False,False,False,False,False,True,1861.0,False,False,False,False,False,False,0.0,0.0,0.0,0.0,0.0,False,False
1637618,46,3.35,3,1,0,154,5,3,76283,,39456,County Championship Division Two 2026,1,38,Middlesex Men,50,Lancashire Men,8750785,2026-09-03T09:56:07Z,2,273,False,,,,2949.0,George Balderson,3830.0,Harry Duke,39.0,Ryan Higgins,,,Right,Bowler,0.0,0,0.0,0.0,,LengthBall,OutsideOff,,None,FrontFoot,ForwardDefensive,NoMovement,Over,Medium,Right,Null,NotReferred,Null,False,False,False,False,False,True,,False,False,False,False,False,False,0.0,0.0,0.0,0.0,0.0,False,False
1637618,46,3.35,3,1,0,154,5,3,76283,,39456,County Championship Division Two 2026,1,38,Middlesex Men,50,Lancashire Men,8750790,2026-09-03T09:56:39Z,3,274,False,,,,2949.0,George Balderson,3830.0,Harry Duke,39.0,Ryan Higgins,135.0,37.0,Right,Gully,0.0,0,0.0,0.0,,LengthBall,OutsideOff,,OutsideEdge,FrontFoot,ForwardDefensive,NoMovement,Over,Medium,Right,Null,NotReferred,Null,False,False,False,False,False,True,,False,False,False,False,False,False,0.0,0.0,0.0,0.0,0.0,False,False
1637618,46,3.35,3,1,0,154,5,3,76283,,39456,County Championship Division Two 2026,1,38,Middlesex Men,50,Lancashire Men,8750802,2026-09-03T09:57:04Z,4,275,False,,,,2949.0,George Balderson,3830.0,Harry Duke,39.0,Ryan Higgins,35.0,127.0,Right,Fine Leg,3.0,0,3.0,3.0,,LengthBall,MiddleStump,,None,BackFoot,Glance,NoMovement,Over,Medium,Right,Null,NotReferred,Null,False,False,False,False,False,True,,False,False,False,False,False,False,3.0,0.0,0.0,0.0,0.0,False,False
1637618,46,3.35,3,1,0,154,5,3,76283,,39456,County Championship Division Two 2026,1,38,Middlesex Men,50,Lancashire Men,8750812,2026-09-03T09:57:56Z,5,276,False,,,,2949.0,George Balderson,39.0,Ryan Higgins,3830.0,Harry Duke,109.0,31.0,Right,Second Slip,0.0,0,0.0,0.0,,LengthBall,OutsideOff,,Missed,FrontFoot,Drive,NoMovement,Over,Medium,Right,Null,NotReferred,Null,False,False,False,False,False,True,,False,False,False,False,False,False,0.0,0.0,0.0,0.0,0.0,False,False
1637618,46,3.35,3,1,0,154,5,3,76283,,39456,County Championship Division Two 2026,1,38,Middlesex Men,50,Lancashire Men,8750824,2026-09-03T09:58:30Z,6,277,False,,,,2949.0,George Balderson,39.0,Ryan Higgins,3830.0,Harry Duke,,,Right,Bowler,0.0,0,0.0,0.0,,LengthBall,OutsideOff,,None,FrontFoot,ForwardDefensive,InSwinger,Over,Medium,Right,Null,NotReferred,Null,False,False,False,False,False,True,,False,False,False,False,False,False,0.0,0.0,0.0,0.0,0.0,False,False
1637630,47,3.3,1,0,0,155,5,1,76283,,39456,County Championship Division Two 2026,1,38,Middlesex Men,50,Lancashire Men,8750841,2026-09-03T09:59:35Z,1,278,False,,,,202.0,James Anderson,3830.0,Harry Duke,39.0,Ryan Higgins,330.0,49.0,Right,Square Leg,0.0,0,0.0,0.0,,BackOfALength,OutsideOff,,None,BackFoot,BackwardDefensive,NoMovement,Over,Medium,Right,Null,NotReferred,Null,False,False,False,False,False,True,,False,False,False,False,False,False,0.0,0.0,0.0,0.0,0.0,False,False
1637630,47,3.3,1,0,0,155,5,1,76283,,39456,County Championship Division Two 2026,1,38,Middlesex Men,50,Lancashire Men,8750850,2026-09-03T10:00:10Z,2,279,False,,,,202.0,James Anderson,3830.0,Harry Duke,39.0,Ryan Higgins,,,Right,Wicketkeeper,0.0,0,0.0,0.0,,BackOfALength,OutsideOff,,Missed,FrontFoot,ForwardDefensive,AwaySwinger,Over,Medium,Right,Null,NotReferred,Null,False,False,False,False,False,True,,False,False,False,False,False,False,0.0,0.0,0.0,0.0,0.0,False,False
1637630,47,3.3,1,0,0,155,5,1,76283,,39456,County Championship Division Two 2026,1,38,Middlesex Men,50,Lancashire Men,8750860,2026-09-03T10:00:45Z,3,280,False,,,,202.0,James Anderson,3830.0,Harry Duke,39.0,Ryan Higgins,,,Right,Wicketkeeper,0.0,0,0.0,0.0,,LengthBall,OutsideOff,,Left,FrontFoot,Leave,SeamIn,Over,Medium,Right,Null,NotReferred,Null,False,False,False,False,False,True,,False,False,False,False,False,False,0.0,0.0,0.0,0.0,0.0,False,False
1637630,47,3.3,1,0,0,155,5,1,76283,,39456,County Championship Division Two 2026,1,38,Middlesex Men,50,Lancashire Men,8750874,2026-09-03T10:01:22Z,4,281,False,,,,202.0,James Anderson,3830.0,Harry Duke,39.0,Ryan Higgins,114.0,127.0,Right,Third Man,1.0,0,1.0,1.0,,BackOfALength,OutsideOff,,OutsideEdge,BackFoot,BackwardDefensive,NoMovement,Over,Medium,Right,Null,NotReferred,Null,False,False,False,False,False,True,,False,False,False,False,False,False,1.0,0.0,0.0,0.0,0.0,False,False
1637630,47,3.3,1,0,0,155,5,1,76283,,39456,County Championship Division Two 2026,1,38,Middlesex Men,50,Lancashire Men,8750877,2026-09-03T10:01:58Z,5,282,False,,,,202.0,James Anderson,39.0,Ryan Higgins,3830.0,Harry Duke,,,Right,Wicketkeeper,0.0,0,0.0,0.0,,LengthBall,OutsideOff,,Missed,DownTheTrack,ForwardDefensive,AwaySwinger,Over,Medium,Right,Null,NotReferred,Null,False,False,False,False,False,True,,False,False,False,False,False,False,0.0,0.0,0.0,0.0,0.0,False,False
1637630,47,3.3,1,0,0,155,5,1,76283,,39456,County Championship Division Two 2026,1,38,Middlesex Men,50,Lancashire Men,8750888,2026-09-03T10:02:29Z,6,283,False,,,,202.0,James Anderson,39.0,Ryan Higgins,3830.0,Harry Duke,,,Right,Wicketkeeper,0.0,0,0.0,0.0,,LengthBall,OutsideOff,,Missed,MovesInfront,Drive,AwaySwinger,Over,Medium,Right,Null,NotReferred,Null,False,False,False,False,False,True,,False,False,False,False,False,False,0.0,0.0,0.0,0.0,0.0,False,False
1637641,48,3.33,5,0,0,160,5,5,76283,,39456,County Championship Division Two 2026,1,38,Middlesex Men,50,Lancashire Men,8750908,2026-09-03T10:03:24Z,1,284,False,,,,2949.0,George Balderson,3830.0,Harry Duke,39.0,Ryan Higgins,279.0,81.0,Right,Mid On,0.0,0,0.0,0.0,,LengthBall,OffStump,,WellTimed,FrontFoot,Drive,NoMovement,Over,Medium,Right,Null,NotReferred,Null,False,False,False,False,False,True,,False,False,False,False,False,False,0.0,0.0,0.0,0.0,0.0,False,False
1637641,48,3.33,5,0,0,160,5,5,76283,,39456,County Championship Division Two 2026,1,38,Middlesex Men,50,Lancashire Men,8750912,2026-09-03T10:03:53Z,2,285,False,,,,2949.0,George Balderson,3830.0,Harry Duke,39.0,Ryan Higgins,293.0,64.0,Right,Mid On,1.0,0,1.0,1.0,,LengthBall,OffStump,,None,FrontFoot,ForwardDefensive,NoMovement,Over,Medium,Right,Null,NotReferred,Null,False,False,False,False,False,True,,False,False,False,False,False,False,1.0,0.0,0.0,0.0,0.0,False,False
1637641,48,3.33,5,0,0,160,5,5,76283,,39456,County Championship Division Two 2026,1,38,Middlesex Men,50,Lancashire Men,8750925,2026-09-03T10:04:27Z,3,286,False,,,,2949.0,George Balderson,39.0,Ryan Higgins,3830.0,Harry Duke,215.0,47.0,Right,Extra Cover,0.0,0,0.0,0.0,,LengthBall,OutsideOff,,None,FrontFoot,Drive,NoMovement,Over,Medium,Right,Null,NotReferred,Null,False,False,False,False,False,True,,False,False,False,False,False,False,0.0,0.0,0.0,0.0,0.0,False,False
1637641,48,3.33,5,0,0,160,5,5,76283,,39456,County Championship Division Two 2026,1,38,Middlesex Men,50,Lancashire Men,8750931,2026-09-03T10:04:53Z,4,287,False,,,,2949.0,George Balderson,39.0,Ryan Higgins,3830.0,Harry Duke,310.0,52.0,Right,Mid Wicket,0.0,0,0.0,0.0,,LengthBall,OffStump,,None,FrontFoot,ForwardDefensive,SeamIn,Over,Medium,Right,Null,NotReferred,Null,False,False,False,False,False,True,,False,False,False,False,False,False,0.0,0.0,0.0,0.0,0.0,False,False
1637641,48,3.33,5,0,0,160,5,5,76283,,39456,County Championship Division Two 2026,1,38,Middlesex Men,50,Lancashire Men,8750940,2026-09-03T10:05:23Z,5,288,False,,,,2949.0,George Balderson,39.0,Ryan Higgins,3830.0,Harry Duke,308.0,55.0,Right,Mid Wicket,0.0,0,0.0,0.0,,LengthBall,OutsideOff,,None,FrontFoot,Flick,NoMovement,Over,Medium,Right,Null,NotReferred,Null,False,False,False,False,False,True,,False,False,False,False,False,False,0.0,0.0,0.0,0.0,0.0,False,False
1637641,48,3.33,5,0,0,160,5,5,76283,,39456,County Championship Division Two 2026,1,38,Middlesex Men,50,Lancashire Men,8750952,2026-09-03T10:05:51Z,6,289,False,,,,2949.0,George Balderson,39.0,Ryan Higgins,3830.0,Harry Duke,98.0,160.0,Right,,4.0,0,4.0,4.0,,LengthBall,OutsideOff,,OutsideEdge,FrontFoot,ForwardDefensive,SeamAway,Over,Medium,Right,Null,NotReferred,Null,False,False,False,False,False,True,,False,False,False,False,False,False,4.0,0.0,0.0,0.0,0.0,True,False
1637652,49,3.27,0,0,0,160,5,0,76283,,39456,County Championship Division Two 2026,1,38,Middlesex Men,50,Lancashire Men,8750965,2026-09-03T10:06:57Z,1,290,False,,,,202.0,James Anderson,3830.0,Harry Duke,39.0,Ryan Higgins,324.0,50.0,Right,Mid Wicket,0.0,0,0.0,0.0,,LengthBall,OutsideOff,,None,FrontFoot,ForwardDefensive,NoMovement,Over,Medium,Right,Null,NotReferred,Null,False,False,False,False,False,True,,False,False,False,False,False,False,0.0,0.0,0.0,0.0,0.0,False,False
1637652,49,3.27,0,0,0,160,5,0,76283,,39456,County Championship Division Two 2026,1,38,Middlesex Men,50,Lancashire Men,8750981,2026-09-03T10:07:33Z,2,291,False,,,,202.0,James Anderson,3830.0,Harry Duke,39.0,Ryan Higgins,109.0,36.0,Right,Second Slip,0.0,0,0.0,0.0,,BackOfALength,OutsideOff,,OutsideEdge,BackFoot,BackwardDefensive,SeamAway,Over,Medium,Right,Null,NotReferred,Null,False,False,False,False,False,True,,False,False,False,False,False,False,0.0,0.0,0.0,0.0,0.0,False,False
1637652,49,3.27,0,0,0,160,5,0,76283,,39456,County Championship Division Two 2026,1,38,Middlesex Men,50,Lancashire Men,8750987,2026-09-03T10:08:09Z,3,292,False,,,,202.0,James Anderson,3830.0,Harry Duke,39.0,Ryan Higgins,,,Right,Wicketkeeper,0.0,0,0.0,0.0,,LengthBall,OffStump,,Missed,FrontFoot,ForwardDefensive,AwaySwinger,Over,Medium,Right,Null,NotReferred,Null,False,False,False,False,False,True,,False,False,False,False,False,False,0.0,0.0,0.0,0.0,0.0,False,False
1637652,49,3.27,0,0,0,160,5,0,76283,,39456,County Championship Division Two 2026,1,38,Middlesex Men,50,Lancashire Men,8751000,2026-09-03T10:08:43Z,4,293,False,,,,202.0,James Anderson,3830.0,Harry Duke,39.0,Ryan Higgins,126.0,38.0,Right,Gully,0.0,0,0.0,0.0,,BackOfALength,OutsideOff,,None,BackFoot,BackwardDefensive,NoMovement,Over,Medium,Right,Null,NotReferred,Null,False,False,False,False,False,True,,False,False,False,False,False,False,0.0,0.0,0.0,0.0,0.0,False,False
1637652,49,3.27,0,0,0,160,5,0,76283,,39456,County Championship Division Two 2026,1,38,Middlesex Men,50,Lancashire Men,8751011,2026-09-03T10:09:19Z,5,294,False,,,,202.0,James Anderson,3830.0,Harry Duke,39.0,Ryan Higgins,,,Right,Wicketkeeper,0.0,0,0.0,0.0,,LengthBall,OutsideOff,,Left,FrontFoot,Leave,AwaySwinger,Over,Medium,Right,Null,NotReferred,Null,False,False,False,False,False,True,,False,False,False,False,False,False,0.0,0.0,0.0,0.0,0.0,False,False
1637652,49,3.27,0,0,0,160,5,0,76283,,39456,County Championship Division Two 2026,1,38,Middlesex Men,50,Lancashire Men,8751022,2026-09-03T10:09:53Z,6,295,False,,,,202.0,James Anderson,3830.0,Harry Duke,39.0,Ryan Higgins,,,Right,Bowler,0.0,0,0.0,0.0,,LengthBall,OutsideOff,Lbw,HitPad,FrontFoot,ForwardDefensive,InSwinger,Over,Medium,Right,Null,NotReferred,Null,False,False,False,False,False,True,1815.0,False,False,False,False,False,False,0.0,0.0,0.0,0.0,0.0,False,False
1637665,50,3.38,9,0,0,169,5,9,76283,,39456,County Championship Division Two 2026,1,38,Middlesex Men,50,Lancashire Men,8751034,2026-09-03T10:10:49Z,1,296,False,,,,2949.0,George Balderson,39.0,Ryan Higgins,3830.0,Harry Duke,288.0,64.0,Right,Mid On,0.0,0,0.0,0.0,,HalfVolley,OutsideOff,,None,FrontFoot,Drive,NoMovement,Over,Medium,Right,Null,NotReferred,Null,False,False,False,False,False,True,,False,False,False,False,False,False,0.0,0.0,0.0,0.0,0.0,False,False
1637665,50,3.38,9,0,0,169,5,9,76283,,39456,County Championship Division Two 2026,1,38,Middlesex Men,50,Lancashire Men,8751044,2026-09-03T10:11:20Z,2,297,False,,,,2949.0,George Balderson,39.0,Ryan Higgins,3830.0,Harry Duke,270.0,180.0,Right,,4.0,0,4.0,4.0,,HalfVolley,OutsideOff,,WellTimed,FrontFoot,Drive,NoMovement,Over,Medium,Right,Null,NotReferred,Null,False,False,False,False,False,True,,False,False,False,False,False,False,4.0,0.0,0.0,0.0,0.0,True,False
1637665,50,3.38,9,0,0,169,5,9,76283,,39456,County Championship Division Two 2026,1,38,Middlesex Men,50,Lancashire Men,8751062,2026-09-03T10:12:05Z,3,298,False,,,,2949.0,George Balderson,39.0,Ryan Higgins,3830.0,Harry Duke,,,Right,Wicketkeeper,0.0,0,0.0,0.0,,LengthBall,OutsideOff,,Missed,BackFoot,Cut,NoMovement,Over,Medium,Right,Null,NotReferred,Null,False,False,False,False,False,True,,False,False,False,False,False,False,0.0,0.0,0.0,0.0,0.0,False,False
1637665,50,3.38,9,0,0,169,5,9,76283,,39456,County Championship Division Two 2026,1,38,Middlesex Men,50,Lancashire Men,8751067,2026-09-03T10:12:32Z,4,299,False,,,,2949.0,George Balderson,39.0,Ryan Higgins,3830.0,Harry Duke,113.0,135.0,Right,Third Man,1.0,0,1.0,1.0,,LengthBall,OutsideOff,,OutsideEdge,FrontFoot,ForwardDefensive,AwaySwinger,Over,Medium,Right,Null,NotReferred,Null,False,False,False,False,False,True,,False,False,False,False,False,False,1.0,0.0,0.0,0.0,0.0,False,False
1637665,50,3.38,9,0,0,169,5,9,76283,,39456,County Championship Division Two 2026,1,38,Middlesex Men,50,Lancashire Men,8751082,2026-09-03T10:13:20Z,5,300,False,,,,2949.0,George Balderson,3830.0,Harry Duke,39.0,Ryan Higgins,97.0,160.0,Right,,4.0,0,4.0,4.0,,LengthBall,OutsideOff,,OutsideEdge,FrontFoot,ForwardDefensive,AwaySwinger,Over,Medium,Right,Null,NotReferred,Null,False,False,False,False,False,True,,False,False,False,False,False,False,4.0,0.0,0.0,0.0,0.0,True,False
1637665,50,3.38,9,0,0,169,5,9,76283,,39456,County Championship Division Two 2026,1,38,Middlesex Men,50,Lancashire Men,8751091,2026-09-03T10:13:59Z,6,301,False,,,,2949.0,George Balderson,3830.0,Harry Duke,39.0,Ryan Higgins,204.0,55.0,Right,Cover,0.0,0,0.0,0.0,,LengthBall,OutsideOff,,None,FrontFoot,ForwardDefensive,NoMovement,Over,Medium,Right,Null,NotReferred,Null,False,False,False,False,False,True,,False,False,False,False,False,False,0.0,0.0,0.0,0.0,0.0,False,False
1637674,51,3.33,1,0,0,170,5,1,76283,,39456,County Championship Division Two 2026,1,38,Middlesex Men,50,Lancashire Men,8751111,2026-09-03T10:14:59Z,1,302,False,,,,202.0,James Anderson,39.0,Ryan Higgins,3830.0,Harry Duke,,,Right,Wicketkeeper,0.0,0,0.0,0.0,,LengthBall,OutsideOff,,Missed,DownTheTrack,Drive,AwaySwinger,Over,Medium,Right,Null,NotReferred,Null,False,False,False,False,False,True,,False,False,False,False,False,False,0.0,0.0,0.0,0.0,0.0,False,False
1637674,51,3.33,1,0,0,170,5,1,76283,,39456,County Championship Division Two 2026,1,38,Middlesex Men,50,Lancashire Men,8751128,2026-09-03T10:15:33Z,2,303,False,,,,202.0,James Anderson,39.0,Ryan Higgins,3830.0,Harry Duke,1.0,53.0,Right,Backward Square Leg,0.0,0,0.0,0.0,,LengthBall,OffStump,,None,FrontFoot,ForwardDefensive,NoMovement,Over,Medium,Right,Null,NotReferred,Null,False,False,False,False,False,True,,False,False,False,False,False,False,0.0,0.0,0.0,0.0,0.0,False,False
1637674,51,3.33,1,0,0,170,5,1,76283,,39456,County Championship Division Two 2026,1,38,Middlesex Men,50,Lancashire Men,8751144,2026-09-03T10:16:12Z,3,304,False,,,,202.0,James Anderson,39.0,Ryan Higgins,3830.0,Harry Duke,,,Right,Wicketkeeper,0.0,0,0.0,0.0,,BackOfALength,OutsideOff,,Left,DownTheTrack,Leave,SeamAway,Over,Medium,Right,Null,NotReferred,Null,False,False,False,False,False,True,,False,False,False,False,False,False,0.0,0.0,0.0,0.0,0.0,False,False
1637674,51,3.33,1,0,0,170,5,1,76283,,39456,County Championship Division Two 2026,1,38,Middlesex Men,50,Lancashire Men,8751149,2026-09-03T10:16:47Z,4,305,False,,,,202.0,James Anderson,39.0,Ryan Higgins,3830.0,Harry Duke,,,Right,Wicketkeeper,0.0,0,0.0,0.0,,LengthBall,OutsideOff,,Missed,DownTheTrack,ForwardDefensive,AwaySwinger,Over,Medium,Right,Null,NotReferred,Null,False,False,False,False,False,True,,False,False,False,False,False,False,0.0,0.0,0.0,0.0,0.0,False,False
1637674,51,3.33,1,0,0,170,5,1,76283,,39456,County Championship Division Two 2026,1,38,Middlesex Men,50,Lancashire Men,8751161,2026-09-03T10:17:20Z,5,306,False,,,,202.0,James Anderson,39.0,Ryan Higgins,3830.0,Harry Duke,232.0,122.0,Right,Deep Extra Cover,1.0,0,1.0,1.0,,BackOfALength,OutsideOff,,MisTimed,DownTheTrack,Drive,NoMovement,Over,Medium,Right,Null,NotReferred,Null,False,False,False,False,False,True,,False,False,False,False,False,False,1.0,0.0,0.0,0.0,0.0,False,False
1637674,51,3.33,1,0,0,170,5,1,76283,,39456,County Championship Division Two 2026,1,38,Middlesex Men,50,Lancashire Men,8751180,2026-09-03T10:18:01Z,6,307,False,,,,202.0,James Anderson,3830.0,Harry Duke,39.0,Ryan Higgins,,,Right,Wicketkeeper,0.0,0,0.0,0.0,,LengthBall,OutsideOff,,Missed,FrontFoot,ForwardDefensive,AwaySwinger,Over,Medium,Right,Null,NotReferred,Null,False,False,False,False,False,True,,False,False,False,False,False,False,0.0,0.0,0.0,0.0,0.0,False,False
1637689,52,3.4,7,0,0,177,5,7,76283,,39456,County Championship Division Two 2026,1,38,Middlesex Men,50,Lancashire Men,8751192,2026-09-03T10:18:50Z,1,308,False,,,,2949.0,George Balderson,39.0,Ryan Higgins,3830.0,Harry Duke,180.0,170.0,Right,,4.0,0,4.0,4.0,,HalfVolley,OutsideOff,,WellTimed,FrontFoot,Drive,NoMovement,Over,Medium,Right,Null,NotReferred,Null,False,False,False,False,False,True,,False,False,False,False,False,False,4.0,0.0,0.0,0.0,0.0,True,False
1637689,52,3.4,7,0,0,177,5,7,76283,,39456,County Championship Division Two 2026,1,38,Middlesex Men,50,Lancashire Men,8751206,2026-09-03T10:19:29Z,2,309,False,,,,2949.0,George Balderson,39.0,Ryan Higgins,3830.0,Harry Duke,4.0,137.0,Right,Deep Backward Square Leg,1.0,0,1.0,1.0,,LengthBall,OffStump,,None,FrontFoot,Flick,NoMovement,Over,Medium,Right,Null,NotReferred,Null,False,False,False,False,False,True,,False,False,False,False,False,False,1.0,0.0,0.0,0.0,0.0,False,False
1637689,52,3.4,7,0,0,177,5,7,76283,,39456,County Championship Division Two 2026,1,38,Middlesex Men,50,Lancashire Men,8751220,2026-09-03T10:19:57Z,3,310,False,,,,2949.0,George Balderson,3830.0,Harry Duke,39.0,Ryan Higgins,,,Right,Wicketkeeper,0.0,0,0.0,0.0,,LengthBall,OutsideOff,,Left,FrontFoot,Leave,AwaySwinger,Over,Medium,Right,Null,NotReferred,Null,False,False,False,False,False,True,,False,False,False,False,False,False,0.0,0.0,0.0,0.0,0.0,False,False
1637689,52,3.4,7,0,0,177,5,7,76283,,39456,County Championship Division Two 2026,1,38,Middlesex Men,50,Lancashire Men,8751231,2026-09-03T10:20:30Z,4,311,False,,,,2949.0,George Balderson,3830.0,Harry Duke,39.0,Ryan Higgins,243.0,23.0,Right,Mid Off,0.0,0,0.0,0.0,,LengthBall,OutsideOff,Lbw,InsideEdge,FrontFoot,ForwardDefensive,InSwinger,Over,Medium,Right,Null,NotReferred,Null,False,False,False,False,False,True,1861.0,False,False,False,False,False,False,0.0,0.0,0.0,0.0,0.0,False,False
1637689,52,3.4,7,0,0,177,5,7,76283,,39456,County Championship Division Two 2026,1,38,Middlesex Men,50,Lancashire Men,8751245,2026-09-03T10:20:57Z,5,312,False,,,,2949.0,George Balderson,3830.0,Harry Duke,39.0,Ryan Higgins,44.0,122.0,Right,Fine Leg,1.0,0,1.0,1.0,,LengthBall,OffStump,,None,BackFoot,Glance,SeamIn,Over,Medium,Right,Null,NotReferred,Null,False,False,False,False,False,True,,False,False,False,False,False,False,1.0,0.0,0.0,0.0,0.0,False,False
1637689,52,3.4,7,0,0,177,5,7,76283,,39456,County Championship Division Two 2026,1,38,Middlesex Men,50,Lancashire Men,8751260,2026-09-03T10:21:34Z,6,313,False,,,,2949.0,George Balderson,39.0,Ryan Higgins,3830.0,Harry Duke,196.0,57.0,Right,Cover,1.0,0,1.0,1.0,,LengthBall,OutsideOff,,None,FrontFoot,ForwardDefensive,InSwinger,Over,Medium,Right,Null,NotReferred,Null,False,False,False,False,False,True,,False,False,False,False,False,False,1.0,0.0,0.0,0.0,0.0,False,False
1637701,53,3.34,0,0,0,177,5,0,76283,,39456,County Championship Division Two 2026,1,38,Middlesex Men,50,Lancashire Men,8751271,2026-09-03T10:22:33Z,1,314,False,,,,202.0,James Anderson,39.0,Ryan Higgins,3830.0,Harry Duke,,,Right,Wicketkeeper,0.0,0,0.0,0.0,,LengthBall,OutsideOff,,Missed,MovesInfront,ForwardDefensive,AwaySwinger,Over,Medium,Right,Null,NotReferred,Null,False,False,False,False,False,True,,False,False,False,False,False,False,0.0,0.0,0.0,0.0,0.0,False,False
1637701,53,3.34,0,0,0,177,5,0,76283,,39456,County Championship Division Two 2026,1,38,Middlesex Men,50,Lancashire Men,8751285,2026-09-03T10:23:06Z,2,315,False,,,,202.0,James Anderson,39.0,Ryan Higgins,3830.0,Harry Duke,289.0,67.0,Right,Mid On,0.0,0,0.0,0.0,,LengthBall,OutsideOff,,None,DownTheTrack,Drive,NoMovement,Over,Medium,Right,Null,NotReferred,Null,False,False,False,False,False,True,,False,False,False,False,False,False,0.0,0.0,0.0,0.0,0.0,False,False
1637701,53,3.34,0,0,0,177,5,0,76283,,39456,County Championship Division Two 2026,1,38,Middlesex Men,50,Lancashire Men,8751302,2026-09-03T10:23:39Z,3,316,False,,,,202.0,James Anderson,39.0,Ryan Higgins,3830.0,Harry Duke,,,Right,Wicketkeeper,0.0,0,0.0,0.0,,BackOfALength,OutsideOff,Caught,Missed,MovesInfront,ForwardDefensive,AwaySwinger,Over,Medium,Right,Null,NotReferred,Null,False,False,False,False,False,True,1815.0,False,False,False,False,False,False,0.0,0.0,0.0,0.0,0.0,False,False
1637701,53,3.34,0,0,0,177,5,0,76283,,39456,County Championship Division Two 2026,1,38,Middlesex Men,50,Lancashire Men,8751317,2026-09-03T10:24:17Z,4,317,False,,,,202.0,James Anderson,39.0,Ryan Higgins,3830.0,Harry Duke,,,Right,Wicketkeeper,0.0,0,0.0,0.0,,BackOfALength,OutsideOff,,Left,BackFoot,Leave,SeamIn,Over,Medium,Right,Null,NotReferred,Null,False,False,False,False,False,True,,False,False,False,False,False,False,0.0,0.0,0.0,0.0,0.0,False,False
1637701,53,3.34,0,0,0,177,5,0,76283,,39456,County Championship Division Two 2026,1,38,Middlesex Men,50,Lancashire Men,8751327,2026-09-03T10:24:54Z,5,318,False,,,,202.0,James Anderson,39.0,Ryan Higgins,3830.0,Harry Duke,,,Right,Bowler,0.0,0,0.0,0.0,,LengthBall,OutsideOff,,None,MovesInfront,ForwardDefensive,NoMovement,Over,Medium,Right,Null,NotReferred,Null,False,False,False,False,False,True,,False,False,False,False,False,False,0.0,0.0,0.0,0.0,0.0,False,False
1637701,53,3.34,0,0,0,177,5,0,76283,,39456,County Championship Division Two 2026,1,38,Middlesex Men,50,Lancashire Men,8751331,2026-09-03T10:25:25Z,6,319,False,,,,202.0,James Anderson,39.0,Ryan Higgins,3830.0,Harry Duke,278.0,59.0,Right,Mid On,0.0,0,0.0,0.0,,LengthBall,OffStump,,None,DownTheTrack,ForwardDefensive,NoMovement,Over,Medium,Right,Null,NotReferred,Null,False,False,False,False,False,True,,False,False,False,False,False,False,0.0,0.0,0.0,0.0,0.0,False,False
1637717,54,3.28,0,2,0,177,7,0,76283,,39456,County Championship Division Two 2026,1,38,Middlesex Men,50,Lancashire Men,8751372,2026-09-03T10:26:48Z,1,320,False,,,,10590.0,Ben Walkden,3830.0,Harry Duke,39.0,Ryan Higgins,,,Right,Bowler,0.0,0,0.0,0.0,,LengthBall,OutsideOff,Lbw,HitPad,FrontFoot,ForwardDefensive,InSwinger,Over,Medium,Right,Null,NotReferred,Null,False,False,False,False,False,True,1861.0,False,False,False,False,False,False,0.0,0.0,0.0,0.0,0.0,False,False
1637717,54,3.28,0,2,0,177,7,0,76283,,39456,County Championship Division Two 2026,1,38,Middlesex Men,50,Lancashire Men,8751380,2026-09-03T10:27:26Z,2,321,False,,,,10590.0,Ben Walkden,3830.0,Harry Duke,39.0,Ryan Higgins,284.0,61.0,Right,Mid On,0.0,0,0.0,0.0,,BackOfALength,OutsideOff,,None,BackFoot,BackwardDefensive,NoMovement,Over,Medium,Right,Null,NotReferred,Null,False,False,False,False,False,True,,False,False,False,False,False,False,0.0,0.0,0.0,0.0,0.0,False,False
1637717,54,3.28,0,2,0,177,7,0,76283,,39456,County Championship Division Two 2026,1,38,Middlesex Men,50,Lancashire Men,8751395,2026-09-03T10:27:57Z,3,322,True,Bowled,3830.0,Harry Duke,10590.0,Ben Walkden,3830.0,Harry Duke,39.0,Ryan Higgins,,,Right,,0.0,0,0.0,0.0,Bowled,LengthBall,OutsideOff,Bowled,Missed,FrontFoot,ForwardDefensive,InSwinger,Over,Medium,Right,Null,NotReferred,Null,False,False,False,False,False,True,1861.0,False,False,False,False,False,False,0.0,0.0,0.0,0.0,0.0,False,False
1637717,54,3.28,0,2,0,177,7,0,76283,,39456,County Championship Division Two 2026,1,38,Middlesex Men,50,Lancashire Men,8751447,2026-09-03T10:31:00Z,4,323,False,,,,10590.0,Ben Walkden,4202.0,Zafar Gohar,39.0,Ryan Higgins,310.0,50.0,Left,Extra Cover,0.0,0,0.0,0.0,,LengthBall,OutsideOff,,None,FrontFoot,ForwardDefensive,NoMovement,Round,Medium,Right,Null,NotReferred,Null,False,False,False,False,False,True,,False,False,False,False,False,False,0.0,0.0,0.0,0.0,0.0,False,False
1637717,54,3.28,0,2,0,177,7,0,76283,,39456,County Championship Division Two 2026,1,38,Middlesex Men,50,Lancashire Men,8751465,2026-09-03T10:31:34Z,5,324,True,Bowled,4202.0,Zafar Gohar,10590.0,Ben Walkden,4202.0,Zafar Gohar,39.0,Ryan Higgins,,,Left,,0.0,0,0.0,0.0,Bowled,LengthBall,OutsideOff,Bowled,Missed,FrontFoot,ForwardDefensive,SeamIn,Round,Medium,Right,Null,NotReferred,Null,False,False,False,False,False,True,1861.0,False,False,False,False,False,False,0.0,0.0,0.0,0.0,0.0,False,False
1637717,54,3.28,0,2,0,177,7,0,76283,,39456,County Championship Division Two 2026,1,38,Middlesex Men,50,Lancashire Men,8751516,2026-09-03T10:33:53Z,6,325,False,,,,10590.0,Ben Walkden,1739.0,Toby Roland-Jones,39.0,Ryan Higgins,259.0,56.0,Right,Mid Off,0.0,0,0.0,0.0,,LengthBall,OutsideOff,,None,FrontFoot,Drive,NoMovement,Over,Medium,Right,Null,NotReferred,Null,False,False,False,False,False,True,,False,False,False,False,False,False,0.0,0.0,0.0,0.0,0.0,False,False
1637743,55,3.24,1,0,0,178,7,1,76283,,39456,County Championship Division Two 2026,1,38,Middlesex Men,50,Lancashire Men,8751529,2026-09-03T10:34:59Z,1,326,False,,,,202.0,James Anderson,39.0,Ryan Higgins,1739.0,Toby Roland-Jones,258.0,64.0,Right,Mid Off,0.0,0,0.0,0.0,,LengthBall,OutsideOff,,MisTimed,FrontFoot,Drive,NoMovement,Over,Medium,Right,Null,NotReferred,Null,False,False,False,False,False,True,,False,False,False,False,False,False,0.0,0.0,0.0,0.0,0.0,False,False
1637743,55,3.24,1,0,0,178,7,1,76283,,39456,County Championship Division Two 2026,1,38,Middlesex Men,50,Lancashire Men,8751535,2026-09-03T10:35:35Z,2,327,False,,,,202.0,James Anderson,39.0,Ryan Higgins,1739.0,Toby Roland-Jones,,,Right,,0.0,0,0.0,0.0,,BackOfALength,OutsideOff,,None,BackFoot,BackwardDefensive,NoMovement,Over,Medium,Right,Null,NotReferred,Null,False,False,False,False,False,True,,False,False,False,False,False,False,0.0,0.0,0.0,0.0,0.0,False,False
1637743,55,3.24,1,0,0,178,7,1,76283,,39456,County Championship Division Two 2026,1,38,Middlesex Men,50,Lancashire Men,8751553,2026-09-03T10:36:10Z,3,328,False,,,,202.0,James Anderson,39.0,Ryan Higgins,1739.0,Toby Roland-Jones,,,Right,Wicketkeeper,0.0,0,0.0,0.0,,LengthBall,OutsideOff,,Missed,DownTheTrack,ForwardDefensive,AwaySwinger,Over,Medium,Right,Null,NotReferred,Null,False,False,False,False,False,True,,False,False,False,False,False,False,0.0,0.0,0.0,0.0,0.0,False,False
1637743,55,3.24,1,0,0,178,7,1,76283,,39456,County Championship Division Two 2026,1,38,Middlesex Men,50,Lancashire Men,8751558,2026-09-03T10:36:48Z,4,329,False,,,,202.0,James Anderson,39.0,Ryan Higgins,1739.0,Toby Roland-Jones,41.0,124.0,Right,Fine Leg,1.0,0,1.0,1.0,,LengthBall,MiddleStump,,MisTimed,BackFoot,Glance,NoMovement,Over,Medium,Right,Null,NotReferred,Null,False,False,False,False,False,True,,False,False,False,False,False,False,1.0,0.0,0.0,0.0,0.0,False,False
1637743,55,3.24,1,0,0,178,7,1,76283,,39456,County Championship Division Two 2026,1,38,Middlesex Men,50,Lancashire Men,8751566,2026-09-03T10:37:28Z,5,330,False,,,,202.0,James Anderson,1739.0,Toby Roland-Jones,39.0,Ryan Higgins,260.0,59.0,Right,Mid Off,0.0,0,0.0,0.0,,LengthBall,OutsideOff,,None,FrontFoot,Drive,NoMovement,Over,Medium,Right,Null,NotReferred,Null,False,False,False,False,False,True,,False,False,False,False,False,False,0.0,0.0,0.0,0.0,0.0,False,False
1637743,55,3.24,1,0,0,178,7,1,76283,,39456,County Championship Division Two 2026,1,38,Middlesex Men,50,Lancashire Men,8751575,2026-09-03T10:38:02Z,6,331,False,,,,202.0,James Anderson,1739.0,Toby Roland-Jones,39.0,Ryan Higgins,,,Right,Wicketkeeper,0.0,0,0.0,0.0,,LengthBall,OutsideOff,,Missed,FrontFoot,ForwardDefensive,AwaySwinger,Over,Medium,Right,Null,NotReferred,Null,False,False,False,False,False,True,,False,False,False,False,False,False,0.0,0.0,0.0,0.0,0.0,False,False
1637753,56,3.27,5,0,0,183,7,5,76283,,39456,County Championship Division Two 2026,1,38,Middlesex Men,50,Lancashire Men,8751608,2026-09-03T10:39:14Z,1,332,False,,,,10590.0,Ben Walkden,39.0,Ryan Higgins,1739.0,Toby Roland-Jones,196.0,125.0,Right,Deep Cover,1.0,0,1.0,1.0,,LengthBall,OutsideOff,,None,BackFoot,Drive,NoMovement,Over,Medium,Right,Null,NotReferred,Null,False,False,False,False,False,True,,False,False,False,False,False,False,1.0,0.0,0.0,0.0,0.0,False,False
1637753,56,3.27,5,0,0,183,7,5,76283,,39456,County Championship Division Two 2026,1,38,Middlesex Men,50,Lancashire Men,8751620,2026-09-03T10:40:06Z,2,333,False,,,,10590.0,Ben Walkden,1739.0,Toby Roland-Jones,39.0,Ryan Higgins,,,Right,Bowler,0.0,0,0.0,0.0,,LengthBall,OutsideOff,,None,FrontFoot,ForwardDefensive,NoMovement,Over,Medium,Right,Null,NotReferred,Null,False,False,False,False,False,True,,False,False,False,False,False,False,0.0,0.0,0.0,0.0,0.0,False,False
1637753,56,3.27,5,0,0,183,7,5,76283,,39456,County Championship Division Two 2026,1,38,Middlesex Men,50,Lancashire Men,8751639,2026-09-03T10:40:39Z,3,334,False,,,,10590.0,Ben Walkden,1739.0,Toby Roland-Jones,39.0,Ryan Higgins,,,Right,Wicketkeeper,0.0,0,0.0,0.0,,LengthBall,OutsideOff,,Left,FrontFoot,Leave,AwaySwinger,Over,Medium,Right,Null,NotReferred,Null,False,False,False,False,False,True,,False,False,False,False,False,False,0.0,0.0,0.0,0.0,0.0,False,False
1637753,56,3.27,5,0,0,183,7,5,76283,,39456,County Championship Division Two 2026,1,38,Middlesex Men,50,Lancashire Men,8751642,2026-09-03T10:41:16Z,4,335,False,,,,10590.0,Ben Walkden,1739.0,Toby Roland-Jones,39.0,Ryan Higgins,276.0,180.0,Right,,4.0,0,4.0,4.0,,HalfVolley,OutsideOff,,WellTimed,FrontFoot,Drive,NoMovement,Over,Medium,Right,Null,NotReferred,Null,False,False,False,False,False,True,,False,False,False,False,False,False,4.0,0.0,0.0,0.0,0.0,True,False
1637753,56,3.27,5,0,0,183,7,5,76283,,39456,County Championship Division Two 2026,1,38,Middlesex Men,50,Lancashire Men,8751667,2026-09-03T10:41:59Z,5,336,False,,,,10590.0,Ben Walkden,1739.0,Toby Roland-Jones,39.0,Ryan Higgins,,,Right,Wicketkeeper,0.0,0,0.0,0.0,,LengthBall,OutsideOff,,Left,FrontFoot,Leave,SeamIn,Over,Medium,Right,Null,NotReferred,Null,False,False,False,False,False,True,,False,False,False,False,False,False,0.0,0.0,0.0,0.0,0.0,False,False
1637753,56,3.27,5,0,0,183,7,5,76283,,39456,County Championship Division Two 2026,1,38,Middlesex Men,50,Lancashire Men,8751671,2026-09-03T10:42:32Z,6,337,False,,,,10590.0,Ben Walkden,1739.0,Toby Roland-Jones,39.0,Ryan Higgins,,,Right,Bowler,0.0,0,0.0,0.0,,LengthBall,OutsideOff,,None,FrontFoot,ForwardDefensive,NoMovement,Over,Medium,Right,Null,NotReferred,Null,False,False,False,False,False,True,,False,False,False,False,False,False,0.0,0.0,0.0,0.0,0.0,False,False
1637770,57,3.23,1,0,0,184,7,1,76283,,39456,County Championship Division Two 2026,1,38,Middlesex Men,50,Lancashire Men,8751690,2026-09-03T10:43:28Z,1,338,False,,,,202.0,James Anderson,39.0,Ryan Higgins,1739.0,Toby Roland-Jones,285.0,59.0,Right,Mid On,0.0,0,0.0,0.0,,LengthBall,OutsideOff,,None,BackFoot,Pushed,NoMovement,Over,Medium,Right,Null,NotReferred,Null,False,False,False,False,False,True,,False,False,False,False,False,False,0.0,0.0,0.0,0.0,0.0,False,False
1637770,57,3.23,1,0,0,184,7,1,76283,,39456,County Championship Division Two 2026,1,38,Middlesex Men,50,Lancashire Men,8751700,2026-09-03T10:44:01Z,2,339,False,,,,202.0,James Anderson,39.0,Ryan Higgins,1739.0,Toby Roland-Jones,,,Right,Wicketkeeper,0.0,0,0.0,0.0,,BackOfALength,OutsideOff,,Missed,FrontFoot,ForwardDefensive,AwaySwinger,Over,Medium,Right,Null,NotReferred,Null,False,False,False,False,False,True,,False,False,False,False,False,False,0.0,0.0,0.0,0.0,0.0,False,False
1637770,57,3.23,1,0,0,184,7,1,76283,,39456,County Championship Division Two 2026,1,38,Middlesex Men,50,Lancashire Men,8751713,2026-09-03T10:44:35Z,3,340,False,,,,202.0,James Anderson,39.0,Ryan Higgins,1739.0,Toby Roland-Jones,285.0,61.0,Right,Mid On,0.0,0,0.0,0.0,,LengthBall,OutsideOff,,None,MovesInfront,ForwardDefensive,NoMovement,Over,Medium,Right,Null,NotReferred,Null,False,False,False,False,False,True,,False,False,False,False,False,False,0.0,0.0,0.0,0.0,0.0,False,False
1637770,57,3.23,1,0,0,184,7,1,76283,,39456,County Championship Division Two 2026,1,38,Middlesex Men,50,Lancashire Men,8751722,2026-09-03T10:45:10Z,4,341,False,,,,202.0,James Anderson,39.0,Ryan Higgins,1739.0,Toby Roland-Jones,,,Right,Wicketkeeper,0.0,0,0.0,0.0,,BackOfALength,OutsideOff,,Left,FrontFoot,Leave,NoMovement,Over,Medium,Right,Null,NotReferred,Null,False,False,False,False,False,True,,False,False,False,False,False,False,0.0,0.0,0.0,0.0,0.0,False,False
1637770,57,3.23,1,0,0,184,7,1,76283,,39456,County Championship Division Two 2026,1,38,Middlesex Men,50,Lancashire Men,8751734,2026-09-03T10:45:42Z,5,342,False,,,,202.0,James Anderson,39.0,Ryan Higgins,1739.0,Toby Roland-Jones,122.0,117.0,Right,Third Man,1.0,0,1.0,1.0,,BackOfALength,OutsideOff,,OutsideEdge,BackFoot,BackwardDefensive,AwaySwinger,Over,Medium,Right,Null,NotReferred,Null,False,False,False,False,False,True,,False,False,False,False,False,False,1.0,0.0,0.0,0.0,0.0,False,False
1637770,57,3.23,1,0,0,184,7,1,76283,,39456,County Championship Division Two 2026,1,38,Middlesex Men,50,Lancashire Men,8751743,2026-09-03T10:46:19Z,6,343,False,,,,202.0,James Anderson,1739.0,Toby Roland-Jones,39.0,Ryan Higgins,,,Right,Wicketkeeper,0.0,0,0.0,0.0,,BackOfALength,OutsideOff,,Left,FrontFoot,Leave,NoMovement,Over,Medium,Right,Null,NotReferred,Null,False,False,False,False,False,True,,False,False,False,False,False,False,0.0,0.0,0.0,0.0,0.0,False,False
1637781,58,3.34,10,0,0,194,7,10,76283,,39456,County Championship Division Two 2026,1,38,Middlesex Men,50,Lancashire Men,8751768,2026-09-03T10:47:16Z,1,344,False,,,,10590.0,Ben Walkden,39.0,Ryan Higgins,1739.0,Toby Roland-Jones,251.0,60.0,Right,Mid Off,0.0,0,0.0,0.0,,LengthBall,OutsideOff,,None,FrontFoot,ForwardDefensive,SeamIn,Over,Medium,Right,Null,NotReferred,Null,False,False,False,False,False,True,,False,False,False,False,False,False,0.0,0.0,0.0,0.0,0.0,False,False
1637781,58,3.34,10,0,0,194,7,10,76283,,39456,County Championship Division Two 2026,1,38,Middlesex Men,50,Lancashire Men,8751788,2026-09-03T10:47:49Z,2,345,False,,,,10590.0,Ben Walkden,39.0,Ryan Higgins,1739.0,Toby Roland-Jones,291.0,50.0,Right,Mid On,0.0,0,0.0,0.0,,LengthBall,OffStump,Lbw,HitPad,BackFoot,Glance,SeamIn,Over,Medium,Right,Null,NotReferred,Null,False,False,False,False,False,True,1861.0,False,False,False,False,False,False,0.0,0.0,0.0,0.0,0.0,False,False
1637781,58,3.34,10,0,0,194,7,10,76283,,39456,County Championship Division Two 2026,1,38,Middlesex Men,50,Lancashire Men,8751794,2026-09-03T10:48:23Z,3,346,False,,,,10590.0,Ben Walkden,39.0,Ryan Higgins,1739.0,Toby Roland-Jones,199.0,53.0,Right,Cover,0.0,0,0.0,0.0,,LengthBall,OutsideOff,,MisTimed,FrontFoot,Drive,NoMovement,Over,Medium,Right,Null,NotReferred,Null,False,False,False,False,False,True,,False,False,False,False,False,False,0.0,0.0,0.0,0.0,0.0,False,False
1637781,58,3.34,10,0,0,194,7,10,76283,,39456,County Championship Division Two 2026,1,38,Middlesex Men,50,Lancashire Men,8751804,2026-09-03T10:48:57Z,4,347,False,,,,10590.0,Ben Walkden,39.0,Ryan Higgins,1739.0,Toby Roland-Jones,246.0,58.0,Right,Mid Off,0.0,0,0.0,0.0,,LengthBall,OutsideOff,,None,FrontFoot,ForwardDefensive,NoMovement,Over,Medium,Right,Null,NotReferred,Null,False,False,False,False,False,True,,False,False,False,False,False,False,0.0,0.0,0.0,0.0,0.0,False,False
1637781,58,3.34,10,0,0,194,7,10,76283,,39456,County Championship Division Two 2026,1,38,Middlesex Men,50,Lancashire Men,8751826,2026-09-03T10:49:33Z,5,348,False,,,,10590.0,Ben Walkden,39.0,Ryan Higgins,1739.0,Toby Roland-Jones,90.0,158.0,Right,,2.0,6,6.0,0.0,,LengthBall,OutsideOff,,Missed,FrontFoot,ForwardDefensive,AwaySwinger,Over,Medium,Right,Null,NotReferred,1,False,True,True,False,False,True,,False,False,False,False,False,False,6.0,4.0,0.0,0.0,2.0,False,False
1637781,58,3.34,10,0,0,194,7,10,76283,,39456,County Championship Division Two 2026,1,38,Middlesex Men,50,Lancashire Men,8751834,2026-09-03T10:50:22Z,5,349,False,,,,10590.0,Ben Walkden,39.0,Ryan Higgins,1739.0,Toby Roland-Jones,243.0,179.0,Right,,4.0,0,4.0,4.0,,LengthBall,OutsideOff,,WellTimed,FrontFoot,Drive,NoMovement,Over,Medium,Right,Null,NotReferred,Null,False,False,False,False,False,True,,False,False,False,False,False,False,4.0,0.0,0.0,0.0,0.0,True,False
1637781,58,3.34,10,0,0,194,7,10,76283,,39456,County Championship Division Two 2026,1,38,Middlesex Men,50,Lancashire Men,8751846,2026-09-03T10:50:59Z,6,350,False,,,,10590.0,Ben Walkden,39.0,Ryan Higgins,1739.0,Toby Roland-Jones,195.0,55.0,Right,Cover,0.0,0,0.0,0.0,,LengthBall,OutsideOff,,Spliced,FrontFoot,ForwardDefensive,SeamIn,Over,Medium,Right,Null,NotReferred,Null,False,False,False,False,False,True,,False,False,False,False,False,False,0.0,0.0,0.0,0.0,0.0,False,False
1637799,59,3.31,1,0,0,195,7,1,76283,,39456,County Championship Division Two 2026,1,38,Middlesex Men,50,Lancashire Men,8751875,2026-09-03T10:52:30Z,1,351,False,,,,247.0,Tom Bailey,1739.0,Toby Roland-Jones,39.0,Ryan Higgins,264.0,68.0,Right,Mid Off,0.0,0,0.0,0.0,,LengthBall,OutsideOff,,None,FrontFoot,Drive,NoMovement,Over,Medium,Right,Null,NotReferred,Null,False,False,False,False,False,True,,False,False,False,False,False,False,0.0,0.0,0.0,0.0,0.0,False,False
1637799,59,3.31,1,0,0,195,7,1,76283,,39456,County Championship Division Two 2026,1,38,Middlesex Men,50,Lancashire Men,8751884,2026-09-03T10:53:00Z,2,352,False,,,,247.0,Tom Bailey,1739.0,Toby Roland-Jones,39.0,Ryan Higgins,,,Right,Wicketkeeper,0.0,0,0.0,0.0,,BackOfALength,OutsideOff,,Missed,BackFoot,BackwardDefensive,SeamAway,Over,Medium,Right,Null,NotReferred,Null,False,False,False,False,False,True,,False,False,False,False,False,False,0.0,0.0,0.0,0.0,0.0,False,False
1637799,59,3.31,1,0,0,195,7,1,76283,,39456,County Championship Division Two 2026,1,38,Middlesex Men,50,Lancashire Men,8751896,2026-09-03T10:53:31Z,3,353,False,,,,247.0,Tom Bailey,1739.0,Toby Roland-Jones,39.0,Ryan Higgins,,,Right,Wicketkeeper,0.0,0,0.0,0.0,,BackOfALength,OutsideOff,,Missed,BackFoot,BackwardDefensive,SeamAway,Over,Medium,Right,Null,NotReferred,Null,False,False,False,False,False,True,,False,False,False,False,False,False,0.0,0.0,0.0,0.0,0.0,False,False
1637799,59,3.31,1,0,0,195,7,1,76283,,39456,County Championship Division Two 2026,1,38,Middlesex Men,50,Lancashire Men,8751922,2026-09-03T10:54:22Z,4,354,False,,,,247.0,Tom Bailey,1739.0,Toby Roland-Jones,39.0,Ryan Higgins,29.0,129.0,Right,Deep Backward Square Leg,0.0,1,1.0,0.0,,BackOfALength,MiddleStump,,HitPad,BackFoot,Glance,SeamIn,Over,Medium,Right,Null,NotReferred,Null,False,False,False,True,False,True,,False,False,False,False,False,False,1.0,0.0,0.0,1.0,0.0,False,False
1637799,59,3.31,1,0,0,195,7,1,76283,,39456,County Championship Division Two 2026,1,38,Middlesex Men,50,Lancashire Men,8751941,2026-09-03T10:55:05Z,5,355,False,,,,247.0,Tom Bailey,39.0,Ryan Higgins,1739.0,Toby Roland-Jones,,,Right,Wicketkeeper,0.0,0,0.0,0.0,,LengthBall,OutsideOff,Caught,Missed,MovesInfront,ForwardDefensive,SeamAway,Over,Medium,Right,Null,NotReferred,Null,False,False,False,False,False,True,1815.0,False,False,False,False,False,False,0.0,0.0,0.0,0.0,0.0,False,False
1637799,59,3.31,1,0,0,195,7,1,76283,,39456,County Championship Division Two 2026,1,38,Middlesex Men,50,Lancashire Men,8751952,2026-09-03T10:55:49Z,6,356,False,,,,247.0,Tom Bailey,39.0,Ryan Higgins,1739.0,Toby Roland-Jones,295.0,53.0,Right,Mid On,0.0,0,0.0,0.0,,LengthBall,OutsideOff,,None,FrontFoot,ForwardDefensive,NoMovement,Over,Medium,Right,Null,NotReferred,Null,False,False,False,False,False,True,,False,False,False,False,False,False,0.0,0.0,0.0,0.0,0.0,False,False
1637815,60,3.4,9,0,0,204,7,9,76283,,39456,County Championship Division Two 2026,1,38,Middlesex Men,50,Lancashire Men,8751965,2026-09-03T10:56:43Z,1,357,False,,,,10590.0,Ben Walkden,1739.0,Toby Roland-Jones,39.0,Ryan Higgins,253.0,64.0,Right,Mid Off,0.0,0,0.0,0.0,,LengthBall,OutsideOff,,None,FrontFoot,Drive,NoMovement,Over,Medium,Right,Null,NotReferred,Null,False,False,False,False,False,True,,False,False,False,False,False,False,0.0,0.0,0.0,0.0,0.0,False,False
1637815,60,3.4,9,0,0,204,7,9,76283,,39456,County Championship Division Two 2026,1,38,Middlesex Men,50,Lancashire Men,8751986,2026-09-03T10:57:34Z,2,358,False,,,,10590.0,Ben Walkden,1739.0,Toby Roland-Jones,39.0,Ryan Higgins,,,Right,Bowler,0.0,0,0.0,0.0,,LengthBall,OutsideOff,,None,FrontFoot,ForwardDefensive,NoMovement,Over,Medium,Right,Null,NotReferred,Null,False,False,False,False,False,True,,False,False,False,False,False,False,0.0,0.0,0.0,0.0,0.0,False,False
1637815,60,3.4,9,0,0,204,7,9,76283,,39456,County Championship Division Two 2026,1,38,Middlesex Men,50,Lancashire Men,8751997,2026-09-03T10:58:09Z,3,359,False,,,,10590.0,Ben Walkden,1739.0,Toby Roland-Jones,39.0,Ryan Higgins,,,Right,Bowler,0.0,0,0.0,0.0,,LengthBall,OutsideOff,,None,FrontFoot,ForwardDefensive,NoMovement,Over,Medium,Right,Null,NotReferred,Null,False,False,False,False,False,True,,False,False,False,False,False,False,0.0,0.0,0.0,0.0,0.0,False,False
1637815,60,3.4,9,0,0,204,7,9,76283,,39456,County Championship Division Two 2026,1,38,Middlesex Men,50,Lancashire Men,8752009,2026-09-03T10:58:43Z,4,360,False,,,,10590.0,Ben Walkden,1739.0,Toby Roland-Jones,39.0,Ryan Higgins,273.0,180.0,Right,,4.0,0,4.0,4.0,,HalfVolley,OutsideOff,,WellTimed,FrontFoot,Drive,NoMovement,Over,Medium,Right,Null,NotReferred,Null,False,False,False,False,False,True,,False,False,False,False,False,False,4.0,0.0,0.0,0.0,0.0,True,True
1637815,60,3.4,9,0,0,204,7,9,76283,,39456,County Championship Division Two 2026,1,38,Middlesex Men,50,Lancashire Men,8752020,2026-09-03T10:59:22Z,5,361,False,,,,10590.0,Ben Walkden,1739.0,Toby Roland-Jones,39.0,Ryan Higgins,278.0,180.0,Right,,4.0,0,4.0,4.0,,LengthBall,OutsideOff,,WellTimed,FrontFoot,Drive,NoMovement,Over,Medium,Right,Null,NotReferred,Null,False,False,False,False,True,True,,False,False,False,False,False,False,4.0,0.0,0.0,0.0,0.0,True,False
1637815,60,3.4,9,0,0,204,7,9,76283,,39456,County Championship Division Two 2026,1,38,Middlesex Men,50,Lancashire Men,8752036,2026-09-03T11:00:01Z,6,362,False,,,,10590.0,Ben Walkden,1739.0,Toby Roland-Jones,39.0,Ryan Higgins,299.0,94.0,Right,Mid On,1.0,0,1.0,1.0,,LengthBall,OutsideOff,,MisTimed,FrontFoot,Drive,SeamIn,Over,Medium,Right,Null,NotReferred,Null,False,False,False,False,False,True,,False,False,False,False,False,False,1.0,0.0,0.0,0.0,0.0,False,False
1637829,61,3.36,1,0,0,205,7,1,76283,,39456,County Championship Division Two 2026,1,38,Middlesex Men,50,Lancashire Men,8752060,2026-09-03T11:01:08Z,1,363,False,,,,247.0,Tom Bailey,1739.0,Toby Roland-Jones,39.0,Ryan Higgins,,,Right,Wicketkeeper,0.0,0,0.0,0.0,,LengthBall,OutsideOff,,Missed,FrontFoot,Drive,SeamAway,Over,Medium,Right,Null,NotReferred,Null,False,False,False,False,False,True,,False,False,False,False,False,False,0.0,0.0,0.0,0.0,0.0,False,False
1637829,61,3.36,1,0,0,205,7,1,76283,,39456,County Championship Division Two 2026,1,38,Middlesex Men,50,Lancashire Men,8752073,2026-09-03T11:01:44Z,2,364,False,,,,247.0,Tom Bailey,1739.0,Toby Roland-Jones,39.0,Ryan Higgins,287.0,61.0,Right,Mid On,0.0,0,0.0,0.0,,HalfVolley,OffStump,,None,FrontFoot,Drive,NoMovement,Over,Medium,Right,Null,NotReferred,Null,False,False,False,False,False,True,,False,False,False,False,False,False,0.0,0.0,0.0,0.0,0.0,False,True
1637829,61,3.36,1,0,0,205,7,1,76283,,39456,County Championship Division Two 2026,1,38,Middlesex Men,50,Lancashire Men,8752091,2026-09-03T11:02:32Z,3,365,False,,,,247.0,Tom Bailey,1739.0,Toby Roland-Jones,39.0,Ryan Higgins,,,Right,Wicketkeeper,0.0,0,0.0,0.0,,LengthBall,OutsideOff,,Missed,FrontFoot,Drive,SeamAway,Over,Medium,Right,Null,NotReferred,Null,False,False,False,False,False,True,,False,False,False,False,False,False,0.0,0.0,0.0,0.0,0.0,False,False
1637829,61,3.36,1,0,0,205,7,1,76283,,39456,County Championship Division Two 2026,1,38,Middlesex Men,50,Lancashire Men,8752107,2026-09-03T11:03:06Z,4,366,False,,,,247.0,Tom Bailey,1739.0,Toby Roland-Jones,39.0,Ryan Higgins,262.0,115.0,Right,Long Off,1.0,0,1.0,1.0,,LengthBall,OutsideOff,,MisTimed,FrontFoot,Drive,NoMovement,Over,Medium,Right,Null,NotReferred,Null,False,False,False,False,False,True,,False,False,False,False,False,False,1.0,0.0,0.0,0.0,0.0,False,True
1637829,61,3.36,1,0,0,205,7,1,76283,,39456,County Championship Division Two 2026,1,38,Middlesex Men,50,Lancashire Men,8752115,2026-09-03T11:03:45Z,5,367,False,,,,247.0,Tom Bailey,39.0,Ryan Higgins,1739.0,Toby Roland-Jones,,,Right,Wicketkeeper,0.0,0,0.0,0.0,,LengthBall,OutsideOff,,Missed,FrontFoot,ForwardDefensive,SeamAway,Over,Medium,Right,Null,NotReferred,Null,False,False,False,False,False,True,,False,False,False,False,False,False,0.0,0.0,0.0,0.0,0.0,False,False
1637829,61,3.36,1,0,0,205,7,1,76283,,39456,County Championship Division Two 2026,1,38,Middlesex Men,50,Lancashire Men,8752130,2026-09-03T11:04:20Z,6,368,False,,,,247.0,Tom Bailey,39.0,Ryan Higgins,1739.0,Toby Roland-Jones,207.0,33.0,Right,Cover,0.0,0,0.0,0.0,,BackOfALength,OutsideOff,,HitBody,BackFoot,BackwardDefensive,SeamIn,Over,Medium,Right,Null,NotReferred,Null,False,False,False,False,False,True,,False,False,False,False,False,False,0.0,0.0,0.0,0.0,0.0,False,False
1637847,62,3.37,4,1,0,209,8,4,76283,,39456,County Championship Division Two 2026,1,38,Middlesex Men,50,Lancashire Men,8752161,2026-09-03T11:05:48Z,1,369,False,,,,10590.0,Ben Walkden,1739.0,Toby Roland-Jones,39.0,Ryan Higgins,,,Right,Wicketkeeper,0.0,0,0.0,0.0,,LengthBall,OutsideOff,,Left,FrontFoot,Leave,NoMovement,Over,Medium,Right,Null,NotReferred,Null,False,False,False,False,False,True,,False,False,False,False,False,False,0.0,0.0,0.0,0.0,0.0,False,False
1637847,62,3.37,4,1,0,209,8,4,76283,,39456,County Championship Division Two 2026,1,38,Middlesex Men,50,Lancashire Men,8752168,2026-09-03T11:06:25Z,2,370,False,,,,10590.0,Ben Walkden,1739.0,Toby Roland-Jones,39.0,Ryan Higgins,,,Right,Bowler,0.0,0,0.0,0.0,,LengthBall,OutsideOff,,None,FrontFoot,ForwardDefensive,NoMovement,Over,Medium,Right,Null,NotReferred,Null,False,False,False,False,False,True,,False,False,False,False,False,False,0.0,0.0,0.0,0.0,0.0,False,False
1637847,62,3.37,4,1,0,209,8,4,76283,,39456,County Championship Division Two 2026,1,38,Middlesex Men,50,Lancashire Men,8752179,2026-09-03T11:07:01Z,3,371,False,,,,10590.0,Ben Walkden,1739.0,Toby Roland-Jones,39.0,Ryan Higgins,189.0,59.0,Right,Cover,0.0,0,0.0,0.0,,LengthBall,OutsideOff,,None,FrontFoot,ForwardDefensive,NoMovement,Over,Medium,Right,Null,NotReferred,Null,False,False,False,False,False,True,,False,False,False,False,False,False,0.0,0.0,0.0,0.0,0.0,False,False
1637847,62,3.37,4,1,0,209,8,4,76283,,39456,County Championship Division Two 2026,1,38,Middlesex Men,50,Lancashire Men,8752187,2026-09-03T11:07:33Z,4,372,False,,,,10590.0,Ben Walkden,1739.0,Toby Roland-Jones,39.0,Ryan Higgins,288.0,180.0,Right,,4.0,0,4.0,4.0,,LengthBall,OutsideOff,,Middled,FrontFoot,Slog,NoMovement,Over,Medium,Right,Null,NotReferred,Null,False,False,False,False,True,True,,False,False,False,False,False,False,4.0,0.0,0.0,0.0,0.0,True,False
1637847,62,3.37,4,1,0,209,8,4,76283,,39456,County Championship Division Two 2026,1,38,Middlesex Men,50,Lancashire Men,8752206,2026-09-03T11:08:16Z,5,373,True,Lbw,1739.0,Toby Roland-Jones,10590.0,Ben Walkden,1739.0,Toby Roland-Jones,39.0,Ryan Higgins,,,Right,,0.0,0,0.0,0.0,LBW,LengthBall,OutsideOff,Lbw,HitPad,FrontFoot,Drive,SeamIn,Over,Medium,Right,Null,NotReferred,Null,False,False,False,False,False,True,1861.0,False,False,False,False,False,False,0.0,0.0,0.0,0.0,0.0,False,False
1637847,62,3.37,4,1,0,209,8,4,76283,,39456,County Championship Division Two 2026,1,38,Middlesex Men,50,Lancashire Men,8752244,2026-09-03T11:10:40Z,6,374,False,,,,10590.0,Ben Walkden,2683.0,Tom Helm,39.0,Ryan Higgins,248.0,60.0,Right,Mid Off,0.0,0,0.0,0.0,,LengthBall,OutsideOff,,None,FrontFoot,Drive,NoMovement,Over,Medium,Right,Null,NotReferred,Null,False,False,False,False,False,True,,False,False,False,False,False,False,0.0,0.0,0.0,0.0,0.0,False,False
1637862,63,3.35,2,0,0,211,8,2,76283,,39456,County Championship Division Two 2026,1,38,Middlesex Men,50,Lancashire Men,8752265,2026-09-03T11:11:32Z,1,375,False,,,,247.0,Tom Bailey,39.0,Ryan Higgins,2683.0,Tom Helm,315.0,53.0,Right,Mid Wicket,0.0,0,0.0,0.0,,LengthBall,OffStump,,None,FrontFoot,ForwardDefensive,NoMovement,Over,Medium,Right,Null,NotReferred,Null,False,False,False,False,False,True,,False,False,False,False,False,False,0.0,0.0,0.0,0.0,0.0,False,False
1637862,63,3.35,2,0,0,211,8,2,76283,,39456,County Championship Division Two 2026,1,38,Middlesex Men,50,Lancashire Men,8752285,2026-09-03T11:12:01Z,2,376,False,,,,247.0,Tom Bailey,39.0,Ryan Higgins,2683.0,Tom Helm,67.0,113.0,Right,Fine Leg,1.0,0,1.0,1.0,,LengthBall,OutsideOff,,TopEdge,FrontFoot,Slog,NoMovement,Over,Medium,Right,Null,NotReferred,Null,False,False,False,False,False,True,,False,False,False,False,False,False,1.0,0.0,0.0,0.0,0.0,False,True
1637862,63,3.35,2,0,0,211,8,2,76283,,39456,County Championship Division Two 2026,1,38,Middlesex Men,50,Lancashire Men,8752289,2026-09-03T11:12:58Z,3,377,False,,,,247.0,Tom Bailey,2683.0,Tom Helm,39.0,Ryan Higgins,203.0,38.0,Right,Cover,0.0,0,0.0,0.0,,BackOfALength,OutsideOff,,Gloved,FrontFoot,ForwardDefensive,SeamIn,Over,Medium,Right,Null,NotReferred,Null,False,False,False,False,False,True,,False,False,False,False,False,False,0.0,0.0,0.0,0.0,0.0,False,False
1637862,63,3.35,2,0,0,211,8,2,76283,,39456,County Championship Division Two 2026,1,38,Middlesex Men,50,Lancashire Men,8752298,2026-09-03T11:13:30Z,4,378,False,,,,247.0,Tom Bailey,2683.0,Tom Helm,39.0,Ryan Higgins,,,Right,Wicketkeeper,0.0,0,0.0,0.0,,BackOfALength,OutsideOff,,Missed,BackFoot,BackwardDefensive,SeamAway,Over,Medium,Right,Null,NotReferred,Null,False,False,False,False,False,True,,False,False,False,False,False,False,0.0,0.0,0.0,0.0,0.0,False,False
1637862,63,3.35,2,0,0,211,8,2,76283,,39456,County Championship Division Two 2026,1,38,Middlesex Men,50,Lancashire Men,8752309,2026-09-03T11:14:02Z,5,379,False,,,,247.0,Tom Bailey,2683.0,Tom Helm,39.0,Ryan Higgins,69.0,123.0,Right,Fine Leg,1.0,0,1.0,1.0,,BackOfALength,MiddleStump,,None,BackFoot,Glance,NoMovement,Over,Medium,Right,Null,NotReferred,Null,False,False,False,False,False,True,,False,False,False,False,False,False,1.0,0.0,0.0,0.0,0.0,False,False
1637862,63,3.35,2,0,0,211,8,2,76283,,39456,County Championship Division Two 2026,1,38,Middlesex Men,50,Lancashire Men,8752322,2026-09-03T11:14:44Z,6,380,False,,,,247.0,Tom Bailey,39.0,Ryan Higgins,2683.0,Tom Helm,,,Right,Wicketkeeper,0.0,0,0.0,0.0,,Short,OutsideOff,,Left,Ducked,Leave,NoMovement,Over,Medium,Right,Null,NotReferred,Null,False,False,False,False,False,True,,False,False,False,False,False,False,0.0,0.0,0.0,0.0,0.0,False,False
1637875,64,3.45,10,0,0,221,8,10,76283,,39456,County Championship Division Two 2026,1,38,Middlesex Men,50,Lancashire Men,8752339,2026-09-03T11:15:33Z,1,381,False,,,,10590.0,Ben Walkden,2683.0,Tom Helm,39.0,Ryan Higgins,277.0,180.0,Right,,4.0,0,4.0,4.0,,LengthBall,OutsideOff,,WellTimed,FrontFoot,Drive,NoMovement,Over,Medium,Right,Null,NotReferred,Null,False,False,False,False,False,True,,False,False,False,False,False,False,4.0,0.0,0.0,0.0,0.0,True,False
1637875,64,3.45,10,0,0,221,8,10,76283,,39456,County Championship Division Two 2026,1,38,Middlesex Men,50,Lancashire Men,8752350,2026-09-03T11:16:12Z,2,382,False,,,,10590.0,Ben Walkden,2683.0,Tom Helm,39.0,Ryan Higgins,260.0,61.0,Right,Mid Off,0.0,0,0.0,0.0,,LengthBall,OutsideOff,,None,FrontFoot,Drive,NoMovement,Over,Medium,Right,Null,NotReferred,Null,False,False,False,False,False,True,,False,False,False,False,False,False,0.0,0.0,0.0,0.0,0.0,False,False
1637875,64,3.45,10,0,0,221,8,10,76283,,39456,County Championship Division Two 2026,1,38,Middlesex Men,50,Lancashire Men,8752359,2026-09-03T11:16:46Z,3,383,False,,,,10590.0,Ben Walkden,2683.0,Tom Helm,39.0,Ryan Higgins,,,Right,Bowler,0.0,0,0.0,0.0,,LengthBall,OutsideOff,,Spliced,FrontFoot,ForwardDefensive,SeamIn,Over,Medium,Right,Null,NotReferred,Null,False,False,False,False,False,True,,False,False,False,False,False,False,0.0,0.0,0.0,0.0,0.0,False,False
1637875,64,3.45,10,0,0,221,8,10,76283,,39456,County Championship Division Two 2026,1,38,Middlesex Men,50,Lancashire Men,8752375,2026-09-03T11:17:25Z,4,384,False,,,,10590.0,Ben Walkden,2683.0,Tom Helm,39.0,Ryan Higgins,248.0,48.0,Right,Silly Mid Off,0.0,0,0.0,0.0,,LengthBall,OutsideOff,,None,FrontFoot,ForwardDefensive,NoMovement,Over,Medium,Right,Null,NotReferred,Null,False,False,False,False,False,True,,False,False,False,False,False,False,0.0,0.0,0.0,0.0,0.0,False,False
1637875,64,3.45,10,0,0,221,8,10,76283,,39456,County Championship Division Two 2026,1,38,Middlesex Men,50,Lancashire Men,8752386,2026-09-03T11:17:53Z,5,385,False,,,,10590.0,Ben Walkden,2683.0,Tom Helm,39.0,Ryan Higgins,268.0,180.0,Right,,6.0,0,6.0,6.0,,LengthBall,OutsideOff,,Middled,FrontFoot,Drive,NoMovement,Over,Medium,Right,Null,NotReferred,Null,False,False,False,False,True,True,,False,False,False,False,False,False,6.0,0.0,0.0,0.0,0.0,True,False
1637875,64,3.45,10,0,0,221,8,10,76283,,39456,County Championship Division Two 2026,1,38,Middlesex Men,50,Lancashire Men,8752397,2026-09-03T11:18:36Z,6,386,False,,,,10590.0,Ben Walkden,2683.0,Tom Helm,39.0,Ryan Higgins,,,Right,Wicketkeeper,0.0,0,0.0,0.0,,LengthBall,OutsideOff,,Left,FrontFoot,Leave,NoMovement,Over,Medium,Right,Null,NotReferred,Null,False,False,False,False,False,True,,False,False,False,False,False,False,0.0,0.0,0.0,0.0,0.0,False,False
1637891,65,3.52,8,0,0,229,8,8,76283,,39456,County Championship Division Two 2026,1,38,Middlesex Men,50,Lancashire Men,8752422,2026-09-03T11:19:46Z,1,387,False,,,,247.0,Tom Bailey,39.0,Ryan Higgins,2683.0,Tom Helm,203.0,55.0,Right,Cover,1.0,0,1.0,1.0,,LengthBall,OutsideOff,,None,FrontFoot,ForwardDefensive,NoMovement,Over,Medium,Right,Null,NotReferred,Null,False,False,False,False,False,True,,False,False,False,False,False,False,1.0,0.0,0.0,0.0,0.0,False,False
1637891,65,3.52,8,0,0,229,8,8,76283,,39456,County Championship Division Two 2026,1,38,Middlesex Men,50,Lancashire Men,8752433,2026-09-03T11:20:26Z,2,388,False,,,,247.0,Tom Bailey,2683.0,Tom Helm,39.0,Ryan Higgins,292.0,149.0,Right,Mid On,3.0,0,3.0,3.0,,LengthBall,OutsideOff,,MisTimed,FrontFoot,Drive,NoMovement,Over,Medium,Right,Null,NotReferred,Null,False,False,False,False,False,True,,False,False,False,False,False,False,3.0,0.0,0.0,0.0,0.0,False,False
1637891,65,3.52,8,0,0,229,8,8,76283,,39456,County Championship Division Two 2026,1,38,Middlesex Men,50,Lancashire Men,8752443,2026-09-03T11:21:04Z,3,389,False,,,,247.0,Tom Bailey,39.0,Ryan Higgins,2683.0,Tom Helm,39.0,45.0,Right,Short Fine Leg,0.0,1,1.0,0.0,,LengthBall,OutsideOff,Lbw,HitPad,MovesInfront,Scoop,NoMovement,Over,Medium,Right,Null,NotReferred,Null,False,False,False,True,False,True,1815.0,False,False,False,False,False,False,1.0,0.0,0.0,1.0,0.0,False,False
1637891,65,3.52,8,0,0,229,8,8,76283,,39456,County Championship Division Two 2026,1,38,Middlesex Men,50,Lancashire Men,8752455,2026-09-03T11:21:41Z,4,390,False,,,,247.0,Tom Bailey,2683.0,Tom Helm,39.0,Ryan Higgins,,,Right,Wicketkeeper,0.0,0,0.0,0.0,,LengthBall,OutsideOff,,Missed,FrontFoot,Slog,NoMovement,Over,Medium,Right,Null,NotReferred,Null,False,False,False,False,False,True,,False,False,False,False,False,False,0.0,0.0,0.0,0.0,0.0,False,False
1637891,65,3.52,8,0,0,229,8,8,76283,,39456,County Championship Division Two 2026,1,38,Middlesex Men,50,Lancashire Men,8752459,2026-09-03T11:22:17Z,5,391,False,,,,247.0,Tom Bailey,2683.0,Tom Helm,39.0,Ryan Higgins,287.0,79.0,Right,Mid On,1.0,0,1.0,1.0,,LengthBall,OutsideOff,,MisTimed,BackFoot,Pushed,NoMovement,Over,Medium,Right,Null,NotReferred,Null,False,False,False,False,False,True,,False,False,False,False,False,False,1.0,0.0,0.0,0.0,0.0,False,False
1637891,65,3.52,8,0,0,229,8,8,76283,,39456,County Championship Division Two 2026,1,38,Middlesex Men,50,Lancashire Men,8752475,2026-09-03T11:22:56Z,6,392,False,,,,247.0,Tom Bailey,39.0,Ryan Higgins,2683.0,Tom Helm,164.0,137.0,Right,Deep Backward Point,2.0,0,2.0,2.0,,LengthBall,OutsideOff,,OutsideEdge,DownTheTrack,ForwardDefensive,SeamAway,Over,Medium,Right,Null,NotReferred,Null,False,False,False,False,False,True,,False,False,False,False,False,False,2.0,0.0,0.0,0.0,0.0,False,False
1637904,66,3.56,6,0,0,235,8,6,76283,,39456,County Championship Division Two 2026,1,38,Middlesex Men,50,Lancashire Men,8752509,2026-09-03T11:24:35Z,1,393,False,,,,2949.0,George Balderson,2683.0,Tom Helm,39.0,Ryan Higgins,283.0,139.0,Right,Long On,1.0,0,1.0,1.0,,BackOfALength,OutsideOff,,None,BackFoot,Drive,NoMovement,Over,Medium,Right,Null,NotReferred,Null,False,False,False,False,False,True,,False,False,False,False,False,False,1.0,0.0,0.0,0.0,0.0,False,False
1637904,66,3.56,6,0,0,235,8,6,76283,,39456,County Championship Division Two 2026,1,38,Middlesex Men,50,Lancashire Men,8752524,2026-09-03T11:25:19Z,2,394,False,,,,2949.0,George Balderson,39.0,Ryan Higgins,2683.0,Tom Helm,200.0,51.0,Right,Cover,0.0,0,0.0,0.0,,LengthBall,OutsideOff,,None,FrontFoot,ForwardDefensive,NoMovement,Over,Medium,Right,Null,NotReferred,Null,False,False,False,False,False,True,,False,False,False,False,False,False,0.0,0.0,0.0,0.0,0.0,False,False
1637904,66,3.56,6,0,0,235,8,6,76283,,39456,County Championship Division Two 2026,1,38,Middlesex Men,50,Lancashire Men,8752543,2026-09-03T11:25:49Z,3,395,False,,,,2949.0,George Balderson,39.0,Ryan Higgins,2683.0,Tom Helm,96.0,160.0,Right,,4.0,0,4.0,4.0,,BackOfALength,OutsideOff,,WellTimed,BacksAway,ReverseScoop,NoMovement,Over,Medium,Right,Null,NotReferred,Null,False,False,False,False,True,True,,False,False,False,False,False,False,4.0,0.0,0.0,0.0,0.0,True,False
1637904,66,3.56,6,0,0,235,8,6,76283,,39456,County Championship Division Two 2026,1,38,Middlesex Men,50,Lancashire Men,8752549,2026-09-03T11:26:31Z,4,396,False,,,,2949.0,George Balderson,39.0,Ryan Higgins,2683.0,Tom Helm,,,Right,Bowler,0.0,0,0.0,0.0,,LengthBall,OutsideOff,,None,FrontFoot,ForwardDefensive,NoMovement,Over,Medium,Right,Null,NotReferred,Null,False,False,False,False,False,True,,False,False,False,False,False,False,0.0,0.0,0.0,0.0,0.0,False,False
1637904,66,3.56,6,0,0,235,8,6,76283,,39456,County Championship Division Two 2026,1,38,Middlesex Men,50,Lancashire Men,8752563,2026-09-03T11:26:59Z,5,397,False,,,,2949.0,George Balderson,39.0,Ryan Higgins,2683.0,Tom Helm,26.0,164.0,Right,Deep Backward Square Leg,1.0,0,1.0,1.0,,BackOfALength,OutsideOff,,WellTimed,BackFoot,Pull,NoMovement,Over,Medium,Right,Null,NotReferred,Null,False,False,False,False,False,True,,False,False,False,False,False,False,1.0,0.0,0.0,0.0,0.0,False,False
1637904,66,3.56,6,0,0,235,8,6,76283,,39456,County Championship Division Two 2026,1,38,Middlesex Men,50,Lancashire Men,8752574,2026-09-03T11:27:37Z,6,398,False,,,,2949.0,George Balderson,2683.0,Tom Helm,39.0,Ryan Higgins,,,Right,Wicketkeeper,0.0,0,0.0,0.0,,BackOfALength,OutsideOff,,Missed,BackFoot,BackwardDefensive,AwaySwinger,Over,Medium,Right,Null,NotReferred,Null,False,False,False,False,False,True,,False,False,False,False,False,False,0.0,0.0,0.0,0.0,0.0,False,False
1637921,67,3.55,3,0,0,238,8,3,76283,,39456,County Championship Division Two 2026,1,38,Middlesex Men,50,Lancashire Men,8752607,2026-09-03T11:28:50Z,1,399,False,,,,247.0,Tom Bailey,39.0,Ryan Higgins,2683.0,Tom Helm,354.0,127.0,Right,Deep Square Leg,1.0,0,1.0,1.0,,BackOfALength,OffStump,,None,BackFoot,Worked,NoMovement,Over,Medium,Right,Null,NotReferred,Null,False,False,False,False,False,True,,False,False,False,False,False,False,1.0,0.0,0.0,0.0,0.0,False,False
1637921,67,3.55,3,0,0,238,8,3,76283,,39456,County Championship Division Two 2026,1,38,Middlesex Men,50,Lancashire Men,8752613,2026-09-03T11:29:31Z,2,400,False,,,,247.0,Tom Bailey,2683.0,Tom Helm,39.0,Ryan Higgins,250.0,59.0,Right,Mid Off,0.0,0,0.0,0.0,,LengthBall,OutsideOff,,None,FrontFoot,ForwardDefensive,NoMovement,Over,Medium,Right,Null,NotReferred,Null,False,False,False,False,False,True,,False,False,False,False,False,False,0.0,0.0,0.0,0.0,0.0,False,False
1637921,67,3.55,3,0,0,238,8,3,76283,,39456,County Championship Division Two 2026,1,38,Middlesex Men,50,Lancashire Men,8752627,2026-09-03T11:30:03Z,3,401,False,,,,247.0,Tom Bailey,2683.0,Tom Helm,39.0,Ryan Higgins,355.0,128.0,Right,Deep Square Leg,1.0,0,1.0,1.0,,LengthBall,OffStump,,None,FrontFoot,Flick,NoMovement,Over,Medium,Right,Null,NotReferred,Null,False,False,False,False,False,True,,False,False,False,False,False,False,1.0,0.0,0.0,0.0,0.0,False,False
1637921,67,3.55,3,0,0,238,8,3,76283,,39456,County Championship Division Two 2026,1,38,Middlesex Men,50,Lancashire Men,8752646,2026-09-03T11:30:42Z,4,402,False,,,,247.0,Tom Bailey,39.0,Ryan Higgins,2683.0,Tom Helm,,,Right,Wicketkeeper,0.0,0,0.0,0.0,,LengthBall,LegStump,,PlayAndMissLegSide,FrontFoot,Sweep,OffCutter,Over,Medium,Right,Null,NotReferred,Null,False,False,False,False,False,True,,False,False,False,False,False,False,0.0,0.0,0.0,0.0,0.0,False,False
1637921,67,3.55,3,0,0,238,8,3,76283,,39456,County Championship Division Two 2026,1,38,Middlesex Men,50,Lancashire Men,8752650,2026-09-03T11:31:16Z,5,403,False,,,,247.0,Tom Bailey,39.0,Ryan Higgins,2683.0,Tom Helm,,,Right,Wicketkeeper,0.0,0,0.0,0.0,,BackOfALength,OutsideOff,,Missed,BackFoot,Cut,NoMovement,Over,Medium,Right,Null,NotReferred,Null,False,False,False,False,False,True,,False,False,False,False,False,False,0.0,0.0,0.0,0.0,0.0,False,False
1637921,67,3.55,3,0,0,238,8,3,76283,,39456,County Championship Division Two 2026,1,38,Middlesex Men,50,Lancashire Men,8752668,2026-09-03T11:31:57Z,6,404,False,,,,247.0,Tom Bailey,39.0,Ryan Higgins,2683.0,Tom Helm,207.0,57.0,Right,Cover,1.0,0,1.0,1.0,,LengthBall,OutsideOff,,None,FrontFoot,ForwardDefensive,NoMovement,Over,Medium,Right,Null,NotReferred,Null,False,False,False,False,False,True,,False,False,False,False,False,False,1.0,0.0,0.0,0.0,0.0,False,False
1637933,68,3.56,4,1,0,242,9,4,76283,,39456,County Championship Division Two 2026,1,38,Middlesex Men,50,Lancashire Men,8752688,2026-09-03T11:32:59Z,1,405,False,,,,2949.0,George Balderson,39.0,Ryan Higgins,2683.0,Tom Helm,14.0,168.0,Right,,4.0,0,4.0,4.0,,BackOfALength,OffStump,,WellTimed,BackFoot,Pull,NoMovement,Over,Medium,Right,Null,NotReferred,Null,False,False,False,False,True,True,,False,False,False,False,False,False,4.0,0.0,0.0,0.0,0.0,True,False
1637933,68,3.56,4,1,0,242,9,4,76283,,39456,County Championship Division Two 2026,1,38,Middlesex Men,50,Lancashire Men,8752702,2026-09-03T11:33:38Z,2,406,False,,,,2949.0,George Balderson,39.0,Ryan Higgins,2683.0,Tom Helm,,,Right,Wicketkeeper,0.0,0,0.0,0.0,,LengthBall,OutsideOff,,Missed,FrontFoot,ForwardDefensive,NoMovement,Over,Medium,Right,Null,NotReferred,Null,False,False,False,False,False,True,,False,False,False,False,False,False,0.0,0.0,0.0,0.0,0.0,False,False
1637933,68,3.56,4,1,0,242,9,4,76283,,39456,County Championship Division Two 2026,1,38,Middlesex Men,50,Lancashire Men,8752728,2026-09-03T11:34:10Z,3,407,True,Lbw,39.0,Ryan Higgins,2949.0,George Balderson,39.0,Ryan Higgins,2683.0,Tom Helm,,,Right,,0.0,0,0.0,0.0,LBW,LengthBall,OutsideOff,Lbw,HitPad,FrontFoot,Flick,SeamIn,Over,Medium,Right,Null,NotReferred,Null,False,False,False,False,False,True,1861.0,False,False,False,False,False,False,0.0,0.0,0.0,0.0,0.0,False,False
1637933,68,3.56,4,1,0,242,9,4,76283,,39456,County Championship Division Two 2026,1,38,Middlesex Men,50,Lancashire Men,8752752,2026-09-03T11:36:19Z,4,408,False,,,,2949.0,George Balderson,15371.0,Naavya Sharma,2683.0,Tom Helm,,,Right,Wicketkeeper,0.0,0,0.0,0.0,,LengthBall,OutsideOff,,Missed,FrontFoot,ForwardDefensive,NoMovement,Over,Medium,Right,Null,NotReferred,Null,False,False,False,False,False,True,,False,False,False,False,False,False,0.0,0.0,0.0,0.0,0.0,False,False
1637933,68,3.56,4,1,0,242,9,4,76283,,39456,County Championship Division Two 2026,1,38,Middlesex Men,50,Lancashire Men,8752768,2026-09-03T11:36:50Z,5,409,False,,,,2949.0,George Balderson,15371.0,Naavya Sharma,2683.0,Tom Helm,,,Right,Wicketkeeper,0.0,0,0.0,0.0,,LengthBall,OutsideOff,Stumped,Missed,FrontFoot,ForwardDefensive,SeamAway,Over,Medium,Right,Null,NotReferred,Null,False,False,False,False,False,True,1815.0,False,False,False,False,False,False,0.0,0.0,0.0,0.0,0.0,False,False
1637933,68,3.56,4,1,0,242,9,4,76283,,39456,County Championship Division Two 2026,1,38,Middlesex Men,50,Lancashire Men,8752779,2026-09-03T11:37:18Z,6,410,False,,,,2949.0,George Balderson,15371.0,Naavya Sharma,2683.0,Tom Helm,179.0,61.0,Right,Backward Point,0.0,0,0.0,0.0,,LengthBall,OutsideOff,,LeadingEdge,FrontFoot,ForwardDefensive,NoMovement,Over,Medium,Right,Null,NotReferred,Null,False,False,False,False,False,True,,False,False,False,False,False,False,0.0,0.0,0.0,0.0,0.0,False,True
1637950,69,3.58,5,1,0,247,10,5,76283,,39456,County Championship Division Two 2026,1,38,Middlesex Men,50,Lancashire Men,8752792,2026-09-03T11:38:17Z,1,411,False,,,,247.0,Tom Bailey,2683.0,Tom Helm,15371.0,Naavya Sharma,241.0,179.0,Right,,4.0,0,4.0,4.0,,LengthBall,OutsideOff,,WellTimed,FrontFoot,Drive,NoMovement,Over,Medium,Right,Null,NotReferred,Null,False,False,False,False,False,True,,False,False,False,False,False,False,4.0,0.0,0.0,0.0,0.0,True,False
1637950,69,3.58,5,1,0,247,10,5,76283,,39456,County Championship Division Two 2026,1,38,Middlesex Men,50,Lancashire Men,8752808,2026-09-03T11:38:54Z,2,412,False,,,,247.0,Tom Bailey,2683.0,Tom Helm,15371.0,Naavya Sharma,296.0,118.0,Right,Long On,1.0,0,1.0,1.0,,HalfVolley,OffStump,,None,FrontFoot,Drive,NoMovement,Over,Medium,Right,Null,NotReferred,Null,False,False,False,False,False,True,,False,False,False,False,False,False,1.0,0.0,0.0,0.0,0.0,False,False
1637950,69,3.58,5,1,0,247,10,5,76283,,39456,County Championship Division Two 2026,1,38,Middlesex Men,50,Lancashire Men,8752822,2026-09-03T11:39:49Z,3,413,True,Caught,15371.0,Naavya Sharma,247.0,Tom Bailey,15371.0,Naavya Sharma,2683.0,Tom Helm,252.0,67.0,Right,Mid Off,0.0,0,0.0,0.0,Caught,LengthBall,OutsideOff,Caught,MisTimed,FrontFoot,Drive,NoMovement,Over,Medium,Right,Null,NotReferred,Null,False,False,False,False,False,True,1815.0,False,False,False,False,False,False,0.0,0.0,0.0,0.0,0.0,False,True
1638029,2,1.0,1,0,0,2,0,1,76299,,39456,County Championship Division Two 2026,2,50,Lancashire Men,38,Middlesex Men,8753241,2026-09-03T12:23:00Z,1,7,False,,,,2683.0,Tom Helm,192.0,Keaton Jennings,11452.0,Matty Hurst,,,Left,Wicketkeeper,0.0,0,0.0,0.0,,BackOfALength,OutsideOff,,Left,BackFoot,Leave,NoMovement,Round,FastSeam,Right,Null,NotReferred,Null,False,False,False,False,False,True,,False,False,False,False,False,False,0.0,0.0,0.0,0.0,0.0,False,False
1638029,2,1.0,1,0,0,2,0,1,76299,,39456,County Championship Division Two 2026,2,50,Lancashire Men,38,Middlesex Men,8753255,2026-09-03T12:23:27Z,2,8,False,,,,2683.0,Tom Helm,192.0,Keaton Jennings,11452.0,Matty Hurst,29.0,43.0,Left,Backward Point,0.0,0,0.0,0.0,,BackOfALength,OutsideOff,Lbw,InsideEdge,FrontFoot,ForwardDefensive,InSwinger,Round,FastSeam,Right,Null,NotReferred,Null,False,False,False,False,False,True,1815.0,False,False,False,False,False,False,0.0,0.0,0.0,0.0,0.0,False,False
1638029,2,1.0,1,0,0,2,0,1,76299,,39456,County Championship Division Two 2026,2,50,Lancashire Men,38,Middlesex Men,8753262,2026-09-03T12:24:03Z,3,9,False,,,,2683.0,Tom Helm,192.0,Keaton Jennings,11452.0,Matty Hurst,,,Left,Bowler,0.0,0,0.0,0.0,,Short,OutsideOff,,None,BackFoot,BackwardDefensive,NoMovement,Round,FastSeam,Right,Null,NotReferred,Null,False,False,False,False,False,True,,False,False,False,False,False,False,0.0,0.0,0.0,0.0,0.0,False,False
1638029,2,1.0,1,0,0,2,0,1,76299,,39456,County Championship Division Two 2026,2,50,Lancashire Men,38,Middlesex Men,8753275,2026-09-03T12:24:35Z,4,10,False,,,,2683.0,Tom Helm,192.0,Keaton Jennings,11452.0,Matty Hurst,338.0,50.0,Left,Cover,0.0,0,0.0,0.0,,LengthBall,OutsideOff,,None,FrontFoot,ForwardDefensive,NoMovement,Round,FastSeam,Right,Null,NotReferred,Null,False,False,False,False,False,True,,False,False,False,False,False,False,0.0,0.0,0.0,0.0,0.0,False,False
1638029,2,1.0,1,0,0,2,0,1,76299,,39456,County Championship Division Two 2026,2,50,Lancashire Men,38,Middlesex Men,8753288,2026-09-03T12:25:06Z,5,11,False,,,,2683.0,Tom Helm,192.0,Keaton Jennings,11452.0,Matty Hurst,111.0,128.0,Left,Fine Leg,1.0,0,1.0,1.0,,BackOfALength,OffStump,,None,BackFoot,Glance,SeamIn,Round,FastSeam,Right,Null,NotReferred,Null,False,False,False,False,False,True,,False,False,False,False,False,False,1.0,0.0,0.0,0.0,0.0,False,False
1638029,2,1.0,1,0,0,2,0,1,76299,,39456,County Championship Division Two 2026,2,50,Lancashire Men,38,Middlesex Men,8753299,2026-09-03T12:26:02Z,6,12,False,,,,2683.0,Tom Helm,11452.0,Matty Hurst,192.0,Keaton Jennings,339.0,49.0,Right,Square Leg,0.0,0,0.0,0.0,,BackOfALength,OutsideOff,,None,BackFoot,Pushed,NoMovement,Over,FastSeam,Right,Null,NotReferred,Null,False,False,False,False,False,True,,False,False,False,False,False,False,0.0,0.0,0.0,0.0,0.0,False,False
1638040,3,1.0,1,0,0,3,0,1,76299,,39456,County Championship Division Two 2026,2,50,Lancashire Men,38,Middlesex Men,8753311,2026-09-03T12:26:47Z,1,13,False,,,,1739.0,Toby Roland-Jones,192.0,Keaton Jennings,11452.0,Matty Hurst,300.0,58.0,Left,Mid Off,0.0,0,0.0,0.0,,LengthBall,MiddleStump,,MisTimed,FrontFoot,ForwardDefensive,NoMovement,Over,Medium,Right,Null,NotReferred,Null,False,False,False,False,False,True,,False,False,False,False,False,False,0.0,0.0,0.0,0.0,0.0,False,False
1638040,3,1.0,1,0,0,3,0,1,76299,,39456,County Championship Division Two 2026,2,50,Lancashire Men,38,Middlesex Men,8753324,2026-09-03T12:27:21Z,2,14,False,,,,1739.0,Toby Roland-Jones,192.0,Keaton Jennings,11452.0,Matty Hurst,,,Left,Wicketkeeper,0.0,0,0.0,0.0,,LengthBall,OffStump,,Missed,FrontFoot,ForwardDefensive,SeamAway,Over,Medium,Right,Null,NotReferred,Null,False,False,False,False,False,True,,False,False,False,False,False,False,0.0,0.0,0.0,0.0,0.0,False,False
1638040,3,1.0,1,0,0,3,0,1,76299,,39456,County Championship Division Two 2026,2,50,Lancashire Men,38,Middlesex Men,8753336,2026-09-03T12:27:51Z,3,15,False,,,,1739.0,Toby Roland-Jones,192.0,Keaton Jennings,11452.0,Matty Hurst,356.0,57.0,Left,Cover,0.0,0,0.0,0.0,,LengthBall,LegStump,,None,FrontFoot,ForwardDefensive,NoMovement,Over,Medium,Right,Null,NotReferred,Null,False,False,False,False,False,True,,False,False,False,False,False,False,0.0,0.0,0.0,0.0,0.0,False,False
1638040,3,1.0,1,0,0,3,0,1,76299,,39456,County Championship Division Two 2026,2,50,Lancashire Men,38,Middlesex Men,8753349,2026-09-03T12:28:24Z,4,16,False,,,,1739.0,Toby Roland-Jones,192.0,Keaton Jennings,11452.0,Matty Hurst,,,Left,Wicketkeeper,0.0,0,0.0,0.0,,BackOfALength,LegStump,,Left,DownTheTrack,Leave,SeamAway,Over,Medium,Right,Null,NotReferred,Null,False,False,False,False,False,True,,False,False,False,False,False,False,0.0,0.0,0.0,0.0,0.0,False,False
1638040,3,1.0,1,0,0,3,0,1,76299,,39456,County Championship Division Two 2026,2,50,Lancashire Men,38,Middlesex Men,8753356,2026-09-03T12:28:58Z,5,17,False,,,,1739.0,Toby Roland-Jones,192.0,Keaton Jennings,11452.0,Matty Hurst,262.0,59.0,Left,Mid On,0.0,0,0.0,0.0,,LengthBall,DownLeg,,Spliced,FrontFoot,ForwardDefensive,NoMovement,Over,Medium,Right,Null,NotReferred,Null,False,False,False,False,False,True,,False,False,False,False,False,False,0.0,0.0,0.0,0.0,0.0,False,False
1638040,3,1.0,1,0,0,3,0,1,76299,,39456,County Championship Division Two 2026,2,50,Lancashire Men,38,Middlesex Men,8753363,2026-09-03T12:29:31Z,6,18,False,,,,1739.0,Toby Roland-Jones,192.0,Keaton Jennings,11452.0,Matty Hurst,121.0,49.0,Left,Short Fine Leg,0.0,1,1.0,0.0,,BackOfALength,DownLeg,,HitBody,DownTheTrack,Glance,SeamIn,Over,Medium,Right,Null,NotReferred,Null,False,False,False,True,False,True,,False,False,False,False,False,False,1.0,0.0,0.0,1.0,0.0,False,False
1638052,4,0.75,0,2,0,3,2,0,76299,,39456,County Championship Division Two 2026,2,50,Lancashire Men,38,Middlesex Men,8753381,2026-09-03T12:30:34Z,1,19,False,,,,2683.0,Tom Helm,192.0,Keaton Jennings,11452.0,Matty Hurst,,,Left,Wicketkeeper,0.0,0,0.0,0.0,,BackOfALength,OutsideOff,,Left,FrontFoot,Leave,SeamIn,Round,FastSeam,Right,Null,NotReferred,Null,False,False,False,False,False,True,,False,False,False,False,False,False,0.0,0.0,0.0,0.0,0.0,False,False
1638052,4,0.75,0,2,0,3,2,0,76299,,39456,County Championship Division Two 2026,2,50,Lancashire Men,38,Middlesex Men,8753397,2026-09-03T12:31:07Z,2,20,True,Lbw,192.0,Keaton Jennings,2683.0,Tom Helm,192.0,Keaton Jennings,11452.0,Matty Hurst,,,Left,,0.0,0,0.0,0.0,LBW,LengthBall,OutsideOff,Lbw,HitPad,FrontFoot,ForwardDefensive,SeamIn,Round,FastSeam,Right,Null,NotReferred,Null,False,False,False,False,False,True,1815.0,False,False,False,False,False,False,0.0,0.0,0.0,0.0,0.0,False,False
1638052,4,0.75,0,2,0,3,2,0,76299,,39456,County Championship Division Two 2026,2,50,Lancashire Men,38,Middlesex Men,8753431,2026-09-03T12:32:49Z,3,21,False,,,,2683.0,Tom Helm,11450.0,Harry Singh,11452.0,Matty Hurst,225.0,50.0,Right,Extra Cover,0.0,0,0.0,0.0,,BackOfALength,OutsideOff,,None,BackFoot,BackwardDefensive,SeamIn,Over,FastSeam,Right,Null,NotReferred,Null,False,False,False,False,False,True,,False,False,False,False,False,False,0.0,0.0,0.0,0.0,0.0,False,False
1638052,4,0.75,0,2,0,3,2,0,76299,,39456,County Championship Division Two 2026,2,50,Lancashire Men,38,Middlesex Men,8753443,2026-09-03T12:33:24Z,4,22,True,Caught,11450.0,Harry Singh,2683.0,Tom Helm,11450.0,Harry Singh,11452.0,Matty Hurst,,,Right,Wicketkeeper,0.0,0,0.0,0.0,Caught,BackOfALength,OutsideOff,Caught,OutsideEdge,BackFoot,BackwardDefensive,SeamAway,Over,FastSeam,Right,Null,NotReferred,Null,False,False,False,False,False,True,1815.0,False,False,False,False,False,False,0.0,0.0,0.0,0.0,0.0,False,False
1638052,4,0.75,0,2,0,3,2,0,76299,,39456,County Championship Division Two 2026,2,50,Lancashire Men,38,Middlesex Men,8753489,2026-09-03T12:35:15Z,5,23,False,,,,2683.0,Tom Helm,1014.0,Marcus Harris,11452.0,Matty Hurst,,,Left,Wicketkeeper,0.0,0,0.0,0.0,,BackOfALength,OutsideOff,,Left,FrontFoot,Leave,SeamAway,Round,FastSeam,Right,Null,NotReferred,Null,False,False,False,False,False,True,,False,False,False,False,False,False,0.0,0.0,0.0,0.0,0.0,False,False
1638052,4,0.75,0,2,0,3,2,0,76299,,39456,County Championship Division Two 2026,2,50,Lancashire Men,38,Middlesex Men,8753498,2026-09-03T12:35:44Z,6,24,False,,,,2683.0,Tom Helm,1014.0,Marcus Harris,11452.0,Matty Hurst,,,Left,Wicketkeeper,0.0,0,0.0,0.0,,BackOfALength,OutsideOff,,HitBody,FrontFoot,ForwardDefensive,InSwinger,Round,FastSeam,Right,Null,NotReferred,Null,False,False,False,False,False,True,,False,False,False,False,False,False,0.0,0.0,0.0,0.0,0.0,False,False
1638075,5,0.6,0,0,0,3,2,0,76299,,39456,County Championship Division Two 2026,2,50,Lancashire Men,38,Middlesex Men,8753519,2026-09-03T12:37:03Z,1,25,False,,,,1739.0,Toby Roland-Jones,11452.0,Matty Hurst,1014.0,Marcus Harris,,,Right,Wicketkeeper,0.0,0,0.0,0.0,,LengthBall,OutsideOff,,Left,FrontFoot,Leave,AwaySwinger,Over,Medium,Right,Null,NotReferred,Null,False,False,False,False,False,True,,False,False,False,False,False,False,0.0,0.0,0.0,0.0,0.0,False,False
1638075,5,0.6,0,0,0,3,2,0,76299,,39456,County Championship Division Two 2026,2,50,Lancashire Men,38,Middlesex Men,8753534,2026-09-03T12:37:35Z,2,26,False,,,,1739.0,Toby Roland-Jones,11452.0,Matty Hurst,1014.0,Marcus Harris,222.0,24.0,Right,Extra Cover,0.0,0,0.0,0.0,,LengthBall,OutsideOff,Lbw,HitPad,FrontFoot,ForwardDefensive,SeamIn,Over,Medium,Right,Null,NotReferred,Null,False,False,False,False,False,True,1861.0,False,False,False,False,False,False,0.0,0.0,0.0,0.0,0.0,False,False
1638075,5,0.6,0,0,0,3,2,0,76299,,39456,County Championship Division Two 2026,2,50,Lancashire Men,38,Middlesex Men,8753550,2026-09-03T12:38:17Z,3,27,False,,,,1739.0,Toby Roland-Jones,11452.0,Matty Hurst,1014.0,Marcus Harris,,,Right,Wicketkeeper,0.0,0,0.0,0.0,,LengthBall,OutsideOff,,Left,FrontFoot,Leave,NoMovement,Over,Medium,Right,Null,NotReferred,Null,False,False,False,False,False,True,,False,False,False,False,False,False,0.0,0.0,0.0,0.0,0.0,False,False
1638075,5,0.6,0,0,0,3,2,0,76299,,39456,County Championship Division Two 2026,2,50,Lancashire Men,38,Middlesex Men,8753557,2026-09-03T12:38:50Z,4,28,False,,,,1739.0,Toby Roland-Jones,11452.0,Matty Hurst,1014.0,Marcus Harris,282.0,69.0,Right,Mid On,0.0,0,0.0,0.0,,LengthBall,OffStump,,None,FrontFoot,Drive,NoMovement,Over,Medium,Right,Null,NotReferred,Null,False,False,False,False,False,True,,False,False,False,False,False,False,0.0,0.0,0.0,0.0,0.0,False,False
1638075,5,0.6,0,0,0,3,2,0,76299,,39456,County Championship Division Two 2026,2,50,Lancashire Men,38,Middlesex Men,8753575,2026-09-03T12:39:26Z,5,29,False,,,,1739.0,Toby Roland-Jones,11452.0,Matty Hurst,1014.0,Marcus Harris,129.0,40.0,Right,Gully,0.0,0,0.0,0.0,,BackOfALength,OutsideOff,,OutsideEdge,BackFoot,BackwardDefensive,NoMovement,Over,Medium,Right,Null,NotReferred,Null,False,False,False,False,False,True,,False,False,False,False,False,False,0.0,0.0,0.0,0.0,0.0,False,False
1638075,5,0.6,0,0,0,3,2,0,76299,,39456,County Championship Division Two 2026,2,50,Lancashire Men,38,Middlesex Men,8753583,2026-09-03T12:39:58Z,6,30,False,,,,1739.0,Toby Roland-Jones,11452.0,Matty Hurst,1014.0,Marcus Harris,228.0,48.0,Right,Extra Cover,0.0,0,0.0,0.0,,LengthBall,OutsideOff,,None,FrontFoot,ForwardDefensive,SeamIn,Over,Medium,Right,Null,NotReferred,Null,False,False,False,False,False,True,,False,False,False,False,False,False,0.0,0.0,0.0,0.0,0.0,False,False
1638088,6,0.5,0,0,0,3,2,0,76299,,39456,County Championship Division Two 2026,2,50,Lancashire Men,38,Middlesex Men,8753598,2026-09-03T12:40:45Z,1,31,False,,,,2683.0,Tom Helm,1014.0,Marcus Harris,11452.0,Matty Hurst,,,Left,Wicketkeeper,0.0,0,0.0,0.0,,LengthBall,OutsideOff,,Left,FrontFoot,Leave,SeamAway,Round,FastSeam,Right,Null,NotReferred,Null,False,False,False,False,False,True,,False,False,False,False,False,False,0.0,0.0,0.0,0.0,0.0,False,False
1638088,6,0.5,0,0,0,3,2,0,76299,,39456,County Championship Division Two 2026,2,50,Lancashire Men,38,Middlesex Men,8753609,2026-09-03T12:41:16Z,2,32,False,,,,2683.0,Tom Helm,1014.0,Marcus Harris,11452.0,Matty Hurst,227.0,48.0,Left,Mid Wicket,0.0,0,0.0,0.0,,LengthBall,OutsideOff,,None,FrontFoot,ForwardDefensive,InSwinger,Round,FastSeam,Right,Null,NotReferred,Null,False,False,False,False,False,True,,False,False,False,False,False,False,0.0,0.0,0.0,0.0,0.0,False,False
1638088,6,0.5,0,0,0,3,2,0,76299,,39456,County Championship Division Two 2026,2,50,Lancashire Men,38,Middlesex Men,8753619,2026-09-03T12:41:50Z,3,33,False,,,,2683.0,Tom Helm,1014.0,Marcus Harris,11452.0,Matty Hurst,,,Left,Wicketkeeper,0.0,0,0.0,0.0,,BackOfALength,OutsideOff,,Left,FrontFoot,Leave,SeamAway,Round,FastSeam,Right,Null,NotReferred,Null,False,False,False,False,False,True,,False,False,False,False,False,False,0.0,0.0,0.0,0.0,0.0,False,False
1638088,6,0.5,0,0,0,3,2,0,76299,,39456,County Championship Division Two 2026,2,50,Lancashire Men,38,Middlesex Men,8753629,2026-09-03T12:42:24Z,4,34,False,,,,2683.0,Tom Helm,1014.0,Marcus Harris,11452.0,Matty Hurst,,,Left,Wicketkeeper,0.0,0,0.0,0.0,,BackOfALength,OutsideOff,,Left,FrontFoot,Leave,NoMovement,Round,FastSeam,Right,Null,NotReferred,Null,False,False,False,False,False,True,,False,False,False,False,False,False,0.0,0.0,0.0,0.0,0.0,False,False
1638088,6,0.5,0,0,0,3,2,0,76299,,39456,County Championship Division Two 2026,2,50,Lancashire Men,38,Middlesex Men,8753644,2026-09-03T12:42:58Z,5,35,False,,,,2683.0,Tom Helm,1014.0,Marcus Harris,11452.0,Matty Hurst,,,Left,Wicketkeeper,0.0,0,0.0,0.0,,BackOfALength,OutsideOff,,Left,FrontFoot,Leave,SeamAway,Round,FastSeam,Right,Null,NotReferred,Null,False,False,False,False,False,True,,False,False,False,False,False,False,0.0,0.0,0.0,0.0,0.0,False,False
1638088,6,0.5,0,0,0,3,2,0,76299,,39456,County Championship Division Two 2026,2,50,Lancashire Men,38,Middlesex Men,8753654,2026-09-03T12:43:31Z,6,36,False,,,,2683.0,Tom Helm,1014.0,Marcus Harris,11452.0,Matty Hurst,199.0,37.0,Left,Square Leg,0.0,0,0.0,0.0,,LengthBall,OutsideOff,,InsideEdge,FrontFoot,ForwardDefensive,InSwinger,Round,FastSeam,Right,Null,NotReferred,Null,False,False,False,False,False,True,,False,False,False,False,False,False,0.0,0.0,0.0,0.0,0.0,False,False
1638099,7,0.57,1,0,0,4,2,1,76299,,39456,County Championship Division Two 2026,2,50,Lancashire Men,38,Middlesex Men,8753673,2026-09-03T12:44:19Z,1,37,False,,,,1739.0,Toby Roland-Jones,11452.0,Matty Hurst,1014.0,Marcus Harris,,,Right,,0.0,0,0.0,0.0,,LengthBall,OutsideOff,Lbw,HitPad,FrontFoot,ForwardDefensive,InSwinger,Over,Medium,Right,Null,NotReferred,Null,False,False,False,False,False,True,1861.0,False,False,False,False,False,False,0.0,0.0,0.0,0.0,0.0,False,False
1638099,7,0.57,1,0,0,4,2,1,76299,,39456,County Championship Division Two 2026,2,50,Lancashire Men,38,Middlesex Men,8753683,2026-09-03T12:44:52Z,2,38,False,,,,1739.0,Toby Roland-Jones,11452.0,Matty Hurst,1014.0,Marcus Harris,,,Right,Wicketkeeper,0.0,0,0.0,0.0,,LengthBall,OutsideOff,,Left,FrontFoot,Leave,SeamAway,Over,Medium,Right,Null,NotReferred,Null,False,False,False,False,False,True,,False,False,False,False,False,False,0.0,0.0,0.0,0.0,0.0,False,False
1638099,7,0.57,1,0,0,4,2,1,76299,,39456,County Championship Division Two 2026,2,50,Lancashire Men,38,Middlesex Men,8753690,2026-09-03T12:45:26Z,3,39,False,,,,1739.0,Toby Roland-Jones,11452.0,Matty Hurst,1014.0,Marcus Harris,8.0,109.0,Right,Deep Backward Square Leg,1.0,0,1.0,1.0,,LengthBall,OutsideOff,,InsideEdge,FrontFoot,ForwardDefensive,SeamIn,Over,Medium,Right,Null,NotReferred,Null,False,False,False,False,False,True,,False,False,False,False,False,False,1.0,0.0,0.0,0.0,0.0,False,False
1638099,7,0.57,1,0,0,4,2,1,76299,,39456,County Championship Division Two 2026,2,50,Lancashire Men,38,Middlesex Men,8753706,2026-09-03T12:46:10Z,4,40,False,,,,1739.0,Toby Roland-Jones,1014.0,Marcus Harris,11452.0,Matty Hurst,,,Left,Wicketkeeper,0.0,0,0.0,0.0,,LengthBall,OffStump,,Left,FrontFoot,Leave,SeamAway,Over,Medium,Right,Null,NotReferred,Null,False,False,False,False,False,True,,False,False,False,False,False,False,0.0,0.0,0.0,0.0,0.0,False,False
1638099,7,0.57,1,0,0,4,2,1,76299,,39456,County Championship Division Two 2026,2,50,Lancashire Men,38,Middlesex Men,8753714,2026-09-03T12:46:43Z,5,41,False,,,,1739.0,Toby Roland-Jones,1014.0,Marcus Harris,11452.0,Matty Hurst,26.0,57.0,Left,Backward Point,0.0,0,0.0,0.0,,LengthBall,LegStump,,OutsideEdge,FrontFoot,ForwardDefensive,SeamAway,Over,Medium,Right,Null,NotReferred,Null,False,False,False,False,False,True,,False,False,False,False,False,False,0.0,0.0,0.0,0.0,0.0,False,False
1638099,7,0.57,1,0,0,4,2,1,76299,,39456,County Championship Division Two 2026,2,50,Lancashire Men,38,Middlesex Men,8753729,2026-09-03T12:47:14Z,6,42,False,,,,1739.0,Toby Roland-Jones,1014.0,Marcus Harris,11452.0,Matty Hurst,,,Left,Wicketkeeper,0.0,0,0.0,0.0,,LengthBall,DownLeg,,Missed,FrontFoot,ForwardDefensive,SeamAway,Over,Medium,Right,Null,NotReferred,Null,False,False,False,False,False,True,,False,False,False,False,False,False,0.0,0.0,0.0,0.0,0.0,False,False
1638111,8,1.0,4,0,0,8,2,4,76299,,39456,County Championship Division Two 2026,2,50,Lancashire Men,38,Middlesex Men,8753747,2026-09-03T12:48:04Z,1,43,False,,,,2683.0,Tom Helm,11452.0,Matty Hurst,1014.0,Marcus Harris,,,Right,Wicketkeeper,0.0,0,0.0,0.0,,LengthBall,OutsideOff,Caught,Missed,FrontFoot,ForwardDefensive,SeamAway,Over,FastSeam,Right,Null,NotReferred,Null,False,False,False,False,False,True,1815.0,False,False,False,False,False,False,0.0,0.0,0.0,0.0,0.0,False,False
1638111,8,1.0,4,0,0,8,2,4,76299,,39456,County Championship Division Two 2026,2,50,Lancashire Men,38,Middlesex Men,8753760,2026-09-03T12:48:44Z,2,44,False,,,,2683.0,Tom Helm,11452.0,Matty Hurst,1014.0,Marcus Harris,216.0,48.0,Right,Extra Cover,0.0,0,0.0,0.0,,BackOfALength,OutsideOff,,None,BackFoot,BackwardDefensive,NoMovement,Over,FastSeam,Right,Null,NotReferred,Null,False,False,False,False,False,True,,False,False,False,False,False,False,0.0,0.0,0.0,0.0,0.0,False,False
1638111,8,1.0,4,0,0,8,2,4,76299,,39456,County Championship Division Two 2026,2,50,Lancashire Men,38,Middlesex Men,8753772,2026-09-03T12:49:18Z,3,45,False,,,,2683.0,Tom Helm,11452.0,Matty Hurst,1014.0,Marcus Harris,116.0,161.0,Right,,4.0,0,4.0,4.0,,LengthBall,OutsideOff,,OutsideEdge,FrontFoot,ForwardDefensive,AwaySwinger,Over,FastSeam,Right,Null,NotReferred,Null,False,False,False,False,False,True,,False,False,False,False,False,False,4.0,0.0,0.0,0.0,0.0,True,False
1638111,8,1.0,4,0,0,8,2,4,76299,,39456,County Championship Division Two 2026,2,50,Lancashire Men,38,Middlesex Men,8753790,2026-09-03T12:49:58Z,4,46,False,,,,2683.0,Tom Helm,11452.0,Matty Hurst,1014.0,Marcus Harris,,,Right,Bowler,0.0,0,0.0,0.0,,BackOfALength,OutsideOff,,Spliced,FrontFoot,ForwardDefensive,SeamIn,Over,FastSeam,Right,Null,NotReferred,Null,False,False,False,False,False,True,,False,False,False,False,False,False,0.0,0.0,0.0,0.0,0.0,False,False
1638111,8,1.0,4,0,0,8,2,4,76299,,39456,County Championship Division Two 2026,2,50,Lancashire Men,38,Middlesex Men,8753799,2026-09-03T12:50:33Z,5,47,False,,,,2683.0,Tom Helm,11452.0,Matty Hurst,1014.0,Marcus Harris,182.0,50.0,Right,Cover,0.0,0,0.0,0.0,,LengthBall,OutsideOff,,None,FrontFoot,ForwardDefensive,NoMovement,Over,FastSeam,Right,Null,NotReferred,Null,False,False,False,False,False,True,,False,False,False,False,False,False,0.0,0.0,0.0,0.0,0.0,False,False
1638111,8,1.0,4,0,0,8,2,4,76299,,39456,County Championship Division Two 2026,2,50,Lancashire Men,38,Middlesex Men,8753818,2026-09-03T12:51:06Z,6,48,False,,,,2683.0,Tom Helm,11452.0,Matty Hurst,1014.0,Marcus Harris,,,Right,Bowler,0.0,0,0.0,0.0,,BackOfALength,OutsideOff,,Spliced,BackFoot,BackwardDefensive,SeamIn,Over,FastSeam,Right,Null,NotReferred,Null,False,False,False,False,False,True,,False,False,False,False,False,False,0.0,0.0,0.0,0.0,0.0,False,False
1638126,9,1.11,2,0,0,10,2,2,76299,,39456,County Championship Division Two 2026,2,50,Lancashire Men,38,Middlesex Men,8753838,2026-09-03T12:52:03Z,1,49,False,,,,1739.0,Toby Roland-Jones,1014.0,Marcus Harris,11452.0,Matty Hurst,,,Left,Wicketkeeper,0.0,0,0.0,0.0,,BackOfALength,LegStump,,Left,FrontFoot,Leave,SeamAway,Over,Medium,Right,Null,NotReferred,Null,False,False,False,False,False,True,,False,False,False,False,False,False,0.0,0.0,0.0,0.0,0.0,False,False
1638126,9,1.11,2,0,0,10,2,2,76299,,39456,County Championship Division Two 2026,2,50,Lancashire Men,38,Middlesex Men,8753846,2026-09-03T12:52:40Z,2,50,False,,,,1739.0,Toby Roland-Jones,1014.0,Marcus Harris,11452.0,Matty Hurst,,,Left,Wicketkeeper,0.0,0,0.0,0.0,,LengthBall,DownLeg,,Missed,FrontFoot,ForwardDefensive,SeamAway,Over,Medium,Right,Null,NotReferred,Null,False,False,False,False,False,True,,False,False,False,False,False,False,0.0,0.0,0.0,0.0,0.0,False,False
1638126,9,1.11,2,0,0,10,2,2,76299,,39456,County Championship Division Two 2026,2,50,Lancashire Men,38,Middlesex Men,8753857,2026-09-03T12:53:14Z,3,51,False,,,,1739.0,Toby Roland-Jones,1014.0,Marcus Harris,11452.0,Matty Hurst,,,Left,Bowler,0.0,0,0.0,0.0,,LengthBall,MiddleStump,,None,FrontFoot,ForwardDefensive,NoMovement,Over,Medium,Right,Null,NotReferred,Null,False,False,False,False,False,True,,False,False,False,False,False,False,0.0,0.0,0.0,0.0,0.0,False,False
1638126,9,1.11,2,0,0,10,2,2,76299,,39456,County Championship Division Two 2026,2,50,Lancashire Men,38,Middlesex Men,8753868,2026-09-03T12:53:48Z,4,52,False,,,,1739.0,Toby Roland-Jones,1014.0,Marcus Harris,11452.0,Matty Hurst,332.0,146.0,Left,Deep Cover,2.0,0,2.0,2.0,,LengthBall,MiddleStump,,WellTimed,FrontFoot,Drive,NoMovement,Over,Medium,Right,Null,NotReferred,Null,False,False,False,False,False,True,,False,False,False,False,False,False,2.0,0.0,0.0,0.0,0.0,False,False
1638126,9,1.11,2,0,0,10,2,2,76299,,39456,County Championship Division Two 2026,2,50,Lancashire Men,38,Middlesex Men,8753888,2026-09-03T12:54:29Z,5,53,False,,,,1739.0,Toby Roland-Jones,1014.0,Marcus Harris,11452.0,Matty Hurst,,,Left,Wicketkeeper,0.0,0,0.0,0.0,,BackOfALength,LegStump,,Left,BackFoot,Leave,SeamAway,Over,Medium,Right,Null,NotReferred,Null,False,False,False,False,False,True,,False,False,False,False,False,False,0.0,0.0,0.0,0.0,0.0,False,False
1638126,9,1.11,2,0,0,10,2,2,76299,,39456,County Championship Division Two 2026,2,50,Lancashire Men,38,Middlesex Men,8753898,2026-09-03T12:55:04Z,6,54,False,,,,1739.0,Toby Roland-Jones,1014.0,Marcus Harris,11452.0,Matty Hurst,,,Left,Wicketkeeper,0.0,0,0.0,0.0,,BackOfALength,DownLeg,,Left,BackFoot,Leave,NoMovement,Over,Medium,Right,Null,NotReferred,Null,False,False,False,False,False,True,,False,False,False,False,False,False,0.0,0.0,0.0,0.0,0.0,False,False
1638140,10,1.2,2,0,0,12,2,2,76299,,39456,County Championship Division Two 2026,2,50,Lancashire Men,38,Middlesex Men,8753913,2026-09-03T12:55:55Z,1,55,False,,,,2683.0,Tom Helm,11452.0,Matty Hurst,1014.0,Marcus Harris,175.0,54.0,Right,Backward Point,0.0,0,0.0,0.0,,BackOfALength,OutsideOff,,None,BackFoot,BackwardDefensive,NoMovement,Over,FastSeam,Right,Null,NotReferred,Null,False,False,False,False,False,True,,False,False,False,False,False,False,0.0,0.0,0.0,0.0,0.0,False,False
1638140,10,1.2,2,0,0,12,2,2,76299,,39456,County Championship Division Two 2026,2,50,Lancashire Men,38,Middlesex Men,8753926,2026-09-03T12:56:25Z,2,56,False,,,,2683.0,Tom Helm,11452.0,Matty Hurst,1014.0,Marcus Harris,356.0,58.0,Right,Square Leg,0.0,0,0.0,0.0,,LengthBall,MiddleStump,,HitPad,BackFoot,Glance,SeamIn,Over,FastSeam,Right,Null,NotReferred,Null,False,False,False,False,False,True,,False,False,False,False,False,False,0.0,0.0,0.0,0.0,0.0,False,False
1638140,10,1.2,2,0,0,12,2,2,76299,,39456,County Championship Division Two 2026,2,50,Lancashire Men,38,Middlesex Men,8753936,2026-09-03T12:57:06Z,3,57,False,,,,2683.0,Tom Helm,11452.0,Matty Hurst,1014.0,Marcus Harris,328.0,131.0,Right,Deep Mid Wicket,2.0,0,2.0,2.0,,LengthBall,OffStump,,WellTimed,FrontFoot,Flick,NoMovement,Over,FastSeam,Right,Null,NotReferred,Null,False,False,False,False,False,True,,False,False,False,False,False,False,2.0,0.0,0.0,0.0,0.0,False,False
1638140,10,1.2,2,0,0,12,2,2,76299,,39456,County Championship Division Two 2026,2,50,Lancashire Men,38,Middlesex Men,8753953,2026-09-03T12:58:11Z,4,58,False,,,,2683.0,Tom Helm,11452.0,Matty Hurst,1014.0,Marcus Harris,287.0,61.0,Right,Mid On,0.0,0,0.0,0.0,,LengthBall,OutsideOff,,None,FrontFoot,ForwardDefensive,NoMovement,Over,FastSeam,Right,Null,NotReferred,Null,False,False,False,False,False,True,,False,False,False,False,False,False,0.0,0.0,0.0,0.0,0.0,False,False
1638140,10,1.2,2,0,0,12,2,2,76299,,39456,County Championship Division Two 2026,2,50,Lancashire Men,38,Middlesex Men,8753965,2026-09-03T12:58:41Z,5,59,False,,,,2683.0,Tom Helm,11452.0,Matty Hurst,1014.0,Marcus Harris,258.0,54.0,Right,Mid Off,0.0,0,0.0,0.0,,LengthBall,OutsideOff,,None,FrontFoot,ForwardDefensive,NoMovement,Over,FastSeam,Right,Null,NotReferred,Null,False,False,False,False,False,True,,False,False,False,False,False,False,0.0,0.0,0.0,0.0,0.0,False,False
1638140,10,1.2,2,0,0,12,2,2,76299,,39456,County Championship Division Two 2026,2,50,Lancashire Men,38,Middlesex Men,8753982,2026-09-03T12:59:16Z,6,60,False,,,,2683.0,Tom Helm,11452.0,Matty Hurst,1014.0,Marcus Harris,6.0,43.0,Right,Backward Square Leg,0.0,0,0.0,0.0,,BackOfALength,OutsideOff,,Spliced,BackFoot,BackwardDefensive,SeamIn,Over,FastSeam,Right,Null,NotReferred,Null,False,False,False,False,False,True,,False,False,False,False,False,False,0.0,0.0,0.0,0.0,0.0,False,False
1638154,11,1.82,8,0,0,20,2,8,76299,,39456,County Championship Division Two 2026,2,50,Lancashire Men,38,Middlesex Men,8754004,2026-09-03T13:00:05Z,1,61,False,,,,1739.0,Toby Roland-Jones,1014.0,Marcus Harris,11452.0,Matty Hurst,338.0,41.0,Left,Cover,0.0,0,0.0,0.0,,HalfVolley,OutsideOff,,InsideEdge,FrontFoot,Drive,NoMovement,Over,Medium,Right,Null,NotReferred,Null,False,False,False,False,False,True,,False,False,False,False,False,False,0.0,0.0,0.0,0.0,0.0,False,False
1638154,11,1.82,8,0,0,20,2,8,76299,,39456,County Championship Division Two 2026,2,50,Lancashire Men,38,Middlesex Men,8754012,2026-09-03T13:00:39Z,2,62,False,,,,1739.0,Toby Roland-Jones,1014.0,Marcus Harris,11452.0,Matty Hurst,199.0,51.0,Left,Square Leg,0.0,0,0.0,0.0,,BackOfALength,DownLeg,,None,BackFoot,BackwardDefensive,NoMovement,Over,Medium,Right,Null,NotReferred,Null,False,False,False,False,False,True,,False,False,False,False,False,False,0.0,0.0,0.0,0.0,0.0,False,False
1638154,11,1.82,8,0,0,20,2,8,76299,,39456,County Championship Division Two 2026,2,50,Lancashire Men,38,Middlesex Men,8754027,2026-09-03T13:01:19Z,3,63,False,,,,1739.0,Toby Roland-Jones,1014.0,Marcus Harris,11452.0,Matty Hurst,261.0,68.0,Left,Mid On,0.0,0,0.0,0.0,,LengthBall,OutsideOff,,None,FrontFoot,ForwardDefensive,NoMovement,Round,Medium,Right,Null,NotReferred,Null,False,False,False,False,False,True,,False,False,False,False,False,False,0.0,0.0,0.0,0.0,0.0,False,False
1638154,11,1.82,8,0,0,20,2,8,76299,,39456,County Championship Division Two 2026,2,50,Lancashire Men,38,Middlesex Men,8754038,2026-09-03T13:01:57Z,4,64,False,,,,1739.0,Toby Roland-Jones,1014.0,Marcus Harris,11452.0,Matty Hurst,360.0,170.0,Left,,4.0,0,4.0,4.0,,HalfVolley,OutsideOff,,WellTimed,FrontFoot,Drive,NoMovement,Round,Medium,Right,Null,NotReferred,Null,False,False,False,False,False,True,,False,False,False,False,False,False,4.0,0.0,0.0,0.0,0.0,True,False
1638154,11,1.82,8,0,0,20,2,8,76299,,39456,County Championship Division Two 2026,2,50,Lancashire Men,38,Middlesex Men,8754056,2026-09-03T13:02:41Z,5,65,False,,,,1739.0,Toby Roland-Jones,1014.0,Marcus Harris,11452.0,Matty Hurst,19.0,51.0,Left,Backward Point,0.0,0,0.0,0.0,,LengthBall,OutsideOff,,MisTimed,FrontFoot,ForwardDefensive,SeamIn,Round,Medium,Right,Null,NotReferred,Null,False,False,False,False,False,True,,False,False,False,False,False,False,0.0,0.0,0.0,0.0,0.0,False,False
1638154,11,1.82,8,0,0,20,2,8,76299,,39456,County Championship Division Two 2026,2,50,Lancashire Men,38,Middlesex Men,8754065,2026-09-03T13:03:12Z,6,66,False,,,,1739.0,Toby Roland-Jones,1014.0,Marcus Harris,11452.0,Matty Hurst,69.0,161.0,Left,,4.0,0,4.0,4.0,,LengthBall,OutsideOff,,OutsideEdge,FrontFoot,Drive,SeamAway,Round,Medium,Right,Null,NotReferred,Null,False,False,False,False,False,True,,False,False,False,False,False,False,4.0,0.0,0.0,0.0,0.0,True,False
1638166,12,2.0,4,0,0,24,2,4,76299,,39456,County Championship Division Two 2026,2,50,Lancashire Men,38,Middlesex Men,8754075,2026-09-03T13:04:00Z,1,67,False,,,,2683.0,Tom Helm,11452.0,Matty Hurst,1014.0,Marcus Harris,190.0,172.0,Right,,4.0,0,4.0,4.0,,BackOfALength,OutsideOff,,WellTimed,BackFoot,Drive,NoMovement,Over,FastSeam,Right,Null,NotReferred,Null,False,False,False,False,False,True,,False,False,False,False,False,False,4.0,0.0,0.0,0.0,0.0,True,False
1638166,12,2.0,4,0,0,24,2,4,76299,,39456,County Championship Division Two 2026,2,50,Lancashire Men,38,Middlesex Men,8754083,2026-09-03T13:04:39Z,2,68,False,,,,2683.0,Tom Helm,11452.0,Matty Hurst,1014.0,Marcus Harris,,,Right,Bowler,0.0,0,0.0,0.0,,LengthBall,OutsideOff,,None,FrontFoot,ForwardDefensive,NoMovement,Over,FastSeam,Right,Null,NotReferred,Null,False,False,False,False,False,True,,False,False,False,False,False,False,0.0,0.0,0.0,0.0,0.0,False,False
1638166,12,2.0,4,0,0,24,2,4,76299,,39456,County Championship Division Two 2026,2,50,Lancashire Men,38,Middlesex Men,8754093,2026-09-03T13:05:13Z,3,69,False,,,,2683.0,Tom Helm,11452.0,Matty Hurst,1014.0,Marcus Harris,221.0,58.0,Right,Extra Cover,0.0,0,0.0,0.0,,LengthBall,OutsideOff,,None,FrontFoot,ForwardDefensive,NoMovement,Over,FastSeam,Right,Null,NotReferred,Null,False,False,False,False,False,True,,False,False,False,False,False,False,0.0,0.0,0.0,0.0,0.0,False,False
1638166,12,2.0,4,0,0,24,2,4,76299,,39456,County Championship Division Two 2026,2,50,Lancashire Men,38,Middlesex Men,8754102,2026-09-03T13:05:45Z,4,70,False,,,,2683.0,Tom Helm,11452.0,Matty Hurst,1014.0,Marcus Harris,,,Right,Wicketkeeper,0.0,0,0.0,0.0,,LengthBall,OutsideOff,,Left,FrontFoot,Leave,SeamAway,Over,FastSeam,Right,Null,NotReferred,Null,False,False,False,False,False,True,,False,False,False,False,False,False,0.0,0.0,0.0,0.0,0.0,False,False
1638166,12,2.0,4,0,0,24,2,4,76299,,39456,County Championship Division Two 2026,2,50,Lancashire Men,38,Middlesex Men,8754111,2026-09-03T13:06:19Z,5,71,False,,,,2683.0,Tom Helm,11452.0,Matty Hurst,1014.0,Marcus Harris,,,Right,Wicketkeeper,0.0,0,0.0,0.0,,LengthBall,MiddleStump,,PlayAndMissLegSide,BackFoot,Glance,SeamIn,Over,FastSeam,Right,Null,NotReferred,Null,False,False,False,False,False,True,,False,False,False,False,False,False,0.0,0.0,0.0,0.0,0.0,False,False
1638166,12,2.0,4,0,0,24,2,4,76299,,39456,County Championship Division Two 2026,2,50,Lancashire Men,38,Middlesex Men,8754116,2026-09-03T13:06:54Z,6,72,False,,,,2683.0,Tom Helm,11452.0,Matty Hurst,1014.0,Marcus Harris,241.0,53.0,Right,Mid Off,0.0,0,0.0,0.0,,LengthBall,OutsideOff,,None,FrontFoot,Drive,NoMovement,Over,FastSeam,Right,Null,NotReferred,Null,False,False,False,False,False,True,,False,False,False,False,False,False,0.0,0.0,0.0,0.0,0.0,False,False
1638180,13,2.0,2,0,0,26,2,2,76299,,39456,County Championship Division Two 2026,2,50,Lancashire Men,38,Middlesex Men,8754155,2026-09-03T13:08:31Z,1,73,False,,,,39.0,Ryan Higgins,1014.0,Marcus Harris,11452.0,Matty Hurst,216.0,50.0,Left,Mid Wicket,0.0,0,0.0,0.0,,LengthBall,OffStump,,None,FrontFoot,Flick,NoMovement,Round,Medium,Right,Null,NotReferred,Null,False,False,False,False,False,True,,False,False,False,False,False,False,0.0,0.0,0.0,0.0,0.0,False,False
1638180,13,2.0,2,0,0,26,2,2,76299,,39456,County Championship Division Two 2026,2,50,Lancashire Men,38,Middlesex Men,8754163,2026-09-03T13:09:04Z,2,74,False,,,,39.0,Ryan Higgins,1014.0,Marcus Harris,11452.0,Matty Hurst,339.0,48.0,Left,Cover,0.0,0,0.0,0.0,,BackOfALength,OutsideOff,,None,BackFoot,BackwardDefensive,NoMovement,Round,Medium,Right,Null,NotReferred,Null,False,False,False,False,False,True,,False,False,False,False,False,False,0.0,0.0,0.0,0.0,0.0,False,False
1638180,13,2.0,2,0,0,26,2,2,76299,,39456,County Championship Division Two 2026,2,50,Lancashire Men,38,Middlesex Men,8754177,2026-09-03T13:09:36Z,3,75,False,,,,39.0,Ryan Higgins,1014.0,Marcus Harris,11452.0,Matty Hurst,,,Left,Wicketkeeper,0.0,0,0.0,0.0,,LengthBall,OutsideOff,,Left,FrontFoot,Leave,NoMovement,Round,Medium,Right,Null,NotReferred,Null,False,False,False,False,False,True,,False,False,False,False,False,False,0.0,0.0,0.0,0.0,0.0,False,False
1638180,13,2.0,2,0,0,26,2,2,76299,,39456,County Championship Division Two 2026,2,50,Lancashire Men,38,Middlesex Men,8754184,2026-09-03T13:10:09Z,4,76,False,,,,39.0,Ryan Higgins,1014.0,Marcus Harris,11452.0,Matty Hurst,194.0,128.0,Left,Deep Square Leg,2.0,0,2.0,2.0,,LengthBall,OutsideOff,,WellTimed,FrontFoot,Pushed,NoMovement,Round,Medium,Right,Null,NotReferred,Null,False,False,False,False,False,True,,False,False,False,False,False,False,2.0,0.0,0.0,0.0,0.0,False,False
1638180,13,2.0,2,0,0,26,2,2,76299,,39456,County Championship Division Two 2026,2,50,Lancashire Men,38,Middlesex Men,8754191,2026-09-03T13:10:44Z,5,77,False,,,,39.0,Ryan Higgins,1014.0,Marcus Harris,11452.0,Matty Hurst,,,Left,Wicketkeeper,0.0,0,0.0,0.0,,BackOfALength,OutsideOff,,Left,FrontFoot,Leave,SeamAway,Round,Medium,Right,Null,NotReferred,Null,False,False,False,False,False,True,,False,False,False,False,False,False,0.0,0.0,0.0,0.0,0.0,False,False
1638180,13,2.0,2,0,0,26,2,2,76299,,39456,County Championship Division Two 2026,2,50,Lancashire Men,38,Middlesex Men,8754207,2026-09-03T13:11:16Z,6,78,False,,,,39.0,Ryan Higgins,1014.0,Marcus Harris,11452.0,Matty Hurst,344.0,50.0,Left,Cover,0.0,0,0.0,0.0,,LengthBall,OutsideOff,,LeadingEdge,FrontFoot,ForwardDefensive,InSwinger,Round,Medium,Right,Null,NotReferred,Null,False,False,False,False,False,True,,False,False,False,False,False,False,0.0,0.0,0.0,0.0,0.0,False,False
1638194,14,2.21,5,0,0,31,2,5,76299,,39456,County Championship Division Two 2026,2,50,Lancashire Men,38,Middlesex Men,8754236,2026-09-03T13:12:35Z,1,79,False,,,,15371.0,Naavya Sharma,11452.0,Matty Hurst,1014.0,Marcus Harris,65.0,135.0,Right,Fine Leg,1.0,0,1.0,1.0,,BackOfALength,MiddleStump,,None,BackFoot,Glance,NoMovement,Over,FastSeam,Right,Null,NotReferred,Null,False,False,False,False,False,True,,False,False,False,False,False,False,1.0,0.0,0.0,0.0,0.0,False,False
1638194,14,2.21,5,0,0,31,2,5,76299,,39456,County Championship Division Two 2026,2,50,Lancashire Men,38,Middlesex Men,8754256,2026-09-03T13:13:31Z,2,80,False,,,,15371.0,Naavya Sharma,1014.0,Marcus Harris,11452.0,Matty Hurst,255.0,62.0,Left,Mid On,1.0,0,1.0,1.0,,LengthBall,DownLeg,,None,FrontFoot,ForwardDefensive,NoMovement,Over,FastSeam,Right,Null,NotReferred,Null,False,False,False,False,False,True,,False,False,False,False,False,False,1.0,0.0,0.0,0.0,0.0,False,False
1638194,14,2.21,5,0,0,31,2,5,76299,,39456,County Championship Division Two 2026,2,50,Lancashire Men,38,Middlesex Men,8754266,2026-09-03T13:14:08Z,3,81,False,,,,15371.0,Naavya Sharma,11452.0,Matty Hurst,1014.0,Marcus Harris,53.0,145.0,Right,Fine Leg,1.0,0,1.0,1.0,,LengthBall,MiddleStump,,None,FrontFoot,Glance,NoMovement,Over,FastSeam,Right,Null,NotReferred,Null,False,False,False,False,False,True,,False,False,False,False,False,False,1.0,0.0,0.0,0.0,0.0,False,False
1638194,14,2.21,5,0,0,31,2,5,76299,,39456,County Championship Division Two 2026,2,50,Lancashire Men,38,Middlesex Men,8754283,2026-09-03T13:14:50Z,4,82,False,,,,15371.0,Naavya Sharma,1014.0,Marcus Harris,11452.0,Matty Hurst,263.0,58.0,Left,Mid On,0.0,0,0.0,0.0,,LengthBall,LegStump,,None,FrontFoot,Drive,NoMovement,Over,FastSeam,Right,Null,NotReferred,Null,False,False,False,False,False,True,,False,False,False,False,False,False,0.0,0.0,0.0,0.0,0.0,False,False
1638194,14,2.21,5,0,0,31,2,5,76299,,39456,County Championship Division Two 2026,2,50,Lancashire Men,38,Middlesex Men,8754299,2026-09-03T13:15:26Z,5,83,False,,,,15371.0,Naavya Sharma,1014.0,Marcus Harris,11452.0,Matty Hurst,355.0,140.0,Left,Deep Cover,2.0,0,2.0,2.0,,LengthBall,LegStump,,WellTimed,FrontFoot,Drive,NoMovement,Over,FastSeam,Right,Null,NotReferred,Null,False,False,False,False,False,True,,False,False,False,False,False,False,2.0,0.0,0.0,0.0,0.0,False,False
1638194,14,2.21,5,0,0,31,2,5,76299,,39456,County Championship Division Two 2026,2,50,Lancashire Men,38,Middlesex Men,8754312,2026-09-03T13:16:08Z,6,84,False,,,,15371.0,Naavya Sharma,1014.0,Marcus Harris,11452.0,Matty Hurst,291.0,67.0,Left,Mid Off,0.0,0,0.0,0.0,,LengthBall,MiddleStump,,None,FrontFoot,Drive,NoMovement,Over,FastSeam,Right,Null,NotReferred,Null,False,False,False,False,False,True,,False,False,False,False,False,False,0.0,0.0,0.0,0.0,0.0,False,False
1638209,15,2.27,3,1,0,34,3,3,76299,,39456,County Championship Division Two 2026,2,50,Lancashire Men,38,Middlesex Men,8754330,2026-09-03T13:17:07Z,1,85,False,,,,39.0,Ryan Higgins,11452.0,Matty Hurst,1014.0,Marcus Harris,,,Right,Wicketkeeper,0.0,0,0.0,0.0,,LengthBall,OutsideOff,,Missed,FrontFoot,Drive,AwaySwinger,Over,Medium,Right,Null,NotReferred,Null,False,False,False,False,False,True,,False,False,False,False,False,False,0.0,0.0,0.0,0.0,0.0,False,False
1638209,15,2.27,3,1,0,34,3,3,76299,,39456,County Championship Division Two 2026,2,50,Lancashire Men,38,Middlesex Men,8754348,2026-09-03T13:17:46Z,2,86,False,,,,39.0,Ryan Higgins,11452.0,Matty Hurst,1014.0,Marcus Harris,52.0,120.0,Right,Fine Leg,1.0,0,1.0,1.0,,LengthBall,OffStump,,MisTimed,BackFoot,Glance,SeamIn,Over,Medium,Right,Null,NotReferred,Null,False,False,False,False,False,True,,False,False,False,False,False,False,1.0,0.0,0.0,0.0,0.0,False,False
1638209,15,2.27,3,1,0,34,3,3,76299,,39456,County Championship Division Two 2026,2,50,Lancashire Men,38,Middlesex Men,8754369,2026-09-03T13:18:22Z,3,87,True,Lbw,1014.0,Marcus Harris,39.0,Ryan Higgins,1014.0,Marcus Harris,11452.0,Matty Hurst,,,Left,,0.0,0,0.0,0.0,LBW,LengthBall,OutsideOff,Lbw,HitPad,FrontFoot,Flick,InSwinger,Round,Medium,Right,Null,NotReferred,Null,False,False,False,False,False,True,1861.0,False,False,False,False,False,False,0.0,0.0,0.0,0.0,0.0,False,False
1638209,15,2.27,3,1,0,34,3,3,76299,,39456,County Championship Division Two 2026,2,50,Lancashire Men,38,Middlesex Men,8754398,2026-09-03T13:20:27Z,4,88,False,,,,39.0,Ryan Higgins,15279.0,Rocky Flintoff,11452.0,Matty Hurst,155.0,48.0,Right,Backward Point,0.0,0,0.0,0.0,,LengthBall,OutsideOff,,None,FrontFoot,ForwardDefensive,NoMovement,Over,Medium,Right,Null,NotReferred,Null,False,False,False,False,False,True,,False,False,False,False,False,False,0.0,0.0,0.0,0.0,0.0,False,False
1638209,15,2.27,3,1,0,34,3,3,76299,,39456,County Championship Division Two 2026,2,50,Lancashire Men,38,Middlesex Men,8754408,2026-09-03T13:20:56Z,5,89,False,,,,39.0,Ryan Higgins,15279.0,Rocky Flintoff,11452.0,Matty Hurst,158.0,122.0,Right,Deep Backward Point,2.0,0,2.0,2.0,,LengthBall,OutsideOff,,OutsideEdge,FrontFoot,Drive,AwaySwinger,Over,Medium,Right,Null,NotReferred,Null,False,False,False,False,False,True,,False,False,False,False,False,False,2.0,0.0,0.0,0.0,0.0,False,False
1638209,15,2.27,3,1,0,34,3,3,76299,,39456,County Championship Division Two 2026,2,50,Lancashire Men,38,Middlesex Men,8754422,2026-09-03T13:21:34Z,6,90,False,,,,39.0,Ryan Higgins,15279.0,Rocky Flintoff,11452.0,Matty Hurst,203.0,53.0,Right,Cover,0.0,0,0.0,0.0,,LengthBall,OutsideOff,,None,FrontFoot,ForwardDefensive,NoMovement,Over,Medium,Right,Null,NotReferred,Null,False,False,False,False,False,True,,False,False,False,False,False,False,0.0,0.0,0.0,0.0,0.0,False,False
1638228,16,2.19,1,1,0,35,4,1,76299,,39456,County Championship Division Two 2026,2,50,Lancashire Men,38,Middlesex Men,8754442,2026-09-03T13:22:22Z,1,91,False,,,,15371.0,Naavya Sharma,11452.0,Matty Hurst,15279.0,Rocky Flintoff,113.0,35.0,Right,Third Slip,0.0,0,0.0,0.0,,BackOfALength,OutsideOff,,OutsideEdge,BackFoot,BackwardDefensive,SeamAway,Over,FastSeam,Right,Null,NotReferred,Null,False,False,False,False,False,True,,False,False,False,False,False,False,0.0,0.0,0.0,0.0,0.0,False,False
1638228,16,2.19,1,1,0,35,4,1,76299,,39456,County Championship Division Two 2026,2,50,Lancashire Men,38,Middlesex Men,8754457,2026-09-03T13:22:57Z,2,92,False,,,,15371.0,Naavya Sharma,11452.0,Matty Hurst,15279.0,Rocky Flintoff,,,Right,Wicketkeeper,0.0,0,0.0,0.0,,BackOfALength,OutsideOff,,Left,FrontFoot,Leave,SeamIn,Over,FastSeam,Right,Null,NotReferred,Null,False,False,False,False,False,True,,False,False,False,False,False,False,0.0,0.0,0.0,0.0,0.0,False,False
1638228,16,2.19,1,1,0,35,4,1,76299,,39456,County Championship Division Two 2026,2,50,Lancashire Men,38,Middlesex Men,8754465,2026-09-03T13:23:36Z,3,93,False,,,,15371.0,Naavya Sharma,11452.0,Matty Hurst,15279.0,Rocky Flintoff,170.0,99.0,Right,Backward Point,1.0,0,1.0,1.0,,BackOfALength,OutsideOff,,WellTimed,BackFoot,Cut,NoMovement,Over,FastSeam,Right,Null,NotReferred,Null,False,False,False,False,False,True,,False,False,False,False,False,False,1.0,0.0,0.0,0.0,0.0,False,False
1638228,16,2.19,1,1,0,35,4,1,76299,,39456,County Championship Division Two 2026,2,50,Lancashire Men,38,Middlesex Men,8754492,2026-09-03T13:24:21Z,4,94,True,Bowled,15279.0,Rocky Flintoff,15371.0,Naavya Sharma,15279.0,Rocky Flintoff,11452.0,Matty Hurst,,,Right,,0.0,0,0.0,0.0,Bowled,LengthBall,OutsideOff,Bowled,Missed,FrontFoot,ForwardDefensive,SeamIn,Over,FastSeam,Right,Null,NotReferred,Null,False,False,False,False,False,True,1815.0,False,False,False,False,False,False,0.0,0.0,0.0,0.0,0.0,False,False
1638228,16,2.19,1,1,0,35,4,1,76299,,39456,County Championship Division Two 2026,2,50,Lancashire Men,38,Middlesex Men,8754525,2026-09-03T13:26:27Z,5,95,False,,,,15371.0,Naavya Sharma,16953.0,Arav Shetty,11452.0,Matty Hurst,,,Right,Wicketkeeper,0.0,0,0.0,0.0,,BackOfALength,OutsideOff,,Left,FrontFoot,Leave,NoMovement,Over,FastSeam,Right,Null,NotReferred,Null,False,False,False,False,False,True,,False,False,False,False,False,False,0.0,0.0,0.0,0.0,0.0,False,False
1638228,16,2.19,1,1,0,35,4,1,76299,,39456,County Championship Division Two 2026,2,50,Lancashire Men,38,Middlesex Men,8754546,2026-09-03T13:27:11Z,6,96,False,,,,15371.0,Naavya Sharma,16953.0,Arav Shetty,11452.0,Matty Hurst,227.0,52.0,Right,Extra Cover,0.0,0,0.0,0.0,,LengthBall,OutsideOff,,None,FrontFoot,ForwardDefensive,NoMovement,Over,FastSeam,Right,Null,NotReferred,Null,False,False,False,False,False,True,,False,False,False,False,False,False,0.0,0.0,0.0,0.0,0.0,False,False
1638249,17,2.35,5,0,0,40,4,5,76299,,39456,County Championship Division Two 2026,2,50,Lancashire Men,38,Middlesex Men,8754570,2026-09-03T13:27:58Z,1,97,False,,,,39.0,Ryan Higgins,11452.0,Matty Hurst,16953.0,Arav Shetty,350.0,54.0,Right,Square Leg,0.0,0,0.0,0.0,,LengthBall,OutsideOff,,Spliced,FrontFoot,ForwardDefensive,SeamIn,Over,Medium,Right,Null,NotReferred,Null,False,False,False,False,False,True,,False,False,False,False,False,False,0.0,0.0,0.0,0.0,0.0,False,False
1638249,17,2.35,5,0,0,40,4,5,76299,,39456,County Championship Division Two 2026,2,50,Lancashire Men,38,Middlesex Men,8754578,2026-09-03T13:28:23Z,2,98,False,,,,39.0,Ryan Higgins,11452.0,Matty Hurst,16953.0,Arav Shetty,283.0,66.0,Right,Mid On,0.0,0,0.0,0.0,,LengthBall,OffStump,,None,FrontFoot,ForwardDefensive,NoMovement,Over,Medium,Right,Null,NotReferred,Null,False,False,False,False,False,True,,False,False,False,False,False,False,0.0,0.0,0.0,0.0,0.0,False,False
1638249,17,2.35,5,0,0,40,4,5,76299,,39456,County Championship Division Two 2026,2,50,Lancashire Men,38,Middlesex Men,8754585,2026-09-03T13:28:54Z,3,99,False,,,,39.0,Ryan Higgins,11452.0,Matty Hurst,16953.0,Arav Shetty,188.0,171.0,Right,,4.0,0,4.0,4.0,,LengthBall,OutsideOff,,WellTimed,FrontFoot,Drive,NoMovement,Over,Medium,Right,Null,NotReferred,Null,False,False,False,False,False,True,,False,False,False,False,False,False,4.0,0.0,0.0,0.0,0.0,True,False
1638249,17,2.35,5,0,0,40,4,5,76299,,39456,County Championship Division Two 2026,2,50,Lancashire Men,38,Middlesex Men,8754605,2026-09-03T13:29:27Z,4,100,False,,,,39.0,Ryan Higgins,11452.0,Matty Hurst,16953.0,Arav Shetty,,,Right,,0.0,0,0.0,0.0,,LengthBall,OutsideOff,Lbw,HitPad,FrontFoot,ForwardDefensive,SeamIn,Over,Medium,Right,Null,NotReferred,Null,False,False,False,False,False,True,1861.0,False,False,False,False,False,False,0.0,0.0,0.0,0.0,0.0,False,False
1638249,17,2.35,5,0,0,40,4,5,76299,,39456,County Championship Division Two 2026,2,50,Lancashire Men,38,Middlesex Men,8754610,2026-09-03T13:30:06Z,5,101,False,,,,39.0,Ryan Higgins,11452.0,Matty Hurst,16953.0,Arav Shetty,,,Right,Bowler,0.0,0,0.0,0.0,,LengthBall,OutsideOff,,None,FrontFoot,Drive,NoMovement,Over,Medium,Right,Null,NotReferred,Null,False,False,False,False,False,True,,False,False,False,False,False,False,0.0,0.0,0.0,0.0,0.0,False,False
1638249,17,2.35,5,0,0,40,4,5,76299,,39456,County Championship Division Two 2026,2,50,Lancashire Men,38,Middlesex Men,8754625,2026-09-03T13:30:45Z,6,102,False,,,,39.0,Ryan Higgins,11452.0,Matty Hurst,16953.0,Arav Shetty,6.0,147.0,Right,Deep Backward Square Leg,1.0,0,1.0,1.0,,Short,OutsideOff,,None,BackFoot,Pull,NoMovement,Over,Medium,Right,Null,NotReferred,Null,False,False,False,False,False,True,,False,False,False,False,False,False,1.0,0.0,0.0,0.0,0.0,False,False
1638264,18,2.33,2,0,0,42,4,2,76299,,39456,County Championship Division Two 2026,2,50,Lancashire Men,38,Middlesex Men,8754649,2026-09-03T13:31:38Z,1,103,False,,,,15371.0,Naavya Sharma,11452.0,Matty Hurst,16953.0,Arav Shetty,,,Right,Bowler,0.0,0,0.0,0.0,,BackOfALength,OutsideOff,,None,BackFoot,BackwardDefensive,NoMovement,Over,FastSeam,Right,Null,NotReferred,Null,False,False,False,False,False,True,,False,False,False,False,False,False,0.0,0.0,0.0,0.0,0.0,False,False
1638264,18,2.33,2,0,0,42,4,2,76299,,39456,County Championship Division Two 2026,2,50,Lancashire Men,38,Middlesex Men,8754670,2026-09-03T13:32:12Z,2,104,False,,,,15371.0,Naavya Sharma,11452.0,Matty Hurst,16953.0,Arav Shetty,159.0,141.0,Right,Deep Backward Point,1.0,0,1.0,1.0,,BackOfALength,OutsideOff,,None,BackFoot,Cut,NoMovement,Over,FastSeam,Right,Null,NotReferred,Null,False,False,False,False,False,True,,False,False,False,False,False,False,1.0,0.0,0.0,0.0,0.0,False,False
1638264,18,2.33,2,0,0,42,4,2,76299,,39456,County Championship Division Two 2026,2,50,Lancashire Men,38,Middlesex Men,8754683,2026-09-03T13:32:57Z,3,105,False,,,,15371.0,Naavya Sharma,16953.0,Arav Shetty,11452.0,Matty Hurst,333.0,74.0,Right,Square Leg,1.0,0,1.0,1.0,,LengthBall,OffStump,,None,FrontFoot,Flick,NoMovement,Over,FastSeam,Right,Null,NotReferred,Null,False,False,False,False,False,True,,False,False,False,False,False,False,1.0,0.0,0.0,0.0,0.0,False,False
1638264,18,2.33,2,0,0,42,4,2,76299,,39456,County Championship Division Two 2026,2,50,Lancashire Men,38,Middlesex Men,8754696,2026-09-03T13:33:32Z,4,106,False,,,,15371.0,Naavya Sharma,11452.0,Matty Hurst,16953.0,Arav Shetty,,,Right,Wicketkeeper,0.0,0,0.0,0.0,,BackOfALength,OutsideOff,,Left,FrontFoot,Leave,SeamIn,Over,FastSeam,Right,Null,NotReferred,Null,False,False,False,False,False,True,,False,False,False,False,False,False,0.0,0.0,0.0,0.0,0.0,False,False
1638264,18,2.33,2,0,0,42,4,2,76299,,39456,County Championship Division Two 2026,2,50,Lancashire Men,38,Middlesex Men,8754712,2026-09-03T13:34:12Z,5,107,False,,,,15371.0,Naavya Sharma,11452.0,Matty Hurst,16953.0,Arav Shetty,249.0,52.0,Right,Mid Off,0.0,0,0.0,0.0,,BackOfALength,OutsideOff,,None,BackFoot,BackwardDefensive,NoMovement,Over,FastSeam,Right,Null,NotReferred,Null,False,False,False,False,False,True,,False,False,False,False,False,False,0.0,0.0,0.0,0.0,0.0,False,False
1638264,18,2.33,2,0,0,42,4,2,76299,,39456,County Championship Division Two 2026,2,50,Lancashire Men,38,Middlesex Men,8754730,2026-09-03T13:34:49Z,6,108,False,,,,15371.0,Naavya Sharma,11452.0,Matty Hurst,16953.0,Arav Shetty,,,Right,,0.0,0,0.0,0.0,,LengthBall,OutsideOff,Lbw,HitPad,FrontFoot,Drive,SeamIn,Over,FastSeam,Right,Null,NotReferred,Null,False,False,False,False,False,True,1815.0,False,False,False,False,False,False,0.0,0.0,0.0,0.0,0.0,False,False
1638279,19,2.74,10,0,0,52,4,10,76299,,39456,County Championship Division Two 2026,2,50,Lancashire Men,38,Middlesex Men,8754752,2026-09-03T13:35:54Z,1,109,False,,,,39.0,Ryan Higgins,16953.0,Arav Shetty,11452.0,Matty Hurst,23.0,144.0,Right,Deep Backward Square Leg,2.0,0,2.0,2.0,,LengthBall,OutsideOff,,InsideEdge,FrontFoot,Drive,InSwinger,Over,Medium,Right,Null,NotReferred,Null,False,False,False,False,False,True,,False,False,False,False,False,False,2.0,0.0,0.0,0.0,0.0,False,False
1638279,19,2.74,10,0,0,52,4,10,76299,,39456,County Championship Division Two 2026,2,50,Lancashire Men,38,Middlesex Men,8754762,2026-09-03T13:36:29Z,2,110,False,,,,39.0,Ryan Higgins,16953.0,Arav Shetty,11452.0,Matty Hurst,172.0,58.0,Right,Backward Point,0.0,0,0.0,0.0,,LengthBall,OutsideOff,,None,FrontFoot,ForwardDefensive,NoMovement,Over,Medium,Right,Null,NotReferred,Null,False,False,False,False,False,True,,False,False,False,False,False,False,0.0,0.0,0.0,0.0,0.0,False,False
1638279,19,2.74,10,0,0,52,4,10,76299,,39456,County Championship Division Two 2026,2,50,Lancashire Men,38,Middlesex Men,8754778,2026-09-03T13:36:57Z,3,111,False,,,,39.0,Ryan Higgins,16953.0,Arav Shetty,11452.0,Matty Hurst,260.0,61.0,Right,Mid Off,0.0,0,0.0,0.0,,LengthBall,OutsideOff,,None,FrontFoot,ForwardDefensive,InSwinger,Over,Medium,Right,Null,NotReferred,Null,False,False,False,False,False,True,,False,False,False,False,False,False,0.0,0.0,0.0,0.0,0.0,False,False
1638279,19,2.74,10,0,0,52,4,10,76299,,39456,County Championship Division Two 2026,2,50,Lancashire Men,38,Middlesex Men,8754785,2026-09-03T13:37:30Z,4,112,False,,,,39.0,Ryan Higgins,16953.0,Arav Shetty,11452.0,Matty Hurst,201.0,49.0,Right,Cover,0.0,0,0.0,0.0,,LengthBall,OutsideOff,,None,FrontFoot,ForwardDefensive,NoMovement,Over,Medium,Right,Null,NotReferred,Null,False,False,False,False,False,True,,False,False,False,False,False,False,0.0,0.0,0.0,0.0,0.0,False,False
1638279,19,2.74,10,0,0,52,4,10,76299,,39456,County Championship Division Two 2026,2,50,Lancashire Men,38,Middlesex Men,8754796,2026-09-03T13:37:59Z,5,113,False,,,,39.0,Ryan Higgins,16953.0,Arav Shetty,11452.0,Matty Hurst,187.0,171.0,Right,,4.0,0,4.0,4.0,,LengthBall,OutsideOff,,WellTimed,FrontFoot,Drive,NoMovement,Over,Medium,Right,Null,NotReferred,Null,False,False,False,False,False,True,,False,False,False,False,False,False,4.0,0.0,0.0,0.0,0.0,True,False
1638279,19,2.74,10,0,0,52,4,10,76299,,39456,County Championship Division Two 2026,2,50,Lancashire Men,38,Middlesex Men,8754809,2026-09-03T13:38:39Z,6,114,False,,,,39.0,Ryan Higgins,16953.0,Arav Shetty,11452.0,Matty Hurst,19.0,167.0,Right,,4.0,0,4.0,4.0,,BackOfALength,OutsideOff,,WellTimed,BackFoot,Pull,NoMovement,Over,Medium,Right,Null,NotReferred,Null,False,False,False,False,False,True,,False,False,False,False,False,False,4.0,0.0,0.0,0.0,0.0,True,False
1638295,20,3.05,9,0,0,61,4,9,76299,,39456,County Championship Division Two 2026,2,50,Lancashire Men,38,Middlesex Men,8754835,2026-09-03T13:39:26Z,1,115,False,,,,15371.0,Naavya Sharma,11452.0,Matty Hurst,16953.0,Arav Shetty,45.0,136.0,Right,Fine Leg,2.0,0,2.0,2.0,,LengthBall,MiddleStump,,MisTimed,FrontFoot,Glance,SeamIn,Over,FastSeam,Right,Null,NotReferred,Null,False,False,False,False,False,True,,False,False,False,False,False,False,2.0,0.0,0.0,0.0,0.0,False,False
1638295,20,3.05,9,0,0,61,4,9,76299,,39456,County Championship Division Two 2026,2,50,Lancashire Men,38,Middlesex Men,8754849,2026-09-03T13:40:10Z,2,116,False,,,,15371.0,Naavya Sharma,11452.0,Matty Hurst,16953.0,Arav Shetty,,,Right,Bowler,0.0,0,0.0,0.0,,LengthBall,OutsideOff,,None,FrontFoot,Drive,NoMovement,Over,FastSeam,Right,Null,NotReferred,Null,False,False,False,False,False,True,,False,False,False,False,False,False,0.0,0.0,0.0,0.0,0.0,False,False
1638295,20,3.05,9,0,0,61,4,9,76299,,39456,County Championship Division Two 2026,2,50,Lancashire Men,38,Middlesex Men,8754907,2026-09-03T13:42:53Z,3,117,False,,,,15371.0,Naavya Sharma,11452.0,Matty Hurst,16953.0,Arav Shetty,353.0,51.0,Right,Square Leg,0.0,0,0.0,0.0,,LengthBall,OffStump,,None,FrontFoot,ForwardDefensive,NoMovement,Over,FastSeam,Right,Null,NotReferred,Null,False,False,False,False,False,True,,False,False,False,False,False,False,0.0,0.0,0.0,0.0,0.0,False,False
1638295,20,3.05,9,0,0,61,4,9,76299,,39456,County Championship Division Two 2026,2,50,Lancashire Men,38,Middlesex Men,8754924,2026-09-03T13:43:30Z,4,118,False,,,,15371.0,Naavya Sharma,11452.0,Matty Hurst,16953.0,Arav Shetty,192.0,51.0,Right,Cover,1.0,0,1.0,1.0,,BackOfALength,OutsideOff,,None,BackFoot,Dropped,NoMovement,Over,FastSeam,Right,Null,NotReferred,Null,False,False,False,False,False,True,,False,False,False,False,False,False,1.0,0.0,0.0,0.0,0.0,False,False
1638295,20,3.05,9,0,0,61,4,9,76299,,39456,County Championship Division Two 2026,2,50,Lancashire Men,38,Middlesex Men,8754952,2026-09-03T13:44:14Z,5,119,False,,,,15371.0,Naavya Sharma,16953.0,Arav Shetty,11452.0,Matty Hurst,,,Right,Bowler,0.0,0,0.0,0.0,,LengthBall,OutsideOff,,None,FrontFoot,ForwardDefensive,SeamIn,Over,FastSeam,Right,Null,NotReferred,Null,False,False,False,False,False,True,,False,False,False,False,False,False,0.0,0.0,0.0,0.0,0.0,False,False
1638295,20,3.05,9,0,0,61,4,9,76299,,39456,County Championship Division Two 2026,2,50,Lancashire Men,38,Middlesex Men,8754960,2026-09-03T13:44:54Z,6,120,False,,,,15371.0,Naavya Sharma,11452.0,Matty Hurst,16953.0,Arav Shetty,42.0,163.0,Right,,6.0,0,6.0,6.0,,LengthBall,MiddleStump,,WellTimed,FrontFoot,Flick,NoMovement,Over,FastSeam,Right,Null,NotReferred,Null,False,False,False,False,True,True,,False,False,False,False,False,False,6.0,0.0,0.0,0.0,0.0,True,False
1638323,21,2.9,0,0,0,61,4,0,76299,,39456,County Championship Division Two 2026,2,50,Lancashire Men,38,Middlesex Men,8755003,2026-09-03T13:46:27Z,1,121,False,,,,39.0,Ryan Higgins,11452.0,Matty Hurst,16953.0,Arav Shetty,110.0,35.0,Right,Second Slip,0.0,0,0.0,0.0,,LengthBall,OutsideOff,,OutsideEdge,FrontFoot,ForwardDefensive,AwaySwinger,Over,Medium,Right,Null,NotReferred,Null,False,False,False,False,False,True,,False,False,False,False,False,False,0.0,0.0,0.0,0.0,0.0,False,False
1638323,21,2.9,0,0,0,61,4,0,76299,,39456,County Championship Division Two 2026,2,50,Lancashire Men,38,Middlesex Men,8755007,2026-09-03T13:47:02Z,2,122,False,,,,39.0,Ryan Higgins,11452.0,Matty Hurst,16953.0,Arav Shetty,,,Right,Wicketkeeper,0.0,0,0.0,0.0,,LengthBall,OutsideOff,,Missed,FrontFoot,ForwardDefensive,AwaySwinger,Over,Medium,Right,Null,NotReferred,Null,False,False,False,False,False,True,,False,False,False,False,False,False,0.0,0.0,0.0,0.0,0.0,False,False
1638323,21,2.9,0,0,0,61,4,0,76299,,39456,County Championship Division Two 2026,2,50,Lancashire Men,38,Middlesex Men,8755022,2026-09-03T13:47:23Z,3,123,False,,,,39.0,Ryan Higgins,11452.0,Matty Hurst,16953.0,Arav Shetty,350.0,19.0,Right,Square Leg,0.0,0,0.0,0.0,,LengthBall,OutsideOff,,None,FrontFoot,ForwardDefensive,NoMovement,Over,Medium,Right,Null,NotReferred,Null,False,False,False,False,False,True,,False,False,False,False,False,False,0.0,0.0,0.0,0.0,0.0,False,False
1638323,21,2.9,0,0,0,61,4,0,76299,,39456,County Championship Division Two 2026,2,50,Lancashire Men,38,Middlesex Men,8755034,2026-09-03T13:47:54Z,4,124,False,,,,39.0,Ryan Higgins,11452.0,Matty Hurst,16953.0,Arav Shetty,182.0,55.0,Right,Cover,0.0,0,0.0,0.0,,LengthBall,OutsideOff,,None,FrontFoot,ForwardDefensive,NoMovement,Over,Medium,Right,Null,NotReferred,Null,False,False,False,False,False,True,,False,False,False,False,False,False,0.0,0.0,0.0,0.0,0.0,False,False
1638323,21,2.9,0,0,0,61,4,0,76299,,39456,County Championship Division Two 2026,2,50,Lancashire Men,38,Middlesex Men,8755044,2026-09-03T13:48:24Z,5,125,False,,,,39.0,Ryan Higgins,11452.0,Matty Hurst,16953.0,Arav Shetty,,,Right,Wicketkeeper,0.0,0,0.0,0.0,,LengthBall,OutsideOff,,Missed,FrontFoot,ForwardDefensive,AwaySwinger,Over,Medium,Right,Null,NotReferred,Null,False,False,False,False,False,True,,False,False,False,False,False,False,0.0,0.0,0.0,0.0,0.0,False,False
1638323,21,2.9,0,0,0,61,4,0,76299,,39456,County Championship Division Two 2026,2,50,Lancashire Men,38,Middlesex Men,8755063,2026-09-03T13:48:54Z,6,126,False,,,,39.0,Ryan Higgins,11452.0,Matty Hurst,16953.0,Arav Shetty,,,Right,Wicketkeeper,0.0,0,0.0,0.0,,HalfVolley,OutsideOff,,InsideEdge,FrontFoot,Drive,InSwinger,Over,Medium,Right,Null,NotReferred,Null,False,False,False,False,False,True,,False,False,False,False,False,False,0.0,0.0,0.0,0.0,0.0,False,False
1638333,22,3.0,5,0,0,66,4,5,76299,,39456,County Championship Division Two 2026,2,50,Lancashire Men,38,Middlesex Men,8755077,2026-09-03T13:49:45Z,1,127,False,,,,15371.0,Naavya Sharma,16953.0,Arav Shetty,11452.0,Matty Hurst,170.0,68.0,Right,Backward Point,0.0,0,0.0,0.0,,BackOfALength,OutsideOff,,None,BackFoot,Cut,NoMovement,Over,FastSeam,Right,Null,NotReferred,Null,False,False,False,False,False,True,,False,False,False,False,False,False,0.0,0.0,0.0,0.0,0.0,False,False
1638333,22,3.0,5,0,0,66,4,5,76299,,39456,County Championship Division Two 2026,2,50,Lancashire Men,38,Middlesex Men,8755095,2026-09-03T13:50:28Z,2,128,False,,,,15371.0,Naavya Sharma,16953.0,Arav Shetty,11452.0,Matty Hurst,55.0,29.0,Right,Short Fine Leg,0.0,1,1.0,0.0,,LengthBall,LegStump,,PlayAndMissLegSide,BackFoot,Glance,SeamIn,Over,FastSeam,Right,Null,NotReferred,Null,False,False,True,False,False,True,,False,False,False,False,False,False,1.0,1.0,0.0,0.0,0.0,False,False
1638333,22,3.0,5,0,0,66,4,5,76299,,39456,County Championship Division Two 2026,2,50,Lancashire Men,38,Middlesex Men,8755116,2026-09-03T13:51:14Z,3,129,False,,,,15371.0,Naavya Sharma,11452.0,Matty Hurst,16953.0,Arav Shetty,170.0,66.0,Right,Backward Point,0.0,0,0.0,0.0,,LengthBall,OutsideOff,,LeadingEdge,FrontFoot,Flick,SeamIn,Over,FastSeam,Right,Null,NotReferred,Null,False,False,False,False,False,True,,False,False,False,False,False,False,0.0,0.0,0.0,0.0,0.0,False,False
1638333,22,3.0,5,0,0,66,4,5,76299,,39456,County Championship Division Two 2026,2,50,Lancashire Men,38,Middlesex Men,8755131,2026-09-03T13:51:49Z,4,130,False,,,,15371.0,Naavya Sharma,11452.0,Matty Hurst,16953.0,Arav Shetty,225.0,48.0,Right,Extra Cover,0.0,0,0.0,0.0,,BackOfALength,OutsideOff,,None,BackFoot,Dropped,NoMovement,Over,FastSeam,Right,Null,NotReferred,Null,False,False,False,False,False,True,,False,False,False,False,False,False,0.0,0.0,0.0,0.0,0.0,False,False
1638333,22,3.0,5,0,0,66,4,5,76299,,39456,County Championship Division Two 2026,2,50,Lancashire Men,38,Middlesex Men,8755142,2026-09-03T13:52:29Z,5,131,False,,,,15371.0,Naavya Sharma,11452.0,Matty Hurst,16953.0,Arav Shetty,77.0,160.0,Right,,4.0,0,4.0,4.0,,LengthBall,OutsideOff,,InsideEdge,FrontFoot,Drive,SeamIn,Over,FastSeam,Right,Null,NotReferred,Null,False,False,False,False,False,True,,False,False,False,False,False,False,4.0,0.0,0.0,0.0,0.0,True,False
1638333,22,3.0,5,0,0,66,4,5,76299,,39456,County Championship Division Two 2026,2,50,Lancashire Men,38,Middlesex Men,8755162,2026-09-03T13:53:15Z,6,132,False,,,,15371.0,Naavya Sharma,11452.0,Matty Hurst,16953.0,Arav Shetty,,,Right,Wicketkeeper,0.0,0,0.0,0.0,,BackOfALength,OffStump,,PlayAndMissLegSide,BackFoot,Glance,SeamIn,Over,FastSeam,Right,Null,NotReferred,Null,False,False,False,False,False,True,,False,False,False,False,False,False,0.0,0.0,0.0,0.0,0.0,False,False
1638350,23,3.13,6,0,0,72,4,6,76299,,39456,County Championship Division Two 2026,2,50,Lancashire Men,38,Middlesex Men,8755180,2026-09-03T13:54:15Z,1,133,False,,,,39.0,Ryan Higgins,16953.0,Arav Shetty,11452.0,Matty Hurst,289.0,96.0,Right,Mid On,1.0,0,1.0,1.0,,HalfVolley,OffStump,,WellTimed,FrontFoot,Drive,NoMovement,Over,Medium,Right,Null,NotReferred,Null,False,False,False,False,False,True,,False,False,False,False,False,False,1.0,0.0,0.0,0.0,0.0,False,False
1638350,23,3.13,6,0,0,72,4,6,76299,,39456,County Championship Division Two 2026,2,50,Lancashire Men,38,Middlesex Men,8755194,2026-09-03T13:54:52Z,2,134,False,,,,39.0,Ryan Higgins,11452.0,Matty Hurst,16953.0,Arav Shetty,16.0,48.0,Right,Backward Square Leg,1.0,0,1.0,1.0,,LengthBall,OutsideOff,,BatPad,FrontFoot,ForwardDefensive,InSwinger,Over,Medium,Right,Null,NotReferred,Null,False,False,False,False,False,True,,False,False,False,False,False,False,1.0,0.0,0.0,0.0,0.0,False,False
1638350,23,3.13,6,0,0,72,4,6,76299,,39456,County Championship Division Two 2026,2,50,Lancashire Men,38,Middlesex Men,8755207,2026-09-03T13:55:22Z,3,135,False,,,,39.0,Ryan Higgins,16953.0,Arav Shetty,11452.0,Matty Hurst,189.0,172.0,Right,,4.0,0,4.0,4.0,,LengthBall,OutsideOff,,WellTimed,BackFoot,Drive,NoMovement,Over,Medium,Right,Null,NotReferred,Null,False,False,False,False,False,True,,False,False,False,False,False,False,4.0,0.0,0.0,0.0,0.0,True,False
1638350,23,3.13,6,0,0,72,4,6,76299,,39456,County Championship Division Two 2026,2,50,Lancashire Men,38,Middlesex Men,8755225,2026-09-03T13:56:29Z,4,136,False,,,,39.0,Ryan Higgins,16953.0,Arav Shetty,11452.0,Matty Hurst,,,Right,Bowler,0.0,0,0.0,0.0,,LengthBall,OutsideOff,,None,FrontFoot,ForwardDefensive,NoMovement,Over,Medium,Right,Null,NotReferred,Null,False,False,False,False,False,True,,False,False,False,False,False,False,0.0,0.0,0.0,0.0,0.0,False,False
1638350,23,3.13,6,0,0,72,4,6,76299,,39456,County Championship Division Two 2026,2,50,Lancashire Men,38,Middlesex Men,8755244,2026-09-03T13:57:08Z,5,137,False,,,,39.0,Ryan Higgins,16953.0,Arav Shetty,11452.0,Matty Hurst,,,Right,Wicketkeeper,0.0,0,0.0,0.0,,LengthBall,OutsideOff,,Left,FrontFoot,Leave,NoMovement,Over,Medium,Right,Null,NotReferred,Null,False,False,False,False,False,True,,False,False,False,False,False,False,0.0,0.0,0.0,0.0,0.0,False,False
1638350,23,3.13,6,0,0,72,4,6,76299,,39456,County Championship Division Two 2026,2,50,Lancashire Men,38,Middlesex Men,8755258,2026-09-03T13:57:43Z,6,138,False,,,,39.0,Ryan Higgins,16953.0,Arav Shetty,11452.0,Matty Hurst,238.0,63.0,Right,Extra Cover,0.0,0,0.0,0.0,,LengthBall,OutsideOff,,None,FrontFoot,Drive,NoMovement,Over,Medium,Right,Null,NotReferred,Null,False,False,False,False,False,True,,False,False,False,False,False,False,0.0,0.0,0.0,0.0,0.0,False,False
1638365,24,3.29,7,1,0,79,5,7,76299,,39456,County Championship Division Two 2026,2,50,Lancashire Men,38,Middlesex Men,8755279,2026-09-03T13:58:41Z,1,139,False,,,,2683.0,Tom Helm,11452.0,Matty Hurst,16953.0,Arav Shetty,243.0,53.0,Right,Mid Off,0.0,0,0.0,0.0,,BackOfALength,OutsideOff,,None,BackFoot,Drive,NoMovement,Over,FastSeam,Right,Null,NotReferred,Null,False,False,False,False,False,True,,False,False,False,False,False,False,0.0,0.0,0.0,0.0,0.0,False,False
1638365,24,3.29,7,1,0,79,5,7,76299,,39456,County Championship Division Two 2026,2,50,Lancashire Men,38,Middlesex Men,8755291,2026-09-03T13:59:15Z,2,140,False,,,,2683.0,Tom Helm,11452.0,Matty Hurst,16953.0,Arav Shetty,275.0,63.0,Right,Mid On,0.0,0,0.0,0.0,,LengthBall,OutsideOff,,None,FrontFoot,Drive,NoMovement,Over,FastSeam,Right,Null,NotReferred,Null,False,False,False,False,False,True,,False,False,False,False,False,False,0.0,0.0,0.0,0.0,0.0,False,False
1638365,24,3.29,7,1,0,79,5,7,76299,,39456,County Championship Division Two 2026,2,50,Lancashire Men,38,Middlesex Men,8755303,2026-09-03T13:59:49Z,3,141,False,,,,2683.0,Tom Helm,11452.0,Matty Hurst,16953.0,Arav Shetty,257.0,164.0,Right,Long Off,3.0,0,3.0,3.0,,LengthBall,OutsideOff,,WellTimed,FrontFoot,Drive,NoMovement,Over,FastSeam,Right,Null,NotReferred,Null,False,False,False,False,False,True,,False,False,False,False,False,False,3.0,0.0,0.0,0.0,0.0,False,False
1638365,24,3.29,7,1,0,79,5,7,76299,,39456,County Championship Division Two 2026,2,50,Lancashire Men,38,Middlesex Men,8755317,2026-09-03T14:00:29Z,4,142,True,Caught,16953.0,Arav Shetty,2683.0,Tom Helm,16953.0,Arav Shetty,11452.0,Matty Hurst,,,Right,Wicketkeeper,0.0,0,0.0,0.0,Caught,BackOfALength,OutsideOff,Caught,OutsideEdge,BackFoot,Cut,SeamAway,Over,FastSeam,Right,Null,NotReferred,Null,False,False,False,False,False,True,1815.0,False,False,False,False,False,False,0.0,0.0,0.0,0.0,0.0,False,False
1638365,24,3.29,7,1,0,79,5,7,76299,,39456,County Championship Division Two 2026,2,50,Lancashire Men,38,Middlesex Men,8755373,2026-09-03T14:02:47Z,5,143,False,,,,2683.0,Tom Helm,10590.0,Ben Walkden,11452.0,Matty Hurst,,,Right,Wicketkeeper,0.0,0,0.0,0.0,,BackOfALength,DownLeg,,Left,FrontFoot,Leave,SeamAway,Over,FastSeam,Right,Null,NotReferred,Null,False,False,False,False,False,True,,False,False,False,False,False,False,0.0,0.0,0.0,0.0,0.0,False,False
1638365,24,3.29,7,1,0,79,5,7,76299,,39456,County Championship Division Two 2026,2,50,Lancashire Men,38,Middlesex Men,8755389,2026-09-03T14:03:18Z,6,144,False,,,,2683.0,Tom Helm,10590.0,Ben Walkden,11452.0,Matty Hurst,328.0,175.0,Right,,4.0,0,4.0,4.0,,LengthBall,OffStump,,WellTimed,BackFoot,Flick,NoMovement,Over,FastSeam,Right,Null,NotReferred,Null,False,False,False,False,False,True,,False,False,False,False,False,False,4.0,0.0,0.0,0.0,0.0,True,False
1638386,25,3.2,1,0,0,80,5,1,76299,,39456,County Championship Division Two 2026,2,50,Lancashire Men,38,Middlesex Men,8755406,2026-09-03T14:04:19Z,1,145,False,,,,39.0,Ryan Higgins,11452.0,Matty Hurst,10590.0,Ben Walkden,,,Right,Wicketkeeper,0.0,0,0.0,0.0,,LengthBall,OutsideOff,,Left,FrontFoot,Leave,AwaySwinger,Over,Medium,Right,Null,NotReferred,Null,False,False,False,False,False,True,,False,False,False,False,False,False,0.0,0.0,0.0,0.0,0.0,False,False
1638386,25,3.2,1,0,0,80,5,1,76299,,39456,County Championship Division Two 2026,2,50,Lancashire Men,38,Middlesex Men,8755432,2026-09-03T14:05:14Z,2,146,False,,,,39.0,Ryan Higgins,11452.0,Matty Hurst,10590.0,Ben Walkden,197.0,47.0,Right,Cover,1.0,0,1.0,1.0,,LengthBall,OutsideOff,,None,FrontFoot,Dropped,NoMovement,Over,Medium,Right,Null,NotReferred,Null,False,False,False,False,False,True,,False,False,False,False,False,False,1.0,0.0,0.0,0.0,0.0,False,False
1638386,25,3.2,1,0,0,80,5,1,76299,,39456,County Championship Division Two 2026,2,50,Lancashire Men,38,Middlesex Men,8755448,2026-09-03T14:05:53Z,3,147,False,,,,39.0,Ryan Higgins,10590.0,Ben Walkden,11452.0,Matty Hurst,283.0,64.0,Right,Mid On,0.0,0,0.0,0.0,,LengthBall,OffStump,,MisTimed,FrontFoot,Drive,InSwinger,Over,Medium,Right,Null,NotReferred,Null,False,False,False,False,False,True,,False,False,False,False,False,False,0.0,0.0,0.0,0.0,0.0,False,False
1638386,25,3.2,1,0,0,80,5,1,76299,,39456,County Championship Division Two 2026,2,50,Lancashire Men,38,Middlesex Men,8755466,2026-09-03T14:06:21Z,4,148,False,,,,39.0,Ryan Higgins,10590.0,Ben Walkden,11452.0,Matty Hurst,,,Right,Wicketkeeper,0.0,0,0.0,0.0,,LengthBall,OutsideOff,,Missed,FrontFoot,ForwardDefensive,AwaySwinger,Over,Medium,Right,Null,NotReferred,Null,False,False,False,False,False,True,,False,False,False,False,False,False,0.0,0.0,0.0,0.0,0.0,False,False
1638386,25,3.2,1,0,0,80,5,1,76299,,39456,County Championship Division Two 2026,2,50,Lancashire Men,38,Middlesex Men,8755477,2026-09-03T14:06:49Z,5,149,False,,,,39.0,Ryan Higgins,10590.0,Ben Walkden,11452.0,Matty Hurst,,,Right,Bowler,0.0,0,0.0,0.0,,LengthBall,OutsideOff,,None,FrontFoot,ForwardDefensive,NoMovement,Over,Medium,Right,Null,NotReferred,Null,False,False,False,False,False,True,,False,False,False,False,False,False,0.0,0.0,0.0,0.0,0.0,False,False
1638386,25,3.2,1,0,0,80,5,1,76299,,39456,County Championship Division Two 2026,2,50,Lancashire Men,38,Middlesex Men,8755481,2026-09-03T14:07:16Z,6,150,False,,,,39.0,Ryan Higgins,10590.0,Ben Walkden,11452.0,Matty Hurst,,,Right,Bowler,0.0,0,0.0,0.0,,LengthBall,OutsideOff,,None,FrontFoot,ForwardDefensive,NoMovement,Over,Medium,Right,Null,NotReferred,Null,False,False,False,False,False,True,,False,False,False,False,False,False,0.0,0.0,0.0,0.0,0.0,False,False
1638402,26,3.23,4,0,0,84,5,4,76299,,39456,County Championship Division Two 2026,2,50,Lancashire Men,38,Middlesex Men,8755497,2026-09-03T14:07:55Z,1,151,False,,,,2683.0,Tom Helm,11452.0,Matty Hurst,10590.0,Ben Walkden,260.0,66.0,Right,Mid Off,0.0,0,0.0,0.0,,LengthBall,OutsideOff,,None,FrontFoot,ForwardDefensive,NoMovement,Over,FastSeam,Right,Null,NotReferred,Null,False,False,False,False,False,True,,False,False,False,False,False,False,0.0,0.0,0.0,0.0,0.0,False,False
1638402,26,3.23,4,0,0,84,5,4,76299,,39456,County Championship Division Two 2026,2,50,Lancashire Men,38,Middlesex Men,8755511,2026-09-03T14:08:29Z,2,152,False,,,,2683.0,Tom Helm,11452.0,Matty Hurst,10590.0,Ben Walkden,346.0,35.0,Right,Square Leg,0.0,0,0.0,0.0,,BackOfALength,OffStump,,MisTimed,BackFoot,Worked,SeamIn,Over,FastSeam,Right,Null,NotReferred,Null,False,False,False,False,False,True,,False,False,False,False,False,False,0.0,0.0,0.0,0.0,0.0,False,False
1638402,26,3.23,4,0,0,84,5,4,76299,,39456,County Championship Division Two 2026,2,50,Lancashire Men,38,Middlesex Men,8755520,2026-09-03T14:08:59Z,3,153,False,,,,2683.0,Tom Helm,11452.0,Matty Hurst,10590.0,Ben Walkden,,,Right,Wicketkeeper,0.0,0,0.0,0.0,,Short,OutsideOff,,HitHelmet,BackFoot,Fended,NoMovement,Over,FastSeam,Right,Null,NotReferred,Null,False,False,False,False,False,True,,False,False,False,False,False,False,0.0,0.0,0.0,0.0,0.0,False,False
1638402,26,3.23,4,0,0,84,5,4,76299,,39456,County Championship Division Two 2026,2,50,Lancashire Men,38,Middlesex Men,8755573,2026-09-03T14:11:47Z,4,154,False,,,,2683.0,Tom Helm,11452.0,Matty Hurst,10590.0,Ben Walkden,259.0,61.0,Right,Mid Off,0.0,0,0.0,0.0,,BackOfALength,OutsideOff,,None,BackFoot,BackwardDefensive,NoMovement,Over,FastSeam,Right,Null,NotReferred,Null,False,False,False,False,False,True,,False,False,False,False,False,False,0.0,0.0,0.0,0.0,0.0,False,False
1638402,26,3.23,4,0,0,84,5,4,76299,,39456,County Championship Division Two 2026,2,50,Lancashire Men,38,Middlesex Men,8755589,2026-09-03T14:12:17Z,5,155,False,,,,2683.0,Tom Helm,11452.0,Matty Hurst,10590.0,Ben Walkden,237.0,56.0,Right,Extra Cover,0.0,0,0.0,0.0,,BackOfALength,OutsideOff,,None,BackFoot,BackwardDefensive,NoMovement,Over,FastSeam,Right,Null,NotReferred,Null,False,False,False,False,False,True,,False,False,False,False,False,False,0.0,0.0,0.0,0.0,0.0,False,False
1638402,26,3.23,4,0,0,84,5,4,76299,,39456,County Championship Division Two 2026,2,50,Lancashire Men,38,Middlesex Men,8755603,2026-09-03T14:13:00Z,6,156,False,,,,2683.0,Tom Helm,11452.0,Matty Hurst,10590.0,Ben Walkden,28.0,165.0,Right,,4.0,0,4.0,4.0,,Short,OutsideOff,,WellTimed,BackFoot,Pull,NoMovement,Over,FastSeam,Right,Null,NotReferred,Null,False,False,False,False,False,True,,False,False,False,False,False,False,4.0,0.0,0.0,0.0,0.0,True,False
1638430,27,3.15,1,0,0,85,5,1,76299,,39456,County Championship Division Two 2026,2,50,Lancashire Men,38,Middlesex Men,8755653,2026-09-03T14:15:29Z,1,157,False,,,,1739.0,Toby Roland-Jones,10590.0,Ben Walkden,11452.0,Matty Hurst,,,Right,Wicketkeeper,0.0,0,0.0,0.0,,LengthBall,OutsideOff,,Missed,FrontFoot,ForwardDefensive,SeamAway,Over,Medium,Right,Null,NotReferred,Null,False,False,False,False,False,True,,False,False,False,False,False,False,0.0,0.0,0.0,0.0,0.0,False,False
1638430,27,3.15,1,0,0,85,5,1,76299,,39456,County Championship Division Two 2026,2,50,Lancashire Men,38,Middlesex Men,8755664,2026-09-03T14:16:02Z,2,158,False,,,,1739.0,Toby Roland-Jones,10590.0,Ben Walkden,11452.0,Matty Hurst,,,Right,Wicketkeeper,0.0,0,0.0,0.0,,LengthBall,OutsideOff,,Left,FrontFoot,Leave,SeamAway,Over,Medium,Right,Null,NotReferred,Null,False,False,False,False,False,True,,False,False,False,False,False,False,0.0,0.0,0.0,0.0,0.0,False,False
1638430,27,3.15,1,0,0,85,5,1,76299,,39456,County Championship Division Two 2026,2,50,Lancashire Men,38,Middlesex Men,8755677,2026-09-03T14:16:35Z,3,159,False,,,,1739.0,Toby Roland-Jones,10590.0,Ben Walkden,11452.0,Matty Hurst,42.0,129.0,Right,Fine Leg,1.0,0,1.0,1.0,,LengthBall,MiddleStump,,MisTimed,BackFoot,Glance,NoMovement,Over,Medium,Right,Null,NotReferred,Null,False,False,False,False,False,True,,False,False,False,False,False,False,1.0,0.0,0.0,0.0,0.0,False,False
1638430,27,3.15,1,0,0,85,5,1,76299,,39456,County Championship Division Two 2026,2,50,Lancashire Men,38,Middlesex Men,8755689,2026-09-03T14:17:11Z,4,160,False,,,,1739.0,Toby Roland-Jones,11452.0,Matty Hurst,10590.0,Ben Walkden,,,Right,Wicketkeeper,0.0,0,0.0,0.0,,LengthBall,OutsideOff,,Left,FrontFoot,Leave,NoMovement,Over,Medium,Right,Null,NotReferred,Null,False,False,False,False,False,True,,False,False,False,False,False,False,0.0,0.0,0.0,0.0,0.0,False,False
1638430,27,3.15,1,0,0,85,5,1,76299,,39456,County Championship Division Two 2026,2,50,Lancashire Men,38,Middlesex Men,8755699,2026-09-03T14:17:43Z,5,161,False,,,,1739.0,Toby Roland-Jones,11452.0,Matty Hurst,10590.0,Ben Walkden,237.0,56.0,Right,Extra Cover,0.0,0,0.0,0.0,,LengthBall,OutsideOff,,None,BackFoot,BackwardDefensive,SeamIn,Over,Medium,Right,Null,NotReferred,Null,False,False,False,False,False,True,,False,False,False,False,False,False,0.0,0.0,0.0,0.0,0.0,False,False
1638430,27,3.15,1,0,0,85,5,1,76299,,39456,County Championship Division Two 2026,2,50,Lancashire Men,38,Middlesex Men,8755711,2026-09-03T14:18:16Z,6,162,False,,,,1739.0,Toby Roland-Jones,11452.0,Matty Hurst,10590.0,Ben Walkden,,,Right,Wicketkeeper,0.0,0,0.0,0.0,,LengthBall,OutsideOff,,Left,FrontFoot,Leave,NoMovement,Over,Medium,Right,Null,NotReferred,Null,False,False,False,False,False,True,,False,False,False,False,False,False,0.0,0.0,0.0,0.0,0.0,False,False
1638442,28,3.25,6,0,0,91,5,6,76299,,39456,County Championship Division Two 2026,2,50,Lancashire Men,38,Middlesex Men,8755728,2026-09-03T14:19:03Z,1,163,False,,,,2683.0,Tom Helm,10590.0,Ben Walkden,11452.0,Matty Hurst,,,Right,Wicketkeeper,0.0,0,0.0,0.0,,BackOfALength,MiddleStump,,PlayAndMissLegSide,BackFoot,Glance,SeamIn,Over,FastSeam,Right,Null,NotReferred,Null,False,False,False,False,False,True,,False,False,False,False,False,False,0.0,0.0,0.0,0.0,0.0,False,False
1638442,28,3.25,6,0,0,91,5,6,76299,,39456,County Championship Division Two 2026,2,50,Lancashire Men,38,Middlesex Men,8755742,2026-09-03T14:19:42Z,2,164,False,,,,2683.0,Tom Helm,10590.0,Ben Walkden,11452.0,Matty Hurst,,,Right,Bowler,0.0,0,0.0,0.0,,BackOfALength,OutsideOff,,None,BackFoot,BackwardDefensive,NoMovement,Over,FastSeam,Right,Null,NotReferred,Null,False,False,False,False,False,True,,False,False,False,False,False,False,0.0,0.0,0.0,0.0,0.0,False,False
1638442,28,3.25,6,0,0,91,5,6,76299,,39456,County Championship Division Two 2026,2,50,Lancashire Men,38,Middlesex Men,8755754,2026-09-03T14:20:12Z,3,165,False,,,,2683.0,Tom Helm,10590.0,Ben Walkden,11452.0,Matty Hurst,226.0,114.0,Right,Deep Extra Cover,1.0,0,1.0,1.0,,BackOfALength,OutsideOff,,None,BackFoot,Pushed,NoMovement,Over,FastSeam,Right,Null,NotReferred,Null,False,False,False,False,False,True,,False,False,False,False,False,False,1.0,0.0,0.0,0.0,0.0,False,False
1638442,28,3.25,6,0,0,91,5,6,76299,,39456,County Championship Division Two 2026,2,50,Lancashire Men,38,Middlesex Men,8755769,2026-09-03T14:20:52Z,4,166,False,,,,2683.0,Tom Helm,11452.0,Matty Hurst,10590.0,Ben Walkden,302.0,66.0,Right,Mid Wicket,1.0,0,1.0,1.0,,LengthBall,MiddleStump,,None,FrontFoot,ForwardDefensive,NoMovement,Over,FastSeam,Right,Null,NotReferred,Null,False,False,False,False,False,True,,False,False,False,False,False,False,1.0,0.0,0.0,0.0,0.0,False,False
1638442,28,3.25,6,0,0,91,5,6,76299,,39456,County Championship Division Two 2026,2,50,Lancashire Men,38,Middlesex Men,8755777,2026-09-03T14:21:28Z,5,167,False,,,,2683.0,Tom Helm,10590.0,Ben Walkden,11452.0,Matty Hurst,162.0,167.0,Right,,4.0,0,4.0,4.0,,HalfVolley,OutsideOff,,WellTimed,FrontFoot,Drive,NoMovement,Over,FastSeam,Right,Null,NotReferred,Null,False,False,False,False,False,True,,False,False,False,False,False,False,4.0,0.0,0.0,0.0,0.0,True,False
1638442,28,3.25,6,0,0,91,5,6,76299,,39456,County Championship Division Two 2026,2,50,Lancashire Men,38,Middlesex Men,8755796,2026-09-03T14:22:26Z,6,168,False,,,,2683.0,Tom Helm,10590.0,Ben Walkden,11452.0,Matty Hurst,,,Right,Wicketkeeper,0.0,0,0.0,0.0,,LengthBall,OutsideOff,,Missed,FrontFoot,Drive,SeamAway,Over,FastSeam,Right,Null,NotReferred,Null,False,False,False,False,False,True,,False,False,False,False,False,False,0.0,0.0,0.0,0.0,0.0,False,False
1638457,29,3.38,7,0,0,98,5,7,76299,,39456,County Championship Division Two 2026,2,50,Lancashire Men,38,Middlesex Men,8755817,2026-09-03T14:23:22Z,1,169,False,,,,1739.0,Toby Roland-Jones,11452.0,Matty Hurst,10590.0,Ben Walkden,91.0,157.0,Right,,0.0,4,4.0,0.0,,LengthBall,OutsideOff,,Missed,FrontFoot,ForwardDefensive,AwaySwinger,Over,Medium,Right,Null,NotReferred,Null,False,False,True,False,False,True,,False,False,False,False,False,False,4.0,4.0,0.0,0.0,0.0,False,False
1638457,29,3.38,7,0,0,98,5,7,76299,,39456,County Championship Division Two 2026,2,50,Lancashire Men,38,Middlesex Men,8755832,2026-09-03T14:24:01Z,2,170,False,,,,1739.0,Toby Roland-Jones,11452.0,Matty Hurst,10590.0,Ben Walkden,327.0,39.0,Right,Mid Wicket,0.0,0,0.0,0.0,,LengthBall,OutsideOff,,BatPad,FrontFoot,ForwardDefensive,SeamIn,Over,Medium,Right,Null,NotReferred,Null,False,False,False,False,False,True,,False,False,False,False,False,False,0.0,0.0,0.0,0.0,0.0,False,True
1638457,29,3.38,7,0,0,98,5,7,76299,,39456,County Championship Division Two 2026,2,50,Lancashire Men,38,Middlesex Men,8755846,2026-09-03T14:24:41Z,3,171,False,,,,1739.0,Toby Roland-Jones,11452.0,Matty Hurst,10590.0,Ben Walkden,193.0,157.0,Right,Deep Cover,1.0,0,1.0,1.0,,BackOfALength,OutsideOff,,WellTimed,BackFoot,Drive,NoMovement,Over,Medium,Right,Null,NotReferred,Null,False,False,False,False,False,True,,False,False,False,False,False,False,1.0,0.0,0.0,0.0,0.0,False,False
1638457,29,3.38,7,0,0,98,5,7,76299,,39456,County Championship Division Two 2026,2,50,Lancashire Men,38,Middlesex Men,8755854,2026-09-03T14:25:17Z,4,172,False,,,,1739.0,Toby Roland-Jones,10590.0,Ben Walkden,11452.0,Matty Hurst,249.0,57.0,Right,Mid Off,0.0,0,0.0,0.0,,LengthBall,OutsideOff,,None,FrontFoot,ForwardDefensive,NoMovement,Over,Medium,Right,Null,NotReferred,Null,False,False,False,False,False,True,,False,False,False,False,False,False,0.0,0.0,0.0,0.0,0.0,False,False
1638457,29,3.38,7,0,0,98,5,7,76299,,39456,County Championship Division Two 2026,2,50,Lancashire Men,38,Middlesex Men,8755863,2026-09-03T14:25:51Z,5,173,False,,,,1739.0,Toby Roland-Jones,10590.0,Ben Walkden,11452.0,Matty Hurst,,,Right,Wicketkeeper,0.0,0,0.0,0.0,,BackOfALength,OutsideOff,,Missed,BackFoot,Cut,SeamAway,Over,Medium,Right,Null,NotReferred,Null,False,False,False,False,False,True,,False,False,False,False,False,False,0.0,0.0,0.0,0.0,0.0,False,False
1638457,29,3.38,7,0,0,98,5,7,76299,,39456,County Championship Division Two 2026,2,50,Lancashire Men,38,Middlesex Men,8755875,2026-09-03T14:26:28Z,6,174,False,,,,1739.0,Toby Roland-Jones,10590.0,Ben Walkden,11452.0,Matty Hurst,188.0,139.0,Right,Deep Cover,2.0,0,2.0,2.0,,BackOfALength,OutsideOff,,WellTimed,BackFoot,Drive,NoMovement,Over,Medium,Right,Null,NotReferred,Null,False,False,False,False,False,True,,False,False,False,False,False,False,2.0,0.0,0.0,0.0,0.0,False,False
1638470,30,3.47,6,0,0,104,5,6,76299,,39456,County Championship Division Two 2026,2,50,Lancashire Men,38,Middlesex Men,8755898,2026-09-03T14:27:32Z,1,175,False,,,,2683.0,Tom Helm,11452.0,Matty Hurst,10590.0,Ben Walkden,330.0,48.0,Right,Square Leg,0.0,0,0.0,0.0,,LengthBall,OffStump,,Spliced,FrontFoot,ForwardDefensive,NoMovement,Over,FastSeam,Right,Null,NotReferred,Null,False,False,False,False,False,True,,False,False,False,False,False,False,0.0,0.0,0.0,0.0,0.0,False,False
1638470,30,3.47,6,0,0,104,5,6,76299,,39456,County Championship Division Two 2026,2,50,Lancashire Men,38,Middlesex Men,8755913,2026-09-03T14:28:06Z,2,176,False,,,,2683.0,Tom Helm,11452.0,Matty Hurst,10590.0,Ben Walkden,25.0,140.0,Right,Deep Backward Square Leg,1.0,0,1.0,1.0,,LengthBall,LegStump,,None,FrontFoot,Flick,NoMovement,Over,FastSeam,Right,Null,NotReferred,Null,False,False,False,False,False,True,,False,False,False,False,False,False,1.0,0.0,0.0,0.0,0.0,False,False
1638470,30,3.47,6,0,0,104,5,6,76299,,39456,County Championship Division Two 2026,2,50,Lancashire Men,38,Middlesex Men,8755929,2026-09-03T14:28:53Z,3,177,False,,,,2683.0,Tom Helm,10590.0,Ben Walkden,11452.0,Matty Hurst,45.0,163.0,Right,,4.0,0,4.0,4.0,,LengthBall,MiddleStump,,WellTimed,BackFoot,Glance,NoMovement,Over,FastSeam,Right,Null,NotReferred,Null,False,False,False,False,False,True,,False,False,False,False,False,False,4.0,0.0,0.0,0.0,0.0,True,False
1638470,30,3.47,6,0,0,104,5,6,76299,,39456,County Championship Division Two 2026,2,50,Lancashire Men,38,Middlesex Men,8755948,2026-09-03T14:29:32Z,4,178,False,,,,2683.0,Tom Helm,10590.0,Ben Walkden,11452.0,Matty Hurst,176.0,55.0,Right,Backward Point,0.0,0,0.0,0.0,,BackOfALength,OutsideOff,,None,BackFoot,BackwardDefensive,NoMovement,Over,FastSeam,Right,Null,NotReferred,Null,False,False,False,False,False,True,,False,False,False,False,False,False,0.0,0.0,0.0,0.0,0.0,False,False
1638470,30,3.47,6,0,0,104,5,6,76299,,39456,County Championship Division Two 2026,2,50,Lancashire Men,38,Middlesex Men,8755964,2026-09-03T14:30:09Z,5,179,False,,,,2683.0,Tom Helm,10590.0,Ben Walkden,11452.0,Matty Hurst,269.0,69.0,Right,Mid Off,1.0,0,1.0,1.0,,LengthBall,OutsideOff,,None,FrontFoot,ForwardDefensive,SeamIn,Over,FastSeam,Right,Null,NotReferred,Null,False,False,False,False,False,True,,False,False,False,False,False,False,1.0,0.0,0.0,0.0,0.0,False,False
1638470,30,3.47,6,0,0,104,5,6,76299,,39456,County Championship Division Two 2026,2,50,Lancashire Men,38,Middlesex Men,8755979,2026-09-03T14:30:44Z,6,180,False,,,,2683.0,Tom Helm,11452.0,Matty Hurst,10590.0,Ben Walkden,,,Right,Wicketkeeper,0.0,0,0.0,0.0,,BackOfALength,OutsideOff,,Missed,BackFoot,BackwardDefensive,SeamAway,Over,FastSeam,Right,Null,NotReferred,Null,False,False,False,False,False,True,,False,False,False,False,False,False,0.0,0.0,0.0,0.0,0.0,False,False
1638536,31,3.45,3,0,0,107,5,3,76299,,39456,County Championship Division Two 2026,2,50,Lancashire Men,38,Middlesex Men,8756292,2026-09-03T14:51:49Z,1,181,False,,,,1739.0,Toby Roland-Jones,10590.0,Ben Walkden,11452.0,Matty Hurst,47.0,134.0,Right,Fine Leg,1.0,0,1.0,1.0,,BackOfALength,MiddleStump,,None,BackFoot,Glance,NoMovement,Over,Medium,Right,Null,NotReferred,Null,False,False,False,False,False,True,,False,False,False,False,False,False,1.0,0.0,0.0,0.0,0.0,False,False
1638536,31,3.45,3,0,0,107,5,3,76299,,39456,County Championship Division Two 2026,2,50,Lancashire Men,38,Middlesex Men,8756298,2026-09-03T14:52:28Z,2,182,False,,,,1739.0,Toby Roland-Jones,11452.0,Matty Hurst,10590.0,Ben Walkden,,,Right,Wicketkeeper,0.0,0,0.0,0.0,,BackOfALength,OutsideOff,,Left,FrontFoot,Leave,SeamAway,Over,Medium,Right,Null,NotReferred,Null,False,False,False,False,False,True,,False,False,False,False,False,False,0.0,0.0,0.0,0.0,0.0,False,False
1638536,31,3.45,3,0,0,107,5,3,76299,,39456,County Championship Division Two 2026,2,50,Lancashire Men,38,Middlesex Men,8756313,2026-09-03T14:53:00Z,3,183,False,,,,1739.0,Toby Roland-Jones,11452.0,Matty Hurst,10590.0,Ben Walkden,,,Right,Wicketkeeper,0.0,0,0.0,0.0,,BackOfALength,OutsideOff,,Left,BackFoot,Leave,SeamIn,Over,Medium,Right,Null,NotReferred,Null,False,False,False,False,False,True,,False,False,False,False,False,False,0.0,0.0,0.0,0.0,0.0,False,False
1638536,31,3.45,3,0,0,107,5,3,76299,,39456,County Championship Division Two 2026,2,50,Lancashire Men,38,Middlesex Men,8756333,2026-09-03T14:53:37Z,4,184,False,,,,1739.0,Toby Roland-Jones,11452.0,Matty Hurst,10590.0,Ben Walkden,284.0,85.0,Right,Mid On,0.0,0,0.0,0.0,,LengthBall,OutsideOff,,None,FrontFoot,Drive,SeamIn,Over,Medium,Right,Null,NotReferred,Null,False,False,False,False,False,True,,False,False,False,False,False,False,0.0,0.0,0.0,0.0,0.0,False,False
1638536,31,3.45,3,0,0,107,5,3,76299,,39456,County Championship Division Two 2026,2,50,Lancashire Men,38,Middlesex Men,8756340,2026-09-03T14:54:01Z,5,185,False,,,,1739.0,Toby Roland-Jones,11452.0,Matty Hurst,10590.0,Ben Walkden,342.0,47.0,Right,Square Leg,0.0,0,0.0,0.0,,BackOfALength,OutsideOff,,None,BackFoot,BackwardDefensive,NoMovement,Over,Medium,Right,Null,NotReferred,Null,False,False,False,False,False,True,,False,False,False,False,False,False,0.0,0.0,0.0,0.0,0.0,False,False
1638536,31,3.45,3,0,0,107,5,3,76299,,39456,County Championship Division Two 2026,2,50,Lancashire Men,38,Middlesex Men,8756356,2026-09-03T14:54:34Z,6,186,False,,,,1739.0,Toby Roland-Jones,11452.0,Matty Hurst,10590.0,Ben Walkden,360.0,37.0,Right,Square Leg,2.0,0,2.0,2.0,,LengthBall,OutsideOff,,InsideEdge,FrontFoot,ForwardDefensive,SeamIn,Over,Medium,Right,Null,NotReferred,Null,False,False,False,False,False,True,,False,False,False,False,False,False,2.0,0.0,0.0,0.0,0.0,False,False
1638552,32,3.66,10,0,0,117,5,10,76299,,39456,County Championship Division Two 2026,2,50,Lancashire Men,38,Middlesex Men,8756387,2026-09-03T14:56:11Z,1,187,False,,,,15371.0,Naavya Sharma,10590.0,Ben Walkden,11452.0,Matty Hurst,,,Right,Wicketkeeper,0.0,0,0.0,0.0,,BackOfALength,OutsideOff,,Left,FrontFoot,Leave,SeamIn,Over,FastSeam,Right,Null,NotReferred,Null,False,False,False,False,False,True,,False,False,False,False,False,False,0.0,0.0,0.0,0.0,0.0,False,False
1638552,32,3.66,10,0,0,117,5,10,76299,,39456,County Championship Division Two 2026,2,50,Lancashire Men,38,Middlesex Men,8756394,2026-09-03T14:56:53Z,2,188,False,,,,15371.0,Naavya Sharma,10590.0,Ben Walkden,11452.0,Matty Hurst,257.0,62.0,Right,Mid Off,0.0,0,0.0,0.0,,BackOfALength,OutsideOff,,None,BackFoot,BackwardDefensive,NoMovement,Over,FastSeam,Right,Null,NotReferred,Null,False,False,False,False,False,True,,False,False,False,False,False,False,0.0,0.0,0.0,0.0,0.0,False,False
1638552,32,3.66,10,0,0,117,5,10,76299,,39456,County Championship Division Two 2026,2,50,Lancashire Men,38,Middlesex Men,8756418,2026-09-03T14:57:32Z,3,189,False,,,,15371.0,Naavya Sharma,10590.0,Ben Walkden,11452.0,Matty Hurst,251.0,179.0,Right,,4.0,0,4.0,4.0,,LengthBall,OutsideOff,,WellTimed,FrontFoot,Drive,NoMovement,Over,FastSeam,Right,Null,NotReferred,Null,False,False,False,False,False,True,,False,False,False,False,False,False,4.0,0.0,0.0,0.0,0.0,True,False
1638552,32,3.66,10,0,0,117,5,10,76299,,39456,County Championship Division Two 2026,2,50,Lancashire Men,38,Middlesex Men,8756437,2026-09-03T14:58:12Z,4,190,False,,,,15371.0,Naavya Sharma,10590.0,Ben Walkden,11452.0,Matty Hurst,208.0,45.0,Right,Cover,0.0,0,0.0,0.0,,LengthBall,OutsideOff,,MisTimed,BackFoot,BackwardDefensive,SeamIn,Over,FastSeam,Right,Null,NotReferred,Null,False,False,False,False,False,True,,False,False,False,False,False,False,0.0,0.0,0.0,0.0,0.0,False,False
1638552,32,3.66,10,0,0,117,5,10,76299,,39456,County Championship Division Two 2026,2,50,Lancashire Men,38,Middlesex Men,8756457,2026-09-03T14:58:51Z,5,191,False,,,,15371.0,Naavya Sharma,10590.0,Ben Walkden,11452.0,Matty Hurst,44.0,163.0,Right,,4.0,0,4.0,4.0,,HalfVolley,MiddleStump,,InsideEdge,BackFoot,Glance,SeamIn,Over,FastSeam,Right,Null,NotReferred,Null,False,False,False,False,False,True,,False,False,False,False,False,False,4.0,0.0,0.0,0.0,0.0,True,False
1638552,32,3.66,10,0,0,117,5,10,76299,,39456,County Championship Division Two 2026,2,50,Lancashire Men,38,Middlesex Men,8756470,2026-09-03T14:59:31Z,6,192,False,,,,15371.0,Naavya Sharma,10590.0,Ben Walkden,11452.0,Matty Hurst,340.0,131.0,Right,Deep Square Leg,2.0,0,2.0,2.0,,Short,OutsideOff,,MisTimed,BackFoot,Pull,NoMovement,Over,FastSeam,Right,Null,NotReferred,Null,False,False,False,False,False,True,,False,False,False,False,False,False,2.0,0.0,0.0,0.0,0.0,False,True
1638571,33,3.61,2,0,0,119,5,2,76299,,39456,County Championship Division Two 2026,2,50,Lancashire Men,38,Middlesex Men,8756496,2026-09-03T15:00:44Z,1,193,False,,,,1739.0,Toby Roland-Jones,11452.0,Matty Hurst,10590.0,Ben Walkden,192.0,53.0,Right,Cover,0.0,0,0.0,0.0,,BackOfALength,OutsideOff,,None,BackFoot,BackwardDefensive,NoMovement,Over,Medium,Right,Null,NotReferred,Null,False,False,False,False,False,True,,False,False,False,False,False,False,0.0,0.0,0.0,0.0,0.0,False,False
1638571,33,3.61,2,0,0,119,5,2,76299,,39456,County Championship Division Two 2026,2,50,Lancashire Men,38,Middlesex Men,8756510,2026-09-03T15:01:16Z,2,194,False,,,,1739.0,Toby Roland-Jones,11452.0,Matty Hurst,10590.0,Ben Walkden,,,Right,Bowler,0.0,0,0.0,0.0,,LengthBall,OutsideOff,,None,FrontFoot,Drive,NoMovement,Over,Medium,Right,Null,NotReferred,Null,False,False,False,False,False,True,,False,False,False,False,False,False,0.0,0.0,0.0,0.0,0.0,False,False
1638571,33,3.61,2,0,0,119,5,2,76299,,39456,County Championship Division Two 2026,2,50,Lancashire Men,38,Middlesex Men,8756531,2026-09-03T15:01:48Z,3,195,False,,,,1739.0,Toby Roland-Jones,11452.0,Matty Hurst,10590.0,Ben Walkden,,,Right,Wicketkeeper,0.0,0,0.0,0.0,,LengthBall,OutsideOff,,Left,FrontFoot,Leave,NoMovement,Over,Medium,Right,Null,NotReferred,Null,False,False,False,False,False,True,,False,False,False,False,False,False,0.0,0.0,0.0,0.0,0.0,False,False
1638571,33,3.61,2,0,0,119,5,2,76299,,39456,County Championship Division Two 2026,2,50,Lancashire Men,38,Middlesex Men,8756536,2026-09-03T15:02:21Z,4,196,False,,,,1739.0,Toby Roland-Jones,11452.0,Matty Hurst,10590.0,Ben Walkden,292.0,60.0,Right,Mid On,0.0,0,0.0,0.0,,LengthBall,OutsideOff,,None,BackFoot,BackwardDefensive,SeamIn,Over,Medium,Right,Null,NotReferred,Null,False,False,False,False,False,True,,False,False,False,False,False,False,0.0,0.0,0.0,0.0,0.0,False,False
1638571,33,3.61,2,0,0,119,5,2,76299,,39456,County Championship Division Two 2026,2,50,Lancashire Men,38,Middlesex Men,8756552,2026-09-03T15:02:53Z,5,197,False,,,,1739.0,Toby Roland-Jones,11452.0,Matty Hurst,10590.0,Ben Walkden,211.0,49.0,Right,Extra Cover,0.0,0,0.0,0.0,,BackOfALength,OutsideOff,,None,BackFoot,Drive,NoMovement,Over,Medium,Right,Null,NotReferred,Null,False,False,False,False,False,True,,False,False,False,False,False,False,0.0,0.0,0.0,0.0,0.0,False,False
1638571,33,3.61,2,0,0,119,5,2,76299,,39456,County Championship Division Two 2026,2,50,Lancashire Men,38,Middlesex Men,8756566,2026-09-03T15:03:23Z,6,198,False,,,,1739.0,Toby Roland-Jones,11452.0,Matty Hurst,10590.0,Ben Walkden,126.0,155.0,Right,Third Man,2.0,0,2.0,2.0,,LengthBall,OutsideOff,,OutsideEdge,FrontFoot,Drive,AwaySwinger,Over,Medium,Right,Null,NotReferred,Null,False,False,False,False,False,True,,False,False,False,False,False,False,2.0,0.0,0.0,0.0,0.0,False,False
1638584,34,3.53,1,1,0,120,6,1,76299,,39456,County Championship Division Two 2026,2,50,Lancashire Men,38,Middlesex Men,8756592,2026-09-03T15:04:44Z,1,199,True,Caught,10590.0,Ben Walkden,15371.0,Naavya Sharma,10590.0,Ben Walkden,11452.0,Matty Hurst,112.0,32.0,Right,Second Slip,0.0,0,0.0,0.0,Caught,BackOfALength,OutsideOff,Caught,OutsideEdge,BackFoot,BackwardDefensive,SeamAway,Over,FastSeam,Right,Null,NotReferred,Null,False,False,False,False,False,True,1815.0,False,False,False,False,False,False,0.0,0.0,0.0,0.0,0.0,False,False
1638584,34,3.53,1,1,0,120,6,1,76299,,39456,County Championship Division Two 2026,2,50,Lancashire Men,38,Middlesex Men,8756635,2026-09-03T15:07:04Z,2,200,False,,,,15371.0,Naavya Sharma,2949.0,George Balderson,11452.0,Matty Hurst,,,Left,Wicketkeeper,0.0,0,0.0,0.0,,BackOfALength,MiddleStump,,Missed,BackFoot,BackwardDefensive,SeamAway,Over,FastSeam,Right,Null,NotReferred,Null,False,False,False,False,False,True,,False,False,False,False,False,False,0.0,0.0,0.0,0.0,0.0,False,False
1638584,34,3.53,1,1,0,120,6,1,76299,,39456,County Championship Division Two 2026,2,50,Lancashire Men,38,Middlesex Men,8756650,2026-09-03T15:07:44Z,3,201,False,,,,15371.0,Naavya Sharma,2949.0,George Balderson,11452.0,Matty Hurst,,,Left,Wicketkeeper,0.0,0,0.0,0.0,,LengthBall,DownLeg,,Missed,FrontFoot,ForwardDefensive,AwaySwinger,Over,FastSeam,Right,Null,NotReferred,Null,False,False,False,False,False,True,,False,False,False,False,False,False,0.0,0.0,0.0,0.0,0.0,False,False
1638584,34,3.53,1,1,0,120,6,1,76299,,39456,County Championship Division Two 2026,2,50,Lancashire Men,38,Middlesex Men,8756658,2026-09-03T15:08:20Z,4,202,False,,,,15371.0,Naavya Sharma,2949.0,George Balderson,11452.0,Matty Hurst,128.0,128.0,Left,Fine Leg,1.0,0,1.0,1.0,,LengthBall,DownLeg,,None,BackFoot,Glance,NoMovement,Over,FastSeam,Right,Null,NotReferred,Null,False,False,False,False,False,True,,False,False,False,False,False,False,1.0,0.0,0.0,0.0,0.0,False,False
1638584,34,3.53,1,1,0,120,6,1,76299,,39456,County Championship Division Two 2026,2,50,Lancashire Men,38,Middlesex Men,8756677,2026-09-03T15:09:03Z,5,203,False,,,,15371.0,Naavya Sharma,11452.0,Matty Hurst,2949.0,George Balderson,,,Right,Wicketkeeper,0.0,0,0.0,0.0,,BackOfALength,OutsideOff,,Left,BackFoot,Leave,SeamIn,Over,FastSeam,Right,Null,NotReferred,Null,False,False,False,False,False,True,,False,False,False,False,False,False,0.0,0.0,0.0,0.0,0.0,False,False
1638584,34,3.53,1,1,0,120,6,1,76299,,39456,County Championship Division Two 2026,2,50,Lancashire Men,38,Middlesex Men,8756688,2026-09-03T15:09:46Z,6,204,False,,,,15371.0,Naavya Sharma,11452.0,Matty Hurst,2949.0,George Balderson,,,Right,Wicketkeeper,0.0,0,0.0,0.0,,BackOfALength,OutsideOff,,Left,FrontFoot,Leave,NoMovement,Over,FastSeam,Right,Null,NotReferred,Null,False,False,False,False,False,True,,False,False,False,False,False,False,0.0,0.0,0.0,0.0,0.0,False,False
1638604,35,3.43,0,0,0,120,6,0,76299,,39456,County Championship Division Two 2026,2,50,Lancashire Men,38,Middlesex Men,8756704,2026-09-03T15:10:37Z,1,205,False,,,,1739.0,Toby Roland-Jones,2949.0,George Balderson,11452.0,Matty Hurst,,,Left,Wicketkeeper,0.0,0,0.0,0.0,,BackOfALength,DownLeg,,Missed,FrontFoot,ForwardDefensive,SeamAway,Over,Medium,Right,Null,NotReferred,Null,False,False,False,False,False,True,,False,False,False,False,False,False,0.0,0.0,0.0,0.0,0.0,False,False
1638604,35,3.43,0,0,0,120,6,0,76299,,39456,County Championship Division Two 2026,2,50,Lancashire Men,38,Middlesex Men,8756718,2026-09-03T15:11:09Z,2,206,False,,,,1739.0,Toby Roland-Jones,2949.0,George Balderson,11452.0,Matty Hurst,,,Left,Wicketkeeper,0.0,0,0.0,0.0,,LengthBall,LegStump,,Missed,FrontFoot,ForwardDefensive,SeamAway,Over,Medium,Right,Null,NotReferred,Null,False,False,False,False,False,True,,False,False,False,False,False,False,0.0,0.0,0.0,0.0,0.0,False,False
1638604,35,3.43,0,0,0,120,6,0,76299,,39456,County Championship Division Two 2026,2,50,Lancashire Men,38,Middlesex Men,8756725,2026-09-03T15:11:40Z,3,207,False,,,,1739.0,Toby Roland-Jones,2949.0,George Balderson,11452.0,Matty Hurst,210.0,53.0,Left,Square Leg,0.0,0,0.0,0.0,,LengthBall,DownLeg,,None,FrontFoot,ForwardDefensive,NoMovement,Over,Medium,Right,Null,NotReferred,Null,False,False,False,False,False,True,,False,False,False,False,False,False,0.0,0.0,0.0,0.0,0.0,False,False
1638604,35,3.43,0,0,0,120,6,0,76299,,39456,County Championship Division Two 2026,2,50,Lancashire Men,38,Middlesex Men,8756733,2026-09-03T15:12:13Z,4,208,False,,,,1739.0,Toby Roland-Jones,2949.0,George Balderson,11452.0,Matty Hurst,336.0,38.0,Left,Cover,0.0,0,0.0,0.0,,LengthBall,LegStump,,None,FrontFoot,ForwardDefensive,NoMovement,Over,Medium,Right,Null,NotReferred,Null,False,False,False,False,False,True,,False,False,False,False,False,False,0.0,0.0,0.0,0.0,0.0,False,False
1638604,35,3.43,0,0,0,120,6,0,76299,,39456,County Championship Division Two 2026,2,50,Lancashire Men,38,Middlesex Men,8756742,2026-09-03T15:12:46Z,5,209,False,,,,1739.0,Toby Roland-Jones,2949.0,George Balderson,11452.0,Matty Hurst,314.0,41.0,Left,Extra Cover,0.0,0,0.0,0.0,,LengthBall,LegStump,,None,FrontFoot,ForwardDefensive,NoMovement,Over,Medium,Right,Null,NotReferred,Null,False,False,False,False,False,True,,False,False,False,False,False,False,0.0,0.0,0.0,0.0,0.0,False,False
1638604,35,3.43,0,0,0,120,6,0,76299,,39456,County Championship Division Two 2026,2,50,Lancashire Men,38,Middlesex Men,8756750,2026-09-03T15:13:20Z,6,210,False,,,,1739.0,Toby Roland-Jones,2949.0,George Balderson,11452.0,Matty Hurst,322.0,45.0,Left,Extra Cover,0.0,0,0.0,0.0,,LengthBall,DownLeg,,None,FrontFoot,ForwardDefensive,NoMovement,Over,Medium,Right,Null,NotReferred,Null,False,False,False,False,False,True,,False,False,False,False,False,False,0.0,0.0,0.0,0.0,0.0,False,False
1638615,36,3.47,5,0,0,125,6,5,76299,,39456,County Championship Division Two 2026,2,50,Lancashire Men,38,Middlesex Men,8756769,2026-09-03T15:14:13Z,1,211,False,,,,15371.0,Naavya Sharma,11452.0,Matty Hurst,2949.0,George Balderson,132.0,134.0,Right,Third Man,1.0,0,1.0,1.0,,Short,OutsideOff,,None,BackFoot,Steer,NoMovement,Over,FastSeam,Right,Null,NotReferred,Null,False,False,False,False,False,True,,False,False,False,False,False,False,1.0,0.0,0.0,0.0,0.0,False,False
1638615,36,3.47,5,0,0,125,6,5,76299,,39456,County Championship Division Two 2026,2,50,Lancashire Men,38,Middlesex Men,8756779,2026-09-03T15:14:53Z,2,212,False,,,,15371.0,Naavya Sharma,2949.0,George Balderson,11452.0,Matty Hurst,286.0,130.0,Left,Long Off,2.0,0,2.0,2.0,,LengthBall,MiddleStump,,WellTimed,FrontFoot,Drive,NoMovement,Over,FastSeam,Right,Null,NotReferred,Null,False,False,False,False,False,True,,False,False,False,False,False,False,2.0,0.0,0.0,0.0,0.0,False,False
1638615,36,3.47,5,0,0,125,6,5,76299,,39456,County Championship Division Two 2026,2,50,Lancashire Men,38,Middlesex Men,8756796,2026-09-03T15:15:44Z,3,213,False,,,,15371.0,Naavya Sharma,2949.0,George Balderson,11452.0,Matty Hurst,52.0,116.0,Left,Third Man,1.0,0,1.0,1.0,,BackOfALength,OutsideOff,,OutsideEdge,BackFoot,BackwardDefensive,NoMovement,Round,FastSeam,Right,Null,NotReferred,Null,False,False,False,False,False,True,,False,False,False,False,False,False,1.0,0.0,0.0,0.0,0.0,False,False
1638615,36,3.47,5,0,0,125,6,5,76299,,39456,County Championship Division Two 2026,2,50,Lancashire Men,38,Middlesex Men,8756810,2026-09-03T15:16:31Z,4,214,False,,,,15371.0,Naavya Sharma,11452.0,Matty Hurst,2949.0,George Balderson,245.0,52.0,Right,Mid Off,0.0,0,0.0,0.0,,BackOfALength,OutsideOff,,None,BackFoot,BackwardDefensive,NoMovement,Over,FastSeam,Right,Null,NotReferred,Null,False,False,False,False,False,True,,False,False,False,False,False,False,0.0,0.0,0.0,0.0,0.0,False,False
1638615,36,3.47,5,0,0,125,6,5,76299,,39456,County Championship Division Two 2026,2,50,Lancashire Men,38,Middlesex Men,8756813,2026-09-03T15:17:08Z,5,215,False,,,,15371.0,Naavya Sharma,11452.0,Matty Hurst,2949.0,George Balderson,51.0,121.0,Right,Fine Leg,1.0,0,1.0,1.0,,Short,OutsideOff,,MisTimed,BackFoot,Hook,NoMovement,Over,FastSeam,Right,Null,NotReferred,Null,False,False,False,False,False,True,,False,False,False,False,False,False,1.0,0.0,0.0,0.0,0.0,False,True
1638615,36,3.47,5,0,0,125,6,5,76299,,39456,County Championship Division Two 2026,2,50,Lancashire Men,38,Middlesex Men,8756826,2026-09-03T15:17:53Z,6,216,False,,,,15371.0,Naavya Sharma,2949.0,George Balderson,11452.0,Matty Hurst,,,Left,Wicketkeeper,0.0,0,0.0,0.0,,LengthBall,OutsideOff,,Missed,FrontFoot,ForwardDefensive,AwaySwinger,Round,FastSeam,Right,Null,NotReferred,Null,False,False,False,False,False,True,,False,False,False,False,False,False,0.0,0.0,0.0,0.0,0.0,False,False
1638627,37,3.38,0,0,0,125,6,0,76299,,39456,County Championship Division Two 2026,2,50,Lancashire Men,38,Middlesex Men,8756843,2026-09-03T15:18:44Z,1,217,False,,,,1739.0,Toby Roland-Jones,11452.0,Matty Hurst,2949.0,George Balderson,209.0,51.0,Right,Cover,0.0,0,0.0,0.0,,BackOfALength,OutsideOff,,None,BackFoot,BackwardDefensive,SeamIn,Over,Medium,Right,Null,NotReferred,Null,False,False,False,False,False,True,,False,False,False,False,False,False,0.0,0.0,0.0,0.0,0.0,False,False
1638627,37,3.38,0,0,0,125,6,0,76299,,39456,County Championship Division Two 2026,2,50,Lancashire Men,38,Middlesex Men,8756852,2026-09-03T15:19:15Z,2,218,False,,,,1739.0,Toby Roland-Jones,11452.0,Matty Hurst,2949.0,George Balderson,282.0,66.0,Right,Mid On,0.0,0,0.0,0.0,,LengthBall,OutsideOff,,None,FrontFoot,ForwardDefensive,SeamIn,Over,Medium,Right,Null,NotReferred,Null,False,False,False,False,False,True,,False,False,False,False,False,False,0.0,0.0,0.0,0.0,0.0,False,False
1638627,37,3.38,0,0,0,125,6,0,76299,,39456,County Championship Division Two 2026,2,50,Lancashire Men,38,Middlesex Men,8756864,2026-09-03T15:19:49Z,3,219,False,,,,1739.0,Toby Roland-Jones,11452.0,Matty Hurst,2949.0,George Balderson,108.0,33.0,Right,Third Slip,0.0,0,0.0,0.0,,LengthBall,OutsideOff,Lbw,HitPad,FrontFoot,ForwardDefensive,SeamIn,Over,Medium,Right,Null,NotReferred,Null,False,False,False,False,False,True,1861.0,False,False,False,False,False,False,0.0,0.0,0.0,0.0,0.0,False,False
1638627,37,3.38,0,0,0,125,6,0,76299,,39456,County Championship Division Two 2026,2,50,Lancashire Men,38,Middlesex Men,8756871,2026-09-03T15:20:29Z,4,220,False,,,,1739.0,Toby Roland-Jones,11452.0,Matty Hurst,2949.0,George Balderson,,,Right,Wicketkeeper,0.0,0,0.0,0.0,,LengthBall,OutsideOff,,Left,FrontFoot,Leave,NoMovement,Over,Medium,Right,Null,NotReferred,Null,False,False,False,False,False,True,,False,False,False,False,False,False,0.0,0.0,0.0,0.0,0.0,False,False
1638627,37,3.38,0,0,0,125,6,0,76299,,39456,County Championship Division Two 2026,2,50,Lancashire Men,38,Middlesex Men,8756886,2026-09-03T15:21:03Z,5,221,False,,,,1739.0,Toby Roland-Jones,11452.0,Matty Hurst,2949.0,George Balderson,334.0,42.0,Right,Square Leg,0.0,0,0.0,0.0,,BackOfALength,OutsideOff,,HitBody,BackFoot,Worked,SeamIn,Over,Medium,Right,Null,NotReferred,Null,False,False,False,False,False,True,,False,False,False,False,False,False,0.0,0.0,0.0,0.0,0.0,False,False
1638627,37,3.38,0,0,0,125,6,0,76299,,39456,County Championship Division Two 2026,2,50,Lancashire Men,38,Middlesex Men,8756896,2026-09-03T15:21:36Z,6,222,False,,,,1739.0,Toby Roland-Jones,11452.0,Matty Hurst,2949.0,George Balderson,,,Right,Wicketkeeper,0.0,0,0.0,0.0,,LengthBall,OutsideOff,,Left,FrontFoot,Leave,NoMovement,Over,Medium,Right,Null,NotReferred,Null,False,False,False,False,False,True,,False,False,False,False,False,False,0.0,0.0,0.0,0.0,0.0,False,False
1638637,38,3.32,1,1,0,126,7,1,76299,,39456,County Championship Division Two 2026,2,50,Lancashire Men,38,Middlesex Men,8756909,2026-09-03T15:22:29Z,1,223,False,,,,15371.0,Naavya Sharma,2949.0,George Balderson,11452.0,Matty Hurst,229.0,50.0,Left,Mid Wicket,0.0,0,0.0,0.0,,LengthBall,OffStump,,None,FrontFoot,ForwardDefensive,NoMovement,Round,FastSeam,Right,Null,NotReferred,Null,False,False,False,False,False,True,,False,False,False,False,False,False,0.0,0.0,0.0,0.0,0.0,False,False
1638637,38,3.32,1,1,0,126,7,1,76299,,39456,County Championship Division Two 2026,2,50,Lancashire Men,38,Middlesex Men,8756917,2026-09-03T15:23:04Z,2,224,False,,,,15371.0,Naavya Sharma,2949.0,George Balderson,11452.0,Matty Hurst,,,Left,Bowler,0.0,0,0.0,0.0,,BackOfALength,OutsideOff,,None,BackFoot,BackwardDefensive,NoMovement,Round,FastSeam,Right,Null,NotReferred,Null,False,False,False,False,False,True,,False,False,False,False,False,False,0.0,0.0,0.0,0.0,0.0,False,False
1638637,38,3.32,1,1,0,126,7,1,76299,,39456,County Championship Division Two 2026,2,50,Lancashire Men,38,Middlesex Men,8756931,2026-09-03T15:23:41Z,3,225,False,,,,15371.0,Naavya Sharma,2949.0,George Balderson,11452.0,Matty Hurst,,,Left,Wicketkeeper,0.0,0,0.0,0.0,,BackOfALength,OutsideOff,,Missed,BackFoot,BackwardDefensive,SeamIn,Round,FastSeam,Right,Null,NotReferred,Null,False,False,False,False,False,True,,False,False,False,False,False,False,0.0,0.0,0.0,0.0,0.0,False,False
1638637,38,3.32,1,1,0,126,7,1,76299,,39456,County Championship Division Two 2026,2,50,Lancashire Men,38,Middlesex Men,8756945,2026-09-03T15:24:17Z,4,226,False,,,,15371.0,Naavya Sharma,2949.0,George Balderson,11452.0,Matty Hurst,53.0,36.0,Left,Gully,0.0,1,1.0,0.0,,LengthBall,OutsideOff,Lbw,HitPad,FrontFoot,ForwardDefensive,SeamIn,Round,FastSeam,Right,Null,NotReferred,Null,False,False,False,True,False,True,1815.0,False,False,False,False,False,False,1.0,0.0,0.0,1.0,0.0,False,False
1638637,38,3.32,1,1,0,126,7,1,76299,,39456,County Championship Division Two 2026,2,50,Lancashire Men,38,Middlesex Men,8756951,2026-09-03T15:25:09Z,5,227,False,,,,15371.0,Naavya Sharma,11452.0,Matty Hurst,2949.0,George Balderson,259.0,66.0,Right,Mid Off,0.0,0,0.0,0.0,,LengthBall,OutsideOff,,None,FrontFoot,ForwardDefensive,NoMovement,Over,FastSeam,Right,Null,NotReferred,Null,False,False,False,False,False,True,,False,False,False,False,False,False,0.0,0.0,0.0,0.0,0.0,False,False
1638637,38,3.32,1,1,0,126,7,1,76299,,39456,County Championship Division Two 2026,2,50,Lancashire Men,38,Middlesex Men,8756962,2026-09-03T15:25:49Z,6,228,True,Bowled,11452.0,Matty Hurst,15371.0,Naavya Sharma,11452.0,Matty Hurst,2949.0,George Balderson,,,Right,,0.0,0,0.0,0.0,Bowled,LengthBall,OutsideOff,Bowled,Missed,FrontFoot,ForwardDefensive,InSwinger,Over,FastSeam,Right,Null,NotReferred,Null,False,False,False,False,False,True,1815.0,False,False,False,False,False,False,0.0,0.0,0.0,0.0,0.0,False,False
1638652,39,3.38,6,0,0,132,7,6,76299,,39456,County Championship Division Two 2026,2,50,Lancashire Men,38,Middlesex Men,8756992,2026-09-03T15:28:14Z,1,229,False,,,,1739.0,Toby Roland-Jones,2949.0,George Balderson,7706.0,Noman Ali,,,Left,Wicketkeeper,0.0,0,0.0,0.0,,BackOfALength,MiddleStump,,Missed,FrontFoot,Drive,SeamAway,Over,Medium,Right,Null,NotReferred,Null,False,False,False,False,False,True,,False,False,False,False,False,False,0.0,0.0,0.0,0.0,0.0,False,False
1638652,39,3.38,6,0,0,132,7,6,76299,,39456,County Championship Division Two 2026,2,50,Lancashire Men,38,Middlesex Men,8757004,2026-09-03T15:28:44Z,2,230,False,,,,1739.0,Toby Roland-Jones,2949.0,George Balderson,7706.0,Noman Ali,62.0,146.0,Left,Third Man,2.0,0,2.0,2.0,,LengthBall,LegStump,,OutsideEdge,FrontFoot,ForwardDefensive,SeamAway,Over,Medium,Right,Null,NotReferred,Null,False,False,False,False,False,True,,False,False,False,False,False,False,2.0,0.0,0.0,0.0,0.0,False,False
1638652,39,3.38,6,0,0,132,7,6,76299,,39456,County Championship Division Two 2026,2,50,Lancashire Men,38,Middlesex Men,8757009,2026-09-03T15:29:18Z,3,231,False,,,,1739.0,Toby Roland-Jones,2949.0,George Balderson,7706.0,Noman Ali,327.0,39.0,Left,Extra Cover,0.0,0,0.0,0.0,,BackOfALength,LegStump,,None,BackFoot,BackwardDefensive,NoMovement,Over,Medium,Right,Null,NotReferred,Null,False,False,False,False,False,True,,False,False,False,False,False,False,0.0,0.0,0.0,0.0,0.0,False,False
1638652,39,3.38,6,0,0,132,7,6,76299,,39456,County Championship Division Two 2026,2,50,Lancashire Men,38,Middlesex Men,8757027,2026-09-03T15:29:53Z,4,232,False,,,,1739.0,Toby Roland-Jones,2949.0,George Balderson,7706.0,Noman Ali,278.0,180.0,Left,,4.0,0,4.0,4.0,,HalfVolley,MiddleStump,,WellTimed,FrontFoot,Drive,NoMovement,Over,Medium,Right,Null,NotReferred,Null,False,False,False,False,False,True,,False,False,False,False,False,False,4.0,0.0,0.0,0.0,0.0,True,False
1638652,39,3.38,6,0,0,132,7,6,76299,,39456,County Championship Division Two 2026,2,50,Lancashire Men,38,Middlesex Men,8757050,2026-09-03T15:30:52Z,5,233,False,,,,1739.0,Toby Roland-Jones,2949.0,George Balderson,7706.0,Noman Ali,254.0,59.0,Left,Mid On,0.0,0,0.0,0.0,,LengthBall,OutsideOff,,None,BackFoot,Pushed,NoMovement,Round,Medium,Right,Null,NotReferred,Null,False,False,False,False,False,True,,False,False,False,False,False,False,0.0,0.0,0.0,0.0,0.0,False,False
1638652,39,3.38,6,0,0,132,7,6,76299,,39456,County Championship Division Two 2026,2,50,Lancashire Men,38,Middlesex Men,8757065,2026-09-03T15:31:24Z,6,234,False,,,,1739.0,Toby Roland-Jones,2949.0,George Balderson,7706.0,Noman Ali,,,Left,Wicketkeeper,0.0,0,0.0,0.0,,LengthBall,MiddleStump,,PlayAndMissLegSide,BackFoot,Glance,SeamIn,Round,Medium,Right,Null,NotReferred,Null,False,False,False,False,False,True,,False,False,False,False,False,False,0.0,0.0,0.0,0.0,0.0,False,False
1638667,40,3.3,0,0,0,132,7,0,76299,,39456,County Championship Division Two 2026,2,50,Lancashire Men,38,Middlesex Men,8757083,2026-09-03T15:32:30Z,1,235,False,,,,15371.0,Naavya Sharma,7706.0,Noman Ali,2949.0,George Balderson,310.0,48.0,Left,Extra Cover,0.0,0,0.0,0.0,,LengthBall,OutsideOff,,None,FrontFoot,ForwardDefensive,NoMovement,Round,FastSeam,Right,Null,NotReferred,Null,False,False,False,False,False,True,,False,False,False,False,False,False,0.0,0.0,0.0,0.0,0.0,False,False
1638667,40,3.3,0,0,0,132,7,0,76299,,39456,County Championship Division Two 2026,2,50,Lancashire Men,38,Middlesex Men,8757089,2026-09-03T15:33:09Z,2,236,False,,,,15371.0,Naavya Sharma,7706.0,Noman Ali,2949.0,George Balderson,232.0,52.0,Left,Mid Wicket,0.0,0,0.0,0.0,,LengthBall,OffStump,,None,FrontFoot,ForwardDefensive,NoMovement,Round,FastSeam,Right,Null,NotReferred,Null,False,False,False,False,False,True,,False,False,False,False,False,False,0.0,0.0,0.0,0.0,0.0,False,False
1638667,40,3.3,0,0,0,132,7,0,76299,,39456,County Championship Division Two 2026,2,50,Lancashire Men,38,Middlesex Men,8757105,2026-09-03T15:33:48Z,3,237,False,,,,15371.0,Naavya Sharma,7706.0,Noman Ali,2949.0,George Balderson,14.0,50.0,Left,Backward Point,0.0,0,0.0,0.0,,LengthBall,OutsideOff,,None,FrontFoot,ForwardDefensive,NoMovement,Round,FastSeam,Right,Null,NotReferred,Null,False,False,False,False,False,True,,False,False,False,False,False,False,0.0,0.0,0.0,0.0,0.0,False,False
1638667,40,3.3,0,0,0,132,7,0,76299,,39456,County Championship Division Two 2026,2,50,Lancashire Men,38,Middlesex Men,8757116,2026-09-03T15:34:30Z,4,238,False,,,,15371.0,Naavya Sharma,7706.0,Noman Ali,2949.0,George Balderson,,,Left,Wicketkeeper,0.0,0,0.0,0.0,,LengthBall,MiddleStump,,PlayAndMissLegSide,BackFoot,Glance,SeamIn,Round,FastSeam,Right,Null,NotReferred,Null,False,False,False,False,False,True,,False,False,False,False,False,False,0.0,0.0,0.0,0.0,0.0,False,False
1638667,40,3.3,0,0,0,132,7,0,76299,,39456,County Championship Division Two 2026,2,50,Lancashire Men,38,Middlesex Men,8757128,2026-09-03T15:35:09Z,5,239,False,,,,15371.0,Naavya Sharma,7706.0,Noman Ali,2949.0,George Balderson,340.0,53.0,Left,Cover,0.0,0,0.0,0.0,,LengthBall,OutsideOff,,None,FrontFoot,Drive,NoMovement,Round,FastSeam,Right,Null,NotReferred,Null,False,False,False,False,False,True,,False,False,False,False,False,False,0.0,0.0,0.0,0.0,0.0,False,False
1638667,40,3.3,0,0,0,132,7,0,76299,,39456,County Championship Division Two 2026,2,50,Lancashire Men,38,Middlesex Men,8757135,2026-09-03T15:35:51Z,6,240,False,,,,15371.0,Naavya Sharma,7706.0,Noman Ali,2949.0,George Balderson,326.0,50.0,Left,Extra Cover,0.0,0,0.0,0.0,,LengthBall,OutsideOff,,None,FrontFoot,Drive,NoMovement,Round,FastSeam,Right,Null,NotReferred,Null,False,False,False,False,False,True,,False,False,False,False,False,False,0.0,0.0,0.0,0.0,0.0,False,False
1638679,41,3.32,4,0,0,136,7,4,76299,,39456,County Championship Division Two 2026,2,50,Lancashire Men,38,Middlesex Men,8757162,2026-09-03T15:36:57Z,1,241,False,,,,39.0,Ryan Higgins,2949.0,George Balderson,7706.0,Noman Ali,,,Left,Wicketkeeper,0.0,0,0.0,0.0,,BackOfALength,OutsideOff,,Left,BackFoot,Leave,SeamAway,Round,Medium,Right,Null,NotReferred,Null,False,False,False,False,False,True,,False,False,False,False,False,False,0.0,0.0,0.0,0.0,0.0,False,False
1638679,41,3.32,4,0,0,136,7,4,76299,,39456,County Championship Division Two 2026,2,50,Lancashire Men,38,Middlesex Men,8757168,2026-09-03T15:37:28Z,2,242,False,,,,39.0,Ryan Higgins,2949.0,George Balderson,7706.0,Noman Ali,,,Left,Wicketkeeper,0.0,0,0.0,0.0,,BackOfALength,OutsideOff,,Missed,BackFoot,Cut,NoMovement,Round,Medium,Right,Null,NotReferred,Null,False,False,False,False,False,True,,False,False,False,False,False,False,0.0,0.0,0.0,0.0,0.0,False,False
1638679,41,3.32,4,0,0,136,7,4,76299,,39456,County Championship Division Two 2026,2,50,Lancashire Men,38,Middlesex Men,8757176,2026-09-03T15:37:57Z,3,243,False,,,,39.0,Ryan Higgins,2949.0,George Balderson,7706.0,Noman Ali,,,Left,Wicketkeeper,0.0,0,0.0,0.0,,BackOfALength,OutsideOff,,Left,FrontFoot,Leave,SeamAway,Round,Medium,Right,Null,NotReferred,Null,False,False,False,False,False,True,,False,False,False,False,False,False,0.0,0.0,0.0,0.0,0.0,False,False
1638679,41,3.32,4,0,0,136,7,4,76299,,39456,County Championship Division Two 2026,2,50,Lancashire Men,38,Middlesex Men,8757192,2026-09-03T15:38:29Z,4,244,False,,,,39.0,Ryan Higgins,2949.0,George Balderson,7706.0,Noman Ali,,,Left,Wicketkeeper,0.0,0,0.0,0.0,,LengthBall,LegStump,,Missed,FrontFoot,ForwardDefensive,SeamAway,Over,Medium,Right,Null,NotReferred,Null,False,False,False,False,False,True,,False,False,False,False,False,False,0.0,0.0,0.0,0.0,0.0,False,False
1638679,41,3.32,4,0,0,136,7,4,76299,,39456,County Championship Division Two 2026,2,50,Lancashire Men,38,Middlesex Men,8757196,2026-09-03T15:38:58Z,5,245,False,,,,39.0,Ryan Higgins,2949.0,George Balderson,7706.0,Noman Ali,191.0,172.0,Left,,4.0,0,4.0,4.0,,LengthBall,DownLeg,,WellTimed,FrontFoot,Flick,NoMovement,Over,Medium,Right,Null,NotReferred,Null,False,False,False,False,False,True,,False,False,False,False,False,False,4.0,0.0,0.0,0.0,0.0,True,False
1638679,41,3.32,4,0,0,136,7,4,76299,,39456,County Championship Division Two 2026,2,50,Lancashire Men,38,Middlesex Men,8757210,2026-09-03T15:39:44Z,6,246,False,,,,39.0,Ryan Higgins,2949.0,George Balderson,7706.0,Noman Ali,,,Left,Wicketkeeper,0.0,0,0.0,0.0,,LengthBall,DownLeg,,Missed,FrontFoot,ForwardDefensive,SeamAway,Over,Medium,Right,Null,NotReferred,Null,False,False,False,False,False,True,,False,False,False,False,False,False,0.0,0.0,0.0,0.0,0.0,False,False
1638690,42,3.29,2,0,0,138,7,2,76299,,39456,County Championship Division Two 2026,2,50,Lancashire Men,38,Middlesex Men,8757225,2026-09-03T15:40:42Z,1,247,False,,,,15371.0,Naavya Sharma,7706.0,Noman Ali,2949.0,George Balderson,,,Left,Wicketkeeper,0.0,0,0.0,0.0,,LengthBall,DownLeg,,PlayAndMissLegSide,BackFoot,Glance,NoMovement,Over,FastSeam,Right,Null,NotReferred,Null,False,False,False,False,False,True,,False,False,False,False,False,False,0.0,0.0,0.0,0.0,0.0,False,False
1638690,42,3.29,2,0,0,138,7,2,76299,,39456,County Championship Division Two 2026,2,50,Lancashire Men,38,Middlesex Men,8757237,2026-09-03T15:41:20Z,2,248,False,,,,15371.0,Naavya Sharma,7706.0,Noman Ali,2949.0,George Balderson,313.0,147.0,Left,Deep Extra Cover,2.0,0,2.0,2.0,,LengthBall,OutsideOff,,WellTimed,FrontFoot,Drive,NoMovement,Round,FastSeam,Right,Null,NotReferred,Null,False,False,False,False,False,True,,False,False,False,False,False,False,2.0,0.0,0.0,0.0,0.0,False,False
1638690,42,3.29,2,0,0,138,7,2,76299,,39456,County Championship Division Two 2026,2,50,Lancashire Men,38,Middlesex Men,8757249,2026-09-03T15:42:07Z,3,249,False,,,,15371.0,Naavya Sharma,7706.0,Noman Ali,2949.0,George Balderson,,,Left,Wicketkeeper,0.0,0,0.0,0.0,,Short,DownLeg,,Left,Ducked,Leave,NoMovement,Over,FastSeam,Right,Null,NotReferred,Null,False,False,False,False,False,True,,False,False,False,False,False,False,0.0,0.0,0.0,0.0,0.0,False,False
1638690,42,3.29,2,0,0,138,7,2,76299,,39456,County Championship Division Two 2026,2,50,Lancashire Men,38,Middlesex Men,8757261,2026-09-03T15:42:46Z,4,250,False,,,,15371.0,Naavya Sharma,7706.0,Noman Ali,2949.0,George Balderson,,,Left,Wicketkeeper,0.0,0,0.0,0.0,,LengthBall,OffStump,,Missed,FrontFoot,Drive,AwaySwinger,Over,FastSeam,Right,Null,NotReferred,Null,False,False,False,False,False,True,,False,False,False,False,False,False,0.0,0.0,0.0,0.0,0.0,False,False
1638690,42,3.29,2,0,0,138,7,2,76299,,39456,County Championship Division Two 2026,2,50,Lancashire Men,38,Middlesex Men,8757274,2026-09-03T15:43:36Z,5,251,False,,,,15371.0,Naavya Sharma,7706.0,Noman Ali,2949.0,George Balderson,,,Left,Bowler,0.0,0,0.0,0.0,,LengthBall,MiddleStump,,None,FrontFoot,Drive,NoMovement,Over,FastSeam,Right,Null,NotReferred,Null,False,False,False,False,False,True,,False,False,False,False,False,False,0.0,0.0,0.0,0.0,0.0,False,False
1638690,42,3.29,2,0,0,138,7,2,76299,,39456,County Championship Division Two 2026,2,50,Lancashire Men,38,Middlesex Men,8757292,2026-09-03T15:44:29Z,6,252,False,,,,15371.0,Naavya Sharma,7706.0,Noman Ali,2949.0,George Balderson,,,Left,Wicketkeeper,0.0,0,0.0,0.0,,LengthBall,LegStump,,PlayAndMissLegSide,BackFoot,Glance,NoMovement,Over,FastSeam,Right,Null,NotReferred,Null,False,False,False,False,False,True,,False,False,False,False,False,False,0.0,0.0,0.0,0.0,0.0,False,False
1638703,43,3.3,4,0,0,142,7,4,76299,,39456,County Championship Division Two 2026,2,50,Lancashire Men,38,Middlesex Men,8757305,2026-09-03T15:45:16Z,1,253,False,,,,39.0,Ryan Higgins,2949.0,George Balderson,7706.0,Noman Ali,,,Left,Wicketkeeper,0.0,0,0.0,0.0,,LengthBall,MiddleStump,,PlayAndMissLegSide,BackFoot,Glance,NoMovement,Round,Medium,Right,Null,NotReferred,Null,False,False,False,False,False,True,,False,False,False,False,False,False,0.0,0.0,0.0,0.0,0.0,False,False
1638703,43,3.3,4,0,0,142,7,4,76299,,39456,County Championship Division Two 2026,2,50,Lancashire Men,38,Middlesex Men,8757314,2026-09-03T15:45:47Z,2,254,False,,,,39.0,Ryan Higgins,2949.0,George Balderson,7706.0,Noman Ali,71.0,161.0,Left,,4.0,0,4.0,4.0,,BackOfALength,OutsideOff,,TopEdge,BackFoot,Cut,SeamAway,Round,Medium,Right,Null,NotReferred,Null,False,False,False,False,False,True,,False,False,False,False,False,False,4.0,0.0,0.0,0.0,0.0,True,True
1638703,43,3.3,4,0,0,142,7,4,76299,,39456,County Championship Division Two 2026,2,50,Lancashire Men,38,Middlesex Men,8757323,2026-09-03T15:46:26Z,3,255,False,,,,39.0,Ryan Higgins,2949.0,George Balderson,7706.0,Noman Ali,11.0,49.0,Left,Backward Point,0.0,0,0.0,0.0,,LengthBall,OutsideOff,,None,FrontFoot,ForwardDefensive,NoMovement,Round,Medium,Right,Null,NotReferred,Null,False,False,False,False,False,True,,False,False,False,False,False,False,0.0,0.0,0.0,0.0,0.0,False,False
1638703,43,3.3,4,0,0,142,7,4,76299,,39456,County Championship Division Two 2026,2,50,Lancashire Men,38,Middlesex Men,8757331,2026-09-03T15:46:56Z,4,256,False,,,,39.0,Ryan Higgins,2949.0,George Balderson,7706.0,Noman Ali,261.0,61.0,Left,Mid On,0.0,0,0.0,0.0,,LengthBall,OutsideOff,,None,FrontFoot,ForwardDefensive,NoMovement,Round,Medium,Right,Null,NotReferred,Null,False,False,False,False,False,True,,False,False,False,False,False,False,0.0,0.0,0.0,0.0,0.0,False,False
1638703,43,3.3,4,0,0,142,7,4,76299,,39456,County Championship Division Two 2026,2,50,Lancashire Men,38,Middlesex Men,8757338,2026-09-03T15:47:24Z,5,257,False,,,,39.0,Ryan Higgins,2949.0,George Balderson,7706.0,Noman Ali,,,Left,Wicketkeeper,0.0,0,0.0,0.0,,LengthBall,OutsideOff,Caught,Missed,FrontFoot,ForwardDefensive,SeamAway,Round,Medium,Right,Null,NotReferred,Null,False,False,False,False,False,True,1861.0,False,False,False,False,False,False,0.0,0.0,0.0,0.0,0.0,False,False
1638703,43,3.3,4,0,0,142,7,4,76299,,39456,County Championship Division Two 2026,2,50,Lancashire Men,38,Middlesex Men,8757342,2026-09-03T15:47:54Z,6,258,False,,,,39.0,Ryan Higgins,2949.0,George Balderson,7706.0,Noman Ali,,,Left,Bowler,0.0,0,0.0,0.0,,LengthBall,OutsideOff,,None,FrontFoot,ForwardDefensive,NoMovement,Round,Medium,Right,Null,NotReferred,Null,False,False,False,False,False,True,,False,False,False,False,False,False,0.0,0.0,0.0,0.0,0.0,False,False
1638711,44,3.27,2,0,0,144,7,2,76299,,39456,County Championship Division Two 2026,2,50,Lancashire Men,38,Middlesex Men,8757362,2026-09-03T15:49:21Z,1,259,False,,,,2683.0,Tom Helm,7706.0,Noman Ali,2949.0,George Balderson,10.0,54.0,Left,Backward Point,0.0,0,0.0,0.0,,BackOfALength,OutsideOff,,None,BackFoot,BackwardDefensive,NoMovement,Round,FastSeam,Right,Null,NotReferred,Null,False,False,False,False,False,True,,False,False,False,False,False,False,0.0,0.0,0.0,0.0,0.0,False,False
1638711,44,3.27,2,0,0,144,7,2,76299,,39456,County Championship Division Two 2026,2,50,Lancashire Men,38,Middlesex Men,8757375,2026-09-03T15:49:57Z,2,260,False,,,,2683.0,Tom Helm,7706.0,Noman Ali,2949.0,George Balderson,128.0,121.0,Left,Fine Leg,0.0,1,1.0,0.0,,BackOfALength,MiddleStump,,HitPad,BackFoot,Glance,NoMovement,Round,FastSeam,Right,Null,NotReferred,Null,False,False,False,True,False,True,,False,False,False,False,False,False,1.0,0.0,0.0,1.0,0.0,False,False
1638711,44,3.27,2,0,0,144,7,2,76299,,39456,County Championship Division Two 2026,2,50,Lancashire Men,38,Middlesex Men,8757383,2026-09-03T15:50:34Z,3,261,False,,,,2683.0,Tom Helm,2949.0,George Balderson,7706.0,Noman Ali,233.0,61.0,Left,Mid Wicket,0.0,0,0.0,0.0,,LengthBall,OutsideOff,,InsideEdge,FrontFoot,Drive,NoMovement,Round,FastSeam,Right,Null,NotReferred,Null,False,False,False,False,False,True,,False,False,False,False,False,False,0.0,0.0,0.0,0.0,0.0,False,False
1638711,44,3.27,2,0,0,144,7,2,76299,,39456,County Championship Division Two 2026,2,50,Lancashire Men,38,Middlesex Men,8757394,2026-09-03T15:51:16Z,4,262,False,,,,2683.0,Tom Helm,2949.0,George Balderson,7706.0,Noman Ali,131.0,35.0,Left,Short Fine Leg,1.0,0,1.0,1.0,,BackOfALength,OutsideOff,,InsideEdge,BackFoot,Cut,SeamIn,Round,FastSeam,Right,Null,NotReferred,Null,False,False,False,False,False,True,,False,False,False,False,False,False,1.0,0.0,0.0,0.0,0.0,False,False
1638711,44,3.27,2,0,0,144,7,2,76299,,39456,County Championship Division Two 2026,2,50,Lancashire Men,38,Middlesex Men,8757411,2026-09-03T15:52:06Z,5,263,False,,,,2683.0,Tom Helm,7706.0,Noman Ali,2949.0,George Balderson,18.0,55.0,Left,Backward Point,0.0,0,0.0,0.0,,BackOfALength,OutsideOff,,None,BackFoot,LateCut,NoMovement,Round,FastSeam,Right,Null,NotReferred,Null,False,False,False,False,False,True,,False,False,False,False,False,False,0.0,0.0,0.0,0.0,0.0,False,False
1638711,44,3.27,2,0,0,144,7,2,76299,,39456,County Championship Division Two 2026,2,50,Lancashire Men,38,Middlesex Men,8757419,2026-09-03T15:52:39Z,6,264,False,,,,2683.0,Tom Helm,7706.0,Noman Ali,2949.0,George Balderson,,,Left,Wicketkeeper,0.0,0,0.0,0.0,,Short,OutsideOff,,Missed,BackFoot,UpperCut,NoMovement,Round,FastSeam,Right,Null,NotReferred,Null,False,False,False,False,False,True,,False,False,False,False,False,False,0.0,0.0,0.0,0.0,0.0,False,False
1638722,45,3.24,2,0,0,146,7,2,76299,,39456,County Championship Division Two 2026,2,50,Lancashire Men,38,Middlesex Men,8757429,2026-09-03T15:53:25Z,1,265,False,,,,39.0,Ryan Higgins,2949.0,George Balderson,7706.0,Noman Ali,,,Left,Bowler,0.0,0,0.0,0.0,,LengthBall,OutsideOff,,None,FrontFoot,ForwardDefensive,NoMovement,Round,Medium,Right,Null,NotReferred,Null,False,False,False,False,False,True,,False,False,False,False,False,False,0.0,0.0,0.0,0.0,0.0,False,False
1638722,45,3.24,2,0,0,146,7,2,76299,,39456,County Championship Division Two 2026,2,50,Lancashire Men,38,Middlesex Men,8757442,2026-09-03T15:54:01Z,2,266,False,,,,39.0,Ryan Higgins,2949.0,George Balderson,7706.0,Noman Ali,17.0,55.0,Left,Backward Point,0.0,0,0.0,0.0,,LengthBall,OutsideOff,,None,FrontFoot,ForwardDefensive,NoMovement,Round,Medium,Right,Null,NotReferred,Null,False,False,False,False,False,True,,False,False,False,False,False,False,0.0,0.0,0.0,0.0,0.0,False,False
1638722,45,3.24,2,0,0,146,7,2,76299,,39456,County Championship Division Two 2026,2,50,Lancashire Men,38,Middlesex Men,8757460,2026-09-03T15:54:44Z,3,267,False,,,,39.0,Ryan Higgins,2949.0,George Balderson,7706.0,Noman Ali,262.0,66.0,Left,Mid On,0.0,0,0.0,0.0,,LengthBall,OutsideOff,,None,FrontFoot,Drive,NoMovement,Round,Medium,Right,Null,NotReferred,Null,False,False,False,False,False,True,,False,False,False,False,False,False,0.0,0.0,0.0,0.0,0.0,False,False
1638722,45,3.24,2,0,0,146,7,2,76299,,39456,County Championship Division Two 2026,2,50,Lancashire Men,38,Middlesex Men,8757468,2026-09-03T15:55:21Z,4,268,False,,,,39.0,Ryan Higgins,2949.0,George Balderson,7706.0,Noman Ali,132.0,120.0,Left,Fine Leg,1.0,0,1.0,1.0,,LengthBall,OutsideOff,,InsideEdge,FrontFoot,ForwardDefensive,SeamIn,Round,Medium,Right,Null,NotReferred,Null,False,False,False,False,False,True,,False,False,False,False,False,False,1.0,0.0,0.0,0.0,0.0,False,False
1638722,45,3.24,2,0,0,146,7,2,76299,,39456,County Championship Division Two 2026,2,50,Lancashire Men,38,Middlesex Men,8757478,2026-09-03T15:56:03Z,5,269,False,,,,39.0,Ryan Higgins,7706.0,Noman Ali,2949.0,George Balderson,309.0,49.0,Left,Extra Cover,0.0,0,0.0,0.0,,LengthBall,OutsideOff,,None,FrontFoot,ForwardDefensive,NoMovement,Round,Medium,Right,Null,NotReferred,Null,False,False,False,False,False,True,,False,False,False,False,False,False,0.0,0.0,0.0,0.0,0.0,False,False
1638722,45,3.24,2,0,0,146,7,2,76299,,39456,County Championship Division Two 2026,2,50,Lancashire Men,38,Middlesex Men,8757488,2026-09-03T15:56:35Z,6,270,False,,,,39.0,Ryan Higgins,7706.0,Noman Ali,2949.0,George Balderson,250.0,89.0,Left,Mid On,1.0,0,1.0,1.0,,HalfVolley,OffStump,,None,FrontFoot,Drive,NoMovement,Round,Medium,Right,Null,NotReferred,Null,False,False,False,False,False,True,,False,False,False,False,False,False,1.0,0.0,0.0,0.0,0.0,False,False
1638735,46,3.28,5,1,0,151,8,5,76299,,39456,County Championship Division Two 2026,2,50,Lancashire Men,38,Middlesex Men,8757504,2026-09-03T15:57:29Z,1,271,False,,,,2683.0,Tom Helm,7706.0,Noman Ali,2949.0,George Balderson,332.0,45.0,Left,Cover,0.0,0,0.0,0.0,,LengthBall,OutsideOff,,None,FrontFoot,ForwardDefensive,NoMovement,Round,FastSeam,Right,Null,NotReferred,Null,False,False,False,False,False,True,,False,False,False,False,False,False,0.0,0.0,0.0,0.0,0.0,False,False
1638735,46,3.28,5,1,0,151,8,5,76299,,39456,County Championship Division Two 2026,2,50,Lancashire Men,38,Middlesex Men,8757515,2026-09-03T15:58:01Z,2,272,False,,,,2683.0,Tom Helm,7706.0,Noman Ali,2949.0,George Balderson,133.0,23.0,Left,Short Fine Leg,1.0,0,1.0,1.0,,BackOfALength,OutsideOff,,InsideEdge,BackFoot,BackwardDefensive,SeamIn,Round,FastSeam,Right,Null,NotReferred,Null,False,False,False,False,False,True,,False,False,False,False,False,False,1.0,0.0,0.0,0.0,0.0,False,False
1638735,46,3.28,5,1,0,151,8,5,76299,,39456,County Championship Division Two 2026,2,50,Lancashire Men,38,Middlesex Men,8757534,2026-09-03T15:58:39Z,3,273,True,Caught,2949.0,George Balderson,2683.0,Tom Helm,2949.0,George Balderson,7706.0,Noman Ali,,,Left,Wicketkeeper,0.0,0,0.0,0.0,Caught,LengthBall,OutsideOff,Caught,OutsideEdge,FrontFoot,Drive,SeamAway,Round,FastSeam,Right,Null,NotReferred,Null,False,False,False,False,False,True,1815.0,False,False,False,False,False,False,0.0,0.0,0.0,0.0,0.0,False,False
1638735,46,3.28,5,1,0,151,8,5,76299,,39456,County Championship Division Two 2026,2,50,Lancashire Men,38,Middlesex Men,8757557,2026-09-03T16:00:36Z,4,274,False,,,,2683.0,Tom Helm,247.0,Tom Bailey,7706.0,Noman Ali,,,Right,Wicketkeeper,0.0,0,0.0,0.0,,Short,OutsideOff,,Left,Ducked,Leave,NoMovement,Over,FastSeam,Right,Null,NotReferred,Null,False,False,False,False,False,True,,False,False,False,False,False,False,0.0,0.0,0.0,0.0,0.0,False,False
1638735,46,3.28,5,1,0,151,8,5,76299,,39456,County Championship Division Two 2026,2,50,Lancashire Men,38,Middlesex Men,8757571,2026-09-03T16:01:08Z,5,275,False,,,,2683.0,Tom Helm,247.0,Tom Bailey,7706.0,Noman Ali,117.0,161.0,Right,,4.0,0,4.0,4.0,,LengthBall,OutsideOff,,OutsideEdge,FrontFoot,Drive,SeamAway,Over,FastSeam,Right,Null,NotReferred,Null,False,False,False,False,False,True,,False,False,False,False,False,False,4.0,0.0,0.0,0.0,0.0,True,True
1638735,46,3.28,5,1,0,151,8,5,76299,,39456,County Championship Division Two 2026,2,50,Lancashire Men,38,Middlesex Men,8757581,2026-09-03T16:02:03Z,6,276,False,,,,2683.0,Tom Helm,247.0,Tom Bailey,7706.0,Noman Ali,168.0,61.0,Right,Backward Point,0.0,0,0.0,0.0,,BackOfALength,OutsideOff,,None,BackFoot,Cut,NoMovement,Over,FastSeam,Right,Null,NotReferred,Null,False,False,False,False,False,True,,False,False,False,False,False,False,0.0,0.0,0.0,0.0,0.0,False,False
1638752,47,3.21,0,1,0,151,9,0,76299,,39456,County Championship Division Two 2026,2,50,Lancashire Men,38,Middlesex Men,8757603,2026-09-03T16:03:07Z,1,277,True,Caught,7706.0,Noman Ali,39.0,Ryan Higgins,7706.0,Noman Ali,247.0,Tom Bailey,263.0,75.0,Left,Mid On,0.0,0,0.0,0.0,Caught,HalfVolley,OutsideOff,Caught,MisTimed,FrontFoot,Drive,NoMovement,Round,Medium,Right,Null,NotReferred,Null,False,False,False,False,False,True,1861.0,False,False,False,False,False,False,0.0,0.0,0.0,0.0,0.0,False,True
1638752,47,3.21,0,1,0,151,9,0,76299,,39456,County Championship Division Two 2026,2,50,Lancashire Men,38,Middlesex Men,8757632,2026-09-03T16:05:21Z,2,278,False,,,,39.0,Ryan Higgins,202.0,James Anderson,247.0,Tom Bailey,26.0,53.0,Left,Backward Point,0.0,0,0.0,0.0,,LengthBall,OutsideOff,,OutsideEdge,FrontFoot,ForwardDefensive,NoMovement,Round,Medium,Right,Null,NotReferred,Null,False,False,False,False,False,True,,False,False,False,False,False,False,0.0,0.0,0.0,0.0,0.0,False,False
1638752,47,3.21,0,1,0,151,9,0,76299,,39456,County Championship Division Two 2026,2,50,Lancashire Men,38,Middlesex Men,8757643,2026-09-03T16:05:53Z,3,279,False,,,,39.0,Ryan Higgins,202.0,James Anderson,247.0,Tom Bailey,,,Left,Wicketkeeper,0.0,0,0.0,0.0,,LengthBall,OutsideOff,,Left,FrontFoot,Leave,SeamAway,Round,Medium,Right,Null,NotReferred,Null,False,False,False,False,False,True,,False,False,False,False,False,False,0.0,0.0,0.0,0.0,0.0,False,False
1638752,47,3.21,0,1,0,151,9,0,76299,,39456,County Championship Division Two 2026,2,50,Lancashire Men,38,Middlesex Men,8757646,2026-09-03T16:06:23Z,4,280,False,,,,39.0,Ryan Higgins,202.0,James Anderson,247.0,Tom Bailey,,,Left,Wicketkeeper,0.0,0,0.0,0.0,,LengthBall,OutsideOff,,Left,FrontFoot,Leave,NoMovement,Round,Medium,Right,Null,NotReferred,Null,False,False,False,False,False,True,,False,False,False,False,False,False,0.0,0.0,0.0,0.0,0.0,False,False
1638752,47,3.21,0,1,0,151,9,0,76299,,39456,County Championship Division Two 2026,2,50,Lancashire Men,38,Middlesex Men,8757656,2026-09-03T16:06:49Z,5,281,False,,,,39.0,Ryan Higgins,202.0,James Anderson,247.0,Tom Bailey,333.0,52.0,Left,Cover,0.0,0,0.0,0.0,,HalfVolley,OutsideOff,,None,FrontFoot,Drive,NoMovement,Round,Medium,Right,Null,NotReferred,Null,False,False,False,False,False,True,,False,False,False,False,False,False,0.0,0.0,0.0,0.0,0.0,False,False
1638752,47,3.21,0,1,0,151,9,0,76299,,39456,County Championship Division Two 2026,2,50,Lancashire Men,38,Middlesex Men,8757667,2026-09-03T16:07:21Z,6,282,False,,,,39.0,Ryan Higgins,202.0,James Anderson,247.0,Tom Bailey,288.0,62.0,Left,Mid Off,0.0,0,0.0,0.0,,LengthBall,OutsideOff,,None,FrontFoot,Drive,NoMovement,Round,Medium,Right,Null,NotReferred,Null,False,False,False,False,False,True,,False,False,False,False,False,False,0.0,0.0,0.0,0.0,0.0,False,False
1638765,48,3.15,0,0,0,151,9,0,76299,,39456,County Championship Division Two 2026,2,50,Lancashire Men,38,Middlesex Men,8757686,2026-09-03T16:08:30Z,1,283,False,,,,2683.0,Tom Helm,247.0,Tom Bailey,202.0,James Anderson,,,Right,Wicketkeeper,0.0,0,0.0,0.0,,Short,OutsideOff,,Missed,BackFoot,Pull,NoMovement,Over,FastSeam,Right,Null,NotReferred,Null,False,False,False,False,False,True,,False,False,False,False,False,False,0.0,0.0,0.0,0.0,0.0,False,False
1638765,48,3.15,0,0,0,151,9,0,76299,,39456,County Championship Division Two 2026,2,50,Lancashire Men,38,Middlesex Men,8757696,2026-09-03T16:09:13Z,2,284,False,,,,2683.0,Tom Helm,247.0,Tom Bailey,202.0,James Anderson,313.0,89.0,Right,Mid Wicket,0.0,0,0.0,0.0,,BackOfALength,OutsideOff,,MisTimed,BackFoot,Pull,NoMovement,Over,FastSeam,Right,Null,NotReferred,Null,False,False,False,False,False,True,,False,False,False,False,False,False,0.0,0.0,0.0,0.0,0.0,False,False
1638765,48,3.15,0,0,0,151,9,0,76299,,39456,County Championship Division Two 2026,2,50,Lancashire Men,38,Middlesex Men,8757706,2026-09-03T16:09:57Z,3,285,False,,,,2683.0,Tom Helm,247.0,Tom Bailey,202.0,James Anderson,,,Right,Wicketkeeper,0.0,0,0.0,0.0,,Short,OutsideOff,,Missed,BackFoot,Pull,NoMovement,Over,FastSeam,Right,Null,NotReferred,Null,False,False,False,False,False,True,,False,False,False,False,False,False,0.0,0.0,0.0,0.0,0.0,False,False
1638765,48,3.15,0,0,0,151,9,0,76299,,39456,County Championship Division Two 2026,2,50,Lancashire Men,38,Middlesex Men,8757713,2026-09-03T16:10:35Z,4,286,False,,,,2683.0,Tom Helm,247.0,Tom Bailey,202.0,James Anderson,258.0,147.0,Right,Long Off,0.0,0,0.0,0.0,,HalfVolley,OutsideOff,,MisTimed,FrontFoot,Drive,NoMovement,Over,FastSeam,Right,Null,NotReferred,Null,False,False,False,False,False,True,,False,False,False,False,False,False,0.0,0.0,0.0,0.0,0.0,False,True
1638765,48,3.15,0,0,0,151,9,0,76299,,39456,County Championship Division Two 2026,2,50,Lancashire Men,38,Middlesex Men,8757723,2026-09-03T16:11:15Z,5,287,False,,,,2683.0,Tom Helm,247.0,Tom Bailey,202.0,James Anderson,,,Right,Wicketkeeper,0.0,0,0.0,0.0,,Short,OutsideOff,,Left,SwayedAway,Leave,NoMovement,Over,FastSeam,Right,Null,NotReferred,Null,False,False,False,False,False,True,,False,False,False,False,False,False,0.0,0.0,0.0,0.0,0.0,False,False
1638765,48,3.15,0,0,0,151,9,0,76299,,39456,County Championship Division Two 2026,2,50,Lancashire Men,38,Middlesex Men,8757736,2026-09-03T16:11:55Z,6,288,False,,,,2683.0,Tom Helm,247.0,Tom Bailey,202.0,James Anderson,,,Right,Wicketkeeper,0.0,0,0.0,0.0,,LengthBall,OutsideOff,,Missed,FrontFoot,Drive,SlowerBall,Over,FastSeam,Right,Null,NotReferred,Null,False,False,False,False,False,True,,False,False,False,False,False,False,0.0,0.0,0.0,0.0,0.0,False,False
1638775,49,3.08,0,1,0,151,10,0,76299,,39456,County Championship Division Two 2026,2,50,Lancashire Men,38,Middlesex Men,8757748,2026-09-03T16:12:51Z,1,289,False,,,,39.0,Ryan Higgins,202.0,James Anderson,247.0,Tom Bailey,,,Left,Wicketkeeper,0.0,0,0.0,0.0,,LengthBall,OutsideOff,,Missed,FrontFoot,Drive,SeamAway,Round,Medium,Right,Null,NotReferred,Null,False,False,False,False,False,True,,False,False,False,False,False,False,0.0,0.0,0.0,0.0,0.0,False,False
1638775,49,3.08,0,1,0,151,10,0,76299,,39456,County Championship Division Two 2026,2,50,Lancashire Men,38,Middlesex Men,8757758,2026-09-03T16:13:18Z,2,290,False,,,,39.0,Ryan Higgins,202.0,James Anderson,247.0,Tom Bailey,,,Left,Wicketkeeper,0.0,0,0.0,0.0,,BackOfALength,OutsideOff,,Missed,FrontFoot,ForwardDefensive,SeamAway,Round,Medium,Right,Null,NotReferred,Null,False,False,False,False,False,True,,False,False,False,False,False,False,0.0,0.0,0.0,0.0,0.0,False,False
1638775,49,3.08,0,1,0,151,10,0,76299,,39456,County Championship Division Two 2026,2,50,Lancashire Men,38,Middlesex Men,8757765,2026-09-03T16:13:48Z,3,291,False,,,,39.0,Ryan Higgins,202.0,James Anderson,247.0,Tom Bailey,,,Left,Wicketkeeper,0.0,0,0.0,0.0,,BackOfALength,OutsideOff,,Left,FrontFoot,Leave,NoMovement,Round,Medium,Right,Null,NotReferred,Null,False,False,False,False,False,True,,False,False,False,False,False,False,0.0,0.0,0.0,0.0,0.0,False,False
1638775,49,3.08,0,1,0,151,10,0,76299,,39456,County Championship Division Two 2026,2,50,Lancashire Men,38,Middlesex Men,8757772,2026-09-03T16:14:16Z,4,292,False,,,,39.0,Ryan Higgins,202.0,James Anderson,247.0,Tom Bailey,,,Left,Bowler,0.0,0,0.0,0.0,,LengthBall,OutsideOff,,None,FrontFoot,Drive,NoMovement,Round,Medium,Right,Null,NotReferred,Null,False,False,False,False,False,True,,False,False,False,False,False,False,0.0,0.0,0.0,0.0,0.0,False,False
1638775,49,3.08,0,1,0,151,10,0,76299,,39456,County Championship Division Two 2026,2,50,Lancashire Men,38,Middlesex Men,8757815,2026-09-03T16:16:33Z,5,293,True,Bowled,202.0,James Anderson,39.0,Ryan Higgins,202.0,James Anderson,247.0,Tom Bailey,,,Left,,0.0,0,0.0,0.0,Bowled,LengthBall,OutsideOff,Bowled,Missed,FrontFoot,ForwardDefensive,NoMovement,Round,Medium,Right,Null,NotReferred,Null,False,False,False,False,False,True,1861.0,False,False,False,False,False,False,0.0,0.0,0.0,0.0,0.0,False,False
1638828,2,4.0,6,0,0,8,0,6,76314,,39456,County Championship Division Two 2026,3,38,Middlesex Men,50,Lancashire Men,8758052,2026-09-03T16:31:25Z,1,7,False,,,,247.0,Tom Bailey,78.0,Sam Robson,3829.0,Luke Hollman,189.0,172.0,Right,,4.0,0,4.0,4.0,,BackOfALength,OutsideOff,,WellTimed,BackFoot,Drive,NoMovement,Over,Medium,Right,Null,NotReferred,Null,False,False,False,False,False,True,,False,False,False,False,False,False,4.0,0.0,0.0,0.0,0.0,True,False
1638828,2,4.0,6,0,0,8,0,6,76314,,39456,County Championship Division Two 2026,3,38,Middlesex Men,50,Lancashire Men,8758065,2026-09-03T16:32:10Z,2,8,False,,,,247.0,Tom Bailey,78.0,Sam Robson,3829.0,Luke Hollman,161.0,44.0,Right,Backward Point,0.0,0,0.0,0.0,,BackOfALength,OutsideOff,Lbw,HitPad,BackFoot,BackwardDefensive,SeamIn,Over,Medium,Right,Null,NotReferred,Null,False,False,False,False,False,True,1815.0,False,False,False,False,False,False,0.0,0.0,0.0,0.0,0.0,False,False
1638828,2,4.0,6,0,0,8,0,6,76314,,39456,County Championship Division Two 2026,3,38,Middlesex Men,50,Lancashire Men,8758076,2026-09-03T16:32:39Z,3,3,False,,,,247.0,Tom Bailey,78.0,Sam Robson,3829.0,Luke Hollman,194.0,62.0,Right,Cover,1.0,0,1.0,1.0,,BackOfALength,OutsideOff,,None,BackFoot,Cut,NoMovement,Over,Medium,Right,Null,NotReferred,Null,False,False,False,False,False,True,,False,False,False,False,False,False,1.0,0.0,0.0,0.0,0.0,False,False
1638828,2,4.0,6,0,0,8,0,6,76314,,39456,County Championship Division Two 2026,3,38,Middlesex Men,50,Lancashire Men,8758084,2026-09-03T16:33:24Z,4,10,False,,,,247.0,Tom Bailey,3829.0,Luke Hollman,78.0,Sam Robson,16.0,52.0,Left,Backward Point,0.0,0,0.0,0.0,,LengthBall,OffStump,,None,FrontFoot,ForwardDefensive,InSwinger,Over,Medium,Right,Null,NotReferred,Null,False,False,False,False,False,True,,False,False,False,False,False,False,0.0,0.0,0.0,0.0,0.0,False,False
1638828,2,4.0,6,0,0,8,0,6,76314,,39456,County Championship Division Two 2026,3,38,Middlesex Men,50,Lancashire Men,8758094,2026-09-03T16:33:59Z,5,11,False,,,,247.0,Tom Bailey,3829.0,Luke Hollman,78.0,Sam Robson,278.0,127.0,Left,Long Off,1.0,0,1.0,1.0,,HalfVolley,OffStump,,None,FrontFoot,Drive,NoMovement,Over,Medium,Right,Null,NotReferred,Null,False,False,False,False,False,True,,False,False,False,False,False,False,1.0,0.0,0.0,0.0,0.0,False,False
1638828,2,4.0,6,0,0,8,0,6,76314,,39456,County Championship Division Two 2026,3,38,Middlesex Men,50,Lancashire Men,8758099,2026-09-03T16:34:34Z,6,12,False,,,,247.0,Tom Bailey,78.0,Sam Robson,3829.0,Luke Hollman,290.0,62.0,Right,Mid On,0.0,0,0.0,0.0,,LengthBall,OutsideOff,,None,FrontFoot,ForwardDefensive,SeamIn,Over,Medium,Right,Null,NotReferred,Null,False,False,False,False,False,True,,False,False,False,False,False,False,0.0,0.0,0.0,0.0,0.0,False,False
1638838,3,3.33,2,0,0,10,0,2,76314,,39456,County Championship Division Two 2026,3,38,Middlesex Men,50,Lancashire Men,8758112,2026-09-03T16:35:23Z,1,13,False,,,,202.0,James Anderson,3829.0,Luke Hollman,78.0,Sam Robson,,,Left,Bowler,0.0,0,0.0,0.0,,LengthBall,OutsideOff,,InsideEdge,FrontFoot,ForwardDefensive,InSwinger,Round,Medium,Right,Null,NotReferred,Null,False,False,False,False,False,True,,False,False,False,False,False,False,0.0,0.0,0.0,0.0,0.0,False,False
1638838,3,3.33,2,0,0,10,0,2,76314,,39456,County Championship Division Two 2026,3,38,Middlesex Men,50,Lancashire Men,8758124,2026-09-03T16:35:53Z,2,14,False,,,,202.0,James Anderson,3829.0,Luke Hollman,78.0,Sam Robson,195.0,57.0,Left,Square Leg,1.0,0,1.0,1.0,,LengthBall,OutsideOff,,InsideEdge,FrontFoot,ForwardDefensive,InSwinger,Round,Medium,Right,Null,NotReferred,Null,False,False,False,False,False,True,,False,False,False,False,False,False,1.0,0.0,0.0,0.0,0.0,False,False
1638838,3,3.33,2,0,0,10,0,2,76314,,39456,County Championship Division Two 2026,3,38,Middlesex Men,50,Lancashire Men,8758141,2026-09-03T16:36:45Z,3,15,False,,,,202.0,James Anderson,78.0,Sam Robson,3829.0,Luke Hollman,,,Right,Wicketkeeper,0.0,0,0.0,0.0,,LengthBall,OffStump,,Missed,FrontFoot,ForwardDefensive,AwaySwinger,Over,Medium,Right,Null,NotReferred,Null,False,False,False,False,False,True,,False,False,False,False,False,False,0.0,0.0,0.0,0.0,0.0,False,False
1638838,3,3.33,2,0,0,10,0,2,76314,,39456,County Championship Division Two 2026,3,38,Middlesex Men,50,Lancashire Men,8758155,2026-09-03T16:37:20Z,4,16,False,,,,202.0,James Anderson,78.0,Sam Robson,3829.0,Luke Hollman,317.0,56.0,Right,Mid Wicket,0.0,0,0.0,0.0,,LengthBall,OffStump,,None,FrontFoot,ForwardDefensive,NoMovement,Over,Medium,Right,Null,NotReferred,Null,False,False,False,False,False,True,,False,False,False,False,False,False,0.0,0.0,0.0,0.0,0.0,False,False
1638838,3,3.33,2,0,0,10,0,2,76314,,39456,County Championship Division Two 2026,3,38,Middlesex Men,50,Lancashire Men,8758163,2026-09-03T16:37:51Z,5,17,False,,,,202.0,James Anderson,78.0,Sam Robson,3829.0,Luke Hollman,127.0,123.0,Right,Third Man,1.0,0,1.0,1.0,,LengthBall,OutsideOff,,OutsideEdge,FrontFoot,ForwardDefensive,AwaySwinger,Over,Medium,Right,Null,NotReferred,Null,False,False,False,False,False,True,,False,False,False,False,False,False,1.0,0.0,0.0,0.0,0.0,False,False
1638838,3,3.33,2,0,0,10,0,2,76314,,39456,County Championship Division Two 2026,3,38,Middlesex Men,50,Lancashire Men,8758172,2026-09-03T16:38:29Z,6,18,False,,,,202.0,James Anderson,3829.0,Luke Hollman,78.0,Sam Robson,,,Left,Bowler,0.0,0,0.0,0.0,,LengthBall,OutsideOff,,None,FrontFoot,ForwardDefensive,NoMovement,Round,Medium,Right,Null,NotReferred,Null,False,False,False,False,False,True,,False,False,False,False,False,False,0.0,0.0,0.0,0.0,0.0,False,False
1638851,4,2.5,0,0,0,10,0,0,76314,,39456,County Championship Division Two 2026,3,38,Middlesex Men,50,Lancashire Men,8758193,2026-09-03T16:39:18Z,1,19,False,,,,247.0,Tom Bailey,78.0,Sam Robson,3829.0,Luke Hollman,205.0,52.0,Right,Cover,0.0,0,0.0,0.0,,BackOfALength,OutsideOff,,None,BackFoot,BackwardDefensive,NoMovement,Over,Medium,Right,Null,NotReferred,Null,False,False,False,False,False,True,,False,False,False,False,False,False,0.0,0.0,0.0,0.0,0.0,False,False
1638851,4,2.5,0,0,0,10,0,0,76314,,39456,County Championship Division Two 2026,3,38,Middlesex Men,50,Lancashire Men,8758200,2026-09-03T16:39:51Z,2,20,False,,,,247.0,Tom Bailey,78.0,Sam Robson,3829.0,Luke Hollman,222.0,54.0,Right,Extra Cover,0.0,0,0.0,0.0,,LengthBall,OutsideOff,,None,FrontFoot,ForwardDefensive,SeamIn,Over,Medium,Right,Null,NotReferred,Null,False,False,False,False,False,True,,False,False,False,False,False,False,0.0,0.0,0.0,0.0,0.0,False,False
1638851,4,2.5,0,0,0,10,0,0,76314,,39456,County Championship Division Two 2026,3,38,Middlesex Men,50,Lancashire Men,8758208,2026-09-03T16:40:24Z,3,21,False,,,,247.0,Tom Bailey,78.0,Sam Robson,3829.0,Luke Hollman,,,Right,Wicketkeeper,0.0,0,0.0,0.0,,BackOfALength,MiddleStump,,PlayAndMissLegSide,BackFoot,Glance,SeamIn,Over,Medium,Right,Null,NotReferred,Null,False,False,False,False,False,True,,False,False,False,False,False,False,0.0,0.0,0.0,0.0,0.0,False,False
1638851,4,2.5,0,0,0,10,0,0,76314,,39456,County Championship Division Two 2026,3,38,Middlesex Men,50,Lancashire Men,8758219,2026-09-03T16:41:02Z,4,22,False,,,,247.0,Tom Bailey,78.0,Sam Robson,3829.0,Luke Hollman,,,Right,Wicketkeeper,0.0,0,0.0,0.0,,LengthBall,OutsideOff,,Missed,FrontFoot,ForwardDefensive,SeamIn,Over,Medium,Right,Null,NotReferred,Null,False,False,False,False,False,True,,False,False,False,False,False,False,0.0,0.0,0.0,0.0,0.0,False,False
1638851,4,2.5,0,0,0,10,0,0,76314,,39456,County Championship Division Two 2026,3,38,Middlesex Men,50,Lancashire Men,8758221,2026-09-03T16:41:44Z,5,23,False,,,,247.0,Tom Bailey,78.0,Sam Robson,3829.0,Luke Hollman,,,Right,Wicketkeeper,0.0,0,0.0,0.0,,LengthBall,OutsideOff,,Missed,FrontFoot,ForwardDefensive,SeamIn,Over,Medium,Right,Null,NotReferred,Null,False,False,False,False,False,True,,False,False,False,False,False,False,0.0,0.0,0.0,0.0,0.0,False,False
1638851,4,2.5,0,0,0,10,0,0,76314,,39456,County Championship Division Two 2026,3,38,Middlesex Men,50,Lancashire Men,8758231,2026-09-03T16:42:28Z,6,24,False,,,,247.0,Tom Bailey,78.0,Sam Robson,3829.0,Luke Hollman,214.0,46.0,Right,Extra Cover,0.0,0,0.0,0.0,,BackOfALength,OutsideOff,,None,BackFoot,BackwardDefensive,NoMovement,Over,Medium,Right,Null,NotReferred,Null,False,False,False,False,False,True,,False,False,False,False,False,False,0.0,0.0,0.0,0.0,0.0,False,False
1638858,5,2.2,1,0,0,11,0,1,76314,,39456,County Championship Division Two 2026,3,38,Middlesex Men,50,Lancashire Men,8758243,2026-09-03T16:43:17Z,1,25,False,,,,202.0,James Anderson,3829.0,Luke Hollman,78.0,Sam Robson,8.0,56.0,Left,Backward Point,0.0,0,0.0,0.0,,LengthBall,OutsideOff,,None,FrontFoot,ForwardDefensive,NoMovement,Round,Medium,Right,Null,NotReferred,Null,False,False,False,False,False,True,,False,False,False,False,False,False,0.0,0.0,0.0,0.0,0.0,False,False
1638858,5,2.2,1,0,0,11,0,1,76314,,39456,County Championship Division Two 2026,3,38,Middlesex Men,50,Lancashire Men,8758252,2026-09-03T16:43:49Z,2,26,False,,,,202.0,James Anderson,3829.0,Luke Hollman,78.0,Sam Robson,193.0,33.0,Left,Square Leg,0.0,1,1.0,0.0,,LengthBall,OutsideOff,Lbw,HitPad,FrontFoot,ForwardDefensive,InSwinger,Round,Medium,Right,Null,NotReferred,Null,False,False,False,True,False,True,1861.0,False,False,False,False,False,False,1.0,0.0,0.0,1.0,0.0,False,False
1638858,5,2.2,1,0,0,11,0,1,76314,,39456,County Championship Division Two 2026,3,38,Middlesex Men,50,Lancashire Men,8758259,2026-09-03T16:44:30Z,3,27,False,,,,202.0,James Anderson,78.0,Sam Robson,3829.0,Luke Hollman,282.0,66.0,Right,Mid On,0.0,0,0.0,0.0,,LengthBall,OffStump,,None,FrontFoot,ForwardDefensive,NoMovement,Over,Medium,Right,Null,NotReferred,Null,False,False,False,False,False,True,,False,False,False,False,False,False,0.0,0.0,0.0,0.0,0.0,False,False
1638858,5,2.2,1,0,0,11,0,1,76314,,39456,County Championship Division Two 2026,3,38,Middlesex Men,50,Lancashire Men,8758264,2026-09-03T16:45:05Z,4,28,False,,,,202.0,James Anderson,78.0,Sam Robson,3829.0,Luke Hollman,194.0,53.0,Right,Cover,0.0,0,0.0,0.0,,LengthBall,OutsideOff,,None,FrontFoot,ForwardDefensive,AwaySwinger,Over,Medium,Right,Null,NotReferred,Null,False,False,False,False,False,True,,False,False,False,False,False,False,0.0,0.0,0.0,0.0,0.0,False,False
1638858,5,2.2,1,0,0,11,0,1,76314,,39456,County Championship Division Two 2026,3,38,Middlesex Men,50,Lancashire Men,8758272,2026-09-03T16:45:38Z,5,29,False,,,,202.0,James Anderson,78.0,Sam Robson,3829.0,Luke Hollman,,,Right,Wicketkeeper,0.0,0,0.0,0.0,,BackOfALength,OutsideOff,,Missed,BackFoot,BackwardDefensive,AwaySwinger,Over,Medium,Right,Null,NotReferred,Null,False,False,False,False,False,True,,False,False,False,False,False,False,0.0,0.0,0.0,0.0,0.0,False,False
1638858,5,2.2,1,0,0,11,0,1,76314,,39456,County Championship Division Two 2026,3,38,Middlesex Men,50,Lancashire Men,8758288,2026-09-03T16:46:13Z,6,30,False,,,,202.0,James Anderson,78.0,Sam Robson,3829.0,Luke Hollman,,,Right,Wicketkeeper,0.0,0,0.0,0.0,,LengthBall,MiddleStump,,PlayAndMissLegSide,BackFoot,Glance,SeamIn,Over,Medium,Right,Null,NotReferred,Null,False,False,False,False,False,True,,False,False,False,False,False,False,0.0,0.0,0.0,0.0,0.0,False,False
1638868,6,1.83,0,0,0,11,0,0,76314,,39456,County Championship Division Two 2026,3,38,Middlesex Men,50,Lancashire Men,8758299,2026-09-03T16:47:26Z,1,31,False,,,,247.0,Tom Bailey,3829.0,Luke Hollman,78.0,Sam Robson,223.0,51.0,Left,Mid Wicket,0.0,0,0.0,0.0,,LengthBall,OutsideOff,,None,FrontFoot,ForwardDefensive,InSwinger,Round,Medium,Right,Null,NotReferred,Null,False,False,False,False,False,True,,False,False,False,False,False,False,0.0,0.0,0.0,0.0,0.0,False,False
1638868,6,1.83,0,0,0,11,0,0,76314,,39456,County Championship Division Two 2026,3,38,Middlesex Men,50,Lancashire Men,8758306,2026-09-03T16:47:59Z,2,32,False,,,,247.0,Tom Bailey,3829.0,Luke Hollman,78.0,Sam Robson,,,Left,Wicketkeeper,0.0,0,0.0,0.0,,BackOfALength,OutsideOff,,Left,FrontFoot,Leave,SeamAway,Round,Medium,Right,Null,NotReferred,Null,False,False,False,False,False,True,,False,False,False,False,False,False,0.0,0.0,0.0,0.0,0.0,False,False
1638868,6,1.83,0,0,0,11,0,0,76314,,39456,County Championship Division Two 2026,3,38,Middlesex Men,50,Lancashire Men,8758316,2026-09-03T16:48:35Z,3,33,False,,,,247.0,Tom Bailey,3829.0,Luke Hollman,78.0,Sam Robson,329.0,58.0,Left,Extra Cover,0.0,0,0.0,0.0,,BackOfALength,OutsideOff,,WellTimed,BackFoot,Drive,NoMovement,Round,Medium,Right,Null,NotReferred,Null,False,False,False,False,False,True,,False,False,False,False,False,False,0.0,0.0,0.0,0.0,0.0,False,False
1638868,6,1.83,0,0,0,11,0,0,76314,,39456,County Championship Division Two 2026,3,38,Middlesex Men,50,Lancashire Men,8758322,2026-09-03T16:49:08Z,4,34,False,,,,247.0,Tom Bailey,3829.0,Luke Hollman,78.0,Sam Robson,,,Left,Wicketkeeper,0.0,0,0.0,0.0,,LengthBall,OutsideOff,,Missed,FrontFoot,ForwardDefensive,AwaySwinger,Round,Medium,Right,Null,NotReferred,Null,False,False,False,False,False,True,,False,False,False,False,False,False,0.0,0.0,0.0,0.0,0.0,False,False
1638868,6,1.83,0,0,0,11,0,0,76314,,39456,County Championship Division Two 2026,3,38,Middlesex Men,50,Lancashire Men,8758335,2026-09-03T16:50:02Z,5,35,False,,,,247.0,Tom Bailey,3829.0,Luke Hollman,78.0,Sam Robson,24.0,61.0,Left,Backward Point,0.0,0,0.0,0.0,,BackOfALength,OutsideOff,,WellTimed,BackFoot,LateCut,NoMovement,Round,Medium,Right,Null,NotReferred,Null,False,False,False,False,False,True,,False,False,False,False,False,False,0.0,0.0,0.0,0.0,0.0,False,False
1638868,6,1.83,0,0,0,11,0,0,76314,,39456,County Championship Division Two 2026,3,38,Middlesex Men,50,Lancashire Men,8758341,2026-09-03T16:50:35Z,6,36,False,,,,247.0,Tom Bailey,3829.0,Luke Hollman,78.0,Sam Robson,301.0,44.0,Left,Extra Cover,0.0,0,0.0,0.0,,LengthBall,OutsideOff,,Spliced,FrontFoot,ForwardDefensive,InSwinger,Round,Medium,Right,Null,NotReferred,Null,False,False,False,False,False,True,,False,False,False,False,False,False,0.0,0.0,0.0,0.0,0.0,False,False
1638878,7,3.14,11,0,0,22,0,11,76314,,39456,County Championship Division Two 2026,3,38,Middlesex Men,50,Lancashire Men,8758362,2026-09-03T16:51:24Z,1,37,False,,,,202.0,James Anderson,78.0,Sam Robson,3829.0,Luke Hollman,279.0,57.0,Right,Mid On,0.0,0,0.0,0.0,,BackOfALength,OutsideOff,,None,BackFoot,BackwardDefensive,SeamIn,Over,Medium,Right,Null,NotReferred,Null,False,False,False,False,False,True,,False,False,False,False,False,False,0.0,0.0,0.0,0.0,0.0,False,False
1638878,7,3.14,11,0,0,22,0,11,76314,,39456,County Championship Division Two 2026,3,38,Middlesex Men,50,Lancashire Men,8758369,2026-09-03T16:52:01Z,2,38,False,,,,202.0,James Anderson,78.0,Sam Robson,3829.0,Luke Hollman,145.0,129.0,Right,Third Man,1.0,0,1.0,1.0,,LengthBall,OutsideOff,,OutsideEdge,FrontFoot,ForwardDefensive,AwaySwinger,Over,Medium,Right,Null,NotReferred,Null,False,False,False,False,False,True,,False,False,False,False,False,False,1.0,0.0,0.0,0.0,0.0,False,False
1638878,7,3.14,11,0,0,22,0,11,76314,,39456,County Championship Division Two 2026,3,38,Middlesex Men,50,Lancashire Men,8758387,2026-09-03T16:52:44Z,3,39,False,,,,202.0,James Anderson,3829.0,Luke Hollman,78.0,Sam Robson,,,Left,Wicketkeeper,0.0,0,0.0,0.0,,LengthBall,OutsideOff,,Missed,FrontFoot,ForwardDefensive,SeamAway,Round,Medium,Right,Null,NotReferred,Null,False,False,False,False,False,True,,False,False,False,False,False,False,0.0,0.0,0.0,0.0,0.0,False,False
1638878,7,3.14,11,0,0,22,0,11,76314,,39456,County Championship Division Two 2026,3,38,Middlesex Men,50,Lancashire Men,8758394,2026-09-03T16:53:16Z,4,40,False,,,,202.0,James Anderson,3829.0,Luke Hollman,78.0,Sam Robson,222.0,153.0,Left,Deep Mid Wicket,2.0,0,2.0,2.0,,LengthBall,OutsideOff,,WellTimed,FrontFoot,Flick,InSwinger,Round,Medium,Right,Null,NotReferred,Null,False,False,False,False,False,True,,False,False,False,False,False,False,2.0,0.0,0.0,0.0,0.0,False,True
1638878,7,3.14,11,0,0,22,0,11,76314,,39456,County Championship Division Two 2026,3,38,Middlesex Men,50,Lancashire Men,8758409,2026-09-03T16:54:03Z,5,41,False,,,,202.0,James Anderson,3829.0,Luke Hollman,78.0,Sam Robson,359.0,170.0,Left,,4.0,0,4.0,4.0,,LengthBall,OutsideOff,,WellTimed,FrontFoot,Drive,NoMovement,Round,Medium,Right,Null,NotReferred,Null,False,False,False,False,False,True,,False,False,False,False,False,False,4.0,0.0,0.0,0.0,0.0,True,False
1638878,7,3.14,11,0,0,22,0,11,76314,,39456,County Championship Division Two 2026,3,38,Middlesex Men,50,Lancashire Men,8758418,2026-09-03T16:54:46Z,6,42,False,,,,202.0,James Anderson,3829.0,Luke Hollman,78.0,Sam Robson,328.0,175.0,Left,,4.0,0,4.0,4.0,,LengthBall,OutsideOff,,WellTimed,FrontFoot,Drive,NoMovement,Round,Medium,Right,Null,NotReferred,Null,False,False,False,False,False,True,,False,False,False,False,False,False,4.0,0.0,0.0,0.0,0.0,True,False
1638891,8,2.75,0,0,0,22,0,0,76314,,39456,County Championship Division Two 2026,3,38,Middlesex Men,50,Lancashire Men,8758437,2026-09-03T16:55:58Z,1,43,False,,,,2949.0,George Balderson,78.0,Sam Robson,3829.0,Luke Hollman,229.0,47.0,Right,Extra Cover,0.0,0,0.0,0.0,,LengthBall,OutsideOff,,None,FrontFoot,ForwardDefensive,NoMovement,Over,Medium,Right,Null,NotReferred,Null,False,False,False,False,False,True,,False,False,False,False,False,False,0.0,0.0,0.0,0.0,0.0,False,False
1638891,8,2.75,0,0,0,22,0,0,76314,,39456,County Championship Division Two 2026,3,38,Middlesex Men,50,Lancashire Men,8758448,2026-09-03T16:56:27Z,2,44,False,,,,2949.0,George Balderson,78.0,Sam Robson,3829.0,Luke Hollman,,,Right,Wicketkeeper,0.0,0,0.0,0.0,,LengthBall,OutsideOff,,Left,FrontFoot,Leave,NoMovement,Over,Medium,Right,Null,NotReferred,Null,False,False,False,False,False,True,,False,False,False,False,False,False,0.0,0.0,0.0,0.0,0.0,False,False
1638891,8,2.75,0,0,0,22,0,0,76314,,39456,County Championship Division Two 2026,3,38,Middlesex Men,50,Lancashire Men,8758457,2026-09-03T16:56:54Z,3,45,False,,,,2949.0,George Balderson,78.0,Sam Robson,3829.0,Luke Hollman,128.0,45.0,Right,Gully,0.0,0,0.0,0.0,,BackOfALength,OutsideOff,,OutsideEdge,BackFoot,BackwardDefensive,SeamAway,Over,Medium,Right,Null,NotReferred,Null,False,False,False,False,False,True,,False,False,False,False,False,False,0.0,0.0,0.0,0.0,0.0,False,False
1638891,8,2.75,0,0,0,22,0,0,76314,,39456,County Championship Division Two 2026,3,38,Middlesex Men,50,Lancashire Men,8758466,2026-09-03T16:57:25Z,4,46,False,,,,2949.0,George Balderson,78.0,Sam Robson,3829.0,Luke Hollman,275.0,54.0,Right,Mid On,0.0,0,0.0,0.0,,LengthBall,OutsideOff,,Spliced,FrontFoot,ForwardDefensive,SeamIn,Over,Medium,Right,Null,NotReferred,Null,False,False,False,False,False,True,,False,False,False,False,False,False,0.0,0.0,0.0,0.0,0.0,False,False
1638891,8,2.75,0,0,0,22,0,0,76314,,39456,County Championship Division Two 2026,3,38,Middlesex Men,50,Lancashire Men,8758479,2026-09-03T16:57:55Z,5,47,False,,,,2949.0,George Balderson,78.0,Sam Robson,3829.0,Luke Hollman,258.0,66.0,Right,Mid Off,0.0,0,0.0,0.0,,LengthBall,OutsideOff,,None,FrontFoot,ForwardDefensive,SeamIn,Over,Medium,Right,Null,NotReferred,Null,False,False,False,False,False,True,,False,False,False,False,False,False,0.0,0.0,0.0,0.0,0.0,False,False
1638891,8,2.75,0,0,0,22,0,0,76314,,39456,County Championship Division Two 2026,3,38,Middlesex Men,50,Lancashire Men,8758487,2026-09-03T16:58:27Z,6,48,False,,,,2949.0,George Balderson,78.0,Sam Robson,3829.0,Luke Hollman,183.0,57.0,Right,Cover,0.0,0,0.0,0.0,,LengthBall,OutsideOff,,None,FrontFoot,ForwardDefensive,NoMovement,Over,Medium,Right,Null,NotReferred,Null,False,False,False,False,False,True,,False,False,False,False,False,False,0.0,0.0,0.0,0.0,0.0,False,False
1638900,9,2.78,3,0,0,25,0,3,76314,,39456,County Championship Division Two 2026,3,38,Middlesex Men,50,Lancashire Men,8758500,2026-09-03T16:59:17Z,1,49,False,,,,202.0,James Anderson,3829.0,Luke Hollman,78.0,Sam Robson,236.0,58.0,Left,Mid Wicket,0.0,0,0.0,0.0,,HalfVolley,OutsideOff,,None,FrontFoot,Drive,NoMovement,Round,Medium,Right,Null,NotReferred,Null,False,False,False,False,False,True,,False,False,False,False,False,False,0.0,0.0,0.0,0.0,0.0,False,False
1638900,9,2.78,3,0,0,25,0,3,76314,,39456,County Championship Division Two 2026,3,38,Middlesex Men,50,Lancashire Men,8758512,2026-09-03T16:59:47Z,2,50,False,,,,202.0,James Anderson,3829.0,Luke Hollman,78.0,Sam Robson,130.0,130.0,Left,Fine Leg,1.0,0,1.0,1.0,,LengthBall,OutsideOff,,InsideEdge,FrontFoot,ForwardDefensive,InSwinger,Round,Medium,Right,Null,NotReferred,Null,False,False,False,False,False,True,,False,False,False,False,False,False,1.0,0.0,0.0,0.0,0.0,False,False
1638900,9,2.78,3,0,0,25,0,3,76314,,39456,County Championship Division Two 2026,3,38,Middlesex Men,50,Lancashire Men,8758521,2026-09-03T17:00:23Z,3,51,False,,,,202.0,James Anderson,78.0,Sam Robson,3829.0,Luke Hollman,44.0,29.0,Right,Short Fine Leg,1.0,0,1.0,1.0,,BackOfALength,OutsideOff,,MisTimed,BackFoot,BackwardDefensive,SeamIn,Over,Medium,Right,Null,NotReferred,Null,False,False,False,False,False,True,,False,False,False,False,False,False,1.0,0.0,0.0,0.0,0.0,False,False
1638900,9,2.78,3,0,0,25,0,3,76314,,39456,County Championship Division Two 2026,3,38,Middlesex Men,50,Lancashire Men,8758531,2026-09-03T17:00:59Z,4,52,False,,,,202.0,James Anderson,3829.0,Luke Hollman,78.0,Sam Robson,140.0,130.0,Left,Fine Leg,1.0,0,1.0,1.0,,LengthBall,OutsideOff,,InsideEdge,FrontFoot,ForwardDefensive,InSwinger,Round,Medium,Right,Null,NotReferred,Null,False,False,False,False,False,True,,False,False,False,False,False,False,1.0,0.0,0.0,0.0,0.0,False,False
1638900,9,2.78,3,0,0,25,0,3,76314,,39456,County Championship Division Two 2026,3,38,Middlesex Men,50,Lancashire Men,8758539,2026-09-03T17:01:37Z,5,53,False,,,,202.0,James Anderson,78.0,Sam Robson,3829.0,Luke Hollman,,,Right,Wicketkeeper,0.0,0,0.0,0.0,,LengthBall,OutsideOff,,Missed,FrontFoot,ForwardDefensive,AwaySwinger,Over,Medium,Right,Null,NotReferred,Null,False,False,False,False,False,True,,False,False,False,False,False,False,0.0,0.0,0.0,0.0,0.0,False,False
1638900,9,2.78,3,0,0,25,0,3,76314,,39456,County Championship Division Two 2026,3,38,Middlesex Men,50,Lancashire Men,8758550,2026-09-03T17:02:17Z,6,54,False,,,,202.0,James Anderson,78.0,Sam Robson,3829.0,Luke Hollman,,,Right,Wicketkeeper,0.0,0,0.0,0.0,,BackOfALength,OffStump,,Missed,BackFoot,BackwardDefensive,AwaySwinger,Over,Medium,Right,Null,NotReferred,Null,False,False,False,False,False,True,,False,False,False,False,False,False,0.0,0.0,0.0,0.0,0.0,False,False
1638914,10,2.5,0,0,0,25,0,0,76314,,39456,County Championship Division Two 2026,3,38,Middlesex Men,50,Lancashire Men,8758573,2026-09-03T17:03:15Z,1,55,False,,,,2949.0,George Balderson,3829.0,Luke Hollman,78.0,Sam Robson,59.0,39.0,Left,Third Slip,0.0,0,0.0,0.0,,LengthBall,OutsideOff,,OutsideEdge,FrontFoot,ForwardDefensive,SeamAway,Round,Medium,Right,Null,NotReferred,Null,False,False,False,False,False,True,,False,False,False,False,False,False,0.0,0.0,0.0,0.0,0.0,False,False
1638914,10,2.5,0,0,0,25,0,0,76314,,39456,County Championship Division Two 2026,3,38,Middlesex Men,50,Lancashire Men,8758583,2026-09-03T17:03:55Z,2,56,False,,,,2949.0,George Balderson,3829.0,Luke Hollman,78.0,Sam Robson,284.0,52.0,Left,Mid Off,0.0,0,0.0,0.0,,LengthBall,OutsideOff,,None,FrontFoot,ForwardDefensive,NoMovement,Round,Medium,Right,Null,NotReferred,Null,False,False,False,False,False,True,,False,False,False,False,False,False,0.0,0.0,0.0,0.0,0.0,False,False
1638914,10,2.5,0,0,0,25,0,0,76314,,39456,County Championship Division Two 2026,3,38,Middlesex Men,50,Lancashire Men,8758588,2026-09-03T17:04:28Z,3,57,False,,,,2949.0,George Balderson,3829.0,Luke Hollman,78.0,Sam Robson,,,Left,Wicketkeeper,0.0,0,0.0,0.0,,LengthBall,OutsideOff,,Missed,FrontFoot,ForwardDefensive,SeamAway,Round,Medium,Right,Null,NotReferred,Null,False,False,False,False,False,True,,False,False,False,False,False,False,0.0,0.0,0.0,0.0,0.0,False,False
1638914,10,2.5,0,0,0,25,0,0,76314,,39456,County Championship Division Two 2026,3,38,Middlesex Men,50,Lancashire Men,8758597,2026-09-03T17:04:57Z,4,58,False,,,,2949.0,George Balderson,3829.0,Luke Hollman,78.0,Sam Robson,343.0,56.0,Left,Cover,0.0,0,0.0,0.0,,BackOfALength,OutsideOff,,None,BackFoot,BackwardDefensive,NoMovement,Round,Medium,Right,Null,NotReferred,Null,False,False,False,False,False,True,,False,False,False,False,False,False,0.0,0.0,0.0,0.0,0.0,False,False
1638914,10,2.5,0,0,0,25,0,0,76314,,39456,County Championship Division Two 2026,3,38,Middlesex Men,50,Lancashire Men,8758607,2026-09-03T17:05:28Z,5,59,False,,,,2949.0,George Balderson,3829.0,Luke Hollman,78.0,Sam Robson,,,Left,Bowler,0.0,0,0.0,0.0,,LengthBall,OutsideOff,,None,FrontFoot,ForwardDefensive,NoMovement,Round,Medium,Right,Null,NotReferred,Null,False,False,False,False,False,True,,False,False,False,False,False,False,0.0,0.0,0.0,0.0,0.0,False,False
1638914,10,2.5,0,0,0,25,0,0,76314,,39456,County Championship Division Two 2026,3,38,Middlesex Men,50,Lancashire Men,8758617,2026-09-03T17:05:56Z,6,60,False,,,,2949.0,George Balderson,3829.0,Luke Hollman,78.0,Sam Robson,,,Left,Wicketkeeper,0.0,0,0.0,0.0,,BackOfALength,OutsideOff,,Missed,BackFoot,BackwardDefensive,SeamAway,Round,Medium,Right,Null,NotReferred,Null,False,False,False,False,False,True,,False,False,False,False,False,False,0.0,0.0,0.0,0.0,0.0,False,False
1638923,11,2.55,3,0,0,28,0,3,76314,,39456,County Championship Division Two 2026,3,38,Middlesex Men,50,Lancashire Men,8758631,2026-09-03T17:06:41Z,1,61,False,,,,202.0,James Anderson,78.0,Sam Robson,3829.0,Luke Hollman,328.0,56.0,Right,Mid Wicket,0.0,0,0.0,0.0,,LengthBall,OffStump,,None,FrontFoot,ForwardDefensive,NoMovement,Over,Medium,Right,Null,NotReferred,Null,False,False,False,False,False,True,,False,False,False,False,False,False,0.0,0.0,0.0,0.0,0.0,False,False
1638923,11,2.55,3,0,0,28,0,3,76314,,39456,County Championship Division Two 2026,3,38,Middlesex Men,50,Lancashire Men,8758641,2026-09-03T17:07:13Z,2,62,False,,,,202.0,James Anderson,78.0,Sam Robson,3829.0,Luke Hollman,109.0,59.0,Right,Wicketkeeper,1.0,0,1.0,1.0,,BackOfALength,OutsideOff,,OutsideEdge,BackFoot,Cut,SeamAway,Over,Medium,Right,Null,NotReferred,Null,False,False,False,False,False,True,,False,False,False,False,False,False,1.0,0.0,0.0,0.0,0.0,False,False
1638923,11,2.55,3,0,0,28,0,3,76314,,39456,County Championship Division Two 2026,3,38,Middlesex Men,50,Lancashire Men,8758651,2026-09-03T17:08:00Z,3,63,False,,,,202.0,James Anderson,3829.0,Luke Hollman,78.0,Sam Robson,262.0,73.0,Left,Mid On,0.0,0,0.0,0.0,,BackOfALength,OutsideOff,,None,BackFoot,BackwardDefensive,NoMovement,Round,Medium,Right,Null,NotReferred,Null,False,False,False,False,False,True,,False,False,False,False,False,False,0.0,0.0,0.0,0.0,0.0,False,False
1638923,11,2.55,3,0,0,28,0,3,76314,,39456,County Championship Division Two 2026,3,38,Middlesex Men,50,Lancashire Men,8758661,2026-09-03T17:08:34Z,4,64,False,,,,202.0,James Anderson,3829.0,Luke Hollman,78.0,Sam Robson,252.0,69.0,Left,Mid On,0.0,0,0.0,0.0,,LengthBall,OutsideOff,,None,FrontFoot,ForwardDefensive,InSwinger,Round,Medium,Right,Null,NotReferred,Null,False,False,False,False,False,True,,False,False,False,False,False,False,0.0,0.0,0.0,0.0,0.0,False,False
1638923,11,2.55,3,0,0,28,0,3,76314,,39456,County Championship Division Two 2026,3,38,Middlesex Men,50,Lancashire Men,8758670,2026-09-03T17:09:10Z,5,65,False,,,,202.0,James Anderson,3829.0,Luke Hollman,78.0,Sam Robson,163.0,135.0,Left,Deep Backward Square Leg,1.0,0,1.0,1.0,,LengthBall,OutsideOff,,InsideEdge,FrontFoot,ForwardDefensive,InSwinger,Round,Medium,Right,Null,NotReferred,Null,False,False,False,False,False,True,,False,False,False,False,False,False,1.0,0.0,0.0,0.0,0.0,False,False
1638923,11,2.55,3,0,0,28,0,3,76314,,39456,County Championship Division Two 2026,3,38,Middlesex Men,50,Lancashire Men,8758682,2026-09-03T17:09:50Z,6,66,False,,,,202.0,James Anderson,78.0,Sam Robson,3829.0,Luke Hollman,138.0,124.0,Right,Third Man,1.0,0,1.0,1.0,,LengthBall,OutsideOff,,OutsideEdge,FrontFoot,Drive,AwaySwinger,Over,Medium,Right,Null,NotReferred,Null,False,False,False,False,False,True,,False,False,False,False,False,False,1.0,0.0,0.0,0.0,0.0,False,False
1638937,12,2.5,2,1,0,30,1,2,76314,,39456,County Championship Division Two 2026,3,38,Middlesex Men,50,Lancashire Men,8758709,2026-09-03T17:10:45Z,1,67,True,Bowled,78.0,Sam Robson,2949.0,George Balderson,78.0,Sam Robson,3829.0,Luke Hollman,,,Right,,0.0,0,0.0,0.0,Bowled,LengthBall,OutsideOff,Bowled,InsideEdge,FrontFoot,Drive,SeamIn,Over,Medium,Right,Null,NotReferred,Null,False,False,False,False,False,True,1815.0,False,False,False,False,False,False,0.0,0.0,0.0,0.0,0.0,False,False
1638937,12,2.5,2,1,0,30,1,2,76314,,39456,County Championship Division Two 2026,3,38,Middlesex Men,50,Lancashire Men,8758732,2026-09-03T17:12:50Z,2,68,False,,,,2949.0,George Balderson,83.0,Max Holden,3829.0,Luke Hollman,,,Left,Bowler,0.0,0,0.0,0.0,,LengthBall,OutsideOff,,None,FrontFoot,ForwardDefensive,NoMovement,Round,Medium,Right,Null,NotReferred,Null,False,False,False,False,False,True,,False,False,False,False,False,False,0.0,0.0,0.0,0.0,0.0,False,False
1638937,12,2.5,2,1,0,30,1,2,76314,,39456,County Championship Division Two 2026,3,38,Middlesex Men,50,Lancashire Men,8758740,2026-09-03T17:13:19Z,3,69,False,,,,2949.0,George Balderson,83.0,Max Holden,3829.0,Luke Hollman,,,Left,Wicketkeeper,0.0,0,0.0,0.0,,LengthBall,OutsideOff,,Missed,FrontFoot,ForwardDefensive,SeamAway,Round,Medium,Right,Null,NotReferred,Null,False,False,False,False,False,True,,False,False,False,False,False,False,0.0,0.0,0.0,0.0,0.0,False,False
1638937,12,2.5,2,1,0,30,1,2,76314,,39456,County Championship Division Two 2026,3,38,Middlesex Men,50,Lancashire Men,8758747,2026-09-03T17:13:48Z,4,70,False,,,,2949.0,George Balderson,83.0,Max Holden,3829.0,Luke Hollman,285.0,59.0,Left,Mid Off,0.0,0,0.0,0.0,,LengthBall,OutsideOff,,None,FrontFoot,ForwardDefensive,NoMovement,Round,Medium,Right,Null,NotReferred,Null,False,False,False,False,False,True,,False,False,False,False,False,False,0.0,0.0,0.0,0.0,0.0,False,False
1638937,12,2.5,2,1,0,30,1,2,76314,,39456,County Championship Division Two 2026,3,38,Middlesex Men,50,Lancashire Men,8758758,2026-09-03T17:14:18Z,5,71,False,,,,2949.0,George Balderson,83.0,Max Holden,3829.0,Luke Hollman,114.0,134.0,Left,Fine Leg,0.0,2,2.0,0.0,,HalfVolley,LegStump,Lbw,HitPad,BackFoot,Glance,InSwinger,Round,Medium,Right,Null,NotReferred,Null,False,False,False,True,False,True,1815.0,False,False,False,False,False,False,2.0,0.0,0.0,2.0,0.0,False,False
1638937,12,2.5,2,1,0,30,1,2,76314,,39456,County Championship Division Two 2026,3,38,Middlesex Men,50,Lancashire Men,8758764,2026-09-03T17:14:52Z,6,72,False,,,,2949.0,George Balderson,83.0,Max Holden,3829.0,Luke Hollman,,,Left,Wicketkeeper,0.0,0,0.0,0.0,,BackOfALength,OutsideOff,,Left,FrontFoot,Leave,SeamAway,Round,Medium,Right,Null,NotReferred,Null,False,False,False,False,False,True,,False,False,False,False,False,False,0.0,0.0,0.0,0.0,0.0,False,False
1638949,13,2.77,6,0,0,36,1,6,76314,,39456,County Championship Division Two 2026,3,38,Middlesex Men,50,Lancashire Men,8758785,2026-09-03T17:16:15Z,1,73,False,,,,247.0,Tom Bailey,3829.0,Luke Hollman,83.0,Max Holden,62.0,127.0,Left,Third Man,1.0,0,1.0,1.0,,Short,OutsideOff,,None,BackFoot,Pushed,NoMovement,Round,Medium,Right,Null,NotReferred,Null,False,False,False,False,False,True,,False,False,False,False,False,False,1.0,0.0,0.0,0.0,0.0,False,False
1638949,13,2.77,6,0,0,36,1,6,76314,,39456,County Championship Division Two 2026,3,38,Middlesex Men,50,Lancashire Men,8758791,2026-09-03T17:16:52Z,2,74,False,,,,247.0,Tom Bailey,83.0,Max Holden,3829.0,Luke Hollman,19.0,70.0,Left,Backward Point,1.0,0,1.0,1.0,,LengthBall,OutsideOff,,OutsideEdge,FrontFoot,ForwardDefensive,NoMovement,Round,Medium,Right,Null,NotReferred,Null,False,False,False,False,False,True,,False,False,False,False,False,False,1.0,0.0,0.0,0.0,0.0,False,False
1638949,13,2.77,6,0,0,36,1,6,76314,,39456,County Championship Division Two 2026,3,38,Middlesex Men,50,Lancashire Men,8758798,2026-09-03T17:17:30Z,3,75,False,,,,247.0,Tom Bailey,3829.0,Luke Hollman,83.0,Max Holden,356.0,171.0,Left,,4.0,0,4.0,4.0,,BackOfALength,OutsideOff,,WellTimed,BackFoot,Drive,NoMovement,Round,Medium,Right,Null,NotReferred,Null,False,False,False,False,False,True,,False,False,False,False,False,False,4.0,0.0,0.0,0.0,0.0,True,False
1638949,13,2.77,6,0,0,36,1,6,76314,,39456,County Championship Division Two 2026,3,38,Middlesex Men,50,Lancashire Men,8758803,2026-09-03T17:18:07Z,4,76,False,,,,247.0,Tom Bailey,3829.0,Luke Hollman,83.0,Max Holden,285.0,64.0,Left,Mid Off,0.0,0,0.0,0.0,,LengthBall,OutsideOff,,None,FrontFoot,ForwardDefensive,NoMovement,Round,Medium,Right,Null,NotReferred,Null,False,False,False,False,False,True,,False,False,False,False,False,False,0.0,0.0,0.0,0.0,0.0,False,False
1638949,13,2.77,6,0,0,36,1,6,76314,,39456,County Championship Division Two 2026,3,38,Middlesex Men,50,Lancashire Men,8758813,2026-09-03T17:18:48Z,5,77,False,,,,247.0,Tom Bailey,3829.0,Luke Hollman,83.0,Max Holden,,,Left,Wicketkeeper,0.0,0,0.0,0.0,,LengthBall,OutsideOff,Caught,Missed,FrontFoot,ForwardDefensive,SeamAway,Round,Medium,Right,Null,NotReferred,Null,False,False,False,False,False,True,1861.0,False,False,False,False,False,False,0.0,0.0,0.0,0.0,0.0,False,False
1638949,13,2.77,6,0,0,36,1,6,76314,,39456,County Championship Division Two 2026,3,38,Middlesex Men,50,Lancashire Men,8758820,2026-09-03T17:19:41Z,6,78,False,,,,247.0,Tom Bailey,3829.0,Luke Hollman,83.0,Max Holden,224.0,48.0,Left,Mid Wicket,0.0,0,0.0,0.0,,BackOfALength,OutsideOff,,None,BackFoot,BackwardDefensive,NoMovement,Round,Medium,Right,Null,NotReferred,Null,False,False,False,False,False,True,,False,False,False,False,False,False,0.0,0.0,0.0,0.0,0.0,False,False
1638956,14,2.93,5,0,0,41,1,5,76314,,39456,County Championship Division Two 2026,3,38,Middlesex Men,50,Lancashire Men,8758834,2026-09-03T17:20:42Z,1,79,False,,,,2949.0,George Balderson,83.0,Max Holden,3829.0,Luke Hollman,80.0,160.0,Left,,4.0,0,4.0,4.0,,LengthBall,OutsideOff,,OutsideEdge,FrontFoot,ForwardDefensive,SeamAway,Round,Medium,Right,Null,NotReferred,Null,False,False,False,False,False,True,,False,False,False,False,False,False,4.0,0.0,0.0,0.0,0.0,True,False
1638956,14,2.93,5,0,0,41,1,5,76314,,39456,County Championship Division Two 2026,3,38,Middlesex Men,50,Lancashire Men,8758840,2026-09-03T17:21:20Z,2,80,False,,,,2949.0,George Balderson,83.0,Max Holden,3829.0,Luke Hollman,210.0,53.0,Left,Square Leg,0.0,0,0.0,0.0,,LengthBall,OutsideOff,,None,DownTheTrack,ForwardDefensive,NoMovement,Round,Medium,Right,Null,NotReferred,Null,False,False,False,False,False,True,,False,False,False,False,False,False,0.0,0.0,0.0,0.0,0.0,False,False
1638956,14,2.93,5,0,0,41,1,5,76314,,39456,County Championship Division Two 2026,3,38,Middlesex Men,50,Lancashire Men,8758856,2026-09-03T17:22:10Z,3,81,False,,,,2949.0,George Balderson,83.0,Max Holden,3829.0,Luke Hollman,47.0,45.0,Left,Gully,0.0,0,0.0,0.0,,LengthBall,OutsideOff,,None,BackFoot,LateCut,SeamAway,Round,Medium,Right,Null,NotReferred,Null,False,False,False,False,False,True,,False,False,False,False,False,False,0.0,0.0,0.0,0.0,0.0,False,False
1638956,14,2.93,5,0,0,41,1,5,76314,,39456,County Championship Division Two 2026,3,38,Middlesex Men,50,Lancashire Men,8758862,2026-09-03T17:22:40Z,4,82,False,,,,2949.0,George Balderson,83.0,Max Holden,3829.0,Luke Hollman,,,Left,Wicketkeeper,0.0,0,0.0,0.0,,LengthBall,OutsideOff,,Missed,BackFoot,Cut,AwaySwinger,Round,Medium,Right,Null,NotReferred,Null,False,False,False,False,False,True,,False,False,False,False,False,False,0.0,0.0,0.0,0.0,0.0,False,False
1638956,14,2.93,5,0,0,41,1,5,76314,,39456,County Championship Division Two 2026,3,38,Middlesex Men,50,Lancashire Men,8758868,2026-09-03T17:23:09Z,5,83,False,,,,2949.0,George Balderson,83.0,Max Holden,3829.0,Luke Hollman,212.0,95.0,Left,Mid Wicket,1.0,0,1.0,1.0,,BackOfALength,OutsideOff,,None,BackFoot,Worked,NoMovement,Round,Medium,Right,Null,NotReferred,Null,False,False,False,False,False,True,,False,False,False,False,False,False,1.0,0.0,0.0,0.0,0.0,False,False
1638956,14,2.93,5,0,0,41,1,5,76314,,39456,County Championship Division Two 2026,3,38,Middlesex Men,50,Lancashire Men,8758875,2026-09-03T17:23:46Z,6,84,False,,,,2949.0,George Balderson,3829.0,Luke Hollman,83.0,Max Holden,201.0,44.0,Left,Square Leg,0.0,0,0.0,0.0,,LengthBall,OutsideOff,,None,FrontFoot,ForwardDefensive,NoMovement,Round,Medium,Right,Null,NotReferred,Null,False,False,False,False,False,True,,False,False,False,False,False,False,0.0,0.0,0.0,0.0,0.0,False,False
1638965,15,3.07,5,0,0,46,1,5,76314,,39456,County Championship Division Two 2026,3,38,Middlesex Men,50,Lancashire Men,8758884,2026-09-03T17:24:39Z,1,85,False,,,,247.0,Tom Bailey,83.0,Max Holden,3829.0,Luke Hollman,,,Left,Wicketkeeper,0.0,0,0.0,0.0,,BackOfALength,OutsideOff,,Missed,BackFoot,BackwardDefensive,SeamAway,Round,Medium,Right,Null,NotReferred,Null,False,False,False,False,False,True,,False,False,False,False,False,False,0.0,0.0,0.0,0.0,0.0,False,False
1638965,15,3.07,5,0,0,46,1,5,76314,,39456,County Championship Division Two 2026,3,38,Middlesex Men,50,Lancashire Men,8758893,2026-09-03T17:25:23Z,2,86,False,,,,247.0,Tom Bailey,83.0,Max Holden,3829.0,Luke Hollman,331.0,175.0,Left,,4.0,0,4.0,4.0,,HalfVolley,OutsideOff,,WellTimed,FrontFoot,Drive,NoMovement,Round,Medium,Right,Null,NotReferred,Null,False,False,False,False,False,True,,False,False,False,False,False,False,4.0,0.0,0.0,0.0,0.0,True,False
1638965,15,3.07,5,0,0,46,1,5,76314,,39456,County Championship Division Two 2026,3,38,Middlesex Men,50,Lancashire Men,8758899,2026-09-03T17:26:08Z,3,87,False,,,,247.0,Tom Bailey,83.0,Max Holden,3829.0,Luke Hollman,,,Left,Bowler,0.0,0,0.0,0.0,,BackOfALength,OutsideOff,,None,BackFoot,BackwardDefensive,NoMovement,Round,Medium,Right,Null,NotReferred,Null,False,False,False,False,False,True,,False,False,False,False,False,False,0.0,0.0,0.0,0.0,0.0,False,False
1638965,15,3.07,5,0,0,46,1,5,76314,,39456,County Championship Division Two 2026,3,38,Middlesex Men,50,Lancashire Men,8758908,2026-09-03T17:26:39Z,4,88,False,,,,247.0,Tom Bailey,83.0,Max Holden,3829.0,Luke Hollman,253.0,55.0,Left,Mid On,0.0,0,0.0,0.0,,BackOfALength,OutsideOff,,None,BackFoot,BackwardDefensive,NoMovement,Round,Medium,Right,Null,NotReferred,Null,False,False,False,False,False,True,,False,False,False,False,False,False,0.0,0.0,0.0,0.0,0.0,False,False
1638965,15,3.07,5,0,0,46,1,5,76314,,39456,County Championship Division Two 2026,3,38,Middlesex Men,50,Lancashire Men,8758911,2026-09-03T17:27:18Z,5,89,False,,,,247.0,Tom Bailey,83.0,Max Holden,3829.0,Luke Hollman,143.0,118.0,Left,Fine Leg,0.0,1,1.0,0.0,,BackOfALength,OffStump,,HitPad,BackFoot,Glance,NoMovement,Round,Medium,Right,Null,NotReferred,Null,False,False,False,True,False,True,,False,False,False,False,False,False,1.0,0.0,0.0,1.0,0.0,False,False
1638965,15,3.07,5,0,0,46,1,5,76314,,39456,County Championship Division Two 2026,3,38,Middlesex Men,50,Lancashire Men,8758916,2026-09-03T17:27:59Z,6,90,False,,,,247.0,Tom Bailey,3829.0,Luke Hollman,83.0,Max Holden,,,Left,Wicketkeeper,0.0,0,0.0,0.0,,BackOfALength,OutsideOff,,Left,FrontFoot,Leave,NoMovement,Round,Medium,Right,Null,NotReferred,Null,False,False,False,False,False,True,,False,False,False,False,False,False,0.0,0.0,0.0,0.0,0.0,False,False
1638973,16,3.62,12,0,0,58,1,12,76314,,39456,County Championship Division Two 2026,3,38,Middlesex Men,50,Lancashire Men,8758930,2026-09-03T17:28:52Z,1,91,False,,,,2949.0,George Balderson,83.0,Max Holden,3829.0,Luke Hollman,,,Left,Wicketkeeper,0.0,0,0.0,0.0,,LengthBall,OutsideOff,Lbw,HitPad,FrontFoot,ForwardDefensive,InSwinger,Round,Medium,Right,Null,NotReferred,Null,False,False,False,False,False,True,1815.0,False,False,False,False,False,False,0.0,0.0,0.0,0.0,0.0,False,False
1638973,16,3.62,12,0,0,58,1,12,76314,,39456,County Championship Division Two 2026,3,38,Middlesex Men,50,Lancashire Men,8758933,2026-09-03T17:29:21Z,2,92,False,,,,2949.0,George Balderson,83.0,Max Holden,3829.0,Luke Hollman,287.0,180.0,Left,,4.0,0,4.0,4.0,,HalfVolley,OutsideOff,,WellTimed,BacksAway,Drive,NoMovement,Round,Medium,Right,Null,NotReferred,Null,False,False,False,False,True,True,,False,False,False,False,False,False,4.0,0.0,0.0,0.0,0.0,True,False
1638973,16,3.62,12,0,0,58,1,12,76314,,39456,County Championship Division Two 2026,3,38,Middlesex Men,50,Lancashire Men,8758940,2026-09-03T17:30:03Z,3,93,False,,,,2949.0,George Balderson,83.0,Max Holden,3829.0,Luke Hollman,310.0,178.0,Left,,4.0,0,4.0,4.0,,LengthBall,OutsideOff,,WellTimed,FrontFoot,Drive,NoMovement,Round,Medium,Right,Null,NotReferred,Null,False,False,False,False,False,True,,False,False,False,False,False,False,4.0,0.0,0.0,0.0,0.0,True,False
1638973,16,3.62,12,0,0,58,1,12,76314,,39456,County Championship Division Two 2026,3,38,Middlesex Men,50,Lancashire Men,8758946,2026-09-03T17:30:47Z,4,94,False,,,,2949.0,George Balderson,83.0,Max Holden,3829.0,Luke Hollman,333.0,62.0,Left,Cover,0.0,0,0.0,0.0,,LengthBall,OffStump,,None,FrontFoot,Drive,NoMovement,Over,Medium,Right,Null,NotReferred,Null,False,False,False,False,False,True,,False,False,False,False,False,False,0.0,0.0,0.0,0.0,0.0,False,False
1638973,16,3.62,12,0,0,58,1,12,76314,,39456,County Championship Division Two 2026,3,38,Middlesex Men,50,Lancashire Men,8758951,2026-09-03T17:31:30Z,5,95,False,,,,2949.0,George Balderson,83.0,Max Holden,3829.0,Luke Hollman,8.0,169.0,Left,,4.0,0,4.0,4.0,,LengthBall,OutsideOff,,WellTimed,BackFoot,Drive,NoMovement,Over,Medium,Right,Null,NotReferred,Null,False,False,False,False,False,True,,False,False,False,False,False,False,4.0,0.0,0.0,0.0,0.0,True,False
1638973,16,3.62,12,0,0,58,1,12,76314,,39456,County Championship Division Two 2026,3,38,Middlesex Men,50,Lancashire Men,8758957,2026-09-03T17:32:11Z,6,96,False,,,,2949.0,George Balderson,83.0,Max Holden,3829.0,Luke Hollman,,,Left,Wicketkeeper,0.0,0,0.0,0.0,,LengthBall,DownLeg,,PlayAndMissLegSide,BackFoot,Glance,InSwinger,Over,Medium,Right,Null,NotReferred,Null,False,False,False,False,False,True,,False,False,False,False,False,False,0.0,0.0,0.0,0.0,0.0,False,False
1638977,17,3.47,1,1,0,59,2,1,76314,,39456,County Championship Division Two 2026,3,38,Middlesex Men,50,Lancashire Men,8758961,2026-09-03T17:33:05Z,1,97,False,,,,247.0,Tom Bailey,3829.0,Luke Hollman,83.0,Max Holden,,,Left,Wicketkeeper,0.0,0,0.0,0.0,,LengthBall,OutsideOff,,Left,FrontFoot,Leave,SeamAway,Round,Medium,Right,Null,NotReferred,Null,False,False,False,False,False,True,,False,False,False,False,False,False,0.0,0.0,0.0,0.0,0.0,False,False
1638977,17,3.47,1,1,0,59,2,1,76314,,39456,County Championship Division Two 2026,3,38,Middlesex Men,50,Lancashire Men,8758964,2026-09-03T17:33:35Z,2,98,True,Bowled,3829.0,Luke Hollman,247.0,Tom Bailey,3829.0,Luke Hollman,83.0,Max Holden,,,Left,,0.0,0,0.0,0.0,Bowled,LengthBall,OutsideOff,Bowled,Missed,FrontFoot,ForwardDefensive,SeamIn,Round,Medium,Right,Null,NotReferred,Null,False,False,False,False,False,True,1861.0,False,False,False,False,False,False,0.0,0.0,0.0,0.0,0.0,False,False
1638977,17,3.47,1,1,0,59,2,1,76314,,39456,County Championship Division Two 2026,3,38,Middlesex Men,50,Lancashire Men,8758975,2026-09-03T17:35:29Z,3,99,False,,,,247.0,Tom Bailey,7893.0,Ben Geddes,83.0,Max Holden,177.0,52.0,Right,Backward Point,0.0,0,0.0,0.0,,BackOfALength,OutsideOff,Lbw,HitPad,BackFoot,BackwardDefensive,SeamIn,Over,Medium,Right,Null,NotReferred,Null,False,False,False,False,False,True,1861.0,False,False,False,False,False,False,0.0,0.0,0.0,0.0,0.0,False,False
1638977,17,3.47,1,1,0,59,2,1,76314,,39456,County Championship Division Two 2026,3,38,Middlesex Men,50,Lancashire Men,8758978,2026-09-03T17:36:05Z,4,100,False,,,,247.0,Tom Bailey,7893.0,Ben Geddes,83.0,Max Holden,,,Right,Wicketkeeper,0.0,0,0.0,0.0,,BackOfALength,OutsideOff,,Left,FrontFoot,Leave,SeamAway,Over,Medium,Right,Null,NotReferred,Null,False,False,False,False,False,True,,False,False,False,False,False,False,0.0,0.0,0.0,0.0,0.0,False,False
1638977,17,3.47,1,1,0,59,2,1,76314,,39456,County Championship Division Two 2026,3,38,Middlesex Men,50,Lancashire Men,8758981,2026-09-03T17:36:42Z,5,101,False,,,,247.0,Tom Bailey,7893.0,Ben Geddes,83.0,Max Holden,,,Right,Wicketkeeper,0.0,0,0.0,0.0,,LengthBall,OutsideOff,,Left,FrontFoot,Leave,SeamIn,Over,Medium,Right,Null,NotReferred,Null,False,False,False,False,False,True,,False,False,False,False,False,False,0.0,0.0,0.0,0.0,0.0,False,False
1638977,17,3.47,1,1,0,59,2,1,76314,,39456,County Championship Division Two 2026,3,38,Middlesex Men,50,Lancashire Men,8758985,2026-09-03T17:37:19Z,6,102,False,,,,247.0,Tom Bailey,7893.0,Ben Geddes,83.0,Max Holden,186.0,50.0,Right,Cover,1.0,0,1.0,1.0,,LengthBall,OutsideOff,Lbw,InsideEdge,FrontFoot,Drive,SeamIn,Over,Medium,Right,Null,NotReferred,Null,False,False,False,False,False,True,1861.0,False,False,False,False,False,False,1.0,0.0,0.0,0.0,0.0,False,False
1638982,18,3.94,12,0,0,71,2,12,76314,,39456,County Championship Division Two 2026,3,38,Middlesex Men,50,Lancashire Men,8758992,2026-09-03T17:38:56Z,1,103,False,,,,10590.0,Ben Walkden,7893.0,Ben Geddes,83.0,Max Holden,257.0,64.0,Right,Mid Off,0.0,0,0.0,0.0,,LengthBall,OutsideOff,,None,FrontFoot,ForwardDefensive,NoMovement,Over,Medium,Right,Null,NotReferred,Null,False,False,False,False,False,True,,False,False,False,False,False,False,0.0,0.0,0.0,0.0,0.0,False,False
1638982,18,3.94,12,0,0,71,2,12,76314,,39456,County Championship Division Two 2026,3,38,Middlesex Men,50,Lancashire Men,8758994,2026-09-03T17:39:26Z,2,104,False,,,,10590.0,Ben Walkden,7893.0,Ben Geddes,83.0,Max Holden,277.0,63.0,Right,Mid On,0.0,0,0.0,0.0,,BackOfALength,OutsideOff,,None,BackFoot,BackwardDefensive,NoMovement,Over,Medium,Right,Null,NotReferred,Null,False,False,False,False,False,True,,False,False,False,False,False,False,0.0,0.0,0.0,0.0,0.0,False,False
1638982,18,3.94,12,0,0,71,2,12,76314,,39456,County Championship Division Two 2026,3,38,Middlesex Men,50,Lancashire Men,8758997,2026-09-03T17:39:55Z,3,105,False,,,,10590.0,Ben Walkden,7893.0,Ben Geddes,83.0,Max Holden,287.0,57.0,Right,Mid On,0.0,0,0.0,0.0,,BackOfALength,OutsideOff,,None,BackFoot,BackwardDefensive,NoMovement,Over,Medium,Right,Null,NotReferred,Null,False,False,False,False,False,True,,False,False,False,False,False,False,0.0,0.0,0.0,0.0,0.0,False,False
1638982,18,3.94,12,0,0,71,2,12,76314,,39456,County Championship Division Two 2026,3,38,Middlesex Men,50,Lancashire Men,8759000,2026-09-03T17:40:28Z,4,106,False,,,,10590.0,Ben Walkden,7893.0,Ben Geddes,83.0,Max Holden,94.0,160.0,Right,,0.0,4,4.0,0.0,,LengthBall,OutsideOff,,Missed,FrontFoot,ForwardDefensive,SeamAway,Over,Medium,Right,Null,NotReferred,Null,False,False,True,False,False,True,,False,False,False,False,False,False,4.0,4.0,0.0,0.0,0.0,False,False
1638982,18,3.94,12,0,0,71,2,12,76314,,39456,County Championship Division Two 2026,3,38,Middlesex Men,50,Lancashire Men,8759002,2026-09-03T17:41:13Z,5,107,False,,,,10590.0,Ben Walkden,7893.0,Ben Geddes,83.0,Max Holden,100.0,160.0,Right,,4.0,0,4.0,4.0,,LengthBall,OutsideOff,,OutsideEdge,FrontFoot,Drive,SeamAway,Over,Medium,Right,Null,NotReferred,Null,False,False,False,False,False,True,,False,False,False,False,False,False,4.0,0.0,0.0,0.0,0.0,True,True
1638982,18,3.94,12,0,0,71,2,12,76314,,39456,County Championship Division Two 2026,3,38,Middlesex Men,50,Lancashire Men,8759005,2026-09-03T17:41:55Z,6,108,False,,,,10590.0,Ben Walkden,7893.0,Ben Geddes,83.0,Max Holden,225.0,177.0,Right,,4.0,0,4.0,4.0,,LengthBall,OutsideOff,,WellTimed,FrontFoot,Drive,NoMovement,Over,Medium,Right,Null,NotReferred,Null,False,False,False,False,False,True,,False,False,False,False,False,False,4.0,0.0,0.0,0.0,0.0,True,False
1638985,19,4.37,12,0,0,83,2,12,76314,,39456,County Championship Division Two 2026,3,38,Middlesex Men,50,Lancashire Men,8759011,2026-09-03T17:42:56Z,1,109,False,,,,247.0,Tom Bailey,83.0,Max Holden,7893.0,Ben Geddes,119.0,134.0,Left,Fine Leg,2.0,0,2.0,2.0,,BackOfALength,OffStump,,WellTimed,BackFoot,Glance,NoMovement,Round,Medium,Right,Null,NotReferred,Null,False,False,False,False,False,True,,False,False,False,False,False,False,2.0,0.0,0.0,0.0,0.0,False,False
1638985,19,4.37,12,0,0,83,2,12,76314,,39456,County Championship Division Two 2026,3,38,Middlesex Men,50,Lancashire Men,8759013,2026-09-03T17:43:36Z,2,110,False,,,,247.0,Tom Bailey,83.0,Max Holden,7893.0,Ben Geddes,46.0,139.0,Left,Third Man,2.0,0,2.0,2.0,,LengthBall,OutsideOff,,ThickEdge,MovesInfront,Drive,SeamAway,Round,Medium,Right,Null,NotReferred,Null,False,False,False,False,False,True,,False,False,False,False,False,False,2.0,0.0,0.0,0.0,0.0,False,True
1638985,19,4.37,12,0,0,83,2,12,76314,,39456,County Championship Division Two 2026,3,38,Middlesex Men,50,Lancashire Men,8759014,2026-09-03T17:44:17Z,3,111,False,,,,247.0,Tom Bailey,83.0,Max Holden,7893.0,Ben Geddes,310.0,122.0,Left,Deep Extra Cover,2.0,0,2.0,2.0,,HalfVolley,OutsideOff,,WellTimed,FrontFoot,Drive,NoMovement,Round,Medium,Right,Null,NotReferred,Null,False,False,False,False,False,True,,False,False,False,False,False,False,2.0,0.0,0.0,0.0,0.0,False,True
1638985,19,4.37,12,0,0,83,2,12,76314,,39456,County Championship Division Two 2026,3,38,Middlesex Men,50,Lancashire Men,8759017,2026-09-03T17:44:57Z,4,112,False,,,,247.0,Tom Bailey,83.0,Max Holden,7893.0,Ben Geddes,234.0,130.0,Left,Deep Mid Wicket,4.0,2,4.0,2.0,,LengthBall,OutsideOff,,WellTimed,FrontFoot,Flick,NoMovement,Round,Medium,Right,Null,NotReferred,Null,False,True,False,False,False,True,,False,False,False,False,False,False,4.0,0.0,0.0,0.0,2.0,False,False
1638985,19,4.37,12,0,0,83,2,12,76314,,39456,County Championship Division Two 2026,3,38,Middlesex Men,50,Lancashire Men,8759018,2026-09-03T17:45:28Z,4,113,False,,,,247.0,Tom Bailey,83.0,Max Holden,7893.0,Ben Geddes,308.0,54.0,Left,Extra Cover,0.0,0,0.0,0.0,,BackOfALength,OutsideOff,,None,MovesInfront,BackwardDefensive,NoMovement,Round,Medium,Right,Null,NotReferred,Null,False,False,False,False,False,True,,False,False,False,False,False,False,0.0,0.0,0.0,0.0,0.0,False,False
1638985,19,4.37,12,0,0,83,2,12,76314,,39456,County Championship Division Two 2026,3,38,Middlesex Men,50,Lancashire Men,8759020,2026-09-03T17:46:13Z,5,114,False,,,,247.0,Tom Bailey,83.0,Max Holden,7893.0,Ben Geddes,179.0,161.0,Left,Deep Backward Square Leg,2.0,0,2.0,2.0,,BackOfALength,OutsideOff,,WellTimed,BackFoot,Worked,NoMovement,Round,Medium,Right,Null,NotReferred,Null,False,False,False,False,False,True,,False,False,False,False,False,False,2.0,0.0,0.0,0.0,0.0,False,False
1638985,19,4.37,12,0,0,83,2,12,76314,,39456,County Championship Division Two 2026,3,38,Middlesex Men,50,Lancashire Men,8759022,2026-09-03T17:46:51Z,6,115,False,,,,247.0,Tom Bailey,83.0,Max Holden,7893.0,Ben Geddes,357.0,55.0,Left,Point,0.0,0,0.0,0.0,,LengthBall,OutsideOff,,None,BackFoot,Drive,NoMovement,Round,Medium,Right,Null,NotReferred,Null,False,False,False,False,False,True,,False,False,False,False,False,False,0.0,0.0,0.0,0.0,0.0,False,False
1638987,20,4.75,12,0,0,95,2,12,76314,,39456,County Championship Division Two 2026,3,38,Middlesex Men,50,Lancashire Men,8759024,2026-09-03T17:48:31Z,1,116,False,,,,10590.0,Ben Walkden,7893.0,Ben Geddes,83.0,Max Holden,283.0,54.0,Right,Mid On,0.0,0,0.0,0.0,,BackOfALength,OutsideOff,,None,BackFoot,BackwardDefensive,NoMovement,Over,Medium,Right,Null,NotReferred,Null,False,False,False,False,False,True,,False,False,False,False,False,False,0.0,0.0,0.0,0.0,0.0,False,False
1638987,20,4.75,12,0,0,95,2,12,76314,,39456,County Championship Division Two 2026,3,38,Middlesex Men,50,Lancashire Men,8759025,2026-09-03T17:49:03Z,2,117,False,,,,10590.0,Ben Walkden,7893.0,Ben Geddes,83.0,Max Holden,24.0,166.0,Right,,4.0,0,4.0,4.0,,LengthBall,MiddleStump,,WellTimed,BackFoot,Glance,NoMovement,Over,Medium,Right,Null,NotReferred,Null,False,False,False,False,False,True,,False,False,False,False,False,False,4.0,0.0,0.0,0.0,0.0,True,False
1638987,20,4.75,12,0,0,95,2,12,76314,,39456,County Championship Division Two 2026,3,38,Middlesex Men,50,Lancashire Men,8759026,2026-09-03T17:49:40Z,3,118,False,,,,10590.0,Ben Walkden,7893.0,Ben Geddes,83.0,Max Holden,,,Right,Wicketkeeper,0.0,0,0.0,0.0,,LengthBall,OutsideOff,,Missed,FrontFoot,Drive,SeamAway,Over,Medium,Right,Null,NotReferred,Null,False,False,False,False,False,True,,False,False,False,False,False,False,0.0,0.0,0.0,0.0,0.0,False,False
1638987,20,4.75,12,0,0,95,2,12,76314,,39456,County Championship Division Two 2026,3,38,Middlesex Men,50,Lancashire Men,8759027,2026-09-03T17:50:11Z,4,119,False,,,,10590.0,Ben Walkden,7893.0,Ben Geddes,83.0,Max Holden,,,Right,Wicketkeeper,0.0,0,0.0,0.0,,LengthBall,OutsideOff,,Left,FrontFoot,Leave,AwaySwinger,Over,Medium,Right,Null,NotReferred,Null,False,False,False,False,False,True,,False,False,False,False,False,False,0.0,0.0,0.0,0.0,0.0,False,False
1638987,20,4.75,12,0,0,95,2,12,76314,,39456,County Championship Division Two 2026,3,38,Middlesex Men,50,Lancashire Men,8759028,2026-09-03T17:50:43Z,5,120,False,,,,10590.0,Ben Walkden,7893.0,Ben Geddes,83.0,Max Holden,94.0,160.0,Right,,4.0,0,4.0,4.0,,LengthBall,OutsideOff,,OutsideEdge,FrontFoot,ForwardDefensive,SeamAway,Over,Medium,Right,Null,NotReferred,Null,False,False,False,False,False,True,,False,False,False,False,False,False,4.0,0.0,0.0,0.0,0.0,True,True
1638987,20,4.75,12,0,0,95,2,12,76314,,39456,County Championship Division Two 2026,3,38,Middlesex Men,50,Lancashire Men,8759029,2026-09-03T17:51:33Z,6,121,False,,,,10590.0,Ben Walkden,7893.0,Ben Geddes,83.0,Max Holden,183.0,171.0,Right,,4.0,0,4.0,4.0,,LengthBall,OutsideOff,,WellTimed,FrontFoot,Drive,NoMovement,Over,Medium,Right,Null,NotReferred,Null,False,False,False,False,False,True,,False,False,False,False,False,False,4.0,0.0,0.0,0.0,0.0,True,False
1638988,21,4.86,7,0,0,102,2,7,76314,,39456,County Championship Division Two 2026,3,38,Middlesex Men,50,Lancashire Men,8759030,2026-09-03T17:53:19Z,1,122,False,,,,2949.0,George Balderson,83.0,Max Holden,7893.0,Ben Geddes,9.0,168.0,Left,,4.0,0,4.0,4.0,,BackOfALength,OutsideOff,,Middled,BackFoot,Cut,NoMovement,Round,Medium,Right,Null,NotReferred,Null,False,False,False,False,False,True,,False,False,False,False,False,False,4.0,0.0,0.0,0.0,0.0,True,False
1638988,21,4.86,7,0,0,102,2,7,76314,,39456,County Championship Division Two 2026,3,38,Middlesex Men,50,Lancashire Men,8759031,2026-09-03T17:53:59Z,2,123,False,,,,2949.0,George Balderson,83.0,Max Holden,7893.0,Ben Geddes,228.0,60.0,Left,Mid Wicket,0.0,0,0.0,0.0,,LengthBall,OutsideOff,,Spliced,DownTheTrack,ForwardDefensive,NoMovement,Round,Medium,Right,Null,NotReferred,Null,False,False,False,False,False,True,,False,False,False,False,False,False,0.0,0.0,0.0,0.0,0.0,False,True
1638988,21,4.86,7,0,0,102,2,7,76314,,39456,County Championship Division Two 2026,3,38,Middlesex Men,50,Lancashire Men,8759032,2026-09-03T17:54:31Z,3,124,False,,,,2949.0,George Balderson,83.0,Max Holden,7893.0,Ben Geddes,149.0,114.0,Left,Fine Leg,1.0,0,1.0,1.0,,BackOfALength,OutsideOff,,InsideEdge,BackFoot,BackwardDefensive,SeamIn,Round,Medium,Right,Null,NotReferred,Null,False,False,False,False,False,True,,False,False,False,False,False,False,1.0,0.0,0.0,0.0,0.0,False,True
1638988,21,4.86,7,0,0,102,2,7,76314,,39456,County Championship Division Two 2026,3,38,Middlesex Men,50,Lancashire Men,8759033,2026-09-03T17:55:09Z,4,125,False,,,,2949.0,George Balderson,7893.0,Ben Geddes,83.0,Max Holden,169.0,49.0,Right,Backward Point,0.0,0,0.0,0.0,,BackOfALength,OutsideOff,,OutsideEdge,MovesInfront,ForwardDefensive,NoMovement,Over,Medium,Right,Null,NotReferred,Null,False,False,False,False,False,True,,False,False,False,False,False,False,0.0,0.0,0.0,0.0,0.0,False,False
1638988,21,4.86,7,0,0,102,2,7,76314,,39456,County Championship Division Two 2026,3,38,Middlesex Men,50,Lancashire Men,8759034,2026-09-03T17:55:44Z,5,126,False,,,,2949.0,George Balderson,7893.0,Ben Geddes,83.0,Max Holden,280.0,74.0,Right,Mid On,1.0,0,1.0,1.0,,LengthBall,OffStump,,None,FrontFoot,Drive,NoMovement,Over,Medium,Right,Null,NotReferred,Null,False,False,False,False,False,True,,False,False,False,False,False,False,1.0,0.0,0.0,0.0,0.0,False,False
1638988,21,4.86,7,0,0,102,2,7,76314,,39456,County Championship Division Two 2026,3,38,Middlesex Men,50,Lancashire Men,8759035,2026-09-03T17:56:25Z,6,127,False,,,,2949.0,George Balderson,83.0,Max Holden,7893.0,Ben Geddes,127.0,147.0,Left,Fine Leg,1.0,0,1.0,1.0,,LengthBall,OutsideOff,,InsideEdge,FrontFoot,ForwardDefensive,SeamIn,Round,Medium,Right,Null,NotReferred,Null,False,False,False,False,False,True,,False,False,False,False,False,False,1.0,0.0,0.0,0.0,0.0,False,False
1638989,22,4.82,4,0,0,106,2,4,76314,,39456,County Championship Division Two 2026,3,38,Middlesex Men,50,Lancashire Men,8759036,2026-09-03T17:58:02Z,1,128,False,,,,10590.0,Ben Walkden,83.0,Max Holden,7893.0,Ben Geddes,203.0,55.0,Left,Square Leg,0.0,0,0.0,0.0,,LengthBall,OutsideOff,,Spliced,FrontFoot,ForwardDefensive,NoMovement,Round,Medium,Right,Null,NotReferred,Null,False,False,False,False,False,True,,False,False,False,False,False,False,0.0,0.0,0.0,0.0,0.0,False,False
1638989,22,4.82,4,0,0,106,2,4,76314,,39456,County Championship Division Two 2026,3,38,Middlesex Men,50,Lancashire Men,8759037,2026-09-03T17:58:31Z,2,129,False,,,,10590.0,Ben Walkden,83.0,Max Holden,7893.0,Ben Geddes,338.0,50.0,Left,Cover,0.0,0,0.0,0.0,,LengthBall,OutsideOff,,None,BackFoot,Drive,NoMovement,Round,Medium,Right,Null,NotReferred,Null,False,False,False,False,False,True,,False,False,False,False,False,False,0.0,0.0,0.0,0.0,0.0,False,False
1638989,22,4.82,4,0,0,106,2,4,76314,,39456,County Championship Division Two 2026,3,38,Middlesex Men,50,Lancashire Men,8759038,2026-09-03T17:59:04Z,3,130,False,,,,10590.0,Ben Walkden,83.0,Max Holden,7893.0,Ben Geddes,279.0,180.0,Left,,4.0,0,4.0,4.0,,LengthBall,OutsideOff,,WellTimed,FrontFoot,Drive,NoMovement,Round,Medium,Right,Null,NotReferred,Null,False,False,False,False,True,True,,False,False,False,False,False,False,4.0,0.0,0.0,0.0,0.0,True,False
1638989,22,4.82,4,0,0,106,2,4,76314,,39456,County Championship Division Two 2026,3,38,Middlesex Men,50,Lancashire Men,8759039,2026-09-03T17:59:44Z,4,131,False,,,,10590.0,Ben Walkden,83.0,Max Holden,7893.0,Ben Geddes,,,Left,Bowler,0.0,0,0.0,0.0,,LengthBall,OutsideOff,,None,FrontFoot,Drive,NoMovement,Round,Medium,Right,Null,NotReferred,Null,False,False,False,False,False,True,,False,False,False,False,False,False,0.0,0.0,0.0,0.0,0.0,False,False
1638989,22,4.82,4,0,0,106,2,4,76314,,39456,County Championship Division Two 2026,3,38,Middlesex Men,50,Lancashire Men,8759040,2026-09-03T18:00:24Z,5,132,False,,,,10590.0,Ben Walkden,83.0,Max Holden,7893.0,Ben Geddes,65.0,37.0,Left,First Slip,0.0,0,0.0,0.0,,LengthBall,OutsideOff,,OutsideEdge,FrontFoot,ForwardDefensive,SeamAway,Round,Medium,Right,Null,NotReferred,Null,False,False,False,False,False,True,,False,False,False,False,False,False,0.0,0.0,0.0,0.0,0.0,False,False
1638989,22,4.82,4,0,0,106,2,4,76314,,39456,County Championship Division Two 2026,3,38,Middlesex Men,50,Lancashire Men,8759041,2026-09-03T18:00:56Z,6,133,False,,,,10590.0,Ben Walkden,83.0,Max Holden,7893.0,Ben Geddes,315.0,50.0,Left,Extra Cover,0.0,0,0.0,0.0,,LengthBall,OutsideOff,,None,FrontFoot,ForwardDefensive,NoMovement,Round,Medium,Right,Null,NotReferred,Null,False,False,False,False,False,True,,False,False,False,False,False,False,0.0,0.0,0.0,0.0,0.0,False,False
1638990,23,4.83,5,0,0,111,2,5,76314,,39456,County Championship Division Two 2026,3,38,Middlesex Men,50,Lancashire Men,8759042,2026-09-03T18:01:57Z,1,134,False,,,,2949.0,George Balderson,7893.0,Ben Geddes,83.0,Max Holden,,,Right,Wicketkeeper,0.0,0,0.0,0.0,,LengthBall,OutsideOff,,Missed,DownTheTrack,ForwardDefensive,SeamAway,Over,Medium,Right,Null,NotReferred,Null,False,False,False,False,False,True,,False,False,False,False,False,False,0.0,0.0,0.0,0.0,0.0,False,False
1638990,23,4.83,5,0,0,111,2,5,76314,,39456,County Championship Division Two 2026,3,38,Middlesex Men,50,Lancashire Men,8759043,2026-09-03T18:02:32Z,2,135,False,,,,2949.0,George Balderson,7893.0,Ben Geddes,83.0,Max Holden,222.0,127.0,Right,Extra Cover,1.0,0,1.0,1.0,,LengthBall,OutsideOff,,None,FrontFoot,Drive,NoMovement,Over,Medium,Right,Null,NotReferred,Null,False,False,False,False,False,True,,False,False,False,False,False,False,1.0,0.0,0.0,0.0,0.0,False,False
1638990,23,4.83,5,0,0,111,2,5,76314,,39456,County Championship Division Two 2026,3,38,Middlesex Men,50,Lancashire Men,8759044,2026-09-03T18:03:05Z,3,136,False,,,,2949.0,George Balderson,83.0,Max Holden,7893.0,Ben Geddes,272.0,180.0,Left,,4.0,0,4.0,4.0,,LengthBall,OutsideOff,,WellTimed,FrontFoot,Drive,NoMovement,Round,Medium,Right,Null,NotReferred,Null,False,False,False,False,False,True,,False,False,False,False,False,False,4.0,0.0,0.0,0.0,0.0,True,False
1638990,23,4.83,5,0,0,111,2,5,76314,,39456,County Championship Division Two 2026,3,38,Middlesex Men,50,Lancashire Men,8759045,2026-09-03T18:03:47Z,4,137,False,,,,2949.0,George Balderson,83.0,Max Holden,7893.0,Ben Geddes,232.0,50.0,Left,Mid Wicket,0.0,0,0.0,0.0,,BackOfALength,OutsideOff,,None,BackFoot,BackwardDefensive,NoMovement,Round,Medium,Right,Null,NotReferred,Null,False,False,False,False,False,True,,False,False,False,False,False,False,0.0,0.0,0.0,0.0,0.0,False,False
1638990,23,4.83,5,0,0,111,2,5,76314,,39456,County Championship Division Two 2026,3,38,Middlesex Men,50,Lancashire Men,8759046,2026-09-03T18:04:41Z,5,138,False,,,,2949.0,George Balderson,83.0,Max Holden,7893.0,Ben Geddes,,,Left,Wicketkeeper,0.0,0,0.0,0.0,,LengthBall,MiddleStump,,PlayAndMissLegSide,MovesInfront,Glance,SeamIn,Round,Medium,Right,Null,NotReferred,Null,False,False,False,False,False,True,,False,False,False,False,False,False,0.0,0.0,0.0,0.0,0.0,False,False
1638990,23,4.83,5,0,0,111,2,5,76314,,39456,County Championship Division Two 2026,3,38,Middlesex Men,50,Lancashire Men,8759047,2026-09-03T18:05:12Z,6,139,False,,,,2949.0,George Balderson,83.0,Max Holden,7893.0,Ben Geddes,,,Left,Wicketkeeper,0.0,0,0.0,0.0,,LengthBall,MiddleStump,,PlayAndMissLegSide,BackFoot,Glance,InSwinger,Round,Medium,Right,Null,NotReferred,Null,False,False,False,False,False,True,,False,False,False,False,False,False,0.0,0.0,0.0,0.0,0.0,False,False
1638991,24,4.83,5,0,0,116,2,5,76314,,39456,County Championship Division Two 2026,3,38,Middlesex Men,50,Lancashire Men,8759048,2026-09-03T18:06:19Z,1,140,False,,,,10590.0,Ben Walkden,7893.0,Ben Geddes,83.0,Max Holden,,,Right,Bowler,0.0,0,0.0,0.0,,LengthBall,OutsideOff,,None,FrontFoot,ForwardDefensive,NoMovement,Over,Medium,Right,Null,NotReferred,Null,False,False,False,False,False,True,,False,False,False,False,False,False,0.0,0.0,0.0,0.0,0.0,False,False
1638991,24,4.83,5,0,0,116,2,5,76314,,39456,County Championship Division Two 2026,3,38,Middlesex Men,50,Lancashire Men,8759049,2026-09-03T18:06:52Z,2,141,False,,,,10590.0,Ben Walkden,7893.0,Ben Geddes,83.0,Max Holden,256.0,64.0,Right,Mid Off,0.0,0,0.0,0.0,,LengthBall,OutsideOff,,None,FrontFoot,Drive,NoMovement,Over,Medium,Right,Null,NotReferred,Null,False,False,False,False,False,True,,False,False,False,False,False,False,0.0,0.0,0.0,0.0,0.0,False,False
1638991,24,4.83,5,0,0,116,2,5,76314,,39456,County Championship Division Two 2026,3,38,Middlesex Men,50,Lancashire Men,8759050,2026-09-03T18:07:20Z,3,142,False,,,,10590.0,Ben Walkden,7893.0,Ben Geddes,83.0,Max Holden,,,Right,Bowler,0.0,0,0.0,0.0,,BackOfALength,OutsideOff,,None,BackFoot,BackwardDefensive,SeamIn,Over,Medium,Right,Null,NotReferred,Null,False,False,False,False,False,True,,False,False,False,False,False,False,0.0,0.0,0.0,0.0,0.0,False,False
1638991,24,4.83,5,0,0,116,2,5,76314,,39456,County Championship Division Two 2026,3,38,Middlesex Men,50,Lancashire Men,8759051,2026-09-03T18:07:56Z,4,143,False,,,,10590.0,Ben Walkden,7893.0,Ben Geddes,83.0,Max Holden,167.0,163.0,Right,Deep Backward Point,1.0,0,1.0,1.0,,BackOfALength,OutsideOff,,WellTimed,BackFoot,Cut,NoMovement,Over,Medium,Right,Null,NotReferred,Null,False,False,False,False,False,True,,False,False,False,False,False,False,1.0,0.0,0.0,0.0,0.0,False,False
1638991,24,4.83,5,0,0,116,2,5,76314,,39456,County Championship Division Two 2026,3,38,Middlesex Men,50,Lancashire Men,8759052,2026-09-03T18:08:44Z,5,5,False,,,,10590.0,Ben Walkden,83.0,Max Holden,7893.0,Ben Geddes,320.0,176.0,Left,,4.0,0,4.0,4.0,,HalfVolley,OutsideOff,,WellTimed,FrontFoot,Drive,NoMovement,Round,Medium,Right,Null,NotReferred,Null,False,False,False,False,False,True,,False,False,False,False,False,False,4.0,0.0,0.0,0.0,0.0,True,False
1638991,24,4.83,5,0,0,116,2,5,76314,,39456,County Championship Division Two 2026,3,38,Middlesex Men,50,Lancashire Men,8759053,2026-09-03T18:09:25Z,6,145,False,,,,10590.0,Ben Walkden,83.0,Max Holden,7893.0,Ben Geddes,231.0,59.0,Left,Mid Wicket,0.0,0,0.0,0.0,,LengthBall,OffStump,,None,FrontFoot,ForwardDefensive,NoMovement,Round,Medium,Right,Null,NotReferred,Null,False,False,False,False,False,True,,False,False,False,False,False,False,0.0,0.0,0.0,0.0,0.0,False,False
1639065,25,4.8,4,1,0,120,3,4,76314,,39456,County Championship Division Two 2026,3,38,Middlesex Men,50,Lancashire Men,8759494,2026-09-04T10:29:17Z,1,146,False,,,,202.0,James Anderson,7893.0,Ben Geddes,83.0,Max Holden,,,Right,Wicketkeeper,0.0,0,0.0,0.0,,LengthBall,OutsideOff,,ShouldersArms,NoMovement,ShouldersArms,AwaySwinger,Over,Medium,Right,Null,NotReferred,Null,False,False,False,False,False,True,,False,False,False,False,False,False,0.0,0.0,0.0,0.0,0.0,False,False
1639065,25,4.8,4,1,0,120,3,4,76314,,39456,County Championship Division Two 2026,3,38,Middlesex Men,50,Lancashire Men,8759501,2026-09-04T10:29:55Z,2,147,False,,,,202.0,James Anderson,7893.0,Ben Geddes,83.0,Max Holden,314.0,48.0,Right,Mid Wicket,0.0,0,0.0,0.0,,LengthBall,OffStump,,None,BackFoot,Pushed,NoMovement,Over,Medium,Right,Null,NotReferred,Null,False,False,False,False,False,True,,False,False,False,False,False,False,0.0,0.0,0.0,0.0,0.0,False,False
1639065,25,4.8,4,1,0,120,3,4,76314,,39456,County Championship Division Two 2026,3,38,Middlesex Men,50,Lancashire Men,8759508,2026-09-04T10:30:31Z,3,148,False,,,,202.0,James Anderson,7893.0,Ben Geddes,83.0,Max Holden,192.0,172.0,Right,,4.0,0,4.0,4.0,,HalfVolley,OutsideOff,,WellTimed,FrontFoot,Drive,AwaySwinger,Over,Medium,Right,Null,NotReferred,Null,False,False,False,False,False,True,,False,False,False,False,False,False,4.0,0.0,0.0,0.0,0.0,True,False
1639065,25,4.8,4,1,0,120,3,4,76314,,39456,County Championship Division Two 2026,3,38,Middlesex Men,50,Lancashire Men,8759517,2026-09-04T10:31:10Z,4,149,True,Lbw,7893.0,Ben Geddes,202.0,James Anderson,7893.0,Ben Geddes,83.0,Max Holden,,,Right,,0.0,0,0.0,0.0,LBW,LengthBall,OutsideOff,Lbw,HitPad,NoMovement,ForwardDefensive,SeamIn,Over,Medium,Right,Null,NotReferred,Null,False,False,False,False,False,True,1861.0,False,False,False,False,False,False,0.0,0.0,0.0,0.0,0.0,False,False
1639065,25,4.8,4,1,0,120,3,4,76314,,39456,County Championship Division Two 2026,3,38,Middlesex Men,50,Lancashire Men,8759537,2026-09-04T10:33:18Z,5,150,False,,,,202.0,James Anderson,2680.0,Leus du Plooy,83.0,Max Holden,,,Left,Wicketkeeper,0.0,0,0.0,0.0,,HalfVolley,LegStump,,PlayAndMissLegSide,BackFoot,Glance,InSwinger,Round,Medium,Right,Null,NotReferred,Null,False,False,False,False,False,True,,False,False,False,False,False,False,0.0,0.0,0.0,0.0,0.0,False,False
1639065,25,4.8,4,1,0,120,3,4,76314,,39456,County Championship Division Two 2026,3,38,Middlesex Men,50,Lancashire Men,8759543,2026-09-04T10:33:49Z,6,151,False,,,,202.0,James Anderson,2680.0,Leus du Plooy,83.0,Max Holden,,,Left,Wicketkeeper,0.0,0,0.0,0.0,,LengthBall,OutsideOff,,Missed,FrontFoot,ForwardDefensive,SeamAway,Round,Medium,Right,Null,NotReferred,Null,False,False,False,False,False,True,,False,False,False,False,False,False,0.0,0.0,0.0,0.0,0.0,False,False
1639074,26,4.81,5,0,0,125,3,5,76314,,39456,County Championship Division Two 2026,3,38,Middlesex Men,50,Lancashire Men,8759557,2026-09-04T10:34:57Z,1,152,False,,,,2949.0,George Balderson,83.0,Max Holden,2680.0,Leus du Plooy,140.0,106.0,Left,Fine Leg,0.0,1,1.0,0.0,,LengthBall,OffStump,,HitPad,DownTheTrack,Worked,NoMovement,Round,Medium,Right,Null,NotReferred,Null,False,False,False,True,False,True,,False,False,False,False,False,False,1.0,0.0,0.0,1.0,0.0,False,False
1639074,26,4.81,5,0,0,125,3,5,76314,,39456,County Championship Division Two 2026,3,38,Middlesex Men,50,Lancashire Men,8759567,2026-09-04T10:35:54Z,2,153,False,,,,2949.0,George Balderson,2680.0,Leus du Plooy,83.0,Max Holden,49.0,16.0,Left,Gully,0.0,0,0.0,0.0,,LengthBall,Wide,,OutsideEdge,FrontFoot,Drive,NoMovement,Round,Medium,Right,Null,NotReferred,Null,False,False,False,False,False,True,,False,False,False,False,False,False,0.0,0.0,0.0,0.0,0.0,False,False
1639074,26,4.81,5,0,0,125,3,5,76314,,39456,County Championship Division Two 2026,3,38,Middlesex Men,50,Lancashire Men,8759573,2026-09-04T10:36:24Z,3,154,False,,,,2949.0,George Balderson,2680.0,Leus du Plooy,83.0,Max Holden,304.0,44.0,Left,Extra Cover,0.0,0,0.0,0.0,,LengthBall,OutsideOff,,None,BackFoot,BackwardDefensive,NoMovement,Round,Medium,Right,Null,NotReferred,Null,False,False,False,False,False,True,,False,False,False,False,False,False,0.0,0.0,0.0,0.0,0.0,False,False
1639074,26,4.81,5,0,0,125,3,5,76314,,39456,County Championship Division Two 2026,3,38,Middlesex Men,50,Lancashire Men,8759579,2026-09-04T10:36:51Z,4,155,False,,,,2949.0,George Balderson,2680.0,Leus du Plooy,83.0,Max Holden,338.0,36.0,Left,Cover,0.0,0,0.0,0.0,,LengthBall,OutsideOff,,None,FrontFoot,ForwardDefensive,SeamIn,Round,Medium,Right,Null,NotReferred,Null,False,False,False,False,False,True,,False,False,False,False,False,False,0.0,0.0,0.0,0.0,0.0,False,False
1639074,26,4.81,5,0,0,125,3,5,76314,,39456,County Championship Division Two 2026,3,38,Middlesex Men,50,Lancashire Men,8759584,2026-09-04T10:37:20Z,5,156,False,,,,2949.0,George Balderson,2680.0,Leus du Plooy,83.0,Max Holden,,,Left,Wicketkeeper,0.0,0,0.0,0.0,,LengthBall,OutsideOff,,Missed,FrontFoot,ForwardDefensive,SeamAway,Round,Medium,Right,Null,NotReferred,Null,False,False,False,False,False,True,,False,False,False,False,False,False,0.0,0.0,0.0,0.0,0.0,False,False
1639074,26,4.81,5,0,0,125,3,5,76314,,39456,County Championship Division Two 2026,3,38,Middlesex Men,50,Lancashire Men,8759590,2026-09-04T10:37:49Z,6,157,False,,,,2949.0,George Balderson,2680.0,Leus du Plooy,83.0,Max Holden,105.0,160.0,Left,,4.0,0,4.0,4.0,,LengthBall,OffStump,,None,BackFoot,Glance,SeamIn,Round,Medium,Right,Null,NotReferred,Null,False,False,False,False,False,True,,False,False,False,False,False,False,4.0,0.0,0.0,0.0,0.0,True,False
1639080,27,4.63,0,0,0,125,3,0,76314,,39456,County Championship Division Two 2026,3,38,Middlesex Men,50,Lancashire Men,8759596,2026-09-04T10:38:42Z,1,158,False,,,,202.0,James Anderson,83.0,Max Holden,2680.0,Leus du Plooy,,,Left,Wicketkeeper,0.0,0,0.0,0.0,,LengthBall,DownLeg,,PlayAndMissLegSide,BackFoot,Glance,InSwinger,Over,Medium,Right,Null,NotReferred,Null,False,False,False,False,False,True,,False,False,False,False,False,False,0.0,0.0,0.0,0.0,0.0,False,False
1639080,27,4.63,0,0,0,125,3,0,76314,,39456,County Championship Division Two 2026,3,38,Middlesex Men,50,Lancashire Men,8759603,2026-09-04T10:39:17Z,2,159,False,,,,202.0,James Anderson,83.0,Max Holden,2680.0,Leus du Plooy,332.0,45.0,Left,Cover,0.0,0,0.0,0.0,,LengthBall,OffStump,,None,BackFoot,BackwardDefensive,InSwinger,Over,Medium,Right,Null,NotReferred,Null,False,False,False,False,False,True,,False,False,False,False,False,False,0.0,0.0,0.0,0.0,0.0,False,False
1639080,27,4.63,0,0,0,125,3,0,76314,,39456,County Championship Division Two 2026,3,38,Middlesex Men,50,Lancashire Men,8759609,2026-09-04T10:39:53Z,3,160,False,,,,202.0,James Anderson,83.0,Max Holden,2680.0,Leus du Plooy,,,Left,Wicketkeeper,0.0,0,0.0,0.0,,LengthBall,OffStump,,Missed,BackFoot,BackwardDefensive,SeamAway,Over,Medium,Right,Null,NotReferred,Null,False,False,False,False,False,True,,False,False,False,False,False,False,0.0,0.0,0.0,0.0,0.0,False,False
1639080,27,4.63,0,0,0,125,3,0,76314,,39456,County Championship Division Two 2026,3,38,Middlesex Men,50,Lancashire Men,8759618,2026-09-04T10:40:29Z,4,161,False,,,,202.0,James Anderson,83.0,Max Holden,2680.0,Leus du Plooy,11.0,83.0,Left,Backward Point,0.0,0,0.0,0.0,,BackOfALength,OffStump,,WellTimed,DownTheTrack,Cut,NoMovement,Over,Medium,Right,Null,NotReferred,Null,False,False,False,False,False,True,,False,False,False,False,False,False,0.0,0.0,0.0,0.0,0.0,False,False
1639080,27,4.63,0,0,0,125,3,0,76314,,39456,County Championship Division Two 2026,3,38,Middlesex Men,50,Lancashire Men,8759627,2026-09-04T10:41:07Z,5,162,False,,,,202.0,James Anderson,83.0,Max Holden,2680.0,Leus du Plooy,,,Left,Wicketkeeper,0.0,0,0.0,0.0,,HalfVolley,OutsideOff,,ShouldersArms,DownTheTrack,ShouldersArms,InSwinger,Over,Medium,Right,Null,NotReferred,Null,False,False,False,False,False,True,,False,False,False,False,False,False,0.0,0.0,0.0,0.0,0.0,False,False
1639080,27,4.63,0,0,0,125,3,0,76314,,39456,County Championship Division Two 2026,3,38,Middlesex Men,50,Lancashire Men,8759633,2026-09-04T10:41:41Z,6,163,False,,,,202.0,James Anderson,83.0,Max Holden,2680.0,Leus du Plooy,312.0,38.0,Left,Extra Cover,0.0,0,0.0,0.0,,LengthBall,MiddleStump,,None,DownTheTrack,BackwardDefensive,InSwinger,Over,Medium,Right,Null,NotReferred,Null,False,False,False,False,False,True,,False,False,False,False,False,False,0.0,0.0,0.0,0.0,0.0,False,False
1639090,28,4.71,7,0,0,132,3,7,76314,,39456,County Championship Division Two 2026,3,38,Middlesex Men,50,Lancashire Men,8759643,2026-09-04T10:42:44Z,1,164,False,,,,2949.0,George Balderson,2680.0,Leus du Plooy,83.0,Max Holden,349.0,112.0,Left,Deep Cover,2.0,0,2.0,2.0,,LengthBall,OutsideOff,,None,BackFoot,Drive,NoMovement,Round,Medium,Right,Null,NotReferred,Null,False,False,False,False,False,True,,False,False,False,False,False,False,2.0,0.0,0.0,0.0,0.0,False,False
1639090,28,4.71,7,0,0,132,3,7,76314,,39456,County Championship Division Two 2026,3,38,Middlesex Men,50,Lancashire Men,8759647,2026-09-04T10:43:18Z,2,165,False,,,,2949.0,George Balderson,2680.0,Leus du Plooy,83.0,Max Holden,347.0,172.0,Left,,4.0,0,4.0,4.0,,LengthBall,OutsideOff,,Middled,BackFoot,Drive,NoMovement,Round,Medium,Right,Null,NotReferred,Null,False,False,False,False,False,True,,False,False,False,False,False,False,4.0,0.0,0.0,0.0,0.0,True,False
1639090,28,4.71,7,0,0,132,3,7,76314,,39456,County Championship Division Two 2026,3,38,Middlesex Men,50,Lancashire Men,8759659,2026-09-04T10:44:06Z,3,166,False,,,,2949.0,George Balderson,2680.0,Leus du Plooy,83.0,Max Holden,219.0,50.0,Left,Mid Wicket,0.0,0,0.0,0.0,,HalfVolley,OffStump,,None,FrontFoot,Pushed,NoMovement,Round,Medium,Right,Null,NotReferred,Null,False,False,False,False,False,True,,False,False,False,False,False,False,0.0,0.0,0.0,0.0,0.0,False,False
1639090,28,4.71,7,0,0,132,3,7,76314,,39456,County Championship Division Two 2026,3,38,Middlesex Men,50,Lancashire Men,8759667,2026-09-04T10:44:36Z,4,167,False,,,,2949.0,George Balderson,2680.0,Leus du Plooy,83.0,Max Holden,144.0,103.0,Left,Fine Leg,1.0,0,1.0,1.0,,LengthBall,OffStump,,WellTimed,BackFoot,Worked,NoMovement,Round,Medium,Right,Null,NotReferred,Null,False,False,False,False,False,True,,False,False,False,False,False,False,1.0,0.0,0.0,0.0,0.0,False,False
1639090,28,4.71,7,0,0,132,3,7,76314,,39456,County Championship Division Two 2026,3,38,Middlesex Men,50,Lancashire Men,8759674,2026-09-04T10:45:16Z,5,168,False,,,,2949.0,George Balderson,83.0,Max Holden,2680.0,Leus du Plooy,273.0,39.0,Left,Bowler,0.0,0,0.0,0.0,,HalfVolley,OutsideOff,,None,FrontFoot,Drive,NoMovement,Round,Medium,Right,Null,NotReferred,Null,False,False,False,False,False,True,,False,False,False,False,False,False,0.0,0.0,0.0,0.0,0.0,False,False
1639090,28,4.71,7,0,0,132,3,7,76314,,39456,County Championship Division Two 2026,3,38,Middlesex Men,50,Lancashire Men,8759684,2026-09-04T10:45:43Z,6,169,False,,,,2949.0,George Balderson,83.0,Max Holden,2680.0,Leus du Plooy,45.0,22.0,Left,Gully,0.0,0,0.0,0.0,,BackOfALength,OutsideOff,,None,BackFoot,Steer,NoMovement,Round,Medium,Right,Null,NotReferred,Null,False,False,False,False,False,True,,False,False,False,False,False,False,0.0,0.0,0.0,0.0,0.0,False,False
1639095,29,4.69,4,0,0,136,3,4,76314,,39456,County Championship Division Two 2026,3,38,Middlesex Men,50,Lancashire Men,8759692,2026-09-04T10:46:33Z,1,170,False,,,,202.0,James Anderson,2680.0,Leus du Plooy,83.0,Max Holden,,,Left,Wicketkeeper,0.0,0,0.0,0.0,,HalfVolley,LegStump,,PlayAndMissLegSide,DownTheTrack,Flick,InSwinger,Round,Medium,Right,Null,NotReferred,Null,False,False,False,False,False,True,,False,False,False,False,False,False,0.0,0.0,0.0,0.0,0.0,False,False
1639095,29,4.69,4,0,0,136,3,4,76314,,39456,County Championship Division Two 2026,3,38,Middlesex Men,50,Lancashire Men,8759698,2026-09-04T10:47:06Z,2,171,False,,,,202.0,James Anderson,2680.0,Leus du Plooy,83.0,Max Holden,245.0,46.0,Left,Mid On,0.0,0,0.0,0.0,,LengthBall,OutsideOff,,None,DownTheTrack,ForwardDefensive,InSwinger,Round,Medium,Right,Null,NotReferred,Null,False,False,False,False,False,True,,False,False,False,False,False,False,0.0,0.0,0.0,0.0,0.0,False,False
1639095,29,4.69,4,0,0,136,3,4,76314,,39456,County Championship Division Two 2026,3,38,Middlesex Men,50,Lancashire Men,8759705,2026-09-04T10:47:37Z,3,172,False,,,,202.0,James Anderson,2680.0,Leus du Plooy,83.0,Max Holden,,,Left,Wicketkeeper,0.0,0,0.0,0.0,,LengthBall,OutsideOff,,Missed,BackFoot,BackwardDefensive,SeamAway,Round,Medium,Right,Null,NotReferred,Null,False,False,False,False,False,True,,False,False,False,False,False,False,0.0,0.0,0.0,0.0,0.0,False,False
1639095,29,4.69,4,0,0,136,3,4,76314,,39456,County Championship Division Two 2026,3,38,Middlesex Men,50,Lancashire Men,8759714,2026-09-04T10:48:15Z,4,173,False,,,,202.0,James Anderson,2680.0,Leus du Plooy,83.0,Max Holden,195.0,173.0,Left,,4.0,0,4.0,4.0,,LengthBall,OffStump,,WellTimed,DownTheTrack,Worked,InSwinger,Round,Medium,Right,Null,NotReferred,Null,False,False,False,False,False,True,,False,False,False,False,False,False,4.0,0.0,0.0,0.0,0.0,True,False
1639095,29,4.69,4,0,0,136,3,4,76314,,39456,County Championship Division Two 2026,3,38,Middlesex Men,50,Lancashire Men,8759724,2026-09-04T10:48:56Z,5,174,False,,,,202.0,James Anderson,2680.0,Leus du Plooy,83.0,Max Holden,,,Left,Wicketkeeper,0.0,0,0.0,0.0,,LengthBall,OutsideOff,,ShouldersArms,DownTheTrack,ShouldersArms,SeamAway,Round,Medium,Right,Null,NotReferred,Null,False,False,False,False,False,True,,False,False,False,False,False,False,0.0,0.0,0.0,0.0,0.0,False,False
1639095,29,4.69,4,0,0,136,3,4,76314,,39456,County Championship Division Two 2026,3,38,Middlesex Men,50,Lancashire Men,8759733,2026-09-04T10:49:31Z,6,175,False,,,,202.0,James Anderson,2680.0,Leus du Plooy,83.0,Max Holden,355.0,45.0,Left,Cover,0.0,0,0.0,0.0,,LengthBall,OutsideOff,,None,DownTheTrack,Dropped,InSwinger,Round,Medium,Right,Null,NotReferred,Null,False,False,False,False,False,True,,False,False,False,False,False,False,0.0,0.0,0.0,0.0,0.0,False,False
1639105,30,4.57,1,1,0,137,4,1,76314,,39456,County Championship Division Two 2026,3,38,Middlesex Men,50,Lancashire Men,8759743,2026-09-04T10:50:18Z,1,176,False,,,,2949.0,George Balderson,83.0,Max Holden,2680.0,Leus du Plooy,319.0,52.0,Left,Extra Cover,0.0,0,0.0,0.0,,LengthBall,OutsideOff,,None,BackFoot,BackwardDefensive,SeamIn,Round,Medium,Right,Null,NotReferred,Null,False,False,False,False,False,True,,False,False,False,False,False,False,0.0,0.0,0.0,0.0,0.0,False,False
1639105,30,4.57,1,1,0,137,4,1,76314,,39456,County Championship Division Two 2026,3,38,Middlesex Men,50,Lancashire Men,8759751,2026-09-04T10:50:46Z,2,177,False,,,,2949.0,George Balderson,83.0,Max Holden,2680.0,Leus du Plooy,128.0,103.0,Left,Fine Leg,1.0,0,1.0,1.0,,LengthBall,OffStump,,InsideEdge,FrontFoot,Pushed,SeamIn,Round,Medium,Right,Null,NotReferred,Null,False,False,False,False,False,True,,False,False,False,False,False,False,1.0,0.0,0.0,0.0,0.0,False,False
1639105,30,4.57,1,1,0,137,4,1,76314,,39456,County Championship Division Two 2026,3,38,Middlesex Men,50,Lancashire Men,8759757,2026-09-04T10:51:25Z,3,178,False,,,,2949.0,George Balderson,2680.0,Leus du Plooy,83.0,Max Holden,,,Left,Wicketkeeper,0.0,0,0.0,0.0,,LengthBall,OutsideOff,,Left,NoMovement,Leave,SeamAway,Round,Medium,Right,Null,NotReferred,Null,False,False,False,False,False,True,,False,False,False,False,False,False,0.0,0.0,0.0,0.0,0.0,False,False
1639105,30,4.57,1,1,0,137,4,1,76314,,39456,County Championship Division Two 2026,3,38,Middlesex Men,50,Lancashire Men,8759769,2026-09-04T10:51:56Z,4,179,True,Bowled,2680.0,Leus du Plooy,2949.0,George Balderson,2680.0,Leus du Plooy,83.0,Max Holden,,,Left,,0.0,0,0.0,0.0,Bowled,LengthBall,OutsideOff,Bowled,Missed,BackFoot,BackwardDefensive,SeamIn,Round,Medium,Right,Null,NotReferred,Null,False,False,False,False,False,True,1815.0,False,False,False,False,False,False,0.0,0.0,0.0,0.0,0.0,False,False
1639105,30,4.57,1,1,0,137,4,1,76314,,39456,County Championship Division Two 2026,3,38,Middlesex Men,50,Lancashire Men,8759794,2026-09-04T10:54:08Z,5,180,False,,,,2949.0,George Balderson,39.0,Ryan Higgins,83.0,Max Holden,296.0,40.0,Right,Mid On,0.0,0,0.0,0.0,,LengthBall,OutsideOff,,Spliced,FrontFoot,ForwardDefensive,SeamIn,Over,Medium,Right,Null,NotReferred,Null,False,False,False,False,False,True,,False,False,False,False,False,False,0.0,0.0,0.0,0.0,0.0,False,False
1639105,30,4.57,1,1,0,137,4,1,76314,,39456,County Championship Division Two 2026,3,38,Middlesex Men,50,Lancashire Men,8759801,2026-09-04T10:54:38Z,6,181,False,,,,2949.0,George Balderson,39.0,Ryan Higgins,83.0,Max Holden,,,Right,Wicketkeeper,0.0,0,0.0,0.0,,LengthBall,Wide,,Left,NoMovement,Leave,SeamAway,Over,Medium,Right,Null,NotReferred,Null,False,False,False,False,False,True,,False,False,False,False,False,False,0.0,0.0,0.0,0.0,0.0,False,False
1639118,31,4.42,0,1,0,137,5,0,76314,,39456,County Championship Division Two 2026,3,38,Middlesex Men,50,Lancashire Men,8759810,2026-09-04T10:55:22Z,1,182,False,,,,202.0,James Anderson,83.0,Max Holden,39.0,Ryan Higgins,,,Left,Wicketkeeper,0.0,0,0.0,0.0,,BackOfALength,OffStump,,Missed,BackFoot,Cut,NoMovement,Over,Medium,Right,Null,NotReferred,Null,False,False,False,False,False,True,,False,False,False,False,False,False,0.0,0.0,0.0,0.0,0.0,False,False
1639118,31,4.42,0,1,0,137,5,0,76314,,39456,County Championship Division Two 2026,3,38,Middlesex Men,50,Lancashire Men,8759815,2026-09-04T10:56:01Z,2,183,False,,,,202.0,James Anderson,83.0,Max Holden,39.0,Ryan Higgins,339.0,61.0,Left,Cover,0.0,0,0.0,0.0,,LengthBall,OffStump,,WellTimed,BackFoot,Pushed,InSwinger,Over,Medium,Right,Null,NotReferred,Null,False,False,False,False,False,True,,False,False,False,False,False,False,0.0,0.0,0.0,0.0,0.0,False,False
1639118,31,4.42,0,1,0,137,5,0,76314,,39456,County Championship Division Two 2026,3,38,Middlesex Men,50,Lancashire Men,8759823,2026-09-04T10:56:39Z,3,184,False,,,,202.0,James Anderson,83.0,Max Holden,39.0,Ryan Higgins,343.0,54.0,Left,Cover,0.0,0,0.0,0.0,,LengthBall,OutsideOff,,None,DownTheTrack,BackwardDefensive,InSwinger,Round,Medium,Right,Null,NotReferred,Null,False,False,False,False,False,True,,False,False,False,False,False,False,0.0,0.0,0.0,0.0,0.0,False,False
1639118,31,4.42,0,1,0,137,5,0,76314,,39456,County Championship Division Two 2026,3,38,Middlesex Men,50,Lancashire Men,8759834,2026-09-04T10:57:16Z,4,185,True,Caught,83.0,Max Holden,202.0,James Anderson,83.0,Max Holden,39.0,Ryan Higgins,67.0,21.0,Left,Second Slip,0.0,0,0.0,0.0,Caught,HalfVolley,OutsideOff,Caught,OutsideEdge,FrontFoot,Drive,AwaySwinger,Round,Medium,Right,Null,NotReferred,Null,False,False,False,False,False,True,1861.0,False,False,False,False,False,False,0.0,0.0,0.0,0.0,0.0,False,False
1639118,31,4.42,0,1,0,137,5,0,76314,,39456,County Championship Division Two 2026,3,38,Middlesex Men,50,Lancashire Men,8759857,2026-09-04T10:59:14Z,5,186,False,,,,202.0,James Anderson,3830.0,Harry Duke,39.0,Ryan Higgins,277.0,56.0,Right,Mid On,0.0,0,0.0,0.0,,HalfVolley,OffStump,,None,DownTheTrack,Pushed,AwaySwinger,Over,Medium,Right,Null,NotReferred,Null,False,False,False,False,False,True,,False,False,False,False,False,False,0.0,0.0,0.0,0.0,0.0,False,False
1639118,31,4.42,0,1,0,137,5,0,76314,,39456,County Championship Division Two 2026,3,38,Middlesex Men,50,Lancashire Men,8759862,2026-09-04T10:59:48Z,6,187,False,,,,202.0,James Anderson,3830.0,Harry Duke,39.0,Ryan Higgins,,,Right,Wicketkeeper,0.0,0,0.0,0.0,,LengthBall,OutsideOff,,ShouldersArms,NoMovement,ShouldersArms,AwaySwinger,Over,Medium,Right,Null,NotReferred,Null,False,False,False,False,False,True,,False,False,False,False,False,False,0.0,0.0,0.0,0.0,0.0,False,False
1639129,32,4.28,0,0,0,137,5,0,76314,,39456,County Championship Division Two 2026,3,38,Middlesex Men,50,Lancashire Men,8759870,2026-09-04T11:00:34Z,1,188,False,,,,2949.0,George Balderson,39.0,Ryan Higgins,3830.0,Harry Duke,,,Right,Wicketkeeper,0.0,0,0.0,0.0,,LengthBall,OutsideOff,,Missed,FrontFoot,ForwardDefensive,SeamAway,Over,Medium,Right,Null,NotReferred,Null,False,False,False,False,False,True,,False,False,False,False,False,False,0.0,0.0,0.0,0.0,0.0,False,False
1639129,32,4.28,0,0,0,137,5,0,76314,,39456,County Championship Division Two 2026,3,38,Middlesex Men,50,Lancashire Men,8759877,2026-09-04T11:01:08Z,2,189,False,,,,2949.0,George Balderson,39.0,Ryan Higgins,3830.0,Harry Duke,319.0,54.0,Right,Mid Wicket,0.0,0,0.0,0.0,,LengthBall,OffStump,,MisTimed,BackFoot,Worked,SeamIn,Over,Medium,Right,Null,NotReferred,Null,False,False,False,False,False,True,,False,False,False,False,False,False,0.0,0.0,0.0,0.0,0.0,False,False
1639129,32,4.28,0,0,0,137,5,0,76314,,39456,County Championship Division Two 2026,3,38,Middlesex Men,50,Lancashire Men,8759884,2026-09-04T11:01:33Z,3,190,False,,,,2949.0,George Balderson,39.0,Ryan Higgins,3830.0,Harry Duke,267.0,37.0,Right,Bowler,0.0,0,0.0,0.0,,LengthBall,OutsideOff,,WellTimed,FrontFoot,ForwardDefensive,SeamIn,Over,Medium,Right,Null,NotReferred,Null,False,False,False,False,False,True,,False,False,False,False,False,False,0.0,0.0,0.0,0.0,0.0,False,False
1639129,32,4.28,0,0,0,137,5,0,76314,,39456,County Championship Division Two 2026,3,38,Middlesex Men,50,Lancashire Men,8759891,2026-09-04T11:02:02Z,4,191,False,,,,2949.0,George Balderson,39.0,Ryan Higgins,3830.0,Harry Duke,222.0,49.0,Right,Extra Cover,0.0,0,0.0,0.0,,LengthBall,OutsideOff,,MisTimed,FrontFoot,Pushed,SeamAway,Over,Medium,Right,Null,NotReferred,Null,False,False,False,False,False,True,,False,False,False,False,False,False,0.0,0.0,0.0,0.0,0.0,False,False
1639129,32,4.28,0,0,0,137,5,0,76314,,39456,County Championship Division Two 2026,3,38,Middlesex Men,50,Lancashire Men,8759898,2026-09-04T11:02:33Z,5,192,False,,,,2949.0,George Balderson,39.0,Ryan Higgins,3830.0,Harry Duke,,,Right,Wicketkeeper,0.0,0,0.0,0.0,,LengthBall,Wide,,ShouldersArms,FrontFoot,ShouldersArms,SeamAway,Over,Medium,Right,Null,NotReferred,Null,False,False,False,False,False,True,,False,False,False,False,False,False,0.0,0.0,0.0,0.0,0.0,False,False
1639129,32,4.28,0,0,0,137,5,0,76314,,39456,County Championship Division Two 2026,3,38,Middlesex Men,50,Lancashire Men,8759903,2026-09-04T11:03:03Z,6,193,False,,,,2949.0,George Balderson,39.0,Ryan Higgins,3830.0,Harry Duke,,,Right,Wicketkeeper,0.0,0,0.0,0.0,,LengthBall,OutsideOff,,Missed,BackFoot,BackwardDefensive,SeamAway,Over,Medium,Right,Null,NotReferred,Null,False,False,False,False,False,True,,False,False,False,False,False,False,0.0,0.0,0.0,0.0,0.0,False,False
1639135,33,4.64,16,0,0,153,5,16,76314,,39456,County Championship Division Two 2026,3,38,Middlesex Men,50,Lancashire Men,8759910,2026-09-04T11:03:48Z,1,194,False,,,,202.0,James Anderson,3830.0,Harry Duke,39.0,Ryan Higgins,,,Right,Wicketkeeper,0.0,0,0.0,0.0,,LengthBall,OutsideOff,,Missed,FrontFoot,ForwardDefensive,AwaySwinger,Over,Medium,Right,Null,NotReferred,Null,False,False,False,False,False,True,,False,False,False,False,False,False,0.0,0.0,0.0,0.0,0.0,False,False
1639135,33,4.64,16,0,0,153,5,16,76314,,39456,County Championship Division Two 2026,3,38,Middlesex Men,50,Lancashire Men,8759918,2026-09-04T11:04:22Z,2,195,False,,,,202.0,James Anderson,3830.0,Harry Duke,39.0,Ryan Higgins,149.0,165.0,Right,,4.0,0,4.0,4.0,,LengthBall,Wide,,ThickEdge,FrontFoot,Drive,AwaySwinger,Over,Medium,Right,Null,NotReferred,Null,False,False,False,False,False,True,,False,False,False,False,False,False,4.0,0.0,0.0,0.0,0.0,True,True
1639135,33,4.64,16,0,0,153,5,16,76314,,39456,County Championship Division Two 2026,3,38,Middlesex Men,50,Lancashire Men,8759925,2026-09-04T11:05:09Z,3,196,False,,,,202.0,James Anderson,3830.0,Harry Duke,39.0,Ryan Higgins,217.0,176.0,Right,,4.0,0,4.0,4.0,,HalfVolley,OutsideOff,,Middled,FrontFoot,Drive,AwaySwinger,Over,Medium,Right,Null,NotReferred,Null,False,False,False,False,False,True,,False,False,False,False,False,False,4.0,0.0,0.0,0.0,0.0,True,False
1639135,33,4.64,16,0,0,153,5,16,76314,,39456,County Championship Division Two 2026,3,38,Middlesex Men,50,Lancashire Men,8759933,2026-09-04T11:05:45Z,4,197,False,,,,202.0,James Anderson,3830.0,Harry Duke,39.0,Ryan Higgins,71.0,161.0,Right,,4.0,0,4.0,4.0,,HalfVolley,MiddleStump,,WellTimed,FrontFoot,Flick,InSwinger,Over,Medium,Right,Null,NotReferred,Null,False,False,False,False,False,True,,False,False,False,False,False,False,4.0,0.0,0.0,0.0,0.0,True,False
1639135,33,4.64,16,0,0,153,5,16,76314,,39456,County Championship Division Two 2026,3,38,Middlesex Men,50,Lancashire Men,8759939,2026-09-04T11:06:14Z,5,198,False,,,,202.0,James Anderson,3830.0,Harry Duke,39.0,Ryan Higgins,346.0,172.0,Right,,4.0,0,4.0,4.0,,HalfVolley,OffStump,,InsideEdge,DownTheTrack,Flick,InSwinger,Over,Medium,Right,Null,NotReferred,Null,False,False,False,False,False,True,,False,False,False,False,False,False,4.0,0.0,0.0,0.0,0.0,True,False
1639135,33,4.64,16,0,0,153,5,16,76314,,39456,County Championship Division Two 2026,3,38,Middlesex Men,50,Lancashire Men,8759947,2026-09-04T11:06:54Z,6,199,False,,,,202.0,James Anderson,3830.0,Harry Duke,39.0,Ryan Higgins,,,Right,Wicketkeeper,0.0,0,0.0,0.0,,LengthBall,OutsideOff,,ShouldersArms,NoMovement,ShouldersArms,AwaySwinger,Over,Medium,Right,Null,NotReferred,Null,False,False,False,False,False,True,,False,False,False,False,False,False,0.0,0.0,0.0,0.0,0.0,False,False
1639141,34,4.53,1,1,0,154,6,1,76314,,39456,County Championship Division Two 2026,3,38,Middlesex Men,50,Lancashire Men,8759955,2026-09-04T11:07:40Z,1,200,False,,,,2949.0,George Balderson,39.0,Ryan Higgins,3830.0,Harry Duke,63.0,6.0,Right,Wicketkeeper,0.0,0,0.0,0.0,,LengthBall,OutsideOff,,InsideEdge,FrontFoot,ForwardDefensive,SeamIn,Over,Medium,Right,Null,NotReferred,Null,False,False,False,False,False,True,,False,False,False,False,False,False,0.0,0.0,0.0,0.0,0.0,False,False
1639141,34,4.53,1,1,0,154,6,1,76314,,39456,County Championship Division Two 2026,3,38,Middlesex Men,50,Lancashire Men,8759960,2026-09-04T11:08:12Z,2,201,False,,,,2949.0,George Balderson,39.0,Ryan Higgins,3830.0,Harry Duke,,,Right,Wicketkeeper,0.0,0,0.0,0.0,,LengthBall,OutsideOff,,Missed,FrontFoot,ForwardDefensive,SeamAway,Over,Medium,Right,Null,NotReferred,Null,False,False,False,False,False,True,,False,False,False,False,False,False,0.0,0.0,0.0,0.0,0.0,False,False
1639141,34,4.53,1,1,0,154,6,1,76314,,39456,County Championship Division Two 2026,3,38,Middlesex Men,50,Lancashire Men,8759966,2026-09-04T11:08:40Z,3,202,False,,,,2949.0,George Balderson,39.0,Ryan Higgins,3830.0,Harry Duke,130.0,110.0,Right,Third Man,1.0,0,1.0,1.0,,HalfVolley,OutsideOff,,ThickEdge,FrontFoot,Pushed,SeamAway,Over,Medium,Right,Null,NotReferred,Null,False,False,False,False,False,True,,False,False,False,False,False,False,1.0,0.0,0.0,0.0,0.0,False,False
1639141,34,4.53,1,1,0,154,6,1,76314,,39456,County Championship Division Two 2026,3,38,Middlesex Men,50,Lancashire Men,8759974,2026-09-04T11:09:24Z,4,203,False,,,,2949.0,George Balderson,3830.0,Harry Duke,39.0,Ryan Higgins,312.0,40.0,Right,Mid Wicket,0.0,0,0.0,0.0,,LengthBall,OutsideOff,,Spliced,FrontFoot,ForwardDefensive,SeamIn,Over,Medium,Right,Null,NotReferred,Null,False,False,False,False,False,True,,False,False,False,False,False,False,0.0,0.0,0.0,0.0,0.0,False,False
1639141,34,4.53,1,1,0,154,6,1,76314,,39456,County Championship Division Two 2026,3,38,Middlesex Men,50,Lancashire Men,8759982,2026-09-04T11:09:54Z,5,204,True,Bowled,3830.0,Harry Duke,2949.0,George Balderson,3830.0,Harry Duke,39.0,Ryan Higgins,,,Right,,0.0,0,0.0,0.0,Bowled,LengthBall,OutsideOff,Bowled,Missed,FrontFoot,Drive,SeamIn,Over,Medium,Right,Null,NotReferred,Null,False,False,False,False,False,True,1815.0,False,False,False,False,False,False,0.0,0.0,0.0,0.0,0.0,False,False
1639141,34,4.53,1,1,0,154,6,1,76314,,39456,County Championship Division Two 2026,3,38,Middlesex Men,50,Lancashire Men,8760008,2026-09-04T11:11:47Z,6,205,False,,,,2949.0,George Balderson,4202.0,Zafar Gohar,39.0,Ryan Higgins,324.0,50.0,Left,Extra Cover,0.0,0,0.0,0.0,,LengthBall,OutsideOff,,None,FrontFoot,ForwardDefensive,SeamIn,Round,Medium,Right,Null,NotReferred,Null,False,False,False,False,False,True,,False,False,False,False,False,False,0.0,0.0,0.0,0.0,0.0,False,False
1639152,35,4.57,6,1,0,160,7,6,76314,,39456,County Championship Division Two 2026,3,38,Middlesex Men,50,Lancashire Men,8760018,2026-09-04T11:12:44Z,1,206,False,,,,202.0,James Anderson,39.0,Ryan Higgins,4202.0,Zafar Gohar,200.0,51.0,Right,Cover,0.0,0,0.0,0.0,,BackOfALength,OutsideOff,,None,BackFoot,Dropped,AwaySwinger,Over,Medium,Right,Null,NotReferred,Null,False,False,False,False,False,True,,False,False,False,False,False,False,0.0,0.0,0.0,0.0,0.0,False,False
1639152,35,4.57,6,1,0,160,7,6,76314,,39456,County Championship Division Two 2026,3,38,Middlesex Men,50,Lancashire Men,8760025,2026-09-04T11:13:19Z,2,207,False,,,,202.0,James Anderson,39.0,Ryan Higgins,4202.0,Zafar Gohar,322.0,32.0,Right,Mid Wicket,0.0,0,0.0,0.0,,LengthBall,OffStump,,HitPad,NoMovement,Pushed,SeamIn,Over,Medium,Right,Null,NotReferred,Null,False,False,False,False,False,True,,False,False,False,False,False,False,0.0,0.0,0.0,0.0,0.0,False,False
1639152,35,4.57,6,1,0,160,7,6,76314,,39456,County Championship Division Two 2026,3,38,Middlesex Men,50,Lancashire Men,8760034,2026-09-04T11:13:53Z,3,208,True,Caught,39.0,Ryan Higgins,202.0,James Anderson,39.0,Ryan Higgins,4202.0,Zafar Gohar,86.0,16.0,Right,Wicketkeeper,0.0,0,0.0,0.0,Caught,HalfVolley,OutsideOff,Caught,OutsideEdge,NoMovement,Drive,AwaySwinger,Over,Medium,Right,Null,NotReferred,Null,False,False,False,False,False,True,1861.0,False,False,False,False,False,False,0.0,0.0,0.0,0.0,0.0,False,False
1639152,35,4.57,6,1,0,160,7,6,76314,,39456,County Championship Division Two 2026,3,38,Middlesex Men,50,Lancashire Men,8760059,2026-09-04T11:15:54Z,4,209,False,,,,202.0,James Anderson,1739.0,Toby Roland-Jones,4202.0,Zafar Gohar,159.0,114.0,Right,Deep Backward Point,2.0,0,2.0,2.0,,LengthBall,OutsideOff,,None,FrontFoot,Pushed,AwaySwinger,Over,Medium,Right,Null,NotReferred,Null,False,False,False,False,False,True,,False,False,False,False,False,False,2.0,0.0,0.0,0.0,0.0,False,False
1639152,35,4.57,6,1,0,160,7,6,76314,,39456,County Championship Division Two 2026,3,38,Middlesex Men,50,Lancashire Men,8760070,2026-09-04T11:16:41Z,5,210,False,,,,202.0,James Anderson,1739.0,Toby Roland-Jones,4202.0,Zafar Gohar,317.0,177.0,Right,,4.0,0,4.0,4.0,,HalfVolley,OffStump,,WellTimed,FrontFoot,Flick,AwaySwinger,Over,Medium,Right,Null,NotReferred,Null,False,False,False,False,False,True,,False,False,False,False,False,False,4.0,0.0,0.0,0.0,0.0,True,False
1639152,35,4.57,6,1,0,160,7,6,76314,,39456,County Championship Division Two 2026,3,38,Middlesex Men,50,Lancashire Men,8760080,2026-09-04T11:17:23Z,6,211,False,,,,202.0,James Anderson,1739.0,Toby Roland-Jones,4202.0,Zafar Gohar,250.0,69.0,Right,Mid Off,0.0,0,0.0,0.0,,LengthBall,OffStump,,None,FrontFoot,Drive,AwaySwinger,Over,Medium,Right,Null,NotReferred,Null,False,False,False,False,False,True,,False,False,False,False,False,False,0.0,0.0,0.0,0.0,0.0,False,False
1639165,36,4.44,0,2,0,160,9,0,76314,,39456,County Championship Division Two 2026,3,38,Middlesex Men,50,Lancashire Men,8760091,2026-09-04T11:18:16Z,1,212,False,,,,2949.0,George Balderson,4202.0,Zafar Gohar,1739.0,Toby Roland-Jones,,,Left,Wicketkeeper,0.0,0,0.0,0.0,,LengthBall,OutsideOff,,Left,NoMovement,Leave,SeamAway,Round,Medium,Right,Null,NotReferred,Null,False,False,False,False,False,True,,False,False,False,False,False,False,0.0,0.0,0.0,0.0,0.0,False,False
1639165,36,4.44,0,2,0,160,9,0,76314,,39456,County Championship Division Two 2026,3,38,Middlesex Men,50,Lancashire Men,8760101,2026-09-04T11:18:43Z,2,213,False,,,,2949.0,George Balderson,4202.0,Zafar Gohar,1739.0,Toby Roland-Jones,296.0,41.0,Left,Mid Off,0.0,0,0.0,0.0,,LengthBall,OutsideOff,,None,FrontFoot,ForwardDefensive,SeamIn,Round,Medium,Right,Null,NotReferred,Null,False,False,False,False,False,True,,False,False,False,False,False,False,0.0,0.0,0.0,0.0,0.0,False,False
1639165,36,4.44,0,2,0,160,9,0,76314,,39456,County Championship Division Two 2026,3,38,Middlesex Men,50,Lancashire Men,8760106,2026-09-04T11:19:11Z,3,214,False,,,,2949.0,George Balderson,4202.0,Zafar Gohar,1739.0,Toby Roland-Jones,284.0,52.0,Left,Mid Off,0.0,0,0.0,0.0,,LengthBall,OffStump,,None,FrontFoot,ForwardDefensive,NoMovement,Round,Medium,Right,Null,NotReferred,Null,False,False,False,False,False,True,,False,False,False,False,False,False,0.0,0.0,0.0,0.0,0.0,False,False
1639165,36,4.44,0,2,0,160,9,0,76314,,39456,County Championship Division Two 2026,3,38,Middlesex Men,50,Lancashire Men,8760112,2026-09-04T11:19:40Z,4,215,False,,,,2949.0,George Balderson,4202.0,Zafar Gohar,1739.0,Toby Roland-Jones,,,Left,Wicketkeeper,0.0,0,0.0,0.0,,LengthBall,OutsideOff,,Missed,FrontFoot,ForwardDefensive,SeamAway,Round,Medium,Right,Null,NotReferred,Null,False,False,False,False,False,True,,False,False,False,False,False,False,0.0,0.0,0.0,0.0,0.0,False,False
1639165,36,4.44,0,2,0,160,9,0,76314,,39456,County Championship Division Two 2026,3,38,Middlesex Men,50,Lancashire Men,8760123,2026-09-04T11:20:10Z,5,216,True,Caught,4202.0,Zafar Gohar,2949.0,George Balderson,4202.0,Zafar Gohar,1739.0,Toby Roland-Jones,76.0,6.0,Left,Wicketkeeper,0.0,0,0.0,0.0,Caught,LengthBall,OutsideOff,Caught,OutsideEdge,FrontFoot,ForwardDefensive,SeamAway,Round,Medium,Right,Null,NotReferred,Null,False,False,False,False,False,True,1815.0,False,False,False,False,False,False,0.0,0.0,0.0,0.0,0.0,False,False
1639165,36,4.44,0,2,0,160,9,0,76314,,39456,County Championship Division Two 2026,3,38,Middlesex Men,50,Lancashire Men,8760148,2026-09-04T11:22:09Z,6,217,True,Lbw,2683.0,Tom Helm,2949.0,George Balderson,2683.0,Tom Helm,1739.0,Toby Roland-Jones,,,Right,,0.0,0,0.0,0.0,LBW,LengthBall,OutsideOff,Lbw,HitPad,FrontFoot,ForwardDefensive,SeamIn,Over,Medium,Right,Null,NotReferred,Null,False,False,False,False,False,True,1815.0,False,False,False,False,False,False,0.0,0.0,0.0,0.0,0.0,False,False
1639177,37,4.46,5,0,0,165,9,5,76314,,39456,County Championship Division Two 2026,3,38,Middlesex Men,50,Lancashire Men,8760172,2026-09-04T11:24:00Z,1,218,False,,,,202.0,James Anderson,1739.0,Toby Roland-Jones,15371.0,Naavya Sharma,193.0,131.0,Right,Deep Cover,0.0,0,0.0,0.0,,LengthBall,OutsideOff,,WellTimed,BackFoot,Cut,AwaySwinger,Over,Medium,Right,Null,NotReferred,Null,False,False,False,False,False,True,,False,False,False,False,False,False,0.0,0.0,0.0,0.0,0.0,False,False
1639177,37,4.46,5,0,0,165,9,5,76314,,39456,County Championship Division Two 2026,3,38,Middlesex Men,50,Lancashire Men,8760176,2026-09-04T11:24:32Z,2,219,False,,,,202.0,James Anderson,1739.0,Toby Roland-Jones,15371.0,Naavya Sharma,314.0,50.0,Right,Mid Wicket,0.0,0,0.0,0.0,,LengthBall,OffStump,,MisTimed,BackFoot,Worked,NoMovement,Over,Medium,Right,Null,NotReferred,Null,False,False,False,False,False,True,,False,False,False,False,False,False,0.0,0.0,0.0,0.0,0.0,False,False
1639177,37,4.46,5,0,0,165,9,5,76314,,39456,County Championship Division Two 2026,3,38,Middlesex Men,50,Lancashire Men,8760187,2026-09-04T11:25:04Z,3,220,False,,,,202.0,James Anderson,1739.0,Toby Roland-Jones,15371.0,Naavya Sharma,157.0,166.0,Right,,4.0,0,4.0,4.0,,LengthBall,Wide,,WellTimed,FrontFoot,Cut,AwaySwinger,Over,Medium,Right,Null,NotReferred,Null,False,False,False,False,False,True,,False,False,False,False,False,False,4.0,0.0,0.0,0.0,0.0,True,False
1639177,37,4.46,5,0,0,165,9,5,76314,,39456,County Championship Division Two 2026,3,38,Middlesex Men,50,Lancashire Men,8760195,2026-09-04T11:25:51Z,4,221,False,,,,202.0,James Anderson,1739.0,Toby Roland-Jones,15371.0,Naavya Sharma,271.0,34.0,Right,Bowler,0.0,0,0.0,0.0,,LengthBall,OffStump,,None,FrontFoot,ForwardDefensive,AwaySwinger,Over,Medium,Right,Null,NotReferred,Null,False,False,False,False,False,True,,False,False,False,False,False,False,0.0,0.0,0.0,0.0,0.0,False,False
1639177,37,4.46,5,0,0,165,9,5,76314,,39456,County Championship Division Two 2026,3,38,Middlesex Men,50,Lancashire Men,8760204,2026-09-04T11:26:25Z,5,222,False,,,,202.0,James Anderson,1739.0,Toby Roland-Jones,15371.0,Naavya Sharma,23.0,103.0,Right,Deep Backward Square Leg,1.0,0,1.0,1.0,,Short,OutsideOff,,MisTimed,BackFoot,Pull,NoMovement,Over,Medium,Right,Null,NotReferred,Null,False,False,False,False,False,True,,False,False,False,False,False,False,1.0,0.0,0.0,0.0,0.0,False,False
1639177,37,4.46,5,0,0,165,9,5,76314,,39456,County Championship Division Two 2026,3,38,Middlesex Men,50,Lancashire Men,8760212,2026-09-04T11:27:22Z,6,223,False,,,,202.0,James Anderson,15371.0,Naavya Sharma,1739.0,Toby Roland-Jones,,,Right,Wicketkeeper,0.0,0,0.0,0.0,,LengthBall,OutsideOff,,Missed,FrontFoot,ForwardDefensive,AwaySwinger,Over,Medium,Right,Null,NotReferred,Null,False,False,False,False,False,True,,False,False,False,False,False,False,0.0,0.0,0.0,0.0,0.0,False,False
1639188,38,4.45,4,0,0,169,9,4,76314,,39456,County Championship Division Two 2026,3,38,Middlesex Men,50,Lancashire Men,8760231,2026-09-04T11:28:51Z,1,224,False,,,,2949.0,George Balderson,1739.0,Toby Roland-Jones,15371.0,Naavya Sharma,322.0,149.0,Right,Deep Mid Wicket,0.0,0,0.0,0.0,,LengthBall,OffStump,,WellTimed,FrontFoot,Flick,NoMovement,Over,Medium,Right,Null,NotReferred,Null,False,False,False,False,True,True,,False,False,False,False,False,False,0.0,0.0,0.0,0.0,0.0,False,False
1639188,38,4.45,4,0,0,169,9,4,76314,,39456,County Championship Division Two 2026,3,38,Middlesex Men,50,Lancashire Men,8760236,2026-09-04T11:29:19Z,2,225,False,,,,2949.0,George Balderson,1739.0,Toby Roland-Jones,15371.0,Naavya Sharma,,,Right,Wicketkeeper,0.0,0,0.0,0.0,,LengthBall,Wide,,Missed,FrontFoot,Drive,SeamAway,Over,Medium,Right,Null,NotReferred,Null,False,False,False,False,False,True,,False,False,False,False,False,False,0.0,0.0,0.0,0.0,0.0,False,False
1639188,38,4.45,4,0,0,169,9,4,76314,,39456,County Championship Division Two 2026,3,38,Middlesex Men,50,Lancashire Men,8760249,2026-09-04T11:29:48Z,3,226,False,,,,2949.0,George Balderson,1739.0,Toby Roland-Jones,15371.0,Naavya Sharma,116.0,124.0,Right,Third Man,0.0,0,0.0,0.0,,LengthBall,Wide,,OutsideEdge,FrontFoot,Pushed,SeamAway,Over,Medium,Right,Null,NotReferred,Null,False,False,False,False,False,True,,False,False,False,False,False,False,0.0,0.0,0.0,0.0,0.0,False,False
1639188,38,4.45,4,0,0,169,9,4,76314,,39456,County Championship Division Two 2026,3,38,Middlesex Men,50,Lancashire Men,8760257,2026-09-04T11:30:20Z,4,227,False,,,,2949.0,George Balderson,1739.0,Toby Roland-Jones,15371.0,Naavya Sharma,188.0,120.0,Right,Deep Cover,0.0,0,0.0,0.0,,LengthBall,OutsideOff,,OutsideEdge,FrontFoot,Drive,NoMovement,Over,Medium,Right,Null,NotReferred,Null,False,False,False,False,False,True,,False,False,False,False,False,False,0.0,0.0,0.0,0.0,0.0,False,True
1639188,38,4.45,4,0,0,169,9,4,76314,,39456,County Championship Division Two 2026,3,38,Middlesex Men,50,Lancashire Men,8760262,2026-09-04T11:30:55Z,5,228,False,,,,2949.0,George Balderson,1739.0,Toby Roland-Jones,15371.0,Naavya Sharma,273.0,44.0,Right,Bowler,0.0,0,0.0,0.0,,LengthBall,OutsideOff,,None,FrontFoot,Pushed,NoMovement,Over,Medium,Right,Null,NotReferred,Null,False,False,False,False,False,True,,False,False,False,False,False,False,0.0,0.0,0.0,0.0,0.0,False,False
1639188,38,4.45,4,0,0,169,9,4,76314,,39456,County Championship Division Two 2026,3,38,Middlesex Men,50,Lancashire Men,8760280,2026-09-04T11:32:09Z,6,229,False,,,,2949.0,George Balderson,1739.0,Toby Roland-Jones,15371.0,Naavya Sharma,,,Right,,0.0,4,4.0,0.0,,LengthBall,OffStump,,HitPad,DownTheTrack,Flick,SeamIn,Over,Medium,Right,Null,NotReferred,Null,False,False,False,True,False,True,,False,False,False,False,False,False,4.0,0.0,0.0,4.0,0.0,False,False
1639203,39,4.33,0,0,0,169,9,0,76314,,39456,County Championship Division Two 2026,3,38,Middlesex Men,50,Lancashire Men,8760325,2026-09-04T11:35:10Z,1,230,False,,,,247.0,Tom Bailey,15371.0,Naavya Sharma,1739.0,Toby Roland-Jones,206.0,49.0,Right,Cover,0.0,0,0.0,0.0,,LengthBall,OffStump,,None,FrontFoot,ForwardDefensive,NoMovement,Over,Medium,Right,Null,NotReferred,Null,False,False,False,False,False,True,,False,False,False,False,False,False,0.0,0.0,0.0,0.0,0.0,False,False
1639203,39,4.33,0,0,0,169,9,0,76314,,39456,County Championship Division Two 2026,3,38,Middlesex Men,50,Lancashire Men,8760335,2026-09-04T11:35:40Z,2,231,False,,,,247.0,Tom Bailey,15371.0,Naavya Sharma,1739.0,Toby Roland-Jones,341.0,59.0,Right,Square Leg,0.0,0,0.0,0.0,,LengthBall,OffStump,,Spliced,FrontFoot,Drive,SeamIn,Over,Medium,Right,Null,NotReferred,Null,False,False,False,False,False,True,,False,False,False,False,False,False,0.0,0.0,0.0,0.0,0.0,False,False
1639203,39,4.33,0,0,0,169,9,0,76314,,39456,County Championship Division Two 2026,3,38,Middlesex Men,50,Lancashire Men,8760342,2026-09-04T11:36:16Z,3,232,False,,,,247.0,Tom Bailey,15371.0,Naavya Sharma,1739.0,Toby Roland-Jones,,,Right,Wicketkeeper,0.0,0,0.0,0.0,,LengthBall,OutsideOff,,Left,NoMovement,Leave,SeamAway,Over,Medium,Right,Null,NotReferred,Null,False,False,False,False,False,True,,False,False,False,False,False,False,0.0,0.0,0.0,0.0,0.0,False,False
1639203,39,4.33,0,0,0,169,9,0,76314,,39456,County Championship Division Two 2026,3,38,Middlesex Men,50,Lancashire Men,8760351,2026-09-04T11:36:49Z,4,233,False,,,,247.0,Tom Bailey,15371.0,Naavya Sharma,1739.0,Toby Roland-Jones,119.0,18.0,Right,Second Slip,0.0,0,0.0,0.0,,LengthBall,OffStump,,OutsideEdge,BackFoot,BackwardDefensive,SeamAway,Over,Medium,Right,Null,NotReferred,Null,False,False,False,False,False,True,,False,False,False,False,False,False,0.0,0.0,0.0,0.0,0.0,False,False
1639203,39,4.33,0,0,0,169,9,0,76314,,39456,County Championship Division Two 2026,3,38,Middlesex Men,50,Lancashire Men,8760360,2026-09-04T11:37:24Z,5,234,False,,,,247.0,Tom Bailey,15371.0,Naavya Sharma,1739.0,Toby Roland-Jones,,,Right,Wicketkeeper,0.0,0,0.0,0.0,,LengthBall,OutsideOff,,Missed,FrontFoot,ForwardDefensive,SeamAway,Over,Medium,Right,Null,NotReferred,Null,False,False,False,False,False,True,,False,False,False,False,False,False,0.0,0.0,0.0,0.0,0.0,False,False
1639203,39,4.33,0,0,0,169,9,0,76314,,39456,County Championship Division Two 2026,3,38,Middlesex Men,50,Lancashire Men,8760382,2026-09-04T11:38:16Z,6,235,False,,,,247.0,Tom Bailey,15371.0,Naavya Sharma,1739.0,Toby Roland-Jones,155.0,111.0,Right,Deep Backward Point,0.0,0,0.0,0.0,,LengthBall,OffStump,,OutsideEdge,FrontFoot,ForwardDefensive,NoMovement,Over,Medium,Right,Null,NotReferred,Null,False,False,False,False,False,True,,False,False,False,False,False,False,0.0,0.0,0.0,0.0,0.0,False,False
1639215,40,4.5,11,0,0,180,9,11,76314,,39456,County Championship Division Two 2026,3,38,Middlesex Men,50,Lancashire Men,8760397,2026-09-04T11:39:22Z,1,236,False,,,,2949.0,George Balderson,1739.0,Toby Roland-Jones,15371.0,Naavya Sharma,,,Right,,0.0,4,4.0,0.0,,HalfVolley,DownLeg,,PlayAndMissLegSide,FrontFoot,Flick,NoMovement,Over,Medium,Right,Null,NotReferred,Null,False,False,True,False,False,True,,False,False,False,False,False,False,4.0,4.0,0.0,0.0,0.0,False,False
1639215,40,4.5,11,0,0,180,9,11,76314,,39456,County Championship Division Two 2026,3,38,Middlesex Men,50,Lancashire Men,8760414,2026-09-04T11:40:16Z,2,237,False,,,,2949.0,George Balderson,1739.0,Toby Roland-Jones,15371.0,Naavya Sharma,214.0,29.0,Right,Extra Cover,0.0,0,0.0,0.0,,LengthBall,OutsideOff,,HitPad,FrontFoot,Pushed,SeamIn,Over,Medium,Right,Null,NotReferred,Null,False,False,False,False,False,True,,False,False,False,False,False,False,0.0,0.0,0.0,0.0,0.0,False,False
1639215,40,4.5,11,0,0,180,9,11,76314,,39456,County Championship Division Two 2026,3,38,Middlesex Men,50,Lancashire Men,8760422,2026-09-04T11:40:48Z,3,238,False,,,,2949.0,George Balderson,1739.0,Toby Roland-Jones,15371.0,Naavya Sharma,223.0,32.0,Right,Bowler,0.0,0,0.0,0.0,,LengthBall,OutsideOff,,InsideEdge,DownTheTrack,Slog,NoMovement,Over,Medium,Right,Null,NotReferred,Null,False,False,False,False,False,True,,False,False,False,False,False,False,0.0,0.0,0.0,0.0,0.0,False,False
1639215,40,4.5,11,0,0,180,9,11,76314,,39456,County Championship Division Two 2026,3,38,Middlesex Men,50,Lancashire Men,8760434,2026-09-04T11:41:22Z,4,239,False,,,,2949.0,George Balderson,1739.0,Toby Roland-Jones,15371.0,Naavya Sharma,262.0,180.0,Right,,6.0,0,6.0,6.0,,LengthBall,OutsideOff,,Middled,FrontFoot,Drive,NoMovement,Over,Medium,Right,Null,NotReferred,Null,False,False,False,False,True,True,,False,False,False,False,False,False,6.0,0.0,0.0,0.0,0.0,True,False
1639215,40,4.5,11,0,0,180,9,11,76314,,39456,County Championship Division Two 2026,3,38,Middlesex Men,50,Lancashire Men,8760439,2026-09-04T11:42:04Z,5,240,False,,,,2949.0,George Balderson,1739.0,Toby Roland-Jones,15371.0,Naavya Sharma,,,Right,Wicketkeeper,0.0,0,0.0,0.0,,LengthBall,OutsideOff,,Missed,MovesInfront,Scoop,NoMovement,Over,Medium,Right,Null,NotReferred,Null,False,False,False,False,False,True,,False,False,False,False,False,False,0.0,0.0,0.0,0.0,0.0,False,False
1639215,40,4.5,11,0,0,180,9,11,76314,,39456,County Championship Division Two 2026,3,38,Middlesex Men,50,Lancashire Men,8760446,2026-09-04T11:42:40Z,6,241,False,,,,2949.0,George Balderson,1739.0,Toby Roland-Jones,15371.0,Naavya Sharma,293.0,145.0,Right,Long On,1.0,0,1.0,1.0,,HalfVolley,OutsideOff,,None,FrontFoot,Pushed,NoMovement,Over,Medium,Right,Null,NotReferred,Null,False,False,False,False,False,True,,False,False,False,False,False,False,1.0,0.0,0.0,0.0,0.0,False,False
1639225,41,4.51,5,0,0,185,9,5,76314,,39456,County Championship Division Two 2026,3,38,Middlesex Men,50,Lancashire Men,8760457,2026-09-04T11:43:55Z,1,242,False,,,,247.0,Tom Bailey,1739.0,Toby Roland-Jones,15371.0,Naavya Sharma,279.0,148.0,Right,Long On,0.0,0,0.0,0.0,,FullToss,OutsideOff,,WellTimed,NoMovement,Drive,NoMovement,Over,Medium,Right,Null,NotReferred,Null,False,False,False,False,False,True,,False,False,False,False,False,False,0.0,0.0,0.0,0.0,0.0,False,False
1639225,41,4.51,5,0,0,185,9,5,76314,,39456,County Championship Division Two 2026,3,38,Middlesex Men,50,Lancashire Men,8760464,2026-09-04T11:44:27Z,2,243,False,,,,247.0,Tom Bailey,1739.0,Toby Roland-Jones,15371.0,Naavya Sharma,322.0,132.0,Right,Deep Mid Wicket,0.0,0,0.0,0.0,,FullToss,MiddleStump,,WellTimed,FrontFoot,Flick,SlowerBall,Over,Medium,Right,Null,NotReferred,Null,False,False,False,False,False,True,,False,False,False,False,False,False,0.0,0.0,0.0,0.0,0.0,False,False
1639225,41,4.51,5,0,0,185,9,5,76314,,39456,County Championship Division Two 2026,3,38,Middlesex Men,50,Lancashire Men,8760467,2026-09-04T11:44:54Z,3,244,False,,,,247.0,Tom Bailey,1739.0,Toby Roland-Jones,15371.0,Naavya Sharma,308.0,71.0,Right,Mid Wicket,0.0,0,0.0,0.0,,LengthBall,OutsideOff,,MisTimed,NoMovement,Pushed,NoMovement,Over,Medium,Right,Null,NotReferred,Null,False,False,False,False,False,True,,False,False,False,False,False,False,0.0,0.0,0.0,0.0,0.0,False,False
1639225,41,4.51,5,0,0,185,9,5,76314,,39456,County Championship Division Two 2026,3,38,Middlesex Men,50,Lancashire Men,8760470,2026-09-04T11:45:25Z,4,245,False,,,,247.0,Tom Bailey,1739.0,Toby Roland-Jones,15371.0,Naavya Sharma,,,Right,Wicketkeeper,0.0,0,0.0,0.0,,Short,OutsideOff,,Left,Ducked,Leave,NoMovement,Over,Medium,Right,Null,NotReferred,Null,False,False,False,False,False,True,,False,False,False,False,False,False,0.0,0.0,0.0,0.0,0.0,False,False
1639225,41,4.51,5,0,0,185,9,5,76314,,39456,County Championship Division Two 2026,3,38,Middlesex Men,50,Lancashire Men,8760482,2026-09-04T11:45:56Z,5,246,False,,,,247.0,Tom Bailey,1739.0,Toby Roland-Jones,15371.0,Naavya Sharma,50.0,162.0,Right,,4.0,0,4.0,4.0,,HalfVolley,LegStump,,WellTimed,FrontFoot,Flick,NoMovement,Over,Medium,Right,Null,NotReferred,Null,False,False,False,False,True,True,,False,False,False,False,False,False,4.0,0.0,0.0,0.0,0.0,True,False
1639225,41,4.51,5,0,0,185,9,5,76314,,39456,County Championship Division Two 2026,3,38,Middlesex Men,50,Lancashire Men,8760496,2026-09-04T11:46:58Z,6,247,False,,,,247.0,Tom Bailey,1739.0,Toby Roland-Jones,15371.0,Naavya Sharma,21.0,136.0,Right,Deep Backward Square Leg,1.0,0,1.0,1.0,,Short,OutsideOff,,None,BackFoot,Pull,NoMovement,Over,Medium,Right,Null,NotReferred,Null,False,False,False,False,False,True,,False,False,False,False,False,False,1.0,0.0,0.0,0.0,0.0,False,False
1639234,42,4.52,5,0,0,190,9,5,76314,,39456,County Championship Division Two 2026,3,38,Middlesex Men,50,Lancashire Men,8760508,2026-09-04T11:48:04Z,1,248,False,,,,2949.0,George Balderson,1739.0,Toby Roland-Jones,15371.0,Naavya Sharma,,,Right,Wicketkeeper,0.0,0,0.0,0.0,,LengthBall,Wide,,Missed,NoMovement,Cut,SeamAway,Over,Medium,Right,Null,NotReferred,Null,False,False,False,False,False,True,,False,False,False,False,False,False,0.0,0.0,0.0,0.0,0.0,False,False
1639234,42,4.52,5,0,0,190,9,5,76314,,39456,County Championship Division Two 2026,3,38,Middlesex Men,50,Lancashire Men,8760512,2026-09-04T11:48:35Z,2,249,False,,,,2949.0,George Balderson,1739.0,Toby Roland-Jones,15371.0,Naavya Sharma,267.0,41.0,Right,Bowler,0.0,0,0.0,0.0,,LengthBall,OutsideOff,,MisTimed,FrontFoot,Drive,NoMovement,Over,Medium,Right,Null,NotReferred,Null,False,False,False,False,False,True,,False,False,False,False,False,False,0.0,0.0,0.0,0.0,0.0,False,False
1639234,42,4.52,5,0,0,190,9,5,76314,,39456,County Championship Division Two 2026,3,38,Middlesex Men,50,Lancashire Men,8760523,2026-09-04T11:49:01Z,3,250,False,,,,2949.0,George Balderson,1739.0,Toby Roland-Jones,15371.0,Naavya Sharma,,,Right,Wicketkeeper,0.0,0,0.0,0.0,,LengthBall,OutsideOff,,Missed,DownTheTrack,Slog,NoMovement,Over,Medium,Right,Null,NotReferred,Null,False,False,False,False,False,True,,False,False,False,False,False,False,0.0,0.0,0.0,0.0,0.0,False,False
1639234,42,4.52,5,0,0,190,9,5,76314,,39456,County Championship Division Two 2026,3,38,Middlesex Men,50,Lancashire Men,8760535,2026-09-04T11:49:36Z,4,251,False,,,,2949.0,George Balderson,1739.0,Toby Roland-Jones,15371.0,Naavya Sharma,152.0,21.0,Right,Backward Point,0.0,0,0.0,0.0,,LengthBall,MiddleStump,,HitPad,NoMovement,Worked,NoMovement,Over,Medium,Right,Null,NotReferred,Null,False,False,False,False,False,True,,False,False,False,False,False,False,0.0,0.0,0.0,0.0,0.0,False,False
1639234,42,4.52,5,0,0,190,9,5,76314,,39456,County Championship Division Two 2026,3,38,Middlesex Men,50,Lancashire Men,8760542,2026-09-04T11:50:12Z,5,252,False,,,,2949.0,George Balderson,1739.0,Toby Roland-Jones,15371.0,Naavya Sharma,69.0,161.0,Right,,4.0,0,4.0,4.0,,LengthBall,MiddleStump,,WellTimed,BackFoot,Flick,NoMovement,Over,Medium,Right,Null,NotReferred,Null,False,False,False,False,False,True,,False,False,False,False,False,False,4.0,0.0,0.0,0.0,0.0,True,False
1639234,42,4.52,5,0,0,190,9,5,76314,,39456,County Championship Division Two 2026,3,38,Middlesex Men,50,Lancashire Men,8760552,2026-09-04T11:50:56Z,6,253,False,,,,2949.0,George Balderson,1739.0,Toby Roland-Jones,15371.0,Naavya Sharma,203.0,133.0,Right,Deep Cover,1.0,0,1.0,1.0,,LengthBall,Wide,,None,FrontFoot,Drive,NoMovement,Over,Medium,Right,Null,NotReferred,Null,False,False,False,False,False,True,,False,False,False,False,False,False,1.0,0.0,0.0,0.0,0.0,False,False
1639245,43,4.56,6,0,0,196,9,6,76314,,39456,County Championship Division Two 2026,3,38,Middlesex Men,50,Lancashire Men,8760567,2026-09-04T11:52:29Z,1,254,False,,,,247.0,Tom Bailey,1739.0,Toby Roland-Jones,15371.0,Naavya Sharma,139.0,136.0,Right,Third Man,0.0,0,0.0,0.0,,LengthBall,Wide,,BottomEdge,BackFoot,Cut,NoMovement,Over,Medium,Right,Null,NotReferred,Null,False,False,False,False,False,True,,False,False,False,False,False,False,0.0,0.0,0.0,0.0,0.0,False,False
1639245,43,4.56,6,0,0,196,9,6,76314,,39456,County Championship Division Two 2026,3,38,Middlesex Men,50,Lancashire Men,8760570,2026-09-04T11:52:57Z,2,2,False,,,,247.0,Tom Bailey,1739.0,Toby Roland-Jones,15371.0,Naavya Sharma,237.0,129.0,Right,Deep Extra Cover,0.0,0,0.0,0.0,,LengthBall,OutsideOff,,WellTimed,NoMovement,Drive,NoMovement,Over,Medium,Right,Null,NotReferred,Null,False,False,False,False,False,True,,False,False,False,False,False,False,0.0,0.0,0.0,0.0,0.0,False,False
1639245,43,4.56,6,0,0,196,9,6,76314,,39456,County Championship Division Two 2026,3,38,Middlesex Men,50,Lancashire Men,8760576,2026-09-04T11:53:31Z,3,3,False,,,,247.0,Tom Bailey,1739.0,Toby Roland-Jones,15371.0,Naavya Sharma,280.0,180.0,Right,,4.0,0,4.0,4.0,,LengthBall,OutsideOff,,WellTimed,BackFoot,Pull,NoMovement,Over,Medium,Right,Null,NotReferred,Null,False,False,False,False,False,True,,False,False,False,False,False,False,4.0,0.0,0.0,0.0,0.0,True,False
1639245,43,4.56,6,0,0,196,9,6,76314,,39456,County Championship Division Two 2026,3,38,Middlesex Men,50,Lancashire Men,8760584,2026-09-04T11:54:02Z,4,4,False,,,,247.0,Tom Bailey,1739.0,Toby Roland-Jones,15371.0,Naavya Sharma,205.0,137.0,Right,Deep Cover,0.0,0,0.0,0.0,,BackOfALength,OutsideOff,,WellTimed,BackFoot,Drive,NoMovement,Over,Medium,Right,Null,NotReferred,Null,False,False,False,False,False,True,,False,False,False,False,False,False,0.0,0.0,0.0,0.0,0.0,False,False
1639245,43,4.56,6,0,0,196,9,6,76314,,39456,County Championship Division Two 2026,3,38,Middlesex Men,50,Lancashire Men,8760590,2026-09-04T11:54:47Z,5,258,False,,,,247.0,Tom Bailey,1739.0,Toby Roland-Jones,15371.0,Naavya Sharma,,,Right,Wicketkeeper,1.0,1,1.0,0.0,,Short,Wide,,Left,NoMovement,Leave,NoMovement,Over,Medium,Right,Null,NotReferred,Null,True,False,False,False,False,True,,False,False,False,False,False,False,1.0,0.0,1.0,0.0,0.0,False,False
1639245,43,4.56,6,0,0,196,9,6,76314,,39456,County Championship Division Two 2026,3,38,Middlesex Men,50,Lancashire Men,8760597,2026-09-04T11:55:17Z,5,259,False,,,,247.0,Tom Bailey,1739.0,Toby Roland-Jones,15371.0,Naavya Sharma,89.0,16.0,Right,Wicketkeeper,0.0,0,0.0,0.0,,HalfTracker,OutsideOff,,BottomEdge,BackFoot,Hook,NoMovement,Over,Medium,Right,Null,NotReferred,Null,False,False,False,False,False,True,,False,False,False,False,False,False,0.0,0.0,0.0,0.0,0.0,False,False
1639245,43,4.56,6,0,0,196,9,6,76314,,39456,County Championship Division Two 2026,3,38,Middlesex Men,50,Lancashire Men,8760603,2026-09-04T11:55:57Z,6,260,False,,,,247.0,Tom Bailey,1739.0,Toby Roland-Jones,15371.0,Naavya Sharma,21.0,138.0,Right,Deep Backward Square Leg,1.0,0,1.0,1.0,,Short,OutsideOff,,WellTimed,BackFoot,Pull,NoMovement,Over,Medium,Right,Null,NotReferred,Null,False,False,False,False,False,True,,False,False,False,False,False,False,1.0,0.0,0.0,0.0,0.0,False,False
1639251,44,4.55,4,1,0,200,10,4,76314,,39456,County Championship Division Two 2026,3,38,Middlesex Men,50,Lancashire Men,8760617,2026-09-04T11:57:51Z,1,261,False,,,,10590.0,Ben Walkden,1739.0,Toby Roland-Jones,15371.0,Naavya Sharma,216.0,35.0,Right,Bowler,0.0,0,0.0,0.0,,LengthBall,OutsideOff,,None,DownTheTrack,Pushed,SlowerBall,Over,Medium,Right,Null,NotReferred,Null,False,False,False,False,False,True,,False,False,False,False,False,False,0.0,0.0,0.0,0.0,0.0,False,False
1639251,44,4.55,4,1,0,200,10,4,76314,,39456,County Championship Division Two 2026,3,38,Middlesex Men,50,Lancashire Men,8760625,2026-09-04T11:58:21Z,2,262,False,,,,10590.0,Ben Walkden,1739.0,Toby Roland-Jones,15371.0,Naavya Sharma,293.0,118.0,Right,Long On,0.0,0,0.0,0.0,,LengthBall,OutsideOff,,MisTimed,FrontFoot,Pushed,OffCutter,Over,Medium,Right,Null,NotReferred,Null,False,False,False,False,False,True,,False,False,False,False,False,False,0.0,0.0,0.0,0.0,0.0,False,False
1639251,44,4.55,4,1,0,200,10,4,76314,,39456,County Championship Division Two 2026,3,38,Middlesex Men,50,Lancashire Men,8760630,2026-09-04T11:58:53Z,3,263,False,,,,10590.0,Ben Walkden,1739.0,Toby Roland-Jones,15371.0,Naavya Sharma,79.0,160.0,Right,,4.0,0,4.0,4.0,,LengthBall,OutsideOff,,BottomEdge,BackFoot,Pull,SlowerBall,Over,Medium,Right,Null,NotReferred,Null,False,False,False,False,False,True,,False,False,False,False,False,False,4.0,0.0,0.0,0.0,0.0,True,False
1639251,44,4.55,4,1,0,200,10,4,76314,,39456,County Championship Division Two 2026,3,38,Middlesex Men,50,Lancashire Men,8760636,2026-09-04T11:59:40Z,4,264,False,,,,10590.0,Ben Walkden,1739.0,Toby Roland-Jones,15371.0,Naavya Sharma,286.0,117.0,Right,Long On,0.0,0,0.0,0.0,,LengthBall,OutsideOff,,MisTimed,FrontFoot,Drive,NoMovement,Over,Medium,Right,Null,NotReferred,Null,False,False,False,False,False,True,,False,False,False,False,False,False,0.0,0.0,0.0,0.0,0.0,False,False
1639251,44,4.55,4,1,0,200,10,4,76314,,39456,County Championship Division Two 2026,3,38,Middlesex Men,50,Lancashire Men,8760644,2026-09-04T12:00:17Z,5,265,False,,,,10590.0,Ben Walkden,1739.0,Toby Roland-Jones,15371.0,Naavya Sharma,,,Right,Wicketkeeper,0.0,0,0.0,0.0,,LengthBall,Wide,,Missed,FrontFoot,Pushed,NoMovement,Over,Medium,Right,Null,NotReferred,Null,False,False,False,False,False,True,,False,False,False,False,False,False,0.0,0.0,0.0,0.0,0.0,False,False
1639251,44,4.55,4,1,0,200,10,4,76314,,39456,County Championship Division Two 2026,3,38,Middlesex Men,50,Lancashire Men,8760663,2026-09-04T12:01:23Z,6,266,True,Caught,1739.0,Toby Roland-Jones,10590.0,Ben Walkden,1739.0,Toby Roland-Jones,15371.0,Naavya Sharma,93.0,19.0,Right,Wicketkeeper,0.0,0,0.0,0.0,Caught,LengthBall,OutsideOff,Caught,HitPad,DownTheTrack,Worked,NoMovement,Over,Medium,Right,Null,NotReferred,Null,False,False,False,False,False,True,1815.0,False,False,False,False,False,False,0.0,0.0,0.0,0.0,0.0,False,False
1639272,2,3.0,5,0,0,6,0,5,76323,,39456,County Championship Division Two 2026,4,50,Lancashire Men,38,Middlesex Men,8760750,2026-09-04T12:16:13Z,1,7,False,,,,1739.0,Toby Roland-Jones,192.0,Keaton Jennings,11452.0,Matty Hurst,63.0,161.0,Left,,4.0,0,4.0,4.0,,LengthBall,MiddleStump,,OutsideEdge,BackFoot,BackwardDefensive,SeamAway,Over,Medium,Right,Null,NotReferred,Null,False,False,False,False,False,True,,False,False,False,False,False,False,4.0,0.0,0.0,0.0,0.0,True,False
1639272,2,3.0,5,0,0,6,0,5,76323,,39456,County Championship Division Two 2026,4,50,Lancashire Men,38,Middlesex Men,8760753,2026-09-04T12:17:02Z,2,8,False,,,,1739.0,Toby Roland-Jones,192.0,Keaton Jennings,11452.0,Matty Hurst,215.0,45.0,Left,Mid Wicket,1.0,0,1.0,1.0,,LengthBall,LegStump,,None,DownTheTrack,Worked,InSwinger,Over,Medium,Right,Null,NotReferred,Null,False,False,False,False,False,True,,False,False,False,False,False,False,1.0,0.0,0.0,0.0,0.0,False,False
1639272,2,3.0,5,0,0,6,0,5,76323,,39456,County Championship Division Two 2026,4,50,Lancashire Men,38,Middlesex Men,8760755,2026-09-04T12:17:39Z,3,9,False,,,,1739.0,Toby Roland-Jones,11452.0,Matty Hurst,192.0,Keaton Jennings,,,Right,Wicketkeeper,0.0,0,0.0,0.0,,LengthBall,OutsideOff,,ShouldersArms,NoMovement,ShouldersArms,SeamAway,Over,Medium,Right,Null,NotReferred,Null,False,False,False,False,False,True,,False,False,False,False,False,False,0.0,0.0,0.0,0.0,0.0,False,False
1639272,2,3.0,5,0,0,6,0,5,76323,,39456,County Championship Division Two 2026,4,50,Lancashire Men,38,Middlesex Men,8760760,2026-09-04T12:18:10Z,4,10,False,,,,1739.0,Toby Roland-Jones,11452.0,Matty Hurst,192.0,Keaton Jennings,209.0,37.0,Right,Cover,0.0,0,0.0,0.0,,LengthBall,OutsideOff,Lbw,HitPad,BackFoot,BackwardDefensive,SeamIn,Over,Medium,Right,Null,NotReferred,Null,False,False,False,False,False,True,1815.0,False,False,False,False,False,False,0.0,0.0,0.0,0.0,0.0,False,False
1639272,2,3.0,5,0,0,6,0,5,76323,,39456,County Championship Division Two 2026,4,50,Lancashire Men,38,Middlesex Men,8760764,2026-09-04T12:18:46Z,5,11,False,,,,1739.0,Toby Roland-Jones,11452.0,Matty Hurst,192.0,Keaton Jennings,279.0,61.0,Right,Mid On,0.0,0,0.0,0.0,,LengthBall,OutsideOff,,None,BackFoot,BackwardDefensive,SeamIn,Over,Medium,Right,Null,NotReferred,Null,False,False,False,False,False,True,,False,False,False,False,False,False,0.0,0.0,0.0,0.0,0.0,False,False
1639272,2,3.0,5,0,0,6,0,5,76323,,39456,County Championship Division Two 2026,4,50,Lancashire Men,38,Middlesex Men,8760767,2026-09-04T12:19:18Z,6,12,False,,,,1739.0,Toby Roland-Jones,11452.0,Matty Hurst,192.0,Keaton Jennings,,,Right,Wicketkeeper,0.0,0,0.0,0.0,,LengthBall,OutsideOff,,ShouldersArms,NoMovement,ShouldersArms,NoMovement,Over,Medium,Right,Null,NotReferred,Null,False,False,False,False,False,True,,False,False,False,False,False,False,0.0,0.0,0.0,0.0,0.0,False,False
1639277,3,2.33,1,0,0,7,0,1,76323,,39456,County Championship Division Two 2026,4,50,Lancashire Men,38,Middlesex Men,8760771,2026-09-04T12:19:57Z,1,13,False,,,,2683.0,Tom Helm,192.0,Keaton Jennings,11452.0,Matty Hurst,,,Left,Wicketkeeper,0.0,0,0.0,0.0,,HalfVolley,Wide,,Left,NoMovement,Leave,SeamAway,Round,FastSeam,Right,Null,NotReferred,Null,False,False,False,False,False,True,,False,False,False,False,False,False,0.0,0.0,0.0,0.0,0.0,False,False
1639277,3,2.33,1,0,0,7,0,1,76323,,39456,County Championship Division Two 2026,4,50,Lancashire Men,38,Middlesex Men,8760776,2026-09-04T12:20:26Z,2,14,False,,,,2683.0,Tom Helm,192.0,Keaton Jennings,11452.0,Matty Hurst,,,Left,Wicketkeeper,0.0,0,0.0,0.0,,LengthBall,OutsideOff,,ShouldersArms,DownTheTrack,ShouldersArms,SeamAway,Round,FastSeam,Right,Null,NotReferred,Null,False,False,False,False,False,True,,False,False,False,False,False,False,0.0,0.0,0.0,0.0,0.0,False,False
1639277,3,2.33,1,0,0,7,0,1,76323,,39456,County Championship Division Two 2026,4,50,Lancashire Men,38,Middlesex Men,8760782,2026-09-04T12:21:02Z,3,15,False,,,,2683.0,Tom Helm,192.0,Keaton Jennings,11452.0,Matty Hurst,,,Left,Wicketkeeper,0.0,0,0.0,0.0,,LengthBall,OutsideOff,,Missed,DownTheTrack,ForwardDefensive,SeamAway,Round,FastSeam,Right,Null,NotReferred,Null,False,False,False,False,False,True,,False,False,False,False,False,False,0.0,0.0,0.0,0.0,0.0,False,False
1639277,3,2.33,1,0,0,7,0,1,76323,,39456,County Championship Division Two 2026,4,50,Lancashire Men,38,Middlesex Men,8760789,2026-09-04T12:21:40Z,4,16,False,,,,2683.0,Tom Helm,192.0,Keaton Jennings,11452.0,Matty Hurst,255.0,61.0,Left,Mid On,0.0,0,0.0,0.0,,HalfVolley,OutsideOff,,None,FrontFoot,ForwardDefensive,SeamIn,Round,FastSeam,Right,Null,NotReferred,Null,False,False,False,False,False,True,,False,False,False,False,False,False,0.0,0.0,0.0,0.0,0.0,False,False
1639277,3,2.33,1,0,0,7,0,1,76323,,39456,County Championship Division Two 2026,4,50,Lancashire Men,38,Middlesex Men,8760794,2026-09-04T12:22:12Z,5,17,False,,,,2683.0,Tom Helm,192.0,Keaton Jennings,11452.0,Matty Hurst,,,Left,Wicketkeeper,0.0,0,0.0,0.0,,LengthBall,OutsideOff,,ShouldersArms,DownTheTrack,ShouldersArms,SeamAway,Round,FastSeam,Right,Null,NotReferred,Null,False,False,False,False,False,True,,False,False,False,False,False,False,0.0,0.0,0.0,0.0,0.0,False,False
1639277,3,2.33,1,0,0,7,0,1,76323,,39456,County Championship Division Two 2026,4,50,Lancashire Men,38,Middlesex Men,8760803,2026-09-04T12:22:46Z,6,18,False,,,,2683.0,Tom Helm,192.0,Keaton Jennings,11452.0,Matty Hurst,239.0,54.0,Left,Mid On,1.0,0,1.0,1.0,,LengthBall,OffStump,,None,DownTheTrack,Worked,SeamIn,Round,FastSeam,Right,Null,NotReferred,Null,False,False,False,False,False,True,,False,False,False,False,False,False,1.0,0.0,0.0,0.0,0.0,False,False
1639343,4,2.75,4,0,0,11,0,4,76323,,39456,County Championship Division Two 2026,4,50,Lancashire Men,38,Middlesex Men,8761160,2026-09-04T13:01:48Z,1,19,False,,,,1739.0,Toby Roland-Jones,192.0,Keaton Jennings,11452.0,Matty Hurst,206.0,60.0,Left,Square Leg,0.0,0,0.0,0.0,,LengthBall,LegStump,,None,FrontFoot,Worked,InSwinger,Over,Medium,Right,Null,NotReferred,Null,False,False,False,False,False,True,,False,False,False,False,False,False,0.0,0.0,0.0,0.0,0.0,False,False
1639343,4,2.75,4,0,0,11,0,4,76323,,39456,County Championship Division Two 2026,4,50,Lancashire Men,38,Middlesex Men,8761170,2026-09-04T13:02:22Z,2,20,False,,,,1739.0,Toby Roland-Jones,192.0,Keaton Jennings,11452.0,Matty Hurst,81.0,21.0,Left,Wicketkeeper,0.0,0,0.0,0.0,,LengthBall,MiddleStump,Caught,HitPad,FrontFoot,ForwardDefensive,SeamAway,Over,Medium,Right,Null,NotReferred,Null,False,False,False,False,False,True,1815.0,False,False,False,False,False,False,0.0,0.0,0.0,0.0,0.0,False,False
1639343,4,2.75,4,0,0,11,0,4,76323,,39456,County Championship Division Two 2026,4,50,Lancashire Men,38,Middlesex Men,8761177,2026-09-04T13:03:02Z,3,21,False,,,,1739.0,Toby Roland-Jones,192.0,Keaton Jennings,11452.0,Matty Hurst,264.0,35.0,Left,Bowler,0.0,0,0.0,0.0,,LengthBall,MiddleStump,,None,BackFoot,BackwardDefensive,InSwinger,Over,Medium,Right,Null,NotReferred,Null,False,False,False,False,False,True,,False,False,False,False,False,False,0.0,0.0,0.0,0.0,0.0,False,False
1639343,4,2.75,4,0,0,11,0,4,76323,,39456,County Championship Division Two 2026,4,50,Lancashire Men,38,Middlesex Men,8761187,2026-09-04T13:03:35Z,4,22,False,,,,1739.0,Toby Roland-Jones,192.0,Keaton Jennings,11452.0,Matty Hurst,271.0,35.0,Left,Bowler,0.0,0,0.0,0.0,,LengthBall,MiddleStump,,None,DownTheTrack,ForwardDefensive,InSwinger,Over,Medium,Right,Null,NotReferred,Null,False,False,False,False,False,True,,False,False,False,False,False,False,0.0,0.0,0.0,0.0,0.0,False,False
1639343,4,2.75,4,0,0,11,0,4,76323,,39456,County Championship Division Two 2026,4,50,Lancashire Men,38,Middlesex Men,8761190,2026-09-04T13:04:08Z,5,23,False,,,,1739.0,Toby Roland-Jones,192.0,Keaton Jennings,11452.0,Matty Hurst,264.0,35.0,Left,Bowler,0.0,0,0.0,0.0,,HalfVolley,OffStump,,None,FrontFoot,Drive,InSwinger,Over,Medium,Right,Null,NotReferred,Null,False,False,False,False,False,True,,False,False,False,False,False,False,0.0,0.0,0.0,0.0,0.0,False,False
1639343,4,2.75,4,0,0,11,0,4,76323,,39456,County Championship Division Two 2026,4,50,Lancashire Men,38,Middlesex Men,8761205,2026-09-04T13:04:42Z,6,24,False,,,,1739.0,Toby Roland-Jones,192.0,Keaton Jennings,11452.0,Matty Hurst,59.0,143.0,Left,Third Man,2.0,0,2.0,2.0,,HalfVolley,OutsideOff,,OutsideEdge,FrontFoot,Drive,InSwinger,Over,Medium,Right,Null,NotReferred,Null,False,False,False,False,False,True,,False,False,False,False,False,False,2.0,0.0,0.0,0.0,0.0,False,False
1639353,5,2.8,3,0,0,14,0,3,76323,,39456,County Championship Division Two 2026,4,50,Lancashire Men,38,Middlesex Men,8761218,2026-09-04T13:05:58Z,1,25,False,,,,2683.0,Tom Helm,11452.0,Matty Hurst,192.0,Keaton Jennings,,,Right,Wicketkeeper,0.0,0,0.0,0.0,,LengthBall,OutsideOff,,ShouldersArms,NoMovement,ShouldersArms,SeamAway,Over,FastSeam,Right,Null,NotReferred,Null,False,False,False,False,False,True,,False,False,False,False,False,False,0.0,0.0,0.0,0.0,0.0,False,False
1639353,5,2.8,3,0,0,14,0,3,76323,,39456,County Championship Division Two 2026,4,50,Lancashire Men,38,Middlesex Men,8761230,2026-09-04T13:06:32Z,2,26,False,,,,2683.0,Tom Helm,11452.0,Matty Hurst,192.0,Keaton Jennings,267.0,41.0,Right,Bowler,0.0,0,0.0,0.0,,HalfVolley,OutsideOff,,None,FrontFoot,ForwardDefensive,SeamIn,Over,FastSeam,Right,Null,NotReferred,Null,False,False,False,False,False,True,,False,False,False,False,False,False,0.0,0.0,0.0,0.0,0.0,False,False
1639353,5,2.8,3,0,0,14,0,3,76323,,39456,County Championship Division Two 2026,4,50,Lancashire Men,38,Middlesex Men,8761237,2026-09-04T13:07:03Z,3,27,False,,,,2683.0,Tom Helm,11452.0,Matty Hurst,192.0,Keaton Jennings,278.0,35.0,Right,Bowler,0.0,0,0.0,0.0,,LengthBall,OutsideOff,,Spliced,BackFoot,BackwardDefensive,SeamIn,Over,FastSeam,Right,Null,NotReferred,Null,False,False,False,False,False,True,,False,False,False,False,False,False,0.0,0.0,0.0,0.0,0.0,False,False
1639353,5,2.8,3,0,0,14,0,3,76323,,39456,County Championship Division Two 2026,4,50,Lancashire Men,38,Middlesex Men,8761251,2026-09-04T13:07:37Z,4,28,False,,,,2683.0,Tom Helm,11452.0,Matty Hurst,192.0,Keaton Jennings,120.0,115.0,Right,Third Slip,1.0,0,1.0,1.0,,LengthBall,OutsideOff,,OutsideEdge,BackFoot,BackwardDefensive,SeamAway,Over,FastSeam,Right,Null,NotReferred,Null,False,False,False,False,False,True,,False,False,False,False,False,False,1.0,0.0,0.0,0.0,0.0,False,False
1639353,5,2.8,3,0,0,14,0,3,76323,,39456,County Championship Division Two 2026,4,50,Lancashire Men,38,Middlesex Men,8761260,2026-09-04T13:08:58Z,5,29,False,,,,2683.0,Tom Helm,192.0,Keaton Jennings,11452.0,Matty Hurst,,,Left,Wicketkeeper,0.0,0,0.0,0.0,,LengthBall,OutsideOff,,ShouldersArms,NoMovement,ShouldersArms,SeamIn,Round,FastSeam,Right,Null,NotReferred,Null,False,False,False,False,False,True,,False,False,False,False,False,False,0.0,0.0,0.0,0.0,0.0,False,False
1639353,5,2.8,3,0,0,14,0,3,76323,,39456,County Championship Division Two 2026,4,50,Lancashire Men,38,Middlesex Men,8761274,2026-09-04T13:09:33Z,6,30,False,,,,2683.0,Tom Helm,192.0,Keaton Jennings,11452.0,Matty Hurst,,,Left,Wicketkeeper,0.0,2,2.0,0.0,,LengthBall,Wide,,Left,DownTheTrack,Leave,SeamAway,Round,FastSeam,Right,Null,NotReferred,Null,False,False,True,False,False,True,,False,False,False,False,False,False,2.0,2.0,0.0,0.0,0.0,False,False
1639364,6,2.33,0,0,0,14,0,0,76323,,39456,County Championship Division Two 2026,4,50,Lancashire Men,38,Middlesex Men,8761287,2026-09-04T13:10:44Z,1,31,False,,,,1739.0,Toby Roland-Jones,11452.0,Matty Hurst,192.0,Keaton Jennings,,,Right,Wicketkeeper,0.0,0,0.0,0.0,,LengthBall,OutsideOff,,ShouldersArms,NoMovement,ShouldersArms,SeamAway,Over,Medium,Right,Null,NotReferred,Null,False,False,False,False,False,True,,False,False,False,False,False,False,0.0,0.0,0.0,0.0,0.0,False,False
1639364,6,2.33,0,0,0,14,0,0,76323,,39456,County Championship Division Two 2026,4,50,Lancashire Men,38,Middlesex Men,8761295,2026-09-04T13:11:16Z,2,32,False,,,,1739.0,Toby Roland-Jones,11452.0,Matty Hurst,192.0,Keaton Jennings,312.0,40.0,Right,Mid Wicket,0.0,0,0.0,0.0,,LengthBall,OffStump,,InsideEdge,DownTheTrack,Worked,SeamIn,Over,Medium,Right,Null,NotReferred,Null,False,False,False,False,False,True,,False,False,False,False,False,False,0.0,0.0,0.0,0.0,0.0,False,False
1639364,6,2.33,0,0,0,14,0,0,76323,,39456,County Championship Division Two 2026,4,50,Lancashire Men,38,Middlesex Men,8761301,2026-09-04T13:11:51Z,3,33,False,,,,1739.0,Toby Roland-Jones,11452.0,Matty Hurst,192.0,Keaton Jennings,210.0,46.0,Right,Extra Cover,0.0,0,0.0,0.0,,LengthBall,OutsideOff,,None,BackFoot,BackwardDefensive,SeamIn,Over,Medium,Right,Null,NotReferred,Null,False,False,False,False,False,True,,False,False,False,False,False,False,0.0,0.0,0.0,0.0,0.0,False,False
1639364,6,2.33,0,0,0,14,0,0,76323,,39456,County Championship Division Two 2026,4,50,Lancashire Men,38,Middlesex Men,8761309,2026-09-04T13:12:23Z,4,34,False,,,,1739.0,Toby Roland-Jones,11452.0,Matty Hurst,192.0,Keaton Jennings,288.0,61.0,Right,Mid On,0.0,0,0.0,0.0,,HalfVolley,OutsideOff,,None,FrontFoot,Pushed,SeamIn,Over,Medium,Right,Null,NotReferred,Null,False,False,False,False,False,True,,False,False,False,False,False,False,0.0,0.0,0.0,0.0,0.0,False,False
1639364,6,2.33,0,0,0,14,0,0,76323,,39456,County Championship Division Two 2026,4,50,Lancashire Men,38,Middlesex Men,8761317,2026-09-04T13:12:54Z,5,35,False,,,,1739.0,Toby Roland-Jones,11452.0,Matty Hurst,192.0,Keaton Jennings,254.0,69.0,Right,Mid Off,0.0,0,0.0,0.0,,LengthBall,OutsideOff,,None,FrontFoot,ForwardDefensive,SeamIn,Over,Medium,Right,Null,NotReferred,Null,False,False,False,False,False,True,,False,False,False,False,False,False,0.0,0.0,0.0,0.0,0.0,False,False
1639364,6,2.33,0,0,0,14,0,0,76323,,39456,County Championship Division Two 2026,4,50,Lancashire Men,38,Middlesex Men,8761322,2026-09-04T13:13:27Z,6,36,False,,,,1739.0,Toby Roland-Jones,11452.0,Matty Hurst,192.0,Keaton Jennings,,,Right,Wicketkeeper,0.0,0,0.0,0.0,,LengthBall,OutsideOff,,ShouldersArms,NoMovement,ShouldersArms,SeamAway,Over,Medium,Right,Null,NotReferred,Null,False,False,False,False,False,True,,False,False,False,False,False,False,0.0,0.0,0.0,0.0,0.0,False,False
1639373,7,2.29,2,0,0,16,0,2,76323,,39456,County Championship Division Two 2026,4,50,Lancashire Men,38,Middlesex Men,8761334,2026-09-04T13:14:09Z,1,37,False,,,,2683.0,Tom Helm,192.0,Keaton Jennings,11452.0,Matty Hurst,161.0,111.0,Left,Deep Backward Square Leg,1.0,0,1.0,1.0,,LengthBall,OutsideOff,,InsideEdge,BackFoot,BackwardDefensive,SeamIn,Round,FastSeam,Right,Null,NotReferred,Null,False,False,False,False,False,True,,False,False,False,False,False,False,1.0,0.0,0.0,0.0,0.0,False,False
1639373,7,2.29,2,0,0,16,0,2,76323,,39456,County Championship Division Two 2026,4,50,Lancashire Men,38,Middlesex Men,8761344,2026-09-04T13:14:44Z,2,38,False,,,,2683.0,Tom Helm,11452.0,Matty Hurst,192.0,Keaton Jennings,197.0,62.0,Right,Cover,1.0,0,1.0,1.0,,LengthBall,OutsideOff,,MisTimed,BackFoot,Drive,NoMovement,Over,FastSeam,Right,Null,NotReferred,Null,False,False,False,False,False,True,,False,False,False,False,False,False,1.0,0.0,0.0,0.0,0.0,False,False
1639373,7,2.29,2,0,0,16,0,2,76323,,39456,County Championship Division Two 2026,4,50,Lancashire Men,38,Middlesex Men,8761350,2026-09-04T13:15:24Z,3,39,False,,,,2683.0,Tom Helm,192.0,Keaton Jennings,11452.0,Matty Hurst,,,Left,Wicketkeeper,0.0,0,0.0,0.0,,HalfVolley,Wide,,Missed,FrontFoot,Drive,NoMovement,Round,FastSeam,Right,Null,NotReferred,Null,False,False,False,False,False,True,,False,False,False,False,False,False,0.0,0.0,0.0,0.0,0.0,False,False
1639373,7,2.29,2,0,0,16,0,2,76323,,39456,County Championship Division Two 2026,4,50,Lancashire Men,38,Middlesex Men,8761359,2026-09-04T13:15:57Z,4,40,False,,,,2683.0,Tom Helm,192.0,Keaton Jennings,11452.0,Matty Hurst,,,Left,Wicketkeeper,0.0,0,0.0,0.0,,HalfVolley,OutsideOff,Caught,Missed,NoMovement,Pushed,SeamAway,Round,FastSeam,Right,Null,NotReferred,Null,False,False,False,False,False,True,1861.0,False,False,False,False,False,False,0.0,0.0,0.0,0.0,0.0,False,False
1639373,7,2.29,2,0,0,16,0,2,76323,,39456,County Championship Division Two 2026,4,50,Lancashire Men,38,Middlesex Men,8761367,2026-09-04T13:16:43Z,5,41,False,,,,2683.0,Tom Helm,192.0,Keaton Jennings,11452.0,Matty Hurst,269.0,30.0,Left,Bowler,0.0,0,0.0,0.0,,LengthBall,OutsideOff,,InsideEdge,DownTheTrack,ForwardDefensive,SeamIn,Round,FastSeam,Right,Null,NotReferred,Null,False,False,False,False,False,True,,False,False,False,False,False,False,0.0,0.0,0.0,0.0,0.0,False,False
1639373,7,2.29,2,0,0,16,0,2,76323,,39456,County Championship Division Two 2026,4,50,Lancashire Men,38,Middlesex Men,8761375,2026-09-04T13:17:22Z,6,42,False,,,,2683.0,Tom Helm,192.0,Keaton Jennings,11452.0,Matty Hurst,,,Left,Wicketkeeper,0.0,0,0.0,0.0,,LengthBall,OutsideOff,,ShouldersArms,NoMovement,ShouldersArms,SeamAway,Round,FastSeam,Right,Null,NotReferred,Null,False,False,False,False,False,True,,False,False,False,False,False,False,0.0,0.0,0.0,0.0,0.0,False,False
1639383,8,2.75,6,0,0,22,0,6,76323,,39456,County Championship Division Two 2026,4,50,Lancashire Men,38,Middlesex Men,8761386,2026-09-04T13:18:10Z,1,43,False,,,,1739.0,Toby Roland-Jones,11452.0,Matty Hurst,192.0,Keaton Jennings,208.0,51.0,Right,Cover,0.0,0,0.0,0.0,,LengthBall,OutsideOff,,MisTimed,BackFoot,Drive,SeamAway,Over,Medium,Right,Null,NotReferred,Null,False,False,False,False,False,True,,False,False,False,False,False,False,0.0,0.0,0.0,0.0,0.0,False,False
1639383,8,2.75,6,0,0,22,0,6,76323,,39456,County Championship Division Two 2026,4,50,Lancashire Men,38,Middlesex Men,8761396,2026-09-04T13:18:41Z,2,44,False,,,,1739.0,Toby Roland-Jones,11452.0,Matty Hurst,192.0,Keaton Jennings,351.0,172.0,Right,,4.0,0,4.0,4.0,,HalfVolley,OffStump,,InsideEdge,FrontFoot,Drive,NoMovement,Over,Medium,Right,Null,NotReferred,Null,False,False,False,False,False,True,,False,False,False,False,False,False,4.0,0.0,0.0,0.0,0.0,True,False
1639383,8,2.75,6,0,0,22,0,6,76323,,39456,County Championship Division Two 2026,4,50,Lancashire Men,38,Middlesex Men,8761408,2026-09-04T13:19:23Z,3,45,False,,,,1739.0,Toby Roland-Jones,11452.0,Matty Hurst,192.0,Keaton Jennings,64.0,113.0,Right,Fine Leg,1.0,0,1.0,1.0,,LengthBall,OffStump,,InsideEdge,BackFoot,Worked,SeamIn,Over,Medium,Right,Null,NotReferred,Null,False,False,False,False,False,True,,False,False,False,False,False,False,1.0,0.0,0.0,0.0,0.0,False,False
1639383,8,2.75,6,0,0,22,0,6,76323,,39456,County Championship Division Two 2026,4,50,Lancashire Men,38,Middlesex Men,8761415,2026-09-04T13:20:03Z,4,46,False,,,,1739.0,Toby Roland-Jones,192.0,Keaton Jennings,11452.0,Matty Hurst,248.0,62.0,Left,Mid On,0.0,0,0.0,0.0,,LengthBall,MiddleStump,,None,BackFoot,BackwardDefensive,NoMovement,Over,Medium,Right,Null,NotReferred,Null,False,False,False,False,False,True,,False,False,False,False,False,False,0.0,0.0,0.0,0.0,0.0,False,False
1639383,8,2.75,6,0,0,22,0,6,76323,,39456,County Championship Division Two 2026,4,50,Lancashire Men,38,Middlesex Men,8761428,2026-09-04T13:20:36Z,5,47,False,,,,1739.0,Toby Roland-Jones,192.0,Keaton Jennings,11452.0,Matty Hurst,243.0,58.0,Left,Mid On,1.0,0,1.0,1.0,,LengthBall,LegStump,,None,FrontFoot,Pushed,SeamIn,Over,Medium,Right,Null,NotReferred,Null,False,False,False,False,False,True,,False,False,False,False,False,False,1.0,0.0,0.0,0.0,0.0,False,False
1639383,8,2.75,6,0,0,22,0,6,76323,,39456,County Championship Division Two 2026,4,50,Lancashire Men,38,Middlesex Men,8761438,2026-09-04T13:21:18Z,6,48,False,,,,1739.0,Toby Roland-Jones,11452.0,Matty Hurst,192.0,Keaton Jennings,264.0,37.0,Right,Bowler,0.0,0,0.0,0.0,,LengthBall,OutsideOff,,None,BackFoot,BackwardDefensive,SeamIn,Over,Medium,Right,Null,NotReferred,Null,False,False,False,False,False,True,,False,False,False,False,False,False,0.0,0.0,0.0,0.0,0.0,False,False
1639393,9,2.78,3,0,0,25,0,3,76323,,39456,County Championship Division Two 2026,4,50,Lancashire Men,38,Middlesex Men,8761457,2026-09-04T13:22:33Z,1,49,False,,,,2683.0,Tom Helm,192.0,Keaton Jennings,11452.0,Matty Hurst,36.0,145.0,Left,Third Man,2.0,0,2.0,2.0,,LengthBall,OutsideOff,,OutsideEdge,FrontFoot,ForwardDefensive,SeamAway,Round,FastSeam,Right,Null,NotReferred,Null,False,False,False,False,False,True,,False,False,False,False,False,False,2.0,0.0,0.0,0.0,0.0,False,False
1639393,9,2.78,3,0,0,25,0,3,76323,,39456,County Championship Division Two 2026,4,50,Lancashire Men,38,Middlesex Men,8761465,2026-09-04T13:23:14Z,2,50,False,,,,2683.0,Tom Helm,192.0,Keaton Jennings,11452.0,Matty Hurst,144.0,120.0,Left,Fine Leg,1.0,0,1.0,1.0,,LengthBall,OffStump,,None,BackFoot,Worked,SeamIn,Round,FastSeam,Right,Null,NotReferred,Null,False,False,False,False,False,True,,False,False,False,False,False,False,1.0,0.0,0.0,0.0,0.0,False,False
1639393,9,2.78,3,0,0,25,0,3,76323,,39456,County Championship Division Two 2026,4,50,Lancashire Men,38,Middlesex Men,8761474,2026-09-04T13:23:54Z,3,51,False,,,,2683.0,Tom Helm,11452.0,Matty Hurst,192.0,Keaton Jennings,,,Right,Wicketkeeper,0.0,0,0.0,0.0,,HalfVolley,OutsideOff,,Missed,FrontFoot,Drive,AwaySwinger,Over,FastSeam,Right,Null,NotReferred,Null,False,False,False,False,False,True,,False,False,False,False,False,False,0.0,0.0,0.0,0.0,0.0,False,False
1639393,9,2.78,3,0,0,25,0,3,76323,,39456,County Championship Division Two 2026,4,50,Lancashire Men,38,Middlesex Men,8761488,2026-09-04T13:24:28Z,4,52,False,,,,2683.0,Tom Helm,11452.0,Matty Hurst,192.0,Keaton Jennings,,,Right,Wicketkeeper,0.0,0,0.0,0.0,,LengthBall,OutsideOff,,Missed,BackFoot,BackwardDefensive,SeamAway,Over,FastSeam,Right,Null,NotReferred,Null,False,False,False,False,False,True,,False,False,False,False,False,False,0.0,0.0,0.0,0.0,0.0,False,False
1639393,9,2.78,3,0,0,25,0,3,76323,,39456,County Championship Division Two 2026,4,50,Lancashire Men,38,Middlesex Men,8761501,2026-09-04T13:25:05Z,5,53,False,,,,2683.0,Tom Helm,11452.0,Matty Hurst,192.0,Keaton Jennings,290.0,45.0,Right,Mid On,0.0,0,0.0,0.0,,LengthBall,OffStump,,None,BackFoot,BackwardDefensive,NoMovement,Over,FastSeam,Right,Null,NotReferred,Null,False,False,False,False,False,True,,False,False,False,False,False,False,0.0,0.0,0.0,0.0,0.0,False,False
1639393,9,2.78,3,0,0,25,0,3,76323,,39456,County Championship Division Two 2026,4,50,Lancashire Men,38,Middlesex Men,8761510,2026-09-04T13:25:40Z,6,54,False,,,,2683.0,Tom Helm,11452.0,Matty Hurst,192.0,Keaton Jennings,,,Right,Wicketkeeper,0.0,0,0.0,0.0,,LengthBall,LegStump,,PlayAndMissLegSide,FrontFoot,Glance,NoMovement,Over,FastSeam,Right,Null,NotReferred,Null,False,False,False,False,False,True,,False,False,False,False,False,False,0.0,0.0,0.0,0.0,0.0,False,False
1639407,10,2.7,2,0,0,27,0,2,76323,,39456,County Championship Division Two 2026,4,50,Lancashire Men,38,Middlesex Men,8761530,2026-09-04T13:27:10Z,1,55,False,,,,1739.0,Toby Roland-Jones,192.0,Keaton Jennings,11452.0,Matty Hurst,6.0,69.0,Left,Backward Point,0.0,0,0.0,0.0,,LengthBall,OffStump,,None,DownTheTrack,ForwardDefensive,NoMovement,Over,Medium,Right,Null,NotReferred,Null,False,False,False,False,False,True,,False,False,False,False,False,False,0.0,0.0,0.0,0.0,0.0,False,False
1639407,10,2.7,2,0,0,27,0,2,76323,,39456,County Championship Division Two 2026,4,50,Lancashire Men,38,Middlesex Men,8761539,2026-09-04T13:27:44Z,2,56,False,,,,1739.0,Toby Roland-Jones,192.0,Keaton Jennings,11452.0,Matty Hurst,222.0,34.0,Left,Bowler,0.0,0,0.0,0.0,,LengthBall,MiddleStump,,InsideEdge,FrontFoot,ForwardDefensive,InSwinger,Over,Medium,Right,Null,NotReferred,Null,False,False,False,False,False,True,,False,False,False,False,False,False,0.0,0.0,0.0,0.0,0.0,False,False
1639407,10,2.7,2,0,0,27,0,2,76323,,39456,County Championship Division Two 2026,4,50,Lancashire Men,38,Middlesex Men,8761553,2026-09-04T13:28:18Z,3,57,False,,,,1739.0,Toby Roland-Jones,192.0,Keaton Jennings,11452.0,Matty Hurst,242.0,41.0,Left,Mid On,0.0,0,0.0,0.0,,LengthBall,MiddleStump,,None,FrontFoot,ForwardDefensive,InSwinger,Over,Medium,Right,Null,NotReferred,Null,False,False,False,False,False,True,,False,False,False,False,False,False,0.0,0.0,0.0,0.0,0.0,False,False
1639407,10,2.7,2,0,0,27,0,2,76323,,39456,County Championship Division Two 2026,4,50,Lancashire Men,38,Middlesex Men,8761563,2026-09-04T13:28:50Z,4,58,False,,,,1739.0,Toby Roland-Jones,192.0,Keaton Jennings,11452.0,Matty Hurst,289.0,49.0,Left,Mid Off,0.0,0,0.0,0.0,,LengthBall,OffStump,,None,DownTheTrack,ForwardDefensive,InSwinger,Over,Medium,Right,Null,NotReferred,Null,False,False,False,False,False,True,,False,False,False,False,False,False,0.0,0.0,0.0,0.0,0.0,False,False
1639407,10,2.7,2,0,0,27,0,2,76323,,39456,County Championship Division Two 2026,4,50,Lancashire Men,38,Middlesex Men,8761574,2026-09-04T13:29:23Z,5,59,False,,,,1739.0,Toby Roland-Jones,192.0,Keaton Jennings,11452.0,Matty Hurst,191.0,136.0,Left,Deep Square Leg,2.0,0,2.0,2.0,,HalfVolley,LegStump,,WellTimed,FrontFoot,Worked,InSwinger,Over,Medium,Right,Null,NotReferred,Null,False,False,False,False,False,True,,False,False,False,False,False,False,2.0,0.0,0.0,0.0,0.0,False,False
1639407,10,2.7,2,0,0,27,0,2,76323,,39456,County Championship Division Two 2026,4,50,Lancashire Men,38,Middlesex Men,8761582,2026-09-04T13:30:04Z,6,60,False,,,,1739.0,Toby Roland-Jones,192.0,Keaton Jennings,11452.0,Matty Hurst,244.0,40.0,Left,Bowler,0.0,0,0.0,0.0,,LengthBall,MiddleStump,,None,DownTheTrack,ForwardDefensive,InSwinger,Over,Medium,Right,Null,NotReferred,Null,False,False,False,False,False,True,,False,False,False,False,False,False,0.0,0.0,0.0,0.0,0.0,False,False
1639418,11,2.45,0,0,0,27,0,0,76323,,39456,County Championship Division Two 2026,4,50,Lancashire Men,38,Middlesex Men,8761595,2026-09-04T13:30:52Z,1,61,False,,,,2683.0,Tom Helm,11452.0,Matty Hurst,192.0,Keaton Jennings,333.0,50.0,Right,Square Leg,0.0,0,0.0,0.0,,LengthBall,OffStump,,None,BackFoot,BackwardDefensive,SeamIn,Over,FastSeam,Right,Null,NotReferred,Null,False,False,False,False,False,True,,False,False,False,False,False,False,0.0,0.0,0.0,0.0,0.0,False,False
1639418,11,2.45,0,0,0,27,0,0,76323,,39456,County Championship Division Two 2026,4,50,Lancashire Men,38,Middlesex Men,8761606,2026-09-04T13:31:24Z,2,62,False,,,,2683.0,Tom Helm,11452.0,Matty Hurst,192.0,Keaton Jennings,245.0,35.0,Right,Mid Off,0.0,0,0.0,0.0,,HalfVolley,OutsideOff,,None,FrontFoot,ForwardDefensive,SeamIn,Over,FastSeam,Right,Null,NotReferred,Null,False,False,False,False,False,True,,False,False,False,False,False,False,0.0,0.0,0.0,0.0,0.0,False,False
1639418,11,2.45,0,0,0,27,0,0,76323,,39456,County Championship Division Two 2026,4,50,Lancashire Men,38,Middlesex Men,8761615,2026-09-04T13:31:57Z,3,63,False,,,,2683.0,Tom Helm,11452.0,Matty Hurst,192.0,Keaton Jennings,295.0,46.0,Right,Mid On,0.0,0,0.0,0.0,,HalfVolley,MiddleStump,,WellTimed,FrontFoot,Drive,NoMovement,Over,FastSeam,Right,Null,NotReferred,Null,False,False,False,False,False,True,,False,False,False,False,False,False,0.0,0.0,0.0,0.0,0.0,False,False
1639418,11,2.45,0,0,0,27,0,0,76323,,39456,County Championship Division Two 2026,4,50,Lancashire Men,38,Middlesex Men,8761624,2026-09-04T13:32:33Z,4,64,False,,,,2683.0,Tom Helm,11452.0,Matty Hurst,192.0,Keaton Jennings,296.0,51.0,Right,Mid On,0.0,0,0.0,0.0,,HalfVolley,OffStump,,None,FrontFoot,Pushed,SeamIn,Over,FastSeam,Right,Null,NotReferred,Null,False,False,False,False,False,True,,False,False,False,False,False,False,0.0,0.0,0.0,0.0,0.0,False,False
1639418,11,2.45,0,0,0,27,0,0,76323,,39456,County Championship Division Two 2026,4,50,Lancashire Men,38,Middlesex Men,8761632,2026-09-04T13:33:10Z,5,65,False,,,,2683.0,Tom Helm,11452.0,Matty Hurst,192.0,Keaton Jennings,11.0,30.0,Right,Backward Square Leg,0.0,0,0.0,0.0,,LengthBall,MiddleStump,,HitPad,BackFoot,Worked,SeamIn,Over,FastSeam,Right,Null,NotReferred,Null,False,False,False,False,False,True,,False,False,False,False,False,False,0.0,0.0,0.0,0.0,0.0,False,False
1639418,11,2.45,0,0,0,27,0,0,76323,,39456,County Championship Division Two 2026,4,50,Lancashire Men,38,Middlesex Men,8761641,2026-09-04T13:33:43Z,6,66,False,,,,2683.0,Tom Helm,11452.0,Matty Hurst,192.0,Keaton Jennings,271.0,35.0,Right,Bowler,0.0,0,0.0,0.0,,HalfVolley,OutsideOff,,MisTimed,FrontFoot,Drive,SeamIn,Over,FastSeam,Right,Null,NotReferred,Null,False,False,False,False,False,True,,False,False,False,False,False,False,0.0,0.0,0.0,0.0,0.0,False,False
1639428,12,2.42,2,0,0,29,0,2,76323,,39456,County Championship Division Two 2026,4,50,Lancashire Men,38,Middlesex Men,8761660,2026-09-04T13:35:09Z,1,67,False,,,,39.0,Ryan Higgins,192.0,Keaton Jennings,11452.0,Matty Hurst,,,Left,Wicketkeeper,0.0,0,0.0,0.0,,LengthBall,OutsideOff,,Left,FrontFoot,Leave,SeamAway,Round,Medium,Right,Null,NotReferred,Null,False,False,False,False,False,True,,False,False,False,False,False,False,0.0,0.0,0.0,0.0,0.0,False,False
1639428,12,2.42,2,0,0,29,0,2,76323,,39456,County Championship Division Two 2026,4,50,Lancashire Men,38,Middlesex Men,8761667,2026-09-04T13:35:36Z,2,68,False,,,,39.0,Ryan Higgins,192.0,Keaton Jennings,11452.0,Matty Hurst,7.0,77.0,Left,Backward Point,0.0,0,0.0,0.0,,BackOfALength,OutsideOff,,None,BackFoot,Drive,NoMovement,Round,Medium,Right,Null,NotReferred,Null,False,False,False,False,False,True,,False,False,False,False,False,False,0.0,0.0,0.0,0.0,0.0,False,False
1639428,12,2.42,2,0,0,29,0,2,76323,,39456,County Championship Division Two 2026,4,50,Lancashire Men,38,Middlesex Men,8761674,2026-09-04T13:36:01Z,3,69,False,,,,39.0,Ryan Higgins,192.0,Keaton Jennings,11452.0,Matty Hurst,286.0,74.0,Left,Mid Off,0.0,0,0.0,0.0,,LengthBall,OutsideOff,,None,BackFoot,Pushed,NoMovement,Round,Medium,Right,Null,NotReferred,Null,False,False,False,False,False,True,,False,False,False,False,False,False,0.0,0.0,0.0,0.0,0.0,False,False
1639428,12,2.42,2,0,0,29,0,2,76323,,39456,County Championship Division Two 2026,4,50,Lancashire Men,38,Middlesex Men,8761682,2026-09-04T13:36:30Z,4,70,False,,,,39.0,Ryan Higgins,192.0,Keaton Jennings,11452.0,Matty Hurst,201.0,73.0,Left,Square Leg,0.0,0,0.0,0.0,,LengthBall,OutsideOff,,MisTimed,BackFoot,Pull,NoMovement,Round,Medium,Right,Null,NotReferred,Null,False,False,False,False,False,True,,False,False,False,False,False,False,0.0,0.0,0.0,0.0,0.0,False,False
1639428,12,2.42,2,0,0,29,0,2,76323,,39456,County Championship Division Two 2026,4,50,Lancashire Men,38,Middlesex Men,8761690,2026-09-04T13:36:58Z,5,71,False,,,,39.0,Ryan Higgins,192.0,Keaton Jennings,11452.0,Matty Hurst,52.0,143.0,Left,Third Man,2.0,0,2.0,2.0,,LengthBall,Wide,,WellTimed,FrontFoot,Pushed,NoMovement,Round,Medium,Right,Null,NotReferred,Null,False,False,False,False,False,True,,False,False,False,False,False,False,2.0,0.0,0.0,0.0,0.0,False,False
1639428,12,2.42,2,0,0,29,0,2,76323,,39456,County Championship Division Two 2026,4,50,Lancashire Men,38,Middlesex Men,8761695,2026-09-04T13:37:30Z,6,72,False,,,,39.0,Ryan Higgins,192.0,Keaton Jennings,11452.0,Matty Hurst,348.0,70.0,Left,Cover,0.0,0,0.0,0.0,,LengthBall,OutsideOff,,None,FrontFoot,ForwardDefensive,SeamIn,Round,Medium,Right,Null,NotReferred,Null,False,False,False,False,False,True,,False,False,False,False,False,False,0.0,0.0,0.0,0.0,0.0,False,False
1639435,13,3.23,13,0,0,42,0,13,76323,,39456,County Championship Division Two 2026,4,50,Lancashire Men,38,Middlesex Men,8761706,2026-09-04T13:38:42Z,1,73,False,,,,15371.0,Naavya Sharma,11452.0,Matty Hurst,192.0,Keaton Jennings,190.0,172.0,Right,,4.0,0,4.0,4.0,,Short,OutsideOff,,WellTimed,BackFoot,Drive,NoMovement,Over,FastSeam,Right,Null,NotReferred,Null,False,False,False,False,False,True,,False,False,False,False,False,False,4.0,0.0,0.0,0.0,0.0,True,False
1639435,13,3.23,13,0,0,42,0,13,76323,,39456,County Championship Division Two 2026,4,50,Lancashire Men,38,Middlesex Men,8761716,2026-09-04T13:39:23Z,2,74,False,,,,15371.0,Naavya Sharma,11452.0,Matty Hurst,192.0,Keaton Jennings,244.0,46.0,Right,Mid Off,0.0,0,0.0,0.0,,LengthBall,OutsideOff,,None,FrontFoot,ForwardDefensive,SeamIn,Over,FastSeam,Right,Null,NotReferred,Null,False,False,False,False,False,True,,False,False,False,False,False,False,0.0,0.0,0.0,0.0,0.0,False,False
1639435,13,3.23,13,0,0,42,0,13,76323,,39456,County Championship Division Two 2026,4,50,Lancashire Men,38,Middlesex Men,8761726,2026-09-04T13:40:03Z,3,75,False,,,,15371.0,Naavya Sharma,11452.0,Matty Hurst,192.0,Keaton Jennings,165.0,167.0,Right,,4.0,0,4.0,4.0,,Short,OutsideOff,,Middled,BackFoot,Drive,NoMovement,Over,FastSeam,Right,Null,NotReferred,Null,False,False,False,False,False,True,,False,False,False,False,False,False,4.0,0.0,0.0,0.0,0.0,True,False
1639435,13,3.23,13,0,0,42,0,13,76323,,39456,County Championship Division Two 2026,4,50,Lancashire Men,38,Middlesex Men,8761735,2026-09-04T13:40:46Z,4,76,False,,,,15371.0,Naavya Sharma,11452.0,Matty Hurst,192.0,Keaton Jennings,343.0,69.0,Right,Square Leg,0.0,0,0.0,0.0,,HalfVolley,MiddleStump,,None,FrontFoot,Worked,NoMovement,Over,FastSeam,Right,Null,NotReferred,Null,False,False,False,False,False,True,,False,False,False,False,False,False,0.0,0.0,0.0,0.0,0.0,False,False
1639435,13,3.23,13,0,0,42,0,13,76323,,39456,County Championship Division Two 2026,4,50,Lancashire Men,38,Middlesex Men,8761741,2026-09-04T13:41:21Z,5,77,False,,,,15371.0,Naavya Sharma,11452.0,Matty Hurst,192.0,Keaton Jennings,249.0,84.0,Right,Mid Off,1.0,0,1.0,1.0,,BackOfALength,OutsideOff,,WellTimed,BackFoot,Drive,NoMovement,Over,FastSeam,Right,Null,NotReferred,Null,False,False,False,False,False,True,,False,False,False,False,False,False,1.0,0.0,0.0,0.0,0.0,False,False
1639435,13,3.23,13,0,0,42,0,13,76323,,39456,County Championship Division Two 2026,4,50,Lancashire Men,38,Middlesex Men,8761753,2026-09-04T13:42:25Z,6,78,False,,,,15371.0,Naavya Sharma,192.0,Keaton Jennings,11452.0,Matty Hurst,156.0,166.0,Left,,4.0,0,4.0,4.0,,Short,DownLeg,,Middled,BackFoot,Pull,NoMovement,Over,FastSeam,Right,Null,NotReferred,Null,False,False,False,False,False,True,,False,False,False,False,False,False,4.0,0.0,0.0,0.0,0.0,True,False
1639446,14,3.0,0,0,0,42,0,0,76323,,39456,County Championship Division Two 2026,4,50,Lancashire Men,38,Middlesex Men,8761763,2026-09-04T13:43:21Z,1,79,False,,,,39.0,Ryan Higgins,11452.0,Matty Hurst,192.0,Keaton Jennings,253.0,81.0,Right,Mid Off,0.0,0,0.0,0.0,,HalfVolley,OutsideOff,,WellTimed,FrontFoot,Drive,AwaySwinger,Over,Medium,Right,Null,NotReferred,Null,False,False,False,False,False,True,,False,False,False,False,False,False,0.0,0.0,0.0,0.0,0.0,False,False
1639446,14,3.0,0,0,0,42,0,0,76323,,39456,County Championship Division Two 2026,4,50,Lancashire Men,38,Middlesex Men,8761769,2026-09-04T13:43:47Z,2,80,False,,,,39.0,Ryan Higgins,11452.0,Matty Hurst,192.0,Keaton Jennings,203.0,48.0,Right,Cover,0.0,0,0.0,0.0,,LengthBall,OutsideOff,,Spliced,FrontFoot,ForwardDefensive,SeamIn,Over,Medium,Right,Null,NotReferred,Null,False,False,False,False,False,True,,False,False,False,False,False,False,0.0,0.0,0.0,0.0,0.0,False,False
1639446,14,3.0,0,0,0,42,0,0,76323,,39456,County Championship Division Two 2026,4,50,Lancashire Men,38,Middlesex Men,8761776,2026-09-04T13:44:20Z,3,81,False,,,,39.0,Ryan Higgins,11452.0,Matty Hurst,192.0,Keaton Jennings,266.0,32.0,Right,Bowler,0.0,0,0.0,0.0,,LengthBall,OutsideOff,,None,BackFoot,BackwardDefensive,SeamIn,Over,Medium,Right,Null,NotReferred,Null,False,False,False,False,False,True,,False,False,False,False,False,False,0.0,0.0,0.0,0.0,0.0,False,False
1639446,14,3.0,0,0,0,42,0,0,76323,,39456,County Championship Division Two 2026,4,50,Lancashire Men,38,Middlesex Men,8761784,2026-09-04T13:44:50Z,4,82,False,,,,39.0,Ryan Higgins,11452.0,Matty Hurst,192.0,Keaton Jennings,262.0,39.0,Right,Bowler,0.0,0,0.0,0.0,,HalfVolley,OutsideOff,,WellTimed,FrontFoot,Drive,AwaySwinger,Over,Medium,Right,Null,NotReferred,Null,False,False,False,False,False,True,,False,False,False,False,False,False,0.0,0.0,0.0,0.0,0.0,False,False
1639446,14,3.0,0,0,0,42,0,0,76323,,39456,County Championship Division Two 2026,4,50,Lancashire Men,38,Middlesex Men,8761790,2026-09-04T13:45:19Z,5,83,False,,,,39.0,Ryan Higgins,11452.0,Matty Hurst,192.0,Keaton Jennings,190.0,53.0,Right,Cover,0.0,0,0.0,0.0,,LengthBall,OutsideOff,,None,FrontFoot,ForwardDefensive,AwaySwinger,Over,Medium,Right,Null,NotReferred,Null,False,False,False,False,False,True,,False,False,False,False,False,False,0.0,0.0,0.0,0.0,0.0,False,False
1639446,14,3.0,0,0,0,42,0,0,76323,,39456,County Championship Division Two 2026,4,50,Lancashire Men,38,Middlesex Men,8761794,2026-09-04T13:45:49Z,6,84,False,,,,39.0,Ryan Higgins,11452.0,Matty Hurst,192.0,Keaton Jennings,329.0,43.0,Right,Mid Wicket,0.0,0,0.0,0.0,,LengthBall,OutsideOff,,Spliced,FrontFoot,ForwardDefensive,SeamIn,Over,Medium,Right,Null,NotReferred,Null,False,False,False,False,False,True,,False,False,False,False,False,False,0.0,0.0,0.0,0.0,0.0,False,False
1639453,15,2.87,1,0,0,43,0,1,76323,,39456,County Championship Division Two 2026,4,50,Lancashire Men,38,Middlesex Men,8761808,2026-09-04T13:46:52Z,1,85,False,,,,15371.0,Naavya Sharma,192.0,Keaton Jennings,11452.0,Matty Hurst,25.0,118.0,Left,Deep Backward Point,1.0,0,1.0,1.0,,BackOfALength,MiddleStump,,WellTimed,BackFoot,Drive,NoMovement,Over,FastSeam,Right,Null,NotReferred,Null,False,False,False,False,False,True,,False,False,False,False,False,False,1.0,0.0,0.0,0.0,0.0,False,False
1639453,15,2.87,1,0,0,43,0,1,76323,,39456,County Championship Division Two 2026,4,50,Lancashire Men,38,Middlesex Men,8761826,2026-09-04T13:48:08Z,2,86,False,,,,15371.0,Naavya Sharma,11452.0,Matty Hurst,192.0,Keaton Jennings,203.0,43.0,Right,Cover,0.0,0,0.0,0.0,,LengthBall,OutsideOff,,Spliced,BackFoot,BackwardDefensive,SeamIn,Over,FastSeam,Right,Null,NotReferred,Null,False,False,False,False,False,True,,False,False,False,False,False,False,0.0,0.0,0.0,0.0,0.0,False,False
1639453,15,2.87,1,0,0,43,0,1,76323,,39456,County Championship Division Two 2026,4,50,Lancashire Men,38,Middlesex Men,8761835,2026-09-04T13:48:47Z,3,87,False,,,,15371.0,Naavya Sharma,11452.0,Matty Hurst,192.0,Keaton Jennings,275.0,39.0,Right,Bowler,0.0,0,0.0,0.0,,HalfVolley,OffStump,,MisTimed,FrontFoot,Pushed,NoMovement,Over,FastSeam,Right,Null,NotReferred,Null,False,False,False,False,False,True,,False,False,False,False,False,False,0.0,0.0,0.0,0.0,0.0,False,False
1639453,15,2.87,1,0,0,43,0,1,76323,,39456,County Championship Division Two 2026,4,50,Lancashire Men,38,Middlesex Men,8761845,2026-09-04T13:49:23Z,4,88,False,,,,15371.0,Naavya Sharma,11452.0,Matty Hurst,192.0,Keaton Jennings,244.0,65.0,Right,Mid Off,0.0,0,0.0,0.0,,LengthBall,OutsideOff,,WellTimed,BackFoot,Drive,NoMovement,Over,FastSeam,Right,Null,NotReferred,Null,False,False,False,False,False,True,,False,False,False,False,False,False,0.0,0.0,0.0,0.0,0.0,False,False
1639453,15,2.87,1,0,0,43,0,1,76323,,39456,County Championship Division Two 2026,4,50,Lancashire Men,38,Middlesex Men,8761854,2026-09-04T13:50:03Z,5,89,False,,,,15371.0,Naavya Sharma,11452.0,Matty Hurst,192.0,Keaton Jennings,341.0,64.0,Right,Square Leg,0.0,0,0.0,0.0,,LengthBall,OffStump,,None,BackFoot,Worked,NoMovement,Over,FastSeam,Right,Null,NotReferred,Null,False,False,False,False,False,True,,False,False,False,False,False,False,0.0,0.0,0.0,0.0,0.0,False,False
1639453,15,2.87,1,0,0,43,0,1,76323,,39456,County Championship Division Two 2026,4,50,Lancashire Men,38,Middlesex Men,8761860,2026-09-04T13:50:43Z,6,90,False,,,,15371.0,Naavya Sharma,11452.0,Matty Hurst,192.0,Keaton Jennings,258.0,49.0,Right,Mid Off,0.0,0,0.0,0.0,,LengthBall,OutsideOff,,None,BackFoot,BackwardDefensive,NoMovement,Over,FastSeam,Right,Null,NotReferred,Null,False,False,False,False,False,True,,False,False,False,False,False,False,0.0,0.0,0.0,0.0,0.0,False,False
1639463,16,2.75,1,0,0,44,0,1,76323,,39456,County Championship Division Two 2026,4,50,Lancashire Men,38,Middlesex Men,8761874,2026-09-04T13:51:28Z,1,91,False,,,,39.0,Ryan Higgins,192.0,Keaton Jennings,11452.0,Matty Hurst,74.0,19.0,Left,First Slip,0.0,0,0.0,0.0,,HalfVolley,Wide,,Missed,FrontFoot,Drive,NoMovement,Round,Medium,Right,Null,NotReferred,Null,False,False,False,False,False,True,,False,False,False,False,False,False,0.0,0.0,0.0,0.0,0.0,False,False
1639463,16,2.75,1,0,0,44,0,1,76323,,39456,County Championship Division Two 2026,4,50,Lancashire Men,38,Middlesex Men,8761878,2026-09-04T13:51:59Z,2,92,False,,,,39.0,Ryan Higgins,192.0,Keaton Jennings,11452.0,Matty Hurst,298.0,51.0,Left,Mid Off,0.0,0,0.0,0.0,,LengthBall,OutsideOff,,None,FrontFoot,ForwardDefensive,InSwinger,Round,Medium,Right,Null,NotReferred,Null,False,False,False,False,False,True,,False,False,False,False,False,False,0.0,0.0,0.0,0.0,0.0,False,False
1639463,16,2.75,1,0,0,44,0,1,76323,,39456,County Championship Division Two 2026,4,50,Lancashire Men,38,Middlesex Men,8761885,2026-09-04T13:52:29Z,3,93,False,,,,39.0,Ryan Higgins,192.0,Keaton Jennings,11452.0,Matty Hurst,325.0,48.0,Left,Extra Cover,1.0,0,1.0,1.0,,LengthBall,OutsideOff,,None,FrontFoot,ForwardDefensive,InSwinger,Round,Medium,Right,Null,NotReferred,Null,False,False,False,False,False,True,,False,False,False,False,False,False,1.0,0.0,0.0,0.0,0.0,False,False
1639463,16,2.75,1,0,0,44,0,1,76323,,39456,County Championship Division Two 2026,4,50,Lancashire Men,38,Middlesex Men,8761893,2026-09-04T13:53:05Z,4,94,False,,,,39.0,Ryan Higgins,11452.0,Matty Hurst,192.0,Keaton Jennings,332.0,73.0,Right,Square Leg,0.0,0,0.0,0.0,,HalfVolley,MiddleStump,,None,BackFoot,Worked,NoMovement,Over,Medium,Right,Null,NotReferred,Null,False,False,False,False,False,True,,False,False,False,False,False,False,0.0,0.0,0.0,0.0,0.0,False,False
1639463,16,2.75,1,0,0,44,0,1,76323,,39456,County Championship Division Two 2026,4,50,Lancashire Men,38,Middlesex Men,8761898,2026-09-04T13:53:32Z,5,95,False,,,,39.0,Ryan Higgins,11452.0,Matty Hurst,192.0,Keaton Jennings,196.0,59.0,Right,Cover,0.0,0,0.0,0.0,,LengthBall,OutsideOff,,None,BackFoot,BackwardDefensive,AwaySwinger,Over,Medium,Right,Null,NotReferred,Null,False,False,False,False,False,True,,False,False,False,False,False,False,0.0,0.0,0.0,0.0,0.0,False,False
1639463,16,2.75,1,0,0,44,0,1,76323,,39456,County Championship Division Two 2026,4,50,Lancashire Men,38,Middlesex Men,8761905,2026-09-04T13:53:58Z,6,96,False,,,,39.0,Ryan Higgins,11452.0,Matty Hurst,192.0,Keaton Jennings,,,Right,Wicketkeeper,0.0,0,0.0,0.0,,LengthBall,OutsideOff,Lbw,HitPad,BackFoot,Pushed,SeamIn,Over,Medium,Right,Null,NotReferred,Null,False,False,False,False,False,True,1815.0,False,False,False,False,False,False,0.0,0.0,0.0,0.0,0.0,False,False
1639472,17,2.65,1,0,0,45,0,1,76323,,39456,County Championship Division Two 2026,4,50,Lancashire Men,38,Middlesex Men,8761919,2026-09-04T13:54:58Z,1,97,False,,,,15371.0,Naavya Sharma,192.0,Keaton Jennings,11452.0,Matty Hurst,309.0,47.0,Left,Extra Cover,0.0,0,0.0,0.0,,LengthBall,MiddleStump,,None,BackFoot,Pushed,NoMovement,Over,FastSeam,Right,Null,NotReferred,Null,False,False,False,False,False,True,,False,False,False,False,False,False,0.0,0.0,0.0,0.0,0.0,False,False
1639472,17,2.65,1,0,0,45,0,1,76323,,39456,County Championship Division Two 2026,4,50,Lancashire Men,38,Middlesex Men,8761936,2026-09-04T13:56:11Z,2,98,False,,,,15371.0,Naavya Sharma,192.0,Keaton Jennings,11452.0,Matty Hurst,,,Left,Wicketkeeper,0.0,0,0.0,0.0,,HalfVolley,OutsideOff,,Left,NoMovement,Leave,NoMovement,Over,FastSeam,Right,Null,NotReferred,Null,False,False,False,False,False,True,,False,False,False,False,False,False,0.0,0.0,0.0,0.0,0.0,False,False
1639472,17,2.65,1,0,0,45,0,1,76323,,39456,County Championship Division Two 2026,4,50,Lancashire Men,38,Middlesex Men,8761948,2026-09-04T13:56:52Z,3,99,False,,,,15371.0,Naavya Sharma,192.0,Keaton Jennings,11452.0,Matty Hurst,,,Left,Wicketkeeper,0.0,0,0.0,0.0,,HalfVolley,Wide,,Left,NoMovement,Leave,NoMovement,Over,FastSeam,Right,Null,NotReferred,Null,False,False,False,False,False,True,,False,False,False,False,False,False,0.0,0.0,0.0,0.0,0.0,False,False
1639472,17,2.65,1,0,0,45,0,1,76323,,39456,County Championship Division Two 2026,4,50,Lancashire Men,38,Middlesex Men,8761958,2026-09-04T13:57:33Z,4,100,False,,,,15371.0,Naavya Sharma,192.0,Keaton Jennings,11452.0,Matty Hurst,169.0,119.0,Left,Deep Backward Square Leg,1.0,0,1.0,1.0,,HalfVolley,LegStump,,WellTimed,FrontFoot,Flick,InSwinger,Over,FastSeam,Right,Null,NotReferred,Null,False,False,False,False,False,True,,False,False,False,False,False,False,1.0,0.0,0.0,0.0,0.0,False,False
1639472,17,2.65,1,0,0,45,0,1,76323,,39456,County Championship Division Two 2026,4,50,Lancashire Men,38,Middlesex Men,8761968,2026-09-04T13:58:21Z,5,101,False,,,,15371.0,Naavya Sharma,11452.0,Matty Hurst,192.0,Keaton Jennings,137.0,20.0,Right,Gully,0.0,0,0.0,0.0,,LengthBall,OffStump,,OutsideEdge,BackFoot,BackwardDefensive,SeamAway,Over,FastSeam,Right,Null,NotReferred,Null,False,False,False,False,False,True,,False,False,False,False,False,False,0.0,0.0,0.0,0.0,0.0,False,False
1639472,17,2.65,1,0,0,45,0,1,76323,,39456,County Championship Division Two 2026,4,50,Lancashire Men,38,Middlesex Men,8761980,2026-09-04T13:59:04Z,6,102,False,,,,15371.0,Naavya Sharma,11452.0,Matty Hurst,192.0,Keaton Jennings,306.0,57.0,Right,Mid Wicket,0.0,0,0.0,0.0,,HalfVolley,MiddleStump,,None,FrontFoot,Worked,NoMovement,Over,FastSeam,Right,Null,NotReferred,Null,False,False,False,False,False,True,,False,False,False,False,False,False,0.0,0.0,0.0,0.0,0.0,False,False
1639483,18,3.0,9,0,0,54,0,9,76323,,39456,County Championship Division Two 2026,4,50,Lancashire Men,38,Middlesex Men,8761997,2026-09-04T14:00:20Z,1,103,False,,,,39.0,Ryan Higgins,192.0,Keaton Jennings,11452.0,Matty Hurst,249.0,40.0,Left,Mid On,0.0,0,0.0,0.0,,LengthBall,OutsideOff,Lbw,InsideEdge,FrontFoot,ForwardDefensive,InSwinger,Round,Medium,Right,Null,NotReferred,Null,False,False,False,False,False,True,1815.0,False,False,False,False,False,False,0.0,0.0,0.0,0.0,0.0,False,False
1639483,18,3.0,9,0,0,54,0,9,76323,,39456,County Championship Division Two 2026,4,50,Lancashire Men,38,Middlesex Men,8762006,2026-09-04T14:00:55Z,2,104,False,,,,39.0,Ryan Higgins,192.0,Keaton Jennings,11452.0,Matty Hurst,45.0,18.0,Left,Third Slip,0.0,0,0.0,0.0,,LengthBall,OutsideOff,,OutsideEdge,FrontFoot,BackwardDefensive,SeamAway,Round,Medium,Right,Null,NotReferred,Null,False,False,False,False,False,True,,False,False,False,False,False,False,0.0,0.0,0.0,0.0,0.0,False,False
1639483,18,3.0,9,0,0,54,0,9,76323,,39456,County Championship Division Two 2026,4,50,Lancashire Men,38,Middlesex Men,8762013,2026-09-04T14:01:27Z,3,105,False,,,,39.0,Ryan Higgins,192.0,Keaton Jennings,11452.0,Matty Hurst,73.0,160.0,Left,,4.0,0,4.0,4.0,,LengthBall,Wide,,OutsideEdge,FrontFoot,Drive,NoMovement,Round,Medium,Right,Null,NotReferred,Null,False,False,False,False,True,True,,False,False,False,False,False,False,4.0,0.0,0.0,0.0,0.0,True,False
1639483,18,3.0,9,0,0,54,0,9,76323,,39456,County Championship Division Two 2026,4,50,Lancashire Men,38,Middlesex Men,8762025,2026-09-04T14:02:04Z,4,106,False,,,,39.0,Ryan Higgins,192.0,Keaton Jennings,11452.0,Matty Hurst,244.0,51.0,Left,Mid On,0.0,0,0.0,0.0,,HalfVolley,OutsideOff,,MisTimed,FrontFoot,Drive,InSwinger,Round,Medium,Right,Null,NotReferred,Null,False,False,False,False,False,True,,False,False,False,False,False,False,0.0,0.0,0.0,0.0,0.0,False,False
1639483,18,3.0,9,0,0,54,0,9,76323,,39456,County Championship Division Two 2026,4,50,Lancashire Men,38,Middlesex Men,8762032,2026-09-04T14:02:30Z,5,107,False,,,,39.0,Ryan Higgins,192.0,Keaton Jennings,11452.0,Matty Hurst,102.0,160.0,Left,,4.0,0,4.0,4.0,,LengthBall,MiddleStump,,None,BackFoot,Glance,InSwinger,Round,Medium,Right,Null,NotReferred,Null,False,False,False,False,False,True,,False,False,False,False,False,False,4.0,0.0,0.0,0.0,0.0,True,False
1639483,18,3.0,9,0,0,54,0,9,76323,,39456,County Championship Division Two 2026,4,50,Lancashire Men,38,Middlesex Men,8762040,2026-09-04T14:03:07Z,6,108,False,,,,39.0,Ryan Higgins,192.0,Keaton Jennings,11452.0,Matty Hurst,300.0,48.0,Left,Mid Off,1.0,0,1.0,1.0,,LengthBall,OutsideOff,,OutsideEdge,FrontFoot,ForwardDefensive,SeamAway,Round,Medium,Right,Null,NotReferred,Null,False,False,False,False,False,True,,False,False,False,False,False,False,1.0,0.0,0.0,0.0,0.0,False,True
1639495,19,2.89,1,0,0,55,0,1,76323,,39456,County Championship Division Two 2026,4,50,Lancashire Men,38,Middlesex Men,8762053,2026-09-04T14:04:02Z,1,109,False,,,,15371.0,Naavya Sharma,192.0,Keaton Jennings,11452.0,Matty Hurst,309.0,57.0,Left,Extra Cover,0.0,0,0.0,0.0,,HalfVolley,OutsideOff,,MisTimed,FrontFoot,Drive,NoMovement,Over,FastSeam,Right,Null,NotReferred,Null,False,False,False,False,False,True,,False,False,False,False,False,False,0.0,0.0,0.0,0.0,0.0,False,False
1639495,19,2.89,1,0,0,55,0,1,76323,,39456,County Championship Division Two 2026,4,50,Lancashire Men,38,Middlesex Men,8762065,2026-09-04T14:04:42Z,2,110,False,,,,15371.0,Naavya Sharma,192.0,Keaton Jennings,11452.0,Matty Hurst,184.0,115.0,Left,Deep Square Leg,1.0,0,1.0,1.0,,HalfVolley,LegStump,,None,FrontFoot,Worked,InSwinger,Over,FastSeam,Right,Null,NotReferred,Null,False,False,False,False,False,True,,False,False,False,False,False,False,1.0,0.0,0.0,0.0,0.0,False,False
1639495,19,2.89,1,0,0,55,0,1,76323,,39456,County Championship Division Two 2026,4,50,Lancashire Men,38,Middlesex Men,8762082,2026-09-04T14:05:58Z,3,111,False,,,,15371.0,Naavya Sharma,11452.0,Matty Hurst,192.0,Keaton Jennings,,,Right,Wicketkeeper,0.0,0,0.0,0.0,,LengthBall,OutsideOff,,ShouldersArms,NoMovement,ShouldersArms,SeamIn,Over,FastSeam,Right,Null,NotReferred,Null,False,False,False,False,False,True,,False,False,False,False,False,False,0.0,0.0,0.0,0.0,0.0,False,False
1639495,19,2.89,1,0,0,55,0,1,76323,,39456,County Championship Division Two 2026,4,50,Lancashire Men,38,Middlesex Men,8762092,2026-09-04T14:06:37Z,4,112,False,,,,15371.0,Naavya Sharma,11452.0,Matty Hurst,192.0,Keaton Jennings,199.0,51.0,Right,Cover,0.0,0,0.0,0.0,,LengthBall,OutsideOff,,None,FrontFoot,ForwardDefensive,SeamIn,Over,FastSeam,Right,Null,NotReferred,Null,False,False,False,False,False,True,,False,False,False,False,False,False,0.0,0.0,0.0,0.0,0.0,False,False
1639495,19,2.89,1,0,0,55,0,1,76323,,39456,County Championship Division Two 2026,4,50,Lancashire Men,38,Middlesex Men,8762105,2026-09-04T14:07:17Z,5,113,False,,,,15371.0,Naavya Sharma,11452.0,Matty Hurst,192.0,Keaton Jennings,294.0,53.0,Right,Mid On,0.0,0,0.0,0.0,,LengthBall,OffStump,,None,FrontFoot,ForwardDefensive,NoMovement,Over,FastSeam,Right,Null,NotReferred,Null,False,False,False,False,False,True,,False,False,False,False,False,False,0.0,0.0,0.0,0.0,0.0,False,False
1639495,19,2.89,1,0,0,55,0,1,76323,,39456,County Championship Division Two 2026,4,50,Lancashire Men,38,Middlesex Men,8762111,2026-09-04T14:07:59Z,6,114,False,,,,15371.0,Naavya Sharma,11452.0,Matty Hurst,192.0,Keaton Jennings,201.0,63.0,Right,Cover,0.0,0,0.0,0.0,,HalfVolley,OutsideOff,,None,FrontFoot,Drive,NoMovement,Over,FastSeam,Right,Null,NotReferred,Null,False,False,False,False,False,True,,False,False,False,False,False,False,0.0,0.0,0.0,0.0,0.0,False,False
1639507,20,2.8,1,0,0,56,0,1,76323,,39456,County Championship Division Two 2026,4,50,Lancashire Men,38,Middlesex Men,8762119,2026-09-04T14:08:48Z,1,115,False,,,,39.0,Ryan Higgins,192.0,Keaton Jennings,11452.0,Matty Hurst,305.0,44.0,Left,Extra Cover,0.0,0,0.0,0.0,,HalfVolley,OutsideOff,,None,FrontFoot,Drive,InSwinger,Round,Medium,Right,Null,NotReferred,Null,False,False,False,False,False,True,,False,False,False,False,False,False,0.0,0.0,0.0,0.0,0.0,False,False
1639507,20,2.8,1,0,0,56,0,1,76323,,39456,County Championship Division Two 2026,4,50,Lancashire Men,38,Middlesex Men,8762130,2026-09-04T14:09:22Z,2,116,False,,,,39.0,Ryan Higgins,192.0,Keaton Jennings,11452.0,Matty Hurst,306.0,51.0,Left,Extra Cover,0.0,0,0.0,0.0,,LengthBall,OutsideOff,,None,FrontFoot,ForwardDefensive,InSwinger,Round,Medium,Right,Null,NotReferred,Null,False,False,False,False,False,True,,False,False,False,False,False,False,0.0,0.0,0.0,0.0,0.0,False,False
1639507,20,2.8,1,0,0,56,0,1,76323,,39456,County Championship Division Two 2026,4,50,Lancashire Men,38,Middlesex Men,8762135,2026-09-04T14:09:48Z,3,117,False,,,,39.0,Ryan Higgins,192.0,Keaton Jennings,11452.0,Matty Hurst,223.0,31.0,Left,Wicketkeeper,0.0,0,0.0,0.0,,LengthBall,OutsideOff,,InsideEdge,BackFoot,BackwardDefensive,InSwinger,Round,Medium,Right,Null,NotReferred,Null,False,False,False,False,False,True,,False,False,False,False,False,False,0.0,0.0,0.0,0.0,0.0,False,False
1639507,20,2.8,1,0,0,56,0,1,76323,,39456,County Championship Division Two 2026,4,50,Lancashire Men,38,Middlesex Men,8762142,2026-09-04T14:10:16Z,4,118,False,,,,39.0,Ryan Higgins,192.0,Keaton Jennings,11452.0,Matty Hurst,276.0,37.0,Left,Bowler,0.0,0,0.0,0.0,,LengthBall,OutsideOff,,None,BackFoot,BackwardDefensive,InSwinger,Round,Medium,Right,Null,NotReferred,Null,False,False,False,False,False,True,,False,False,False,False,False,False,0.0,0.0,0.0,0.0,0.0,False,False
1639507,20,2.8,1,0,0,56,0,1,76323,,39456,County Championship Division Two 2026,4,50,Lancashire Men,38,Middlesex Men,8762152,2026-09-04T14:10:46Z,5,119,False,,,,39.0,Ryan Higgins,192.0,Keaton Jennings,11452.0,Matty Hurst,347.0,72.0,Left,Cover,0.0,0,0.0,0.0,,LengthBall,Wide,,None,BackFoot,Pushed,NoMovement,Round,Medium,Right,Null,NotReferred,Null,False,False,False,False,False,True,,False,False,False,False,False,False,0.0,0.0,0.0,0.0,0.0,False,False
1639507,20,2.8,1,0,0,56,0,1,76323,,39456,County Championship Division Two 2026,4,50,Lancashire Men,38,Middlesex Men,8762161,2026-09-04T14:11:14Z,6,120,False,,,,39.0,Ryan Higgins,192.0,Keaton Jennings,11452.0,Matty Hurst,128.0,108.0,Left,Fine Leg,1.0,0,1.0,1.0,,LengthBall,MiddleStump,,None,BackFoot,Worked,InSwinger,Round,Medium,Right,Null,NotReferred,Null,False,False,False,False,False,True,,False,False,False,False,False,False,1.0,0.0,0.0,0.0,0.0,False,False
1639514,21,2.67,0,0,0,56,0,0,76323,,39456,County Championship Division Two 2026,4,50,Lancashire Men,38,Middlesex Men,8762173,2026-09-04T14:12:02Z,1,121,False,,,,15371.0,Naavya Sharma,192.0,Keaton Jennings,11452.0,Matty Hurst,49.0,16.0,Left,Gully,0.0,0,0.0,0.0,,LengthBall,MiddleStump,,None,FrontFoot,ForwardDefensive,NoMovement,Over,FastSeam,Right,Null,NotReferred,Null,False,False,False,False,False,True,,False,False,False,False,False,False,0.0,0.0,0.0,0.0,0.0,False,False
1639514,21,2.67,0,0,0,56,0,0,76323,,39456,County Championship Division Two 2026,4,50,Lancashire Men,38,Middlesex Men,8762183,2026-09-04T14:12:39Z,2,122,False,,,,15371.0,Naavya Sharma,192.0,Keaton Jennings,11452.0,Matty Hurst,341.0,73.0,Left,Cover,0.0,0,0.0,0.0,,HalfVolley,OutsideOff,,WellTimed,FrontFoot,Drive,NoMovement,Over,FastSeam,Right,Null,NotReferred,Null,False,False,False,False,False,True,,False,False,False,False,False,False,0.0,0.0,0.0,0.0,0.0,False,False
1639514,21,2.67,0,0,0,56,0,0,76323,,39456,County Championship Division Two 2026,4,50,Lancashire Men,38,Middlesex Men,8762202,2026-09-04T14:13:55Z,3,123,False,,,,15371.0,Naavya Sharma,192.0,Keaton Jennings,11452.0,Matty Hurst,,,Left,Wicketkeeper,0.0,0,0.0,0.0,,LengthBall,MiddleStump,,Missed,FrontFoot,ForwardDefensive,SeamAway,Over,FastSeam,Right,Null,NotReferred,Null,False,False,False,False,False,True,,False,False,False,False,False,False,0.0,0.0,0.0,0.0,0.0,False,False
1639514,21,2.67,0,0,0,56,0,0,76323,,39456,County Championship Division Two 2026,4,50,Lancashire Men,38,Middlesex Men,8762209,2026-09-04T14:14:41Z,4,124,False,,,,15371.0,Naavya Sharma,192.0,Keaton Jennings,11452.0,Matty Hurst,330.0,44.0,Left,Extra Cover,0.0,0,0.0,0.0,,LengthBall,MiddleStump,,None,BackFoot,BackwardDefensive,NoMovement,Over,FastSeam,Right,Null,NotReferred,Null,False,False,False,False,False,True,,False,False,False,False,False,False,0.0,0.0,0.0,0.0,0.0,False,False
1639514,21,2.67,0,0,0,56,0,0,76323,,39456,County Championship Division Two 2026,4,50,Lancashire Men,38,Middlesex Men,8762218,2026-09-04T14:15:21Z,5,125,False,,,,15371.0,Naavya Sharma,192.0,Keaton Jennings,11452.0,Matty Hurst,339.0,80.0,Left,Cover,0.0,0,0.0,0.0,,HalfVolley,OutsideOff,,WellTimed,FrontFoot,Drive,NoMovement,Over,FastSeam,Right,Null,NotReferred,Null,False,False,False,False,False,True,,False,False,False,False,False,False,0.0,0.0,0.0,0.0,0.0,False,False
1639514,21,2.67,0,0,0,56,0,0,76323,,39456,County Championship Division Two 2026,4,50,Lancashire Men,38,Middlesex Men,8762229,2026-09-04T14:16:03Z,6,126,False,,,,15371.0,Naavya Sharma,192.0,Keaton Jennings,11452.0,Matty Hurst,330.0,66.0,Left,Extra Cover,0.0,0,0.0,0.0,,LengthBall,MiddleStump,,None,FrontFoot,ForwardDefensive,NoMovement,Over,FastSeam,Right,Null,NotReferred,Null,False,False,False,False,False,True,,False,False,False,False,False,False,0.0,0.0,0.0,0.0,0.0,False,False
1639526,22,2.59,1,1,0,57,1,1,76323,,39456,County Championship Division Two 2026,4,50,Lancashire Men,38,Middlesex Men,8762246,2026-09-04T14:17:10Z,1,127,False,,,,39.0,Ryan Higgins,11452.0,Matty Hurst,192.0,Keaton Jennings,258.0,42.0,Right,Bowler,0.0,0,0.0,0.0,,HalfVolley,OutsideOff,,None,FrontFoot,Drive,AwaySwinger,Over,Medium,Right,Null,NotReferred,Null,False,False,False,False,False,True,,False,False,False,False,False,False,0.0,0.0,0.0,0.0,0.0,False,False
1639526,22,2.59,1,1,0,57,1,1,76323,,39456,County Championship Division Two 2026,4,50,Lancashire Men,38,Middlesex Men,8762254,2026-09-04T14:17:36Z,2,128,False,,,,39.0,Ryan Higgins,11452.0,Matty Hurst,192.0,Keaton Jennings,285.0,61.0,Right,Mid On,0.0,0,0.0,0.0,,LengthBall,OutsideOff,,None,FrontFoot,ForwardDefensive,AwaySwinger,Over,Medium,Right,Null,NotReferred,Null,False,False,False,False,False,True,,False,False,False,False,False,False,0.0,0.0,0.0,0.0,0.0,False,False
1639526,22,2.59,1,1,0,57,1,1,76323,,39456,County Championship Division Two 2026,4,50,Lancashire Men,38,Middlesex Men,8762262,2026-09-04T14:18:07Z,3,129,False,,,,39.0,Ryan Higgins,11452.0,Matty Hurst,192.0,Keaton Jennings,299.0,51.0,Right,Mid On,0.0,0,0.0,0.0,,LengthBall,OutsideOff,,None,FrontFoot,ForwardDefensive,AwaySwinger,Over,Medium,Right,Null,NotReferred,Null,False,False,False,False,False,True,,False,False,False,False,False,False,0.0,0.0,0.0,0.0,0.0,False,False
1639526,22,2.59,1,1,0,57,1,1,76323,,39456,County Championship Division Two 2026,4,50,Lancashire Men,38,Middlesex Men,8762270,2026-09-04T14:18:35Z,4,130,False,,,,39.0,Ryan Higgins,11452.0,Matty Hurst,192.0,Keaton Jennings,71.0,118.0,Right,Fine Leg,0.0,1,1.0,0.0,,LengthBall,MiddleStump,,HitPad,BackFoot,Worked,NoMovement,Over,Medium,Right,Null,NotReferred,Null,False,False,False,True,False,True,,False,False,False,False,False,False,1.0,0.0,0.0,1.0,0.0,False,False
1639526,22,2.59,1,1,0,57,1,1,76323,,39456,County Championship Division Two 2026,4,50,Lancashire Men,38,Middlesex Men,8762288,2026-09-04T14:19:17Z,5,131,True,Caught,192.0,Keaton Jennings,39.0,Ryan Higgins,192.0,Keaton Jennings,11452.0,Matty Hurst,144.0,16.0,Left,Short Leg,0.0,0,0.0,0.0,Caught,LengthBall,OutsideOff,Caught,InsideEdge,FrontFoot,ForwardDefensive,InSwinger,Round,Medium,Right,Null,NotReferred,Null,False,False,False,False,False,True,1815.0,False,False,False,False,False,False,0.0,0.0,0.0,0.0,0.0,False,False
1639526,22,2.59,1,1,0,57,1,1,76323,,39456,County Championship Division Two 2026,4,50,Lancashire Men,38,Middlesex Men,8762310,2026-09-04T14:21:26Z,6,132,False,,,,39.0,Ryan Higgins,11450.0,Harry Singh,11452.0,Matty Hurst,283.0,62.0,Right,Mid On,0.0,0,0.0,0.0,,LengthBall,OutsideOff,,None,FrontFoot,ForwardDefensive,AwaySwinger,Over,Medium,Right,Null,NotReferred,Null,False,False,False,False,False,True,,False,False,False,False,False,False,0.0,0.0,0.0,0.0,0.0,False,False
1639540,23,2.78,7,2,0,64,3,7,76323,,39456,County Championship Division Two 2026,4,50,Lancashire Men,38,Middlesex Men,8762324,2026-09-04T14:22:36Z,1,133,False,,,,15371.0,Naavya Sharma,11452.0,Matty Hurst,11450.0,Harry Singh,183.0,148.0,Right,Deep Cover,2.0,0,2.0,2.0,,LengthBall,Wide,,WellTimed,BackFoot,Drive,NoMovement,Over,FastSeam,Right,Null,NotReferred,Null,False,False,False,False,False,True,,False,False,False,False,False,False,2.0,0.0,0.0,0.0,0.0,False,False
1639540,23,2.78,7,2,0,64,3,7,76323,,39456,County Championship Division Two 2026,4,50,Lancashire Men,38,Middlesex Men,8762338,2026-09-04T14:23:21Z,2,134,False,,,,15371.0,Naavya Sharma,11452.0,Matty Hurst,11450.0,Harry Singh,13.0,37.0,Right,Backward Square Leg,0.0,1,1.0,0.0,,LengthBall,MiddleStump,,HitPad,BackFoot,Worked,NoMovement,Over,FastSeam,Right,Null,NotReferred,Null,False,False,False,True,False,True,,False,False,False,False,False,False,1.0,0.0,0.0,1.0,0.0,False,False
1639540,23,2.78,7,2,0,64,3,7,76323,,39456,County Championship Division Two 2026,4,50,Lancashire Men,38,Middlesex Men,8762349,2026-09-04T14:24:19Z,3,135,False,,,,15371.0,Naavya Sharma,11450.0,Harry Singh,11452.0,Matty Hurst,269.0,32.0,Right,Bowler,0.0,0,0.0,0.0,,HalfVolley,OutsideOff,,None,FrontFoot,ForwardDefensive,SeamIn,Over,FastSeam,Right,Null,NotReferred,Null,False,False,False,False,False,True,,False,False,False,False,False,False,0.0,0.0,0.0,0.0,0.0,False,False
1639540,23,2.78,7,2,0,64,3,7,76323,,39456,County Championship Division Two 2026,4,50,Lancashire Men,38,Middlesex Men,8762361,2026-09-04T14:24:59Z,4,136,False,,,,15371.0,Naavya Sharma,11450.0,Harry Singh,11452.0,Matty Hurst,124.0,162.0,Right,,4.0,0,4.0,4.0,,HalfVolley,OutsideOff,,ThickEdge,FrontFoot,Pushed,SeamAway,Over,FastSeam,Right,Null,NotReferred,Null,False,False,False,False,False,True,,False,False,False,False,False,False,4.0,0.0,0.0,0.0,0.0,True,False
1639540,23,2.78,7,2,0,64,3,7,76323,,39456,County Championship Division Two 2026,4,50,Lancashire Men,38,Middlesex Men,8762385,2026-09-04T14:26:01Z,5,137,True,Caught,11450.0,Harry Singh,15371.0,Naavya Sharma,11450.0,Harry Singh,11452.0,Matty Hurst,104.0,19.0,Right,Second Slip,0.0,0,0.0,0.0,Caught,LengthBall,OutsideOff,Caught,OutsideEdge,BackFoot,BackwardDefensive,SeamAway,Over,FastSeam,Right,Null,NotReferred,Null,False,False,False,False,False,True,1861.0,False,False,False,False,False,False,0.0,0.0,0.0,0.0,0.0,False,False
1639540,23,2.78,7,2,0,64,3,7,76323,,39456,County Championship Division Two 2026,4,50,Lancashire Men,38,Middlesex Men,8762422,2026-09-04T14:28:31Z,6,138,True,Caught,1014.0,Marcus Harris,15371.0,Naavya Sharma,1014.0,Marcus Harris,11452.0,Matty Hurst,72.0,23.0,Left,First Slip,0.0,0,0.0,0.0,Caught,LengthBall,LegStump,Caught,OutsideEdge,BackFoot,BackwardDefensive,SeamAway,Over,FastSeam,Right,Null,NotReferred,Null,False,False,False,False,False,True,1861.0,False,False,False,False,False,False,0.0,0.0,0.0,0.0,0.0,False,False
1639559,24,2.83,4,0,0,68,3,4,76323,,39456,County Championship Division Two 2026,4,50,Lancashire Men,38,Middlesex Men,8762453,2026-09-04T14:30:42Z,1,139,False,,,,39.0,Ryan Higgins,11452.0,Matty Hurst,15279.0,Rocky Flintoff,104.0,160.0,Right,,4.0,0,4.0,4.0,,HalfVolley,Wide,,OutsideEdge,FrontFoot,Drive,AwaySwinger,Over,Medium,Right,Null,NotReferred,Null,False,False,False,False,False,True,,False,False,False,False,False,False,4.0,0.0,0.0,0.0,0.0,True,True
1639559,24,2.83,4,0,0,68,3,4,76323,,39456,County Championship Division Two 2026,4,50,Lancashire Men,38,Middlesex Men,8762458,2026-09-04T14:31:20Z,2,140,False,,,,39.0,Ryan Higgins,11452.0,Matty Hurst,15279.0,Rocky Flintoff,315.0,29.0,Right,Mid Wicket,0.0,0,0.0,0.0,,LengthBall,OutsideOff,,None,FrontFoot,ForwardDefensive,SeamIn,Over,Medium,Right,Null,NotReferred,Null,False,False,False,False,False,True,,False,False,False,False,False,False,0.0,0.0,0.0,0.0,0.0,False,False
1639559,24,2.83,4,0,0,68,3,4,76323,,39456,County Championship Division Two 2026,4,50,Lancashire Men,38,Middlesex Men,8762463,2026-09-04T14:31:45Z,3,141,False,,,,39.0,Ryan Higgins,11452.0,Matty Hurst,15279.0,Rocky Flintoff,245.0,50.0,Right,Mid Off,0.0,0,0.0,0.0,,HalfVolley,OutsideOff,,None,FrontFoot,ForwardDefensive,AwaySwinger,Over,Medium,Right,Null,NotReferred,Null,False,False,False,False,False,True,,False,False,False,False,False,False,0.0,0.0,0.0,0.0,0.0,False,False
1639559,24,2.83,4,0,0,68,3,4,76323,,39456,County Championship Division Two 2026,4,50,Lancashire Men,38,Middlesex Men,8762472,2026-09-04T14:32:14Z,4,142,False,,,,39.0,Ryan Higgins,11452.0,Matty Hurst,15279.0,Rocky Flintoff,315.0,31.0,Right,Mid Wicket,0.0,0,0.0,0.0,,LengthBall,MiddleStump,,HitPad,BackFoot,Worked,SeamIn,Over,Medium,Right,Null,NotReferred,Null,False,False,False,False,False,True,,False,False,False,False,False,False,0.0,0.0,0.0,0.0,0.0,False,False
1639559,24,2.83,4,0,0,68,3,4,76323,,39456,County Championship Division Two 2026,4,50,Lancashire Men,38,Middlesex Men,8762479,2026-09-04T14:32:39Z,5,143,False,,,,39.0,Ryan Higgins,11452.0,Matty Hurst,15279.0,Rocky Flintoff,281.0,83.0,Right,Mid On,0.0,0,0.0,0.0,,HalfVolley,OutsideOff,,WellTimed,FrontFoot,Drive,AwaySwinger,Over,Medium,Right,Null,NotReferred,Null,False,False,False,False,False,True,,False,False,False,False,False,False,0.0,0.0,0.0,0.0,0.0,False,False
1639559,24,2.83,4,0,0,68,3,4,76323,,39456,County Championship Division Two 2026,4,50,Lancashire Men,38,Middlesex Men,8762486,2026-09-04T14:33:05Z,6,144,False,,,,39.0,Ryan Higgins,11452.0,Matty Hurst,15279.0,Rocky Flintoff,267.0,41.0,Right,Bowler,0.0,0,0.0,0.0,,LengthBall,OutsideOff,,None,FrontFoot,ForwardDefensive,AwaySwinger,Over,Medium,Right,Null,NotReferred,Null,False,False,False,False,False,True,,False,False,False,False,False,False,0.0,0.0,0.0,0.0,0.0,False,False
1639567,25,2.92,5,0,0,73,3,5,76323,,39456,County Championship Division Two 2026,4,50,Lancashire Men,38,Middlesex Men,8762497,2026-09-04T14:34:00Z,1,145,False,,,,15371.0,Naavya Sharma,15279.0,Rocky Flintoff,11452.0,Matty Hurst,314.0,50.0,Right,Mid Wicket,0.0,0,0.0,0.0,,HalfVolley,OffStump,,None,FrontFoot,Pushed,InSwinger,Over,FastSeam,Right,Null,NotReferred,Null,False,False,False,False,False,True,,False,False,False,False,False,False,0.0,0.0,0.0,0.0,0.0,False,False
1639567,25,2.92,5,0,0,73,3,5,76323,,39456,County Championship Division Two 2026,4,50,Lancashire Men,38,Middlesex Men,8762506,2026-09-04T14:34:38Z,2,146,False,,,,15371.0,Naavya Sharma,15279.0,Rocky Flintoff,11452.0,Matty Hurst,327.0,131.0,Right,Deep Mid Wicket,2.0,0,2.0,2.0,,LengthBall,OffStump,,WellTimed,FrontFoot,Worked,InSwinger,Over,FastSeam,Right,Null,NotReferred,Null,False,False,False,False,False,True,,False,False,False,False,False,False,2.0,0.0,0.0,0.0,0.0,False,False
1639567,25,2.92,5,0,0,73,3,5,76323,,39456,County Championship Division Two 2026,4,50,Lancashire Men,38,Middlesex Men,8762519,2026-09-04T14:35:25Z,3,147,False,,,,15371.0,Naavya Sharma,15279.0,Rocky Flintoff,11452.0,Matty Hurst,323.0,132.0,Right,Deep Mid Wicket,3.0,0,3.0,3.0,,HalfVolley,MiddleStump,,None,FrontFoot,Worked,InSwinger,Over,FastSeam,Right,Null,NotReferred,Null,False,False,False,False,False,True,,False,False,False,False,False,False,3.0,0.0,0.0,0.0,0.0,False,False
1639567,25,2.92,5,0,0,73,3,5,76323,,39456,County Championship Division Two 2026,4,50,Lancashire Men,38,Middlesex Men,8762528,2026-09-04T14:36:17Z,4,148,False,,,,15371.0,Naavya Sharma,11452.0,Matty Hurst,15279.0,Rocky Flintoff,,,Right,Wicketkeeper,0.0,0,0.0,0.0,,LengthBall,OutsideOff,,Left,NoMovement,Leave,AwaySwinger,Over,FastSeam,Right,Null,NotReferred,Null,False,False,False,False,False,True,,False,False,False,False,False,False,0.0,0.0,0.0,0.0,0.0,False,False
1639567,25,2.92,5,0,0,73,3,5,76323,,39456,County Championship Division Two 2026,4,50,Lancashire Men,38,Middlesex Men,8762538,2026-09-04T14:37:08Z,5,149,False,,,,15371.0,Naavya Sharma,11452.0,Matty Hurst,15279.0,Rocky Flintoff,326.0,51.0,Right,Mid Wicket,0.0,0,0.0,0.0,,LengthBall,OffStump,,None,BackFoot,Worked,InSwinger,Over,FastSeam,Right,Null,NotReferred,Null,False,False,False,False,False,True,,False,False,False,False,False,False,0.0,0.0,0.0,0.0,0.0,False,False
1639567,25,2.92,5,0,0,73,3,5,76323,,39456,County Championship Division Two 2026,4,50,Lancashire Men,38,Middlesex Men,8762545,2026-09-04T14:37:50Z,6,150,False,,,,15371.0,Naavya Sharma,11452.0,Matty Hurst,15279.0,Rocky Flintoff,247.0,53.0,Right,Mid Off,0.0,0,0.0,0.0,,LengthBall,OutsideOff,,None,FrontFoot,ForwardDefensive,InSwinger,Over,FastSeam,Right,Null,NotReferred,Null,False,False,False,False,False,True,,False,False,False,False,False,False,0.0,0.0,0.0,0.0,0.0,False,False
1639577,26,3.0,5,0,0,78,3,5,76323,,39456,County Championship Division Two 2026,4,50,Lancashire Men,38,Middlesex Men,8762560,2026-09-04T14:39:05Z,1,151,False,,,,2683.0,Tom Helm,15279.0,Rocky Flintoff,11452.0,Matty Hurst,,,Right,Wicketkeeper,0.0,0,0.0,0.0,,LengthBall,OutsideOff,,Left,NoMovement,Leave,AwaySwinger,Over,FastSeam,Right,Null,NotReferred,Null,False,False,False,False,False,True,,False,False,False,False,False,False,0.0,0.0,0.0,0.0,0.0,False,False
1639577,26,3.0,5,0,0,78,3,5,76323,,39456,County Championship Division Two 2026,4,50,Lancashire Men,38,Middlesex Men,8762563,2026-09-04T14:39:38Z,2,152,False,,,,2683.0,Tom Helm,15279.0,Rocky Flintoff,11452.0,Matty Hurst,,,Right,Wicketkeeper,0.0,0,0.0,0.0,,LengthBall,OutsideOff,,ShouldersArms,NoMovement,ShouldersArms,AwaySwinger,Over,FastSeam,Right,Null,NotReferred,Null,False,False,False,False,False,True,,False,False,False,False,False,False,0.0,0.0,0.0,0.0,0.0,False,False
1639577,26,3.0,5,0,0,78,3,5,76323,,39456,County Championship Division Two 2026,4,50,Lancashire Men,38,Middlesex Men,8762573,2026-09-04T14:40:06Z,3,153,False,,,,2683.0,Tom Helm,15279.0,Rocky Flintoff,11452.0,Matty Hurst,250.0,62.0,Right,Mid Off,0.0,0,0.0,0.0,,HalfVolley,OutsideOff,,None,FrontFoot,Drive,AwaySwinger,Over,FastSeam,Right,Null,NotReferred,Null,False,False,False,False,False,True,,False,False,False,False,False,False,0.0,0.0,0.0,0.0,0.0,False,False
1639577,26,3.0,5,0,0,78,3,5,76323,,39456,County Championship Division Two 2026,4,50,Lancashire Men,38,Middlesex Men,8762579,2026-09-04T14:40:40Z,4,154,False,,,,2683.0,Tom Helm,15279.0,Rocky Flintoff,11452.0,Matty Hurst,,,Right,Wicketkeeper,0.0,0,0.0,0.0,,LengthBall,LegStump,,Left,NoMovement,Leave,InSwinger,Over,FastSeam,Right,Null,NotReferred,Null,False,False,False,False,False,True,,False,False,False,False,False,False,0.0,0.0,0.0,0.0,0.0,False,False
1639577,26,3.0,5,0,0,78,3,5,76323,,39456,County Championship Division Two 2026,4,50,Lancashire Men,38,Middlesex Men,8762587,2026-09-04T14:41:10Z,5,155,False,,,,2683.0,Tom Helm,15279.0,Rocky Flintoff,11452.0,Matty Hurst,55.0,111.0,Right,Fine Leg,1.0,0,1.0,1.0,,HalfVolley,MiddleStump,,WellTimed,FrontFoot,Flick,InSwinger,Over,FastSeam,Right,Null,NotReferred,Null,False,False,False,False,False,True,,False,False,False,False,False,False,1.0,0.0,0.0,0.0,0.0,False,False
1639577,26,3.0,5,0,0,78,3,5,76323,,39456,County Championship Division Two 2026,4,50,Lancashire Men,38,Middlesex Men,8762595,2026-09-04T14:41:50Z,6,156,False,,,,2683.0,Tom Helm,11452.0,Matty Hurst,15279.0,Rocky Flintoff,28.0,165.0,Right,,4.0,0,4.0,4.0,,HalfVolley,LegStump,,WellTimed,FrontFoot,Flick,InSwinger,Over,FastSeam,Right,Null,NotReferred,Null,False,False,False,False,False,True,,False,False,False,False,False,False,4.0,0.0,0.0,0.0,0.0,True,False
1639584,27,3.07,5,0,0,83,3,5,76323,,39456,County Championship Division Two 2026,4,50,Lancashire Men,38,Middlesex Men,8762606,2026-09-04T14:43:10Z,1,157,False,,,,1739.0,Toby Roland-Jones,15279.0,Rocky Flintoff,11452.0,Matty Hurst,258.0,71.0,Right,Mid Off,0.0,0,0.0,0.0,,HalfVolley,OutsideOff,,None,DownTheTrack,Drive,AwaySwinger,Over,Medium,Right,Null,NotReferred,Null,False,False,False,False,False,True,,False,False,False,False,False,False,0.0,0.0,0.0,0.0,0.0,False,False
1639584,27,3.07,5,0,0,83,3,5,76323,,39456,County Championship Division Two 2026,4,50,Lancashire Men,38,Middlesex Men,8762611,2026-09-04T14:43:40Z,2,158,False,,,,1739.0,Toby Roland-Jones,15279.0,Rocky Flintoff,11452.0,Matty Hurst,334.0,62.0,Right,Square Leg,0.0,0,0.0,0.0,,HalfVolley,OffStump,,MisTimed,FrontFoot,Flick,InSwinger,Over,Medium,Right,Null,NotReferred,Null,False,False,False,False,False,True,,False,False,False,False,False,False,0.0,0.0,0.0,0.0,0.0,False,False
1639584,27,3.07,5,0,0,83,3,5,76323,,39456,County Championship Division Two 2026,4,50,Lancashire Men,38,Middlesex Men,8762617,2026-09-04T14:44:22Z,3,159,False,,,,1739.0,Toby Roland-Jones,15279.0,Rocky Flintoff,11452.0,Matty Hurst,75.0,116.0,Right,Fine Leg,0.0,2,2.0,0.0,,BackOfALength,OffStump,,HitPad,DownTheTrack,Worked,SeamIn,Over,Medium,Right,Null,NotReferred,Null,False,False,False,True,False,True,,False,False,False,False,False,False,2.0,0.0,0.0,2.0,0.0,False,False
1639584,27,3.07,5,0,0,83,3,5,76323,,39456,County Championship Division Two 2026,4,50,Lancashire Men,38,Middlesex Men,8762620,2026-09-04T14:44:57Z,4,4,False,,,,1739.0,Toby Roland-Jones,15279.0,Rocky Flintoff,11452.0,Matty Hurst,244.0,75.0,Right,Mid Off,1.0,0,1.0,1.0,,HalfVolley,OutsideOff,,WellTimed,FrontFoot,Drive,AwaySwinger,Over,Medium,Right,Null,NotReferred,Null,False,False,False,False,False,True,,False,False,False,False,False,False,1.0,0.0,0.0,0.0,0.0,False,False
1639584,27,3.07,5,0,0,83,3,5,76323,,39456,County Championship Division Two 2026,4,50,Lancashire Men,38,Middlesex Men,8762628,2026-09-04T14:45:32Z,5,161,False,,,,1739.0,Toby Roland-Jones,11452.0,Matty Hurst,15279.0,Rocky Flintoff,198.0,64.0,Right,Cover,2.0,0,2.0,2.0,,LengthBall,OutsideOff,,None,BackFoot,Pushed,AwaySwinger,Over,Medium,Right,Null,NotReferred,Null,False,False,False,False,False,True,,False,False,False,False,False,False,2.0,0.0,0.0,0.0,0.0,False,False
1639584,27,3.07,5,0,0,83,3,5,76323,,39456,County Championship Division Two 2026,4,50,Lancashire Men,38,Middlesex Men,8762631,2026-09-04T14:46:13Z,6,162,False,,,,1739.0,Toby Roland-Jones,11452.0,Matty Hurst,15279.0,Rocky Flintoff,219.0,44.0,Right,Extra Cover,0.0,0,0.0,0.0,,LengthBall,OutsideOff,,None,FrontFoot,ForwardDefensive,AwaySwinger,Over,Medium,Right,Null,NotReferred,Null,False,False,False,False,False,True,,False,False,False,False,False,False,0.0,0.0,0.0,0.0,0.0,False,False
1639589,28,3.11,4,0,0,87,3,4,76323,,39456,County Championship Division Two 2026,4,50,Lancashire Men,38,Middlesex Men,8762639,2026-09-04T14:47:05Z,1,163,False,,,,2683.0,Tom Helm,15279.0,Rocky Flintoff,11452.0,Matty Hurst,,,Right,Wicketkeeper,0.0,0,0.0,0.0,,LengthBall,OutsideOff,,ShouldersArms,NoMovement,ShouldersArms,AwaySwinger,Over,FastSeam,Right,Null,NotReferred,Null,False,False,False,False,False,True,,False,False,False,False,False,False,0.0,0.0,0.0,0.0,0.0,False,False
1639589,28,3.11,4,0,0,87,3,4,76323,,39456,County Championship Division Two 2026,4,50,Lancashire Men,38,Middlesex Men,8762644,2026-09-04T14:47:35Z,2,164,False,,,,2683.0,Tom Helm,15279.0,Rocky Flintoff,11452.0,Matty Hurst,251.0,74.0,Right,Mid Off,0.0,0,0.0,0.0,,HalfVolley,OutsideOff,,WellTimed,FrontFoot,Drive,AwaySwinger,Over,FastSeam,Right,Null,NotReferred,Null,False,False,False,False,False,True,,False,False,False,False,False,False,0.0,0.0,0.0,0.0,0.0,False,False
1639589,28,3.11,4,0,0,87,3,4,76323,,39456,County Championship Division Two 2026,4,50,Lancashire Men,38,Middlesex Men,8762649,2026-09-04T14:48:08Z,3,165,False,,,,2683.0,Tom Helm,15279.0,Rocky Flintoff,11452.0,Matty Hurst,84.0,17.0,Right,Wicketkeeper,0.0,0,0.0,0.0,,LengthBall,MiddleStump,,HitPad,BackFoot,Glance,NoMovement,Over,FastSeam,Right,Null,NotReferred,Null,False,False,False,False,False,True,,False,False,False,False,False,False,0.0,0.0,0.0,0.0,0.0,False,False
1639589,28,3.11,4,0,0,87,3,4,76323,,39456,County Championship Division Two 2026,4,50,Lancashire Men,38,Middlesex Men,8762656,2026-09-04T14:49:14Z,4,166,False,,,,2683.0,Tom Helm,15279.0,Rocky Flintoff,11452.0,Matty Hurst,,,Right,Wicketkeeper,0.0,0,0.0,0.0,,HalfVolley,DownLeg,,PlayAndMissLegSide,FrontFoot,Flick,NoMovement,Over,FastSeam,Right,Null,NotReferred,Null,False,False,False,False,False,True,,False,False,False,False,False,False,0.0,0.0,0.0,0.0,0.0,False,False
1639589,28,3.11,4,0,0,87,3,4,76323,,39456,County Championship Division Two 2026,4,50,Lancashire Men,38,Middlesex Men,8762665,2026-09-04T14:49:47Z,5,167,False,,,,2683.0,Tom Helm,15279.0,Rocky Flintoff,11452.0,Matty Hurst,11.0,168.0,Right,,4.0,0,4.0,4.0,,Short,OutsideOff,,Middled,BackFoot,Pull,NoMovement,Over,FastSeam,Right,Null,NotReferred,Null,False,False,False,False,True,True,,False,False,False,False,False,False,4.0,0.0,0.0,0.0,0.0,True,False
1639589,28,3.11,4,0,0,87,3,4,76323,,39456,County Championship Division Two 2026,4,50,Lancashire Men,38,Middlesex Men,8762670,2026-09-04T14:50:36Z,6,168,False,,,,2683.0,Tom Helm,15279.0,Rocky Flintoff,11452.0,Matty Hurst,,,Right,Wicketkeeper,0.0,0,0.0,0.0,,LengthBall,MiddleStump,,PlayAndMissLegSide,BackFoot,Glance,NoMovement,Over,FastSeam,Right,Null,NotReferred,Null,False,False,False,False,False,True,,False,False,False,False,False,False,0.0,0.0,0.0,0.0,0.0,False,False
1639632,29,3.07,2,0,0,89,3,2,76323,,39456,County Championship Division Two 2026,4,50,Lancashire Men,38,Middlesex Men,8762893,2026-09-04T15:11:40Z,1,169,False,,,,4202.0,Zafar Gohar,11452.0,Matty Hurst,15279.0,Rocky Flintoff,294.0,47.0,Right,Mid On,0.0,0,0.0,0.0,,LengthBall,MiddleStump,,None,BackFoot,BackwardDefensive,StockBall,Round,Orthodox,Left,Null,NotReferred,Null,False,False,False,False,False,True,,False,False,False,False,False,False,0.0,0.0,0.0,0.0,0.0,False,False
1639632,29,3.07,2,0,0,89,3,2,76323,,39456,County Championship Division Two 2026,4,50,Lancashire Men,38,Middlesex Men,8762897,2026-09-04T15:12:02Z,2,170,False,,,,4202.0,Zafar Gohar,11452.0,Matty Hurst,15279.0,Rocky Flintoff,280.0,44.0,Right,Bowler,0.0,0,0.0,0.0,,LengthBall,MiddleStump,,None,BackFoot,Pushed,StockBall,Round,Orthodox,Left,Null,NotReferred,Null,False,False,False,False,False,True,,False,False,False,False,False,False,0.0,0.0,0.0,0.0,0.0,False,False
1639632,29,3.07,2,0,0,89,3,2,76323,,39456,County Championship Division Two 2026,4,50,Lancashire Men,38,Middlesex Men,8762904,2026-09-04T15:12:20Z,3,171,False,,,,4202.0,Zafar Gohar,11452.0,Matty Hurst,15279.0,Rocky Flintoff,196.0,125.0,Right,Deep Cover,1.0,0,1.0,1.0,,BackOfALength,OutsideOff,,None,BackFoot,Cut,StockBall,Round,Orthodox,Left,Null,NotReferred,Null,False,False,False,False,False,True,,False,False,False,False,False,False,1.0,0.0,0.0,0.0,0.0,False,False
1639632,29,3.07,2,0,0,89,3,2,76323,,39456,County Championship Division Two 2026,4,50,Lancashire Men,38,Middlesex Men,8762909,2026-09-04T15:12:48Z,4,172,False,,,,4202.0,Zafar Gohar,15279.0,Rocky Flintoff,11452.0,Matty Hurst,256.0,34.0,Right,Bowler,0.0,0,0.0,0.0,,LengthBall,OffStump,,None,FrontFoot,ForwardDefensive,StockBall,Round,Orthodox,Left,Null,NotReferred,Null,False,False,False,False,False,True,,False,False,False,False,False,False,0.0,0.0,0.0,0.0,0.0,False,False
1639632,29,3.07,2,0,0,89,3,2,76323,,39456,County Championship Division Two 2026,4,50,Lancashire Men,38,Middlesex Men,8762914,2026-09-04T15:13:05Z,5,173,False,,,,4202.0,Zafar Gohar,15279.0,Rocky Flintoff,11452.0,Matty Hurst,288.0,45.0,Right,Mid On,0.0,0,0.0,0.0,,BackOfALength,OutsideOff,,None,BackFoot,Drive,StockBall,Round,Orthodox,Left,Null,NotReferred,Null,False,False,False,False,False,True,,False,False,False,False,False,False,0.0,0.0,0.0,0.0,0.0,False,False
1639632,29,3.07,2,0,0,89,3,2,76323,,39456,County Championship Division Two 2026,4,50,Lancashire Men,38,Middlesex Men,8762919,2026-09-04T15:13:26Z,6,174,False,,,,4202.0,Zafar Gohar,15279.0,Rocky Flintoff,11452.0,Matty Hurst,196.0,135.0,Right,Deep Cover,1.0,0,1.0,1.0,,LengthBall,Wide,,WellTimed,FrontFoot,Drive,StockBall,Round,Orthodox,Left,Null,NotReferred,Null,False,False,False,False,False,True,,False,False,False,False,False,False,1.0,0.0,0.0,0.0,0.0,False,False
1639638,30,3.03,2,0,0,91,3,2,76323,,39456,County Championship Division Two 2026,4,50,Lancashire Men,38,Middlesex Men,8762931,2026-09-04T15:14:24Z,1,175,False,,,,1739.0,Toby Roland-Jones,15279.0,Rocky Flintoff,11452.0,Matty Hurst,282.0,81.0,Right,Mid On,0.0,0,0.0,0.0,,BackOfALength,OutsideOff,,None,BackFoot,Pushed,NoMovement,Over,Medium,Right,Null,NotReferred,Null,False,False,False,False,False,True,,False,False,False,False,False,False,0.0,0.0,0.0,0.0,0.0,False,False
1639638,30,3.03,2,0,0,91,3,2,76323,,39456,County Championship Division Two 2026,4,50,Lancashire Men,38,Middlesex Men,8762940,2026-09-04T15:14:59Z,2,176,False,,,,1739.0,Toby Roland-Jones,15279.0,Rocky Flintoff,11452.0,Matty Hurst,252.0,84.0,Right,Mid Off,0.0,0,0.0,0.0,,HalfVolley,OutsideOff,,WellTimed,FrontFoot,Drive,AwaySwinger,Over,Medium,Right,Null,NotReferred,Null,False,False,False,False,False,True,,False,False,False,False,False,False,0.0,0.0,0.0,0.0,0.0,False,False
1639638,30,3.03,2,0,0,91,3,2,76323,,39456,County Championship Division Two 2026,4,50,Lancashire Men,38,Middlesex Men,8762948,2026-09-04T15:15:30Z,3,177,False,,,,1739.0,Toby Roland-Jones,15279.0,Rocky Flintoff,11452.0,Matty Hurst,,,Right,Wicketkeeper,0.0,0,0.0,0.0,,LengthBall,OutsideOff,,ShouldersArms,NoMovement,ShouldersArms,AwaySwinger,Over,Medium,Right,Null,NotReferred,Null,False,False,False,False,False,True,,False,False,False,False,False,False,0.0,0.0,0.0,0.0,0.0,False,False
1639638,30,3.03,2,0,0,91,3,2,76323,,39456,County Championship Division Two 2026,4,50,Lancashire Men,38,Middlesex Men,8762958,2026-09-04T15:16:02Z,4,178,False,,,,1739.0,Toby Roland-Jones,15279.0,Rocky Flintoff,11452.0,Matty Hurst,260.0,37.0,Right,Bowler,0.0,0,0.0,0.0,,LengthBall,OutsideOff,,None,DownTheTrack,ForwardDefensive,AwaySwinger,Over,Medium,Right,Null,NotReferred,Null,False,False,False,False,False,True,,False,False,False,False,False,False,0.0,0.0,0.0,0.0,0.0,False,False
1639638,30,3.03,2,0,0,91,3,2,76323,,39456,County Championship Division Two 2026,4,50,Lancashire Men,38,Middlesex Men,8762969,2026-09-04T15:16:34Z,5,179,False,,,,1739.0,Toby Roland-Jones,15279.0,Rocky Flintoff,11452.0,Matty Hurst,293.0,67.0,Right,Mid On,1.0,0,1.0,1.0,,LengthBall,OutsideOff,,None,DownTheTrack,Pushed,AwaySwinger,Over,Medium,Right,Null,NotReferred,Null,False,False,False,False,False,True,,False,False,False,False,False,False,1.0,0.0,0.0,0.0,0.0,False,False
1639638,30,3.03,2,0,0,91,3,2,76323,,39456,County Championship Division Two 2026,4,50,Lancashire Men,38,Middlesex Men,8762981,2026-09-04T15:17:10Z,6,180,False,,,,1739.0,Toby Roland-Jones,11452.0,Matty Hurst,15279.0,Rocky Flintoff,70.0,122.0,Right,Fine Leg,1.0,0,1.0,1.0,,LengthBall,MiddleStump,,None,BackFoot,Glance,NoMovement,Over,Medium,Right,Null,NotReferred,Null,False,False,False,False,False,True,,False,False,False,False,False,False,1.0,0.0,0.0,0.0,0.0,False,False
1639648,31,3.13,6,0,0,97,3,6,76323,,39456,County Championship Division Two 2026,4,50,Lancashire Men,38,Middlesex Men,8762991,2026-09-04T15:18:18Z,1,181,False,,,,2683.0,Tom Helm,11452.0,Matty Hurst,15279.0,Rocky Flintoff,,,Right,Wicketkeeper,0.0,0,0.0,0.0,,LengthBall,OutsideOff,,Missed,FrontFoot,ForwardDefensive,AwaySwinger,Over,FastSeam,Right,Null,NotReferred,Null,False,False,False,False,False,True,,False,False,False,False,False,False,0.0,0.0,0.0,0.0,0.0,False,False
1639648,31,3.13,6,0,0,97,3,6,76323,,39456,County Championship Division Two 2026,4,50,Lancashire Men,38,Middlesex Men,8762999,2026-09-04T15:18:50Z,2,182,False,,,,2683.0,Tom Helm,11452.0,Matty Hurst,15279.0,Rocky Flintoff,242.0,62.0,Right,Mid Off,0.0,0,0.0,0.0,,HalfVolley,OutsideOff,,None,FrontFoot,Drive,AwaySwinger,Over,FastSeam,Right,Null,NotReferred,Null,False,False,False,False,False,True,,False,False,False,False,False,False,0.0,0.0,0.0,0.0,0.0,False,False
1639648,31,3.13,6,0,0,97,3,6,76323,,39456,County Championship Division Two 2026,4,50,Lancashire Men,38,Middlesex Men,8763011,2026-09-04T15:19:28Z,3,183,False,,,,2683.0,Tom Helm,11452.0,Matty Hurst,15279.0,Rocky Flintoff,43.0,163.0,Right,,4.0,0,4.0,4.0,,Short,OutsideOff,,Middled,BackFoot,Pull,NoMovement,Over,FastSeam,Right,Null,NotReferred,Null,False,False,False,False,False,True,,False,False,False,False,False,False,4.0,0.0,0.0,0.0,0.0,True,False
1639648,31,3.13,6,0,0,97,3,6,76323,,39456,County Championship Division Two 2026,4,50,Lancashire Men,38,Middlesex Men,8763024,2026-09-04T15:20:12Z,4,184,False,,,,2683.0,Tom Helm,11452.0,Matty Hurst,15279.0,Rocky Flintoff,347.0,125.0,Right,Deep Square Leg,2.0,0,2.0,2.0,,LengthBall,MiddleStump,,None,BackFoot,Worked,NoMovement,Over,FastSeam,Right,Null,NotReferred,Null,False,False,False,False,False,True,,False,False,False,False,False,False,2.0,0.0,0.0,0.0,0.0,False,False
1639648,31,3.13,6,0,0,97,3,6,76323,,39456,County Championship Division Two 2026,4,50,Lancashire Men,38,Middlesex Men,8763030,2026-09-04T15:20:50Z,5,185,False,,,,2683.0,Tom Helm,11452.0,Matty Hurst,15279.0,Rocky Flintoff,,,Right,Wicketkeeper,0.0,0,0.0,0.0,,HalfVolley,OutsideOff,,Missed,NoMovement,Drive,AwaySwinger,Over,FastSeam,Right,Null,NotReferred,Null,False,False,False,False,False,True,,False,False,False,False,False,False,0.0,0.0,0.0,0.0,0.0,False,False
1639648,31,3.13,6,0,0,97,3,6,76323,,39456,County Championship Division Two 2026,4,50,Lancashire Men,38,Middlesex Men,8763041,2026-09-04T15:21:21Z,6,186,False,,,,2683.0,Tom Helm,11452.0,Matty Hurst,15279.0,Rocky Flintoff,280.0,63.0,Right,Mid On,0.0,0,0.0,0.0,,LengthBall,OffStump,,None,BackFoot,BackwardDefensive,NoMovement,Over,FastSeam,Right,Null,NotReferred,Null,False,False,False,False,False,True,,False,False,False,False,False,False,0.0,0.0,0.0,0.0,0.0,False,False
1639658,32,3.03,0,1,0,97,4,0,76323,,39456,County Championship Division Two 2026,4,50,Lancashire Men,38,Middlesex Men,8763057,2026-09-04T15:22:17Z,1,187,True,Lbw,15279.0,Rocky Flintoff,1739.0,Toby Roland-Jones,15279.0,Rocky Flintoff,11452.0,Matty Hurst,,,Right,,0.0,0,0.0,0.0,LBW,LengthBall,OutsideOff,Lbw,HitPad,FrontFoot,ForwardDefensive,SeamIn,Over,Medium,Right,Null,NotReferred,Null,False,False,False,False,False,True,1815.0,False,False,False,False,False,False,0.0,0.0,0.0,0.0,0.0,False,False
1639658,32,3.03,0,1,0,97,4,0,76323,,39456,County Championship Division Two 2026,4,50,Lancashire Men,38,Middlesex Men,8763084,2026-09-04T15:24:10Z,2,188,False,,,,1739.0,Toby Roland-Jones,16953.0,Arav Shetty,11452.0,Matty Hurst,212.0,29.0,Right,Extra Cover,0.0,0,0.0,0.0,,LengthBall,OutsideOff,,Spliced,FrontFoot,ForwardDefensive,SeamIn,Over,Medium,Right,Null,NotReferred,Null,False,False,False,False,False,True,,False,False,False,False,False,False,0.0,0.0,0.0,0.0,0.0,False,False
1639658,32,3.03,0,1,0,97,4,0,76323,,39456,County Championship Division Two 2026,4,50,Lancashire Men,38,Middlesex Men,8763091,2026-09-04T15:24:44Z,3,189,False,,,,1739.0,Toby Roland-Jones,16953.0,Arav Shetty,11452.0,Matty Hurst,,,Right,Wicketkeeper,0.0,0,0.0,0.0,,LengthBall,OutsideOff,,Left,NoMovement,Leave,AwaySwinger,Over,Medium,Right,Null,NotReferred,Null,False,False,False,False,False,True,,False,False,False,False,False,False,0.0,0.0,0.0,0.0,0.0,False,False
1639658,32,3.03,0,1,0,97,4,0,76323,,39456,County Championship Division Two 2026,4,50,Lancashire Men,38,Middlesex Men,8763103,2026-09-04T15:25:17Z,4,190,False,,,,1739.0,Toby Roland-Jones,16953.0,Arav Shetty,11452.0,Matty Hurst,252.0,67.0,Right,Mid Off,0.0,0,0.0,0.0,,HalfVolley,OutsideOff,,MisTimed,FrontFoot,Drive,AwaySwinger,Over,Medium,Right,Null,NotReferred,Null,False,False,False,False,False,True,,False,False,False,False,False,False,0.0,0.0,0.0,0.0,0.0,False,False
1639658,32,3.03,0,1,0,97,4,0,76323,,39456,County Championship Division Two 2026,4,50,Lancashire Men,38,Middlesex Men,8763110,2026-09-04T15:25:48Z,5,191,False,,,,1739.0,Toby Roland-Jones,16953.0,Arav Shetty,11452.0,Matty Hurst,,,Right,Wicketkeeper,0.0,0,0.0,0.0,,LengthBall,OutsideOff,,Missed,FrontFoot,Drive,AwaySwinger,Over,Medium,Right,Null,NotReferred,Null,False,False,False,False,False,True,,False,False,False,False,False,False,0.0,0.0,0.0,0.0,0.0,False,False
1639658,32,3.03,0,1,0,97,4,0,76323,,39456,County Championship Division Two 2026,4,50,Lancashire Men,38,Middlesex Men,8763118,2026-09-04T15:26:23Z,6,192,False,,,,1739.0,Toby Roland-Jones,16953.0,Arav Shetty,11452.0,Matty Hurst,,,Right,Wicketkeeper,0.0,0,0.0,0.0,,LengthBall,OutsideOff,,ShouldersArms,NoMovement,ShouldersArms,AwaySwinger,Over,Medium,Right,Null,NotReferred,Null,False,False,False,False,False,True,,False,False,False,False,False,False,0.0,0.0,0.0,0.0,0.0,False,False
1639672,33,3.09,5,0,0,102,4,5,76323,,39456,County Championship Division Two 2026,4,50,Lancashire Men,38,Middlesex Men,8763131,2026-09-04T15:27:08Z,1,193,False,,,,2683.0,Tom Helm,11452.0,Matty Hurst,16953.0,Arav Shetty,261.0,40.0,Right,Bowler,0.0,0,0.0,0.0,,LengthBall,OutsideOff,,None,BackFoot,BackwardDefensive,NoMovement,Over,FastSeam,Right,Null,NotReferred,Null,False,False,False,False,False,True,,False,False,False,False,False,False,0.0,0.0,0.0,0.0,0.0,False,False
1639672,33,3.09,5,0,0,102,4,5,76323,,39456,County Championship Division Two 2026,4,50,Lancashire Men,38,Middlesex Men,8763141,2026-09-04T15:27:44Z,2,194,False,,,,2683.0,Tom Helm,11452.0,Matty Hurst,16953.0,Arav Shetty,187.0,66.0,Right,Cover,1.0,0,1.0,1.0,,LengthBall,OutsideOff,,None,FrontFoot,ForwardDefensive,NoMovement,Over,FastSeam,Right,Null,NotReferred,Null,False,False,False,False,False,True,,False,False,False,False,False,False,1.0,0.0,0.0,0.0,0.0,False,False
1639672,33,3.09,5,0,0,102,4,5,76323,,39456,County Championship Division Two 2026,4,50,Lancashire Men,38,Middlesex Men,8763153,2026-09-04T15:28:19Z,3,195,False,,,,2683.0,Tom Helm,16953.0,Arav Shetty,11452.0,Matty Hurst,288.0,81.0,Right,Mid On,0.0,0,0.0,0.0,,HalfVolley,MiddleStump,,WellTimed,FrontFoot,Flick,NoMovement,Over,FastSeam,Right,Null,NotReferred,Null,False,False,False,False,False,True,,False,False,False,False,False,False,0.0,0.0,0.0,0.0,0.0,False,False
1639672,33,3.09,5,0,0,102,4,5,76323,,39456,County Championship Division Two 2026,4,50,Lancashire Men,38,Middlesex Men,8763159,2026-09-04T15:28:52Z,4,196,False,,,,2683.0,Tom Helm,16953.0,Arav Shetty,11452.0,Matty Hurst,,,Right,Wicketkeeper,0.0,0,0.0,0.0,,HalfVolley,OutsideOff,,Missed,FrontFoot,Drive,AwaySwinger,Over,FastSeam,Right,Null,NotReferred,Null,False,False,False,False,False,True,,False,False,False,False,False,False,0.0,0.0,0.0,0.0,0.0,False,False
1639672,33,3.09,5,0,0,102,4,5,76323,,39456,County Championship Division Two 2026,4,50,Lancashire Men,38,Middlesex Men,8763166,2026-09-04T15:29:29Z,5,197,False,,,,2683.0,Tom Helm,16953.0,Arav Shetty,11452.0,Matty Hurst,285.0,37.0,Right,Bowler,0.0,0,0.0,0.0,,LengthBall,OffStump,,None,BackFoot,BackwardDefensive,NoMovement,Over,FastSeam,Right,Null,NotReferred,Null,False,False,False,False,False,True,,False,False,False,False,False,False,0.0,0.0,0.0,0.0,0.0,False,False
1639672,33,3.09,5,0,0,102,4,5,76323,,39456,County Championship Division Two 2026,4,50,Lancashire Men,38,Middlesex Men,8763178,2026-09-04T15:30:06Z,6,198,False,,,,2683.0,Tom Helm,16953.0,Arav Shetty,11452.0,Matty Hurst,271.0,180.0,Right,,4.0,0,4.0,4.0,,HalfVolley,OffStump,,Middled,FrontFoot,Drive,NoMovement,Over,FastSeam,Right,Null,NotReferred,Null,False,False,False,False,False,True,,False,False,False,False,False,False,4.0,0.0,0.0,0.0,0.0,True,False
1639681,34,3.15,5,0,0,107,4,5,76323,,39456,County Championship Division Two 2026,4,50,Lancashire Men,38,Middlesex Men,8763192,2026-09-04T15:31:16Z,1,199,False,,,,1739.0,Toby Roland-Jones,11452.0,Matty Hurst,16953.0,Arav Shetty,,,Right,Wicketkeeper,0.0,0,0.0,0.0,,LengthBall,OutsideOff,,Missed,DownTheTrack,Pushed,SeamAway,Over,Medium,Right,Null,NotReferred,Null,False,False,False,False,False,True,,False,False,False,False,False,False,0.0,0.0,0.0,0.0,0.0,False,False
1639681,34,3.15,5,0,0,107,4,5,76323,,39456,County Championship Division Two 2026,4,50,Lancashire Men,38,Middlesex Men,8763200,2026-09-04T15:31:51Z,2,200,False,,,,1739.0,Toby Roland-Jones,11452.0,Matty Hurst,16953.0,Arav Shetty,11.0,81.0,Right,Backward Square Leg,1.0,0,1.0,1.0,,LengthBall,OutsideOff,,InsideEdge,FrontFoot,ForwardDefensive,SeamIn,Over,Medium,Right,Null,NotReferred,Null,False,False,False,False,False,True,,False,False,False,False,False,False,1.0,0.0,0.0,0.0,0.0,False,False
1639681,34,3.15,5,0,0,107,4,5,76323,,39456,County Championship Division Two 2026,4,50,Lancashire Men,38,Middlesex Men,8763205,2026-09-04T15:32:26Z,3,201,False,,,,1739.0,Toby Roland-Jones,16953.0,Arav Shetty,11452.0,Matty Hurst,225.0,51.0,Right,Extra Cover,0.0,0,0.0,0.0,,LengthBall,OutsideOff,,None,FrontFoot,ForwardDefensive,SeamIn,Over,Medium,Right,Null,NotReferred,Null,False,False,False,False,False,True,,False,False,False,False,False,False,0.0,0.0,0.0,0.0,0.0,False,False
1639681,34,3.15,5,0,0,107,4,5,76323,,39456,County Championship Division Two 2026,4,50,Lancashire Men,38,Middlesex Men,8763214,2026-09-04T15:33:00Z,4,202,False,,,,1739.0,Toby Roland-Jones,16953.0,Arav Shetty,11452.0,Matty Hurst,193.0,48.0,Right,Cover,0.0,0,0.0,0.0,,LengthBall,OutsideOff,,None,FrontFoot,ForwardDefensive,SeamAway,Over,Medium,Right,Null,NotReferred,Null,False,False,False,False,False,True,,False,False,False,False,False,False,0.0,0.0,0.0,0.0,0.0,False,False
1639681,34,3.15,5,0,0,107,4,5,76323,,39456,County Championship Division Two 2026,4,50,Lancashire Men,38,Middlesex Men,8763221,2026-09-04T15:33:30Z,5,203,False,,,,1739.0,Toby Roland-Jones,16953.0,Arav Shetty,11452.0,Matty Hurst,281.0,63.0,Right,Mid On,0.0,0,0.0,0.0,,LengthBall,OutsideOff,,None,FrontFoot,ForwardDefensive,NoMovement,Over,Medium,Right,Null,NotReferred,Null,False,False,False,False,False,True,,False,False,False,False,False,False,0.0,0.0,0.0,0.0,0.0,False,False
1639681,34,3.15,5,0,0,107,4,5,76323,,39456,County Championship Division Two 2026,4,50,Lancashire Men,38,Middlesex Men,8763226,2026-09-04T15:34:04Z,6,204,False,,,,1739.0,Toby Roland-Jones,16953.0,Arav Shetty,11452.0,Matty Hurst,118.0,161.0,Right,,4.0,0,4.0,4.0,,LengthBall,OutsideOff,,ThickEdge,BackFoot,Pushed,SeamAway,Over,Medium,Right,Null,NotReferred,Null,False,False,False,False,False,True,,False,False,False,False,False,False,4.0,0.0,0.0,0.0,0.0,True,False
1639689,35,3.09,1,2,0,108,6,1,76323,,39456,County Championship Division Two 2026,4,50,Lancashire Men,38,Middlesex Men,8763237,2026-09-04T15:34:55Z,1,205,False,,,,2683.0,Tom Helm,11452.0,Matty Hurst,16953.0,Arav Shetty,237.0,46.0,Right,Extra Cover,0.0,0,0.0,0.0,,LengthBall,OutsideOff,,None,BackFoot,BackwardDefensive,SeamIn,Over,FastSeam,Right,Null,NotReferred,Null,False,False,False,False,False,True,,False,False,False,False,False,False,0.0,0.0,0.0,0.0,0.0,False,False
1639689,35,3.09,1,2,0,108,6,1,76323,,39456,County Championship Division Two 2026,4,50,Lancashire Men,38,Middlesex Men,8763241,2026-09-04T15:35:30Z,2,206,False,,,,2683.0,Tom Helm,11452.0,Matty Hurst,16953.0,Arav Shetty,207.0,56.0,Right,Cover,0.0,0,0.0,0.0,,LengthBall,OutsideOff,,None,FrontFoot,ForwardDefensive,NoMovement,Over,FastSeam,Right,Null,NotReferred,Null,False,False,False,False,False,True,,False,False,False,False,False,False,0.0,0.0,0.0,0.0,0.0,False,False
1639689,35,3.09,1,2,0,108,6,1,76323,,39456,County Championship Division Two 2026,4,50,Lancashire Men,38,Middlesex Men,8763258,2026-09-04T15:36:02Z,3,207,True,Caught,11452.0,Matty Hurst,2683.0,Tom Helm,11452.0,Matty Hurst,16953.0,Arav Shetty,103.0,26.0,Right,First Slip,0.0,0,0.0,0.0,Caught,LengthBall,OutsideOff,Caught,OutsideEdge,BackFoot,Fended,SeamAway,Over,FastSeam,Right,Null,NotReferred,Null,False,False,False,False,False,True,1861.0,False,False,False,False,False,False,0.0,0.0,0.0,0.0,0.0,False,False
1639689,35,3.09,1,2,0,108,6,1,76323,,39456,County Championship Division Two 2026,4,50,Lancashire Men,38,Middlesex Men,8763277,2026-09-04T15:38:16Z,4,208,False,,,,2683.0,Tom Helm,10590.0,Ben Walkden,16953.0,Arav Shetty,195.0,72.0,Right,Cover,1.0,0,1.0,1.0,,HalfVolley,OutsideOff,,None,FrontFoot,Pushed,AwaySwinger,Over,FastSeam,Right,Null,NotReferred,Null,False,False,False,False,False,True,,False,False,False,False,False,False,1.0,0.0,0.0,0.0,0.0,False,False
1639689,35,3.09,1,2,0,108,6,1,76323,,39456,County Championship Division Two 2026,4,50,Lancashire Men,38,Middlesex Men,8763291,2026-09-04T15:39:03Z,5,209,True,Lbw,16953.0,Arav Shetty,2683.0,Tom Helm,16953.0,Arav Shetty,10590.0,Ben Walkden,,,Right,,0.0,0,0.0,0.0,LBW,HalfVolley,OutsideOff,Lbw,HitPad,FrontFoot,Drive,SeamIn,Over,FastSeam,Right,Null,NotReferred,Null,False,False,False,False,False,True,1861.0,False,False,False,False,False,False,0.0,0.0,0.0,0.0,0.0,False,False
1639689,35,3.09,1,2,0,108,6,1,76323,,39456,County Championship Division Two 2026,4,50,Lancashire Men,38,Middlesex Men,8763311,2026-09-04T15:40:58Z,6,210,False,,,,2683.0,Tom Helm,2949.0,George Balderson,10590.0,Ben Walkden,8.0,60.0,Left,Backward Point,0.0,0,0.0,0.0,,HalfVolley,OutsideOff,,None,FrontFoot,ForwardDefensive,InSwinger,Round,FastSeam,Right,Null,NotReferred,Null,False,False,False,False,False,True,,False,False,False,False,False,False,0.0,0.0,0.0,0.0,0.0,False,False
1639705,36,3.0,0,1,0,108,7,0,76323,,39456,County Championship Division Two 2026,4,50,Lancashire Men,38,Middlesex Men,8763329,2026-09-04T15:41:54Z,1,211,False,,,,1739.0,Toby Roland-Jones,10590.0,Ben Walkden,2949.0,George Balderson,,,Right,Wicketkeeper,0.0,0,0.0,0.0,,LengthBall,OutsideOff,,Missed,BackFoot,BackwardDefensive,AwaySwinger,Over,Medium,Right,Null,NotReferred,Null,False,False,False,False,False,True,,False,False,False,False,False,False,0.0,0.0,0.0,0.0,0.0,False,False
1639705,36,3.0,0,1,0,108,7,0,76323,,39456,County Championship Division Two 2026,4,50,Lancashire Men,38,Middlesex Men,8763342,2026-09-04T15:42:43Z,2,212,False,,,,1739.0,Toby Roland-Jones,10590.0,Ben Walkden,2949.0,George Balderson,193.0,43.0,Right,Cover,0.0,0,0.0,0.0,,LengthBall,OutsideOff,,None,BackFoot,BackwardDefensive,SeamIn,Over,Medium,Right,Null,NotReferred,Null,False,False,False,False,False,True,,False,False,False,False,False,False,0.0,0.0,0.0,0.0,0.0,False,False
1639705,36,3.0,0,1,0,108,7,0,76323,,39456,County Championship Division Two 2026,4,50,Lancashire Men,38,Middlesex Men,8763354,2026-09-04T15:43:15Z,3,213,True,Caught,10590.0,Ben Walkden,1739.0,Toby Roland-Jones,10590.0,Ben Walkden,2949.0,George Balderson,93.0,19.0,Right,Wicketkeeper,0.0,0,0.0,0.0,Caught,LengthBall,OutsideOff,Caught,Gloved,FrontFoot,Leave,AwaySwinger,Over,Medium,Right,Null,NotReferred,Null,False,False,False,False,False,True,1815.0,False,False,False,False,False,False,0.0,0.0,0.0,0.0,0.0,False,False
1639705,36,3.0,0,1,0,108,7,0,76323,,39456,County Championship Division Two 2026,4,50,Lancashire Men,38,Middlesex Men,8763377,2026-09-04T15:45:23Z,4,214,False,,,,1739.0,Toby Roland-Jones,7706.0,Noman Ali,2949.0,George Balderson,89.0,19.0,Left,Wicketkeeper,0.0,0,0.0,0.0,,LengthBall,OutsideOff,Caught,HitPad,BackFoot,BackwardDefensive,SeamAway,Round,Medium,Right,Null,NotReferred,Null,False,False,False,False,False,True,1815.0,False,False,False,False,False,False,0.0,0.0,0.0,0.0,0.0,False,False
1639705,36,3.0,0,1,0,108,7,0,76323,,39456,County Championship Division Two 2026,4,50,Lancashire Men,38,Middlesex Men,8763388,2026-09-04T15:46:02Z,5,215,False,,,,1739.0,Toby Roland-Jones,7706.0,Noman Ali,2949.0,George Balderson,271.0,37.0,Left,Bowler,0.0,0,0.0,0.0,,LengthBall,OutsideOff,,None,FrontFoot,ForwardDefensive,SeamIn,Round,Medium,Right,Null,NotReferred,Null,False,False,False,False,False,True,,False,False,False,False,False,False,0.0,0.0,0.0,0.0,0.0,False,False
1639705,36,3.0,0,1,0,108,7,0,76323,,39456,County Championship Division Two 2026,4,50,Lancashire Men,38,Middlesex Men,8763396,2026-09-04T15:46:34Z,6,216,False,,,,1739.0,Toby Roland-Jones,7706.0,Noman Ali,2949.0,George Balderson,252.0,71.0,Left,Mid On,0.0,0,0.0,0.0,,HalfVolley,OffStump,,MisTimed,FrontFoot,Drive,NoMovement,Round,Medium,Right,Null,NotReferred,Null,False,False,False,False,False,True,,False,False,False,False,False,False,0.0,0.0,0.0,0.0,0.0,False,True
1639716,37,2.95,1,1,0,109,8,1,76323,,39456,County Championship Division Two 2026,4,50,Lancashire Men,38,Middlesex Men,8763404,2026-09-04T15:47:29Z,1,217,False,,,,2683.0,Tom Helm,2949.0,George Balderson,7706.0,Noman Ali,7.0,58.0,Left,Backward Point,0.0,0,0.0,0.0,,Short,OutsideOff,,None,BackFoot,BackwardDefensive,NoMovement,Round,FastSeam,Right,Null,NotReferred,Null,False,False,False,False,False,True,,False,False,False,False,False,False,0.0,0.0,0.0,0.0,0.0,False,False
1639716,37,2.95,1,1,0,109,8,1,76323,,39456,County Championship Division Two 2026,4,50,Lancashire Men,38,Middlesex Men,8763417,2026-09-04T15:48:07Z,2,218,True,Bowled,2949.0,George Balderson,2683.0,Tom Helm,2949.0,George Balderson,7706.0,Noman Ali,,,Left,,0.0,0,0.0,0.0,Bowled,LengthBall,OutsideOff,Bowled,Missed,FrontFoot,ForwardDefensive,SeamIn,Round,FastSeam,Right,Null,NotReferred,Null,False,False,False,False,False,True,1861.0,False,False,False,False,False,False,0.0,0.0,0.0,0.0,0.0,False,False
1639716,37,2.95,1,1,0,109,8,1,76323,,39456,County Championship Division Two 2026,4,50,Lancashire Men,38,Middlesex Men,8763446,2026-09-04T15:50:11Z,3,219,False,,,,2683.0,Tom Helm,247.0,Tom Bailey,7706.0,Noman Ali,7.0,63.0,Right,Backward Square Leg,0.0,1,1.0,0.0,,HalfVolley,LegStump,,HitPad,FrontFoot,Flick,NoMovement,Over,FastSeam,Right,Null,NotReferred,Null,False,False,False,True,False,True,,False,False,False,False,False,False,1.0,0.0,0.0,1.0,0.0,False,False
1639716,37,2.95,1,1,0,109,8,1,76323,,39456,County Championship Division Two 2026,4,50,Lancashire Men,38,Middlesex Men,8763456,2026-09-04T15:51:05Z,4,220,False,,,,2683.0,Tom Helm,7706.0,Noman Ali,247.0,Tom Bailey,,,Left,Wicketkeeper,0.0,0,0.0,0.0,,HalfVolley,OutsideOff,,Missed,NoMovement,Pushed,NoMovement,Round,FastSeam,Right,Null,NotReferred,Null,False,False,False,False,False,True,,False,False,False,False,False,False,0.0,0.0,0.0,0.0,0.0,False,False
1639716,37,2.95,1,1,0,109,8,1,76323,,39456,County Championship Division Two 2026,4,50,Lancashire Men,38,Middlesex Men,8763463,2026-09-04T15:51:40Z,5,221,False,,,,2683.0,Tom Helm,7706.0,Noman Ali,247.0,Tom Bailey,316.0,38.0,Left,Extra Cover,0.0,0,0.0,0.0,,LengthBall,OutsideOff,,None,BackFoot,BackwardDefensive,SeamIn,Round,FastSeam,Right,Null,NotReferred,Null,False,False,False,False,False,True,,False,False,False,False,False,False,0.0,0.0,0.0,0.0,0.0,False,False
1639716,37,2.95,1,1,0,109,8,1,76323,,39456,County Championship Division Two 2026,4,50,Lancashire Men,38,Middlesex Men,8763472,2026-09-04T15:52:15Z,6,222,False,,,,2683.0,Tom Helm,7706.0,Noman Ali,247.0,Tom Bailey,260.0,73.0,Left,Mid On,0.0,0,0.0,0.0,,HalfVolley,OutsideOff,,None,FrontFoot,ForwardDefensive,NoMovement,Round,FastSeam,Right,Null,NotReferred,Null,False,False,False,False,False,True,,False,False,False,False,False,False,0.0,0.0,0.0,0.0,0.0,False,False
1639731,38,3.13,10,0,0,119,8,10,76323,,39456,County Championship Division Two 2026,4,50,Lancashire Men,38,Middlesex Men,8763483,2026-09-04T15:53:12Z,1,223,False,,,,1739.0,Toby Roland-Jones,247.0,Tom Bailey,7706.0,Noman Ali,216.0,176.0,Right,,4.0,0,4.0,4.0,,Short,OutsideOff,,WellTimed,BackFoot,Drive,NoMovement,Over,Medium,Right,Null,NotReferred,Null,False,False,False,False,False,True,,False,False,False,False,False,False,4.0,0.0,0.0,0.0,0.0,True,False
1639731,38,3.13,10,0,0,119,8,10,76323,,39456,County Championship Division Two 2026,4,50,Lancashire Men,38,Middlesex Men,8763490,2026-09-04T15:53:49Z,2,224,False,,,,1739.0,Toby Roland-Jones,247.0,Tom Bailey,7706.0,Noman Ali,271.0,35.0,Right,Bowler,0.0,0,0.0,0.0,,LengthBall,OutsideOff,,MisTimed,BackFoot,Pushed,NoMovement,Over,Medium,Right,Null,NotReferred,Null,False,False,False,False,False,True,,False,False,False,False,False,False,0.0,0.0,0.0,0.0,0.0,False,False
1639731,38,3.13,10,0,0,119,8,10,76323,,39456,County Championship Division Two 2026,4,50,Lancashire Men,38,Middlesex Men,8763496,2026-09-04T15:54:23Z,3,225,False,,,,1739.0,Toby Roland-Jones,247.0,Tom Bailey,7706.0,Noman Ali,,,Right,Bowler,0.0,0,0.0,0.0,,Short,OutsideOff,,HitPad,BackFoot,Fended,SeamIn,Over,Medium,Right,Null,NotReferred,Null,False,False,False,False,False,True,,False,False,False,False,False,False,0.0,0.0,0.0,0.0,0.0,False,False
1639731,38,3.13,10,0,0,119,8,10,76323,,39456,County Championship Division Two 2026,4,50,Lancashire Men,38,Middlesex Men,8763505,2026-09-04T15:54:56Z,4,226,False,,,,1739.0,Toby Roland-Jones,247.0,Tom Bailey,7706.0,Noman Ali,264.0,180.0,Right,,4.0,0,4.0,4.0,,HalfVolley,OutsideOff,,Middled,DownTheTrack,Slog,NoMovement,Over,Medium,Right,Null,NotReferred,Null,False,False,False,False,False,True,,False,False,False,False,False,False,4.0,0.0,0.0,0.0,0.0,True,False
1639731,38,3.13,10,0,0,119,8,10,76323,,39456,County Championship Division Two 2026,4,50,Lancashire Men,38,Middlesex Men,8763513,2026-09-04T15:55:36Z,5,227,False,,,,1739.0,Toby Roland-Jones,247.0,Tom Bailey,7706.0,Noman Ali,212.0,155.0,Right,Deep Extra Cover,2.0,0,2.0,2.0,,LengthBall,OutsideOff,,WellTimed,FrontFoot,Pushed,NoMovement,Over,Medium,Right,Null,NotReferred,Null,False,False,False,False,False,True,,False,False,False,False,False,False,2.0,0.0,0.0,0.0,0.0,False,False
1639731,38,3.13,10,0,0,119,8,10,76323,,39456,County Championship Division Two 2026,4,50,Lancashire Men,38,Middlesex Men,8763520,2026-09-04T15:56:19Z,6,228,False,,,,1739.0,Toby Roland-Jones,247.0,Tom Bailey,7706.0,Noman Ali,,,Right,Wicketkeeper,0.0,0,0.0,0.0,,Short,OutsideOff,,Left,Ducked,Leave,NoMovement,Over,Medium,Right,Null,NotReferred,Null,False,False,False,False,False,True,,False,False,False,False,False,False,0.0,0.0,0.0,0.0,0.0,False,False
1639738,39,3.1,2,1,0,121,9,2,76323,,39456,County Championship Division Two 2026,4,50,Lancashire Men,38,Middlesex Men,8763533,2026-09-04T15:57:09Z,1,229,False,,,,2683.0,Tom Helm,7706.0,Noman Ali,247.0,Tom Bailey,166.0,86.0,Left,Backward Square Leg,1.0,0,1.0,1.0,,Short,OutsideOff,,InsideEdge,BackFoot,Fended,NoMovement,Round,FastSeam,Right,Null,NotReferred,Null,False,False,False,False,False,True,,False,False,False,False,False,False,1.0,0.0,0.0,0.0,0.0,False,False
1639738,39,3.1,2,1,0,121,9,2,76323,,39456,County Championship Division Two 2026,4,50,Lancashire Men,38,Middlesex Men,8763546,2026-09-04T15:57:56Z,2,230,True,Caught,247.0,Tom Bailey,2683.0,Tom Helm,247.0,Tom Bailey,7706.0,Noman Ali,242.0,82.0,Right,Mid Off,0.0,0,0.0,0.0,Caught,HalfVolley,OffStump,Caught,MisTimed,NoMovement,Drive,InSwinger,Over,FastSeam,Right,Null,NotReferred,Null,False,False,False,False,False,True,1861.0,False,False,False,False,False,False,0.0,0.0,0.0,0.0,0.0,False,True
1639738,39,3.1,2,1,0,121,9,2,76323,,39456,County Championship Division Two 2026,4,50,Lancashire Men,38,Middlesex Men,8763571,,3,3,False,,,,,,,,,,,,,,,0,,,,,,,,0,,,,,,Null,NotReferred,Null,False,False,False,False,False,False,,False,False,False,False,False,False,,,,,,False,False
1639738,39,3.1,2,1,0,121,9,2,76323,,39456,County Championship Division Two 2026,4,50,Lancashire Men,38,Middlesex Men,8763570,2026-09-04T16:00:30Z,4,232,False,,,,2683.0,Tom Helm,7706.0,Noman Ali,202.0,James Anderson,,,Left,Wicketkeeper,0.0,0,0.0,0.0,,HalfVolley,OutsideOff,,Missed,FrontFoot,Drive,NoMovement,Round,FastSeam,Right,Null,NotReferred,Null,False,False,False,False,False,True,,False,False,False,False,False,False,0.0,0.0,0.0,0.0,0.0,False,False
1639738,39,3.1,2,1,0,121,9,2,76323,,39456,County Championship Division Two 2026,4,50,Lancashire Men,38,Middlesex Men,8763581,2026-09-04T16:01:08Z,5,5,False,,,,2683.0,Tom Helm,7706.0,Noman Ali,202.0,James Anderson,10.0,70.0,Left,Backward Point,0.0,0,0.0,0.0,,Short,OutsideOff,,WellTimed,BackFoot,Drive,NoMovement,Round,FastSeam,Right,Null,NotReferred,Null,False,False,False,False,False,True,,False,False,False,False,False,False,0.0,0.0,0.0,0.0,0.0,False,False
1639738,39,3.1,2,1,0,121,9,2,76323,,39456,County Championship Division Two 2026,4,50,Lancashire Men,38,Middlesex Men,8763586,2026-09-04T16:01:45Z,6,234,False,,,,2683.0,Tom Helm,7706.0,Noman Ali,202.0,James Anderson,225.0,33.0,Left,Mid Wicket,0.0,0,0.0,0.0,,LengthBall,OutsideOff,,MisTimed,FrontFoot,Drive,NoMovement,Round,FastSeam,Right,Null,NotReferred,Null,False,False,False,False,False,True,,False,False,False,False,False,False,0.0,0.0,0.0,0.0,0.0,False,False
1639750,40,3.02,0,0,0,121,9,0,76323,,39456,County Championship Division Two 2026,4,50,Lancashire Men,38,Middlesex Men,8763600,2026-09-04T16:02:58Z,1,235,False,,,,1739.0,Toby Roland-Jones,202.0,James Anderson,7706.0,Noman Ali,,,Left,Wicketkeeper,0.0,0,0.0,0.0,,LengthBall,OffStump,,HitPad,NoMovement,Pushed,InSwinger,Round,Medium,Right,Null,NotReferred,Null,False,False,False,False,False,True,,False,False,False,False,False,False,0.0,0.0,0.0,0.0,0.0,False,False
1639750,40,3.02,0,0,0,121,9,0,76323,,39456,County Championship Division Two 2026,4,50,Lancashire Men,38,Middlesex Men,8763608,2026-09-04T16:03:29Z,2,236,False,,,,1739.0,Toby Roland-Jones,202.0,James Anderson,7706.0,Noman Ali,306.0,51.0,Left,Extra Cover,0.0,0,0.0,0.0,,LengthBall,OutsideOff,,None,BackFoot,Pushed,InSwinger,Round,Medium,Right,Null,NotReferred,Null,False,False,False,False,False,True,,False,False,False,False,False,False,0.0,0.0,0.0,0.0,0.0,False,False
1639750,40,3.02,0,0,0,121,9,0,76323,,39456,County Championship Division Two 2026,4,50,Lancashire Men,38,Middlesex Men,8763615,2026-09-04T16:04:01Z,3,237,False,,,,1739.0,Toby Roland-Jones,202.0,James Anderson,7706.0,Noman Ali,,,Left,Wicketkeeper,0.0,0,0.0,0.0,,LengthBall,OutsideOff,,Missed,NoMovement,Pushed,SeamAway,Round,Medium,Right,Null,NotReferred,Null,False,False,False,False,False,True,,False,False,False,False,False,False,0.0,0.0,0.0,0.0,0.0,False,False
1639750,40,3.02,0,0,0,121,9,0,76323,,39456,County Championship Division Two 2026,4,50,Lancashire Men,38,Middlesex Men,8763621,2026-09-04T16:04:32Z,4,238,False,,,,1739.0,Toby Roland-Jones,202.0,James Anderson,7706.0,Noman Ali,,,Left,Wicketkeeper,0.0,0,0.0,0.0,,LengthBall,OutsideOff,,Missed,BackFoot,BackwardDefensive,SeamAway,Round,Medium,Right,Null,NotReferred,Null,False,False,False,False,False,True,,False,False,False,False,False,False,0.0,0.0,0.0,0.0,0.0,False,False
1639750,40,3.02,0,0,0,121,9,0,76323,,39456,County Championship Division Two 2026,4,50,Lancashire Men,38,Middlesex Men,8763629,2026-09-04T16:05:05Z,5,239,False,,,,1739.0,Toby Roland-Jones,202.0,James Anderson,7706.0,Noman Ali,346.0,72.0,Left,Cover,0.0,0,0.0,0.0,,BackOfALength,OutsideOff,,None,BackFoot,Drive,NoMovement,Round,Medium,Right,Null,NotReferred,Null,False,False,False,False,False,True,,False,False,False,False,False,False,0.0,0.0,0.0,0.0,0.0,False,False
1639750,40,3.02,0,0,0,121,9,0,76323,,39456,County Championship Division Two 2026,4,50,Lancashire Men,38,Middlesex Men,8763637,2026-09-04T16:05:45Z,6,240,False,,,,1739.0,Toby Roland-Jones,202.0,James Anderson,7706.0,Noman Ali,249.0,60.0,Left,Mid On,0.0,0,0.0,0.0,,HalfVolley,OffStump,,WellTimed,FrontFoot,Drive,InSwinger,Round,Medium,Right,Null,NotReferred,Null,False,False,False,False,False,True,,False,False,False,False,False,False,0.0,0.0,0.0,0.0,0.0,False,False
1639759,41,2.98,1,0,0,122,9,1,76323,,39456,County Championship Division Two 2026,4,50,Lancashire Men,38,Middlesex Men,8763649,2026-09-04T16:06:42Z,1,241,False,,,,2683.0,Tom Helm,7706.0,Noman Ali,202.0,James Anderson,295.0,74.0,Left,Mid Off,0.0,0,0.0,0.0,,LengthBall,OutsideOff,,None,BackFoot,Drive,InSwinger,Round,FastSeam,Right,Null,NotReferred,Null,False,False,False,False,False,True,,False,False,False,False,False,False,0.0,0.0,0.0,0.0,0.0,False,False
1639759,41,2.98,1,0,0,122,9,1,76323,,39456,County Championship Division Two 2026,4,50,Lancashire Men,38,Middlesex Men,8763656,2026-09-04T16:07:14Z,2,242,False,,,,2683.0,Tom Helm,7706.0,Noman Ali,202.0,James Anderson,230.0,64.0,Left,Mid Wicket,1.0,0,1.0,1.0,,Short,OutsideOff,,MisTimed,BackFoot,Pull,NoMovement,Round,FastSeam,Right,Null,NotReferred,Null,False,False,False,False,False,True,,False,False,False,False,False,False,1.0,0.0,0.0,0.0,0.0,False,True
1639759,41,2.98,1,0,0,122,9,1,76323,,39456,County Championship Division Two 2026,4,50,Lancashire Men,38,Middlesex Men,8763662,2026-09-04T16:07:51Z,3,243,False,,,,2683.0,Tom Helm,202.0,James Anderson,7706.0,Noman Ali,,,Left,Wicketkeeper,0.0,0,0.0,0.0,,LengthBall,OutsideOff,,Missed,BackFoot,BackwardDefensive,SeamAway,Round,FastSeam,Right,Null,NotReferred,Null,False,False,False,False,False,True,,False,False,False,False,False,False,0.0,0.0,0.0,0.0,0.0,False,False
1639759,41,2.98,1,0,0,122,9,1,76323,,39456,County Championship Division Two 2026,4,50,Lancashire Men,38,Middlesex Men,8763674,2026-09-04T16:08:28Z,4,244,False,,,,2683.0,Tom Helm,202.0,James Anderson,7706.0,Noman Ali,11.0,66.0,Left,Backward Point,0.0,0,0.0,0.0,,LengthBall,OutsideOff,,None,FrontFoot,ForwardDefensive,InSwinger,Round,FastSeam,Right,Null,NotReferred,Null,False,False,False,False,False,True,,False,False,False,False,False,False,0.0,0.0,0.0,0.0,0.0,False,False
1639759,41,2.98,1,0,0,122,9,1,76323,,39456,County Championship Division Two 2026,4,50,Lancashire Men,38,Middlesex Men,8763681,2026-09-04T16:09:04Z,5,245,False,,,,2683.0,Tom Helm,202.0,James Anderson,7706.0,Noman Ali,318.0,59.0,Left,Extra Cover,0.0,0,0.0,0.0,,LengthBall,OutsideOff,,WellTimed,FrontFoot,Drive,NoMovement,Round,FastSeam,Right,Null,NotReferred,Null,False,False,False,False,False,True,,False,False,False,False,False,False,0.0,0.0,0.0,0.0,0.0,False,False
1639759,41,2.98,1,0,0,122,9,1,76323,,39456,County Championship Division Two 2026,4,50,Lancashire Men,38,Middlesex Men,8763689,2026-09-04T16:09:46Z,6,246,False,,,,2683.0,Tom Helm,202.0,James Anderson,7706.0,Noman Ali,287.0,40.0,Left,Bowler,0.0,0,0.0,0.0,,LengthBall,OutsideOff,,None,BackFoot,BackwardDefensive,InSwinger,Round,FastSeam,Right,Null,NotReferred,Null,False,False,False,False,False,True,,False,False,False,False,False,False,0.0,0.0,0.0,0.0,0.0,False,False
1639768,42,3.12,9,0,0,131,9,9,76323,,39456,County Championship Division Two 2026,4,50,Lancashire Men,38,Middlesex Men,8763705,2026-09-04T16:11:04Z,1,247,False,,,,39.0,Ryan Higgins,7706.0,Noman Ali,202.0,James Anderson,,,Left,Wicketkeeper,1.0,1,1.0,0.0,,Short,OutsideOff,,Left,Ducked,Leave,NoMovement,Round,Medium,Right,Null,NotReferred,Null,True,False,False,False,False,True,,False,False,False,False,False,False,1.0,0.0,1.0,0.0,0.0,False,False
1639768,42,3.12,9,0,0,131,9,9,76323,,39456,County Championship Division Two 2026,4,50,Lancashire Men,38,Middlesex Men,8763711,2026-09-04T16:11:33Z,1,248,False,,,,39.0,Ryan Higgins,7706.0,Noman Ali,202.0,James Anderson,260.0,180.0,Left,,4.0,0,4.0,4.0,,HalfVolley,OutsideOff,,Middled,FrontFoot,Drive,InSwinger,Round,Medium,Right,Null,NotReferred,Null,False,False,False,False,True,True,,False,False,False,False,False,False,4.0,0.0,0.0,0.0,0.0,True,False
1639768,42,3.12,9,0,0,131,9,9,76323,,39456,County Championship Division Two 2026,4,50,Lancashire Men,38,Middlesex Men,8763721,2026-09-04T16:12:18Z,2,249,False,,,,39.0,Ryan Higgins,7706.0,Noman Ali,202.0,James Anderson,186.0,105.0,Left,Deep Square Leg,1.0,0,1.0,1.0,,LengthBall,OutsideOff,,InsideEdge,BackFoot,Pushed,InSwinger,Round,Medium,Right,Null,NotReferred,Null,False,False,False,False,False,True,,False,False,False,False,False,False,1.0,0.0,0.0,0.0,0.0,False,False
1639768,42,3.12,9,0,0,131,9,9,76323,,39456,County Championship Division Two 2026,4,50,Lancashire Men,38,Middlesex Men,8763727,2026-09-04T16:12:49Z,3,250,False,,,,39.0,Ryan Higgins,202.0,James Anderson,7706.0,Noman Ali,290.0,93.0,Left,Mid Off,1.0,0,1.0,1.0,,LengthBall,OutsideOff,,MisTimed,DownTheTrack,Drive,InSwinger,Round,Medium,Right,Null,NotReferred,Null,False,False,False,False,False,True,,False,False,False,False,False,False,1.0,0.0,0.0,0.0,0.0,False,True
1639768,42,3.12,9,0,0,131,9,9,76323,,39456,County Championship Division Two 2026,4,50,Lancashire Men,38,Middlesex Men,8763732,2026-09-04T16:13:23Z,4,251,False,,,,39.0,Ryan Higgins,7706.0,Noman Ali,202.0,James Anderson,,,Left,Wicketkeeper,1.0,1,1.0,0.0,,Short,OutsideOff,,Left,NoMovement,Leave,NoMovement,Round,Medium,Right,Null,NotReferred,Null,True,False,False,False,False,True,,False,False,False,False,False,False,1.0,0.0,1.0,0.0,0.0,False,False
1639768,42,3.12,9,0,0,131,9,9,76323,,39456,County Championship Division Two 2026,4,50,Lancashire Men,38,Middlesex Men,8763740,2026-09-04T16:13:57Z,4,252,False,,,,39.0,Ryan Higgins,7706.0,Noman Ali,202.0,James Anderson,,,Left,Wicketkeeper,0.0,0,0.0,0.0,,HalfVolley,OutsideOff,,Missed,FrontFoot,Drive,InSwinger,Round,Medium,Right,Null,NotReferred,Null,False,False,False,False,False,True,,False,False,False,False,False,False,0.0,0.0,0.0,0.0,0.0,False,False
1639768,42,3.12,9,0,0,131,9,9,76323,,39456,County Championship Division Two 2026,4,50,Lancashire Men,38,Middlesex Men,8763753,2026-09-04T16:14:27Z,5,253,False,,,,39.0,Ryan Higgins,7706.0,Noman Ali,202.0,James Anderson,234.0,141.0,Left,Deep Mid Wicket,1.0,0,1.0,1.0,,HalfVolley,OutsideOff,,MisTimed,FrontFoot,Drive,InSwinger,Round,Medium,Right,Null,NotReferred,Null,False,False,False,False,False,True,,False,False,False,False,False,False,1.0,0.0,0.0,0.0,0.0,False,True
1639768,42,3.12,9,0,0,131,9,9,76323,,39456,County Championship Division Two 2026,4,50,Lancashire Men,38,Middlesex Men,8763758,2026-09-04T16:15:12Z,6,254,False,,,,39.0,Ryan Higgins,202.0,James Anderson,7706.0,Noman Ali,343.0,52.0,Left,Cover,0.0,0,0.0,0.0,,BackOfALength,OutsideOff,,None,BackFoot,BackwardDefensive,NoMovement,Round,Medium,Right,Null,NotReferred,Null,False,False,False,False,False,True,,False,False,False,False,False,False,0.0,0.0,0.0,0.0,0.0,False,False
1639780,43,3.14,4,0,0,135,9,4,76323,,39456,County Championship Division Two 2026,4,50,Lancashire Men,38,Middlesex Men,8763769,2026-09-04T16:16:14Z,1,255,False,,,,2683.0,Tom Helm,7706.0,Noman Ali,202.0,James Anderson,104.0,160.0,Left,,4.0,0,4.0,4.0,,LengthBall,MiddleStump,,None,BackFoot,Glance,InSwinger,Round,FastSeam,Right,Null,NotReferred,Null,False,False,False,False,False,True,,False,False,False,False,False,False,4.0,0.0,0.0,0.0,0.0,True,False
1639780,43,3.14,4,0,0,135,9,4,76323,,39456,County Championship Division Two 2026,4,50,Lancashire Men,38,Middlesex Men,8763782,2026-09-04T16:16:57Z,2,256,False,,,,2683.0,Tom Helm,7706.0,Noman Ali,202.0,James Anderson,,,Left,Wicketkeeper,0.0,0,0.0,0.0,,Short,OutsideOff,,Left,SwayedAway,Leave,NoMovement,Round,FastSeam,Right,Null,NotReferred,Null,False,False,False,False,False,True,,False,False,False,False,False,False,0.0,0.0,0.0,0.0,0.0,False,False
1639780,43,3.14,4,0,0,135,9,4,76323,,39456,County Championship Division Two 2026,4,50,Lancashire Men,38,Middlesex Men,8763791,2026-09-04T16:17:30Z,3,257,False,,,,2683.0,Tom Helm,7706.0,Noman Ali,202.0,James Anderson,,,Left,Wicketkeeper,0.0,0,0.0,0.0,,HalfVolley,OutsideOff,,Missed,FrontFoot,Drive,NoMovement,Round,FastSeam,Right,Null,NotReferred,Null,False,False,False,False,False,True,,False,False,False,False,False,False,0.0,0.0,0.0,0.0,0.0,False,False
1639780,43,3.14,4,0,0,135,9,4,76323,,39456,County Championship Division Two 2026,4,50,Lancashire Men,38,Middlesex Men,8763800,2026-09-04T16:18:04Z,4,258,False,,,,2683.0,Tom Helm,7706.0,Noman Ali,202.0,James Anderson,317.0,51.0,Left,Extra Cover,0.0,0,0.0,0.0,,HalfVolley,OutsideOff,,None,FrontFoot,Drive,NoMovement,Round,FastSeam,Right,Null,NotReferred,Null,False,False,False,False,False,True,,False,False,False,False,False,False,0.0,0.0,0.0,0.0,0.0,False,False
1639780,43,3.14,4,0,0,135,9,4,76323,,39456,County Championship Division Two 2026,4,50,Lancashire Men,38,Middlesex Men,8763810,2026-09-04T16:18:49Z,5,259,False,,,,2683.0,Tom Helm,7706.0,Noman Ali,202.0,James Anderson,,,Left,Wicketkeeper,0.0,0,0.0,0.0,,Short,DownLeg,,Left,Ducked,Leave,NoMovement,Over,FastSeam,Right,Null,NotReferred,Null,False,False,False,False,False,True,,False,False,False,False,False,False,0.0,0.0,0.0,0.0,0.0,False,False
1639780,43,3.14,4,0,0,135,9,4,76323,,39456,County Championship Division Two 2026,4,50,Lancashire Men,38,Middlesex Men,8763817,2026-09-04T16:19:22Z,6,260,False,,,,2683.0,Tom Helm,7706.0,Noman Ali,202.0,James Anderson,330.0,54.0,Left,Extra Cover,0.0,0,0.0,0.0,,LengthBall,OffStump,,None,BackFoot,Drive,NoMovement,Over,FastSeam,Right,Null,NotReferred,Null,False,False,False,False,False,True,,False,False,False,False,False,False,0.0,0.0,0.0,0.0,0.0,False,False
1639791,44,3.09,1,1,0,136,10,1,76323,,39456,County Championship Division Two 2026,4,50,Lancashire Men,38,Middlesex Men,8763831,2026-09-04T16:20:18Z,1,261,False,,,,39.0,Ryan Higgins,202.0,James Anderson,7706.0,Noman Ali,303.0,44.0,Left,Extra Cover,0.0,0,0.0,0.0,,LengthBall,OutsideOff,,None,BackFoot,BackwardDefensive,InSwinger,Round,Medium,Right,Null,NotReferred,Null,False,False,False,False,False,True,,False,False,False,False,False,False,0.0,0.0,0.0,0.0,0.0,False,False
1639791,44,3.09,1,1,0,136,10,1,76323,,39456,County Championship Division Two 2026,4,50,Lancashire Men,38,Middlesex Men,8763832,2026-09-04T16:20:48Z,2,262,False,,,,39.0,Ryan Higgins,202.0,James Anderson,7706.0,Noman Ali,,,Left,Wicketkeeper,0.0,0,0.0,0.0,,LengthBall,OutsideOff,,Missed,FrontFoot,ForwardDefensive,SeamAway,Round,Medium,Right,Null,NotReferred,Null,False,False,False,False,False,True,,False,False,False,False,False,False,0.0,0.0,0.0,0.0,0.0,False,False
1639791,44,3.09,1,1,0,136,10,1,76323,,39456,County Championship Division Two 2026,4,50,Lancashire Men,38,Middlesex Men,8763838,2026-09-04T16:21:17Z,3,263,False,,,,39.0,Ryan Higgins,202.0,James Anderson,7706.0,Noman Ali,343.0,119.0,Left,Deep Cover,1.0,0,1.0,1.0,,HalfVolley,OutsideOff,,OutsideEdge,DownTheTrack,Drive,NoMovement,Round,Medium,Right,Null,NotReferred,Null,False,False,False,False,False,True,,False,False,False,False,False,False,1.0,0.0,0.0,0.0,0.0,False,True
1639791,44,3.09,1,1,0,136,10,1,76323,,39456,County Championship Division Two 2026,4,50,Lancashire Men,38,Middlesex Men,8763848,2026-09-04T16:21:55Z,4,264,True,Caught,7706.0,Noman Ali,39.0,Ryan Higgins,7706.0,Noman Ali,202.0,James Anderson,253.0,137.0,Left,Long On,0.0,0,0.0,0.0,Caught,HalfVolley,OffStump,Caught,MisTimed,FrontFoot,Drive,InSwinger,Round,Medium,Right,Null,NotReferred,Null,False,False,False,False,False,True,1815.0,False,False,False,False,False,False,0.0,0.0,0.0,0.0,0.0,False,True
