over_id,over_overNumber,over_runrate,over_runsConceded,over_wickets,over_runsExtras,over_totalInningRuns,over_totalInningWickets,over_totalRuns,id,matchName,fixtureId,fixtureName,inningNumber,battingTeamId,battingTeamName,bowlingTeamId,bowlingTeamName,ball_id,ballDateTime,ballNumber,totalBallNumber,isWicket,dismissalTypeId,dismissalPlayerId,dismissalPlayerName,bowlerPlayerId,bowlerPlayerName,battingPlayerId,battingPlayerName,nonStrikeBattingPlayerId,nonStrikeBattingPlayerName,battingHandId,runsConceded,extras,runs,runsScored,dismissalType,lengthTypeId,lineTypeId,appealDismissalTypeId,battingConnectionId,battingFeetId,battingShotTypeId,bowlingDetailId,bowlingFromId,bowlingTypeId,bowlingHandId,outcomeId,referralOutcomeId,noBallReasonId,isWide,isNoBall,isByes,isLegByes,isAirControlled,isAppeal,decisionOfficialId,isFreeHit,isNewBall,isPowerPlay,isBattingPowerPlay,isFloodLit,isReferred,teamRuns,runsByes,runsWide,runsLegByes,noBallsCount,isBoundry,isAirNotControlled,shotAngle,shotMagnitude,fieldingPosition
1651567,2,6.0,6,0,0,12,0,6,76624,,39481,County Championship 2026,1,48,Surrey Men,31,Somerset Men,8835161,2026-09-24T09:34:12Z,1,7,False,,,,456,Craig Overton,24,Dom Sibley,215,Rory Burns,Right,0,0,0,0,,BackOfALength,OutsideOff,,HitBody,BackFoot,Worked,NoMovement,Over,Medium,Right,Null,NotReferred,Null,False,False,False,False,False,True,,False,False,False,False,False,False,0,0,0,0,0,False,False,186.0,6.0,Cover
1651567,2,6.0,6,0,0,12,0,6,76624,,39481,County Championship 2026,1,48,Surrey Men,31,Somerset Men,8835166,2026-09-24T09:34:41Z,2,8,False,,,,456,Craig Overton,24,Dom Sibley,215,Rory Burns,Right,0,0,0,0,,LengthBall,OutsideOff,,None,FrontFoot,ForwardDefensive,NoMovement,Over,Medium,Right,Null,NotReferred,Null,False,False,False,False,False,True,,False,False,False,False,False,False,0,0,0,0,0,False,False,285.0,42.0,Mid On
1651567,2,6.0,6,0,0,12,0,6,76624,,39481,County Championship 2026,1,48,Surrey Men,31,Somerset Men,8835174,2026-09-24T09:35:09Z,3,9,False,,,,456,Craig Overton,24,Dom Sibley,215,Rory Burns,Right,2,0,2,2,,LengthBall,OffStump,,None,BackFoot,Worked,NoMovement,Over,Medium,Right,Null,NotReferred,Null,False,False,False,False,False,True,,False,False,False,False,False,False,2,0,0,0,0,False,False,12.0,159.0,Deep Backward Square Leg
1651567,2,6.0,6,0,0,12,0,6,76624,,39481,County Championship 2026,1,48,Surrey Men,31,Somerset Men,8835179,2026-09-24T09:35:46Z,4,10,False,,,,456,Craig Overton,24,Dom Sibley,215,Rory Burns,Right,4,0,4,4,,LengthBall,OffStump,,WellTimed,BackFoot,Glance,NoMovement,Over,Medium,Right,Null,NotReferred,Null,False,False,False,False,False,True,,False,False,False,False,False,False,4,0,0,0,0,True,False,68.0,161.0,
1651567,2,6.0,6,0,0,12,0,6,76624,,39481,County Championship 2026,1,48,Surrey Men,31,Somerset Men,8835191,2026-09-24T09:36:19Z,5,11,False,,,,456,Craig Overton,24,Dom Sibley,215,Rory Burns,Right,0,0,0,0,,LengthBall,OutsideOff,,None,FrontFoot,ForwardDefensive,NoMovement,Over,Medium,Right,Null,NotReferred,Null,False,False,False,False,False,True,,False,False,False,False,False,False,0,0,0,0,0,False,False,164.0,55.0,Backward Point
1651567,2,6.0,6,0,0,12,0,6,76624,,39481,County Championship 2026,1,48,Surrey Men,31,Somerset Men,8835197,2026-09-24T09:36:48Z,6,12,False,,,,456,Craig Overton,24,Dom Sibley,215,Rory Burns,Right,0,0,0,0,,LengthBall,OffStump,,MisTimed,BackFoot,Glance,NoMovement,Over,Medium,Right,Null,NotReferred,Null,False,False,False,False,False,True,,False,False,False,False,False,False,0,0,0,0,0,False,False,93.0,46.0,Wicketkeeper
1651578,3,4.67,2,0,0,14,0,2,76624,,39481,County Championship 2026,1,48,Surrey Men,31,Somerset Men,8835213,2026-09-24T09:37:48Z,1,13,False,,,,7,Lewis Gregory,215,Rory Burns,24,Dom Sibley,Left,0,0,0,0,,LengthBall,OutsideOff,,MisTimed,FrontFoot,Drive,NoMovement,Round,Medium,Right,Null,NotReferred,Null,False,False,False,False,False,True,,False,False,False,False,False,False,0,0,0,0,0,False,False,252.0,54.0,Mid On
1651578,3,4.67,2,0,0,14,0,2,76624,,39481,County Championship 2026,1,48,Surrey Men,31,Somerset Men,8835222,2026-09-24T09:38:22Z,2,14,False,,,,7,Lewis Gregory,215,Rory Burns,24,Dom Sibley,Left,1,0,1,1,,BackOfALength,OutsideOff,,None,BackFoot,Glance,NoMovement,Round,Medium,Right,Null,NotReferred,Null,False,False,False,False,False,True,,False,False,False,False,False,False,1,0,0,0,0,False,False,137.0,136.0,Fine Leg
1651578,3,4.67,2,0,0,14,0,2,76624,,39481,County Championship 2026,1,48,Surrey Men,31,Somerset Men,8835232,2026-09-24T09:39:11Z,3,15,False,,,,7,Lewis Gregory,24,Dom Sibley,215,Rory Burns,Right,0,0,0,0,,BackOfALength,OutsideOff,,Left,NoMovement,Leave,NoMovement,Over,Medium,Right,Null,NotReferred,Null,False,False,False,False,False,True,,False,False,False,False,False,False,0,0,0,0,0,False,False,,,Wicketkeeper
1651578,3,4.67,2,0,0,14,0,2,76624,,39481,County Championship 2026,1,48,Surrey Men,31,Somerset Men,8835243,2026-09-24T09:39:50Z,4,16,False,,,,7,Lewis Gregory,24,Dom Sibley,215,Rory Burns,Right,0,0,0,0,,BackOfALength,OutsideOff,,Left,NoMovement,Leave,NoMovement,Over,Medium,Right,Null,NotReferred,Null,False,False,False,False,False,True,,False,False,False,False,False,False,0,0,0,0,0,False,False,,,Wicketkeeper
1651578,3,4.67,2,0,0,14,0,2,76624,,39481,County Championship 2026,1,48,Surrey Men,31,Somerset Men,8835257,2026-09-24T09:40:25Z,5,17,False,,,,7,Lewis Gregory,24,Dom Sibley,215,Rory Burns,Right,0,0,0,0,,LengthBall,OutsideOff,,Left,NoMovement,Leave,NoMovement,Over,Medium,Right,Null,NotReferred,Null,False,False,False,False,False,True,,False,False,False,False,False,False,0,0,0,0,0,False,False,,,Wicketkeeper
1651578,3,4.67,2,0,0,14,0,2,76624,,39481,County Championship 2026,1,48,Surrey Men,31,Somerset Men,8835267,2026-09-24T09:41:00Z,6,18,False,,,,7,Lewis Gregory,24,Dom Sibley,215,Rory Burns,Right,1,0,1,1,,BackOfALength,OutsideOff,,None,BackFoot,Worked,NoMovement,Over,Medium,Right,Null,NotReferred,Null,False,False,False,False,False,True,,False,False,False,False,False,False,1,0,0,0,0,False,False,21.0,143.0,Deep Backward Square Leg
1651589,4,3.5,0,0,0,14,0,0,76624,,39481,County Championship 2026,1,48,Surrey Men,31,Somerset Men,8835277,2026-09-24T09:41:49Z,1,19,False,,,,456,Craig Overton,24,Dom Sibley,215,Rory Burns,Right,0,0,0,0,,LengthBall,OutsideOff,,Left,NoMovement,Leave,NoMovement,Over,Medium,Right,Null,NotReferred,Null,False,False,False,False,False,True,,False,False,False,False,False,False,0,0,0,0,0,False,False,,,Wicketkeeper
1651589,4,3.5,0,0,0,14,0,0,76624,,39481,County Championship 2026,1,48,Surrey Men,31,Somerset Men,8835290,2026-09-24T09:42:20Z,2,20,False,,,,456,Craig Overton,24,Dom Sibley,215,Rory Burns,Right,0,0,0,0,,LengthBall,OutsideOff,,None,FrontFoot,ForwardDefensive,NoMovement,Over,Medium,Right,Null,NotReferred,Null,False,False,False,False,False,True,,False,False,False,False,False,False,0,0,0,0,0,False,False,175.0,47.0,Backward Point
1651589,4,3.5,0,0,0,14,0,0,76624,,39481,County Championship 2026,1,48,Surrey Men,31,Somerset Men,8835295,2026-09-24T09:42:56Z,3,21,False,,,,456,Craig Overton,24,Dom Sibley,215,Rory Burns,Right,0,0,0,0,,BackOfALength,OutsideOff,,HitBody,BackFoot,BackwardDefensive,NoMovement,Over,Medium,Right,Null,NotReferred,Null,False,False,False,False,False,True,,False,False,False,False,False,False,0,0,0,0,0,False,False,170.0,42.0,Backward Point
1651589,4,3.5,0,0,0,14,0,0,76624,,39481,County Championship 2026,1,48,Surrey Men,31,Somerset Men,8835299,2026-09-24T09:43:23Z,4,22,False,,,,456,Craig Overton,24,Dom Sibley,215,Rory Burns,Right,0,0,0,0,,LengthBall,OutsideOff,,None,FrontFoot,ForwardDefensive,NoMovement,Over,Medium,Right,Null,NotReferred,Null,False,False,False,False,False,True,,False,False,False,False,False,False,0,0,0,0,0,False,False,166.0,50.0,Backward Point
1651589,4,3.5,0,0,0,14,0,0,76624,,39481,County Championship 2026,1,48,Surrey Men,31,Somerset Men,8835307,2026-09-24T09:43:52Z,5,23,False,,,,456,Craig Overton,24,Dom Sibley,215,Rory Burns,Right,0,0,0,0,,BackOfALength,OutsideOff,,None,BackFoot,BackwardDefensive,NoMovement,Over,Medium,Right,Null,NotReferred,Null,False,False,False,False,False,True,,False,False,False,False,False,False,0,0,0,0,0,False,False,267.0,18.0,Mid Off
1651589,4,3.5,0,0,0,14,0,0,76624,,39481,County Championship 2026,1,48,Surrey Men,31,Somerset Men,8835315,2026-09-24T09:44:24Z,6,24,False,,,,456,Craig Overton,24,Dom Sibley,215,Rory Burns,Right,0,0,0,0,,BackOfALength,OutsideOff,,Left,NoMovement,Leave,NoMovement,Over,Medium,Right,Null,NotReferred,Null,False,False,False,False,False,True,,False,False,False,False,False,False,0,0,0,0,0,False,False,,,Wicketkeeper
1651598,5,3.0,1,0,0,15,0,1,76624,,39481,County Championship 2026,1,48,Surrey Men,31,Somerset Men,8835328,2026-09-24T09:45:07Z,1,25,False,,,,7,Lewis Gregory,215,Rory Burns,24,Dom Sibley,Left,0,0,0,0,,BackOfALength,OutsideOff,,None,BackFoot,BackwardDefensive,NoMovement,Round,Medium,Right,Null,NotReferred,Null,False,False,False,False,False,True,,False,False,False,False,False,False,0,0,0,0,0,False,False,23.0,42.0,Backward Point
1651598,5,3.0,1,0,0,15,0,1,76624,,39481,County Championship 2026,1,48,Surrey Men,31,Somerset Men,8835337,2026-09-24T09:45:41Z,2,26,False,,,,7,Lewis Gregory,215,Rory Burns,24,Dom Sibley,Left,0,0,0,0,,BackOfALength,OutsideOff,,MisTimed,BackFoot,Worked,NoMovement,Round,Medium,Right,Null,NotReferred,Null,False,False,False,False,False,True,,False,False,False,False,False,False,0,0,0,0,0,False,False,158.0,40.0,Backward Square Leg
1651598,5,3.0,1,0,0,15,0,1,76624,,39481,County Championship 2026,1,48,Surrey Men,31,Somerset Men,8835350,2026-09-24T09:46:17Z,3,27,False,,,,7,Lewis Gregory,215,Rory Burns,24,Dom Sibley,Left,0,0,0,0,,LengthBall,OutsideOff,,None,FrontFoot,ForwardDefensive,NoMovement,Round,Medium,Right,Null,NotReferred,Null,False,False,False,False,False,True,,False,False,False,False,False,False,0,0,0,0,0,False,False,215.0,38.0,Mid Wicket
1651598,5,3.0,1,0,0,15,0,1,76624,,39481,County Championship 2026,1,48,Surrey Men,31,Somerset Men,8835360,2026-09-24T09:46:54Z,4,28,False,,,,7,Lewis Gregory,215,Rory Burns,24,Dom Sibley,Left,0,0,0,0,,BackOfALength,OutsideOff,,HitPad,BackFoot,Worked,NoMovement,Round,Medium,Right,Null,NotReferred,Null,False,False,False,False,False,True,,False,False,False,False,False,False,0,0,0,0,0,False,False,8.0,43.0,Backward Point
1651598,5,3.0,1,0,0,15,0,1,76624,,39481,County Championship 2026,1,48,Surrey Men,31,Somerset Men,8835370,2026-09-24T09:47:31Z,5,29,False,,,,7,Lewis Gregory,215,Rory Burns,24,Dom Sibley,Left,0,0,0,0,,BackOfALength,OutsideOff,,Left,NoMovement,Leave,NoMovement,Round,Medium,Right,Null,NotReferred,Null,False,False,False,False,False,True,,False,False,False,False,False,False,0,0,0,0,0,False,False,,,Wicketkeeper
1651598,5,3.0,1,0,0,15,0,1,76624,,39481,County Championship 2026,1,48,Surrey Men,31,Somerset Men,8835378,2026-09-24T09:48:09Z,6,30,False,,,,7,Lewis Gregory,215,Rory Burns,24,Dom Sibley,Left,1,0,1,1,,BackOfALength,OutsideOff,,None,BackFoot,Worked,NoMovement,Round,Medium,Right,Null,NotReferred,Null,False,False,False,False,False,True,,False,False,False,False,False,False,1,0,0,0,0,False,False,148.0,139.0,Fine Leg
1651609,6,2.5,0,0,0,15,0,0,76624,,39481,County Championship 2026,1,48,Surrey Men,31,Somerset Men,8835396,2026-09-24T09:49:08Z,1,31,False,,,,456,Craig Overton,215,Rory Burns,24,Dom Sibley,Left,0,0,0,0,,LengthBall,OutsideOff,,None,FrontFoot,ForwardDefensive,NoMovement,Round,Medium,Right,Null,NotReferred,Null,False,False,False,False,False,True,,False,False,False,False,False,False,0,0,0,0,0,False,False,19.0,46.0,Backward Point
1651609,6,2.5,0,0,0,15,0,0,76624,,39481,County Championship 2026,1,48,Surrey Men,31,Somerset Men,8835412,2026-09-24T09:49:40Z,2,32,False,,,,456,Craig Overton,215,Rory Burns,24,Dom Sibley,Left,0,0,0,0,,LengthBall,OutsideOff,,OutsideEdge,FrontFoot,ForwardDefensive,NoMovement,Round,Medium,Right,Null,NotReferred,Null,False,False,False,False,False,True,,False,False,False,False,False,False,0,0,0,0,0,False,False,68.0,49.0,Third Slip
1651609,6,2.5,0,0,0,15,0,0,76624,,39481,County Championship 2026,1,48,Surrey Men,31,Somerset Men,8835411,2026-09-24T09:50:11Z,3,33,False,,,,456,Craig Overton,215,Rory Burns,24,Dom Sibley,Left,0,0,0,0,,LengthBall,OutsideOff,,None,FrontFoot,Drive,NoMovement,Round,Medium,Right,Null,NotReferred,Null,False,False,False,False,False,True,,False,False,False,False,False,False,0,0,0,0,0,False,False,314.0,46.0,Extra Cover
1651609,6,2.5,0,0,0,15,0,0,76624,,39481,County Championship 2026,1,48,Surrey Men,31,Somerset Men,8835410,2026-09-24T09:50:40Z,4,34,False,,,,456,Craig Overton,215,Rory Burns,24,Dom Sibley,Left,0,0,0,0,,HalfTracker,OutsideOff,,Left,NoMovement,Leave,NoMovement,Round,Medium,Right,Null,NotReferred,Null,False,False,False,False,False,True,,False,False,False,False,False,False,0,0,0,0,0,False,False,,,Wicketkeeper
1651609,6,2.5,0,0,0,15,0,0,76624,,39481,County Championship 2026,1,48,Surrey Men,31,Somerset Men,8835409,2026-09-24T09:51:08Z,5,35,False,,,,456,Craig Overton,215,Rory Burns,24,Dom Sibley,Left,0,0,0,0,,LengthBall,OutsideOff,,None,FrontFoot,ForwardDefensive,NoMovement,Round,Medium,Right,Null,NotReferred,Null,False,False,False,False,False,True,,False,False,False,False,False,False,0,0,0,0,0,False,False,304.0,47.0,Extra Cover
1651609,6,2.5,0,0,0,15,0,0,76624,,39481,County Championship 2026,1,48,Surrey Men,31,Somerset Men,8835408,2026-09-24T09:51:38Z,6,36,False,,,,456,Craig Overton,215,Rory Burns,24,Dom Sibley,Left,0,0,0,0,,BackOfALength,OutsideOff,,None,BackFoot,BackwardDefensive,NoMovement,Round,Medium,Right,Null,NotReferred,Null,False,False,False,False,False,True,,False,False,False,False,False,False,0,0,0,0,0,False,False,278.0,41.0,Bowler
1651612,7,2.71,4,0,0,19,0,4,76624,,39481,County Championship 2026,1,48,Surrey Men,31,Somerset Men,8835407,2026-09-24T09:52:43Z,1,37,False,,,,7,Lewis Gregory,24,Dom Sibley,215,Rory Burns,Right,0,0,0,0,,LengthBall,OutsideOff,,Left,NoMovement,Leave,NoMovement,Over,Medium,Right,Null,NotReferred,Null,False,False,False,False,False,True,,False,False,False,False,False,False,0,0,0,0,0,False,False,,,Wicketkeeper
1651612,7,2.71,4,0,0,19,0,4,76624,,39481,County Championship 2026,1,48,Surrey Men,31,Somerset Men,8835452,2026-09-24T09:53:21Z,2,38,False,,,,7,Lewis Gregory,24,Dom Sibley,215,Rory Burns,Right,0,0,0,0,,LengthBall,OutsideOff,,Left,NoMovement,Leave,InSwinger,Over,Medium,Right,Null,NotReferred,Null,False,False,False,False,False,True,,False,False,False,False,False,False,0,0,0,0,0,False,False,,,Wicketkeeper
1651612,7,2.71,4,0,0,19,0,4,76624,,39481,County Championship 2026,1,48,Surrey Men,31,Somerset Men,8835472,2026-09-24T09:54:00Z,3,39,False,,,,7,Lewis Gregory,24,Dom Sibley,215,Rory Burns,Right,0,0,0,0,,LengthBall,OutsideOff,,Left,NoMovement,Leave,NoMovement,Over,Medium,Right,Null,NotReferred,Null,False,False,False,False,False,True,,False,False,False,False,False,False,0,0,0,0,0,False,False,,,Wicketkeeper
1651612,7,2.71,4,0,0,19,0,4,76624,,39481,County Championship 2026,1,48,Surrey Men,31,Somerset Men,8835484,2026-09-24T09:54:38Z,4,40,False,,,,7,Lewis Gregory,24,Dom Sibley,215,Rory Burns,Right,0,0,0,0,,LengthBall,OutsideOff,,None,FrontFoot,ForwardDefensive,NoMovement,Over,Medium,Right,Null,NotReferred,Null,False,False,False,False,False,True,,False,False,False,False,False,False,0,0,0,0,0,False,False,314.0,48.0,Mid Wicket
1651612,7,2.71,4,0,0,19,0,4,76624,,39481,County Championship 2026,1,48,Surrey Men,31,Somerset Men,8835490,2026-09-24T09:55:17Z,5,41,False,,,,7,Lewis Gregory,24,Dom Sibley,215,Rory Burns,Right,0,0,0,0,,LengthBall,OutsideOff,,Missed,FrontFoot,ForwardDefensive,NoMovement,Over,Medium,Right,Null,NotReferred,Null,False,False,False,False,False,True,,False,False,False,False,False,False,0,0,0,0,0,False,False,,,Wicketkeeper
1651612,7,2.71,4,0,0,19,0,4,76624,,39481,County Championship 2026,1,48,Surrey Men,31,Somerset Men,8835508,2026-09-24T09:55:59Z,6,42,False,,,,7,Lewis Gregory,24,Dom Sibley,215,Rory Burns,Right,4,0,4,4,,LengthBall,OutsideOff,,WellTimed,FrontFoot,Worked,NoMovement,Over,Medium,Right,Null,NotReferred,Null,False,False,False,False,False,True,,False,False,False,False,False,False,4,0,0,0,0,True,False,322.0,176.0,
1651634,8,2.5,1,0,0,20,0,1,76624,,39481,County Championship 2026,1,48,Surrey Men,31,Somerset Men,8835542,2026-09-24T09:57:56Z,1,43,False,,,,11,Jack Leach,215,Rory Burns,24,Dom Sibley,Left,1,0,1,1,,LengthBall,LegStump,,None,FrontFoot,Worked,StockBall,Round,Orthodox,Left,Null,NotReferred,Null,False,False,False,False,False,True,,False,False,False,False,False,False,1,0,0,0,0,False,False,176.0,130.0,Deep Backward Square Leg
1651634,8,2.5,1,0,0,20,0,1,76624,,39481,County Championship 2026,1,48,Surrey Men,31,Somerset Men,8835547,2026-09-24T09:58:42Z,2,44,False,,,,11,Jack Leach,24,Dom Sibley,215,Rory Burns,Right,0,0,0,0,,LengthBall,OutsideOff,,Left,NoMovement,Leave,StockBall,Round,Orthodox,Left,Null,NotReferred,Null,False,False,False,False,False,True,,False,False,False,False,False,False,0,0,0,0,0,False,False,,,Wicketkeeper
1651634,8,2.5,1,0,0,20,0,1,76624,,39481,County Championship 2026,1,48,Surrey Men,31,Somerset Men,8835552,2026-09-24T09:58:56Z,3,45,False,,,,11,Jack Leach,24,Dom Sibley,215,Rory Burns,Right,0,0,0,0,,LengthBall,OffStump,,None,FrontFoot,ForwardDefensive,StockBall,Round,Orthodox,Left,Null,NotReferred,Null,False,False,False,False,False,True,,False,False,False,False,False,False,0,0,0,0,0,False,False,304.0,46.0,Mid Wicket
1651634,8,2.5,1,0,0,20,0,1,76624,,39481,County Championship 2026,1,48,Surrey Men,31,Somerset Men,8835557,2026-09-24T09:59:13Z,4,46,False,,,,11,Jack Leach,24,Dom Sibley,215,Rory Burns,Right,0,0,0,0,,LengthBall,OutsideOff,,Missed,FrontFoot,ForwardDefensive,StockBall,Round,Orthodox,Left,Null,NotReferred,Null,False,False,False,False,False,True,,False,False,False,False,False,False,0,0,0,0,0,False,False,,,Wicketkeeper
1651634,8,2.5,1,0,0,20,0,1,76624,,39481,County Championship 2026,1,48,Surrey Men,31,Somerset Men,8835563,2026-09-24T09:59:31Z,5,47,False,,,,11,Jack Leach,24,Dom Sibley,215,Rory Burns,Right,0,0,0,0,,LengthBall,OffStump,,None,FrontFoot,ForwardDefensive,StockBall,Round,Orthodox,Left,Null,NotReferred,Null,False,False,False,False,False,True,,False,False,False,False,False,False,0,0,0,0,0,False,False,320.0,51.0,Mid Wicket
1651634,8,2.5,1,0,0,20,0,1,76624,,39481,County Championship 2026,1,48,Surrey Men,31,Somerset Men,8835567,2026-09-24T09:59:54Z,6,48,False,,,,11,Jack Leach,24,Dom Sibley,215,Rory Burns,Right,0,0,0,0,,LengthBall,MiddleStump,,HitPad,FrontFoot,ForwardDefensive,StockBall,Round,Orthodox,Left,Null,NotReferred,Null,False,False,False,False,False,True,,False,False,False,False,False,False,0,0,0,0,0,False,False,351.0,24.0,Wicketkeeper
1651642,9,2.56,3,0,0,23,0,3,76624,,39481,County Championship 2026,1,48,Surrey Men,31,Somerset Men,8835596,2026-09-24T10:01:12Z,1,49,False,,,,7,Lewis Gregory,215,Rory Burns,24,Dom Sibley,Left,0,0,0,0,,LengthBall,LegStump,,None,FrontFoot,ForwardDefensive,NoMovement,Over,Medium,Right,Null,NotReferred,Null,False,False,False,False,False,True,,False,False,False,False,False,False,0,0,0,0,0,False,False,3.0,42.0,Backward Point
1651642,9,2.56,3,0,0,23,0,3,76624,,39481,County Championship 2026,1,48,Surrey Men,31,Somerset Men,8835623,2026-09-24T10:01:46Z,2,50,False,,,,7,Lewis Gregory,215,Rory Burns,24,Dom Sibley,Left,0,0,0,0,,LengthBall,MiddleStump,,None,FrontFoot,ForwardDefensive,NoMovement,Over,Medium,Right,Null,NotReferred,Null,False,False,False,False,False,True,,False,False,False,False,False,False,0,0,0,0,0,False,False,295.0,52.0,Mid Off
1651642,9,2.56,3,0,0,23,0,3,76624,,39481,County Championship 2026,1,48,Surrey Men,31,Somerset Men,8835622,2026-09-24T10:02:19Z,3,51,False,,,,7,Lewis Gregory,215,Rory Burns,24,Dom Sibley,Left,0,0,0,0,,LengthBall,OffStump,,None,FrontFoot,Drive,NoMovement,Over,Medium,Right,Null,NotReferred,Null,False,False,False,False,False,True,,False,False,False,False,False,False,0,0,0,0,0,False,False,14.0,55.0,Backward Point
1651642,9,2.56,3,0,0,23,0,3,76624,,39481,County Championship 2026,1,48,Surrey Men,31,Somerset Men,8835621,2026-09-24T10:02:56Z,4,52,False,,,,7,Lewis Gregory,215,Rory Burns,24,Dom Sibley,Left,0,0,0,0,,LengthBall,LegStump,,None,FrontFoot,ForwardDefensive,NoMovement,Over,Medium,Right,Null,NotReferred,Null,False,False,False,False,False,True,,False,False,False,False,False,False,0,0,0,0,0,False,False,303.0,42.0,Extra Cover
1651642,9,2.56,3,0,0,23,0,3,76624,,39481,County Championship 2026,1,48,Surrey Men,31,Somerset Men,8835620,2026-09-24T10:03:31Z,5,53,False,,,,7,Lewis Gregory,215,Rory Burns,24,Dom Sibley,Left,1,0,1,1,,BackOfALength,DownLeg,,None,BackFoot,Worked,NoMovement,Over,Medium,Right,Null,NotReferred,Null,False,False,False,False,False,True,,False,False,False,False,False,False,1,0,0,0,0,False,False,141.0,45.0,Short Fine Leg
1651642,9,2.56,3,0,0,23,0,3,76624,,39481,County Championship 2026,1,48,Surrey Men,31,Somerset Men,8835664,2026-09-24T10:04:21Z,6,54,False,,,,7,Lewis Gregory,24,Dom Sibley,215,Rory Burns,Right,2,0,2,2,,BackOfALength,OffStump,,BatPad,BackFoot,Worked,NoMovement,Over,Medium,Right,Null,NotReferred,Null,False,False,False,False,False,True,,False,False,False,False,False,False,2,0,0,0,0,False,False,71.0,149.0,Fine Leg
1651655,10,3.4,11,0,0,34,0,11,76624,,39481,County Championship 2026,1,48,Surrey Men,31,Somerset Men,8835667,2026-09-24T10:05:22Z,1,55,False,,,,11,Jack Leach,215,Rory Burns,24,Dom Sibley,Left,4,0,4,4,,LengthBall,LegStump,,Middled,FrontFoot,Sweep,StockBall,Round,Orthodox,Left,Null,NotReferred,Null,False,False,False,False,False,True,,False,False,False,False,False,False,4,0,0,0,0,True,False,136.0,163.0,
1651655,10,3.4,11,0,0,34,0,11,76624,,39481,County Championship 2026,1,48,Surrey Men,31,Somerset Men,8835666,2026-09-24T10:05:50Z,2,56,False,,,,11,Jack Leach,215,Rory Burns,24,Dom Sibley,Left,0,0,0,0,,LengthBall,MiddleStump,,None,BackFoot,BackwardDefensive,StockBall,Round,Orthodox,Left,Null,NotReferred,Null,False,False,False,False,False,True,,False,False,False,False,False,False,0,0,0,0,0,False,False,276.0,34.0,Bowler
1651655,10,3.4,11,0,0,34,0,11,76624,,39481,County Championship 2026,1,48,Surrey Men,31,Somerset Men,8835665,2026-09-24T10:06:08Z,3,57,False,,,,11,Jack Leach,215,Rory Burns,24,Dom Sibley,Left,6,0,6,6,,LengthBall,MiddleStump,,Middled,FrontFoot,SlogSweep,StockBall,Round,Orthodox,Left,Null,NotReferred,Null,False,False,False,False,True,True,,False,False,False,False,False,False,6,0,0,0,0,True,False,206.0,174.0,
1651655,10,3.4,11,0,0,34,0,11,76624,,39481,County Championship 2026,1,48,Surrey Men,31,Somerset Men,8835703,2026-09-24T10:07:09Z,4,58,False,,,,11,Jack Leach,215,Rory Burns,24,Dom Sibley,Left,0,0,0,0,,LengthBall,LegStump,,InsideEdge,FrontFoot,ForwardDefensive,StockBall,Round,Orthodox,Left,Null,NotReferred,Null,False,False,False,False,False,True,,False,False,False,False,False,False,0,0,0,0,0,False,False,117.0,57.0,Short Fine Leg
1651655,10,3.4,11,0,0,34,0,11,76624,,39481,County Championship 2026,1,48,Surrey Men,31,Somerset Men,8835711,2026-09-24T10:07:30Z,5,59,False,,,,11,Jack Leach,215,Rory Burns,24,Dom Sibley,Left,1,0,1,1,,LengthBall,LegStump,,WellTimed,FrontFoot,Sweep,StockBall,Round,Orthodox,Left,Null,NotReferred,Null,False,False,False,False,False,True,,False,False,False,False,False,False,1,0,0,0,0,False,False,156.0,149.0,Deep Backward Square Leg
1651655,10,3.4,11,0,0,34,0,11,76624,,39481,County Championship 2026,1,48,Surrey Men,31,Somerset Men,8835719,2026-09-24T10:08:07Z,6,60,False,,,,11,Jack Leach,24,Dom Sibley,215,Rory Burns,Right,0,0,0,0,,LengthBall,OffStump,,None,FrontFoot,ForwardDefensive,StockBall,Round,Orthodox,Left,Null,NotReferred,Null,False,False,False,False,False,True,,False,False,False,False,False,False,0,0,0,0,0,False,False,306.0,40.0,Mid Wicket
1651663,11,3.64,6,0,0,40,0,6,76624,,39481,County Championship 2026,1,48,Surrey Men,31,Somerset Men,8835721,2026-09-24T10:09:05Z,1,61,False,,,,456,Craig Overton,215,Rory Burns,24,Dom Sibley,Left,0,0,0,0,,BackOfALength,OutsideOff,,None,BackFoot,BackwardDefensive,NoMovement,Round,Medium,Right,Null,NotReferred,Null,False,False,False,False,False,True,,False,False,False,False,False,False,0,0,0,0,0,False,False,276.0,34.0,Bowler
1651663,11,3.64,6,0,0,40,0,6,76624,,39481,County Championship 2026,1,48,Surrey Men,31,Somerset Men,8835743,2026-09-24T10:09:35Z,2,62,False,,,,456,Craig Overton,215,Rory Burns,24,Dom Sibley,Left,0,0,0,0,,LengthBall,OutsideOff,,None,FrontFoot,ForwardDefensive,NoMovement,Round,Medium,Right,Null,NotReferred,Null,False,False,False,False,False,True,,False,False,False,False,False,False,0,0,0,0,0,False,False,257.0,56.0,Mid On
1651663,11,3.64,6,0,0,40,0,6,76624,,39481,County Championship 2026,1,48,Surrey Men,31,Somerset Men,8835751,2026-09-24T10:10:05Z,3,63,False,,,,456,Craig Overton,215,Rory Burns,24,Dom Sibley,Left,0,0,0,0,,BackOfALength,OutsideOff,,None,BackFoot,BackwardDefensive,NoMovement,Round,Medium,Right,Null,NotReferred,Null,False,False,False,False,False,True,,False,False,False,False,False,False,0,0,0,0,0,False,False,267.0,37.0,Bowler
1651663,11,3.64,6,0,0,40,0,6,76624,,39481,County Championship 2026,1,48,Surrey Men,31,Somerset Men,8835762,2026-09-24T10:10:37Z,4,64,False,,,,456,Craig Overton,215,Rory Burns,24,Dom Sibley,Left,0,0,0,0,,LengthBall,OutsideOff,,ThickEdge,FrontFoot,ForwardDefensive,NoMovement,Round,Medium,Right,Null,NotReferred,Null,False,False,False,False,False,True,,False,False,False,False,False,False,0,0,0,0,0,False,False,62.0,52.0,Third Slip
1651663,11,3.64,6,0,0,40,0,6,76624,,39481,County Championship 2026,1,48,Surrey Men,31,Somerset Men,8835772,2026-09-24T10:11:10Z,5,65,False,,,,456,Craig Overton,215,Rory Burns,24,Dom Sibley,Left,6,0,6,6,,Short,OutsideOff,,Middled,BackFoot,Hook,NoMovement,Round,Medium,Right,Null,NotReferred,Null,False,False,False,False,True,True,,False,False,False,False,False,False,6,0,0,0,0,True,False,122.0,162.0,
1651663,11,3.64,6,0,0,40,0,6,76624,,39481,County Championship 2026,1,48,Surrey Men,31,Somerset Men,8835783,2026-09-24T10:11:47Z,6,66,False,,,,456,Craig Overton,215,Rory Burns,24,Dom Sibley,Left,0,0,0,0,,BackOfALength,OutsideOff,,None,BackFoot,BackwardDefensive,NoMovement,Round,Medium,Right,Null,NotReferred,Null,False,False,False,False,False,True,,False,False,False,False,False,False,0,0,0,0,0,False,False,16.0,48.0,Backward Point
1651673,12,3.5,2,0,0,42,0,2,76624,,39481,County Championship 2026,1,48,Surrey Men,31,Somerset Men,8835797,2026-09-24T10:12:39Z,1,67,False,,,,11,Jack Leach,24,Dom Sibley,215,Rory Burns,Right,0,0,0,0,,LengthBall,OffStump,,None,FrontFoot,ForwardDefensive,StockBall,Round,Orthodox,Left,Null,NotReferred,Null,False,False,False,False,False,True,,False,False,False,False,False,False,0,0,0,0,0,False,False,293.0,13.0,Wicketkeeper
1651673,12,3.5,2,0,0,42,0,2,76624,,39481,County Championship 2026,1,48,Surrey Men,31,Somerset Men,8835803,2026-09-24T10:12:57Z,2,68,False,,,,11,Jack Leach,24,Dom Sibley,215,Rory Burns,Right,0,0,0,0,,LengthBall,OutsideOff,,None,FrontFoot,ForwardDefensive,StockBall,Round,Orthodox,Left,Null,NotReferred,Null,False,False,False,False,False,True,,False,False,False,False,False,False,0,0,0,0,0,False,False,311.0,19.0,Wicketkeeper
1651673,12,3.5,2,0,0,42,0,2,76624,,39481,County Championship 2026,1,48,Surrey Men,31,Somerset Men,8835810,2026-09-24T10:13:17Z,3,69,False,,,,11,Jack Leach,24,Dom Sibley,215,Rory Burns,Right,0,0,0,0,,LengthBall,OffStump,,None,FrontFoot,ForwardDefensive,StockBall,Round,Orthodox,Left,Null,NotReferred,Null,False,False,False,False,False,True,,False,False,False,False,False,False,0,0,0,0,0,False,False,327.0,46.0,Mid Wicket
1651673,12,3.5,2,0,0,42,0,2,76624,,39481,County Championship 2026,1,48,Surrey Men,31,Somerset Men,8835815,2026-09-24T10:13:34Z,4,70,False,,,,11,Jack Leach,24,Dom Sibley,215,Rory Burns,Right,2,0,2,2,,LengthBall,MiddleStump,,WellTimed,FrontFoot,Worked,StockBall,Round,Orthodox,Left,Null,NotReferred,Null,False,False,False,False,False,True,,False,False,False,False,False,False,2,0,0,0,0,False,False,352.0,154.0,Deep Square Leg
1651673,12,3.5,2,0,0,42,0,2,76624,,39481,County Championship 2026,1,48,Surrey Men,31,Somerset Men,8835823,2026-09-24T10:14:03Z,5,71,False,,,,11,Jack Leach,24,Dom Sibley,215,Rory Burns,Right,0,0,0,0,,LengthBall,OutsideOff,,None,FrontFoot,ForwardDefensive,StockBall,Round,Orthodox,Left,Null,NotReferred,Null,False,False,False,False,False,True,,False,False,False,False,False,False,0,0,0,0,0,False,False,224.0,32.0,Extra Cover
1651673,12,3.5,2,0,0,42,0,2,76624,,39481,County Championship 2026,1,48,Surrey Men,31,Somerset Men,8835830,2026-09-24T10:14:26Z,6,72,False,,,,11,Jack Leach,24,Dom Sibley,215,Rory Burns,Right,0,0,0,0,,LengthBall,OutsideOff,,None,FrontFoot,ForwardDefensive,StockBall,Round,Orthodox,Left,Null,NotReferred,Null,False,False,False,False,False,True,,False,False,False,False,False,False,0,0,0,0,0,False,False,190.0,15.0,Cover
1651683,13,3.54,4,0,0,46,0,4,76624,,39481,County Championship 2026,1,48,Surrey Men,31,Somerset Men,8835842,2026-09-24T10:15:17Z,1,73,False,,,,456,Craig Overton,215,Rory Burns,24,Dom Sibley,Left,0,0,0,0,,BackOfALength,OutsideOff,,None,BackFoot,Worked,NoMovement,Round,Medium,Right,Null,NotReferred,Null,False,False,False,False,False,True,,False,False,False,False,False,False,0,0,0,0,0,False,False,213.0,28.0,Mid Wicket
1651683,13,3.54,4,0,0,46,0,4,76624,,39481,County Championship 2026,1,48,Surrey Men,31,Somerset Men,8835850,2026-09-24T10:15:39Z,2,74,False,,,,456,Craig Overton,215,Rory Burns,24,Dom Sibley,Left,0,0,0,0,,BackOfALength,OutsideOff,,None,BackFoot,BackwardDefensive,NoMovement,Round,Medium,Right,Null,NotReferred,Null,False,False,False,False,False,True,,False,False,False,False,False,False,0,0,0,0,0,False,False,271.0,37.0,Bowler
1651683,13,3.54,4,0,0,46,0,4,76624,,39481,County Championship 2026,1,48,Surrey Men,31,Somerset Men,8835857,2026-09-24T10:16:09Z,3,75,False,,,,456,Craig Overton,215,Rory Burns,24,Dom Sibley,Left,0,0,0,0,,LengthBall,OutsideOff,,None,FrontFoot,ForwardDefensive,NoMovement,Round,Medium,Right,Null,NotReferred,Null,False,False,False,False,False,True,,False,False,False,False,False,False,0,0,0,0,0,False,False,276.0,34.0,Bowler
1651683,13,3.54,4,0,0,46,0,4,76624,,39481,County Championship 2026,1,48,Surrey Men,31,Somerset Men,8835865,2026-09-24T10:16:37Z,4,76,False,,,,456,Craig Overton,215,Rory Burns,24,Dom Sibley,Left,0,0,0,0,,BackOfALength,OutsideOff,,None,BackFoot,Worked,NoMovement,Round,Medium,Right,Null,NotReferred,Null,False,False,False,False,False,True,,False,False,False,False,False,False,0,0,0,0,0,False,False,246.0,60.0,Mid On
1651683,13,3.54,4,0,0,46,0,4,76624,,39481,County Championship 2026,1,48,Surrey Men,31,Somerset Men,8835873,2026-09-24T10:17:07Z,5,77,False,,,,456,Craig Overton,215,Rory Burns,24,Dom Sibley,Left,0,0,0,0,,HalfVolley,OutsideOff,,None,FrontFoot,Flick,NoMovement,Round,Medium,Right,Null,NotReferred,Null,False,False,False,False,False,True,,False,False,False,False,False,False,0,0,0,0,0,False,False,248.0,53.0,Mid On
1651683,13,3.54,4,0,0,46,0,4,76624,,39481,County Championship 2026,1,48,Surrey Men,31,Somerset Men,8835882,2026-09-24T10:17:38Z,6,78,False,,,,456,Craig Overton,215,Rory Burns,24,Dom Sibley,Left,4,0,4,4,,BackOfALength,OutsideOff,,WellTimed,BackFoot,Glance,NoMovement,Round,Medium,Right,Null,NotReferred,Null,False,False,False,False,False,True,,False,False,False,False,False,False,4,0,0,0,0,True,False,99.0,160.0,
1651691,14,3.36,1,1,0,47,1,1,76624,,39481,County Championship 2026,1,48,Surrey Men,31,Somerset Men,8835901,2026-09-24T10:18:49Z,1,79,False,,,,11,Jack Leach,24,Dom Sibley,215,Rory Burns,Right,1,0,1,1,,LengthBall,OffStump,,None,BackFoot,Worked,StockBall,Round,Orthodox,Left,Null,NotReferred,Null,False,False,False,False,False,True,,False,False,False,False,False,False,1,0,0,0,0,False,False,8.0,58.0,Backward Square Leg
1651691,14,3.36,1,1,0,47,1,1,76624,,39481,County Championship 2026,1,48,Surrey Men,31,Somerset Men,8835912,2026-09-24T10:19:30Z,2,80,False,,,,11,Jack Leach,215,Rory Burns,24,Dom Sibley,Left,0,0,0,0,,LengthBall,LegStump,,None,FrontFoot,ForwardDefensive,StockBall,Round,Orthodox,Left,Null,NotReferred,Null,False,False,False,False,False,True,,False,False,False,False,False,False,0,0,0,0,0,False,False,269.0,41.0,Bowler
1651691,14,3.36,1,1,0,47,1,1,76624,,39481,County Championship 2026,1,48,Surrey Men,31,Somerset Men,8835920,2026-09-24T10:19:48Z,3,81,True,Caught,215.0,Rory Burns,11,Jack Leach,215,Rory Burns,24,Dom Sibley,Left,0,0,0,0,Caught,LengthBall,MiddleStump,Caught,TopEdge,FrontFoot,Sweep,StockBall,Round,Orthodox,Left,Null,NotReferred,Null,False,False,False,False,False,True,1842.0,False,False,False,False,False,False,0,0,0,0,0,False,True,92.0,55.0,Short Fine Leg
1651691,14,3.36,1,1,0,47,1,1,76624,,39481,County Championship 2026,1,48,Surrey Men,31,Somerset Men,8835952,2026-09-24T10:21:57Z,4,82,False,,,,11,Jack Leach,224,Ryan Patel,24,Dom Sibley,Left,0,0,0,0,,HalfVolley,OffStump,,None,FrontFoot,ForwardDefensive,StockBall,Round,Orthodox,Left,Null,NotReferred,Null,False,False,False,False,False,True,,False,False,False,False,False,False,0,0,0,0,0,False,False,359.0,27.0,Wicketkeeper
1651691,14,3.36,1,1,0,47,1,1,76624,,39481,County Championship 2026,1,48,Surrey Men,31,Somerset Men,8835961,2026-09-24T10:22:14Z,5,83,False,,,,11,Jack Leach,224,Ryan Patel,24,Dom Sibley,Left,0,0,0,0,,BackOfALength,LegStump,,None,BackFoot,BackwardDefensive,StockBall,Round,Orthodox,Left,Null,NotReferred,Null,False,False,False,False,False,True,,False,False,False,False,False,False,0,0,0,0,0,False,False,261.0,39.0,Bowler
1651691,14,3.36,1,1,0,47,1,1,76624,,39481,County Championship 2026,1,48,Surrey Men,31,Somerset Men,8835967,2026-09-24T10:22:32Z,6,84,False,,,,11,Jack Leach,224,Ryan Patel,24,Dom Sibley,Left,0,0,0,0,,LengthBall,LegStump,,None,FrontFoot,ForwardDefensive,StockBall,Round,Orthodox,Left,Null,NotReferred,Null,False,False,False,False,False,True,,False,False,False,False,False,False,0,0,0,0,0,False,False,264.0,34.0,Bowler
1651706,15,3.2,1,0,0,48,1,1,76624,,39481,County Championship 2026,1,48,Surrey Men,31,Somerset Men,8835983,2026-09-24T10:23:27Z,1,85,False,,,,456,Craig Overton,24,Dom Sibley,224,Ryan Patel,Right,0,0,0,0,,LengthBall,OutsideOff,,None,FrontFoot,ForwardDefensive,NoMovement,Over,Medium,Right,Null,NotReferred,Null,False,False,False,False,False,True,,False,False,False,False,False,False,0,0,0,0,0,False,False,294.0,41.0,Mid On
1651706,15,3.2,1,0,0,48,1,1,76624,,39481,County Championship 2026,1,48,Surrey Men,31,Somerset Men,8835990,2026-09-24T10:23:55Z,2,86,False,,,,456,Craig Overton,24,Dom Sibley,224,Ryan Patel,Right,1,0,1,1,,BackOfALength,OutsideOff,,None,BackFoot,BackwardDefensive,NoMovement,Over,Medium,Right,Null,NotReferred,Null,False,False,False,False,False,True,,False,False,False,False,False,False,1,0,0,0,0,False,False,151.0,48.0,Backward Point
1651706,15,3.2,1,0,0,48,1,1,76624,,39481,County Championship 2026,1,48,Surrey Men,31,Somerset Men,8835998,2026-09-24T10:24:40Z,3,87,False,,,,456,Craig Overton,224,Ryan Patel,24,Dom Sibley,Left,0,0,0,0,,LengthBall,LegStump,,None,BackFoot,BackwardDefensive,NoMovement,Over,Medium,Right,Null,NotReferred,Null,False,False,False,False,False,True,,False,False,False,False,False,False,0,0,0,0,0,False,False,322.0,47.0,Extra Cover
1651706,15,3.2,1,0,0,48,1,1,76624,,39481,County Championship 2026,1,48,Surrey Men,31,Somerset Men,8836006,2026-09-24T10:25:15Z,4,88,False,,,,456,Craig Overton,224,Ryan Patel,24,Dom Sibley,Left,0,0,0,0,,LengthBall,LegStump,,None,BackFoot,BackwardDefensive,NoMovement,Over,Medium,Right,Null,NotReferred,Null,False,False,False,False,False,True,,False,False,False,False,False,False,0,0,0,0,0,False,False,263.0,39.0,Bowler
1651706,15,3.2,1,0,0,48,1,1,76624,,39481,County Championship 2026,1,48,Surrey Men,31,Somerset Men,8836014,2026-09-24T10:25:40Z,5,89,False,,,,456,Craig Overton,224,Ryan Patel,24,Dom Sibley,Left,0,0,0,0,,LengthBall,MiddleStump,,None,FrontFoot,ForwardDefensive,NoMovement,Over,Medium,Right,Null,NotReferred,Null,False,False,False,False,False,True,,False,False,False,False,False,False,0,0,0,0,0,False,False,320.0,47.0,Extra Cover
1651706,15,3.2,1,0,0,48,1,1,76624,,39481,County Championship 2026,1,48,Surrey Men,31,Somerset Men,8836022,2026-09-24T10:26:15Z,6,90,False,,,,456,Craig Overton,224,Ryan Patel,24,Dom Sibley,Left,0,0,0,0,,LengthBall,OffStump,,Left,NoMovement,Leave,NoMovement,Over,Medium,Right,Null,NotReferred,Null,False,False,False,False,False,True,,False,False,False,False,False,False,0,0,0,0,0,False,False,,,Wicketkeeper
1651713,16,3.06,1,0,0,49,1,1,76624,,39481,County Championship 2026,1,48,Surrey Men,31,Somerset Men,8836036,2026-09-24T10:27:09Z,1,91,False,,,,11,Jack Leach,24,Dom Sibley,224,Ryan Patel,Right,0,0,0,0,,LengthBall,OffStump,,None,FrontFoot,ForwardDefensive,StockBall,Round,Orthodox,Left,Null,NotReferred,Null,False,False,False,False,False,True,,False,False,False,False,False,False,0,0,0,0,0,False,False,220.0,39.0,Extra Cover
1651713,16,3.06,1,0,0,49,1,1,76624,,39481,County Championship 2026,1,48,Surrey Men,31,Somerset Men,8836043,2026-09-24T10:27:30Z,2,92,False,,,,11,Jack Leach,24,Dom Sibley,224,Ryan Patel,Right,0,0,0,0,,LengthBall,OutsideOff,,None,FrontFoot,ForwardDefensive,StockBall,Round,Orthodox,Left,Null,NotReferred,Null,False,False,False,False,False,True,,False,False,False,False,False,False,0,0,0,0,0,False,False,157.0,40.0,Backward Point
1651713,16,3.06,1,0,0,49,1,1,76624,,39481,County Championship 2026,1,48,Surrey Men,31,Somerset Men,8836046,2026-09-24T10:27:47Z,3,93,False,,,,11,Jack Leach,24,Dom Sibley,224,Ryan Patel,Right,0,0,0,0,,LengthBall,OutsideOff,,Missed,FrontFoot,ForwardDefensive,StockBall,Round,Orthodox,Left,Null,NotReferred,Null,False,False,False,False,False,True,,False,False,False,False,False,False,0,0,0,0,0,False,False,,,Wicketkeeper
1651713,16,3.06,1,0,0,49,1,1,76624,,39481,County Championship 2026,1,48,Surrey Men,31,Somerset Men,8836054,2026-09-24T10:28:08Z,4,94,False,,,,11,Jack Leach,24,Dom Sibley,224,Ryan Patel,Right,1,0,1,1,,HalfVolley,OffStump,,LeadingEdge,FrontFoot,Worked,StockBall,Round,Orthodox,Left,Null,NotReferred,Null,False,False,False,False,False,True,,False,False,False,False,False,False,1,0,0,0,0,False,False,198.0,42.0,Cover
1651713,16,3.06,1,0,0,49,1,1,76624,,39481,County Championship 2026,1,48,Surrey Men,31,Somerset Men,8836063,2026-09-24T10:28:49Z,5,95,False,,,,11,Jack Leach,224,Ryan Patel,24,Dom Sibley,Left,0,0,0,0,,LengthBall,MiddleStump,,Missed,BackFoot,BackwardDefensive,StockBall,Round,Orthodox,Left,Null,NotReferred,Null,False,False,False,False,False,True,,False,False,False,False,False,False,0,0,0,0,0,False,False,,,Wicketkeeper
1651713,16,3.06,1,0,0,49,1,1,76624,,39481,County Championship 2026,1,48,Surrey Men,31,Somerset Men,8836068,2026-09-24T10:29:07Z,6,96,False,,,,11,Jack Leach,224,Ryan Patel,24,Dom Sibley,Left,0,0,0,0,,LengthBall,LegStump,,None,FrontFoot,ForwardDefensive,StockBall,Round,Orthodox,Left,Null,NotReferred,Null,False,False,False,False,False,True,,False,False,False,False,False,False,0,0,0,0,0,False,False,285.0,37.0,Bowler
1651721,17,3.06,3,0,0,52,1,3,76624,,39481,County Championship 2026,1,48,Surrey Men,31,Somerset Men,8836081,2026-09-24T10:30:02Z,1,97,False,,,,456,Craig Overton,24,Dom Sibley,224,Ryan Patel,Right,0,0,0,0,,LengthBall,OutsideOff,,None,FrontFoot,ForwardDefensive,NoMovement,Over,Medium,Right,Null,NotReferred,Null,False,False,False,False,False,True,,False,False,False,False,False,False,0,0,0,0,0,False,False,175.0,26.0,Backward Point
1651721,17,3.06,3,0,0,52,1,3,76624,,39481,County Championship 2026,1,48,Surrey Men,31,Somerset Men,8836093,2026-09-24T10:30:31Z,2,98,False,,,,456,Craig Overton,24,Dom Sibley,224,Ryan Patel,Right,1,0,1,1,,LengthBall,OutsideOff,,None,FrontFoot,ForwardDefensive,NoMovement,Over,Medium,Right,Null,NotReferred,Null,False,False,False,False,False,True,,False,False,False,False,False,False,1,0,0,0,0,False,False,204.0,50.0,Cover
1651721,17,3.06,3,0,0,52,1,3,76624,,39481,County Championship 2026,1,48,Surrey Men,31,Somerset Men,8836104,2026-09-24T10:31:08Z,3,99,False,,,,456,Craig Overton,224,Ryan Patel,24,Dom Sibley,Left,0,0,0,0,,LengthBall,DownLeg,,None,FrontFoot,ForwardDefensive,NoMovement,Over,Medium,Right,Null,NotReferred,Null,False,False,False,False,False,True,,False,False,False,False,False,False,0,0,0,0,0,False,False,208.0,39.0,Square Leg
1651721,17,3.06,3,0,0,52,1,3,76624,,39481,County Championship 2026,1,48,Surrey Men,31,Somerset Men,8836118,2026-09-24T10:31:37Z,4,100,False,,,,456,Craig Overton,224,Ryan Patel,24,Dom Sibley,Left,2,0,2,2,,Short,DownLeg,,None,BackFoot,Pull,NoMovement,Over,Medium,Right,Null,NotReferred,Null,False,False,False,False,False,True,,False,False,False,False,False,False,2,0,0,0,0,False,False,136.0,153.0,Fine Leg
1651721,17,3.06,3,0,0,52,1,3,76624,,39481,County Championship 2026,1,48,Surrey Men,31,Somerset Men,8836120,2026-09-24T10:32:14Z,5,101,False,,,,456,Craig Overton,224,Ryan Patel,24,Dom Sibley,Left,0,0,0,0,,Short,DownLeg,,Missed,BackFoot,Pull,NoMovement,Over,Medium,Right,Null,NotReferred,Null,False,False,False,False,False,True,,False,False,False,False,False,False,0,0,0,0,0,False,False,,,Wicketkeeper
1651721,17,3.06,3,0,0,52,1,3,76624,,39481,County Championship 2026,1,48,Surrey Men,31,Somerset Men,8836134,2026-09-24T10:32:48Z,6,102,False,,,,456,Craig Overton,224,Ryan Patel,24,Dom Sibley,Left,0,0,0,0,,LengthBall,MiddleStump,,None,FrontFoot,ForwardDefensive,NoMovement,Over,Medium,Right,Null,NotReferred,Null,False,False,False,False,False,True,,False,False,False,False,False,False,0,0,0,0,0,False,False,312.0,50.0,Extra Cover
1651735,18,2.89,0,0,0,52,1,0,76624,,39481,County Championship 2026,1,48,Surrey Men,31,Somerset Men,8836150,2026-09-24T10:33:44Z,1,103,False,,,,11,Jack Leach,24,Dom Sibley,224,Ryan Patel,Right,0,0,0,0,,LengthBall,OutsideOff,,None,FrontFoot,ForwardDefensive,StockBall,Round,Orthodox,Left,Null,NotReferred,Null,False,False,False,False,False,True,,False,False,False,False,False,False,0,0,0,0,0,False,False,271.0,39.0,Bowler
1651735,18,2.89,0,0,0,52,1,0,76624,,39481,County Championship 2026,1,48,Surrey Men,31,Somerset Men,8836157,2026-09-24T10:34:01Z,2,104,False,,,,11,Jack Leach,24,Dom Sibley,224,Ryan Patel,Right,0,0,0,0,,LengthBall,OutsideOff,,None,BackFoot,Drive,StockBall,Round,Orthodox,Left,Null,NotReferred,Null,False,False,False,False,False,True,,False,False,False,False,False,False,0,0,0,0,0,False,False,193.0,70.0,Cover
1651735,18,2.89,0,0,0,52,1,0,76624,,39481,County Championship 2026,1,48,Surrey Men,31,Somerset Men,8836162,2026-09-24T10:34:21Z,3,105,False,,,,11,Jack Leach,24,Dom Sibley,224,Ryan Patel,Right,0,0,0,0,,LengthBall,MiddleStump,,None,FrontFoot,ForwardDefensive,StockBall,Round,Orthodox,Left,Null,NotReferred,Null,False,False,False,False,False,True,,False,False,False,False,False,False,0,0,0,0,0,False,False,19.0,46.0,Backward Square Leg
1651735,18,2.89,0,0,0,52,1,0,76624,,39481,County Championship 2026,1,48,Surrey Men,31,Somerset Men,8836179,2026-09-24T10:35:23Z,4,106,False,,,,11,Jack Leach,24,Dom Sibley,224,Ryan Patel,Right,0,0,0,0,,LengthBall,MiddleStump,,None,FrontFoot,Worked,StockBall,Round,Orthodox,Left,Null,NotReferred,Null,False,False,False,False,False,True,,False,False,False,False,False,False,0,0,0,0,0,False,False,19.0,53.0,Backward Square Leg
1651735,18,2.89,0,0,0,52,1,0,76624,,39481,County Championship 2026,1,48,Surrey Men,31,Somerset Men,8836184,2026-09-24T10:35:43Z,5,107,False,,,,11,Jack Leach,24,Dom Sibley,224,Ryan Patel,Right,0,0,0,0,,HalfVolley,MiddleStump,,None,FrontFoot,Worked,StockBall,Round,Orthodox,Left,Null,NotReferred,Null,False,False,False,False,False,True,,False,False,False,False,False,False,0,0,0,0,0,False,False,23.0,47.0,Backward Square Leg
1651735,18,2.89,0,0,0,52,1,0,76624,,39481,County Championship 2026,1,48,Surrey Men,31,Somerset Men,8836189,2026-09-24T10:36:02Z,6,108,False,,,,11,Jack Leach,24,Dom Sibley,224,Ryan Patel,Right,0,0,0,0,,LengthBall,OffStump,,None,FrontFoot,ForwardDefensive,StockBall,Round,Orthodox,Left,Null,NotReferred,Null,False,False,False,False,False,True,,False,False,False,False,False,False,0,0,0,0,0,False,False,344.0,15.0,Square Leg
1651743,19,2.74,0,0,0,52,1,0,76624,,39481,County Championship 2026,1,48,Surrey Men,31,Somerset Men,8836203,2026-09-24T10:37:02Z,1,109,False,,,,2675,Migael Pretorius,224,Ryan Patel,24,Dom Sibley,Left,0,0,0,0,,LengthBall,LegStump,,None,FrontFoot,ForwardDefensive,NoMovement,Over,FastSeam,Right,Null,NotReferred,Null,False,False,False,False,False,True,,False,False,False,False,False,False,0,0,0,0,0,False,False,265.0,37.0,Bowler
1651743,19,2.74,0,0,0,52,1,0,76624,,39481,County Championship 2026,1,48,Surrey Men,31,Somerset Men,8836213,2026-09-24T10:37:39Z,2,110,False,,,,2675,Migael Pretorius,224,Ryan Patel,24,Dom Sibley,Left,0,0,0,0,,BackOfALength,OffStump,,Left,NoMovement,Leave,NoMovement,Over,FastSeam,Right,Null,NotReferred,Null,False,False,False,False,False,True,,False,False,False,False,False,False,0,0,0,0,0,False,False,,,Wicketkeeper
1651743,19,2.74,0,0,0,52,1,0,76624,,39481,County Championship 2026,1,48,Surrey Men,31,Somerset Men,8836225,2026-09-24T10:38:13Z,3,111,False,,,,2675,Migael Pretorius,224,Ryan Patel,24,Dom Sibley,Left,0,0,0,0,,LengthBall,OffStump,,Left,NoMovement,Leave,NoMovement,Over,FastSeam,Right,Null,NotReferred,Null,False,False,False,False,False,True,,False,False,False,False,False,False,0,0,0,0,0,False,False,,,Wicketkeeper
1651743,19,2.74,0,0,0,52,1,0,76624,,39481,County Championship 2026,1,48,Surrey Men,31,Somerset Men,8836233,2026-09-24T10:38:46Z,4,112,False,,,,2675,Migael Pretorius,224,Ryan Patel,24,Dom Sibley,Left,0,0,0,0,,BackOfALength,LegStump,,Missed,BackFoot,BackwardDefensive,NoMovement,Over,FastSeam,Right,Null,NotReferred,Null,False,False,False,False,False,True,,False,False,False,False,False,False,0,0,0,0,0,False,False,,,Wicketkeeper
1651743,19,2.74,0,0,0,52,1,0,76624,,39481,County Championship 2026,1,48,Surrey Men,31,Somerset Men,8836243,2026-09-24T10:39:22Z,5,113,False,,,,2675,Migael Pretorius,224,Ryan Patel,24,Dom Sibley,Left,0,0,0,0,,LengthBall,MiddleStump,,None,FrontFoot,ForwardDefensive,NoMovement,Over,FastSeam,Right,Null,NotReferred,Null,False,False,False,False,False,True,,False,False,False,False,False,False,0,0,0,0,0,False,False,277.0,52.0,Mid Off
1651743,19,2.74,0,0,0,52,1,0,76624,,39481,County Championship 2026,1,48,Surrey Men,31,Somerset Men,8836254,2026-09-24T10:39:54Z,6,114,False,,,,2675,Migael Pretorius,224,Ryan Patel,24,Dom Sibley,Left,0,0,0,0,,LengthBall,DownLeg,,HitPad,BackFoot,Worked,NoMovement,Over,FastSeam,Right,Null,NotReferred,Null,False,False,False,False,False,True,,False,False,False,False,False,False,0,0,0,0,0,False,False,94.0,29.0,Wicketkeeper
1651752,20,2.6,0,0,0,52,1,0,76624,,39481,County Championship 2026,1,48,Surrey Men,31,Somerset Men,8836265,2026-09-24T10:40:51Z,1,115,False,,,,11,Jack Leach,24,Dom Sibley,224,Ryan Patel,Right,0,0,0,0,,LengthBall,OutsideOff,,None,FrontFoot,ForwardDefensive,StockBall,Round,Orthodox,Left,Null,NotReferred,Null,False,False,False,False,False,True,,False,False,False,False,False,False,0,0,0,0,0,False,False,223.0,31.0,Extra Cover
1651752,20,2.6,0,0,0,52,1,0,76624,,39481,County Championship 2026,1,48,Surrey Men,31,Somerset Men,8836273,2026-09-24T10:41:07Z,2,116,False,,,,11,Jack Leach,24,Dom Sibley,224,Ryan Patel,Right,0,0,0,0,,HalfVolley,OutsideOff,,None,FrontFoot,ForwardDefensive,StockBall,Round,Orthodox,Left,Null,NotReferred,Null,False,False,False,False,False,True,,False,False,False,False,False,False,0,0,0,0,0,False,False,213.0,39.0,Extra Cover
1651752,20,2.6,0,0,0,52,1,0,76624,,39481,County Championship 2026,1,48,Surrey Men,31,Somerset Men,8836277,2026-09-24T10:41:29Z,3,117,False,,,,11,Jack Leach,24,Dom Sibley,224,Ryan Patel,Right,0,0,0,0,,HalfVolley,OutsideOff,,None,FrontFoot,Drive,StockBall,Round,Orthodox,Left,Null,NotReferred,Null,False,False,False,False,False,True,,False,False,False,False,False,False,0,0,0,0,0,False,False,196.0,64.0,Cover
1651752,20,2.6,0,0,0,52,1,0,76624,,39481,County Championship 2026,1,48,Surrey Men,31,Somerset Men,8836281,2026-09-24T10:41:44Z,4,118,False,,,,11,Jack Leach,24,Dom Sibley,224,Ryan Patel,Right,0,0,0,0,,LengthBall,OutsideOff,,Left,NoMovement,Leave,StockBall,Round,Orthodox,Left,Null,NotReferred,Null,False,False,False,False,False,True,,False,False,False,False,False,False,0,0,0,0,0,False,False,,,Wicketkeeper
1651752,20,2.6,0,0,0,52,1,0,76624,,39481,County Championship 2026,1,48,Surrey Men,31,Somerset Men,8836287,2026-09-24T10:42:02Z,5,119,False,,,,11,Jack Leach,24,Dom Sibley,224,Ryan Patel,Right,0,0,0,0,,BackOfALength,OffStump,,None,BackFoot,Worked,StockBall,Round,Orthodox,Left,Null,NotReferred,Null,False,False,False,False,False,True,,False,False,False,False,False,False,0,0,0,0,0,False,False,325.0,70.0,Mid Wicket
1651752,20,2.6,0,0,0,52,1,0,76624,,39481,County Championship 2026,1,48,Surrey Men,31,Somerset Men,8836294,2026-09-24T10:42:22Z,6,120,False,,,,11,Jack Leach,24,Dom Sibley,224,Ryan Patel,Right,0,0,0,0,,LengthBall,OutsideOff,,None,FrontFoot,ForwardDefensive,StockBall,Round,Orthodox,Left,Null,NotReferred,Null,False,False,False,False,False,True,,False,False,False,False,False,False,0,0,0,0,0,False,False,226.0,12.0,Wicketkeeper
1651760,21,2.71,5,0,0,57,1,5,76624,,39481,County Championship 2026,1,48,Surrey Men,31,Somerset Men,8836304,2026-09-24T10:43:11Z,1,121,False,,,,2675,Migael Pretorius,224,Ryan Patel,24,Dom Sibley,Left,0,0,0,0,,LengthBall,OffStump,,Left,NoMovement,Leave,NoMovement,Over,FastSeam,Right,Null,NotReferred,Null,False,False,False,False,False,True,,False,False,False,False,False,False,0,0,0,0,0,False,False,,,Wicketkeeper
1651760,21,2.71,5,0,0,57,1,5,76624,,39481,County Championship 2026,1,48,Surrey Men,31,Somerset Men,8836317,2026-09-24T10:43:46Z,2,122,False,,,,2675,Migael Pretorius,224,Ryan Patel,24,Dom Sibley,Left,4,0,4,4,,HalfVolley,OutsideOff,,WellTimed,FrontFoot,Drive,NoMovement,Over,FastSeam,Right,Null,NotReferred,Null,False,False,False,False,False,True,,False,False,False,False,False,False,4,0,0,0,0,True,False,334.0,174.0,
1651760,21,2.71,5,0,0,57,1,5,76624,,39481,County Championship 2026,1,48,Surrey Men,31,Somerset Men,8836327,2026-09-24T10:44:23Z,3,123,False,,,,2675,Migael Pretorius,224,Ryan Patel,24,Dom Sibley,Left,0,0,0,0,,LengthBall,OutsideOff,,Left,NoMovement,Leave,NoMovement,Over,FastSeam,Right,Null,NotReferred,Null,False,False,False,False,False,True,,False,False,False,False,False,False,0,0,0,0,0,False,False,,,Wicketkeeper
1651760,21,2.71,5,0,0,57,1,5,76624,,39481,County Championship 2026,1,48,Surrey Men,31,Somerset Men,8836338,2026-09-24T10:44:58Z,4,124,False,,,,2675,Migael Pretorius,224,Ryan Patel,24,Dom Sibley,Left,0,0,0,0,,BackOfALength,OutsideOff,,Left,NoMovement,Leave,NoMovement,Over,FastSeam,Right,Null,NotReferred,Null,False,False,False,False,False,True,,False,False,False,False,False,False,0,0,0,0,0,False,False,,,Wicketkeeper
1651760,21,2.71,5,0,0,57,1,5,76624,,39481,County Championship 2026,1,48,Surrey Men,31,Somerset Men,8836349,2026-09-24T10:45:37Z,5,125,False,,,,2675,Migael Pretorius,224,Ryan Patel,24,Dom Sibley,Left,1,1,1,0,,BackOfALength,OutsideOff,,Missed,BackFoot,Cut,NoMovement,Over,FastSeam,Right,Null,NotReferred,Null,True,False,False,False,False,True,,False,False,False,False,False,False,1,0,1,0,0,False,False,,,Wicketkeeper
1651760,21,2.71,5,0,0,57,1,5,76624,,39481,County Championship 2026,1,48,Surrey Men,31,Somerset Men,8836357,2026-09-24T10:46:10Z,5,126,False,,,,2675,Migael Pretorius,224,Ryan Patel,24,Dom Sibley,Left,0,0,0,0,,BackOfALength,MiddleStump,,Left,NoMovement,Leave,NoMovement,Over,FastSeam,Right,Null,NotReferred,Null,False,False,False,False,False,True,,False,False,False,False,False,False,0,0,0,0,0,False,False,,,Wicketkeeper
1651760,21,2.71,5,0,0,57,1,5,76624,,39481,County Championship 2026,1,48,Surrey Men,31,Somerset Men,8836369,2026-09-24T10:46:43Z,6,127,False,,,,2675,Migael Pretorius,224,Ryan Patel,24,Dom Sibley,Left,0,0,0,0,,Short,DownLeg,,MisTimed,NoMovement,Leave,NoMovement,Over,FastSeam,Right,Null,NotReferred,Null,False,False,False,False,False,True,,False,False,False,False,False,False,0,0,0,0,0,False,False,336.0,41.0,Cover
1651773,22,2.77,4,0,0,61,1,4,76624,,39481,County Championship 2026,1,48,Surrey Men,31,Somerset Men,8836383,2026-09-24T10:47:40Z,1,128,False,,,,11,Jack Leach,24,Dom Sibley,224,Ryan Patel,Right,0,0,0,0,,LengthBall,OffStump,,None,FrontFoot,ForwardDefensive,StockBall,Round,Orthodox,Left,Null,NotReferred,Null,False,False,False,False,False,True,,False,False,False,False,False,False,0,0,0,0,0,False,False,317.0,46.0,Mid Wicket
1651773,22,2.77,4,0,0,61,1,4,76624,,39481,County Championship 2026,1,48,Surrey Men,31,Somerset Men,8836389,2026-09-24T10:47:56Z,2,129,False,,,,11,Jack Leach,24,Dom Sibley,224,Ryan Patel,Right,0,0,0,0,,LengthBall,MiddleStump,,WellTimed,FrontFoot,Sweep,StockBall,Round,Orthodox,Left,Null,NotReferred,Null,False,False,False,False,False,True,,False,False,False,False,False,False,0,0,0,0,0,False,False,16.0,64.0,Backward Square Leg
1651773,22,2.77,4,0,0,61,1,4,76624,,39481,County Championship 2026,1,48,Surrey Men,31,Somerset Men,8836396,2026-09-24T10:48:20Z,3,130,False,,,,11,Jack Leach,24,Dom Sibley,224,Ryan Patel,Right,4,0,4,4,,BackOfALength,OutsideOff,,WellTimed,BackFoot,Worked,StockBall,Round,Orthodox,Left,Null,NotReferred,Null,False,False,False,False,False,True,,False,False,False,False,False,False,4,0,0,0,0,True,False,349.0,172.0,
1651773,22,2.77,4,0,0,61,1,4,76624,,39481,County Championship 2026,1,48,Surrey Men,31,Somerset Men,8836403,2026-09-24T10:48:54Z,4,131,False,,,,11,Jack Leach,24,Dom Sibley,224,Ryan Patel,Right,0,0,0,0,,LengthBall,OutsideOff,,None,FrontFoot,ForwardDefensive,StockBall,Round,Orthodox,Left,Null,NotReferred,Null,False,False,False,False,False,True,,False,False,False,False,False,False,0,0,0,0,0,False,False,271.0,34.0,Bowler
1651773,22,2.77,4,0,0,61,1,4,76624,,39481,County Championship 2026,1,48,Surrey Men,31,Somerset Men,8836408,2026-09-24T10:49:11Z,5,132,False,,,,11,Jack Leach,24,Dom Sibley,224,Ryan Patel,Right,0,0,0,0,,LengthBall,OffStump,,None,FrontFoot,Drive,StockBall,Round,Orthodox,Left,Null,NotReferred,Null,False,False,False,False,False,True,,False,False,False,False,False,False,0,0,0,0,0,False,False,283.0,59.0,Mid On
1651773,22,2.77,4,0,0,61,1,4,76624,,39481,County Championship 2026,1,48,Surrey Men,31,Somerset Men,8836415,2026-09-24T10:49:34Z,6,133,False,,,,11,Jack Leach,24,Dom Sibley,224,Ryan Patel,Right,0,0,0,0,,LengthBall,MiddleStump,Lbw,HitPad,FrontFoot,Sweep,StockBall,Round,Orthodox,Left,Null,NotReferred,Null,False,False,False,False,False,True,1842.0,False,False,False,False,False,False,0,0,0,0,0,False,False,37.0,0.0,Wicketkeeper
1651780,23,2.74,2,0,0,63,1,2,76624,,39481,County Championship 2026,1,48,Surrey Men,31,Somerset Men,8836435,2026-09-24T10:51:04Z,1,134,False,,,,2675,Migael Pretorius,224,Ryan Patel,24,Dom Sibley,Left,0,0,0,0,,LengthBall,OutsideOff,,WellTimed,BackFoot,Drive,NoMovement,Round,FastSeam,Right,Null,NotReferred,Null,False,False,False,False,False,True,,False,False,False,False,False,False,0,0,0,0,0,False,False,339.0,72.0,Cover
1651780,23,2.74,2,0,0,63,1,2,76624,,39481,County Championship 2026,1,48,Surrey Men,31,Somerset Men,8836446,2026-09-24T10:51:41Z,2,135,False,,,,2675,Migael Pretorius,224,Ryan Patel,24,Dom Sibley,Left,0,0,0,0,,LengthBall,OutsideOff,,Left,NoMovement,Leave,NoMovement,Round,FastSeam,Right,Null,NotReferred,Null,False,False,False,False,False,True,,False,False,False,False,False,False,0,0,0,0,0,False,False,,,Wicketkeeper
1651780,23,2.74,2,0,0,63,1,2,76624,,39481,County Championship 2026,1,48,Surrey Men,31,Somerset Men,8836456,2026-09-24T10:52:14Z,3,136,False,,,,2675,Migael Pretorius,224,Ryan Patel,24,Dom Sibley,Left,0,0,0,0,,BackOfALength,OutsideOff,,None,BackFoot,BackwardDefensive,NoMovement,Round,FastSeam,Right,Null,NotReferred,Null,False,False,False,False,False,True,,False,False,False,False,False,False,0,0,0,0,0,False,False,10.0,51.0,Backward Point
1651780,23,2.74,2,0,0,63,1,2,76624,,39481,County Championship 2026,1,48,Surrey Men,31,Somerset Men,8836464,2026-09-24T10:52:46Z,4,137,False,,,,2675,Migael Pretorius,224,Ryan Patel,24,Dom Sibley,Left,1,0,1,1,,LengthBall,OutsideOff,,None,FrontFoot,Drive,NoMovement,Round,FastSeam,Right,Null,NotReferred,Null,False,False,False,False,False,True,,False,False,False,False,False,False,1,0,0,0,0,False,False,305.0,73.0,Extra Cover
1651780,23,2.74,2,0,0,63,1,2,76624,,39481,County Championship 2026,1,48,Surrey Men,31,Somerset Men,8836475,2026-09-24T10:53:25Z,5,138,False,,,,2675,Migael Pretorius,24,Dom Sibley,224,Ryan Patel,Right,1,0,1,1,,HalfVolley,OutsideOff,,None,FrontFoot,Drive,NoMovement,Over,FastSeam,Right,Null,NotReferred,Null,False,False,False,False,False,True,,False,False,False,False,False,False,1,0,0,0,0,False,False,250.0,76.0,Mid Off
1651780,23,2.74,2,0,0,63,1,2,76624,,39481,County Championship 2026,1,48,Surrey Men,31,Somerset Men,8836484,2026-09-24T10:54:01Z,6,139,False,,,,2675,Migael Pretorius,224,Ryan Patel,24,Dom Sibley,Left,0,0,0,0,,Short,OutsideOff,,PlayAndMissLegSide,BackFoot,Pull,NoMovement,Round,FastSeam,Right,Null,NotReferred,Null,False,False,False,False,False,True,,False,False,False,False,False,False,0,0,0,0,0,False,False,,,Wicketkeeper
1651791,24,2.62,0,0,0,63,1,0,76624,,39481,County Championship 2026,1,48,Surrey Men,31,Somerset Men,8836500,2026-09-24T10:54:56Z,1,140,False,,,,11,Jack Leach,24,Dom Sibley,224,Ryan Patel,Right,0,0,0,0,,LengthBall,OutsideOff,,None,FrontFoot,ForwardDefensive,StockBall,Round,Orthodox,Left,Null,NotReferred,Null,False,False,False,False,False,True,,False,False,False,False,False,False,0,0,0,0,0,False,False,259.0,32.0,Mid Off
1651791,24,2.62,0,0,0,63,1,0,76624,,39481,County Championship 2026,1,48,Surrey Men,31,Somerset Men,8836504,2026-09-24T10:55:16Z,2,141,False,,,,11,Jack Leach,24,Dom Sibley,224,Ryan Patel,Right,0,0,0,0,,LengthBall,OutsideOff,,ThickEdge,FrontFoot,ForwardDefensive,StockBall,Round,Orthodox,Left,Null,NotReferred,Null,False,False,False,False,False,True,,False,False,False,False,False,False,0,0,0,0,0,False,False,351.0,19.0,Square Leg
1651791,24,2.62,0,0,0,63,1,0,76624,,39481,County Championship 2026,1,48,Surrey Men,31,Somerset Men,8836510,2026-09-24T10:55:34Z,3,142,False,,,,11,Jack Leach,24,Dom Sibley,224,Ryan Patel,Right,0,0,0,0,,LengthBall,OutsideOff,,None,FrontFoot,ForwardDefensive,StockBall,Round,Orthodox,Left,Null,NotReferred,Null,False,False,False,False,False,True,,False,False,False,False,False,False,0,0,0,0,0,False,False,214.0,33.0,Extra Cover
1651791,24,2.62,0,0,0,63,1,0,76624,,39481,County Championship 2026,1,48,Surrey Men,31,Somerset Men,8836516,2026-09-24T10:55:52Z,4,143,False,,,,11,Jack Leach,24,Dom Sibley,224,Ryan Patel,Right,0,0,0,0,,LengthBall,OutsideOff,,Left,NoMovement,Leave,StockBall,Round,Orthodox,Left,Null,NotReferred,Null,False,False,False,False,False,True,,False,False,False,False,False,False,0,0,0,0,0,False,False,,,Wicketkeeper
1651791,24,2.62,0,0,0,63,1,0,76624,,39481,County Championship 2026,1,48,Surrey Men,31,Somerset Men,8836522,2026-09-24T10:56:10Z,5,144,False,,,,11,Jack Leach,24,Dom Sibley,224,Ryan Patel,Right,0,0,0,0,,LengthBall,OutsideOff,,None,FrontFoot,ForwardDefensive,StockBall,Round,Orthodox,Left,Null,NotReferred,Null,False,False,False,False,False,True,,False,False,False,False,False,False,0,0,0,0,0,False,False,212.0,38.0,Extra Cover
1651791,24,2.62,0,0,0,63,1,0,76624,,39481,County Championship 2026,1,48,Surrey Men,31,Somerset Men,8836527,2026-09-24T10:56:31Z,6,145,False,,,,11,Jack Leach,24,Dom Sibley,224,Ryan Patel,Right,0,0,0,0,,LengthBall,OutsideOff,,None,FrontFoot,ForwardDefensive,StockBall,Round,Orthodox,Left,Null,NotReferred,Null,False,False,False,False,False,True,,False,False,False,False,False,False,0,0,0,0,0,False,False,170.0,49.0,Backward Point
1651799,25,2.68,4,0,0,67,1,4,76624,,39481,County Championship 2026,1,48,Surrey Men,31,Somerset Men,8836543,2026-09-24T10:57:25Z,1,146,False,,,,2675,Migael Pretorius,224,Ryan Patel,24,Dom Sibley,Left,4,0,4,4,,LengthBall,OutsideOff,,WellTimed,FrontFoot,Drive,NoMovement,Round,FastSeam,Right,Null,NotReferred,Null,False,False,False,False,False,True,,False,False,False,False,False,False,4,0,0,0,0,True,False,321.0,176.0,
1651799,25,2.68,4,0,0,67,1,4,76624,,39481,County Championship 2026,1,48,Surrey Men,31,Somerset Men,8836555,2026-09-24T10:58:11Z,2,147,False,,,,2675,Migael Pretorius,224,Ryan Patel,24,Dom Sibley,Left,0,0,0,0,,HalfVolley,OffStump,,None,FrontFoot,Drive,NoMovement,Round,FastSeam,Right,Null,NotReferred,Null,False,False,False,False,False,True,,False,False,False,False,False,False,0,0,0,0,0,False,False,267.0,37.0,Bowler
1651799,25,2.68,4,0,0,67,1,4,76624,,39481,County Championship 2026,1,48,Surrey Men,31,Somerset Men,8836565,2026-09-24T10:58:49Z,3,148,False,,,,2675,Migael Pretorius,224,Ryan Patel,24,Dom Sibley,Left,0,0,0,0,,BackOfALength,OutsideOff,,Missed,BackFoot,Cut,NoMovement,Round,FastSeam,Right,Null,NotReferred,Null,False,False,False,False,False,True,,False,False,False,False,False,False,0,0,0,0,0,False,False,,,Wicketkeeper
1651799,25,2.68,4,0,0,67,1,4,76624,,39481,County Championship 2026,1,48,Surrey Men,31,Somerset Men,8836579,2026-09-24T10:59:21Z,4,149,False,,,,2675,Migael Pretorius,224,Ryan Patel,24,Dom Sibley,Left,0,0,0,0,,BackOfALength,OutsideOff,,HitBody,BackFoot,Worked,NoMovement,Round,FastSeam,Right,Null,NotReferred,Null,False,False,False,False,False,True,,False,False,False,False,False,False,0,0,0,0,0,False,False,298.0,22.0,Bowler
1651799,25,2.68,4,0,0,67,1,4,76624,,39481,County Championship 2026,1,48,Surrey Men,31,Somerset Men,8836589,2026-09-24T11:00:12Z,5,150,False,,,,2675,Migael Pretorius,224,Ryan Patel,24,Dom Sibley,Left,0,0,0,0,,LengthBall,OutsideOff,,Left,NoMovement,Leave,NoMovement,Round,FastSeam,Right,Null,NotReferred,Null,False,False,False,False,False,True,,False,False,False,False,False,False,0,0,0,0,0,False,False,,,Wicketkeeper
1651799,25,2.68,4,0,0,67,1,4,76624,,39481,County Championship 2026,1,48,Surrey Men,31,Somerset Men,8836599,2026-09-24T11:00:49Z,6,151,False,,,,2675,Migael Pretorius,224,Ryan Patel,24,Dom Sibley,Left,0,0,0,0,,HalfVolley,OutsideOff,,WellTimed,FrontFoot,Drive,NoMovement,Round,FastSeam,Right,Null,NotReferred,Null,False,False,False,False,False,True,,False,False,False,False,False,False,0,0,0,0,0,False,False,349.0,73.0,Cover
1651812,26,2.77,5,0,0,72,1,5,76624,,39481,County Championship 2026,1,48,Surrey Men,31,Somerset Men,8836618,2026-09-24T11:02:07Z,1,152,False,,,,15273,Archie Vaughan,24,Dom Sibley,224,Ryan Patel,Right,4,0,4,4,,HalfVolley,OutsideOff,,WellTimed,FrontFoot,Flick,OffBreak,Over,OffSpin,Right,Null,NotReferred,Null,False,False,False,False,False,True,,False,False,False,False,False,False,4,0,0,0,0,True,False,330.0,175.0,
1651812,26,2.77,5,0,0,72,1,5,76624,,39481,County Championship 2026,1,48,Surrey Men,31,Somerset Men,8836627,2026-09-24T11:02:45Z,2,153,False,,,,15273,Archie Vaughan,24,Dom Sibley,224,Ryan Patel,Right,0,0,0,0,,LengthBall,OutsideOff,,None,BackFoot,BackwardDefensive,OffBreak,Over,OffSpin,Right,Null,NotReferred,Null,False,False,False,False,False,True,,False,False,False,False,False,False,0,0,0,0,0,False,False,287.0,59.0,Mid On
1651812,26,2.77,5,0,0,72,1,5,76624,,39481,County Championship 2026,1,48,Surrey Men,31,Somerset Men,8836634,2026-09-24T11:03:05Z,3,154,False,,,,15273,Archie Vaughan,24,Dom Sibley,224,Ryan Patel,Right,0,0,0,0,,LengthBall,OutsideOff,,None,FrontFoot,ForwardDefensive,OffBreak,Over,OffSpin,Right,Null,NotReferred,Null,False,False,False,False,False,True,,False,False,False,False,False,False,0,0,0,0,0,False,False,306.0,42.0,Mid Wicket
1651812,26,2.77,5,0,0,72,1,5,76624,,39481,County Championship 2026,1,48,Surrey Men,31,Somerset Men,8836638,2026-09-24T11:03:23Z,4,155,False,,,,15273,Archie Vaughan,24,Dom Sibley,224,Ryan Patel,Right,0,0,0,0,,LengthBall,OutsideOff,,None,BackFoot,BackwardDefensive,OffBreak,Over,OffSpin,Right,Null,NotReferred,Null,False,False,False,False,False,True,,False,False,False,False,False,False,0,0,0,0,0,False,False,274.0,34.0,Bowler
1651812,26,2.77,5,0,0,72,1,5,76624,,39481,County Championship 2026,1,48,Surrey Men,31,Somerset Men,8836644,2026-09-24T11:03:44Z,5,156,False,,,,15273,Archie Vaughan,24,Dom Sibley,224,Ryan Patel,Right,0,0,0,0,,BackOfALength,OutsideOff,,None,BackFoot,Worked,OffBreak,Over,OffSpin,Right,Null,NotReferred,Null,False,False,False,False,False,True,,False,False,False,False,False,False,0,0,0,0,0,False,False,354.0,15.0,Square Leg
1651812,26,2.77,5,0,0,72,1,5,76624,,39481,County Championship 2026,1,48,Surrey Men,31,Somerset Men,8836651,2026-09-24T11:04:04Z,6,157,False,,,,15273,Archie Vaughan,24,Dom Sibley,224,Ryan Patel,Right,1,0,1,1,,HalfVolley,OutsideOff,,None,FrontFoot,Flick,OffBreak,Over,OffSpin,Right,Null,NotReferred,Null,False,False,False,False,False,True,,False,False,False,False,False,False,1,0,0,0,0,False,False,349.0,131.0,Deep Square Leg
1651819,27,2.67,0,0,0,72,1,0,76624,,39481,County Championship 2026,1,48,Surrey Men,31,Somerset Men,8836672,2026-09-24T11:05:21Z,1,158,False,,,,2675,Migael Pretorius,24,Dom Sibley,224,Ryan Patel,Right,0,0,0,0,,LengthBall,OutsideOff,,None,FrontFoot,ForwardDefensive,NoMovement,Over,FastSeam,Right,Null,NotReferred,Null,False,False,False,False,False,True,,False,False,False,False,False,False,0,0,0,0,0,False,False,273.0,42.0,Bowler
1651819,27,2.67,0,0,0,72,1,0,76624,,39481,County Championship 2026,1,48,Surrey Men,31,Somerset Men,8836680,2026-09-24T11:05:56Z,2,159,False,,,,2675,Migael Pretorius,24,Dom Sibley,224,Ryan Patel,Right,0,0,0,0,,LengthBall,OutsideOff,,Left,NoMovement,Leave,NoMovement,Over,FastSeam,Right,Null,NotReferred,Null,False,False,False,False,False,True,,False,False,False,False,False,False,0,0,0,0,0,False,False,,,Wicketkeeper
1651819,27,2.67,0,0,0,72,1,0,76624,,39481,County Championship 2026,1,48,Surrey Men,31,Somerset Men,8836690,2026-09-24T11:06:34Z,3,160,False,,,,2675,Migael Pretorius,24,Dom Sibley,224,Ryan Patel,Right,0,0,0,0,,LengthBall,OutsideOff,,None,FrontFoot,ForwardDefensive,NoMovement,Over,FastSeam,Right,Null,NotReferred,Null,False,False,False,False,False,True,,False,False,False,False,False,False,0,0,0,0,0,False,False,186.0,50.0,Cover
1651819,27,2.67,0,0,0,72,1,0,76624,,39481,County Championship 2026,1,48,Surrey Men,31,Somerset Men,8836694,2026-09-24T11:07:03Z,4,161,False,,,,2675,Migael Pretorius,24,Dom Sibley,224,Ryan Patel,Right,0,0,0,0,,LengthBall,OutsideOff,,Missed,FrontFoot,ForwardDefensive,NoMovement,Over,FastSeam,Right,Null,NotReferred,Null,False,False,False,False,False,True,,False,False,False,False,False,False,0,0,0,0,0,False,False,,,Wicketkeeper
1651819,27,2.67,0,0,0,72,1,0,76624,,39481,County Championship 2026,1,48,Surrey Men,31,Somerset Men,8836705,2026-09-24T11:07:42Z,5,162,False,,,,2675,Migael Pretorius,24,Dom Sibley,224,Ryan Patel,Right,0,0,0,0,,LengthBall,OutsideOff,,Left,NoMovement,Leave,NoMovement,Over,FastSeam,Right,Null,NotReferred,Null,False,False,False,False,False,True,,False,False,False,False,False,False,0,0,0,0,0,False,False,,,Wicketkeeper
1651819,27,2.67,0,0,0,72,1,0,76624,,39481,County Championship 2026,1,48,Surrey Men,31,Somerset Men,8836716,2026-09-24T11:08:17Z,6,163,False,,,,2675,Migael Pretorius,24,Dom Sibley,224,Ryan Patel,Right,0,0,0,0,,LengthBall,OutsideOff,,None,FrontFoot,ForwardDefensive,NoMovement,Over,FastSeam,Right,Null,NotReferred,Null,False,False,False,False,False,True,,False,False,False,False,False,False,0,0,0,0,0,False,False,322.0,42.0,Mid Wicket
1651829,28,2.64,2,0,0,74,1,2,76624,,39481,County Championship 2026,1,48,Surrey Men,31,Somerset Men,8836731,2026-09-24T11:09:25Z,1,164,False,,,,15273,Archie Vaughan,224,Ryan Patel,24,Dom Sibley,Left,0,0,0,0,,BackOfALength,OutsideOff,,Left,NoMovement,Leave,OffBreak,Round,OffSpin,Right,Null,NotReferred,Null,False,False,False,False,False,True,,False,False,False,False,False,False,0,0,0,0,0,False,False,,,Wicketkeeper
1651829,28,2.64,2,0,0,74,1,2,76624,,39481,County Championship 2026,1,48,Surrey Men,31,Somerset Men,8836738,2026-09-24T11:09:51Z,2,165,False,,,,15273,Archie Vaughan,224,Ryan Patel,24,Dom Sibley,Left,1,0,1,1,,Short,OutsideOff,,WellTimed,BackFoot,Cut,OffBreak,Round,OffSpin,Right,Null,NotReferred,Null,False,False,False,False,False,True,,False,False,False,False,False,False,1,0,0,0,0,False,False,9.0,136.0,Deep Backward Point
1651829,28,2.64,2,0,0,74,1,2,76624,,39481,County Championship 2026,1,48,Surrey Men,31,Somerset Men,8836750,2026-09-24T11:10:24Z,3,166,False,,,,15273,Archie Vaughan,24,Dom Sibley,224,Ryan Patel,Right,1,0,1,1,,LengthBall,OutsideOff,,None,FrontFoot,Worked,OffBreak,Over,OffSpin,Right,Null,NotReferred,Null,False,False,False,False,False,True,,False,False,False,False,False,False,1,0,0,0,0,False,False,5.0,81.0,Backward Square Leg
1651829,28,2.64,2,0,0,74,1,2,76624,,39481,County Championship 2026,1,48,Surrey Men,31,Somerset Men,8836754,2026-09-24T11:10:56Z,4,167,False,,,,15273,Archie Vaughan,224,Ryan Patel,24,Dom Sibley,Left,0,0,0,0,,LengthBall,OutsideOff,,Missed,FrontFoot,ForwardDefensive,OffBreak,Round,OffSpin,Right,Null,NotReferred,Null,False,False,False,False,False,True,,False,False,False,False,False,False,0,0,0,0,0,False,False,,,Wicketkeeper
1651829,28,2.64,2,0,0,74,1,2,76624,,39481,County Championship 2026,1,48,Surrey Men,31,Somerset Men,8836759,2026-09-24T11:11:19Z,5,168,False,,,,15273,Archie Vaughan,224,Ryan Patel,24,Dom Sibley,Left,0,0,0,0,,LengthBall,OutsideOff,,None,FrontFoot,ForwardDefensive,OffBreak,Round,OffSpin,Right,Null,NotReferred,Null,False,False,False,False,False,True,,False,False,False,False,False,False,0,0,0,0,0,False,False,207.0,33.0,Square Leg
1651829,28,2.64,2,0,0,74,1,2,76624,,39481,County Championship 2026,1,48,Surrey Men,31,Somerset Men,8836762,2026-09-24T11:11:37Z,6,169,False,,,,15273,Archie Vaughan,224,Ryan Patel,24,Dom Sibley,Left,0,0,0,0,,LengthBall,OutsideOff,,None,FrontFoot,ForwardDefensive,OffBreak,Round,OffSpin,Right,Null,NotReferred,Null,False,False,False,False,False,True,,False,False,False,False,False,False,0,0,0,0,0,False,False,327.0,36.0,Extra Cover
1651838,29,2.55,0,0,0,74,1,0,76624,,39481,County Championship 2026,1,48,Surrey Men,31,Somerset Men,8836780,2026-09-24T11:12:48Z,1,170,False,,,,2675,Migael Pretorius,24,Dom Sibley,224,Ryan Patel,Right,0,0,0,0,,LengthBall,OutsideOff,,None,FrontFoot,ForwardDefensive,NoMovement,Over,FastSeam,Right,Null,NotReferred,Null,False,False,False,False,False,True,,False,False,False,False,False,False,0,0,0,0,0,False,False,258.0,54.0,Mid Off
1651838,29,2.55,0,0,0,74,1,0,76624,,39481,County Championship 2026,1,48,Surrey Men,31,Somerset Men,8836788,2026-09-24T11:13:22Z,2,171,False,,,,2675,Migael Pretorius,24,Dom Sibley,224,Ryan Patel,Right,0,0,0,0,,HalfVolley,OffStump,,None,FrontFoot,Flick,NoMovement,Over,FastSeam,Right,Null,NotReferred,Null,False,False,False,False,False,True,,False,False,False,False,False,False,0,0,0,0,0,False,False,332.0,59.0,Square Leg
1651838,29,2.55,0,0,0,74,1,0,76624,,39481,County Championship 2026,1,48,Surrey Men,31,Somerset Men,8836796,2026-09-24T11:14:00Z,3,172,False,,,,2675,Migael Pretorius,24,Dom Sibley,224,Ryan Patel,Right,0,0,0,0,,LengthBall,OutsideOff,,None,FrontFoot,ForwardDefensive,NoMovement,Over,FastSeam,Right,Null,NotReferred,Null,False,False,False,False,False,True,,False,False,False,False,False,False,0,0,0,0,0,False,False,265.0,41.0,Bowler
1651838,29,2.55,0,0,0,74,1,0,76624,,39481,County Championship 2026,1,48,Surrey Men,31,Somerset Men,8836803,2026-09-24T11:14:35Z,4,173,False,,,,2675,Migael Pretorius,24,Dom Sibley,224,Ryan Patel,Right,0,0,0,0,,LengthBall,OutsideOff,,None,FrontFoot,ForwardDefensive,NoMovement,Over,FastSeam,Right,Null,NotReferred,Null,False,False,False,False,False,True,,False,False,False,False,False,False,0,0,0,0,0,False,False,264.0,41.0,Bowler
1651838,29,2.55,0,0,0,74,1,0,76624,,39481,County Championship 2026,1,48,Surrey Men,31,Somerset Men,8836810,2026-09-24T11:15:09Z,5,174,False,,,,2675,Migael Pretorius,24,Dom Sibley,224,Ryan Patel,Right,0,0,0,0,,LengthBall,OutsideOff,,None,FrontFoot,ForwardDefensive,NoMovement,Over,FastSeam,Right,Null,NotReferred,Null,False,False,False,False,False,True,,False,False,False,False,False,False,0,0,0,0,0,False,False,265.0,37.0,Bowler
1651838,29,2.55,0,0,0,74,1,0,76624,,39481,County Championship 2026,1,48,Surrey Men,31,Somerset Men,8836817,2026-09-24T11:15:44Z,6,175,False,,,,2675,Migael Pretorius,24,Dom Sibley,224,Ryan Patel,Right,0,0,0,0,,LengthBall,OutsideOff,,Left,NoMovement,Leave,NoMovement,Over,FastSeam,Right,Null,NotReferred,Null,False,False,False,False,False,True,,False,False,False,False,False,False,0,0,0,0,0,False,False,,,Wicketkeeper
1651848,30,2.63,5,1,0,79,2,5,76624,,39481,County Championship 2026,1,48,Surrey Men,31,Somerset Men,8836830,2026-09-24T11:16:43Z,1,176,False,,,,15273,Archie Vaughan,224,Ryan Patel,24,Dom Sibley,Left,4,0,4,4,,BackOfALength,OutsideOff,,OutsideEdge,BackFoot,Cut,OffBreak,Round,OffSpin,Right,Null,NotReferred,Null,False,False,False,False,False,True,,False,False,False,False,False,False,4,0,0,0,0,True,True,65.0,161.0,
1651848,30,2.63,5,1,0,79,2,5,76624,,39481,County Championship 2026,1,48,Surrey Men,31,Somerset Men,8836842,2026-09-24T11:17:20Z,2,177,True,Caught,224.0,Ryan Patel,15273,Archie Vaughan,224,Ryan Patel,24,Dom Sibley,Left,0,0,0,0,Caught,LengthBall,OffStump,Caught,OutsideEdge,FrontFoot,ForwardDefensive,OffBreak,Round,OffSpin,Right,Null,NotReferred,Null,False,False,False,False,False,True,1842.0,False,False,False,False,False,False,0,0,0,0,0,False,True,73.0,6.0,First Slip
1651848,30,2.63,5,1,0,79,2,5,76624,,39481,County Championship 2026,1,48,Surrey Men,31,Somerset Men,8836870,2026-09-24T11:19:26Z,3,178,False,,,,15273,Archie Vaughan,194,Ollie Pope,24,Dom Sibley,Right,1,0,1,1,,LengthBall,OutsideOff,,None,FrontFoot,ForwardDefensive,OffBreak,Over,OffSpin,Right,Null,NotReferred,Null,False,False,False,False,False,True,,False,False,False,False,False,False,1,0,0,0,0,False,False,226.0,46.0,Extra Cover
1651848,30,2.63,5,1,0,79,2,5,76624,,39481,County Championship 2026,1,48,Surrey Men,31,Somerset Men,8836876,2026-09-24T11:19:54Z,4,179,False,,,,15273,Archie Vaughan,24,Dom Sibley,194,Ollie Pope,Right,0,0,0,0,,LengthBall,OutsideOff,,None,FrontFoot,ForwardDefensive,OffBreak,Over,OffSpin,Right,Null,NotReferred,Null,False,False,False,False,False,True,,False,False,False,False,False,False,0,0,0,0,0,False,False,275.0,39.0,Bowler
1651848,30,2.63,5,1,0,79,2,5,76624,,39481,County Championship 2026,1,48,Surrey Men,31,Somerset Men,8836883,2026-09-24T11:20:14Z,5,180,False,,,,15273,Archie Vaughan,24,Dom Sibley,194,Ollie Pope,Right,0,0,0,0,,LengthBall,OutsideOff,,None,FrontFoot,ForwardDefensive,OffBreak,Over,OffSpin,Right,Null,NotReferred,Null,False,False,False,False,False,True,,False,False,False,False,False,False,0,0,0,0,0,False,False,316.0,43.0,Mid Wicket
1651848,30,2.63,5,1,0,79,2,5,76624,,39481,County Championship 2026,1,48,Surrey Men,31,Somerset Men,8836887,2026-09-24T11:20:31Z,6,181,False,,,,15273,Archie Vaughan,24,Dom Sibley,194,Ollie Pope,Right,0,0,0,0,,BackOfALength,OutsideOff,,None,BackFoot,BackwardDefensive,OffBreak,Over,OffSpin,Right,Null,NotReferred,Null,False,False,False,False,False,True,,False,False,False,False,False,False,0,0,0,0,0,False,False,262.0,35.0,Bowler
1651858,31,2.71,5,0,0,84,2,5,76624,,39481,County Championship 2026,1,48,Surrey Men,31,Somerset Men,8836907,2026-09-24T11:21:35Z,1,182,False,,,,2675,Migael Pretorius,194,Ollie Pope,24,Dom Sibley,Right,0,0,0,0,,LengthBall,OutsideOff,,None,FrontFoot,ForwardDefensive,NoMovement,Over,FastSeam,Right,Null,NotReferred,Null,False,False,False,False,False,True,,False,False,False,False,False,False,0,0,0,0,0,False,False,265.0,37.0,Bowler
1651858,31,2.71,5,0,0,84,2,5,76624,,39481,County Championship 2026,1,48,Surrey Men,31,Somerset Men,8836914,2026-09-24T11:22:08Z,2,183,False,,,,2675,Migael Pretorius,194,Ollie Pope,24,Dom Sibley,Right,0,0,0,0,,LengthBall,OutsideOff,,None,FrontFoot,ForwardDefensive,NoMovement,Over,FastSeam,Right,Null,NotReferred,Null,False,False,False,False,False,True,,False,False,False,False,False,False,0,0,0,0,0,False,False,202.0,46.0,Cover
1651858,31,2.71,5,0,0,84,2,5,76624,,39481,County Championship 2026,1,48,Surrey Men,31,Somerset Men,8836926,2026-09-24T11:22:47Z,3,184,False,,,,2675,Migael Pretorius,194,Ollie Pope,24,Dom Sibley,Right,1,0,1,1,,HalfVolley,OutsideOff,,None,FrontFoot,Drive,NoMovement,Over,FastSeam,Right,Null,NotReferred,Null,False,False,False,False,False,True,,False,False,False,False,False,False,1,0,0,0,0,False,False,238.0,65.0,Extra Cover
1651858,31,2.71,5,0,0,84,2,5,76624,,39481,County Championship 2026,1,48,Surrey Men,31,Somerset Men,8836936,2026-09-24T11:23:23Z,4,185,False,,,,2675,Migael Pretorius,24,Dom Sibley,194,Ollie Pope,Right,0,0,0,0,,LengthBall,OutsideOff,Lbw,HitBody,FrontFoot,ForwardDefensive,NoMovement,Over,FastSeam,Right,Null,NotReferred,Null,False,False,False,False,False,True,1825.0,False,False,False,False,False,False,0,0,0,0,0,False,False,264.0,34.0,Bowler
1651858,31,2.71,5,0,0,84,2,5,76624,,39481,County Championship 2026,1,48,Surrey Men,31,Somerset Men,8836947,2026-09-24T11:24:02Z,5,186,False,,,,2675,Migael Pretorius,24,Dom Sibley,194,Ollie Pope,Right,0,0,0,0,,LengthBall,OutsideOff,,None,BackFoot,Worked,NoMovement,Over,FastSeam,Right,Null,NotReferred,Null,False,False,False,False,False,True,,False,False,False,False,False,False,0,0,0,0,0,False,False,325.0,53.0,Mid Wicket
1651858,31,2.71,5,0,0,84,2,5,76624,,39481,County Championship 2026,1,48,Surrey Men,31,Somerset Men,8836966,2026-09-24T11:24:56Z,6,187,False,,,,2675,Migael Pretorius,24,Dom Sibley,194,Ollie Pope,Right,4,0,4,4,,HalfVolley,OutsideOff,,WellTimed,FrontFoot,Drive,NoMovement,Over,FastSeam,Right,Null,NotReferred,Null,False,False,False,False,False,True,,False,False,False,False,False,False,4,0,0,0,0,True,False,234.0,178.0,
1651870,32,2.69,2,0,0,86,2,2,76624,,39481,County Championship 2026,1,48,Surrey Men,31,Somerset Men,8836982,2026-09-24T11:25:59Z,1,188,False,,,,15273,Archie Vaughan,194,Ollie Pope,24,Dom Sibley,Right,1,0,1,1,,BackOfALength,OutsideOff,,WellTimed,BackFoot,Worked,OffBreak,Over,OffSpin,Right,Null,NotReferred,Null,False,False,False,False,False,True,,False,False,False,False,False,False,1,0,0,0,0,False,False,333.0,151.0,Deep Square Leg
1651870,32,2.69,2,0,0,86,2,2,76624,,39481,County Championship 2026,1,48,Surrey Men,31,Somerset Men,8836993,2026-09-24T11:26:32Z,2,189,False,,,,15273,Archie Vaughan,24,Dom Sibley,194,Ollie Pope,Right,0,0,0,0,,LengthBall,OutsideOff,,None,FrontFoot,ForwardDefensive,OffBreak,Over,OffSpin,Right,Null,NotReferred,Null,False,False,False,False,False,True,,False,False,False,False,False,False,0,0,0,0,0,False,False,269.0,41.0,Bowler
1651870,32,2.69,2,0,0,86,2,2,76624,,39481,County Championship 2026,1,48,Surrey Men,31,Somerset Men,8837002,2026-09-24T11:26:53Z,3,190,False,,,,15273,Archie Vaughan,24,Dom Sibley,194,Ollie Pope,Right,1,0,1,1,,HalfVolley,OutsideOff,,None,FrontFoot,Flick,OffBreak,Over,OffSpin,Right,Null,NotReferred,Null,False,False,False,False,False,True,,False,False,False,False,False,False,1,0,0,0,0,False,False,346.0,128.0,Deep Square Leg
1651870,32,2.69,2,0,0,86,2,2,76624,,39481,County Championship 2026,1,48,Surrey Men,31,Somerset Men,8837012,2026-09-24T11:27:20Z,4,191,False,,,,15273,Archie Vaughan,194,Ollie Pope,24,Dom Sibley,Right,0,0,0,0,,LengthBall,OutsideOff,,None,FrontFoot,ForwardDefensive,OffBreak,Over,OffSpin,Right,Null,NotReferred,Null,False,False,False,False,False,True,,False,False,False,False,False,False,0,0,0,0,0,False,False,269.0,41.0,Bowler
1651870,32,2.69,2,0,0,86,2,2,76624,,39481,County Championship 2026,1,48,Surrey Men,31,Somerset Men,8837017,2026-09-24T11:27:38Z,5,192,False,,,,15273,Archie Vaughan,194,Ollie Pope,24,Dom Sibley,Right,0,0,0,0,,LengthBall,OutsideOff,,None,FrontFoot,ForwardDefensive,OffBreak,Over,OffSpin,Right,Null,NotReferred,Null,False,False,False,False,False,True,,False,False,False,False,False,False,0,0,0,0,0,False,False,200.0,41.0,Cover
1651870,32,2.69,2,0,0,86,2,2,76624,,39481,County Championship 2026,1,48,Surrey Men,31,Somerset Men,8837028,2026-09-24T11:27:59Z,6,193,False,,,,15273,Archie Vaughan,194,Ollie Pope,24,Dom Sibley,Right,0,0,0,0,,LengthBall,OutsideOff,,None,FrontFoot,ForwardDefensive,OffBreak,Over,OffSpin,Right,Null,NotReferred,Null,False,False,False,False,False,True,,False,False,False,False,False,False,0,0,0,0,0,False,False,253.0,21.0,Wicketkeeper
1651884,33,2.61,0,0,0,86,2,0,76624,,39481,County Championship 2026,1,48,Surrey Men,31,Somerset Men,8837055,2026-09-24T11:29:19Z,1,194,False,,,,11,Jack Leach,24,Dom Sibley,194,Ollie Pope,Right,0,0,0,0,,LengthBall,OutsideOff,,None,FrontFoot,ForwardDefensive,StockBall,Round,Orthodox,Left,Null,NotReferred,Null,False,False,False,False,False,True,,False,False,False,False,False,False,0,0,0,0,0,False,False,273.0,39.0,Bowler
1651884,33,2.61,0,0,0,86,2,0,76624,,39481,County Championship 2026,1,48,Surrey Men,31,Somerset Men,8837060,2026-09-24T11:29:35Z,2,195,False,,,,11,Jack Leach,24,Dom Sibley,194,Ollie Pope,Right,0,0,0,0,,LengthBall,OutsideOff,,None,FrontFoot,ForwardDefensive,StockBall,Round,Orthodox,Left,Null,NotReferred,Null,False,False,False,False,False,True,,False,False,False,False,False,False,0,0,0,0,0,False,False,177.0,44.0,Backward Point
1651884,33,2.61,0,0,0,86,2,0,76624,,39481,County Championship 2026,1,48,Surrey Men,31,Somerset Men,8837064,2026-09-24T11:29:55Z,3,196,False,,,,11,Jack Leach,24,Dom Sibley,194,Ollie Pope,Right,0,0,0,0,,LengthBall,OutsideOff,,None,FrontFoot,ForwardDefensive,StockBall,Round,Orthodox,Left,Null,NotReferred,Null,False,False,False,False,False,True,,False,False,False,False,False,False,0,0,0,0,0,False,False,162.0,17.0,Wicketkeeper
1651884,33,2.61,0,0,0,86,2,0,76624,,39481,County Championship 2026,1,48,Surrey Men,31,Somerset Men,8837074,2026-09-24T11:30:16Z,4,197,False,,,,11,Jack Leach,24,Dom Sibley,194,Ollie Pope,Right,0,0,0,0,,LengthBall,OutsideOff,,None,FrontFoot,ForwardDefensive,StockBall,Round,Orthodox,Left,Null,NotReferred,Null,False,False,False,False,False,True,,False,False,False,False,False,False,0,0,0,0,0,False,False,261.0,39.0,Bowler
1651884,33,2.61,0,0,0,86,2,0,76624,,39481,County Championship 2026,1,48,Surrey Men,31,Somerset Men,8837081,2026-09-24T11:30:30Z,5,198,False,,,,11,Jack Leach,24,Dom Sibley,194,Ollie Pope,Right,0,0,0,0,,LengthBall,OutsideOff,,None,FrontFoot,ForwardDefensive,StockBall,Round,Orthodox,Left,Null,NotReferred,Null,False,False,False,False,False,True,,False,False,False,False,False,False,0,0,0,0,0,False,False,271.0,44.0,Bowler
1651884,33,2.61,0,0,0,86,2,0,76624,,39481,County Championship 2026,1,48,Surrey Men,31,Somerset Men,8837085,2026-09-24T11:30:47Z,6,199,False,,,,11,Jack Leach,24,Dom Sibley,194,Ollie Pope,Right,0,0,0,0,,LengthBall,OutsideOff,,None,FrontFoot,ForwardDefensive,StockBall,Round,Orthodox,Left,Null,NotReferred,Null,False,False,False,False,False,True,,False,False,False,False,False,False,0,0,0,0,0,False,False,259.0,39.0,Bowler
1651919,34,2.82,10,0,0,96,2,10,76624,,39481,County Championship 2026,1,48,Surrey Men,31,Somerset Men,8837260,2026-09-24T12:10:34Z,1,200,False,,,,15273,Archie Vaughan,194,Ollie Pope,24,Dom Sibley,Right,0,0,0,0,,LengthBall,OutsideOff,,None,FrontFoot,ForwardDefensive,OffBreak,Over,OffSpin,Right,Null,NotReferred,Null,False,False,False,False,False,True,,False,False,False,False,False,False,0,0,0,0,0,False,False,268.0,27.0,Bowler
1651919,34,2.82,10,0,0,96,2,10,76624,,39481,County Championship 2026,1,48,Surrey Men,31,Somerset Men,8837264,2026-09-24T12:10:53Z,2,201,False,,,,15273,Archie Vaughan,194,Ollie Pope,24,Dom Sibley,Right,0,0,0,0,,BackOfALength,OutsideOff,,MisTimed,BackFoot,Cut,OffBreak,Over,OffSpin,Right,Null,NotReferred,Null,False,False,False,False,False,True,,False,False,False,False,False,False,0,0,0,0,0,False,False,277.0,29.0,Bowler
1651919,34,2.82,10,0,0,96,2,10,76624,,39481,County Championship 2026,1,48,Surrey Men,31,Somerset Men,8837270,2026-09-24T12:11:12Z,3,202,False,,,,15273,Archie Vaughan,194,Ollie Pope,24,Dom Sibley,Right,0,0,0,0,,LengthBall,OutsideOff,,Missed,FrontFoot,Drive,OffBreak,Over,OffSpin,Right,Null,NotReferred,Null,False,False,False,False,False,True,,False,False,False,False,False,False,0,0,0,0,0,False,False,88.0,5.0,Short Fine Leg
1651919,34,2.82,10,0,0,96,2,10,76624,,39481,County Championship 2026,1,48,Surrey Men,31,Somerset Men,8837275,2026-09-24T12:11:41Z,4,203,False,,,,15273,Archie Vaughan,194,Ollie Pope,24,Dom Sibley,Right,0,0,0,0,,LengthBall,OutsideOff,,None,FrontFoot,ForwardDefensive,OffBreak,Over,OffSpin,Right,Null,NotReferred,Null,False,False,False,False,False,True,,False,False,False,False,False,False,0,0,0,0,0,False,False,319.0,46.0,Mid Wicket
1651919,34,2.82,10,0,0,96,2,10,76624,,39481,County Championship 2026,1,48,Surrey Men,31,Somerset Men,8837282,2026-09-24T12:12:04Z,5,204,False,,,,15273,Archie Vaughan,194,Ollie Pope,24,Dom Sibley,Right,6,0,6,6,,LengthBall,OutsideOff,,Middled,DownTheTrack,Slog,OffBreak,Over,OffSpin,Right,Null,NotReferred,Null,False,False,False,False,True,True,,False,False,False,False,False,False,6,0,0,0,0,True,False,288.0,180.0,
1651919,34,2.82,10,0,0,96,2,10,76624,,39481,County Championship 2026,1,48,Surrey Men,31,Somerset Men,8837287,2026-09-24T12:12:34Z,6,205,False,,,,15273,Archie Vaughan,194,Ollie Pope,24,Dom Sibley,Right,4,0,4,4,,BackOfALength,OutsideOff,,WellTimed,BackFoot,Cut,OffBreak,Over,OffSpin,Right,Null,NotReferred,Null,False,False,False,False,False,True,,False,False,False,False,False,False,4,0,0,0,0,True,False,197.0,173.0,
1651925,35,2.74,0,0,0,96,2,0,76624,,39481,County Championship 2026,1,48,Surrey Men,31,Somerset Men,8837300,2026-09-24T12:13:39Z,1,206,False,,,,456,Craig Overton,24,Dom Sibley,194,Ollie Pope,Right,0,0,0,0,,BackOfALength,OutsideOff,,Left,NoMovement,Leave,NoMovement,Over,Medium,Right,Null,NotReferred,Null,False,False,False,False,False,True,,False,False,False,False,False,False,0,0,0,0,0,False,False,,,Wicketkeeper
1651925,35,2.74,0,0,0,96,2,0,76624,,39481,County Championship 2026,1,48,Surrey Men,31,Somerset Men,8837312,2026-09-24T12:14:11Z,2,207,False,,,,456,Craig Overton,24,Dom Sibley,194,Ollie Pope,Right,0,0,0,0,,LengthBall,OutsideOff,,None,FrontFoot,ForwardDefensive,NoMovement,Over,Medium,Right,Null,NotReferred,Null,False,False,False,False,False,True,,False,False,False,False,False,False,0,0,0,0,0,False,False,214.0,24.0,Extra Cover
1651925,35,2.74,0,0,0,96,2,0,76624,,39481,County Championship 2026,1,48,Surrey Men,31,Somerset Men,8837320,2026-09-24T12:14:46Z,3,208,False,,,,456,Craig Overton,24,Dom Sibley,194,Ollie Pope,Right,0,0,0,0,,LengthBall,OutsideOff,,None,FrontFoot,ForwardDefensive,NoMovement,Over,Medium,Right,Null,NotReferred,Null,False,False,False,False,False,True,,False,False,False,False,False,False,0,0,0,0,0,False,False,200.0,36.0,Cover
1651925,35,2.74,0,0,0,96,2,0,76624,,39481,County Championship 2026,1,48,Surrey Men,31,Somerset Men,8837327,2026-09-24T12:15:14Z,4,209,False,,,,456,Craig Overton,24,Dom Sibley,194,Ollie Pope,Right,0,0,0,0,,Short,OutsideOff,,Left,Ducked,Leave,NoMovement,Over,Medium,Right,Null,NotReferred,Null,False,False,False,False,False,True,,False,False,False,False,False,False,0,0,0,0,0,False,False,,,Wicketkeeper
1651925,35,2.74,0,0,0,96,2,0,76624,,39481,County Championship 2026,1,48,Surrey Men,31,Somerset Men,8837336,2026-09-24T12:15:53Z,5,210,False,,,,456,Craig Overton,24,Dom Sibley,194,Ollie Pope,Right,0,0,0,0,,LengthBall,OutsideOff,,None,FrontFoot,ForwardDefensive,NoMovement,Over,Medium,Right,Null,NotReferred,Null,False,False,False,False,False,True,,False,False,False,False,False,False,0,0,0,0,0,False,False,289.0,43.0,Mid On
1651925,35,2.74,0,0,0,96,2,0,76624,,39481,County Championship 2026,1,48,Surrey Men,31,Somerset Men,8837344,2026-09-24T12:16:23Z,6,211,False,,,,456,Craig Overton,24,Dom Sibley,194,Ollie Pope,Right,0,0,0,0,,LengthBall,OutsideOff,,None,FrontFoot,ForwardDefensive,NoMovement,Over,Medium,Right,Null,NotReferred,Null,False,False,False,False,False,True,,False,False,False,False,False,False,0,0,0,0,0,False,False,310.0,42.0,Mid Wicket
1651935,36,2.72,2,0,0,98,2,2,76624,,39481,County Championship 2026,1,48,Surrey Men,31,Somerset Men,8837356,2026-09-24T12:17:13Z,1,212,False,,,,15273,Archie Vaughan,194,Ollie Pope,24,Dom Sibley,Right,0,0,0,0,,LengthBall,OutsideOff,,None,FrontFoot,ForwardDefensive,OffBreak,Over,OffSpin,Right,Null,NotReferred,Null,False,False,False,False,False,True,,False,False,False,False,False,False,0,0,0,0,0,False,False,322.0,40.0,Mid Wicket
1651935,36,2.72,2,0,0,98,2,2,76624,,39481,County Championship 2026,1,48,Surrey Men,31,Somerset Men,8837361,2026-09-24T12:17:27Z,2,213,False,,,,15273,Archie Vaughan,194,Ollie Pope,24,Dom Sibley,Right,1,0,1,1,,BackOfALength,OutsideOff,,None,BackFoot,Worked,OffBreak,Over,OffSpin,Right,Null,NotReferred,Null,False,False,False,False,False,True,,False,False,False,False,False,False,1,0,0,0,0,False,False,287.0,134.0,Long On
1651935,36,2.72,2,0,0,98,2,2,76624,,39481,County Championship 2026,1,48,Surrey Men,31,Somerset Men,8837370,2026-09-24T12:17:52Z,3,214,False,,,,15273,Archie Vaughan,24,Dom Sibley,194,Ollie Pope,Right,1,0,1,1,,LengthBall,OutsideOff,,None,FrontFoot,Worked,OffBreak,Over,OffSpin,Right,Null,NotReferred,Null,False,False,False,False,False,True,,False,False,False,False,False,False,1,0,0,0,0,False,False,345.0,125.0,Deep Square Leg
1651935,36,2.72,2,0,0,98,2,2,76624,,39481,County Championship 2026,1,48,Surrey Men,31,Somerset Men,8837374,2026-09-24T12:18:15Z,4,215,False,,,,15273,Archie Vaughan,194,Ollie Pope,24,Dom Sibley,Right,0,0,0,0,,LengthBall,OutsideOff,,None,FrontFoot,ForwardDefensive,OffBreak,Over,OffSpin,Right,Null,NotReferred,Null,False,False,False,False,False,True,,False,False,False,False,False,False,0,0,0,0,0,False,False,323.0,45.0,Mid Wicket
1651935,36,2.72,2,0,0,98,2,2,76624,,39481,County Championship 2026,1,48,Surrey Men,31,Somerset Men,8837381,2026-09-24T12:18:32Z,5,216,False,,,,15273,Archie Vaughan,194,Ollie Pope,24,Dom Sibley,Right,0,0,0,0,,LengthBall,OutsideOff,,None,FrontFoot,ForwardDefensive,OffBreak,Over,OffSpin,Right,Null,NotReferred,Null,False,False,False,False,False,True,,False,False,False,False,False,False,0,0,0,0,0,False,False,317.0,51.0,Mid Wicket
1651935,36,2.72,2,0,0,98,2,2,76624,,39481,County Championship 2026,1,48,Surrey Men,31,Somerset Men,8837387,2026-09-24T12:18:49Z,6,217,False,,,,15273,Archie Vaughan,194,Ollie Pope,24,Dom Sibley,Right,0,0,0,0,,LengthBall,OutsideOff,,None,FrontFoot,ForwardDefensive,OffBreak,Over,OffSpin,Right,Null,NotReferred,Null,False,False,False,False,False,True,,False,False,False,False,False,False,0,0,0,0,0,False,False,279.0,39.0,Bowler
1651941,37,2.76,4,0,0,102,2,4,76624,,39481,County Championship 2026,1,48,Surrey Men,31,Somerset Men,8837397,2026-09-24T12:19:39Z,1,218,False,,,,456,Craig Overton,24,Dom Sibley,194,Ollie Pope,Right,0,0,0,0,,BackOfALength,OutsideOff,,None,BackFoot,BackwardDefensive,NoMovement,Over,Medium,Right,Null,NotReferred,Null,False,False,False,False,False,True,,False,False,False,False,False,False,0,0,0,0,0,False,False,323.0,54.0,Mid Wicket
1651941,37,2.76,4,0,0,102,2,4,76624,,39481,County Championship 2026,1,48,Surrey Men,31,Somerset Men,8837410,2026-09-24T12:20:09Z,2,219,False,,,,456,Craig Overton,24,Dom Sibley,194,Ollie Pope,Right,0,0,0,0,,BackOfALength,OutsideOff,,None,FrontFoot,ForwardDefensive,NoMovement,Over,Medium,Right,Null,NotReferred,Null,False,False,False,False,False,True,,False,False,False,False,False,False,0,0,0,0,0,False,False,300.0,43.0,Mid Wicket
1651941,37,2.76,4,0,0,102,2,4,76624,,39481,County Championship 2026,1,48,Surrey Men,31,Somerset Men,8837415,2026-09-24T12:20:40Z,3,220,False,,,,456,Craig Overton,24,Dom Sibley,194,Ollie Pope,Right,0,0,0,0,,HalfVolley,OutsideOff,,None,FrontFoot,ForwardDefensive,NoMovement,Over,Medium,Right,Null,NotReferred,Null,False,False,False,False,False,True,,False,False,False,False,False,False,0,0,0,0,0,False,False,273.0,44.0,Bowler
1651941,37,2.76,4,0,0,102,2,4,76624,,39481,County Championship 2026,1,48,Surrey Men,31,Somerset Men,8837423,2026-09-24T12:21:10Z,4,221,False,,,,456,Craig Overton,24,Dom Sibley,194,Ollie Pope,Right,0,0,0,0,,BackOfALength,OutsideOff,,None,BackFoot,BackwardDefensive,NoMovement,Over,Medium,Right,Null,NotReferred,Null,False,False,False,False,False,True,,False,False,False,False,False,False,0,0,0,0,0,False,False,316.0,41.0,Mid Wicket
1651941,37,2.76,4,0,0,102,2,4,76624,,39481,County Championship 2026,1,48,Surrey Men,31,Somerset Men,8837432,2026-09-24T12:21:39Z,5,222,False,,,,456,Craig Overton,24,Dom Sibley,194,Ollie Pope,Right,0,0,0,0,,Short,OutsideOff,,Left,Ducked,Leave,NoMovement,Over,Medium,Right,Null,NotReferred,Null,False,False,False,False,False,True,,False,False,False,False,False,False,0,0,0,0,0,False,False,,,Wicketkeeper
1651941,37,2.76,4,0,0,102,2,4,76624,,39481,County Championship 2026,1,48,Surrey Men,31,Somerset Men,8837444,2026-09-24T12:22:19Z,6,223,False,,,,456,Craig Overton,24,Dom Sibley,194,Ollie Pope,Right,4,0,4,4,,BackOfALength,OutsideOff,,WellTimed,BackFoot,Worked,NoMovement,Over,Medium,Right,Null,NotReferred,Null,False,False,False,False,False,True,,False,False,False,False,False,False,4,0,0,0,0,True,False,43.0,163.0,
1651952,38,2.74,2,0,0,104,2,2,76624,,39481,County Championship 2026,1,48,Surrey Men,31,Somerset Men,8837460,2026-09-24T12:23:11Z,1,224,False,,,,15273,Archie Vaughan,194,Ollie Pope,24,Dom Sibley,Right,1,0,1,1,,LengthBall,OutsideOff,,None,FrontFoot,Worked,OffBreak,Over,OffSpin,Right,Null,NotReferred,Null,False,False,False,False,False,True,,False,False,False,False,False,False,1,0,0,0,0,False,False,350.0,129.0,Deep Square Leg
1651952,38,2.74,2,0,0,104,2,2,76624,,39481,County Championship 2026,1,48,Surrey Men,31,Somerset Men,8837474,2026-09-24T12:24:04Z,2,225,False,,,,15273,Archie Vaughan,24,Dom Sibley,194,Ollie Pope,Right,0,0,0,0,,BackOfALength,DownLeg,,None,BackFoot,Worked,OffBreak,Round,OffSpin,Right,Null,NotReferred,Null,False,False,False,False,False,True,,False,False,False,False,False,False,0,0,0,0,0,False,False,11.0,46.0,Backward Square Leg
1651952,38,2.74,2,0,0,104,2,2,76624,,39481,County Championship 2026,1,48,Surrey Men,31,Somerset Men,8837479,2026-09-24T12:24:21Z,3,226,False,,,,15273,Archie Vaughan,24,Dom Sibley,194,Ollie Pope,Right,0,0,0,0,,LengthBall,DownLeg,,None,FrontFoot,ForwardDefensive,OffBreak,Round,OffSpin,Right,Null,NotReferred,Null,False,False,False,False,False,True,,False,False,False,False,False,False,0,0,0,0,0,False,False,327.0,16.0,Mid Wicket
1651952,38,2.74,2,0,0,104,2,2,76624,,39481,County Championship 2026,1,48,Surrey Men,31,Somerset Men,8837483,2026-09-24T12:24:39Z,4,227,False,,,,15273,Archie Vaughan,24,Dom Sibley,194,Ollie Pope,Right,0,0,0,0,,LengthBall,MiddleStump,,None,FrontFoot,ForwardDefensive,OffBreak,Round,OffSpin,Right,Null,NotReferred,Null,False,False,False,False,False,True,,False,False,False,False,False,False,0,0,0,0,0,False,False,263.0,35.0,Bowler
1651952,38,2.74,2,0,0,104,2,2,76624,,39481,County Championship 2026,1,48,Surrey Men,31,Somerset Men,8837490,2026-09-24T12:24:58Z,5,228,False,,,,15273,Archie Vaughan,24,Dom Sibley,194,Ollie Pope,Right,1,0,1,1,,LengthBall,DownLeg,,WellTimed,FrontFoot,Worked,OffBreak,Round,OffSpin,Right,Null,NotReferred,Null,False,False,False,False,False,True,,False,False,False,False,False,False,1,0,0,0,0,False,False,346.0,147.0,Deep Square Leg
1651952,38,2.74,2,0,0,104,2,2,76624,,39481,County Championship 2026,1,48,Surrey Men,31,Somerset Men,8837499,2026-09-24T12:25:34Z,6,229,False,,,,15273,Archie Vaughan,194,Ollie Pope,24,Dom Sibley,Right,0,0,0,0,,BackOfALength,OutsideOff,,None,BackFoot,Cut,OffBreak,Over,OffSpin,Right,Null,NotReferred,Null,False,False,False,False,False,True,,False,False,False,False,False,False,0,0,0,0,0,False,False,172.0,77.0,Backward Point
1651960,39,2.77,4,0,0,108,2,4,76624,,39481,County Championship 2026,1,48,Surrey Men,31,Somerset Men,8837511,2026-09-24T12:26:23Z,1,230,False,,,,456,Craig Overton,24,Dom Sibley,194,Ollie Pope,Right,4,0,4,4,,LengthBall,OffStump,,WellTimed,FrontFoot,Glance,NoMovement,Over,Medium,Right,Null,NotReferred,Null,False,False,False,False,False,True,,False,False,False,False,False,False,4,0,0,0,0,True,False,76.0,160.0,
1651960,39,2.77,4,0,0,108,2,4,76624,,39481,County Championship 2026,1,48,Surrey Men,31,Somerset Men,8837519,2026-09-24T12:26:59Z,2,231,False,,,,456,Craig Overton,24,Dom Sibley,194,Ollie Pope,Right,0,0,0,0,,BackOfALength,OutsideOff,,Left,NoMovement,Leave,NoMovement,Over,Medium,Right,Null,NotReferred,Null,False,False,False,False,False,True,,False,False,False,False,False,False,0,0,0,0,0,False,False,,,Wicketkeeper
1651960,39,2.77,4,0,0,108,2,4,76624,,39481,County Championship 2026,1,48,Surrey Men,31,Somerset Men,8837528,2026-09-24T12:27:32Z,3,232,False,,,,456,Craig Overton,24,Dom Sibley,194,Ollie Pope,Right,0,0,0,0,,LengthBall,OutsideOff,,None,FrontFoot,ForwardDefensive,NoMovement,Over,Medium,Right,Null,NotReferred,Null,False,False,False,False,False,True,,False,False,False,False,False,False,0,0,0,0,0,False,False,190.0,51.0,Cover
1651960,39,2.77,4,0,0,108,2,4,76624,,39481,County Championship 2026,1,48,Surrey Men,31,Somerset Men,8837539,2026-09-24T12:27:58Z,4,233,False,,,,456,Craig Overton,24,Dom Sibley,194,Ollie Pope,Right,0,0,0,0,,LengthBall,OutsideOff,Lbw,HitBody,FrontFoot,ForwardDefensive,NoMovement,Over,Medium,Right,Null,NotReferred,Null,False,False,False,False,False,True,1825.0,False,False,False,False,False,False,0,0,0,0,0,False,False,210.0,10.0,Extra Cover
1651960,39,2.77,4,0,0,108,2,4,76624,,39481,County Championship 2026,1,48,Surrey Men,31,Somerset Men,8837542,2026-09-24T12:28:43Z,5,234,False,,,,456,Craig Overton,24,Dom Sibley,194,Ollie Pope,Right,0,0,0,0,,LengthBall,OutsideOff,,None,FrontFoot,ForwardDefensive,NoMovement,Over,Medium,Right,Null,NotReferred,Null,False,False,False,False,False,True,,False,False,False,False,False,False,0,0,0,0,0,False,False,284.0,61.0,Mid On
1651960,39,2.77,4,0,0,108,2,4,76624,,39481,County Championship 2026,1,48,Surrey Men,31,Somerset Men,8837553,2026-09-24T12:29:12Z,6,235,False,,,,456,Craig Overton,24,Dom Sibley,194,Ollie Pope,Right,0,0,0,0,,HalfVolley,OffStump,,None,FrontFoot,Drive,NoMovement,Over,Medium,Right,Null,NotReferred,Null,False,False,False,False,False,True,,False,False,False,False,False,False,0,0,0,0,0,False,False,284.0,61.0,Mid On
1651968,40,2.7,0,0,0,108,2,0,76624,,39481,County Championship 2026,1,48,Surrey Men,31,Somerset Men,8837562,2026-09-24T12:30:01Z,1,236,False,,,,15273,Archie Vaughan,194,Ollie Pope,24,Dom Sibley,Right,0,0,0,0,,LengthBall,OutsideOff,,None,FrontFoot,ForwardDefensive,OffBreak,Over,OffSpin,Right,Null,NotReferred,Null,False,False,False,False,False,True,,False,False,False,False,False,False,0,0,0,0,0,False,False,327.0,46.0,Mid Wicket
1651968,40,2.7,0,0,0,108,2,0,76624,,39481,County Championship 2026,1,48,Surrey Men,31,Somerset Men,8837567,2026-09-24T12:30:18Z,2,237,False,,,,15273,Archie Vaughan,194,Ollie Pope,24,Dom Sibley,Right,0,0,0,0,,LengthBall,OutsideOff,,Missed,FrontFoot,ReverseSweep,OffBreak,Over,OffSpin,Right,Null,NotReferred,Null,False,False,False,False,False,True,,False,False,False,False,False,False,0,0,0,0,0,False,False,,,Wicketkeeper
1651968,40,2.7,0,0,0,108,2,0,76624,,39481,County Championship 2026,1,48,Surrey Men,31,Somerset Men,8837572,2026-09-24T12:30:41Z,3,238,False,,,,15273,Archie Vaughan,194,Ollie Pope,24,Dom Sibley,Right,0,0,0,0,,LengthBall,OutsideOff,,None,FrontFoot,Worked,OffBreak,Over,OffSpin,Right,Null,NotReferred,Null,False,False,False,False,False,True,,False,False,False,False,False,False,0,0,0,0,0,False,False,340.0,39.0,Square Leg
1651968,40,2.7,0,0,0,108,2,0,76624,,39481,County Championship 2026,1,48,Surrey Men,31,Somerset Men,8837578,2026-09-24T12:31:02Z,4,239,False,,,,15273,Archie Vaughan,194,Ollie Pope,24,Dom Sibley,Right,0,0,0,0,,BackOfALength,OutsideOff,,None,BackFoot,Cut,OffBreak,Over,OffSpin,Right,Null,NotReferred,Null,False,False,False,False,False,True,,False,False,False,False,False,False,0,0,0,0,0,False,False,167.0,57.0,Backward Point
1651968,40,2.7,0,0,0,108,2,0,76624,,39481,County Championship 2026,1,48,Surrey Men,31,Somerset Men,8837582,2026-09-24T12:31:24Z,5,240,False,,,,15273,Archie Vaughan,194,Ollie Pope,24,Dom Sibley,Right,0,0,0,0,,LengthBall,OutsideOff,,None,BackFoot,BackwardDefensive,OffBreak,Over,OffSpin,Right,Null,NotReferred,Null,False,False,False,False,False,True,,False,False,False,False,False,False,0,0,0,0,0,False,False,162.0,43.0,Backward Point
1651968,40,2.7,0,0,0,108,2,0,76624,,39481,County Championship 2026,1,48,Surrey Men,31,Somerset Men,8837587,2026-09-24T12:31:40Z,6,241,False,,,,15273,Archie Vaughan,194,Ollie Pope,24,Dom Sibley,Right,0,0,0,0,,LengthBall,OutsideOff,,None,FrontFoot,ForwardDefensive,OffBreak,Over,OffSpin,Right,Null,NotReferred,Null,False,False,False,False,False,True,,False,False,False,False,False,False,0,0,0,0,0,False,False,303.0,36.0,Mid Wicket
1651976,41,2.73,4,0,0,112,2,4,76624,,39481,County Championship 2026,1,48,Surrey Men,31,Somerset Men,8837600,2026-09-24T12:32:32Z,1,242,False,,,,456,Craig Overton,24,Dom Sibley,194,Ollie Pope,Right,0,0,0,0,,LengthBall,OutsideOff,,None,FrontFoot,ForwardDefensive,NoMovement,Over,Medium,Right,Null,NotReferred,Null,False,False,False,False,False,True,,False,False,False,False,False,False,0,0,0,0,0,False,False,319.0,44.0,Mid Wicket
1651976,41,2.73,4,0,0,112,2,4,76624,,39481,County Championship 2026,1,48,Surrey Men,31,Somerset Men,8837604,2026-09-24T12:33:01Z,2,243,False,,,,456,Craig Overton,24,Dom Sibley,194,Ollie Pope,Right,4,0,4,4,,HalfVolley,OutsideOff,,WellTimed,FrontFoot,Drive,NoMovement,Over,Medium,Right,Null,NotReferred,Null,False,False,False,False,False,True,,False,False,False,False,False,False,4,0,0,0,0,True,False,228.0,177.0,
1651976,41,2.73,4,0,0,112,2,4,76624,,39481,County Championship 2026,1,48,Surrey Men,31,Somerset Men,8837615,2026-09-24T12:33:43Z,3,244,False,,,,456,Craig Overton,24,Dom Sibley,194,Ollie Pope,Right,0,0,0,0,,BackOfALength,OutsideOff,,None,BackFoot,BackwardDefensive,NoMovement,Over,Medium,Right,Null,NotReferred,Null,False,False,False,False,False,True,,False,False,False,False,False,False,0,0,0,0,0,False,False,256.0,59.0,Mid Off
1651976,41,2.73,4,0,0,112,2,4,76624,,39481,County Championship 2026,1,48,Surrey Men,31,Somerset Men,8837622,2026-09-24T12:34:13Z,4,245,False,,,,456,Craig Overton,24,Dom Sibley,194,Ollie Pope,Right,0,0,0,0,,LengthBall,OutsideOff,,None,FrontFoot,ForwardDefensive,NoMovement,Over,Medium,Right,Null,NotReferred,Null,False,False,False,False,False,True,,False,False,False,False,False,False,0,0,0,0,0,False,False,296.0,53.0,Mid On
1651976,41,2.73,4,0,0,112,2,4,76624,,39481,County Championship 2026,1,48,Surrey Men,31,Somerset Men,8837632,2026-09-24T12:34:45Z,5,246,False,,,,456,Craig Overton,24,Dom Sibley,194,Ollie Pope,Right,0,0,0,0,,LengthBall,OutsideOff,,None,FrontFoot,ForwardDefensive,NoMovement,Over,Medium,Right,Null,NotReferred,Null,False,False,False,False,False,True,,False,False,False,False,False,False,0,0,0,0,0,False,False,336.0,41.0,Square Leg
1651976,41,2.73,4,0,0,112,2,4,76624,,39481,County Championship 2026,1,48,Surrey Men,31,Somerset Men,8837641,2026-09-24T12:35:19Z,6,247,False,,,,456,Craig Overton,24,Dom Sibley,194,Ollie Pope,Right,0,0,0,0,,LengthBall,OutsideOff,,None,FrontFoot,ForwardDefensive,NoMovement,Over,Medium,Right,Null,NotReferred,Null,False,False,False,False,False,True,,False,False,False,False,False,False,0,0,0,0,0,False,False,169.0,52.0,Backward Point
1651986,42,2.76,4,0,0,116,2,4,76624,,39481,County Championship 2026,1,48,Surrey Men,31,Somerset Men,8837657,2026-09-24T12:36:21Z,1,248,False,,,,15273,Archie Vaughan,194,Ollie Pope,24,Dom Sibley,Right,0,0,0,0,,LengthBall,OutsideOff,,None,FrontFoot,ForwardDefensive,OffBreak,Over,OffSpin,Right,Null,NotReferred,Null,False,False,False,False,False,True,,False,False,False,False,False,False,0,0,0,0,0,False,False,284.0,37.0,Bowler
1651986,42,2.76,4,0,0,116,2,4,76624,,39481,County Championship 2026,1,48,Surrey Men,31,Somerset Men,8837664,2026-09-24T12:36:40Z,2,249,False,,,,15273,Archie Vaughan,194,Ollie Pope,24,Dom Sibley,Right,4,0,4,4,,BackOfALength,OutsideOff,,WellTimed,BackFoot,Drive,OffBreak,Over,OffSpin,Right,Null,NotReferred,Null,False,False,False,False,False,True,,False,False,False,False,False,False,4,0,0,0,0,True,False,201.0,174.0,
1651986,42,2.76,4,0,0,116,2,4,76624,,39481,County Championship 2026,1,48,Surrey Men,31,Somerset Men,8837678,2026-09-24T12:37:28Z,3,250,False,,,,15273,Archie Vaughan,194,Ollie Pope,24,Dom Sibley,Right,0,0,0,0,,LengthBall,OutsideOff,,Padded,FrontFoot,Padded,OffBreak,Over,OffSpin,Right,Null,NotReferred,Null,False,False,False,False,False,True,,False,False,False,False,False,False,0,0,0,0,0,False,False,162.0,38.0,Backward Point
1651986,42,2.76,4,0,0,116,2,4,76624,,39481,County Championship 2026,1,48,Surrey Men,31,Somerset Men,8837683,2026-09-24T12:37:47Z,4,251,False,,,,15273,Archie Vaughan,194,Ollie Pope,24,Dom Sibley,Right,0,0,0,0,,LengthBall,OffStump,,None,FrontFoot,ForwardDefensive,OffBreak,Over,OffSpin,Right,Null,NotReferred,Null,False,False,False,False,False,True,,False,False,False,False,False,False,0,0,0,0,0,False,False,336.0,18.0,Square Leg
1651986,42,2.76,4,0,0,116,2,4,76624,,39481,County Championship 2026,1,48,Surrey Men,31,Somerset Men,8837691,2026-09-24T12:38:22Z,5,252,False,,,,15273,Archie Vaughan,194,Ollie Pope,24,Dom Sibley,Right,0,0,0,0,,HalfVolley,OffStump,,None,FrontFoot,ForwardDefensive,OffBreak,Round,OffSpin,Right,Null,NotReferred,Null,False,False,False,False,False,True,,False,False,False,False,False,False,0,0,0,0,0,False,False,252.0,33.0,Mid Off
1651986,42,2.76,4,0,0,116,2,4,76624,,39481,County Championship 2026,1,48,Surrey Men,31,Somerset Men,8837694,2026-09-24T12:38:39Z,6,253,False,,,,15273,Archie Vaughan,194,Ollie Pope,24,Dom Sibley,Right,0,0,0,0,,LengthBall,LegStump,,None,FrontFoot,ForwardDefensive,OffBreak,Round,OffSpin,Right,Null,NotReferred,Null,False,False,False,False,False,True,,False,False,False,False,False,False,0,0,0,0,0,False,False,256.0,32.0,Mid Off
1651995,43,2.7,0,0,0,116,2,0,76624,,39481,County Championship 2026,1,48,Surrey Men,31,Somerset Men,8837723,2026-09-24T12:40:10Z,1,254,False,,,,7,Lewis Gregory,24,Dom Sibley,194,Ollie Pope,Right,0,0,0,0,,LengthBall,Wide,,None,BackFoot,BackwardDefensive,NoMovement,Over,Medium,Right,Null,NotReferred,Null,False,False,False,False,False,True,,False,False,False,False,False,False,0,0,0,0,0,False,False,210.0,49.0,Extra Cover
1651995,43,2.7,0,0,0,116,2,0,76624,,39481,County Championship 2026,1,48,Surrey Men,31,Somerset Men,8837732,2026-09-24T12:40:52Z,2,255,False,,,,7,Lewis Gregory,24,Dom Sibley,194,Ollie Pope,Right,0,0,0,0,,LengthBall,OutsideOff,,None,FrontFoot,ForwardDefensive,NoMovement,Over,Medium,Right,Null,NotReferred,Null,False,False,False,False,False,True,,False,False,False,False,False,False,0,0,0,0,0,False,False,290.0,45.0,Mid On
1651995,43,2.7,0,0,0,116,2,0,76624,,39481,County Championship 2026,1,48,Surrey Men,31,Somerset Men,8837741,2026-09-24T12:41:33Z,3,256,False,,,,7,Lewis Gregory,24,Dom Sibley,194,Ollie Pope,Right,0,0,0,0,,Short,OutsideOff,,Left,Ducked,Leave,NoMovement,Over,Medium,Right,Null,NotReferred,Null,False,False,False,False,False,True,,False,False,False,False,False,False,0,0,0,0,0,False,False,,,Wicketkeeper
1651995,43,2.7,0,0,0,116,2,0,76624,,39481,County Championship 2026,1,48,Surrey Men,31,Somerset Men,8837751,2026-09-24T12:42:13Z,4,257,False,,,,7,Lewis Gregory,24,Dom Sibley,194,Ollie Pope,Right,0,0,0,0,,LengthBall,OutsideOff,,None,FrontFoot,ForwardDefensive,NoMovement,Over,Medium,Right,Null,NotReferred,Null,False,False,False,False,False,True,,False,False,False,False,False,False,0,0,0,0,0,False,False,300.0,53.0,Mid Wicket
1651995,43,2.7,0,0,0,116,2,0,76624,,39481,County Championship 2026,1,48,Surrey Men,31,Somerset Men,8837766,2026-09-24T12:43:04Z,5,258,False,,,,7,Lewis Gregory,24,Dom Sibley,194,Ollie Pope,Right,0,0,0,0,,LengthBall,OutsideOff,,None,FrontFoot,ForwardDefensive,NoMovement,Over,Medium,Right,Null,NotReferred,Null,False,False,False,False,False,True,,False,False,False,False,False,False,0,0,0,0,0,False,False,195.0,45.0,Cover
1651995,43,2.7,0,0,0,116,2,0,76624,,39481,County Championship 2026,1,48,Surrey Men,31,Somerset Men,8837777,2026-09-24T12:43:44Z,6,259,False,,,,7,Lewis Gregory,24,Dom Sibley,194,Ollie Pope,Right,0,0,0,0,,Short,OutsideOff,,Missed,BackFoot,Cut,NoMovement,Over,Medium,Right,Null,NotReferred,Null,False,False,False,False,False,True,,False,False,False,False,False,False,0,0,0,0,0,False,False,,,Wicketkeeper
1652009,44,2.73,4,0,0,120,2,4,76624,,39481,County Championship 2026,1,48,Surrey Men,31,Somerset Men,8837803,2026-09-24T12:45:25Z,1,260,False,,,,11,Jack Leach,194,Ollie Pope,24,Dom Sibley,Right,0,0,0,0,,LengthBall,OutsideOff,,None,FrontFoot,ForwardDefensive,StockBall,Round,Orthodox,Left,Null,NotReferred,Null,False,False,False,False,False,True,,False,False,False,False,False,False,0,0,0,0,0,False,False,228.0,33.0,Extra Cover
1652009,44,2.73,4,0,0,120,2,4,76624,,39481,County Championship 2026,1,48,Surrey Men,31,Somerset Men,8837807,2026-09-24T12:45:44Z,2,261,False,,,,11,Jack Leach,194,Ollie Pope,24,Dom Sibley,Right,0,0,0,0,,LengthBall,OutsideOff,,None,FrontFoot,ForwardDefensive,StockBall,Round,Orthodox,Left,Null,NotReferred,Null,False,False,False,False,False,True,,False,False,False,False,False,False,0,0,0,0,0,False,False,208.0,39.0,Cover
1652009,44,2.73,4,0,0,120,2,4,76624,,39481,County Championship 2026,1,48,Surrey Men,31,Somerset Men,8837812,2026-09-24T12:46:04Z,3,262,False,,,,11,Jack Leach,194,Ollie Pope,24,Dom Sibley,Right,4,0,4,4,,LengthBall,OutsideOff,,WellTimed,FrontFoot,ReverseSweep,StockBall,Round,Orthodox,Left,Null,NotReferred,Null,False,False,False,False,False,True,,False,False,False,False,False,False,4,0,0,0,0,True,False,106.0,160.0,
1652009,44,2.73,4,0,0,120,2,4,76624,,39481,County Championship 2026,1,48,Surrey Men,31,Somerset Men,8837830,2026-09-24T12:46:58Z,4,263,False,,,,11,Jack Leach,194,Ollie Pope,24,Dom Sibley,Right,0,0,0,0,,LengthBall,OutsideOff,,None,FrontFoot,ForwardDefensive,StockBall,Round,Orthodox,Left,Null,NotReferred,Null,False,False,False,False,False,True,,False,False,False,False,False,False,0,0,0,0,0,False,False,212.0,41.0,Extra Cover
1652009,44,2.73,4,0,0,120,2,4,76624,,39481,County Championship 2026,1,48,Surrey Men,31,Somerset Men,8837835,2026-09-24T12:47:14Z,5,264,False,,,,11,Jack Leach,194,Ollie Pope,24,Dom Sibley,Right,0,0,0,0,,LengthBall,OutsideOff,,Left,NoMovement,Leave,StockBall,Round,Orthodox,Left,Null,NotReferred,Null,False,False,False,False,False,True,,False,False,False,False,False,False,0,0,0,0,0,False,False,,,Wicketkeeper
1652009,44,2.73,4,0,0,120,2,4,76624,,39481,County Championship 2026,1,48,Surrey Men,31,Somerset Men,8837839,2026-09-24T12:47:28Z,6,265,False,,,,11,Jack Leach,194,Ollie Pope,24,Dom Sibley,Right,0,0,0,0,,LengthBall,OffStump,,None,FrontFoot,ForwardDefensive,StockBall,Round,Orthodox,Left,Null,NotReferred,Null,False,False,False,False,False,True,,False,False,False,False,False,False,0,0,0,0,0,False,False,318.0,42.0,Mid Wicket
1652020,45,2.89,10,0,0,130,2,10,76624,,39481,County Championship 2026,1,48,Surrey Men,31,Somerset Men,8837864,2026-09-24T12:48:34Z,1,266,False,,,,7,Lewis Gregory,24,Dom Sibley,194,Ollie Pope,Right,2,0,2,2,,HalfVolley,OutsideOff,,None,FrontFoot,Drive,NoMovement,Over,Medium,Right,Null,NotReferred,Null,False,False,False,False,False,True,,False,False,False,False,False,False,2,0,0,0,0,False,False,233.0,78.0,Extra Cover
1652020,45,2.89,10,0,0,130,2,10,76624,,39481,County Championship 2026,1,48,Surrey Men,31,Somerset Men,8837875,2026-09-24T12:49:23Z,2,267,False,,,,7,Lewis Gregory,24,Dom Sibley,194,Ollie Pope,Right,0,0,0,0,,LengthBall,OutsideOff,,None,FrontFoot,ForwardDefensive,NoMovement,Over,Medium,Right,Null,NotReferred,Null,False,False,False,False,False,True,,False,False,False,False,False,False,0,0,0,0,0,False,False,163.0,57.0,Backward Point
1652020,45,2.89,10,0,0,130,2,10,76624,,39481,County Championship 2026,1,48,Surrey Men,31,Somerset Men,8837890,2026-09-24T12:50:05Z,3,268,False,,,,7,Lewis Gregory,24,Dom Sibley,194,Ollie Pope,Right,4,0,4,4,,BackOfALength,OutsideOff,,WellTimed,BackFoot,Drive,NoMovement,Over,Medium,Right,Null,NotReferred,Null,False,False,False,False,False,True,,False,False,False,False,False,False,4,0,0,0,0,True,False,194.0,172.0,
1652020,45,2.89,10,0,0,130,2,10,76624,,39481,County Championship 2026,1,48,Surrey Men,31,Somerset Men,8837900,2026-09-24T12:50:49Z,4,269,False,,,,7,Lewis Gregory,24,Dom Sibley,194,Ollie Pope,Right,0,0,0,0,,LengthBall,OutsideOff,,HitPad,BackFoot,Worked,NoMovement,Over,Medium,Right,Null,NotReferred,Null,False,False,False,False,False,True,,False,False,False,False,False,False,0,0,0,0,0,False,False,325.0,35.0,Mid Wicket
1652020,45,2.89,10,0,0,130,2,10,76624,,39481,County Championship 2026,1,48,Surrey Men,31,Somerset Men,8837910,2026-09-24T12:51:29Z,5,270,False,,,,7,Lewis Gregory,24,Dom Sibley,194,Ollie Pope,Right,0,0,0,0,,Short,OutsideOff,,None,BackFoot,BackwardDefensive,NoMovement,Over,Medium,Right,Null,NotReferred,Null,False,False,False,False,False,True,,False,False,False,False,False,False,0,0,0,0,0,False,False,308.0,25.0,Mid Wicket
1652020,45,2.89,10,0,0,130,2,10,76624,,39481,County Championship 2026,1,48,Surrey Men,31,Somerset Men,8837920,2026-09-24T12:52:09Z,6,271,False,,,,7,Lewis Gregory,24,Dom Sibley,194,Ollie Pope,Right,4,0,4,4,,BackOfALength,OutsideOff,,WellTimed,BackFoot,Glance,NoMovement,Over,Medium,Right,Null,NotReferred,Null,False,False,False,False,False,True,,False,False,False,False,False,False,4,0,0,0,0,True,False,65.0,161.0,
1652031,46,2.85,1,0,0,131,2,1,76624,,39481,County Championship 2026,1,48,Surrey Men,31,Somerset Men,8837940,2026-09-24T12:53:16Z,1,272,False,,,,11,Jack Leach,194,Ollie Pope,24,Dom Sibley,Right,1,0,1,1,,HalfVolley,OutsideOff,,WellTimed,FrontFoot,Drive,StockBall,Round,Orthodox,Left,Null,NotReferred,Null,False,False,False,False,False,True,,False,False,False,False,False,False,1,0,0,0,0,False,False,205.0,130.0,Deep Cover
1652031,46,2.85,1,0,0,131,2,1,76624,,39481,County Championship 2026,1,48,Surrey Men,31,Somerset Men,8837948,2026-09-24T12:53:50Z,2,273,False,,,,11,Jack Leach,24,Dom Sibley,194,Ollie Pope,Right,0,0,0,0,,BackOfALength,OutsideOff,,Left,NoMovement,Leave,StockBall,Round,Orthodox,Left,Null,NotReferred,Null,False,False,False,False,False,True,,False,False,False,False,False,False,0,0,0,0,0,False,False,,,Wicketkeeper
1652031,46,2.85,1,0,0,131,2,1,76624,,39481,County Championship 2026,1,48,Surrey Men,31,Somerset Men,8837956,2026-09-24T12:54:09Z,3,274,False,,,,11,Jack Leach,24,Dom Sibley,194,Ollie Pope,Right,0,0,0,0,,LengthBall,OutsideOff,,Left,NoMovement,Leave,StockBall,Round,Orthodox,Left,Null,NotReferred,Null,False,False,False,False,False,True,,False,False,False,False,False,False,0,0,0,0,0,False,False,,,Wicketkeeper
1652031,46,2.85,1,0,0,131,2,1,76624,,39481,County Championship 2026,1,48,Surrey Men,31,Somerset Men,8837964,2026-09-24T12:54:24Z,4,275,False,,,,11,Jack Leach,24,Dom Sibley,194,Ollie Pope,Right,0,0,0,0,,LengthBall,OutsideOff,,None,FrontFoot,ForwardDefensive,StockBall,Round,Orthodox,Left,Null,NotReferred,Null,False,False,False,False,False,True,,False,False,False,False,False,False,0,0,0,0,0,False,False,263.0,22.0,Wicketkeeper
1652031,46,2.85,1,0,0,131,2,1,76624,,39481,County Championship 2026,1,48,Surrey Men,31,Somerset Men,8837966,2026-09-24T12:54:42Z,5,276,False,,,,11,Jack Leach,24,Dom Sibley,194,Ollie Pope,Right,0,0,0,0,,LengthBall,OutsideOff,,None,FrontFoot,ForwardDefensive,StockBall,Round,Orthodox,Left,Null,NotReferred,Null,False,False,False,False,False,True,,False,False,False,False,False,False,0,0,0,0,0,False,False,200.0,14.0,Wicketkeeper
1652031,46,2.85,1,0,0,131,2,1,76624,,39481,County Championship 2026,1,48,Surrey Men,31,Somerset Men,8837976,2026-09-24T12:54:59Z,6,277,False,,,,11,Jack Leach,24,Dom Sibley,194,Ollie Pope,Right,0,0,0,0,,LengthBall,OutsideOff,,None,FrontFoot,ForwardDefensive,StockBall,Round,Orthodox,Left,Null,NotReferred,Null,False,False,False,False,False,True,,False,False,False,False,False,False,0,0,0,0,0,False,False,271.0,37.0,Bowler
1652042,47,2.79,0,1,0,131,3,0,76624,,39481,County Championship 2026,1,48,Surrey Men,31,Somerset Men,8837997,2026-09-24T12:56:16Z,1,278,False,,,,7,Lewis Gregory,194,Ollie Pope,24,Dom Sibley,Right,0,0,0,0,,LengthBall,OutsideOff,,None,FrontFoot,ForwardDefensive,NoMovement,Over,Medium,Right,Null,NotReferred,Null,False,False,False,False,False,True,,False,False,False,False,False,False,0,0,0,0,0,False,False,309.0,37.0,Mid Wicket
1652042,47,2.79,0,1,0,131,3,0,76624,,39481,County Championship 2026,1,48,Surrey Men,31,Somerset Men,8838008,2026-09-24T12:56:51Z,2,279,False,,,,7,Lewis Gregory,194,Ollie Pope,24,Dom Sibley,Right,0,0,0,0,,LengthBall,OutsideOff,,None,FrontFoot,Drive,NoMovement,Over,Medium,Right,Null,NotReferred,Null,False,False,False,False,False,True,,False,False,False,False,False,False,0,0,0,0,0,False,False,200.0,49.0,Cover
1652042,47,2.79,0,1,0,131,3,0,76624,,39481,County Championship 2026,1,48,Surrey Men,31,Somerset Men,8838022,2026-09-24T12:57:37Z,3,280,True,Lbw,194.0,Ollie Pope,7,Lewis Gregory,194,Ollie Pope,24,Dom Sibley,Right,0,0,0,0,LBW,LengthBall,OutsideOff,Lbw,HitPad,BackFoot,Worked,NoMovement,Over,Medium,Right,Null,NotReferred,Null,False,False,False,False,False,True,1825.0,False,False,False,False,False,False,0,0,0,0,0,False,False,,,
1652042,47,2.79,0,1,0,131,3,0,76624,,39481,County Championship 2026,1,48,Surrey Men,31,Somerset Men,8838056,2026-09-24T12:59:54Z,4,281,False,,,,7,Lewis Gregory,15,Dan Lawrence,24,Dom Sibley,Right,0,0,0,0,,HalfVolley,OutsideOff,,None,FrontFoot,ForwardDefensive,NoMovement,Over,Medium,Right,Null,NotReferred,Null,False,False,False,False,False,True,,False,False,False,False,False,False,0,0,0,0,0,False,False,261.0,39.0,Bowler
1652042,47,2.79,0,1,0,131,3,0,76624,,39481,County Championship 2026,1,48,Surrey Men,31,Somerset Men,8838066,2026-09-24T13:00:33Z,5,282,False,,,,7,Lewis Gregory,15,Dan Lawrence,24,Dom Sibley,Right,0,0,0,0,,BackOfALength,OutsideOff,,MisTimed,BackFoot,Drive,NoMovement,Over,Medium,Right,Null,NotReferred,Null,False,False,False,False,False,True,,False,False,False,False,False,False,0,0,0,0,0,False,False,298.0,41.0,Mid On
1652042,47,2.79,0,1,0,131,3,0,76624,,39481,County Championship 2026,1,48,Surrey Men,31,Somerset Men,8838076,2026-09-24T13:01:12Z,6,283,False,,,,7,Lewis Gregory,15,Dan Lawrence,24,Dom Sibley,Right,0,0,0,0,,LengthBall,OutsideOff,,None,BackFoot,Drive,NoMovement,Over,Medium,Right,Null,NotReferred,Null,False,False,False,False,False,True,,False,False,False,False,False,False,0,0,0,0,0,False,False,291.0,57.0,Mid On
1652056,48,2.73,0,0,0,131,3,0,76624,,39481,County Championship 2026,1,48,Surrey Men,31,Somerset Men,8838091,2026-09-24T13:02:13Z,1,284,False,,,,11,Jack Leach,24,Dom Sibley,15,Dan Lawrence,Right,0,0,0,0,,LengthBall,OffStump,,None,BackFoot,Worked,StockBall,Round,Orthodox,Left,Null,NotReferred,Null,False,False,False,False,False,True,,False,False,False,False,False,False,0,0,0,0,0,False,False,13.0,54.0,Backward Square Leg
1652056,48,2.73,0,0,0,131,3,0,76624,,39481,County Championship 2026,1,48,Surrey Men,31,Somerset Men,8838097,2026-09-24T13:02:36Z,2,285,False,,,,11,Jack Leach,24,Dom Sibley,15,Dan Lawrence,Right,0,0,0,0,,LengthBall,OffStump,,None,FrontFoot,ForwardDefensive,StockBall,Round,Orthodox,Left,Null,NotReferred,Null,False,False,False,False,False,True,,False,False,False,False,False,False,0,0,0,0,0,False,False,284.0,37.0,Bowler
1652056,48,2.73,0,0,0,131,3,0,76624,,39481,County Championship 2026,1,48,Surrey Men,31,Somerset Men,8838105,2026-09-24T13:02:54Z,3,286,False,,,,11,Jack Leach,24,Dom Sibley,15,Dan Lawrence,Right,0,0,0,0,,LengthBall,OffStump,,None,FrontFoot,Worked,StockBall,Round,Orthodox,Left,Null,NotReferred,Null,False,False,False,False,False,True,,False,False,False,False,False,False,0,0,0,0,0,False,False,343.0,59.0,Square Leg
1652056,48,2.73,0,0,0,131,3,0,76624,,39481,County Championship 2026,1,48,Surrey Men,31,Somerset Men,8838111,2026-09-24T13:03:15Z,4,287,False,,,,11,Jack Leach,24,Dom Sibley,15,Dan Lawrence,Right,0,0,0,0,,LengthBall,OffStump,Lbw,HitPad,FrontFoot,Worked,StockBall,Round,Orthodox,Left,Null,NotReferred,Null,False,False,False,False,False,True,1842.0,False,False,False,False,False,False,0,0,0,0,0,False,False,,,
1652056,48,2.73,0,0,0,131,3,0,76624,,39481,County Championship 2026,1,48,Surrey Men,31,Somerset Men,8838122,2026-09-24T13:03:51Z,5,288,False,,,,11,Jack Leach,24,Dom Sibley,15,Dan Lawrence,Right,0,0,0,0,,LengthBall,MiddleStump,,None,FrontFoot,Worked,StockBall,Round,Orthodox,Left,Null,NotReferred,Null,False,False,False,False,False,True,,False,False,False,False,False,False,0,0,0,0,0,False,False,323.0,42.0,Mid Wicket
1652056,48,2.73,0,0,0,131,3,0,76624,,39481,County Championship 2026,1,48,Surrey Men,31,Somerset Men,8838124,2026-09-24T13:04:12Z,6,289,False,,,,11,Jack Leach,24,Dom Sibley,15,Dan Lawrence,Right,0,0,0,0,,LengthBall,MiddleStump,,None,FrontFoot,ForwardDefensive,StockBall,Round,Orthodox,Left,Null,NotReferred,Null,False,False,False,False,False,True,,False,False,False,False,False,False,0,0,0,0,0,False,False,282.0,35.0,Bowler
1652066,49,2.78,5,0,0,136,3,5,76624,,39481,County Championship 2026,1,48,Surrey Men,31,Somerset Men,8838148,2026-09-24T13:05:26Z,1,290,False,,,,7,Lewis Gregory,15,Dan Lawrence,24,Dom Sibley,Right,1,0,1,1,,LengthBall,OutsideOff,,WellTimed,BackFoot,Worked,NoMovement,Over,Medium,Right,Null,NotReferred,Null,False,False,False,False,False,True,,False,False,False,False,False,False,1,0,0,0,0,False,False,12.0,148.0,Deep Backward Square Leg
1652066,49,2.78,5,0,0,136,3,5,76624,,39481,County Championship 2026,1,48,Surrey Men,31,Somerset Men,8838157,2026-09-24T13:06:02Z,2,291,False,,,,7,Lewis Gregory,24,Dom Sibley,15,Dan Lawrence,Right,0,0,0,0,,LengthBall,OutsideOff,,None,BackFoot,Drive,NoMovement,Over,Medium,Right,Null,NotReferred,Null,False,False,False,False,False,True,,False,False,False,False,False,False,0,0,0,0,0,False,False,254.0,59.0,Mid Off
1652066,49,2.78,5,0,0,136,3,5,76624,,39481,County Championship 2026,1,48,Surrey Men,31,Somerset Men,8838166,2026-09-24T13:06:59Z,3,292,False,,,,7,Lewis Gregory,24,Dom Sibley,15,Dan Lawrence,Right,0,0,0,0,,LengthBall,OutsideOff,,None,FrontFoot,ForwardDefensive,NoMovement,Over,Medium,Right,Null,NotReferred,Null,False,False,False,False,False,True,,False,False,False,False,False,False,0,0,0,0,0,False,False,300.0,53.0,Mid Wicket
1652066,49,2.78,5,0,0,136,3,5,76624,,39481,County Championship 2026,1,48,Surrey Men,31,Somerset Men,8838177,2026-09-24T13:07:39Z,4,293,False,,,,7,Lewis Gregory,24,Dom Sibley,15,Dan Lawrence,Right,4,0,4,4,,Short,OutsideOff,,WellTimed,BackFoot,Pull,NoMovement,Over,Medium,Right,Null,NotReferred,Null,False,False,False,False,False,True,,False,False,False,False,False,False,4,0,0,0,0,True,False,15.0,167.0,
1652066,49,2.78,5,0,0,136,3,5,76624,,39481,County Championship 2026,1,48,Surrey Men,31,Somerset Men,8838193,2026-09-24T13:08:53Z,5,294,False,,,,7,Lewis Gregory,24,Dom Sibley,15,Dan Lawrence,Right,0,0,0,0,,BackOfALength,OutsideOff,,None,BackFoot,BackwardDefensive,NoMovement,Over,Medium,Right,Null,NotReferred,Null,False,False,False,False,False,True,,False,False,False,False,False,False,0,0,0,0,0,False,False,322.0,40.0,Mid Wicket
1652066,49,2.78,5,0,0,136,3,5,76624,,39481,County Championship 2026,1,48,Surrey Men,31,Somerset Men,8838209,2026-09-24T13:09:34Z,6,295,False,,,,7,Lewis Gregory,24,Dom Sibley,15,Dan Lawrence,Right,0,0,0,0,,Short,OutsideOff,,ThickEdge,BackFoot,BackwardDefensive,NoMovement,Over,Medium,Right,Null,NotReferred,Null,False,False,False,False,False,True,,False,False,False,False,False,False,0,0,0,0,0,False,True,157.0,73.0,Backward Point
1652079,50,2.86,7,0,0,143,3,7,76624,,39481,County Championship 2026,1,48,Surrey Men,31,Somerset Men,8838227,2026-09-24T13:10:42Z,1,296,False,,,,11,Jack Leach,15,Dan Lawrence,24,Dom Sibley,Right,0,0,0,0,,BackOfALength,OutsideOff,,None,BackFoot,Cut,StockBall,Round,Orthodox,Left,Null,NotReferred,Null,False,False,False,False,False,True,,False,False,False,False,False,False,0,0,0,0,0,False,False,168.0,61.0,Backward Point
1652079,50,2.86,7,0,0,143,3,7,76624,,39481,County Championship 2026,1,48,Surrey Men,31,Somerset Men,8838233,2026-09-24T13:11:03Z,2,297,False,,,,11,Jack Leach,15,Dan Lawrence,24,Dom Sibley,Right,6,0,6,6,,LengthBall,OutsideOff,,Middled,DownTheTrack,Slog,StockBall,Round,Orthodox,Left,Null,NotReferred,Null,False,False,False,False,True,True,,False,False,False,False,False,False,6,0,0,0,0,True,False,308.0,178.0,
1652079,50,2.86,7,0,0,143,3,7,76624,,39481,County Championship 2026,1,48,Surrey Men,31,Somerset Men,8838239,2026-09-24T13:11:34Z,3,298,False,,,,11,Jack Leach,15,Dan Lawrence,24,Dom Sibley,Right,0,0,0,0,,LengthBall,OutsideOff,,None,FrontFoot,ForwardDefensive,StockBall,Round,Orthodox,Left,Null,NotReferred,Null,False,False,False,False,False,True,,False,False,False,False,False,False,0,0,0,0,0,False,False,236.0,34.0,Extra Cover
1652079,50,2.86,7,0,0,143,3,7,76624,,39481,County Championship 2026,1,48,Surrey Men,31,Somerset Men,8838246,2026-09-24T13:11:54Z,4,299,False,,,,11,Jack Leach,15,Dan Lawrence,24,Dom Sibley,Right,1,0,1,1,,LengthBall,OutsideOff,,WellTimed,FrontFoot,Drive,StockBall,Round,Orthodox,Left,Null,NotReferred,Null,False,False,False,False,False,True,,False,False,False,False,False,False,1,0,0,0,0,False,False,252.0,154.0,Long Off
1652079,50,2.86,7,0,0,143,3,7,76624,,39481,County Championship 2026,1,48,Surrey Men,31,Somerset Men,8838252,2026-09-24T13:12:17Z,5,300,False,,,,11,Jack Leach,24,Dom Sibley,15,Dan Lawrence,Right,0,0,0,0,,LengthBall,OutsideOff,,None,FrontFoot,ForwardDefensive,StockBall,Round,Orthodox,Left,Null,NotReferred,Null,False,False,False,False,False,True,,False,False,False,False,False,False,0,0,0,0,0,False,False,176.0,20.0,Backward Point
1652079,50,2.86,7,0,0,143,3,7,76624,,39481,County Championship 2026,1,48,Surrey Men,31,Somerset Men,8838259,2026-09-24T13:12:40Z,6,301,False,,,,11,Jack Leach,24,Dom Sibley,15,Dan Lawrence,Right,0,0,0,0,,LengthBall,OutsideOff,,None,FrontFoot,ForwardDefensive,StockBall,Round,Orthodox,Left,Null,NotReferred,Null,False,False,False,False,False,True,,False,False,False,False,False,False,0,0,0,0,0,False,False,237.0,30.0,Extra Cover
1652089,51,2.88,4,0,0,147,3,4,76624,,39481,County Championship 2026,1,48,Surrey Men,31,Somerset Men,8838286,2026-09-24T13:13:54Z,1,302,False,,,,7,Lewis Gregory,15,Dan Lawrence,24,Dom Sibley,Right,0,0,0,0,,LengthBall,OutsideOff,,Missed,FrontFoot,ForwardDefensive,NoMovement,Over,Medium,Right,Null,NotReferred,Null,False,False,False,False,False,True,,False,False,False,False,False,False,0,0,0,0,0,False,False,,,Wicketkeeper
1652089,51,2.88,4,0,0,147,3,4,76624,,39481,County Championship 2026,1,48,Surrey Men,31,Somerset Men,8838300,2026-09-24T13:14:34Z,2,303,False,,,,7,Lewis Gregory,15,Dan Lawrence,24,Dom Sibley,Right,0,0,0,0,,LengthBall,OutsideOff,,Missed,BackFoot,BackwardDefensive,NoMovement,Over,Medium,Right,Null,NotReferred,Null,False,False,False,False,False,True,,False,False,False,False,False,False,0,0,0,0,0,False,False,,,Wicketkeeper
1652089,51,2.88,4,0,0,147,3,4,76624,,39481,County Championship 2026,1,48,Surrey Men,31,Somerset Men,8838311,2026-09-24T13:15:20Z,3,304,False,,,,7,Lewis Gregory,15,Dan Lawrence,24,Dom Sibley,Right,4,0,4,4,,BackOfALength,OutsideOff,,WellTimed,BackFoot,Drive,NoMovement,Over,Medium,Right,Null,NotReferred,Null,False,False,False,False,False,True,,False,False,False,False,False,False,4,0,0,0,0,True,False,205.0,174.0,
1652089,51,2.88,4,0,0,147,3,4,76624,,39481,County Championship 2026,1,48,Surrey Men,31,Somerset Men,8838325,2026-09-24T13:16:14Z,4,305,False,,,,7,Lewis Gregory,15,Dan Lawrence,24,Dom Sibley,Right,0,0,0,0,,BackOfALength,OutsideOff,,None,BackFoot,BackwardDefensive,NoMovement,Over,Medium,Right,Null,NotReferred,Null,False,False,False,False,False,True,,False,False,False,False,False,False,0,0,0,0,0,False,False,281.0,52.0,Bowler
1652089,51,2.88,4,0,0,147,3,4,76624,,39481,County Championship 2026,1,48,Surrey Men,31,Somerset Men,8838337,2026-09-24T13:16:53Z,5,306,False,,,,7,Lewis Gregory,15,Dan Lawrence,24,Dom Sibley,Right,0,0,0,0,,LengthBall,OutsideOff,,None,FrontFoot,ForwardDefensive,NoMovement,Over,Medium,Right,Null,NotReferred,Null,False,False,False,False,False,True,,False,False,False,False,False,False,0,0,0,0,0,False,False,166.0,52.0,Backward Point
1652089,51,2.88,4,0,0,147,3,4,76624,,39481,County Championship 2026,1,48,Surrey Men,31,Somerset Men,8838347,2026-09-24T13:17:33Z,6,307,False,,,,7,Lewis Gregory,15,Dan Lawrence,24,Dom Sibley,Right,0,0,0,0,,LengthBall,OutsideOff,,None,FrontFoot,Drive,NoMovement,Over,Medium,Right,Null,NotReferred,Null,False,False,False,False,False,True,,False,False,False,False,False,False,0,0,0,0,0,False,False,258.0,54.0,Mid Off
1652102,52,2.9,4,0,0,151,3,4,76624,,39481,County Championship 2026,1,48,Surrey Men,31,Somerset Men,8838370,2026-09-24T13:18:40Z,1,308,False,,,,11,Jack Leach,24,Dom Sibley,15,Dan Lawrence,Right,1,0,1,1,,LengthBall,OutsideOff,,None,FrontFoot,Drive,StockBall,Round,Orthodox,Left,Null,NotReferred,Null,False,False,False,False,False,True,,False,False,False,False,False,False,1,0,0,0,0,False,False,200.0,117.0,Deep Cover
1652102,52,2.9,4,0,0,151,3,4,76624,,39481,County Championship 2026,1,48,Surrey Men,31,Somerset Men,8838376,2026-09-24T13:19:13Z,2,309,False,,,,11,Jack Leach,15,Dan Lawrence,24,Dom Sibley,Right,0,0,0,0,,LengthBall,OutsideOff,,None,FrontFoot,ForwardDefensive,StockBall,Round,Orthodox,Left,Null,NotReferred,Null,False,False,False,False,False,True,,False,False,False,False,False,False,0,0,0,0,0,False,False,216.0,38.0,Extra Cover
1652102,52,2.9,4,0,0,151,3,4,76624,,39481,County Championship 2026,1,48,Surrey Men,31,Somerset Men,8838382,2026-09-24T13:19:31Z,3,310,False,,,,11,Jack Leach,15,Dan Lawrence,24,Dom Sibley,Right,1,0,1,1,,BackOfALength,OutsideOff,,WellTimed,BackFoot,Cut,StockBall,Round,Orthodox,Left,Null,NotReferred,Null,False,False,False,False,False,True,,False,False,False,False,False,False,1,0,0,0,0,False,False,195.0,125.0,Deep Cover
1652102,52,2.9,4,0,0,151,3,4,76624,,39481,County Championship 2026,1,48,Surrey Men,31,Somerset Men,8838389,2026-09-24T13:19:55Z,4,311,False,,,,11,Jack Leach,24,Dom Sibley,15,Dan Lawrence,Right,1,0,1,1,,LengthBall,OutsideOff,,None,FrontFoot,Drive,StockBall,Round,Orthodox,Left,Null,NotReferred,Null,False,False,False,False,False,True,,False,False,False,False,False,False,1,0,0,0,0,False,False,193.0,67.0,Cover
1652102,52,2.9,4,0,0,151,3,4,76624,,39481,County Championship 2026,1,48,Surrey Men,31,Somerset Men,8838399,2026-09-24T13:20:25Z,5,312,False,,,,11,Jack Leach,15,Dan Lawrence,24,Dom Sibley,Right,0,0,0,0,,LengthBall,OutsideOff,,Missed,FrontFoot,Drive,StockBall,Round,Orthodox,Left,Null,NotReferred,Null,False,False,False,False,False,True,,False,False,False,False,False,False,0,0,0,0,0,False,False,,,Wicketkeeper
1652102,52,2.9,4,0,0,151,3,4,76624,,39481,County Championship 2026,1,48,Surrey Men,31,Somerset Men,8838405,2026-09-24T13:20:44Z,6,313,False,,,,11,Jack Leach,15,Dan Lawrence,24,Dom Sibley,Right,1,0,1,1,,LengthBall,MiddleStump,,None,FrontFoot,Worked,StockBall,Round,Orthodox,Left,Null,NotReferred,Null,False,False,False,False,False,True,,False,False,False,False,False,False,1,0,0,0,0,False,False,8.0,51.0,Backward Square Leg
1652114,53,2.87,1,0,0,152,3,1,76624,,39481,County Championship 2026,1,48,Surrey Men,31,Somerset Men,8838443,2026-09-24T13:22:41Z,1,314,False,,,,15273,Archie Vaughan,15,Dan Lawrence,24,Dom Sibley,Right,0,0,0,0,,LengthBall,DownLeg,,None,FrontFoot,Worked,OffBreak,Round,OffSpin,Right,Null,NotReferred,Null,False,False,False,False,False,True,,False,False,False,False,False,False,0,0,0,0,0,False,False,313.0,45.0,Mid Wicket
1652114,53,2.87,1,0,0,152,3,1,76624,,39481,County Championship 2026,1,48,Surrey Men,31,Somerset Men,8838448,2026-09-24T13:22:57Z,2,315,False,,,,15273,Archie Vaughan,15,Dan Lawrence,24,Dom Sibley,Right,0,0,0,0,,BackOfALength,LegStump,,None,BackFoot,Drive,OffBreak,Round,OffSpin,Right,Null,NotReferred,Null,False,False,False,False,False,True,,False,False,False,False,False,False,0,0,0,0,0,False,False,241.0,73.0,Mid Off
1652114,53,2.87,1,0,0,152,3,1,76624,,39481,County Championship 2026,1,48,Surrey Men,31,Somerset Men,8838456,2026-09-24T13:23:16Z,3,316,False,,,,15273,Archie Vaughan,15,Dan Lawrence,24,Dom Sibley,Right,0,0,0,0,,BackOfALength,LegStump,,MisTimed,BackFoot,Cut,OffBreak,Round,OffSpin,Right,Null,NotReferred,Null,False,False,False,False,False,True,,False,False,False,False,False,False,0,0,0,0,0,False,False,275.0,41.0,Bowler
1652114,53,2.87,1,0,0,152,3,1,76624,,39481,County Championship 2026,1,48,Surrey Men,31,Somerset Men,8838461,2026-09-24T13:23:34Z,4,317,False,,,,15273,Archie Vaughan,15,Dan Lawrence,24,Dom Sibley,Right,0,0,0,0,,HalfVolley,OutsideOff,,None,FrontFoot,Drive,OffBreak,Round,OffSpin,Right,Null,NotReferred,Null,False,False,False,False,False,True,,False,False,False,False,False,False,0,0,0,0,0,False,False,253.0,66.0,Mid Off
1652114,53,2.87,1,0,0,152,3,1,76624,,39481,County Championship 2026,1,48,Surrey Men,31,Somerset Men,8838475,2026-09-24T13:24:25Z,5,318,False,,,,15273,Archie Vaughan,15,Dan Lawrence,24,Dom Sibley,Right,1,0,1,1,,BackOfALength,DownLeg,,None,BackFoot,Worked,OffBreak,Round,OffSpin,Right,Null,NotReferred,Null,False,False,False,False,False,True,,False,False,False,False,False,False,1,0,0,0,0,False,False,1.0,131.0,Deep Backward Square Leg
1652114,53,2.87,1,0,0,152,3,1,76624,,39481,County Championship 2026,1,48,Surrey Men,31,Somerset Men,8838486,2026-09-24T13:25:05Z,6,319,False,,,,15273,Archie Vaughan,24,Dom Sibley,15,Dan Lawrence,Right,0,0,0,0,,LengthBall,LegStump,,None,FrontFoot,ForwardDefensive,OffBreak,Round,OffSpin,Right,Null,NotReferred,Null,False,False,False,False,False,True,,False,False,False,False,False,False,0,0,0,0,0,False,False,271.0,41.0,Bowler
1652125,54,2.93,6,0,0,158,3,6,76624,,39481,County Championship 2026,1,48,Surrey Men,31,Somerset Men,8838512,2026-09-24T13:26:15Z,1,320,False,,,,11,Jack Leach,15,Dan Lawrence,24,Dom Sibley,Right,0,0,0,0,,LengthBall,OutsideOff,,None,FrontFoot,ForwardDefensive,StockBall,Round,Orthodox,Left,Null,NotReferred,Null,False,False,False,False,False,True,,False,False,False,False,False,False,0,0,0,0,0,False,False,237.0,46.0,Extra Cover
1652125,54,2.93,6,0,0,158,3,6,76624,,39481,County Championship 2026,1,48,Surrey Men,31,Somerset Men,8838515,2026-09-24T13:26:37Z,2,321,False,,,,11,Jack Leach,15,Dan Lawrence,24,Dom Sibley,Right,0,0,0,0,,LengthBall,OffStump,,None,BackFoot,BackwardDefensive,StockBall,Round,Orthodox,Left,Null,NotReferred,Null,False,False,False,False,False,True,,False,False,False,False,False,False,0,0,0,0,0,False,False,358.0,12.0,Wicketkeeper
1652125,54,2.93,6,0,0,158,3,6,76624,,39481,County Championship 2026,1,48,Surrey Men,31,Somerset Men,8838520,2026-09-24T13:26:55Z,3,322,False,,,,11,Jack Leach,15,Dan Lawrence,24,Dom Sibley,Right,1,0,1,1,,LengthBall,OutsideOff,,WellTimed,FrontFoot,Drive,StockBall,Round,Orthodox,Left,Null,NotReferred,Null,False,False,False,False,False,True,,False,False,False,False,False,False,1,0,0,0,0,False,False,195.0,133.0,Deep Cover
1652125,54,2.93,6,0,0,158,3,6,76624,,39481,County Championship 2026,1,48,Surrey Men,31,Somerset Men,8838534,2026-09-24T13:27:38Z,4,323,False,,,,11,Jack Leach,24,Dom Sibley,15,Dan Lawrence,Right,1,0,1,1,,HalfVolley,OutsideOff,,None,FrontFoot,Drive,StockBall,Round,Orthodox,Left,Null,NotReferred,Null,False,False,False,False,False,True,,False,False,False,False,False,False,1,0,0,0,0,False,False,257.0,119.0,Long Off
1652125,54,2.93,6,0,0,158,3,6,76624,,39481,County Championship 2026,1,48,Surrey Men,31,Somerset Men,8838544,2026-09-24T13:28:01Z,5,324,False,,,,11,Jack Leach,15,Dan Lawrence,24,Dom Sibley,Right,0,4,4,0,,LengthBall,OutsideOff,,Missed,BackFoot,Cut,StockBall,Round,Orthodox,Left,Null,NotReferred,Null,False,False,True,False,False,True,,False,False,False,False,False,False,4,4,0,0,0,False,False,,,Wicketkeeper
1652125,54,2.93,6,0,0,158,3,6,76624,,39481,County Championship 2026,1,48,Surrey Men,31,Somerset Men,8838556,2026-09-24T13:28:40Z,6,325,False,,,,11,Jack Leach,15,Dan Lawrence,24,Dom Sibley,Right,0,0,0,0,,LengthBall,OutsideOff,,None,BackFoot,Drive,StockBall,Round,Orthodox,Left,Null,NotReferred,Null,False,False,False,False,False,True,,False,False,False,False,False,False,0,0,0,0,0,False,False,181.0,66.0,Cover
1652137,55,2.91,2,0,0,160,3,2,76624,,39481,County Championship 2026,1,48,Surrey Men,31,Somerset Men,8838573,2026-09-24T13:29:44Z,1,326,False,,,,15273,Archie Vaughan,24,Dom Sibley,15,Dan Lawrence,Right,0,0,0,0,,LengthBall,DownLeg,,None,FrontFoot,Worked,OffBreak,Round,OffSpin,Right,Null,NotReferred,Null,False,False,False,False,False,True,,False,False,False,False,False,False,0,0,0,0,0,False,False,339.0,58.0,Square Leg
1652137,55,2.91,2,0,0,160,3,2,76624,,39481,County Championship 2026,1,48,Surrey Men,31,Somerset Men,8838577,2026-09-24T13:29:59Z,2,327,False,,,,15273,Archie Vaughan,24,Dom Sibley,15,Dan Lawrence,Right,0,0,0,0,,LengthBall,DownLeg,,None,BackFoot,Worked,OffBreak,Round,OffSpin,Right,Null,NotReferred,Null,False,False,False,False,False,True,,False,False,False,False,False,False,0,0,0,0,0,False,False,317.0,56.0,Mid Wicket
1652137,55,2.91,2,0,0,160,3,2,76624,,39481,County Championship 2026,1,48,Surrey Men,31,Somerset Men,8838581,2026-09-24T13:30:14Z,3,328,False,,,,15273,Archie Vaughan,24,Dom Sibley,15,Dan Lawrence,Right,1,0,1,1,,LengthBall,OffStump,,OutsideEdge,BackFoot,BackwardDefensive,OffBreak,Round,OffSpin,Right,Null,NotReferred,Null,False,False,False,False,False,True,,False,False,False,False,False,False,1,0,0,0,0,False,False,124.0,123.0,Third Man
1652137,55,2.91,2,0,0,160,3,2,76624,,39481,County Championship 2026,1,48,Surrey Men,31,Somerset Men,8838593,2026-09-24T13:30:48Z,4,329,False,,,,15273,Archie Vaughan,15,Dan Lawrence,24,Dom Sibley,Right,0,0,0,0,,LengthBall,DownLeg,,None,BackFoot,Worked,OffBreak,Round,OffSpin,Right,Null,NotReferred,Null,False,False,False,False,False,True,,False,False,False,False,False,False,0,0,0,0,0,False,False,25.0,52.0,Backward Square Leg
1652137,55,2.91,2,0,0,160,3,2,76624,,39481,County Championship 2026,1,48,Surrey Men,31,Somerset Men,8838598,2026-09-24T13:31:07Z,5,330,False,,,,15273,Archie Vaughan,15,Dan Lawrence,24,Dom Sibley,Right,0,0,0,0,,LengthBall,DownLeg,,None,FrontFoot,Worked,OffBreak,Round,OffSpin,Right,Null,NotReferred,Null,False,False,False,False,False,True,,False,False,False,False,False,False,0,0,0,0,0,False,False,334.0,54.0,Square Leg
1652137,55,2.91,2,0,0,160,3,2,76624,,39481,County Championship 2026,1,48,Surrey Men,31,Somerset Men,8838605,2026-09-24T13:31:27Z,6,331,False,,,,15273,Archie Vaughan,15,Dan Lawrence,24,Dom Sibley,Right,1,0,1,1,,HalfVolley,OutsideOff,,None,FrontFoot,Drive,OffBreak,Round,OffSpin,Right,Null,NotReferred,Null,False,False,False,False,False,True,,False,False,False,False,False,False,1,0,0,0,0,False,False,256.0,64.0,Mid Off
1652146,56,2.95,5,0,0,165,3,5,76624,,39481,County Championship 2026,1,48,Surrey Men,31,Somerset Men,8838637,2026-09-24T13:33:25Z,1,332,False,,,,11,Jack Leach,15,Dan Lawrence,24,Dom Sibley,Right,1,0,1,1,,LengthBall,OffStump,,None,FrontFoot,Drive,StockBall,Round,Orthodox,Left,Null,NotReferred,Null,False,False,False,False,False,True,,False,False,False,False,False,False,1,0,0,0,0,False,False,293.0,94.0,Mid On
1652146,56,2.95,5,0,0,165,3,5,76624,,39481,County Championship 2026,1,48,Surrey Men,31,Somerset Men,8838647,2026-09-24T13:34:03Z,2,333,False,,,,11,Jack Leach,24,Dom Sibley,15,Dan Lawrence,Right,4,0,4,4,,LengthBall,MiddleStump,,WellTimed,FrontFoot,Worked,StockBall,Round,Orthodox,Left,Null,NotReferred,Null,False,False,False,False,False,True,,False,False,False,False,False,False,4,0,0,0,0,True,False,352.0,171.0,
1652146,56,2.95,5,0,0,165,3,5,76624,,39481,County Championship 2026,1,48,Surrey Men,31,Somerset Men,8838658,2026-09-24T13:34:47Z,3,334,False,,,,11,Jack Leach,24,Dom Sibley,15,Dan Lawrence,Right,0,0,0,0,,LengthBall,OutsideOff,,None,FrontFoot,ForwardDefensive,StockBall,Round,Orthodox,Left,Null,NotReferred,Null,False,False,False,False,False,True,,False,False,False,False,False,False,0,0,0,0,0,False,False,273.0,20.0,Bowler
1652146,56,2.95,5,0,0,165,3,5,76624,,39481,County Championship 2026,1,48,Surrey Men,31,Somerset Men,8838661,2026-09-24T13:35:04Z,4,335,False,,,,11,Jack Leach,24,Dom Sibley,15,Dan Lawrence,Right,0,0,0,0,,LengthBall,OutsideOff,,None,FrontFoot,ForwardDefensive,StockBall,Round,Orthodox,Left,Null,NotReferred,Null,False,False,False,False,False,True,,False,False,False,False,False,False,0,0,0,0,0,False,False,273.0,39.0,Bowler
1652146,56,2.95,5,0,0,165,3,5,76624,,39481,County Championship 2026,1,48,Surrey Men,31,Somerset Men,8838666,2026-09-24T13:35:19Z,5,336,False,,,,11,Jack Leach,24,Dom Sibley,15,Dan Lawrence,Right,0,0,0,0,,BackOfALength,OutsideOff,,None,BackFoot,Cut,StockBall,Round,Orthodox,Left,Null,NotReferred,Null,False,False,False,False,False,True,,False,False,False,False,False,False,0,0,0,0,0,False,False,177.0,57.0,Backward Point
1652146,56,2.95,5,0,0,165,3,5,76624,,39481,County Championship 2026,1,48,Surrey Men,31,Somerset Men,8838668,2026-09-24T13:35:40Z,6,337,False,,,,11,Jack Leach,24,Dom Sibley,15,Dan Lawrence,Right,0,0,0,0,,LengthBall,OutsideOff,,None,FrontFoot,ForwardDefensive,StockBall,Round,Orthodox,Left,Null,NotReferred,Null,False,False,False,False,False,True,,False,False,False,False,False,False,0,0,0,0,0,False,False,227.0,33.0,Extra Cover
1652156,57,2.91,1,0,0,166,3,1,76624,,39481,County Championship 2026,1,48,Surrey Men,31,Somerset Men,8838686,2026-09-24T13:36:46Z,1,338,False,,,,15273,Archie Vaughan,15,Dan Lawrence,24,Dom Sibley,Right,1,0,1,1,,LengthBall,DownLeg,,WellTimed,BackFoot,Worked,OffBreak,Round,OffSpin,Right,Null,NotReferred,Null,False,False,False,False,False,True,,False,False,False,False,False,False,1,0,0,0,0,False,False,357.0,131.0,Deep Square Leg
1652156,57,2.91,1,0,0,166,3,1,76624,,39481,County Championship 2026,1,48,Surrey Men,31,Somerset Men,8838696,2026-09-24T13:37:20Z,2,339,False,,,,15273,Archie Vaughan,24,Dom Sibley,15,Dan Lawrence,Right,0,0,0,0,,LengthBall,OutsideOff,,None,BackFoot,BackwardDefensive,OffBreak,Over,OffSpin,Right,Null,NotReferred,Null,False,False,False,False,False,True,,False,False,False,False,False,False,0,0,0,0,0,False,False,292.0,47.0,Mid On
1652156,57,2.91,1,0,0,166,3,1,76624,,39481,County Championship 2026,1,48,Surrey Men,31,Somerset Men,8838702,2026-09-24T13:37:36Z,3,340,False,,,,15273,Archie Vaughan,24,Dom Sibley,15,Dan Lawrence,Right,0,0,0,0,,LengthBall,OutsideOff,,None,FrontFoot,ForwardDefensive,OffBreak,Over,OffSpin,Right,Null,NotReferred,Null,False,False,False,False,False,True,,False,False,False,False,False,False,0,0,0,0,0,False,False,214.0,38.0,Extra Cover
1652156,57,2.91,1,0,0,166,3,1,76624,,39481,County Championship 2026,1,48,Surrey Men,31,Somerset Men,8838704,2026-09-24T13:38:00Z,4,341,False,,,,15273,Archie Vaughan,24,Dom Sibley,15,Dan Lawrence,Right,0,0,0,0,,HalfVolley,OutsideOff,,None,FrontFoot,ForwardDefensive,OffBreak,Over,OffSpin,Right,Null,NotReferred,Null,False,False,False,False,False,True,,False,False,False,False,False,False,0,0,0,0,0,False,False,268.0,44.0,Bowler
1652156,57,2.91,1,0,0,166,3,1,76624,,39481,County Championship 2026,1,48,Surrey Men,31,Somerset Men,8838710,2026-09-24T13:38:18Z,5,342,False,,,,15273,Archie Vaughan,24,Dom Sibley,15,Dan Lawrence,Right,0,0,0,0,,LengthBall,OutsideOff,,Missed,BackFoot,BackwardDefensive,OffBreak,Over,OffSpin,Right,Null,NotReferred,Null,False,False,False,False,False,True,,False,False,False,False,False,False,0,0,0,0,0,False,False,,,Wicketkeeper
1652156,57,2.91,1,0,0,166,3,1,76624,,39481,County Championship 2026,1,48,Surrey Men,31,Somerset Men,8838716,2026-09-24T13:38:39Z,6,343,False,,,,15273,Archie Vaughan,24,Dom Sibley,15,Dan Lawrence,Right,0,0,0,0,,LengthBall,OutsideOff,,None,BackFoot,BackwardDefensive,OffBreak,Over,OffSpin,Right,Null,NotReferred,Null,False,False,False,False,False,True,,False,False,False,False,False,False,0,0,0,0,0,False,False,284.0,40.0,Mid On
1652162,58,2.95,5,0,0,171,3,5,76624,,39481,County Championship 2026,1,48,Surrey Men,31,Somerset Men,8838732,2026-09-24T13:39:50Z,1,344,False,,,,11,Jack Leach,15,Dan Lawrence,24,Dom Sibley,Right,4,0,4,4,,LengthBall,OffStump,,WellTimed,FrontFoot,Sweep,StockBall,Round,Orthodox,Left,Null,NotReferred,Null,False,False,False,False,False,True,,False,False,False,False,False,False,4,0,0,0,0,True,False,356.0,171.0,
1652162,58,2.95,5,0,0,171,3,5,76624,,39481,County Championship 2026,1,48,Surrey Men,31,Somerset Men,8838749,2026-09-24T13:40:40Z,2,345,False,,,,11,Jack Leach,15,Dan Lawrence,24,Dom Sibley,Right,1,0,1,1,,HalfVolley,OutsideOff,,WellTimed,FrontFoot,Drive,StockBall,Round,Orthodox,Left,Null,NotReferred,Null,False,False,False,False,False,True,,False,False,False,False,False,False,1,0,0,0,0,False,False,259.0,144.0,Long Off
1652162,58,2.95,5,0,0,171,3,5,76624,,39481,County Championship 2026,1,48,Surrey Men,31,Somerset Men,8838758,2026-09-24T13:41:11Z,3,346,False,,,,11,Jack Leach,24,Dom Sibley,15,Dan Lawrence,Right,0,0,0,0,,LengthBall,OffStump,,None,FrontFoot,ForwardDefensive,StockBall,Round,Orthodox,Left,Null,NotReferred,Null,False,False,False,False,False,True,,False,False,False,False,False,False,0,0,0,0,0,False,False,276.0,35.0,Bowler
1652162,58,2.95,5,0,0,171,3,5,76624,,39481,County Championship 2026,1,48,Surrey Men,31,Somerset Men,8838766,2026-09-24T13:41:31Z,4,347,False,,,,11,Jack Leach,24,Dom Sibley,15,Dan Lawrence,Right,0,0,0,0,,LengthBall,OutsideOff,,None,FrontFoot,ForwardDefensive,StockBall,Round,Orthodox,Left,Null,NotReferred,Null,False,False,False,False,False,True,,False,False,False,False,False,False,0,0,0,0,0,False,False,303.0,30.0,Mid Wicket
1652162,58,2.95,5,0,0,171,3,5,76624,,39481,County Championship 2026,1,48,Surrey Men,31,Somerset Men,8838768,2026-09-24T13:41:52Z,5,348,False,,,,11,Jack Leach,24,Dom Sibley,15,Dan Lawrence,Right,0,0,0,0,,LengthBall,OutsideOff,,None,FrontFoot,ForwardDefensive,StockBall,Round,Orthodox,Left,Null,NotReferred,Null,False,False,False,False,False,True,,False,False,False,False,False,False,0,0,0,0,0,False,False,267.0,37.0,Bowler
1652162,58,2.95,5,0,0,171,3,5,76624,,39481,County Championship 2026,1,48,Surrey Men,31,Somerset Men,8838773,2026-09-24T13:42:10Z,6,349,False,,,,11,Jack Leach,24,Dom Sibley,15,Dan Lawrence,Right,0,0,0,0,,LengthBall,OutsideOff,,None,FrontFoot,Drive,StockBall,Round,Orthodox,Left,Null,NotReferred,Null,False,False,False,False,False,True,,False,False,False,False,False,False,0,0,0,0,0,False,False,205.0,60.0,Cover
1652171,59,2.93,2,0,0,173,3,2,76624,,39481,County Championship 2026,1,48,Surrey Men,31,Somerset Men,8838789,2026-09-24T13:43:12Z,1,350,False,,,,15273,Archie Vaughan,15,Dan Lawrence,24,Dom Sibley,Right,0,0,0,0,,HalfVolley,MiddleStump,,MisTimed,FrontFoot,Drive,OffBreak,Round,OffSpin,Right,Null,NotReferred,Null,False,False,False,False,False,True,,False,False,False,False,False,False,0,0,0,0,0,False,False,246.0,35.0,Bowler
1652171,59,2.93,2,0,0,173,3,2,76624,,39481,County Championship 2026,1,48,Surrey Men,31,Somerset Men,8838798,2026-09-24T13:43:37Z,2,351,False,,,,15273,Archie Vaughan,15,Dan Lawrence,24,Dom Sibley,Right,2,0,2,2,,LengthBall,OffStump,,WellTimed,FrontFoot,Drive,OffBreak,Round,OffSpin,Right,Null,NotReferred,Null,False,False,False,False,False,True,,False,False,False,False,False,False,2,0,0,0,0,False,False,231.0,168.0,Deep Extra Cover
1652171,59,2.93,2,0,0,173,3,2,76624,,39481,County Championship 2026,1,48,Surrey Men,31,Somerset Men,8838806,2026-09-24T13:44:12Z,3,352,False,,,,15273,Archie Vaughan,15,Dan Lawrence,24,Dom Sibley,Right,0,0,0,0,,LengthBall,DownLeg,,None,BackFoot,Worked,OffBreak,Round,OffSpin,Right,Null,NotReferred,Null,False,False,False,False,False,True,,False,False,False,False,False,False,0,0,0,0,0,False,False,316.0,55.0,Mid Wicket
1652171,59,2.93,2,0,0,173,3,2,76624,,39481,County Championship 2026,1,48,Surrey Men,31,Somerset Men,8838813,2026-09-24T13:44:28Z,4,353,False,,,,15273,Archie Vaughan,15,Dan Lawrence,24,Dom Sibley,Right,0,0,0,0,,LengthBall,DownLeg,,None,BackFoot,Worked,OffBreak,Round,OffSpin,Right,Null,NotReferred,Null,False,False,False,False,False,True,,False,False,False,False,False,False,0,0,0,0,0,False,False,306.0,59.0,Mid Wicket
1652171,59,2.93,2,0,0,173,3,2,76624,,39481,County Championship 2026,1,48,Surrey Men,31,Somerset Men,8838820,2026-09-24T13:44:47Z,5,354,False,,,,15273,Archie Vaughan,15,Dan Lawrence,24,Dom Sibley,Right,0,0,0,0,,LengthBall,DownLeg,,None,BackFoot,Worked,OffBreak,Round,OffSpin,Right,Null,NotReferred,Null,False,False,False,False,False,True,,False,False,False,False,False,False,0,0,0,0,0,False,False,355.0,69.0,Square Leg
1652171,59,2.93,2,0,0,173,3,2,76624,,39481,County Championship 2026,1,48,Surrey Men,31,Somerset Men,8838827,2026-09-24T13:45:06Z,6,355,False,,,,15273,Archie Vaughan,15,Dan Lawrence,24,Dom Sibley,Right,0,0,0,0,,HalfVolley,OffStump,,None,FrontFoot,Drive,OffBreak,Round,OffSpin,Right,Null,NotReferred,Null,False,False,False,False,False,True,,False,False,False,False,False,False,0,0,0,0,0,False,False,237.0,56.0,Extra Cover
1652182,60,2.9,1,0,0,174,3,1,76624,,39481,County Championship 2026,1,48,Surrey Men,31,Somerset Men,8838849,2026-09-24T13:46:21Z,1,356,False,,,,11,Jack Leach,24,Dom Sibley,15,Dan Lawrence,Right,0,0,0,0,,HalfVolley,OutsideOff,,None,FrontFoot,Drive,StockBall,Round,Orthodox,Left,Null,NotReferred,Null,False,False,False,False,False,True,,False,False,False,False,False,False,0,0,0,0,0,False,False,219.0,40.0,Extra Cover
1652182,60,2.9,1,0,0,174,3,1,76624,,39481,County Championship 2026,1,48,Surrey Men,31,Somerset Men,8838855,2026-09-24T13:46:38Z,2,357,False,,,,11,Jack Leach,24,Dom Sibley,15,Dan Lawrence,Right,1,0,1,1,,HalfVolley,OutsideOff,,None,FrontFoot,Drive,StockBall,Round,Orthodox,Left,Null,NotReferred,Null,False,False,False,False,False,True,,False,False,False,False,False,False,1,0,0,0,0,False,False,254.0,113.0,Long Off
1652182,60,2.9,1,0,0,174,3,1,76624,,39481,County Championship 2026,1,48,Surrey Men,31,Somerset Men,8838864,2026-09-24T13:47:04Z,3,358,False,,,,11,Jack Leach,15,Dan Lawrence,24,Dom Sibley,Right,0,0,0,0,,LengthBall,OutsideOff,Lbw,HitPad,FrontFoot,Sweep,StockBall,Round,Orthodox,Left,Null,NotReferred,Null,False,False,False,False,False,True,1842.0,False,False,False,False,False,False,0,0,0,0,0,False,False,258.0,32.0,Bowler
1652182,60,2.9,1,0,0,174,3,1,76624,,39481,County Championship 2026,1,48,Surrey Men,31,Somerset Men,8838868,2026-09-24T13:47:30Z,4,359,False,,,,11,Jack Leach,15,Dan Lawrence,24,Dom Sibley,Right,0,0,0,0,,BackOfALength,OutsideOff,,None,BackFoot,Cut,StockBall,Round,Orthodox,Left,Null,NotReferred,Null,False,False,False,False,False,True,,False,False,False,False,False,False,0,0,0,0,0,False,False,183.0,53.0,Cover
1652182,60,2.9,1,0,0,174,3,1,76624,,39481,County Championship 2026,1,48,Surrey Men,31,Somerset Men,8838875,2026-09-24T13:47:47Z,5,360,False,,,,11,Jack Leach,15,Dan Lawrence,24,Dom Sibley,Right,0,0,0,0,,LengthBall,OffStump,,None,FrontFoot,ForwardDefensive,StockBall,Round,Orthodox,Left,Null,NotReferred,Null,False,False,False,False,False,True,,False,False,False,False,False,False,0,0,0,0,0,False,False,273.0,39.0,Bowler
1652182,60,2.9,1,0,0,174,3,1,76624,,39481,County Championship 2026,1,48,Surrey Men,31,Somerset Men,8838879,2026-09-24T13:48:05Z,6,361,False,,,,11,Jack Leach,15,Dan Lawrence,24,Dom Sibley,Right,0,0,0,0,,LengthBall,OutsideOff,,None,FrontFoot,ForwardDefensive,StockBall,Round,Orthodox,Left,Null,NotReferred,Null,False,False,False,False,False,True,,False,False,False,False,False,False,0,0,0,0,0,False,False,269.0,41.0,Bowler
1652192,61,2.85,0,1,0,174,4,0,76624,,39481,County Championship 2026,1,48,Surrey Men,31,Somerset Men,8838905,2026-09-24T13:49:47Z,1,362,False,,,,2675,Migael Pretorius,24,Dom Sibley,15,Dan Lawrence,Right,0,0,0,0,,LengthBall,OutsideOff,,None,FrontFoot,Drive,NoMovement,Over,FastSeam,Right,Null,NotReferred,Null,False,False,False,False,False,True,,False,False,False,False,False,False,0,0,0,0,0,False,False,310.0,57.0,Mid Wicket
1652192,61,2.85,0,1,0,174,4,0,76624,,39481,County Championship 2026,1,48,Surrey Men,31,Somerset Men,8838918,2026-09-24T13:50:21Z,2,363,False,,,,2675,Migael Pretorius,24,Dom Sibley,15,Dan Lawrence,Right,0,0,0,0,,LengthBall,OutsideOff,,None,FrontFoot,ForwardDefensive,NoMovement,Over,FastSeam,Right,Null,NotReferred,Null,False,False,False,False,False,True,,False,False,False,False,False,False,0,0,0,0,0,False,False,265.0,35.0,Bowler
1652192,61,2.85,0,1,0,174,4,0,76624,,39481,County Championship 2026,1,48,Surrey Men,31,Somerset Men,8838925,2026-09-24T13:50:56Z,3,364,False,,,,2675,Migael Pretorius,24,Dom Sibley,15,Dan Lawrence,Right,0,0,0,0,,LengthBall,OutsideOff,,None,FrontFoot,ForwardDefensive,NoMovement,Over,FastSeam,Right,Null,NotReferred,Null,False,False,False,False,False,True,,False,False,False,False,False,False,0,0,0,0,0,False,False,278.0,58.0,Mid On
1652192,61,2.85,0,1,0,174,4,0,76624,,39481,County Championship 2026,1,48,Surrey Men,31,Somerset Men,8838936,2026-09-24T13:51:26Z,4,365,True,Caught,24.0,Dom Sibley,2675,Migael Pretorius,24,Dom Sibley,15,Dan Lawrence,Right,0,0,0,0,Caught,LengthBall,OutsideOff,Caught,InsideEdge,FrontFoot,Drive,NoMovement,Over,FastSeam,Right,Null,NotReferred,Null,False,False,False,False,False,True,1825.0,False,False,False,False,False,False,0,0,0,0,0,False,True,72.0,50.0,Leg Slip
1652192,61,2.85,0,1,0,174,4,0,76624,,39481,County Championship 2026,1,48,Surrey Men,31,Somerset Men,8838971,2026-09-24T13:54:33Z,5,366,False,,,,2675,Migael Pretorius,221,Ben Foakes,15,Dan Lawrence,Right,0,0,0,0,,LengthBall,OutsideOff,,None,FrontFoot,ForwardDefensive,NoMovement,Over,FastSeam,Right,Null,NotReferred,Null,False,False,False,False,False,True,,False,False,False,False,False,False,0,0,0,0,0,False,False,255.0,39.0,Bowler
1652192,61,2.85,0,1,0,174,4,0,76624,,39481,County Championship 2026,1,48,Surrey Men,31,Somerset Men,8838983,2026-09-24T13:55:03Z,6,367,False,,,,2675,Migael Pretorius,221,Ben Foakes,15,Dan Lawrence,Right,0,0,0,0,,BackOfALength,OutsideOff,,None,BackFoot,BackwardDefensive,NoMovement,Over,FastSeam,Right,Null,NotReferred,Null,False,False,False,False,False,True,,False,False,False,False,False,False,0,0,0,0,0,False,False,157.0,44.0,Backward Point
1652208,62,2.82,1,0,0,175,4,1,76624,,39481,County Championship 2026,1,48,Surrey Men,31,Somerset Men,8839002,2026-09-24T13:56:10Z,1,368,False,,,,11,Jack Leach,15,Dan Lawrence,221,Ben Foakes,Right,0,0,0,0,,BackOfALength,OutsideOff,,None,BackFoot,Cut,StockBall,Round,Orthodox,Left,Null,NotReferred,Null,False,False,False,False,False,True,,False,False,False,False,False,False,0,0,0,0,0,False,False,171.0,60.0,Backward Point
1652208,62,2.82,1,0,0,175,4,1,76624,,39481,County Championship 2026,1,48,Surrey Men,31,Somerset Men,8839012,2026-09-24T13:56:30Z,2,369,False,,,,11,Jack Leach,15,Dan Lawrence,221,Ben Foakes,Right,0,0,0,0,,BackOfALength,OutsideOff,,None,BackFoot,Cut,StockBall,Round,Orthodox,Left,Null,NotReferred,Null,False,False,False,False,False,True,,False,False,False,False,False,False,0,0,0,0,0,False,False,172.0,51.0,Backward Point
1652208,62,2.82,1,0,0,175,4,1,76624,,39481,County Championship 2026,1,48,Surrey Men,31,Somerset Men,8839018,2026-09-24T13:56:50Z,3,370,False,,,,11,Jack Leach,15,Dan Lawrence,221,Ben Foakes,Right,0,0,0,0,,BackOfALength,OutsideOff,,WellTimed,BackFoot,Cut,StockBall,Round,Orthodox,Left,Null,NotReferred,Null,False,False,False,False,False,True,,False,False,False,False,False,False,0,0,0,0,0,False,False,152.0,65.0,Backward Point
1652208,62,2.82,1,0,0,175,4,1,76624,,39481,County Championship 2026,1,48,Surrey Men,31,Somerset Men,8839025,2026-09-24T13:57:20Z,4,371,False,,,,11,Jack Leach,15,Dan Lawrence,221,Ben Foakes,Right,0,0,0,0,,BackOfALength,OutsideOff,,MisTimed,BackFoot,Cut,StockBall,Round,Orthodox,Left,Null,NotReferred,Null,False,False,False,False,False,True,,False,False,False,False,False,False,0,0,0,0,0,False,False,146.0,35.0,Gully
1652208,62,2.82,1,0,0,175,4,1,76624,,39481,County Championship 2026,1,48,Surrey Men,31,Somerset Men,8839032,2026-09-24T13:57:40Z,5,372,False,,,,11,Jack Leach,15,Dan Lawrence,221,Ben Foakes,Right,0,0,0,0,,BackOfALength,OutsideOff,,Left,NoMovement,Leave,StockBall,Round,Orthodox,Left,Null,NotReferred,Null,False,False,False,False,False,True,,False,False,False,False,False,False,0,0,0,0,0,False,False,,,Wicketkeeper
1652208,62,2.82,1,0,0,175,4,1,76624,,39481,County Championship 2026,1,48,Surrey Men,31,Somerset Men,8839036,2026-09-24T13:58:00Z,6,373,False,,,,11,Jack Leach,15,Dan Lawrence,221,Ben Foakes,Right,1,0,1,1,,HalfVolley,OutsideOff,,WellTimed,FrontFoot,Drive,StockBall,Round,Orthodox,Left,Null,NotReferred,Null,False,False,False,False,False,True,,False,False,False,False,False,False,1,0,0,0,0,False,False,252.0,154.0,Long Off
1652220,63,2.79,1,0,0,176,4,1,76624,,39481,County Championship 2026,1,48,Surrey Men,31,Somerset Men,8839059,2026-09-24T13:59:24Z,1,374,False,,,,2675,Migael Pretorius,15,Dan Lawrence,221,Ben Foakes,Right,0,0,0,0,,LengthBall,OffStump,,PlayAndMissLegSide,FrontFoot,Flick,NoMovement,Over,FastSeam,Right,Null,NotReferred,Null,False,False,False,False,False,True,,False,False,False,False,False,False,0,0,0,0,0,False,False,66.0,44.0,Short Fine Leg
1652220,63,2.79,1,0,0,176,4,1,76624,,39481,County Championship 2026,1,48,Surrey Men,31,Somerset Men,8839069,2026-09-24T13:59:56Z,2,375,False,,,,2675,Migael Pretorius,15,Dan Lawrence,221,Ben Foakes,Right,0,0,0,0,,HalfVolley,OutsideOff,,None,FrontFoot,Drive,NoMovement,Over,FastSeam,Right,Null,NotReferred,Null,False,False,False,False,False,True,,False,False,False,False,False,False,0,0,0,0,0,False,False,268.0,44.0,Bowler
1652220,63,2.79,1,0,0,176,4,1,76624,,39481,County Championship 2026,1,48,Surrey Men,31,Somerset Men,8839081,2026-09-24T14:00:29Z,3,376,False,,,,2675,Migael Pretorius,15,Dan Lawrence,221,Ben Foakes,Right,0,0,0,0,,BackOfALength,OutsideOff,,None,BackFoot,BackwardDefensive,NoMovement,Over,FastSeam,Right,Null,NotReferred,Null,False,False,False,False,False,True,,False,False,False,False,False,False,0,0,0,0,0,False,False,269.0,37.0,Bowler
1652220,63,2.79,1,0,0,176,4,1,76624,,39481,County Championship 2026,1,48,Surrey Men,31,Somerset Men,8839091,2026-09-24T14:01:07Z,4,377,False,,,,2675,Migael Pretorius,15,Dan Lawrence,221,Ben Foakes,Right,0,0,0,0,,Short,OutsideOff,,Left,SwayedAway,Leave,NoMovement,Over,FastSeam,Right,Null,NotReferred,Null,False,False,False,False,False,True,,False,False,False,False,False,False,0,0,0,0,0,False,False,,,Wicketkeeper
1652220,63,2.79,1,0,0,176,4,1,76624,,39481,County Championship 2026,1,48,Surrey Men,31,Somerset Men,8839104,2026-09-24T14:01:42Z,5,378,False,,,,2675,Migael Pretorius,15,Dan Lawrence,221,Ben Foakes,Right,0,0,0,0,,LengthBall,OutsideOff,,WellTimed,FrontFoot,Flick,NoMovement,Over,FastSeam,Right,Null,NotReferred,Null,False,False,False,False,False,True,,False,False,False,False,False,False,0,0,0,0,0,False,False,316.0,53.0,Mid Wicket
1652220,63,2.79,1,0,0,176,4,1,76624,,39481,County Championship 2026,1,48,Surrey Men,31,Somerset Men,8839112,2026-09-24T14:02:12Z,6,379,False,,,,2675,Migael Pretorius,15,Dan Lawrence,221,Ben Foakes,Right,1,0,1,1,,HalfVolley,OutsideOff,,WellTimed,FrontFoot,Drive,NoMovement,Over,FastSeam,Right,Null,NotReferred,Null,False,False,False,False,False,True,,False,False,False,False,False,False,1,0,0,0,0,False,False,211.0,155.0,Deep Extra Cover
1652230,64,2.77,1,0,0,177,4,1,76624,,39481,County Championship 2026,1,48,Surrey Men,31,Somerset Men,8839134,2026-09-24T14:03:39Z,1,380,False,,,,11,Jack Leach,15,Dan Lawrence,221,Ben Foakes,Right,0,0,0,0,,LengthBall,OutsideOff,,None,FrontFoot,ForwardDefensive,StockBall,Round,Orthodox,Left,Null,NotReferred,Null,False,False,False,False,False,True,,False,False,False,False,False,False,0,0,0,0,0,False,False,220.0,37.0,Extra Cover
1652230,64,2.77,1,0,0,177,4,1,76624,,39481,County Championship 2026,1,48,Surrey Men,31,Somerset Men,8839141,2026-09-24T14:03:54Z,2,381,False,,,,11,Jack Leach,15,Dan Lawrence,221,Ben Foakes,Right,1,0,1,1,,HalfVolley,OutsideOff,,None,FrontFoot,Drive,StockBall,Round,Orthodox,Left,Null,NotReferred,Null,False,False,False,False,False,True,,False,False,False,False,False,False,1,0,0,0,0,False,False,248.0,137.0,Long Off
1652230,64,2.77,1,0,0,177,4,1,76624,,39481,County Championship 2026,1,48,Surrey Men,31,Somerset Men,8839149,2026-09-24T14:04:25Z,3,382,False,,,,11,Jack Leach,221,Ben Foakes,15,Dan Lawrence,Right,0,0,0,0,,BackOfALength,OutsideOff,,None,BackFoot,BackwardDefensive,StockBall,Round,Orthodox,Left,Null,NotReferred,Null,False,False,False,False,False,True,,False,False,False,False,False,False,0,0,0,0,0,False,False,251.0,54.0,Mid Off
1652230,64,2.77,1,0,0,177,4,1,76624,,39481,County Championship 2026,1,48,Surrey Men,31,Somerset Men,8839156,2026-09-24T14:04:44Z,4,383,False,,,,11,Jack Leach,221,Ben Foakes,15,Dan Lawrence,Right,0,0,0,0,,LengthBall,OutsideOff,,None,FrontFoot,ForwardDefensive,StockBall,Round,Orthodox,Left,Null,NotReferred,Null,False,False,False,False,False,True,,False,False,False,False,False,False,0,0,0,0,0,False,False,205.0,25.0,Cover
1652230,64,2.77,1,0,0,177,4,1,76624,,39481,County Championship 2026,1,48,Surrey Men,31,Somerset Men,8839161,2026-09-24T14:04:59Z,5,384,False,,,,11,Jack Leach,221,Ben Foakes,15,Dan Lawrence,Right,0,0,0,0,,LengthBall,OffStump,,None,FrontFoot,ForwardDefensive,StockBall,Round,Orthodox,Left,Null,NotReferred,Null,False,False,False,False,False,True,,False,False,False,False,False,False,0,0,0,0,0,False,False,263.0,39.0,Bowler
1652230,64,2.77,1,0,0,177,4,1,76624,,39481,County Championship 2026,1,48,Surrey Men,31,Somerset Men,8839170,2026-09-24T14:05:13Z,6,385,False,,,,11,Jack Leach,221,Ben Foakes,15,Dan Lawrence,Right,0,0,0,0,,LengthBall,OutsideOff,,None,BackFoot,BackwardDefensive,StockBall,Round,Orthodox,Left,Null,NotReferred,Null,False,False,False,False,False,True,,False,False,False,False,False,False,0,0,0,0,0,False,False,212.0,32.0,Extra Cover
1652237,65,2.82,6,0,0,183,4,6,76624,,39481,County Championship 2026,1,48,Surrey Men,31,Somerset Men,8839185,2026-09-24T14:06:06Z,1,386,False,,,,2675,Migael Pretorius,15,Dan Lawrence,221,Ben Foakes,Right,4,0,4,4,,HalfVolley,OutsideOff,,WellTimed,FrontFoot,Drive,NoMovement,Over,FastSeam,Right,Null,NotReferred,Null,False,False,False,False,False,True,,False,False,False,False,False,False,4,0,0,0,0,True,False,227.0,177.0,
1652237,65,2.82,6,0,0,183,4,6,76624,,39481,County Championship 2026,1,48,Surrey Men,31,Somerset Men,8839193,2026-09-24T14:06:44Z,2,387,False,,,,2675,Migael Pretorius,15,Dan Lawrence,221,Ben Foakes,Right,0,0,0,0,,LengthBall,OutsideOff,,WellTimed,BackFoot,Worked,NoMovement,Over,FastSeam,Right,Null,NotReferred,Null,False,False,False,False,False,True,,False,False,False,False,False,False,0,0,0,0,0,False,False,313.0,55.0,Mid Wicket
1652237,65,2.82,6,0,0,183,4,6,76624,,39481,County Championship 2026,1,48,Surrey Men,31,Somerset Men,8839202,2026-09-24T14:07:17Z,3,388,False,,,,2675,Migael Pretorius,15,Dan Lawrence,221,Ben Foakes,Right,1,0,1,1,,LengthBall,OutsideOff,,WellTimed,FrontFoot,Drive,NoMovement,Over,FastSeam,Right,Null,NotReferred,Null,False,False,False,False,False,True,,False,False,False,False,False,False,1,0,0,0,0,False,False,209.0,151.0,Deep Cover
1652237,65,2.82,6,0,0,183,4,6,76624,,39481,County Championship 2026,1,48,Surrey Men,31,Somerset Men,8839225,2026-09-24T14:08:36Z,4,389,False,,,,2675,Migael Pretorius,221,Ben Foakes,15,Dan Lawrence,Right,1,0,1,1,,HalfVolley,OffStump,,None,BackFoot,Worked,NoMovement,Over,FastSeam,Right,Null,NotReferred,Null,False,False,False,False,False,True,,False,False,False,False,False,False,1,0,0,0,0,False,False,291.0,86.0,Mid On
1652237,65,2.82,6,0,0,183,4,6,76624,,39481,County Championship 2026,1,48,Surrey Men,31,Somerset Men,8839235,2026-09-24T14:09:07Z,5,390,False,,,,2675,Migael Pretorius,15,Dan Lawrence,221,Ben Foakes,Right,0,0,0,0,,LengthBall,OutsideOff,,None,BackFoot,BackwardDefensive,NoMovement,Over,FastSeam,Right,Null,NotReferred,Null,False,False,False,False,False,True,,False,False,False,False,False,False,0,0,0,0,0,False,False,276.0,24.0,Bowler
1652237,65,2.82,6,0,0,183,4,6,76624,,39481,County Championship 2026,1,48,Surrey Men,31,Somerset Men,8839245,2026-09-24T14:09:41Z,6,391,False,,,,2675,Migael Pretorius,15,Dan Lawrence,221,Ben Foakes,Right,0,0,0,0,,LengthBall,OutsideOff,,Missed,FrontFoot,Drive,NoMovement,Over,FastSeam,Right,Null,NotReferred,Null,False,False,False,False,False,True,,False,False,False,False,False,False,0,0,0,0,0,False,False,,,Wicketkeeper
1652295,66,2.79,1,0,0,184,4,1,76624,,39481,County Championship 2026,1,48,Surrey Men,31,Somerset Men,8839533,2026-09-24T14:31:51Z,1,392,False,,,,10499,Josh Thomas,221,Ben Foakes,15,Dan Lawrence,Right,0,0,0,0,,LengthBall,OutsideOff,,Left,NoMovement,Leave,StockBall,Round,Orthodox,Left,Null,NotReferred,Null,False,False,False,False,False,True,,False,False,False,False,False,False,0,0,0,0,0,False,False,,,Wicketkeeper
1652295,66,2.79,1,0,0,184,4,1,76624,,39481,County Championship 2026,1,48,Surrey Men,31,Somerset Men,8839537,2026-09-24T14:32:07Z,2,393,False,,,,10499,Josh Thomas,221,Ben Foakes,15,Dan Lawrence,Right,0,0,0,0,,LengthBall,OutsideOff,,None,FrontFoot,ForwardDefensive,StockBall,Round,Orthodox,Left,Null,NotReferred,Null,False,False,False,False,False,True,,False,False,False,False,False,False,0,0,0,0,0,False,False,236.0,17.0,Wicketkeeper
1652295,66,2.79,1,0,0,184,4,1,76624,,39481,County Championship 2026,1,48,Surrey Men,31,Somerset Men,8839546,2026-09-24T14:32:25Z,3,394,False,,,,10499,Josh Thomas,221,Ben Foakes,15,Dan Lawrence,Right,0,0,0,0,,BackOfALength,OutsideOff,,None,BackFoot,Drive,StockBall,Round,Orthodox,Left,Null,NotReferred,Null,False,False,False,False,False,True,,False,False,False,False,False,False,0,0,0,0,0,False,False,204.0,60.0,Cover
1652295,66,2.79,1,0,0,184,4,1,76624,,39481,County Championship 2026,1,48,Surrey Men,31,Somerset Men,8839549,2026-09-24T14:32:42Z,4,395,False,,,,10499,Josh Thomas,221,Ben Foakes,15,Dan Lawrence,Right,0,0,0,0,,HalfVolley,OffStump,,None,FrontFoot,Flick,StockBall,Round,Orthodox,Left,Null,NotReferred,Null,False,False,False,False,False,True,,False,False,False,False,False,False,0,0,0,0,0,False,False,324.0,50.0,Mid Wicket
1652295,66,2.79,1,0,0,184,4,1,76624,,39481,County Championship 2026,1,48,Surrey Men,31,Somerset Men,8839553,2026-09-24T14:33:01Z,5,396,False,,,,10499,Josh Thomas,221,Ben Foakes,15,Dan Lawrence,Right,1,0,1,1,,LengthBall,OutsideOff,,WellTimed,BackFoot,Drive,StockBall,Round,Orthodox,Left,Null,NotReferred,Null,False,False,False,False,False,True,,False,False,False,False,False,False,1,0,0,0,0,False,False,198.0,144.0,Deep Cover
1652295,66,2.79,1,0,0,184,4,1,76624,,39481,County Championship 2026,1,48,Surrey Men,31,Somerset Men,8839563,2026-09-24T14:33:38Z,6,397,False,,,,10499,Josh Thomas,15,Dan Lawrence,221,Ben Foakes,Right,0,0,0,0,,Yorker,DownLeg,,PlayAndMissLegSide,FrontFoot,Flick,StockBall,Round,Orthodox,Left,Null,NotReferred,Null,False,False,False,False,False,True,,False,False,False,False,False,False,0,0,0,0,0,False,False,,,Wicketkeeper
1652304,67,2.76,1,0,0,185,4,1,76624,,39481,County Championship 2026,1,48,Surrey Men,31,Somerset Men,8839576,2026-09-24T14:34:37Z,1,398,False,,,,2675,Migael Pretorius,221,Ben Foakes,15,Dan Lawrence,Right,1,0,1,1,,BackOfALength,OutsideOff,,WellTimed,BackFoot,Worked,NoMovement,Over,FastSeam,Right,Null,NotReferred,Null,False,False,False,False,False,True,,False,False,False,False,False,False,1,0,0,0,0,False,False,8.0,141.0,Deep Backward Square Leg
1652304,67,2.76,1,0,0,185,4,1,76624,,39481,County Championship 2026,1,48,Surrey Men,31,Somerset Men,8839587,2026-09-24T14:35:15Z,2,399,False,,,,2675,Migael Pretorius,15,Dan Lawrence,221,Ben Foakes,Right,0,0,0,0,,BackOfALength,OutsideOff,,None,BackFoot,Steer,NoMovement,Over,FastSeam,Right,Null,NotReferred,Null,False,False,False,False,False,True,,False,False,False,False,False,False,0,0,0,0,0,False,False,111.0,57.0,First Slip
1652304,67,2.76,1,0,0,185,4,1,76624,,39481,County Championship 2026,1,48,Surrey Men,31,Somerset Men,8839596,2026-09-24T14:35:47Z,3,400,False,,,,2675,Migael Pretorius,15,Dan Lawrence,221,Ben Foakes,Right,0,0,0,0,,LengthBall,OutsideOff,,Missed,FrontFoot,Drive,NoMovement,Over,FastSeam,Right,Null,NotReferred,Null,False,False,False,False,False,True,,False,False,False,False,False,False,0,0,0,0,0,False,False,,,Wicketkeeper
1652304,67,2.76,1,0,0,185,4,1,76624,,39481,County Championship 2026,1,48,Surrey Men,31,Somerset Men,8839605,2026-09-24T14:36:29Z,4,401,False,,,,2675,Migael Pretorius,15,Dan Lawrence,221,Ben Foakes,Right,0,0,0,0,,HalfVolley,OffStump,,WellTimed,FrontFoot,Flick,NoMovement,Over,FastSeam,Right,Null,NotReferred,Null,False,False,False,False,False,True,,False,False,False,False,False,False,0,0,0,0,0,False,False,313.0,60.0,Mid Wicket
1652304,67,2.76,1,0,0,185,4,1,76624,,39481,County Championship 2026,1,48,Surrey Men,31,Somerset Men,8839615,2026-09-24T14:37:00Z,5,402,False,,,,2675,Migael Pretorius,15,Dan Lawrence,221,Ben Foakes,Right,0,0,0,0,,BackOfALength,OutsideOff,,None,BackFoot,BackwardDefensive,NoMovement,Over,FastSeam,Right,Null,NotReferred,Null,False,False,False,False,False,True,,False,False,False,False,False,False,0,0,0,0,0,False,False,293.0,43.0,Mid On
1652304,67,2.76,1,0,0,185,4,1,76624,,39481,County Championship 2026,1,48,Surrey Men,31,Somerset Men,8839622,2026-09-24T14:37:30Z,6,403,False,,,,2675,Migael Pretorius,15,Dan Lawrence,221,Ben Foakes,Right,0,0,0,0,,Short,OutsideOff,,Left,Ducked,Leave,NoMovement,Over,FastSeam,Right,Null,NotReferred,Null,False,False,False,False,False,True,,False,False,False,False,False,False,0,0,0,0,0,False,False,,,Wicketkeeper
1652313,68,2.75,2,0,0,187,4,2,76624,,39481,County Championship 2026,1,48,Surrey Men,31,Somerset Men,8839637,2026-09-24T14:38:25Z,1,404,False,,,,10499,Josh Thomas,221,Ben Foakes,15,Dan Lawrence,Right,2,0,2,2,,LengthBall,OutsideOff,,ThickEdge,FrontFoot,Drive,StockBall,Round,Orthodox,Left,Null,NotReferred,Null,False,False,False,False,False,True,,False,False,False,False,False,False,2,0,0,0,0,False,False,118.0,153.0,Third Man
1652313,68,2.75,2,0,0,187,4,2,76624,,39481,County Championship 2026,1,48,Surrey Men,31,Somerset Men,8839642,2026-09-24T14:38:55Z,2,405,False,,,,10499,Josh Thomas,221,Ben Foakes,15,Dan Lawrence,Right,0,0,0,0,,LengthBall,OutsideOff,,None,FrontFoot,ForwardDefensive,StockBall,Round,Orthodox,Left,Null,NotReferred,Null,False,False,False,False,False,True,,False,False,False,False,False,False,0,0,0,0,0,False,False,271.0,42.0,Bowler
1652313,68,2.75,2,0,0,187,4,2,76624,,39481,County Championship 2026,1,48,Surrey Men,31,Somerset Men,8839644,2026-09-24T14:39:11Z,3,406,False,,,,10499,Josh Thomas,221,Ben Foakes,15,Dan Lawrence,Right,0,0,0,0,,LengthBall,LegStump,,PlayAndMissLegSide,FrontFoot,Sweep,StockBall,Round,Orthodox,Left,Null,NotReferred,Null,False,False,False,False,False,True,,False,False,False,False,False,False,0,0,0,0,0,False,False,,,Wicketkeeper
1652313,68,2.75,2,0,0,187,4,2,76624,,39481,County Championship 2026,1,48,Surrey Men,31,Somerset Men,8839648,2026-09-24T14:39:29Z,4,407,False,,,,10499,Josh Thomas,221,Ben Foakes,15,Dan Lawrence,Right,0,0,0,0,,LengthBall,Wide,,Left,NoMovement,Leave,StockBall,Round,Orthodox,Left,Null,NotReferred,Null,False,False,False,False,False,True,,False,False,False,False,False,False,0,0,0,0,0,False,False,,,Wicketkeeper
1652313,68,2.75,2,0,0,187,4,2,76624,,39481,County Championship 2026,1,48,Surrey Men,31,Somerset Men,8839652,2026-09-24T14:39:45Z,5,408,False,,,,10499,Josh Thomas,221,Ben Foakes,15,Dan Lawrence,Right,0,0,0,0,,LengthBall,OutsideOff,,None,BackFoot,BackwardDefensive,StockBall,Round,Orthodox,Left,Null,NotReferred,Null,False,False,False,False,False,True,,False,False,False,False,False,False,0,0,0,0,0,False,False,177.0,44.0,Backward Point
1652313,68,2.75,2,0,0,187,4,2,76624,,39481,County Championship 2026,1,48,Surrey Men,31,Somerset Men,8839656,2026-09-24T14:40:00Z,6,409,False,,,,10499,Josh Thomas,221,Ben Foakes,15,Dan Lawrence,Right,0,0,0,0,,BackOfALength,OutsideOff,,None,BackFoot,BackwardDefensive,StockBall,Round,Orthodox,Left,Null,NotReferred,Null,False,False,False,False,False,True,,False,False,False,False,False,False,0,0,0,0,0,False,False,277.0,37.0,Bowler
1652321,69,2.84,9,0,0,196,4,9,76624,,39481,County Championship 2026,1,48,Surrey Men,31,Somerset Men,8839679,2026-09-24T14:41:05Z,1,410,False,,,,2675,Migael Pretorius,15,Dan Lawrence,221,Ben Foakes,Right,4,0,4,4,,LengthBall,OutsideOff,,WellTimed,FrontFoot,Drive,NoMovement,Over,FastSeam,Right,Null,NotReferred,Null,False,False,False,False,False,True,,False,False,False,False,False,False,4,0,0,0,0,True,False,272.0,180.0,
1652321,69,2.84,9,0,0,196,4,9,76624,,39481,County Championship 2026,1,48,Surrey Men,31,Somerset Men,8839686,2026-09-24T14:41:43Z,2,411,False,,,,2675,Migael Pretorius,15,Dan Lawrence,221,Ben Foakes,Right,0,0,0,0,,LengthBall,OutsideOff,,None,FrontFoot,ForwardDefensive,NoMovement,Over,FastSeam,Right,Null,NotReferred,Null,False,False,False,False,False,True,,False,False,False,False,False,False,0,0,0,0,0,False,False,260.0,40.0,Bowler
1652321,69,2.84,9,0,0,196,4,9,76624,,39481,County Championship 2026,1,48,Surrey Men,31,Somerset Men,8839693,2026-09-24T14:42:15Z,3,412,False,,,,2675,Migael Pretorius,15,Dan Lawrence,221,Ben Foakes,Right,0,0,0,0,,BackOfALength,OutsideOff,,None,BackFoot,BackwardDefensive,NoMovement,Over,FastSeam,Right,Null,NotReferred,Null,False,False,False,False,False,True,,False,False,False,False,False,False,0,0,0,0,0,False,False,250.0,55.0,Mid Off
1652321,69,2.84,9,0,0,196,4,9,76624,,39481,County Championship 2026,1,48,Surrey Men,31,Somerset Men,8839701,2026-09-24T14:42:45Z,4,413,False,,,,2675,Migael Pretorius,15,Dan Lawrence,221,Ben Foakes,Right,4,0,4,4,,LengthBall,OutsideOff,,ThickEdge,FrontFoot,Drive,NoMovement,Over,FastSeam,Right,Null,NotReferred,Null,False,False,False,False,False,True,,False,False,False,False,False,False,4,0,0,0,0,True,True,110.0,161.0,
1652321,69,2.84,9,0,0,196,4,9,76624,,39481,County Championship 2026,1,48,Surrey Men,31,Somerset Men,8839708,2026-09-24T14:43:33Z,5,414,False,,,,2675,Migael Pretorius,15,Dan Lawrence,221,Ben Foakes,Right,1,0,1,1,,BackOfALength,OutsideOff,,WellTimed,BackFoot,Glance,NoMovement,Over,FastSeam,Right,Null,NotReferred,Null,False,False,False,False,False,True,,False,False,False,False,False,False,1,0,0,0,0,False,False,60.0,139.0,Fine Leg
1652321,69,2.84,9,0,0,196,4,9,76624,,39481,County Championship 2026,1,48,Surrey Men,31,Somerset Men,8839715,2026-09-24T14:44:11Z,6,415,False,,,,2675,Migael Pretorius,221,Ben Foakes,15,Dan Lawrence,Right,0,0,0,0,,Yorker,OutsideOff,,MisTimed,FrontFoot,Drive,NoMovement,Over,FastSeam,Right,Null,NotReferred,Null,False,False,False,False,False,True,,False,False,False,False,False,False,0,0,0,0,0,False,False,277.0,39.0,Bowler
1652329,70,2.86,4,0,0,200,4,4,76624,,39481,County Championship 2026,1,48,Surrey Men,31,Somerset Men,8839729,2026-09-24T14:45:06Z,1,416,False,,,,10499,Josh Thomas,15,Dan Lawrence,221,Ben Foakes,Right,1,0,1,1,,LengthBall,OffStump,,None,BackFoot,Worked,StockBall,Round,Orthodox,Left,Null,NotReferred,Null,False,False,False,False,False,True,,False,False,False,False,False,False,1,0,0,0,0,False,False,14.0,123.0,Deep Backward Square Leg
1652329,70,2.86,4,0,0,200,4,4,76624,,39481,County Championship 2026,1,48,Surrey Men,31,Somerset Men,8839735,2026-09-24T14:45:33Z,2,417,False,,,,10499,Josh Thomas,221,Ben Foakes,15,Dan Lawrence,Right,1,0,1,1,,LengthBall,OutsideOff,,OutsideEdge,FrontFoot,Drive,StockBall,Round,Orthodox,Left,Null,NotReferred,Null,False,False,False,False,False,True,,False,False,False,False,False,False,1,0,0,0,0,False,False,117.0,103.0,Third Man
1652329,70,2.86,4,0,0,200,4,4,76624,,39481,County Championship 2026,1,48,Surrey Men,31,Somerset Men,8839739,2026-09-24T14:45:54Z,3,418,False,,,,10499,Josh Thomas,15,Dan Lawrence,221,Ben Foakes,Right,0,0,0,0,,BackOfALength,OutsideOff,,None,BackFoot,Cut,StockBall,Round,Orthodox,Left,Null,NotReferred,Null,False,False,False,False,False,True,,False,False,False,False,False,False,0,0,0,0,0,False,False,152.0,58.0,Backward Point
1652329,70,2.86,4,0,0,200,4,4,76624,,39481,County Championship 2026,1,48,Surrey Men,31,Somerset Men,8839749,2026-09-24T14:46:20Z,4,419,False,,,,10499,Josh Thomas,15,Dan Lawrence,221,Ben Foakes,Right,1,0,1,1,,LengthBall,OutsideOff,,None,BackFoot,Drive,StockBall,Round,Orthodox,Left,Null,NotReferred,Null,False,False,False,False,False,True,,False,False,False,False,False,False,1,0,0,0,0,False,False,193.0,128.0,Deep Cover
1652329,70,2.86,4,0,0,200,4,4,76624,,39481,County Championship 2026,1,48,Surrey Men,31,Somerset Men,8839750,2026-09-24T14:46:45Z,5,420,False,,,,10499,Josh Thomas,221,Ben Foakes,15,Dan Lawrence,Right,0,0,0,0,,LengthBall,OutsideOff,,None,FrontFoot,ForwardDefensive,StockBall,Round,Orthodox,Left,Null,NotReferred,Null,False,False,False,False,False,True,,False,False,False,False,False,False,0,0,0,0,0,False,False,230.0,38.0,Extra Cover
1652329,70,2.86,4,0,0,200,4,4,76624,,39481,County Championship 2026,1,48,Surrey Men,31,Somerset Men,8839754,2026-09-24T14:46:56Z,6,421,False,,,,10499,Josh Thomas,221,Ben Foakes,15,Dan Lawrence,Right,1,0,1,1,,LengthBall,OffStump,,None,BackFoot,Worked,StockBall,Round,Orthodox,Left,Null,NotReferred,Null,False,False,False,False,False,True,,False,False,False,False,False,False,1,0,0,0,0,False,False,22.0,120.0,Deep Backward Square Leg
1652333,71,2.85,2,0,0,202,4,2,76624,,39481,County Championship 2026,1,48,Surrey Men,31,Somerset Men,8839760,2026-09-24T14:47:53Z,1,422,False,,,,2675,Migael Pretorius,221,Ben Foakes,15,Dan Lawrence,Right,0,0,0,0,,HalfVolley,OutsideOff,,None,FrontFoot,ForwardDefensive,NoMovement,Over,FastSeam,Right,Null,NotReferred,Null,False,False,False,False,False,True,,False,False,False,False,False,False,0,0,0,0,0,False,False,183.0,46.0,Cover
1652333,71,2.85,2,0,0,202,4,2,76624,,39481,County Championship 2026,1,48,Surrey Men,31,Somerset Men,8839767,2026-09-24T14:48:23Z,2,423,False,,,,2675,Migael Pretorius,221,Ben Foakes,15,Dan Lawrence,Right,0,0,0,0,,LengthBall,OutsideOff,,None,FrontFoot,ForwardDefensive,NoMovement,Over,FastSeam,Right,Null,NotReferred,Null,False,False,False,False,False,True,,False,False,False,False,False,False,0,0,0,0,0,False,False,193.0,48.0,Cover
1652333,71,2.85,2,0,0,202,4,2,76624,,39481,County Championship 2026,1,48,Surrey Men,31,Somerset Men,8839773,2026-09-24T14:48:59Z,3,424,False,,,,2675,Migael Pretorius,221,Ben Foakes,15,Dan Lawrence,Right,1,0,1,1,,HalfVolley,OutsideOff,,None,FrontFoot,Drive,NoMovement,Over,FastSeam,Right,Null,NotReferred,Null,False,False,False,False,False,True,,False,False,False,False,False,False,1,0,0,0,0,False,False,220.0,107.0,Deep Extra Cover
1652333,71,2.85,2,0,0,202,4,2,76624,,39481,County Championship 2026,1,48,Surrey Men,31,Somerset Men,8839781,2026-09-24T14:49:33Z,4,425,False,,,,2675,Migael Pretorius,15,Dan Lawrence,221,Ben Foakes,Right,0,0,0,0,,LengthBall,OutsideOff,,ThickEdge,FrontFoot,ForwardDefensive,NoMovement,Over,FastSeam,Right,Null,NotReferred,Null,False,False,False,False,False,True,,False,False,False,False,False,False,0,0,0,0,0,False,False,154.0,53.0,Backward Point
1652333,71,2.85,2,0,0,202,4,2,76624,,39481,County Championship 2026,1,48,Surrey Men,31,Somerset Men,8839788,2026-09-24T14:50:09Z,5,426,False,,,,2675,Migael Pretorius,15,Dan Lawrence,221,Ben Foakes,Right,1,0,1,1,,LengthBall,OutsideOff,,None,FrontFoot,Drive,NoMovement,Over,FastSeam,Right,Null,NotReferred,Null,False,False,False,False,False,True,,False,False,False,False,False,False,1,0,0,0,0,False,False,190.0,145.0,Deep Cover
1652333,71,2.85,2,0,0,202,4,2,76624,,39481,County Championship 2026,1,48,Surrey Men,31,Somerset Men,8839795,2026-09-24T14:50:59Z,6,427,False,,,,2675,Migael Pretorius,221,Ben Foakes,15,Dan Lawrence,Right,0,0,0,0,,BackOfALength,OutsideOff,,None,BackFoot,BackwardDefensive,NoMovement,Over,FastSeam,Right,Null,NotReferred,Null,False,False,False,False,False,True,,False,False,False,False,False,False,0,0,0,0,0,False,False,287.0,57.0,Mid On
1652340,72,2.85,3,0,0,205,4,3,76624,,39481,County Championship 2026,1,48,Surrey Men,31,Somerset Men,8839801,2026-09-24T14:51:50Z,1,428,False,,,,10499,Josh Thomas,15,Dan Lawrence,221,Ben Foakes,Right,0,0,0,0,,LengthBall,OutsideOff,,None,FrontFoot,ForwardDefensive,StockBall,Round,Orthodox,Left,Null,NotReferred,Null,False,False,False,False,False,True,,False,False,False,False,False,False,0,0,0,0,0,False,False,155.0,40.0,Backward Point
1652340,72,2.85,3,0,0,205,4,3,76624,,39481,County Championship 2026,1,48,Surrey Men,31,Somerset Men,8839804,2026-09-24T14:52:02Z,2,429,False,,,,10499,Josh Thomas,15,Dan Lawrence,221,Ben Foakes,Right,1,0,1,1,,LengthBall,OutsideOff,,MisTimed,DownTheTrack,Flick,StockBall,Round,Orthodox,Left,Null,NotReferred,Null,False,False,False,False,False,True,,False,False,False,False,False,False,1,0,0,0,0,False,False,17.0,113.0,Deep Backward Square Leg
1652340,72,2.85,3,0,0,205,4,3,76624,,39481,County Championship 2026,1,48,Surrey Men,31,Somerset Men,8839808,2026-09-24T14:52:21Z,3,430,False,,,,10499,Josh Thomas,221,Ben Foakes,15,Dan Lawrence,Right,0,0,0,0,,LengthBall,OutsideOff,,None,FrontFoot,ForwardDefensive,StockBall,Round,Orthodox,Left,Null,NotReferred,Null,False,False,False,False,False,True,,False,False,False,False,False,False,0,0,0,0,0,False,False,165.0,45.0,Backward Point
1652340,72,2.85,3,0,0,205,4,3,76624,,39481,County Championship 2026,1,48,Surrey Men,31,Somerset Men,8839809,2026-09-24T14:52:36Z,4,431,False,,,,10499,Josh Thomas,221,Ben Foakes,15,Dan Lawrence,Right,2,0,2,2,,HalfVolley,OffStump,,None,BackFoot,Flick,StockBall,Round,Orthodox,Left,Null,NotReferred,Null,False,False,False,False,False,True,,False,False,False,False,False,False,2,0,0,0,0,False,False,333.0,135.0,Deep Square Leg
1652340,72,2.85,3,0,0,205,4,3,76624,,39481,County Championship 2026,1,48,Surrey Men,31,Somerset Men,8839813,2026-09-24T14:53:04Z,5,432,False,,,,10499,Josh Thomas,221,Ben Foakes,15,Dan Lawrence,Right,0,0,0,0,,Yorker,OutsideOff,,Missed,FrontFoot,Drive,StockBall,Round,Orthodox,Left,Null,NotReferred,Null,False,False,False,False,False,True,,False,False,False,False,False,False,0,0,0,0,0,False,False,,,Wicketkeeper
1652340,72,2.85,3,0,0,205,4,3,76624,,39481,County Championship 2026,1,48,Surrey Men,31,Somerset Men,8839817,2026-09-24T14:53:19Z,6,433,False,,,,10499,Josh Thomas,221,Ben Foakes,15,Dan Lawrence,Right,0,0,0,0,,BackOfALength,OutsideOff,,None,BackFoot,Worked,StockBall,Round,Orthodox,Left,Null,NotReferred,Null,False,False,False,False,False,True,,False,False,False,False,False,False,0,0,0,0,0,False,False,331.0,58.0,Square Leg
1652345,73,2.88,5,0,0,210,4,5,76624,,39481,County Championship 2026,1,48,Surrey Men,31,Somerset Men,8839833,2026-09-24T14:54:41Z,1,434,False,,,,15273,Archie Vaughan,15,Dan Lawrence,221,Ben Foakes,Right,1,0,1,1,,LengthBall,LegStump,,WellTimed,FrontFoot,Drive,OffBreak,Round,OffSpin,Right,Null,NotReferred,Null,False,False,False,False,False,True,,False,False,False,False,False,False,1,0,0,0,0,False,False,294.0,138.0,Long On
1652345,73,2.88,5,0,0,210,4,5,76624,,39481,County Championship 2026,1,48,Surrey Men,31,Somerset Men,8839839,2026-09-24T14:55:12Z,2,435,False,,,,15273,Archie Vaughan,221,Ben Foakes,15,Dan Lawrence,Right,0,0,0,0,,LengthBall,OutsideOff,,None,FrontFoot,ForwardDefensive,OffBreak,Round,OffSpin,Right,Null,NotReferred,Null,False,False,False,False,False,True,,False,False,False,False,False,False,0,0,0,0,0,False,False,248.0,35.0,Bowler
1652345,73,2.88,5,0,0,210,4,5,76624,,39481,County Championship 2026,1,48,Surrey Men,31,Somerset Men,8839846,2026-09-24T14:55:40Z,3,436,False,,,,15273,Archie Vaughan,221,Ben Foakes,15,Dan Lawrence,Right,0,0,0,0,,LengthBall,OutsideOff,,None,FrontFoot,ForwardDefensive,OffBreak,Round,OffSpin,Right,Null,NotReferred,Null,False,False,False,False,False,True,,False,False,False,False,False,False,0,0,0,0,0,False,False,285.0,52.0,Mid On
1652345,73,2.88,5,0,0,210,4,5,76624,,39481,County Championship 2026,1,48,Surrey Men,31,Somerset Men,8839849,2026-09-24T14:55:56Z,4,437,False,,,,15273,Archie Vaughan,221,Ben Foakes,15,Dan Lawrence,Right,4,0,4,4,,HalfVolley,OutsideOff,,WellTimed,FrontFoot,Slog,OffBreak,Over,OffSpin,Right,Null,NotReferred,Null,False,False,False,False,True,True,,False,False,False,False,False,False,4,0,0,0,0,True,False,277.0,180.0,
1652345,73,2.88,5,0,0,210,4,5,76624,,39481,County Championship 2026,1,48,Surrey Men,31,Somerset Men,8839854,2026-09-24T14:56:29Z,5,438,False,,,,15273,Archie Vaughan,221,Ben Foakes,15,Dan Lawrence,Right,0,0,0,0,,LengthBall,OutsideOff,,None,FrontFoot,Flick,OffBreak,Over,OffSpin,Right,Null,NotReferred,Null,False,False,False,False,False,True,,False,False,False,False,False,False,0,0,0,0,0,False,False,309.0,50.0,Mid Wicket
1652345,73,2.88,5,0,0,210,4,5,76624,,39481,County Championship 2026,1,48,Surrey Men,31,Somerset Men,8839858,2026-09-24T14:56:48Z,6,439,False,,,,15273,Archie Vaughan,221,Ben Foakes,15,Dan Lawrence,Right,0,0,0,0,,LengthBall,OutsideOff,,None,FrontFoot,Drive,OffBreak,Over,OffSpin,Right,Null,NotReferred,Null,False,False,False,False,False,True,,False,False,False,False,False,False,0,0,0,0,0,False,False,271.0,35.0,Bowler
1652352,74,2.85,1,0,0,211,4,1,76624,,39481,County Championship 2026,1,48,Surrey Men,31,Somerset Men,8839866,2026-09-24T14:57:34Z,1,440,False,,,,10499,Josh Thomas,15,Dan Lawrence,221,Ben Foakes,Right,0,0,0,0,,BackOfALength,OutsideOff,,None,BackFoot,Cut,StockBall,Round,Orthodox,Left,Null,NotReferred,Null,False,False,False,False,False,True,,False,False,False,False,False,False,0,0,0,0,0,False,False,164.0,65.0,Backward Point
1652352,74,2.85,1,0,0,211,4,1,76624,,39481,County Championship 2026,1,48,Surrey Men,31,Somerset Men,8839869,2026-09-24T14:57:48Z,2,441,False,,,,10499,Josh Thomas,15,Dan Lawrence,221,Ben Foakes,Right,0,1,1,0,,LengthBall,LegStump,,PlayAndMissLegSide,BackFoot,Glance,StockBall,Round,Orthodox,Left,Null,NotReferred,Null,False,False,True,False,False,True,,False,False,False,False,False,False,1,1,0,0,0,False,False,57.0,39.0,Short Fine Leg
1652352,74,2.85,1,0,0,211,4,1,76624,,39481,County Championship 2026,1,48,Surrey Men,31,Somerset Men,8839875,2026-09-24T14:58:13Z,3,442,False,,,,10499,Josh Thomas,221,Ben Foakes,15,Dan Lawrence,Right,0,0,0,0,,HalfVolley,OutsideOff,,WellTimed,FrontFoot,Drive,StockBall,Round,Orthodox,Left,Null,NotReferred,Null,False,False,False,False,False,True,,False,False,False,False,False,False,0,0,0,0,0,False,False,228.0,50.0,Extra Cover
1652352,74,2.85,1,0,0,211,4,1,76624,,39481,County Championship 2026,1,48,Surrey Men,31,Somerset Men,8839880,2026-09-24T14:58:27Z,4,443,False,,,,10499,Josh Thomas,221,Ben Foakes,15,Dan Lawrence,Right,0,0,0,0,,LengthBall,OffStump,,None,FrontFoot,ForwardDefensive,StockBall,Round,Orthodox,Left,Null,NotReferred,Null,False,False,False,False,False,True,,False,False,False,False,False,False,0,0,0,0,0,False,False,320.0,46.0,Mid Wicket
1652352,74,2.85,1,0,0,211,4,1,76624,,39481,County Championship 2026,1,48,Surrey Men,31,Somerset Men,8839882,2026-09-24T14:58:46Z,5,444,False,,,,10499,Josh Thomas,221,Ben Foakes,15,Dan Lawrence,Right,0,0,0,0,,HalfVolley,OutsideOff,,WellTimed,FrontFoot,Drive,StockBall,Round,Orthodox,Left,Null,NotReferred,Null,False,False,False,False,False,True,,False,False,False,False,False,False,0,0,0,0,0,False,False,221.0,51.0,Extra Cover
1652352,74,2.85,1,0,0,211,4,1,76624,,39481,County Championship 2026,1,48,Surrey Men,31,Somerset Men,8839884,2026-09-24T14:59:02Z,6,445,False,,,,10499,Josh Thomas,221,Ben Foakes,15,Dan Lawrence,Right,0,0,0,0,,HalfVolley,OffStump,,None,FrontFoot,Drive,StockBall,Round,Orthodox,Left,Null,NotReferred,Null,False,False,False,False,False,True,,False,False,False,False,False,False,0,0,0,0,0,False,False,300.0,49.0,Mid Wicket
1652355,75,2.89,6,0,0,217,4,6,76624,,39481,County Championship 2026,1,48,Surrey Men,31,Somerset Men,8839894,2026-09-24T14:59:49Z,1,446,False,,,,15273,Archie Vaughan,15,Dan Lawrence,221,Ben Foakes,Right,4,0,4,4,,HalfVolley,OutsideOff,,Middled,FrontFoot,Drive,OffBreak,Round,OffSpin,Right,Null,NotReferred,Null,False,False,False,False,False,True,,False,False,False,False,False,False,4,0,0,0,0,True,False,235.0,178.0,
1652355,75,2.89,6,0,0,217,4,6,76624,,39481,County Championship 2026,1,48,Surrey Men,31,Somerset Men,8839897,2026-09-24T15:00:25Z,2,447,False,,,,15273,Archie Vaughan,15,Dan Lawrence,221,Ben Foakes,Right,0,0,0,0,,LengthBall,OutsideOff,,None,BackFoot,Cut,OffBreak,Round,OffSpin,Right,Null,NotReferred,Null,False,False,False,False,False,True,,False,False,False,False,False,False,0,0,0,0,0,False,False,167.0,44.0,Backward Point
1652355,75,2.89,6,0,0,217,4,6,76624,,39481,County Championship 2026,1,48,Surrey Men,31,Somerset Men,8839901,2026-09-24T15:00:36Z,3,448,False,,,,15273,Archie Vaughan,15,Dan Lawrence,221,Ben Foakes,Right,0,0,0,0,,HalfVolley,OutsideOff,,None,FrontFoot,Drive,OffBreak,Round,OffSpin,Right,Null,NotReferred,Null,False,False,False,False,False,True,,False,False,False,False,False,False,0,0,0,0,0,False,False,241.0,65.0,Mid Off
1652355,75,2.89,6,0,0,217,4,6,76624,,39481,County Championship 2026,1,48,Surrey Men,31,Somerset Men,8839904,2026-09-24T15:00:53Z,4,449,False,,,,15273,Archie Vaughan,15,Dan Lawrence,221,Ben Foakes,Right,0,0,0,0,,BackOfALength,OffStump,,None,BackFoot,Cut,OffBreak,Round,OffSpin,Right,Null,NotReferred,Null,False,False,False,False,False,True,,False,False,False,False,False,False,0,0,0,0,0,False,False,172.0,56.0,Backward Point
1652355,75,2.89,6,0,0,217,4,6,76624,,39481,County Championship 2026,1,48,Surrey Men,31,Somerset Men,8839908,2026-09-24T15:01:17Z,5,450,False,,,,15273,Archie Vaughan,15,Dan Lawrence,221,Ben Foakes,Right,2,0,2,2,,LengthBall,OffStump,,None,FrontFoot,Drive,OffBreak,Round,OffSpin,Right,Null,NotReferred,Null,False,False,False,False,True,True,,False,False,False,False,False,False,2,0,0,0,0,False,False,261.0,149.0,Long Off
1652355,75,2.89,6,0,0,217,4,6,76624,,39481,County Championship 2026,1,48,Surrey Men,31,Somerset Men,8839911,2026-09-24T15:01:43Z,6,451,False,,,,15273,Archie Vaughan,15,Dan Lawrence,221,Ben Foakes,Right,0,0,0,0,,LengthBall,OffStump,,ThickEdge,FrontFoot,Drive,OffBreak,Round,OffSpin,Right,Null,NotReferred,Null,False,False,False,False,False,True,,False,False,False,False,False,False,0,0,0,0,0,False,False,169.0,49.0,Backward Point
1652360,76,2.95,7,0,0,224,4,7,76624,,39481,County Championship 2026,1,48,Surrey Men,31,Somerset Men,8839918,2026-09-24T15:02:30Z,1,452,False,,,,10499,Josh Thomas,221,Ben Foakes,15,Dan Lawrence,Right,0,4,4,0,,LengthBall,LegStump,,HitPad,BackFoot,Glance,StockBall,Round,Orthodox,Left,Null,NotReferred,Null,False,False,False,True,False,True,,False,False,False,False,False,False,4,0,0,4,0,False,False,,,
1652360,76,2.95,7,0,0,224,4,7,76624,,39481,County Championship 2026,1,48,Surrey Men,31,Somerset Men,8839925,2026-09-24T15:03:03Z,2,453,False,,,,10499,Josh Thomas,221,Ben Foakes,15,Dan Lawrence,Right,1,0,1,1,,LengthBall,MiddleStump,,None,BackFoot,Worked,StockBall,Round,Orthodox,Left,Null,NotReferred,Null,False,False,False,False,False,True,,False,False,False,False,False,False,1,0,0,0,0,False,False,348.0,53.0,Square Leg
1652360,76,2.95,7,0,0,224,4,7,76624,,39481,County Championship 2026,1,48,Surrey Men,31,Somerset Men,8839933,2026-09-24T15:03:26Z,3,454,False,,,,10499,Josh Thomas,15,Dan Lawrence,221,Ben Foakes,Right,1,0,1,1,,LengthBall,OutsideOff,,MisTimed,FrontFoot,Slog,StockBall,Round,Orthodox,Left,Null,NotReferred,Null,False,False,False,False,False,True,,False,False,False,False,False,False,1,0,0,0,0,False,False,289.0,144.0,Long On
1652360,76,2.95,7,0,0,224,4,7,76624,,39481,County Championship 2026,1,48,Surrey Men,31,Somerset Men,8839943,2026-09-24T15:04:12Z,4,455,False,,,,10499,Josh Thomas,221,Ben Foakes,15,Dan Lawrence,Right,0,0,0,0,,LengthBall,MiddleStump,Lbw,HitPad,BackFoot,Worked,StockBall,Round,Orthodox,Left,Null,NotReferred,Null,False,False,False,False,False,True,1842.0,False,False,False,False,False,False,0,0,0,0,0,False,False,239.0,34.0,Extra Cover
1652360,76,2.95,7,0,0,224,4,7,76624,,39481,County Championship 2026,1,48,Surrey Men,31,Somerset Men,8839945,2026-09-24T15:04:31Z,5,456,False,,,,10499,Josh Thomas,221,Ben Foakes,15,Dan Lawrence,Right,1,0,1,1,,BackOfALength,OutsideOff,,WellTimed,BackFoot,Cut,StockBall,Round,Orthodox,Left,Null,NotReferred,Null,False,False,False,False,False,True,,False,False,False,False,False,False,1,0,0,0,0,False,False,172.0,133.0,Deep Backward Point
1652360,76,2.95,7,0,0,224,4,7,76624,,39481,County Championship 2026,1,48,Surrey Men,31,Somerset Men,8839951,2026-09-24T15:04:55Z,6,457,False,,,,10499,Josh Thomas,15,Dan Lawrence,221,Ben Foakes,Right,0,0,0,0,,HalfVolley,DownLeg,,PlayAndMissLegSide,FrontFoot,Flick,StockBall,Round,Orthodox,Left,Null,NotReferred,Null,False,False,False,False,False,True,,False,False,False,False,False,False,0,0,0,0,0,False,False,,,Wicketkeeper
1652368,77,2.94,2,0,0,226,4,2,76624,,39481,County Championship 2026,1,48,Surrey Men,31,Somerset Men,8839964,2026-09-24T15:06:22Z,1,458,False,,,,15273,Archie Vaughan,221,Ben Foakes,15,Dan Lawrence,Right,0,0,0,0,,LengthBall,OutsideOff,,None,DownTheTrack,ForwardDefensive,OffBreak,Over,OffSpin,Right,Null,NotReferred,Null,False,False,False,False,False,True,,False,False,False,False,False,False,0,0,0,0,0,False,False,251.0,69.0,Mid Off
1652368,77,2.94,2,0,0,226,4,2,76624,,39481,County Championship 2026,1,48,Surrey Men,31,Somerset Men,8839969,2026-09-24T15:06:46Z,2,459,False,,,,15273,Archie Vaughan,221,Ben Foakes,15,Dan Lawrence,Right,0,0,0,0,,BackOfALength,OutsideOff,,None,BackFoot,Cut,OffBreak,Over,OffSpin,Right,Null,NotReferred,Null,False,False,False,False,False,True,,False,False,False,False,False,False,0,0,0,0,0,False,False,158.0,44.0,Backward Point
1652368,77,2.94,2,0,0,226,4,2,76624,,39481,County Championship 2026,1,48,Surrey Men,31,Somerset Men,8839972,2026-09-24T15:07:09Z,3,460,False,,,,15273,Archie Vaughan,221,Ben Foakes,15,Dan Lawrence,Right,0,0,0,0,,LengthBall,OutsideOff,,Left,NoMovement,Leave,OffBreak,Over,OffSpin,Right,Null,NotReferred,Null,False,False,False,False,False,True,,False,False,False,False,False,False,0,0,0,0,0,False,False,,,Wicketkeeper
1652368,77,2.94,2,0,0,226,4,2,76624,,39481,County Championship 2026,1,48,Surrey Men,31,Somerset Men,8839979,2026-09-24T15:07:35Z,4,461,False,,,,15273,Archie Vaughan,221,Ben Foakes,15,Dan Lawrence,Right,2,0,2,2,,LengthBall,LegStump,,OutsideEdge,DownTheTrack,Drive,OffBreak,Round,OffSpin,Right,Null,NotReferred,Null,False,False,False,False,False,True,,False,False,False,False,False,False,2,0,0,0,0,False,False,114.0,127.0,Third Man
1652368,77,2.94,2,0,0,226,4,2,76624,,39481,County Championship 2026,1,48,Surrey Men,31,Somerset Men,8839985,2026-09-24T15:08:07Z,5,462,False,,,,15273,Archie Vaughan,221,Ben Foakes,15,Dan Lawrence,Right,0,0,0,0,,LengthBall,DownLeg,,None,DownTheTrack,Drive,OffBreak,Round,OffSpin,Right,Null,NotReferred,Null,False,False,False,False,False,True,,False,False,False,False,False,False,0,0,0,0,0,False,False,278.0,41.0,Bowler
1652368,77,2.94,2,0,0,226,4,2,76624,,39481,County Championship 2026,1,48,Surrey Men,31,Somerset Men,8839988,2026-09-24T15:08:25Z,6,463,False,,,,15273,Archie Vaughan,221,Ben Foakes,15,Dan Lawrence,Right,0,0,0,0,,LengthBall,LegStump,,None,FrontFoot,ForwardDefensive,OffBreak,Round,OffSpin,Right,Null,NotReferred,Null,False,False,False,False,False,True,,False,False,False,False,False,False,0,0,0,0,0,False,False,278.0,42.0,Bowler
1652373,78,2.92,2,0,0,228,4,2,76624,,39481,County Championship 2026,1,48,Surrey Men,31,Somerset Men,8839999,2026-09-24T15:09:16Z,1,464,False,,,,10499,Josh Thomas,15,Dan Lawrence,221,Ben Foakes,Right,0,0,0,0,,HalfVolley,OffStump,,None,FrontFoot,Drive,StockBall,Round,Orthodox,Left,Null,NotReferred,Null,False,False,False,False,False,True,,False,False,False,False,False,False,0,0,0,0,0,False,False,314.0,48.0,Mid Wicket
1652373,78,2.92,2,0,0,228,4,2,76624,,39481,County Championship 2026,1,48,Surrey Men,31,Somerset Men,8840002,2026-09-24T15:09:31Z,2,465,False,,,,10499,Josh Thomas,15,Dan Lawrence,221,Ben Foakes,Right,1,0,1,1,,HalfVolley,OffStump,,None,FrontFoot,Drive,StockBall,Round,Orthodox,Left,Null,NotReferred,Null,False,False,False,False,False,True,,False,False,False,False,False,False,1,0,0,0,0,False,False,287.0,120.0,Long On
1652373,78,2.92,2,0,0,228,4,2,76624,,39481,County Championship 2026,1,48,Surrey Men,31,Somerset Men,8840007,2026-09-24T15:09:52Z,3,466,False,,,,10499,Josh Thomas,221,Ben Foakes,15,Dan Lawrence,Right,0,0,0,0,,LengthBall,OffStump,,None,FrontFoot,Flick,StockBall,Round,Orthodox,Left,Null,NotReferred,Null,False,False,False,False,False,True,,False,False,False,False,False,False,0,0,0,0,0,False,False,325.0,47.0,Mid Wicket
1652373,78,2.92,2,0,0,228,4,2,76624,,39481,County Championship 2026,1,48,Surrey Men,31,Somerset Men,8840009,2026-09-24T15:10:07Z,4,467,False,,,,10499,Josh Thomas,221,Ben Foakes,15,Dan Lawrence,Right,0,0,0,0,,BackOfALength,OutsideOff,,WellTimed,BackFoot,Cut,StockBall,Round,Orthodox,Left,Null,NotReferred,Null,False,False,False,False,False,True,,False,False,False,False,False,False,0,0,0,0,0,False,False,201.0,72.0,Cover
1652373,78,2.92,2,0,0,228,4,2,76624,,39481,County Championship 2026,1,48,Surrey Men,31,Somerset Men,8840014,2026-09-24T15:10:23Z,5,468,False,,,,10499,Josh Thomas,221,Ben Foakes,15,Dan Lawrence,Right,1,0,1,1,,FullToss,DownLeg,,WellTimed,FrontFoot,Sweep,StockBall,Round,Orthodox,Left,Null,NotReferred,Null,False,False,False,False,False,True,,False,False,False,False,False,False,1,0,0,0,0,False,False,38.0,152.0,Fine Leg
1652373,78,2.92,2,0,0,228,4,2,76624,,39481,County Championship 2026,1,48,Surrey Men,31,Somerset Men,8840019,2026-09-24T15:10:51Z,6,469,False,,,,10499,Josh Thomas,15,Dan Lawrence,221,Ben Foakes,Right,0,0,0,0,,HalfVolley,OffStump,,None,FrontFoot,Drive,StockBall,Round,Orthodox,Left,Null,NotReferred,Null,False,False,False,False,False,True,,False,False,False,False,False,False,0,0,0,0,0,False,False,323.0,45.0,Mid Wicket
1652378,79,2.96,6,0,0,234,4,6,76624,,39481,County Championship 2026,1,48,Surrey Men,31,Somerset Men,8840028,2026-09-24T15:11:42Z,1,470,False,,,,15273,Archie Vaughan,221,Ben Foakes,15,Dan Lawrence,Right,1,0,1,1,,LengthBall,LegStump,,None,FrontFoot,Drive,OffBreak,Round,OffSpin,Right,Null,NotReferred,Null,False,False,False,False,False,True,,False,False,False,False,False,False,1,0,0,0,0,False,False,265.0,75.0,Mid Off
1652378,79,2.96,6,0,0,234,4,6,76624,,39481,County Championship 2026,1,48,Surrey Men,31,Somerset Men,8840035,2026-09-24T15:12:10Z,2,471,False,,,,15273,Archie Vaughan,15,Dan Lawrence,221,Ben Foakes,Right,0,0,0,0,,LengthBall,MiddleStump,,None,FrontFoot,Drive,OffBreak,Round,OffSpin,Right,Null,NotReferred,Null,False,False,False,False,False,True,,False,False,False,False,False,False,0,0,0,0,0,False,False,279.0,44.0,Bowler
1652378,79,2.96,6,0,0,234,4,6,76624,,39481,County Championship 2026,1,48,Surrey Men,31,Somerset Men,8840038,2026-09-24T15:12:31Z,3,472,False,,,,15273,Archie Vaughan,15,Dan Lawrence,221,Ben Foakes,Right,0,0,0,0,,LengthBall,MiddleStump,,None,FrontFoot,Drive,OffBreak,Round,OffSpin,Right,Null,NotReferred,Null,False,False,False,False,False,True,,False,False,False,False,False,False,0,0,0,0,0,False,False,243.0,63.0,Mid Off
1652378,79,2.96,6,0,0,234,4,6,76624,,39481,County Championship 2026,1,48,Surrey Men,31,Somerset Men,8840043,2026-09-24T15:12:51Z,4,473,False,,,,15273,Archie Vaughan,15,Dan Lawrence,221,Ben Foakes,Right,1,0,1,1,,HalfVolley,LegStump,,WellTimed,FrontFoot,Drive,OffBreak,Round,OffSpin,Right,Null,NotReferred,Null,False,False,False,False,False,True,,False,False,False,False,False,False,1,0,0,0,0,False,False,285.0,151.0,Long On
1652378,79,2.96,6,0,0,234,4,6,76624,,39481,County Championship 2026,1,48,Surrey Men,31,Somerset Men,8840045,2026-09-24T15:13:13Z,5,474,False,,,,15273,Archie Vaughan,221,Ben Foakes,15,Dan Lawrence,Right,0,0,0,0,,LengthBall,OffStump,,None,BackFoot,Cut,OffBreak,Round,OffSpin,Right,Null,NotReferred,Null,False,False,False,False,False,True,,False,False,False,False,False,False,0,0,0,0,0,False,False,151.0,53.0,Backward Point
1652378,79,2.96,6,0,0,234,4,6,76624,,39481,County Championship 2026,1,48,Surrey Men,31,Somerset Men,8840049,2026-09-24T15:13:35Z,6,475,False,,,,15273,Archie Vaughan,221,Ben Foakes,15,Dan Lawrence,Right,4,0,4,4,,LengthBall,OutsideOff,,WellTimed,BackFoot,LateCut,OffBreak,Round,OffSpin,Right,Null,NotReferred,Null,False,False,False,False,False,True,,False,False,False,False,False,False,4,0,0,0,0,True,False,115.0,161.0,
1652385,80,2.96,3,0,0,237,4,3,76624,,39481,County Championship 2026,1,48,Surrey Men,31,Somerset Men,8840066,2026-09-24T15:14:40Z,1,476,False,,,,163,Tom Kohler-Cadmore,15,Dan Lawrence,221,Ben Foakes,Right,0,0,0,0,,LengthBall,Wide,,None,BackFoot,BackwardDefensive,OffBreak,Over,OffSpin,Right,Null,NotReferred,Null,False,False,False,False,False,True,,False,False,False,False,False,False,0,0,0,0,0,False,False,265.0,39.0,Bowler
1652385,80,2.96,3,0,0,237,4,3,76624,,39481,County Championship 2026,1,48,Surrey Men,31,Somerset Men,8840071,2026-09-24T15:14:56Z,2,477,False,,,,163,Tom Kohler-Cadmore,15,Dan Lawrence,221,Ben Foakes,Right,1,0,1,1,,HalfVolley,OutsideOff,,None,FrontFoot,Drive,OffBreak,Over,OffSpin,Right,Null,NotReferred,Null,False,False,False,False,False,True,,False,False,False,False,False,False,1,0,0,0,0,False,False,246.0,123.0,Long Off
1652385,80,2.96,3,0,0,237,4,3,76624,,39481,County Championship 2026,1,48,Surrey Men,31,Somerset Men,8840075,2026-09-24T15:15:22Z,3,478,False,,,,163,Tom Kohler-Cadmore,221,Ben Foakes,15,Dan Lawrence,Right,0,0,0,0,,BackOfALength,LegStump,,Left,NoMovement,Leave,OffBreak,Over,OffSpin,Right,Null,NotReferred,Null,False,False,False,False,False,True,,False,False,False,False,False,False,0,0,0,0,0,False,False,,,Wicketkeeper
1652385,80,2.96,3,0,0,237,4,3,76624,,39481,County Championship 2026,1,48,Surrey Men,31,Somerset Men,8840080,2026-09-24T15:15:40Z,4,479,False,,,,163,Tom Kohler-Cadmore,221,Ben Foakes,15,Dan Lawrence,Right,0,0,0,0,,HalfVolley,OutsideOff,,None,FrontFoot,Drive,OffBreak,Over,OffSpin,Right,Null,NotReferred,Null,False,False,False,False,False,True,,False,False,False,False,False,False,0,0,0,0,0,False,False,244.0,77.0,Mid Off
1652385,80,2.96,3,0,0,237,4,3,76624,,39481,County Championship 2026,1,48,Surrey Men,31,Somerset Men,8840083,2026-09-24T15:15:57Z,5,480,False,,,,163,Tom Kohler-Cadmore,221,Ben Foakes,15,Dan Lawrence,Right,1,0,1,1,,BackOfALength,OffStump,,None,BackFoot,Worked,OffBreak,Over,OffSpin,Right,Null,NotReferred,Null,False,False,False,False,False,True,,False,False,False,False,False,False,1,0,0,0,0,False,False,30.0,138.0,Fine Leg
1652385,80,2.96,3,0,0,237,4,3,76624,,39481,County Championship 2026,1,48,Surrey Men,31,Somerset Men,8840088,2026-09-24T15:16:20Z,6,481,False,,,,163,Tom Kohler-Cadmore,15,Dan Lawrence,221,Ben Foakes,Right,1,0,1,1,,BackOfALength,OutsideOff,,WellTimed,BackFoot,Cut,OffBreak,Over,OffSpin,Right,Null,NotReferred,Null,False,False,False,False,False,True,,False,False,False,False,False,False,1,0,0,0,0,False,False,192.0,147.0,Deep Cover
1652397,81,2.94,1,0,0,238,4,1,76624,,39481,County Championship 2026,1,48,Surrey Men,31,Somerset Men,8840139,2026-09-24T15:20:55Z,1,482,False,,,,7,Lewis Gregory,15,Dan Lawrence,221,Ben Foakes,Right,0,0,0,0,,BackOfALength,OutsideOff,,None,BackFoot,BackwardDefensive,NoMovement,Over,Medium,Right,Null,NotReferred,Null,False,False,False,False,False,True,,False,False,False,False,False,False,0,0,0,0,0,False,False,247.0,53.0,Mid Off
1652397,81,2.94,1,0,0,238,4,1,76624,,39481,County Championship 2026,1,48,Surrey Men,31,Somerset Men,8840150,2026-09-24T15:21:42Z,2,483,False,,,,7,Lewis Gregory,15,Dan Lawrence,221,Ben Foakes,Right,0,0,0,0,,LengthBall,OutsideOff,,None,FrontFoot,ForwardDefensive,NoMovement,Over,Medium,Right,Null,NotReferred,Null,False,False,False,False,False,True,,False,False,False,False,False,False,0,0,0,0,0,False,False,151.0,50.0,Backward Point
1652397,81,2.94,1,0,0,238,4,1,76624,,39481,County Championship 2026,1,48,Surrey Men,31,Somerset Men,8840160,2026-09-24T15:22:21Z,3,484,False,,,,7,Lewis Gregory,15,Dan Lawrence,221,Ben Foakes,Right,1,0,1,1,,LengthBall,OutsideOff,,WellTimed,FrontFoot,Drive,NoMovement,Over,Medium,Right,Null,NotReferred,Null,False,False,False,False,False,True,,False,False,False,False,False,False,1,0,0,0,0,False,False,193.0,147.0,Deep Cover
1652397,81,2.94,1,0,0,238,4,1,76624,,39481,County Championship 2026,1,48,Surrey Men,31,Somerset Men,8840169,2026-09-24T15:22:59Z,4,485,False,,,,7,Lewis Gregory,221,Ben Foakes,15,Dan Lawrence,Right,0,0,0,0,,LengthBall,OutsideOff,,None,FrontFoot,Drive,NoMovement,Over,Medium,Right,Null,NotReferred,Null,False,False,False,False,False,True,,False,False,False,False,False,False,0,0,0,0,0,False,False,246.0,67.0,Mid Off
1652397,81,2.94,1,0,0,238,4,1,76624,,39481,County Championship 2026,1,48,Surrey Men,31,Somerset Men,8840179,2026-09-24T15:23:42Z,5,486,False,,,,7,Lewis Gregory,221,Ben Foakes,15,Dan Lawrence,Right,0,0,0,0,,LengthBall,OutsideOff,,Missed,FrontFoot,ForwardDefensive,NoMovement,Over,Medium,Right,Null,NotReferred,Null,False,False,False,False,False,True,,False,False,False,False,False,False,0,0,0,0,0,False,False,,,Wicketkeeper
1652397,81,2.94,1,0,0,238,4,1,76624,,39481,County Championship 2026,1,48,Surrey Men,31,Somerset Men,8840190,2026-09-24T15:24:22Z,6,487,False,,,,7,Lewis Gregory,221,Ben Foakes,15,Dan Lawrence,Right,0,0,0,0,,HalfVolley,OutsideOff,,None,FrontFoot,Drive,NoMovement,Over,Medium,Right,Null,NotReferred,Null,False,False,False,False,False,True,,False,False,False,False,False,False,0,0,0,0,0,False,False,258.0,71.0,Mid Off
1652409,82,3.01,9,0,0,247,4,9,76624,,39481,County Championship 2026,1,48,Surrey Men,31,Somerset Men,8840207,2026-09-24T15:25:35Z,1,488,False,,,,456,Craig Overton,15,Dan Lawrence,221,Ben Foakes,Right,0,0,0,0,,BackOfALength,OutsideOff,,None,BackFoot,BackwardDefensive,NoMovement,Over,Medium,Right,Null,NotReferred,Null,False,False,False,False,False,True,,False,False,False,False,False,False,0,0,0,0,0,False,False,248.0,62.0,Mid Off
1652409,82,3.01,9,0,0,247,4,9,76624,,39481,County Championship 2026,1,48,Surrey Men,31,Somerset Men,8840215,2026-09-24T15:26:05Z,2,489,False,,,,456,Craig Overton,15,Dan Lawrence,221,Ben Foakes,Right,0,1,1,0,,BackOfALength,OutsideOff,,HitPad,BackFoot,Worked,NoMovement,Over,Medium,Right,Null,NotReferred,Null,False,False,False,True,False,True,,False,False,False,False,False,False,1,0,0,1,0,False,False,18.0,107.0,Deep Backward Square Leg
1652409,82,3.01,9,0,0,247,4,9,76624,,39481,County Championship 2026,1,48,Surrey Men,31,Somerset Men,8840226,2026-09-24T15:26:48Z,3,490,False,,,,456,Craig Overton,221,Ben Foakes,15,Dan Lawrence,Right,0,4,4,0,,LengthBall,DownLeg,,PlayAndMissLegSide,FrontFoot,Flick,NoMovement,Over,Medium,Right,Null,NotReferred,Null,False,False,True,False,False,True,,False,False,False,False,False,False,4,4,0,0,0,False,False,,,
1652409,82,3.01,9,0,0,247,4,9,76624,,39481,County Championship 2026,1,48,Surrey Men,31,Somerset Men,8840235,2026-09-24T15:27:25Z,4,491,False,,,,456,Craig Overton,221,Ben Foakes,15,Dan Lawrence,Right,0,0,0,0,,Yorker,OffStump,,None,FrontFoot,Drive,NoMovement,Over,Medium,Right,Null,NotReferred,Null,False,False,False,False,False,True,,False,False,False,False,False,False,0,0,0,0,0,False,False,290.0,67.0,Mid On
1652409,82,3.01,9,0,0,247,4,9,76624,,39481,County Championship 2026,1,48,Surrey Men,31,Somerset Men,8840243,2026-09-24T15:27:51Z,5,492,False,,,,456,Craig Overton,221,Ben Foakes,15,Dan Lawrence,Right,4,0,4,4,,LengthBall,OutsideOff,,None,FrontFoot,Drive,NoMovement,Over,Medium,Right,Null,NotReferred,Null,False,False,False,False,False,True,,False,False,False,False,False,False,4,0,0,0,0,True,True,281.0,180.0,
1652409,82,3.01,9,0,0,247,4,9,76624,,39481,County Championship 2026,1,48,Surrey Men,31,Somerset Men,8840253,2026-09-24T15:28:36Z,6,493,False,,,,456,Craig Overton,221,Ben Foakes,15,Dan Lawrence,Right,0,0,0,0,,LengthBall,OutsideOff,,None,BackFoot,BackwardDefensive,NoMovement,Over,Medium,Right,Null,NotReferred,Null,False,False,False,False,False,True,,False,False,False,False,False,False,0,0,0,0,0,False,False,269.0,35.0,Bowler
1652420,83,3.04,5,0,0,252,4,5,76624,,39481,County Championship 2026,1,48,Surrey Men,31,Somerset Men,8840268,2026-09-24T15:29:44Z,1,494,False,,,,7,Lewis Gregory,15,Dan Lawrence,221,Ben Foakes,Right,1,0,1,1,,HalfVolley,OutsideOff,,ThickEdge,FrontFoot,Drive,NoMovement,Over,Medium,Right,Null,NotReferred,Null,False,False,False,False,False,True,,False,False,False,False,False,False,1,0,0,0,0,False,False,159.0,63.0,Backward Point
1652420,83,3.04,5,0,0,252,4,5,76624,,39481,County Championship 2026,1,48,Surrey Men,31,Somerset Men,8840274,2026-09-24T15:30:29Z,2,495,False,,,,7,Lewis Gregory,221,Ben Foakes,15,Dan Lawrence,Right,0,0,0,0,,HalfVolley,OutsideOff,,None,FrontFoot,Drive,NoMovement,Over,Medium,Right,Null,NotReferred,Null,False,False,False,False,False,True,,False,False,False,False,False,False,0,0,0,0,0,False,False,265.0,39.0,Bowler
1652420,83,3.04,5,0,0,252,4,5,76624,,39481,County Championship 2026,1,48,Surrey Men,31,Somerset Men,8840281,2026-09-24T15:31:09Z,3,496,False,,,,7,Lewis Gregory,221,Ben Foakes,15,Dan Lawrence,Right,4,0,4,4,,Short,OutsideOff,,WellTimed,BackFoot,Pull,NoMovement,Over,Medium,Right,Null,NotReferred,Null,False,False,False,False,False,True,,False,False,False,False,False,False,4,0,0,0,0,True,False,337.0,174.0,
1652420,83,3.04,5,0,0,252,4,5,76624,,39481,County Championship 2026,1,48,Surrey Men,31,Somerset Men,8840290,2026-09-24T15:31:53Z,4,497,False,,,,7,Lewis Gregory,221,Ben Foakes,15,Dan Lawrence,Right,0,0,0,0,,LengthBall,OutsideOff,,None,FrontFoot,ForwardDefensive,NoMovement,Over,Medium,Right,Null,NotReferred,Null,False,False,False,False,False,True,,False,False,False,False,False,False,0,0,0,0,0,False,False,136.0,25.0,Gully
1652420,83,3.04,5,0,0,252,4,5,76624,,39481,County Championship 2026,1,48,Surrey Men,31,Somerset Men,8840298,2026-09-24T15:32:37Z,5,498,False,,,,7,Lewis Gregory,221,Ben Foakes,15,Dan Lawrence,Right,0,0,0,0,,LengthBall,OutsideOff,,None,FrontFoot,ForwardDefensive,NoMovement,Over,Medium,Right,Null,NotReferred,Null,False,False,False,False,False,True,,False,False,False,False,False,False,0,0,0,0,0,False,False,243.0,43.0,Mid Off
1652420,83,3.04,5,0,0,252,4,5,76624,,39481,County Championship 2026,1,48,Surrey Men,31,Somerset Men,8840307,2026-09-24T15:33:24Z,6,499,False,,,,7,Lewis Gregory,221,Ben Foakes,15,Dan Lawrence,Right,0,0,0,0,,LengthBall,OutsideOff,,None,FrontFoot,ForwardDefensive,NoMovement,Over,Medium,Right,Null,NotReferred,Null,False,False,False,False,False,True,,False,False,False,False,False,False,0,0,0,0,0,False,False,178.0,54.0,Backward Point
1652427,84,3.01,1,0,0,253,4,1,76624,,39481,County Championship 2026,1,48,Surrey Men,31,Somerset Men,8840320,2026-09-24T15:34:28Z,1,500,False,,,,456,Craig Overton,15,Dan Lawrence,221,Ben Foakes,Right,0,0,0,0,,BackOfALength,OutsideOff,,InsideEdge,BackFoot,BackwardDefensive,NoMovement,Over,Medium,Right,Null,NotReferred,Null,False,False,False,False,False,True,,False,False,False,False,False,False,0,0,0,0,0,False,False,79.0,4.0,Wicketkeeper
1652427,84,3.01,1,0,0,253,4,1,76624,,39481,County Championship 2026,1,48,Surrey Men,31,Somerset Men,8840330,2026-09-24T15:35:05Z,2,501,False,,,,456,Craig Overton,15,Dan Lawrence,221,Ben Foakes,Right,0,0,0,0,,LengthBall,OutsideOff,,BatPad,FrontFoot,ForwardDefensive,NoMovement,Over,Medium,Right,Null,NotReferred,Null,False,False,False,False,False,True,,False,False,False,False,False,False,0,0,0,0,0,False,False,164.0,24.0,Backward Point
1652427,84,3.01,1,0,0,253,4,1,76624,,39481,County Championship 2026,1,48,Surrey Men,31,Somerset Men,8840338,2026-09-24T15:35:46Z,3,502,False,,,,456,Craig Overton,15,Dan Lawrence,221,Ben Foakes,Right,0,0,0,0,,LengthBall,OutsideOff,,Left,NoMovement,Leave,NoMovement,Over,Medium,Right,Null,NotReferred,Null,False,False,False,False,False,True,,False,False,False,False,False,False,0,0,0,0,0,False,False,,,Wicketkeeper
1652427,84,3.01,1,0,0,253,4,1,76624,,39481,County Championship 2026,1,48,Surrey Men,31,Somerset Men,8840345,2026-09-24T15:36:27Z,4,503,False,,,,456,Craig Overton,15,Dan Lawrence,221,Ben Foakes,Right,0,0,0,0,,BackOfALength,OutsideOff,,Left,NoMovement,Leave,NoMovement,Over,Medium,Right,Null,NotReferred,Null,False,False,False,False,False,True,,False,False,False,False,False,False,0,0,0,0,0,False,False,,,Wicketkeeper
1652427,84,3.01,1,0,0,253,4,1,76624,,39481,County Championship 2026,1,48,Surrey Men,31,Somerset Men,8840354,2026-09-24T15:36:59Z,5,504,False,,,,456,Craig Overton,15,Dan Lawrence,221,Ben Foakes,Right,1,0,1,1,,HalfVolley,OutsideOff,,WellTimed,FrontFoot,Drive,NoMovement,Over,Medium,Right,Null,NotReferred,Null,False,False,False,False,False,True,,False,False,False,False,False,False,1,0,0,0,0,False,False,200.0,145.0,Deep Cover
1652427,84,3.01,1,0,0,253,4,1,76624,,39481,County Championship 2026,1,48,Surrey Men,31,Somerset Men,8840363,2026-09-24T15:37:42Z,6,505,False,,,,456,Craig Overton,221,Ben Foakes,15,Dan Lawrence,Right,0,0,0,0,,LengthBall,OutsideOff,,None,FrontFoot,Flick,NoMovement,Over,Medium,Right,Null,NotReferred,Null,False,False,False,False,False,True,,False,False,False,False,False,False,0,0,0,0,0,False,False,309.0,64.0,Mid Wicket
1652436,85,3.08,9,0,0,262,4,9,76624,,39481,County Championship 2026,1,48,Surrey Men,31,Somerset Men,8840378,2026-09-24T15:39:05Z,1,506,False,,,,7,Lewis Gregory,15,Dan Lawrence,221,Ben Foakes,Right,1,0,1,1,,LengthBall,OutsideOff,,WellTimed,FrontFoot,Drive,NoMovement,Over,Medium,Right,Null,NotReferred,Null,False,False,False,False,False,True,,False,False,False,False,False,False,1,0,0,0,0,False,False,218.0,142.0,Deep Extra Cover
1652436,85,3.08,9,0,0,262,4,9,76624,,39481,County Championship 2026,1,48,Surrey Men,31,Somerset Men,8840388,2026-09-24T15:39:52Z,2,507,False,,,,7,Lewis Gregory,221,Ben Foakes,15,Dan Lawrence,Right,4,0,4,4,,Short,Wide,,WellTimed,BackFoot,Cut,NoMovement,Over,Medium,Right,Null,NotReferred,Null,False,False,False,False,False,True,,False,False,False,False,False,False,4,0,0,0,0,True,False,175.0,169.0,
1652436,85,3.08,9,0,0,262,4,9,76624,,39481,County Championship 2026,1,48,Surrey Men,31,Somerset Men,8840402,2026-09-24T15:40:49Z,3,508,False,,,,7,Lewis Gregory,221,Ben Foakes,15,Dan Lawrence,Right,0,0,0,0,,LengthBall,OutsideOff,,None,FrontFoot,Steer,NoMovement,Over,Medium,Right,Null,NotReferred,Null,False,False,False,False,False,True,,False,False,False,False,False,False,0,0,0,0,0,False,False,123.0,53.0,Gully
1652436,85,3.08,9,0,0,262,4,9,76624,,39481,County Championship 2026,1,48,Surrey Men,31,Somerset Men,8840410,2026-09-24T15:41:37Z,4,509,False,,,,7,Lewis Gregory,221,Ben Foakes,15,Dan Lawrence,Right,0,0,0,0,,LengthBall,OutsideOff,,LeadingEdge,FrontFoot,Drive,NoMovement,Over,Medium,Right,Null,NotReferred,Null,False,False,False,False,False,True,,False,False,False,False,False,False,0,0,0,0,0,False,True,269.0,39.0,Bowler
1652436,85,3.08,9,0,0,262,4,9,76624,,39481,County Championship 2026,1,48,Surrey Men,31,Somerset Men,8840421,2026-09-24T15:42:19Z,5,510,False,,,,7,Lewis Gregory,221,Ben Foakes,15,Dan Lawrence,Right,0,0,0,0,,BackOfALength,OutsideOff,,PlayAndMissLegSide,BackFoot,Glance,NoMovement,Over,Medium,Right,Null,NotReferred,Null,False,False,False,False,False,True,,False,False,False,False,False,False,0,0,0,0,0,False,False,,,Wicketkeeper
1652436,85,3.08,9,0,0,262,4,9,76624,,39481,County Championship 2026,1,48,Surrey Men,31,Somerset Men,8840434,2026-09-24T15:43:07Z,6,511,False,,,,7,Lewis Gregory,221,Ben Foakes,15,Dan Lawrence,Right,4,0,4,4,,BackOfALength,OutsideOff,,WellTimed,BackFoot,Cut,NoMovement,Over,Medium,Right,Null,NotReferred,Null,False,False,False,False,False,True,,False,False,False,False,False,False,4,0,0,0,0,True,False,176.0,169.0,
1652448,86,3.12,6,0,0,268,4,6,76624,,39481,County Championship 2026,1,48,Surrey Men,31,Somerset Men,8840451,2026-09-24T15:44:17Z,1,512,False,,,,456,Craig Overton,15,Dan Lawrence,221,Ben Foakes,Right,0,0,0,0,,Short,OutsideOff,,Left,Ducked,Leave,NoMovement,Over,Medium,Right,Null,NotReferred,Null,False,False,False,False,False,True,,False,False,False,False,False,False,0,0,0,0,0,False,False,,,Wicketkeeper
1652448,86,3.12,6,0,0,268,4,6,76624,,39481,County Championship 2026,1,48,Surrey Men,31,Somerset Men,8840463,2026-09-24T15:44:55Z,2,513,False,,,,456,Craig Overton,15,Dan Lawrence,221,Ben Foakes,Right,1,0,1,1,,LengthBall,OutsideOff,,WellTimed,FrontFoot,Flick,NoMovement,Over,Medium,Right,Null,NotReferred,Null,False,False,False,False,False,True,,False,False,False,False,False,False,1,0,0,0,0,False,False,357.0,143.0,Deep Square Leg
1652448,86,3.12,6,0,0,268,4,6,76624,,39481,County Championship 2026,1,48,Surrey Men,31,Somerset Men,8840476,2026-09-24T15:45:47Z,3,514,False,,,,456,Craig Overton,221,Ben Foakes,15,Dan Lawrence,Right,0,0,0,0,,LengthBall,OutsideOff,,None,FrontFoot,ForwardDefensive,NoMovement,Over,Medium,Right,Null,NotReferred,Null,False,False,False,False,False,True,,False,False,False,False,False,False,0,0,0,0,0,False,False,292.0,64.0,Mid On
1652448,86,3.12,6,0,0,268,4,6,76624,,39481,County Championship 2026,1,48,Surrey Men,31,Somerset Men,8840485,2026-09-24T15:46:20Z,4,515,False,,,,456,Craig Overton,221,Ben Foakes,15,Dan Lawrence,Right,0,0,0,0,,BackOfALength,OutsideOff,,Left,NoMovement,BackwardDefensive,NoMovement,Over,Medium,Right,Null,NotReferred,Null,False,False,False,False,False,True,,False,False,False,False,False,False,0,0,0,0,0,False,False,323.0,49.0,Mid Wicket
1652448,86,3.12,6,0,0,268,4,6,76624,,39481,County Championship 2026,1,48,Surrey Men,31,Somerset Men,8840501,2026-09-24T15:47:05Z,5,516,False,,,,456,Craig Overton,221,Ben Foakes,15,Dan Lawrence,Right,1,0,1,1,,HalfVolley,OutsideOff,,InsideEdge,FrontFoot,Drive,NoMovement,Over,Medium,Right,Null,NotReferred,Null,False,False,False,False,False,True,,False,False,False,False,False,False,1,0,0,0,0,False,False,37.0,116.0,Fine Leg
1652448,86,3.12,6,0,0,268,4,6,76624,,39481,County Championship 2026,1,48,Surrey Men,31,Somerset Men,8840511,2026-09-24T15:47:45Z,6,517,False,,,,456,Craig Overton,15,Dan Lawrence,221,Ben Foakes,Right,4,0,4,4,,Short,OutsideOff,,WellTimed,FrontFoot,Slog,NoMovement,Over,Medium,Right,Null,NotReferred,Null,False,False,False,False,False,True,,False,False,False,False,False,False,4,0,0,0,0,True,True,284.0,180.0,
1652464,87,3.15,6,0,0,274,4,6,76624,,39481,County Championship 2026,1,48,Surrey Men,31,Somerset Men,8840542,2026-09-24T15:49:46Z,1,518,False,,,,7,Lewis Gregory,221,Ben Foakes,15,Dan Lawrence,Right,0,0,0,0,,LengthBall,OutsideOff,,None,FrontFoot,ForwardDefensive,NoMovement,Over,Medium,Right,Null,NotReferred,Null,False,False,False,False,False,True,,False,False,False,False,False,False,0,0,0,0,0,False,False,287.0,54.0,Mid On
1652464,87,3.15,6,0,0,274,4,6,76624,,39481,County Championship 2026,1,48,Surrey Men,31,Somerset Men,8840553,2026-09-24T15:50:25Z,2,519,False,,,,7,Lewis Gregory,221,Ben Foakes,15,Dan Lawrence,Right,1,0,1,1,,BackOfALength,OutsideOff,,WellTimed,BackFoot,Worked,NoMovement,Over,Medium,Right,Null,NotReferred,Null,False,False,False,False,False,True,,False,False,False,False,False,False,1,0,0,0,0,False,False,28.0,147.0,Deep Backward Square Leg
1652464,87,3.15,6,0,0,274,4,6,76624,,39481,County Championship 2026,1,48,Surrey Men,31,Somerset Men,8840564,2026-09-24T15:51:12Z,3,520,False,,,,7,Lewis Gregory,15,Dan Lawrence,221,Ben Foakes,Right,4,0,4,4,,LengthBall,OutsideOff,,MisTimed,NoMovement,Drive,NoMovement,Over,Medium,Right,Null,NotReferred,Null,False,False,False,False,False,True,,False,False,False,False,False,False,4,0,0,0,0,True,True,150.0,165.0,
1652464,87,3.15,6,0,0,274,4,6,76624,,39481,County Championship 2026,1,48,Surrey Men,31,Somerset Men,8840573,2026-09-24T15:51:57Z,4,521,False,,,,7,Lewis Gregory,15,Dan Lawrence,221,Ben Foakes,Right,1,0,1,1,,LengthBall,OutsideOff,,None,FrontFoot,Drive,NoMovement,Over,Medium,Right,Null,NotReferred,Null,False,False,False,False,False,True,,False,False,False,False,False,False,1,0,0,0,0,False,False,241.0,107.0,Long Off
1652464,87,3.15,6,0,0,274,4,6,76624,,39481,County Championship 2026,1,48,Surrey Men,31,Somerset Men,8840587,2026-09-24T15:52:44Z,5,522,False,,,,7,Lewis Gregory,221,Ben Foakes,15,Dan Lawrence,Right,0,0,0,0,,HalfVolley,OutsideOff,,None,FrontFoot,Drive,NoMovement,Over,Medium,Right,Null,NotReferred,Null,False,False,False,False,False,True,,False,False,False,False,False,False,0,0,0,0,0,False,False,291.0,60.0,Mid On
1652464,87,3.15,6,0,0,274,4,6,76624,,39481,County Championship 2026,1,48,Surrey Men,31,Somerset Men,8840602,2026-09-24T15:53:42Z,6,523,False,,,,7,Lewis Gregory,221,Ben Foakes,15,Dan Lawrence,Right,0,0,0,0,,BackOfALength,OutsideOff,,None,BackFoot,Cut,NoMovement,Over,Medium,Right,Null,NotReferred,Null,False,False,False,False,False,True,,False,False,False,False,False,False,0,0,0,0,0,False,False,207.0,57.0,Cover
1652477,88,3.12,1,0,0,275,4,1,76624,,39481,County Championship 2026,1,48,Surrey Men,31,Somerset Men,8840619,2026-09-24T15:55:34Z,1,524,False,,,,11,Jack Leach,15,Dan Lawrence,221,Ben Foakes,Right,1,0,1,1,,LengthBall,OffStump,,None,FrontFoot,ForwardDefensive,StockBall,Round,Orthodox,Left,Null,NotReferred,Null,False,False,False,False,False,True,,False,False,False,False,False,False,1,0,0,0,0,False,False,4.0,55.0,Backward Square Leg
1652477,88,3.12,1,0,0,275,4,1,76624,,39481,County Championship 2026,1,48,Surrey Men,31,Somerset Men,8840631,2026-09-24T15:56:21Z,2,525,False,,,,11,Jack Leach,221,Ben Foakes,15,Dan Lawrence,Right,0,0,0,0,,LengthBall,OffStump,,None,FrontFoot,ForwardDefensive,StockBall,Round,Orthodox,Left,Null,NotReferred,Null,False,False,False,False,False,True,,False,False,False,False,False,False,0,0,0,0,0,False,False,269.0,35.0,Bowler
1652477,88,3.12,1,0,0,275,4,1,76624,,39481,County Championship 2026,1,48,Surrey Men,31,Somerset Men,8840635,2026-09-24T15:56:41Z,3,526,False,,,,11,Jack Leach,221,Ben Foakes,15,Dan Lawrence,Right,0,0,0,0,,HalfVolley,OutsideOff,,None,FrontFoot,Drive,StockBall,Round,Orthodox,Left,Null,NotReferred,Null,False,False,False,False,False,True,,False,False,False,False,False,False,0,0,0,0,0,False,False,240.0,51.0,Mid Off
1652477,88,3.12,1,0,0,275,4,1,76624,,39481,County Championship 2026,1,48,Surrey Men,31,Somerset Men,8840640,2026-09-24T15:56:58Z,4,527,False,,,,11,Jack Leach,221,Ben Foakes,15,Dan Lawrence,Right,0,0,0,0,,LengthBall,OutsideOff,,None,FrontFoot,Drive,StockBall,Round,Orthodox,Left,Null,NotReferred,Null,False,False,False,False,False,True,,False,False,False,False,False,False,0,0,0,0,0,False,False,170.0,54.0,Backward Point
1652477,88,3.12,1,0,0,275,4,1,76624,,39481,County Championship 2026,1,48,Surrey Men,31,Somerset Men,8840647,2026-09-24T15:57:16Z,5,528,False,,,,11,Jack Leach,221,Ben Foakes,15,Dan Lawrence,Right,0,0,0,0,,LengthBall,OutsideOff,,None,FrontFoot,ForwardDefensive,StockBall,Round,Orthodox,Left,Null,NotReferred,Null,False,False,False,False,False,True,,False,False,False,False,False,False,0,0,0,0,0,False,False,170.0,49.0,Backward Point
1652477,88,3.12,1,0,0,275,4,1,76624,,39481,County Championship 2026,1,48,Surrey Men,31,Somerset Men,8840649,2026-09-24T15:57:38Z,6,529,False,,,,11,Jack Leach,221,Ben Foakes,15,Dan Lawrence,Right,0,0,0,0,,BackOfALength,OffStump,,None,BackFoot,Worked,StockBall,Round,Orthodox,Left,Null,NotReferred,Null,False,False,False,False,False,True,,False,False,False,False,False,False,0,0,0,0,0,False,False,41.0,51.0,Short Fine Leg
1652486,89,3.24,13,0,0,288,4,13,76624,,39481,County Championship 2026,1,48,Surrey Men,31,Somerset Men,8840674,2026-09-24T15:58:55Z,1,530,False,,,,2675,Migael Pretorius,15,Dan Lawrence,221,Ben Foakes,Right,4,0,4,4,,LengthBall,OutsideOff,,Middled,FrontFoot,Drive,NoMovement,Over,FastSeam,Right,Null,NotReferred,Null,False,False,False,False,False,True,,False,False,False,False,False,False,4,0,0,0,0,True,False,257.0,180.0,
1652486,89,3.24,13,0,0,288,4,13,76624,,39481,County Championship 2026,1,48,Surrey Men,31,Somerset Men,8840682,2026-09-24T15:59:43Z,2,531,False,,,,2675,Migael Pretorius,15,Dan Lawrence,221,Ben Foakes,Right,1,0,1,1,,LengthBall,OutsideOff,,None,FrontFoot,Flick,NoMovement,Over,FastSeam,Right,Null,NotReferred,Null,False,False,False,False,False,True,,False,False,False,False,False,False,1,0,0,0,0,False,False,354.0,154.0,Deep Square Leg
1652486,89,3.24,13,0,0,288,4,13,76624,,39481,County Championship 2026,1,48,Surrey Men,31,Somerset Men,8840694,2026-09-24T16:00:19Z,3,532,False,,,,2675,Migael Pretorius,221,Ben Foakes,15,Dan Lawrence,Right,0,0,0,0,,LengthBall,OutsideOff,,None,FrontFoot,Drive,NoMovement,Over,FastSeam,Right,Null,NotReferred,Null,False,False,False,False,False,True,,False,False,False,False,False,False,0,0,0,0,0,False,False,242.0,67.0,Mid Off
1652486,89,3.24,13,0,0,288,4,13,76624,,39481,County Championship 2026,1,48,Surrey Men,31,Somerset Men,8840693,2026-09-24T16:00:46Z,4,533,False,,,,2675,Migael Pretorius,221,Ben Foakes,15,Dan Lawrence,Right,4,0,4,4,,LengthBall,OutsideOff,,OutsideEdge,FrontFoot,ForwardDefensive,NoMovement,Over,FastSeam,Right,Null,NotReferred,Null,False,False,False,False,False,True,,False,False,False,False,False,False,4,0,0,0,0,True,False,103.0,160.0,
1652486,89,3.24,13,0,0,288,4,13,76624,,39481,County Championship 2026,1,48,Surrey Men,31,Somerset Men,8840705,2026-09-24T16:01:32Z,5,534,False,,,,2675,Migael Pretorius,221,Ben Foakes,15,Dan Lawrence,Right,0,0,0,0,,BackOfALength,OutsideOff,,Left,NoMovement,Leave,NoMovement,Over,FastSeam,Right,Null,NotReferred,Null,False,False,False,False,False,True,,False,False,False,False,False,False,0,0,0,0,0,False,False,,,Wicketkeeper
1652486,89,3.24,13,0,0,288,4,13,76624,,39481,County Championship 2026,1,48,Surrey Men,31,Somerset Men,8840715,2026-09-24T16:02:04Z,6,535,False,,,,2675,Migael Pretorius,221,Ben Foakes,15,Dan Lawrence,Right,4,0,4,4,,LengthBall,OutsideOff,,OutsideEdge,FrontFoot,ForwardDefensive,NoMovement,Over,FastSeam,Right,Null,NotReferred,Null,False,False,False,False,False,True,,False,False,False,False,False,False,4,0,0,0,0,True,False,107.0,160.0,
1652495,90,3.36,14,0,0,302,4,14,76624,,39481,County Championship 2026,1,48,Surrey Men,31,Somerset Men,8840737,2026-09-24T16:03:29Z,1,536,False,,,,11,Jack Leach,15,Dan Lawrence,221,Ben Foakes,Right,6,0,6,6,,LengthBall,OutsideOff,,Middled,FrontFoot,SlogSweep,StockBall,Round,Orthodox,Left,Null,NotReferred,Null,False,False,False,False,True,True,,False,False,False,False,False,False,6,0,0,0,0,True,False,323.0,176.0,
1652495,90,3.36,14,0,0,302,4,14,76624,,39481,County Championship 2026,1,48,Surrey Men,31,Somerset Men,8840745,2026-09-24T16:04:11Z,2,537,False,,,,11,Jack Leach,15,Dan Lawrence,221,Ben Foakes,Right,1,0,1,1,,BackOfALength,OutsideOff,,None,BackFoot,Cut,StockBall,Round,Orthodox,Left,Null,NotReferred,Null,False,False,False,False,False,True,,False,False,False,False,False,False,1,0,0,0,0,False,False,197.0,130.0,Deep Cover
1652495,90,3.36,14,0,0,302,4,14,76624,,39481,County Championship 2026,1,48,Surrey Men,31,Somerset Men,8840753,2026-09-24T16:04:41Z,3,538,False,,,,11,Jack Leach,221,Ben Foakes,15,Dan Lawrence,Right,0,0,0,0,,LengthBall,OutsideOff,,None,FrontFoot,Drive,StockBall,Round,Orthodox,Left,Null,NotReferred,Null,False,False,False,False,False,True,,False,False,False,False,False,False,0,0,0,0,0,False,False,172.0,46.0,Backward Point
1652495,90,3.36,14,0,0,302,4,14,76624,,39481,County Championship 2026,1,48,Surrey Men,31,Somerset Men,8840761,2026-09-24T16:04:55Z,4,539,False,,,,11,Jack Leach,221,Ben Foakes,15,Dan Lawrence,Right,1,0,1,1,,LengthBall,OutsideOff,,MisTimed,FrontFoot,Flick,StockBall,Round,Orthodox,Left,Null,NotReferred,Null,False,False,False,False,False,True,,False,False,False,False,False,False,1,0,0,0,0,False,True,268.0,166.0,Long Off
1652495,90,3.36,14,0,0,302,4,14,76624,,39481,County Championship 2026,1,48,Surrey Men,31,Somerset Men,8840766,2026-09-24T16:05:27Z,5,540,False,,,,11,Jack Leach,15,Dan Lawrence,221,Ben Foakes,Right,0,0,0,0,,LengthBall,OutsideOff,,None,FrontFoot,ForwardDefensive,StockBall,Round,Orthodox,Left,Null,NotReferred,Null,False,False,False,False,False,True,,False,False,False,False,False,False,0,0,0,0,0,False,False,186.0,15.0,Wicketkeeper
1652495,90,3.36,14,0,0,302,4,14,76624,,39481,County Championship 2026,1,48,Surrey Men,31,Somerset Men,8840772,2026-09-24T16:05:43Z,6,541,False,,,,11,Jack Leach,15,Dan Lawrence,221,Ben Foakes,Right,6,0,6,6,,LengthBall,OutsideOff,,Middled,DownTheTrack,Slog,StockBall,Round,Orthodox,Left,Null,NotReferred,Null,False,False,False,False,True,True,,False,False,False,False,False,False,6,0,0,0,0,True,False,292.0,179.0,
1652505,91,3.35,3,0,0,305,4,3,76624,,39481,County Championship 2026,1,48,Surrey Men,31,Somerset Men,8840795,2026-09-24T16:07:10Z,1,542,False,,,,2675,Migael Pretorius,221,Ben Foakes,15,Dan Lawrence,Right,0,0,0,0,,HalfVolley,OutsideOff,,MisTimed,FrontFoot,Drive,NoMovement,Over,FastSeam,Right,Null,NotReferred,Null,False,False,False,False,False,True,,False,False,False,False,False,False,0,0,0,0,0,False,False,296.0,55.0,Mid On
1652505,91,3.35,3,0,0,305,4,3,76624,,39481,County Championship 2026,1,48,Surrey Men,31,Somerset Men,8840801,2026-09-24T16:07:51Z,2,543,False,,,,2675,Migael Pretorius,221,Ben Foakes,15,Dan Lawrence,Right,0,0,0,0,,LengthBall,OutsideOff,,None,FrontFoot,Drive,NoMovement,Over,FastSeam,Right,Null,NotReferred,Null,False,False,False,False,False,True,,False,False,False,False,False,False,0,0,0,0,0,False,False,267.0,41.0,Bowler
1652505,91,3.35,3,0,0,305,4,3,76624,,39481,County Championship 2026,1,48,Surrey Men,31,Somerset Men,8840817,2026-09-24T16:08:53Z,3,544,False,,,,2675,Migael Pretorius,221,Ben Foakes,15,Dan Lawrence,Right,0,0,0,0,,LengthBall,OutsideOff,,Missed,BackFoot,BackwardDefensive,NoMovement,Over,FastSeam,Right,Null,NotReferred,Null,False,False,False,False,False,True,,False,False,False,False,False,False,0,0,0,0,0,False,False,,,Wicketkeeper
1652505,91,3.35,3,0,0,305,4,3,76624,,39481,County Championship 2026,1,48,Surrey Men,31,Somerset Men,8840828,2026-09-24T16:09:29Z,4,545,False,,,,2675,Migael Pretorius,221,Ben Foakes,15,Dan Lawrence,Right,1,0,1,1,,LengthBall,OutsideOff,,None,BackFoot,BackwardDefensive,NoMovement,Over,FastSeam,Right,Null,NotReferred,Null,False,False,False,False,False,True,,False,False,False,False,False,False,1,0,0,0,0,False,False,246.0,58.0,Mid Off
1652505,91,3.35,3,0,0,305,4,3,76624,,39481,County Championship 2026,1,48,Surrey Men,31,Somerset Men,8840840,2026-09-24T16:10:18Z,5,546,False,,,,2675,Migael Pretorius,15,Dan Lawrence,221,Ben Foakes,Right,2,0,2,2,,Short,OutsideOff,,None,BackFoot,Pull,NoMovement,Over,FastSeam,Right,Null,NotReferred,Null,False,False,False,False,False,True,,False,False,False,False,False,False,2,0,0,0,0,False,False,313.0,155.0,Deep Mid Wicket
1652505,91,3.35,3,0,0,305,4,3,76624,,39481,County Championship 2026,1,48,Surrey Men,31,Somerset Men,8840847,2026-09-24T16:10:59Z,6,547,False,,,,2675,Migael Pretorius,15,Dan Lawrence,221,Ben Foakes,Right,0,0,0,0,,Short,OutsideOff,,None,BackFoot,Cut,NoMovement,Over,FastSeam,Right,Null,NotReferred,Null,False,False,False,False,False,True,,False,False,False,False,False,False,0,0,0,0,0,False,False,151.0,60.0,Backward Point
1652517,92,3.34,2,0,0,307,4,2,76624,,39481,County Championship 2026,1,48,Surrey Men,31,Somerset Men,8840859,2026-09-24T16:12:11Z,1,548,False,,,,11,Jack Leach,221,Ben Foakes,15,Dan Lawrence,Right,0,0,0,0,,LengthBall,OutsideOff,,None,FrontFoot,ForwardDefensive,StockBall,Round,Orthodox,Left,Null,NotReferred,Null,False,False,False,False,False,True,,False,False,False,False,False,False,0,0,0,0,0,False,False,224.0,43.0,Extra Cover
1652517,92,3.34,2,0,0,307,4,2,76624,,39481,County Championship 2026,1,48,Surrey Men,31,Somerset Men,8840865,2026-09-24T16:12:27Z,2,549,False,,,,11,Jack Leach,221,Ben Foakes,15,Dan Lawrence,Right,1,0,1,1,,LengthBall,MiddleStump,,None,BackFoot,Worked,StockBall,Round,Orthodox,Left,Null,NotReferred,Null,False,False,False,False,False,True,,False,False,False,False,False,False,1,0,0,0,0,False,False,23.0,50.0,Backward Square Leg
1652517,92,3.34,2,0,0,307,4,2,76624,,39481,County Championship 2026,1,48,Surrey Men,31,Somerset Men,8840870,2026-09-24T16:12:53Z,3,550,False,,,,11,Jack Leach,15,Dan Lawrence,221,Ben Foakes,Right,1,0,1,1,,BackOfALength,OutsideOff,,None,BackFoot,Cut,StockBall,Round,Orthodox,Left,Null,NotReferred,Null,False,False,False,False,False,True,,False,False,False,False,False,False,1,0,0,0,0,False,False,247.0,142.0,Long Off
1652517,92,3.34,2,0,0,307,4,2,76624,,39481,County Championship 2026,1,48,Surrey Men,31,Somerset Men,8840878,2026-09-24T16:13:17Z,4,551,False,,,,11,Jack Leach,221,Ben Foakes,15,Dan Lawrence,Right,0,0,0,0,,LengthBall,OutsideOff,,None,FrontFoot,ForwardDefensive,StockBall,Round,Orthodox,Left,Null,NotReferred,Null,False,False,False,False,False,True,,False,False,False,False,False,False,0,0,0,0,0,False,False,224.0,43.0,Extra Cover
1652517,92,3.34,2,0,0,307,4,2,76624,,39481,County Championship 2026,1,48,Surrey Men,31,Somerset Men,8840885,2026-09-24T16:13:34Z,5,552,False,,,,11,Jack Leach,221,Ben Foakes,15,Dan Lawrence,Right,0,0,0,0,,HalfVolley,OutsideOff,,None,FrontFoot,Drive,StockBall,Round,Orthodox,Left,Null,NotReferred,Null,False,False,False,False,False,True,,False,False,False,False,False,False,0,0,0,0,0,False,False,266.0,32.0,Bowler
1652517,92,3.34,2,0,0,307,4,2,76624,,39481,County Championship 2026,1,48,Surrey Men,31,Somerset Men,8840889,2026-09-24T16:13:51Z,6,553,False,,,,11,Jack Leach,221,Ben Foakes,15,Dan Lawrence,Right,0,0,0,0,,LengthBall,OutsideOff,,None,FrontFoot,ForwardDefensive,StockBall,Round,Orthodox,Left,Null,NotReferred,Null,False,False,False,False,False,True,,False,False,False,False,False,False,0,0,0,0,0,False,False,258.0,35.0,Bowler
1652527,93,3.37,6,0,0,313,4,6,76624,,39481,County Championship 2026,1,48,Surrey Men,31,Somerset Men,8840922,2026-09-24T16:16:25Z,1,554,False,,,,2675,Migael Pretorius,15,Dan Lawrence,221,Ben Foakes,Right,1,0,1,1,,BackOfALength,OutsideOff,,WellTimed,BackFoot,Cut,NoMovement,Over,FastSeam,Right,Null,NotReferred,Null,False,False,False,False,False,True,,False,False,False,False,False,False,1,0,0,0,0,False,False,201.0,145.0,Deep Cover
1652527,93,3.37,6,0,0,313,4,6,76624,,39481,County Championship 2026,1,48,Surrey Men,31,Somerset Men,8840934,2026-09-24T16:17:16Z,2,555,False,,,,2675,Migael Pretorius,221,Ben Foakes,15,Dan Lawrence,Right,0,0,0,0,,HalfVolley,OutsideOff,,None,FrontFoot,Drive,NoMovement,Over,FastSeam,Right,Null,NotReferred,Null,False,False,False,False,False,True,,False,False,False,False,False,False,0,0,0,0,0,False,False,259.0,68.0,Mid Off
1652527,93,3.37,6,0,0,313,4,6,76624,,39481,County Championship 2026,1,48,Surrey Men,31,Somerset Men,8840942,2026-09-24T16:17:52Z,3,556,False,,,,2675,Migael Pretorius,221,Ben Foakes,15,Dan Lawrence,Right,0,0,0,0,,LengthBall,OutsideOff,,None,FrontFoot,Drive,NoMovement,Over,FastSeam,Right,Null,NotReferred,Null,False,False,False,False,False,True,,False,False,False,False,False,False,0,0,0,0,0,False,False,248.0,64.0,Mid Off
1652527,93,3.37,6,0,0,313,4,6,76624,,39481,County Championship 2026,1,48,Surrey Men,31,Somerset Men,8840954,2026-09-24T16:18:47Z,4,557,False,,,,2675,Migael Pretorius,221,Ben Foakes,15,Dan Lawrence,Right,4,0,4,4,,HalfVolley,OutsideOff,,WellTimed,FrontFoot,Drive,NoMovement,Over,FastSeam,Right,Null,NotReferred,Null,False,False,False,False,False,True,,False,False,False,False,False,False,4,0,0,0,0,True,False,272.0,180.0,
1652527,93,3.37,6,0,0,313,4,6,76624,,39481,County Championship 2026,1,48,Surrey Men,31,Somerset Men,8840964,2026-09-24T16:19:27Z,5,558,False,,,,2675,Migael Pretorius,221,Ben Foakes,15,Dan Lawrence,Right,0,0,0,0,,LengthBall,OutsideOff,,None,FrontFoot,ForwardDefensive,NoMovement,Over,FastSeam,Right,Null,NotReferred,Null,False,False,False,False,False,True,,False,False,False,False,False,False,0,0,0,0,0,False,False,168.0,54.0,Backward Point
1652527,93,3.37,6,0,0,313,4,6,76624,,39481,County Championship 2026,1,48,Surrey Men,31,Somerset Men,8840972,2026-09-24T16:20:03Z,6,559,False,,,,2675,Migael Pretorius,221,Ben Foakes,15,Dan Lawrence,Right,1,0,1,1,,LengthBall,OutsideOff,,None,BackFoot,Worked,NoMovement,Over,FastSeam,Right,Null,NotReferred,Null,False,False,False,False,False,True,,False,False,False,False,False,False,1,0,0,0,0,False,False,27.0,140.0,Deep Backward Square Leg
1652536,94,3.35,2,0,0,315,4,2,76624,,39481,County Championship 2026,1,48,Surrey Men,31,Somerset Men,8840978,2026-09-24T16:20:46Z,1,560,False,,,,11,Jack Leach,221,Ben Foakes,15,Dan Lawrence,Right,0,0,0,0,,LengthBall,OutsideOff,,None,FrontFoot,Drive,StockBall,Round,Orthodox,Left,Null,NotReferred,Null,False,False,False,False,False,True,,False,False,False,False,False,False,0,0,0,0,0,False,False,212.0,39.0,Extra Cover
1652536,94,3.35,2,0,0,315,4,2,76624,,39481,County Championship 2026,1,48,Surrey Men,31,Somerset Men,8840983,2026-09-24T16:21:05Z,2,561,False,,,,11,Jack Leach,221,Ben Foakes,15,Dan Lawrence,Right,0,0,0,0,,BackOfALength,OffStump,,None,BackFoot,Worked,StockBall,Round,Orthodox,Left,Null,NotReferred,Null,False,False,False,False,False,True,,False,False,False,False,False,False,0,0,0,0,0,False,False,32.0,41.0,Short Fine Leg
1652536,94,3.35,2,0,0,315,4,2,76624,,39481,County Championship 2026,1,48,Surrey Men,31,Somerset Men,8840988,2026-09-24T16:21:41Z,3,562,False,,,,11,Jack Leach,221,Ben Foakes,15,Dan Lawrence,Right,0,0,0,0,,HalfVolley,OutsideOff,,ThickEdge,FrontFoot,Drive,StockBall,Round,Orthodox,Left,Null,NotReferred,Null,False,False,False,False,False,True,,False,False,False,False,False,False,0,0,0,0,0,False,False,163.0,46.0,Bowler
1652536,94,3.35,2,0,0,315,4,2,76624,,39481,County Championship 2026,1,48,Surrey Men,31,Somerset Men,8840992,2026-09-24T16:22:03Z,4,563,False,,,,11,Jack Leach,221,Ben Foakes,15,Dan Lawrence,Right,1,0,1,1,,LengthBall,OutsideOff,,None,FrontFoot,Drive,StockBall,Round,Orthodox,Left,Null,NotReferred,Null,False,False,False,False,False,True,,False,False,False,False,False,False,1,0,0,0,0,False,False,203.0,75.0,Cover
1652536,94,3.35,2,0,0,315,4,2,76624,,39481,County Championship 2026,1,48,Surrey Men,31,Somerset Men,8840999,2026-09-24T16:22:29Z,5,564,False,,,,11,Jack Leach,15,Dan Lawrence,221,Ben Foakes,Right,1,0,1,1,,BackOfALength,OutsideOff,,None,BackFoot,Cut,StockBall,Round,Orthodox,Left,Null,NotReferred,Null,False,False,False,False,False,True,,False,False,False,False,False,False,1,0,0,0,0,False,False,191.0,143.0,Deep Cover
1652536,94,3.35,2,0,0,315,4,2,76624,,39481,County Championship 2026,1,48,Surrey Men,31,Somerset Men,8841007,2026-09-24T16:22:52Z,6,565,False,,,,11,Jack Leach,221,Ben Foakes,15,Dan Lawrence,Right,0,0,0,0,,LengthBall,OutsideOff,,None,FrontFoot,ForwardDefensive,StockBall,Round,Orthodox,Left,Null,NotReferred,Null,False,False,False,False,False,True,,False,False,False,False,False,False,0,0,0,0,0,False,False,265.0,35.0,Bowler
1652542,95,3.37,5,0,0,320,4,5,76624,,39481,County Championship 2026,1,48,Surrey Men,31,Somerset Men,8841017,2026-09-24T16:23:42Z,1,566,False,,,,2675,Migael Pretorius,15,Dan Lawrence,221,Ben Foakes,Right,0,0,0,0,,BackOfALength,OutsideOff,,None,BackFoot,Worked,NoMovement,Over,FastSeam,Right,Null,NotReferred,Null,False,False,False,False,False,True,,False,False,False,False,False,False,0,0,0,0,0,False,False,333.0,50.0,Square Leg
1652542,95,3.37,5,0,0,320,4,5,76624,,39481,County Championship 2026,1,48,Surrey Men,31,Somerset Men,8841024,2026-09-24T16:24:27Z,2,567,False,,,,2675,Migael Pretorius,15,Dan Lawrence,221,Ben Foakes,Right,1,0,1,1,,Yorker,OffStump,,None,FrontFoot,Drive,NoMovement,Over,FastSeam,Right,Null,NotReferred,Null,False,False,False,False,False,True,,False,False,False,False,False,False,1,0,0,0,0,False,False,280.0,131.0,Long On
1652542,95,3.37,5,0,0,320,4,5,76624,,39481,County Championship 2026,1,48,Surrey Men,31,Somerset Men,8841037,2026-09-24T16:25:29Z,3,568,False,,,,2675,Migael Pretorius,221,Ben Foakes,15,Dan Lawrence,Right,0,0,0,0,,LengthBall,OutsideOff,,None,FrontFoot,ForwardDefensive,NoMovement,Over,FastSeam,Right,Null,NotReferred,Null,False,False,False,False,False,True,,False,False,False,False,False,False,0,0,0,0,0,False,False,269.0,41.0,Bowler
1652542,95,3.37,5,0,0,320,4,5,76624,,39481,County Championship 2026,1,48,Surrey Men,31,Somerset Men,8841042,2026-09-24T16:26:02Z,4,569,False,,,,2675,Migael Pretorius,221,Ben Foakes,15,Dan Lawrence,Right,0,0,0,0,,LengthBall,OutsideOff,,None,FrontFoot,ForwardDefensive,NoMovement,Over,FastSeam,Right,Null,NotReferred,Null,False,False,False,False,False,True,,False,False,False,False,False,False,0,0,0,0,0,False,False,319.0,39.0,Mid Wicket
1652542,95,3.37,5,0,0,320,4,5,76624,,39481,County Championship 2026,1,48,Surrey Men,31,Somerset Men,8841051,2026-09-24T16:26:41Z,5,570,False,,,,2675,Migael Pretorius,221,Ben Foakes,15,Dan Lawrence,Right,0,0,0,0,,LengthBall,OutsideOff,,None,FrontFoot,ForwardDefensive,NoMovement,Over,FastSeam,Right,Null,NotReferred,Null,False,False,False,False,False,True,,False,False,False,False,False,False,0,0,0,0,0,False,False,193.0,43.0,Cover
1652542,95,3.37,5,0,0,320,4,5,76624,,39481,County Championship 2026,1,48,Surrey Men,31,Somerset Men,8841059,2026-09-24T16:27:17Z,6,571,False,,,,2675,Migael Pretorius,221,Ben Foakes,15,Dan Lawrence,Right,4,0,4,4,,BackOfALength,OutsideOff,,WellTimed,BackFoot,Glance,NoMovement,Over,FastSeam,Right,Null,NotReferred,Null,False,False,False,False,False,True,,False,False,False,False,False,False,4,0,0,0,0,True,True,77.0,160.0,
1652552,96,3.41,7,0,0,327,4,7,76624,,39481,County Championship 2026,1,48,Surrey Men,31,Somerset Men,8841073,2026-09-24T16:28:21Z,1,572,False,,,,11,Jack Leach,15,Dan Lawrence,221,Ben Foakes,Right,0,0,0,0,,BackOfALength,OutsideOff,,None,BackFoot,LateCut,StockBall,Round,Orthodox,Left,Null,NotReferred,Null,False,False,False,False,False,True,,False,False,False,False,False,False,0,0,0,0,0,False,False,148.0,146.0,Third Man
1652552,96,3.41,7,0,0,327,4,7,76624,,39481,County Championship 2026,1,48,Surrey Men,31,Somerset Men,8841080,2026-09-24T16:28:40Z,2,573,False,,,,11,Jack Leach,15,Dan Lawrence,221,Ben Foakes,Right,6,0,6,6,,LengthBall,OutsideOff,,Middled,FrontFoot,SlogSweep,StockBall,Round,Orthodox,Left,Null,NotReferred,Null,False,False,False,False,True,True,,False,False,False,False,False,False,6,0,0,0,0,True,False,329.0,175.0,
1652552,96,3.41,7,0,0,327,4,7,76624,,39481,County Championship 2026,1,48,Surrey Men,31,Somerset Men,8841086,2026-09-24T16:29:18Z,3,574,False,,,,11,Jack Leach,15,Dan Lawrence,221,Ben Foakes,Right,1,0,1,1,,HalfVolley,OffStump,,None,FrontFoot,Flick,StockBall,Round,Orthodox,Left,Null,NotReferred,Null,False,False,False,False,False,True,,False,False,False,False,False,False,1,0,0,0,0,False,False,319.0,141.0,Deep Mid Wicket
1652552,96,3.41,7,0,0,327,4,7,76624,,39481,County Championship 2026,1,48,Surrey Men,31,Somerset Men,8841094,2026-09-24T16:29:45Z,4,575,False,,,,11,Jack Leach,221,Ben Foakes,15,Dan Lawrence,Right,0,0,0,0,,BackOfALength,OutsideOff,,None,BackFoot,BackwardDefensive,StockBall,Round,Orthodox,Left,Null,NotReferred,Null,False,False,False,False,False,True,,False,False,False,False,False,False,0,0,0,0,0,False,False,227.0,48.0,Extra Cover
1652552,96,3.41,7,0,0,327,4,7,76624,,39481,County Championship 2026,1,48,Surrey Men,31,Somerset Men,8841098,2026-09-24T16:30:00Z,5,576,False,,,,11,Jack Leach,221,Ben Foakes,15,Dan Lawrence,Right,0,0,0,0,,Yorker,OffStump,,None,FrontFoot,Drive,StockBall,Round,Orthodox,Left,Null,NotReferred,Null,False,False,False,False,False,True,,False,False,False,False,False,False,0,0,0,0,0,False,False,288.0,57.0,Mid On
1652552,96,3.41,7,0,0,327,4,7,76624,,39481,County Championship 2026,1,48,Surrey Men,31,Somerset Men,8841103,2026-09-24T16:30:20Z,6,577,False,,,,11,Jack Leach,221,Ben Foakes,15,Dan Lawrence,Right,0,0,0,0,,LengthBall,OutsideOff,,None,FrontFoot,ForwardDefensive,StockBall,Round,Orthodox,Left,Null,NotReferred,Null,False,False,False,False,False,True,,False,False,False,False,False,False,0,0,0,0,0,False,False,264.0,41.0,Bowler
1652871,97,3.44,7,0,0,334,4,7,76624,,39481,County Championship 2026,1,48,Surrey Men,31,Somerset Men,8843040,2026-09-25T09:28:58Z,1,578,False,,,,7,Lewis Gregory,15,Dan Lawrence,221,Ben Foakes,Right,0,0,0,0,,HalfVolley,OutsideOff,,None,FrontFoot,Drive,NoMovement,Over,Medium,Right,Null,NotReferred,Null,False,False,False,False,False,True,,False,False,False,False,False,False,0,0,0,0,0,False,False,258.0,61.0,Mid Off
1652871,97,3.44,7,0,0,334,4,7,76624,,39481,County Championship 2026,1,48,Surrey Men,31,Somerset Men,8843045,2026-09-25T09:29:36Z,2,579,False,,,,7,Lewis Gregory,15,Dan Lawrence,221,Ben Foakes,Right,0,0,0,0,,LengthBall,OutsideOff,,None,FrontFoot,Drive,NoMovement,Over,Medium,Right,Null,NotReferred,Null,False,False,False,False,False,True,,False,False,False,False,False,False,0,0,0,0,0,False,False,247.0,62.0,Mid Off
1652871,97,3.44,7,0,0,334,4,7,76624,,39481,County Championship 2026,1,48,Surrey Men,31,Somerset Men,8843051,2026-09-25T09:30:17Z,3,580,False,,,,7,Lewis Gregory,15,Dan Lawrence,221,Ben Foakes,Right,2,0,2,2,,HalfVolley,Wide,,MisTimed,FrontFoot,Drive,NoMovement,Over,Medium,Right,Null,NotReferred,Null,False,False,False,False,False,True,,False,False,False,False,False,False,2,0,0,0,0,False,False,218.0,149.0,Deep Extra Cover
1652871,97,3.44,7,0,0,334,4,7,76624,,39481,County Championship 2026,1,48,Surrey Men,31,Somerset Men,8843059,2026-09-25T09:30:55Z,4,581,False,,,,7,Lewis Gregory,15,Dan Lawrence,221,Ben Foakes,Right,4,0,4,4,,LengthBall,OutsideOff,,Middled,FrontFoot,Flick,NoMovement,Over,Medium,Right,Null,NotReferred,Null,False,False,False,False,False,True,,False,False,False,False,False,False,4,0,0,0,0,True,False,327.0,175.0,
1652871,97,3.44,7,0,0,334,4,7,76624,,39481,County Championship 2026,1,48,Surrey Men,31,Somerset Men,8843077,2026-09-25T09:31:53Z,5,582,False,,,,7,Lewis Gregory,15,Dan Lawrence,221,Ben Foakes,Right,0,0,0,0,,LengthBall,OutsideOff,,None,FrontFoot,Drive,NoMovement,Over,Medium,Right,Null,NotReferred,Null,False,False,False,False,False,True,,False,False,False,False,False,False,0,0,0,0,0,False,False,258.0,66.0,Mid Off
1652871,97,3.44,7,0,0,334,4,7,76624,,39481,County Championship 2026,1,48,Surrey Men,31,Somerset Men,8843084,2026-09-25T09:32:47Z,6,583,False,,,,7,Lewis Gregory,15,Dan Lawrence,221,Ben Foakes,Right,1,0,1,1,,LengthBall,OutsideOff,,WellTimed,FrontFoot,Flick,NoMovement,Over,Medium,Right,Null,NotReferred,Null,False,False,False,False,False,True,,False,False,False,False,False,False,1,0,0,0,0,False,False,356.0,154.0,Deep Square Leg
1652885,98,3.48,7,1,0,341,5,7,76624,,39481,County Championship 2026,1,48,Surrey Men,31,Somerset Men,8843099,2026-09-25T09:33:47Z,1,584,False,,,,456,Craig Overton,15,Dan Lawrence,221,Ben Foakes,Right,0,0,0,0,,HalfTracker,OutsideOff,,Left,NoMovement,Leave,NoMovement,Over,Medium,Right,Null,NotReferred,Null,False,False,False,False,False,True,,False,False,False,False,False,False,0,0,0,0,0,False,False,,,Wicketkeeper
1652885,98,3.48,7,1,0,341,5,7,76624,,39481,County Championship 2026,1,48,Surrey Men,31,Somerset Men,8843107,2026-09-25T09:34:19Z,2,585,False,,,,456,Craig Overton,15,Dan Lawrence,221,Ben Foakes,Right,0,0,0,0,,BackOfALength,OutsideOff,,None,BackFoot,Worked,NoMovement,Over,Medium,Right,Null,NotReferred,Null,False,False,False,False,False,True,,False,False,False,False,False,False,0,0,0,0,0,False,False,291.0,62.0,Mid On
1652885,98,3.48,7,1,0,341,5,7,76624,,39481,County Championship 2026,1,48,Surrey Men,31,Somerset Men,8843112,2026-09-25T09:34:48Z,3,586,False,,,,456,Craig Overton,15,Dan Lawrence,221,Ben Foakes,Right,6,0,6,6,,LengthBall,OutsideOff,,Middled,FrontFoot,Flick,NoMovement,Over,Medium,Right,Null,NotReferred,Null,False,False,False,False,True,True,,False,False,False,False,False,False,6,0,0,0,0,True,False,313.0,177.0,
1652885,98,3.48,7,1,0,341,5,7,76624,,39481,County Championship 2026,1,48,Surrey Men,31,Somerset Men,8843121,2026-09-25T09:35:23Z,4,587,False,,,,456,Craig Overton,15,Dan Lawrence,221,Ben Foakes,Right,1,0,1,1,,LengthBall,OutsideOff,,WellTimed,FrontFoot,Cut,NoMovement,Over,Medium,Right,Null,NotReferred,Null,False,False,False,False,False,True,,False,False,False,False,False,False,1,0,0,0,0,False,False,200.0,148.0,Deep Cover
1652885,98,3.48,7,1,0,341,5,7,76624,,39481,County Championship 2026,1,48,Surrey Men,31,Somerset Men,8843127,2026-09-25T09:36:00Z,5,588,False,,,,456,Craig Overton,221,Ben Foakes,15,Dan Lawrence,Right,0,0,0,0,,Short,OutsideOff,,Missed,BackFoot,BackwardDefensive,NoMovement,Over,Medium,Right,Null,NotReferred,Null,False,False,False,False,False,True,,False,False,False,False,False,False,0,0,0,0,0,False,False,,,Wicketkeeper
1652885,98,3.48,7,1,0,341,5,7,76624,,39481,County Championship 2026,1,48,Surrey Men,31,Somerset Men,8843138,2026-09-25T09:36:29Z,6,589,True,Lbw,221.0,Ben Foakes,456,Craig Overton,221,Ben Foakes,15,Dan Lawrence,Right,0,0,0,0,LBW,LengthBall,OutsideOff,Lbw,HitPad,BackFoot,BackwardDefensive,NoMovement,Over,Medium,Right,Null,NotReferred,Null,False,False,False,False,False,True,1842.0,False,False,False,False,False,False,0,0,0,0,0,False,False,,,
1652895,99,3.47,3,0,0,344,5,3,76624,,39481,County Championship 2026,1,48,Surrey Men,31,Somerset Men,8843160,2026-09-25T09:38:43Z,1,590,False,,,,7,Lewis Gregory,15,Dan Lawrence,2709,Mahipal Lomror,Right,0,0,0,0,,HalfVolley,OutsideOff,,None,FrontFoot,Drive,NoMovement,Over,Medium,Right,Null,NotReferred,Null,False,False,False,False,False,True,,False,False,False,False,False,False,0,0,0,0,0,False,False,219.0,47.0,Extra Cover
1652895,99,3.47,3,0,0,344,5,3,76624,,39481,County Championship 2026,1,48,Surrey Men,31,Somerset Men,8843169,2026-09-25T09:39:20Z,2,591,False,,,,7,Lewis Gregory,15,Dan Lawrence,2709,Mahipal Lomror,Right,1,0,1,1,,LengthBall,OutsideOff,,None,FrontFoot,Drive,NoMovement,Over,Medium,Right,Null,NotReferred,Null,False,False,False,False,False,True,,False,False,False,False,False,False,1,0,0,0,0,False,False,203.0,140.0,Deep Cover
1652895,99,3.47,3,0,0,344,5,3,76624,,39481,County Championship 2026,1,48,Surrey Men,31,Somerset Men,8843182,2026-09-25T09:40:13Z,3,592,False,,,,7,Lewis Gregory,2709,Mahipal Lomror,15,Dan Lawrence,Left,0,0,0,0,,LengthBall,OutsideOff,,None,FrontFoot,ForwardDefensive,NoMovement,Round,Medium,Right,Null,NotReferred,Null,False,False,False,False,False,True,,False,False,False,False,False,False,0,0,0,0,0,False,False,7.0,51.0,Backward Point
1652895,99,3.47,3,0,0,344,5,3,76624,,39481,County Championship 2026,1,48,Surrey Men,31,Somerset Men,8843193,2026-09-25T09:40:49Z,4,593,False,,,,7,Lewis Gregory,2709,Mahipal Lomror,15,Dan Lawrence,Left,0,0,0,0,,HalfVolley,OutsideOff,,WellTimed,FrontFoot,Drive,NoMovement,Round,Medium,Right,Null,NotReferred,Null,False,False,False,False,False,True,,False,False,False,False,False,False,0,0,0,0,0,False,False,276.0,39.0,Bowler
1652895,99,3.47,3,0,0,344,5,3,76624,,39481,County Championship 2026,1,48,Surrey Men,31,Somerset Men,8843201,2026-09-25T09:41:22Z,5,594,False,,,,7,Lewis Gregory,2709,Mahipal Lomror,15,Dan Lawrence,Left,0,0,0,0,,Short,OutsideOff,,Left,Ducked,Leave,NoMovement,Round,Medium,Right,Null,NotReferred,Null,False,False,False,False,False,True,,False,False,False,False,False,False,0,0,0,0,0,False,False,,,Wicketkeeper
1652895,99,3.47,3,0,0,344,5,3,76624,,39481,County Championship 2026,1,48,Surrey Men,31,Somerset Men,8843209,2026-09-25T09:41:58Z,6,595,False,,,,7,Lewis Gregory,2709,Mahipal Lomror,15,Dan Lawrence,Left,2,0,2,2,,LengthBall,OutsideOff,,None,BackFoot,Steer,NoMovement,Round,Medium,Right,Null,NotReferred,Null,False,False,False,False,False,True,,False,False,False,False,False,False,2,0,0,0,0,False,False,68.0,149.0,Third Man
1652907,100,3.49,5,0,0,349,5,5,76624,,39481,County Championship 2026,1,48,Surrey Men,31,Somerset Men,8843227,2026-09-25T09:42:57Z,1,596,False,,,,456,Craig Overton,15,Dan Lawrence,2709,Mahipal Lomror,Right,1,0,1,1,,Short,OutsideOff,,None,BackFoot,Pull,NoMovement,Over,Medium,Right,Null,NotReferred,Null,False,False,False,False,False,True,,False,False,False,False,False,False,1,0,0,0,0,False,False,360.0,138.0,Deep Square Leg
1652907,100,3.49,5,0,0,349,5,5,76624,,39481,County Championship 2026,1,48,Surrey Men,31,Somerset Men,8843234,2026-09-25T09:43:42Z,2,597,False,,,,456,Craig Overton,2709,Mahipal Lomror,15,Dan Lawrence,Left,0,0,0,0,,BackOfALength,OutsideOff,,None,BackFoot,BackwardDefensive,NoMovement,Round,Medium,Right,Null,NotReferred,Null,False,False,False,False,False,True,,False,False,False,False,False,False,0,0,0,0,0,False,False,216.0,36.0,Mid Wicket
1652907,100,3.49,5,0,0,349,5,5,76624,,39481,County Championship 2026,1,48,Surrey Men,31,Somerset Men,8843240,2026-09-25T09:44:13Z,3,598,False,,,,456,Craig Overton,2709,Mahipal Lomror,15,Dan Lawrence,Left,4,0,4,4,,LengthBall,OutsideOff,,OutsideEdge,FrontFoot,Drive,NoMovement,Round,Medium,Right,Null,NotReferred,Null,False,False,False,False,False,True,,False,False,False,False,False,False,4,0,0,0,0,True,False,74.0,160.0,
1652907,100,3.49,5,0,0,349,5,5,76624,,39481,County Championship 2026,1,48,Surrey Men,31,Somerset Men,8843249,2026-09-25T09:44:51Z,4,599,False,,,,456,Craig Overton,2709,Mahipal Lomror,15,Dan Lawrence,Left,0,0,0,0,,LengthBall,OutsideOff,,None,FrontFoot,ForwardDefensive,NoMovement,Round,Medium,Right,Null,NotReferred,Null,False,False,False,False,False,True,,False,False,False,False,False,False,0,0,0,0,0,False,False,293.0,53.0,Mid Off
1652907,100,3.49,5,0,0,349,5,5,76624,,39481,County Championship 2026,1,48,Surrey Men,31,Somerset Men,8843257,2026-09-25T09:45:22Z,5,600,False,,,,456,Craig Overton,2709,Mahipal Lomror,15,Dan Lawrence,Left,0,0,0,0,,Short,OutsideOff,,Left,Ducked,Leave,NoMovement,Round,Medium,Right,Null,NotReferred,Null,False,False,False,False,False,True,,False,False,False,False,False,False,0,0,0,0,0,False,False,,,Wicketkeeper
1652907,100,3.49,5,0,0,349,5,5,76624,,39481,County Championship 2026,1,48,Surrey Men,31,Somerset Men,8843266,2026-09-25T09:45:53Z,6,601,False,,,,456,Craig Overton,2709,Mahipal Lomror,15,Dan Lawrence,Left,0,0,0,0,,LengthBall,OutsideOff,,HitPad,FrontFoot,ForwardDefensive,NoMovement,Round,Medium,Right,Null,NotReferred,Null,False,False,False,False,False,True,,False,False,False,False,False,False,0,0,0,0,0,False,False,6.0,38.0,Backward Point
1652915,101,3.5,5,0,0,354,5,5,76624,,39481,County Championship 2026,1,48,Surrey Men,31,Somerset Men,8843278,2026-09-25T09:46:50Z,1,602,False,,,,7,Lewis Gregory,15,Dan Lawrence,2709,Mahipal Lomror,Right,0,0,0,0,,LengthBall,OutsideOff,,None,FrontFoot,ForwardDefensive,NoMovement,Over,Medium,Right,Null,NotReferred,Null,False,False,False,False,False,True,,False,False,False,False,False,False,0,0,0,0,0,False,False,335.0,47.0,Square Leg
1652915,101,3.5,5,0,0,354,5,5,76624,,39481,County Championship 2026,1,48,Surrey Men,31,Somerset Men,8843285,2026-09-25T09:47:28Z,2,603,False,,,,7,Lewis Gregory,15,Dan Lawrence,2709,Mahipal Lomror,Right,4,0,4,4,,Yorker,Wide,,ThickEdge,FrontFoot,Drive,NoMovement,Over,Medium,Right,Null,NotReferred,Null,False,False,False,False,False,True,,False,False,False,False,False,False,4,0,0,0,0,True,False,121.0,161.0,
1652915,101,3.5,5,0,0,354,5,5,76624,,39481,County Championship 2026,1,48,Surrey Men,31,Somerset Men,8843296,2026-09-25T09:48:08Z,3,604,False,,,,7,Lewis Gregory,15,Dan Lawrence,2709,Mahipal Lomror,Right,1,0,1,1,,LengthBall,OutsideOff,,LeadingEdge,FrontFoot,Worked,NoMovement,Over,Medium,Right,Null,NotReferred,Null,False,False,False,False,False,True,,False,False,False,False,False,False,1,0,0,0,0,False,False,201.0,123.0,Deep Cover
1652915,101,3.5,5,0,0,354,5,5,76624,,39481,County Championship 2026,1,48,Surrey Men,31,Somerset Men,8843303,2026-09-25T09:48:47Z,4,605,False,,,,7,Lewis Gregory,2709,Mahipal Lomror,15,Dan Lawrence,Left,0,0,0,0,,LengthBall,OutsideOff,,HitPad,BackFoot,Worked,NoMovement,Round,Medium,Right,Null,NotReferred,Null,False,False,False,False,False,True,,False,False,False,False,False,False,0,0,0,0,0,False,False,24.0,38.0,Backward Point
1652915,101,3.5,5,0,0,354,5,5,76624,,39481,County Championship 2026,1,48,Surrey Men,31,Somerset Men,8843311,2026-09-25T09:49:26Z,5,606,False,,,,7,Lewis Gregory,2709,Mahipal Lomror,15,Dan Lawrence,Left,0,0,0,0,,HalfVolley,OutsideOff,,MisTimed,FrontFoot,Drive,NoMovement,Round,Medium,Right,Null,NotReferred,Null,False,False,False,False,False,True,,False,False,False,False,False,False,0,0,0,0,0,False,False,196.0,57.0,Square Leg
1652915,101,3.5,5,0,0,354,5,5,76624,,39481,County Championship 2026,1,48,Surrey Men,31,Somerset Men,8843320,2026-09-25T09:50:02Z,6,607,False,,,,7,Lewis Gregory,2709,Mahipal Lomror,15,Dan Lawrence,Left,0,0,0,0,,BackOfALength,OutsideOff,,None,BackFoot,BackwardDefensive,NoMovement,Round,Medium,Right,Null,NotReferred,Null,False,False,False,False,False,True,,False,False,False,False,False,False,0,0,0,0,0,False,False,341.0,25.0,Cover
1652925,102,3.51,4,0,0,358,5,4,76624,,39481,County Championship 2026,1,48,Surrey Men,31,Somerset Men,8843333,2026-09-25T09:50:56Z,1,608,False,,,,456,Craig Overton,15,Dan Lawrence,2709,Mahipal Lomror,Right,4,0,4,4,,BackOfALength,OutsideOff,,Middled,BackFoot,Cut,NoMovement,Over,Medium,Right,Null,NotReferred,Null,False,False,False,False,False,True,,False,False,False,False,False,False,4,0,0,0,0,True,False,145.0,164.0,
1652925,102,3.51,4,0,0,358,5,4,76624,,39481,County Championship 2026,1,48,Surrey Men,31,Somerset Men,8843344,2026-09-25T09:51:29Z,2,609,False,,,,456,Craig Overton,15,Dan Lawrence,2709,Mahipal Lomror,Right,0,0,0,0,,Short,OutsideOff,,Left,NoMovement,Leave,NoMovement,Over,Medium,Right,Null,NotReferred,Null,False,False,False,False,False,True,,False,False,False,False,False,False,0,0,0,0,0,False,False,,,Wicketkeeper
1652925,102,3.51,4,0,0,358,5,4,76624,,39481,County Championship 2026,1,48,Surrey Men,31,Somerset Men,8843352,2026-09-25T09:52:02Z,3,610,False,,,,456,Craig Overton,15,Dan Lawrence,2709,Mahipal Lomror,Right,0,0,0,0,,LengthBall,OutsideOff,,MisTimed,FrontFoot,Drive,NoMovement,Over,Medium,Right,Null,NotReferred,Null,False,False,False,False,False,True,,False,False,False,False,False,False,0,0,0,0,0,False,False,268.0,35.0,Bowler
1652925,102,3.51,4,0,0,358,5,4,76624,,39481,County Championship 2026,1,48,Surrey Men,31,Somerset Men,8843358,2026-09-25T09:52:35Z,4,611,False,,,,456,Craig Overton,15,Dan Lawrence,2709,Mahipal Lomror,Right,0,0,0,0,,LengthBall,OutsideOff,,None,BackFoot,Worked,NoMovement,Over,Medium,Right,Null,NotReferred,Null,False,False,False,False,False,True,,False,False,False,False,False,False,0,0,0,0,0,False,False,331.0,59.0,Square Leg
1652925,102,3.51,4,0,0,358,5,4,76624,,39481,County Championship 2026,1,48,Surrey Men,31,Somerset Men,8843365,2026-09-25T09:53:05Z,5,612,False,,,,456,Craig Overton,15,Dan Lawrence,2709,Mahipal Lomror,Right,0,0,0,0,,Short,OutsideOff,,Missed,BackFoot,Pull,NoMovement,Over,Medium,Right,Null,NotReferred,Null,False,False,False,False,False,True,,False,False,False,False,False,False,0,0,0,0,0,False,False,,,Wicketkeeper
1652925,102,3.51,4,0,0,358,5,4,76624,,39481,County Championship 2026,1,48,Surrey Men,31,Somerset Men,8843370,2026-09-25T09:53:38Z,6,613,False,,,,456,Craig Overton,15,Dan Lawrence,2709,Mahipal Lomror,Right,0,0,0,0,,HalfTracker,OutsideOff,,Left,Ducked,Leave,NoMovement,Over,Medium,Right,Null,NotReferred,Null,False,False,False,False,False,True,,False,False,False,False,False,False,0,0,0,0,0,False,False,,,Wicketkeeper
1652935,103,3.51,4,1,0,362,6,4,76624,,39481,County Championship 2026,1,48,Surrey Men,31,Somerset Men,8843384,2026-09-25T09:54:42Z,1,614,False,,,,7,Lewis Gregory,2709,Mahipal Lomror,15,Dan Lawrence,Left,0,0,0,0,,LengthBall,OutsideOff,,Left,NoMovement,Leave,NoMovement,Round,Medium,Right,Null,NotReferred,Null,False,False,False,False,False,True,,False,False,False,False,False,False,0,0,0,0,0,False,False,,,Wicketkeeper
1652935,103,3.51,4,1,0,362,6,4,76624,,39481,County Championship 2026,1,48,Surrey Men,31,Somerset Men,8843394,2026-09-25T09:55:14Z,2,615,False,,,,7,Lewis Gregory,2709,Mahipal Lomror,15,Dan Lawrence,Left,0,0,0,0,,LengthBall,OffStump,,HitPad,BackFoot,Worked,NoMovement,Round,Medium,Right,Null,NotReferred,Null,False,False,False,False,False,True,,False,False,False,False,False,False,0,0,0,0,0,False,False,208.0,28.0,Square Leg
1652935,103,3.51,4,1,0,362,6,4,76624,,39481,County Championship 2026,1,48,Surrey Men,31,Somerset Men,8843403,2026-09-25T09:55:52Z,3,616,False,,,,7,Lewis Gregory,2709,Mahipal Lomror,15,Dan Lawrence,Left,4,0,4,4,,HalfVolley,OutsideOff,,Middled,FrontFoot,Drive,NoMovement,Round,Medium,Right,Null,NotReferred,Null,False,False,False,False,False,True,,False,False,False,False,False,False,4,0,0,0,0,True,False,333.0,175.0,
1652935,103,3.51,4,1,0,362,6,4,76624,,39481,County Championship 2026,1,48,Surrey Men,31,Somerset Men,8843412,2026-09-25T09:56:34Z,4,617,True,Bowled,2709.0,Mahipal Lomror,7,Lewis Gregory,2709,Mahipal Lomror,15,Dan Lawrence,Left,0,0,0,0,Bowled,BackOfALength,OutsideOff,Bowled,BottomEdge,BackFoot,Cut,NoMovement,Round,Medium,Right,Null,NotReferred,Null,False,False,False,False,False,True,1825.0,False,False,False,False,False,False,0,0,0,0,0,False,False,298.0,14.0,
1652935,103,3.51,4,1,0,362,6,4,76624,,39481,County Championship 2026,1,48,Surrey Men,31,Somerset Men,8843437,2026-09-25T09:58:36Z,5,618,False,,,,7,Lewis Gregory,13942,Adam Thomas,15,Dan Lawrence,Right,0,0,0,0,,HalfVolley,OutsideOff,,None,FrontFoot,Drive,NoMovement,Over,Medium,Right,Null,NotReferred,Null,False,False,False,False,False,True,,False,False,False,False,False,False,0,0,0,0,0,False,False,249.0,60.0,Mid Off
1652935,103,3.51,4,1,0,362,6,4,76624,,39481,County Championship 2026,1,48,Surrey Men,31,Somerset Men,8843443,2026-09-25T09:59:14Z,6,619,False,,,,7,Lewis Gregory,13942,Adam Thomas,15,Dan Lawrence,Right,0,0,0,0,,BackOfALength,OutsideOff,,Left,NoMovement,Leave,NoMovement,Over,Medium,Right,Null,NotReferred,Null,False,False,False,False,False,True,,False,False,False,False,False,False,0,0,0,0,0,False,False,,,Wicketkeeper
1652945,104,3.53,5,0,0,367,6,5,76624,,39481,County Championship 2026,1,48,Surrey Men,31,Somerset Men,8843458,2026-09-25T10:00:03Z,1,620,False,,,,456,Craig Overton,15,Dan Lawrence,13942,Adam Thomas,Right,0,0,0,0,,LengthBall,OutsideOff,,None,FrontFoot,ForwardDefensive,NoMovement,Over,Medium,Right,Null,NotReferred,Null,False,False,False,False,False,True,,False,False,False,False,False,False,0,0,0,0,0,False,False,196.0,61.0,Cover
1652945,104,3.53,5,0,0,367,6,5,76624,,39481,County Championship 2026,1,48,Surrey Men,31,Somerset Men,8843468,2026-09-25T10:00:35Z,2,621,False,,,,456,Craig Overton,15,Dan Lawrence,13942,Adam Thomas,Right,4,0,4,4,,HalfTracker,OutsideOff,,Middled,BackFoot,Pull,NoMovement,Over,Medium,Right,Null,NotReferred,Null,False,False,False,False,False,True,,False,False,False,False,False,False,4,0,0,0,0,True,False,338.0,174.0,
1652945,104,3.53,5,0,0,367,6,5,76624,,39481,County Championship 2026,1,48,Surrey Men,31,Somerset Men,8843477,2026-09-25T10:01:17Z,3,622,False,,,,456,Craig Overton,15,Dan Lawrence,13942,Adam Thomas,Right,1,0,1,1,,LengthBall,OutsideOff,,None,FrontFoot,Drive,NoMovement,Over,Medium,Right,Null,NotReferred,Null,False,False,False,False,False,True,,False,False,False,False,False,False,1,0,0,0,0,False,False,174.0,82.0,Backward Point
1652945,104,3.53,5,0,0,367,6,5,76624,,39481,County Championship 2026,1,48,Surrey Men,31,Somerset Men,8843485,2026-09-25T10:01:57Z,4,623,False,,,,456,Craig Overton,13942,Adam Thomas,15,Dan Lawrence,Right,0,0,0,0,,LengthBall,OutsideOff,,None,FrontFoot,ForwardDefensive,NoMovement,Over,Medium,Right,Null,NotReferred,Null,False,False,False,False,False,True,,False,False,False,False,False,False,0,0,0,0,0,False,False,277.0,52.0,Mid On
1652945,104,3.53,5,0,0,367,6,5,76624,,39481,County Championship 2026,1,48,Surrey Men,31,Somerset Men,8843493,2026-09-25T10:02:30Z,5,624,False,,,,456,Craig Overton,13942,Adam Thomas,15,Dan Lawrence,Right,0,0,0,0,,LengthBall,OutsideOff,,None,FrontFoot,ForwardDefensive,NoMovement,Over,Medium,Right,Null,NotReferred,Null,False,False,False,False,False,True,,False,False,False,False,False,False,0,0,0,0,0,False,False,165.0,50.0,Backward Point
1652945,104,3.53,5,0,0,367,6,5,76624,,39481,County Championship 2026,1,48,Surrey Men,31,Somerset Men,8843500,2026-09-25T10:03:05Z,6,625,False,,,,456,Craig Overton,13942,Adam Thomas,15,Dan Lawrence,Right,0,0,0,0,,LengthBall,OutsideOff,,None,FrontFoot,ForwardDefensive,NoMovement,Over,Medium,Right,Null,NotReferred,Null,False,False,False,False,False,True,,False,False,False,False,False,False,0,0,0,0,0,False,False,264.0,35.0,Bowler
1652954,105,3.54,5,1,0,372,7,5,76624,,39481,County Championship 2026,1,48,Surrey Men,31,Somerset Men,8843514,2026-09-25T10:04:05Z,1,626,False,,,,7,Lewis Gregory,15,Dan Lawrence,13942,Adam Thomas,Right,4,0,4,4,,Short,OutsideOff,,WellTimed,BackFoot,Pull,NoMovement,Over,Medium,Right,Null,NotReferred,Null,False,False,False,False,False,True,,False,False,False,False,False,False,4,0,0,0,0,True,False,339.0,174.0,
1652954,105,3.54,5,1,0,372,7,5,76624,,39481,County Championship 2026,1,48,Surrey Men,31,Somerset Men,8843524,2026-09-25T10:04:50Z,2,627,True,Caught,15.0,Dan Lawrence,7,Lewis Gregory,15,Dan Lawrence,13942,Adam Thomas,Right,0,0,0,0,Caught,LengthBall,OutsideOff,Caught,OutsideEdge,FrontFoot,Drive,NoMovement,Over,Medium,Right,Null,NotReferred,Null,False,False,False,False,False,True,1825.0,False,False,False,False,False,False,0,0,0,0,0,False,True,104.0,46.0,Wicketkeeper
1652954,105,3.54,5,1,0,372,7,5,76624,,39481,County Championship 2026,1,48,Surrey Men,31,Somerset Men,8843549,2026-09-25T10:06:57Z,3,628,False,,,,7,Lewis Gregory,785,Dan Worrall,13942,Adam Thomas,Right,0,0,0,0,,LengthBall,OutsideOff,,Missed,FrontFoot,ForwardDefensive,NoMovement,Over,Medium,Right,Null,NotReferred,Null,False,False,False,False,False,True,,False,False,False,False,False,False,0,0,0,0,0,False,False,,,Wicketkeeper
1652954,105,3.54,5,1,0,372,7,5,76624,,39481,County Championship 2026,1,48,Surrey Men,31,Somerset Men,8843568,2026-09-25T10:08:00Z,4,629,False,,,,7,Lewis Gregory,785,Dan Worrall,13942,Adam Thomas,Right,1,0,1,1,,HalfVolley,OffStump,,InsideEdge,FrontFoot,Drive,NoMovement,Over,Medium,Right,Null,NotReferred,Null,False,False,False,False,False,True,,False,False,False,False,False,False,1,0,0,0,0,False,False,35.0,113.0,Fine Leg
1652954,105,3.54,5,1,0,372,7,5,76624,,39481,County Championship 2026,1,48,Surrey Men,31,Somerset Men,8843573,2026-09-25T10:08:37Z,5,630,False,,,,7,Lewis Gregory,13942,Adam Thomas,785,Dan Worrall,Right,0,0,0,0,,BackOfALength,OutsideOff,,None,BackFoot,BackwardDefensive,NoMovement,Over,Medium,Right,Null,NotReferred,Null,False,False,False,False,False,True,,False,False,False,False,False,False,0,0,0,0,0,False,False,257.0,44.0,Mid Off
1652954,105,3.54,5,1,0,372,7,5,76624,,39481,County Championship 2026,1,48,Surrey Men,31,Somerset Men,8843581,2026-09-25T10:09:16Z,6,631,False,,,,7,Lewis Gregory,13942,Adam Thomas,785,Dan Worrall,Right,0,0,0,0,,LengthBall,OutsideOff,,Left,NoMovement,Leave,NoMovement,Over,Medium,Right,Null,NotReferred,Null,False,False,False,False,False,True,,False,False,False,False,False,False,0,0,0,0,0,False,False,,,Wicketkeeper
1652970,106,3.51,0,0,0,372,7,0,76624,,39481,County Championship 2026,1,48,Surrey Men,31,Somerset Men,8843596,2026-09-25T10:10:43Z,1,632,False,,,,11,Jack Leach,785,Dan Worrall,13942,Adam Thomas,Right,0,0,0,0,,LengthBall,OffStump,,None,FrontFoot,ForwardDefensive,StockBall,Round,Orthodox,Left,Null,NotReferred,Null,False,False,False,False,False,True,,False,False,False,False,False,False,0,0,0,0,0,False,False,274.0,39.0,Bowler
1652970,106,3.51,0,0,0,372,7,0,76624,,39481,County Championship 2026,1,48,Surrey Men,31,Somerset Men,8843601,2026-09-25T10:10:58Z,2,633,False,,,,11,Jack Leach,785,Dan Worrall,13942,Adam Thomas,Right,0,0,0,0,,LengthBall,OffStump,,None,FrontFoot,ForwardDefensive,StockBall,Round,Orthodox,Left,Null,NotReferred,Null,False,False,False,False,False,True,,False,False,False,False,False,False,0,0,0,0,0,False,False,287.0,44.0,Bowler
1652970,106,3.51,0,0,0,372,7,0,76624,,39481,County Championship 2026,1,48,Surrey Men,31,Somerset Men,8843606,2026-09-25T10:11:13Z,3,634,False,,,,11,Jack Leach,785,Dan Worrall,13942,Adam Thomas,Right,0,0,0,0,,LengthBall,OutsideOff,,None,FrontFoot,ForwardDefensive,StockBall,Round,Orthodox,Left,Null,NotReferred,Null,False,False,False,False,False,True,,False,False,False,False,False,False,0,0,0,0,0,False,False,166.0,13.0,Backward Point
1652970,106,3.51,0,0,0,372,7,0,76624,,39481,County Championship 2026,1,48,Surrey Men,31,Somerset Men,8843608,2026-09-25T10:11:31Z,4,635,False,,,,11,Jack Leach,785,Dan Worrall,13942,Adam Thomas,Right,0,0,0,0,,LengthBall,OutsideOff,,Missed,FrontFoot,ForwardDefensive,StockBall,Round,Orthodox,Left,Null,NotReferred,Null,False,False,False,False,False,True,,False,False,False,False,False,False,0,0,0,0,0,False,False,,,Wicketkeeper
1652970,106,3.51,0,0,0,372,7,0,76624,,39481,County Championship 2026,1,48,Surrey Men,31,Somerset Men,8843614,2026-09-25T10:11:45Z,5,636,False,,,,11,Jack Leach,785,Dan Worrall,13942,Adam Thomas,Right,0,0,0,0,,BackOfALength,OutsideOff,,None,BackFoot,LateCut,StockBall,Round,Orthodox,Left,Null,NotReferred,Null,False,False,False,False,False,True,,False,False,False,False,False,False,0,0,0,0,0,False,False,206.0,79.0,Cover
1652970,106,3.51,0,0,0,372,7,0,76624,,39481,County Championship 2026,1,48,Surrey Men,31,Somerset Men,8843618,2026-09-25T10:12:06Z,6,637,False,,,,11,Jack Leach,785,Dan Worrall,13942,Adam Thomas,Right,0,0,0,0,,LengthBall,OutsideOff,,Left,NoMovement,Leave,StockBall,Round,Orthodox,Left,Null,NotReferred,Null,False,False,False,False,False,True,,False,False,False,False,False,False,0,0,0,0,0,False,False,,,Wicketkeeper
1652974,107,3.48,0,0,0,372,7,0,76624,,39481,County Championship 2026,1,48,Surrey Men,31,Somerset Men,8843631,2026-09-25T10:13:06Z,1,638,False,,,,7,Lewis Gregory,13942,Adam Thomas,785,Dan Worrall,Right,0,0,0,0,,BackOfALength,OutsideOff,,None,BackFoot,BackwardDefensive,NoMovement,Over,Medium,Right,Null,NotReferred,Null,False,False,False,False,False,True,,False,False,False,False,False,False,0,0,0,0,0,False,False,279.0,35.0,Mid On
1652974,107,3.48,0,0,0,372,7,0,76624,,39481,County Championship 2026,1,48,Surrey Men,31,Somerset Men,8843643,2026-09-25T10:13:43Z,2,639,False,,,,7,Lewis Gregory,13942,Adam Thomas,785,Dan Worrall,Right,0,0,0,0,,LengthBall,OutsideOff,,None,BackFoot,BackwardDefensive,NoMovement,Over,Medium,Right,Null,NotReferred,Null,False,False,False,False,False,True,,False,False,False,False,False,False,0,0,0,0,0,False,False,197.0,13.0,Cover
1652974,107,3.48,0,0,0,372,7,0,76624,,39481,County Championship 2026,1,48,Surrey Men,31,Somerset Men,8843653,2026-09-25T10:14:22Z,3,640,False,,,,7,Lewis Gregory,13942,Adam Thomas,785,Dan Worrall,Right,0,0,0,0,,LengthBall,OutsideOff,,Missed,BackFoot,Cut,AwaySwinger,Over,Medium,Right,Null,NotReferred,Null,False,False,False,False,False,True,,False,False,False,False,False,False,0,0,0,0,0,False,False,,,Wicketkeeper
1652974,107,3.48,0,0,0,372,7,0,76624,,39481,County Championship 2026,1,48,Surrey Men,31,Somerset Men,8843660,2026-09-25T10:15:00Z,4,641,False,,,,7,Lewis Gregory,13942,Adam Thomas,785,Dan Worrall,Right,0,0,0,0,,BackOfALength,OutsideOff,,Missed,BackFoot,BackwardDefensive,AwaySwinger,Over,Medium,Right,Null,NotReferred,Null,False,False,False,False,False,True,,False,False,False,False,False,False,0,0,0,0,0,False,False,,,Wicketkeeper
1652974,107,3.48,0,0,0,372,7,0,76624,,39481,County Championship 2026,1,48,Surrey Men,31,Somerset Men,8843672,2026-09-25T10:15:38Z,5,642,False,,,,7,Lewis Gregory,13942,Adam Thomas,785,Dan Worrall,Right,0,0,0,0,,BackOfALength,OutsideOff,,None,BackFoot,BackwardDefensive,NoMovement,Over,Medium,Right,Null,NotReferred,Null,False,False,False,False,False,True,,False,False,False,False,False,False,0,0,0,0,0,False,False,158.0,47.0,Backward Point
1652974,107,3.48,0,0,0,372,7,0,76624,,39481,County Championship 2026,1,48,Surrey Men,31,Somerset Men,8843684,2026-09-25T10:16:21Z,6,643,False,,,,7,Lewis Gregory,13942,Adam Thomas,785,Dan Worrall,Right,0,0,0,0,,BackOfALength,OutsideOff,,None,BackFoot,Worked,NoMovement,Over,Medium,Right,Null,NotReferred,Null,False,False,False,False,False,True,,False,False,False,False,False,False,0,0,0,0,0,False,False,345.0,52.0,Square Leg
1652984,108,3.44,0,0,0,372,7,0,76624,,39481,County Championship 2026,1,48,Surrey Men,31,Somerset Men,8843695,2026-09-25T10:17:15Z,1,644,False,,,,11,Jack Leach,785,Dan Worrall,13942,Adam Thomas,Right,0,0,0,0,,LengthBall,OutsideOff,,Missed,FrontFoot,SlogSweep,StockBall,Round,Orthodox,Left,Null,NotReferred,Null,False,False,False,False,False,True,,False,False,False,False,False,False,0,0,0,0,0,False,False,,,Wicketkeeper
1652984,108,3.44,0,0,0,372,7,0,76624,,39481,County Championship 2026,1,48,Surrey Men,31,Somerset Men,8843703,2026-09-25T10:17:33Z,2,645,False,,,,11,Jack Leach,785,Dan Worrall,13942,Adam Thomas,Right,0,0,0,0,,BackOfALength,OffStump,,None,BackFoot,Worked,StockBall,Round,Orthodox,Left,Null,NotReferred,Null,False,False,False,False,False,True,,False,False,False,False,False,False,0,0,0,0,0,False,False,35.0,35.0,Short Fine Leg
1652984,108,3.44,0,0,0,372,7,0,76624,,39481,County Championship 2026,1,48,Surrey Men,31,Somerset Men,8843707,2026-09-25T10:17:52Z,3,646,False,,,,11,Jack Leach,785,Dan Worrall,13942,Adam Thomas,Right,0,0,0,0,,LengthBall,OffStump,,None,FrontFoot,ForwardDefensive,StockBall,Round,Orthodox,Left,Null,NotReferred,Null,False,False,False,False,False,True,,False,False,False,False,False,False,0,0,0,0,0,False,False,270.0,39.0,Mid On
1652984,108,3.44,0,0,0,372,7,0,76624,,39481,County Championship 2026,1,48,Surrey Men,31,Somerset Men,8843710,2026-09-25T10:18:09Z,4,647,False,,,,11,Jack Leach,785,Dan Worrall,13942,Adam Thomas,Right,0,0,0,0,,LengthBall,OutsideOff,,None,FrontFoot,ForwardDefensive,StockBall,Round,Orthodox,Left,Null,NotReferred,Null,False,False,False,False,False,True,,False,False,False,False,False,False,0,0,0,0,0,False,False,304.0,18.0,Wicketkeeper
1652984,108,3.44,0,0,0,372,7,0,76624,,39481,County Championship 2026,1,48,Surrey Men,31,Somerset Men,8843714,2026-09-25T10:18:28Z,5,648,False,,,,11,Jack Leach,785,Dan Worrall,13942,Adam Thomas,Right,0,0,0,0,,HalfVolley,OutsideOff,,None,FrontFoot,Drive,StockBall,Round,Orthodox,Left,Null,NotReferred,Null,False,False,False,False,False,True,,False,False,False,False,False,False,0,0,0,0,0,False,False,268.0,37.0,Bowler
1652984,108,3.44,0,0,0,372,7,0,76624,,39481,County Championship 2026,1,48,Surrey Men,31,Somerset Men,8843719,2026-09-25T10:18:42Z,6,649,False,,,,11,Jack Leach,785,Dan Worrall,13942,Adam Thomas,Right,0,0,0,0,,BackOfALength,OutsideOff,,Missed,BackFoot,BackwardDefensive,StockBall,Round,Orthodox,Left,Null,NotReferred,Null,False,False,False,False,False,True,,False,False,False,False,False,False,0,0,0,0,0,False,False,,,Wicketkeeper
1652993,109,3.46,5,0,0,377,7,5,76624,,39481,County Championship 2026,1,48,Surrey Men,31,Somerset Men,8843733,2026-09-25T10:19:47Z,1,650,False,,,,7,Lewis Gregory,13942,Adam Thomas,785,Dan Worrall,Right,0,0,0,0,,BackOfALength,OutsideOff,,None,BackFoot,Drive,NoMovement,Over,Medium,Right,Null,NotReferred,Null,False,False,False,False,False,True,,False,False,False,False,False,False,0,0,0,0,0,False,False,221.0,42.0,Extra Cover
1652993,109,3.46,5,0,0,377,7,5,76624,,39481,County Championship 2026,1,48,Surrey Men,31,Somerset Men,8843741,2026-09-25T10:20:23Z,2,651,False,,,,7,Lewis Gregory,13942,Adam Thomas,785,Dan Worrall,Right,4,0,4,4,,LengthBall,OutsideOff,,WellTimed,BackFoot,Worked,NoMovement,Over,Medium,Right,Null,NotReferred,Null,False,False,False,False,False,True,,False,False,False,False,False,False,4,0,0,0,0,True,False,1.0,170.0,
1652993,109,3.46,5,0,0,377,7,5,76624,,39481,County Championship 2026,1,48,Surrey Men,31,Somerset Men,8843753,2026-09-25T10:21:02Z,3,652,False,,,,7,Lewis Gregory,13942,Adam Thomas,785,Dan Worrall,Right,1,0,1,1,,LengthBall,OutsideOff,,None,FrontFoot,Drive,NoMovement,Over,Medium,Right,Null,NotReferred,Null,False,False,False,False,False,True,,False,False,False,False,False,False,1,0,0,0,0,False,False,248.0,81.0,Mid Off
1652993,109,3.46,5,0,0,377,7,5,76624,,39481,County Championship 2026,1,48,Surrey Men,31,Somerset Men,8843764,2026-09-25T10:21:46Z,4,653,False,,,,7,Lewis Gregory,785,Dan Worrall,13942,Adam Thomas,Right,0,0,0,0,,LengthBall,OutsideOff,,Left,NoMovement,Leave,NoMovement,Over,Medium,Right,Null,NotReferred,Null,False,False,False,False,False,True,,False,False,False,False,False,False,0,0,0,0,0,False,False,,,Wicketkeeper
1652993,109,3.46,5,0,0,377,7,5,76624,,39481,County Championship 2026,1,48,Surrey Men,31,Somerset Men,8843775,2026-09-25T10:22:23Z,5,654,False,,,,7,Lewis Gregory,785,Dan Worrall,13942,Adam Thomas,Right,0,0,0,0,,HalfVolley,OutsideOff,,MisTimed,FrontFoot,Drive,NoMovement,Over,Medium,Right,Null,NotReferred,Null,False,False,False,False,False,True,,False,False,False,False,False,False,0,0,0,0,0,False,False,224.0,44.0,Extra Cover
1652993,109,3.46,5,0,0,377,7,5,76624,,39481,County Championship 2026,1,48,Surrey Men,31,Somerset Men,8843783,2026-09-25T10:22:59Z,6,655,False,,,,7,Lewis Gregory,785,Dan Worrall,13942,Adam Thomas,Right,0,0,0,0,,LengthBall,OutsideOff,,Missed,BackFoot,BackwardDefensive,InSwinger,Over,Medium,Right,Null,NotReferred,Null,False,False,False,False,False,True,,False,False,False,False,False,False,0,0,0,0,0,False,False,,,Wicketkeeper
1653003,110,3.44,1,0,0,378,7,1,76624,,39481,County Championship 2026,1,48,Surrey Men,31,Somerset Men,8843809,2026-09-25T10:24:33Z,1,656,False,,,,11,Jack Leach,13942,Adam Thomas,785,Dan Worrall,Right,0,0,0,0,,LengthBall,OutsideOff,,Missed,FrontFoot,Drive,StockBall,Round,Orthodox,Left,Null,NotReferred,Null,False,False,False,False,False,True,,False,False,False,False,False,False,0,0,0,0,0,False,False,,,Wicketkeeper
1653003,110,3.44,1,0,0,378,7,1,76624,,39481,County Championship 2026,1,48,Surrey Men,31,Somerset Men,8843812,2026-09-25T10:24:51Z,2,657,False,,,,11,Jack Leach,13942,Adam Thomas,785,Dan Worrall,Right,1,0,1,1,,HalfVolley,OutsideOff,,None,FrontFoot,Drive,StockBall,Round,Orthodox,Left,Null,NotReferred,Null,False,False,False,False,False,True,,False,False,False,False,False,False,1,0,0,0,0,False,False,260.0,127.0,Long Off
1653003,110,3.44,1,0,0,378,7,1,76624,,39481,County Championship 2026,1,48,Surrey Men,31,Somerset Men,8843837,2026-09-25T10:26:16Z,3,658,False,,,,11,Jack Leach,785,Dan Worrall,13942,Adam Thomas,Right,0,0,0,0,,BackOfALength,OutsideOff,,None,BackFoot,BackwardDefensive,StockBall,Round,Orthodox,Left,Null,NotReferred,Null,False,False,False,False,False,True,,False,False,False,False,False,False,0,0,0,0,0,False,False,281.0,35.0,Bowler
1653003,110,3.44,1,0,0,378,7,1,76624,,39481,County Championship 2026,1,48,Surrey Men,31,Somerset Men,8843841,2026-09-25T10:26:32Z,4,659,False,,,,11,Jack Leach,785,Dan Worrall,13942,Adam Thomas,Right,0,0,0,0,,LengthBall,OffStump,,None,FrontFoot,ForwardDefensive,StockBall,Round,Orthodox,Left,Null,NotReferred,Null,False,False,False,False,False,True,,False,False,False,False,False,False,0,0,0,0,0,False,False,311.0,36.0,Mid Wicket
1653003,110,3.44,1,0,0,378,7,1,76624,,39481,County Championship 2026,1,48,Surrey Men,31,Somerset Men,8843845,2026-09-25T10:26:51Z,5,660,False,,,,11,Jack Leach,785,Dan Worrall,13942,Adam Thomas,Right,0,0,0,0,,LengthBall,OutsideOff,,Left,NoMovement,Leave,StockBall,Round,Orthodox,Left,Null,NotReferred,Null,False,False,False,False,False,True,,False,False,False,False,False,False,0,0,0,0,0,False,False,,,Wicketkeeper
1653003,110,3.44,1,0,0,378,7,1,76624,,39481,County Championship 2026,1,48,Surrey Men,31,Somerset Men,8843852,2026-09-25T10:27:05Z,6,661,False,,,,11,Jack Leach,785,Dan Worrall,13942,Adam Thomas,Right,0,0,0,0,,LengthBall,OffStump,,TopEdge,FrontFoot,Sweep,StockBall,Round,Orthodox,Left,Null,NotReferred,Null,False,False,False,False,False,True,,False,False,False,False,False,False,0,0,0,0,0,False,True,63.0,39.0,Short Fine Leg
1653015,111,3.41,1,0,0,379,7,1,76624,,39481,County Championship 2026,1,48,Surrey Men,31,Somerset Men,8843868,2026-09-25T10:28:17Z,1,662,False,,,,2675,Migael Pretorius,13942,Adam Thomas,785,Dan Worrall,Right,0,0,0,0,,BackOfALength,OutsideOff,,None,BackFoot,Worked,NoMovement,Over,FastSeam,Right,Null,NotReferred,Null,False,False,False,False,False,True,,False,False,False,False,False,False,0,0,0,0,0,False,False,329.0,53.0,Mid Wicket
1653015,111,3.41,1,0,0,379,7,1,76624,,39481,County Championship 2026,1,48,Surrey Men,31,Somerset Men,8843877,2026-09-25T10:28:48Z,2,663,False,,,,2675,Migael Pretorius,13942,Adam Thomas,785,Dan Worrall,Right,0,0,0,0,,LengthBall,OutsideOff,,Left,NoMovement,Leave,NoMovement,Over,FastSeam,Right,Null,NotReferred,Null,False,False,False,False,False,True,,False,False,False,False,False,False,0,0,0,0,0,False,False,,,Wicketkeeper
1653015,111,3.41,1,0,0,379,7,1,76624,,39481,County Championship 2026,1,48,Surrey Men,31,Somerset Men,8843887,2026-09-25T10:29:24Z,3,664,False,,,,2675,Migael Pretorius,13942,Adam Thomas,785,Dan Worrall,Right,1,0,1,1,,LengthBall,OutsideOff,,ThickEdge,FrontFoot,ForwardDefensive,NoMovement,Over,FastSeam,Right,Null,NotReferred,Null,False,False,False,False,False,True,,False,False,False,False,False,False,1,0,0,0,0,False,False,149.0,97.0,Gully
1653015,111,3.41,1,0,0,379,7,1,76624,,39481,County Championship 2026,1,48,Surrey Men,31,Somerset Men,8843896,2026-09-25T10:30:18Z,4,665,False,,,,2675,Migael Pretorius,785,Dan Worrall,13942,Adam Thomas,Right,0,0,0,0,,LengthBall,OutsideOff,,None,NoMovement,ForwardDefensive,NoMovement,Over,FastSeam,Right,Null,NotReferred,Null,False,False,False,False,False,True,,False,False,False,False,False,False,0,0,0,0,0,False,False,254.0,33.0,Bowler
1653015,111,3.41,1,0,0,379,7,1,76624,,39481,County Championship 2026,1,48,Surrey Men,31,Somerset Men,8843902,2026-09-25T10:30:48Z,5,666,False,,,,2675,Migael Pretorius,785,Dan Worrall,13942,Adam Thomas,Right,0,0,0,0,,LengthBall,OffStump,,HitPad,BackFoot,Worked,NoMovement,Over,FastSeam,Right,Null,NotReferred,Null,False,False,False,False,False,True,,False,False,False,False,False,False,0,0,0,0,0,False,False,329.0,19.0,Wicketkeeper
1653015,111,3.41,1,0,0,379,7,1,76624,,39481,County Championship 2026,1,48,Surrey Men,31,Somerset Men,8843910,2026-09-25T10:31:23Z,6,667,False,,,,2675,Migael Pretorius,785,Dan Worrall,13942,Adam Thomas,Right,0,0,0,0,,BackOfALength,OutsideOff,,None,BackFoot,Steer,NoMovement,Over,FastSeam,Right,Null,NotReferred,Null,False,False,False,False,False,True,,False,False,False,False,False,False,0,0,0,0,0,False,False,142.0,58.0,Gully
1653024,112,3.38,0,0,0,379,7,0,76624,,39481,County Championship 2026,1,48,Surrey Men,31,Somerset Men,8843930,2026-09-25T10:32:33Z,1,668,False,,,,11,Jack Leach,13942,Adam Thomas,785,Dan Worrall,Right,0,0,0,0,,LengthBall,OutsideOff,,None,FrontFoot,ForwardDefensive,StockBall,Round,Orthodox,Left,Null,NotReferred,Null,False,False,False,False,False,True,,False,False,False,False,False,False,0,0,0,0,0,False,False,231.0,32.0,Extra Cover
1653024,112,3.38,0,0,0,379,7,0,76624,,39481,County Championship 2026,1,48,Surrey Men,31,Somerset Men,8843935,2026-09-25T10:32:49Z,2,669,False,,,,11,Jack Leach,13942,Adam Thomas,785,Dan Worrall,Right,0,0,0,0,,HalfVolley,OutsideOff,,None,FrontFoot,Drive,StockBall,Round,Orthodox,Left,Null,NotReferred,Null,False,False,False,False,False,True,,False,False,False,False,False,False,0,0,0,0,0,False,False,234.0,49.0,Extra Cover
1653024,112,3.38,0,0,0,379,7,0,76624,,39481,County Championship 2026,1,48,Surrey Men,31,Somerset Men,8843940,2026-09-25T10:33:02Z,3,670,False,,,,11,Jack Leach,13942,Adam Thomas,785,Dan Worrall,Right,0,0,0,0,,BackOfALength,OutsideOff,,WellTimed,BackFoot,Cut,StockBall,Round,Orthodox,Left,Null,NotReferred,Null,False,False,False,False,False,True,,False,False,False,False,False,False,0,0,0,0,0,False,False,171.0,61.0,Backward Point
1653024,112,3.38,0,0,0,379,7,0,76624,,39481,County Championship 2026,1,48,Surrey Men,31,Somerset Men,8843944,2026-09-25T10:33:20Z,4,671,False,,,,11,Jack Leach,13942,Adam Thomas,785,Dan Worrall,Right,0,0,0,0,,LengthBall,OutsideOff,,None,FrontFoot,Drive,StockBall,Round,Orthodox,Left,Null,NotReferred,Null,False,False,False,False,False,True,,False,False,False,False,False,False,0,0,0,0,0,False,False,213.0,38.0,Extra Cover
1653024,112,3.38,0,0,0,379,7,0,76624,,39481,County Championship 2026,1,48,Surrey Men,31,Somerset Men,8843948,2026-09-25T10:33:39Z,5,672,False,,,,11,Jack Leach,13942,Adam Thomas,785,Dan Worrall,Right,0,0,0,0,,LengthBall,OutsideOff,,None,BackFoot,BackwardDefensive,StockBall,Round,Orthodox,Left,Null,NotReferred,Null,False,False,False,False,False,True,,False,False,False,False,False,False,0,0,0,0,0,False,False,257.0,22.0,Bowler
1653024,112,3.38,0,0,0,379,7,0,76624,,39481,County Championship 2026,1,48,Surrey Men,31,Somerset Men,8843954,2026-09-25T10:33:56Z,6,673,False,,,,11,Jack Leach,13942,Adam Thomas,785,Dan Worrall,Right,0,0,0,0,,HalfVolley,OutsideOff,,None,FrontFoot,Drive,StockBall,Round,Orthodox,Left,Null,NotReferred,Null,False,False,False,False,False,True,,False,False,False,False,False,False,0,0,0,0,0,False,False,239.0,49.0,Extra Cover
1653031,113,3.42,7,0,0,386,7,7,76624,,39481,County Championship 2026,1,48,Surrey Men,31,Somerset Men,8843970,2026-09-25T10:34:43Z,1,674,False,,,,2675,Migael Pretorius,785,Dan Worrall,13942,Adam Thomas,Right,0,1,1,0,,LengthBall,OffStump,,HitPad,BackFoot,Glance,NoMovement,Over,FastSeam,Right,Null,NotReferred,Null,False,False,False,True,False,True,,False,False,False,False,False,False,1,0,0,1,0,False,False,18.0,51.0,Backward Square Leg
1653031,113,3.42,7,0,0,386,7,7,76624,,39481,County Championship 2026,1,48,Surrey Men,31,Somerset Men,8843976,2026-09-25T10:35:19Z,2,675,False,,,,2675,Migael Pretorius,13942,Adam Thomas,785,Dan Worrall,Right,4,0,4,4,,HalfVolley,LegStump,,None,FrontFoot,Flick,NoMovement,Over,FastSeam,Right,Null,NotReferred,Null,False,False,False,False,False,True,,False,False,False,False,False,False,4,0,0,0,0,True,False,74.0,160.0,
1653031,113,3.42,7,0,0,386,7,7,76624,,39481,County Championship 2026,1,48,Surrey Men,31,Somerset Men,8843988,2026-09-25T10:35:58Z,3,676,False,,,,2675,Migael Pretorius,13942,Adam Thomas,785,Dan Worrall,Right,0,0,0,0,,LengthBall,OutsideOff,,None,FrontFoot,ForwardDefensive,NoMovement,Over,FastSeam,Right,Null,NotReferred,Null,False,False,False,False,False,True,,False,False,False,False,False,False,0,0,0,0,0,False,False,157.0,45.0,Backward Point
1653031,113,3.42,7,0,0,386,7,7,76624,,39481,County Championship 2026,1,48,Surrey Men,31,Somerset Men,8844003,2026-09-25T10:36:29Z,4,677,False,,,,2675,Migael Pretorius,13942,Adam Thomas,785,Dan Worrall,Right,2,0,2,2,,LengthBall,OutsideOff,,None,BackFoot,Steer,NoMovement,Over,FastSeam,Right,Null,NotReferred,Null,False,False,False,False,False,True,,False,False,False,False,False,False,2,0,0,0,0,False,False,121.0,151.0,Third Man
1653031,113,3.42,7,0,0,386,7,7,76624,,39481,County Championship 2026,1,48,Surrey Men,31,Somerset Men,8844013,2026-09-25T10:37:18Z,5,678,False,,,,2675,Migael Pretorius,13942,Adam Thomas,785,Dan Worrall,Right,0,0,0,0,,HalfVolley,OutsideOff,,None,FrontFoot,ForwardDefensive,NoMovement,Over,FastSeam,Right,Null,NotReferred,Null,False,False,False,False,False,True,,False,False,False,False,False,False,0,0,0,0,0,False,False,209.0,51.0,Cover
1653031,113,3.42,7,0,0,386,7,7,76624,,39481,County Championship 2026,1,48,Surrey Men,31,Somerset Men,8844020,2026-09-25T10:37:54Z,6,679,False,,,,2675,Migael Pretorius,13942,Adam Thomas,785,Dan Worrall,Right,0,0,0,0,,LengthBall,OutsideOff,,None,BackFoot,BackwardDefensive,NoMovement,Over,FastSeam,Right,Null,NotReferred,Null,False,False,False,False,False,True,,False,False,False,False,False,False,0,0,0,0,0,False,False,186.0,59.0,Cover
1653043,114,3.42,4,0,0,390,7,4,76624,,39481,County Championship 2026,1,48,Surrey Men,31,Somerset Men,8844032,2026-09-25T10:38:50Z,1,680,False,,,,11,Jack Leach,785,Dan Worrall,13942,Adam Thomas,Right,0,0,0,0,,LengthBall,OutsideOff,,None,FrontFoot,ForwardDefensive,StockBall,Round,Orthodox,Left,Null,NotReferred,Null,False,False,False,False,False,True,,False,False,False,False,False,False,0,0,0,0,0,False,False,313.0,31.0,Bowler
1653043,114,3.42,4,0,0,390,7,4,76624,,39481,County Championship 2026,1,48,Surrey Men,31,Somerset Men,8844040,2026-09-25T10:39:12Z,2,681,False,,,,11,Jack Leach,785,Dan Worrall,13942,Adam Thomas,Right,0,0,0,0,,HalfVolley,MiddleStump,,None,FrontFoot,ForwardDefensive,StockBall,Round,Orthodox,Left,Null,NotReferred,Null,False,False,False,False,False,True,,False,False,False,False,False,False,0,0,0,0,0,False,False,17.0,24.0,Backward Square Leg
1653043,114,3.42,4,0,0,390,7,4,76624,,39481,County Championship 2026,1,48,Surrey Men,31,Somerset Men,8844043,2026-09-25T10:39:32Z,3,682,False,,,,11,Jack Leach,785,Dan Worrall,13942,Adam Thomas,Right,0,0,0,0,,HalfVolley,OutsideOff,,None,FrontFoot,Drive,StockBall,Round,Orthodox,Left,Null,NotReferred,Null,False,False,False,False,False,True,,False,False,False,False,False,False,0,0,0,0,0,False,False,268.0,39.0,Bowler
1653043,114,3.42,4,0,0,390,7,4,76624,,39481,County Championship 2026,1,48,Surrey Men,31,Somerset Men,8844051,2026-09-25T10:39:47Z,4,683,False,,,,11,Jack Leach,785,Dan Worrall,13942,Adam Thomas,Right,4,0,4,4,,BackOfALength,OutsideOff,,WellTimed,BackFoot,Cut,StockBall,Round,Orthodox,Left,Null,NotReferred,Null,False,False,False,False,False,True,,False,False,False,False,False,False,4,0,0,0,0,True,False,134.0,163.0,
1653043,114,3.42,4,0,0,390,7,4,76624,,39481,County Championship 2026,1,48,Surrey Men,31,Somerset Men,8844056,2026-09-25T10:40:19Z,5,684,False,,,,11,Jack Leach,785,Dan Worrall,13942,Adam Thomas,Right,0,0,0,0,,HalfVolley,OutsideOff,,None,FrontFoot,Drive,StockBall,Round,Orthodox,Left,Null,NotReferred,Null,False,False,False,False,False,True,,False,False,False,False,False,False,0,0,0,0,0,False,False,234.0,37.0,Extra Cover
1653043,114,3.42,4,0,0,390,7,4,76624,,39481,County Championship 2026,1,48,Surrey Men,31,Somerset Men,8844058,2026-09-25T10:40:33Z,6,685,False,,,,11,Jack Leach,785,Dan Worrall,13942,Adam Thomas,Right,0,0,0,0,,LengthBall,OutsideOff,,Left,NoMovement,Leave,StockBall,Round,Orthodox,Left,Null,NotReferred,Null,False,False,False,False,False,True,,False,False,False,False,False,False,0,0,0,0,0,False,False,,,Wicketkeeper
1653048,115,3.5,12,0,0,402,7,12,76624,,39481,County Championship 2026,1,48,Surrey Men,31,Somerset Men,8844071,2026-09-25T10:41:34Z,1,686,False,,,,2675,Migael Pretorius,13942,Adam Thomas,785,Dan Worrall,Right,0,0,0,0,,LengthBall,OutsideOff,,None,FrontFoot,ForwardDefensive,NoMovement,Over,FastSeam,Right,Null,NotReferred,Null,False,False,False,False,False,True,,False,False,False,False,False,False,0,0,0,0,0,False,False,258.0,66.0,Mid Off
1653048,115,3.5,12,0,0,402,7,12,76624,,39481,County Championship 2026,1,48,Surrey Men,31,Somerset Men,8844078,2026-09-25T10:42:04Z,2,687,False,,,,2675,Migael Pretorius,13942,Adam Thomas,785,Dan Worrall,Right,4,0,4,4,,Short,OutsideOff,,WellTimed,BackFoot,Pull,NoMovement,Over,FastSeam,Right,Null,NotReferred,Null,False,False,False,False,False,True,,False,False,False,False,False,False,4,0,0,0,0,True,False,20.0,167.0,
1653048,115,3.5,12,0,0,402,7,12,76624,,39481,County Championship 2026,1,48,Surrey Men,31,Somerset Men,8844083,2026-09-25T10:42:38Z,3,688,False,,,,2675,Migael Pretorius,13942,Adam Thomas,785,Dan Worrall,Right,4,0,4,4,,LengthBall,OutsideOff,,WellTimed,FrontFoot,Drive,NoMovement,Over,FastSeam,Right,Null,NotReferred,Null,False,False,False,False,False,True,,False,False,False,False,False,False,4,0,0,0,0,True,False,233.0,178.0,
1653048,115,3.5,12,0,0,402,7,12,76624,,39481,County Championship 2026,1,48,Surrey Men,31,Somerset Men,8844093,2026-09-25T10:43:21Z,4,689,False,,,,2675,Migael Pretorius,13942,Adam Thomas,785,Dan Worrall,Right,0,0,0,0,,LengthBall,OutsideOff,,None,BackFoot,BackwardDefensive,NoMovement,Over,FastSeam,Right,Null,NotReferred,Null,False,False,False,False,False,True,,False,False,False,False,False,False,0,0,0,0,0,False,False,268.0,37.0,Bowler
1653048,115,3.5,12,0,0,402,7,12,76624,,39481,County Championship 2026,1,48,Surrey Men,31,Somerset Men,8844102,2026-09-25T10:43:56Z,5,690,False,,,,2675,Migael Pretorius,13942,Adam Thomas,785,Dan Worrall,Right,0,0,0,0,,HalfVolley,OutsideOff,,WellTimed,FrontFoot,Drive,NoMovement,Over,FastSeam,Right,Null,NotReferred,Null,False,False,False,False,False,True,,False,False,False,False,False,False,0,0,0,0,0,False,False,246.0,72.0,Mid Off
1653048,115,3.5,12,0,0,402,7,12,76624,,39481,County Championship 2026,1,48,Surrey Men,31,Somerset Men,8844111,2026-09-25T10:44:22Z,6,691,False,,,,2675,Migael Pretorius,13942,Adam Thomas,785,Dan Worrall,Right,4,0,4,4,,LengthBall,OutsideOff,,WellTimed,FrontFoot,Drive,NoMovement,Over,FastSeam,Right,Null,NotReferred,Null,False,False,False,False,False,True,,False,False,False,False,False,False,4,0,0,0,0,True,False,204.0,174.0,
1653056,116,3.47,0,1,0,402,8,0,76624,,39481,County Championship 2026,1,48,Surrey Men,31,Somerset Men,8844120,2026-09-25T10:45:20Z,1,692,False,,,,11,Jack Leach,785,Dan Worrall,13942,Adam Thomas,Right,0,0,0,0,,HalfVolley,OutsideOff,,Missed,FrontFoot,Drive,StockBall,Round,Orthodox,Left,Null,NotReferred,Null,False,False,False,False,False,True,,False,False,False,False,False,False,0,0,0,0,0,False,False,,,Wicketkeeper
1653056,116,3.47,0,1,0,402,8,0,76624,,39481,County Championship 2026,1,48,Surrey Men,31,Somerset Men,8844125,2026-09-25T10:45:36Z,2,693,False,,,,11,Jack Leach,785,Dan Worrall,13942,Adam Thomas,Right,0,0,0,0,,LengthBall,OffStump,,None,FrontFoot,ForwardDefensive,StockBall,Round,Orthodox,Left,Null,NotReferred,Null,False,False,False,False,False,True,,False,False,False,False,False,False,0,0,0,0,0,False,False,276.0,39.0,Bowler
1653056,116,3.47,0,1,0,402,8,0,76624,,39481,County Championship 2026,1,48,Surrey Men,31,Somerset Men,8844129,2026-09-25T10:45:52Z,3,694,False,,,,11,Jack Leach,785,Dan Worrall,13942,Adam Thomas,Right,0,0,0,0,,LengthBall,OutsideOff,,None,FrontFoot,ForwardDefensive,StockBall,Round,Orthodox,Left,Null,NotReferred,Null,False,False,False,False,False,True,,False,False,False,False,False,False,0,0,0,0,0,False,False,243.0,40.0,Mid Off
1653056,116,3.47,0,1,0,402,8,0,76624,,39481,County Championship 2026,1,48,Surrey Men,31,Somerset Men,8844133,2026-09-25T10:46:08Z,4,695,False,,,,11,Jack Leach,785,Dan Worrall,13942,Adam Thomas,Right,0,0,0,0,,BackOfALength,OffStump,,Missed,BackFoot,BackwardDefensive,StockBall,Round,Orthodox,Left,Null,NotReferred,Null,False,False,False,False,False,True,,False,False,False,False,False,False,0,0,0,0,0,False,False,,,Wicketkeeper
1653056,116,3.47,0,1,0,402,8,0,76624,,39481,County Championship 2026,1,48,Surrey Men,31,Somerset Men,8844143,2026-09-25T10:46:25Z,5,696,True,Lbw,785.0,Dan Worrall,11,Jack Leach,785,Dan Worrall,13942,Adam Thomas,Right,0,0,0,0,LBW,LengthBall,OffStump,Lbw,HitPad,NoMovement,Leave,StockBall,Round,Orthodox,Left,Null,NotReferred,Null,False,False,False,False,False,True,1842.0,False,False,False,False,False,False,0,0,0,0,0,False,False,,,
1653056,116,3.47,0,1,0,402,8,0,76624,,39481,County Championship 2026,1,48,Surrey Men,31,Somerset Men,8844163,2026-09-25T10:48:21Z,6,697,False,,,,11,Jack Leach,10929,Rahul Chahar,13942,Adam Thomas,Right,0,0,0,0,,BackOfALength,OutsideOff,,None,BackFoot,LateCut,StockBall,Round,Orthodox,Left,Null,NotReferred,Null,False,False,False,False,False,True,,False,False,False,False,False,False,0,0,0,0,0,False,False,138.0,7.0,Gully
1653063,117,3.46,3,0,0,405,8,3,76624,,39481,County Championship 2026,1,48,Surrey Men,31,Somerset Men,8844169,2026-09-25T10:49:10Z,1,698,False,,,,2675,Migael Pretorius,13942,Adam Thomas,10929,Rahul Chahar,Right,0,0,0,0,,LengthBall,OutsideOff,,None,BackFoot,BackwardDefensive,NoMovement,Over,FastSeam,Right,Null,NotReferred,Null,False,False,False,False,False,True,,False,False,False,False,False,False,0,0,0,0,0,False,False,276.0,37.0,Bowler
1653063,117,3.46,3,0,0,405,8,3,76624,,39481,County Championship 2026,1,48,Surrey Men,31,Somerset Men,8844177,2026-09-25T10:49:45Z,2,699,False,,,,2675,Migael Pretorius,13942,Adam Thomas,10929,Rahul Chahar,Right,1,0,1,1,,LengthBall,OutsideOff,,None,FrontFoot,ForwardDefensive,NoMovement,Over,FastSeam,Right,Null,NotReferred,Null,False,False,False,False,False,True,,False,False,False,False,False,False,1,0,0,0,0,False,False,231.0,69.0,Extra Cover
1653063,117,3.46,3,0,0,405,8,3,76624,,39481,County Championship 2026,1,48,Surrey Men,31,Somerset Men,8844187,2026-09-25T10:50:32Z,3,700,False,,,,2675,Migael Pretorius,10929,Rahul Chahar,13942,Adam Thomas,Right,0,0,0,0,,LengthBall,OutsideOff,,None,FrontFoot,ForwardDefensive,NoMovement,Over,FastSeam,Right,Null,NotReferred,Null,False,False,False,False,False,True,,False,False,False,False,False,False,0,0,0,0,0,False,False,314.0,56.0,Mid Wicket
1653063,117,3.46,3,0,0,405,8,3,76624,,39481,County Championship 2026,1,48,Surrey Men,31,Somerset Men,8844191,2026-09-25T10:51:06Z,4,701,False,,,,2675,Migael Pretorius,10929,Rahul Chahar,13942,Adam Thomas,Right,0,0,0,0,,LengthBall,OutsideOff,,None,FrontFoot,ForwardDefensive,NoMovement,Over,FastSeam,Right,Null,NotReferred,Null,False,False,False,False,False,True,,False,False,False,False,False,False,0,0,0,0,0,False,False,273.0,35.0,Bowler
1653063,117,3.46,3,0,0,405,8,3,76624,,39481,County Championship 2026,1,48,Surrey Men,31,Somerset Men,8844198,2026-09-25T10:51:38Z,5,702,False,,,,2675,Migael Pretorius,10929,Rahul Chahar,13942,Adam Thomas,Right,2,0,2,2,,Short,OutsideOff,,None,BackFoot,Steer,NoMovement,Over,FastSeam,Right,Null,NotReferred,Null,False,False,False,False,False,True,,False,False,False,False,False,False,2,0,0,0,0,False,False,120.0,146.0,Third Man
1653063,117,3.46,3,0,0,405,8,3,76624,,39481,County Championship 2026,1,48,Surrey Men,31,Somerset Men,8844206,2026-09-25T10:52:19Z,6,703,False,,,,2675,Migael Pretorius,10929,Rahul Chahar,13942,Adam Thomas,Right,0,0,0,0,,LengthBall,MiddleStump,,PlayAndMissLegSide,BackFoot,Glance,NoMovement,Over,FastSeam,Right,Null,NotReferred,Null,False,False,False,False,False,True,,False,False,False,False,False,False,0,0,0,0,0,False,False,,,Wicketkeeper
1653074,118,3.44,1,0,0,406,8,1,76624,,39481,County Championship 2026,1,48,Surrey Men,31,Somerset Men,8844238,2026-09-25T10:54:42Z,1,704,False,,,,11,Jack Leach,13942,Adam Thomas,10929,Rahul Chahar,Right,0,0,0,0,,LengthBall,OutsideOff,,ThickEdge,FrontFoot,ForwardDefensive,StockBall,Round,Orthodox,Left,Null,NotReferred,Null,False,False,False,False,False,True,,False,False,False,False,False,False,0,0,0,0,0,False,False,148.0,3.0,Gully
1653074,118,3.44,1,0,0,406,8,1,76624,,39481,County Championship 2026,1,48,Surrey Men,31,Somerset Men,8844244,2026-09-25T10:55:01Z,2,705,False,,,,11,Jack Leach,13942,Adam Thomas,10929,Rahul Chahar,Right,1,0,1,1,,HalfVolley,OffStump,,None,FrontFoot,Drive,StockBall,Round,Orthodox,Left,Null,NotReferred,Null,False,False,False,False,False,True,,False,False,False,False,False,False,1,0,0,0,0,False,False,288.0,112.0,Long On
1653074,118,3.44,1,0,0,406,8,1,76624,,39481,County Championship 2026,1,48,Surrey Men,31,Somerset Men,8844246,2026-09-25T10:55:23Z,3,706,False,,,,11,Jack Leach,10929,Rahul Chahar,13942,Adam Thomas,Right,0,0,0,0,,LengthBall,OffStump,,None,FrontFoot,ForwardDefensive,StockBall,Round,Orthodox,Left,Null,NotReferred,Null,False,False,False,False,False,True,,False,False,False,False,False,False,0,0,0,0,0,False,False,282.0,34.0,Bowler
1653074,118,3.44,1,0,0,406,8,1,76624,,39481,County Championship 2026,1,48,Surrey Men,31,Somerset Men,8844250,2026-09-25T10:55:41Z,4,707,False,,,,11,Jack Leach,10929,Rahul Chahar,13942,Adam Thomas,Right,0,0,0,0,,LengthBall,OutsideOff,,None,FrontFoot,ForwardDefensive,StockBall,Round,Orthodox,Left,Null,NotReferred,Null,False,False,False,False,False,True,,False,False,False,False,False,False,0,0,0,0,0,False,False,170.0,8.0,Backward Point
1653074,118,3.44,1,0,0,406,8,1,76624,,39481,County Championship 2026,1,48,Surrey Men,31,Somerset Men,8844258,2026-09-25T10:55:59Z,5,708,False,,,,11,Jack Leach,10929,Rahul Chahar,13942,Adam Thomas,Right,0,0,0,0,,HalfVolley,OffStump,,None,FrontFoot,ForwardDefensive,StockBall,Round,Orthodox,Left,Null,NotReferred,Null,False,False,False,False,False,True,,False,False,False,False,False,False,0,0,0,0,0,False,False,154.0,11.0,Backward Point
1653074,118,3.44,1,0,0,406,8,1,76624,,39481,County Championship 2026,1,48,Surrey Men,31,Somerset Men,8844261,2026-09-25T10:56:14Z,6,709,False,,,,11,Jack Leach,10929,Rahul Chahar,13942,Adam Thomas,Right,0,0,0,0,,LengthBall,OutsideOff,,None,FrontFoot,ForwardDefensive,StockBall,Round,Orthodox,Left,Null,NotReferred,Null,False,False,False,False,False,True,,False,False,False,False,False,False,0,0,0,0,0,False,False,172.0,38.0,Backward Point
1653084,119,3.46,6,0,0,412,8,6,76624,,39481,County Championship 2026,1,48,Surrey Men,31,Somerset Men,8844299,2026-09-25T10:58:45Z,1,710,False,,,,2675,Migael Pretorius,13942,Adam Thomas,1208,Reece Topley,Right,6,0,6,6,,LengthBall,OutsideOff,,Middled,FrontFoot,Slog,NoMovement,Over,FastSeam,Right,Null,NotReferred,Null,False,False,False,False,True,True,,False,False,False,False,False,False,6,0,0,0,0,True,False,271.0,180.0,
1653084,119,3.46,6,0,0,412,8,6,76624,,39481,County Championship 2026,1,48,Surrey Men,31,Somerset Men,8844307,2026-09-25T10:59:31Z,2,711,False,,,,2675,Migael Pretorius,13942,Adam Thomas,1208,Reece Topley,Right,0,0,0,0,,LengthBall,OutsideOff,,Missed,FrontFoot,Drive,NoMovement,Over,FastSeam,Right,Null,NotReferred,Null,False,False,False,False,False,True,,False,False,False,False,False,False,0,0,0,0,0,False,False,,,Wicketkeeper
1653084,119,3.46,6,0,0,412,8,6,76624,,39481,County Championship 2026,1,48,Surrey Men,31,Somerset Men,8844319,2026-09-25T11:00:04Z,3,712,False,,,,2675,Migael Pretorius,13942,Adam Thomas,1208,Reece Topley,Right,0,0,0,0,,BackOfALength,OutsideOff,,None,BackFoot,Steer,NoMovement,Over,FastSeam,Right,Null,NotReferred,Null,False,False,False,False,False,True,,False,False,False,False,False,False,0,0,0,0,0,False,False,116.0,142.0,Third Man
1653084,119,3.46,6,0,0,412,8,6,76624,,39481,County Championship 2026,1,48,Surrey Men,31,Somerset Men,8844322,2026-09-25T11:00:40Z,4,713,False,,,,2675,Migael Pretorius,13942,Adam Thomas,1208,Reece Topley,Right,0,0,0,0,,LengthBall,Wide,,Left,NoMovement,Leave,NoMovement,Over,FastSeam,Right,Null,NotReferred,Null,False,False,False,False,False,True,,False,False,False,False,False,False,0,0,0,0,0,False,False,,,Wicketkeeper
1653084,119,3.46,6,0,0,412,8,6,76624,,39481,County Championship 2026,1,48,Surrey Men,31,Somerset Men,8844334,2026-09-25T11:01:13Z,5,714,False,,,,2675,Migael Pretorius,13942,Adam Thomas,1208,Reece Topley,Right,0,0,0,0,,BackOfALength,OutsideOff,,None,BackFoot,BackwardDefensive,NoMovement,Over,FastSeam,Right,Null,NotReferred,Null,False,False,False,False,False,True,,False,False,False,False,False,False,0,0,0,0,0,False,False,214.0,36.0,Extra Cover
1653084,119,3.46,6,0,0,412,8,6,76624,,39481,County Championship 2026,1,48,Surrey Men,31,Somerset Men,8844341,2026-09-25T11:01:55Z,6,715,False,,,,2675,Migael Pretorius,13942,Adam Thomas,1208,Reece Topley,Right,0,0,0,0,,LengthBall,OutsideOff,,None,BackFoot,Steer,NoMovement,Over,FastSeam,Right,Null,NotReferred,Null,False,False,False,False,False,True,,False,False,False,False,False,False,0,0,0,0,0,False,False,113.0,43.0,First Slip
1653094,120,3.5,8,1,0,420,9,8,76624,,39481,County Championship 2026,1,48,Surrey Men,31,Somerset Men,8844354,2026-09-25T11:02:54Z,1,716,False,,,,11,Jack Leach,1208,Reece Topley,13942,Adam Thomas,Right,1,0,1,1,,LengthBall,OffStump,RunOut,ThickEdge,FrontFoot,ForwardDefensive,StockBall,Round,Orthodox,Left,Null,NotReferred,Null,False,False,False,False,False,True,1842.0,False,False,False,False,False,False,1,0,0,0,0,False,False,360.0,51.0,Square Leg
1653094,120,3.5,8,1,0,420,9,8,76624,,39481,County Championship 2026,1,48,Surrey Men,31,Somerset Men,8844364,2026-09-25T11:03:51Z,2,717,False,,,,11,Jack Leach,13942,Adam Thomas,1208,Reece Topley,Right,0,0,0,0,,BackOfALength,OffStump,,HitPad,BackFoot,Worked,StockBall,Round,Orthodox,Left,Null,NotReferred,Null,False,False,False,False,False,True,,False,False,False,False,False,False,0,0,0,0,0,False,False,222.0,15.0,Wicketkeeper
1653094,120,3.5,8,1,0,420,9,8,76624,,39481,County Championship 2026,1,48,Surrey Men,31,Somerset Men,8844367,2026-09-25T11:04:08Z,3,718,False,,,,11,Jack Leach,13942,Adam Thomas,1208,Reece Topley,Right,1,0,1,1,,LengthBall,OutsideOff,,None,BackFoot,Drive,StockBall,Round,Orthodox,Left,Null,NotReferred,Null,False,False,False,False,False,True,,False,False,False,False,False,False,1,0,0,0,0,False,False,195.0,122.0,Deep Cover
1653094,120,3.5,8,1,0,420,9,8,76624,,39481,County Championship 2026,1,48,Surrey Men,31,Somerset Men,8844375,2026-09-25T11:04:35Z,4,719,False,,,,11,Jack Leach,1208,Reece Topley,13942,Adam Thomas,Right,6,0,6,6,,HalfVolley,OffStump,,WellTimed,FrontFoot,Slog,StockBall,Round,Orthodox,Left,Null,NotReferred,Null,False,False,False,False,True,True,,False,False,False,False,False,False,6,0,0,0,0,True,False,265.0,180.0,
1653094,120,3.5,8,1,0,420,9,8,76624,,39481,County Championship 2026,1,48,Surrey Men,31,Somerset Men,8844381,2026-09-25T11:05:12Z,5,720,False,,,,11,Jack Leach,1208,Reece Topley,13942,Adam Thomas,Right,0,0,0,0,,LengthBall,OutsideOff,,BatPad,FrontFoot,ForwardDefensive,StockBall,Round,Orthodox,Left,Null,NotReferred,Null,False,False,False,False,False,True,,False,False,False,False,False,False,0,0,0,0,0,False,False,151.0,5.0,Backward Point
1653094,120,3.5,8,1,0,420,9,8,76624,,39481,County Championship 2026,1,48,Surrey Men,31,Somerset Men,8844389,2026-09-25T11:05:29Z,6,721,True,Caught,1208.0,Reece Topley,11,Jack Leach,1208,Reece Topley,13942,Adam Thomas,Right,0,0,0,0,Caught,LengthBall,OffStump,Caught,OutsideEdge,FrontFoot,Slog,StockBall,Round,Orthodox,Left,Null,NotReferred,Null,False,False,False,False,False,True,1842.0,False,False,False,False,False,False,0,0,0,0,0,False,True,97.0,0.0,First Slip
1653104,121,3.49,2,0,0,422,9,2,76624,,39481,County Championship 2026,1,48,Surrey Men,31,Somerset Men,8844421,2026-09-25T11:07:33Z,1,722,False,,,,2675,Migael Pretorius,13942,Adam Thomas,10929,Rahul Chahar,Right,1,0,1,1,,LengthBall,OutsideOff,,MisTimed,FrontFoot,Drive,NoMovement,Over,FastSeam,Right,Null,NotReferred,Null,False,False,False,False,False,True,,False,False,False,False,False,False,1,0,0,0,0,False,False,194.0,48.0,Bowler
1653104,121,3.49,2,0,0,422,9,2,76624,,39481,County Championship 2026,1,48,Surrey Men,31,Somerset Men,8844431,2026-09-25T11:08:20Z,2,723,False,,,,2675,Migael Pretorius,10929,Rahul Chahar,13942,Adam Thomas,Right,1,0,1,1,,Short,OutsideOff,,None,BackFoot,BackwardDefensive,NoMovement,Over,FastSeam,Right,Null,NotReferred,Null,False,False,False,False,False,True,,False,False,False,False,False,False,1,0,0,0,0,False,False,22.0,57.0,Backward Square Leg
1653104,121,3.49,2,0,0,422,9,2,76624,,39481,County Championship 2026,1,48,Surrey Men,31,Somerset Men,8844440,2026-09-25T11:08:56Z,3,724,False,,,,2675,Migael Pretorius,13942,Adam Thomas,10929,Rahul Chahar,Right,0,0,0,0,,BackOfALength,OutsideOff,,None,BackFoot,BackwardDefensive,NoMovement,Over,FastSeam,Right,Null,NotReferred,Null,False,False,False,False,False,True,,False,False,False,False,False,False,0,0,0,0,0,False,False,230.0,33.0,Bowler
1653104,121,3.49,2,0,0,422,9,2,76624,,39481,County Championship 2026,1,48,Surrey Men,31,Somerset Men,8844450,2026-09-25T11:09:33Z,4,725,False,,,,2675,Migael Pretorius,13942,Adam Thomas,10929,Rahul Chahar,Right,0,0,0,0,,LengthBall,OutsideOff,,Missed,BackFoot,BackwardDefensive,NoMovement,Over,FastSeam,Right,Null,NotReferred,Null,False,False,False,False,False,True,,False,False,False,False,False,False,0,0,0,0,0,False,False,,,Wicketkeeper
1653104,121,3.49,2,0,0,422,9,2,76624,,39481,County Championship 2026,1,48,Surrey Men,31,Somerset Men,8844463,2026-09-25T11:10:12Z,5,726,False,,,,2675,Migael Pretorius,13942,Adam Thomas,10929,Rahul Chahar,Right,0,0,0,0,,BackOfALength,OutsideOff,,ThickEdge,BackFoot,BackwardDefensive,NoMovement,Over,FastSeam,Right,Null,NotReferred,Null,False,False,False,False,False,True,,False,False,False,False,False,False,0,0,0,0,0,False,False,1.0,46.0,Backward Square Leg
1653104,121,3.49,2,0,0,422,9,2,76624,,39481,County Championship 2026,1,48,Surrey Men,31,Somerset Men,8844471,2026-09-25T11:10:51Z,6,727,False,,,,2675,Migael Pretorius,13942,Adam Thomas,10929,Rahul Chahar,Right,0,0,0,0,,BackOfALength,OutsideOff,,None,BackFoot,BackwardDefensive,NoMovement,Over,FastSeam,Right,Null,NotReferred,Null,False,False,False,False,False,True,,False,False,False,False,False,False,0,0,0,0,0,False,False,264.0,35.0,Bowler
1653114,122,3.46,0,1,0,422,10,0,76624,,39481,County Championship 2026,1,48,Surrey Men,31,Somerset Men,8844481,2026-09-25T11:11:46Z,1,728,False,,,,11,Jack Leach,10929,Rahul Chahar,13942,Adam Thomas,Right,0,0,0,0,,LengthBall,OffStump,,Missed,FrontFoot,ForwardDefensive,StockBall,Round,Orthodox,Left,Null,NotReferred,Null,False,False,False,False,False,True,,False,False,False,False,False,False,0,0,0,0,0,False,False,,,Wicketkeeper
1653114,122,3.46,0,1,0,422,10,0,76624,,39481,County Championship 2026,1,48,Surrey Men,31,Somerset Men,8844484,2026-09-25T11:12:05Z,2,729,False,,,,11,Jack Leach,10929,Rahul Chahar,13942,Adam Thomas,Right,0,0,0,0,,LengthBall,OffStump,,None,FrontFoot,ForwardDefensive,StockBall,Round,Orthodox,Left,Null,NotReferred,Null,False,False,False,False,False,True,,False,False,False,False,False,False,0,0,0,0,0,False,False,206.0,37.0,Cover
1653114,122,3.46,0,1,0,422,10,0,76624,,39481,County Championship 2026,1,48,Surrey Men,31,Somerset Men,8844488,2026-09-25T11:12:20Z,3,730,True,Bowled,10929.0,Rahul Chahar,11,Jack Leach,10929,Rahul Chahar,13942,Adam Thomas,Right,0,0,0,0,Bowled,LengthBall,OffStump,Bowled,Missed,FrontFoot,ForwardDefensive,StockBall,Round,Orthodox,Left,Null,NotReferred,Null,False,False,False,False,False,True,1842.0,False,False,False,False,False,False,0,0,0,0,0,False,False,,,
1653144,2,0.5,1,0,0,1,0,1,76650,,39481,County Championship 2026,2,31,Somerset Men,48,Surrey Men,8844661,2026-09-25T11:25:30Z,1,7,False,,,,785,Dan Worrall,3004,Tom Lammonby,10499,Josh Thomas,Left,0,0,0,0,,HalfVolley,OutsideOff,,Left,NoMovement,Leave,NoMovement,Over,FastSeam,Right,Null,NotReferred,Null,False,False,False,False,False,True,,False,False,False,False,False,False,0,0,0,0,0,False,False,,,Wicketkeeper
1653144,2,0.5,1,0,0,1,0,1,76650,,39481,County Championship 2026,2,31,Somerset Men,48,Surrey Men,8844672,2026-09-25T11:26:05Z,2,8,False,,,,785,Dan Worrall,3004,Tom Lammonby,10499,Josh Thomas,Left,0,0,0,0,,LengthBall,OffStump,,None,FrontFoot,ForwardDefensive,NoMovement,Round,FastSeam,Right,Null,NotReferred,Null,False,False,False,False,False,True,,False,False,False,False,False,False,0,0,0,0,0,False,False,331.0,54.0,Cover
1653144,2,0.5,1,0,0,1,0,1,76650,,39481,County Championship 2026,2,31,Somerset Men,48,Surrey Men,8844679,2026-09-25T11:26:41Z,3,9,False,,,,785,Dan Worrall,3004,Tom Lammonby,10499,Josh Thomas,Left,0,0,0,0,,LengthBall,OutsideOff,,Left,NoMovement,Leave,NoMovement,Round,FastSeam,Right,Null,NotReferred,Null,False,False,False,False,False,True,,False,False,False,False,False,False,0,0,0,0,0,False,False,,,Wicketkeeper
1653144,2,0.5,1,0,0,1,0,1,76650,,39481,County Championship 2026,2,31,Somerset Men,48,Surrey Men,8844686,2026-09-25T11:27:14Z,4,10,False,,,,785,Dan Worrall,3004,Tom Lammonby,10499,Josh Thomas,Left,0,0,0,0,,BackOfALength,OutsideOff,,Left,NoMovement,Leave,NoMovement,Round,FastSeam,Right,Null,NotReferred,Null,False,False,False,False,False,True,,False,False,False,False,False,False,0,0,0,0,0,False,False,,,Wicketkeeper
1653144,2,0.5,1,0,0,1,0,1,76650,,39481,County Championship 2026,2,31,Somerset Men,48,Surrey Men,8844694,2026-09-25T11:27:48Z,5,11,False,,,,785,Dan Worrall,3004,Tom Lammonby,10499,Josh Thomas,Left,0,0,0,0,,LengthBall,OutsideOff,,None,FrontFoot,ForwardDefensive,NoMovement,Round,FastSeam,Right,Null,NotReferred,Null,False,False,False,False,False,True,,False,False,False,False,False,False,0,0,0,0,0,False,False,36.0,15.0,Gully
1653144,2,0.5,1,0,0,1,0,1,76650,,39481,County Championship 2026,2,31,Somerset Men,48,Surrey Men,8844700,2026-09-25T11:28:19Z,6,12,False,,,,785,Dan Worrall,3004,Tom Lammonby,10499,Josh Thomas,Left,1,0,1,1,,LengthBall,OutsideOff,,None,BackFoot,Worked,NoMovement,Round,FastSeam,Right,Null,NotReferred,Null,False,False,False,False,False,True,,False,False,False,False,False,False,1,0,0,0,0,False,False,133.0,146.0,Fine Leg
1653154,3,0.33,0,0,0,1,0,0,76650,,39481,County Championship 2026,2,31,Somerset Men,48,Surrey Men,8844712,2026-09-25T11:29:22Z,1,13,False,,,,15,Dan Lawrence,3004,Tom Lammonby,10499,Josh Thomas,Left,0,0,0,0,,LengthBall,OutsideOff,,Missed,FrontFoot,ForwardDefensive,OffBreak,Round,OffSpin,Right,Null,NotReferred,Null,False,False,False,False,False,True,,False,False,False,False,False,False,0,0,0,0,0,False,False,,,Wicketkeeper
1653154,3,0.33,0,0,0,1,0,0,76650,,39481,County Championship 2026,2,31,Somerset Men,48,Surrey Men,8844720,2026-09-25T11:29:39Z,2,14,False,,,,15,Dan Lawrence,3004,Tom Lammonby,10499,Josh Thomas,Left,0,0,0,0,,HalfVolley,MiddleStump,,None,FrontFoot,ForwardDefensive,OffBreak,Round,OffSpin,Right,Null,NotReferred,Null,False,False,False,False,False,True,,False,False,False,False,False,False,0,0,0,0,0,False,False,15.0,20.0,Backward Point
1653154,3,0.33,0,0,0,1,0,0,76650,,39481,County Championship 2026,2,31,Somerset Men,48,Surrey Men,8844721,2026-09-25T11:29:57Z,3,15,False,,,,15,Dan Lawrence,3004,Tom Lammonby,10499,Josh Thomas,Left,0,0,0,0,,LengthBall,OutsideOff,,Left,NoMovement,Leave,OffBreak,Round,OffSpin,Right,Null,NotReferred,Null,False,False,False,False,False,True,,False,False,False,False,False,False,0,0,0,0,0,False,False,,,Wicketkeeper
1653154,3,0.33,0,0,0,1,0,0,76650,,39481,County Championship 2026,2,31,Somerset Men,48,Surrey Men,8844728,2026-09-25T11:30:14Z,4,16,False,,,,15,Dan Lawrence,3004,Tom Lammonby,10499,Josh Thomas,Left,0,0,0,0,,HalfVolley,OutsideOff,,None,FrontFoot,ForwardDefensive,OffBreak,Round,OffSpin,Right,Null,NotReferred,Null,False,False,False,False,False,True,,False,False,False,False,False,False,0,0,0,0,0,False,False,19.0,36.0,Backward Point
1653154,3,0.33,0,0,0,1,0,0,76650,,39481,County Championship 2026,2,31,Somerset Men,48,Surrey Men,8844734,2026-09-25T11:30:34Z,5,17,False,,,,15,Dan Lawrence,3004,Tom Lammonby,10499,Josh Thomas,Left,0,0,0,0,,LengthBall,OutsideOff,,None,FrontFoot,ForwardDefensive,OffBreak,Round,OffSpin,Right,Null,NotReferred,Null,False,False,False,False,False,True,,False,False,False,False,False,False,0,0,0,0,0,False,False,6.0,14.0,Wicketkeeper
1653154,3,0.33,0,0,0,1,0,0,76650,,39481,County Championship 2026,2,31,Somerset Men,48,Surrey Men,8844736,2026-09-25T11:30:50Z,6,18,False,,,,15,Dan Lawrence,3004,Tom Lammonby,10499,Josh Thomas,Left,0,0,0,0,,HalfVolley,OutsideOff,,None,FrontFoot,ForwardDefensive,OffBreak,Round,OffSpin,Right,Null,NotReferred,Null,False,False,False,False,False,True,,False,False,False,False,False,False,0,0,0,0,0,False,False,332.0,32.0,Cover
1653180,4,0.25,0,0,0,1,0,0,76650,,39481,County Championship 2026,2,31,Somerset Men,48,Surrey Men,8844885,2026-09-25T12:10:52Z,1,19,False,,,,785,Dan Worrall,10499,Josh Thomas,3004,Tom Lammonby,Left,0,0,0,0,,LengthBall,OutsideOff,,None,FrontFoot,Drive,NoMovement,Round,FastSeam,Right,Null,NotReferred,Null,False,False,False,False,False,True,,False,False,False,False,False,False,0,0,0,0,0,False,False,291.0,60.0,Mid Off
1653180,4,0.25,0,0,0,1,0,0,76650,,39481,County Championship 2026,2,31,Somerset Men,48,Surrey Men,8844890,2026-09-25T12:11:25Z,2,20,False,,,,785,Dan Worrall,10499,Josh Thomas,3004,Tom Lammonby,Left,0,0,0,0,,HalfVolley,OutsideOff,,None,FrontFoot,Drive,NoMovement,Round,FastSeam,Right,Null,NotReferred,Null,False,False,False,False,False,True,,False,False,False,False,False,False,0,0,0,0,0,False,False,291.0,60.0,Mid Off
1653180,4,0.25,0,0,0,1,0,0,76650,,39481,County Championship 2026,2,31,Somerset Men,48,Surrey Men,8844898,2026-09-25T12:11:53Z,3,21,False,,,,785,Dan Worrall,10499,Josh Thomas,3004,Tom Lammonby,Left,0,0,0,0,,HalfVolley,OutsideOff,,MisTimed,FrontFoot,Drive,NoMovement,Round,FastSeam,Right,Null,NotReferred,Null,False,False,False,False,False,True,,False,False,False,False,False,False,0,0,0,0,0,False,False,313.0,50.0,Extra Cover
1653180,4,0.25,0,0,0,1,0,0,76650,,39481,County Championship 2026,2,31,Somerset Men,48,Surrey Men,8844901,2026-09-25T12:12:24Z,4,22,False,,,,785,Dan Worrall,10499,Josh Thomas,3004,Tom Lammonby,Left,0,0,0,0,,LengthBall,OutsideOff,,Missed,FrontFoot,ForwardDefensive,NoMovement,Round,FastSeam,Right,Null,NotReferred,Null,False,False,False,False,False,True,,False,False,False,False,False,False,0,0,0,0,0,False,False,,,Wicketkeeper
1653180,4,0.25,0,0,0,1,0,0,76650,,39481,County Championship 2026,2,31,Somerset Men,48,Surrey Men,8844908,2026-09-25T12:12:58Z,5,23,False,,,,785,Dan Worrall,10499,Josh Thomas,3004,Tom Lammonby,Left,0,0,0,0,,LengthBall,OutsideOff,,None,FrontFoot,ForwardDefensive,NoMovement,Round,FastSeam,Right,Null,NotReferred,Null,False,False,False,False,False,True,,False,False,False,False,False,False,0,0,0,0,0,False,False,215.0,48.0,Mid Wicket
1653180,4,0.25,0,0,0,1,0,0,76650,,39481,County Championship 2026,2,31,Somerset Men,48,Surrey Men,8844912,2026-09-25T12:13:27Z,6,24,False,,,,785,Dan Worrall,10499,Josh Thomas,3004,Tom Lammonby,Left,0,0,0,0,,LengthBall,OutsideOff,,None,BackFoot,Worked,NoMovement,Round,FastSeam,Right,Null,NotReferred,Null,False,False,False,False,False,True,,False,False,False,False,False,False,0,0,0,0,0,False,False,195.0,42.0,Square Leg
1653188,5,0.6,2,0,0,3,0,2,76650,,39481,County Championship 2026,2,31,Somerset Men,48,Surrey Men,8844922,2026-09-25T12:14:21Z,1,25,False,,,,15,Dan Lawrence,3004,Tom Lammonby,10499,Josh Thomas,Left,0,0,0,0,,BackOfALength,OutsideOff,,Left,NoMovement,Leave,OffBreak,Round,OffSpin,Right,Null,NotReferred,Null,False,False,False,False,False,True,,False,False,False,False,False,False,0,0,0,0,0,False,False,,,Wicketkeeper
1653188,5,0.6,2,0,0,3,0,2,76650,,39481,County Championship 2026,2,31,Somerset Men,48,Surrey Men,8844925,2026-09-25T12:14:37Z,2,26,False,,,,15,Dan Lawrence,3004,Tom Lammonby,10499,Josh Thomas,Left,0,0,0,0,,LengthBall,OutsideOff,,BatPad,FrontFoot,ForwardDefensive,OffBreak,Round,OffSpin,Right,Null,NotReferred,Null,False,False,False,False,False,True,,False,False,False,False,False,False,0,0,0,0,0,False,True,22.0,17.0,Backward Point
1653188,5,0.6,2,0,0,3,0,2,76650,,39481,County Championship 2026,2,31,Somerset Men,48,Surrey Men,8844931,2026-09-25T12:14:59Z,3,27,False,,,,15,Dan Lawrence,3004,Tom Lammonby,10499,Josh Thomas,Left,1,0,1,1,,BackOfALength,OutsideOff,,None,BackFoot,Worked,OffBreak,Round,OffSpin,Right,Null,NotReferred,Null,False,False,False,False,False,True,,False,False,False,False,False,False,1,0,0,0,0,False,False,187.0,119.0,Deep Square Leg
1653188,5,0.6,2,0,0,3,0,2,76650,,39481,County Championship 2026,2,31,Somerset Men,48,Surrey Men,8844937,2026-09-25T12:15:28Z,4,28,False,,,,15,Dan Lawrence,10499,Josh Thomas,3004,Tom Lammonby,Left,0,0,0,0,,LengthBall,OutsideOff,,None,BackFoot,Drive,OffBreak,Round,OffSpin,Right,Null,NotReferred,Null,False,False,False,False,False,True,,False,False,False,False,False,False,0,0,0,0,0,False,False,2.0,80.0,Backward Point
1653188,5,0.6,2,0,0,3,0,2,76650,,39481,County Championship 2026,2,31,Somerset Men,48,Surrey Men,8844939,2026-09-25T12:15:47Z,5,29,False,,,,15,Dan Lawrence,10499,Josh Thomas,3004,Tom Lammonby,Left,0,0,0,0,,LengthBall,DownLeg,,PlayAndMissLegSide,FrontFoot,Sweep,OffBreak,Round,OffSpin,Right,Null,NotReferred,Null,False,False,False,False,False,True,,False,False,False,False,False,False,0,0,0,0,0,False,False,,,Wicketkeeper
1653188,5,0.6,2,0,0,3,0,2,76650,,39481,County Championship 2026,2,31,Somerset Men,48,Surrey Men,8844945,2026-09-25T12:16:09Z,6,30,False,,,,15,Dan Lawrence,10499,Josh Thomas,3004,Tom Lammonby,Left,1,0,1,1,,LengthBall,OutsideOff,,None,FrontFoot,ForwardDefensive,OffBreak,Round,OffSpin,Right,Null,NotReferred,Null,False,False,False,False,False,True,,False,False,False,False,False,False,1,0,0,0,0,False,False,241.0,34.0,Mid On
1653192,6,1.83,8,0,0,11,0,8,76650,,39481,County Championship 2026,2,31,Somerset Men,48,Surrey Men,8844951,2026-09-25T12:16:54Z,1,31,False,,,,785,Dan Worrall,10499,Josh Thomas,3004,Tom Lammonby,Left,0,0,0,0,,LengthBall,OutsideOff,,Missed,FrontFoot,ForwardDefensive,NoMovement,Round,FastSeam,Right,Null,NotReferred,Null,False,False,False,False,False,True,,False,False,False,False,False,False,0,0,0,0,0,False,False,,,Wicketkeeper
1653192,6,1.83,8,0,0,11,0,8,76650,,39481,County Championship 2026,2,31,Somerset Men,48,Surrey Men,8844959,2026-09-25T12:17:27Z,2,32,False,,,,785,Dan Worrall,10499,Josh Thomas,3004,Tom Lammonby,Left,4,0,4,4,,HalfVolley,Wide,,WellTimed,FrontFoot,Drive,NoMovement,Round,FastSeam,Right,Null,NotReferred,Null,False,False,False,False,False,True,,False,False,False,False,False,False,4,0,0,0,0,True,False,359.0,170.0,
1653192,6,1.83,8,0,0,11,0,8,76650,,39481,County Championship 2026,2,31,Somerset Men,48,Surrey Men,8844965,2026-09-25T12:17:59Z,3,33,False,,,,785,Dan Worrall,10499,Josh Thomas,3004,Tom Lammonby,Left,0,0,0,0,,LengthBall,OutsideOff,,Missed,FrontFoot,ForwardDefensive,NoMovement,Round,FastSeam,Right,Null,NotReferred,Null,False,False,False,False,False,True,,False,False,False,False,False,False,0,0,0,0,0,False,False,,,Wicketkeeper
1653192,6,1.83,8,0,0,11,0,8,76650,,39481,County Championship 2026,2,31,Somerset Men,48,Surrey Men,8844976,2026-09-25T12:18:28Z,4,34,False,,,,785,Dan Worrall,10499,Josh Thomas,3004,Tom Lammonby,Left,0,0,0,0,,LengthBall,OutsideOff,,None,FrontFoot,ForwardDefensive,NoMovement,Round,FastSeam,Right,Null,NotReferred,Null,False,False,False,False,False,True,,False,False,False,False,False,False,0,0,0,0,0,False,False,333.0,47.0,Cover
1653192,6,1.83,8,0,0,11,0,8,76650,,39481,County Championship 2026,2,31,Somerset Men,48,Surrey Men,8844980,2026-09-25T12:18:59Z,5,35,False,,,,785,Dan Worrall,10499,Josh Thomas,3004,Tom Lammonby,Left,4,0,4,4,,LengthBall,OutsideOff,,OutsideEdge,FrontFoot,ForwardDefensive,NoMovement,Round,FastSeam,Right,Null,NotReferred,Null,False,False,False,False,False,True,,False,False,False,False,False,False,4,0,0,0,0,True,False,70.0,161.0,
1653192,6,1.83,8,0,0,11,0,8,76650,,39481,County Championship 2026,2,31,Somerset Men,48,Surrey Men,8844987,2026-09-25T12:19:39Z,6,36,False,,,,785,Dan Worrall,10499,Josh Thomas,3004,Tom Lammonby,Left,0,0,0,0,,LengthBall,MiddleStump,,PlayAndMissLegSide,FrontFoot,Flick,NoMovement,Round,FastSeam,Right,Null,NotReferred,Null,False,False,False,False,False,True,,False,False,False,False,False,False,0,0,0,0,0,False,False,,,Wicketkeeper
1653201,7,2.86,9,0,0,20,0,9,76650,,39481,County Championship 2026,2,31,Somerset Men,48,Surrey Men,8844997,2026-09-25T12:20:28Z,1,37,False,,,,15,Dan Lawrence,3004,Tom Lammonby,10499,Josh Thomas,Left,4,0,4,4,,HalfVolley,OffStump,,WellTimed,FrontFoot,Flick,OffBreak,Round,OffSpin,Right,Null,NotReferred,Null,False,False,False,False,False,True,,False,False,False,False,False,False,4,0,0,0,0,True,False,229.0,178.0,
1653201,7,2.86,9,0,0,20,0,9,76650,,39481,County Championship 2026,2,31,Somerset Men,48,Surrey Men,8845005,2026-09-25T12:20:57Z,2,38,False,,,,15,Dan Lawrence,3004,Tom Lammonby,10499,Josh Thomas,Left,4,0,4,4,,FullToss,OffStump,,WellTimed,FrontFoot,Flick,OffBreak,Round,OffSpin,Right,Null,NotReferred,Null,False,False,False,False,False,True,,False,False,False,False,False,False,4,0,0,0,0,True,False,209.0,175.0,
1653201,7,2.86,9,0,0,20,0,9,76650,,39481,County Championship 2026,2,31,Somerset Men,48,Surrey Men,8845015,2026-09-25T12:21:37Z,3,39,False,,,,15,Dan Lawrence,3004,Tom Lammonby,10499,Josh Thomas,Left,0,0,0,0,,BackOfALength,OffStump,,None,BackFoot,BackwardDefensive,OffBreak,Round,OffSpin,Right,Null,NotReferred,Null,False,False,False,False,False,True,,False,False,False,False,False,False,0,0,0,0,0,False,False,343.0,13.0,Wicketkeeper
1653201,7,2.86,9,0,0,20,0,9,76650,,39481,County Championship 2026,2,31,Somerset Men,48,Surrey Men,8845020,2026-09-25T12:21:58Z,4,40,False,,,,15,Dan Lawrence,3004,Tom Lammonby,10499,Josh Thomas,Left,0,0,0,0,,BackOfALength,OffStump,,None,BackFoot,Glance,OffBreak,Round,OffSpin,Right,Null,NotReferred,Null,False,False,False,False,False,True,,False,False,False,False,False,False,0,0,0,0,0,False,False,123.0,49.0,Short Fine Leg
1653201,7,2.86,9,0,0,20,0,9,76650,,39481,County Championship 2026,2,31,Somerset Men,48,Surrey Men,8845026,2026-09-25T12:22:26Z,5,41,False,,,,15,Dan Lawrence,3004,Tom Lammonby,10499,Josh Thomas,Left,0,0,0,0,,LengthBall,OutsideOff,,None,FrontFoot,ForwardDefensive,OffBreak,Round,OffSpin,Right,Null,NotReferred,Null,False,False,False,False,False,True,,False,False,False,False,False,False,0,0,0,0,0,False,False,18.0,24.0,Backward Point
1653201,7,2.86,9,0,0,20,0,9,76650,,39481,County Championship 2026,2,31,Somerset Men,48,Surrey Men,8845031,2026-09-25T12:22:43Z,6,42,False,,,,15,Dan Lawrence,3004,Tom Lammonby,10499,Josh Thomas,Left,1,0,1,1,,LengthBall,OffStump,,None,FrontFoot,ForwardDefensive,OffBreak,Round,OffSpin,Right,Null,NotReferred,Null,False,False,False,False,False,True,,False,False,False,False,False,False,1,0,0,0,0,False,False,194.0,57.0,Wicketkeeper
1653208,8,3.62,9,0,0,29,0,9,76650,,39481,County Championship 2026,2,31,Somerset Men,48,Surrey Men,8845040,2026-09-25T12:23:35Z,1,43,False,,,,785,Dan Worrall,3004,Tom Lammonby,10499,Josh Thomas,Left,0,0,0,0,,LengthBall,OutsideOff,,Left,NoMovement,Leave,NoMovement,Round,FastSeam,Right,Null,NotReferred,Null,False,False,False,False,False,True,,False,False,False,False,False,False,0,0,0,0,0,False,False,,,Wicketkeeper
1653208,8,3.62,9,0,0,29,0,9,76650,,39481,County Championship 2026,2,31,Somerset Men,48,Surrey Men,8845051,2026-09-25T12:24:08Z,2,44,False,,,,785,Dan Worrall,3004,Tom Lammonby,10499,Josh Thomas,Left,1,0,1,1,,HalfVolley,OffStump,,None,FrontFoot,Worked,NoMovement,Round,FastSeam,Right,Null,NotReferred,Null,False,False,False,False,False,True,,False,False,False,False,False,False,1,0,0,0,0,False,False,173.0,150.0,Deep Backward Square Leg
1653208,8,3.62,9,0,0,29,0,9,76650,,39481,County Championship 2026,2,31,Somerset Men,48,Surrey Men,8845065,2026-09-25T12:24:46Z,3,45,False,,,,785,Dan Worrall,10499,Josh Thomas,3004,Tom Lammonby,Left,4,0,4,4,,LengthBall,OutsideOff,,WellTimed,FrontFoot,Drive,NoMovement,Round,FastSeam,Right,Null,NotReferred,Null,False,False,False,False,False,True,,False,False,False,False,False,False,4,0,0,0,0,True,False,324.0,176.0,Mid Off
1653208,8,3.62,9,0,0,29,0,9,76650,,39481,County Championship 2026,2,31,Somerset Men,48,Surrey Men,8845074,2026-09-25T12:25:26Z,4,46,False,,,,785,Dan Worrall,10499,Josh Thomas,3004,Tom Lammonby,Left,0,0,0,0,,LengthBall,OutsideOff,,None,FrontFoot,ForwardDefensive,NoMovement,Round,FastSeam,Right,Null,NotReferred,Null,False,False,False,False,False,True,,False,False,False,False,False,False,0,0,0,0,0,False,False,24.0,44.0,Backward Point
1653208,8,3.62,9,0,0,29,0,9,76650,,39481,County Championship 2026,2,31,Somerset Men,48,Surrey Men,8845080,2026-09-25T12:25:55Z,5,47,False,,,,785,Dan Worrall,10499,Josh Thomas,3004,Tom Lammonby,Left,4,0,4,4,,LengthBall,OutsideOff,,ThickEdge,FrontFoot,ForwardDefensive,NoMovement,Round,FastSeam,Right,Null,NotReferred,Null,False,False,False,False,False,True,,False,False,False,False,False,False,4,0,0,0,0,True,False,57.0,162.0,
1653208,8,3.62,9,0,0,29,0,9,76650,,39481,County Championship 2026,2,31,Somerset Men,48,Surrey Men,8845091,2026-09-25T12:26:36Z,6,48,False,,,,785,Dan Worrall,10499,Josh Thomas,3004,Tom Lammonby,Left,0,0,0,0,,LengthBall,OutsideOff,,None,FrontFoot,ForwardDefensive,NoMovement,Round,FastSeam,Right,Null,NotReferred,Null,False,False,False,False,False,True,,False,False,False,False,False,False,0,0,0,0,0,False,False,283.0,40.0,Mid Off
1653217,9,3.44,2,1,0,31,1,2,76650,,39481,County Championship 2026,2,31,Somerset Men,48,Surrey Men,8845101,2026-09-25T12:27:31Z,1,49,False,,,,15,Dan Lawrence,3004,Tom Lammonby,10499,Josh Thomas,Left,0,0,0,0,,LengthBall,OffStump,,ThickEdge,FrontFoot,ForwardDefensive,OffBreak,Round,OffSpin,Right,Null,NotReferred,Null,False,False,False,False,False,True,,False,False,False,False,False,False,0,0,0,0,0,False,False,126.0,40.0,Short Fine Leg
1653217,9,3.44,2,1,0,31,1,2,76650,,39481,County Championship 2026,2,31,Somerset Men,48,Surrey Men,8845106,2026-09-25T12:27:51Z,2,50,False,,,,15,Dan Lawrence,3004,Tom Lammonby,10499,Josh Thomas,Left,0,0,0,0,,BackOfALength,OutsideOff,,None,BackFoot,Worked,OffBreak,Round,OffSpin,Right,Null,NotReferred,Null,False,False,False,False,False,True,,False,False,False,False,False,False,0,0,0,0,0,False,False,201.0,51.0,Square Leg
1653217,9,3.44,2,1,0,31,1,2,76650,,39481,County Championship 2026,2,31,Somerset Men,48,Surrey Men,8845110,2026-09-25T12:28:10Z,3,51,False,,,,15,Dan Lawrence,3004,Tom Lammonby,10499,Josh Thomas,Left,0,0,0,0,,HalfVolley,OffStump,,None,FrontFoot,Drive,OffBreak,Round,OffSpin,Right,Null,NotReferred,Null,False,False,False,False,False,True,,False,False,False,False,False,False,0,0,0,0,0,False,False,253.0,78.0,Mid On
1653217,9,3.44,2,1,0,31,1,2,76650,,39481,County Championship 2026,2,31,Somerset Men,48,Surrey Men,8845112,2026-09-25T12:28:28Z,4,52,False,,,,15,Dan Lawrence,3004,Tom Lammonby,10499,Josh Thomas,Left,1,0,1,1,,BackOfALength,OffStump,,None,BackFoot,Worked,OffBreak,Round,OffSpin,Right,Null,NotReferred,Null,False,False,False,False,False,True,,False,False,False,False,False,False,1,0,0,0,0,False,False,176.0,122.0,Deep Backward Square Leg
1653217,9,3.44,2,1,0,31,1,2,76650,,39481,County Championship 2026,2,31,Somerset Men,48,Surrey Men,8845119,2026-09-25T12:28:49Z,5,53,True,Lbw,10499.0,Josh Thomas,15,Dan Lawrence,10499,Josh Thomas,3004,Tom Lammonby,Left,0,0,0,0,LBW,LengthBall,OffStump,Lbw,HitPad,FrontFoot,ForwardDefensive,OffBreak,Round,OffSpin,Right,Null,NotReferred,Null,False,False,False,False,False,True,1842.0,False,False,False,False,False,False,0,0,0,0,0,False,False,,,
1653217,9,3.44,2,1,0,31,1,2,76650,,39481,County Championship 2026,2,31,Somerset Men,48,Surrey Men,8845155,2026-09-25T12:31:34Z,6,54,False,,,,15,Dan Lawrence,163,Tom Kohler-Cadmore,3004,Tom Lammonby,Right,1,0,1,1,,LengthBall,DownLeg,,None,FrontFoot,Worked,OffBreak,Round,OffSpin,Right,Null,NotReferred,Null,False,False,False,False,False,True,,False,False,False,False,False,False,1,0,0,0,0,False,False,9.0,128.0,Deep Backward Square Leg
1653229,10,3.1,0,0,0,31,1,0,76650,,39481,County Championship 2026,2,31,Somerset Men,48,Surrey Men,8845168,2026-09-25T12:32:36Z,1,55,False,,,,785,Dan Worrall,163,Tom Kohler-Cadmore,3004,Tom Lammonby,Right,0,0,0,0,,LengthBall,OutsideOff,,None,FrontFoot,ForwardDefensive,NoMovement,Over,FastSeam,Right,Null,NotReferred,Null,False,False,False,False,False,True,,False,False,False,False,False,False,0,0,0,0,0,False,False,200.0,37.0,Cover
1653229,10,3.1,0,0,0,31,1,0,76650,,39481,County Championship 2026,2,31,Somerset Men,48,Surrey Men,8845174,2026-09-25T12:33:09Z,2,56,False,,,,785,Dan Worrall,163,Tom Kohler-Cadmore,3004,Tom Lammonby,Right,0,0,0,0,,LengthBall,OutsideOff,,None,DownTheTrack,Drive,NoMovement,Over,FastSeam,Right,Null,NotReferred,Null,False,False,False,False,False,True,,False,False,False,False,False,False,0,0,0,0,0,False,False,273.0,35.0,Bowler
1653229,10,3.1,0,0,0,31,1,0,76650,,39481,County Championship 2026,2,31,Somerset Men,48,Surrey Men,8845185,2026-09-25T12:33:53Z,3,57,False,,,,785,Dan Worrall,163,Tom Kohler-Cadmore,3004,Tom Lammonby,Right,0,0,0,0,,LengthBall,OutsideOff,,None,FrontFoot,Drive,NoMovement,Over,FastSeam,Right,Null,NotReferred,Null,False,False,False,False,False,True,,False,False,False,False,False,False,0,0,0,0,0,False,False,261.0,40.0,Bowler
1653229,10,3.1,0,0,0,31,1,0,76650,,39481,County Championship 2026,2,31,Somerset Men,48,Surrey Men,8845192,2026-09-25T12:34:24Z,4,58,False,,,,785,Dan Worrall,163,Tom Kohler-Cadmore,3004,Tom Lammonby,Right,0,0,0,0,,LengthBall,OutsideOff,,ThickEdge,FrontFoot,ForwardDefensive,NoMovement,Over,FastSeam,Right,Null,NotReferred,Null,False,False,False,False,False,True,,False,False,False,False,False,False,0,0,0,0,0,False,False,151.0,55.0,Backward Point
1653229,10,3.1,0,0,0,31,1,0,76650,,39481,County Championship 2026,2,31,Somerset Men,48,Surrey Men,8845198,2026-09-25T12:34:56Z,5,59,False,,,,785,Dan Worrall,163,Tom Kohler-Cadmore,3004,Tom Lammonby,Right,0,0,0,0,,LengthBall,OutsideOff,,MisTimed,FrontFoot,Drive,NoMovement,Over,FastSeam,Right,Null,NotReferred,Null,False,False,False,False,False,True,,False,False,False,False,False,False,0,0,0,0,0,False,False,181.0,46.0,Cover
1653229,10,3.1,0,0,0,31,1,0,76650,,39481,County Championship 2026,2,31,Somerset Men,48,Surrey Men,8845207,2026-09-25T12:35:28Z,6,60,False,,,,785,Dan Worrall,163,Tom Kohler-Cadmore,3004,Tom Lammonby,Right,0,0,0,0,,BackOfALength,OutsideOff,,None,BackFoot,Drive,NoMovement,Over,FastSeam,Right,Null,NotReferred,Null,False,False,False,False,False,True,,False,False,False,False,False,False,0,0,0,0,0,False,False,258.0,35.0,Bowler
1653238,11,3.55,8,0,0,39,1,8,76650,,39481,County Championship 2026,2,31,Somerset Men,48,Surrey Men,8845219,2026-09-25T12:36:48Z,1,61,False,,,,15,Dan Lawrence,3004,Tom Lammonby,163,Tom Kohler-Cadmore,Left,0,0,0,0,,LengthBall,OutsideOff,Lbw,HitPad,NoMovement,Leave,OffBreak,Round,OffSpin,Right,Null,NotReferred,Null,False,False,False,False,False,True,1842.0,False,False,False,False,False,False,0,0,0,0,0,False,False,,,Wicketkeeper
1653238,11,3.55,8,0,0,39,1,8,76650,,39481,County Championship 2026,2,31,Somerset Men,48,Surrey Men,8845224,2026-09-25T12:37:09Z,2,62,False,,,,15,Dan Lawrence,3004,Tom Lammonby,163,Tom Kohler-Cadmore,Left,1,0,1,1,,BackOfALength,OutsideOff,,WellTimed,BackFoot,Cut,OffBreak,Round,OffSpin,Right,Null,NotReferred,Null,False,False,False,False,False,True,,False,False,False,False,False,False,1,0,0,0,0,False,False,348.0,147.0,Deep Cover
1653238,11,3.55,8,0,0,39,1,8,76650,,39481,County Championship 2026,2,31,Somerset Men,48,Surrey Men,8845233,2026-09-25T12:37:38Z,3,63,False,,,,15,Dan Lawrence,163,Tom Kohler-Cadmore,3004,Tom Lammonby,Right,6,0,6,6,,LengthBall,OffStump,,Middled,DownTheTrack,Slog,OffBreak,Round,OffSpin,Right,Null,NotReferred,Null,False,False,False,False,True,True,,False,False,False,False,False,False,6,0,0,0,0,True,False,256.0,180.0,
1653238,11,3.55,8,0,0,39,1,8,76650,,39481,County Championship 2026,2,31,Somerset Men,48,Surrey Men,8845241,2026-09-25T12:38:21Z,4,64,False,,,,15,Dan Lawrence,163,Tom Kohler-Cadmore,3004,Tom Lammonby,Right,1,0,1,1,,BackOfALength,DownLeg,,WellTimed,BackFoot,Worked,OffBreak,Round,OffSpin,Right,Null,NotReferred,Null,False,False,False,False,False,True,,False,False,False,False,False,False,1,0,0,0,0,False,False,348.0,150.0,Deep Square Leg
1653238,11,3.55,8,0,0,39,1,8,76650,,39481,County Championship 2026,2,31,Somerset Men,48,Surrey Men,8845246,2026-09-25T12:38:50Z,5,65,False,,,,15,Dan Lawrence,3004,Tom Lammonby,163,Tom Kohler-Cadmore,Left,0,0,0,0,,LengthBall,OutsideOff,,None,FrontFoot,ForwardDefensive,OffBreak,Round,OffSpin,Right,Null,NotReferred,Null,False,False,False,False,False,True,,False,False,False,False,False,False,0,0,0,0,0,False,False,323.0,21.0,Wicketkeeper
1653238,11,3.55,8,0,0,39,1,8,76650,,39481,County Championship 2026,2,31,Somerset Men,48,Surrey Men,8845247,2026-09-25T12:39:06Z,6,66,False,,,,15,Dan Lawrence,3004,Tom Lammonby,163,Tom Kohler-Cadmore,Left,0,0,0,0,,BackOfALength,OutsideOff,,Left,NoMovement,Leave,OffBreak,Round,OffSpin,Right,Null,NotReferred,Null,False,False,False,False,False,True,,False,False,False,False,False,False,0,0,0,0,0,False,False,,,Wicketkeeper
1653244,12,3.75,6,0,0,45,1,6,76650,,39481,County Championship 2026,2,31,Somerset Men,48,Surrey Men,8845261,2026-09-25T12:40:32Z,1,67,False,,,,1208,Reece Topley,163,Tom Kohler-Cadmore,3004,Tom Lammonby,Right,4,0,4,4,,BackOfALength,OffStump,,OutsideEdge,BackFoot,Drive,NoMovement,Over,Medium,Left,Null,NotReferred,Null,False,False,False,False,False,True,,False,False,False,False,False,False,4,0,0,0,0,True,True,106.0,160.0,
1653244,12,3.75,6,0,0,45,1,6,76650,,39481,County Championship 2026,2,31,Somerset Men,48,Surrey Men,8845267,2026-09-25T12:41:14Z,2,68,False,,,,1208,Reece Topley,163,Tom Kohler-Cadmore,3004,Tom Lammonby,Right,0,0,0,0,,LengthBall,OffStump,,ThickEdge,FrontFoot,Drive,NoMovement,Over,Medium,Left,Null,NotReferred,Null,False,False,False,False,False,True,,False,False,False,False,False,False,0,0,0,0,0,False,False,148.0,54.0,Gully
1653244,12,3.75,6,0,0,45,1,6,76650,,39481,County Championship 2026,2,31,Somerset Men,48,Surrey Men,8845274,2026-09-25T12:41:53Z,3,69,False,,,,1208,Reece Topley,163,Tom Kohler-Cadmore,3004,Tom Lammonby,Right,1,0,1,1,,LengthBall,OffStump,,None,FrontFoot,Drive,NoMovement,Over,Medium,Left,Null,NotReferred,Null,False,False,False,False,False,True,,False,False,False,False,False,False,1,0,0,0,0,False,False,193.0,126.0,Deep Cover
1653244,12,3.75,6,0,0,45,1,6,76650,,39481,County Championship 2026,2,31,Somerset Men,48,Surrey Men,8845283,2026-09-25T12:42:34Z,4,70,False,,,,1208,Reece Topley,3004,Tom Lammonby,163,Tom Kohler-Cadmore,Left,0,0,0,0,,LengthBall,OutsideOff,,BatPad,FrontFoot,ForwardDefensive,NoMovement,Over,Medium,Left,Null,NotReferred,Null,False,False,False,False,False,True,,False,False,False,False,False,False,0,0,0,0,0,False,False,220.0,22.0,Mid Wicket
1653244,12,3.75,6,0,0,45,1,6,76650,,39481,County Championship 2026,2,31,Somerset Men,48,Surrey Men,8845287,2026-09-25T12:43:13Z,5,71,False,,,,1208,Reece Topley,3004,Tom Lammonby,163,Tom Kohler-Cadmore,Left,0,0,0,0,,LengthBall,OutsideOff,,Left,NoMovement,Leave,NoMovement,Over,Medium,Left,Null,NotReferred,Null,False,False,False,False,False,True,,False,False,False,False,False,False,0,0,0,0,0,False,False,,,Wicketkeeper
1653244,12,3.75,6,0,0,45,1,6,76650,,39481,County Championship 2026,2,31,Somerset Men,48,Surrey Men,8845296,2026-09-25T12:43:39Z,6,72,False,,,,1208,Reece Topley,3004,Tom Lammonby,163,Tom Kohler-Cadmore,Left,1,0,1,1,,Short,OutsideOff,,None,BackFoot,Worked,NoMovement,Over,Medium,Left,Null,NotReferred,Null,False,False,False,False,False,True,,False,False,False,False,False,False,1,0,0,0,0,False,False,115.0,127.0,Fine Leg
1653252,13,4.08,8,0,0,53,1,8,76650,,39481,County Championship 2026,2,31,Somerset Men,48,Surrey Men,8845312,2026-09-25T12:44:49Z,1,73,False,,,,15,Dan Lawrence,3004,Tom Lammonby,163,Tom Kohler-Cadmore,Left,0,2,2,0,,LengthBall,LegStump,,HitPad,FrontFoot,Sweep,OffBreak,Round,OffSpin,Right,Null,NotReferred,Null,False,False,False,True,False,True,,False,False,False,False,False,False,2,0,0,2,0,False,False,101.0,136.0,Fine Leg
1653252,13,4.08,8,0,0,53,1,8,76650,,39481,County Championship 2026,2,31,Somerset Men,48,Surrey Men,8845318,2026-09-25T12:45:20Z,2,74,False,,,,15,Dan Lawrence,3004,Tom Lammonby,163,Tom Kohler-Cadmore,Left,0,0,0,0,,Yorker,OutsideOff,,InsideEdge,FrontFoot,Flick,OffBreak,Round,OffSpin,Right,Null,NotReferred,Null,False,False,False,False,False,True,,False,False,False,False,False,False,0,0,0,0,0,False,False,106.0,60.0,Short Fine Leg
1653252,13,4.08,8,0,0,53,1,8,76650,,39481,County Championship 2026,2,31,Somerset Men,48,Surrey Men,8845322,2026-09-25T12:45:47Z,3,75,False,,,,15,Dan Lawrence,3004,Tom Lammonby,163,Tom Kohler-Cadmore,Left,4,0,4,4,,LengthBall,OutsideOff,,OutsideEdge,FrontFoot,ForwardDefensive,OffBreak,Round,OffSpin,Right,Null,NotReferred,Null,False,False,False,False,False,True,,False,False,False,False,False,False,4,0,0,0,0,True,True,72.0,160.0,
1653252,13,4.08,8,0,0,53,1,8,76650,,39481,County Championship 2026,2,31,Somerset Men,48,Surrey Men,8845330,2026-09-25T12:46:23Z,4,76,False,,,,15,Dan Lawrence,3004,Tom Lammonby,163,Tom Kohler-Cadmore,Left,1,0,1,1,,Short,OutsideOff,,WellTimed,BackFoot,Cut,OffBreak,Round,OffSpin,Right,Null,NotReferred,Null,False,False,False,False,False,True,,False,False,False,False,False,False,1,0,0,0,0,False,False,353.0,151.0,Deep Cover
1653252,13,4.08,8,0,0,53,1,8,76650,,39481,County Championship 2026,2,31,Somerset Men,48,Surrey Men,8845336,2026-09-25T12:47:03Z,5,77,False,,,,15,Dan Lawrence,163,Tom Kohler-Cadmore,3004,Tom Lammonby,Right,0,0,0,0,,LengthBall,DownLeg,,None,FrontFoot,ForwardDefensive,OffBreak,Round,OffSpin,Right,Null,NotReferred,Null,False,False,False,False,False,True,,False,False,False,False,False,False,0,0,0,0,0,False,False,302.0,42.0,Mid Wicket
1653252,13,4.08,8,0,0,53,1,8,76650,,39481,County Championship 2026,2,31,Somerset Men,48,Surrey Men,8845340,2026-09-25T12:47:13Z,6,78,False,,,,15,Dan Lawrence,163,Tom Kohler-Cadmore,3004,Tom Lammonby,Right,1,0,1,1,,FullToss,OffStump,,None,DownTheTrack,Drive,OffBreak,Round,OffSpin,Right,Null,NotReferred,Null,False,False,False,False,False,True,,False,False,False,False,False,False,1,0,0,0,0,False,False,258.0,142.0,Long Off
1653261,14,4.29,7,0,0,60,1,7,76650,,39481,County Championship 2026,2,31,Somerset Men,48,Surrey Men,8845352,2026-09-25T12:48:15Z,1,79,False,,,,1208,Reece Topley,163,Tom Kohler-Cadmore,3004,Tom Lammonby,Right,0,0,0,0,,BackOfALength,MiddleStump,,Missed,FrontFoot,Drive,NoMovement,Over,Medium,Left,Null,NotReferred,Null,False,False,False,False,False,True,,False,False,False,False,False,False,0,0,0,0,0,False,False,,,Wicketkeeper
1653261,14,4.29,7,0,0,60,1,7,76650,,39481,County Championship 2026,2,31,Somerset Men,48,Surrey Men,8845363,2026-09-25T12:48:52Z,2,80,False,,,,1208,Reece Topley,163,Tom Kohler-Cadmore,3004,Tom Lammonby,Right,4,0,4,4,,LengthBall,OffStump,,MisTimed,DownTheTrack,Slog,NoMovement,Over,Medium,Left,Null,NotReferred,Null,False,False,False,False,False,True,,False,False,False,False,False,False,4,0,0,0,0,True,True,209.0,175.0,
1653261,14,4.29,7,0,0,60,1,7,76650,,39481,County Championship 2026,2,31,Somerset Men,48,Surrey Men,8845369,2026-09-25T12:49:29Z,3,81,False,,,,1208,Reece Topley,163,Tom Kohler-Cadmore,3004,Tom Lammonby,Right,0,0,0,0,,LengthBall,DownLeg,,None,FrontFoot,ForwardDefensive,NoMovement,Over,Medium,Left,Null,NotReferred,Null,False,False,False,False,False,True,,False,False,False,False,False,False,0,0,0,0,0,False,False,204.0,31.0,Cover
1653261,14,4.29,7,0,0,60,1,7,76650,,39481,County Championship 2026,2,31,Somerset Men,48,Surrey Men,8845376,2026-09-25T12:50:03Z,4,82,False,,,,1208,Reece Topley,163,Tom Kohler-Cadmore,3004,Tom Lammonby,Right,1,0,1,1,,LengthBall,OffStump,,WellTimed,FrontFoot,Drive,NoMovement,Over,Medium,Left,Null,NotReferred,Null,False,False,False,False,False,True,,False,False,False,False,False,False,1,0,0,0,0,False,False,200.0,138.0,Deep Cover
1653261,14,4.29,7,0,0,60,1,7,76650,,39481,County Championship 2026,2,31,Somerset Men,48,Surrey Men,8845383,2026-09-25T12:50:40Z,5,83,False,,,,1208,Reece Topley,3004,Tom Lammonby,163,Tom Kohler-Cadmore,Left,1,0,1,1,,LengthBall,MiddleStump,,None,BackFoot,Worked,NoMovement,Over,Medium,Left,Null,NotReferred,Null,False,False,False,False,False,True,,False,False,False,False,False,False,1,0,0,0,0,False,False,149.0,116.0,Fine Leg
1653261,14,4.29,7,0,0,60,1,7,76650,,39481,County Championship 2026,2,31,Somerset Men,48,Surrey Men,8845390,2026-09-25T12:51:21Z,6,84,False,,,,1208,Reece Topley,163,Tom Kohler-Cadmore,3004,Tom Lammonby,Right,1,0,1,1,,Short,OffStump,,WellTimed,BackFoot,Cut,NoMovement,Over,Medium,Left,Null,NotReferred,Null,False,False,False,False,False,True,,False,False,False,False,False,False,1,0,0,0,0,False,False,148.0,163.0,Third Man
1653268,15,4.07,1,0,0,61,1,1,76650,,39481,County Championship 2026,2,31,Somerset Men,48,Surrey Men,8845403,2026-09-25T12:52:18Z,1,85,False,,,,15,Dan Lawrence,163,Tom Kohler-Cadmore,3004,Tom Lammonby,Right,1,0,1,1,,LengthBall,OffStump,,None,FrontFoot,Drive,OffBreak,Round,OffSpin,Right,Null,NotReferred,Null,False,False,False,False,False,True,,False,False,False,False,False,False,1,0,0,0,0,False,False,187.0,117.0,Deep Cover
1653268,15,4.07,1,0,0,61,1,1,76650,,39481,County Championship 2026,2,31,Somerset Men,48,Surrey Men,8845406,2026-09-25T12:52:47Z,2,86,False,,,,15,Dan Lawrence,3004,Tom Lammonby,163,Tom Kohler-Cadmore,Left,0,0,0,0,,HalfVolley,OffStump,,None,FrontFoot,ForwardDefensive,OffBreak,Round,OffSpin,Right,Null,NotReferred,Null,False,False,False,False,False,True,,False,False,False,False,False,False,0,0,0,0,0,False,False,267.0,37.0,Bowler
1653268,15,4.07,1,0,0,61,1,1,76650,,39481,County Championship 2026,2,31,Somerset Men,48,Surrey Men,8845411,2026-09-25T12:53:08Z,3,87,False,,,,15,Dan Lawrence,3004,Tom Lammonby,163,Tom Kohler-Cadmore,Left,0,0,0,0,,HalfVolley,OutsideOff,,None,FrontFoot,ForwardDefensive,OffBreak,Round,OffSpin,Right,Null,NotReferred,Null,False,False,False,False,False,True,,False,False,False,False,False,False,0,0,0,0,0,False,False,307.0,18.0,Wicketkeeper
1653268,15,4.07,1,0,0,61,1,1,76650,,39481,County Championship 2026,2,31,Somerset Men,48,Surrey Men,8845416,2026-09-25T12:53:27Z,4,88,False,,,,15,Dan Lawrence,3004,Tom Lammonby,163,Tom Kohler-Cadmore,Left,0,0,0,0,,LengthBall,OffStump,,None,BackFoot,BackwardDefensive,OffBreak,Round,OffSpin,Right,Null,NotReferred,Null,False,False,False,False,False,True,,False,False,False,False,False,False,0,0,0,0,0,False,False,257.0,17.0,Wicketkeeper
1653268,15,4.07,1,0,0,61,1,1,76650,,39481,County Championship 2026,2,31,Somerset Men,48,Surrey Men,8845422,2026-09-25T12:53:46Z,5,89,False,,,,15,Dan Lawrence,3004,Tom Lammonby,163,Tom Kohler-Cadmore,Left,0,0,0,0,,HalfVolley,OffStump,,None,FrontFoot,ForwardDefensive,OffBreak,Round,OffSpin,Right,Null,NotReferred,Null,False,False,False,False,False,True,,False,False,False,False,False,False,0,0,0,0,0,False,False,224.0,34.0,Mid Wicket
1653268,15,4.07,1,0,0,61,1,1,76650,,39481,County Championship 2026,2,31,Somerset Men,48,Surrey Men,8845425,2026-09-25T12:54:08Z,6,90,False,,,,15,Dan Lawrence,3004,Tom Lammonby,163,Tom Kohler-Cadmore,Left,0,0,0,0,,BackOfALength,OutsideOff,,Left,NoMovement,Leave,OffBreak,Round,OffSpin,Right,Null,NotReferred,Null,False,False,False,False,False,True,,False,False,False,False,False,False,0,0,0,0,0,False,False,,,Wicketkeeper
1653276,16,4.19,6,0,0,67,1,6,76650,,39481,County Championship 2026,2,31,Somerset Men,48,Surrey Men,8845441,2026-09-25T12:55:11Z,1,91,False,,,,1208,Reece Topley,163,Tom Kohler-Cadmore,3004,Tom Lammonby,Right,1,0,1,1,,BackOfALength,DownLeg,,None,BackFoot,Worked,NoMovement,Over,Medium,Left,Null,NotReferred,Null,False,False,False,False,False,True,,False,False,False,False,False,False,1,0,0,0,0,False,False,332.0,142.0,Deep Square Leg
1653276,16,4.19,6,0,0,67,1,6,76650,,39481,County Championship 2026,2,31,Somerset Men,48,Surrey Men,8845447,2026-09-25T12:55:44Z,2,92,False,,,,1208,Reece Topley,3004,Tom Lammonby,163,Tom Kohler-Cadmore,Left,0,0,0,0,,BackOfALength,OutsideOff,,None,BackFoot,BackwardDefensive,NoMovement,Over,Medium,Left,Null,NotReferred,Null,False,False,False,False,False,True,,False,False,False,False,False,False,0,0,0,0,0,False,False,216.0,36.0,Mid Wicket
1653276,16,4.19,6,0,0,67,1,6,76650,,39481,County Championship 2026,2,31,Somerset Men,48,Surrey Men,8845454,2026-09-25T12:56:14Z,3,93,False,,,,1208,Reece Topley,3004,Tom Lammonby,163,Tom Kohler-Cadmore,Left,0,0,0,0,,Short,OutsideOff,,None,BackFoot,BackwardDefensive,NoMovement,Over,Medium,Left,Null,NotReferred,Null,False,False,False,False,False,True,,False,False,False,False,False,False,0,0,0,0,0,False,False,206.0,37.0,Square Leg
1653276,16,4.19,6,0,0,67,1,6,76650,,39481,County Championship 2026,2,31,Somerset Men,48,Surrey Men,8845463,2026-09-25T12:56:55Z,4,94,False,,,,1208,Reece Topley,3004,Tom Lammonby,163,Tom Kohler-Cadmore,Left,0,0,0,0,,BackOfALength,OutsideOff,,None,BackFoot,BackwardDefensive,NoMovement,Over,Medium,Left,Null,NotReferred,Null,False,False,False,False,False,True,,False,False,False,False,False,False,0,0,0,0,0,False,False,320.0,47.0,Extra Cover
1653276,16,4.19,6,0,0,67,1,6,76650,,39481,County Championship 2026,2,31,Somerset Men,48,Surrey Men,8845468,2026-09-25T12:57:35Z,5,95,False,,,,1208,Reece Topley,3004,Tom Lammonby,163,Tom Kohler-Cadmore,Left,4,0,4,4,,BackOfALength,Wide,,WellTimed,BackFoot,Cut,NoMovement,Over,Medium,Left,Null,NotReferred,Null,False,False,False,False,False,True,,False,False,False,False,False,False,4,0,0,0,0,True,False,354.0,171.0,
1653276,16,4.19,6,0,0,67,1,6,76650,,39481,County Championship 2026,2,31,Somerset Men,48,Surrey Men,8845476,2026-09-25T12:58:15Z,6,96,False,,,,1208,Reece Topley,3004,Tom Lammonby,163,Tom Kohler-Cadmore,Left,1,0,1,1,,LengthBall,OutsideOff,,None,BackFoot,Worked,NoMovement,Over,Medium,Left,Null,NotReferred,Null,False,False,False,False,False,True,,False,False,False,False,False,False,1,0,0,0,0,False,False,198.0,134.0,Deep Square Leg
1653285,17,4.0,1,1,0,68,2,1,76650,,39481,County Championship 2026,2,31,Somerset Men,48,Surrey Men,8845494,2026-09-25T12:59:40Z,1,97,False,,,,2709,Mahipal Lomror,3004,Tom Lammonby,163,Tom Kohler-Cadmore,Left,1,0,1,1,,LengthBall,OutsideOff,,None,FrontFoot,Sweep,StockBall,Over,Orthodox,Left,Null,NotReferred,Null,False,False,False,False,False,True,,False,False,False,False,False,False,1,0,0,0,0,False,False,131.0,108.0,Fine Leg
1653285,17,4.0,1,1,0,68,2,1,76650,,39481,County Championship 2026,2,31,Somerset Men,48,Surrey Men,8845504,2026-09-25T13:00:20Z,2,98,False,,,,2709,Mahipal Lomror,163,Tom Kohler-Cadmore,3004,Tom Lammonby,Right,0,0,0,0,,LengthBall,OutsideOff,,None,BackFoot,BackwardDefensive,StockBall,Round,Orthodox,Left,Null,NotReferred,Null,False,False,False,False,False,True,,False,False,False,False,False,False,0,0,0,0,0,False,False,217.0,35.0,Extra Cover
1653285,17,4.0,1,1,0,68,2,1,76650,,39481,County Championship 2026,2,31,Somerset Men,48,Surrey Men,8845508,2026-09-25T13:00:39Z,3,99,False,,,,2709,Mahipal Lomror,163,Tom Kohler-Cadmore,3004,Tom Lammonby,Right,0,0,0,0,,LengthBall,OutsideOff,,None,DownTheTrack,ForwardDefensive,StockBall,Round,Orthodox,Left,Null,NotReferred,Null,False,False,False,False,False,True,,False,False,False,False,False,False,0,0,0,0,0,False,False,267.0,35.0,Bowler
1653285,17,4.0,1,1,0,68,2,1,76650,,39481,County Championship 2026,2,31,Somerset Men,48,Surrey Men,8845512,2026-09-25T13:00:54Z,4,100,False,,,,2709,Mahipal Lomror,163,Tom Kohler-Cadmore,3004,Tom Lammonby,Right,0,0,0,0,,BackOfALength,OutsideOff,,None,BackFoot,Cut,StockBall,Round,Orthodox,Left,Null,NotReferred,Null,False,False,False,False,False,True,,False,False,False,False,False,False,0,0,0,0,0,False,False,165.0,50.0,Backward Point
1653285,17,4.0,1,1,0,68,2,1,76650,,39481,County Championship 2026,2,31,Somerset Men,48,Surrey Men,8845520,2026-09-25T13:01:12Z,5,101,True,Caught,163.0,Tom Kohler-Cadmore,2709,Mahipal Lomror,163,Tom Kohler-Cadmore,3004,Tom Lammonby,Right,0,0,0,0,Caught,LengthBall,OffStump,Caught,MisTimed,DownTheTrack,Slog,StockBall,Round,Orthodox,Left,Null,NotReferred,Null,False,False,False,False,False,True,1842.0,False,False,False,False,False,False,0,0,0,0,0,False,True,309.0,47.0,Mid Wicket
1653285,17,4.0,1,1,0,68,2,1,76650,,39481,County Championship 2026,2,31,Somerset Men,48,Surrey Men,8845554,2026-09-25T13:03:41Z,6,102,False,,,,2709,Mahipal Lomror,1060,Henry Nicholls,3004,Tom Lammonby,Left,0,0,0,0,,BackOfALength,OutsideOff,,None,BackFoot,Worked,StockBall,Over,Orthodox,Left,Null,NotReferred,Null,False,False,False,False,False,True,,False,False,False,False,False,False,0,0,0,0,0,False,False,187.0,6.0,Square Leg
1653296,18,3.78,0,0,0,68,2,0,76650,,39481,County Championship 2026,2,31,Somerset Men,48,Surrey Men,8845562,2026-09-25T13:04:37Z,1,103,False,,,,1208,Reece Topley,3004,Tom Lammonby,1060,Henry Nicholls,Left,0,0,0,0,,BackOfALength,OutsideOff,,None,BackFoot,Cut,NoMovement,Over,Medium,Left,Null,NotReferred,Null,False,False,False,False,False,True,,False,False,False,False,False,False,0,0,0,0,0,False,False,11.0,63.0,Backward Point
1653296,18,3.78,0,0,0,68,2,0,76650,,39481,County Championship 2026,2,31,Somerset Men,48,Surrey Men,8845569,2026-09-25T13:05:16Z,2,104,False,,,,1208,Reece Topley,3004,Tom Lammonby,1060,Henry Nicholls,Left,0,0,0,0,,LengthBall,OutsideOff,,None,BackFoot,BackwardDefensive,NoMovement,Over,Medium,Left,Null,NotReferred,Null,False,False,False,False,False,True,,False,False,False,False,False,False,0,0,0,0,0,False,False,206.0,43.0,Square Leg
1653296,18,3.78,0,0,0,68,2,0,76650,,39481,County Championship 2026,2,31,Somerset Men,48,Surrey Men,8845577,2026-09-25T13:05:48Z,3,105,False,,,,1208,Reece Topley,3004,Tom Lammonby,1060,Henry Nicholls,Left,0,0,0,0,,BackOfALength,OutsideOff,,Left,NoMovement,Leave,NoMovement,Over,Medium,Left,Null,NotReferred,Null,False,False,False,False,False,True,,False,False,False,False,False,False,0,0,0,0,0,False,False,,,Wicketkeeper
1653296,18,3.78,0,0,0,68,2,0,76650,,39481,County Championship 2026,2,31,Somerset Men,48,Surrey Men,8845589,2026-09-25T13:06:27Z,4,106,False,,,,1208,Reece Topley,3004,Tom Lammonby,1060,Henry Nicholls,Left,0,0,0,0,,BackOfALength,OutsideOff,,Left,NoMovement,Leave,NoMovement,Over,Medium,Left,Null,NotReferred,Null,False,False,False,False,False,True,,False,False,False,False,False,False,0,0,0,0,0,False,False,,,Wicketkeeper
1653296,18,3.78,0,0,0,68,2,0,76650,,39481,County Championship 2026,2,31,Somerset Men,48,Surrey Men,8845602,2026-09-25T13:07:06Z,5,107,False,,,,1208,Reece Topley,3004,Tom Lammonby,1060,Henry Nicholls,Left,0,0,0,0,,LengthBall,OutsideOff,,None,FrontFoot,ForwardDefensive,NoMovement,Over,Medium,Left,Null,NotReferred,Null,False,False,False,False,False,True,,False,False,False,False,False,False,0,0,0,0,0,False,False,18.0,28.0,Backward Point
1653296,18,3.78,0,0,0,68,2,0,76650,,39481,County Championship 2026,2,31,Somerset Men,48,Surrey Men,8845614,2026-09-25T13:07:47Z,6,108,False,,,,1208,Reece Topley,3004,Tom Lammonby,1060,Henry Nicholls,Left,0,0,0,0,,BackOfALength,OutsideOff,,None,BackFoot,BackwardDefensive,NoMovement,Over,Medium,Left,Null,NotReferred,Null,False,False,False,False,False,True,,False,False,False,False,False,False,0,0,0,0,0,False,False,333.0,35.0,Cover
1653305,19,3.63,1,0,0,69,2,1,76650,,39481,County Championship 2026,2,31,Somerset Men,48,Surrey Men,8845629,2026-09-25T13:08:47Z,1,109,False,,,,2709,Mahipal Lomror,1060,Henry Nicholls,3004,Tom Lammonby,Left,0,0,0,0,,BackOfALength,OutsideOff,,None,BackFoot,Worked,StockBall,Over,Orthodox,Left,Null,NotReferred,Null,False,False,False,False,False,True,,False,False,False,False,False,False,0,0,0,0,0,False,False,211.0,29.0,Mid Wicket
1653305,19,3.63,1,0,0,69,2,1,76650,,39481,County Championship 2026,2,31,Somerset Men,48,Surrey Men,8845633,2026-09-25T13:09:08Z,2,110,False,,,,2709,Mahipal Lomror,1060,Henry Nicholls,3004,Tom Lammonby,Left,0,0,0,0,,LengthBall,OutsideOff,,None,BackFoot,BackwardDefensive,StockBall,Over,Orthodox,Left,Null,NotReferred,Null,False,False,False,False,False,True,,False,False,False,False,False,False,0,0,0,0,0,False,False,45.0,13.0,Gully
1653305,19,3.63,1,0,0,69,2,1,76650,,39481,County Championship 2026,2,31,Somerset Men,48,Surrey Men,8845641,2026-09-25T13:09:27Z,3,111,False,,,,2709,Mahipal Lomror,1060,Henry Nicholls,3004,Tom Lammonby,Left,1,0,1,1,,BackOfALength,OutsideOff,,None,BackFoot,Cut,StockBall,Over,Orthodox,Left,Null,NotReferred,Null,False,False,False,False,False,True,,False,False,False,False,False,False,1,0,0,0,0,False,False,349.0,136.0,Deep Cover
1653305,19,3.63,1,0,0,69,2,1,76650,,39481,County Championship 2026,2,31,Somerset Men,48,Surrey Men,8845656,2026-09-25T13:10:17Z,4,112,False,,,,2709,Mahipal Lomror,3004,Tom Lammonby,1060,Henry Nicholls,Left,0,0,0,0,,LengthBall,OutsideOff,,BottomEdge,FrontFoot,ReverseSweep,StockBall,Over,Orthodox,Left,Null,NotReferred,Null,False,False,False,False,False,True,,False,False,False,False,False,False,0,0,0,0,0,False,False,65.0,8.0,First Slip
1653305,19,3.63,1,0,0,69,2,1,76650,,39481,County Championship 2026,2,31,Somerset Men,48,Surrey Men,8845658,2026-09-25T13:10:38Z,5,113,False,,,,2709,Mahipal Lomror,3004,Tom Lammonby,1060,Henry Nicholls,Left,0,0,0,0,,LengthBall,OutsideOff,,None,BackFoot,BackwardDefensive,StockBall,Over,Orthodox,Left,Null,NotReferred,Null,False,False,False,False,False,True,,False,False,False,False,False,False,0,0,0,0,0,False,False,213.0,12.0,Mid Wicket
1653305,19,3.63,1,0,0,69,2,1,76650,,39481,County Championship 2026,2,31,Somerset Men,48,Surrey Men,8845664,2026-09-25T13:10:54Z,6,114,False,,,,2709,Mahipal Lomror,3004,Tom Lammonby,1060,Henry Nicholls,Left,0,0,0,0,,BackOfALength,OutsideOff,,None,BackFoot,Worked,StockBall,Over,Orthodox,Left,Null,NotReferred,Null,False,False,False,False,False,True,,False,False,False,False,False,False,0,0,0,0,0,False,False,188.0,12.0,Square Leg
1653315,20,3.7,5,0,0,74,2,5,76650,,39481,County Championship 2026,2,31,Somerset Men,48,Surrey Men,8845683,2026-09-25T13:12:12Z,1,115,False,,,,785,Dan Worrall,1060,Henry Nicholls,3004,Tom Lammonby,Left,0,0,0,0,,BackOfALength,OutsideOff,,None,BackFoot,BackwardDefensive,NoMovement,Over,FastSeam,Right,Null,NotReferred,Null,False,False,False,False,False,True,,False,False,False,False,False,False,0,0,0,0,0,False,False,340.0,51.0,Cover
1653315,20,3.7,5,0,0,74,2,5,76650,,39481,County Championship 2026,2,31,Somerset Men,48,Surrey Men,8845687,2026-09-25T13:12:43Z,2,116,False,,,,785,Dan Worrall,1060,Henry Nicholls,3004,Tom Lammonby,Left,0,0,0,0,,LengthBall,OutsideOff,,None,FrontFoot,ForwardDefensive,NoMovement,Over,FastSeam,Right,Null,NotReferred,Null,False,False,False,False,False,True,,False,False,False,False,False,False,0,0,0,0,0,False,False,213.0,39.0,Mid Wicket
1653315,20,3.7,5,0,0,74,2,5,76650,,39481,County Championship 2026,2,31,Somerset Men,48,Surrey Men,8845695,2026-09-25T13:13:18Z,3,117,False,,,,785,Dan Worrall,1060,Henry Nicholls,3004,Tom Lammonby,Left,4,0,4,4,,LengthBall,OffStump,,WellTimed,BackFoot,Glance,NoMovement,Over,FastSeam,Right,Null,NotReferred,Null,False,False,False,False,False,True,,False,False,False,False,False,False,4,0,0,0,0,True,False,94.0,160.0,
1653315,20,3.7,5,0,0,74,2,5,76650,,39481,County Championship 2026,2,31,Somerset Men,48,Surrey Men,8845703,2026-09-25T13:13:51Z,4,118,False,,,,785,Dan Worrall,1060,Henry Nicholls,3004,Tom Lammonby,Left,0,0,0,0,,LengthBall,OutsideOff,,Left,NoMovement,Leave,NoMovement,Round,FastSeam,Right,Null,NotReferred,Null,False,False,False,False,False,True,,False,False,False,False,False,False,0,0,0,0,0,False,False,,,Wicketkeeper
1653315,20,3.7,5,0,0,74,2,5,76650,,39481,County Championship 2026,2,31,Somerset Men,48,Surrey Men,8845710,2026-09-25T13:14:19Z,5,119,False,,,,785,Dan Worrall,1060,Henry Nicholls,3004,Tom Lammonby,Left,1,0,1,1,,BackOfALength,Wide,,WellTimed,BackFoot,Cut,NoMovement,Round,FastSeam,Right,Null,NotReferred,Null,False,False,False,False,False,True,,False,False,False,False,False,False,1,0,0,0,0,False,False,20.0,163.0,Deep Backward Point
1653315,20,3.7,5,0,0,74,2,5,76650,,39481,County Championship 2026,2,31,Somerset Men,48,Surrey Men,8845715,2026-09-25T13:14:55Z,6,120,False,,,,785,Dan Worrall,3004,Tom Lammonby,1060,Henry Nicholls,Left,0,0,0,0,,BackOfALength,OutsideOff,,None,BackFoot,BackwardDefensive,NoMovement,Round,FastSeam,Right,Null,NotReferred,Null,False,False,False,False,False,True,,False,False,False,False,False,False,0,0,0,0,0,False,False,358.0,46.0,Cover
1653323,21,3.67,3,0,0,77,2,3,76650,,39481,County Championship 2026,2,31,Somerset Men,48,Surrey Men,8845734,2026-09-25T13:15:50Z,1,121,False,,,,2709,Mahipal Lomror,1060,Henry Nicholls,3004,Tom Lammonby,Left,0,0,0,0,,LengthBall,OutsideOff,,WellTimed,FrontFoot,Sweep,StockBall,Over,Orthodox,Left,Null,NotReferred,Null,False,False,False,False,False,True,,False,False,False,False,False,False,0,0,0,0,0,False,False,216.0,9.0,Mid Wicket
1653323,21,3.67,3,0,0,77,2,3,76650,,39481,County Championship 2026,2,31,Somerset Men,48,Surrey Men,8845749,2026-09-25T13:16:57Z,2,122,False,,,,2709,Mahipal Lomror,1060,Henry Nicholls,3004,Tom Lammonby,Left,1,0,1,1,,BackOfALength,OutsideOff,,WellTimed,BackFoot,Cut,StockBall,Over,Orthodox,Left,Null,NotReferred,Null,False,False,False,False,False,True,,False,False,False,False,False,False,1,0,0,0,0,False,False,348.0,145.0,Deep Cover
1653323,21,3.67,3,0,0,77,2,3,76650,,39481,County Championship 2026,2,31,Somerset Men,48,Surrey Men,8845758,2026-09-25T13:17:20Z,3,123,False,,,,2709,Mahipal Lomror,3004,Tom Lammonby,1060,Henry Nicholls,Left,1,0,1,1,,LengthBall,OutsideOff,,None,FrontFoot,Drive,StockBall,Over,Orthodox,Left,Null,NotReferred,Null,False,False,False,False,False,True,,False,False,False,False,False,False,1,0,0,0,0,False,False,329.0,114.0,Deep Extra Cover
1653323,21,3.67,3,0,0,77,2,3,76650,,39481,County Championship 2026,2,31,Somerset Men,48,Surrey Men,8845764,2026-09-25T13:17:49Z,4,124,False,,,,2709,Mahipal Lomror,1060,Henry Nicholls,3004,Tom Lammonby,Left,0,0,0,0,,LengthBall,OutsideOff,,None,BackFoot,BackwardDefensive,StockBall,Over,Orthodox,Left,Null,NotReferred,Null,False,False,False,False,False,True,,False,False,False,False,False,False,0,0,0,0,0,False,False,274.0,34.0,Bowler
1653323,21,3.67,3,0,0,77,2,3,76650,,39481,County Championship 2026,2,31,Somerset Men,48,Surrey Men,8845768,2026-09-25T13:18:07Z,5,125,False,,,,2709,Mahipal Lomror,1060,Henry Nicholls,3004,Tom Lammonby,Left,1,0,1,1,,LengthBall,OutsideOff,,None,BackFoot,Drive,StockBall,Over,Orthodox,Left,Null,NotReferred,Null,False,False,False,False,False,True,,False,False,False,False,False,False,1,0,0,0,0,False,False,339.0,102.0,Deep Cover
1653323,21,3.67,3,0,0,77,2,3,76650,,39481,County Championship 2026,2,31,Somerset Men,48,Surrey Men,8845773,2026-09-25T13:18:27Z,6,126,False,,,,2709,Mahipal Lomror,3004,Tom Lammonby,1060,Henry Nicholls,Left,0,0,0,0,,HalfVolley,OutsideOff,,None,FrontFoot,Drive,StockBall,Over,Orthodox,Left,Null,NotReferred,Null,False,False,False,False,False,True,,False,False,False,False,False,False,0,0,0,0,0,False,False,294.0,43.0,Mid Off
1653332,22,3.59,2,0,0,79,2,2,76650,,39481,County Championship 2026,2,31,Somerset Men,48,Surrey Men,8845788,2026-09-25T13:19:25Z,1,127,False,,,,785,Dan Worrall,1060,Henry Nicholls,3004,Tom Lammonby,Left,0,0,0,0,,LengthBall,OutsideOff,,None,FrontFoot,ForwardDefensive,NoMovement,Round,FastSeam,Right,Null,NotReferred,Null,False,False,False,False,False,True,,False,False,False,False,False,False,0,0,0,0,0,False,False,214.0,38.0,Mid Wicket
1653332,22,3.59,2,0,0,79,2,2,76650,,39481,County Championship 2026,2,31,Somerset Men,48,Surrey Men,8845794,2026-09-25T13:19:58Z,2,128,False,,,,785,Dan Worrall,1060,Henry Nicholls,3004,Tom Lammonby,Left,0,0,0,0,,LengthBall,OutsideOff,,None,FrontFoot,ForwardDefensive,NoMovement,Round,FastSeam,Right,Null,NotReferred,Null,False,False,False,False,False,True,,False,False,False,False,False,False,0,0,0,0,0,False,False,288.0,50.0,Mid Off
1653332,22,3.59,2,0,0,79,2,2,76650,,39481,County Championship 2026,2,31,Somerset Men,48,Surrey Men,8845801,2026-09-25T13:20:28Z,3,129,False,,,,785,Dan Worrall,1060,Henry Nicholls,3004,Tom Lammonby,Left,1,0,1,1,,LengthBall,OutsideOff,,None,FrontFoot,ForwardDefensive,NoMovement,Round,FastSeam,Right,Null,NotReferred,Null,False,False,False,False,False,True,,False,False,False,False,False,False,1,0,0,0,0,False,False,343.0,69.0,Cover
1653332,22,3.59,2,0,0,79,2,2,76650,,39481,County Championship 2026,2,31,Somerset Men,48,Surrey Men,8845812,2026-09-25T13:21:21Z,4,130,False,,,,785,Dan Worrall,3004,Tom Lammonby,1060,Henry Nicholls,Left,0,0,0,0,,BackOfALength,OutsideOff,,None,BackFoot,BackwardDefensive,NoMovement,Round,FastSeam,Right,Null,NotReferred,Null,False,False,False,False,False,True,,False,False,False,False,False,False,0,0,0,0,0,False,False,215.0,35.0,Mid Wicket
1653332,22,3.59,2,0,0,79,2,2,76650,,39481,County Championship 2026,2,31,Somerset Men,48,Surrey Men,8845821,2026-09-25T13:21:50Z,5,131,False,,,,785,Dan Worrall,3004,Tom Lammonby,1060,Henry Nicholls,Left,1,0,1,1,,LengthBall,OutsideOff,,None,FrontFoot,Worked,NoMovement,Round,FastSeam,Right,Null,NotReferred,Null,False,False,False,False,False,True,,False,False,False,False,False,False,1,0,0,0,0,False,False,151.0,133.0,Deep Backward Square Leg
1653332,22,3.59,2,0,0,79,2,2,76650,,39481,County Championship 2026,2,31,Somerset Men,48,Surrey Men,8845828,2026-09-25T13:22:25Z,6,132,False,,,,785,Dan Worrall,1060,Henry Nicholls,3004,Tom Lammonby,Left,0,0,0,0,,LengthBall,OutsideOff,,None,FrontFoot,ForwardDefensive,NoMovement,Round,FastSeam,Right,Null,NotReferred,Null,False,False,False,False,False,True,,False,False,False,False,False,False,0,0,0,0,0,False,False,331.0,47.0,Cover
1653340,23,3.7,6,0,0,85,2,6,76650,,39481,County Championship 2026,2,31,Somerset Men,48,Surrey Men,8845841,2026-09-25T13:23:26Z,1,133,False,,,,15,Dan Lawrence,3004,Tom Lammonby,1060,Henry Nicholls,Left,0,0,0,0,,LengthBall,OffStump,,None,BackFoot,BackwardDefensive,OffBreak,Round,OffSpin,Right,Null,NotReferred,Null,False,False,False,False,False,True,,False,False,False,False,False,False,0,0,0,0,0,False,False,211.0,29.0,Mid Wicket
1653340,23,3.7,6,0,0,85,2,6,76650,,39481,County Championship 2026,2,31,Somerset Men,48,Surrey Men,8845846,2026-09-25T13:23:46Z,2,134,False,,,,15,Dan Lawrence,3004,Tom Lammonby,1060,Henry Nicholls,Left,4,0,4,4,,LengthBall,MiddleStump,,WellTimed,FrontFoot,Glance,OffBreak,Round,OffSpin,Right,Null,NotReferred,Null,False,False,False,False,False,True,,False,False,False,False,False,False,4,0,0,0,0,True,False,101.0,160.0,
1653340,23,3.7,6,0,0,85,2,6,76650,,39481,County Championship 2026,2,31,Somerset Men,48,Surrey Men,8845856,2026-09-25T13:24:25Z,3,135,False,,,,15,Dan Lawrence,3004,Tom Lammonby,1060,Henry Nicholls,Left,1,0,1,1,,HalfVolley,MiddleStump,,None,BackFoot,Worked,OffBreak,Round,OffSpin,Right,Null,NotReferred,Null,False,False,False,False,False,True,,False,False,False,False,False,False,1,0,0,0,0,False,False,161.0,129.0,Deep Backward Square Leg
1653340,23,3.7,6,0,0,85,2,6,76650,,39481,County Championship 2026,2,31,Somerset Men,48,Surrey Men,8845862,2026-09-25T13:24:51Z,4,136,False,,,,15,Dan Lawrence,1060,Henry Nicholls,3004,Tom Lammonby,Left,0,0,0,0,,BackOfALength,OutsideOff,,None,BackFoot,Cut,OffBreak,Round,OffSpin,Right,Null,NotReferred,Null,False,False,False,False,False,True,,False,False,False,False,False,False,0,0,0,0,0,False,False,22.0,52.0,Backward Point
1653340,23,3.7,6,0,0,85,2,6,76650,,39481,County Championship 2026,2,31,Somerset Men,48,Surrey Men,8845866,2026-09-25T13:25:09Z,5,137,False,,,,15,Dan Lawrence,1060,Henry Nicholls,3004,Tom Lammonby,Left,0,0,0,0,,LengthBall,OutsideOff,,None,FrontFoot,ForwardDefensive,OffBreak,Round,OffSpin,Right,Null,NotReferred,Null,False,False,False,False,False,True,,False,False,False,False,False,False,0,0,0,0,0,False,False,259.0,37.0,Bowler
1653340,23,3.7,6,0,0,85,2,6,76650,,39481,County Championship 2026,2,31,Somerset Men,48,Surrey Men,8845871,2026-09-25T13:25:29Z,6,138,False,,,,15,Dan Lawrence,1060,Henry Nicholls,3004,Tom Lammonby,Left,1,0,1,1,,LengthBall,OffStump,,None,BackFoot,Worked,OffBreak,Round,OffSpin,Right,Null,NotReferred,Null,False,False,False,False,False,True,,False,False,False,False,False,False,1,0,0,0,0,False,False,191.0,31.0,Square Leg
1653348,24,3.96,10,0,0,95,2,10,76650,,39481,County Championship 2026,2,31,Somerset Men,48,Surrey Men,8845881,2026-09-25T13:26:25Z,1,139,False,,,,785,Dan Worrall,1060,Henry Nicholls,3004,Tom Lammonby,Left,4,0,4,4,,LengthBall,MiddleStump,,WellTimed,BackFoot,Glance,NoMovement,Round,FastSeam,Right,Null,NotReferred,Null,False,False,False,False,False,True,,False,False,False,False,False,False,4,0,0,0,0,True,False,99.0,160.0,
1653348,24,3.96,10,0,0,95,2,10,76650,,39481,County Championship 2026,2,31,Somerset Men,48,Surrey Men,8845888,2026-09-25T13:26:55Z,2,140,False,,,,785,Dan Worrall,1060,Henry Nicholls,3004,Tom Lammonby,Left,1,0,1,1,,Short,OutsideOff,,None,BackFoot,Worked,NoMovement,Round,FastSeam,Right,Null,NotReferred,Null,False,False,False,False,False,True,,False,False,False,False,False,False,1,0,0,0,0,False,False,185.0,89.0,Square Leg
1653348,24,3.96,10,0,0,95,2,10,76650,,39481,County Championship 2026,2,31,Somerset Men,48,Surrey Men,8845895,2026-09-25T13:27:28Z,3,141,False,,,,785,Dan Worrall,3004,Tom Lammonby,1060,Henry Nicholls,Left,4,0,4,4,,BackOfALength,OutsideOff,,WellTimed,BackFoot,Glance,NoMovement,Round,FastSeam,Right,Null,NotReferred,Null,False,False,False,False,False,True,,False,False,False,False,False,False,4,0,0,0,0,True,False,109.0,161.0,
1653348,24,3.96,10,0,0,95,2,10,76650,,39481,County Championship 2026,2,31,Somerset Men,48,Surrey Men,8845899,2026-09-25T13:28:01Z,4,142,False,,,,785,Dan Worrall,3004,Tom Lammonby,1060,Henry Nicholls,Left,0,0,0,0,,LengthBall,OutsideOff,,Left,NoMovement,Leave,NoMovement,Round,FastSeam,Right,Null,NotReferred,Null,False,False,False,False,False,True,,False,False,False,False,False,False,0,0,0,0,0,False,False,,,Wicketkeeper
1653348,24,3.96,10,0,0,95,2,10,76650,,39481,County Championship 2026,2,31,Somerset Men,48,Surrey Men,8845906,2026-09-25T13:28:29Z,5,143,False,,,,785,Dan Worrall,3004,Tom Lammonby,1060,Henry Nicholls,Left,0,0,0,0,,LengthBall,OutsideOff,,None,FrontFoot,ForwardDefensive,NoMovement,Round,FastSeam,Right,Null,NotReferred,Null,False,False,False,False,False,True,,False,False,False,False,False,False,0,0,0,0,0,False,False,281.0,54.0,Mid Off
1653348,24,3.96,10,0,0,95,2,10,76650,,39481,County Championship 2026,2,31,Somerset Men,48,Surrey Men,8845910,2026-09-25T13:28:57Z,6,144,False,,,,785,Dan Worrall,3004,Tom Lammonby,1060,Henry Nicholls,Left,1,0,1,1,,LengthBall,OutsideOff,,None,BackFoot,Worked,NoMovement,Round,FastSeam,Right,Null,NotReferred,Null,False,False,False,False,False,True,,False,False,False,False,False,False,1,0,0,0,0,False,False,168.0,141.0,Deep Backward Square Leg
1653355,25,3.84,1,0,0,96,2,1,76650,,39481,County Championship 2026,2,31,Somerset Men,48,Surrey Men,8845921,2026-09-25T13:29:42Z,1,145,False,,,,15,Dan Lawrence,3004,Tom Lammonby,1060,Henry Nicholls,Left,0,0,0,0,,HalfVolley,OffStump,,None,BackFoot,Worked,OffBreak,Round,OffSpin,Right,Null,NotReferred,Null,False,False,False,False,False,True,,False,False,False,False,False,False,0,0,0,0,0,False,False,202.0,65.0,Square Leg
1653355,25,3.84,1,0,0,96,2,1,76650,,39481,County Championship 2026,2,31,Somerset Men,48,Surrey Men,8845928,2026-09-25T13:30:04Z,2,146,False,,,,15,Dan Lawrence,3004,Tom Lammonby,1060,Henry Nicholls,Left,0,0,0,0,,LengthBall,OutsideOff,,None,FrontFoot,ForwardDefensive,OffBreak,Round,OffSpin,Right,Null,NotReferred,Null,False,False,False,False,False,True,,False,False,False,False,False,False,0,0,0,0,0,False,False,8.0,38.0,Backward Point
1653355,25,3.84,1,0,0,96,2,1,76650,,39481,County Championship 2026,2,31,Somerset Men,48,Surrey Men,8845933,2026-09-25T13:30:24Z,3,147,False,,,,15,Dan Lawrence,3004,Tom Lammonby,1060,Henry Nicholls,Left,0,0,0,0,,LengthBall,OutsideOff,,None,FrontFoot,ForwardDefensive,OffBreak,Round,OffSpin,Right,Null,NotReferred,Null,False,False,False,False,False,True,,False,False,False,False,False,False,0,0,0,0,0,False,False,328.0,44.0,Extra Cover
1653355,25,3.84,1,0,0,96,2,1,76650,,39481,County Championship 2026,2,31,Somerset Men,48,Surrey Men,8845939,2026-09-25T13:30:39Z,4,148,False,,,,15,Dan Lawrence,3004,Tom Lammonby,1060,Henry Nicholls,Left,0,0,0,0,,LengthBall,OutsideOff,,None,BackFoot,BackwardDefensive,OffBreak,Round,OffSpin,Right,Null,NotReferred,Null,False,False,False,False,False,True,,False,False,False,False,False,False,0,0,0,0,0,False,False,27.0,14.0,Backward Point
1653355,25,3.84,1,0,0,96,2,1,76650,,39481,County Championship 2026,2,31,Somerset Men,48,Surrey Men,8845952,2026-09-25T13:31:03Z,5,149,False,,,,15,Dan Lawrence,3004,Tom Lammonby,1060,Henry Nicholls,Left,0,0,0,0,,LengthBall,OutsideOff,,None,BackFoot,Drive,OffBreak,Round,OffSpin,Right,Null,NotReferred,Null,False,False,False,False,False,True,,False,False,False,False,False,False,0,0,0,0,0,False,False,314.0,48.0,Extra Cover
1653355,25,3.84,1,0,0,96,2,1,76650,,39481,County Championship 2026,2,31,Somerset Men,48,Surrey Men,8845965,2026-09-25T13:31:17Z,6,150,False,,,,15,Dan Lawrence,3004,Tom Lammonby,1060,Henry Nicholls,Left,1,0,1,1,,LengthBall,OffStump,,None,BackFoot,Worked,OffBreak,Round,OffSpin,Right,Null,NotReferred,Null,False,False,False,False,False,True,,False,False,False,False,False,False,1,0,0,0,0,False,False,153.0,103.0,Deep Backward Square Leg
1653362,26,3.73,1,1,0,97,3,1,76650,,39481,County Championship 2026,2,31,Somerset Men,48,Surrey Men,8845971,2026-09-25T13:32:15Z,1,151,False,,,,785,Dan Worrall,3004,Tom Lammonby,1060,Henry Nicholls,Left,0,0,0,0,,HalfVolley,OutsideOff,,None,FrontFoot,Drive,NoMovement,Round,FastSeam,Right,Null,NotReferred,Null,False,False,False,False,False,True,,False,False,False,False,False,False,0,0,0,0,0,False,False,328.0,56.0,Extra Cover
1653362,26,3.73,1,1,0,97,3,1,76650,,39481,County Championship 2026,2,31,Somerset Men,48,Surrey Men,8845988,2026-09-25T13:32:41Z,2,152,False,,,,785,Dan Worrall,3004,Tom Lammonby,1060,Henry Nicholls,Left,1,0,1,1,,BackOfALength,OutsideOff,,None,BackFoot,Glance,NoMovement,Round,FastSeam,Right,Null,NotReferred,Null,False,False,False,False,False,True,,False,False,False,False,False,False,1,0,0,0,0,False,False,106.0,143.0,Fine Leg
1653362,26,3.73,1,1,0,97,3,1,76650,,39481,County Championship 2026,2,31,Somerset Men,48,Surrey Men,8846000,2026-09-25T13:33:07Z,3,153,True,Lbw,1060.0,Henry Nicholls,785,Dan Worrall,1060,Henry Nicholls,3004,Tom Lammonby,Left,0,0,0,0,LBW,LengthBall,OutsideOff,Lbw,HitPad,FrontFoot,ForwardDefensive,NoMovement,Round,FastSeam,Right,Null,NotReferred,Null,False,False,False,False,False,True,1825.0,False,False,False,False,False,False,0,0,0,0,0,False,False,,,
1653362,26,3.73,1,1,0,97,3,1,76650,,39481,County Championship 2026,2,31,Somerset Men,48,Surrey Men,8846028,2026-09-25T13:35:11Z,4,154,False,,,,785,Dan Worrall,5,Tom Abell,3004,Tom Lammonby,Right,0,0,0,0,,HalfVolley,OutsideOff,,None,FrontFoot,Drive,NoMovement,Over,FastSeam,Right,Null,NotReferred,Null,False,False,False,False,False,True,,False,False,False,False,False,False,0,0,0,0,0,False,False,254.0,59.0,Mid Off
1653362,26,3.73,1,1,0,97,3,1,76650,,39481,County Championship 2026,2,31,Somerset Men,48,Surrey Men,8846035,2026-09-25T13:35:39Z,5,155,False,,,,785,Dan Worrall,5,Tom Abell,3004,Tom Lammonby,Right,0,0,0,0,,LengthBall,OutsideOff,,None,BackFoot,Worked,NoMovement,Over,FastSeam,Right,Null,NotReferred,Null,False,False,False,False,False,True,,False,False,False,False,False,False,0,0,0,0,0,False,False,328.0,39.0,Mid Wicket
1653362,26,3.73,1,1,0,97,3,1,76650,,39481,County Championship 2026,2,31,Somerset Men,48,Surrey Men,8846046,2026-09-25T13:36:23Z,6,156,False,,,,785,Dan Worrall,5,Tom Abell,3004,Tom Lammonby,Right,0,0,0,0,,LengthBall,OutsideOff,,None,FrontFoot,ForwardDefensive,NoMovement,Over,FastSeam,Right,Null,NotReferred,Null,False,False,False,False,False,True,,False,False,False,False,False,False,0,0,0,0,0,False,False,304.0,47.0,Mid Wicket
1653377,27,3.67,2,0,0,99,3,2,76650,,39481,County Championship 2026,2,31,Somerset Men,48,Surrey Men,8846056,2026-09-25T13:37:09Z,1,157,False,,,,15,Dan Lawrence,3004,Tom Lammonby,5,Tom Abell,Left,1,0,1,1,,Short,OutsideOff,,WellTimed,BackFoot,Cut,OffBreak,Round,OffSpin,Right,Null,NotReferred,Null,False,False,False,False,False,True,,False,False,False,False,False,False,1,0,0,0,0,False,False,349.0,148.0,Deep Cover
1653377,27,3.67,2,0,0,99,3,2,76650,,39481,County Championship 2026,2,31,Somerset Men,48,Surrey Men,8846067,2026-09-25T13:38:05Z,2,158,False,,,,15,Dan Lawrence,5,Tom Abell,3004,Tom Lammonby,Right,0,0,0,0,,LengthBall,OutsideOff,,None,FrontFoot,Worked,OffBreak,Over,OffSpin,Right,Null,NotReferred,Null,False,False,False,False,False,True,,False,False,False,False,False,False,0,0,0,0,0,False,False,324.0,57.0,Mid Wicket
1653377,27,3.67,2,0,0,99,3,2,76650,,39481,County Championship 2026,2,31,Somerset Men,48,Surrey Men,8846075,2026-09-25T13:38:34Z,3,159,False,,,,15,Dan Lawrence,5,Tom Abell,3004,Tom Lammonby,Right,1,0,1,1,,LengthBall,OutsideOff,,None,FrontFoot,Worked,OffBreak,Over,OffSpin,Right,Null,NotReferred,Null,False,False,False,False,False,True,,False,False,False,False,False,False,1,0,0,0,0,False,False,354.0,127.0,Deep Square Leg
1653377,27,3.67,2,0,0,99,3,2,76650,,39481,County Championship 2026,2,31,Somerset Men,48,Surrey Men,8846083,2026-09-25T13:39:05Z,4,160,False,,,,15,Dan Lawrence,3004,Tom Lammonby,5,Tom Abell,Left,0,0,0,0,,LengthBall,OutsideOff,,None,FrontFoot,ForwardDefensive,OffBreak,Round,OffSpin,Right,Null,NotReferred,Null,False,False,False,False,False,True,,False,False,False,False,False,False,0,0,0,0,0,False,False,1.0,36.0,Backward Point
1653377,27,3.67,2,0,0,99,3,2,76650,,39481,County Championship 2026,2,31,Somerset Men,48,Surrey Men,8846088,2026-09-25T13:39:23Z,5,161,False,,,,15,Dan Lawrence,3004,Tom Lammonby,5,Tom Abell,Left,0,0,0,0,,BackOfALength,OutsideOff,,Left,NoMovement,Leave,OffBreak,Round,OffSpin,Right,Null,NotReferred,Null,False,False,False,False,False,True,,False,False,False,False,False,False,0,0,0,0,0,False,False,,,Wicketkeeper
1653377,27,3.67,2,0,0,99,3,2,76650,,39481,County Championship 2026,2,31,Somerset Men,48,Surrey Men,8846094,2026-09-25T13:39:43Z,6,162,False,,,,15,Dan Lawrence,3004,Tom Lammonby,5,Tom Abell,Left,0,0,0,0,,LengthBall,OffStump,,None,FrontFoot,ForwardDefensive,OffBreak,Round,OffSpin,Right,Null,NotReferred,Null,False,False,False,False,False,True,,False,False,False,False,False,False,0,0,0,0,0,False,False,269.0,37.0,Bowler
1653383,28,3.68,4,0,0,103,3,4,76650,,39481,County Championship 2026,2,31,Somerset Men,48,Surrey Men,8846104,2026-09-25T13:40:29Z,1,163,False,,,,785,Dan Worrall,5,Tom Abell,3004,Tom Lammonby,Right,0,0,0,0,,LengthBall,OutsideOff,,None,FrontFoot,ForwardDefensive,NoMovement,Over,FastSeam,Right,Null,NotReferred,Null,False,False,False,False,False,True,,False,False,False,False,False,False,0,0,0,0,0,False,False,220.0,51.0,Extra Cover
1653383,28,3.68,4,0,0,103,3,4,76650,,39481,County Championship 2026,2,31,Somerset Men,48,Surrey Men,8846108,2026-09-25T13:40:58Z,2,164,False,,,,785,Dan Worrall,5,Tom Abell,3004,Tom Lammonby,Right,4,0,4,4,,LengthBall,OutsideOff,,OutsideEdge,FrontFoot,ForwardDefensive,NoMovement,Over,FastSeam,Right,Null,NotReferred,Null,False,False,False,False,False,True,,False,False,False,False,False,False,4,0,0,0,0,True,False,112.0,161.0,
1653383,28,3.68,4,0,0,103,3,4,76650,,39481,County Championship 2026,2,31,Somerset Men,48,Surrey Men,8846116,2026-09-25T13:41:36Z,3,165,False,,,,785,Dan Worrall,5,Tom Abell,3004,Tom Lammonby,Right,0,0,0,0,,BackOfALength,OutsideOff,,Left,NoMovement,Leave,NoMovement,Over,FastSeam,Right,Null,NotReferred,Null,False,False,False,False,False,True,,False,False,False,False,False,False,0,0,0,0,0,False,False,,,Wicketkeeper
1653383,28,3.68,4,0,0,103,3,4,76650,,39481,County Championship 2026,2,31,Somerset Men,48,Surrey Men,8846126,2026-09-25T13:42:05Z,4,166,False,,,,785,Dan Worrall,5,Tom Abell,3004,Tom Lammonby,Right,0,0,0,0,,LengthBall,MiddleStump,,PlayAndMissLegSide,BackFoot,Glance,NoMovement,Over,FastSeam,Right,Null,NotReferred,Null,False,False,False,False,False,True,,False,False,False,False,False,False,0,0,0,0,0,False,False,,,Wicketkeeper
1653383,28,3.68,4,0,0,103,3,4,76650,,39481,County Championship 2026,2,31,Somerset Men,48,Surrey Men,8846136,2026-09-25T13:42:33Z,5,167,False,,,,785,Dan Worrall,5,Tom Abell,3004,Tom Lammonby,Right,0,0,0,0,,LengthBall,OutsideOff,,None,FrontFoot,ForwardDefensive,NoMovement,Over,FastSeam,Right,Null,NotReferred,Null,False,False,False,False,False,True,,False,False,False,False,False,False,0,0,0,0,0,False,False,171.0,56.0,Backward Point
1653383,28,3.68,4,0,0,103,3,4,76650,,39481,County Championship 2026,2,31,Somerset Men,48,Surrey Men,8846140,2026-09-25T13:43:01Z,6,168,False,,,,785,Dan Worrall,5,Tom Abell,3004,Tom Lammonby,Right,0,0,0,0,,BackOfALength,OutsideOff,,None,BackFoot,BackwardDefensive,NoMovement,Over,FastSeam,Right,Null,NotReferred,Null,False,False,False,False,False,True,,False,False,False,False,False,False,0,0,0,0,0,False,False,214.0,57.0,Extra Cover
1653393,29,3.76,6,0,0,109,3,6,76650,,39481,County Championship 2026,2,31,Somerset Men,48,Surrey Men,8846153,2026-09-25T13:43:47Z,1,169,False,,,,15,Dan Lawrence,3004,Tom Lammonby,5,Tom Abell,Left,0,0,0,0,,LengthBall,OutsideOff,,None,NoMovement,BackwardDefensive,OffBreak,Round,OffSpin,Right,Null,NotReferred,Null,False,False,False,False,False,True,,False,False,False,False,False,False,0,0,0,0,0,False,False,271.0,32.0,Bowler
1653393,29,3.76,6,0,0,109,3,6,76650,,39481,County Championship 2026,2,31,Somerset Men,48,Surrey Men,8846157,2026-09-25T13:44:03Z,2,170,False,,,,15,Dan Lawrence,3004,Tom Lammonby,5,Tom Abell,Left,0,0,0,0,,LengthBall,OutsideOff,,None,FrontFoot,ForwardDefensive,OffBreak,Round,OffSpin,Right,Null,NotReferred,Null,False,False,False,False,False,True,,False,False,False,False,False,False,0,0,0,0,0,False,False,15.0,26.0,Backward Point
1653393,29,3.76,6,0,0,109,3,6,76650,,39481,County Championship 2026,2,31,Somerset Men,48,Surrey Men,8846161,2026-09-25T13:44:21Z,3,171,False,,,,15,Dan Lawrence,3004,Tom Lammonby,5,Tom Abell,Left,4,0,4,4,,HalfVolley,MiddleStump,,WellTimed,FrontFoot,Sweep,OffBreak,Round,OffSpin,Right,Null,NotReferred,Null,False,False,False,False,False,True,,False,False,False,False,False,False,4,0,0,0,0,True,False,140.0,164.0,
1653393,29,3.76,6,0,0,109,3,6,76650,,39481,County Championship 2026,2,31,Somerset Men,48,Surrey Men,8846169,2026-09-25T13:44:55Z,4,172,False,,,,15,Dan Lawrence,3004,Tom Lammonby,5,Tom Abell,Left,0,0,0,0,,HalfVolley,OutsideOff,,None,FrontFoot,ForwardDefensive,OffBreak,Round,OffSpin,Right,Null,NotReferred,Null,False,False,False,False,False,True,,False,False,False,False,False,False,0,0,0,0,0,False,False,17.0,12.0,Backward Point
1653393,29,3.76,6,0,0,109,3,6,76650,,39481,County Championship 2026,2,31,Somerset Men,48,Surrey Men,8846178,2026-09-25T13:45:15Z,5,173,False,,,,15,Dan Lawrence,3004,Tom Lammonby,5,Tom Abell,Left,0,0,0,0,,BackOfALength,OutsideOff,,Left,NoMovement,Leave,OffBreak,Round,OffSpin,Right,Null,NotReferred,Null,False,False,False,False,False,True,,False,False,False,False,False,False,0,0,0,0,0,False,False,,,Wicketkeeper
1653393,29,3.76,6,0,0,109,3,6,76650,,39481,County Championship 2026,2,31,Somerset Men,48,Surrey Men,8846184,2026-09-25T13:45:34Z,6,174,False,,,,15,Dan Lawrence,3004,Tom Lammonby,5,Tom Abell,Left,2,0,2,2,,Yorker,OffStump,,WellTimed,FrontFoot,Flick,OffBreak,Round,OffSpin,Right,Null,NotReferred,Null,False,False,False,False,False,True,,False,False,False,False,False,False,2,0,0,0,0,False,False,189.0,153.0,Deep Square Leg
1653401,30,3.63,0,0,0,109,3,0,76650,,39481,County Championship 2026,2,31,Somerset Men,48,Surrey Men,8846199,2026-09-25T13:46:43Z,1,175,False,,,,2709,Mahipal Lomror,5,Tom Abell,3004,Tom Lammonby,Right,0,0,0,0,,LengthBall,MiddleStump,,None,FrontFoot,ForwardDefensive,StockBall,Round,Orthodox,Left,Null,NotReferred,Null,False,False,False,False,False,True,,False,False,False,False,False,False,0,0,0,0,0,False,False,308.0,40.0,Mid Wicket
1653401,30,3.63,0,0,0,109,3,0,76650,,39481,County Championship 2026,2,31,Somerset Men,48,Surrey Men,8846205,2026-09-25T13:46:59Z,2,176,False,,,,2709,Mahipal Lomror,5,Tom Abell,3004,Tom Lammonby,Right,0,0,0,0,,LengthBall,MiddleStump,,None,FrontFoot,ForwardDefensive,StockBall,Round,Orthodox,Left,Null,NotReferred,Null,False,False,False,False,False,True,,False,False,False,False,False,False,0,0,0,0,0,False,False,327.0,46.0,Mid Wicket
1653401,30,3.63,0,0,0,109,3,0,76650,,39481,County Championship 2026,2,31,Somerset Men,48,Surrey Men,8846208,2026-09-25T13:47:13Z,3,177,False,,,,2709,Mahipal Lomror,5,Tom Abell,3004,Tom Lammonby,Right,0,0,0,0,,LengthBall,OffStump,,None,FrontFoot,ForwardDefensive,StockBall,Round,Orthodox,Left,Null,NotReferred,Null,False,False,False,False,False,True,,False,False,False,False,False,False,0,0,0,0,0,False,False,208.0,52.0,Cover
1653401,30,3.63,0,0,0,109,3,0,76650,,39481,County Championship 2026,2,31,Somerset Men,48,Surrey Men,8846214,2026-09-25T13:47:31Z,4,178,False,,,,2709,Mahipal Lomror,5,Tom Abell,3004,Tom Lammonby,Right,0,0,0,0,,BackOfALength,OutsideOff,,None,BackFoot,Drive,StockBall,Round,Orthodox,Left,Null,NotReferred,Null,False,False,False,False,False,True,,False,False,False,False,False,False,0,0,0,0,0,False,False,226.0,53.0,Extra Cover
1653401,30,3.63,0,0,0,109,3,0,76650,,39481,County Championship 2026,2,31,Somerset Men,48,Surrey Men,8846217,2026-09-25T13:47:50Z,5,179,False,,,,2709,Mahipal Lomror,5,Tom Abell,3004,Tom Lammonby,Right,0,0,0,0,,LengthBall,OutsideOff,,None,FrontFoot,ForwardDefensive,StockBall,Round,Orthodox,Left,Null,NotReferred,Null,False,False,False,False,False,True,,False,False,False,False,False,False,0,0,0,0,0,False,False,278.0,35.0,Bowler
1653401,30,3.63,0,0,0,109,3,0,76650,,39481,County Championship 2026,2,31,Somerset Men,48,Surrey Men,8846223,2026-09-25T13:48:03Z,6,180,False,,,,2709,Mahipal Lomror,5,Tom Abell,3004,Tom Lammonby,Right,0,0,0,0,,LengthBall,OutsideOff,,Left,NoMovement,Leave,StockBall,Round,Orthodox,Left,Null,NotReferred,Null,False,False,False,False,False,True,,False,False,False,False,False,False,0,0,0,0,0,False,False,,,Wicketkeeper
1653407,31,3.61,3,0,0,112,3,3,76650,,39481,County Championship 2026,2,31,Somerset Men,48,Surrey Men,8846234,2026-09-25T13:48:47Z,1,181,False,,,,15,Dan Lawrence,3004,Tom Lammonby,5,Tom Abell,Left,0,0,0,0,,LengthBall,OutsideOff,,None,FrontFoot,ForwardDefensive,OffBreak,Round,OffSpin,Right,Null,NotReferred,Null,False,False,False,False,False,True,,False,False,False,False,False,False,0,0,0,0,0,False,False,178.0,15.0,Wicketkeeper
1653407,31,3.61,3,0,0,112,3,3,76650,,39481,County Championship 2026,2,31,Somerset Men,48,Surrey Men,8846240,2026-09-25T13:49:03Z,2,182,False,,,,15,Dan Lawrence,3004,Tom Lammonby,5,Tom Abell,Left,1,0,1,1,,BackOfALength,OutsideOff,,None,BackFoot,Cut,OffBreak,Round,OffSpin,Right,Null,NotReferred,Null,False,False,False,False,False,True,,False,False,False,False,False,False,1,0,0,0,0,False,False,354.0,139.0,Deep Cover
1653407,31,3.61,3,0,0,112,3,3,76650,,39481,County Championship 2026,2,31,Somerset Men,48,Surrey Men,8846247,2026-09-25T13:49:32Z,3,183,False,,,,15,Dan Lawrence,5,Tom Abell,3004,Tom Lammonby,Right,1,0,1,1,,LengthBall,OutsideOff,,None,FrontFoot,Worked,OffBreak,Over,OffSpin,Right,Null,NotReferred,Null,False,False,False,False,False,True,,False,False,False,False,False,False,1,0,0,0,0,False,False,21.0,129.0,Deep Backward Square Leg
1653407,31,3.61,3,0,0,112,3,3,76650,,39481,County Championship 2026,2,31,Somerset Men,48,Surrey Men,8846253,2026-09-25T13:49:57Z,4,184,False,,,,15,Dan Lawrence,3004,Tom Lammonby,5,Tom Abell,Left,0,0,0,0,,BackOfALength,OutsideOff,,None,BackFoot,BackwardDefensive,OffBreak,Round,OffSpin,Right,Null,NotReferred,Null,False,False,False,False,False,True,,False,False,False,False,False,False,0,0,0,0,0,False,False,315.0,19.0,Wicketkeeper
1653407,31,3.61,3,0,0,112,3,3,76650,,39481,County Championship 2026,2,31,Somerset Men,48,Surrey Men,8846259,2026-09-25T13:50:17Z,5,185,False,,,,15,Dan Lawrence,3004,Tom Lammonby,5,Tom Abell,Left,0,0,0,0,,LengthBall,OutsideOff,,None,FrontFoot,ForwardDefensive,OffBreak,Round,OffSpin,Right,Null,NotReferred,Null,False,False,False,False,False,True,,False,False,False,False,False,False,0,0,0,0,0,False,False,239.0,43.0,Mid Wicket
1653407,31,3.61,3,0,0,112,3,3,76650,,39481,County Championship 2026,2,31,Somerset Men,48,Surrey Men,8846264,2026-09-25T13:50:36Z,6,186,False,,,,15,Dan Lawrence,3004,Tom Lammonby,5,Tom Abell,Left,1,0,1,1,,LengthBall,OffStump,,None,BackFoot,Worked,OffBreak,Round,OffSpin,Right,Null,NotReferred,Null,False,False,False,False,False,True,,False,False,False,False,False,False,1,0,0,0,0,False,False,199.0,83.0,Square Leg
1653413,32,3.59,3,0,0,115,3,3,76650,,39481,County Championship 2026,2,31,Somerset Men,48,Surrey Men,8846275,2026-09-25T13:51:39Z,1,187,False,,,,2709,Mahipal Lomror,3004,Tom Lammonby,5,Tom Abell,Left,0,0,0,0,,LengthBall,OutsideOff,,None,FrontFoot,ForwardDefensive,StockBall,Over,Orthodox,Left,Null,NotReferred,Null,False,False,False,False,False,True,,False,False,False,False,False,False,0,0,0,0,0,False,False,303.0,44.0,Bowler
1653413,32,3.59,3,0,0,115,3,3,76650,,39481,County Championship 2026,2,31,Somerset Men,48,Surrey Men,8846278,2026-09-25T13:51:58Z,2,188,False,,,,2709,Mahipal Lomror,3004,Tom Lammonby,5,Tom Abell,Left,0,0,0,0,,LengthBall,OutsideOff,,None,FrontFoot,ForwardDefensive,StockBall,Over,Orthodox,Left,Null,NotReferred,Null,False,False,False,False,False,True,,False,False,False,False,False,False,0,0,0,0,0,False,False,254.0,28.0,Mid On
1653413,32,3.59,3,0,0,115,3,3,76650,,39481,County Championship 2026,2,31,Somerset Men,48,Surrey Men,8846285,2026-09-25T13:52:13Z,3,189,False,,,,2709,Mahipal Lomror,3004,Tom Lammonby,5,Tom Abell,Left,0,0,0,0,,BackOfALength,OutsideOff,,None,BackFoot,Cut,StockBall,Over,Orthodox,Left,Null,NotReferred,Null,False,False,False,False,False,True,,False,False,False,False,False,False,0,0,0,0,0,False,False,321.0,56.0,Extra Cover
1653413,32,3.59,3,0,0,115,3,3,76650,,39481,County Championship 2026,2,31,Somerset Men,48,Surrey Men,8846293,2026-09-25T13:52:39Z,4,190,False,,,,2709,Mahipal Lomror,3004,Tom Lammonby,5,Tom Abell,Left,2,0,2,2,,LengthBall,LegStump,,WellTimed,FrontFoot,Flick,StockBall,Round,Orthodox,Left,Null,NotReferred,Null,False,False,False,False,False,True,,False,False,False,False,False,False,2,0,0,0,0,False,False,211.0,158.0,Deep Mid Wicket
1653413,32,3.59,3,0,0,115,3,3,76650,,39481,County Championship 2026,2,31,Somerset Men,48,Surrey Men,8846298,2026-09-25T13:53:03Z,5,191,False,,,,2709,Mahipal Lomror,3004,Tom Lammonby,5,Tom Abell,Left,0,0,0,0,,LengthBall,DownLeg,,BottomEdge,FrontFoot,Sweep,StockBall,Round,Orthodox,Left,Null,NotReferred,Null,False,False,False,False,False,True,,False,False,False,False,False,False,0,0,0,0,0,False,False,101.0,9.0,Short Fine Leg
1653413,32,3.59,3,0,0,115,3,3,76650,,39481,County Championship 2026,2,31,Somerset Men,48,Surrey Men,8846303,2026-09-25T13:53:21Z,6,192,False,,,,2709,Mahipal Lomror,3004,Tom Lammonby,5,Tom Abell,Left,1,0,1,1,,BackOfALength,MiddleStump,,WellTimed,BackFoot,Worked,StockBall,Round,Orthodox,Left,Null,NotReferred,Null,False,False,False,False,False,True,,False,False,False,False,False,False,1,0,0,0,0,False,False,218.0,154.0,Deep Mid Wicket
1653422,33,3.55,2,0,0,117,3,2,76650,,39481,County Championship 2026,2,31,Somerset Men,48,Surrey Men,8846319,2026-09-25T13:54:25Z,1,193,False,,,,15,Dan Lawrence,3004,Tom Lammonby,5,Tom Abell,Left,0,0,0,0,,LengthBall,OutsideOff,,None,FrontFoot,ForwardDefensive,OffBreak,Round,OffSpin,Right,Null,NotReferred,Null,False,False,False,False,False,True,,False,False,False,False,False,False,0,0,0,0,0,False,False,328.0,44.0,Extra Cover
1653422,33,3.55,2,0,0,117,3,2,76650,,39481,County Championship 2026,2,31,Somerset Men,48,Surrey Men,8846322,2026-09-25T13:54:40Z,2,194,False,,,,15,Dan Lawrence,3004,Tom Lammonby,5,Tom Abell,Left,0,0,0,0,,LengthBall,OutsideOff,,Left,NoMovement,Leave,OffBreak,Round,OffSpin,Right,Null,NotReferred,Null,False,False,False,False,False,True,,False,False,False,False,False,False,0,0,0,0,0,False,False,,,Wicketkeeper
1653422,33,3.55,2,0,0,117,3,2,76650,,39481,County Championship 2026,2,31,Somerset Men,48,Surrey Men,8846331,2026-09-25T13:54:59Z,3,195,False,,,,15,Dan Lawrence,3004,Tom Lammonby,5,Tom Abell,Left,0,0,0,0,,LengthBall,OutsideOff,,None,FrontFoot,ForwardDefensive,OffBreak,Round,OffSpin,Right,Null,NotReferred,Null,False,False,False,False,False,True,,False,False,False,False,False,False,0,0,0,0,0,False,False,231.0,28.0,Wicketkeeper
1653422,33,3.55,2,0,0,117,3,2,76650,,39481,County Championship 2026,2,31,Somerset Men,48,Surrey Men,8846338,2026-09-25T13:55:18Z,4,196,False,,,,15,Dan Lawrence,3004,Tom Lammonby,5,Tom Abell,Left,1,0,1,1,,HalfVolley,OutsideOff,,WellTimed,FrontFoot,Drive,OffBreak,Round,OffSpin,Right,Null,NotReferred,Null,False,False,False,False,False,True,,False,False,False,False,False,False,1,0,0,0,0,False,False,355.0,149.0,Deep Cover
1653422,33,3.55,2,0,0,117,3,2,76650,,39481,County Championship 2026,2,31,Somerset Men,48,Surrey Men,8846345,2026-09-25T13:55:48Z,5,197,False,,,,15,Dan Lawrence,5,Tom Abell,3004,Tom Lammonby,Right,0,0,0,0,,BackOfALength,OutsideOff,,None,BackFoot,Worked,OffBreak,Over,OffSpin,Right,Null,NotReferred,Null,False,False,False,False,False,True,,False,False,False,False,False,False,0,0,0,0,0,False,False,312.0,65.0,Mid Wicket
1653422,33,3.55,2,0,0,117,3,2,76650,,39481,County Championship 2026,2,31,Somerset Men,48,Surrey Men,8846348,2026-09-25T13:56:07Z,6,198,False,,,,15,Dan Lawrence,5,Tom Abell,3004,Tom Lammonby,Right,1,0,1,1,,BackOfALength,OutsideOff,,None,BackFoot,Worked,OffBreak,Over,OffSpin,Right,Null,NotReferred,Null,False,False,False,False,False,True,,False,False,False,False,False,False,1,0,0,0,0,False,False,41.0,136.0,Fine Leg
1653429,34,3.47,1,0,0,118,3,1,76650,,39481,County Championship 2026,2,31,Somerset Men,48,Surrey Men,8846371,2026-09-25T13:57:33Z,1,199,False,,,,1208,Reece Topley,5,Tom Abell,3004,Tom Lammonby,Right,0,0,0,0,,BackOfALength,DownLeg,,LeadingEdge,BackFoot,Worked,NoMovement,Over,Medium,Left,Null,NotReferred,Null,False,False,False,False,False,True,,False,False,False,False,False,False,0,0,0,0,0,False,False,215.0,38.0,Extra Cover
1653429,34,3.47,1,0,0,118,3,1,76650,,39481,County Championship 2026,2,31,Somerset Men,48,Surrey Men,8846382,2026-09-25T13:58:05Z,2,200,False,,,,1208,Reece Topley,5,Tom Abell,3004,Tom Lammonby,Right,1,0,1,1,,BackOfALength,DownLeg,,None,BackFoot,Worked,NoMovement,Over,Medium,Left,Null,NotReferred,Null,False,False,False,False,False,True,,False,False,False,False,False,False,1,0,0,0,0,False,False,348.0,133.0,Deep Square Leg
1653429,34,3.47,1,0,0,118,3,1,76650,,39481,County Championship 2026,2,31,Somerset Men,48,Surrey Men,8846390,2026-09-25T13:58:51Z,3,201,False,,,,1208,Reece Topley,3004,Tom Lammonby,5,Tom Abell,Left,0,0,0,0,,LengthBall,OutsideOff,,None,FrontFoot,ForwardDefensive,NoMovement,Over,Medium,Left,Null,NotReferred,Null,False,False,False,False,False,True,,False,False,False,False,False,False,0,0,0,0,0,False,False,275.0,41.0,Bowler
1653429,34,3.47,1,0,0,118,3,1,76650,,39481,County Championship 2026,2,31,Somerset Men,48,Surrey Men,8846401,2026-09-25T13:59:25Z,4,202,False,,,,1208,Reece Topley,3004,Tom Lammonby,5,Tom Abell,Left,0,0,0,0,,LengthBall,OutsideOff,,Missed,FrontFoot,Cut,NoMovement,Over,Medium,Left,Null,NotReferred,Null,False,False,False,False,False,True,,False,False,False,False,False,False,0,0,0,0,0,False,False,,,Wicketkeeper
1653429,34,3.47,1,0,0,118,3,1,76650,,39481,County Championship 2026,2,31,Somerset Men,48,Surrey Men,8846417,2026-09-25T14:01:14Z,5,203,False,,,,1208,Reece Topley,3004,Tom Lammonby,5,Tom Abell,Left,0,0,0,0,,BackOfALength,OutsideOff,,None,BackFoot,BackwardDefensive,NoMovement,Over,Medium,Left,Null,NotReferred,Null,False,False,False,False,False,True,,False,False,False,False,False,False,0,0,0,0,0,False,False,309.0,37.0,Extra Cover
1653429,34,3.47,1,0,0,118,3,1,76650,,39481,County Championship 2026,2,31,Somerset Men,48,Surrey Men,8846427,2026-09-25T14:01:51Z,6,204,False,,,,1208,Reece Topley,3004,Tom Lammonby,5,Tom Abell,Left,0,0,0,0,,LengthBall,OutsideOff,,Left,BackFoot,Leave,NoMovement,Over,Medium,Left,Null,NotReferred,Null,False,False,False,False,False,True,,False,False,False,False,False,False,0,0,0,0,0,False,False,,,Wicketkeeper
1653442,35,3.43,2,0,0,120,3,2,76650,,39481,County Championship 2026,2,31,Somerset Men,48,Surrey Men,8846434,2026-09-25T14:02:50Z,1,205,False,,,,2709,Mahipal Lomror,5,Tom Abell,3004,Tom Lammonby,Right,0,0,0,0,,HalfVolley,OffStump,,None,FrontFoot,ForwardDefensive,StockBall,Round,Orthodox,Left,Null,NotReferred,Null,False,False,False,False,False,True,,False,False,False,False,False,False,0,0,0,0,0,False,False,275.0,35.0,Bowler
1653442,35,3.43,2,0,0,120,3,2,76650,,39481,County Championship 2026,2,31,Somerset Men,48,Surrey Men,8846438,2026-09-25T14:03:03Z,2,206,False,,,,2709,Mahipal Lomror,5,Tom Abell,3004,Tom Lammonby,Right,0,0,0,0,,BackOfALength,OutsideOff,,None,BackFoot,Worked,StockBall,Round,Orthodox,Left,Null,NotReferred,Null,False,False,False,False,False,True,,False,False,False,False,False,False,0,0,0,0,0,False,False,313.0,40.0,Mid Wicket
1653442,35,3.43,2,0,0,120,3,2,76650,,39481,County Championship 2026,2,31,Somerset Men,48,Surrey Men,8846445,2026-09-25T14:03:20Z,3,207,False,,,,2709,Mahipal Lomror,5,Tom Abell,3004,Tom Lammonby,Right,1,0,1,1,,LengthBall,MiddleStump,,None,FrontFoot,Worked,StockBall,Round,Orthodox,Left,Null,NotReferred,Null,False,False,False,False,False,True,,False,False,False,False,False,False,1,0,0,0,0,False,False,342.0,120.0,Deep Square Leg
1653442,35,3.43,2,0,0,120,3,2,76650,,39481,County Championship 2026,2,31,Somerset Men,48,Surrey Men,8846459,2026-09-25T14:03:55Z,4,208,False,,,,2709,Mahipal Lomror,3004,Tom Lammonby,5,Tom Abell,Left,1,0,1,1,,LengthBall,OutsideOff,,TopEdge,FrontFoot,Sweep,StockBall,Over,Orthodox,Left,Null,NotReferred,Null,False,False,False,False,False,True,,False,False,False,False,False,False,1,0,0,0,0,False,True,194.0,135.0,Deep Square Leg
1653442,35,3.43,2,0,0,120,3,2,76650,,39481,County Championship 2026,2,31,Somerset Men,48,Surrey Men,8846467,2026-09-25T14:04:27Z,5,209,False,,,,2709,Mahipal Lomror,5,Tom Abell,3004,Tom Lammonby,Right,0,0,0,0,,LengthBall,OffStump,,None,FrontFoot,ForwardDefensive,StockBall,Round,Orthodox,Left,Null,NotReferred,Null,False,False,False,False,False,True,,False,False,False,False,False,False,0,0,0,0,0,False,False,311.0,40.0,Mid Wicket
1653442,35,3.43,2,0,0,120,3,2,76650,,39481,County Championship 2026,2,31,Somerset Men,48,Surrey Men,8846474,2026-09-25T14:04:57Z,6,210,False,,,,2709,Mahipal Lomror,5,Tom Abell,3004,Tom Lammonby,Right,0,0,0,0,,LengthBall,MiddleStump,,None,FrontFoot,ForwardDefensive,StockBall,Round,Orthodox,Left,Null,NotReferred,Null,False,False,False,False,False,True,,False,False,False,False,False,False,0,0,0,0,0,False,False,318.0,42.0,Mid Wicket
1653448,36,3.47,5,0,0,125,3,5,76650,,39481,County Championship 2026,2,31,Somerset Men,48,Surrey Men,8846484,2026-09-25T14:05:41Z,1,211,False,,,,1208,Reece Topley,3004,Tom Lammonby,5,Tom Abell,Left,0,0,0,0,,BackOfALength,OutsideOff,,None,BackFoot,BackwardDefensive,NoMovement,Over,Medium,Left,Null,NotReferred,Null,False,False,False,False,False,True,,False,False,False,False,False,False,0,0,0,0,0,False,False,46.0,34.0,Gully
1653448,36,3.47,5,0,0,125,3,5,76650,,39481,County Championship 2026,2,31,Somerset Men,48,Surrey Men,8846491,2026-09-25T14:06:17Z,2,212,False,,,,1208,Reece Topley,3004,Tom Lammonby,5,Tom Abell,Left,0,0,0,0,,LengthBall,Wide,,Left,NoMovement,Leave,NoMovement,Over,Medium,Left,Null,NotReferred,Null,False,False,False,False,False,True,,False,False,False,False,False,False,0,0,0,0,0,False,False,,,Wicketkeeper
1653448,36,3.47,5,0,0,125,3,5,76650,,39481,County Championship 2026,2,31,Somerset Men,48,Surrey Men,8846499,2026-09-25T14:06:51Z,3,213,False,,,,1208,Reece Topley,3004,Tom Lammonby,5,Tom Abell,Left,0,0,0,0,,LengthBall,OutsideOff,,BatPad,BackFoot,Worked,NoMovement,Over,Medium,Left,Null,NotReferred,Null,False,False,False,False,False,True,,False,False,False,False,False,False,0,0,0,0,0,False,False,176.0,20.0,Backward Square Leg
1653448,36,3.47,5,0,0,125,3,5,76650,,39481,County Championship 2026,2,31,Somerset Men,48,Surrey Men,8846510,2026-09-25T14:07:28Z,4,214,False,,,,1208,Reece Topley,3004,Tom Lammonby,5,Tom Abell,Left,4,0,4,4,,Short,OutsideOff,,WellTimed,BackFoot,Pull,NoMovement,Over,Medium,Left,Null,NotReferred,Null,False,False,False,False,False,True,,False,False,False,False,False,False,4,0,0,0,0,True,False,210.0,175.0,
1653448,36,3.47,5,0,0,125,3,5,76650,,39481,County Championship 2026,2,31,Somerset Men,48,Surrey Men,8846522,2026-09-25T14:08:03Z,5,215,False,,,,1208,Reece Topley,3004,Tom Lammonby,5,Tom Abell,Left,1,0,1,1,,BackOfALength,OutsideOff,,None,BackFoot,BackwardDefensive,NoMovement,Over,Medium,Left,Null,NotReferred,Null,False,False,False,False,False,True,,False,False,False,False,False,False,1,0,0,0,0,False,False,10.0,100.0,Deep Backward Point
1653448,36,3.47,5,0,0,125,3,5,76650,,39481,County Championship 2026,2,31,Somerset Men,48,Surrey Men,8846527,2026-09-25T14:08:39Z,6,216,False,,,,1208,Reece Topley,5,Tom Abell,3004,Tom Lammonby,Right,0,0,0,0,,BackOfALength,OutsideOff,,PlayAndMissLegSide,BackFoot,Glance,NoMovement,Round,Medium,Left,Null,NotReferred,Null,False,False,False,False,False,True,,False,False,False,False,False,False,0,0,0,0,0,False,False,,,Wicketkeeper
1653458,37,3.41,1,0,0,126,3,1,76650,,39481,County Championship 2026,2,31,Somerset Men,48,Surrey Men,8846538,2026-09-25T14:09:30Z,1,217,False,,,,2709,Mahipal Lomror,3004,Tom Lammonby,5,Tom Abell,Left,0,0,0,0,,LengthBall,OutsideOff,,None,FrontFoot,ForwardDefensive,StockBall,Over,Orthodox,Left,Null,NotReferred,Null,False,False,False,False,False,True,,False,False,False,False,False,False,0,0,0,0,0,False,False,17.0,53.0,Backward Point
1653458,37,3.41,1,0,0,126,3,1,76650,,39481,County Championship 2026,2,31,Somerset Men,48,Surrey Men,8846543,2026-09-25T14:09:46Z,2,218,False,,,,2709,Mahipal Lomror,3004,Tom Lammonby,5,Tom Abell,Left,0,0,0,0,,LengthBall,OutsideOff,,HitPad,FrontFoot,ForwardDefensive,StockBall,Over,Orthodox,Left,Null,NotReferred,Null,False,False,False,False,False,True,,False,False,False,False,False,False,0,0,0,0,0,False,False,345.0,16.0,Wicketkeeper
1653458,37,3.41,1,0,0,126,3,1,76650,,39481,County Championship 2026,2,31,Somerset Men,48,Surrey Men,8846554,2026-09-25T14:10:28Z,3,219,False,,,,2709,Mahipal Lomror,3004,Tom Lammonby,5,Tom Abell,Left,0,0,0,0,,BackOfALength,OutsideOff,,None,BackFoot,Worked,StockBall,Over,Orthodox,Left,Null,NotReferred,Null,False,False,False,False,False,True,,False,False,False,False,False,False,0,0,0,0,0,False,False,259.0,59.0,Mid On
1653458,37,3.41,1,0,0,126,3,1,76650,,39481,County Championship 2026,2,31,Somerset Men,48,Surrey Men,8846561,2026-09-25T14:10:46Z,4,220,False,,,,2709,Mahipal Lomror,3004,Tom Lammonby,5,Tom Abell,Left,1,0,1,1,,BackOfALength,OutsideOff,,None,BackFoot,Worked,StockBall,Over,Orthodox,Left,Null,NotReferred,Null,False,False,False,False,False,True,,False,False,False,False,False,False,1,0,0,0,0,False,False,208.0,132.0,Deep Square Leg
1653458,37,3.41,1,0,0,126,3,1,76650,,39481,County Championship 2026,2,31,Somerset Men,48,Surrey Men,8846566,2026-09-25T14:11:15Z,5,221,False,,,,2709,Mahipal Lomror,5,Tom Abell,3004,Tom Lammonby,Right,0,0,0,0,,LengthBall,OutsideOff,,None,FrontFoot,ForwardDefensive,StockBall,Round,Orthodox,Left,Null,NotReferred,Null,False,False,False,False,False,True,,False,False,False,False,False,False,0,0,0,0,0,False,False,271.0,41.0,Bowler
1653458,37,3.41,1,0,0,126,3,1,76650,,39481,County Championship 2026,2,31,Somerset Men,48,Surrey Men,8846570,2026-09-25T14:11:30Z,6,222,False,,,,2709,Mahipal Lomror,5,Tom Abell,3004,Tom Lammonby,Right,0,0,0,0,,LengthBall,OutsideOff,,None,FrontFoot,ForwardDefensive,StockBall,Round,Orthodox,Left,Null,NotReferred,Null,False,False,False,False,False,True,,False,False,False,False,False,False,0,0,0,0,0,False,False,267.0,39.0,Bowler
1653492,38,3.32,0,0,0,126,3,0,76650,,39481,County Championship 2026,2,31,Somerset Men,48,Surrey Men,8846739,2026-09-25T14:30:30Z,1,223,False,,,,1208,Reece Topley,3004,Tom Lammonby,5,Tom Abell,Left,0,0,0,0,,LengthBall,OutsideOff,,Left,NoMovement,Leave,NoMovement,Over,Medium,Left,Null,NotReferred,Null,False,False,False,False,False,True,,False,False,False,False,False,False,0,0,0,0,0,False,False,,,Wicketkeeper
1653492,38,3.32,0,0,0,126,3,0,76650,,39481,County Championship 2026,2,31,Somerset Men,48,Surrey Men,8846744,2026-09-25T14:31:06Z,2,224,False,,,,1208,Reece Topley,3004,Tom Lammonby,5,Tom Abell,Left,0,0,0,0,,BackOfALength,OutsideOff,,Left,NoMovement,Leave,NoMovement,Over,Medium,Left,Null,NotReferred,Null,False,False,False,False,False,True,,False,False,False,False,False,False,0,0,0,0,0,False,False,,,Wicketkeeper
1653492,38,3.32,0,0,0,126,3,0,76650,,39481,County Championship 2026,2,31,Somerset Men,48,Surrey Men,8846750,2026-09-25T14:31:42Z,3,225,False,,,,1208,Reece Topley,3004,Tom Lammonby,5,Tom Abell,Left,0,0,0,0,,BackOfALength,OutsideOff,,None,BackFoot,BackwardDefensive,NoMovement,Over,Medium,Left,Null,NotReferred,Null,False,False,False,False,False,True,,False,False,False,False,False,False,0,0,0,0,0,False,False,344.0,44.0,Cover
1653492,38,3.32,0,0,0,126,3,0,76650,,39481,County Championship 2026,2,31,Somerset Men,48,Surrey Men,8846756,2026-09-25T14:32:18Z,4,226,False,,,,1208,Reece Topley,3004,Tom Lammonby,5,Tom Abell,Left,0,0,0,0,,BackOfALength,OutsideOff,,None,BackFoot,BackwardDefensive,NoMovement,Over,Medium,Left,Null,NotReferred,Null,False,False,False,False,False,True,,False,False,False,False,False,False,0,0,0,0,0,False,False,183.0,52.0,Square Leg
1653492,38,3.32,0,0,0,126,3,0,76650,,39481,County Championship 2026,2,31,Somerset Men,48,Surrey Men,8846760,2026-09-25T14:32:51Z,5,227,False,,,,1208,Reece Topley,3004,Tom Lammonby,5,Tom Abell,Left,0,0,0,0,,BackOfALength,OutsideOff,,Left,NoMovement,Leave,NoMovement,Over,Medium,Left,Null,NotReferred,Null,False,False,False,False,False,True,,False,False,False,False,False,False,0,0,0,0,0,False,False,,,Wicketkeeper
1653492,38,3.32,0,0,0,126,3,0,76650,,39481,County Championship 2026,2,31,Somerset Men,48,Surrey Men,8846767,2026-09-25T14:33:32Z,6,228,False,,,,1208,Reece Topley,3004,Tom Lammonby,5,Tom Abell,Left,0,0,0,0,,HalfVolley,OutsideOff,,None,FrontFoot,Drive,NoMovement,Over,Medium,Left,Null,NotReferred,Null,False,False,False,False,False,True,,False,False,False,False,False,False,0,0,0,0,0,False,False,330.0,53.0,Extra Cover
1653497,39,3.26,1,0,0,127,3,1,76650,,39481,County Championship 2026,2,31,Somerset Men,48,Surrey Men,8846773,2026-09-25T14:34:45Z,1,229,False,,,,15,Dan Lawrence,5,Tom Abell,3004,Tom Lammonby,Right,1,0,1,1,,LengthBall,OutsideOff,,None,FrontFoot,ForwardDefensive,OffBreak,Over,OffSpin,Right,Null,NotReferred,Null,False,False,False,False,False,True,,False,False,False,False,False,False,1,0,0,0,0,False,False,203.0,77.0,Cover
1653497,39,3.26,1,0,0,127,3,1,76650,,39481,County Championship 2026,2,31,Somerset Men,48,Surrey Men,8846780,2026-09-25T14:35:18Z,2,230,False,,,,15,Dan Lawrence,3004,Tom Lammonby,5,Tom Abell,Left,0,0,0,0,,LengthBall,OutsideOff,,None,FrontFoot,ForwardDefensive,OffBreak,Round,OffSpin,Right,Null,NotReferred,Null,False,False,False,False,False,True,,False,False,False,False,False,False,0,0,0,0,0,False,False,17.0,48.0,Backward Point
1653497,39,3.26,1,0,0,127,3,1,76650,,39481,County Championship 2026,2,31,Somerset Men,48,Surrey Men,8846783,2026-09-25T14:35:39Z,3,231,False,,,,15,Dan Lawrence,3004,Tom Lammonby,5,Tom Abell,Left,0,0,0,0,,LengthBall,OutsideOff,,None,FrontFoot,ForwardDefensive,OffBreak,Round,OffSpin,Right,Null,NotReferred,Null,False,False,False,False,False,True,,False,False,False,False,False,False,0,0,0,0,0,False,False,336.0,33.0,Cover
1653497,39,3.26,1,0,0,127,3,1,76650,,39481,County Championship 2026,2,31,Somerset Men,48,Surrey Men,8846787,2026-09-25T14:35:57Z,4,232,False,,,,15,Dan Lawrence,3004,Tom Lammonby,5,Tom Abell,Left,0,0,0,0,,LengthBall,OutsideOff,,None,FrontFoot,ForwardDefensive,OffBreak,Round,OffSpin,Right,Null,NotReferred,Null,False,False,False,False,False,True,,False,False,False,False,False,False,0,0,0,0,0,False,False,344.0,15.0,Cover
1653497,39,3.26,1,0,0,127,3,1,76650,,39481,County Championship 2026,2,31,Somerset Men,48,Surrey Men,8846789,2026-09-25T14:36:13Z,5,233,False,,,,15,Dan Lawrence,3004,Tom Lammonby,5,Tom Abell,Left,0,0,0,0,,LengthBall,OutsideOff,,None,FrontFoot,ForwardDefensive,OffBreak,Round,OffSpin,Right,Null,NotReferred,Null,False,False,False,False,False,True,,False,False,False,False,False,False,0,0,0,0,0,False,False,350.0,10.0,Wicketkeeper
1653497,39,3.26,1,0,0,127,3,1,76650,,39481,County Championship 2026,2,31,Somerset Men,48,Surrey Men,8846791,2026-09-25T14:36:30Z,6,234,False,,,,15,Dan Lawrence,3004,Tom Lammonby,5,Tom Abell,Left,0,0,0,0,,HalfVolley,MiddleStump,,None,BackFoot,Worked,OffBreak,Round,OffSpin,Right,Null,NotReferred,Null,False,False,False,False,False,True,,False,False,False,False,False,False,0,0,0,0,0,False,False,193.0,65.0,Square Leg
1653503,40,3.17,0,0,0,127,3,0,76650,,39481,County Championship 2026,2,31,Somerset Men,48,Surrey Men,8846804,2026-09-25T14:37:30Z,1,235,False,,,,1208,Reece Topley,5,Tom Abell,3004,Tom Lammonby,Right,0,0,0,0,,HalfVolley,OutsideOff,,None,FrontFoot,ForwardDefensive,NoMovement,Round,Medium,Left,Null,NotReferred,Null,False,False,False,False,False,True,,False,False,False,False,False,False,0,0,0,0,0,False,False,174.0,38.0,Backward Point
1653503,40,3.17,0,0,0,127,3,0,76650,,39481,County Championship 2026,2,31,Somerset Men,48,Surrey Men,8846810,2026-09-25T14:38:10Z,2,236,False,,,,1208,Reece Topley,5,Tom Abell,3004,Tom Lammonby,Right,0,0,0,0,,BackOfALength,OutsideOff,,None,BackFoot,BackwardDefensive,NoMovement,Round,Medium,Left,Null,NotReferred,Null,False,False,False,False,False,True,,False,False,False,False,False,False,0,0,0,0,0,False,False,189.0,37.0,Cover
1653503,40,3.17,0,0,0,127,3,0,76650,,39481,County Championship 2026,2,31,Somerset Men,48,Surrey Men,8846816,2026-09-25T14:38:48Z,3,237,False,,,,1208,Reece Topley,5,Tom Abell,3004,Tom Lammonby,Right,0,0,0,0,,LengthBall,OutsideOff,,ThickEdge,FrontFoot,ForwardDefensive,NoMovement,Round,Medium,Left,Null,NotReferred,Null,False,False,False,False,False,True,,False,False,False,False,False,False,0,0,0,0,0,False,False,146.0,57.0,Gully
1653503,40,3.17,0,0,0,127,3,0,76650,,39481,County Championship 2026,2,31,Somerset Men,48,Surrey Men,8846820,2026-09-25T14:39:25Z,4,238,False,,,,1208,Reece Topley,5,Tom Abell,3004,Tom Lammonby,Right,0,0,0,0,,BackOfALength,OutsideOff,,None,BackFoot,BackwardDefensive,NoMovement,Round,Medium,Left,Null,NotReferred,Null,False,False,False,False,False,True,,False,False,False,False,False,False,0,0,0,0,0,False,False,201.0,38.0,Cover
1653503,40,3.17,0,0,0,127,3,0,76650,,39481,County Championship 2026,2,31,Somerset Men,48,Surrey Men,8846824,2026-09-25T14:39:58Z,5,239,False,,,,1208,Reece Topley,5,Tom Abell,3004,Tom Lammonby,Right,0,0,0,0,,BackOfALength,OutsideOff,,Left,NoMovement,Leave,NoMovement,Round,Medium,Left,Null,NotReferred,Null,False,False,False,False,False,True,,False,False,False,False,False,False,0,0,0,0,0,False,False,,,Wicketkeeper
1653503,40,3.17,0,0,0,127,3,0,76650,,39481,County Championship 2026,2,31,Somerset Men,48,Surrey Men,8846831,2026-09-25T14:40:34Z,6,240,False,,,,1208,Reece Topley,5,Tom Abell,3004,Tom Lammonby,Right,0,0,0,0,,HalfVolley,OutsideOff,,None,FrontFoot,Drive,NoMovement,Round,Medium,Left,Null,NotReferred,Null,False,False,False,False,False,True,,False,False,False,False,False,False,0,0,0,0,0,False,False,271.0,42.0,Bowler
1653508,41,3.15,2,0,0,129,3,2,76650,,39481,County Championship 2026,2,31,Somerset Men,48,Surrey Men,8846839,2026-09-25T14:41:35Z,1,241,False,,,,15,Dan Lawrence,3004,Tom Lammonby,5,Tom Abell,Left,1,0,1,1,,BackOfALength,OutsideOff,,None,BackFoot,Cut,OffBreak,Round,OffSpin,Right,Null,NotReferred,Null,False,False,False,False,False,True,,False,False,False,False,False,False,1,0,0,0,0,False,False,345.0,149.0,Deep Cover
1653508,41,3.15,2,0,0,129,3,2,76650,,39481,County Championship 2026,2,31,Somerset Men,48,Surrey Men,8846844,2026-09-25T14:42:05Z,2,242,False,,,,15,Dan Lawrence,5,Tom Abell,3004,Tom Lammonby,Right,1,0,1,1,,HalfVolley,OffStump,,None,FrontFoot,Flick,OffBreak,Over,OffSpin,Right,Null,NotReferred,Null,False,False,False,False,False,True,,False,False,False,False,False,False,1,0,0,0,0,False,False,344.0,137.0,Deep Square Leg
1653508,41,3.15,2,0,0,129,3,2,76650,,39481,County Championship 2026,2,31,Somerset Men,48,Surrey Men,8846849,2026-09-25T14:42:29Z,3,243,False,,,,15,Dan Lawrence,3004,Tom Lammonby,5,Tom Abell,Left,0,0,0,0,,HalfVolley,OutsideOff,,None,FrontFoot,ForwardDefensive,OffBreak,Round,OffSpin,Right,Null,NotReferred,Null,False,False,False,False,False,True,,False,False,False,False,False,False,0,0,0,0,0,False,False,17.0,17.0,Backward Point
1653508,41,3.15,2,0,0,129,3,2,76650,,39481,County Championship 2026,2,31,Somerset Men,48,Surrey Men,8846851,2026-09-25T14:42:43Z,4,244,False,,,,15,Dan Lawrence,3004,Tom Lammonby,5,Tom Abell,Left,0,0,0,0,,BackOfALength,OutsideOff,,None,BackFoot,Cut,OffBreak,Round,OffSpin,Right,Null,NotReferred,Null,False,False,False,False,False,True,,False,False,False,False,False,False,0,0,0,0,0,False,False,22.0,47.0,Backward Point
1653508,41,3.15,2,0,0,129,3,2,76650,,39481,County Championship 2026,2,31,Somerset Men,48,Surrey Men,8846856,2026-09-25T14:43:04Z,5,245,False,,,,15,Dan Lawrence,3004,Tom Lammonby,5,Tom Abell,Left,0,0,0,0,,HalfVolley,OutsideOff,,None,FrontFoot,ForwardDefensive,OffBreak,Round,OffSpin,Right,Null,NotReferred,Null,False,False,False,False,False,True,,False,False,False,False,False,False,0,0,0,0,0,False,False,14.0,11.0,Backward Point
1653508,41,3.15,2,0,0,129,3,2,76650,,39481,County Championship 2026,2,31,Somerset Men,48,Surrey Men,8846862,2026-09-25T14:43:23Z,6,246,False,,,,15,Dan Lawrence,3004,Tom Lammonby,5,Tom Abell,Left,0,0,0,0,,LengthBall,OutsideOff,,None,BackFoot,BackwardDefensive,OffBreak,Round,OffSpin,Right,Null,NotReferred,Null,False,False,False,False,False,True,,False,False,False,False,False,False,0,0,0,0,0,False,False,57.0,0.0,Wicketkeeper
1653515,42,3.24,7,0,0,136,3,7,76650,,39481,County Championship 2026,2,31,Somerset Men,48,Surrey Men,8846871,2026-09-25T14:44:15Z,1,247,False,,,,1208,Reece Topley,5,Tom Abell,3004,Tom Lammonby,Right,0,0,0,0,,LengthBall,OutsideOff,,None,FrontFoot,ForwardDefensive,NoMovement,Round,Medium,Left,Null,NotReferred,Null,False,False,False,False,False,True,,False,False,False,False,False,False,0,0,0,0,0,False,False,236.0,41.0,Extra Cover
1653515,42,3.24,7,0,0,136,3,7,76650,,39481,County Championship 2026,2,31,Somerset Men,48,Surrey Men,8846884,2026-09-25T14:45:05Z,2,248,False,,,,1208,Reece Topley,5,Tom Abell,3004,Tom Lammonby,Right,0,0,0,0,,LengthBall,OutsideOff,,None,FrontFoot,ForwardDefensive,NoMovement,Round,Medium,Left,Null,NotReferred,Null,False,False,False,False,False,True,,False,False,False,False,False,False,0,0,0,0,0,False,False,322.0,47.0,Mid Wicket
1653515,42,3.24,7,0,0,136,3,7,76650,,39481,County Championship 2026,2,31,Somerset Men,48,Surrey Men,8846888,2026-09-25T14:45:43Z,3,249,False,,,,1208,Reece Topley,5,Tom Abell,3004,Tom Lammonby,Right,4,0,4,4,,HalfVolley,OutsideOff,,WellTimed,FrontFoot,Drive,NoMovement,Round,Medium,Left,Null,NotReferred,Null,False,False,False,False,False,True,,False,False,False,False,False,False,4,0,0,0,0,True,False,154.0,166.0,
1653515,42,3.24,7,0,0,136,3,7,76650,,39481,County Championship 2026,2,31,Somerset Men,48,Surrey Men,8846895,2026-09-25T14:46:19Z,4,250,False,,,,1208,Reece Topley,5,Tom Abell,3004,Tom Lammonby,Right,2,0,2,2,,HalfVolley,OffStump,,WellTimed,FrontFoot,Flick,NoMovement,Round,Medium,Left,Null,NotReferred,Null,False,False,False,False,False,True,,False,False,False,False,False,False,2,0,0,0,0,False,False,323.0,156.0,Deep Mid Wicket
1653515,42,3.24,7,0,0,136,3,7,76650,,39481,County Championship 2026,2,31,Somerset Men,48,Surrey Men,8846898,2026-09-25T14:46:59Z,5,251,False,,,,1208,Reece Topley,5,Tom Abell,3004,Tom Lammonby,Right,1,0,1,1,,LengthBall,OutsideOff,,None,BackFoot,Worked,NoMovement,Round,Medium,Left,Null,NotReferred,Null,False,False,False,False,False,True,,False,False,False,False,False,False,1,0,0,0,0,False,False,340.0,143.0,Deep Square Leg
1653515,42,3.24,7,0,0,136,3,7,76650,,39481,County Championship 2026,2,31,Somerset Men,48,Surrey Men,8846903,2026-09-25T14:47:37Z,6,252,False,,,,1208,Reece Topley,3004,Tom Lammonby,5,Tom Abell,Left,0,0,0,0,,Short,OutsideOff,,Left,Ducked,Leave,NoMovement,Over,Medium,Left,Null,NotReferred,Null,False,False,False,False,False,True,,False,False,False,False,False,False,0,0,0,0,0,False,False,,,Wicketkeeper
1653521,43,3.35,8,0,0,144,3,8,76650,,39481,County Championship 2026,2,31,Somerset Men,48,Surrey Men,8846914,2026-09-25T14:48:39Z,1,253,False,,,,15,Dan Lawrence,5,Tom Abell,3004,Tom Lammonby,Right,1,0,1,1,,HalfVolley,OffStump,,None,FrontFoot,Flick,OffBreak,Over,OffSpin,Right,Null,NotReferred,Null,False,False,False,False,False,True,,False,False,False,False,False,False,1,0,0,0,0,False,False,339.0,141.0,Deep Square Leg
1653521,43,3.35,8,0,0,144,3,8,76650,,39481,County Championship 2026,2,31,Somerset Men,48,Surrey Men,8846919,2026-09-25T14:49:15Z,2,254,False,,,,15,Dan Lawrence,3004,Tom Lammonby,5,Tom Abell,Left,1,0,1,1,,HalfVolley,OffStump,,None,BackFoot,Worked,OffBreak,Round,OffSpin,Right,Null,NotReferred,Null,False,False,False,False,False,True,,False,False,False,False,False,False,1,0,0,0,0,False,False,159.0,126.0,Deep Backward Square Leg
1653521,43,3.35,8,0,0,144,3,8,76650,,39481,County Championship 2026,2,31,Somerset Men,48,Surrey Men,8846927,2026-09-25T14:49:50Z,3,255,False,,,,15,Dan Lawrence,5,Tom Abell,3004,Tom Lammonby,Right,1,0,1,1,,LengthBall,OffStump,,None,FrontFoot,Worked,OffBreak,Over,OffSpin,Right,Null,NotReferred,Null,False,False,False,False,False,True,,False,False,False,False,False,False,1,0,0,0,0,False,False,11.0,124.0,Deep Backward Square Leg
1653521,43,3.35,8,0,0,144,3,8,76650,,39481,County Championship 2026,2,31,Somerset Men,48,Surrey Men,8846930,2026-09-25T14:50:26Z,4,256,False,,,,15,Dan Lawrence,3004,Tom Lammonby,5,Tom Abell,Left,0,0,0,0,,BackOfALength,OutsideOff,,Left,NoMovement,Leave,OffBreak,Round,OffSpin,Right,Null,NotReferred,Null,False,False,False,False,False,True,,False,False,False,False,False,False,0,0,0,0,0,False,False,,,Wicketkeeper
1653521,43,3.35,8,0,0,144,3,8,76650,,39481,County Championship 2026,2,31,Somerset Men,48,Surrey Men,8846935,2026-09-25T14:50:44Z,5,257,False,,,,15,Dan Lawrence,3004,Tom Lammonby,5,Tom Abell,Left,4,0,4,4,,HalfVolley,LegStump,,WellTimed,FrontFoot,Sweep,OffBreak,Round,OffSpin,Right,Null,NotReferred,Null,False,False,False,False,False,True,,False,False,False,False,False,False,4,0,0,0,0,True,False,111.0,161.0,
1653521,43,3.35,8,0,0,144,3,8,76650,,39481,County Championship 2026,2,31,Somerset Men,48,Surrey Men,8846941,2026-09-25T14:51:19Z,6,258,False,,,,15,Dan Lawrence,3004,Tom Lammonby,5,Tom Abell,Left,1,0,1,1,,BackOfALength,OutsideOff,,None,BackFoot,Cut,OffBreak,Round,OffSpin,Right,Null,NotReferred,Null,False,False,False,False,False,True,,False,False,False,False,False,False,1,0,0,0,0,False,False,,133.0,Deep Cover
1653528,44,3.34,3,0,0,147,3,3,76650,,39481,County Championship 2026,2,31,Somerset Men,48,Surrey Men,8846952,2026-09-25T14:52:45Z,1,259,False,,,,1208,Reece Topley,3004,Tom Lammonby,5,Tom Abell,Left,0,0,0,0,,LengthBall,OutsideOff,,None,BackFoot,BackwardDefensive,NoMovement,Over,Medium,Left,Null,NotReferred,Null,False,False,False,False,False,True,,False,False,False,False,False,False,0,0,0,0,0,False,False,210.0,47.0,Square Leg
1653528,44,3.34,3,0,0,147,3,3,76650,,39481,County Championship 2026,2,31,Somerset Men,48,Surrey Men,8846960,2026-09-25T14:53:21Z,2,260,False,,,,1208,Reece Topley,3004,Tom Lammonby,5,Tom Abell,Left,1,0,1,1,,BackOfALength,OutsideOff,,None,BackFoot,Cut,NoMovement,Over,Medium,Left,Null,NotReferred,Null,False,False,False,False,False,True,,False,False,False,False,False,False,1,0,0,0,0,False,False,19.0,124.0,Deep Backward Point
1653528,44,3.34,3,0,0,147,3,3,76650,,39481,County Championship 2026,2,31,Somerset Men,48,Surrey Men,8846966,2026-09-25T14:54:05Z,3,261,False,,,,1208,Reece Topley,5,Tom Abell,3004,Tom Lammonby,Right,0,0,0,0,,LengthBall,OutsideOff,,None,FrontFoot,ForwardDefensive,NoMovement,Round,Medium,Left,Null,NotReferred,Null,False,False,False,False,False,True,,False,False,False,False,False,False,0,0,0,0,0,False,False,280.0,52.0,Mid On
1653528,44,3.34,3,0,0,147,3,3,76650,,39481,County Championship 2026,2,31,Somerset Men,48,Surrey Men,8846971,2026-09-25T14:54:31Z,4,262,False,,,,1208,Reece Topley,5,Tom Abell,3004,Tom Lammonby,Right,1,0,1,1,,Short,OutsideOff,,WellTimed,BackFoot,Pull,NoMovement,Round,Medium,Left,Null,NotReferred,Null,False,False,False,False,False,True,,False,False,False,False,False,False,1,0,0,0,0,False,False,6.0,155.0,Deep Backward Square Leg
1653528,44,3.34,3,0,0,147,3,3,76650,,39481,County Championship 2026,2,31,Somerset Men,48,Surrey Men,8846977,2026-09-25T14:55:03Z,5,263,False,,,,1208,Reece Topley,3004,Tom Lammonby,5,Tom Abell,Left,0,0,0,0,,BackOfALength,OutsideOff,,None,BackFoot,BackwardDefensive,NoMovement,Round,Medium,Left,Null,NotReferred,Null,False,False,False,False,False,True,,False,False,False,False,False,False,0,0,0,0,0,False,False,213.0,39.0,Mid Wicket
1653528,44,3.34,3,0,0,147,3,3,76650,,39481,County Championship 2026,2,31,Somerset Men,48,Surrey Men,8846982,2026-09-25T14:55:37Z,6,264,False,,,,1208,Reece Topley,3004,Tom Lammonby,5,Tom Abell,Left,1,0,1,1,,Yorker,OutsideOff,,None,BackFoot,Worked,OffCutter,Over,Medium,Left,Null,NotReferred,Null,False,False,False,False,False,True,,False,False,False,False,False,False,1,0,0,0,0,False,False,140.0,111.0,Fine Leg
1653536,45,3.27,0,0,0,147,3,0,76650,,39481,County Championship 2026,2,31,Somerset Men,48,Surrey Men,8846996,2026-09-25T14:56:52Z,1,265,False,,,,2709,Mahipal Lomror,3004,Tom Lammonby,5,Tom Abell,Left,0,0,0,0,,Yorker,OutsideOff,,None,FrontFoot,Drive,StockBall,Over,Orthodox,Left,Null,NotReferred,Null,False,False,False,False,False,True,,False,False,False,False,False,False,0,0,0,0,0,False,False,17.0,55.0,Backward Point
1653536,45,3.27,0,0,0,147,3,0,76650,,39481,County Championship 2026,2,31,Somerset Men,48,Surrey Men,8847001,2026-09-25T14:57:12Z,2,266,False,,,,2709,Mahipal Lomror,3004,Tom Lammonby,5,Tom Abell,Left,0,0,0,0,,LengthBall,OutsideOff,,None,BackFoot,BackwardDefensive,StockBall,Over,Orthodox,Left,Null,NotReferred,Null,False,False,False,False,False,True,,False,False,False,False,False,False,0,0,0,0,0,False,False,21.0,39.0,Backward Point
1653536,45,3.27,0,0,0,147,3,0,76650,,39481,County Championship 2026,2,31,Somerset Men,48,Surrey Men,8847004,2026-09-25T14:57:29Z,3,267,False,,,,2709,Mahipal Lomror,3004,Tom Lammonby,5,Tom Abell,Left,0,0,0,0,,LengthBall,OutsideOff,,None,FrontFoot,ForwardDefensive,StockBall,Over,Orthodox,Left,Null,NotReferred,Null,False,False,False,False,False,True,,False,False,False,False,False,False,0,0,0,0,0,False,False,225.0,19.0,Mid Wicket
1653536,45,3.27,0,0,0,147,3,0,76650,,39481,County Championship 2026,2,31,Somerset Men,48,Surrey Men,8847007,2026-09-25T14:57:45Z,4,268,False,,,,2709,Mahipal Lomror,3004,Tom Lammonby,5,Tom Abell,Left,0,0,0,0,,LengthBall,OutsideOff,,None,FrontFoot,ForwardDefensive,StockBall,Over,Orthodox,Left,Null,NotReferred,Null,False,False,False,False,False,True,,False,False,False,False,False,False,0,0,0,0,0,False,False,241.0,39.0,Mid On
1653536,45,3.27,0,0,0,147,3,0,76650,,39481,County Championship 2026,2,31,Somerset Men,48,Surrey Men,8847010,2026-09-25T14:58:04Z,5,269,False,,,,2709,Mahipal Lomror,3004,Tom Lammonby,5,Tom Abell,Left,0,0,0,0,,LengthBall,OutsideOff,,None,FrontFoot,ForwardDefensive,StockBall,Over,Orthodox,Left,Null,NotReferred,Null,False,False,False,False,False,True,,False,False,False,False,False,False,0,0,0,0,0,False,False,269.0,44.0,Bowler
1653536,45,3.27,0,0,0,147,3,0,76650,,39481,County Championship 2026,2,31,Somerset Men,48,Surrey Men,8847014,2026-09-25T14:58:22Z,6,270,False,,,,2709,Mahipal Lomror,3004,Tom Lammonby,5,Tom Abell,Left,0,0,0,0,,LengthBall,OutsideOff,,None,FrontFoot,ForwardDefensive,StockBall,Over,Orthodox,Left,Null,NotReferred,Null,False,False,False,False,False,True,,False,False,False,False,False,False,0,0,0,0,0,False,False,13.0,13.0,Backward Point
1653540,46,3.33,6,0,0,153,3,6,76650,,39481,County Championship 2026,2,31,Somerset Men,48,Surrey Men,8847025,2026-09-25T14:59:27Z,1,271,False,,,,785,Dan Worrall,5,Tom Abell,3004,Tom Lammonby,Right,0,0,0,0,,HalfVolley,OutsideOff,,None,FrontFoot,Drive,NoMovement,Over,FastSeam,Right,Null,NotReferred,Null,False,False,False,False,False,True,,False,False,False,False,False,False,0,0,0,0,0,False,False,292.0,70.0,Mid On
1653540,46,3.33,6,0,0,153,3,6,76650,,39481,County Championship 2026,2,31,Somerset Men,48,Surrey Men,8847030,2026-09-25T14:59:56Z,2,272,False,,,,785,Dan Worrall,5,Tom Abell,3004,Tom Lammonby,Right,0,0,0,0,,LengthBall,OutsideOff,,None,FrontFoot,ForwardDefensive,NoMovement,Over,FastSeam,Right,Null,NotReferred,Null,False,False,False,False,False,True,,False,False,False,False,False,False,0,0,0,0,0,False,False,283.0,56.0,Mid On
1653540,46,3.33,6,0,0,153,3,6,76650,,39481,County Championship 2026,2,31,Somerset Men,48,Surrey Men,8847035,2026-09-25T15:00:23Z,3,273,False,,,,785,Dan Worrall,5,Tom Abell,3004,Tom Lammonby,Right,4,0,4,4,,BackOfALength,OutsideOff,,WellTimed,BackFoot,Cut,NoMovement,Over,FastSeam,Right,Null,NotReferred,Null,False,False,False,False,False,True,,False,False,False,False,False,False,4,0,0,0,0,True,False,185.0,171.0,
1653540,46,3.33,6,0,0,153,3,6,76650,,39481,County Championship 2026,2,31,Somerset Men,48,Surrey Men,8847043,2026-09-25T15:01:03Z,4,274,False,,,,785,Dan Worrall,5,Tom Abell,3004,Tom Lammonby,Right,1,0,1,1,,LengthBall,OutsideOff,,WellTimed,FrontFoot,ForwardDefensive,NoMovement,Over,FastSeam,Right,Null,NotReferred,Null,False,False,False,False,False,True,,False,False,False,False,False,False,1,0,0,0,0,False,False,276.0,49.0,Mid On
1653540,46,3.33,6,0,0,153,3,6,76650,,39481,County Championship 2026,2,31,Somerset Men,48,Surrey Men,8847049,2026-09-25T15:01:42Z,5,275,False,,,,785,Dan Worrall,3004,Tom Lammonby,5,Tom Abell,Left,0,0,0,0,,BackOfALength,MiddleStump,,PlayAndMissLegSide,BackFoot,Glance,NoMovement,Round,FastSeam,Right,Null,NotReferred,Null,False,False,False,False,False,True,,False,False,False,False,False,False,0,0,0,0,0,False,False,,,Wicketkeeper
1653540,46,3.33,6,0,0,153,3,6,76650,,39481,County Championship 2026,2,31,Somerset Men,48,Surrey Men,8847052,2026-09-25T15:02:13Z,6,276,False,,,,785,Dan Worrall,3004,Tom Lammonby,5,Tom Abell,Left,1,0,1,1,,HalfVolley,OutsideOff,,None,FrontFoot,Drive,NoMovement,Round,FastSeam,Right,Null,NotReferred,Null,False,False,False,False,False,True,,False,False,False,False,False,False,1,0,0,0,0,False,False,284.0,57.0,Mid Off
1653548,47,3.38,6,0,0,159,3,6,76650,,39481,County Championship 2026,2,31,Somerset Men,48,Surrey Men,8847066,2026-09-25T15:03:30Z,1,277,False,,,,2709,Mahipal Lomror,3004,Tom Lammonby,5,Tom Abell,Left,0,0,0,0,,LengthBall,Wide,Lbw,HitPad,NoMovement,Leave,StockBall,Over,Orthodox,Left,Null,NotReferred,Null,False,False,False,False,False,True,1842.0,False,False,False,False,False,False,0,0,0,0,0,False,False,246.0,14.0,Wicketkeeper
1653548,47,3.38,6,0,0,159,3,6,76650,,39481,County Championship 2026,2,31,Somerset Men,48,Surrey Men,8847070,2026-09-25T15:03:53Z,2,278,False,,,,2709,Mahipal Lomror,3004,Tom Lammonby,5,Tom Abell,Left,1,0,1,1,,HalfVolley,OutsideOff,,None,FrontFoot,Drive,StockBall,Over,Orthodox,Left,Null,NotReferred,Null,False,False,False,False,False,True,,False,False,False,False,False,False,1,0,0,0,0,False,False,257.0,110.0,Long On
1653548,47,3.38,6,0,0,159,3,6,76650,,39481,County Championship 2026,2,31,Somerset Men,48,Surrey Men,8847073,2026-09-25T15:04:19Z,3,279,False,,,,2709,Mahipal Lomror,5,Tom Abell,3004,Tom Lammonby,Right,4,0,4,4,,FullToss,MiddleStump,,WellTimed,FrontFoot,Drive,StockBall,Round,Orthodox,Left,Null,NotReferred,Null,False,False,False,False,False,True,,False,False,False,False,False,False,4,0,0,0,0,True,False,303.0,178.0,
1653548,47,3.38,6,0,0,159,3,6,76650,,39481,County Championship 2026,2,31,Somerset Men,48,Surrey Men,8847083,2026-09-25T15:05:02Z,4,280,False,,,,2709,Mahipal Lomror,5,Tom Abell,3004,Tom Lammonby,Right,0,0,0,0,,LengthBall,OutsideOff,,None,FrontFoot,ForwardDefensive,StockBall,Round,Orthodox,Left,Null,NotReferred,Null,False,False,False,False,False,True,,False,False,False,False,False,False,0,0,0,0,0,False,False,266.0,34.0,Bowler
1653548,47,3.38,6,0,0,159,3,6,76650,,39481,County Championship 2026,2,31,Somerset Men,48,Surrey Men,8847087,2026-09-25T15:05:19Z,5,281,False,,,,2709,Mahipal Lomror,5,Tom Abell,3004,Tom Lammonby,Right,0,0,0,0,,BackOfALength,OutsideOff,,None,DownTheTrack,ForwardDefensive,StockBall,Round,Orthodox,Left,Null,NotReferred,Null,False,False,False,False,False,True,,False,False,False,False,False,False,0,0,0,0,0,False,False,269.0,41.0,Bowler
1653548,47,3.38,6,0,0,159,3,6,76650,,39481,County Championship 2026,2,31,Somerset Men,48,Surrey Men,8847092,2026-09-25T15:05:34Z,6,282,False,,,,2709,Mahipal Lomror,5,Tom Abell,3004,Tom Lammonby,Right,1,0,1,1,,LengthBall,LegStump,,None,FrontFoot,Worked,StockBall,Round,Orthodox,Left,Null,NotReferred,Null,False,False,False,False,False,True,,False,False,False,False,False,False,1,0,0,0,0,False,False,4.0,135.0,Deep Backward Square Leg
1653555,48,3.33,1,0,0,160,3,1,76650,,39481,County Championship 2026,2,31,Somerset Men,48,Surrey Men,8847103,2026-09-25T15:06:25Z,1,283,False,,,,785,Dan Worrall,5,Tom Abell,3004,Tom Lammonby,Right,1,0,1,1,,HalfVolley,LegStump,,WellTimed,FrontFoot,Flick,NoMovement,Over,FastSeam,Right,Null,NotReferred,Null,False,False,False,False,False,True,,False,False,False,False,False,False,1,0,0,0,0,False,False,58.0,148.0,Fine Leg
1653555,48,3.33,1,0,0,160,3,1,76650,,39481,County Championship 2026,2,31,Somerset Men,48,Surrey Men,8847109,2026-09-25T15:06:53Z,2,284,False,,,,785,Dan Worrall,3004,Tom Lammonby,5,Tom Abell,Left,0,0,0,0,,BackOfALength,OutsideOff,,Left,NoMovement,Leave,NoMovement,Round,FastSeam,Right,Null,NotReferred,Null,False,False,False,False,False,True,,False,False,False,False,False,False,0,0,0,0,0,False,False,,,Wicketkeeper
1653555,48,3.33,1,0,0,160,3,1,76650,,39481,County Championship 2026,2,31,Somerset Men,48,Surrey Men,8847118,2026-09-25T15:07:25Z,3,285,False,,,,785,Dan Worrall,3004,Tom Lammonby,5,Tom Abell,Left,0,0,0,0,,LengthBall,OutsideOff,,None,BackFoot,Worked,NoMovement,Round,FastSeam,Right,Null,NotReferred,Null,False,False,False,False,False,True,,False,False,False,False,False,False,0,0,0,0,0,False,False,210.0,49.0,Square Leg
1653555,48,3.33,1,0,0,160,3,1,76650,,39481,County Championship 2026,2,31,Somerset Men,48,Surrey Men,8847125,2026-09-25T15:07:53Z,4,286,False,,,,785,Dan Worrall,3004,Tom Lammonby,5,Tom Abell,Left,0,0,0,0,,LengthBall,OutsideOff,,None,FrontFoot,ForwardDefensive,NoMovement,Round,FastSeam,Right,Null,NotReferred,Null,False,False,False,False,False,True,,False,False,False,False,False,False,0,0,0,0,0,False,False,26.0,53.0,Backward Point
1653555,48,3.33,1,0,0,160,3,1,76650,,39481,County Championship 2026,2,31,Somerset Men,48,Surrey Men,8847131,2026-09-25T15:08:19Z,5,287,False,,,,785,Dan Worrall,3004,Tom Lammonby,5,Tom Abell,Left,0,0,0,0,,BackOfALength,OutsideOff,,None,BackFoot,BackwardDefensive,NoMovement,Round,FastSeam,Right,Null,NotReferred,Null,False,False,False,False,False,True,,False,False,False,False,False,False,0,0,0,0,0,False,False,303.0,15.0,Wicketkeeper
1653555,48,3.33,1,0,0,160,3,1,76650,,39481,County Championship 2026,2,31,Somerset Men,48,Surrey Men,8847136,2026-09-25T15:08:45Z,6,288,False,,,,785,Dan Worrall,3004,Tom Lammonby,5,Tom Abell,Left,0,0,0,0,,LengthBall,OutsideOff,,None,FrontFoot,ForwardDefensive,NoMovement,Round,FastSeam,Right,Null,NotReferred,Null,False,False,False,False,False,True,,False,False,False,False,False,False,0,0,0,0,0,False,False,28.0,50.0,Backward Point
1653568,49,3.41,7,0,0,167,3,7,76650,,39481,County Championship 2026,2,31,Somerset Men,48,Surrey Men,8847181,2026-09-25T15:09:47Z,1,289,False,,,,2709,Mahipal Lomror,5,Tom Abell,3004,Tom Lammonby,Right,0,0,0,0,,LengthBall,OffStump,,None,FrontFoot,Drive,StockBall,Round,Orthodox,Left,Null,NotReferred,Null,False,False,False,False,False,True,,False,False,False,False,False,False,0,0,0,0,0,False,False,284.0,71.0,Mid On
1653568,49,3.41,7,0,0,167,3,7,76650,,39481,County Championship 2026,2,31,Somerset Men,48,Surrey Men,8847183,2026-09-25T15:10:07Z,2,290,False,,,,2709,Mahipal Lomror,5,Tom Abell,3004,Tom Lammonby,Right,1,0,1,1,,BackOfALength,OutsideOff,,None,BackFoot,Cut,StockBall,Round,Orthodox,Left,Null,NotReferred,Null,False,False,False,False,False,True,,False,False,False,False,False,False,1,0,0,0,0,False,False,192.0,126.0,Deep Cover
1653568,49,3.41,7,0,0,167,3,7,76650,,39481,County Championship 2026,2,31,Somerset Men,48,Surrey Men,8847182,2026-09-25T15:10:30Z,3,291,False,,,,2709,Mahipal Lomror,3004,Tom Lammonby,5,Tom Abell,Left,1,0,1,1,,LengthBall,OutsideOff,,WellTimed,DownTheTrack,Flick,StockBall,Over,Orthodox,Left,Null,NotReferred,Null,False,False,False,False,False,True,,False,False,False,False,False,False,1,0,0,0,0,False,False,249.0,152.0,Long On
1653568,49,3.41,7,0,0,167,3,7,76650,,39481,County Championship 2026,2,31,Somerset Men,48,Surrey Men,8847184,2026-09-25T15:10:54Z,4,292,False,,,,2709,Mahipal Lomror,5,Tom Abell,3004,Tom Lammonby,Right,1,0,1,1,,LengthBall,OutsideOff,,WellTimed,FrontFoot,Drive,StockBall,Over,Orthodox,Left,Null,NotReferred,Null,False,False,False,False,False,True,,False,False,False,False,False,False,1,0,0,0,0,False,False,194.0,116.0,Deep Cover
1653568,49,3.41,7,0,0,167,3,7,76650,,39481,County Championship 2026,2,31,Somerset Men,48,Surrey Men,8847186,2026-09-25T15:11:14Z,5,293,False,,,,2709,Mahipal Lomror,3004,Tom Lammonby,5,Tom Abell,Left,4,0,4,4,,BackOfALength,OutsideOff,,WellTimed,BackFoot,LateCut,StockBall,Over,Orthodox,Left,Null,NotReferred,Null,False,False,False,False,False,True,,False,False,False,False,False,False,4,0,0,0,0,True,False,51.0,162.0,
1653568,49,3.41,7,0,0,167,3,7,76650,,39481,County Championship 2026,2,31,Somerset Men,48,Surrey Men,8847185,2026-09-25T15:11:50Z,6,294,False,,,,2709,Mahipal Lomror,3004,Tom Lammonby,5,Tom Abell,Left,0,0,0,0,,BackOfALength,OutsideOff,,MisTimed,BackFoot,Cut,StockBall,Over,Orthodox,Left,Null,NotReferred,Null,False,False,False,False,False,True,,False,False,False,False,False,False,0,0,0,0,0,False,False,323.0,50.0,Extra Cover
1653569,50,3.36,1,0,0,168,3,1,76650,,39481,County Championship 2026,2,31,Somerset Men,48,Surrey Men,8847194,2026-09-25T15:12:55Z,1,295,False,,,,785,Dan Worrall,5,Tom Abell,3004,Tom Lammonby,Right,0,0,0,0,,LengthBall,OutsideOff,,ThickEdge,BackFoot,BackwardDefensive,NoMovement,Over,FastSeam,Right,Null,NotReferred,Null,False,False,False,False,False,True,,False,False,False,False,False,False,0,0,0,0,0,False,False,143.0,55.0,Gully
1653569,50,3.36,1,0,0,168,3,1,76650,,39481,County Championship 2026,2,31,Somerset Men,48,Surrey Men,8847200,2026-09-25T15:13:31Z,2,296,False,,,,785,Dan Worrall,5,Tom Abell,3004,Tom Lammonby,Right,0,0,0,0,,BackOfALength,OutsideOff,,None,BackFoot,BackwardDefensive,NoMovement,Over,FastSeam,Right,Null,NotReferred,Null,False,False,False,False,False,True,,False,False,False,False,False,False,0,0,0,0,0,False,False,287.0,50.0,Mid On
1653569,50,3.36,1,0,0,168,3,1,76650,,39481,County Championship 2026,2,31,Somerset Men,48,Surrey Men,8847207,2026-09-25T15:14:01Z,3,297,False,,,,785,Dan Worrall,5,Tom Abell,3004,Tom Lammonby,Right,0,0,0,0,,LengthBall,OutsideOff,,None,FrontFoot,Drive,NoMovement,Over,FastSeam,Right,Null,NotReferred,Null,False,False,False,False,False,True,,False,False,False,False,False,False,0,0,0,0,0,False,False,288.0,69.0,Mid On
1653569,50,3.36,1,0,0,168,3,1,76650,,39481,County Championship 2026,2,31,Somerset Men,48,Surrey Men,8847212,2026-09-25T15:14:26Z,4,298,False,,,,785,Dan Worrall,5,Tom Abell,3004,Tom Lammonby,Right,0,0,0,0,,LengthBall,OutsideOff,,None,BackFoot,Worked,NoMovement,Over,FastSeam,Right,Null,NotReferred,Null,False,False,False,False,False,True,,False,False,False,False,False,False,0,0,0,0,0,False,False,321.0,50.0,Mid Wicket
1653569,50,3.36,1,0,0,168,3,1,76650,,39481,County Championship 2026,2,31,Somerset Men,48,Surrey Men,8847218,2026-09-25T15:14:57Z,5,299,False,,,,785,Dan Worrall,5,Tom Abell,3004,Tom Lammonby,Right,0,0,0,0,,LengthBall,OutsideOff,,None,FrontFoot,ForwardDefensive,NoMovement,Over,FastSeam,Right,Null,NotReferred,Null,False,False,False,False,False,True,,False,False,False,False,False,False,0,0,0,0,0,False,False,158.0,54.0,Backward Point
1653569,50,3.36,1,0,0,168,3,1,76650,,39481,County Championship 2026,2,31,Somerset Men,48,Surrey Men,8847224,2026-09-25T15:15:23Z,6,300,False,,,,785,Dan Worrall,5,Tom Abell,3004,Tom Lammonby,Right,1,0,1,1,,BackOfALength,OutsideOff,,WellTimed,BackFoot,Cut,NoMovement,Over,FastSeam,Right,Null,NotReferred,Null,False,False,False,False,False,True,,False,False,False,False,False,False,1,0,0,0,0,False,False,177.0,141.0,Deep Backward Point
1653578,51,3.31,1,0,0,169,3,1,76650,,39481,County Championship 2026,2,31,Somerset Men,48,Surrey Men,8847240,2026-09-25T15:16:21Z,1,301,False,,,,2709,Mahipal Lomror,5,Tom Abell,3004,Tom Lammonby,Right,0,0,0,0,,LengthBall,MiddleStump,,None,FrontFoot,Worked,StockBall,Round,Orthodox,Left,Null,NotReferred,Null,False,False,False,False,False,True,,False,False,False,False,False,False,0,0,0,0,0,False,False,329.0,46.0,Mid Wicket
1653578,51,3.31,1,0,0,169,3,1,76650,,39481,County Championship 2026,2,31,Somerset Men,48,Surrey Men,8847241,2026-09-25T15:16:36Z,2,302,False,,,,2709,Mahipal Lomror,5,Tom Abell,3004,Tom Lammonby,Right,0,0,0,0,,LengthBall,OutsideOff,,None,FrontFoot,ForwardDefensive,StockBall,Round,Orthodox,Left,Null,NotReferred,Null,False,False,False,False,False,True,,False,False,False,False,False,False,0,0,0,0,0,False,False,216.0,42.0,Extra Cover
1653578,51,3.31,1,0,0,169,3,1,76650,,39481,County Championship 2026,2,31,Somerset Men,48,Surrey Men,8847250,2026-09-25T15:16:52Z,3,303,False,,,,2709,Mahipal Lomror,5,Tom Abell,3004,Tom Lammonby,Right,1,0,1,1,,LengthBall,OffStump,,None,FrontFoot,Flick,StockBall,Round,Orthodox,Left,Null,NotReferred,Null,False,False,False,False,False,True,,False,False,False,False,False,False,1,0,0,0,0,False,False,349.0,146.0,Deep Square Leg
1653578,51,3.31,1,0,0,169,3,1,76650,,39481,County Championship 2026,2,31,Somerset Men,48,Surrey Men,8847254,2026-09-25T15:17:24Z,4,304,False,,,,2709,Mahipal Lomror,3004,Tom Lammonby,5,Tom Abell,Left,0,0,0,0,,LengthBall,OutsideOff,,None,FrontFoot,Drive,StockBall,Over,Orthodox,Left,Null,NotReferred,Null,False,False,False,False,False,True,,False,False,False,False,False,False,0,0,0,0,0,False,False,287.0,61.0,Mid Off
1653578,51,3.31,1,0,0,169,3,1,76650,,39481,County Championship 2026,2,31,Somerset Men,48,Surrey Men,8847260,2026-09-25T15:17:39Z,5,305,False,,,,2709,Mahipal Lomror,3004,Tom Lammonby,5,Tom Abell,Left,0,0,0,0,,LengthBall,OutsideOff,,None,FrontFoot,ForwardDefensive,StockBall,Over,Orthodox,Left,Null,NotReferred,Null,False,False,False,False,False,True,,False,False,False,False,False,False,0,0,0,0,0,False,False,264.0,41.0,Bowler
1653578,51,3.31,1,0,0,169,3,1,76650,,39481,County Championship 2026,2,31,Somerset Men,48,Surrey Men,8847262,2026-09-25T15:17:56Z,6,306,False,,,,2709,Mahipal Lomror,3004,Tom Lammonby,5,Tom Abell,Left,0,0,0,0,,LengthBall,OutsideOff,,None,FrontFoot,ForwardDefensive,StockBall,Over,Orthodox,Left,Null,NotReferred,Null,False,False,False,False,False,True,,False,False,False,False,False,False,0,0,0,0,0,False,False,3.0,10.0,Wicketkeeper
1653582,52,3.37,6,0,0,175,3,6,76650,,39481,County Championship 2026,2,31,Somerset Men,48,Surrey Men,8847275,2026-09-25T15:19:05Z,1,307,False,,,,785,Dan Worrall,5,Tom Abell,3004,Tom Lammonby,Right,0,0,0,0,,LengthBall,OutsideOff,,Left,NoMovement,Leave,NoMovement,Over,FastSeam,Right,Null,NotReferred,Null,False,False,False,False,False,True,,False,False,False,False,False,False,0,0,0,0,0,False,False,,,Wicketkeeper
1653582,52,3.37,6,0,0,175,3,6,76650,,39481,County Championship 2026,2,31,Somerset Men,48,Surrey Men,8847281,2026-09-25T15:19:30Z,2,308,False,,,,785,Dan Worrall,5,Tom Abell,3004,Tom Lammonby,Right,4,0,4,4,,BackOfALength,OutsideOff,,WellTimed,BackFoot,LateCut,NoMovement,Over,FastSeam,Right,Null,NotReferred,Null,False,False,False,False,False,True,,False,False,False,False,False,False,4,0,0,0,0,True,False,110.0,161.0,
1653582,52,3.37,6,0,0,175,3,6,76650,,39481,County Championship 2026,2,31,Somerset Men,48,Surrey Men,8847291,2026-09-25T15:20:06Z,3,309,False,,,,785,Dan Worrall,5,Tom Abell,3004,Tom Lammonby,Right,1,0,1,1,,LengthBall,OutsideOff,,WellTimed,FrontFoot,Drive,NoMovement,Over,FastSeam,Right,Null,NotReferred,Null,False,False,False,False,False,True,,False,False,False,False,False,False,1,0,0,0,0,False,False,206.0,140.0,Deep Cover
1653582,52,3.37,6,0,0,175,3,6,76650,,39481,County Championship 2026,2,31,Somerset Men,48,Surrey Men,8847298,2026-09-25T15:20:38Z,4,310,False,,,,785,Dan Worrall,3004,Tom Lammonby,5,Tom Abell,Left,0,0,0,0,,LengthBall,OutsideOff,,None,FrontFoot,ForwardDefensive,NoMovement,Round,FastSeam,Right,Null,NotReferred,Null,False,False,False,False,False,True,,False,False,False,False,False,False,0,0,0,0,0,False,False,10.0,34.0,Backward Point
1653582,52,3.37,6,0,0,175,3,6,76650,,39481,County Championship 2026,2,31,Somerset Men,48,Surrey Men,8847303,2026-09-25T15:21:02Z,5,311,False,,,,785,Dan Worrall,3004,Tom Lammonby,5,Tom Abell,Left,1,0,1,1,,BackOfALength,OutsideOff,,None,BackFoot,Worked,NoMovement,Round,FastSeam,Right,Null,NotReferred,Null,False,False,False,False,False,True,,False,False,False,False,False,False,1,0,0,0,0,False,False,184.0,142.0,Deep Square Leg
1653582,52,3.37,6,0,0,175,3,6,76650,,39481,County Championship 2026,2,31,Somerset Men,48,Surrey Men,8847310,2026-09-25T15:21:32Z,6,312,False,,,,785,Dan Worrall,5,Tom Abell,3004,Tom Lammonby,Right,0,0,0,0,,LengthBall,OutsideOff,,None,FrontFoot,ForwardDefensive,NoMovement,Over,FastSeam,Right,Null,NotReferred,Null,False,False,False,False,False,True,,False,False,False,False,False,False,0,0,0,0,0,False,False,220.0,42.0,Extra Cover
1653589,53,3.45,8,0,0,183,3,8,76650,,39481,County Championship 2026,2,31,Somerset Men,48,Surrey Men,8847319,2026-09-25T15:22:30Z,1,313,False,,,,2709,Mahipal Lomror,3004,Tom Lammonby,5,Tom Abell,Left,4,0,4,4,,BackOfALength,OutsideOff,,WellTimed,BackFoot,Cut,StockBall,Over,Orthodox,Left,Null,NotReferred,Null,False,False,False,False,False,True,,False,False,False,False,False,False,4,0,0,0,0,True,False,344.0,173.0,
1653589,53,3.45,8,0,0,183,3,8,76650,,39481,County Championship 2026,2,31,Somerset Men,48,Surrey Men,8847325,2026-09-25T15:23:03Z,2,314,False,,,,2709,Mahipal Lomror,3004,Tom Lammonby,5,Tom Abell,Left,1,0,1,1,,LengthBall,OutsideOff,,WellTimed,DownTheTrack,Worked,StockBall,Over,Orthodox,Left,Null,NotReferred,Null,False,False,False,False,False,True,,False,False,False,False,False,False,1,0,0,0,0,False,False,195.0,135.0,Deep Square Leg
1653589,53,3.45,8,0,0,183,3,8,76650,,39481,County Championship 2026,2,31,Somerset Men,48,Surrey Men,8847333,2026-09-25T15:23:32Z,3,315,False,,,,2709,Mahipal Lomror,5,Tom Abell,3004,Tom Lammonby,Right,0,0,0,0,,BackOfALength,OutsideOff,,None,BackFoot,Drive,StockBall,Round,Orthodox,Left,Null,NotReferred,Null,False,False,False,False,False,True,,False,False,False,False,False,False,0,0,0,0,0,False,False,163.0,63.0,Backward Point
1653589,53,3.45,8,0,0,183,3,8,76650,,39481,County Championship 2026,2,31,Somerset Men,48,Surrey Men,8847336,2026-09-25T15:23:56Z,4,316,False,,,,2709,Mahipal Lomror,5,Tom Abell,3004,Tom Lammonby,Right,1,0,1,1,,BackOfALength,OutsideOff,,None,BackFoot,Cut,StockBall,Round,Orthodox,Left,Null,NotReferred,Null,False,False,False,False,False,True,,False,False,False,False,False,False,1,0,0,0,0,False,False,184.0,128.0,Deep Cover
1653589,53,3.45,8,0,0,183,3,8,76650,,39481,County Championship 2026,2,31,Somerset Men,48,Surrey Men,8847344,2026-09-25T15:24:21Z,5,317,False,,,,2709,Mahipal Lomror,3004,Tom Lammonby,5,Tom Abell,Left,1,0,1,1,,BackOfALength,OutsideOff,,ThickEdge,BackFoot,BackwardDefensive,StockBall,Over,Orthodox,Left,Null,NotReferred,Null,False,False,False,False,False,True,,False,False,False,False,False,False,1,0,0,0,0,False,False,54.0,38.0,Gully
1653589,53,3.45,8,0,0,183,3,8,76650,,39481,County Championship 2026,2,31,Somerset Men,48,Surrey Men,8847353,2026-09-25T15:24:49Z,6,318,False,,,,2709,Mahipal Lomror,5,Tom Abell,3004,Tom Lammonby,Right,1,0,1,1,,LengthBall,Wide,,WellTimed,BackFoot,Cut,StockBall,Round,Orthodox,Left,Null,NotReferred,Null,False,False,False,False,False,True,,False,False,False,False,False,False,1,0,0,0,0,False,False,178.0,149.0,Deep Backward Point
1653597,54,3.46,4,0,0,187,3,4,76650,,39481,County Championship 2026,2,31,Somerset Men,48,Surrey Men,8847366,2026-09-25T15:25:55Z,1,319,False,,,,785,Dan Worrall,5,Tom Abell,3004,Tom Lammonby,Right,1,0,1,1,,BackOfALength,OutsideOff,,WellTimed,BackFoot,Cut,NoMovement,Over,FastSeam,Right,Null,NotReferred,Null,False,False,False,False,False,True,,False,False,False,False,False,False,1,0,0,0,0,False,False,175.0,152.0,Deep Backward Point
1653597,54,3.46,4,0,0,187,3,4,76650,,39481,County Championship 2026,2,31,Somerset Men,48,Surrey Men,8847375,2026-09-25T15:26:24Z,2,320,False,,,,785,Dan Worrall,3004,Tom Lammonby,5,Tom Abell,Left,1,0,1,1,,LengthBall,OutsideOff,,WellTimed,FrontFoot,Drive,NoMovement,Round,FastSeam,Right,Null,NotReferred,Null,False,False,False,False,False,True,,False,False,False,False,False,False,1,0,0,0,0,False,False,257.0,74.0,Mid On
1653597,54,3.46,4,0,0,187,3,4,76650,,39481,County Championship 2026,2,31,Somerset Men,48,Surrey Men,8847384,2026-09-25T15:27:00Z,3,321,False,,,,785,Dan Worrall,5,Tom Abell,3004,Tom Lammonby,Right,1,0,1,1,,LengthBall,OutsideOff,,None,FrontFoot,ForwardDefensive,NoMovement,Over,FastSeam,Right,Null,NotReferred,Null,False,False,False,False,False,True,,False,False,False,False,False,False,1,0,0,0,0,False,False,186.0,66.0,Cover
1653597,54,3.46,4,0,0,187,3,4,76650,,39481,County Championship 2026,2,31,Somerset Men,48,Surrey Men,8847389,2026-09-25T15:27:31Z,4,322,False,,,,785,Dan Worrall,3004,Tom Lammonby,5,Tom Abell,Left,0,0,0,0,,BackOfALength,OutsideOff,,None,BackFoot,BackwardDefensive,NoMovement,Over,FastSeam,Right,Null,NotReferred,Null,False,False,False,False,False,True,,False,False,False,False,False,False,0,0,0,0,0,False,False,264.0,44.0,Bowler
1653597,54,3.46,4,0,0,187,3,4,76650,,39481,County Championship 2026,2,31,Somerset Men,48,Surrey Men,8847396,2026-09-25T15:28:01Z,5,323,False,,,,785,Dan Worrall,3004,Tom Lammonby,5,Tom Abell,Left,0,0,0,0,,LengthBall,OutsideOff,,None,FrontFoot,ForwardDefensive,NoMovement,Round,FastSeam,Right,Null,NotReferred,Null,False,False,False,False,False,True,,False,False,False,False,False,False,0,0,0,0,0,False,False,14.0,52.0,Backward Point
1653597,54,3.46,4,0,0,187,3,4,76650,,39481,County Championship 2026,2,31,Somerset Men,48,Surrey Men,8847404,2026-09-25T15:28:25Z,6,324,False,,,,785,Dan Worrall,3004,Tom Lammonby,5,Tom Abell,Left,1,0,1,1,,HalfVolley,MiddleStump,,None,FrontFoot,Flick,NoMovement,Round,FastSeam,Right,Null,NotReferred,Null,False,False,False,False,False,True,,False,False,False,False,False,False,1,0,0,0,0,False,False,176.0,134.0,Deep Backward Square Leg
1653610,55,3.51,6,0,0,193,3,6,76650,,39481,County Championship 2026,2,31,Somerset Men,48,Surrey Men,8847445,2026-09-25T15:32:39Z,1,325,False,,,,2709,Mahipal Lomror,3004,Tom Lammonby,5,Tom Abell,Left,0,0,0,0,,LengthBall,OutsideOff,,None,BackFoot,BackwardDefensive,StockBall,Over,Orthodox,Left,Null,NotReferred,Null,False,False,False,False,False,True,,False,False,False,False,False,False,0,0,0,0,0,False,False,358.0,14.0,Cover
1653610,55,3.51,6,0,0,193,3,6,76650,,39481,County Championship 2026,2,31,Somerset Men,48,Surrey Men,8847450,2026-09-25T15:33:01Z,2,326,False,,,,2709,Mahipal Lomror,3004,Tom Lammonby,5,Tom Abell,Left,4,0,4,4,,Short,OutsideOff,,WellTimed,BackFoot,Cut,StockBall,Over,Orthodox,Left,Null,NotReferred,Null,False,False,False,False,False,True,,False,False,False,False,False,False,4,0,0,0,0,True,False,350.0,172.0,
1653610,55,3.51,6,0,0,193,3,6,76650,,39481,County Championship 2026,2,31,Somerset Men,48,Surrey Men,8847456,2026-09-25T15:33:33Z,3,327,False,,,,2709,Mahipal Lomror,3004,Tom Lammonby,5,Tom Abell,Left,2,0,2,2,,BackOfALength,Wide,,WellTimed,BackFoot,Cut,StockBall,Over,Orthodox,Left,Null,NotReferred,Null,False,False,False,False,False,True,,False,False,False,False,False,False,2,0,0,0,0,False,False,357.0,131.0,Deep Cover
1653610,55,3.51,6,0,0,193,3,6,76650,,39481,County Championship 2026,2,31,Somerset Men,48,Surrey Men,8847463,2026-09-25T15:34:03Z,4,328,False,,,,2709,Mahipal Lomror,3004,Tom Lammonby,5,Tom Abell,Left,0,0,0,0,,LengthBall,OutsideOff,,MisTimed,DownTheTrack,Flick,StockBall,Over,Orthodox,Left,Null,NotReferred,Null,False,False,False,False,False,True,,False,False,False,False,False,False,0,0,0,0,0,False,False,218.0,35.0,Mid Wicket
1653610,55,3.51,6,0,0,193,3,6,76650,,39481,County Championship 2026,2,31,Somerset Men,48,Surrey Men,8847466,2026-09-25T15:34:20Z,5,329,False,,,,2709,Mahipal Lomror,3004,Tom Lammonby,5,Tom Abell,Left,0,0,0,0,,LengthBall,OutsideOff,,None,FrontFoot,ForwardDefensive,StockBall,Over,Orthodox,Left,Null,NotReferred,Null,False,False,False,False,False,True,,False,False,False,False,False,False,0,0,0,0,0,False,False,30.0,14.0,Backward Point
1653610,55,3.51,6,0,0,193,3,6,76650,,39481,County Championship 2026,2,31,Somerset Men,48,Surrey Men,8847469,2026-09-25T15:34:40Z,6,330,False,,,,2709,Mahipal Lomror,3004,Tom Lammonby,5,Tom Abell,Left,0,0,0,0,,LengthBall,OutsideOff,,None,FrontFoot,ForwardDefensive,StockBall,Over,Orthodox,Left,Null,NotReferred,Null,False,False,False,False,False,True,,False,False,False,False,False,False,0,0,0,0,0,False,False,87.0,,Wicketkeeper
1653618,56,3.46,1,0,0,194,3,1,76650,,39481,County Championship 2026,2,31,Somerset Men,48,Surrey Men,8847491,2026-09-25T15:36:24Z,1,331,False,,,,13942,Adam Thomas,5,Tom Abell,3004,Tom Lammonby,Right,0,0,0,0,,LengthBall,OutsideOff,,None,FrontFoot,ForwardDefensive,NoMovement,Over,Medium,Right,Null,NotReferred,Null,False,False,False,False,False,True,,False,False,False,False,False,False,0,0,0,0,0,False,False,267.0,37.0,Bowler
1653618,56,3.46,1,0,0,194,3,1,76650,,39481,County Championship 2026,2,31,Somerset Men,48,Surrey Men,8847495,2026-09-25T15:36:48Z,2,332,False,,,,13942,Adam Thomas,5,Tom Abell,3004,Tom Lammonby,Right,1,0,1,1,,BackOfALength,OutsideOff,,None,BackFoot,Cut,NoMovement,Over,Medium,Right,Null,NotReferred,Null,False,False,False,False,False,True,,False,False,False,False,False,False,1,0,0,0,0,False,False,188.0,144.0,Deep Cover
1653618,56,3.46,1,0,0,194,3,1,76650,,39481,County Championship 2026,2,31,Somerset Men,48,Surrey Men,8847500,2026-09-25T15:37:16Z,3,333,False,,,,13942,Adam Thomas,3004,Tom Lammonby,5,Tom Abell,Left,0,0,0,0,,LengthBall,OutsideOff,,None,FrontFoot,Drive,NoMovement,Round,Medium,Right,Null,NotReferred,Null,False,False,False,False,False,True,,False,False,False,False,False,False,0,0,0,0,0,False,False,322.0,54.0,Extra Cover
1653618,56,3.46,1,0,0,194,3,1,76650,,39481,County Championship 2026,2,31,Somerset Men,48,Surrey Men,8847503,2026-09-25T15:37:41Z,4,334,False,,,,13942,Adam Thomas,3004,Tom Lammonby,5,Tom Abell,Left,0,0,0,0,,BackOfALength,OutsideOff,,None,BackFoot,BackwardDefensive,NoMovement,Round,Medium,Right,Null,NotReferred,Null,False,False,False,False,False,True,,False,False,False,False,False,False,0,0,0,0,0,False,False,261.0,37.0,Bowler
1653618,56,3.46,1,0,0,194,3,1,76650,,39481,County Championship 2026,2,31,Somerset Men,48,Surrey Men,8847508,2026-09-25T15:38:06Z,5,335,False,,,,13942,Adam Thomas,3004,Tom Lammonby,5,Tom Abell,Left,0,0,0,0,,BackOfALength,OutsideOff,,None,BackFoot,BackwardDefensive,NoMovement,Round,Medium,Right,Null,NotReferred,Null,False,False,False,False,False,True,,False,False,False,False,False,False,0,0,0,0,0,False,False,201.0,38.0,Square Leg
1653618,56,3.46,1,0,0,194,3,1,76650,,39481,County Championship 2026,2,31,Somerset Men,48,Surrey Men,8847514,2026-09-25T15:38:32Z,6,336,False,,,,13942,Adam Thomas,3004,Tom Lammonby,5,Tom Abell,Left,0,0,0,0,,LengthBall,OutsideOff,,None,FrontFoot,ForwardDefensive,NoMovement,Round,Medium,Right,Null,NotReferred,Null,False,False,False,False,False,True,,False,False,False,False,False,False,0,0,0,0,0,False,False,273.0,37.0,Bowler
1653626,57,3.4,0,0,0,194,3,0,76650,,39481,County Championship 2026,2,31,Somerset Men,48,Surrey Men,8847535,2026-09-25T15:40:15Z,1,337,False,,,,2709,Mahipal Lomror,5,Tom Abell,3004,Tom Lammonby,Right,0,0,0,0,,BackOfALength,OutsideOff,,None,BackFoot,BackwardDefensive,StockBall,Round,Orthodox,Left,Null,NotReferred,Null,False,False,False,False,False,True,,False,False,False,False,False,False,0,0,0,0,0,False,False,227.0,43.0,Extra Cover
1653626,57,3.4,0,0,0,194,3,0,76650,,39481,County Championship 2026,2,31,Somerset Men,48,Surrey Men,8847538,2026-09-25T15:40:32Z,2,338,False,,,,2709,Mahipal Lomror,5,Tom Abell,3004,Tom Lammonby,Right,0,0,0,0,,LengthBall,OutsideOff,,None,FrontFoot,ForwardDefensive,StockBall,Round,Orthodox,Left,Null,NotReferred,Null,False,False,False,False,False,True,,False,False,False,False,False,False,0,0,0,0,0,False,False,182.0,12.0,Cover
1653626,57,3.4,0,0,0,194,3,0,76650,,39481,County Championship 2026,2,31,Somerset Men,48,Surrey Men,8847542,2026-09-25T15:40:58Z,3,339,False,,,,2709,Mahipal Lomror,5,Tom Abell,3004,Tom Lammonby,Right,0,0,0,0,,LengthBall,OutsideOff,,Left,NoMovement,Leave,StockBall,Round,Orthodox,Left,Null,NotReferred,Null,False,False,False,False,False,True,,False,False,False,False,False,False,0,0,0,0,0,False,False,,,Wicketkeeper
1653626,57,3.4,0,0,0,194,3,0,76650,,39481,County Championship 2026,2,31,Somerset Men,48,Surrey Men,8847546,2026-09-25T15:41:08Z,4,340,False,,,,2709,Mahipal Lomror,5,Tom Abell,3004,Tom Lammonby,Right,0,0,0,0,,BackOfALength,OutsideOff,,None,BackFoot,Cut,StockBall,Round,Orthodox,Left,Null,NotReferred,Null,False,False,False,False,False,True,,False,False,False,False,False,False,0,0,0,0,0,False,False,194.0,76.0,Cover
1653626,57,3.4,0,0,0,194,3,0,76650,,39481,County Championship 2026,2,31,Somerset Men,48,Surrey Men,8847552,2026-09-25T15:41:26Z,5,341,False,,,,2709,Mahipal Lomror,5,Tom Abell,3004,Tom Lammonby,Right,0,0,0,0,,LengthBall,OutsideOff,,None,FrontFoot,ForwardDefensive,StockBall,Round,Orthodox,Left,Null,NotReferred,Null,False,False,False,False,False,True,,False,False,False,False,False,False,0,0,0,0,0,False,False,201.0,63.0,Cover
1653626,57,3.4,0,0,0,194,3,0,76650,,39481,County Championship 2026,2,31,Somerset Men,48,Surrey Men,8847572,2026-09-25T15:43:48Z,6,342,False,,,,2709,Mahipal Lomror,5,Tom Abell,3004,Tom Lammonby,Right,0,0,0,0,,LengthBall,OutsideOff,,None,FrontFoot,ForwardDefensive,StockBall,Round,Orthodox,Left,Null,NotReferred,Null,False,False,False,False,False,True,,False,False,False,False,False,False,0,0,0,0,0,False,False,232.0,40.0,Extra Cover
1653634,58,3.34,0,0,0,194,3,0,76650,,39481,County Championship 2026,2,31,Somerset Men,48,Surrey Men,8847584,2026-09-25T15:44:44Z,1,343,False,,,,13942,Adam Thomas,3004,Tom Lammonby,5,Tom Abell,Left,0,0,0,0,,BackOfALength,OutsideOff,,None,BackFoot,BackwardDefensive,NoMovement,Round,Medium,Right,Null,NotReferred,Null,False,False,False,False,False,True,,False,False,False,False,False,False,0,0,0,0,0,False,False,326.0,48.0,Extra Cover
1653634,58,3.34,0,0,0,194,3,0,76650,,39481,County Championship 2026,2,31,Somerset Men,48,Surrey Men,8847588,2026-09-25T15:45:19Z,2,344,False,,,,13942,Adam Thomas,3004,Tom Lammonby,5,Tom Abell,Left,0,0,0,0,,BackOfALength,OutsideOff,,HitBody,BackFoot,Worked,NoMovement,Round,Medium,Right,Null,NotReferred,Null,False,False,False,False,False,True,,False,False,False,False,False,False,0,0,0,0,0,False,False,319.0,18.0,Extra Cover
1653634,58,3.34,0,0,0,194,3,0,76650,,39481,County Championship 2026,2,31,Somerset Men,48,Surrey Men,8847593,2026-09-25T15:45:50Z,3,345,False,,,,13942,Adam Thomas,3004,Tom Lammonby,5,Tom Abell,Left,0,0,0,0,,LengthBall,OutsideOff,,None,BackFoot,Worked,NoMovement,Round,Medium,Right,Null,NotReferred,Null,False,False,False,False,False,True,,False,False,False,False,False,False,0,0,0,0,0,False,False,201.0,58.0,Square Leg
1653634,58,3.34,0,0,0,194,3,0,76650,,39481,County Championship 2026,2,31,Somerset Men,48,Surrey Men,8847596,2026-09-25T15:46:21Z,4,346,False,,,,13942,Adam Thomas,3004,Tom Lammonby,5,Tom Abell,Left,0,0,0,0,,LengthBall,OutsideOff,,None,FrontFoot,ForwardDefensive,NoMovement,Round,Medium,Right,Null,NotReferred,Null,False,False,False,False,False,True,,False,False,False,False,False,False,0,0,0,0,0,False,False,15.0,52.0,Backward Point
1653634,58,3.34,0,0,0,194,3,0,76650,,39481,County Championship 2026,2,31,Somerset Men,48,Surrey Men,8847602,2026-09-25T15:46:56Z,5,347,False,,,,13942,Adam Thomas,3004,Tom Lammonby,5,Tom Abell,Left,0,0,0,0,,BackOfALength,OutsideOff,,WellTimed,BackFoot,Cut,NoMovement,Round,Medium,Right,Null,NotReferred,Null,False,False,False,False,False,True,,False,False,False,False,False,False,0,0,0,0,0,False,False,328.0,58.0,Extra Cover
1653634,58,3.34,0,0,0,194,3,0,76650,,39481,County Championship 2026,2,31,Somerset Men,48,Surrey Men,8847608,2026-09-25T15:47:28Z,6,348,False,,,,13942,Adam Thomas,3004,Tom Lammonby,5,Tom Abell,Left,0,0,0,0,,BackOfALength,OutsideOff,,None,BackFoot,Cut,NoMovement,Round,Medium,Right,Null,NotReferred,Null,False,False,False,False,False,True,,False,False,False,False,False,False,0,0,0,0,0,False,False,328.0,58.0,Extra Cover
1653641,59,3.34,3,0,0,197,3,3,76650,,39481,County Championship 2026,2,31,Somerset Men,48,Surrey Men,8847616,2026-09-25T15:48:32Z,1,349,False,,,,2709,Mahipal Lomror,5,Tom Abell,3004,Tom Lammonby,Right,0,0,0,0,,LengthBall,OutsideOff,,Missed,FrontFoot,ForwardDefensive,StockBall,Round,Orthodox,Left,Null,NotReferred,Null,False,False,False,False,False,True,,False,False,False,False,False,False,0,0,0,0,0,False,False,,,Wicketkeeper
1653641,59,3.34,3,0,0,197,3,3,76650,,39481,County Championship 2026,2,31,Somerset Men,48,Surrey Men,8847618,2026-09-25T15:48:52Z,2,350,False,,,,2709,Mahipal Lomror,5,Tom Abell,3004,Tom Lammonby,Right,0,0,0,0,,LengthBall,OutsideOff,,None,FrontFoot,ForwardDefensive,StockBall,Round,Orthodox,Left,Null,NotReferred,Null,False,False,False,False,False,True,,False,False,False,False,False,False,0,0,0,0,0,False,False,271.0,44.0,Bowler
1653641,59,3.34,3,0,0,197,3,3,76650,,39481,County Championship 2026,2,31,Somerset Men,48,Surrey Men,8847626,2026-09-25T15:49:12Z,3,351,False,,,,2709,Mahipal Lomror,5,Tom Abell,3004,Tom Lammonby,Right,0,0,0,0,,LengthBall,OutsideOff,,None,BackFoot,Drive,StockBall,Round,Orthodox,Left,Null,NotReferred,Null,False,False,False,False,False,True,,False,False,False,False,False,False,0,0,0,0,0,False,False,206.0,62.0,Cover
1653641,59,3.34,3,0,0,197,3,3,76650,,39481,County Championship 2026,2,31,Somerset Men,48,Surrey Men,8847629,2026-09-25T15:49:33Z,4,352,False,,,,2709,Mahipal Lomror,5,Tom Abell,3004,Tom Lammonby,Right,0,0,0,0,,LengthBall,OutsideOff,,None,FrontFoot,ForwardDefensive,StockBall,Round,Orthodox,Left,Null,NotReferred,Null,False,False,False,False,False,True,,False,False,False,False,False,False,0,0,0,0,0,False,False,271.0,37.0,Bowler
1653641,59,3.34,3,0,0,197,3,3,76650,,39481,County Championship 2026,2,31,Somerset Men,48,Surrey Men,8847633,2026-09-25T15:49:51Z,5,353,False,,,,2709,Mahipal Lomror,5,Tom Abell,3004,Tom Lammonby,Right,1,0,1,1,,BackOfALength,OutsideOff,,WellTimed,BackFoot,Cut,StockBall,Round,Orthodox,Left,Null,NotReferred,Null,False,False,False,False,False,True,,False,False,False,False,False,False,1,0,0,0,0,False,False,164.0,150.0,Deep Backward Point
1653641,59,3.34,3,0,0,197,3,3,76650,,39481,County Championship 2026,2,31,Somerset Men,48,Surrey Men,8847638,2026-09-25T15:50:31Z,6,354,False,,,,2709,Mahipal Lomror,3004,Tom Lammonby,5,Tom Abell,Left,2,0,2,2,,BackOfALength,OutsideOff,,WellTimed,BackFoot,Cut,StockBall,Over,Orthodox,Left,Null,NotReferred,Null,False,False,False,False,False,True,,False,False,False,False,False,False,2,0,0,0,0,False,False,325.0,159.0,Deep Extra Cover
1653646,60,3.33,3,0,0,200,3,3,76650,,39481,County Championship 2026,2,31,Somerset Men,48,Surrey Men,8847652,2026-09-25T15:51:46Z,1,355,False,,,,13942,Adam Thomas,5,Tom Abell,3004,Tom Lammonby,Right,1,0,1,1,,LengthBall,OutsideOff,,WellTimed,FrontFoot,Drive,NoMovement,Over,Medium,Right,Null,NotReferred,Null,False,False,False,False,False,True,,False,False,False,False,False,False,1,0,0,0,0,False,False,207.0,146.0,Deep Cover
1653646,60,3.33,3,0,0,200,3,3,76650,,39481,County Championship 2026,2,31,Somerset Men,48,Surrey Men,8847657,2026-09-25T15:52:16Z,2,356,False,,,,13942,Adam Thomas,3004,Tom Lammonby,5,Tom Abell,Left,0,0,0,0,,BackOfALength,OutsideOff,,None,BackFoot,BackwardDefensive,NoMovement,Round,Medium,Right,Null,NotReferred,Null,False,False,False,False,False,True,,False,False,False,False,False,False,0,0,0,0,0,False,False,25.0,52.0,Backward Point
1653646,60,3.33,3,0,0,200,3,3,76650,,39481,County Championship 2026,2,31,Somerset Men,48,Surrey Men,8847663,2026-09-25T15:52:41Z,3,357,False,,,,13942,Adam Thomas,3004,Tom Lammonby,5,Tom Abell,Left,1,0,1,1,,Short,OutsideOff,,WellTimed,BackFoot,Worked,NoMovement,Round,Medium,Right,Null,NotReferred,Null,False,False,False,False,False,True,,False,False,False,False,False,False,1,0,0,0,0,False,False,164.0,147.0,Deep Backward Square Leg
1653646,60,3.33,3,0,0,200,3,3,76650,,39481,County Championship 2026,2,31,Somerset Men,48,Surrey Men,8847671,2026-09-25T15:53:25Z,4,358,False,,,,13942,Adam Thomas,5,Tom Abell,3004,Tom Lammonby,Right,0,0,0,0,,BackOfALength,OutsideOff,,None,BackFoot,BackwardDefensive,NoMovement,Over,Medium,Right,Null,NotReferred,Null,False,False,False,False,False,True,,False,False,False,False,False,False,0,0,0,0,0,False,False,264.0,41.0,Bowler
1653646,60,3.33,3,0,0,200,3,3,76650,,39481,County Championship 2026,2,31,Somerset Men,48,Surrey Men,8847678,2026-09-25T15:54:03Z,5,359,False,,,,13942,Adam Thomas,5,Tom Abell,3004,Tom Lammonby,Right,1,0,1,1,,BackOfALength,OutsideOff,,None,BackFoot,Drive,NoMovement,Over,Medium,Right,Null,NotReferred,Null,False,False,False,False,False,True,,False,False,False,False,False,False,1,0,0,0,0,False,False,180.0,136.0,Deep Cover
1653646,60,3.33,3,0,0,200,3,3,76650,,39481,County Championship 2026,2,31,Somerset Men,48,Surrey Men,8847685,2026-09-25T15:54:50Z,6,360,False,,,,13942,Adam Thomas,3004,Tom Lammonby,5,Tom Abell,Left,0,0,0,0,,LengthBall,OutsideOff,,None,FrontFoot,Drive,NoMovement,Round,Medium,Right,Null,NotReferred,Null,False,False,False,False,False,True,,False,False,False,False,False,False,0,0,0,0,0,False,False,308.0,44.0,Extra Cover
1653654,61,3.34,4,0,0,204,3,4,76650,,39481,County Championship 2026,2,31,Somerset Men,48,Surrey Men,8847695,2026-09-25T15:56:09Z,1,361,False,,,,2709,Mahipal Lomror,5,Tom Abell,3004,Tom Lammonby,Right,0,0,0,0,,LengthBall,OffStump,,None,BackFoot,BackwardDefensive,StockBall,Round,Orthodox,Left,Null,NotReferred,Null,False,False,False,False,False,True,,False,False,False,False,False,False,0,0,0,0,0,False,False,265.0,39.0,Bowler
1653654,61,3.34,4,0,0,204,3,4,76650,,39481,County Championship 2026,2,31,Somerset Men,48,Surrey Men,8847702,2026-09-25T15:56:26Z,2,362,False,,,,2709,Mahipal Lomror,5,Tom Abell,3004,Tom Lammonby,Right,0,0,0,0,,LengthBall,OutsideOff,,MisTimed,FrontFoot,Drive,StockBall,Round,Orthodox,Left,Null,NotReferred,Null,False,False,False,False,False,True,,False,False,False,False,False,False,0,0,0,0,0,False,False,214.0,40.0,Extra Cover
1653654,61,3.34,4,0,0,204,3,4,76650,,39481,County Championship 2026,2,31,Somerset Men,48,Surrey Men,8847708,2026-09-25T15:56:42Z,3,363,False,,,,2709,Mahipal Lomror,5,Tom Abell,3004,Tom Lammonby,Right,1,0,1,1,,BackOfALength,OutsideOff,,None,BackFoot,Cut,StockBall,Round,Orthodox,Left,Null,NotReferred,Null,False,False,False,False,False,True,,False,False,False,False,False,False,1,0,0,0,0,False,False,203.0,77.0,Cover
1653654,61,3.34,4,0,0,204,3,4,76650,,39481,County Championship 2026,2,31,Somerset Men,48,Surrey Men,8847716,2026-09-25T15:57:19Z,4,364,False,,,,2709,Mahipal Lomror,3004,Tom Lammonby,5,Tom Abell,Left,2,0,2,2,,HalfVolley,OutsideOff,,None,FrontFoot,Drive,StockBall,Over,Orthodox,Left,Null,NotReferred,Null,False,False,False,False,False,True,,False,False,False,False,False,False,2,0,0,0,0,False,False,316.0,170.0,Deep Extra Cover
1653654,61,3.34,4,0,0,204,3,4,76650,,39481,County Championship 2026,2,31,Somerset Men,48,Surrey Men,8847720,2026-09-25T15:57:51Z,5,365,False,,,,2709,Mahipal Lomror,3004,Tom Lammonby,5,Tom Abell,Left,0,0,0,0,,LengthBall,OutsideOff,,BatPad,FrontFoot,ForwardDefensive,StockBall,Over,Orthodox,Left,Null,NotReferred,Null,False,False,False,False,False,True,,False,False,False,False,False,False,0,0,0,0,0,False,False,310.0,16.0,Wicketkeeper
1653654,61,3.34,4,0,0,204,3,4,76650,,39481,County Championship 2026,2,31,Somerset Men,48,Surrey Men,8847723,2026-09-25T15:58:12Z,6,366,False,,,,2709,Mahipal Lomror,3004,Tom Lammonby,5,Tom Abell,Left,1,0,1,1,,BackOfALength,OutsideOff,,WellTimed,BackFoot,Worked,StockBall,Over,Orthodox,Left,Null,NotReferred,Null,False,False,False,False,False,True,,False,False,False,False,False,False,1,0,0,0,0,False,False,207.0,135.0,Deep Square Leg
1653661,62,3.37,5,0,0,209,3,5,76650,,39481,County Championship 2026,2,31,Somerset Men,48,Surrey Men,8847738,2026-09-25T15:59:32Z,1,367,False,,,,13942,Adam Thomas,3004,Tom Lammonby,5,Tom Abell,Left,0,0,0,0,,HalfVolley,OutsideOff,,None,FrontFoot,Drive,NoMovement,Round,Medium,Right,Null,NotReferred,Null,False,False,False,False,False,True,,False,False,False,False,False,False,0,0,0,0,0,False,False,312.0,48.0,Extra Cover
1653661,62,3.37,5,0,0,209,3,5,76650,,39481,County Championship 2026,2,31,Somerset Men,48,Surrey Men,8847751,2026-09-25T16:00:05Z,2,368,False,,,,13942,Adam Thomas,3004,Tom Lammonby,5,Tom Abell,Left,0,0,0,0,,BackOfALength,OutsideOff,,None,BackFoot,LateCut,NoMovement,Round,Medium,Right,Null,NotReferred,Null,False,False,False,False,False,True,,False,False,False,False,False,False,0,0,0,0,0,False,False,46.0,49.0,Gully
1653661,62,3.37,5,0,0,209,3,5,76650,,39481,County Championship 2026,2,31,Somerset Men,48,Surrey Men,8847750,2026-09-25T16:00:41Z,3,369,False,,,,13942,Adam Thomas,3004,Tom Lammonby,5,Tom Abell,Left,0,0,0,0,,LengthBall,OutsideOff,,None,FrontFoot,ForwardDefensive,NoMovement,Round,Medium,Right,Null,NotReferred,Null,False,False,False,False,False,True,,False,False,False,False,False,False,0,0,0,0,0,False,False,8.0,62.0,Backward Point
1653661,62,3.37,5,0,0,209,3,5,76650,,39481,County Championship 2026,2,31,Somerset Men,48,Surrey Men,8847756,2026-09-25T16:01:15Z,4,370,False,,,,13942,Adam Thomas,3004,Tom Lammonby,5,Tom Abell,Left,1,0,1,1,,BackOfALength,OutsideOff,,WellTimed,BackFoot,Cut,NoMovement,Round,Medium,Right,Null,NotReferred,Null,False,False,False,False,False,True,,False,False,False,False,False,False,1,0,0,0,0,False,False,3.0,149.0,Deep Backward Point
1653661,62,3.37,5,0,0,209,3,5,76650,,39481,County Championship 2026,2,31,Somerset Men,48,Surrey Men,8847766,2026-09-25T16:02:14Z,5,371,False,,,,13942,Adam Thomas,5,Tom Abell,3004,Tom Lammonby,Right,4,0,4,4,,HalfVolley,OutsideOff,,Middled,FrontFoot,Drive,NoMovement,Over,Medium,Right,Null,NotReferred,Null,False,False,False,False,False,True,,False,False,False,False,False,False,4,0,0,0,0,True,False,280.0,180.0,
1653661,62,3.37,5,0,0,209,3,5,76650,,39481,County Championship 2026,2,31,Somerset Men,48,Surrey Men,8847775,2026-09-25T16:03:02Z,6,372,False,,,,13942,Adam Thomas,5,Tom Abell,3004,Tom Lammonby,Right,0,0,0,0,,BackOfALength,OutsideOff,,None,BackFoot,BackwardDefensive,NoMovement,Over,Medium,Right,Null,NotReferred,Null,False,False,False,False,False,True,,False,False,False,False,False,False,0,0,0,0,0,False,False,226.0,36.0,Extra Cover
1653670,63,3.33,1,0,0,210,3,1,76650,,39481,County Championship 2026,2,31,Somerset Men,48,Surrey Men,8847795,2026-09-25T16:04:56Z,1,373,False,,,,2709,Mahipal Lomror,3004,Tom Lammonby,5,Tom Abell,Left,0,0,0,0,,BackOfALength,OutsideOff,,None,BackFoot,Worked,StockBall,Over,Orthodox,Left,Null,NotReferred,Null,False,False,False,False,False,True,,False,False,False,False,False,False,0,0,0,0,0,False,False,212.0,48.0,Mid Wicket
1653670,63,3.33,1,0,0,210,3,1,76650,,39481,County Championship 2026,2,31,Somerset Men,48,Surrey Men,8847800,2026-09-25T16:05:18Z,2,374,False,,,,2709,Mahipal Lomror,3004,Tom Lammonby,5,Tom Abell,Left,0,0,0,0,,LengthBall,OutsideOff,Lbw,HitPad,FrontFoot,ForwardDefensive,StockBall,Over,Orthodox,Left,Null,NotReferred,Null,False,False,False,False,False,True,1842.0,False,False,False,False,False,False,0,0,0,0,0,False,False,39.0,43.0,Gully
1653670,63,3.33,1,0,0,210,3,1,76650,,39481,County Championship 2026,2,31,Somerset Men,48,Surrey Men,8847807,2026-09-25T16:05:41Z,3,375,False,,,,2709,Mahipal Lomror,3004,Tom Lammonby,5,Tom Abell,Left,0,0,0,0,,BackOfALength,OutsideOff,,None,BackFoot,Worked,StockBall,Over,Orthodox,Left,Null,NotReferred,Null,False,False,False,False,False,True,,False,False,False,False,False,False,0,0,0,0,0,False,False,208.0,40.0,Square Leg
1653670,63,3.33,1,0,0,210,3,1,76650,,39481,County Championship 2026,2,31,Somerset Men,48,Surrey Men,8847809,2026-09-25T16:06:03Z,4,376,False,,,,2709,Mahipal Lomror,3004,Tom Lammonby,5,Tom Abell,Left,0,0,0,0,,LengthBall,OutsideOff,,None,BackFoot,BackwardDefensive,StockBall,Over,Orthodox,Left,Null,NotReferred,Null,False,False,False,False,False,True,,False,False,False,False,False,False,0,0,0,0,0,False,False,17.0,48.0,Backward Point
1653670,63,3.33,1,0,0,210,3,1,76650,,39481,County Championship 2026,2,31,Somerset Men,48,Surrey Men,8847815,2026-09-25T16:06:26Z,5,377,False,,,,2709,Mahipal Lomror,3004,Tom Lammonby,5,Tom Abell,Left,1,0,1,1,,HalfVolley,OutsideOff,,WellTimed,BackFoot,Worked,StockBall,Over,Orthodox,Left,Null,NotReferred,Null,False,False,False,False,False,True,,False,False,False,False,False,False,1,0,0,0,0,False,False,183.0,142.0,Deep Square Leg
1653670,63,3.33,1,0,0,210,3,1,76650,,39481,County Championship 2026,2,31,Somerset Men,48,Surrey Men,8847823,2026-09-25T16:07:19Z,6,378,False,,,,2709,Mahipal Lomror,5,Tom Abell,3004,Tom Lammonby,Right,0,0,0,0,,LengthBall,OutsideOff,,None,FrontFoot,ForwardDefensive,StockBall,Round,Orthodox,Left,Null,NotReferred,Null,False,False,False,False,False,True,,False,False,False,False,False,False,0,0,0,0,0,False,False,201.0,55.0,Cover
1653676,64,3.31,2,0,0,212,3,2,76650,,39481,County Championship 2026,2,31,Somerset Men,48,Surrey Men,8847837,2026-09-25T16:08:42Z,1,379,False,,,,13942,Adam Thomas,3004,Tom Lammonby,5,Tom Abell,Left,0,0,0,0,,LengthBall,OutsideOff,,None,FrontFoot,ForwardDefensive,NoMovement,Round,Medium,Right,Null,NotReferred,Null,False,False,False,False,False,True,,False,False,False,False,False,False,0,0,0,0,0,False,False,28.0,48.0,Backward Point
1653676,64,3.31,2,0,0,212,3,2,76650,,39481,County Championship 2026,2,31,Somerset Men,48,Surrey Men,8847843,2026-09-25T16:09:22Z,2,380,False,,,,13942,Adam Thomas,3004,Tom Lammonby,5,Tom Abell,Left,0,0,0,0,,BackOfALength,OutsideOff,,Left,NoMovement,Leave,NoMovement,Round,Medium,Right,Null,NotReferred,Null,False,False,False,False,False,True,,False,False,False,False,False,False,0,0,0,0,0,False,False,,,Wicketkeeper
1653676,64,3.31,2,0,0,212,3,2,76650,,39481,County Championship 2026,2,31,Somerset Men,48,Surrey Men,8847851,2026-09-25T16:10:00Z,3,381,False,,,,13942,Adam Thomas,3004,Tom Lammonby,5,Tom Abell,Left,1,0,1,1,,LengthBall,OutsideOff,,None,FrontFoot,Flick,NoMovement,Round,Medium,Right,Null,NotReferred,Null,False,False,False,False,False,True,,False,False,False,False,False,False,1,0,0,0,0,False,False,182.0,162.0,Deep Square Leg
1653676,64,3.31,2,0,0,212,3,2,76650,,39481,County Championship 2026,2,31,Somerset Men,48,Surrey Men,8847857,2026-09-25T16:10:48Z,4,382,False,,,,13942,Adam Thomas,5,Tom Abell,3004,Tom Lammonby,Right,0,0,0,0,,LengthBall,OutsideOff,,None,FrontFoot,ForwardDefensive,NoMovement,Over,Medium,Right,Null,NotReferred,Null,False,False,False,False,False,True,,False,False,False,False,False,False,0,0,0,0,0,False,False,271.0,35.0,Bowler
1653676,64,3.31,2,0,0,212,3,2,76650,,39481,County Championship 2026,2,31,Somerset Men,48,Surrey Men,8847864,2026-09-25T16:11:34Z,5,383,False,,,,13942,Adam Thomas,5,Tom Abell,3004,Tom Lammonby,Right,0,0,0,0,,HalfVolley,OffStump,,None,FrontFoot,Drive,NoMovement,Over,Medium,Right,Null,NotReferred,Null,False,False,False,False,False,True,,False,False,False,False,False,False,0,0,0,0,0,False,False,273.0,54.0,Mid On
1653676,64,3.31,2,0,0,212,3,2,76650,,39481,County Championship 2026,2,31,Somerset Men,48,Surrey Men,8847872,2026-09-25T16:12:27Z,6,384,False,,,,13942,Adam Thomas,5,Tom Abell,3004,Tom Lammonby,Right,1,0,1,1,,BackOfALength,OutsideOff,,WellTimed,BackFoot,Cut,NoMovement,Over,Medium,Right,Null,NotReferred,Null,False,False,False,False,False,True,,False,False,False,False,False,False,1,0,0,0,0,False,False,186.0,140.0,Deep Cover
1653686,65,3.28,1,0,0,213,3,1,76650,,39481,County Championship 2026,2,31,Somerset Men,48,Surrey Men,8847892,2026-09-25T16:14:32Z,1,385,False,,,,2709,Mahipal Lomror,5,Tom Abell,3004,Tom Lammonby,Right,0,0,0,0,,LengthBall,OutsideOff,,None,FrontFoot,ForwardDefensive,StockBall,Round,Orthodox,Left,Null,NotReferred,Null,False,False,False,False,False,True,,False,False,False,False,False,False,0,0,0,0,0,False,False,196.0,47.0,Cover
1653686,65,3.28,1,0,0,213,3,1,76650,,39481,County Championship 2026,2,31,Somerset Men,48,Surrey Men,8847896,2026-09-25T16:14:52Z,2,386,False,,,,2709,Mahipal Lomror,5,Tom Abell,3004,Tom Lammonby,Right,0,0,0,0,,LengthBall,OutsideOff,,None,FrontFoot,ForwardDefensive,StockBall,Round,Orthodox,Left,Null,NotReferred,Null,False,False,False,False,False,True,,False,False,False,False,False,False,0,0,0,0,0,False,False,207.0,32.0,Cover
1653686,65,3.28,1,0,0,213,3,1,76650,,39481,County Championship 2026,2,31,Somerset Men,48,Surrey Men,8847900,2026-09-25T16:15:11Z,3,387,False,,,,2709,Mahipal Lomror,5,Tom Abell,3004,Tom Lammonby,Right,0,0,0,0,,BackOfALength,OutsideOff,,None,BackFoot,Cut,StockBall,Round,Orthodox,Left,Null,NotReferred,Null,False,False,False,False,False,True,,False,False,False,False,False,False,0,0,0,0,0,False,False,164.0,52.0,Backward Point
1653686,65,3.28,1,0,0,213,3,1,76650,,39481,County Championship 2026,2,31,Somerset Men,48,Surrey Men,8847904,2026-09-25T16:15:29Z,4,4,False,,,,2709,Mahipal Lomror,5,Tom Abell,3004,Tom Lammonby,Right,1,0,1,1,,LengthBall,OutsideOff,,None,FrontFoot,Drive,StockBall,Round,Orthodox,Left,Null,NotReferred,Null,False,False,False,False,False,True,,False,False,False,False,False,False,1,0,0,0,0,False,False,197.0,88.0,Cover
1653686,65,3.28,1,0,0,213,3,1,76650,,39481,County Championship 2026,2,31,Somerset Men,48,Surrey Men,8847914,2026-09-25T16:16:27Z,5,389,False,,,,2709,Mahipal Lomror,3004,Tom Lammonby,5,Tom Abell,Left,0,0,0,0,,LengthBall,OutsideOff,,None,FrontFoot,ForwardDefensive,StockBall,Over,Orthodox,Left,Null,NotReferred,Null,False,False,False,False,False,True,,False,False,False,False,False,False,0,0,0,0,0,False,False,203.0,12.0,Square Leg
1653686,65,3.28,1,0,0,213,3,1,76650,,39481,County Championship 2026,2,31,Somerset Men,48,Surrey Men,8847918,2026-09-25T16:16:48Z,6,390,False,,,,2709,Mahipal Lomror,3004,Tom Lammonby,5,Tom Abell,Left,0,0,0,0,,LengthBall,OutsideOff,,InsideEdge,FrontFoot,ForwardDefensive,StockBall,Over,Orthodox,Left,Null,NotReferred,Null,False,False,False,False,False,True,,False,False,False,False,False,False,0,0,0,0,0,False,False,157.0,8.0,Wicketkeeper
1653693,66,3.26,2,0,0,215,3,2,76650,,39481,County Championship 2026,2,31,Somerset Men,48,Surrey Men,8847931,2026-09-25T16:18:15Z,1,391,False,,,,15505,Ralphie Albert,5,Tom Abell,3004,Tom Lammonby,Right,0,0,0,0,,LengthBall,OutsideOff,,None,BackFoot,BackwardDefensive,StockBall,Round,Orthodox,Left,Null,NotReferred,Null,False,False,False,False,False,True,,False,False,False,False,False,False,0,0,0,0,0,False,False,218.0,42.0,Extra Cover
1653693,66,3.26,2,0,0,215,3,2,76650,,39481,County Championship 2026,2,31,Somerset Men,48,Surrey Men,8847935,2026-09-25T16:18:35Z,2,392,False,,,,15505,Ralphie Albert,5,Tom Abell,3004,Tom Lammonby,Right,0,0,0,0,,LengthBall,OutsideOff,,None,FrontFoot,ForwardDefensive,StockBall,Round,Orthodox,Left,Null,NotReferred,Null,False,False,False,False,False,True,,False,False,False,False,False,False,0,0,0,0,0,False,False,220.0,40.0,Extra Cover
1653693,66,3.26,2,0,0,215,3,2,76650,,39481,County Championship 2026,2,31,Somerset Men,48,Surrey Men,8847941,2026-09-25T16:19:01Z,3,393,False,,,,15505,Ralphie Albert,5,Tom Abell,3004,Tom Lammonby,Right,1,0,1,1,,LengthBall,OutsideOff,,None,BackFoot,Drive,StockBall,Round,Orthodox,Left,Null,NotReferred,Null,False,False,False,False,False,True,,False,False,False,False,False,False,1,0,0,0,0,False,False,210.0,138.0,Deep Extra Cover
1653693,66,3.26,2,0,0,215,3,2,76650,,39481,County Championship 2026,2,31,Somerset Men,48,Surrey Men,8847950,2026-09-25T16:19:54Z,4,394,False,,,,15505,Ralphie Albert,3004,Tom Lammonby,5,Tom Abell,Left,0,0,0,0,,BackOfALength,OutsideOff,,None,BackFoot,Worked,StockBall,Over,Orthodox,Left,Null,NotReferred,Null,False,False,False,False,False,True,,False,False,False,False,False,False,0,0,0,0,0,False,False,226.0,36.0,Mid Wicket
1653693,66,3.26,2,0,0,215,3,2,76650,,39481,County Championship 2026,2,31,Somerset Men,48,Surrey Men,8847953,2026-09-25T16:20:14Z,5,395,False,,,,15505,Ralphie Albert,3004,Tom Lammonby,5,Tom Abell,Left,0,0,0,0,,LengthBall,OutsideOff,,None,FrontFoot,ForwardDefensive,StockBall,Over,Orthodox,Left,Null,NotReferred,Null,False,False,False,False,False,True,,False,False,False,False,False,False,0,0,0,0,0,False,False,327.0,31.0,Extra Cover
1653693,66,3.26,2,0,0,215,3,2,76650,,39481,County Championship 2026,2,31,Somerset Men,48,Surrey Men,8847958,2026-09-25T16:20:37Z,6,396,False,,,,15505,Ralphie Albert,3004,Tom Lammonby,5,Tom Abell,Left,1,0,1,1,,HalfVolley,OffStump,,None,FrontFoot,Drive,StockBall,Over,Orthodox,Left,Null,NotReferred,Null,False,False,False,False,False,True,,False,False,False,False,False,False,1,0,0,0,0,False,False,253.0,135.0,Long On
1653699,67,3.24,2,0,0,217,3,2,76650,,39481,County Championship 2026,2,31,Somerset Men,48,Surrey Men,8847968,2026-09-25T16:22:05Z,1,397,False,,,,2709,Mahipal Lomror,3004,Tom Lammonby,5,Tom Abell,Left,1,0,1,1,,BackOfALength,OutsideOff,,None,BackFoot,Steer,StockBall,Over,Orthodox,Left,Null,NotReferred,Null,False,False,False,False,False,True,,False,False,False,False,False,False,1,0,0,0,0,False,False,64.0,110.0,Third Man
1653699,67,3.24,2,0,0,217,3,2,76650,,39481,County Championship 2026,2,31,Somerset Men,48,Surrey Men,8847974,2026-09-25T16:22:45Z,2,398,False,,,,2709,Mahipal Lomror,5,Tom Abell,3004,Tom Lammonby,Right,0,0,0,0,,LengthBall,OutsideOff,,None,FrontFoot,ForwardDefensive,StockBall,Round,Orthodox,Left,Null,NotReferred,Null,False,False,False,False,False,True,,False,False,False,False,False,False,0,0,0,0,0,False,False,169.0,41.0,Backward Point
1653699,67,3.24,2,0,0,217,3,2,76650,,39481,County Championship 2026,2,31,Somerset Men,48,Surrey Men,8847979,2026-09-25T16:23:07Z,3,399,False,,,,2709,Mahipal Lomror,5,Tom Abell,3004,Tom Lammonby,Right,0,0,0,0,,Short,OutsideOff,,WellTimed,BackFoot,Pull,StockBall,Round,Orthodox,Left,Null,NotReferred,Null,False,False,False,False,False,True,,False,False,False,False,False,False,0,0,0,0,0,False,False,325.0,47.0,Mid Wicket
1653699,67,3.24,2,0,0,217,3,2,76650,,39481,County Championship 2026,2,31,Somerset Men,48,Surrey Men,8847988,2026-09-25T16:24:22Z,4,400,False,,,,2709,Mahipal Lomror,5,Tom Abell,3004,Tom Lammonby,Right,0,0,0,0,,HalfVolley,DownLeg,,Padded,FrontFoot,Padded,StockBall,Over,Orthodox,Left,Null,NotReferred,Null,False,False,False,False,False,True,,False,False,False,False,False,False,0,0,0,0,0,False,False,337.0,21.0,Square Leg
1653699,67,3.24,2,0,0,217,3,2,76650,,39481,County Championship 2026,2,31,Somerset Men,48,Surrey Men,8847989,2026-09-25T16:24:43Z,5,401,False,,,,2709,Mahipal Lomror,5,Tom Abell,3004,Tom Lammonby,Right,1,0,1,1,,BackOfALength,DownLeg,,None,BackFoot,Worked,StockBall,Over,Orthodox,Left,Null,NotReferred,Null,False,False,False,False,False,True,,False,False,False,False,False,False,1,0,0,0,0,False,False,2.0,127.0,Deep Backward Square Leg
1653699,67,3.24,2,0,0,217,3,2,76650,,39481,County Championship 2026,2,31,Somerset Men,48,Surrey Men,8847994,2026-09-25T16:25:22Z,6,402,False,,,,2709,Mahipal Lomror,3004,Tom Lammonby,5,Tom Abell,Left,0,0,0,0,,LengthBall,OutsideOff,,None,BackFoot,BackwardDefensive,StockBall,Round,Orthodox,Left,Null,NotReferred,Null,False,False,False,False,False,True,,False,False,False,False,False,False,0,0,0,0,0,False,False,15.0,52.0,Backward Point
1653704,68,3.26,5,0,0,222,3,5,76650,,39481,County Championship 2026,2,31,Somerset Men,48,Surrey Men,8848002,2026-09-25T16:26:35Z,1,403,False,,,,15505,Ralphie Albert,5,Tom Abell,3004,Tom Lammonby,Right,0,0,0,0,,LengthBall,OffStump,,None,FrontFoot,ForwardDefensive,StockBall,Round,Orthodox,Left,Null,NotReferred,Null,False,False,False,False,False,True,,False,False,False,False,False,False,0,0,0,0,0,False,False,334.0,45.0,Square Leg
1653704,68,3.26,5,0,0,222,3,5,76650,,39481,County Championship 2026,2,31,Somerset Men,48,Surrey Men,8848005,2026-09-25T16:27:07Z,2,404,False,,,,15505,Ralphie Albert,5,Tom Abell,3004,Tom Lammonby,Right,4,0,4,4,,HalfVolley,MiddleStump,,WellTimed,FrontFoot,Flick,StockBall,Round,Orthodox,Left,Null,NotReferred,Null,False,False,False,False,False,True,,False,False,False,False,False,False,4,0,0,0,0,True,False,71.0,161.0,
1653704,68,3.26,5,0,0,222,3,5,76650,,39481,County Championship 2026,2,31,Somerset Men,48,Surrey Men,8848010,2026-09-25T16:27:58Z,3,3,False,,,,15505,Ralphie Albert,5,Tom Abell,3004,Tom Lammonby,Right,0,0,0,0,,LengthBall,OutsideOff,,None,FrontFoot,ForwardDefensive,StockBall,Round,Orthodox,Left,Null,NotReferred,Null,False,False,False,False,False,True,,False,False,False,False,False,False,0,0,0,0,0,False,False,242.0,43.0,Mid Off
1653704,68,3.26,5,0,0,222,3,5,76650,,39481,County Championship 2026,2,31,Somerset Men,48,Surrey Men,8848012,2026-09-25T16:28:25Z,4,406,False,,,,15505,Ralphie Albert,5,Tom Abell,3004,Tom Lammonby,Right,1,0,1,1,,LengthBall,MiddleStump,,None,FrontFoot,Drive,StockBall,Round,Orthodox,Left,Null,NotReferred,Null,False,False,False,False,False,True,,False,False,False,False,False,False,1,0,0,0,0,False,False,297.0,87.0,Mid On
1653704,68,3.26,5,0,0,222,3,5,76650,,39481,County Championship 2026,2,31,Somerset Men,48,Surrey Men,8848018,2026-09-25T16:29:09Z,5,407,False,,,,15505,Ralphie Albert,3004,Tom Lammonby,5,Tom Abell,Left,0,0,0,0,,LengthBall,OutsideOff,,None,FrontFoot,ForwardDefensive,StockBall,Over,Orthodox,Left,Null,NotReferred,Null,False,False,False,False,False,True,,False,False,False,False,False,False,0,0,0,0,0,False,False,162.0,24.0,Wicketkeeper
1653704,68,3.26,5,0,0,222,3,5,76650,,39481,County Championship 2026,2,31,Somerset Men,48,Surrey Men,8848022,2026-09-25T16:29:39Z,6,408,False,,,,15505,Ralphie Albert,3004,Tom Lammonby,5,Tom Abell,Left,0,0,0,0,,BackOfALength,OutsideOff,,None,BackFoot,BackwardDefensive,StockBall,Over,Orthodox,Left,Null,NotReferred,Null,False,False,False,False,False,True,,False,False,False,False,False,False,0,0,0,0,0,False,False,266.0,44.0,Bowler
1653763,69,3.32,7,0,0,229,3,7,76650,,39481,County Championship 2026,2,31,Somerset Men,48,Surrey Men,8848354,2026-09-26T09:30:26Z,1,409,False,,,,1208,Reece Topley,5,Tom Abell,3004,Tom Lammonby,Right,0,0,0,0,,BackOfALength,OutsideOff,,None,BackFoot,BackwardDefensive,NoMovement,Round,Medium,Left,Null,NotReferred,Null,False,False,False,False,False,True,,False,False,False,False,False,False,0,0,0,0,0,False,False,278.0,47.0,Mid On
1653763,69,3.32,7,0,0,229,3,7,76650,,39481,County Championship 2026,2,31,Somerset Men,48,Surrey Men,8848364,2026-09-26T09:30:58Z,2,410,False,,,,1208,Reece Topley,5,Tom Abell,3004,Tom Lammonby,Right,0,0,0,0,,BackOfALength,OutsideOff,,None,BackFoot,BackwardDefensive,NoMovement,Round,Medium,Left,Null,NotReferred,Null,False,False,False,False,False,True,,False,False,False,False,False,False,0,0,0,0,0,False,False,278.0,41.0,Bowler
1653763,69,3.32,7,0,0,229,3,7,76650,,39481,County Championship 2026,2,31,Somerset Men,48,Surrey Men,8848370,2026-09-26T09:31:29Z,3,411,False,,,,1208,Reece Topley,5,Tom Abell,3004,Tom Lammonby,Right,4,0,4,4,,BackOfALength,OutsideOff,,WellTimed,BackFoot,Worked,NoMovement,Round,Medium,Left,Null,NotReferred,Null,False,False,False,False,False,True,,False,False,False,False,False,False,4,0,0,0,0,True,False,7.0,169.0,
1653763,69,3.32,7,0,0,229,3,7,76650,,39481,County Championship 2026,2,31,Somerset Men,48,Surrey Men,8848378,2026-09-26T09:32:04Z,4,412,False,,,,1208,Reece Topley,5,Tom Abell,3004,Tom Lammonby,Right,2,2,2,0,,BackOfALength,OutsideOff,,None,BackFoot,BackwardDefensive,NoMovement,Round,Medium,Left,Null,NotReferred,1,False,True,False,False,False,True,,False,False,False,False,False,False,2,0,0,0,2,False,False,257.0,47.0,Mid Off
1653763,69,3.32,7,0,0,229,3,7,76650,,39481,County Championship 2026,2,31,Somerset Men,48,Surrey Men,8848384,2026-09-26T09:32:36Z,4,413,False,,,,1208,Reece Topley,5,Tom Abell,3004,Tom Lammonby,Right,1,0,1,1,,Short,OutsideOff,,None,BackFoot,Worked,NoMovement,Round,Medium,Left,Null,NotReferred,Null,False,False,False,False,False,True,,False,False,False,False,False,False,1,0,0,0,0,False,False,337.0,69.0,Square Leg
1653763,69,3.32,7,0,0,229,3,7,76650,,39481,County Championship 2026,2,31,Somerset Men,48,Surrey Men,8848391,2026-09-26T09:33:13Z,5,414,False,,,,1208,Reece Topley,3004,Tom Lammonby,5,Tom Abell,Left,0,0,0,0,,BackOfALength,OutsideOff,,None,BackFoot,BackwardDefensive,NoMovement,Over,Medium,Left,Null,NotReferred,Null,False,False,False,False,False,True,,False,False,False,False,False,False,0,0,0,0,0,False,False,10.0,46.0,Backward Point
1653763,69,3.32,7,0,0,229,3,7,76650,,39481,County Championship 2026,2,31,Somerset Men,48,Surrey Men,8848396,2026-09-26T09:33:48Z,6,415,False,,,,1208,Reece Topley,3004,Tom Lammonby,5,Tom Abell,Left,0,0,0,0,,BackOfALength,OutsideOff,,None,BackFoot,BackwardDefensive,NoMovement,Over,Medium,Left,Null,NotReferred,Null,False,False,False,False,False,True,,False,False,False,False,False,False,0,0,0,0,0,False,False,331.0,44.0,Cover
1653771,70,3.3,2,0,0,231,3,2,76650,,39481,County Championship 2026,2,31,Somerset Men,48,Surrey Men,8848409,2026-09-26T09:35:08Z,1,416,False,,,,15505,Ralphie Albert,5,Tom Abell,3004,Tom Lammonby,Right,0,0,0,0,,HalfVolley,OffStump,,None,FrontFoot,Flick,StockBall,Round,Orthodox,Left,Null,NotReferred,Null,False,False,False,False,False,True,,False,False,False,False,False,False,0,0,0,0,0,False,False,321.0,52.0,Mid Wicket
1653771,70,3.3,2,0,0,231,3,2,76650,,39481,County Championship 2026,2,31,Somerset Men,48,Surrey Men,8848414,2026-09-26T09:35:28Z,2,417,False,,,,15505,Ralphie Albert,5,Tom Abell,3004,Tom Lammonby,Right,1,0,1,1,,LengthBall,MiddleStump,,None,FrontFoot,ForwardDefensive,StockBall,Round,Orthodox,Left,Null,NotReferred,Null,False,False,False,False,False,True,,False,False,False,False,False,False,1,0,0,0,0,False,False,331.0,64.0,Square Leg
1653771,70,3.3,2,0,0,231,3,2,76650,,39481,County Championship 2026,2,31,Somerset Men,48,Surrey Men,8848422,2026-09-26T09:35:58Z,3,418,False,,,,15505,Ralphie Albert,3004,Tom Lammonby,5,Tom Abell,Left,0,0,0,0,,BackOfALength,OutsideOff,,None,BackFoot,BackwardDefensive,StockBall,Over,Orthodox,Left,Null,NotReferred,Null,False,False,False,False,False,True,,False,False,False,False,False,False,0,0,0,0,0,False,False,269.0,41.0,Bowler
1653771,70,3.3,2,0,0,231,3,2,76650,,39481,County Championship 2026,2,31,Somerset Men,48,Surrey Men,8848425,2026-09-26T09:36:17Z,4,419,False,,,,15505,Ralphie Albert,3004,Tom Lammonby,5,Tom Abell,Left,0,0,0,0,,BackOfALength,OutsideOff,,None,BackFoot,BackwardDefensive,StockBall,Over,Orthodox,Left,Null,NotReferred,Null,False,False,False,False,False,True,,False,False,False,False,False,False,0,0,0,0,0,False,False,312.0,43.0,Extra Cover
1653771,70,3.3,2,0,0,231,3,2,76650,,39481,County Championship 2026,2,31,Somerset Men,48,Surrey Men,8848430,2026-09-26T09:36:38Z,5,420,False,,,,15505,Ralphie Albert,3004,Tom Lammonby,5,Tom Abell,Left,0,0,0,0,,HalfVolley,OutsideOff,,None,FrontFoot,Drive,StockBall,Over,Orthodox,Left,Null,NotReferred,Null,False,False,False,False,False,True,,False,False,False,False,False,False,0,0,0,0,0,False,False,279.0,44.0,Bowler
1653771,70,3.3,2,0,0,231,3,2,76650,,39481,County Championship 2026,2,31,Somerset Men,48,Surrey Men,8848433,2026-09-26T09:36:55Z,6,421,False,,,,15505,Ralphie Albert,3004,Tom Lammonby,5,Tom Abell,Left,1,0,1,1,,BackOfALength,OutsideOff,,None,BackFoot,Worked,StockBall,Over,Orthodox,Left,Null,NotReferred,Null,False,False,False,False,False,True,,False,False,False,False,False,False,1,0,0,0,0,False,False,181.0,146.0,Deep Square Leg
1653776,71,3.25,0,0,0,231,3,0,76650,,39481,County Championship 2026,2,31,Somerset Men,48,Surrey Men,8848441,2026-09-26T09:37:48Z,1,422,False,,,,1208,Reece Topley,3004,Tom Lammonby,5,Tom Abell,Left,0,0,0,0,,BackOfALength,OutsideOff,,Left,NoMovement,Leave,NoMovement,Over,Medium,Left,Null,NotReferred,Null,False,False,False,False,False,True,,False,False,False,False,False,False,0,0,0,0,0,False,False,,,Wicketkeeper
1653776,71,3.25,0,0,0,231,3,0,76650,,39481,County Championship 2026,2,31,Somerset Men,48,Surrey Men,8848448,2026-09-26T09:38:22Z,2,423,False,,,,1208,Reece Topley,3004,Tom Lammonby,5,Tom Abell,Left,0,0,0,0,,Short,OutsideOff,,Missed,BackFoot,BackwardDefensive,NoMovement,Over,Medium,Left,Null,NotReferred,Null,False,False,False,False,False,True,,False,False,False,False,False,False,0,0,0,0,0,False,False,,,Wicketkeeper
1653776,71,3.25,0,0,0,231,3,0,76650,,39481,County Championship 2026,2,31,Somerset Men,48,Surrey Men,8848455,2026-09-26T09:38:58Z,3,424,False,,,,1208,Reece Topley,3004,Tom Lammonby,5,Tom Abell,Left,0,0,0,0,,LengthBall,OutsideOff,,Left,NoMovement,Leave,NoMovement,Over,Medium,Left,Null,NotReferred,Null,False,False,False,False,False,True,,False,False,False,False,False,False,0,0,0,0,0,False,False,,,Wicketkeeper
1653776,71,3.25,0,0,0,231,3,0,76650,,39481,County Championship 2026,2,31,Somerset Men,48,Surrey Men,8848461,2026-09-26T09:39:35Z,4,425,False,,,,1208,Reece Topley,3004,Tom Lammonby,5,Tom Abell,Left,0,0,0,0,,BackOfALength,OutsideOff,,Left,NoMovement,Leave,NoMovement,Over,Medium,Left,Null,NotReferred,Null,False,False,False,False,False,True,,False,False,False,False,False,False,0,0,0,0,0,False,False,,,Wicketkeeper
1653776,71,3.25,0,0,0,231,3,0,76650,,39481,County Championship 2026,2,31,Somerset Men,48,Surrey Men,8848470,2026-09-26T09:40:11Z,5,426,False,,,,1208,Reece Topley,3004,Tom Lammonby,5,Tom Abell,Left,0,0,0,0,,LengthBall,OutsideOff,,Missed,FrontFoot,ForwardDefensive,NoMovement,Over,Medium,Left,Null,NotReferred,Null,False,False,False,False,False,True,,False,False,False,False,False,False,0,0,0,0,0,False,False,,,Wicketkeeper
1653776,71,3.25,0,0,0,231,3,0,76650,,39481,County Championship 2026,2,31,Somerset Men,48,Surrey Men,8848477,2026-09-26T09:40:47Z,6,427,False,,,,1208,Reece Topley,3004,Tom Lammonby,5,Tom Abell,Left,0,0,0,0,,BackOfALength,OutsideOff,,Missed,BackFoot,BackwardDefensive,NoMovement,Over,Medium,Left,Null,NotReferred,Null,False,False,False,False,False,True,,False,False,False,False,False,False,0,0,0,0,0,False,False,,,Wicketkeeper
1653784,72,3.26,4,0,0,235,3,4,76650,,39481,County Championship 2026,2,31,Somerset Men,48,Surrey Men,8848487,2026-09-26T09:41:40Z,1,428,False,,,,15505,Ralphie Albert,5,Tom Abell,3004,Tom Lammonby,Right,0,0,0,0,,HalfVolley,OffStump,,None,FrontFoot,Flick,StockBall,Round,Orthodox,Left,Null,NotReferred,Null,False,False,False,False,False,True,,False,False,False,False,False,False,0,0,0,0,0,False,False,319.0,56.0,Mid Wicket
1653784,72,3.26,4,0,0,235,3,4,76650,,39481,County Championship 2026,2,31,Somerset Men,48,Surrey Men,8848494,2026-09-26T09:42:01Z,2,429,False,,,,15505,Ralphie Albert,5,Tom Abell,3004,Tom Lammonby,Right,0,0,0,0,,BackOfALength,OutsideOff,,None,BackFoot,Drive,StockBall,Round,Orthodox,Left,Null,NotReferred,Null,False,False,False,False,False,True,,False,False,False,False,False,False,0,0,0,0,0,False,False,206.0,64.0,Cover
1653784,72,3.26,4,0,0,235,3,4,76650,,39481,County Championship 2026,2,31,Somerset Men,48,Surrey Men,8848498,2026-09-26T09:42:24Z,3,430,False,,,,15505,Ralphie Albert,5,Tom Abell,3004,Tom Lammonby,Right,0,0,0,0,,LengthBall,OutsideOff,,None,BackFoot,Drive,StockBall,Round,Orthodox,Left,Null,NotReferred,Null,False,False,False,False,False,True,,False,False,False,False,False,False,0,0,0,0,0,False,False,212.0,48.0,Extra Cover
1653784,72,3.26,4,0,0,235,3,4,76650,,39481,County Championship 2026,2,31,Somerset Men,48,Surrey Men,8848501,2026-09-26T09:42:41Z,4,431,False,,,,15505,Ralphie Albert,5,Tom Abell,3004,Tom Lammonby,Right,0,0,0,0,,LengthBall,OffStump,,None,FrontFoot,ForwardDefensive,StockBall,Round,Orthodox,Left,Null,NotReferred,Null,False,False,False,False,False,True,,False,False,False,False,False,False,0,0,0,0,0,False,False,325.0,38.0,Mid Wicket
1653784,72,3.26,4,0,0,235,3,4,76650,,39481,County Championship 2026,2,31,Somerset Men,48,Surrey Men,8848505,2026-09-26T09:43:01Z,5,432,False,,,,15505,Ralphie Albert,5,Tom Abell,3004,Tom Lammonby,Right,0,0,0,0,,LengthBall,OutsideOff,,None,FrontFoot,ForwardDefensive,StockBall,Round,Orthodox,Left,Null,NotReferred,Null,False,False,False,False,False,True,,False,False,False,False,False,False,0,0,0,0,0,False,False,266.0,42.0,Bowler
1653784,72,3.26,4,0,0,235,3,4,76650,,39481,County Championship 2026,2,31,Somerset Men,48,Surrey Men,8848509,2026-09-26T09:43:21Z,6,433,False,,,,15505,Ralphie Albert,5,Tom Abell,3004,Tom Lammonby,Right,4,0,4,4,,BackOfALength,OutsideOff,,WellTimed,BackFoot,Cut,StockBall,Round,Orthodox,Left,Null,NotReferred,Null,False,False,False,False,False,True,,False,False,False,False,False,False,4,0,0,0,0,True,False,140.0,164.0,
1653790,73,3.23,1,0,0,236,3,1,76650,,39481,County Championship 2026,2,31,Somerset Men,48,Surrey Men,8848518,2026-09-26T09:44:05Z,1,434,False,,,,1208,Reece Topley,3004,Tom Lammonby,5,Tom Abell,Left,0,0,0,0,,LengthBall,OutsideOff,,None,FrontFoot,ForwardDefensive,NoMovement,Over,Medium,Left,Null,NotReferred,Null,False,False,False,False,False,True,,False,False,False,False,False,False,0,0,0,0,0,False,False,22.0,44.0,Backward Point
1653790,73,3.23,1,0,0,236,3,1,76650,,39481,County Championship 2026,2,31,Somerset Men,48,Surrey Men,8848526,2026-09-26T09:44:40Z,2,435,False,,,,1208,Reece Topley,3004,Tom Lammonby,5,Tom Abell,Left,0,0,0,0,,HalfVolley,OutsideOff,,Missed,FrontFoot,Drive,NoMovement,Over,Medium,Left,Null,NotReferred,Null,False,False,False,False,False,True,,False,False,False,False,False,False,0,0,0,0,0,False,False,,,Wicketkeeper
1653790,73,3.23,1,0,0,236,3,1,76650,,39481,County Championship 2026,2,31,Somerset Men,48,Surrey Men,8848530,2026-09-26T09:45:13Z,3,436,False,,,,1208,Reece Topley,3004,Tom Lammonby,5,Tom Abell,Left,0,0,0,0,,BackOfALength,OutsideOff,,Left,NoMovement,Leave,NoMovement,Over,Medium,Left,Null,NotReferred,Null,False,False,False,False,False,True,,False,False,False,False,False,False,0,0,0,0,0,False,False,,,Wicketkeeper
1653790,73,3.23,1,0,0,236,3,1,76650,,39481,County Championship 2026,2,31,Somerset Men,48,Surrey Men,8848536,2026-09-26T09:45:51Z,4,437,False,,,,1208,Reece Topley,3004,Tom Lammonby,5,Tom Abell,Left,0,0,0,0,,Short,OutsideOff,,Left,NoMovement,Leave,NoMovement,Over,Medium,Left,Null,NotReferred,Null,False,False,False,False,False,True,,False,False,False,False,False,False,0,0,0,0,0,False,False,,,Wicketkeeper
1653790,73,3.23,1,0,0,236,3,1,76650,,39481,County Championship 2026,2,31,Somerset Men,48,Surrey Men,8848544,2026-09-26T09:46:27Z,5,438,False,,,,1208,Reece Topley,3004,Tom Lammonby,5,Tom Abell,Left,0,0,0,0,,BackOfALength,OutsideOff,,Left,NoMovement,Leave,NoMovement,Over,Medium,Left,Null,NotReferred,Null,False,False,False,False,False,True,,False,False,False,False,False,False,0,0,0,0,0,False,False,,,Wicketkeeper
1653790,73,3.23,1,0,0,236,3,1,76650,,39481,County Championship 2026,2,31,Somerset Men,48,Surrey Men,8848558,2026-09-26T09:47:02Z,6,439,False,,,,1208,Reece Topley,3004,Tom Lammonby,5,Tom Abell,Left,1,0,1,1,,HalfVolley,OutsideOff,,None,FrontFoot,Drive,NoMovement,Over,Medium,Left,Null,NotReferred,Null,False,False,False,False,False,True,,False,False,False,False,False,False,1,0,0,0,0,False,False,340.0,82.0,Cover
1653799,74,3.22,2,0,0,238,3,2,76650,,39481,County Championship 2026,2,31,Somerset Men,48,Surrey Men,8848571,2026-09-26T09:48:28Z,1,440,False,,,,13942,Adam Thomas,3004,Tom Lammonby,5,Tom Abell,Left,1,0,1,1,,LengthBall,OutsideOff,,None,FrontFoot,ForwardDefensive,NoMovement,Round,Medium,Right,Null,NotReferred,Null,False,False,False,False,False,True,,False,False,False,False,False,False,1,0,0,0,0,False,False,19.0,75.0,Backward Point
1653799,74,3.22,2,0,0,238,3,2,76650,,39481,County Championship 2026,2,31,Somerset Men,48,Surrey Men,8848577,2026-09-26T09:48:58Z,2,441,False,,,,13942,Adam Thomas,5,Tom Abell,3004,Tom Lammonby,Right,0,0,0,0,,LengthBall,OutsideOff,,None,FrontFoot,ForwardDefensive,NoMovement,Over,Medium,Right,Null,NotReferred,Null,False,False,False,False,False,True,,False,False,False,False,False,False,0,0,0,0,0,False,False,217.0,45.0,Extra Cover
1653799,74,3.22,2,0,0,238,3,2,76650,,39481,County Championship 2026,2,31,Somerset Men,48,Surrey Men,8848582,2026-09-26T09:49:22Z,3,442,False,,,,13942,Adam Thomas,5,Tom Abell,3004,Tom Lammonby,Right,0,0,0,0,,LengthBall,OutsideOff,,None,FrontFoot,Drive,NoMovement,Over,Medium,Right,Null,NotReferred,Null,False,False,False,False,False,True,,False,False,False,False,False,False,0,0,0,0,0,False,False,295.0,62.0,Mid On
1653799,74,3.22,2,0,0,238,3,2,76650,,39481,County Championship 2026,2,31,Somerset Men,48,Surrey Men,8848587,2026-09-26T09:49:46Z,4,443,False,,,,13942,Adam Thomas,5,Tom Abell,3004,Tom Lammonby,Right,0,0,0,0,,LengthBall,OutsideOff,,None,FrontFoot,Drive,NoMovement,Over,Medium,Right,Null,NotReferred,Null,False,False,False,False,False,True,,False,False,False,False,False,False,0,0,0,0,0,False,True,284.0,59.0,Mid On
1653799,74,3.22,2,0,0,238,3,2,76650,,39481,County Championship 2026,2,31,Somerset Men,48,Surrey Men,8848593,2026-09-26T09:50:15Z,5,444,False,,,,13942,Adam Thomas,5,Tom Abell,3004,Tom Lammonby,Right,1,0,1,1,,BackOfALength,OutsideOff,,None,BackFoot,Steer,NoMovement,Over,Medium,Right,Null,NotReferred,Null,False,False,False,False,False,True,,False,False,False,False,False,False,1,0,0,0,0,False,False,182.0,87.0,Cover
1653799,74,3.22,2,0,0,238,3,2,76650,,39481,County Championship 2026,2,31,Somerset Men,48,Surrey Men,8848599,2026-09-26T09:50:42Z,6,445,False,,,,13942,Adam Thomas,3004,Tom Lammonby,5,Tom Abell,Left,0,0,0,0,,LengthBall,OutsideOff,,Left,NoMovement,Leave,NoMovement,Round,Medium,Right,Null,NotReferred,Null,False,False,False,False,False,True,,False,False,False,False,False,False,0,0,0,0,0,False,False,,,Wicketkeeper
1653806,75,3.23,4,0,0,242,3,4,76650,,39481,County Championship 2026,2,31,Somerset Men,48,Surrey Men,8848614,2026-09-26T09:51:49Z,1,446,False,,,,15505,Ralphie Albert,5,Tom Abell,3004,Tom Lammonby,Right,1,0,1,1,,BackOfALength,OutsideOff,,WellTimed,BackFoot,Cut,StockBall,Round,Orthodox,Left,Null,NotReferred,Null,False,False,False,False,False,True,,False,False,False,False,False,False,1,0,0,0,0,False,False,173.0,152.0,Deep Backward Point
1653806,75,3.23,4,0,0,242,3,4,76650,,39481,County Championship 2026,2,31,Somerset Men,48,Surrey Men,8848624,2026-09-26T09:52:22Z,2,447,False,,,,15505,Ralphie Albert,3004,Tom Lammonby,5,Tom Abell,Left,0,0,0,0,,BackOfALength,OutsideOff,,OutsideEdge,BackFoot,BackwardDefensive,StockBall,Over,Orthodox,Left,Null,NotReferred,Null,False,False,False,False,False,True,,False,False,False,False,False,False,0,0,0,0,0,False,True,76.0,9.0,First Slip
1653806,75,3.23,4,0,0,242,3,4,76650,,39481,County Championship 2026,2,31,Somerset Men,48,Surrey Men,8848625,2026-09-26T09:52:42Z,3,448,False,,,,15505,Ralphie Albert,3004,Tom Lammonby,5,Tom Abell,Left,1,0,1,1,,BackOfALength,OutsideOff,,None,BackFoot,Sweep,StockBall,Over,Orthodox,Left,Null,NotReferred,Null,False,False,False,False,False,True,,False,False,False,False,False,False,1,0,0,0,0,False,False,135.0,131.0,Fine Leg
1653806,75,3.23,4,0,0,242,3,4,76650,,39481,County Championship 2026,2,31,Somerset Men,48,Surrey Men,8848632,2026-09-26T09:53:10Z,4,449,False,,,,15505,Ralphie Albert,5,Tom Abell,3004,Tom Lammonby,Right,0,0,0,0,,BackOfALength,OutsideOff,,None,BackFoot,Drive,StockBall,Round,Orthodox,Left,Null,NotReferred,Null,False,False,False,False,False,True,,False,False,False,False,False,False,0,0,0,0,0,False,False,228.0,45.0,Extra Cover
1653806,75,3.23,4,0,0,242,3,4,76650,,39481,County Championship 2026,2,31,Somerset Men,48,Surrey Men,8848635,2026-09-26T09:53:29Z,5,450,False,,,,15505,Ralphie Albert,5,Tom Abell,3004,Tom Lammonby,Right,1,0,1,1,,LengthBall,OutsideOff,,None,FrontFoot,Drive,StockBall,Round,Orthodox,Left,Null,NotReferred,Null,False,False,False,False,False,True,,False,False,False,False,False,False,1,0,0,0,0,False,False,196.0,129.0,Deep Cover
1653806,75,3.23,4,0,0,242,3,4,76650,,39481,County Championship 2026,2,31,Somerset Men,48,Surrey Men,8848645,2026-09-26T09:54:19Z,6,451,False,,,,15505,Ralphie Albert,3004,Tom Lammonby,5,Tom Abell,Left,1,0,1,1,,BackOfALength,OutsideOff,,None,BackFoot,Worked,StockBall,Over,Orthodox,Left,Null,NotReferred,Null,False,False,False,False,False,True,,False,False,False,False,False,False,1,0,0,0,0,False,False,182.0,136.0,Deep Square Leg
1653812,76,3.26,6,0,0,248,3,6,76650,,39481,County Championship 2026,2,31,Somerset Men,48,Surrey Men,8848658,2026-09-26T09:55:15Z,1,452,False,,,,13942,Adam Thomas,3004,Tom Lammonby,5,Tom Abell,Left,2,0,2,2,,HalfVolley,OutsideOff,,WellTimed,FrontFoot,Drive,NoMovement,Round,Medium,Right,Null,NotReferred,Null,False,False,False,False,False,True,,False,False,False,False,False,False,2,0,0,0,0,False,False,317.0,155.0,Deep Extra Cover
1653812,76,3.26,6,0,0,248,3,6,76650,,39481,County Championship 2026,2,31,Somerset Men,48,Surrey Men,8848663,2026-09-26T09:55:45Z,2,453,False,,,,13942,Adam Thomas,3004,Tom Lammonby,5,Tom Abell,Left,0,0,0,0,,LengthBall,OutsideOff,,None,FrontFoot,ForwardDefensive,NoMovement,Round,Medium,Right,Null,NotReferred,Null,False,False,False,False,False,True,,False,False,False,False,False,False,0,0,0,0,0,False,False,285.0,42.0,Bowler
1653812,76,3.26,6,0,0,248,3,6,76650,,39481,County Championship 2026,2,31,Somerset Men,48,Surrey Men,8848668,2026-09-26T09:56:11Z,3,454,False,,,,13942,Adam Thomas,3004,Tom Lammonby,5,Tom Abell,Left,1,0,1,1,,LengthBall,OutsideOff,,WellTimed,FrontFoot,Drive,NoMovement,Round,Medium,Right,Null,NotReferred,Null,False,False,False,False,False,True,,False,False,False,False,False,False,1,0,0,0,0,False,False,326.0,147.0,Deep Extra Cover
1653812,76,3.26,6,0,0,248,3,6,76650,,39481,County Championship 2026,2,31,Somerset Men,48,Surrey Men,8848676,2026-09-26T09:56:51Z,4,455,False,,,,13942,Adam Thomas,5,Tom Abell,3004,Tom Lammonby,Right,1,0,1,1,,Short,OutsideOff,,None,BackFoot,Pull,NoMovement,Over,Medium,Right,Null,NotReferred,Null,False,False,False,False,False,True,,False,False,False,False,False,False,1,0,0,0,0,False,False,3.0,152.0,Deep Backward Square Leg
1653812,76,3.26,6,0,0,248,3,6,76650,,39481,County Championship 2026,2,31,Somerset Men,48,Surrey Men,8848684,2026-09-26T09:57:25Z,5,456,False,,,,13942,Adam Thomas,3004,Tom Lammonby,5,Tom Abell,Left,1,0,1,1,,BackOfALength,OutsideOff,,None,BackFoot,Worked,NoMovement,Round,Medium,Right,Null,NotReferred,Null,False,False,False,False,False,True,,False,False,False,False,False,False,1,0,0,0,0,False,False,180.0,148.0,Deep Square Leg
1653812,76,3.26,6,0,0,248,3,6,76650,,39481,County Championship 2026,2,31,Somerset Men,48,Surrey Men,8848691,2026-09-26T09:58:09Z,6,457,False,,,,13942,Adam Thomas,5,Tom Abell,3004,Tom Lammonby,Right,1,0,1,1,,BackOfALength,OutsideOff,,None,BackFoot,Worked,NoMovement,Round,Medium,Right,Null,NotReferred,Null,False,False,False,False,False,True,,False,False,False,False,False,False,1,0,0,0,0,False,False,13.0,134.0,Deep Backward Square Leg
1653820,77,3.22,0,0,0,248,3,0,76650,,39481,County Championship 2026,2,31,Somerset Men,48,Surrey Men,8848704,2026-09-26T09:59:01Z,1,458,False,,,,15505,Ralphie Albert,5,Tom Abell,3004,Tom Lammonby,Right,0,0,0,0,,LengthBall,OffStump,,HitPad,FrontFoot,ForwardDefensive,StockBall,Round,Orthodox,Left,Null,NotReferred,Null,False,False,False,False,False,True,,False,False,False,False,False,False,0,0,0,0,0,False,False,128.0,9.0,Gully
1653820,77,3.22,0,0,0,248,3,0,76650,,39481,County Championship 2026,2,31,Somerset Men,48,Surrey Men,8848709,2026-09-26T09:59:19Z,2,459,False,,,,15505,Ralphie Albert,5,Tom Abell,3004,Tom Lammonby,Right,0,0,0,0,,BackOfALength,OutsideOff,,None,BackFoot,Cut,StockBall,Round,Orthodox,Left,Null,NotReferred,Null,False,False,False,False,False,True,,False,False,False,False,False,False,0,0,0,0,0,False,False,212.0,53.0,Extra Cover
1653820,77,3.22,0,0,0,248,3,0,76650,,39481,County Championship 2026,2,31,Somerset Men,48,Surrey Men,8848714,2026-09-26T09:59:41Z,3,460,False,,,,15505,Ralphie Albert,5,Tom Abell,3004,Tom Lammonby,Right,0,0,0,0,,LengthBall,MiddleStump,,None,BackFoot,Worked,StockBall,Round,Orthodox,Left,Null,NotReferred,Null,False,False,False,False,False,True,,False,False,False,False,False,False,0,0,0,0,0,False,False,10.0,51.0,Backward Square Leg
1653820,77,3.22,0,0,0,248,3,0,76650,,39481,County Championship 2026,2,31,Somerset Men,48,Surrey Men,8848719,2026-09-26T10:00:07Z,4,461,False,,,,15505,Ralphie Albert,5,Tom Abell,3004,Tom Lammonby,Right,0,0,0,0,,Yorker,OutsideOff,,None,FrontFoot,Drive,StockBall,Round,Orthodox,Left,Null,NotReferred,Null,False,False,False,False,False,True,,False,False,False,False,False,False,0,0,0,0,0,False,False,273.0,42.0,Bowler
1653820,77,3.22,0,0,0,248,3,0,76650,,39481,County Championship 2026,2,31,Somerset Men,48,Surrey Men,8848723,2026-09-26T10:00:28Z,5,462,False,,,,15505,Ralphie Albert,5,Tom Abell,3004,Tom Lammonby,Right,0,0,0,0,,LengthBall,OutsideOff,,None,FrontFoot,ForwardDefensive,StockBall,Round,Orthodox,Left,Null,NotReferred,Null,False,False,False,False,False,True,,False,False,False,False,False,False,0,0,0,0,0,False,False,273.0,41.0,Bowler
1653820,77,3.22,0,0,0,248,3,0,76650,,39481,County Championship 2026,2,31,Somerset Men,48,Surrey Men,8848726,2026-09-26T10:00:47Z,6,463,False,,,,15505,Ralphie Albert,5,Tom Abell,3004,Tom Lammonby,Right,0,0,0,0,,LengthBall,OffStump,,None,FrontFoot,ForwardDefensive,StockBall,Round,Orthodox,Left,Null,NotReferred,Null,False,False,False,False,False,True,,False,False,False,False,False,False,0,0,0,0,0,False,False,302.0,54.0,Mid Wicket
1653827,78,3.31,10,0,0,258,3,10,76650,,39481,County Championship 2026,2,31,Somerset Men,48,Surrey Men,8848733,2026-09-26T10:01:35Z,1,464,False,,,,13942,Adam Thomas,3004,Tom Lammonby,5,Tom Abell,Left,4,0,4,4,,LengthBall,OutsideOff,,WellTimed,FrontFoot,Drive,NoMovement,Round,Medium,Right,Null,NotReferred,Null,False,False,False,False,True,True,,False,False,False,False,False,False,4,0,0,0,0,True,False,352.0,171.0,
1653827,78,3.31,10,0,0,258,3,10,76650,,39481,County Championship 2026,2,31,Somerset Men,48,Surrey Men,8848741,2026-09-26T10:02:16Z,2,465,False,,,,13942,Adam Thomas,3004,Tom Lammonby,5,Tom Abell,Left,4,0,4,4,,BackOfALength,OutsideOff,,WellTimed,BackFoot,Steer,NoMovement,Round,Medium,Right,Null,NotReferred,Null,False,False,False,False,False,True,,False,False,False,False,False,False,4,0,0,0,0,True,False,74.0,160.0,
1653827,78,3.31,10,0,0,258,3,10,76650,,39481,County Championship 2026,2,31,Somerset Men,48,Surrey Men,8848748,2026-09-26T10:02:53Z,3,466,False,,,,13942,Adam Thomas,3004,Tom Lammonby,5,Tom Abell,Left,1,0,1,1,,LengthBall,OffStump,,None,FrontFoot,Flick,NoMovement,Round,Medium,Right,Null,NotReferred,Null,False,False,False,False,False,True,,False,False,False,False,False,False,1,0,0,0,0,False,False,133.0,144.0,Fine Leg
1653827,78,3.31,10,0,0,258,3,10,76650,,39481,County Championship 2026,2,31,Somerset Men,48,Surrey Men,8848753,2026-09-26T10:03:23Z,4,467,False,,,,13942,Adam Thomas,5,Tom Abell,3004,Tom Lammonby,Right,0,0,0,0,,BackOfALength,OutsideOff,,None,BackFoot,Cut,NoMovement,Over,Medium,Right,Null,NotReferred,Null,False,False,False,False,False,True,,False,False,False,False,False,False,0,0,0,0,0,False,False,160.0,59.0,Backward Point
1653827,78,3.31,10,0,0,258,3,10,76650,,39481,County Championship 2026,2,31,Somerset Men,48,Surrey Men,8848759,2026-09-26T10:03:50Z,5,468,False,,,,13942,Adam Thomas,5,Tom Abell,3004,Tom Lammonby,Right,1,0,1,1,,BackOfALength,OutsideOff,,None,BackFoot,LateCut,NoMovement,Over,Medium,Right,Null,NotReferred,Null,False,False,False,False,False,True,,False,False,False,False,False,False,1,0,0,0,0,False,False,131.0,49.0,Gully
1653827,78,3.31,10,0,0,258,3,10,76650,,39481,County Championship 2026,2,31,Somerset Men,48,Surrey Men,8848765,2026-09-26T10:04:15Z,6,469,False,,,,13942,Adam Thomas,3004,Tom Lammonby,5,Tom Abell,Left,0,0,0,0,,LengthBall,OutsideOff,,None,FrontFoot,ForwardDefensive,NoMovement,Round,Medium,Right,Null,NotReferred,Null,False,False,False,False,False,True,,False,False,False,False,False,False,0,0,0,0,0,False,False,358.0,55.0,Cover
1653833,79,3.29,2,0,0,260,3,2,76650,,39481,County Championship 2026,2,31,Somerset Men,48,Surrey Men,8848776,2026-09-26T10:05:02Z,1,470,False,,,,15505,Ralphie Albert,5,Tom Abell,3004,Tom Lammonby,Right,0,0,0,0,,LengthBall,OffStump,,None,FrontFoot,ForwardDefensive,StockBall,Round,Orthodox,Left,Null,NotReferred,Null,False,False,False,False,False,True,,False,False,False,False,False,False,0,0,0,0,0,False,False,263.0,37.0,Bowler
1653833,79,3.29,2,0,0,260,3,2,76650,,39481,County Championship 2026,2,31,Somerset Men,48,Surrey Men,8848779,2026-09-26T10:05:21Z,2,471,False,,,,15505,Ralphie Albert,5,Tom Abell,3004,Tom Lammonby,Right,0,0,0,0,,LengthBall,OffStump,,None,FrontFoot,ForwardDefensive,StockBall,Round,Orthodox,Left,Null,NotReferred,Null,False,False,False,False,False,True,,False,False,False,False,False,False,0,0,0,0,0,False,False,271.0,41.0,Bowler
1653833,79,3.29,2,0,0,260,3,2,76650,,39481,County Championship 2026,2,31,Somerset Men,48,Surrey Men,8848784,2026-09-26T10:05:42Z,3,472,False,,,,15505,Ralphie Albert,5,Tom Abell,3004,Tom Lammonby,Right,0,0,0,0,,BackOfALength,OutsideOff,,None,BackFoot,Cut,StockBall,Round,Orthodox,Left,Null,NotReferred,Null,False,False,False,False,False,True,,False,False,False,False,False,False,0,0,0,0,0,False,False,150.0,66.0,Backward Point
1653833,79,3.29,2,0,0,260,3,2,76650,,39481,County Championship 2026,2,31,Somerset Men,48,Surrey Men,8848789,2026-09-26T10:06:01Z,4,473,False,,,,15505,Ralphie Albert,5,Tom Abell,3004,Tom Lammonby,Right,0,0,0,0,,LengthBall,OutsideOff,,None,FrontFoot,ForwardDefensive,StockBall,Round,Orthodox,Left,Null,NotReferred,Null,False,False,False,False,False,True,,False,False,False,False,False,False,0,0,0,0,0,False,False,262.0,41.0,Bowler
1653833,79,3.29,2,0,0,260,3,2,76650,,39481,County Championship 2026,2,31,Somerset Men,48,Surrey Men,8848795,2026-09-26T10:06:18Z,5,474,False,,,,15505,Ralphie Albert,5,Tom Abell,3004,Tom Lammonby,Right,1,0,1,1,,HalfVolley,MiddleStump,,WellTimed,FrontFoot,Flick,StockBall,Round,Orthodox,Left,Null,NotReferred,Null,False,False,False,False,False,True,,False,False,False,False,False,False,1,0,0,0,0,False,False,343.0,156.0,Deep Square Leg
1653833,79,3.29,2,0,0,260,3,2,76650,,39481,County Championship 2026,2,31,Somerset Men,48,Surrey Men,8848802,2026-09-26T10:06:53Z,6,475,False,,,,15505,Ralphie Albert,3004,Tom Lammonby,5,Tom Abell,Left,1,0,1,1,,HalfVolley,OutsideOff,,WellTimed,FrontFoot,Flick,StockBall,Over,Orthodox,Left,Null,NotReferred,Null,False,False,False,False,False,True,,False,False,False,False,False,False,1,0,0,0,0,False,False,238.0,122.0,Deep Mid Wicket
1653838,80,3.34,7,0,0,267,3,7,76650,,39481,County Championship 2026,2,31,Somerset Men,48,Surrey Men,8848814,2026-09-26T10:07:54Z,1,476,False,,,,13942,Adam Thomas,3004,Tom Lammonby,5,Tom Abell,Left,0,0,0,0,,HalfVolley,OutsideOff,,None,FrontFoot,Drive,NoMovement,Round,Medium,Right,Null,NotReferred,Null,False,False,False,False,False,True,,False,False,False,False,False,False,0,0,0,0,0,False,False,317.0,56.0,Extra Cover
1653838,80,3.34,7,0,0,267,3,7,76650,,39481,County Championship 2026,2,31,Somerset Men,48,Surrey Men,8848820,2026-09-26T10:08:15Z,2,477,False,,,,13942,Adam Thomas,3004,Tom Lammonby,5,Tom Abell,Left,1,0,1,1,,BackOfALength,OutsideOff,,None,BackFoot,Worked,NoMovement,Round,Medium,Right,Null,NotReferred,Null,False,False,False,False,False,True,,False,False,False,False,False,False,1,0,0,0,0,False,False,196.0,69.0,Square Leg
1653838,80,3.34,7,0,0,267,3,7,76650,,39481,County Championship 2026,2,31,Somerset Men,48,Surrey Men,8848823,2026-09-26T10:08:49Z,3,478,False,,,,13942,Adam Thomas,5,Tom Abell,3004,Tom Lammonby,Right,1,0,1,1,,BackOfALength,OutsideOff,,None,BackFoot,Worked,NoMovement,Over,Medium,Right,Null,NotReferred,Null,False,False,False,False,False,True,,False,False,False,False,False,False,1,0,0,0,0,False,False,29.0,128.0,Deep Backward Square Leg
1653838,80,3.34,7,0,0,267,3,7,76650,,39481,County Championship 2026,2,31,Somerset Men,48,Surrey Men,8848829,2026-09-26T10:09:18Z,4,479,False,,,,13942,Adam Thomas,3004,Tom Lammonby,5,Tom Abell,Left,0,0,0,0,,HalfVolley,OutsideOff,,ThickEdge,FrontFoot,Drive,NoMovement,Round,Medium,Right,Null,NotReferred,Null,False,False,False,False,False,True,,False,False,False,False,False,False,0,0,0,0,0,False,False,37.0,50.0,Gully
1653838,80,3.34,7,0,0,267,3,7,76650,,39481,County Championship 2026,2,31,Somerset Men,48,Surrey Men,8848833,2026-09-26T10:09:44Z,5,480,False,,,,13942,Adam Thomas,3004,Tom Lammonby,5,Tom Abell,Left,1,0,1,1,,BackOfALength,OutsideOff,,None,BackFoot,Worked,NoMovement,Round,Medium,Right,Null,NotReferred,Null,False,False,False,False,False,True,,False,False,False,False,False,False,1,0,0,0,0,False,False,155.0,125.0,Deep Backward Square Leg
1653838,80,3.34,7,0,0,267,3,7,76650,,39481,County Championship 2026,2,31,Somerset Men,48,Surrey Men,8848839,2026-09-26T10:10:11Z,6,481,False,,,,13942,Adam Thomas,5,Tom Abell,3004,Tom Lammonby,Right,4,0,4,4,,BackOfALength,OutsideOff,,WellTimed,BackFoot,LateCut,NoMovement,Over,Medium,Right,Null,NotReferred,Null,False,False,False,False,False,True,,False,False,False,False,False,False,4,0,0,0,0,True,False,114.0,161.0,
1653847,81,3.32,2,0,0,269,3,2,76650,,39481,County Championship 2026,2,31,Somerset Men,48,Surrey Men,8848854,2026-09-26T10:11:19Z,1,482,False,,,,1208,Reece Topley,3004,Tom Lammonby,5,Tom Abell,Left,0,0,0,0,,BackOfALength,OutsideOff,,Left,NoMovement,Leave,NoMovement,Over,Medium,Left,Null,NotReferred,Null,False,False,False,False,False,True,,False,False,False,False,False,False,0,0,0,0,0,False,False,,,Wicketkeeper
1653847,81,3.32,2,0,0,269,3,2,76650,,39481,County Championship 2026,2,31,Somerset Men,48,Surrey Men,8848864,2026-09-26T10:11:56Z,2,483,False,,,,1208,Reece Topley,3004,Tom Lammonby,5,Tom Abell,Left,0,0,0,0,,HalfVolley,OutsideOff,,MisTimed,FrontFoot,Drive,NoMovement,Over,Medium,Left,Null,NotReferred,Null,False,False,False,False,False,True,,False,True,False,False,False,False,0,0,0,0,0,False,False,308.0,50.0,Extra Cover
1653847,81,3.32,2,0,0,269,3,2,76650,,39481,County Championship 2026,2,31,Somerset Men,48,Surrey Men,8848870,2026-09-26T10:12:30Z,3,484,False,,,,1208,Reece Topley,3004,Tom Lammonby,5,Tom Abell,Left,1,0,1,1,,BackOfALength,OutsideOff,,None,BackFoot,Worked,NoMovement,Over,Medium,Left,Null,NotReferred,Null,False,False,False,False,False,True,,False,False,False,False,False,False,1,0,0,0,0,False,False,150.0,112.0,Fine Leg
1653847,81,3.32,2,0,0,269,3,2,76650,,39481,County Championship 2026,2,31,Somerset Men,48,Surrey Men,8848878,2026-09-26T10:13:08Z,4,485,False,,,,1208,Reece Topley,5,Tom Abell,3004,Tom Lammonby,Right,0,1,1,0,,LengthBall,DownLeg,Lbw,HitPad,BackFoot,Worked,NoMovement,Over,Medium,Left,Null,NotReferred,Null,False,False,False,True,False,True,1842.0,False,False,False,False,False,False,1,0,0,1,0,False,False,350.0,82.0,Square Leg
1653847,81,3.32,2,0,0,269,3,2,76650,,39481,County Championship 2026,2,31,Somerset Men,48,Surrey Men,8848884,2026-09-26T10:13:54Z,5,486,False,,,,1208,Reece Topley,3004,Tom Lammonby,5,Tom Abell,Left,0,0,0,0,,HalfVolley,Wide,,Left,NoMovement,Leave,NoMovement,Over,Medium,Left,Null,NotReferred,Null,False,False,False,False,False,True,,False,False,False,False,False,False,0,0,0,0,0,False,False,,,Wicketkeeper
1653847,81,3.32,2,0,0,269,3,2,76650,,39481,County Championship 2026,2,31,Somerset Men,48,Surrey Men,8848893,2026-09-26T10:14:27Z,6,487,False,,,,1208,Reece Topley,3004,Tom Lammonby,5,Tom Abell,Left,0,0,0,0,,BackOfALength,OutsideOff,,None,BackFoot,Worked,NoMovement,Over,Medium,Left,Null,NotReferred,Null,False,False,False,False,False,True,,False,False,False,False,False,False,0,0,0,0,0,False,False,239.0,54.0,Mid Wicket
1653855,82,3.28,0,0,0,269,3,0,76650,,39481,County Championship 2026,2,31,Somerset Men,48,Surrey Men,8848903,2026-09-26T10:15:48Z,1,488,False,,,,785,Dan Worrall,5,Tom Abell,3004,Tom Lammonby,Right,0,0,0,0,,HalfVolley,OffStump,,ThickEdge,FrontFoot,Drive,NoMovement,Over,FastSeam,Right,Null,NotReferred,Null,False,False,False,False,False,True,,False,False,False,False,False,False,0,0,0,0,0,False,False,149.0,56.0,Gully
1653855,82,3.28,0,0,0,269,3,0,76650,,39481,County Championship 2026,2,31,Somerset Men,48,Surrey Men,8848909,2026-09-26T10:16:23Z,2,489,False,,,,785,Dan Worrall,5,Tom Abell,3004,Tom Lammonby,Right,0,0,0,0,,LengthBall,OutsideOff,,None,BackFoot,Worked,NoMovement,Over,FastSeam,Right,Null,NotReferred,Null,False,False,False,False,False,True,,False,False,False,False,False,False,0,0,0,0,0,False,False,308.0,59.0,Mid Wicket
1653855,82,3.28,0,0,0,269,3,0,76650,,39481,County Championship 2026,2,31,Somerset Men,48,Surrey Men,8848918,2026-09-26T10:17:06Z,3,490,False,,,,785,Dan Worrall,5,Tom Abell,3004,Tom Lammonby,Right,0,0,0,0,,LengthBall,LegStump,,PlayAndMissLegSide,BackFoot,Worked,NoMovement,Over,FastSeam,Right,Null,NotReferred,Null,False,False,False,False,False,True,,False,False,False,False,False,False,0,0,0,0,0,False,False,,,Wicketkeeper
1653855,82,3.28,0,0,0,269,3,0,76650,,39481,County Championship 2026,2,31,Somerset Men,48,Surrey Men,8848924,2026-09-26T10:17:40Z,4,491,False,,,,785,Dan Worrall,5,Tom Abell,3004,Tom Lammonby,Right,0,0,0,0,,BackOfALength,OutsideOff,,Left,NoMovement,Leave,NoMovement,Over,FastSeam,Right,Null,NotReferred,Null,False,False,False,False,False,True,,False,False,False,False,False,False,0,0,0,0,0,False,False,,,Wicketkeeper
1653855,82,3.28,0,0,0,269,3,0,76650,,39481,County Championship 2026,2,31,Somerset Men,48,Surrey Men,8848931,2026-09-26T10:18:17Z,5,492,False,,,,785,Dan Worrall,5,Tom Abell,3004,Tom Lammonby,Right,0,0,0,0,,BackOfALength,OutsideOff,,Left,BackFoot,Leave,AwaySwinger,Over,FastSeam,Right,Null,NotReferred,Null,False,False,False,False,False,True,,False,False,False,False,False,False,0,0,0,0,0,False,False,,,Wicketkeeper
1653855,82,3.28,0,0,0,269,3,0,76650,,39481,County Championship 2026,2,31,Somerset Men,48,Surrey Men,8848936,2026-09-26T10:18:54Z,6,493,False,,,,785,Dan Worrall,5,Tom Abell,3004,Tom Lammonby,Right,0,0,0,0,,LengthBall,OutsideOff,,Left,NoMovement,Leave,NoMovement,Over,FastSeam,Right,Null,NotReferred,Null,False,False,False,False,False,True,,False,False,False,False,False,False,0,0,0,0,0,False,False,,,Wicketkeeper
1653861,83,3.28,3,0,0,272,3,3,76650,,39481,County Championship 2026,2,31,Somerset Men,48,Surrey Men,8848947,2026-09-26T10:19:40Z,1,494,False,,,,1208,Reece Topley,3004,Tom Lammonby,5,Tom Abell,Left,1,0,1,1,,LengthBall,OutsideOff,,None,FrontFoot,ForwardDefensive,NoMovement,Over,Medium,Left,Null,NotReferred,Null,False,False,False,False,False,True,,False,False,False,False,False,False,1,0,0,0,0,False,False,10.0,44.0,Backward Point
1653861,83,3.28,3,0,0,272,3,3,76650,,39481,County Championship 2026,2,31,Somerset Men,48,Surrey Men,8848954,2026-09-26T10:20:17Z,2,495,False,,,,1208,Reece Topley,5,Tom Abell,3004,Tom Lammonby,Right,1,0,1,1,,BackOfALength,OffStump,,None,BackFoot,Cut,NoMovement,Over,Medium,Left,Null,NotReferred,Null,False,False,False,False,False,True,,False,False,False,False,False,False,1,0,0,0,0,False,False,194.0,133.0,Deep Cover
1653861,83,3.28,3,0,0,272,3,3,76650,,39481,County Championship 2026,2,31,Somerset Men,48,Surrey Men,8848957,2026-09-26T10:20:51Z,3,496,False,,,,1208,Reece Topley,3004,Tom Lammonby,5,Tom Abell,Left,0,0,0,0,,BackOfALength,OutsideOff,,Left,NoMovement,Leave,NoMovement,Over,Medium,Left,Null,NotReferred,Null,False,False,False,False,False,True,,False,False,False,False,False,False,0,0,0,0,0,False,False,,,Wicketkeeper
1653861,83,3.28,3,0,0,272,3,3,76650,,39481,County Championship 2026,2,31,Somerset Men,48,Surrey Men,8848968,2026-09-26T10:21:31Z,4,497,False,,,,1208,Reece Topley,3004,Tom Lammonby,5,Tom Abell,Left,1,0,1,1,,BackOfALength,OutsideOff,,None,BackFoot,Steer,NoMovement,Over,Medium,Left,Null,NotReferred,Null,False,False,False,False,False,True,,False,False,False,False,False,False,1,0,0,0,0,False,False,46.0,66.0,Gully
1653861,83,3.28,3,0,0,272,3,3,76650,,39481,County Championship 2026,2,31,Somerset Men,48,Surrey Men,8848975,2026-09-26T10:22:08Z,5,498,False,,,,1208,Reece Topley,5,Tom Abell,3004,Tom Lammonby,Right,0,0,0,0,,LengthBall,MiddleStump,,None,FrontFoot,ForwardDefensive,NoMovement,Over,Medium,Left,Null,NotReferred,Null,False,False,False,False,False,True,,False,False,False,False,False,False,0,0,0,0,0,False,False,230.0,38.0,Extra Cover
1653861,83,3.28,3,0,0,272,3,3,76650,,39481,County Championship 2026,2,31,Somerset Men,48,Surrey Men,8848980,2026-09-26T10:22:43Z,6,499,False,,,,1208,Reece Topley,5,Tom Abell,3004,Tom Lammonby,Right,0,0,0,0,,BackOfALength,LegStump,,None,BackFoot,BackwardDefensive,NoMovement,Over,Medium,Left,Null,NotReferred,Null,False,False,False,False,False,True,,False,False,False,False,False,False,0,0,0,0,0,False,False,225.0,34.0,Extra Cover
1653869,84,3.3,5,0,0,277,3,5,76650,,39481,County Championship 2026,2,31,Somerset Men,48,Surrey Men,8848991,2026-09-26T10:23:51Z,1,500,False,,,,785,Dan Worrall,3004,Tom Lammonby,5,Tom Abell,Left,0,0,0,0,,LengthBall,OutsideOff,,None,FrontFoot,ForwardDefensive,NoMovement,Round,FastSeam,Right,Null,NotReferred,Null,False,False,False,False,False,True,,False,False,False,False,False,False,0,0,0,0,0,False,False,33.0,54.0,Gully
1653869,84,3.3,5,0,0,277,3,5,76650,,39481,County Championship 2026,2,31,Somerset Men,48,Surrey Men,8848997,2026-09-26T10:24:23Z,2,501,False,,,,785,Dan Worrall,3004,Tom Lammonby,5,Tom Abell,Left,0,0,0,0,,BackOfALength,OutsideOff,,Left,NoMovement,Leave,NoMovement,Round,FastSeam,Right,Null,NotReferred,Null,False,False,False,False,False,True,,False,False,False,False,False,False,0,0,0,0,0,False,False,,,Wicketkeeper
1653869,84,3.3,5,0,0,277,3,5,76650,,39481,County Championship 2026,2,31,Somerset Men,48,Surrey Men,8849003,2026-09-26T10:25:01Z,3,502,False,,,,785,Dan Worrall,3004,Tom Lammonby,5,Tom Abell,Left,0,0,0,0,,BackOfALength,OutsideOff,,PlayAndMissLegSide,FrontFoot,Glance,NoMovement,Round,FastSeam,Right,Null,NotReferred,Null,False,False,False,False,False,True,,False,False,False,False,False,False,0,0,0,0,0,False,False,,,Wicketkeeper
1653869,84,3.3,5,0,0,277,3,5,76650,,39481,County Championship 2026,2,31,Somerset Men,48,Surrey Men,8849008,2026-09-26T10:25:41Z,4,503,False,,,,785,Dan Worrall,3004,Tom Lammonby,5,Tom Abell,Left,0,0,0,0,,BackOfALength,OutsideOff,,Left,NoMovement,Leave,NoMovement,Round,FastSeam,Right,Null,NotReferred,Null,False,False,False,False,False,True,,False,False,False,False,False,False,0,0,0,0,0,False,False,,,Wicketkeeper
1653869,84,3.3,5,0,0,277,3,5,76650,,39481,County Championship 2026,2,31,Somerset Men,48,Surrey Men,8849017,2026-09-26T10:26:17Z,5,504,False,,,,785,Dan Worrall,3004,Tom Lammonby,5,Tom Abell,Left,4,0,4,4,,BackOfALength,OutsideOff,,OutsideEdge,BackFoot,BackwardDefensive,NoMovement,Round,FastSeam,Right,Null,NotReferred,Null,False,False,False,False,False,True,,False,False,False,False,False,False,4,0,0,0,0,True,False,68.0,161.0,
1653869,84,3.3,5,0,0,277,3,5,76650,,39481,County Championship 2026,2,31,Somerset Men,48,Surrey Men,8849026,2026-09-26T10:26:57Z,6,505,False,,,,785,Dan Worrall,3004,Tom Lammonby,5,Tom Abell,Left,1,0,1,1,,LengthBall,OutsideOff,,WellTimed,FrontFoot,Worked,NoMovement,Round,FastSeam,Right,Null,NotReferred,Null,False,False,False,False,False,True,,False,False,False,False,False,False,1,0,0,0,0,False,False,208.0,147.0,Deep Square Leg
1653875,85,3.31,4,0,0,281,3,4,76650,,39481,County Championship 2026,2,31,Somerset Men,48,Surrey Men,8849033,2026-09-26T10:27:54Z,1,506,False,,,,1208,Reece Topley,3004,Tom Lammonby,5,Tom Abell,Left,0,0,0,0,,LengthBall,Wide,,Left,NoMovement,Leave,NoMovement,Over,Medium,Left,Null,NotReferred,Null,False,False,False,False,False,True,,False,False,False,False,False,False,0,0,0,0,0,False,False,,,Wicketkeeper
1653875,85,3.31,4,0,0,281,3,4,76650,,39481,County Championship 2026,2,31,Somerset Men,48,Surrey Men,8849042,2026-09-26T10:28:26Z,2,507,False,,,,1208,Reece Topley,3004,Tom Lammonby,5,Tom Abell,Left,0,0,0,0,,BackOfALength,OutsideOff,,BatPad,BackFoot,Worked,NoMovement,Over,Medium,Left,Null,NotReferred,Null,False,False,False,False,False,True,,False,False,False,False,False,False,0,0,0,0,0,False,False,187.0,6.0,Bowler
1653875,85,3.31,4,0,0,281,3,4,76650,,39481,County Championship 2026,2,31,Somerset Men,48,Surrey Men,8849051,2026-09-26T10:29:21Z,3,508,False,,,,1208,Reece Topley,3004,Tom Lammonby,5,Tom Abell,Left,4,0,4,4,,Short,OutsideOff,,Middled,BackFoot,Cut,NoMovement,Over,Medium,Left,Null,NotReferred,Null,False,False,False,False,False,True,,False,False,False,False,False,False,4,0,0,0,0,True,False,20.0,167.0,
1653875,85,3.31,4,0,0,281,3,4,76650,,39481,County Championship 2026,2,31,Somerset Men,48,Surrey Men,8849058,2026-09-26T10:30:05Z,4,509,False,,,,1208,Reece Topley,3004,Tom Lammonby,5,Tom Abell,Left,0,0,0,0,,HalfVolley,OutsideOff,,None,FrontFoot,Drive,NoMovement,Over,Medium,Left,Null,NotReferred,Null,False,False,False,False,False,True,,False,False,False,False,False,False,0,0,0,0,0,False,False,255.0,62.0,Mid On
1653875,85,3.31,4,0,0,281,3,4,76650,,39481,County Championship 2026,2,31,Somerset Men,48,Surrey Men,8849064,2026-09-26T10:30:39Z,5,510,False,,,,1208,Reece Topley,3004,Tom Lammonby,5,Tom Abell,Left,0,0,0,0,,HalfTracker,OutsideOff,,Left,NoMovement,Leave,NoMovement,Over,Medium,Left,Null,NotReferred,Null,False,False,False,False,False,True,,False,False,False,False,False,False,0,0,0,0,0,False,False,,,Wicketkeeper
1653875,85,3.31,4,0,0,281,3,4,76650,,39481,County Championship 2026,2,31,Somerset Men,48,Surrey Men,8849072,2026-09-26T10:31:15Z,6,511,False,,,,1208,Reece Topley,3004,Tom Lammonby,5,Tom Abell,Left,0,0,0,0,,BackOfALength,OutsideOff,,MisTimed,BackFoot,BackwardDefensive,NoMovement,Over,Medium,Left,Null,NotReferred,Null,False,False,False,False,False,True,,False,False,False,False,False,False,0,0,0,0,0,False,False,86.0,12.0,Wicketkeeper
1653888,86,3.29,2,0,0,283,3,2,76650,,39481,County Championship 2026,2,31,Somerset Men,48,Surrey Men,8849104,2026-09-26T10:34:29Z,1,512,False,,,,785,Dan Worrall,5,Tom Abell,3004,Tom Lammonby,Right,1,0,1,1,,LengthBall,OutsideOff,,None,BackFoot,BackwardDefensive,NoMovement,Over,FastSeam,Right,Null,NotReferred,Null,False,False,False,False,False,True,,False,False,False,False,False,False,1,0,0,0,0,False,False,332.0,59.0,Square Leg
1653888,86,3.29,2,0,0,283,3,2,76650,,39481,County Championship 2026,2,31,Somerset Men,48,Surrey Men,8849117,2026-09-26T10:35:30Z,2,513,False,,,,785,Dan Worrall,3004,Tom Lammonby,5,Tom Abell,Left,1,0,1,1,,LengthBall,MiddleStump,,WellTimed,BackFoot,Cut,NoMovement,Over,FastSeam,Right,Null,NotReferred,Null,False,False,False,False,False,True,,False,False,False,False,False,False,1,0,0,0,0,False,False,7.0,157.0,Deep Backward Point
1653888,86,3.29,2,0,0,283,3,2,76650,,39481,County Championship 2026,2,31,Somerset Men,48,Surrey Men,8849126,2026-09-26T10:36:12Z,3,514,False,,,,785,Dan Worrall,5,Tom Abell,3004,Tom Lammonby,Right,0,0,0,0,,BackOfALength,OutsideOff,,None,BackFoot,BackwardDefensive,NoMovement,Over,FastSeam,Right,Null,NotReferred,Null,False,False,False,False,False,True,,False,False,False,False,False,False,0,0,0,0,0,False,False,293.0,45.0,Mid On
1653888,86,3.29,2,0,0,283,3,2,76650,,39481,County Championship 2026,2,31,Somerset Men,48,Surrey Men,8849137,2026-09-26T10:36:53Z,4,515,False,,,,785,Dan Worrall,5,Tom Abell,3004,Tom Lammonby,Right,0,0,0,0,,BackOfALength,OutsideOff,,Missed,BackFoot,BackwardDefensive,NoMovement,Over,FastSeam,Right,Null,NotReferred,Null,False,False,False,False,False,True,,False,False,False,False,False,False,0,0,0,0,0,False,False,,,Wicketkeeper
1653888,86,3.29,2,0,0,283,3,2,76650,,39481,County Championship 2026,2,31,Somerset Men,48,Surrey Men,8849146,2026-09-26T10:37:32Z,5,516,False,,,,785,Dan Worrall,5,Tom Abell,3004,Tom Lammonby,Right,0,0,0,0,,HalfVolley,OutsideOff,,None,FrontFoot,ForwardDefensive,NoMovement,Over,FastSeam,Right,Null,NotReferred,Null,False,False,False,False,False,True,,False,False,False,False,False,False,0,0,0,0,0,False,False,152.0,50.0,Backward Point
1653888,86,3.29,2,0,0,283,3,2,76650,,39481,County Championship 2026,2,31,Somerset Men,48,Surrey Men,8849153,2026-09-26T10:38:10Z,6,517,False,,,,785,Dan Worrall,5,Tom Abell,3004,Tom Lammonby,Right,0,0,0,0,,Short,OutsideOff,,Left,Ducked,Leave,NoMovement,Over,FastSeam,Right,Null,NotReferred,Null,False,False,False,False,False,True,,False,False,False,False,False,False,0,0,0,0,0,False,False,,,Wicketkeeper
1653901,87,3.26,1,0,0,284,3,1,76650,,39481,County Championship 2026,2,31,Somerset Men,48,Surrey Men,8849173,2026-09-26T10:40:34Z,1,518,False,,,,2709,Mahipal Lomror,3004,Tom Lammonby,5,Tom Abell,Left,0,0,0,0,,LengthBall,OutsideOff,,Missed,FrontFoot,ForwardDefensive,StockBall,Over,Orthodox,Left,Null,NotReferred,Null,False,False,False,False,False,True,,False,False,False,False,False,False,0,0,0,0,0,False,False,,,Wicketkeeper
1653901,87,3.26,1,0,0,284,3,1,76650,,39481,County Championship 2026,2,31,Somerset Men,48,Surrey Men,8849177,2026-09-26T10:40:53Z,2,519,False,,,,2709,Mahipal Lomror,3004,Tom Lammonby,5,Tom Abell,Left,0,0,0,0,,LengthBall,OutsideOff,,None,FrontFoot,Worked,StockBall,Over,Orthodox,Left,Null,NotReferred,Null,False,False,False,False,False,True,,False,False,False,False,False,False,0,0,0,0,0,False,False,203.0,46.0,Square Leg
1653901,87,3.26,1,0,0,284,3,1,76650,,39481,County Championship 2026,2,31,Somerset Men,48,Surrey Men,8849179,2026-09-26T10:41:09Z,3,520,False,,,,2709,Mahipal Lomror,3004,Tom Lammonby,5,Tom Abell,Left,1,0,1,1,,Short,OutsideOff,,WellTimed,BackFoot,Cut,StockBall,Over,Orthodox,Left,Null,NotReferred,Null,False,False,False,False,False,True,,False,False,False,False,False,False,1,0,0,0,0,False,False,341.0,148.0,Deep Cover
1653901,87,3.26,1,0,0,284,3,1,76650,,39481,County Championship 2026,2,31,Somerset Men,48,Surrey Men,8849186,2026-09-26T10:41:52Z,4,521,False,,,,2709,Mahipal Lomror,5,Tom Abell,3004,Tom Lammonby,Right,0,0,0,0,,LengthBall,OutsideOff,,Left,NoMovement,Leave,StockBall,Round,Orthodox,Left,Null,NotReferred,Null,False,False,False,False,False,True,,False,False,False,False,False,False,0,0,0,0,0,False,False,,,Wicketkeeper
1653901,87,3.26,1,0,0,284,3,1,76650,,39481,County Championship 2026,2,31,Somerset Men,48,Surrey Men,8849191,2026-09-26T10:42:11Z,5,522,False,,,,2709,Mahipal Lomror,5,Tom Abell,3004,Tom Lammonby,Right,0,0,0,0,,HalfVolley,OutsideOff,,MisTimed,FrontFoot,Drive,StockBall,Round,Orthodox,Left,Null,NotReferred,Null,False,False,False,False,False,True,,False,False,False,False,False,False,0,0,0,0,0,False,True,225.0,36.0,Extra Cover
1653901,87,3.26,1,0,0,284,3,1,76650,,39481,County Championship 2026,2,31,Somerset Men,48,Surrey Men,8849195,2026-09-26T10:42:35Z,6,523,False,,,,2709,Mahipal Lomror,5,Tom Abell,3004,Tom Lammonby,Right,0,0,0,0,,LengthBall,OutsideOff,,None,FrontFoot,Drive,StockBall,Round,Orthodox,Left,Null,NotReferred,Null,False,False,False,False,False,True,,False,False,False,False,False,False,0,0,0,0,0,False,False,275.0,39.0,Bowler
1653905,88,3.24,1,0,0,285,3,1,76650,,39481,County Championship 2026,2,31,Somerset Men,48,Surrey Men,8849206,2026-09-26T10:43:35Z,1,524,False,,,,785,Dan Worrall,3004,Tom Lammonby,5,Tom Abell,Left,1,0,1,1,,BackOfALength,DownLeg,,None,BackFoot,Worked,NoMovement,Over,FastSeam,Right,Null,NotReferred,Null,False,False,False,False,False,True,,False,False,False,False,False,False,1,0,0,0,0,False,False,136.0,138.0,Fine Leg
1653905,88,3.24,1,0,0,285,3,1,76650,,39481,County Championship 2026,2,31,Somerset Men,48,Surrey Men,8849214,2026-09-26T10:44:13Z,2,525,False,,,,785,Dan Worrall,5,Tom Abell,3004,Tom Lammonby,Right,0,0,0,0,,LengthBall,OutsideOff,,None,FrontFoot,ForwardDefensive,NoMovement,Over,FastSeam,Right,Null,NotReferred,Null,False,False,False,False,False,True,,False,False,False,False,False,False,0,0,0,0,0,False,False,267.0,37.0,Bowler
1653905,88,3.24,1,0,0,285,3,1,76650,,39481,County Championship 2026,2,31,Somerset Men,48,Surrey Men,8849218,2026-09-26T10:44:54Z,3,526,False,,,,785,Dan Worrall,5,Tom Abell,3004,Tom Lammonby,Right,0,0,0,0,,BackOfALength,OutsideOff,,Left,NoMovement,Leave,NoMovement,Over,FastSeam,Right,Null,NotReferred,Null,False,False,False,False,False,True,,False,False,False,False,False,False,0,0,0,0,0,False,False,,,Wicketkeeper
1653905,88,3.24,1,0,0,285,3,1,76650,,39481,County Championship 2026,2,31,Somerset Men,48,Surrey Men,8849224,2026-09-26T10:45:30Z,4,527,False,,,,785,Dan Worrall,5,Tom Abell,3004,Tom Lammonby,Right,0,0,0,0,,BackOfALength,MiddleStump,,PlayAndMissLegSide,BackFoot,Glance,NoMovement,Over,FastSeam,Right,Null,NotReferred,Null,False,False,False,False,False,True,,False,False,False,False,False,False,0,0,0,0,0,False,False,,,Wicketkeeper
1653905,88,3.24,1,0,0,285,3,1,76650,,39481,County Championship 2026,2,31,Somerset Men,48,Surrey Men,8849232,2026-09-26T10:46:17Z,5,528,False,,,,785,Dan Worrall,5,Tom Abell,3004,Tom Lammonby,Right,0,0,0,0,,HalfTracker,OutsideOff,,Left,Ducked,Leave,NoMovement,Over,FastSeam,Right,Null,NotReferred,Null,False,False,False,False,False,True,,False,False,False,False,False,False,0,0,0,0,0,False,False,,,Wicketkeeper
1653905,88,3.24,1,0,0,285,3,1,76650,,39481,County Championship 2026,2,31,Somerset Men,48,Surrey Men,8849239,2026-09-26T10:46:57Z,6,529,False,,,,785,Dan Worrall,5,Tom Abell,3004,Tom Lammonby,Right,0,0,0,0,,LengthBall,OutsideOff,,Left,NoMovement,Leave,NoMovement,Over,FastSeam,Right,Null,NotReferred,Null,False,False,False,False,False,True,,False,False,False,False,False,False,0,0,0,0,0,False,False,,,Wicketkeeper
1653913,89,3.22,2,0,0,287,3,2,76650,,39481,County Championship 2026,2,31,Somerset Men,48,Surrey Men,8849251,2026-09-26T10:47:55Z,1,530,False,,,,2709,Mahipal Lomror,3004,Tom Lammonby,5,Tom Abell,Left,0,0,0,0,,LengthBall,OutsideOff,,None,FrontFoot,ForwardDefensive,StockBall,Over,Orthodox,Left,Null,NotReferred,Null,False,False,False,False,False,True,,False,False,False,False,False,False,0,0,0,0,0,False,False,291.0,16.0,Wicketkeeper
1653913,89,3.22,2,0,0,287,3,2,76650,,39481,County Championship 2026,2,31,Somerset Men,48,Surrey Men,8849256,2026-09-26T10:48:16Z,2,531,False,,,,2709,Mahipal Lomror,3004,Tom Lammonby,5,Tom Abell,Left,0,0,0,0,,LengthBall,OutsideOff,,None,BackFoot,BackwardDefensive,StockBall,Over,Orthodox,Left,Null,NotReferred,Null,False,False,False,False,False,True,,False,False,False,False,False,False,0,0,0,0,0,False,False,278.0,27.0,Mid Off
1653913,89,3.22,2,0,0,287,3,2,76650,,39481,County Championship 2026,2,31,Somerset Men,48,Surrey Men,8849263,2026-09-26T10:48:38Z,3,532,False,,,,2709,Mahipal Lomror,3004,Tom Lammonby,5,Tom Abell,Left,1,0,1,1,,LengthBall,Wide,,None,BackFoot,Cut,StockBall,Over,Orthodox,Left,Null,NotReferred,Null,False,False,False,False,False,True,,False,False,False,False,False,False,1,0,0,0,0,False,False,56.0,70.0,Gully
1653913,89,3.22,2,0,0,287,3,2,76650,,39481,County Championship 2026,2,31,Somerset Men,48,Surrey Men,8849266,2026-09-26T10:49:14Z,4,533,False,,,,2709,Mahipal Lomror,5,Tom Abell,3004,Tom Lammonby,Right,0,0,0,0,,HalfVolley,OffStump,,None,FrontFoot,ForwardDefensive,StockBall,Round,Orthodox,Left,Null,NotReferred,Null,False,False,False,False,False,True,,False,False,False,False,False,False,0,0,0,0,0,False,False,286.0,40.0,Bowler
1653913,89,3.22,2,0,0,287,3,2,76650,,39481,County Championship 2026,2,31,Somerset Men,48,Surrey Men,8849271,2026-09-26T10:49:29Z,5,534,False,,,,2709,Mahipal Lomror,5,Tom Abell,3004,Tom Lammonby,Right,1,0,1,1,,LengthBall,OutsideOff,,None,BackFoot,Cut,StockBall,Round,Orthodox,Left,Null,NotReferred,Null,False,False,False,False,False,True,,False,False,False,False,False,False,1,0,0,0,0,False,False,191.0,133.0,Deep Cover
1653913,89,3.22,2,0,0,287,3,2,76650,,39481,County Championship 2026,2,31,Somerset Men,48,Surrey Men,8849274,2026-09-26T10:49:57Z,6,535,False,,,,2709,Mahipal Lomror,3004,Tom Lammonby,5,Tom Abell,Left,0,0,0,0,,LengthBall,OutsideOff,,None,FrontFoot,ForwardDefensive,StockBall,Over,Orthodox,Left,Null,NotReferred,Null,False,False,False,False,False,True,,False,False,False,False,False,False,0,0,0,0,0,False,False,2.0,12.0,Backward Point
1653921,90,3.23,4,0,0,291,3,4,76650,,39481,County Championship 2026,2,31,Somerset Men,48,Surrey Men,8849290,2026-09-26T10:51:13Z,1,536,False,,,,785,Dan Worrall,5,Tom Abell,3004,Tom Lammonby,Right,0,0,0,0,,LengthBall,OutsideOff,,None,FrontFoot,ForwardDefensive,NoMovement,Over,FastSeam,Right,Null,NotReferred,Null,False,False,False,False,False,True,,False,False,False,False,False,False,0,0,0,0,0,False,False,234.0,30.0,Extra Cover
1653921,90,3.23,4,0,0,291,3,4,76650,,39481,County Championship 2026,2,31,Somerset Men,48,Surrey Men,8849298,2026-09-26T10:51:55Z,2,537,False,,,,785,Dan Worrall,5,Tom Abell,3004,Tom Lammonby,Right,4,0,4,4,,LengthBall,OffStump,,WellTimed,FrontFoot,Flick,NoMovement,Over,FastSeam,Right,Null,NotReferred,Null,False,False,False,False,False,True,,False,False,False,False,False,False,4,0,0,0,0,True,False,76.0,160.0,
1653921,90,3.23,4,0,0,291,3,4,76650,,39481,County Championship 2026,2,31,Somerset Men,48,Surrey Men,8849307,2026-09-26T10:52:36Z,3,538,False,,,,785,Dan Worrall,5,Tom Abell,3004,Tom Lammonby,Right,0,0,0,0,,LengthBall,OutsideOff,,None,FrontFoot,ForwardDefensive,NoMovement,Over,FastSeam,Right,Null,NotReferred,Null,False,False,False,False,False,True,,False,False,False,False,False,False,0,0,0,0,0,False,False,224.0,41.0,Extra Cover
1653921,90,3.23,4,0,0,291,3,4,76650,,39481,County Championship 2026,2,31,Somerset Men,48,Surrey Men,8849316,2026-09-26T10:53:26Z,4,539,False,,,,785,Dan Worrall,5,Tom Abell,3004,Tom Lammonby,Right,0,0,0,0,,Short,OutsideOff,,Left,SwayedAway,Leave,NoMovement,Over,FastSeam,Right,Null,NotReferred,Null,False,False,False,False,False,True,,False,False,False,False,False,False,0,0,0,0,0,False,False,,,Wicketkeeper
1653921,90,3.23,4,0,0,291,3,4,76650,,39481,County Championship 2026,2,31,Somerset Men,48,Surrey Men,8849330,2026-09-26T10:54:38Z,5,540,False,,,,785,Dan Worrall,5,Tom Abell,3004,Tom Lammonby,Right,0,0,0,0,,Short,DownLeg,,Left,NoMovement,Leave,NoMovement,Round,FastSeam,Right,Null,NotReferred,Null,False,False,False,False,False,True,,False,False,False,False,False,False,0,0,0,0,0,False,False,,,Wicketkeeper
1653921,90,3.23,4,0,0,291,3,4,76650,,39481,County Championship 2026,2,31,Somerset Men,48,Surrey Men,8849341,2026-09-26T10:55:20Z,6,541,False,,,,785,Dan Worrall,5,Tom Abell,3004,Tom Lammonby,Right,0,0,0,0,,Short,DownLeg,,Left,Ducked,Leave,NoMovement,Round,FastSeam,Right,Null,NotReferred,Null,False,False,False,False,False,True,,False,False,False,False,False,False,0,0,0,0,0,False,False,,,Wicketkeeper
1653931,91,3.31,10,0,0,301,3,10,76650,,39481,County Championship 2026,2,31,Somerset Men,48,Surrey Men,8849359,2026-09-26T10:56:41Z,1,542,False,,,,2709,Mahipal Lomror,3004,Tom Lammonby,5,Tom Abell,Left,1,0,1,1,,HalfVolley,OutsideOff,,WellTimed,DownTheTrack,Flick,StockBall,Round,Orthodox,Left,Null,NotReferred,Null,False,False,False,False,False,True,,False,False,False,False,False,False,1,0,0,0,0,False,False,235.0,156.0,Deep Mid Wicket
1653931,91,3.31,10,0,0,301,3,10,76650,,39481,County Championship 2026,2,31,Somerset Men,48,Surrey Men,8849363,2026-09-26T10:57:11Z,2,543,False,,,,2709,Mahipal Lomror,5,Tom Abell,3004,Tom Lammonby,Right,4,0,4,4,,BackOfALength,OutsideOff,,Middled,BackFoot,Cut,StockBall,Round,Orthodox,Left,Null,NotReferred,Null,False,False,False,False,False,True,,False,False,False,False,False,False,4,0,0,0,0,True,False,160.0,167.0,
1653931,91,3.31,10,0,0,301,3,10,76650,,39481,County Championship 2026,2,31,Somerset Men,48,Surrey Men,8849371,2026-09-26T10:57:50Z,3,544,False,,,,2709,Mahipal Lomror,5,Tom Abell,3004,Tom Lammonby,Right,0,0,0,0,,LengthBall,MiddleStump,,OutsideEdge,FrontFoot,Worked,StockBall,Round,Orthodox,Left,Null,NotReferred,Null,False,False,False,False,False,True,,False,False,False,False,False,False,0,0,0,0,0,False,False,159.0,46.0,Backward Point
1653931,91,3.31,10,0,0,301,3,10,76650,,39481,County Championship 2026,2,31,Somerset Men,48,Surrey Men,8849375,2026-09-26T10:58:10Z,4,545,False,,,,2709,Mahipal Lomror,5,Tom Abell,3004,Tom Lammonby,Right,0,0,0,0,,HalfVolley,OffStump,,None,FrontFoot,ForwardDefensive,StockBall,Round,Orthodox,Left,Null,NotReferred,Null,False,False,False,False,False,True,,False,False,False,False,False,False,0,0,0,0,0,False,False,267.0,39.0,Bowler
1653931,91,3.31,10,0,0,301,3,10,76650,,39481,County Championship 2026,2,31,Somerset Men,48,Surrey Men,8849378,2026-09-26T10:58:27Z,5,546,False,,,,2709,Mahipal Lomror,5,Tom Abell,3004,Tom Lammonby,Right,1,0,1,1,,LengthBall,LegStump,,None,FrontFoot,Worked,StockBall,Round,Orthodox,Left,Null,NotReferred,Null,False,False,False,False,False,True,,False,False,False,False,False,False,1,0,0,0,0,False,False,355.0,64.0,Square Leg
1653931,91,3.31,10,0,0,301,3,10,76650,,39481,County Championship 2026,2,31,Somerset Men,48,Surrey Men,8849384,2026-09-26T10:58:57Z,6,547,False,,,,2709,Mahipal Lomror,3004,Tom Lammonby,5,Tom Abell,Left,4,0,4,4,,Short,DownLeg,,WellTimed,BackFoot,Pull,StockBall,Round,Orthodox,Left,Null,NotReferred,Null,False,False,False,False,False,True,,False,False,False,False,False,False,4,0,0,0,0,True,False,136.0,163.0,
1653939,92,3.32,4,0,0,305,3,4,76650,,39481,County Championship 2026,2,31,Somerset Men,48,Surrey Men,8849396,2026-09-26T11:00:13Z,1,548,False,,,,15505,Ralphie Albert,5,Tom Abell,3004,Tom Lammonby,Right,0,0,0,0,,BackOfALength,OutsideOff,,None,BackFoot,Drive,StockBall,Round,Orthodox,Left,Null,NotReferred,Null,False,False,False,False,False,True,,False,False,False,False,False,False,0,0,0,0,0,False,False,219.0,54.0,Extra Cover
1653939,92,3.32,4,0,0,305,3,4,76650,,39481,County Championship 2026,2,31,Somerset Men,48,Surrey Men,8849400,2026-09-26T11:00:33Z,2,549,False,,,,15505,Ralphie Albert,5,Tom Abell,3004,Tom Lammonby,Right,0,0,0,0,,BackOfALength,OutsideOff,,None,BackFoot,BackwardDefensive,StockBall,Round,Orthodox,Left,Null,NotReferred,Null,False,False,False,False,False,True,,False,False,False,False,False,False,0,0,0,0,0,False,False,221.0,39.0,Extra Cover
1653939,92,3.32,4,0,0,305,3,4,76650,,39481,County Championship 2026,2,31,Somerset Men,48,Surrey Men,8849403,2026-09-26T11:00:53Z,3,550,False,,,,15505,Ralphie Albert,5,Tom Abell,3004,Tom Lammonby,Right,0,0,0,0,,LengthBall,MiddleStump,,None,FrontFoot,ForwardDefensive,StockBall,Round,Orthodox,Left,Null,NotReferred,Null,False,False,False,False,False,True,,False,False,False,False,False,False,0,0,0,0,0,False,False,322.0,52.0,Mid Wicket
1653939,92,3.32,4,0,0,305,3,4,76650,,39481,County Championship 2026,2,31,Somerset Men,48,Surrey Men,8849407,2026-09-26T11:01:11Z,4,551,False,,,,15505,Ralphie Albert,5,Tom Abell,3004,Tom Lammonby,Right,0,0,0,0,,BackOfALength,OutsideOff,,None,BackFoot,BackwardDefensive,StockBall,Round,Orthodox,Left,Null,NotReferred,Null,False,False,False,False,False,True,,False,False,False,False,False,False,0,0,0,0,0,False,False,264.0,58.0,Mid Off
1653939,92,3.32,4,0,0,305,3,4,76650,,39481,County Championship 2026,2,31,Somerset Men,48,Surrey Men,8849412,2026-09-26T11:01:29Z,5,552,False,,,,15505,Ralphie Albert,5,Tom Abell,3004,Tom Lammonby,Right,4,0,4,4,,FullToss,OffStump,,WellTimed,FrontFoot,Worked,StockBall,Round,Orthodox,Left,Null,NotReferred,Null,False,False,False,False,False,True,,False,False,False,False,False,False,4,0,0,0,0,True,False,332.0,175.0,
1653939,92,3.32,4,0,0,305,3,4,76650,,39481,County Championship 2026,2,31,Somerset Men,48,Surrey Men,8849419,2026-09-26T11:02:11Z,6,553,False,,,,15505,Ralphie Albert,5,Tom Abell,3004,Tom Lammonby,Right,0,0,0,0,,BackOfALength,OutsideOff,,None,BackFoot,BackwardDefensive,StockBall,Round,Orthodox,Left,Null,NotReferred,Null,False,False,False,False,False,True,,False,False,False,False,False,False,0,0,0,0,0,False,False,278.0,49.0,Bowler
1653944,93,3.29,1,0,0,306,3,1,76650,,39481,County Championship 2026,2,31,Somerset Men,48,Surrey Men,8849430,2026-09-26T11:03:18Z,1,554,False,,,,2709,Mahipal Lomror,3004,Tom Lammonby,5,Tom Abell,Left,0,0,0,0,,LengthBall,Wide,,HitPad,NoMovement,Leave,StockBall,Over,Orthodox,Left,Null,NotReferred,Null,False,False,False,False,False,True,,False,False,False,False,False,False,0,0,0,0,0,False,False,57.0,2.0,Gully
1653944,93,3.29,1,0,0,306,3,1,76650,,39481,County Championship 2026,2,31,Somerset Men,48,Surrey Men,8849437,2026-09-26T11:03:39Z,2,555,False,,,,2709,Mahipal Lomror,3004,Tom Lammonby,5,Tom Abell,Left,1,0,1,1,,BackOfALength,OutsideOff,,None,BackFoot,Cut,StockBall,Over,Orthodox,Left,Null,NotReferred,Null,False,False,False,False,False,True,,False,False,False,False,False,False,1,0,0,0,0,False,False,329.0,60.0,Extra Cover
1653944,93,3.29,1,0,0,306,3,1,76650,,39481,County Championship 2026,2,31,Somerset Men,48,Surrey Men,8849438,2026-09-26T11:04:06Z,3,556,False,,,,2709,Mahipal Lomror,5,Tom Abell,3004,Tom Lammonby,Right,0,0,0,0,,HalfVolley,OffStump,,None,FrontFoot,ForwardDefensive,StockBall,Over,Orthodox,Left,Null,NotReferred,Null,False,False,False,False,False,True,,False,False,False,False,False,False,0,0,0,0,0,False,False,264.0,41.0,Bowler
1653944,93,3.29,1,0,0,306,3,1,76650,,39481,County Championship 2026,2,31,Somerset Men,48,Surrey Men,8849443,2026-09-26T11:04:21Z,4,557,False,,,,2709,Mahipal Lomror,5,Tom Abell,3004,Tom Lammonby,Right,0,0,0,0,,LengthBall,OffStump,,None,FrontFoot,ForwardDefensive,StockBall,Over,Orthodox,Left,Null,NotReferred,Null,False,False,False,False,False,True,,False,False,False,False,False,False,0,0,0,0,0,False,False,320.0,40.0,Mid Wicket
1653944,93,3.29,1,0,0,306,3,1,76650,,39481,County Championship 2026,2,31,Somerset Men,48,Surrey Men,8849447,2026-09-26T11:04:37Z,5,558,False,,,,2709,Mahipal Lomror,5,Tom Abell,3004,Tom Lammonby,Right,0,0,0,0,,HalfVolley,OutsideOff,,MisTimed,FrontFoot,Drive,StockBall,Over,Orthodox,Left,Null,NotReferred,Null,False,False,False,False,False,True,,False,False,False,False,False,False,0,0,0,0,0,False,True,203.0,75.0,Cover
1653944,93,3.29,1,0,0,306,3,1,76650,,39481,County Championship 2026,2,31,Somerset Men,48,Surrey Men,8849450,2026-09-26T11:05:04Z,6,559,False,,,,2709,Mahipal Lomror,5,Tom Abell,3004,Tom Lammonby,Right,0,0,0,0,,LengthBall,OutsideOff,,Missed,FrontFoot,ForwardDefensive,StockBall,Over,Orthodox,Left,Null,NotReferred,Null,False,False,False,False,False,True,,False,False,False,False,False,False,0,0,0,0,0,False,False,,,Wicketkeeper
1653949,94,3.29,3,0,0,309,3,3,76650,,39481,County Championship 2026,2,31,Somerset Men,48,Surrey Men,8849459,2026-09-26T11:06:07Z,1,560,False,,,,15505,Ralphie Albert,3004,Tom Lammonby,5,Tom Abell,Left,0,0,0,0,,BackOfALength,OutsideOff,,None,BackFoot,Worked,StockBall,Over,Orthodox,Left,Null,NotReferred,Null,False,False,False,False,False,True,,False,False,False,False,False,False,0,0,0,0,0,False,False,201.0,53.0,Square Leg
1653949,94,3.29,3,0,0,309,3,3,76650,,39481,County Championship 2026,2,31,Somerset Men,48,Surrey Men,8849463,2026-09-26T11:06:25Z,2,561,False,,,,15505,Ralphie Albert,3004,Tom Lammonby,5,Tom Abell,Left,2,0,2,2,,LengthBall,OutsideOff,,WellTimed,FrontFoot,Sweep,StockBall,Over,Orthodox,Left,Null,NotReferred,Null,False,False,False,False,False,True,,False,False,False,False,False,False,2,0,0,0,0,False,False,121.0,138.0,Fine Leg
1653949,94,3.29,3,0,0,309,3,3,76650,,39481,County Championship 2026,2,31,Somerset Men,48,Surrey Men,8849470,2026-09-26T11:07:00Z,3,562,False,,,,15505,Ralphie Albert,3004,Tom Lammonby,5,Tom Abell,Left,0,0,0,0,,LengthBall,OutsideOff,,None,FrontFoot,ForwardDefensive,StockBall,Over,Orthodox,Left,Null,NotReferred,Null,False,False,False,False,False,True,,False,False,False,False,False,False,0,0,0,0,0,False,False,241.0,51.0,Mid On
1653949,94,3.29,3,0,0,309,3,3,76650,,39481,County Championship 2026,2,31,Somerset Men,48,Surrey Men,8849475,2026-09-26T11:07:19Z,4,563,False,,,,15505,Ralphie Albert,3004,Tom Lammonby,5,Tom Abell,Left,0,0,0,0,,LengthBall,OutsideOff,,MisTimed,FrontFoot,Sweep,StockBall,Over,Orthodox,Left,Null,NotReferred,Null,False,False,False,False,False,True,,False,False,False,False,False,False,0,0,0,0,0,False,False,163.0,53.0,Backward Square Leg
1653949,94,3.29,3,0,0,309,3,3,76650,,39481,County Championship 2026,2,31,Somerset Men,48,Surrey Men,8849479,2026-09-26T11:07:40Z,5,5,False,,,,15505,Ralphie Albert,3004,Tom Lammonby,5,Tom Abell,Left,0,0,0,0,,BackOfALength,OutsideOff,,MisTimed,BackFoot,Worked,StockBall,Over,Orthodox,Left,Null,NotReferred,Null,False,False,False,False,False,True,,False,False,False,False,False,False,0,0,0,0,0,False,False,253.0,38.0,Bowler
1653949,94,3.29,3,0,0,309,3,3,76650,,39481,County Championship 2026,2,31,Somerset Men,48,Surrey Men,8849483,2026-09-26T11:07:59Z,6,565,False,,,,15505,Ralphie Albert,3004,Tom Lammonby,5,Tom Abell,Left,1,0,1,1,,LengthBall,OutsideOff,,None,FrontFoot,Sweep,StockBall,Over,Orthodox,Left,Null,NotReferred,Null,False,False,False,False,False,True,,False,False,False,False,False,False,1,0,0,0,0,False,False,126.0,119.0,Fine Leg
1653954,95,3.26,1,0,0,310,3,1,76650,,39481,County Championship 2026,2,31,Somerset Men,48,Surrey Men,8849495,2026-09-26T11:09:01Z,1,566,False,,,,2709,Mahipal Lomror,3004,Tom Lammonby,5,Tom Abell,Left,1,0,1,1,,LengthBall,OutsideOff,,None,FrontFoot,ForwardDefensive,StockBall,Over,Orthodox,Left,Null,NotReferred,Null,False,False,False,False,False,True,,False,False,False,False,False,False,1,0,0,0,0,False,False,331.0,63.0,Cover
1653954,95,3.26,1,0,0,310,3,1,76650,,39481,County Championship 2026,2,31,Somerset Men,48,Surrey Men,8849502,2026-09-26T11:09:33Z,2,567,False,,,,2709,Mahipal Lomror,5,Tom Abell,3004,Tom Lammonby,Right,0,0,0,0,,LengthBall,OffStump,,None,FrontFoot,ForwardDefensive,StockBall,Round,Orthodox,Left,Null,NotReferred,Null,False,False,False,False,False,True,,False,False,False,False,False,False,0,0,0,0,0,False,False,262.0,42.0,Bowler
1653954,95,3.26,1,0,0,310,3,1,76650,,39481,County Championship 2026,2,31,Somerset Men,48,Surrey Men,8849506,2026-09-26T11:09:52Z,3,568,False,,,,2709,Mahipal Lomror,5,Tom Abell,3004,Tom Lammonby,Right,0,0,0,0,,LengthBall,OutsideOff,,None,FrontFoot,ForwardDefensive,StockBall,Round,Orthodox,Left,Null,NotReferred,Null,False,False,False,False,False,True,,False,False,False,False,False,False,0,0,0,0,0,False,False,202.0,39.0,Cover
1653954,95,3.26,1,0,0,310,3,1,76650,,39481,County Championship 2026,2,31,Somerset Men,48,Surrey Men,8849511,2026-09-26T11:10:10Z,4,569,False,,,,2709,Mahipal Lomror,5,Tom Abell,3004,Tom Lammonby,Right,0,0,0,0,,LengthBall,MiddleStump,,None,FrontFoot,ForwardDefensive,StockBall,Round,Orthodox,Left,Null,NotReferred,Null,False,False,False,False,False,True,,False,False,False,False,False,False,0,0,0,0,0,False,False,306.0,54.0,Mid Wicket
1653954,95,3.26,1,0,0,310,3,1,76650,,39481,County Championship 2026,2,31,Somerset Men,48,Surrey Men,8849517,2026-09-26T11:10:28Z,5,570,False,,,,2709,Mahipal Lomror,5,Tom Abell,3004,Tom Lammonby,Right,0,0,0,0,,BackOfALength,OutsideOff,,None,BackFoot,BackwardDefensive,StockBall,Round,Orthodox,Left,Null,NotReferred,Null,False,False,False,False,False,True,,False,False,False,False,False,False,0,0,0,0,0,False,False,273.0,35.0,Bowler
1653954,95,3.26,1,0,0,310,3,1,76650,,39481,County Championship 2026,2,31,Somerset Men,48,Surrey Men,8849519,2026-09-26T11:10:46Z,6,571,False,,,,2709,Mahipal Lomror,5,Tom Abell,3004,Tom Lammonby,Right,0,0,0,0,,LengthBall,OutsideOff,,Left,NoMovement,Leave,StockBall,Round,Orthodox,Left,Null,NotReferred,Null,False,False,False,False,False,True,,False,False,False,False,False,False,0,0,0,0,0,False,False,,,Wicketkeeper
1653961,96,3.28,5,0,0,315,3,5,76650,,39481,County Championship 2026,2,31,Somerset Men,48,Surrey Men,8849535,2026-09-26T11:11:37Z,1,572,False,,,,15505,Ralphie Albert,3004,Tom Lammonby,5,Tom Abell,Left,0,0,0,0,,HalfVolley,OutsideOff,,MisTimed,DownTheTrack,Drive,StockBall,Over,Orthodox,Left,Null,NotReferred,Null,False,False,False,False,False,True,,False,False,False,False,False,False,0,0,0,0,0,False,False,269.0,37.0,Bowler
1653961,96,3.28,5,0,0,315,3,5,76650,,39481,County Championship 2026,2,31,Somerset Men,48,Surrey Men,8849554,2026-09-26T11:13:18Z,2,573,False,,,,15505,Ralphie Albert,3004,Tom Lammonby,5,Tom Abell,Left,1,0,1,1,,HalfVolley,OffStump,,WellTimed,FrontFoot,Flick,StockBall,Over,Orthodox,Left,Null,NotReferred,Null,False,False,False,False,False,True,,False,False,False,False,False,False,1,0,0,0,0,False,False,196.0,151.0,Deep Square Leg
1653961,96,3.28,5,0,0,315,3,5,76650,,39481,County Championship 2026,2,31,Somerset Men,48,Surrey Men,8849558,2026-09-26T11:13:51Z,3,574,False,,,,15505,Ralphie Albert,5,Tom Abell,3004,Tom Lammonby,Right,0,0,0,0,,LengthBall,OffStump,,None,FrontFoot,ForwardDefensive,StockBall,Round,Orthodox,Left,Null,NotReferred,Null,False,False,False,False,False,True,,False,False,False,False,False,False,0,0,0,0,0,False,False,280.0,40.0,Bowler
1653961,96,3.28,5,0,0,315,3,5,76650,,39481,County Championship 2026,2,31,Somerset Men,48,Surrey Men,8849565,2026-09-26T11:14:09Z,4,575,False,,,,15505,Ralphie Albert,5,Tom Abell,3004,Tom Lammonby,Right,0,0,0,0,,LengthBall,OutsideOff,,None,FrontFoot,ForwardDefensive,StockBall,Round,Orthodox,Left,Null,NotReferred,Null,False,False,False,False,False,True,,False,False,False,False,False,False,0,0,0,0,0,False,False,221.0,44.0,Extra Cover
1653961,96,3.28,5,0,0,315,3,5,76650,,39481,County Championship 2026,2,31,Somerset Men,48,Surrey Men,8849566,2026-09-26T11:14:27Z,5,576,False,,,,15505,Ralphie Albert,5,Tom Abell,3004,Tom Lammonby,Right,0,0,0,0,,LengthBall,OutsideOff,,None,FrontFoot,ForwardDefensive,StockBall,Round,Orthodox,Left,Null,NotReferred,Null,False,False,False,False,False,True,,False,False,False,False,False,False,0,0,0,0,0,False,False,271.0,35.0,Bowler
1653961,96,3.28,5,0,0,315,3,5,76650,,39481,County Championship 2026,2,31,Somerset Men,48,Surrey Men,8849573,2026-09-26T11:14:46Z,6,577,False,,,,15505,Ralphie Albert,5,Tom Abell,3004,Tom Lammonby,Right,4,0,4,4,,BackOfALength,OutsideOff,,WellTimed,BackFoot,Drive,StockBall,Round,Orthodox,Left,Null,NotReferred,Null,False,False,False,False,False,True,,False,False,False,False,False,False,4,0,0,0,0,True,False,207.0,175.0,
1653970,97,3.31,6,0,0,321,3,6,76650,,39481,County Championship 2026,2,31,Somerset Men,48,Surrey Men,8849591,2026-09-26T11:16:09Z,1,578,False,,,,2709,Mahipal Lomror,3004,Tom Lammonby,5,Tom Abell,Left,0,0,0,0,,LengthBall,OutsideOff,,None,FrontFoot,Steer,StockBall,Over,Orthodox,Left,Null,NotReferred,Null,False,False,False,False,False,True,,False,False,False,False,False,False,0,0,0,0,0,False,False,157.0,44.0,Backward Square Leg
1653970,97,3.31,6,0,0,321,3,6,76650,,39481,County Championship 2026,2,31,Somerset Men,48,Surrey Men,8849599,2026-09-26T11:16:53Z,2,579,False,,,,2709,Mahipal Lomror,3004,Tom Lammonby,5,Tom Abell,Left,1,0,1,1,,LengthBall,OutsideOff,,None,FrontFoot,Sweep,StockBall,Over,Orthodox,Left,Null,NotReferred,Null,False,False,False,False,False,True,,False,False,False,False,False,False,1,0,0,0,0,False,False,135.0,122.0,Fine Leg
1653970,97,3.31,6,0,0,321,3,6,76650,,39481,County Championship 2026,2,31,Somerset Men,48,Surrey Men,8849607,2026-09-26T11:17:33Z,3,580,False,,,,2709,Mahipal Lomror,5,Tom Abell,3004,Tom Lammonby,Right,1,0,1,1,,BackOfALength,OutsideOff,,WellTimed,BackFoot,Cut,StockBall,Round,Orthodox,Left,Null,NotReferred,Null,False,False,False,False,False,True,,False,False,False,False,False,False,1,0,0,0,0,False,False,191.0,148.0,Deep Cover
1653970,97,3.31,6,0,0,321,3,6,76650,,39481,County Championship 2026,2,31,Somerset Men,48,Surrey Men,8849612,2026-09-26T11:18:06Z,4,581,False,,,,2709,Mahipal Lomror,3004,Tom Lammonby,5,Tom Abell,Left,4,0,4,4,,Yorker,OutsideOff,,ThickEdge,FrontFoot,Drive,StockBall,Over,Orthodox,Left,Null,NotReferred,Null,False,False,False,False,False,True,,False,False,False,False,False,False,4,0,0,0,0,True,False,57.0,162.0,
1653970,97,3.31,6,0,0,321,3,6,76650,,39481,County Championship 2026,2,31,Somerset Men,48,Surrey Men,8849624,2026-09-26T11:18:43Z,5,582,False,,,,2709,Mahipal Lomror,3004,Tom Lammonby,5,Tom Abell,Left,0,0,0,0,,LengthBall,OutsideOff,,None,FrontFoot,Sweep,StockBall,Over,Orthodox,Left,Null,NotReferred,Null,False,False,False,False,False,True,,False,False,False,False,False,False,0,0,0,0,0,False,False,155.0,8.0,Backward Square Leg
1653970,97,3.31,6,0,0,321,3,6,76650,,39481,County Championship 2026,2,31,Somerset Men,48,Surrey Men,8849628,2026-09-26T11:19:02Z,6,583,False,,,,2709,Mahipal Lomror,3004,Tom Lammonby,5,Tom Abell,Left,0,0,0,0,,LengthBall,OutsideOff,,None,FrontFoot,ForwardDefensive,StockBall,Over,Orthodox,Left,Null,NotReferred,Null,False,False,False,False,False,True,,False,False,False,False,False,False,0,0,0,0,0,False,False,59.0,5.0,Gully
1653979,98,3.37,9,0,0,330,3,9,76650,,39481,County Championship 2026,2,31,Somerset Men,48,Surrey Men,8849638,2026-09-26T11:19:56Z,1,584,False,,,,15505,Ralphie Albert,5,Tom Abell,3004,Tom Lammonby,Right,0,0,0,0,,LengthBall,OutsideOff,,None,FrontFoot,ForwardDefensive,StockBall,Round,Orthodox,Left,Null,NotReferred,Null,False,False,False,False,False,True,,False,False,False,False,False,False,0,0,0,0,0,False,False,232.0,35.0,Extra Cover
1653979,98,3.37,9,0,0,330,3,9,76650,,39481,County Championship 2026,2,31,Somerset Men,48,Surrey Men,8849645,2026-09-26T11:20:13Z,2,585,False,,,,15505,Ralphie Albert,5,Tom Abell,3004,Tom Lammonby,Right,0,0,0,0,,LengthBall,OffStump,,None,FrontFoot,ForwardDefensive,StockBall,Round,Orthodox,Left,Null,NotReferred,Null,False,False,False,False,False,True,,False,False,False,False,False,False,0,0,0,0,0,False,False,305.0,44.0,Mid Wicket
1653979,98,3.37,9,0,0,330,3,9,76650,,39481,County Championship 2026,2,31,Somerset Men,48,Surrey Men,8849648,2026-09-26T11:20:32Z,3,586,False,,,,15505,Ralphie Albert,5,Tom Abell,3004,Tom Lammonby,Right,0,0,0,0,,BackOfALength,OutsideOff,,BottomEdge,BackFoot,Cut,StockBall,Round,Orthodox,Left,Null,NotReferred,Null,False,False,False,False,False,True,,False,False,False,False,False,False,0,0,0,0,0,False,False,128.0,50.0,Gully
1653979,98,3.37,9,0,0,330,3,9,76650,,39481,County Championship 2026,2,31,Somerset Men,48,Surrey Men,8849654,2026-09-26T11:20:53Z,4,587,False,,,,15505,Ralphie Albert,5,Tom Abell,3004,Tom Lammonby,Right,1,0,1,1,,LengthBall,OffStump,,None,FrontFoot,Worked,StockBall,Round,Orthodox,Left,Null,NotReferred,Null,False,False,False,False,False,True,,False,False,False,False,False,False,1,0,0,0,0,False,False,357.0,131.0,Deep Square Leg
1653979,98,3.37,9,0,0,330,3,9,76650,,39481,County Championship 2026,2,31,Somerset Men,48,Surrey Men,8849662,2026-09-26T11:21:22Z,5,588,False,,,,15505,Ralphie Albert,3004,Tom Lammonby,5,Tom Abell,Left,4,0,4,4,,LengthBall,OutsideOff,,WellTimed,FrontFoot,ReverseSweep,StockBall,Over,Orthodox,Left,Null,NotReferred,Null,False,False,False,False,False,True,,False,False,False,False,False,False,4,0,0,0,0,True,False,69.0,161.0,
1653979,98,3.37,9,0,0,330,3,9,76650,,39481,County Championship 2026,2,31,Somerset Men,48,Surrey Men,8849671,2026-09-26T11:22:04Z,6,589,False,,,,15505,Ralphie Albert,3004,Tom Lammonby,5,Tom Abell,Left,4,0,4,4,,LengthBall,OutsideOff,,WellTimed,DownTheTrack,Flick,StockBall,Over,Orthodox,Left,Null,NotReferred,Null,False,False,False,False,False,True,,False,False,False,False,False,False,4,0,0,0,0,True,False,229.0,178.0,
1653987,99,3.42,9,0,0,339,3,9,76650,,39481,County Championship 2026,2,31,Somerset Men,48,Surrey Men,8849689,2026-09-26T11:23:21Z,1,590,False,,,,2709,Mahipal Lomror,5,Tom Abell,3004,Tom Lammonby,Right,1,0,1,1,,BackOfALength,OutsideOff,,WellTimed,BackFoot,Cut,StockBall,Round,Orthodox,Left,Null,NotReferred,Null,False,False,False,False,False,True,,False,False,False,False,False,False,1,0,0,0,0,False,False,200.0,138.0,Deep Cover
1653987,99,3.42,9,0,0,339,3,9,76650,,39481,County Championship 2026,2,31,Somerset Men,48,Surrey Men,8849697,2026-09-26T11:23:49Z,2,591,False,,,,2709,Mahipal Lomror,3004,Tom Lammonby,5,Tom Abell,Left,6,0,6,6,,LengthBall,OutsideOff,,Middled,FrontFoot,SlogSweep,StockBall,Over,Orthodox,Left,Null,NotReferred,Null,False,False,False,False,True,True,,False,False,False,False,False,False,6,0,0,0,0,True,False,210.0,175.0,
1653987,99,3.42,9,0,0,339,3,9,76650,,39481,County Championship 2026,2,31,Somerset Men,48,Surrey Men,8849707,2026-09-26T11:24:37Z,3,592,False,,,,2709,Mahipal Lomror,3004,Tom Lammonby,5,Tom Abell,Left,0,0,0,0,,BackOfALength,OutsideOff,,None,BackFoot,Worked,StockBall,Over,Orthodox,Left,Null,NotReferred,Null,False,False,False,False,False,True,,False,False,False,False,False,False,0,0,0,0,0,False,False,203.0,40.0,Square Leg
1653987,99,3.42,9,0,0,339,3,9,76650,,39481,County Championship 2026,2,31,Somerset Men,48,Surrey Men,8849713,2026-09-26T11:25:10Z,4,593,False,,,,2709,Mahipal Lomror,3004,Tom Lammonby,5,Tom Abell,Left,1,0,1,1,,HalfVolley,OutsideOff,,WellTimed,FrontFoot,Drive,StockBall,Over,Orthodox,Left,Null,NotReferred,Null,False,False,False,False,False,True,,False,False,False,False,False,False,1,0,0,0,0,False,False,332.0,161.0,Deep Cover
1653987,99,3.42,9,0,0,339,3,9,76650,,39481,County Championship 2026,2,31,Somerset Men,48,Surrey Men,8849718,2026-09-26T11:25:36Z,5,594,False,,,,2709,Mahipal Lomror,5,Tom Abell,3004,Tom Lammonby,Right,0,0,0,0,,HalfVolley,OutsideOff,,None,FrontFoot,ForwardDefensive,StockBall,Round,Orthodox,Left,Null,NotReferred,Null,False,False,False,False,False,True,,False,False,False,False,False,False,0,0,0,0,0,False,False,208.0,37.0,Cover
1653987,99,3.42,9,0,0,339,3,9,76650,,39481,County Championship 2026,2,31,Somerset Men,48,Surrey Men,8849723,2026-09-26T11:25:53Z,6,595,False,,,,2709,Mahipal Lomror,5,Tom Abell,3004,Tom Lammonby,Right,1,0,1,1,,BackOfALength,OutsideOff,,None,BackFoot,Cut,StockBall,Round,Orthodox,Left,Null,NotReferred,Null,False,False,False,False,False,True,,False,False,False,False,False,False,1,0,0,0,0,False,False,188.0,129.0,Deep Cover
1653993,100,3.43,4,0,0,343,3,4,76650,,39481,County Championship 2026,2,31,Somerset Men,48,Surrey Men,8849732,2026-09-26T11:26:52Z,1,596,False,,,,15505,Ralphie Albert,5,Tom Abell,3004,Tom Lammonby,Right,0,0,0,0,,HalfVolley,OutsideOff,,None,FrontFoot,Drive,StockBall,Round,Orthodox,Left,Null,NotReferred,Null,False,False,False,False,False,True,,False,False,False,False,False,False,0,0,0,0,0,False,False,264.0,35.0,Bowler
1653993,100,3.43,4,0,0,343,3,4,76650,,39481,County Championship 2026,2,31,Somerset Men,48,Surrey Men,8849735,2026-09-26T11:27:06Z,2,597,False,,,,15505,Ralphie Albert,5,Tom Abell,3004,Tom Lammonby,Right,0,0,0,0,,LengthBall,OutsideOff,,None,FrontFoot,ForwardDefensive,StockBall,Round,Orthodox,Left,Null,NotReferred,Null,False,False,False,False,False,True,,False,False,False,False,False,False,0,0,0,0,0,False,False,262.0,41.0,Bowler
1653993,100,3.43,4,0,0,343,3,4,76650,,39481,County Championship 2026,2,31,Somerset Men,48,Surrey Men,8849738,2026-09-26T11:27:22Z,3,598,False,,,,15505,Ralphie Albert,5,Tom Abell,3004,Tom Lammonby,Right,0,0,0,0,,HalfVolley,OutsideOff,,None,FrontFoot,ForwardDefensive,StockBall,Round,Orthodox,Left,Null,NotReferred,Null,False,False,False,False,False,True,,False,False,False,False,False,False,0,0,0,0,0,False,False,278.0,34.0,Bowler
1653993,100,3.43,4,0,0,343,3,4,76650,,39481,County Championship 2026,2,31,Somerset Men,48,Surrey Men,8849745,2026-09-26T11:27:46Z,4,599,False,,,,15505,Ralphie Albert,5,Tom Abell,3004,Tom Lammonby,Right,2,0,2,2,,LengthBall,MiddleStump,,WellTimed,BackFoot,Worked,StockBall,Round,Orthodox,Left,Null,NotReferred,Null,False,False,False,False,False,True,,False,False,False,False,False,False,2,0,0,0,0,False,False,42.0,143.0,Fine Leg
1653993,100,3.43,4,0,0,343,3,4,76650,,39481,County Championship 2026,2,31,Somerset Men,48,Surrey Men,8849750,2026-09-26T11:28:14Z,5,600,False,,,,15505,Ralphie Albert,5,Tom Abell,3004,Tom Lammonby,Right,1,0,1,1,,LengthBall,OffStump,,None,FrontFoot,Worked,StockBall,Round,Orthodox,Left,Null,NotReferred,Null,False,False,False,False,False,True,,False,False,False,False,False,False,1,0,0,0,0,False,False,337.0,128.0,Deep Square Leg
1653993,100,3.43,4,0,0,343,3,4,76650,,39481,County Championship 2026,2,31,Somerset Men,48,Surrey Men,8849758,2026-09-26T11:28:45Z,6,601,False,,,,15505,Ralphie Albert,3004,Tom Lammonby,5,Tom Abell,Left,1,0,1,1,,HalfVolley,OutsideOff,,None,FrontFoot,Drive,StockBall,Over,Orthodox,Left,Null,NotReferred,Null,False,False,False,False,False,True,,False,False,False,False,False,False,1,0,0,0,0,False,False,299.0,58.0,Mid Off
1654001,101,3.5,10,0,0,353,3,10,76650,,39481,County Championship 2026,2,31,Somerset Men,48,Surrey Men,8849776,2026-09-26T11:29:47Z,1,602,False,,,,2709,Mahipal Lomror,3004,Tom Lammonby,5,Tom Abell,Left,6,0,6,6,,Short,OutsideOff,,Middled,BackFoot,Pull,StockBall,Over,Orthodox,Left,Null,NotReferred,Null,False,False,False,False,False,True,,False,False,False,False,False,False,6,0,0,0,0,True,False,219.0,176.0,
1654001,101,3.5,10,0,0,353,3,10,76650,,39481,County Championship 2026,2,31,Somerset Men,48,Surrey Men,8849779,2026-09-26T11:30:18Z,2,603,False,,,,2709,Mahipal Lomror,3004,Tom Lammonby,5,Tom Abell,Left,0,0,0,0,,LengthBall,OutsideOff,Lbw,HitPad,FrontFoot,ForwardDefensive,StockBall,Over,Orthodox,Left,Null,NotReferred,Null,False,False,False,False,False,True,1842.0,False,False,False,False,False,False,0,0,0,0,0,False,False,38.0,18.0,Gully
1654001,101,3.5,10,0,0,353,3,10,76650,,39481,County Championship 2026,2,31,Somerset Men,48,Surrey Men,8849786,2026-09-26T11:30:50Z,3,604,False,,,,2709,Mahipal Lomror,3004,Tom Lammonby,5,Tom Abell,Left,1,0,1,1,,BackOfALength,OutsideOff,,WellTimed,BackFoot,Worked,StockBall,Over,Orthodox,Left,Null,NotReferred,Null,False,False,False,False,False,True,,False,False,False,False,False,False,1,0,0,0,0,False,False,205.0,156.0,Deep Square Leg
1654001,101,3.5,10,0,0,353,3,10,76650,,39481,County Championship 2026,2,31,Somerset Men,48,Surrey Men,8849798,2026-09-26T11:31:19Z,4,605,False,,,,2709,Mahipal Lomror,5,Tom Abell,3004,Tom Lammonby,Right,1,0,1,1,,BackOfALength,OutsideOff,,WellTimed,BackFoot,Cut,StockBall,Round,Orthodox,Left,Null,NotReferred,Null,False,False,False,False,False,True,,False,False,False,False,False,False,1,0,0,0,0,False,False,194.0,69.0,Cover
1654001,101,3.5,10,0,0,353,3,10,76650,,39481,County Championship 2026,2,31,Somerset Men,48,Surrey Men,8849805,2026-09-26T11:31:56Z,5,606,False,,,,2709,Mahipal Lomror,3004,Tom Lammonby,5,Tom Abell,Left,1,0,1,1,,HalfVolley,OutsideOff,,WellTimed,FrontFoot,Drive,StockBall,Over,Orthodox,Left,Null,NotReferred,Null,False,False,False,False,False,True,,False,False,False,False,False,False,1,0,0,0,0,False,False,322.0,149.0,Deep Extra Cover
1654001,101,3.5,10,0,0,353,3,10,76650,,39481,County Championship 2026,2,31,Somerset Men,48,Surrey Men,8849809,2026-09-26T11:32:23Z,6,607,False,,,,2709,Mahipal Lomror,5,Tom Abell,3004,Tom Lammonby,Right,1,0,1,1,,LengthBall,MiddleStump,,None,FrontFoot,Worked,StockBall,Round,Orthodox,Left,Null,NotReferred,Null,False,False,False,False,False,True,,False,False,False,False,False,False,1,0,0,0,0,False,False,351.0,68.0,Square Leg
1654028,102,3.51,5,0,0,358,3,5,76650,,39481,County Championship 2026,2,31,Somerset Men,48,Surrey Men,8849937,2026-09-26T12:12:36Z,1,608,False,,,,1208,Reece Topley,5,Tom Abell,3004,Tom Lammonby,Right,1,0,1,1,,BackOfALength,OutsideOff,,None,BackFoot,Worked,NoMovement,Round,Medium,Left,Null,NotReferred,Null,False,False,False,False,False,True,,False,False,False,False,False,False,1,0,0,0,0,False,False,359.0,131.0,Deep Square Leg
1654028,102,3.51,5,0,0,358,3,5,76650,,39481,County Championship 2026,2,31,Somerset Men,48,Surrey Men,8849942,2026-09-26T12:13:24Z,2,609,False,,,,1208,Reece Topley,3004,Tom Lammonby,5,Tom Abell,Left,0,0,0,0,,HalfVolley,OutsideOff,,None,FrontFoot,ForwardDefensive,NoMovement,Over,Medium,Left,Null,NotReferred,Null,False,False,False,False,False,True,,False,False,False,False,False,False,0,0,0,0,0,False,False,319.0,42.0,Extra Cover
1654028,102,3.51,5,0,0,358,3,5,76650,,39481,County Championship 2026,2,31,Somerset Men,48,Surrey Men,8849946,2026-09-26T12:14:03Z,3,610,False,,,,1208,Reece Topley,3004,Tom Lammonby,5,Tom Abell,Left,4,0,4,4,,BackOfALength,OutsideOff,,WellTimed,BackFoot,Steer,NoMovement,Over,Medium,Left,Null,NotReferred,Null,False,False,False,False,False,True,,False,False,False,False,False,False,4,0,0,0,0,True,False,71.0,161.0,
1654028,102,3.51,5,0,0,358,3,5,76650,,39481,County Championship 2026,2,31,Somerset Men,48,Surrey Men,8849953,2026-09-26T12:14:44Z,4,611,False,,,,1208,Reece Topley,3004,Tom Lammonby,5,Tom Abell,Left,0,0,0,0,,LengthBall,OutsideOff,,None,BackFoot,Worked,NoMovement,Over,Medium,Left,Null,NotReferred,Null,False,False,False,False,False,True,,False,False,False,False,False,False,0,0,0,0,0,False,False,233.0,47.0,Mid Wicket
1654028,102,3.51,5,0,0,358,3,5,76650,,39481,County Championship 2026,2,31,Somerset Men,48,Surrey Men,8849958,2026-09-26T12:15:21Z,5,612,False,,,,1208,Reece Topley,3004,Tom Lammonby,5,Tom Abell,Left,0,0,0,0,,BackOfALength,OutsideOff,,None,BackFoot,BackwardDefensive,NoMovement,Over,Medium,Left,Null,NotReferred,Null,False,False,False,False,False,True,,False,False,False,False,False,False,0,0,0,0,0,False,False,205.0,42.0,Square Leg
1654028,102,3.51,5,0,0,358,3,5,76650,,39481,County Championship 2026,2,31,Somerset Men,48,Surrey Men,8849963,2026-09-26T12:15:56Z,6,613,False,,,,1208,Reece Topley,3004,Tom Lammonby,5,Tom Abell,Left,0,0,0,0,,Yorker,DownLeg,,PlayAndMissLegSide,FrontFoot,Flick,OffCutter,Over,Medium,Left,Null,NotReferred,Null,False,False,False,False,False,True,,False,False,False,False,False,False,0,0,0,0,0,False,False,,,Wicketkeeper
1654034,103,3.48,0,0,0,358,3,0,76650,,39481,County Championship 2026,2,31,Somerset Men,48,Surrey Men,8849972,2026-09-26T12:17:04Z,1,614,False,,,,15505,Ralphie Albert,5,Tom Abell,3004,Tom Lammonby,Right,0,0,0,0,,BackOfALength,OutsideOff,,Left,NoMovement,Leave,StockBall,Round,Orthodox,Left,Null,NotReferred,Null,False,False,False,False,False,True,,False,False,False,False,False,False,0,0,0,0,0,False,False,,,Wicketkeeper
1654034,103,3.48,0,0,0,358,3,0,76650,,39481,County Championship 2026,2,31,Somerset Men,48,Surrey Men,8849977,2026-09-26T12:17:25Z,2,615,False,,,,15505,Ralphie Albert,5,Tom Abell,3004,Tom Lammonby,Right,0,0,0,0,,LengthBall,MiddleStump,,None,FrontFoot,ForwardDefensive,StockBall,Round,Orthodox,Left,Null,NotReferred,Null,False,False,False,False,False,True,,False,False,False,False,False,False,0,0,0,0,0,False,False,326.0,43.0,Mid Wicket
1654034,103,3.48,0,0,0,358,3,0,76650,,39481,County Championship 2026,2,31,Somerset Men,48,Surrey Men,8849980,2026-09-26T12:17:42Z,3,616,False,,,,15505,Ralphie Albert,5,Tom Abell,3004,Tom Lammonby,Right,0,0,0,0,,BackOfALength,OffStump,,None,BackFoot,Worked,StockBall,Round,Orthodox,Left,Null,NotReferred,Null,False,False,False,False,False,True,,False,False,False,False,False,False,0,0,0,0,0,False,False,315.0,46.0,Mid Wicket
1654034,103,3.48,0,0,0,358,3,0,76650,,39481,County Championship 2026,2,31,Somerset Men,48,Surrey Men,8849983,2026-09-26T12:18:02Z,4,617,False,,,,15505,Ralphie Albert,5,Tom Abell,3004,Tom Lammonby,Right,0,0,0,0,,LengthBall,OutsideOff,,None,FrontFoot,ForwardDefensive,StockBall,Round,Orthodox,Left,Null,NotReferred,Null,False,False,False,False,False,True,,False,False,False,False,False,False,0,0,0,0,0,False,False,236.0,34.0,Extra Cover
1654034,103,3.48,0,0,0,358,3,0,76650,,39481,County Championship 2026,2,31,Somerset Men,48,Surrey Men,8849988,2026-09-26T12:18:19Z,5,618,False,,,,15505,Ralphie Albert,5,Tom Abell,3004,Tom Lammonby,Right,0,0,0,0,,BackOfALength,OffStump,,None,BackFoot,Worked,StockBall,Round,Orthodox,Left,Null,NotReferred,Null,False,False,False,False,False,True,,False,False,False,False,False,False,0,0,0,0,0,False,False,320.0,46.0,Mid Wicket
1654034,103,3.48,0,0,0,358,3,0,76650,,39481,County Championship 2026,2,31,Somerset Men,48,Surrey Men,8849992,2026-09-26T12:18:39Z,6,619,False,,,,15505,Ralphie Albert,5,Tom Abell,3004,Tom Lammonby,Right,0,0,0,0,,LengthBall,OutsideOff,,None,BackFoot,BackwardDefensive,StockBall,Round,Orthodox,Left,Null,NotReferred,Null,False,False,False,False,False,True,,False,False,False,False,False,False,0,0,0,0,0,False,False,241.0,41.0,Mid Off
1654038,104,3.52,8,0,0,366,3,8,76650,,39481,County Championship 2026,2,31,Somerset Men,48,Surrey Men,8850001,2026-09-26T12:19:33Z,1,620,False,,,,1208,Reece Topley,3004,Tom Lammonby,5,Tom Abell,Left,4,0,4,4,,BackOfALength,OutsideOff,,WellTimed,BackFoot,Glance,NoMovement,Over,Medium,Left,Null,NotReferred,Null,False,False,False,False,False,True,,False,False,False,False,False,False,4,0,0,0,0,True,True,103.0,160.0,
1654038,104,3.52,8,0,0,366,3,8,76650,,39481,County Championship 2026,2,31,Somerset Men,48,Surrey Men,8850009,2026-09-26T12:20:11Z,2,621,False,,,,1208,Reece Topley,3004,Tom Lammonby,5,Tom Abell,Left,1,0,1,1,,HalfVolley,OutsideOff,,WellTimed,FrontFoot,Worked,NoMovement,Over,Medium,Left,Null,NotReferred,Null,False,False,False,False,False,True,,False,False,False,False,False,False,1,0,0,0,0,False,False,213.0,164.0,Deep Mid Wicket
1654038,104,3.52,8,0,0,366,3,8,76650,,39481,County Championship 2026,2,31,Somerset Men,48,Surrey Men,8850015,2026-09-26T12:20:51Z,3,622,False,,,,1208,Reece Topley,5,Tom Abell,3004,Tom Lammonby,Right,1,0,1,1,,LengthBall,OutsideOff,,None,FrontFoot,Worked,NoMovement,Round,Medium,Left,Null,NotReferred,Null,False,False,False,False,False,True,,False,False,False,False,False,False,1,0,0,0,0,False,False,350.0,124.0,Deep Square Leg
1654038,104,3.52,8,0,0,366,3,8,76650,,39481,County Championship 2026,2,31,Somerset Men,48,Surrey Men,8850020,2026-09-26T12:21:26Z,4,623,False,,,,1208,Reece Topley,3004,Tom Lammonby,5,Tom Abell,Left,0,0,0,0,,LengthBall,OutsideOff,,None,BackFoot,Cut,NoMovement,Over,Medium,Left,Null,NotReferred,Null,False,False,False,False,False,True,,False,False,False,False,False,False,0,0,0,0,0,False,False,19.0,58.0,Backward Point
1654038,104,3.52,8,0,0,366,3,8,76650,,39481,County Championship 2026,2,31,Somerset Men,48,Surrey Men,8850031,2026-09-26T12:21:59Z,5,624,False,,,,1208,Reece Topley,3004,Tom Lammonby,5,Tom Abell,Left,2,0,2,2,,HalfVolley,OutsideOff,,WellTimed,FrontFoot,Drive,NoMovement,Over,Medium,Left,Null,NotReferred,Null,False,False,False,False,False,True,,False,False,False,False,False,False,2,0,0,0,0,False,False,340.0,172.0,Deep Cover
1654038,104,3.52,8,0,0,366,3,8,76650,,39481,County Championship 2026,2,31,Somerset Men,48,Surrey Men,8850038,2026-09-26T12:22:41Z,6,625,False,,,,1208,Reece Topley,3004,Tom Lammonby,5,Tom Abell,Left,0,0,0,0,,Short,OutsideOff,,Left,Ducked,Leave,NoMovement,Over,Medium,Left,Null,NotReferred,Null,False,False,False,False,False,True,,False,False,False,False,False,False,0,0,0,0,0,False,False,,,Wicketkeeper
1654047,105,3.5,1,0,0,367,3,1,76650,,39481,County Championship 2026,2,31,Somerset Men,48,Surrey Men,8850051,2026-09-26T12:23:27Z,1,626,False,,,,15505,Ralphie Albert,5,Tom Abell,3004,Tom Lammonby,Right,0,0,0,0,,LengthBall,OutsideOff,,ThickEdge,FrontFoot,ForwardDefensive,StockBall,Round,Orthodox,Left,Null,NotReferred,Null,False,False,False,False,False,True,,False,False,False,False,False,False,0,0,0,0,0,False,False,144.0,42.0,Gully
1654047,105,3.5,1,0,0,367,3,1,76650,,39481,County Championship 2026,2,31,Somerset Men,48,Surrey Men,8850056,2026-09-26T12:23:48Z,2,627,False,,,,15505,Ralphie Albert,5,Tom Abell,3004,Tom Lammonby,Right,0,0,0,0,,BackOfALength,OutsideOff,,None,BackFoot,Cut,StockBall,Round,Orthodox,Left,Null,NotReferred,Null,False,False,False,False,False,True,,False,False,False,False,False,False,0,0,0,0,0,False,False,155.0,43.0,Backward Point
1654047,105,3.5,1,0,0,367,3,1,76650,,39481,County Championship 2026,2,31,Somerset Men,48,Surrey Men,8850062,2026-09-26T12:24:12Z,3,628,False,,,,15505,Ralphie Albert,5,Tom Abell,3004,Tom Lammonby,Right,0,0,0,0,,BackOfALength,OutsideOff,,None,BackFoot,Drive,StockBall,Round,Orthodox,Left,Null,NotReferred,Null,False,False,False,False,False,True,,False,False,False,False,False,False,0,0,0,0,0,False,False,273.0,42.0,Bowler
1654047,105,3.5,1,0,0,367,3,1,76650,,39481,County Championship 2026,2,31,Somerset Men,48,Surrey Men,8850067,2026-09-26T12:24:28Z,4,629,False,,,,15505,Ralphie Albert,5,Tom Abell,3004,Tom Lammonby,Right,0,0,0,0,,LengthBall,OffStump,,None,FrontFoot,Worked,StockBall,Round,Orthodox,Left,Null,NotReferred,Null,False,False,False,False,False,True,,False,False,False,False,False,False,0,0,0,0,0,False,False,331.0,47.0,Square Leg
1654047,105,3.5,1,0,0,367,3,1,76650,,39481,County Championship 2026,2,31,Somerset Men,48,Surrey Men,8850071,2026-09-26T12:24:46Z,5,630,False,,,,15505,Ralphie Albert,5,Tom Abell,3004,Tom Lammonby,Right,1,0,1,1,,BackOfALength,OutsideOff,,None,BackFoot,Cut,StockBall,Round,Orthodox,Left,Null,NotReferred,Null,False,False,False,False,False,True,,False,False,False,False,False,False,1,0,0,0,0,False,False,188.0,161.0,Deep Cover
1654047,105,3.5,1,0,0,367,3,1,76650,,39481,County Championship 2026,2,31,Somerset Men,48,Surrey Men,8850077,2026-09-26T12:25:22Z,6,631,False,,,,15505,Ralphie Albert,3004,Tom Lammonby,5,Tom Abell,Left,0,0,0,0,,LengthBall,OutsideOff,,None,FrontFoot,ForwardDefensive,StockBall,Over,Orthodox,Left,Null,NotReferred,Null,False,False,False,False,False,True,,False,False,False,False,False,False,0,0,0,0,0,False,False,271.0,35.0,Bowler
1654054,106,3.5,4,0,0,371,3,4,76650,,39481,County Championship 2026,2,31,Somerset Men,48,Surrey Men,8850090,2026-09-26T12:26:43Z,1,632,False,,,,1208,Reece Topley,5,Tom Abell,3004,Tom Lammonby,Right,0,0,0,0,,BackOfALength,OffStump,,Missed,BackFoot,Cut,NoMovement,Over,Medium,Left,Null,NotReferred,Null,False,False,False,False,False,True,,False,False,False,False,False,False,0,0,0,0,0,False,False,,,Wicketkeeper
1654054,106,3.5,4,0,0,371,3,4,76650,,39481,County Championship 2026,2,31,Somerset Men,48,Surrey Men,8850098,2026-09-26T12:27:19Z,2,633,False,,,,1208,Reece Topley,5,Tom Abell,3004,Tom Lammonby,Right,4,0,4,4,,Short,OffStump,,WellTimed,BackFoot,Cut,NoMovement,Over,Medium,Left,Null,NotReferred,Null,False,False,False,False,False,True,,False,False,False,False,False,False,4,0,0,0,0,True,True,144.0,164.0,
1654054,106,3.5,4,0,0,371,3,4,76650,,39481,County Championship 2026,2,31,Somerset Men,48,Surrey Men,8850104,2026-09-26T12:27:52Z,3,634,False,,,,1208,Reece Topley,5,Tom Abell,3004,Tom Lammonby,Right,0,0,0,0,,HalfVolley,OutsideOff,,Left,NoMovement,Leave,NoMovement,Over,Medium,Left,Null,NotReferred,Null,False,False,False,False,False,True,,False,False,False,False,False,False,0,0,0,0,0,False,False,,,Wicketkeeper
1654054,106,3.5,4,0,0,371,3,4,76650,,39481,County Championship 2026,2,31,Somerset Men,48,Surrey Men,8850110,2026-09-26T12:28:25Z,4,635,False,,,,1208,Reece Topley,5,Tom Abell,3004,Tom Lammonby,Right,0,0,0,0,,BackOfALength,OffStump,,None,BackFoot,Cut,NoMovement,Over,Medium,Left,Null,NotReferred,Null,False,False,False,False,False,True,,False,False,False,False,False,False,0,0,0,0,0,False,False,169.0,64.0,Backward Point
1654054,106,3.5,4,0,0,371,3,4,76650,,39481,County Championship 2026,2,31,Somerset Men,48,Surrey Men,8850115,2026-09-26T12:28:56Z,5,636,False,,,,1208,Reece Topley,5,Tom Abell,3004,Tom Lammonby,Right,0,0,0,0,,LengthBall,OutsideOff,,Left,NoMovement,Leave,NoMovement,Over,Medium,Left,Null,NotReferred,Null,False,False,False,False,False,True,,False,False,False,False,False,False,0,0,0,0,0,False,False,,,Wicketkeeper
1654054,106,3.5,4,0,0,371,3,4,76650,,39481,County Championship 2026,2,31,Somerset Men,48,Surrey Men,8850123,2026-09-26T12:29:33Z,6,637,False,,,,1208,Reece Topley,5,Tom Abell,3004,Tom Lammonby,Right,0,0,0,0,,Short,LegStump,,None,BackFoot,Cut,NoMovement,Over,Medium,Left,Null,NotReferred,Null,False,False,False,False,False,True,,False,False,False,False,False,False,0,0,0,0,0,False,False,166.0,57.0,Backward Point
1654062,107,3.48,1,0,0,372,3,1,76650,,39481,County Championship 2026,2,31,Somerset Men,48,Surrey Men,8850135,2026-09-26T12:30:22Z,1,638,False,,,,15505,Ralphie Albert,3004,Tom Lammonby,5,Tom Abell,Left,0,0,0,0,,BackOfALength,OutsideOff,,None,BackFoot,Worked,StockBall,Over,Orthodox,Left,Null,NotReferred,Null,False,False,False,False,False,True,,False,False,False,False,False,False,0,0,0,0,0,False,False,244.0,51.0,Mid On
1654062,107,3.48,1,0,0,372,3,1,76650,,39481,County Championship 2026,2,31,Somerset Men,48,Surrey Men,8850139,2026-09-26T12:30:45Z,2,639,False,,,,15505,Ralphie Albert,3004,Tom Lammonby,5,Tom Abell,Left,0,0,0,0,,Short,OutsideOff,,MisTimed,BackFoot,Worked,StockBall,Over,Orthodox,Left,Null,NotReferred,Null,False,False,False,False,False,True,,False,False,False,False,False,False,0,0,0,0,0,False,False,230.0,40.0,Mid Wicket
1654062,107,3.48,1,0,0,372,3,1,76650,,39481,County Championship 2026,2,31,Somerset Men,48,Surrey Men,8850145,2026-09-26T12:31:05Z,3,640,False,,,,15505,Ralphie Albert,3004,Tom Lammonby,5,Tom Abell,Left,1,0,1,1,,LengthBall,OutsideOff,,None,FrontFoot,Drive,StockBall,Over,Orthodox,Left,Null,NotReferred,Null,False,False,False,False,False,True,,False,False,False,False,False,False,1,0,0,0,0,False,False,262.0,127.0,Long On
1654062,107,3.48,1,0,0,372,3,1,76650,,39481,County Championship 2026,2,31,Somerset Men,48,Surrey Men,8850150,2026-09-26T12:31:28Z,4,641,False,,,,15505,Ralphie Albert,5,Tom Abell,3004,Tom Lammonby,Right,0,0,0,0,,LengthBall,OffStump,,None,FrontFoot,ForwardDefensive,StockBall,Round,Orthodox,Left,Null,NotReferred,Null,False,False,False,False,False,True,,False,False,False,False,False,False,0,0,0,0,0,False,False,277.0,41.0,Bowler
1654062,107,3.48,1,0,0,372,3,1,76650,,39481,County Championship 2026,2,31,Somerset Men,48,Surrey Men,8850154,2026-09-26T12:31:46Z,5,642,False,,,,15505,Ralphie Albert,5,Tom Abell,3004,Tom Lammonby,Right,0,0,0,0,,HalfVolley,OffStump,,None,FrontFoot,ForwardDefensive,StockBall,Round,Orthodox,Left,Null,NotReferred,Null,False,False,False,False,False,True,,False,False,False,False,False,False,0,0,0,0,0,False,False,271.0,42.0,Bowler
1654062,107,3.48,1,0,0,372,3,1,76650,,39481,County Championship 2026,2,31,Somerset Men,48,Surrey Men,8850156,2026-09-26T12:32:05Z,6,643,False,,,,15505,Ralphie Albert,5,Tom Abell,3004,Tom Lammonby,Right,0,0,0,0,,LengthBall,OutsideOff,,None,FrontFoot,ForwardDefensive,StockBall,Round,Orthodox,Left,Null,NotReferred,Null,False,False,False,False,False,True,,False,False,False,False,False,False,0,0,0,0,0,False,False,234.0,35.0,Extra Cover
1654067,108,3.45,1,0,0,373,3,1,76650,,39481,County Championship 2026,2,31,Somerset Men,48,Surrey Men,8850165,2026-09-26T12:32:48Z,1,644,False,,,,1208,Reece Topley,3004,Tom Lammonby,5,Tom Abell,Left,0,0,0,0,,LengthBall,OutsideOff,,None,BackFoot,Worked,NoMovement,Over,Medium,Left,Null,NotReferred,Null,False,False,False,False,False,True,,False,False,False,False,False,False,0,0,0,0,0,False,False,228.0,50.0,Mid Wicket
1654067,108,3.45,1,0,0,373,3,1,76650,,39481,County Championship 2026,2,31,Somerset Men,48,Surrey Men,8850172,2026-09-26T12:33:22Z,2,645,False,,,,1208,Reece Topley,3004,Tom Lammonby,5,Tom Abell,Left,0,0,0,0,,BackOfALength,OutsideOff,,WellTimed,BackFoot,Steer,NoMovement,Over,Medium,Left,Null,NotReferred,Null,False,False,False,False,False,True,,False,False,False,False,False,False,0,0,0,0,0,False,False,76.0,58.0,First Slip
1654067,108,3.45,1,0,0,373,3,1,76650,,39481,County Championship 2026,2,31,Somerset Men,48,Surrey Men,8850179,2026-09-26T12:34:01Z,3,646,False,,,,1208,Reece Topley,3004,Tom Lammonby,5,Tom Abell,Left,0,0,0,0,,BackOfALength,OutsideOff,,None,BackFoot,Steer,NoMovement,Over,Medium,Left,Null,NotReferred,Null,False,False,False,False,False,True,,False,False,False,False,False,False,0,0,0,0,0,False,False,87.0,51.0,First Slip
1654067,108,3.45,1,0,0,373,3,1,76650,,39481,County Championship 2026,2,31,Somerset Men,48,Surrey Men,8850184,2026-09-26T12:34:41Z,4,647,False,,,,1208,Reece Topley,3004,Tom Lammonby,5,Tom Abell,Left,0,0,0,0,,Short,OutsideOff,,Missed,BackFoot,Steer,NoMovement,Over,Medium,Left,Null,NotReferred,Null,False,False,False,False,False,True,,False,False,False,False,False,False,0,0,0,0,0,False,False,,,Wicketkeeper
1654067,108,3.45,1,0,0,373,3,1,76650,,39481,County Championship 2026,2,31,Somerset Men,48,Surrey Men,8850194,2026-09-26T12:35:18Z,5,648,False,,,,1208,Reece Topley,3004,Tom Lammonby,5,Tom Abell,Left,1,0,1,1,,BackOfALength,OutsideOff,,None,BackFoot,Glance,NoMovement,Over,Medium,Left,Null,NotReferred,Null,False,False,False,False,False,True,,False,False,False,False,False,False,1,0,0,0,0,False,False,112.0,149.0,Fine Leg
1654067,108,3.45,1,0,0,373,3,1,76650,,39481,County Championship 2026,2,31,Somerset Men,48,Surrey Men,8850196,2026-09-26T12:35:59Z,6,649,False,,,,1208,Reece Topley,5,Tom Abell,3004,Tom Lammonby,Right,0,0,0,0,,LengthBall,OutsideOff,,Left,NoMovement,Leave,NoMovement,Over,Medium,Left,Null,NotReferred,Null,False,False,False,False,False,True,,False,False,False,False,False,False,0,0,0,0,0,False,False,,,Wicketkeeper
1654073,109,3.43,1,0,0,374,3,1,76650,,39481,County Championship 2026,2,31,Somerset Men,48,Surrey Men,8850205,2026-09-26T12:36:50Z,1,650,False,,,,15505,Ralphie Albert,3004,Tom Lammonby,5,Tom Abell,Left,0,0,0,0,,LengthBall,OutsideOff,,None,BackFoot,BackwardDefensive,StockBall,Over,Orthodox,Left,Null,NotReferred,Null,False,False,False,False,False,True,,False,False,False,False,False,False,0,0,0,0,0,False,False,305.0,40.0,Bowler
1654073,109,3.43,1,0,0,374,3,1,76650,,39481,County Championship 2026,2,31,Somerset Men,48,Surrey Men,8850210,2026-09-26T12:37:09Z,2,651,False,,,,15505,Ralphie Albert,3004,Tom Lammonby,5,Tom Abell,Left,0,0,0,0,,LengthBall,OutsideOff,,MisTimed,FrontFoot,Worked,StockBall,Over,Orthodox,Left,Null,NotReferred,Null,False,False,False,False,False,True,,False,False,False,False,False,False,0,0,0,0,0,False,False,238.0,36.0,Mid Wicket
1654073,109,3.43,1,0,0,374,3,1,76650,,39481,County Championship 2026,2,31,Somerset Men,48,Surrey Men,8850212,2026-09-26T12:37:29Z,3,652,False,,,,15505,Ralphie Albert,3004,Tom Lammonby,5,Tom Abell,Left,0,0,0,0,,LengthBall,Wide,,Left,FrontFoot,Leave,StockBall,Over,Orthodox,Left,Null,NotReferred,Null,False,False,False,False,False,True,,False,False,False,False,False,False,0,0,0,0,0,False,False,,,Wicketkeeper
1654073,109,3.43,1,0,0,374,3,1,76650,,39481,County Championship 2026,2,31,Somerset Men,48,Surrey Men,8850218,2026-09-26T12:37:50Z,4,653,False,,,,15505,Ralphie Albert,3004,Tom Lammonby,5,Tom Abell,Left,0,0,0,0,,LengthBall,OutsideOff,,None,DownTheTrack,Drive,StockBall,Over,Orthodox,Left,Null,NotReferred,Null,False,False,False,False,False,True,,False,False,False,False,False,False,0,0,0,0,0,False,False,297.0,53.0,Mid Off
1654073,109,3.43,1,0,0,374,3,1,76650,,39481,County Championship 2026,2,31,Somerset Men,48,Surrey Men,8850224,2026-09-26T12:38:25Z,5,654,False,,,,15505,Ralphie Albert,3004,Tom Lammonby,5,Tom Abell,Left,1,0,1,1,,BackOfALength,OutsideOff,,None,BackFoot,Worked,StockBall,Over,Orthodox,Left,Null,NotReferred,Null,False,False,False,False,False,True,,False,False,False,False,False,False,1,0,0,0,0,False,False,258.0,112.0,Long On
1654073,109,3.43,1,0,0,374,3,1,76650,,39481,County Championship 2026,2,31,Somerset Men,48,Surrey Men,8850230,2026-09-26T12:38:47Z,6,655,False,,,,15505,Ralphie Albert,5,Tom Abell,3004,Tom Lammonby,Right,0,0,0,0,,BackOfALength,MiddleStump,,PlayAndMissLegSide,BackFoot,Glance,StockBall,Round,Orthodox,Left,Null,NotReferred,Null,False,False,False,False,False,True,,False,False,False,False,False,False,0,0,0,0,0,False,False,,,Wicketkeeper
1654079,110,3.45,6,0,0,380,3,6,76650,,39481,County Championship 2026,2,31,Somerset Men,48,Surrey Men,8850242,2026-09-26T12:39:35Z,1,656,False,,,,1208,Reece Topley,3004,Tom Lammonby,5,Tom Abell,Left,4,0,4,4,,BackOfALength,OutsideOff,,TopEdge,BackFoot,Leave,NoMovement,Over,Medium,Left,Null,NotReferred,Null,False,False,False,False,False,True,,False,False,False,False,False,False,4,0,0,0,0,True,True,81.0,160.0,
1654079,110,3.45,6,0,0,380,3,6,76650,,39481,County Championship 2026,2,31,Somerset Men,48,Surrey Men,8850251,2026-09-26T12:40:31Z,2,657,False,,,,1208,Reece Topley,3004,Tom Lammonby,5,Tom Abell,Left,1,0,1,1,,HalfVolley,OutsideOff,,MisTimed,FrontFoot,Drive,OffCutter,Over,Medium,Left,Null,NotReferred,Null,False,False,False,False,False,True,,False,False,False,False,False,False,1,0,0,0,0,False,False,192.0,128.0,Deep Square Leg
1654079,110,3.45,6,0,0,380,3,6,76650,,39481,County Championship 2026,2,31,Somerset Men,48,Surrey Men,8850257,2026-09-26T12:41:09Z,3,658,False,,,,1208,Reece Topley,5,Tom Abell,3004,Tom Lammonby,Right,0,0,0,0,,HalfVolley,OutsideOff,,None,FrontFoot,Drive,NoMovement,Over,Medium,Left,Null,NotReferred,Null,False,False,False,False,False,True,,False,False,False,False,False,False,0,0,0,0,0,False,False,253.0,74.0,Mid Off
1654079,110,3.45,6,0,0,380,3,6,76650,,39481,County Championship 2026,2,31,Somerset Men,48,Surrey Men,8850264,2026-09-26T12:41:40Z,4,659,False,,,,1208,Reece Topley,5,Tom Abell,3004,Tom Lammonby,Right,0,0,0,0,,BackOfALength,MiddleStump,,None,BackFoot,LateCut,NoMovement,Over,Medium,Left,Null,NotReferred,Null,False,False,False,False,False,True,,False,False,False,False,False,False,0,0,0,0,0,False,False,159.0,61.0,Backward Point
1654079,110,3.45,6,0,0,380,3,6,76650,,39481,County Championship 2026,2,31,Somerset Men,48,Surrey Men,8850272,2026-09-26T12:42:14Z,5,660,False,,,,1208,Reece Topley,5,Tom Abell,3004,Tom Lammonby,Right,0,0,0,0,,BackOfALength,MiddleStump,,None,BackFoot,Cut,NoMovement,Over,Medium,Left,Null,NotReferred,Null,False,False,False,False,False,True,,False,False,False,False,False,False,0,0,0,0,0,False,False,152.0,57.0,Backward Point
1654079,110,3.45,6,0,0,380,3,6,76650,,39481,County Championship 2026,2,31,Somerset Men,48,Surrey Men,8850280,2026-09-26T12:42:49Z,6,661,False,,,,1208,Reece Topley,5,Tom Abell,3004,Tom Lammonby,Right,1,0,1,1,,LengthBall,OffStump,,None,FrontFoot,Drive,NoMovement,Over,Medium,Left,Null,NotReferred,Null,False,False,False,False,False,True,,False,False,False,False,False,False,1,0,0,0,0,False,False,202.0,130.0,Deep Cover
1654088,111,3.44,2,0,0,382,3,2,76650,,39481,County Championship 2026,2,31,Somerset Men,48,Surrey Men,8850289,2026-09-26T12:43:41Z,1,662,False,,,,15505,Ralphie Albert,5,Tom Abell,3004,Tom Lammonby,Right,0,0,0,0,,BackOfALength,OutsideOff,,None,BackFoot,Pushed,StockBall,Round,Orthodox,Left,Null,NotReferred,Null,False,False,False,False,False,True,,False,False,False,False,False,False,0,0,0,0,0,False,False,214.0,53.0,Extra Cover
1654088,111,3.44,2,0,0,382,3,2,76650,,39481,County Championship 2026,2,31,Somerset Men,48,Surrey Men,8850292,2026-09-26T12:44:01Z,2,663,False,,,,15505,Ralphie Albert,5,Tom Abell,3004,Tom Lammonby,Right,0,0,0,0,,LengthBall,OutsideOff,,None,FrontFoot,Drive,StockBall,Round,Orthodox,Left,Null,NotReferred,Null,False,False,False,False,False,True,,False,False,False,False,False,False,0,0,0,0,0,False,False,205.0,48.0,Cover
1654088,111,3.44,2,0,0,382,3,2,76650,,39481,County Championship 2026,2,31,Somerset Men,48,Surrey Men,8850296,2026-09-26T12:44:23Z,3,664,False,,,,15505,Ralphie Albert,5,Tom Abell,3004,Tom Lammonby,Right,1,0,1,1,,LengthBall,OutsideOff,,None,FrontFoot,Drive,StockBall,Round,Orthodox,Left,Null,NotReferred,Null,False,False,False,False,False,True,,False,False,False,False,False,False,1,0,0,0,0,False,False,166.0,66.0,Backward Point
1654088,111,3.44,2,0,0,382,3,2,76650,,39481,County Championship 2026,2,31,Somerset Men,48,Surrey Men,8850306,2026-09-26T12:45:09Z,4,665,False,,,,15505,Ralphie Albert,3004,Tom Lammonby,5,Tom Abell,Left,1,0,1,1,,LengthBall,OutsideOff,,None,FrontFoot,Sweep,StockBall,Over,Orthodox,Left,Null,NotReferred,Null,False,False,False,False,False,True,,False,False,False,False,False,False,1,0,0,0,0,False,False,155.0,128.0,Deep Backward Square Leg
1654088,111,3.44,2,0,0,382,3,2,76650,,39481,County Championship 2026,2,31,Somerset Men,48,Surrey Men,8850316,2026-09-26T12:46:16Z,5,666,False,,,,15505,Ralphie Albert,5,Tom Abell,3004,Tom Lammonby,Right,0,0,0,0,,LengthBall,OutsideOff,,None,FrontFoot,Drive,StockBall,Round,Orthodox,Left,Null,NotReferred,Null,False,False,False,False,False,True,,False,False,False,False,False,False,0,0,0,0,0,False,False,203.0,52.0,Cover
1654088,111,3.44,2,0,0,382,3,2,76650,,39481,County Championship 2026,2,31,Somerset Men,48,Surrey Men,8850321,2026-09-26T12:46:39Z,6,667,False,,,,15505,Ralphie Albert,5,Tom Abell,3004,Tom Lammonby,Right,0,0,0,0,,LengthBall,OutsideOff,,None,FrontFoot,ForwardDefensive,StockBall,Round,Orthodox,Left,Null,NotReferred,Null,False,False,False,False,False,True,,False,False,False,False,False,False,0,0,0,0,0,False,False,266.0,41.0,Bowler
1654098,112,3.47,7,0,0,389,3,7,76650,,39481,County Championship 2026,2,31,Somerset Men,48,Surrey Men,8850348,2026-09-26T12:48:41Z,1,668,False,,,,785,Dan Worrall,3004,Tom Lammonby,5,Tom Abell,Left,0,0,0,0,,HalfVolley,Wide,,MisTimed,FrontFoot,Drive,NoMovement,Over,FastSeam,Right,Null,NotReferred,Null,False,False,False,False,False,True,,False,False,False,False,False,False,0,0,0,0,0,False,False,314.0,46.0,Extra Cover
1654098,112,3.47,7,0,0,389,3,7,76650,,39481,County Championship 2026,2,31,Somerset Men,48,Surrey Men,8850357,2026-09-26T12:49:10Z,2,669,False,,,,785,Dan Worrall,3004,Tom Lammonby,5,Tom Abell,Left,0,0,0,0,,LengthBall,OutsideOff,,Missed,FrontFoot,Drive,NoMovement,Over,FastSeam,Right,Null,NotReferred,Null,False,False,False,False,False,True,,False,False,False,False,False,False,0,0,0,0,0,False,False,,,Wicketkeeper
1654098,112,3.47,7,0,0,389,3,7,76650,,39481,County Championship 2026,2,31,Somerset Men,48,Surrey Men,8850364,2026-09-26T12:49:59Z,3,670,False,,,,785,Dan Worrall,3004,Tom Lammonby,5,Tom Abell,Left,1,0,1,1,,LengthBall,OutsideOff,,WellTimed,FrontFoot,Drive,NoMovement,Over,FastSeam,Right,Null,NotReferred,Null,False,False,False,False,False,True,,False,False,False,False,False,False,1,0,0,0,0,False,False,351.0,160.0,Deep Cover
1654098,112,3.47,7,0,0,389,3,7,76650,,39481,County Championship 2026,2,31,Somerset Men,48,Surrey Men,8850375,2026-09-26T12:50:56Z,4,671,False,,,,785,Dan Worrall,5,Tom Abell,3004,Tom Lammonby,Right,4,0,4,4,,HalfVolley,MiddleStump,,WellTimed,FrontFoot,Flick,NoMovement,Over,FastSeam,Right,Null,NotReferred,Null,False,False,False,False,False,True,,False,False,False,False,False,False,4,0,0,0,0,True,False,66.0,161.0,
1654098,112,3.47,7,0,0,389,3,7,76650,,39481,County Championship 2026,2,31,Somerset Men,48,Surrey Men,8850383,2026-09-26T12:51:36Z,5,672,False,,,,785,Dan Worrall,5,Tom Abell,3004,Tom Lammonby,Right,1,0,1,1,,HalfVolley,OutsideOff,,WellTimed,FrontFoot,Drive,NoMovement,Over,FastSeam,Right,Null,NotReferred,Null,False,False,False,False,False,True,,False,False,False,False,False,False,1,0,0,0,0,False,False,209.0,141.0,Deep Cover
1654098,112,3.47,7,0,0,389,3,7,76650,,39481,County Championship 2026,2,31,Somerset Men,48,Surrey Men,8850393,2026-09-26T12:52:36Z,6,673,False,,,,785,Dan Worrall,3004,Tom Lammonby,5,Tom Abell,Left,1,0,1,1,,BackOfALength,OffStump,,ThickEdge,BackFoot,Cut,NoMovement,Over,FastSeam,Right,Null,NotReferred,Null,False,False,False,False,False,True,,False,False,False,False,False,False,1,0,0,0,0,False,False,62.0,144.0,Third Man
1654108,113,3.52,9,0,0,398,3,9,76650,,39481,County Championship 2026,2,31,Somerset Men,48,Surrey Men,8850404,2026-09-26T12:53:38Z,1,674,False,,,,15505,Ralphie Albert,3004,Tom Lammonby,5,Tom Abell,Left,1,0,1,1,,BackOfALength,OutsideOff,,None,BackFoot,Worked,StockBall,Over,Orthodox,Left,Null,NotReferred,Null,False,False,False,False,False,True,,False,False,False,False,False,False,1,0,0,0,0,False,False,260.0,129.0,Long On
1654108,113,3.52,9,0,0,398,3,9,76650,,39481,County Championship 2026,2,31,Somerset Men,48,Surrey Men,8850415,2026-09-26T12:54:05Z,2,675,False,,,,15505,Ralphie Albert,5,Tom Abell,3004,Tom Lammonby,Right,2,0,2,2,,LengthBall,OutsideOff,,MisTimed,DownTheTrack,Slog,StockBall,Round,Orthodox,Left,Null,NotReferred,Null,False,False,False,False,False,True,,False,False,False,False,False,False,2,0,0,0,0,False,True,292.0,137.0,Long On
1654108,113,3.52,9,0,0,398,3,9,76650,,39481,County Championship 2026,2,31,Somerset Men,48,Surrey Men,8850418,2026-09-26T12:54:47Z,3,676,False,,,,15505,Ralphie Albert,5,Tom Abell,3004,Tom Lammonby,Right,0,0,0,0,,LengthBall,MiddleStump,,None,FrontFoot,ForwardDefensive,StockBall,Round,Orthodox,Left,Null,NotReferred,Null,False,False,False,False,False,True,,False,False,False,False,False,False,0,0,0,0,0,False,False,271.0,41.0,Bowler
1654108,113,3.52,9,0,0,398,3,9,76650,,39481,County Championship 2026,2,31,Somerset Men,48,Surrey Men,8850423,2026-09-26T12:55:07Z,4,677,False,,,,15505,Ralphie Albert,5,Tom Abell,3004,Tom Lammonby,Right,0,0,0,0,,LengthBall,OffStump,,None,FrontFoot,ForwardDefensive,StockBall,Round,Orthodox,Left,Null,NotReferred,Null,False,False,False,False,False,True,,False,False,False,False,False,False,0,0,0,0,0,False,False,310.0,40.0,Mid Wicket
1654108,113,3.52,9,0,0,398,3,9,76650,,39481,County Championship 2026,2,31,Somerset Men,48,Surrey Men,8850427,2026-09-26T12:55:30Z,5,678,False,,,,15505,Ralphie Albert,5,Tom Abell,3004,Tom Lammonby,Right,6,0,6,6,,LengthBall,OutsideOff,,Middled,DownTheTrack,Slog,StockBall,Round,Orthodox,Left,Null,NotReferred,Null,False,False,False,False,True,True,,False,False,False,False,False,False,6,0,0,0,0,True,False,298.0,179.0,
1654108,113,3.52,9,0,0,398,3,9,76650,,39481,County Championship 2026,2,31,Somerset Men,48,Surrey Men,8850433,2026-09-26T12:56:06Z,6,679,False,,,,15505,Ralphie Albert,5,Tom Abell,3004,Tom Lammonby,Right,0,0,0,0,,LengthBall,OutsideOff,,None,FrontFoot,ForwardDefensive,StockBall,Round,Orthodox,Left,Null,NotReferred,Null,False,False,False,False,False,True,,False,False,False,False,False,False,0,0,0,0,0,False,False,242.0,28.0,Mid Off
1654116,114,3.52,3,0,0,401,3,3,76650,,39481,County Championship 2026,2,31,Somerset Men,48,Surrey Men,8850450,2026-09-26T12:57:27Z,1,680,False,,,,785,Dan Worrall,3004,Tom Lammonby,5,Tom Abell,Left,0,0,0,0,,BackOfALength,OutsideOff,,Missed,BackFoot,Cut,NoMovement,Over,FastSeam,Right,Null,NotReferred,Null,False,False,False,False,False,True,,False,False,False,False,False,False,0,0,0,0,0,False,False,,,Wicketkeeper
1654116,114,3.52,3,0,0,401,3,3,76650,,39481,County Championship 2026,2,31,Somerset Men,48,Surrey Men,8850456,2026-09-26T12:57:57Z,2,681,False,,,,785,Dan Worrall,3004,Tom Lammonby,5,Tom Abell,Left,0,1,1,0,,HalfVolley,DownLeg,Lbw,HitPad,FrontFoot,Flick,NoMovement,Over,FastSeam,Right,Null,NotReferred,Null,False,False,False,True,False,True,1825.0,False,False,False,False,False,False,1,0,0,1,0,False,False,129.0,94.0,Short Fine Leg
1654116,114,3.52,3,0,0,401,3,3,76650,,39481,County Championship 2026,2,31,Somerset Men,48,Surrey Men,8850464,2026-09-26T12:58:51Z,3,682,False,,,,785,Dan Worrall,5,Tom Abell,3004,Tom Lammonby,Right,0,0,0,0,,LengthBall,OutsideOff,,None,BackFoot,BackwardDefensive,NoMovement,Over,FastSeam,Right,Null,NotReferred,Null,False,False,False,False,False,True,,False,False,False,False,False,False,0,0,0,0,0,False,False,281.0,52.0,Mid On
1654116,114,3.52,3,0,0,401,3,3,76650,,39481,County Championship 2026,2,31,Somerset Men,48,Surrey Men,8850470,2026-09-26T12:59:34Z,4,683,False,,,,785,Dan Worrall,5,Tom Abell,3004,Tom Lammonby,Right,0,0,0,0,,LengthBall,OutsideOff,,None,FrontFoot,ForwardDefensive,NoMovement,Over,FastSeam,Right,Null,NotReferred,Null,False,False,False,False,False,True,,False,False,False,False,False,False,0,0,0,0,0,False,False,138.0,49.0,Gully
1654116,114,3.52,3,0,0,401,3,3,76650,,39481,County Championship 2026,2,31,Somerset Men,48,Surrey Men,8850478,2026-09-26T13:00:03Z,5,684,False,,,,785,Dan Worrall,5,Tom Abell,3004,Tom Lammonby,Right,1,0,1,1,,BackOfALength,OutsideOff,,MisTimed,BackFoot,Cut,NoMovement,Over,FastSeam,Right,Null,NotReferred,Null,False,False,False,False,False,True,,False,False,False,False,False,False,1,0,0,0,0,False,False,190.0,32.0,Cover
1654116,114,3.52,3,0,0,401,3,3,76650,,39481,County Championship 2026,2,31,Somerset Men,48,Surrey Men,8850488,2026-09-26T13:00:56Z,6,685,False,,,,785,Dan Worrall,3004,Tom Lammonby,5,Tom Abell,Left,1,0,1,1,,LengthBall,OutsideOff,,WellTimed,FrontFoot,Drive,NoMovement,Over,FastSeam,Right,Null,NotReferred,Null,False,False,False,False,False,True,,False,False,False,False,False,False,1,0,0,0,0,False,False,355.0,145.0,Deep Cover
1654124,115,3.59,12,0,0,413,3,12,76650,,39481,County Championship 2026,2,31,Somerset Men,48,Surrey Men,8850502,2026-09-26T13:01:57Z,1,686,False,,,,15505,Ralphie Albert,3004,Tom Lammonby,5,Tom Abell,Left,2,0,2,2,,BackOfALength,Wide,,None,BackFoot,LateCut,StockBall,Over,Orthodox,Left,Null,NotReferred,Null,False,False,False,False,False,True,,False,False,False,False,False,False,2,0,0,0,0,False,False,64.0,115.0,Third Man
1654124,115,3.59,12,0,0,413,3,12,76650,,39481,County Championship 2026,2,31,Somerset Men,48,Surrey Men,8850509,2026-09-26T13:02:31Z,2,687,False,,,,15505,Ralphie Albert,3004,Tom Lammonby,5,Tom Abell,Left,1,0,1,1,,BackOfALength,OutsideOff,,WellTimed,DownTheTrack,Worked,StockBall,Over,Orthodox,Left,Null,NotReferred,Null,False,False,False,False,False,True,,False,False,False,False,False,False,1,0,0,0,0,False,False,207.0,135.0,Deep Square Leg
1654124,115,3.59,12,0,0,413,3,12,76650,,39481,County Championship 2026,2,31,Somerset Men,48,Surrey Men,8850515,2026-09-26T13:03:03Z,3,688,False,,,,15505,Ralphie Albert,5,Tom Abell,3004,Tom Lammonby,Right,1,0,1,1,,BackOfALength,OutsideOff,,None,BackFoot,Cut,StockBall,Round,Orthodox,Left,Null,NotReferred,Null,False,False,False,False,False,True,,False,False,False,False,False,False,1,0,0,0,0,False,False,173.0,148.0,Deep Backward Point
1654124,115,3.59,12,0,0,413,3,12,76650,,39481,County Championship 2026,2,31,Somerset Men,48,Surrey Men,8850521,2026-09-26T13:03:29Z,4,689,False,,,,15505,Ralphie Albert,3004,Tom Lammonby,5,Tom Abell,Left,4,0,4,4,,BackOfALength,OutsideOff,,WellTimed,BackFoot,Cut,StockBall,Round,Orthodox,Left,Null,NotReferred,Null,False,False,False,False,False,True,,False,False,False,False,False,False,4,0,0,0,0,True,False,39.0,164.0,
1654124,115,3.59,12,0,0,413,3,12,76650,,39481,County Championship 2026,2,31,Somerset Men,48,Surrey Men,8850528,2026-09-26T13:04:06Z,5,690,False,,,,15505,Ralphie Albert,3004,Tom Lammonby,5,Tom Abell,Left,0,0,0,0,,LengthBall,OutsideOff,,None,FrontFoot,Drive,StockBall,Round,Orthodox,Left,Null,NotReferred,Null,False,False,False,False,False,True,,False,False,False,False,False,False,0,0,0,0,0,False,False,278.0,41.0,Bowler
1654124,115,3.59,12,0,0,413,3,12,76650,,39481,County Championship 2026,2,31,Somerset Men,48,Surrey Men,8850536,2026-09-26T13:04:27Z,6,691,False,,,,15505,Ralphie Albert,3004,Tom Lammonby,5,Tom Abell,Left,4,0,4,4,,HalfVolley,OutsideOff,,WellTimed,FrontFoot,Drive,StockBall,Round,Orthodox,Left,Null,NotReferred,Null,False,False,False,False,False,True,,False,False,False,False,False,False,4,0,0,0,0,True,False,279.0,180.0,
1654133,116,3.59,3,0,0,416,3,3,76650,,39481,County Championship 2026,2,31,Somerset Men,48,Surrey Men,8850553,2026-09-26T13:05:28Z,1,692,False,,,,785,Dan Worrall,5,Tom Abell,3004,Tom Lammonby,Right,1,0,1,1,,HalfVolley,OutsideOff,,None,FrontFoot,Drive,NoMovement,Over,FastSeam,Right,Null,NotReferred,Null,False,False,False,False,False,True,,False,False,False,False,False,False,1,0,0,0,0,False,False,257.0,76.0,Mid Off
1654133,116,3.59,3,0,0,416,3,3,76650,,39481,County Championship 2026,2,31,Somerset Men,48,Surrey Men,8850560,2026-09-26T13:06:10Z,2,693,False,,,,785,Dan Worrall,3004,Tom Lammonby,5,Tom Abell,Left,0,0,0,0,,HalfVolley,OutsideOff,,None,FrontFoot,Drive,NoMovement,Over,FastSeam,Right,Null,NotReferred,Null,False,False,False,False,False,True,,False,False,False,False,False,False,0,0,0,0,0,False,False,292.0,65.0,Mid Off
1654133,116,3.59,3,0,0,416,3,3,76650,,39481,County Championship 2026,2,31,Somerset Men,48,Surrey Men,8850570,2026-09-26T13:07:02Z,3,694,False,,,,785,Dan Worrall,3004,Tom Lammonby,5,Tom Abell,Left,1,0,1,1,,LengthBall,OutsideOff,,WellTimed,BackFoot,Cut,NoMovement,Over,FastSeam,Right,Null,NotReferred,Null,False,False,False,False,False,True,,False,False,False,False,False,False,1,0,0,0,0,False,False,354.0,151.0,Deep Cover
1654133,116,3.59,3,0,0,416,3,3,76650,,39481,County Championship 2026,2,31,Somerset Men,48,Surrey Men,8850587,2026-09-26T13:08:10Z,4,695,False,,,,785,Dan Worrall,5,Tom Abell,3004,Tom Lammonby,Right,0,0,0,0,,LengthBall,OutsideOff,,None,FrontFoot,ForwardDefensive,NoMovement,Over,FastSeam,Right,Null,NotReferred,Null,False,False,False,False,False,True,,False,False,False,False,False,False,0,0,0,0,0,False,False,214.0,40.0,Extra Cover
1654133,116,3.59,3,0,0,416,3,3,76650,,39481,County Championship 2026,2,31,Somerset Men,48,Surrey Men,8850596,2026-09-26T13:08:44Z,5,696,False,,,,785,Dan Worrall,5,Tom Abell,3004,Tom Lammonby,Right,1,0,1,1,,LengthBall,OutsideOff,,None,FrontFoot,Drive,NoMovement,Over,FastSeam,Right,Null,NotReferred,Null,False,False,False,False,False,True,,False,False,False,False,False,False,1,0,0,0,0,False,False,197.0,122.0,Deep Cover
1654133,116,3.59,3,0,0,416,3,3,76650,,39481,County Championship 2026,2,31,Somerset Men,48,Surrey Men,8850605,2026-09-26T13:09:21Z,6,697,False,,,,785,Dan Worrall,3004,Tom Lammonby,5,Tom Abell,Left,0,0,0,0,,LengthBall,OutsideOff,,None,FrontFoot,ForwardDefensive,NoMovement,Over,FastSeam,Right,Null,NotReferred,Null,False,False,False,False,False,True,,False,False,False,False,False,False,0,0,0,0,0,False,False,38.0,23.0,Gully
1654149,117,3.57,2,0,0,418,3,2,76650,,39481,County Championship 2026,2,31,Somerset Men,48,Surrey Men,8850649,2026-09-26T13:13:30Z,1,698,False,,,,2709,Mahipal Lomror,5,Tom Abell,3004,Tom Lammonby,Right,0,0,0,0,,LengthBall,OutsideOff,,None,FrontFoot,ForwardDefensive,StockBall,Round,Orthodox,Left,Null,NotReferred,Null,False,False,False,False,False,True,,False,False,False,False,False,False,0,0,0,0,0,False,False,266.0,42.0,Bowler
1654149,117,3.57,2,0,0,418,3,2,76650,,39481,County Championship 2026,2,31,Somerset Men,48,Surrey Men,8850653,2026-09-26T13:13:48Z,2,699,False,,,,2709,Mahipal Lomror,5,Tom Abell,3004,Tom Lammonby,Right,0,0,0,0,,LengthBall,MiddleStump,,None,FrontFoot,ForwardDefensive,StockBall,Round,Orthodox,Left,Null,NotReferred,Null,False,False,False,False,False,True,,False,False,False,False,False,False,0,0,0,0,0,False,False,295.0,33.0,Mid On
1654149,117,3.57,2,0,0,418,3,2,76650,,39481,County Championship 2026,2,31,Somerset Men,48,Surrey Men,8850657,2026-09-26T13:14:02Z,3,700,False,,,,2709,Mahipal Lomror,5,Tom Abell,3004,Tom Lammonby,Right,1,0,1,1,,BackOfALength,OutsideOff,,None,DownTheTrack,Drive,StockBall,Round,Orthodox,Left,Null,NotReferred,Null,False,False,False,False,False,True,,False,False,False,False,False,False,1,0,0,0,0,False,False,242.0,119.0,Long Off
1654149,117,3.57,2,0,0,418,3,2,76650,,39481,County Championship 2026,2,31,Somerset Men,48,Surrey Men,8850665,2026-09-26T13:14:33Z,4,701,False,,,,2709,Mahipal Lomror,3004,Tom Lammonby,5,Tom Abell,Left,0,0,0,0,,LengthBall,OutsideOff,,None,FrontFoot,ReverseSweep,StockBall,Over,Orthodox,Left,Null,NotReferred,Null,False,False,False,False,False,True,,False,False,False,False,False,False,0,0,0,0,0,False,False,37.0,53.0,Gully
1654149,117,3.57,2,0,0,418,3,2,76650,,39481,County Championship 2026,2,31,Somerset Men,48,Surrey Men,8850670,2026-09-26T13:14:52Z,5,702,False,,,,2709,Mahipal Lomror,3004,Tom Lammonby,5,Tom Abell,Left,1,0,1,1,,LengthBall,Wide,,WellTimed,BackFoot,Drive,StockBall,Over,Orthodox,Left,Null,NotReferred,Null,False,False,False,False,False,True,,False,False,False,False,False,False,1,0,0,0,0,False,False,285.0,135.0,Long Off
1654149,117,3.57,2,0,0,418,3,2,76650,,39481,County Championship 2026,2,31,Somerset Men,48,Surrey Men,8850673,2026-09-26T13:15:16Z,6,703,False,,,,2709,Mahipal Lomror,5,Tom Abell,3004,Tom Lammonby,Right,0,0,0,0,,LengthBall,OutsideOff,,MisTimed,FrontFoot,Drive,StockBall,Round,Orthodox,Left,Null,NotReferred,Null,False,False,False,False,False,True,,False,False,False,False,False,False,0,0,0,0,0,False,False,257.0,34.0,Bowler
1654154,118,3.65,13,1,0,431,4,13,76650,,39481,County Championship 2026,2,31,Somerset Men,48,Surrey Men,8850686,2026-09-26T13:16:13Z,1,704,False,,,,785,Dan Worrall,3004,Tom Lammonby,5,Tom Abell,Left,4,0,4,4,,LengthBall,OffStump,,WellTimed,FrontFoot,Drive,NoMovement,Over,FastSeam,Right,Null,NotReferred,Null,False,False,False,False,True,True,,False,False,False,False,False,False,4,0,0,0,0,True,False,301.0,179.0,
1654154,118,3.65,13,1,0,431,4,13,76650,,39481,County Championship 2026,2,31,Somerset Men,48,Surrey Men,8850696,2026-09-26T13:17:05Z,2,705,False,,,,785,Dan Worrall,3004,Tom Lammonby,5,Tom Abell,Left,4,0,4,4,,HalfVolley,OutsideOff,,WellTimed,FrontFoot,Slog,NoMovement,Over,FastSeam,Right,Null,NotReferred,Null,False,False,False,False,True,True,,False,False,False,False,False,False,4,0,0,0,0,True,False,259.0,180.0,
1654154,118,3.65,13,1,0,431,4,13,76650,,39481,County Championship 2026,2,31,Somerset Men,48,Surrey Men,8850703,2026-09-26T13:17:43Z,3,706,False,,,,785,Dan Worrall,3004,Tom Lammonby,5,Tom Abell,Left,4,0,4,4,,BackOfALength,OffStump,,WellTimed,BackFoot,Cut,NoMovement,Over,FastSeam,Right,Null,NotReferred,Null,False,False,False,False,False,True,,False,False,False,False,False,False,4,0,0,0,0,True,True,331.0,175.0,
1654154,118,3.65,13,1,0,431,4,13,76650,,39481,County Championship 2026,2,31,Somerset Men,48,Surrey Men,8850712,2026-09-26T13:18:16Z,4,707,False,,,,785,Dan Worrall,3004,Tom Lammonby,5,Tom Abell,Left,1,1,1,0,,HalfVolley,Wide,,Left,NoMovement,Leave,OffCutter,Over,FastSeam,Right,Null,NotReferred,Null,True,False,False,False,False,True,,False,False,False,False,False,False,1,0,1,0,0,False,False,,,Wicketkeeper
1654154,118,3.65,13,1,0,431,4,13,76650,,39481,County Championship 2026,2,31,Somerset Men,48,Surrey Men,8850719,2026-09-26T13:18:46Z,4,708,True,Lbw,3004.0,Tom Lammonby,785,Dan Worrall,3004,Tom Lammonby,5,Tom Abell,Left,0,0,0,0,LBW,Yorker,LegStump,Lbw,HitPad,FrontFoot,Flick,NoMovement,Over,FastSeam,Right,Null,NotReferred,Null,False,False,False,False,False,True,1825.0,False,False,False,False,False,False,0,0,0,0,0,False,False,,,
1654154,118,3.65,13,1,0,431,4,13,76650,,39481,County Championship 2026,2,31,Somerset Men,48,Surrey Men,8850749,2026-09-26T13:21:29Z,5,709,False,,,,785,Dan Worrall,7800,James Rew,5,Tom Abell,Left,0,0,0,0,,BackOfALength,DownLeg,,None,BackFoot,BackwardDefensive,NoMovement,Over,FastSeam,Right,Null,NotReferred,Null,False,False,False,False,False,True,,False,False,False,False,False,False,0,0,0,0,0,False,False,261.0,39.0,Bowler
1654154,118,3.65,13,1,0,431,4,13,76650,,39481,County Championship 2026,2,31,Somerset Men,48,Surrey Men,8850759,2026-09-26T13:21:59Z,6,710,False,,,,785,Dan Worrall,7800,James Rew,5,Tom Abell,Left,0,0,0,0,,LengthBall,DownLeg,Lbw,HitPad,FrontFoot,ForwardDefensive,NoMovement,Over,FastSeam,Right,Null,NotReferred,Null,False,False,False,False,False,True,1825.0,False,False,False,False,False,False,0,0,0,0,0,False,False,203.0,23.0,Square Leg
1654170,119,3.65,3,0,0,434,4,3,76650,,39481,County Championship 2026,2,31,Somerset Men,48,Surrey Men,8850779,2026-09-26T13:23:50Z,1,711,False,,,,2709,Mahipal Lomror,5,Tom Abell,7800,James Rew,Right,2,0,2,2,,LengthBall,MiddleStump,,WellTimed,BackFoot,Glance,StockBall,Round,Orthodox,Left,Null,NotReferred,Null,False,False,False,False,False,True,,False,False,False,False,False,False,2,0,0,0,0,False,False,64.0,149.0,Fine Leg
1654170,119,3.65,3,0,0,434,4,3,76650,,39481,County Championship 2026,2,31,Somerset Men,48,Surrey Men,8850785,2026-09-26T13:24:16Z,2,712,False,,,,2709,Mahipal Lomror,5,Tom Abell,7800,James Rew,Right,1,0,1,1,,BackOfALength,OutsideOff,,WellTimed,BackFoot,Drive,StockBall,Round,Orthodox,Left,Null,NotReferred,Null,False,False,False,False,False,True,,False,False,False,False,False,False,1,0,0,0,0,False,False,260.0,142.0,Long Off
1654170,119,3.65,3,0,0,434,4,3,76650,,39481,County Championship 2026,2,31,Somerset Men,48,Surrey Men,8850795,2026-09-26T13:25:07Z,3,713,False,,,,2709,Mahipal Lomror,7800,James Rew,5,Tom Abell,Left,0,0,0,0,,Yorker,OutsideOff,,MisTimed,FrontFoot,Drive,StockBall,Over,Orthodox,Left,Null,NotReferred,Null,False,False,False,False,False,True,,False,False,False,False,False,False,0,0,0,0,0,False,False,16.0,6.0,Wicketkeeper
1654170,119,3.65,3,0,0,434,4,3,76650,,39481,County Championship 2026,2,31,Somerset Men,48,Surrey Men,8850798,2026-09-26T13:25:22Z,4,714,False,,,,2709,Mahipal Lomror,7800,James Rew,5,Tom Abell,Left,0,0,0,0,,BackOfALength,OutsideOff,,None,BackFoot,Worked,StockBall,Over,Orthodox,Left,Null,NotReferred,Null,False,False,False,False,False,True,,False,False,False,False,False,False,0,0,0,0,0,False,False,199.0,41.0,Square Leg
1654170,119,3.65,3,0,0,434,4,3,76650,,39481,County Championship 2026,2,31,Somerset Men,48,Surrey Men,8850803,2026-09-26T13:25:38Z,5,715,False,,,,2709,Mahipal Lomror,7800,James Rew,5,Tom Abell,Left,0,0,0,0,,BackOfALength,OutsideOff,,ThickEdge,BackFoot,Worked,StockBall,Over,Orthodox,Left,Null,NotReferred,Null,False,False,False,False,False,True,,False,False,False,False,False,False,0,0,0,0,0,False,False,9.0,44.0,Backward Point
1654170,119,3.65,3,0,0,434,4,3,76650,,39481,County Championship 2026,2,31,Somerset Men,48,Surrey Men,8850806,2026-09-26T13:25:57Z,6,716,False,,,,2709,Mahipal Lomror,7800,James Rew,5,Tom Abell,Left,0,0,0,0,,LengthBall,OutsideOff,,None,FrontFoot,ForwardDefensive,StockBall,Over,Orthodox,Left,Null,NotReferred,Null,False,False,False,False,False,True,,False,False,False,False,False,False,0,0,0,0,0,False,False,225.0,22.0,Mid Wicket
1654178,120,3.67,6,0,0,440,4,6,76650,,39481,County Championship 2026,2,31,Somerset Men,48,Surrey Men,8850817,2026-09-26T13:26:53Z,1,717,False,,,,785,Dan Worrall,5,Tom Abell,7800,James Rew,Right,0,0,0,0,,LengthBall,OutsideOff,,None,FrontFoot,ForwardDefensive,NoMovement,Over,FastSeam,Right,Null,NotReferred,Null,False,False,False,False,False,True,,False,False,False,False,False,False,0,0,0,0,0,False,False,160.0,48.0,Backward Point
1654178,120,3.67,6,0,0,440,4,6,76650,,39481,County Championship 2026,2,31,Somerset Men,48,Surrey Men,8850825,2026-09-26T13:27:18Z,2,718,False,,,,785,Dan Worrall,5,Tom Abell,7800,James Rew,Right,1,0,1,1,,LengthBall,OutsideOff,,WellTimed,FrontFoot,Drive,NoMovement,Over,FastSeam,Right,Null,NotReferred,Null,False,False,False,False,False,True,,False,False,False,False,False,False,1,0,0,0,0,False,False,192.0,141.0,Deep Cover
1654178,120,3.67,6,0,0,440,4,6,76650,,39481,County Championship 2026,2,31,Somerset Men,48,Surrey Men,8850834,2026-09-26T13:28:11Z,3,719,False,,,,785,Dan Worrall,7800,James Rew,5,Tom Abell,Left,0,0,0,0,,LengthBall,OutsideOff,,Left,NoMovement,Leave,NoMovement,Over,FastSeam,Right,Null,NotReferred,Null,False,False,False,False,False,True,,False,False,False,False,False,False,0,0,0,0,0,False,False,,,Wicketkeeper
1654178,120,3.67,6,0,0,440,4,6,76650,,39481,County Championship 2026,2,31,Somerset Men,48,Surrey Men,8850840,2026-09-26T13:28:47Z,4,720,False,,,,785,Dan Worrall,7800,James Rew,5,Tom Abell,Left,0,0,0,0,,HalfVolley,Wide,,Left,NoMovement,Leave,NoMovement,Over,FastSeam,Right,Null,NotReferred,Null,False,False,False,False,False,True,,False,False,False,False,False,False,0,0,0,0,0,False,False,,,Wicketkeeper
1654178,120,3.67,6,0,0,440,4,6,76650,,39481,County Championship 2026,2,31,Somerset Men,48,Surrey Men,8850845,2026-09-26T13:29:21Z,5,721,False,,,,785,Dan Worrall,7800,James Rew,5,Tom Abell,Left,1,0,1,1,,LengthBall,OffStump,,ThickEdge,FrontFoot,ForwardDefensive,NoMovement,Over,FastSeam,Right,Null,NotReferred,Null,False,False,False,False,False,True,,False,False,False,False,False,False,1,0,0,0,0,False,False,51.0,133.0,Third Man
1654178,120,3.67,6,0,0,440,4,6,76650,,39481,County Championship 2026,2,31,Somerset Men,48,Surrey Men,8850853,2026-09-26T13:30:05Z,6,722,False,,,,785,Dan Worrall,5,Tom Abell,7800,James Rew,Right,4,0,4,4,,LengthBall,OutsideOff,,WellTimed,FrontFoot,Drive,NoMovement,Over,FastSeam,Right,Null,NotReferred,Null,False,False,False,False,False,True,,False,False,False,False,False,False,4,0,0,0,0,True,False,274.0,180.0,
1654187,121,3.64,0,1,0,440,5,0,76650,,39481,County Championship 2026,2,31,Somerset Men,48,Surrey Men,8850875,2026-09-26T13:31:24Z,1,723,True,Caught,7800.0,James Rew,2709,Mahipal Lomror,7800,James Rew,5,Tom Abell,Left,0,0,0,0,Caught,LengthBall,OutsideOff,Caught,TopEdge,FrontFoot,ReverseSweep,StockBall,Over,Orthodox,Left,Null,NotReferred,Null,False,False,False,False,False,True,1842.0,False,False,False,False,False,False,0,0,0,0,0,False,True,67.0,8.0,First Slip
1654187,121,3.64,0,1,0,440,5,0,76650,,39481,County Championship 2026,2,31,Somerset Men,48,Surrey Men,8850894,2026-09-26T13:33:48Z,2,724,False,,,,2709,Mahipal Lomror,15273,Archie Vaughan,5,Tom Abell,Right,0,0,0,0,,LengthBall,OutsideOff,,None,FrontFoot,ForwardDefensive,StockBall,Round,Orthodox,Left,Null,NotReferred,Null,False,False,False,False,False,True,,False,False,False,False,False,False,0,0,0,0,0,False,False,224.0,32.0,Extra Cover
1654187,121,3.64,0,1,0,440,5,0,76650,,39481,County Championship 2026,2,31,Somerset Men,48,Surrey Men,8850901,2026-09-26T13:34:07Z,3,725,False,,,,2709,Mahipal Lomror,15273,Archie Vaughan,5,Tom Abell,Right,0,0,0,0,,BackOfALength,OffStump,,None,BackFoot,BackwardDefensive,StockBall,Round,Orthodox,Left,Null,NotReferred,Null,False,False,False,False,False,True,,False,False,False,False,False,False,0,0,0,0,0,False,False,229.0,50.0,Extra Cover
1654187,121,3.64,0,1,0,440,5,0,76650,,39481,County Championship 2026,2,31,Somerset Men,48,Surrey Men,8850904,2026-09-26T13:34:21Z,4,726,False,,,,2709,Mahipal Lomror,15273,Archie Vaughan,5,Tom Abell,Right,0,0,0,0,,LengthBall,OutsideOff,,Missed,FrontFoot,ForwardDefensive,StockBall,Round,Orthodox,Left,Null,NotReferred,Null,False,False,False,False,False,True,,False,False,False,False,False,False,0,0,0,0,0,False,False,,,Wicketkeeper
1654187,121,3.64,0,1,0,440,5,0,76650,,39481,County Championship 2026,2,31,Somerset Men,48,Surrey Men,8850908,2026-09-26T13:34:38Z,5,727,False,,,,2709,Mahipal Lomror,15273,Archie Vaughan,5,Tom Abell,Right,0,0,0,0,,HalfVolley,OutsideOff,,None,FrontFoot,ForwardDefensive,StockBall,Round,Orthodox,Left,Null,NotReferred,Null,False,False,False,False,False,True,,False,False,False,False,False,False,0,0,0,0,0,False,False,166.0,55.0,Backward Point
1654187,121,3.64,0,1,0,440,5,0,76650,,39481,County Championship 2026,2,31,Somerset Men,48,Surrey Men,8850913,2026-09-26T13:34:55Z,6,728,False,,,,2709,Mahipal Lomror,15273,Archie Vaughan,5,Tom Abell,Right,0,0,0,0,,LengthBall,OutsideOff,,ThickEdge,FrontFoot,ForwardDefensive,StockBall,Round,Orthodox,Left,Null,NotReferred,Null,False,False,False,False,False,True,,False,False,False,False,False,False,0,0,0,0,0,False,False,161.0,49.0,Backward Point
1654194,122,3.61,1,0,0,441,5,1,76650,,39481,County Championship 2026,2,31,Somerset Men,48,Surrey Men,8850928,2026-09-26T13:36:00Z,1,729,False,,,,13942,Adam Thomas,5,Tom Abell,15273,Archie Vaughan,Right,0,0,0,0,,LengthBall,OutsideOff,,None,FrontFoot,ForwardDefensive,NoMovement,Over,Medium,Right,Null,NotReferred,Null,False,False,False,False,False,True,,False,False,False,False,False,False,0,0,0,0,0,False,False,316.0,34.0,Mid Wicket
1654194,122,3.61,1,0,0,441,5,1,76650,,39481,County Championship 2026,2,31,Somerset Men,48,Surrey Men,8850932,2026-09-26T13:36:31Z,2,730,False,,,,13942,Adam Thomas,5,Tom Abell,15273,Archie Vaughan,Right,0,0,0,0,,LengthBall,OutsideOff,,None,FrontFoot,ForwardDefensive,NoMovement,Over,Medium,Right,Null,NotReferred,Null,False,False,False,False,False,True,,False,False,False,False,False,False,0,0,0,0,0,False,False,217.0,45.0,Extra Cover
1654194,122,3.61,1,0,0,441,5,1,76650,,39481,County Championship 2026,2,31,Somerset Men,48,Surrey Men,8850936,2026-09-26T13:36:55Z,3,731,False,,,,13942,Adam Thomas,5,Tom Abell,15273,Archie Vaughan,Right,1,0,1,1,,Yorker,OutsideOff,,None,BackFoot,BackwardDefensive,NoMovement,Over,Medium,Right,Null,NotReferred,Null,False,False,False,False,False,True,,False,False,False,False,False,False,1,0,0,0,0,False,False,194.0,70.0,Cover
1654194,122,3.61,1,0,0,441,5,1,76650,,39481,County Championship 2026,2,31,Somerset Men,48,Surrey Men,8850943,2026-09-26T13:37:49Z,4,732,False,,,,13942,Adam Thomas,15273,Archie Vaughan,5,Tom Abell,Right,0,0,0,0,,LengthBall,OutsideOff,,None,FrontFoot,ForwardDefensive,NoMovement,Over,Medium,Right,Null,NotReferred,Null,False,False,False,False,False,True,,False,False,False,False,False,False,0,0,0,0,0,False,False,210.0,37.0,Extra Cover
1654194,122,3.61,1,0,0,441,5,1,76650,,39481,County Championship 2026,2,31,Somerset Men,48,Surrey Men,8850949,2026-09-26T13:38:17Z,5,733,False,,,,13942,Adam Thomas,15273,Archie Vaughan,5,Tom Abell,Right,0,0,0,0,,LengthBall,OutsideOff,,None,FrontFoot,ForwardDefensive,NoMovement,Over,Medium,Right,Null,NotReferred,Null,False,False,False,False,False,True,,False,False,False,False,False,False,0,0,0,0,0,False,False,163.0,48.0,Backward Point
1654194,122,3.61,1,0,0,441,5,1,76650,,39481,County Championship 2026,2,31,Somerset Men,48,Surrey Men,8850956,2026-09-26T13:38:41Z,6,734,False,,,,13942,Adam Thomas,15273,Archie Vaughan,5,Tom Abell,Right,0,0,0,0,,Yorker,OutsideOff,,MisTimed,FrontFoot,Drive,NoMovement,Over,Medium,Right,Null,NotReferred,Null,False,False,False,False,False,True,,False,False,False,False,False,False,0,0,0,0,0,False,False,223.0,37.0,Extra Cover
1654203,123,3.59,1,0,0,442,5,1,76650,,39481,County Championship 2026,2,31,Somerset Men,48,Surrey Men,8850968,2026-09-26T13:39:47Z,1,735,False,,,,2709,Mahipal Lomror,5,Tom Abell,15273,Archie Vaughan,Right,1,0,1,1,,FullToss,OffStump,,None,FrontFoot,Drive,StockBall,Round,Orthodox,Left,Null,NotReferred,Null,False,False,False,False,False,True,,False,False,False,False,False,False,1,0,0,0,0,False,False,252.0,142.0,Long Off
1654203,123,3.59,1,0,0,442,5,1,76650,,39481,County Championship 2026,2,31,Somerset Men,48,Surrey Men,8850975,2026-09-26T13:40:11Z,2,736,False,,,,2709,Mahipal Lomror,15273,Archie Vaughan,5,Tom Abell,Right,0,0,0,0,,LengthBall,OutsideOff,,None,FrontFoot,ForwardDefensive,StockBall,Round,Orthodox,Left,Null,NotReferred,Null,False,False,False,False,False,True,,False,False,False,False,False,False,0,0,0,0,0,False,False,273.0,37.0,Bowler
1654203,123,3.59,1,0,0,442,5,1,76650,,39481,County Championship 2026,2,31,Somerset Men,48,Surrey Men,8850980,2026-09-26T13:40:32Z,3,737,False,,,,2709,Mahipal Lomror,15273,Archie Vaughan,5,Tom Abell,Right,0,0,0,0,,BackOfALength,OutsideOff,,None,BackFoot,LateCut,StockBall,Round,Orthodox,Left,Null,NotReferred,Null,False,False,False,False,False,True,,False,False,False,False,False,False,0,0,0,0,0,False,False,160.0,10.0,Backward Point
1654203,123,3.59,1,0,0,442,5,1,76650,,39481,County Championship 2026,2,31,Somerset Men,48,Surrey Men,8850983,2026-09-26T13:40:54Z,4,738,False,,,,2709,Mahipal Lomror,15273,Archie Vaughan,5,Tom Abell,Right,0,0,0,0,,BackOfALength,OutsideOff,,None,BackFoot,Cut,StockBall,Round,Orthodox,Left,Null,NotReferred,Null,False,False,False,False,False,True,,False,False,False,False,False,False,0,0,0,0,0,False,False,158.0,51.0,Backward Point
1654203,123,3.59,1,0,0,442,5,1,76650,,39481,County Championship 2026,2,31,Somerset Men,48,Surrey Men,8850988,2026-09-26T13:41:12Z,5,739,False,,,,2709,Mahipal Lomror,15273,Archie Vaughan,5,Tom Abell,Right,0,0,0,0,,LengthBall,OutsideOff,,None,FrontFoot,ForwardDefensive,StockBall,Round,Orthodox,Left,Null,NotReferred,Null,False,False,False,False,False,True,,False,False,False,False,False,False,0,0,0,0,0,False,False,225.0,22.0,Extra Cover
1654203,123,3.59,1,0,0,442,5,1,76650,,39481,County Championship 2026,2,31,Somerset Men,48,Surrey Men,8850990,2026-09-26T13:41:27Z,6,740,False,,,,2709,Mahipal Lomror,15273,Archie Vaughan,5,Tom Abell,Right,0,0,0,0,,LengthBall,DownLeg,,HitPad,FrontFoot,ForwardDefensive,StockBall,Round,Orthodox,Left,Null,NotReferred,Null,False,False,False,False,False,True,,False,False,False,False,False,False,0,0,0,0,0,False,False,196.0,15.0,Wicketkeeper
1654207,124,3.58,2,0,0,444,5,2,76650,,39481,County Championship 2026,2,31,Somerset Men,48,Surrey Men,8850998,2026-09-26T13:42:20Z,1,741,False,,,,13942,Adam Thomas,5,Tom Abell,15273,Archie Vaughan,Right,0,0,0,0,,LengthBall,OutsideOff,,None,FrontFoot,ForwardDefensive,NoMovement,Over,Medium,Right,Null,NotReferred,Null,False,False,False,False,False,True,,False,False,False,False,False,False,0,0,0,0,0,False,False,207.0,56.0,Cover
1654207,124,3.58,2,0,0,444,5,2,76650,,39481,County Championship 2026,2,31,Somerset Men,48,Surrey Men,8851004,2026-09-26T13:42:44Z,2,742,False,,,,13942,Adam Thomas,5,Tom Abell,15273,Archie Vaughan,Right,1,0,1,1,,BackOfALength,OutsideOff,,WellTimed,BackFoot,Cut,NoMovement,Over,Medium,Right,Null,NotReferred,Null,False,False,False,False,False,True,,False,False,False,False,False,False,1,0,0,0,0,False,False,192.0,145.0,Deep Cover
1654207,124,3.58,2,0,0,444,5,2,76650,,39481,County Championship 2026,2,31,Somerset Men,48,Surrey Men,8851009,2026-09-26T13:43:09Z,3,743,False,,,,13942,Adam Thomas,15273,Archie Vaughan,5,Tom Abell,Right,0,0,0,0,,LengthBall,OutsideOff,,None,FrontFoot,ForwardDefensive,NoMovement,Over,Medium,Right,Null,NotReferred,Null,False,False,False,False,False,True,,False,False,False,False,False,False,0,0,0,0,0,False,False,205.0,37.0,Cover
1654207,124,3.58,2,0,0,444,5,2,76650,,39481,County Championship 2026,2,31,Somerset Men,48,Surrey Men,8851015,2026-09-26T13:43:34Z,4,744,False,,,,13942,Adam Thomas,15273,Archie Vaughan,5,Tom Abell,Right,0,0,0,0,,LengthBall,OutsideOff,,None,FrontFoot,ForwardDefensive,NoMovement,Over,Medium,Right,Null,NotReferred,Null,False,False,False,False,False,True,,False,False,False,False,False,False,0,0,0,0,0,False,False,203.0,48.0,Cover
1654207,124,3.58,2,0,0,444,5,2,76650,,39481,County Championship 2026,2,31,Somerset Men,48,Surrey Men,8851023,2026-09-26T13:43:57Z,5,745,False,,,,13942,Adam Thomas,15273,Archie Vaughan,5,Tom Abell,Right,1,0,1,1,,HalfVolley,OutsideOff,,None,FrontFoot,Drive,NoMovement,Over,Medium,Right,Null,NotReferred,Null,False,False,False,False,False,True,,False,False,False,False,False,False,1,0,0,0,0,False,False,219.0,139.0,Deep Extra Cover
1654207,124,3.58,2,0,0,444,5,2,76650,,39481,County Championship 2026,2,31,Somerset Men,48,Surrey Men,8851028,2026-09-26T13:44:25Z,6,746,False,,,,13942,Adam Thomas,5,Tom Abell,15273,Archie Vaughan,Right,0,0,0,0,,HalfVolley,OutsideOff,,ThickEdge,FrontFoot,Drive,OffCutter,Over,Medium,Right,Null,NotReferred,Null,False,False,False,False,False,True,,False,False,False,False,False,False,0,0,0,0,0,False,False,150.0,53.0,Backward Point
1654214,125,3.55,0,0,0,444,5,0,76650,,39481,County Championship 2026,2,31,Somerset Men,48,Surrey Men,8851037,2026-09-26T13:45:21Z,1,747,False,,,,2709,Mahipal Lomror,15273,Archie Vaughan,5,Tom Abell,Right,0,0,0,0,,LengthBall,MiddleStump,,None,FrontFoot,ForwardDefensive,StockBall,Round,Orthodox,Left,Null,NotReferred,Null,False,False,False,False,False,True,,False,False,False,False,False,False,0,0,0,0,0,False,False,283.0,54.0,Mid On
1654214,125,3.55,0,0,0,444,5,0,76650,,39481,County Championship 2026,2,31,Somerset Men,48,Surrey Men,8851038,2026-09-26T13:45:35Z,2,748,False,,,,2709,Mahipal Lomror,15273,Archie Vaughan,5,Tom Abell,Right,0,0,0,0,,BackOfALength,OutsideOff,,None,BackFoot,Cut,StockBall,Round,Orthodox,Left,Null,NotReferred,Null,False,False,False,False,False,True,,False,False,False,False,False,False,0,0,0,0,0,False,False,193.0,80.0,Cover
1654214,125,3.55,0,0,0,444,5,0,76650,,39481,County Championship 2026,2,31,Somerset Men,48,Surrey Men,8851043,2026-09-26T13:45:53Z,3,749,False,,,,2709,Mahipal Lomror,15273,Archie Vaughan,5,Tom Abell,Right,0,0,0,0,,HalfVolley,OutsideOff,,None,FrontFoot,ForwardDefensive,StockBall,Round,Orthodox,Left,Null,NotReferred,Null,False,False,False,False,False,True,,False,False,False,False,False,False,0,0,0,0,0,False,False,230.0,33.0,Extra Cover
1654214,125,3.55,0,0,0,444,5,0,76650,,39481,County Championship 2026,2,31,Somerset Men,48,Surrey Men,8851048,2026-09-26T13:46:09Z,4,750,False,,,,2709,Mahipal Lomror,15273,Archie Vaughan,5,Tom Abell,Right,0,0,0,0,,BackOfALength,OutsideOff,,None,BackFoot,Cut,StockBall,Round,Orthodox,Left,Null,NotReferred,Null,False,False,False,False,False,True,,False,False,False,False,False,False,0,0,0,0,0,False,False,163.0,51.0,Backward Point
1654214,125,3.55,0,0,0,444,5,0,76650,,39481,County Championship 2026,2,31,Somerset Men,48,Surrey Men,8851050,2026-09-26T13:46:27Z,5,751,False,,,,2709,Mahipal Lomror,15273,Archie Vaughan,5,Tom Abell,Right,0,0,0,0,,HalfVolley,OutsideOff,,None,FrontFoot,ForwardDefensive,StockBall,Round,Orthodox,Left,Null,NotReferred,Null,False,False,False,False,False,True,,False,False,False,False,False,False,0,0,0,0,0,False,False,216.0,35.0,Extra Cover
1654214,125,3.55,0,0,0,444,5,0,76650,,39481,County Championship 2026,2,31,Somerset Men,48,Surrey Men,8851056,2026-09-26T13:46:47Z,6,752,False,,,,2709,Mahipal Lomror,15273,Archie Vaughan,5,Tom Abell,Right,0,0,0,0,,LengthBall,OutsideOff,,None,BackFoot,Cut,StockBall,Round,Orthodox,Left,Null,NotReferred,Null,False,False,False,False,False,True,,False,False,False,False,False,False,0,0,0,0,0,False,False,148.0,53.0,Gully
1654218,126,3.54,2,0,0,446,5,2,76650,,39481,County Championship 2026,2,31,Somerset Men,48,Surrey Men,8851062,2026-09-26T13:47:42Z,1,753,False,,,,13942,Adam Thomas,5,Tom Abell,15273,Archie Vaughan,Right,0,0,0,0,,LengthBall,OutsideOff,,None,FrontFoot,ForwardDefensive,NoMovement,Over,Medium,Right,Null,NotReferred,Null,False,False,False,False,False,True,,False,False,False,False,False,False,0,0,0,0,0,False,False,208.0,45.0,Cover
1654218,126,3.54,2,0,0,446,5,2,76650,,39481,County Championship 2026,2,31,Somerset Men,48,Surrey Men,8851066,2026-09-26T13:48:08Z,2,754,False,,,,13942,Adam Thomas,5,Tom Abell,15273,Archie Vaughan,Right,1,0,1,1,,HalfVolley,OutsideOff,,WellTimed,FrontFoot,Drive,NoMovement,Over,Medium,Right,Null,NotReferred,Null,False,False,False,False,False,True,,False,False,False,False,False,False,1,0,0,0,0,False,False,190.0,134.0,Deep Cover
1654218,126,3.54,2,0,0,446,5,2,76650,,39481,County Championship 2026,2,31,Somerset Men,48,Surrey Men,8851071,2026-09-26T13:48:37Z,3,755,False,,,,13942,Adam Thomas,15273,Archie Vaughan,5,Tom Abell,Right,0,0,0,0,,LengthBall,OutsideOff,,None,FrontFoot,ForwardDefensive,NoMovement,Over,Medium,Right,Null,NotReferred,Null,False,False,False,False,False,True,,False,False,False,False,False,False,0,0,0,0,0,False,False,326.0,43.0,Mid Wicket
1654218,126,3.54,2,0,0,446,5,2,76650,,39481,County Championship 2026,2,31,Somerset Men,48,Surrey Men,8851078,2026-09-26T13:49:01Z,4,756,False,,,,13942,Adam Thomas,15273,Archie Vaughan,5,Tom Abell,Right,0,0,0,0,,Short,OutsideOff,,None,BackFoot,BackwardDefensive,NoMovement,Over,Medium,Right,Null,NotReferred,Null,False,False,False,False,False,True,,False,False,False,False,False,False,0,0,0,0,0,False,False,177.0,52.0,Backward Point
1654218,126,3.54,2,0,0,446,5,2,76650,,39481,County Championship 2026,2,31,Somerset Men,48,Surrey Men,8851081,2026-09-26T13:49:26Z,5,757,False,,,,13942,Adam Thomas,15273,Archie Vaughan,5,Tom Abell,Right,1,0,1,1,,BackOfALength,OutsideOff,,None,BackFoot,Worked,NoMovement,Over,Medium,Right,Null,NotReferred,Null,False,False,False,False,False,True,,False,False,False,False,False,False,1,0,0,0,0,False,False,359.0,121.0,Deep Square Leg
1654218,126,3.54,2,0,0,446,5,2,76650,,39481,County Championship 2026,2,31,Somerset Men,48,Surrey Men,8851085,2026-09-26T13:49:53Z,6,758,False,,,,13942,Adam Thomas,5,Tom Abell,15273,Archie Vaughan,Right,0,0,0,0,,FullToss,OutsideOff,,None,FrontFoot,Drive,OffCutter,Over,Medium,Right,Null,NotReferred,Null,False,False,False,False,False,True,,False,False,False,False,False,False,0,0,0,0,0,False,False,265.0,41.0,Bowler
1654222,127,3.51,0,0,0,446,5,0,76650,,39481,County Championship 2026,2,31,Somerset Men,48,Surrey Men,8851092,2026-09-26T13:50:50Z,1,759,False,,,,2709,Mahipal Lomror,15273,Archie Vaughan,5,Tom Abell,Right,0,0,0,0,,LengthBall,OutsideOff,,None,FrontFoot,ForwardDefensive,StockBall,Round,Orthodox,Left,Null,NotReferred,Null,False,False,False,False,False,True,,False,False,False,False,False,False,0,0,0,0,0,False,False,233.0,35.0,Extra Cover
1654222,127,3.51,0,0,0,446,5,0,76650,,39481,County Championship 2026,2,31,Somerset Men,48,Surrey Men,8851094,2026-09-26T13:51:09Z,2,760,False,,,,2709,Mahipal Lomror,15273,Archie Vaughan,5,Tom Abell,Right,0,0,0,0,,HalfVolley,OutsideOff,,None,FrontFoot,ForwardDefensive,StockBall,Round,Orthodox,Left,Null,NotReferred,Null,False,False,False,False,False,True,,False,False,False,False,False,False,0,0,0,0,0,False,False,216.0,26.0,Extra Cover
1654222,127,3.51,0,0,0,446,5,0,76650,,39481,County Championship 2026,2,31,Somerset Men,48,Surrey Men,8851096,2026-09-26T13:51:22Z,3,761,False,,,,2709,Mahipal Lomror,15273,Archie Vaughan,5,Tom Abell,Right,0,0,0,0,,BackOfALength,OutsideOff,,WellTimed,BackFoot,Cut,StockBall,Round,Orthodox,Left,Null,NotReferred,Null,False,False,False,False,False,True,,False,False,False,False,False,False,0,0,0,0,0,False,False,161.0,55.0,Backward Point
1654222,127,3.51,0,0,0,446,5,0,76650,,39481,County Championship 2026,2,31,Somerset Men,48,Surrey Men,8851101,2026-09-26T13:51:43Z,4,762,False,,,,2709,Mahipal Lomror,15273,Archie Vaughan,5,Tom Abell,Right,0,0,0,0,,BackOfALength,OutsideOff,,None,BackFoot,Cut,StockBall,Round,Orthodox,Left,Null,NotReferred,Null,False,False,False,False,False,True,,False,False,False,False,False,False,0,0,0,0,0,False,False,158.0,54.0,Backward Point
1654222,127,3.51,0,0,0,446,5,0,76650,,39481,County Championship 2026,2,31,Somerset Men,48,Surrey Men,8851103,2026-09-26T13:52:02Z,5,763,False,,,,2709,Mahipal Lomror,15273,Archie Vaughan,5,Tom Abell,Right,0,0,0,0,,BackOfALength,OutsideOff,,None,BackFoot,BackwardDefensive,StockBall,Round,Orthodox,Left,Null,NotReferred,Null,False,False,False,False,False,True,,False,False,False,False,False,False,0,0,0,0,0,False,False,161.0,48.0,Backward Point
1654222,127,3.51,0,0,0,446,5,0,76650,,39481,County Championship 2026,2,31,Somerset Men,48,Surrey Men,8851108,2026-09-26T13:52:17Z,6,764,False,,,,2709,Mahipal Lomror,15273,Archie Vaughan,5,Tom Abell,Right,0,0,0,0,,BackOfALength,OutsideOff,,None,BackFoot,Cut,StockBall,Round,Orthodox,Left,Null,NotReferred,Null,False,False,False,False,False,True,,False,False,False,False,False,False,0,0,0,0,0,False,False,149.0,51.0,Gully
1654228,128,3.52,5,0,0,451,5,5,76650,,39481,County Championship 2026,2,31,Somerset Men,48,Surrey Men,8851122,2026-09-26T13:53:47Z,1,765,False,,,,15505,Ralphie Albert,5,Tom Abell,15273,Archie Vaughan,Right,0,0,0,0,,LengthBall,OutsideOff,,None,FrontFoot,ForwardDefensive,StockBall,Round,Orthodox,Left,Null,NotReferred,Null,False,False,False,False,False,True,,False,False,False,False,False,False,0,0,0,0,0,False,False,266.0,42.0,Bowler
1654228,128,3.52,5,0,0,451,5,5,76650,,39481,County Championship 2026,2,31,Somerset Men,48,Surrey Men,8851126,2026-09-26T13:54:05Z,2,766,False,,,,15505,Ralphie Albert,5,Tom Abell,15273,Archie Vaughan,Right,0,0,0,0,,LengthBall,OffStump,,None,BackFoot,Worked,StockBall,Round,Orthodox,Left,Null,NotReferred,Null,False,False,False,False,False,True,,False,False,False,False,False,False,0,0,0,0,0,False,False,316.0,48.0,Mid Wicket
1654228,128,3.52,5,0,0,451,5,5,76650,,39481,County Championship 2026,2,31,Somerset Men,48,Surrey Men,8851131,2026-09-26T13:54:26Z,3,767,False,,,,15505,Ralphie Albert,5,Tom Abell,15273,Archie Vaughan,Right,1,0,1,1,,LengthBall,OutsideOff,,None,FrontFoot,Drive,StockBall,Round,Orthodox,Left,Null,NotReferred,Null,False,False,False,False,False,True,,False,False,False,False,False,False,1,0,0,0,0,False,False,203.0,140.0,Deep Cover
1654228,128,3.52,5,0,0,451,5,5,76650,,39481,County Championship 2026,2,31,Somerset Men,48,Surrey Men,8851138,2026-09-26T13:55:14Z,4,768,False,,,,15505,Ralphie Albert,15273,Archie Vaughan,5,Tom Abell,Right,4,0,4,4,,BackOfALength,OutsideOff,,WellTimed,BackFoot,Cut,StockBall,Round,Orthodox,Left,Null,NotReferred,Null,False,False,False,False,False,True,,False,False,False,False,False,False,4,0,0,0,0,True,False,144.0,164.0,
1654228,128,3.52,5,0,0,451,5,5,76650,,39481,County Championship 2026,2,31,Somerset Men,48,Surrey Men,8851143,2026-09-26T13:55:45Z,5,769,False,,,,15505,Ralphie Albert,15273,Archie Vaughan,5,Tom Abell,Right,0,0,0,0,,LengthBall,OutsideOff,,None,FrontFoot,ForwardDefensive,StockBall,Round,Orthodox,Left,Null,NotReferred,Null,False,False,False,False,False,True,,False,False,False,False,False,False,0,0,0,0,0,False,False,237.0,34.0,Extra Cover
1654228,128,3.52,5,0,0,451,5,5,76650,,39481,County Championship 2026,2,31,Somerset Men,48,Surrey Men,8851148,2026-09-26T13:56:05Z,6,770,False,,,,15505,Ralphie Albert,15273,Archie Vaughan,5,Tom Abell,Right,0,0,0,0,,LengthBall,OutsideOff,,None,FrontFoot,ForwardDefensive,StockBall,Round,Orthodox,Left,Null,NotReferred,Null,False,False,False,False,False,True,,False,False,False,False,False,False,0,0,0,0,0,False,False,234.0,40.0,Extra Cover
1654233,129,3.53,5,0,0,456,5,5,76650,,39481,County Championship 2026,2,31,Somerset Men,48,Surrey Men,8851156,2026-09-26T13:56:54Z,1,771,False,,,,2709,Mahipal Lomror,5,Tom Abell,15273,Archie Vaughan,Right,0,0,0,0,,LengthBall,MiddleStump,,None,BackFoot,Worked,StockBall,Round,Orthodox,Left,Null,NotReferred,Null,False,False,False,False,False,True,,False,False,False,False,False,False,0,0,0,0,0,False,False,316.0,44.0,Mid Wicket
1654233,129,3.53,5,0,0,456,5,5,76650,,39481,County Championship 2026,2,31,Somerset Men,48,Surrey Men,8851161,2026-09-26T13:57:13Z,2,772,False,,,,2709,Mahipal Lomror,5,Tom Abell,15273,Archie Vaughan,Right,1,0,1,1,,HalfVolley,OutsideOff,,None,FrontFoot,Drive,StockBall,Round,Orthodox,Left,Null,NotReferred,Null,False,False,False,False,False,True,,False,False,False,False,False,False,1,0,0,0,0,False,False,253.0,146.0,Long Off
1654233,129,3.53,5,0,0,456,5,5,76650,,39481,County Championship 2026,2,31,Somerset Men,48,Surrey Men,8851164,2026-09-26T13:57:36Z,3,773,False,,,,2709,Mahipal Lomror,15273,Archie Vaughan,5,Tom Abell,Right,0,0,0,0,,LengthBall,OutsideOff,,None,FrontFoot,ForwardDefensive,StockBall,Round,Orthodox,Left,Null,NotReferred,Null,False,False,False,False,False,True,,False,False,False,False,False,False,0,0,0,0,0,False,False,230.0,25.0,Extra Cover
1654233,129,3.53,5,0,0,456,5,5,76650,,39481,County Championship 2026,2,31,Somerset Men,48,Surrey Men,8851166,2026-09-26T13:57:54Z,4,774,False,,,,2709,Mahipal Lomror,15273,Archie Vaughan,5,Tom Abell,Right,0,0,0,0,,LengthBall,MiddleStump,,None,FrontFoot,ForwardDefensive,StockBall,Round,Orthodox,Left,Null,NotReferred,Null,False,False,False,False,False,True,,False,False,False,False,False,False,0,0,0,0,0,False,False,296.0,45.0,Mid On
1654233,129,3.53,5,0,0,456,5,5,76650,,39481,County Championship 2026,2,31,Somerset Men,48,Surrey Men,8851169,2026-09-26T13:58:12Z,5,775,False,,,,2709,Mahipal Lomror,15273,Archie Vaughan,5,Tom Abell,Right,0,0,0,0,,LengthBall,OutsideOff,,Missed,FrontFoot,ForwardDefensive,StockBall,Round,Orthodox,Left,Null,NotReferred,Null,False,False,False,False,False,True,,False,False,False,False,False,False,0,0,0,0,0,False,False,,,Wicketkeeper
1654233,129,3.53,5,0,0,456,5,5,76650,,39481,County Championship 2026,2,31,Somerset Men,48,Surrey Men,8851174,2026-09-26T13:58:29Z,6,776,False,,,,2709,Mahipal Lomror,15273,Archie Vaughan,5,Tom Abell,Right,4,0,4,4,,LengthBall,MiddleStump,,Middled,FrontFoot,Sweep,StockBall,Round,Orthodox,Left,Null,NotReferred,Null,False,False,False,False,False,True,,False,False,False,False,False,False,4,0,0,0,0,True,False,344.0,173.0,
1654238,130,3.56,7,0,0,463,5,7,76650,,39481,County Championship 2026,2,31,Somerset Men,48,Surrey Men,8851185,2026-09-26T13:59:29Z,1,777,False,,,,15505,Ralphie Albert,5,Tom Abell,15273,Archie Vaughan,Right,1,0,1,1,,LengthBall,MiddleStump,,None,FrontFoot,Drive,StockBall,Round,Orthodox,Left,Null,NotReferred,Null,False,False,False,False,False,True,,False,False,False,False,False,False,1,0,0,0,0,False,False,291.0,128.0,Long On
1654238,130,3.56,7,0,0,463,5,7,76650,,39481,County Championship 2026,2,31,Somerset Men,48,Surrey Men,8851192,2026-09-26T13:59:57Z,2,778,False,,,,15505,Ralphie Albert,15273,Archie Vaughan,5,Tom Abell,Right,0,0,0,0,,LengthBall,OffStump,,None,FrontFoot,ForwardDefensive,StockBall,Round,Orthodox,Left,Null,NotReferred,Null,False,False,False,False,False,True,,False,False,False,False,False,False,0,0,0,0,0,False,False,269.0,42.0,Bowler
1654238,130,3.56,7,0,0,463,5,7,76650,,39481,County Championship 2026,2,31,Somerset Men,48,Surrey Men,8851195,2026-09-26T14:00:17Z,3,779,False,,,,15505,Ralphie Albert,15273,Archie Vaughan,5,Tom Abell,Right,4,0,4,4,,BackOfALength,OutsideOff,,WellTimed,BackFoot,Pull,StockBall,Round,Orthodox,Left,Null,NotReferred,Null,False,False,False,False,False,True,,False,False,False,False,False,False,4,0,0,0,0,True,False,340.0,173.0,
1654238,130,3.56,7,0,0,463,5,7,76650,,39481,County Championship 2026,2,31,Somerset Men,48,Surrey Men,8851199,2026-09-26T14:00:45Z,4,780,False,,,,15505,Ralphie Albert,15273,Archie Vaughan,5,Tom Abell,Right,0,0,0,0,,LengthBall,OutsideOff,,None,FrontFoot,ForwardDefensive,StockBall,Round,Orthodox,Left,Null,NotReferred,Null,False,False,False,False,False,True,,False,False,False,False,False,False,0,0,0,0,0,False,False,227.0,43.0,Extra Cover
1654238,130,3.56,7,0,0,463,5,7,76650,,39481,County Championship 2026,2,31,Somerset Men,48,Surrey Men,8851201,2026-09-26T14:01:03Z,5,781,False,,,,15505,Ralphie Albert,15273,Archie Vaughan,5,Tom Abell,Right,1,0,1,1,,HalfVolley,OutsideOff,,WellTimed,FrontFoot,Drive,StockBall,Round,Orthodox,Left,Null,NotReferred,Null,False,False,False,False,False,True,,False,False,False,False,False,False,1,0,0,0,0,False,False,201.0,153.0,Deep Cover
1654238,130,3.56,7,0,0,463,5,7,76650,,39481,County Championship 2026,2,31,Somerset Men,48,Surrey Men,8851204,2026-09-26T14:01:25Z,6,782,False,,,,15505,Ralphie Albert,5,Tom Abell,15273,Archie Vaughan,Right,1,0,1,1,,BackOfALength,OutsideOff,,None,BackFoot,Worked,StockBall,Round,Orthodox,Left,Null,NotReferred,Null,False,False,False,False,False,True,,False,False,False,False,False,False,1,0,0,0,0,False,False,348.0,141.0,Deep Square Leg
1654242,131,3.6,9,0,0,472,5,9,76650,,39481,County Championship 2026,2,31,Somerset Men,48,Surrey Men,8851210,2026-09-26T14:02:28Z,1,783,False,,,,2709,Mahipal Lomror,5,Tom Abell,15273,Archie Vaughan,Right,4,0,4,4,,FullToss,MiddleStump,,WellTimed,FrontFoot,Flick,StockBall,Round,Orthodox,Left,Null,NotReferred,Null,False,False,False,False,False,True,,False,False,False,False,False,False,4,0,0,0,0,True,False,337.0,174.0,
1654242,131,3.6,9,0,0,472,5,9,76650,,39481,County Championship 2026,2,31,Somerset Men,48,Surrey Men,8851216,2026-09-26T14:03:02Z,2,784,False,,,,2709,Mahipal Lomror,5,Tom Abell,15273,Archie Vaughan,Right,0,0,0,0,,HalfVolley,OffStump,,None,FrontFoot,ForwardDefensive,StockBall,Round,Orthodox,Left,Null,NotReferred,Null,False,False,False,False,False,True,,False,False,False,False,False,False,0,0,0,0,0,False,False,239.0,26.0,Extra Cover
1654242,131,3.6,9,0,0,472,5,9,76650,,39481,County Championship 2026,2,31,Somerset Men,48,Surrey Men,8851219,2026-09-26T14:03:18Z,3,785,False,,,,2709,Mahipal Lomror,5,Tom Abell,15273,Archie Vaughan,Right,0,0,0,0,,HalfVolley,OutsideOff,,WellTimed,FrontFoot,Drive,StockBall,Round,Orthodox,Left,Null,NotReferred,Null,False,False,False,False,False,True,,False,False,False,False,False,False,0,0,0,0,0,False,False,200.0,75.0,Cover
1654242,131,3.6,9,0,0,472,5,9,76650,,39481,County Championship 2026,2,31,Somerset Men,48,Surrey Men,8851222,2026-09-26T14:03:37Z,4,786,False,,,,2709,Mahipal Lomror,5,Tom Abell,15273,Archie Vaughan,Right,1,0,1,1,,BackOfALength,OutsideOff,,None,BackFoot,Cut,StockBall,Round,Orthodox,Left,Null,NotReferred,Null,False,False,False,False,False,True,,False,False,False,False,False,False,1,0,0,0,0,False,False,198.0,86.0,Cover
1654242,131,3.6,9,0,0,472,5,9,76650,,39481,County Championship 2026,2,31,Somerset Men,48,Surrey Men,8851230,2026-09-26T14:04:38Z,5,787,False,,,,2709,Mahipal Lomror,15273,Archie Vaughan,5,Tom Abell,Right,0,0,0,0,,LengthBall,OutsideOff,,None,FrontFoot,ForwardDefensive,StockBall,Round,Orthodox,Left,Null,NotReferred,Null,False,False,False,False,False,True,,False,False,False,False,False,False,0,0,0,0,0,False,False,205.0,45.0,Cover
1654242,131,3.6,9,0,0,472,5,9,76650,,39481,County Championship 2026,2,31,Somerset Men,48,Surrey Men,8851233,2026-09-26T14:04:58Z,6,788,False,,,,2709,Mahipal Lomror,15273,Archie Vaughan,5,Tom Abell,Right,4,0,4,4,,HalfVolley,OutsideOff,,WellTimed,FrontFoot,Drive,StockBall,Round,Orthodox,Left,Null,NotReferred,Null,False,False,False,False,False,True,,False,False,False,False,False,False,4,0,0,0,0,True,False,209.0,175.0,
1654246,132,3.61,5,0,0,477,5,5,76650,,39481,County Championship 2026,2,31,Somerset Men,48,Surrey Men,8851237,2026-09-26T14:06:16Z,1,789,False,,,,15505,Ralphie Albert,5,Tom Abell,15273,Archie Vaughan,Right,1,0,1,1,,LengthBall,OffStump,,WellTimed,FrontFoot,Drive,StockBall,Round,Orthodox,Left,Null,NotReferred,Null,False,False,False,False,False,True,,False,False,False,False,False,False,1,0,0,0,0,False,False,287.0,137.0,Long On
1654246,132,3.61,5,0,0,477,5,5,76650,,39481,County Championship 2026,2,31,Somerset Men,48,Surrey Men,8851242,2026-09-26T14:06:40Z,2,790,False,,,,15505,Ralphie Albert,15273,Archie Vaughan,5,Tom Abell,Right,0,0,0,0,,LengthBall,OutsideOff,,None,BackFoot,BackwardDefensive,StockBall,Round,Orthodox,Left,Null,NotReferred,Null,False,False,False,False,False,True,,False,False,False,False,False,False,0,0,0,0,0,False,False,227.0,43.0,Extra Cover
1654246,132,3.61,5,0,0,477,5,5,76650,,39481,County Championship 2026,2,31,Somerset Men,48,Surrey Men,8851246,2026-09-26T14:06:59Z,3,791,False,,,,15505,Ralphie Albert,15273,Archie Vaughan,5,Tom Abell,Right,0,0,0,0,,LengthBall,OutsideOff,,None,FrontFoot,ForwardDefensive,StockBall,Round,Orthodox,Left,Null,NotReferred,Null,False,False,False,False,False,True,,False,False,False,False,False,False,0,0,0,0,0,False,False,208.0,45.0,Cover
1654246,132,3.61,5,0,0,477,5,5,76650,,39481,County Championship 2026,2,31,Somerset Men,48,Surrey Men,8851248,2026-09-26T14:07:24Z,4,792,False,,,,15505,Ralphie Albert,15273,Archie Vaughan,5,Tom Abell,Right,2,0,2,2,,LengthBall,OffStump,,WellTimed,BackFoot,Worked,StockBall,Round,Orthodox,Left,Null,NotReferred,Null,False,False,False,False,False,True,,False,False,False,False,False,False,2,0,0,0,0,False,False,352.0,132.0,Deep Square Leg
1654246,132,3.61,5,0,0,477,5,5,76650,,39481,County Championship 2026,2,31,Somerset Men,48,Surrey Men,8851252,2026-09-26T14:07:48Z,5,793,False,,,,15505,Ralphie Albert,15273,Archie Vaughan,5,Tom Abell,Right,0,0,0,0,,LengthBall,OffStump,,None,FrontFoot,ForwardDefensive,StockBall,Round,Orthodox,Left,Null,NotReferred,Null,False,False,False,False,False,True,,False,False,False,False,False,False,0,0,0,0,0,False,False,308.0,37.0,Mid Wicket
1654246,132,3.61,5,0,0,477,5,5,76650,,39481,County Championship 2026,2,31,Somerset Men,48,Surrey Men,8851257,2026-09-26T14:08:09Z,6,794,False,,,,15505,Ralphie Albert,15273,Archie Vaughan,5,Tom Abell,Right,2,0,2,2,,BackOfALength,OutsideOff,,WellTimed,BackFoot,Cut,StockBall,Round,Orthodox,Left,Null,NotReferred,Null,False,False,False,False,False,True,,False,False,False,False,False,False,2,0,0,0,0,False,False,144.0,152.0,Third Man
1654251,133,3.61,3,0,0,480,5,3,76650,,39481,County Championship 2026,2,31,Somerset Men,48,Surrey Men,8851265,2026-09-26T14:09:14Z,1,795,False,,,,2709,Mahipal Lomror,5,Tom Abell,15273,Archie Vaughan,Right,2,0,2,2,,LengthBall,MiddleStump,,None,FrontFoot,Flick,StockBall,Round,Orthodox,Left,Null,NotReferred,Null,False,False,False,False,False,True,,False,False,False,False,False,False,2,0,0,0,0,False,False,67.0,130.0,Fine Leg
1654251,133,3.61,3,0,0,480,5,3,76650,,39481,County Championship 2026,2,31,Somerset Men,48,Surrey Men,8851266,2026-09-26T14:09:40Z,2,796,False,,,,2709,Mahipal Lomror,5,Tom Abell,15273,Archie Vaughan,Right,1,0,1,1,,LengthBall,LegStump,,None,BackFoot,Worked,StockBall,Round,Orthodox,Left,Null,NotReferred,Null,False,False,False,False,False,True,,False,False,False,False,False,False,1,0,0,0,0,False,False,22.0,136.0,Deep Backward Square Leg
1654251,133,3.61,3,0,0,480,5,3,76650,,39481,County Championship 2026,2,31,Somerset Men,48,Surrey Men,8851271,2026-09-26T14:10:05Z,3,797,False,,,,2709,Mahipal Lomror,15273,Archie Vaughan,5,Tom Abell,Right,0,0,0,0,,LengthBall,OutsideOff,,None,FrontFoot,ForwardDefensive,StockBall,Round,Orthodox,Left,Null,NotReferred,Null,False,False,False,False,False,True,,False,False,False,False,False,False,0,0,0,0,0,False,False,230.0,38.0,Extra Cover
1654251,133,3.61,3,0,0,480,5,3,76650,,39481,County Championship 2026,2,31,Somerset Men,48,Surrey Men,8851275,2026-09-26T14:10:43Z,4,798,False,,,,2709,Mahipal Lomror,15273,Archie Vaughan,5,Tom Abell,Right,0,0,0,0,,LengthBall,OffStump,,Missed,FrontFoot,Sweep,StockBall,Over,Orthodox,Left,Null,NotReferred,Null,False,False,False,False,False,True,,False,False,False,False,False,False,0,0,0,0,0,False,False,,,Wicketkeeper
1654251,133,3.61,3,0,0,480,5,3,76650,,39481,County Championship 2026,2,31,Somerset Men,48,Surrey Men,8851277,2026-09-26T14:11:00Z,5,799,False,,,,2709,Mahipal Lomror,15273,Archie Vaughan,5,Tom Abell,Right,0,0,0,0,,BackOfALength,OffStump,,MisTimed,BackFoot,Cut,StockBall,Over,Orthodox,Left,Null,NotReferred,Null,False,False,False,False,False,True,,False,False,False,False,False,False,0,0,0,0,0,False,False,195.0,59.0,Cover
1654251,133,3.61,3,0,0,480,5,3,76650,,39481,County Championship 2026,2,31,Somerset Men,48,Surrey Men,8851279,2026-09-26T14:11:46Z,6,800,False,,,,2709,Mahipal Lomror,15273,Archie Vaughan,5,Tom Abell,Right,0,0,0,0,,LengthBall,DownLeg,,Padded,FrontFoot,Padded,StockBall,Over,Orthodox,Left,Null,NotReferred,Null,False,False,False,False,False,True,,False,False,False,False,False,False,0,0,0,0,0,False,False,225.0,19.0,Wicketkeeper
1654270,134,3.65,9,0,0,489,5,9,76650,,39481,County Championship 2026,2,31,Somerset Men,48,Surrey Men,8851376,2026-09-26T14:32:36Z,1,801,False,,,,13942,Adam Thomas,5,Tom Abell,15273,Archie Vaughan,Right,1,0,1,1,,LengthBall,OffStump,,None,BackFoot,Worked,NoMovement,Over,Medium,Right,Null,NotReferred,Null,False,False,False,False,False,True,,False,False,False,False,False,False,1,0,0,0,0,False,False,43.0,143.0,Fine Leg
1654270,134,3.65,9,0,0,489,5,9,76650,,39481,County Championship 2026,2,31,Somerset Men,48,Surrey Men,8851380,2026-09-26T14:33:04Z,2,802,False,,,,13942,Adam Thomas,15273,Archie Vaughan,5,Tom Abell,Right,1,0,1,1,,Short,OutsideOff,,WellTimed,BackFoot,Cut,NoMovement,Over,Medium,Right,Null,NotReferred,Null,False,False,False,False,False,True,,False,False,False,False,False,False,1,0,0,0,0,False,False,193.0,145.0,Deep Cover
1654270,134,3.65,9,0,0,489,5,9,76650,,39481,County Championship 2026,2,31,Somerset Men,48,Surrey Men,8851383,2026-09-26T14:33:35Z,3,803,False,,,,13942,Adam Thomas,5,Tom Abell,15273,Archie Vaughan,Right,0,0,0,0,,BackOfALength,MiddleStump,,PlayAndMissLegSide,BackFoot,Glance,NoMovement,Over,Medium,Right,Null,NotReferred,Null,False,False,False,False,False,True,,False,False,False,False,False,False,0,0,0,0,0,False,False,,,Wicketkeeper
1654270,134,3.65,9,0,0,489,5,9,76650,,39481,County Championship 2026,2,31,Somerset Men,48,Surrey Men,8851388,2026-09-26T14:34:07Z,4,804,False,,,,13942,Adam Thomas,5,Tom Abell,15273,Archie Vaughan,Right,4,0,4,4,,LengthBall,MiddleStump,,WellTimed,FrontFoot,Flick,NoMovement,Over,Medium,Right,Null,NotReferred,Null,False,False,False,False,True,True,,False,False,False,False,False,False,4,0,0,0,0,True,False,58.0,162.0,
1654270,134,3.65,9,0,0,489,5,9,76650,,39481,County Championship 2026,2,31,Somerset Men,48,Surrey Men,8851392,2026-09-26T14:34:37Z,5,805,False,,,,13942,Adam Thomas,5,Tom Abell,15273,Archie Vaughan,Right,2,0,2,2,,Yorker,OutsideOff,,WellTimed,BackFoot,LateCut,NoMovement,Over,Medium,Right,Null,NotReferred,Null,False,False,False,False,False,True,,False,False,False,False,False,False,2,0,0,0,0,False,False,123.0,157.0,Third Man
1654270,134,3.65,9,0,0,489,5,9,76650,,39481,County Championship 2026,2,31,Somerset Men,48,Surrey Men,8851394,2026-09-26T14:35:05Z,6,806,False,,,,13942,Adam Thomas,5,Tom Abell,15273,Archie Vaughan,Right,1,0,1,1,,BackOfALength,OutsideOff,,WellTimed,BackFoot,Cut,NoMovement,Over,Medium,Right,Null,NotReferred,Null,False,False,False,False,False,True,,False,False,False,False,False,False,1,0,0,0,0,False,False,140.0,65.0,Gully
1654274,135,3.69,9,0,0,498,5,9,76650,,39481,County Championship 2026,2,31,Somerset Men,48,Surrey Men,8851404,2026-09-26T14:36:29Z,1,807,False,,,,2709,Mahipal Lomror,5,Tom Abell,15273,Archie Vaughan,Right,2,2,2,0,,LengthBall,DownLeg,,None,FrontFoot,Sweep,StockBall,Over,Orthodox,Left,Null,NotReferred,Null,True,False,False,False,False,True,,False,False,False,False,False,False,2,0,2,0,0,False,False,89.0,61.0,Short Fine Leg
1654274,135,3.69,9,0,0,498,5,9,76650,,39481,County Championship 2026,2,31,Somerset Men,48,Surrey Men,8851407,2026-09-26T14:37:00Z,1,808,False,,,,2709,Mahipal Lomror,15273,Archie Vaughan,5,Tom Abell,Right,0,0,0,0,,LengthBall,DownLeg,,None,FrontFoot,ForwardDefensive,StockBall,Over,Orthodox,Left,Null,NotReferred,Null,False,False,False,False,False,True,,False,False,False,False,False,False,0,0,0,0,0,False,False,282.0,40.0,Bowler
1654274,135,3.69,9,0,0,498,5,9,76650,,39481,County Championship 2026,2,31,Somerset Men,48,Surrey Men,8851410,2026-09-26T14:37:18Z,2,809,False,,,,2709,Mahipal Lomror,15273,Archie Vaughan,5,Tom Abell,Right,0,0,0,0,,LengthBall,DownLeg,,None,FrontFoot,Sweep,StockBall,Over,Orthodox,Left,Null,NotReferred,Null,False,False,False,False,False,True,,False,False,False,False,False,False,0,0,0,0,0,False,False,43.0,66.0,Short Fine Leg
1654274,135,3.69,9,0,0,498,5,9,76650,,39481,County Championship 2026,2,31,Somerset Men,48,Surrey Men,8851413,2026-09-26T14:37:40Z,3,810,False,,,,2709,Mahipal Lomror,15273,Archie Vaughan,5,Tom Abell,Right,1,0,1,1,,HalfVolley,DownLeg,,WellTimed,FrontFoot,Sweep,StockBall,Over,Orthodox,Left,Null,NotReferred,Null,False,False,False,False,False,True,,False,False,False,False,False,False,1,0,0,0,0,False,False,44.0,146.0,Fine Leg
1654274,135,3.69,9,0,0,498,5,9,76650,,39481,County Championship 2026,2,31,Somerset Men,48,Surrey Men,8851414,2026-09-26T14:38:00Z,4,811,False,,,,2709,Mahipal Lomror,5,Tom Abell,15273,Archie Vaughan,Right,4,0,4,4,,LengthBall,DownLeg,,WellTimed,FrontFoot,ReverseSweep,StockBall,Over,Orthodox,Left,Null,NotReferred,Null,False,False,False,False,False,True,,False,False,False,False,False,False,4,0,0,0,0,True,False,127.0,162.0,
1654274,135,3.69,9,0,0,498,5,9,76650,,39481,County Championship 2026,2,31,Somerset Men,48,Surrey Men,8851418,2026-09-26T14:38:38Z,5,812,False,,,,2709,Mahipal Lomror,5,Tom Abell,15273,Archie Vaughan,Right,1,0,1,1,,LengthBall,OffStump,,None,FrontFoot,Drive,StockBall,Over,Orthodox,Left,Null,NotReferred,Null,False,False,False,False,False,True,,False,False,False,False,False,False,1,0,0,0,0,False,False,252.0,110.0,Long Off
1654274,135,3.69,9,0,0,498,5,9,76650,,39481,County Championship 2026,2,31,Somerset Men,48,Surrey Men,8851420,2026-09-26T14:39:02Z,6,813,False,,,,2709,Mahipal Lomror,15273,Archie Vaughan,5,Tom Abell,Right,1,0,1,1,,LengthBall,DownLeg,,BottomEdge,FrontFoot,Sweep,StockBall,Over,Orthodox,Left,Null,NotReferred,Null,False,False,False,False,False,True,,False,False,False,False,False,False,1,0,0,0,0,False,False,78.0,102.0,Fine Leg
1654278,136,3.66,0,0,0,498,5,0,76650,,39481,County Championship 2026,2,31,Somerset Men,48,Surrey Men,8851425,2026-09-26T14:39:59Z,1,814,False,,,,13942,Adam Thomas,15273,Archie Vaughan,5,Tom Abell,Right,0,0,0,0,,BackOfALength,OutsideOff,,None,BackFoot,BackwardDefensive,NoMovement,Over,Medium,Right,Null,NotReferred,Null,False,False,False,False,False,True,,False,False,False,False,False,False,0,0,0,0,0,False,False,274.0,44.0,Mid On
1654278,136,3.66,0,0,0,498,5,0,76650,,39481,County Championship 2026,2,31,Somerset Men,48,Surrey Men,8851428,2026-09-26T14:40:24Z,2,815,False,,,,13942,Adam Thomas,15273,Archie Vaughan,5,Tom Abell,Right,0,0,0,0,,HalfVolley,OutsideOff,,None,FrontFoot,Drive,NoMovement,Over,Medium,Right,Null,NotReferred,Null,False,False,False,False,False,True,,False,False,False,False,False,False,0,0,0,0,0,False,False,216.0,55.0,Extra Cover
1654278,136,3.66,0,0,0,498,5,0,76650,,39481,County Championship 2026,2,31,Somerset Men,48,Surrey Men,8851431,2026-09-26T14:40:54Z,3,816,False,,,,13942,Adam Thomas,15273,Archie Vaughan,5,Tom Abell,Right,0,0,0,0,,LengthBall,OutsideOff,,None,FrontFoot,ForwardDefensive,NoMovement,Over,Medium,Right,Null,NotReferred,Null,False,False,False,False,False,True,,False,False,False,False,False,False,0,0,0,0,0,False,False,245.0,52.0,Bowler
1654278,136,3.66,0,0,0,498,5,0,76650,,39481,County Championship 2026,2,31,Somerset Men,48,Surrey Men,8851433,2026-09-26T14:41:20Z,4,4,False,,,,13942,Adam Thomas,15273,Archie Vaughan,5,Tom Abell,Right,0,0,0,0,,LengthBall,OutsideOff,,None,BackFoot,Worked,NoMovement,Over,Medium,Right,Null,NotReferred,Null,False,False,False,False,False,True,,False,False,False,False,False,False,0,0,0,0,0,False,False,326.0,48.0,Mid Wicket
1654278,136,3.66,0,0,0,498,5,0,76650,,39481,County Championship 2026,2,31,Somerset Men,48,Surrey Men,8851435,2026-09-26T14:41:43Z,5,818,False,,,,13942,Adam Thomas,15273,Archie Vaughan,5,Tom Abell,Right,0,0,0,0,,LengthBall,OutsideOff,,None,FrontFoot,ForwardDefensive,NoMovement,Over,Medium,Right,Null,NotReferred,Null,False,False,False,False,False,True,,False,False,False,False,False,False,0,0,0,0,0,False,False,202.0,48.0,Cover
1654278,136,3.66,0,0,0,498,5,0,76650,,39481,County Championship 2026,2,31,Somerset Men,48,Surrey Men,8851437,2026-09-26T14:42:11Z,6,819,False,,,,13942,Adam Thomas,15273,Archie Vaughan,5,Tom Abell,Right,0,0,0,0,,HalfVolley,OutsideOff,,None,FrontFoot,Drive,NoMovement,Over,Medium,Right,Null,NotReferred,Null,False,False,False,False,False,True,,False,False,False,False,False,False,0,0,0,0,0,False,False,219.0,64.0,Extra Cover
1654281,137,3.67,5,1,0,503,6,5,76650,,39481,County Championship 2026,2,31,Somerset Men,48,Surrey Men,8851444,2026-09-26T14:43:08Z,1,820,False,,,,2709,Mahipal Lomror,5,Tom Abell,15273,Archie Vaughan,Right,4,0,4,4,,LengthBall,DownLeg,,WellTimed,FrontFoot,ReverseSweep,StockBall,Over,Orthodox,Left,Null,NotReferred,Null,False,False,False,False,False,True,,False,False,False,False,False,False,4,0,0,0,0,True,False,174.0,169.0,
1654281,137,3.67,5,1,0,503,6,5,76650,,39481,County Championship 2026,2,31,Somerset Men,48,Surrey Men,8851448,2026-09-26T14:43:45Z,2,821,False,,,,2709,Mahipal Lomror,5,Tom Abell,15273,Archie Vaughan,Right,0,0,0,0,,BackOfALength,DownLeg,,HitPad,BackFoot,Worked,StockBall,Over,Orthodox,Left,Null,NotReferred,Null,False,False,False,False,False,True,,False,False,False,False,False,False,0,0,0,0,0,False,False,238.0,15.0,Wicketkeeper
1654281,137,3.67,5,1,0,503,6,5,76650,,39481,County Championship 2026,2,31,Somerset Men,48,Surrey Men,8851450,2026-09-26T14:44:01Z,3,822,False,,,,2709,Mahipal Lomror,5,Tom Abell,15273,Archie Vaughan,Right,1,0,1,1,,LengthBall,DownLeg,,ThickEdge,FrontFoot,Drive,StockBall,Over,Orthodox,Left,Null,NotReferred,Null,False,False,False,False,False,True,,False,False,False,False,False,False,1,0,0,0,0,False,False,184.0,111.0,Deep Cover
1654281,137,3.67,5,1,0,503,6,5,76650,,39481,County Championship 2026,2,31,Somerset Men,48,Surrey Men,8851453,2026-09-26T14:44:33Z,4,823,True,Caught,15273.0,Archie Vaughan,2709,Mahipal Lomror,15273,Archie Vaughan,5,Tom Abell,Right,0,0,0,0,Caught,LengthBall,DownLeg,Caught,Gloved,FrontFoot,Sweep,StockBall,Over,Orthodox,Left,Null,NotReferred,Null,False,False,False,False,False,True,1842.0,False,False,False,False,False,False,0,0,0,0,0,False,True,,,Wicketkeeper
1654281,137,3.67,5,1,0,503,6,5,76650,,39481,County Championship 2026,2,31,Somerset Men,48,Surrey Men,8851461,2026-09-26T14:46:49Z,5,824,False,,,,2709,Mahipal Lomror,456,Craig Overton,5,Tom Abell,Right,0,0,0,0,,LengthBall,OutsideOff,,Missed,FrontFoot,ForwardDefensive,StockBall,Round,Orthodox,Left,Null,NotReferred,Null,False,False,False,False,False,True,,False,False,False,False,False,False,0,0,0,0,0,False,False,,,Wicketkeeper
1654281,137,3.67,5,1,0,503,6,5,76650,,39481,County Championship 2026,2,31,Somerset Men,48,Surrey Men,8851465,2026-09-26T14:47:03Z,6,825,False,,,,2709,Mahipal Lomror,456,Craig Overton,5,Tom Abell,Right,0,0,0,0,,LengthBall,OutsideOff,,None,FrontFoot,ForwardDefensive,StockBall,Round,Orthodox,Left,Null,NotReferred,Null,False,False,False,False,False,True,,False,False,False,False,False,False,0,0,0,0,0,False,False,213.0,29.0,Extra Cover
1654286,138,3.7,7,0,0,510,6,7,76650,,39481,County Championship 2026,2,31,Somerset Men,48,Surrey Men,8851470,2026-09-26T14:47:54Z,1,826,False,,,,13942,Adam Thomas,5,Tom Abell,456,Craig Overton,Right,1,0,1,1,,Short,OutsideOff,,WellTimed,BackFoot,Pull,NoMovement,Over,Medium,Right,Null,NotReferred,Null,False,False,False,False,False,True,,False,False,False,False,False,False,1,0,0,0,0,False,False,1.0,161.0,Deep Backward Square Leg
1654286,138,3.7,7,0,0,510,6,7,76650,,39481,County Championship 2026,2,31,Somerset Men,48,Surrey Men,8851473,2026-09-26T14:48:26Z,2,827,False,,,,13942,Adam Thomas,456,Craig Overton,5,Tom Abell,Right,1,0,1,1,,LengthBall,OutsideOff,,None,FrontFoot,Worked,NoMovement,Over,Medium,Right,Null,NotReferred,Null,False,False,False,False,False,True,,False,False,False,False,False,False,1,0,0,0,0,False,False,28.0,125.0,Deep Backward Square Leg
1654286,138,3.7,7,0,0,510,6,7,76650,,39481,County Championship 2026,2,31,Somerset Men,48,Surrey Men,8851478,2026-09-26T14:49:23Z,3,828,False,,,,13942,Adam Thomas,5,Tom Abell,456,Craig Overton,Right,0,0,0,0,,LengthBall,Wide,,MisTimed,FrontFoot,Drive,NoMovement,Over,Medium,Right,Null,NotReferred,Null,False,False,False,False,False,True,,False,False,False,False,False,False,0,0,0,0,0,False,False,310.0,43.0,Mid Wicket
1654286,138,3.7,7,0,0,510,6,7,76650,,39481,County Championship 2026,2,31,Somerset Men,48,Surrey Men,8851480,2026-09-26T14:49:50Z,4,829,False,,,,13942,Adam Thomas,5,Tom Abell,456,Craig Overton,Right,4,0,4,4,,HalfVolley,OffStump,,WellTimed,FrontFoot,Drive,NoMovement,Over,Medium,Right,Null,NotReferred,Null,False,False,False,False,False,True,,False,False,False,False,False,False,4,0,0,0,0,True,False,270.0,180.0,
1654286,138,3.7,7,0,0,510,6,7,76650,,39481,County Championship 2026,2,31,Somerset Men,48,Surrey Men,8851484,2026-09-26T14:50:28Z,5,830,False,,,,13942,Adam Thomas,5,Tom Abell,456,Craig Overton,Right,1,0,1,1,,BackOfALength,OutsideOff,,WellTimed,BackFoot,Worked,NoMovement,Over,Medium,Right,Null,NotReferred,Null,False,False,False,False,False,True,,False,False,False,False,False,False,1,0,0,0,0,False,False,13.0,135.0,Deep Backward Square Leg
1654286,138,3.7,7,0,0,510,6,7,76650,,39481,County Championship 2026,2,31,Somerset Men,48,Surrey Men,8851487,2026-09-26T14:50:55Z,6,831,False,,,,13942,Adam Thomas,456,Craig Overton,5,Tom Abell,Right,0,0,0,0,,BackOfALength,OutsideOff,,MisTimed,BackFoot,Cut,NoMovement,Over,Medium,Right,Null,NotReferred,Null,False,False,False,False,False,True,,False,False,False,False,False,False,0,0,0,0,0,False,False,260.0,23.0,Bowler
1654289,139,3.68,1,1,0,511,7,1,76650,,39481,County Championship 2026,2,31,Somerset Men,48,Surrey Men,8851494,2026-09-26T14:52:11Z,1,832,False,,,,2709,Mahipal Lomror,5,Tom Abell,456,Craig Overton,Right,0,0,0,0,,LengthBall,OutsideOff,,None,FrontFoot,ForwardDefensive,StockBall,Round,Orthodox,Left,Null,NotReferred,Null,False,False,False,False,False,True,,False,False,False,False,False,False,0,0,0,0,0,False,False,239.0,36.0,Extra Cover
1654289,139,3.68,1,1,0,511,7,1,76650,,39481,County Championship 2026,2,31,Somerset Men,48,Surrey Men,8851497,2026-09-26T14:52:26Z,2,833,False,,,,2709,Mahipal Lomror,5,Tom Abell,456,Craig Overton,Right,1,0,1,1,,BackOfALength,OutsideOff,,WellTimed,BackFoot,Worked,StockBall,Round,Orthodox,Left,Null,NotReferred,Null,False,False,False,False,False,True,,False,False,False,False,False,False,1,0,0,0,0,False,False,297.0,150.0,Long On
1654289,139,3.68,1,1,0,511,7,1,76650,,39481,County Championship 2026,2,31,Somerset Men,48,Surrey Men,8851500,2026-09-26T14:52:51Z,3,3,False,,,,2709,Mahipal Lomror,456,Craig Overton,5,Tom Abell,Right,0,0,0,0,,LengthBall,OutsideOff,,None,FrontFoot,ForwardDefensive,StockBall,Round,Orthodox,Left,Null,NotReferred,Null,False,False,False,False,False,True,,False,False,False,False,False,False,0,0,0,0,0,False,False,241.0,38.0,Mid Off
1654289,139,3.68,1,1,0,511,7,1,76650,,39481,County Championship 2026,2,31,Somerset Men,48,Surrey Men,8851503,2026-09-26T14:53:08Z,4,835,False,,,,2709,Mahipal Lomror,456,Craig Overton,5,Tom Abell,Right,0,0,0,0,,LengthBall,OutsideOff,,OutsideEdge,DownTheTrack,ForwardDefensive,StockBall,Round,Orthodox,Left,Null,NotReferred,Null,False,False,False,False,False,True,,False,False,False,False,False,False,0,0,0,0,0,False,True,119.0,8.0,First Slip
1654289,139,3.68,1,1,0,511,7,1,76650,,39481,County Championship 2026,2,31,Somerset Men,48,Surrey Men,8851507,2026-09-26T14:53:27Z,5,836,True,Caught,456.0,Craig Overton,2709,Mahipal Lomror,456,Craig Overton,5,Tom Abell,Right,0,0,0,0,Caught,LengthBall,OutsideOff,Caught,MisTimed,FrontFoot,Slog,StockBall,Round,Orthodox,Left,Null,NotReferred,Null,False,False,False,False,False,True,1842.0,False,False,False,False,False,False,0,0,0,0,0,False,True,254.0,127.0,Long Off
1654289,139,3.68,1,1,0,511,7,1,76650,,39481,County Championship 2026,2,31,Somerset Men,48,Surrey Men,8851514,2026-09-26T14:55:19Z,6,837,False,,,,2709,Mahipal Lomror,7,Lewis Gregory,5,Tom Abell,Right,0,0,0,0,,LengthBall,OutsideOff,,None,FrontFoot,ForwardDefensive,StockBall,Round,Orthodox,Left,Null,NotReferred,Null,False,False,False,False,False,True,,False,False,False,False,False,False,0,0,0,0,0,False,False,258.0,37.0,Mid Off
1654293,140,3.66,1,0,0,512,7,1,76650,,39481,County Championship 2026,2,31,Somerset Men,48,Surrey Men,8851518,2026-09-26T14:56:05Z,1,838,False,,,,13942,Adam Thomas,5,Tom Abell,7,Lewis Gregory,Right,0,0,0,0,,LengthBall,OutsideOff,,None,FrontFoot,ForwardDefensive,NoMovement,Over,Medium,Right,Null,NotReferred,Null,False,False,False,False,False,True,,False,False,False,False,False,False,0,0,0,0,0,False,False,271.0,39.0,Bowler
1654293,140,3.66,1,0,0,512,7,1,76650,,39481,County Championship 2026,2,31,Somerset Men,48,Surrey Men,8851525,2026-09-26T14:56:32Z,2,839,False,,,,13942,Adam Thomas,5,Tom Abell,7,Lewis Gregory,Right,0,0,0,0,,LengthBall,OutsideOff,,None,FrontFoot,ForwardDefensive,NoMovement,Over,Medium,Right,Null,NotReferred,Null,False,False,False,False,False,True,,False,False,False,False,False,False,0,0,0,0,0,False,False,209.0,54.0,Cover
1654293,140,3.66,1,0,0,512,7,1,76650,,39481,County Championship 2026,2,31,Somerset Men,48,Surrey Men,8851526,2026-09-26T14:56:59Z,3,840,False,,,,13942,Adam Thomas,5,Tom Abell,7,Lewis Gregory,Right,0,0,0,0,,HalfVolley,OutsideOff,,MisTimed,FrontFoot,Drive,NoMovement,Over,Medium,Right,Null,NotReferred,Null,False,False,False,False,False,True,,False,False,False,False,False,False,0,0,0,0,0,False,False,267.0,35.0,Bowler
1654293,140,3.66,1,0,0,512,7,1,76650,,39481,County Championship 2026,2,31,Somerset Men,48,Surrey Men,8851529,2026-09-26T14:57:21Z,4,841,False,,,,13942,Adam Thomas,5,Tom Abell,7,Lewis Gregory,Right,1,0,1,1,,BackOfALength,Wide,,WellTimed,BackFoot,Cut,NoMovement,Over,Medium,Right,Null,NotReferred,Null,False,False,False,False,False,True,,False,False,False,False,False,False,1,0,0,0,0,False,False,171.0,141.0,Deep Backward Point
1654293,140,3.66,1,0,0,512,7,1,76650,,39481,County Championship 2026,2,31,Somerset Men,48,Surrey Men,8851534,2026-09-26T14:57:56Z,5,842,False,,,,13942,Adam Thomas,7,Lewis Gregory,5,Tom Abell,Right,0,0,0,0,,LengthBall,OutsideOff,,None,FrontFoot,Drive,NoMovement,Over,Medium,Right,Null,NotReferred,Null,False,False,False,False,False,True,,False,False,False,False,False,False,0,0,0,0,0,False,False,212.0,56.0,Extra Cover
1654293,140,3.66,1,0,0,512,7,1,76650,,39481,County Championship 2026,2,31,Somerset Men,48,Surrey Men,8851536,2026-09-26T14:58:16Z,6,843,False,,,,13942,Adam Thomas,7,Lewis Gregory,5,Tom Abell,Right,0,0,0,0,,BackOfALength,OutsideOff,,None,BackFoot,BackwardDefensive,NoMovement,Over,Medium,Right,Null,NotReferred,Null,False,False,False,False,False,True,,False,False,False,False,False,False,0,0,0,0,0,False,False,269.0,42.0,Bowler
1654297,141,3.69,8,0,0,520,7,8,76650,,39481,County Championship 2026,2,31,Somerset Men,48,Surrey Men,8851543,2026-09-26T14:59:13Z,1,1,False,,,,2709,Mahipal Lomror,5,Tom Abell,7,Lewis Gregory,Right,0,0,0,0,,BackOfALength,OutsideOff,,WellTimed,BackFoot,Cut,StockBall,Round,Orthodox,Left,Null,NotReferred,Null,False,False,False,False,False,True,,False,False,False,False,False,False,0,0,0,0,0,False,False,214.0,70.0,Extra Cover
1654297,141,3.69,8,0,0,520,7,8,76650,,39481,County Championship 2026,2,31,Somerset Men,48,Surrey Men,8851547,2026-09-26T14:59:28Z,2,845,False,,,,2709,Mahipal Lomror,5,Tom Abell,7,Lewis Gregory,Right,1,0,1,1,,BackOfALength,OutsideOff,,WellTimed,BackFoot,Cut,StockBall,Round,Orthodox,Left,Null,NotReferred,Null,False,False,False,False,False,True,,False,False,False,False,False,False,1,0,0,0,0,False,False,182.0,126.0,Deep Cover
1654297,141,3.69,8,0,0,520,7,8,76650,,39481,County Championship 2026,2,31,Somerset Men,48,Surrey Men,8851550,2026-09-26T14:59:57Z,3,3,False,,,,2709,Mahipal Lomror,7,Lewis Gregory,5,Tom Abell,Right,1,0,1,1,,LengthBall,OutsideOff,,OutsideEdge,BackFoot,BackwardDefensive,StockBall,Round,Orthodox,Left,Null,NotReferred,Null,False,False,False,False,False,True,,False,False,False,False,False,False,1,0,0,0,0,False,True,99.0,7.0,First Slip
1654297,141,3.69,8,0,0,520,7,8,76650,,39481,County Championship 2026,2,31,Somerset Men,48,Surrey Men,8851554,2026-09-26T15:00:26Z,4,847,False,,,,2709,Mahipal Lomror,5,Tom Abell,7,Lewis Gregory,Right,0,0,0,0,,LengthBall,OutsideOff,,None,FrontFoot,ForwardDefensive,StockBall,Round,Orthodox,Left,Null,NotReferred,Null,False,False,False,False,False,True,,False,False,False,False,False,False,0,0,0,0,0,False,False,4.0,20.0,Wicketkeeper
1654297,141,3.69,8,0,0,520,7,8,76650,,39481,County Championship 2026,2,31,Somerset Men,48,Surrey Men,8851559,2026-09-26T15:00:46Z,5,848,False,,,,2709,Mahipal Lomror,5,Tom Abell,7,Lewis Gregory,Right,4,0,4,4,,BackOfALength,OutsideOff,,ThickEdge,BackFoot,Cut,StockBall,Round,Orthodox,Left,Null,NotReferred,Null,False,False,False,False,False,True,,False,False,False,False,False,False,4,0,0,0,0,True,False,115.0,161.0,
1654297,141,3.69,8,0,0,520,7,8,76650,,39481,County Championship 2026,2,31,Somerset Men,48,Surrey Men,8851565,2026-09-26T15:01:20Z,6,849,False,,,,2709,Mahipal Lomror,5,Tom Abell,7,Lewis Gregory,Right,2,0,2,2,,HalfVolley,OffStump,,WellTimed,FrontFoot,Drive,StockBall,Round,Orthodox,Left,Null,NotReferred,Null,False,False,False,False,False,True,,False,False,False,False,False,False,2,0,0,0,0,False,False,302.0,170.0,Deep Mid Wicket
1654302,142,3.67,1,0,0,521,7,1,76650,,39481,County Championship 2026,2,31,Somerset Men,48,Surrey Men,8851574,2026-09-26T15:02:24Z,1,850,False,,,,13942,Adam Thomas,7,Lewis Gregory,5,Tom Abell,Right,0,0,0,0,,BackOfALength,OutsideOff,,None,BackFoot,BackwardDefensive,NoMovement,Over,Medium,Right,Null,NotReferred,Null,False,False,False,False,False,True,,False,False,False,False,False,False,0,0,0,0,0,False,False,267.0,42.0,Bowler
1654302,142,3.67,1,0,0,521,7,1,76650,,39481,County Championship 2026,2,31,Somerset Men,48,Surrey Men,8851576,2026-09-26T15:02:48Z,2,851,False,,,,13942,Adam Thomas,7,Lewis Gregory,5,Tom Abell,Right,0,0,0,0,,LengthBall,OutsideOff,,None,FrontFoot,ForwardDefensive,NoMovement,Over,Medium,Right,Null,NotReferred,Null,False,False,False,False,False,True,,False,False,False,False,False,False,0,0,0,0,0,False,False,285.0,57.0,Mid On
1654302,142,3.67,1,0,0,521,7,1,76650,,39481,County Championship 2026,2,31,Somerset Men,48,Surrey Men,8851581,2026-09-26T15:03:15Z,3,852,False,,,,13942,Adam Thomas,7,Lewis Gregory,5,Tom Abell,Right,1,0,1,1,,BackOfALength,OutsideOff,,None,BackFoot,Cut,NoMovement,Over,Medium,Right,Null,NotReferred,Null,False,False,False,False,False,True,,False,False,False,False,False,False,1,0,0,0,0,False,False,184.0,142.0,Deep Cover
1654302,142,3.67,1,0,0,521,7,1,76650,,39481,County Championship 2026,2,31,Somerset Men,48,Surrey Men,8851586,2026-09-26T15:03:36Z,4,853,False,,,,13942,Adam Thomas,5,Tom Abell,7,Lewis Gregory,Right,0,0,0,0,,HalfVolley,OutsideOff,,WellTimed,FrontFoot,Drive,NoMovement,Over,Medium,Right,Null,NotReferred,Null,False,False,False,False,False,True,,False,False,False,False,False,False,0,0,0,0,0,False,False,269.0,42.0,Bowler
1654302,142,3.67,1,0,0,521,7,1,76650,,39481,County Championship 2026,2,31,Somerset Men,48,Surrey Men,8851591,2026-09-26T15:04:04Z,5,854,False,,,,13942,Adam Thomas,5,Tom Abell,7,Lewis Gregory,Right,0,0,0,0,,HalfVolley,OutsideOff,,None,FrontFoot,Drive,NoMovement,Over,Medium,Right,Null,NotReferred,Null,False,False,False,False,False,True,,False,False,False,False,False,False,0,0,0,0,0,False,False,232.0,47.0,Extra Cover
1654302,142,3.67,1,0,0,521,7,1,76650,,39481,County Championship 2026,2,31,Somerset Men,48,Surrey Men,8851596,2026-09-26T15:04:27Z,6,855,False,,,,13942,Adam Thomas,5,Tom Abell,7,Lewis Gregory,Right,0,0,0,0,,HalfVolley,OutsideOff,,None,FrontFoot,Drive,NoMovement,Over,Medium,Right,Null,NotReferred,Null,False,False,False,False,False,True,,False,False,False,False,False,False,0,0,0,0,0,False,False,221.0,63.0,Extra Cover
1654308,143,3.67,4,0,0,525,7,4,76650,,39481,County Championship 2026,2,31,Somerset Men,48,Surrey Men,8851605,2026-09-26T15:05:21Z,1,856,False,,,,2709,Mahipal Lomror,7,Lewis Gregory,5,Tom Abell,Right,0,0,0,0,,LengthBall,OffStump,,None,FrontFoot,ForwardDefensive,StockBall,Round,Orthodox,Left,Null,NotReferred,Null,False,False,False,False,False,True,,False,False,False,False,False,False,0,0,0,0,0,False,False,284.0,45.0,Bowler
1654308,143,3.67,4,0,0,525,7,4,76650,,39481,County Championship 2026,2,31,Somerset Men,48,Surrey Men,8851608,2026-09-26T15:05:37Z,2,857,False,,,,2709,Mahipal Lomror,7,Lewis Gregory,5,Tom Abell,Right,4,0,4,4,,LengthBall,OffStump,,WellTimed,DownTheTrack,Drive,StockBall,Round,Orthodox,Left,Null,NotReferred,Null,False,False,False,False,False,True,,False,False,False,False,False,False,4,0,0,0,0,True,False,274.0,180.0,
1654308,143,3.67,4,0,0,525,7,4,76650,,39481,County Championship 2026,2,31,Somerset Men,48,Surrey Men,8851614,2026-09-26T15:06:25Z,3,858,False,,,,2709,Mahipal Lomror,7,Lewis Gregory,5,Tom Abell,Right,0,0,0,0,,BackOfALength,OutsideOff,,Missed,BackFoot,Cut,StockBall,Round,Orthodox,Left,Null,NotReferred,Null,False,False,False,False,False,True,,False,False,False,False,False,False,0,0,0,0,0,False,False,,,Wicketkeeper
1654308,143,3.67,4,0,0,525,7,4,76650,,39481,County Championship 2026,2,31,Somerset Men,48,Surrey Men,8851616,2026-09-26T15:06:42Z,4,859,False,,,,2709,Mahipal Lomror,7,Lewis Gregory,5,Tom Abell,Right,0,0,0,0,,LengthBall,OutsideOff,,None,FrontFoot,ForwardDefensive,StockBall,Round,Orthodox,Left,Null,NotReferred,Null,False,False,False,False,False,True,,False,False,False,False,False,False,0,0,0,0,0,False,False,191.0,36.0,Cover
1654308,143,3.67,4,0,0,525,7,4,76650,,39481,County Championship 2026,2,31,Somerset Men,48,Surrey Men,8851621,2026-09-26T15:06:59Z,5,860,False,,,,2709,Mahipal Lomror,7,Lewis Gregory,5,Tom Abell,Right,0,0,0,0,,LengthBall,OffStump,,None,FrontFoot,ForwardDefensive,StockBall,Round,Orthodox,Left,Null,NotReferred,Null,False,False,False,False,False,True,,False,False,False,False,False,False,0,0,0,0,0,False,False,199.0,12.0,Wicketkeeper
1654308,143,3.67,4,0,0,525,7,4,76650,,39481,County Championship 2026,2,31,Somerset Men,48,Surrey Men,8851625,2026-09-26T15:07:21Z,6,861,False,,,,2709,Mahipal Lomror,7,Lewis Gregory,5,Tom Abell,Right,0,0,0,0,,HalfVolley,OffStump,,None,BackFoot,BackwardDefensive,StockBall,Round,Orthodox,Left,Null,NotReferred,Null,False,False,False,False,False,True,,False,False,False,False,False,False,0,0,0,0,0,False,False,225.0,29.0,Extra Cover
1654314,144,3.65,0,0,0,525,7,0,76650,,39481,County Championship 2026,2,31,Somerset Men,48,Surrey Men,8851635,2026-09-26T15:08:27Z,1,862,False,,,,13942,Adam Thomas,5,Tom Abell,7,Lewis Gregory,Right,0,0,0,0,,LengthBall,OutsideOff,,WellTimed,FrontFoot,Drive,NoMovement,Over,Medium,Right,Null,NotReferred,Null,False,False,False,False,False,True,,False,False,False,False,False,False,0,0,0,0,0,False,False,214.0,58.0,Extra Cover
1654314,144,3.65,0,0,0,525,7,0,76650,,39481,County Championship 2026,2,31,Somerset Men,48,Surrey Men,8851641,2026-09-26T15:08:55Z,2,863,False,,,,13942,Adam Thomas,5,Tom Abell,7,Lewis Gregory,Right,0,0,0,0,,LengthBall,OutsideOff,,None,BackFoot,BackwardDefensive,NoMovement,Over,Medium,Right,Null,NotReferred,Null,False,False,False,False,False,True,,False,False,False,False,False,False,0,0,0,0,0,False,False,190.0,49.0,Cover
1654314,144,3.65,0,0,0,525,7,0,76650,,39481,County Championship 2026,2,31,Somerset Men,48,Surrey Men,8851645,2026-09-26T15:09:14Z,3,864,False,,,,13942,Adam Thomas,5,Tom Abell,7,Lewis Gregory,Right,0,0,0,0,,HalfVolley,OffStump,,WellTimed,FrontFoot,Drive,NoMovement,Over,Medium,Right,Null,NotReferred,Null,False,False,False,False,False,True,,False,False,False,False,False,False,0,0,0,0,0,False,False,296.0,60.0,Mid On
1654314,144,3.65,0,0,0,525,7,0,76650,,39481,County Championship 2026,2,31,Somerset Men,48,Surrey Men,8851647,2026-09-26T15:09:38Z,4,4,False,,,,13942,Adam Thomas,5,Tom Abell,7,Lewis Gregory,Right,0,0,0,0,,LengthBall,OutsideOff,,None,FrontFoot,ForwardDefensive,NoMovement,Over,Medium,Right,Null,NotReferred,Null,False,False,False,False,False,True,,False,False,False,False,False,False,0,0,0,0,0,False,False,284.0,56.0,Mid On
1654314,144,3.65,0,0,0,525,7,0,76650,,39481,County Championship 2026,2,31,Somerset Men,48,Surrey Men,8851650,2026-09-26T15:09:59Z,5,866,False,,,,13942,Adam Thomas,5,Tom Abell,7,Lewis Gregory,Right,0,0,0,0,,LengthBall,OutsideOff,,None,BackFoot,Worked,NoMovement,Over,Medium,Right,Null,NotReferred,Null,False,False,False,False,False,True,,False,False,False,False,False,False,0,0,0,0,0,False,False,339.0,55.0,Square Leg
1654314,144,3.65,0,0,0,525,7,0,76650,,39481,County Championship 2026,2,31,Somerset Men,48,Surrey Men,8851654,2026-09-26T15:10:21Z,6,867,False,,,,13942,Adam Thomas,5,Tom Abell,7,Lewis Gregory,Right,0,0,0,0,,BackOfALength,OutsideOff,,WellTimed,BackFoot,Cut,NoMovement,Over,Medium,Right,Null,NotReferred,Null,False,False,False,False,False,True,,False,False,False,False,False,False,0,0,0,0,0,False,False,160.0,61.0,Backward Point
1654319,145,3.66,6,0,0,531,7,6,76650,,39481,County Championship 2026,2,31,Somerset Men,48,Surrey Men,8851661,2026-09-26T15:11:14Z,1,868,False,,,,2709,Mahipal Lomror,7,Lewis Gregory,5,Tom Abell,Right,0,0,0,0,,LengthBall,OutsideOff,,None,FrontFoot,ForwardDefensive,StockBall,Round,Orthodox,Left,Null,NotReferred,Null,False,False,False,False,False,True,,False,False,False,False,False,False,0,0,0,0,0,False,False,156.0,50.0,Backward Point
1654319,145,3.66,6,0,0,531,7,6,76650,,39481,County Championship 2026,2,31,Somerset Men,48,Surrey Men,8851664,2026-09-26T15:11:24Z,2,2,False,,,,2709,Mahipal Lomror,7,Lewis Gregory,5,Tom Abell,Right,6,0,6,6,,LengthBall,OutsideOff,,WellTimed,DownTheTrack,Slog,StockBall,Round,Orthodox,Left,Null,NotReferred,Null,False,False,False,False,True,True,,False,False,False,False,False,False,6,0,0,0,0,True,False,272.0,180.0,
1654319,145,3.66,6,0,0,531,7,6,76650,,39481,County Championship 2026,2,31,Somerset Men,48,Surrey Men,8851671,2026-09-26T15:12:03Z,3,870,False,,,,2709,Mahipal Lomror,7,Lewis Gregory,5,Tom Abell,Right,0,0,0,0,,LengthBall,OffStump,,None,FrontFoot,ForwardDefensive,StockBall,Round,Orthodox,Left,Null,NotReferred,Null,False,False,False,False,False,True,,False,False,False,False,False,False,0,0,0,0,0,False,False,264.0,41.0,Bowler
1654319,145,3.66,6,0,0,531,7,6,76650,,39481,County Championship 2026,2,31,Somerset Men,48,Surrey Men,8851675,2026-09-26T15:12:19Z,4,871,False,,,,2709,Mahipal Lomror,7,Lewis Gregory,5,Tom Abell,Right,0,0,0,0,,LengthBall,OutsideOff,,None,FrontFoot,ForwardDefensive,StockBall,Round,Orthodox,Left,Null,NotReferred,Null,False,False,False,False,False,True,,False,False,False,False,False,False,0,0,0,0,0,False,False,164.0,40.0,Backward Point
1654319,145,3.66,6,0,0,531,7,6,76650,,39481,County Championship 2026,2,31,Somerset Men,48,Surrey Men,8851677,2026-09-26T15:12:36Z,5,872,False,,,,2709,Mahipal Lomror,7,Lewis Gregory,5,Tom Abell,Right,0,0,0,0,,BackOfALength,OutsideOff,,WellTimed,BackFoot,Worked,StockBall,Round,Orthodox,Left,Null,NotReferred,Null,False,False,False,False,False,True,,False,False,False,False,False,False,0,0,0,0,0,False,False,322.0,52.0,Mid Wicket
1654319,145,3.66,6,0,0,531,7,6,76650,,39481,County Championship 2026,2,31,Somerset Men,48,Surrey Men,8851681,2026-09-26T15:12:56Z,6,873,False,,,,2709,Mahipal Lomror,7,Lewis Gregory,5,Tom Abell,Right,0,0,0,0,,LengthBall,OutsideOff,,Left,NoMovement,Leave,StockBall,Round,Orthodox,Left,Null,NotReferred,Null,False,False,False,False,False,True,,False,False,False,False,False,False,0,0,0,0,0,False,False,,,Wicketkeeper
1654322,146,3.66,3,1,0,534,8,3,76650,,39481,County Championship 2026,2,31,Somerset Men,48,Surrey Men,8851685,2026-09-26T15:13:36Z,1,874,False,,,,13942,Adam Thomas,5,Tom Abell,7,Lewis Gregory,Right,1,0,1,1,,BackOfALength,OutsideOff,,WellTimed,BackFoot,Worked,NoMovement,Over,Medium,Right,Null,NotReferred,Null,False,False,False,False,False,True,,False,False,False,False,False,False,1,0,0,0,0,False,False,18.0,140.0,Deep Backward Square Leg
1654322,146,3.66,3,1,0,534,8,3,76650,,39481,County Championship 2026,2,31,Somerset Men,48,Surrey Men,8851694,2026-09-26T15:14:15Z,2,875,True,Caught,7.0,Lewis Gregory,13942,Adam Thomas,7,Lewis Gregory,5,Tom Abell,Right,0,0,0,0,Caught,HalfVolley,OutsideOff,Caught,WellTimed,FrontFoot,Drive,NoMovement,Over,Medium,Right,Null,NotReferred,Null,False,False,False,False,False,True,1825.0,False,False,False,False,False,False,0,0,0,0,0,False,True,269.0,42.0,Bowler
1654322,146,3.66,3,1,0,534,8,3,76650,,39481,County Championship 2026,2,31,Somerset Men,48,Surrey Men,8851710,2026-09-26T15:16:25Z,3,876,False,,,,13942,Adam Thomas,2675,Migael Pretorius,5,Tom Abell,Right,0,0,0,0,,LengthBall,OutsideOff,,None,FrontFoot,Drive,NoMovement,Over,Medium,Right,Null,NotReferred,Null,False,False,False,False,False,True,,False,False,False,False,False,False,0,0,0,0,0,False,False,206.0,40.0,Cover
1654322,146,3.66,3,1,0,534,8,3,76650,,39481,County Championship 2026,2,31,Somerset Men,48,Surrey Men,8851712,2026-09-26T15:16:47Z,4,877,False,,,,13942,Adam Thomas,2675,Migael Pretorius,5,Tom Abell,Right,1,0,1,1,,BackOfALength,OutsideOff,,WellTimed,BackFoot,Cut,NoMovement,Over,Medium,Right,Null,NotReferred,Null,False,False,False,False,False,True,,False,False,False,False,False,False,1,0,0,0,0,False,False,116.0,158.0,Third Man
1654322,146,3.66,3,1,0,534,8,3,76650,,39481,County Championship 2026,2,31,Somerset Men,48,Surrey Men,8851716,2026-09-26T15:17:14Z,5,878,False,,,,13942,Adam Thomas,5,Tom Abell,2675,Migael Pretorius,Right,1,0,1,1,,FullToss,OutsideOff,,WellTimed,FrontFoot,Drive,NoMovement,Over,Medium,Right,Null,NotReferred,Null,False,False,False,False,False,True,,False,False,False,False,False,False,1,0,0,0,0,False,False,195.0,152.0,Deep Cover
1654322,146,3.66,3,1,0,534,8,3,76650,,39481,County Championship 2026,2,31,Somerset Men,48,Surrey Men,8851720,2026-09-26T15:17:40Z,6,879,False,,,,13942,Adam Thomas,2675,Migael Pretorius,5,Tom Abell,Right,0,0,0,0,,BackOfALength,OutsideOff,,None,BackFoot,BackwardDefensive,NoMovement,Over,Medium,Right,Null,NotReferred,Null,False,False,False,False,False,True,,False,False,False,False,False,False,0,0,0,0,0,False,False,259.0,37.0,Bowler
1654329,147,3.65,2,0,0,536,8,2,76650,,39481,County Championship 2026,2,31,Somerset Men,48,Surrey Men,8851729,2026-09-26T15:18:44Z,1,880,False,,,,2709,Mahipal Lomror,5,Tom Abell,2675,Migael Pretorius,Right,1,0,1,1,,LengthBall,OffStump,,None,BackFoot,Worked,StockBall,Round,Orthodox,Left,Null,NotReferred,Null,False,False,False,False,False,True,,False,False,False,False,False,False,1,0,0,0,0,False,False,341.0,127.0,Deep Square Leg
1654329,147,3.65,2,0,0,536,8,2,76650,,39481,County Championship 2026,2,31,Somerset Men,48,Surrey Men,8851734,2026-09-26T15:19:19Z,2,881,False,,,,2709,Mahipal Lomror,2675,Migael Pretorius,5,Tom Abell,Right,0,0,0,0,,HalfVolley,OffStump,,None,FrontFoot,ForwardDefensive,StockBall,Round,Orthodox,Left,Null,NotReferred,Null,False,False,False,False,False,True,,False,False,False,False,False,False,0,0,0,0,0,False,False,285.0,54.0,Mid On
1654329,147,3.65,2,0,0,536,8,2,76650,,39481,County Championship 2026,2,31,Somerset Men,48,Surrey Men,8851739,2026-09-26T15:19:35Z,3,882,False,,,,2709,Mahipal Lomror,2675,Migael Pretorius,5,Tom Abell,Right,1,0,1,1,,BackOfALength,OutsideOff,,WellTimed,BackFoot,Cut,StockBall,Round,Orthodox,Left,Null,NotReferred,Null,False,False,False,False,False,True,,False,False,False,False,False,False,1,0,0,0,0,False,False,180.0,104.0,Deep Cover
1654329,147,3.65,2,0,0,536,8,2,76650,,39481,County Championship 2026,2,31,Somerset Men,48,Surrey Men,8851745,2026-09-26T15:19:59Z,4,883,False,,,,2709,Mahipal Lomror,5,Tom Abell,2675,Migael Pretorius,Right,0,0,0,0,,BackOfALength,OutsideOff,,MisTimed,BackFoot,Cut,StockBall,Round,Orthodox,Left,Null,NotReferred,Null,False,False,False,False,False,True,,False,False,False,False,False,False,0,0,0,0,0,False,False,264.0,44.0,Bowler
1654329,147,3.65,2,0,0,536,8,2,76650,,39481,County Championship 2026,2,31,Somerset Men,48,Surrey Men,8851746,2026-09-26T15:20:16Z,5,884,False,,,,2709,Mahipal Lomror,5,Tom Abell,2675,Migael Pretorius,Right,0,0,0,0,,LengthBall,OutsideOff,,Missed,FrontFoot,ForwardDefensive,StockBall,Round,Orthodox,Left,Null,NotReferred,Null,False,False,False,False,False,True,,False,False,False,False,False,False,0,0,0,0,0,False,False,,,Wicketkeeper
1654329,147,3.65,2,0,0,536,8,2,76650,,39481,County Championship 2026,2,31,Somerset Men,48,Surrey Men,8851751,2026-09-26T15:20:43Z,6,885,False,,,,2709,Mahipal Lomror,5,Tom Abell,2675,Migael Pretorius,Right,0,0,0,0,,LengthBall,OutsideOff,,None,FrontFoot,ForwardDefensive,StockBall,Round,Orthodox,Left,Null,NotReferred,Null,False,False,False,False,False,True,,False,False,False,False,False,False,0,0,0,0,0,False,False,219.0,33.0,Extra Cover
1654334,148,3.69,10,0,0,546,8,10,76650,,39481,County Championship 2026,2,31,Somerset Men,48,Surrey Men,8851758,2026-09-26T15:21:29Z,1,886,False,,,,13942,Adam Thomas,2675,Migael Pretorius,5,Tom Abell,Right,1,0,1,1,,BackOfALength,OutsideOff,,WellTimed,BackFoot,Cut,NoMovement,Over,Medium,Right,Null,NotReferred,Null,False,False,False,False,False,True,,False,False,False,False,False,False,1,0,0,0,0,False,False,184.0,147.0,Deep Cover
1654334,148,3.69,10,0,0,546,8,10,76650,,39481,County Championship 2026,2,31,Somerset Men,48,Surrey Men,8851761,2026-09-26T15:21:56Z,2,887,False,,,,13942,Adam Thomas,5,Tom Abell,2675,Migael Pretorius,Right,4,0,4,4,,BackOfALength,OutsideOff,,WellTimed,BackFoot,Pull,NoMovement,Over,Medium,Right,Null,NotReferred,Null,False,False,False,False,True,True,,False,False,False,False,False,False,4,0,0,0,0,True,False,320.0,176.0,
1654334,148,3.69,10,0,0,546,8,10,76650,,39481,County Championship 2026,2,31,Somerset Men,48,Surrey Men,8851768,2026-09-26T15:22:34Z,3,888,False,,,,13942,Adam Thomas,5,Tom Abell,2675,Migael Pretorius,Right,4,0,4,4,,LengthBall,OutsideOff,,WellTimed,BackFoot,LateCut,NoMovement,Over,Medium,Right,Null,NotReferred,Null,False,False,False,False,False,True,,False,False,False,False,False,False,4,0,0,0,0,True,False,100.0,160.0,
1654334,148,3.69,10,0,0,546,8,10,76650,,39481,County Championship 2026,2,31,Somerset Men,48,Surrey Men,8851774,2026-09-26T15:23:12Z,4,889,False,,,,13942,Adam Thomas,5,Tom Abell,2675,Migael Pretorius,Right,0,0,0,0,,LengthBall,OutsideOff,,None,BackFoot,Cut,NoMovement,Over,Medium,Right,Null,NotReferred,Null,False,False,False,False,False,True,,False,False,False,False,False,False,0,0,0,0,0,False,False,174.0,65.0,Backward Point
1654334,148,3.69,10,0,0,546,8,10,76650,,39481,County Championship 2026,2,31,Somerset Men,48,Surrey Men,8851778,2026-09-26T15:23:35Z,5,890,False,,,,13942,Adam Thomas,5,Tom Abell,2675,Migael Pretorius,Right,0,0,0,0,,BackOfALength,OutsideOff,,None,BackFoot,BackwardDefensive,NoMovement,Over,Medium,Right,Null,NotReferred,Null,False,False,False,False,False,True,,False,False,False,False,False,False,0,0,0,0,0,False,False,231.0,45.0,Extra Cover
1654334,148,3.69,10,0,0,546,8,10,76650,,39481,County Championship 2026,2,31,Somerset Men,48,Surrey Men,8851780,2026-09-26T15:23:58Z,6,891,False,,,,13942,Adam Thomas,5,Tom Abell,2675,Migael Pretorius,Right,1,0,1,1,,LengthBall,OutsideOff,,WellTimed,FrontFoot,Drive,NoMovement,Over,Medium,Right,Null,NotReferred,Null,False,False,False,False,False,True,,False,False,False,False,False,False,1,0,0,0,0,False,False,255.0,74.0,Mid Off
1654339,149,3.75,13,0,0,559,8,13,76650,,39481,County Championship 2026,2,31,Somerset Men,48,Surrey Men,8851788,2026-09-26T15:24:56Z,1,892,False,,,,2709,Mahipal Lomror,5,Tom Abell,2675,Migael Pretorius,Right,1,0,1,1,,BackOfALength,OutsideOff,,None,BackFoot,Worked,StockBall,Round,Orthodox,Left,Null,NotReferred,Null,False,False,False,False,False,True,,False,False,False,False,False,False,1,0,0,0,0,False,False,301.0,133.0,Deep Mid Wicket
1654339,149,3.75,13,0,0,559,8,13,76650,,39481,County Championship 2026,2,31,Somerset Men,48,Surrey Men,8851793,2026-09-26T15:25:20Z,2,893,False,,,,2709,Mahipal Lomror,2675,Migael Pretorius,5,Tom Abell,Right,0,0,0,0,,LengthBall,OutsideOff,,None,BackFoot,BackwardDefensive,StockBall,Round,Orthodox,Left,Null,NotReferred,Null,False,False,False,False,False,True,,False,False,False,False,False,False,0,0,0,0,0,False,False,315.0,53.0,Mid Wicket
1654339,149,3.75,13,0,0,559,8,13,76650,,39481,County Championship 2026,2,31,Somerset Men,48,Surrey Men,8851794,2026-09-26T15:25:37Z,3,3,False,,,,2709,Mahipal Lomror,2675,Migael Pretorius,5,Tom Abell,Right,6,0,6,6,,LengthBall,OffStump,,Middled,FrontFoot,Slog,StockBall,Round,Orthodox,Left,Null,NotReferred,Null,False,False,False,False,True,True,,False,False,False,False,False,False,6,0,0,0,0,True,False,317.0,177.0,
1654339,149,3.75,13,0,0,559,8,13,76650,,39481,County Championship 2026,2,31,Somerset Men,48,Surrey Men,8851799,2026-09-26T15:26:09Z,4,895,False,,,,2709,Mahipal Lomror,2675,Migael Pretorius,5,Tom Abell,Right,6,0,6,6,,HalfVolley,OffStump,,Middled,FrontFoot,Slog,StockBall,Round,Orthodox,Left,Null,NotReferred,Null,False,False,False,False,True,True,,False,False,False,False,False,False,6,0,0,0,0,True,False,294.0,179.0,
1654339,149,3.75,13,0,0,559,8,13,76650,,39481,County Championship 2026,2,31,Somerset Men,48,Surrey Men,8851805,2026-09-26T15:26:41Z,5,896,False,,,,2709,Mahipal Lomror,2675,Migael Pretorius,5,Tom Abell,Right,0,0,0,0,,LengthBall,OutsideOff,,None,FrontFoot,Drive,StockBall,Round,Orthodox,Left,Null,NotReferred,Null,False,False,False,False,False,True,,False,False,False,False,False,False,0,0,0,0,0,False,False,192.0,65.0,Cover
1654339,149,3.75,13,0,0,559,8,13,76650,,39481,County Championship 2026,2,31,Somerset Men,48,Surrey Men,8851809,2026-09-26T15:27:01Z,6,897,False,,,,2709,Mahipal Lomror,2675,Migael Pretorius,5,Tom Abell,Right,0,0,0,0,,BackOfALength,OutsideOff,,None,BackFoot,Cut,StockBall,Round,Orthodox,Left,Null,NotReferred,Null,False,False,False,False,False,True,,False,False,False,False,False,False,0,0,0,0,0,False,False,157.0,56.0,Backward Point
1654344,150,3.73,1,0,0,560,8,1,76650,,39481,County Championship 2026,2,31,Somerset Men,48,Surrey Men,8851823,2026-09-26T15:28:43Z,1,898,False,,,,1208,Reece Topley,5,Tom Abell,2675,Migael Pretorius,Right,1,0,1,1,,Short,DownLeg,,WellTimed,BackFoot,Pull,NoMovement,Over,Medium,Left,Null,NotReferred,Null,False,False,False,False,False,True,,False,False,False,False,False,False,1,0,0,0,0,False,False,,168.0,Deep Backward Square Leg
1654344,150,3.73,1,0,0,560,8,1,76650,,39481,County Championship 2026,2,31,Somerset Men,48,Surrey Men,8851826,2026-09-26T15:29:25Z,2,899,False,,,,1208,Reece Topley,2675,Migael Pretorius,5,Tom Abell,Right,0,0,0,0,,BackOfALength,DownLeg,,None,BackFoot,BackwardDefensive,NoMovement,Over,Medium,Left,Null,NotReferred,Null,False,False,False,False,False,True,,False,False,False,False,False,False,0,0,0,0,0,False,False,290.0,38.0,Bowler
1654344,150,3.73,1,0,0,560,8,1,76650,,39481,County Championship 2026,2,31,Somerset Men,48,Surrey Men,8851832,2026-09-26T15:29:58Z,3,900,False,,,,1208,Reece Topley,2675,Migael Pretorius,5,Tom Abell,Right,0,0,0,0,,BackOfALength,OffStump,,None,BackFoot,Cut,NoMovement,Over,Medium,Left,Null,NotReferred,Null,False,False,False,False,False,True,,False,False,False,False,False,False,0,0,0,0,0,False,False,159.0,56.0,Backward Point
1654344,150,3.73,1,0,0,560,8,1,76650,,39481,County Championship 2026,2,31,Somerset Men,48,Surrey Men,8851838,2026-09-26T15:30:32Z,4,901,False,,,,1208,Reece Topley,2675,Migael Pretorius,5,Tom Abell,Right,0,0,0,0,,LengthBall,OffStump,,Left,NoMovement,Leave,NoMovement,Over,Medium,Left,Null,NotReferred,Null,False,False,False,False,False,True,,False,False,False,False,False,False,0,0,0,0,0,False,False,,,Wicketkeeper
1654344,150,3.73,1,0,0,560,8,1,76650,,39481,County Championship 2026,2,31,Somerset Men,48,Surrey Men,8851842,2026-09-26T15:31:08Z,5,902,False,,,,1208,Reece Topley,2675,Migael Pretorius,5,Tom Abell,Right,0,0,0,0,,LengthBall,OffStump,,Left,NoMovement,Leave,NoMovement,Over,Medium,Left,Null,NotReferred,Null,False,False,False,False,False,True,,False,False,False,False,False,False,0,0,0,0,0,False,False,,,Wicketkeeper
1654344,150,3.73,1,0,0,560,8,1,76650,,39481,County Championship 2026,2,31,Somerset Men,48,Surrey Men,8851846,2026-09-26T15:31:53Z,6,903,False,,,,1208,Reece Topley,2675,Migael Pretorius,5,Tom Abell,Right,0,0,0,0,,LengthBall,OffStump,,Left,NoMovement,Leave,NoMovement,Over,Medium,Left,Null,NotReferred,Null,False,False,False,False,False,True,,False,False,False,False,False,False,0,0,0,0,0,False,False,,,Wicketkeeper
1654352,151,3.75,6,0,0,566,8,6,76650,,39481,County Championship 2026,2,31,Somerset Men,48,Surrey Men,8851863,2026-09-26T15:35:53Z,1,904,False,,,,2709,Mahipal Lomror,5,Tom Abell,2675,Migael Pretorius,Right,1,0,1,1,,BackOfALength,OutsideOff,,WellTimed,BackFoot,Pull,StockBall,Round,Orthodox,Left,Null,NotReferred,Null,False,False,False,False,False,True,,False,False,False,False,False,False,1,0,0,0,0,False,False,319.0,148.0,Deep Mid Wicket
1654352,151,3.75,6,0,0,566,8,6,76650,,39481,County Championship 2026,2,31,Somerset Men,48,Surrey Men,8851865,2026-09-26T15:36:23Z,2,905,False,,,,2709,Mahipal Lomror,2675,Migael Pretorius,5,Tom Abell,Right,4,0,4,4,,BackOfALength,Wide,,WellTimed,BackFoot,Cut,StockBall,Round,Orthodox,Left,Null,NotReferred,Null,False,False,False,False,False,True,,False,False,False,False,False,False,4,0,0,0,0,True,False,214.0,176.0,
1654352,151,3.75,6,0,0,566,8,6,76650,,39481,County Championship 2026,2,31,Somerset Men,48,Surrey Men,8851868,2026-09-26T15:36:55Z,3,906,False,,,,2709,Mahipal Lomror,2675,Migael Pretorius,5,Tom Abell,Right,0,0,0,0,,BackOfALength,OutsideOff,,WellTimed,BackFoot,Cut,StockBall,Round,Orthodox,Left,Null,NotReferred,Null,False,False,False,False,False,True,,False,False,False,False,False,False,0,0,0,0,0,False,False,218.0,52.0,Extra Cover
1654352,151,3.75,6,0,0,566,8,6,76650,,39481,County Championship 2026,2,31,Somerset Men,48,Surrey Men,8851870,2026-09-26T15:37:10Z,4,907,False,,,,2709,Mahipal Lomror,2675,Migael Pretorius,5,Tom Abell,Right,0,0,0,0,,LengthBall,OutsideOff,,None,BackFoot,Drive,StockBall,Round,Orthodox,Left,Null,NotReferred,Null,False,False,False,False,False,True,,False,False,False,False,False,False,0,0,0,0,0,False,False,222.0,47.0,Extra Cover
1654352,151,3.75,6,0,0,566,8,6,76650,,39481,County Championship 2026,2,31,Somerset Men,48,Surrey Men,8851873,2026-09-26T15:37:24Z,5,908,False,,,,2709,Mahipal Lomror,2675,Migael Pretorius,5,Tom Abell,Right,0,0,0,0,,BackOfALength,OutsideOff,,None,BackFoot,Cut,StockBall,Round,Orthodox,Left,Null,NotReferred,Null,False,False,False,False,False,True,,False,False,False,False,False,False,0,0,0,0,0,False,False,234.0,42.0,Extra Cover
1654352,151,3.75,6,0,0,566,8,6,76650,,39481,County Championship 2026,2,31,Somerset Men,48,Surrey Men,8851881,2026-09-26T15:37:47Z,6,909,False,,,,2709,Mahipal Lomror,2675,Migael Pretorius,5,Tom Abell,Right,1,0,1,1,,BackOfALength,OutsideOff,,WellTimed,BackFoot,Cut,StockBall,Round,Orthodox,Left,Null,NotReferred,Null,False,False,False,False,False,True,,False,False,False,False,False,False,1,0,0,0,0,False,False,197.0,149.0,Deep Cover
1654355,152,3.78,8,0,0,574,8,8,76650,,39481,County Championship 2026,2,31,Somerset Men,48,Surrey Men,8851883,2026-09-26T15:38:47Z,1,910,False,,,,1208,Reece Topley,2675,Migael Pretorius,5,Tom Abell,Right,0,0,0,0,,BackOfALength,LegStump,,None,BackFoot,Cut,NoMovement,Over,Medium,Left,Null,NotReferred,Null,False,False,False,False,False,True,,False,False,False,False,False,False,0,0,0,0,0,False,False,168.0,64.0,Backward Point
1654355,152,3.78,8,0,0,574,8,8,76650,,39481,County Championship 2026,2,31,Somerset Men,48,Surrey Men,8851888,2026-09-26T15:39:32Z,2,911,False,,,,1208,Reece Topley,2675,Migael Pretorius,5,Tom Abell,Right,4,0,4,4,,LengthBall,DownLeg,,WellTimed,FrontFoot,Flick,NoMovement,Over,Medium,Left,Null,NotReferred,Null,False,False,False,False,False,True,,False,False,False,False,False,False,4,0,0,0,0,True,False,38.0,164.0,
1654355,152,3.78,8,0,0,574,8,8,76650,,39481,County Championship 2026,2,31,Somerset Men,48,Surrey Men,8851891,2026-09-26T15:40:11Z,3,912,False,,,,1208,Reece Topley,2675,Migael Pretorius,5,Tom Abell,Right,0,0,0,0,,BackOfALength,MiddleStump,,Left,NoMovement,Leave,NoMovement,Over,Medium,Left,Null,NotReferred,Null,False,False,False,False,False,True,,False,False,False,False,False,False,0,0,0,0,0,False,False,,,Wicketkeeper
1654355,152,3.78,8,0,0,574,8,8,76650,,39481,County Championship 2026,2,31,Somerset Men,48,Surrey Men,8851895,2026-09-26T15:40:42Z,4,913,False,,,,1208,Reece Topley,2675,Migael Pretorius,5,Tom Abell,Right,4,0,4,4,,LengthBall,DownLeg,,WellTimed,FrontFoot,Flick,NoMovement,Over,Medium,Left,Null,NotReferred,Null,False,False,False,False,False,True,,False,False,False,False,False,False,4,0,0,0,0,True,False,310.0,178.0,
1654355,152,3.78,8,0,0,574,8,8,76650,,39481,County Championship 2026,2,31,Somerset Men,48,Surrey Men,8851900,2026-09-26T15:41:28Z,5,914,False,,,,1208,Reece Topley,2675,Migael Pretorius,5,Tom Abell,Right,0,0,0,0,,BackOfALength,DownLeg,,None,BackFoot,BackwardDefensive,NoMovement,Over,Medium,Left,Null,NotReferred,Null,False,False,False,False,False,True,,False,False,False,False,False,False,0,0,0,0,0,False,False,258.0,37.0,Bowler
1654355,152,3.78,8,0,0,574,8,8,76650,,39481,County Championship 2026,2,31,Somerset Men,48,Surrey Men,8851905,2026-09-26T15:41:57Z,6,915,False,,,,1208,Reece Topley,2675,Migael Pretorius,5,Tom Abell,Right,0,0,0,0,,Short,OffStump,,BottomEdge,BackFoot,Cut,NoMovement,Over,Medium,Left,Null,NotReferred,Null,False,False,False,False,False,True,,False,False,False,False,False,False,0,0,0,0,0,False,False,75.0,7.0,Wicketkeeper
1654361,153,3.82,10,0,0,584,8,10,76650,,39481,County Championship 2026,2,31,Somerset Men,48,Surrey Men,8851910,2026-09-26T15:43:21Z,1,916,False,,,,2709,Mahipal Lomror,5,Tom Abell,2675,Migael Pretorius,Right,0,0,0,0,,LengthBall,DownLeg,,None,BackFoot,Drive,StockBall,Over,Orthodox,Left,Null,NotReferred,Null,False,False,False,False,False,True,,False,False,False,False,False,False,0,0,0,0,0,False,False,288.0,37.0,Bowler
1654361,153,3.82,10,0,0,584,8,10,76650,,39481,County Championship 2026,2,31,Somerset Men,48,Surrey Men,8851914,2026-09-26T15:43:42Z,2,917,False,,,,2709,Mahipal Lomror,5,Tom Abell,2675,Migael Pretorius,Right,1,0,1,1,,LengthBall,DownLeg,,WellTimed,FrontFoot,SlogSweep,StockBall,Over,Orthodox,Left,Null,NotReferred,Null,False,False,False,False,False,True,,False,False,False,False,False,False,1,0,0,0,0,False,True,344.0,168.0,Deep Square Leg
1654361,153,3.82,10,0,0,584,8,10,76650,,39481,County Championship 2026,2,31,Somerset Men,48,Surrey Men,8851917,2026-09-26T15:44:12Z,3,918,False,,,,2709,Mahipal Lomror,2675,Migael Pretorius,5,Tom Abell,Right,0,1,1,0,,LengthBall,DownLeg,,HitPad,FrontFoot,ReverseSweep,StockBall,Over,Orthodox,Left,Null,NotReferred,Null,False,False,False,True,False,True,,False,False,False,False,False,False,1,0,0,1,0,False,False,50.0,37.0,Short Fine Leg
1654361,153,3.82,10,0,0,584,8,10,76650,,39481,County Championship 2026,2,31,Somerset Men,48,Surrey Men,8851918,2026-09-26T15:44:36Z,4,919,False,,,,2709,Mahipal Lomror,5,Tom Abell,2675,Migael Pretorius,Right,1,0,1,1,,LengthBall,DownLeg,,WellTimed,BackFoot,Drive,StockBall,Over,Orthodox,Left,Null,NotReferred,Null,False,False,False,False,False,True,,False,False,False,False,False,False,1,0,0,0,0,False,False,242.0,136.0,Long Off
1654361,153,3.82,10,0,0,584,8,10,76650,,39481,County Championship 2026,2,31,Somerset Men,48,Surrey Men,8851921,2026-09-26T15:44:58Z,5,920,False,,,,2709,Mahipal Lomror,2675,Migael Pretorius,5,Tom Abell,Right,0,1,1,0,,BackOfALength,DownLeg,,HitPad,BackFoot,Worked,StockBall,Over,Orthodox,Left,Null,NotReferred,Null,False,False,False,True,False,True,,False,False,False,False,False,False,1,0,0,1,0,False,False,18.0,50.0,Backward Square Leg
1654361,153,3.82,10,0,0,584,8,10,76650,,39481,County Championship 2026,2,31,Somerset Men,48,Surrey Men,8851924,2026-09-26T15:45:20Z,6,921,False,,,,2709,Mahipal Lomror,5,Tom Abell,2675,Migael Pretorius,Right,6,0,6,6,,LengthBall,DownLeg,,Middled,FrontFoot,SlogSweep,StockBall,Over,Orthodox,Left,Null,NotReferred,Null,False,False,False,False,True,True,,False,False,False,False,False,False,6,0,0,0,0,True,False,346.0,172.0,
1654365,154,3.81,3,0,0,587,8,3,76650,,39481,County Championship 2026,2,31,Somerset Men,48,Surrey Men,8851930,2026-09-26T15:46:27Z,1,922,False,,,,1208,Reece Topley,2675,Migael Pretorius,5,Tom Abell,Right,1,0,1,1,,Short,DownLeg,,None,BackFoot,Pull,NoMovement,Over,Medium,Left,Null,NotReferred,Null,False,False,False,False,False,True,,False,False,False,False,False,False,1,0,0,0,0,False,False,343.0,164.0,Deep Square Leg
1654365,154,3.81,3,0,0,587,8,3,76650,,39481,County Championship 2026,2,31,Somerset Men,48,Surrey Men,8851936,2026-09-26T15:47:03Z,2,923,False,,,,1208,Reece Topley,5,Tom Abell,2675,Migael Pretorius,Right,0,0,0,0,,LengthBall,MiddleStump,,None,FrontFoot,Drive,NoMovement,Over,Medium,Left,Null,NotReferred,Null,False,False,False,False,False,True,,False,False,False,False,False,False,0,0,0,0,0,False,False,241.0,44.0,Mid Off
1654365,154,3.81,3,0,0,587,8,3,76650,,39481,County Championship 2026,2,31,Somerset Men,48,Surrey Men,8851939,2026-09-26T15:47:33Z,3,924,False,,,,1208,Reece Topley,5,Tom Abell,2675,Migael Pretorius,Right,0,0,0,0,,BackOfALength,LegStump,,None,BackFoot,Steer,NoMovement,Over,Medium,Left,Null,NotReferred,Null,False,False,False,False,False,True,,False,False,False,False,False,False,0,0,0,0,0,False,False,136.0,46.0,Gully
1654365,154,3.81,3,0,0,587,8,3,76650,,39481,County Championship 2026,2,31,Somerset Men,48,Surrey Men,8851941,2026-09-26T15:48:10Z,4,925,False,,,,1208,Reece Topley,5,Tom Abell,2675,Migael Pretorius,Right,1,0,1,1,,Short,DownLeg,,WellTimed,BackFoot,Pull,NoMovement,Over,Medium,Left,Null,NotReferred,Null,False,False,False,False,False,True,,False,False,False,False,False,False,1,0,0,0,0,False,False,357.0,155.0,Deep Square Leg
1654365,154,3.81,3,0,0,587,8,3,76650,,39481,County Championship 2026,2,31,Somerset Men,48,Surrey Men,8851945,2026-09-26T15:48:42Z,5,926,False,,,,1208,Reece Topley,2675,Migael Pretorius,5,Tom Abell,Right,0,0,0,0,,BackOfALength,DownLeg,,None,BackFoot,BackwardDefensive,NoMovement,Over,Medium,Left,Null,NotReferred,Null,False,False,False,False,False,True,,False,False,False,False,False,False,0,0,0,0,0,False,False,282.0,35.0,Bowler
1654365,154,3.81,3,0,0,587,8,3,76650,,39481,County Championship 2026,2,31,Somerset Men,48,Surrey Men,8851950,2026-09-26T15:49:11Z,6,927,False,,,,1208,Reece Topley,2675,Migael Pretorius,5,Tom Abell,Right,1,0,1,1,,Short,DownLeg,,WellTimed,BackFoot,Pull,NoMovement,Over,Medium,Left,Null,NotReferred,Null,False,False,False,False,False,True,,False,False,False,False,False,False,1,0,0,0,0,False,False,10.0,156.0,Deep Backward Square Leg
1654368,155,3.84,8,0,0,595,8,8,76650,,39481,County Championship 2026,2,31,Somerset Men,48,Surrey Men,8851956,2026-09-26T15:50:23Z,1,928,False,,,,2709,Mahipal Lomror,2675,Migael Pretorius,5,Tom Abell,Right,0,0,0,0,,BackOfALength,DownLeg,,None,BackFoot,Worked,StockBall,Over,Orthodox,Left,Null,NotReferred,Null,False,False,False,False,False,True,,False,False,False,False,False,False,0,0,0,0,0,False,False,276.0,42.0,Bowler
1654368,155,3.84,8,0,0,595,8,8,76650,,39481,County Championship 2026,2,31,Somerset Men,48,Surrey Men,8851958,2026-09-26T15:50:39Z,2,929,False,,,,2709,Mahipal Lomror,2675,Migael Pretorius,5,Tom Abell,Right,1,1,1,0,,LengthBall,DownLeg,,PlayAndMissLegSide,FrontFoot,Sweep,StockBall,Over,Orthodox,Left,Null,NotReferred,Null,True,False,False,False,False,True,,False,False,False,False,False,False,1,0,1,0,0,False,False,,,Wicketkeeper
1654368,155,3.84,8,0,0,595,8,8,76650,,39481,County Championship 2026,2,31,Somerset Men,48,Surrey Men,8851962,2026-09-26T15:50:59Z,2,930,False,,,,2709,Mahipal Lomror,2675,Migael Pretorius,5,Tom Abell,Right,1,0,1,1,,BackOfALength,DownLeg,,None,BackFoot,Worked,StockBall,Over,Orthodox,Left,Null,NotReferred,Null,False,False,False,False,False,True,,False,False,False,False,False,False,1,0,0,0,0,False,False,348.0,135.0,Deep Square Leg
1654368,155,3.84,8,0,0,595,8,8,76650,,39481,County Championship 2026,2,31,Somerset Men,48,Surrey Men,8851967,2026-09-26T15:51:36Z,3,931,False,,,,2709,Mahipal Lomror,5,Tom Abell,2675,Migael Pretorius,Right,1,0,1,1,,LengthBall,DownLeg,,None,BackFoot,Worked,StockBall,Over,Orthodox,Left,Null,NotReferred,Null,False,False,False,False,False,True,,False,False,False,False,False,False,1,0,0,0,0,False,False,347.0,138.0,Deep Square Leg
1654368,155,3.84,8,0,0,595,8,8,76650,,39481,County Championship 2026,2,31,Somerset Men,48,Surrey Men,8851971,2026-09-26T15:51:58Z,4,932,False,,,,2709,Mahipal Lomror,2675,Migael Pretorius,5,Tom Abell,Right,0,0,0,0,,LengthBall,DownLeg,,Padded,FrontFoot,Padded,StockBall,Over,Orthodox,Left,Null,NotReferred,Null,False,False,False,False,False,True,,False,False,False,False,False,False,0,0,0,0,0,False,False,187.0,52.0,Cover
1654368,155,3.84,8,0,0,595,8,8,76650,,39481,County Championship 2026,2,31,Somerset Men,48,Surrey Men,8851974,2026-09-26T15:52:22Z,5,933,False,,,,2709,Mahipal Lomror,2675,Migael Pretorius,5,Tom Abell,Right,1,0,1,1,,HalfVolley,DownLeg,,None,FrontFoot,Flick,StockBall,Over,Orthodox,Left,Null,NotReferred,Null,False,False,False,False,False,True,,False,False,False,False,False,False,1,0,0,0,0,False,False,356.0,128.0,Deep Square Leg
1654368,155,3.84,8,0,0,595,8,8,76650,,39481,County Championship 2026,2,31,Somerset Men,48,Surrey Men,8851977,2026-09-26T15:52:51Z,6,934,False,,,,2709,Mahipal Lomror,5,Tom Abell,2675,Migael Pretorius,Right,4,0,4,4,,BackOfALength,DownLeg,,WellTimed,BackFoot,Pull,StockBall,Over,Orthodox,Left,Null,NotReferred,Null,False,False,False,False,False,True,,False,False,False,False,False,False,4,0,0,0,0,True,False,314.0,177.0,
1654373,156,3.84,4,0,0,599,8,4,76650,,39481,County Championship 2026,2,31,Somerset Men,48,Surrey Men,8851985,2026-09-26T15:54:08Z,1,935,False,,,,1208,Reece Topley,2675,Migael Pretorius,5,Tom Abell,Right,1,0,1,1,,LengthBall,OffStump,,WellTimed,FrontFoot,Drive,NoMovement,Over,Medium,Left,Null,NotReferred,Null,False,False,False,False,False,True,,False,False,False,False,False,False,1,0,0,0,0,False,False,182.0,158.0,Deep Cover
1654373,156,3.84,4,0,0,599,8,4,76650,,39481,County Championship 2026,2,31,Somerset Men,48,Surrey Men,8851987,2026-09-26T15:54:45Z,2,936,False,,,,1208,Reece Topley,5,Tom Abell,2675,Migael Pretorius,Right,0,0,0,0,,HalfVolley,OutsideOff,,MisTimed,FrontFoot,Drive,NoMovement,Over,Medium,Left,Null,NotReferred,Null,False,False,False,False,False,True,,False,False,False,False,False,False,0,0,0,0,0,False,False,235.0,54.0,Extra Cover
1654373,156,3.84,4,0,0,599,8,4,76650,,39481,County Championship 2026,2,31,Somerset Men,48,Surrey Men,8852008,2026-09-26T15:57:57Z,3,937,False,,,,1208,Reece Topley,5,Tom Abell,2675,Migael Pretorius,Right,1,0,1,1,,Short,DownLeg,,WellTimed,BackFoot,Pull,NoMovement,Over,Medium,Left,Null,NotReferred,Null,False,False,False,False,False,True,,False,False,False,False,False,False,1,0,0,0,0,False,False,334.0,152.0,Deep Square Leg
1654373,156,3.84,4,0,0,599,8,4,76650,,39481,County Championship 2026,2,31,Somerset Men,48,Surrey Men,8852011,2026-09-26T15:58:34Z,4,938,False,,,,1208,Reece Topley,2675,Migael Pretorius,5,Tom Abell,Right,1,0,1,1,,BackOfALength,OutsideOff,,WellTimed,BackFoot,Cut,NoMovement,Round,Medium,Left,Null,NotReferred,Null,False,False,False,False,False,True,,False,False,False,False,False,False,1,0,0,0,0,False,False,172.0,155.0,Deep Backward Point
1654373,156,3.84,4,0,0,599,8,4,76650,,39481,County Championship 2026,2,31,Somerset Men,48,Surrey Men,8852016,2026-09-26T15:59:16Z,5,939,False,,,,1208,Reece Topley,5,Tom Abell,2675,Migael Pretorius,Right,1,0,1,1,,HalfVolley,OutsideOff,,WellTimed,FrontFoot,Drive,NoMovement,Over,Medium,Left,Null,NotReferred,Null,False,False,False,False,False,True,,False,False,False,False,False,False,1,0,0,0,0,False,False,200.0,162.0,Deep Cover
1654373,156,3.84,4,0,0,599,8,4,76650,,39481,County Championship 2026,2,31,Somerset Men,48,Surrey Men,8852020,2026-09-26T15:59:46Z,6,940,False,,,,1208,Reece Topley,2675,Migael Pretorius,5,Tom Abell,Right,0,0,0,0,,Short,OutsideOff,,PlayAndMissLegSide,BackFoot,Pull,NoMovement,Round,Medium,Left,Null,NotReferred,Null,False,False,False,False,False,True,,False,False,False,False,False,False,0,0,0,0,0,False,False,,,Wicketkeeper
1654381,157,3.89,11,0,0,610,8,11,76650,,39481,County Championship 2026,2,31,Somerset Men,48,Surrey Men,8852028,2026-09-26T16:01:21Z,1,941,False,,,,15505,Ralphie Albert,5,Tom Abell,2675,Migael Pretorius,Right,4,0,4,4,,BackOfALength,OutsideOff,,Middled,BackFoot,Cut,StockBall,Round,Orthodox,Left,Null,NotReferred,Null,False,False,False,False,False,True,,False,False,False,False,False,False,4,0,0,0,0,True,False,208.0,175.0,
1654381,157,3.89,11,0,0,610,8,11,76650,,39481,County Championship 2026,2,31,Somerset Men,48,Surrey Men,8852032,2026-09-26T16:01:54Z,2,942,False,,,,15505,Ralphie Albert,5,Tom Abell,2675,Migael Pretorius,Right,0,0,0,0,,BackOfALength,OutsideOff,,MisTimed,BackFoot,Drive,StockBall,Round,Orthodox,Left,Null,NotReferred,Null,False,False,False,False,False,True,,False,False,False,False,False,False,0,0,0,0,0,False,False,239.0,46.0,Extra Cover
1654381,157,3.89,11,0,0,610,8,11,76650,,39481,County Championship 2026,2,31,Somerset Men,48,Surrey Men,8852034,2026-09-26T16:02:13Z,3,943,False,,,,15505,Ralphie Albert,5,Tom Abell,2675,Migael Pretorius,Right,6,0,6,6,,LengthBall,OutsideOff,,Middled,DownTheTrack,Drive,StockBall,Round,Orthodox,Left,Null,NotReferred,Null,False,False,False,False,True,True,,False,False,False,False,False,False,6,0,0,0,0,True,False,224.0,177.0,
1654381,157,3.89,11,0,0,610,8,11,76650,,39481,County Championship 2026,2,31,Somerset Men,48,Surrey Men,8852037,2026-09-26T16:02:46Z,4,944,False,,,,15505,Ralphie Albert,5,Tom Abell,2675,Migael Pretorius,Right,1,0,1,1,,BackOfALength,OutsideOff,,WellTimed,BackFoot,Cut,StockBall,Round,Orthodox,Left,Null,NotReferred,Null,False,False,False,False,False,True,,False,False,False,False,False,False,1,0,0,0,0,False,False,189.0,146.0,Deep Cover
1654381,157,3.89,11,0,0,610,8,11,76650,,39481,County Championship 2026,2,31,Somerset Men,48,Surrey Men,8852041,2026-09-26T16:03:17Z,5,945,False,,,,15505,Ralphie Albert,2675,Migael Pretorius,5,Tom Abell,Right,0,0,0,0,,LengthBall,OutsideOff,,None,BackFoot,Drive,StockBall,Round,Orthodox,Left,Null,NotReferred,Null,False,False,False,False,False,True,,False,False,False,False,False,False,0,0,0,0,0,False,False,230.0,40.0,Extra Cover
1654381,157,3.89,11,0,0,610,8,11,76650,,39481,County Championship 2026,2,31,Somerset Men,48,Surrey Men,8852042,2026-09-26T16:03:38Z,6,946,False,,,,15505,Ralphie Albert,2675,Migael Pretorius,5,Tom Abell,Right,0,0,0,0,,LengthBall,OutsideOff,,None,FrontFoot,ForwardDefensive,StockBall,Round,Orthodox,Left,Null,NotReferred,Null,False,False,False,False,False,True,,False,False,False,False,False,False,0,0,0,0,0,False,False,223.0,44.0,Extra Cover
1654384,158,3.92,9,0,0,619,8,9,76650,,39481,County Championship 2026,2,31,Somerset Men,48,Surrey Men,8852046,2026-09-26T16:04:41Z,1,947,False,,,,224,Ryan Patel,5,Tom Abell,2675,Migael Pretorius,Right,0,0,0,0,,BackOfALength,OutsideOff,,BottomEdge,BackFoot,Cut,NoMovement,Over,Medium,Right,Null,NotReferred,Null,False,False,False,False,False,True,,False,False,False,False,False,False,0,0,0,0,0,False,False,115.0,0.0,Wicketkeeper
1654384,158,3.92,9,0,0,619,8,9,76650,,39481,County Championship 2026,2,31,Somerset Men,48,Surrey Men,8852050,2026-09-26T16:05:13Z,2,948,False,,,,224,Ryan Patel,5,Tom Abell,2675,Migael Pretorius,Right,0,0,0,0,,LengthBall,OutsideOff,,None,BackFoot,Drive,NoMovement,Over,Medium,Right,Null,NotReferred,Null,False,False,False,False,False,True,,False,False,False,False,False,False,0,0,0,0,0,False,False,226.0,46.0,Extra Cover
1654384,158,3.92,9,0,0,619,8,9,76650,,39481,County Championship 2026,2,31,Somerset Men,48,Surrey Men,8852053,2026-09-26T16:05:44Z,3,949,False,,,,224,Ryan Patel,5,Tom Abell,2675,Migael Pretorius,Right,4,0,4,4,,HalfVolley,OffStump,,WellTimed,FrontFoot,Flick,NoMovement,Over,Medium,Right,Null,NotReferred,Null,False,False,False,False,True,True,,False,False,False,False,False,False,4,0,0,0,0,True,False,316.0,177.0,
1654384,158,3.92,9,0,0,619,8,9,76650,,39481,County Championship 2026,2,31,Somerset Men,48,Surrey Men,8852057,2026-09-26T16:06:31Z,4,950,False,,,,224,Ryan Patel,5,Tom Abell,2675,Migael Pretorius,Right,1,0,1,1,,LengthBall,OutsideOff,,WellTimed,FrontFoot,Flick,NoMovement,Over,Medium,Right,Null,NotReferred,Null,False,False,False,False,False,True,,False,False,False,False,False,False,1,0,0,0,0,False,False,320.0,137.0,Deep Mid Wicket
1654384,158,3.92,9,0,0,619,8,9,76650,,39481,County Championship 2026,2,31,Somerset Men,48,Surrey Men,8852059,2026-09-26T16:07:13Z,5,951,False,,,,224,Ryan Patel,2675,Migael Pretorius,5,Tom Abell,Right,4,0,4,4,,HalfVolley,OutsideOff,,Middled,FrontFoot,Drive,NoMovement,Over,Medium,Right,Null,NotReferred,Null,False,False,False,False,False,True,,False,False,False,False,False,False,4,0,0,0,0,True,False,213.0,175.0,
1654384,158,3.92,9,0,0,619,8,9,76650,,39481,County Championship 2026,2,31,Somerset Men,48,Surrey Men,8852062,2026-09-26T16:07:47Z,6,952,False,,,,224,Ryan Patel,2675,Migael Pretorius,5,Tom Abell,Right,0,0,0,0,,LengthBall,OutsideOff,,None,FrontFoot,ForwardDefensive,NoMovement,Over,Medium,Right,Null,NotReferred,Null,False,False,False,False,False,True,,False,False,False,False,False,False,0,0,0,0,0,False,False,205.0,48.0,Cover
1654388,159,3.93,6,0,0,625,8,6,76650,,39481,County Championship 2026,2,31,Somerset Men,48,Surrey Men,8852068,2026-09-26T16:09:17Z,1,953,False,,,,15505,Ralphie Albert,5,Tom Abell,2675,Migael Pretorius,Right,2,0,2,2,,LengthBall,OutsideOff,,WellTimed,FrontFoot,Scoop,StockBall,Round,Orthodox,Left,Null,NotReferred,Null,False,False,False,False,True,True,,False,False,False,False,False,False,2,0,0,0,0,False,False,60.0,126.0,Fine Leg
1654388,159,3.93,6,0,0,625,8,6,76650,,39481,County Championship 2026,2,31,Somerset Men,48,Surrey Men,8852070,2026-09-26T16:09:43Z,2,954,False,,,,15505,Ralphie Albert,5,Tom Abell,2675,Migael Pretorius,Right,1,0,1,1,,LengthBall,OutsideOff,,WellTimed,FrontFoot,Drive,StockBall,Round,Orthodox,Left,Null,NotReferred,Null,False,False,False,False,False,True,,False,False,False,False,False,False,1,0,0,0,0,False,False,213.0,153.0,Deep Extra Cover
1654388,159,3.93,6,0,0,625,8,6,76650,,39481,County Championship 2026,2,31,Somerset Men,48,Surrey Men,8852073,2026-09-26T16:10:28Z,3,955,False,,,,15505,Ralphie Albert,2675,Migael Pretorius,5,Tom Abell,Right,0,0,0,0,,LengthBall,OutsideOff,,MisTimed,BackFoot,Drive,StockBall,Round,Orthodox,Left,Null,NotReferred,Null,False,False,False,False,False,True,,False,False,False,False,False,False,0,0,0,0,0,False,False,269.0,37.0,Bowler
1654388,159,3.93,6,0,0,625,8,6,76650,,39481,County Championship 2026,2,31,Somerset Men,48,Surrey Men,8852075,2026-09-26T16:10:46Z,4,956,False,,,,15505,Ralphie Albert,2675,Migael Pretorius,5,Tom Abell,Right,1,0,1,1,,BackOfALength,OutsideOff,,WellTimed,BackFoot,Cut,StockBall,Round,Orthodox,Left,Null,NotReferred,Null,False,False,False,False,False,True,,False,False,False,False,False,False,1,0,0,0,0,False,False,196.0,163.0,Deep Cover
1654388,159,3.93,6,0,0,625,8,6,76650,,39481,County Championship 2026,2,31,Somerset Men,48,Surrey Men,8852076,2026-09-26T16:11:11Z,5,957,False,,,,15505,Ralphie Albert,5,Tom Abell,2675,Migael Pretorius,Right,1,0,1,1,,LengthBall,OutsideOff,,None,FrontFoot,Drive,StockBall,Round,Orthodox,Left,Null,NotReferred,Null,False,False,False,False,False,True,,False,False,False,False,False,False,1,0,0,0,0,False,False,245.0,130.0,Long Off
1654388,159,3.93,6,0,0,625,8,6,76650,,39481,County Championship 2026,2,31,Somerset Men,48,Surrey Men,8852078,2026-09-26T16:11:48Z,6,958,False,,,,15505,Ralphie Albert,2675,Migael Pretorius,5,Tom Abell,Right,1,0,1,1,,LengthBall,OutsideOff,,None,FrontFoot,Flick,StockBall,Round,Orthodox,Left,Null,NotReferred,Null,False,False,False,False,False,True,,False,False,False,False,False,False,1,0,0,0,0,False,False,298.0,126.0,Long On
1654391,160,3.97,10,0,0,635,8,10,76650,,39481,County Championship 2026,2,31,Somerset Men,48,Surrey Men,8852086,2026-09-26T16:13:11Z,1,959,False,,,,224,Ryan Patel,2675,Migael Pretorius,5,Tom Abell,Right,0,0,0,0,,LengthBall,OutsideOff,,None,BackFoot,Worked,NoMovement,Over,Medium,Right,Null,NotReferred,Null,False,False,False,False,False,True,,False,False,False,False,False,False,0,0,0,0,0,False,False,310.0,54.0,Mid Wicket
1654391,160,3.97,10,0,0,635,8,10,76650,,39481,County Championship 2026,2,31,Somerset Men,48,Surrey Men,8852089,2026-09-26T16:13:43Z,2,960,False,,,,224,Ryan Patel,2675,Migael Pretorius,5,Tom Abell,Right,1,0,1,1,,BackOfALength,OutsideOff,,WellTimed,BackFoot,Steer,NoMovement,Over,Medium,Right,Null,NotReferred,Null,False,False,False,False,False,True,,False,False,False,False,False,False,1,0,0,0,0,False,False,111.0,147.0,Third Man
1654391,160,3.97,10,0,0,635,8,10,76650,,39481,County Championship 2026,2,31,Somerset Men,48,Surrey Men,8852091,2026-09-26T16:14:19Z,3,961,False,,,,224,Ryan Patel,5,Tom Abell,2675,Migael Pretorius,Right,1,0,1,1,,LengthBall,OutsideOff,,None,FrontFoot,Drive,NoMovement,Over,Medium,Right,Null,NotReferred,Null,False,False,False,False,False,True,,False,False,False,False,False,False,1,0,0,0,0,False,False,285.0,146.0,Long On
1654391,160,3.97,10,0,0,635,8,10,76650,,39481,County Championship 2026,2,31,Somerset Men,48,Surrey Men,8852093,2026-09-26T16:14:54Z,4,962,False,,,,224,Ryan Patel,2675,Migael Pretorius,5,Tom Abell,Right,4,0,4,4,,LengthBall,Wide,,WellTimed,BackFoot,Cut,NoMovement,Over,Medium,Right,Null,NotReferred,Null,False,False,False,False,False,True,,False,False,False,False,False,False,4,0,0,0,0,True,False,165.0,167.0,
1654391,160,3.97,10,0,0,635,8,10,76650,,39481,County Championship 2026,2,31,Somerset Men,48,Surrey Men,8852095,2026-09-26T16:15:28Z,5,963,False,,,,224,Ryan Patel,2675,Migael Pretorius,5,Tom Abell,Right,4,0,4,4,,HalfVolley,OutsideOff,,WellTimed,FrontFoot,Drive,NoMovement,Over,Medium,Right,Null,NotReferred,Null,False,False,False,False,False,True,,False,False,False,False,False,False,4,0,0,0,0,True,False,211.0,175.0,
1654391,160,3.97,10,0,0,635,8,10,76650,,39481,County Championship 2026,2,31,Somerset Men,48,Surrey Men,8852099,2026-09-26T16:16:09Z,6,964,False,,,,224,Ryan Patel,2675,Migael Pretorius,5,Tom Abell,Right,0,0,0,0,,LengthBall,OutsideOff,,None,FrontFoot,Drive,NoMovement,Over,Medium,Right,Null,NotReferred,Null,False,False,False,False,False,True,,False,False,False,False,False,False,0,0,0,0,0,False,False,220.0,64.0,Extra Cover
1654393,161,4.11,26,0,0,661,8,26,76650,,39481,County Championship 2026,2,31,Somerset Men,48,Surrey Men,8852103,2026-09-26T16:17:38Z,1,965,False,,,,15505,Ralphie Albert,5,Tom Abell,2675,Migael Pretorius,Right,1,0,1,1,,FullToss,OutsideOff,,WellTimed,FrontFoot,Drive,StockBall,Round,Orthodox,Left,Null,NotReferred,Null,False,False,False,False,False,True,,False,False,False,False,False,False,1,0,0,0,0,False,False,216.0,145.0,Deep Extra Cover
1654393,161,4.11,26,0,0,661,8,26,76650,,39481,County Championship 2026,2,31,Somerset Men,48,Surrey Men,8852105,2026-09-26T16:18:05Z,2,966,False,,,,15505,Ralphie Albert,2675,Migael Pretorius,5,Tom Abell,Right,1,0,1,1,,HalfVolley,OutsideOff,,MisTimed,FrontFoot,Drive,StockBall,Round,Orthodox,Left,Null,NotReferred,Null,False,False,False,False,False,True,,False,False,False,False,False,False,1,0,0,0,0,False,True,269.0,42.0,Bowler
1654393,161,4.11,26,0,0,661,8,26,76650,,39481,County Championship 2026,2,31,Somerset Men,48,Surrey Men,8852110,2026-09-26T16:18:50Z,3,967,False,,,,15505,Ralphie Albert,5,Tom Abell,2675,Migael Pretorius,Right,6,0,6,6,,HalfVolley,OutsideOff,,Middled,FrontFoot,Drive,StockBall,Round,Orthodox,Left,Null,NotReferred,Null,False,False,False,False,True,True,,False,False,False,False,False,False,6,0,0,0,0,True,False,231.0,178.0,
1654393,161,4.11,26,0,0,661,8,26,76650,,39481,County Championship 2026,2,31,Somerset Men,48,Surrey Men,8852113,2026-09-26T16:19:27Z,4,968,False,,,,15505,Ralphie Albert,5,Tom Abell,2675,Migael Pretorius,Right,6,0,6,6,,LengthBall,OutsideOff,,Middled,FrontFoot,Slog,StockBall,Round,Orthodox,Left,Null,NotReferred,Null,False,False,False,False,True,True,,False,False,False,False,False,False,6,0,0,0,0,True,False,260.0,180.0,
1654393,161,4.11,26,0,0,661,8,26,76650,,39481,County Championship 2026,2,31,Somerset Men,48,Surrey Men,8852118,2026-09-26T16:20:06Z,5,969,False,,,,15505,Ralphie Albert,5,Tom Abell,2675,Migael Pretorius,Right,6,0,6,6,,FullToss,LegStump,,Middled,FrontFoot,Slog,StockBall,Over,Orthodox,Left,Null,NotReferred,Null,False,False,False,False,True,True,,False,False,False,False,False,False,6,0,0,0,0,True,False,278.0,180.0,
1654393,161,4.11,26,0,0,661,8,26,76650,,39481,County Championship 2026,2,31,Somerset Men,48,Surrey Men,8852120,2026-09-26T16:20:34Z,6,970,False,,,,15505,Ralphie Albert,5,Tom Abell,2675,Migael Pretorius,Right,6,0,6,6,,LengthBall,DownLeg,,Middled,FrontFoot,Slog,StockBall,Over,Orthodox,Left,Null,NotReferred,Null,False,False,False,False,True,True,,False,False,False,False,False,False,6,0,0,0,0,True,False,288.0,180.0,
1654398,162,4.15,11,0,0,672,8,11,76650,,39481,County Championship 2026,2,31,Somerset Men,48,Surrey Men,8852126,2026-09-26T16:22:04Z,1,971,False,,,,1208,Reece Topley,2675,Migael Pretorius,5,Tom Abell,Right,0,0,0,0,,Short,DownLeg,,PlayAndMissLegSide,BackFoot,Pull,NoMovement,Over,Medium,Left,Null,NotReferred,Null,False,False,False,False,False,True,,False,False,False,False,False,False,0,0,0,0,0,False,False,,,Wicketkeeper
1654398,162,4.15,11,0,0,672,8,11,76650,,39481,County Championship 2026,2,31,Somerset Men,48,Surrey Men,8852130,2026-09-26T16:22:37Z,2,972,False,,,,1208,Reece Topley,2675,Migael Pretorius,5,Tom Abell,Right,0,0,0,0,,BackOfALength,DownLeg,,None,BackFoot,Steer,NoMovement,Over,Medium,Left,Null,NotReferred,Null,False,False,False,False,False,True,,False,False,False,False,False,False,0,0,0,0,0,False,False,321.0,45.0,Mid Wicket
1654398,162,4.15,11,0,0,672,8,11,76650,,39481,County Championship 2026,2,31,Somerset Men,48,Surrey Men,8852132,2026-09-26T16:23:09Z,3,973,False,,,,1208,Reece Topley,2675,Migael Pretorius,5,Tom Abell,Right,0,0,0,0,,LengthBall,OffStump,,None,BackFoot,Drive,NoMovement,Over,Medium,Left,Null,NotReferred,Null,False,False,False,False,False,True,,False,False,False,False,False,False,0,0,0,0,0,False,False,157.0,57.0,Backward Point
1654398,162,4.15,11,0,0,672,8,11,76650,,39481,County Championship 2026,2,31,Somerset Men,48,Surrey Men,8852135,2026-09-26T16:23:43Z,4,974,False,,,,1208,Reece Topley,2675,Migael Pretorius,5,Tom Abell,Right,6,0,6,6,,Short,DownLeg,,Middled,BackFoot,Pull,NoMovement,Over,Medium,Left,Null,NotReferred,Null,False,False,False,False,True,True,,False,False,False,False,False,False,6,0,0,0,0,True,False,358.0,170.0,
1654398,162,4.15,11,0,0,672,8,11,76650,,39481,County Championship 2026,2,31,Somerset Men,48,Surrey Men,8852137,2026-09-26T16:24:31Z,5,975,False,,,,1208,Reece Topley,2675,Migael Pretorius,5,Tom Abell,Right,1,0,1,1,,LengthBall,OffStump,,None,FrontFoot,Drive,NoMovement,Over,Medium,Left,Null,NotReferred,Null,False,False,False,False,False,True,,False,False,False,False,False,False,1,0,0,0,0,False,False,185.0,135.0,Deep Cover
1654398,162,4.15,11,0,0,672,8,11,76650,,39481,County Championship 2026,2,31,Somerset Men,48,Surrey Men,8852139,2026-09-26T16:25:09Z,6,976,False,,,,1208,Reece Topley,5,Tom Abell,2675,Migael Pretorius,Right,4,0,4,4,,Short,DownLeg,,WellTimed,BackFoot,Pull,NoMovement,Over,Medium,Left,Null,NotReferred,Null,False,False,False,False,False,True,,False,False,False,False,False,False,4,0,0,0,0,True,False,11.0,168.0,
1654400,163,4.2,13,0,0,685,8,13,76650,,39481,County Championship 2026,2,31,Somerset Men,48,Surrey Men,8852144,2026-09-26T16:26:36Z,1,977,False,,,,2709,Mahipal Lomror,2675,Migael Pretorius,5,Tom Abell,Right,4,0,4,4,,LengthBall,OutsideOff,,None,FrontFoot,SlogSweep,StockBall,Round,Orthodox,Left,Null,NotReferred,Null,False,False,False,False,False,True,,False,False,False,False,False,False,4,0,0,0,0,True,True,305.0,178.0,
1654400,163,4.2,13,0,0,685,8,13,76650,,39481,County Championship 2026,2,31,Somerset Men,48,Surrey Men,8852147,2026-09-26T16:27:10Z,2,978,False,,,,2709,Mahipal Lomror,2675,Migael Pretorius,5,Tom Abell,Right,1,0,1,1,,HalfVolley,Wide,,WellTimed,FrontFoot,Drive,StockBall,Round,Orthodox,Left,Null,NotReferred,Null,False,False,False,False,False,True,,False,False,False,False,False,False,1,0,0,0,0,False,False,228.0,169.0,Deep Extra Cover
1654400,163,4.2,13,0,0,685,8,13,76650,,39481,County Championship 2026,2,31,Somerset Men,48,Surrey Men,8852148,2026-09-26T16:27:31Z,3,979,False,,,,2709,Mahipal Lomror,5,Tom Abell,2675,Migael Pretorius,Right,1,0,1,1,,BackOfALength,Wide,,WellTimed,BackFoot,Cut,StockBall,Round,Orthodox,Left,Null,NotReferred,Null,False,False,False,False,False,True,,False,False,False,False,False,False,1,0,0,0,0,False,False,229.0,166.0,Deep Extra Cover
1654400,163,4.2,13,0,0,685,8,13,76650,,39481,County Championship 2026,2,31,Somerset Men,48,Surrey Men,8852149,2026-09-26T16:27:49Z,4,980,False,,,,2709,Mahipal Lomror,2675,Migael Pretorius,5,Tom Abell,Right,0,0,0,0,,LengthBall,OutsideOff,,LeadingEdge,FrontFoot,SlogSweep,StockBall,Round,Orthodox,Left,Null,NotReferred,Null,False,False,False,False,False,True,,False,False,False,False,False,False,0,0,0,0,0,False,False,237.0,25.0,Bowler
1654400,163,4.2,13,0,0,685,8,13,76650,,39481,County Championship 2026,2,31,Somerset Men,48,Surrey Men,8852152,2026-09-26T16:28:12Z,5,981,False,,,,2709,Mahipal Lomror,2675,Migael Pretorius,5,Tom Abell,Right,6,0,6,6,,FullToss,OutsideOff,,Middled,FrontFoot,Slog,StockBall,Round,Orthodox,Left,Null,NotReferred,Null,False,False,False,False,True,True,,False,False,False,False,False,False,6,0,0,0,0,True,False,321.0,176.0,
1654400,163,4.2,13,0,0,685,8,13,76650,,39481,County Championship 2026,2,31,Somerset Men,48,Surrey Men,8852154,2026-09-26T16:28:43Z,6,982,False,,,,2709,Mahipal Lomror,2675,Migael Pretorius,5,Tom Abell,Right,1,0,1,1,,BackOfALength,Wide,,WellTimed,BackFoot,Cut,StockBall,Round,Orthodox,Left,Null,NotReferred,Null,False,False,False,False,False,True,,False,False,False,False,False,False,1,0,0,0,0,False,False,174.0,150.0,Deep Backward Point
1654403,164,4.21,6,0,0,691,8,6,76650,,39481,County Championship 2026,2,31,Somerset Men,48,Surrey Men,8852158,2026-09-26T16:29:55Z,1,983,False,,,,1208,Reece Topley,2675,Migael Pretorius,5,Tom Abell,Right,1,0,1,1,,BackOfALength,OffStump,,None,BackFoot,Cut,NoMovement,Over,Medium,Left,Null,NotReferred,Null,False,False,False,False,False,True,,False,False,False,False,False,False,1,0,0,0,0,False,False,118.0,148.0,Third Man
1654403,164,4.21,6,0,0,691,8,6,76650,,39481,County Championship 2026,2,31,Somerset Men,48,Surrey Men,8852162,2026-09-26T16:30:27Z,2,984,False,,,,1208,Reece Topley,5,Tom Abell,2675,Migael Pretorius,Right,1,0,1,1,,LengthBall,MiddleStump,,None,FrontFoot,Drive,NoMovement,Over,Medium,Left,Null,NotReferred,Null,False,False,False,False,False,True,,False,False,False,False,False,False,1,0,0,0,0,False,False,177.0,127.0,Deep Backward Point
1654403,164,4.21,6,0,0,691,8,6,76650,,39481,County Championship 2026,2,31,Somerset Men,48,Surrey Men,8852164,2026-09-26T16:30:58Z,3,985,False,,,,1208,Reece Topley,2675,Migael Pretorius,5,Tom Abell,Right,1,0,1,1,,HalfVolley,OutsideOff,,None,FrontFoot,Drive,NoMovement,Over,Medium,Left,Null,NotReferred,Null,False,False,False,False,False,True,,False,False,False,False,False,False,1,0,0,0,0,False,False,170.0,143.0,Deep Backward Point
1654403,164,4.21,6,0,0,691,8,6,76650,,39481,County Championship 2026,2,31,Somerset Men,48,Surrey Men,8852168,2026-09-26T16:31:32Z,4,986,False,,,,1208,Reece Topley,5,Tom Abell,2675,Migael Pretorius,Right,1,0,1,1,,BackOfALength,DownLeg,,WellTimed,BackFoot,Worked,NoMovement,Over,Medium,Left,Null,NotReferred,Null,False,False,False,False,False,True,,False,False,False,False,False,False,1,0,0,0,0,False,False,41.0,136.0,Fine Leg
1654403,164,4.21,6,0,0,691,8,6,76650,,39481,County Championship 2026,2,31,Somerset Men,48,Surrey Men,8852170,2026-09-26T16:32:04Z,5,987,False,,,,1208,Reece Topley,2675,Migael Pretorius,5,Tom Abell,Right,1,0,1,1,,LengthBall,LegStump,,None,FrontFoot,ForwardDefensive,OffCutter,Over,Medium,Left,Null,NotReferred,Null,False,False,False,False,False,True,,False,False,False,False,False,False,1,0,0,0,0,False,False,169.0,41.0,Bowler
1654403,164,4.21,6,0,0,691,8,6,76650,,39481,County Championship 2026,2,31,Somerset Men,48,Surrey Men,8852171,2026-09-26T16:32:49Z,6,988,False,,,,1208,Reece Topley,5,Tom Abell,2675,Migael Pretorius,Right,1,0,1,1,,BackOfALength,LegStump,,None,BackFoot,Drive,NoMovement,Over,Medium,Left,Null,NotReferred,Null,False,False,False,False,False,True,,False,False,False,False,False,False,1,0,0,0,0,False,False,199.0,131.0,Deep Cover
1654554,165,4.21,3,0,0,694,8,3,76650,,39481,County Championship 2026,2,31,Somerset Men,48,Surrey Men,8853070,2026-09-27T09:30:18Z,1,989,False,,,,2709,Mahipal Lomror,5,Tom Abell,2675,Migael Pretorius,Right,1,0,1,1,,LengthBall,OutsideOff,,WellTimed,DownTheTrack,Drive,StockBall,Round,Orthodox,Left,Null,NotReferred,Null,False,False,False,False,False,True,,False,False,False,False,False,False,1,0,0,0,0,False,False,258.0,161.0,Long Off
1654554,165,4.21,3,0,0,694,8,3,76650,,39481,County Championship 2026,2,31,Somerset Men,48,Surrey Men,8853074,2026-09-27T09:30:38Z,2,990,False,,,,2709,Mahipal Lomror,2675,Migael Pretorius,5,Tom Abell,Right,0,0,0,0,,LengthBall,OutsideOff,,None,BackFoot,Drive,StockBall,Round,Orthodox,Left,Null,NotReferred,Null,False,False,False,False,False,True,,False,False,False,False,False,False,0,0,0,0,0,False,False,245.0,33.0,Mid Off
1654554,165,4.21,3,0,0,694,8,3,76650,,39481,County Championship 2026,2,31,Somerset Men,48,Surrey Men,8853076,2026-09-27T09:30:53Z,3,991,False,,,,2709,Mahipal Lomror,2675,Migael Pretorius,5,Tom Abell,Right,0,0,0,0,,BackOfALength,OutsideOff,,Missed,BackFoot,Cut,StockBall,Round,Orthodox,Left,Null,NotReferred,Null,False,False,False,False,False,True,,False,False,False,False,False,False,0,0,0,0,0,False,False,,,Wicketkeeper
1654554,165,4.21,3,0,0,694,8,3,76650,,39481,County Championship 2026,2,31,Somerset Men,48,Surrey Men,8853080,2026-09-27T09:31:07Z,4,992,False,,,,2709,Mahipal Lomror,2675,Migael Pretorius,5,Tom Abell,Right,1,0,1,1,,BackOfALength,OutsideOff,,WellTimed,BackFoot,Cut,StockBall,Round,Orthodox,Left,Null,NotReferred,Null,False,False,False,False,False,True,,False,False,False,False,False,False,1,0,0,0,0,False,False,181.0,129.0,Deep Cover
1654554,165,4.21,3,0,0,694,8,3,76650,,39481,County Championship 2026,2,31,Somerset Men,48,Surrey Men,8853084,2026-09-27T09:31:28Z,5,993,False,,,,2709,Mahipal Lomror,5,Tom Abell,2675,Migael Pretorius,Right,1,0,1,1,,BackOfALength,OutsideOff,,WellTimed,BackFoot,Cut,StockBall,Round,Orthodox,Left,Null,NotReferred,Null,False,False,False,False,False,True,,False,False,False,False,False,False,1,0,0,0,0,False,False,174.0,145.0,Deep Backward Point
1654554,165,4.21,3,0,0,694,8,3,76650,,39481,County Championship 2026,2,31,Somerset Men,48,Surrey Men,8853086,2026-09-27T09:31:50Z,6,994,False,,,,2709,Mahipal Lomror,2675,Migael Pretorius,5,Tom Abell,Right,0,0,0,0,,BackOfALength,Wide,,Left,NoMovement,Leave,StockBall,Round,Orthodox,Left,Null,NotReferred,Null,False,False,False,False,False,True,,False,False,False,False,False,False,0,0,0,0,0,False,False,,,Wicketkeeper
1654559,166,4.21,5,0,0,699,8,5,76650,,39481,County Championship 2026,2,31,Somerset Men,48,Surrey Men,8853099,2026-09-27T09:32:52Z,1,995,False,,,,1208,Reece Topley,5,Tom Abell,2675,Migael Pretorius,Right,0,0,0,0,,BackOfALength,DownLeg,,ThickEdge,BackFoot,BackwardDefensive,NoMovement,Over,Medium,Left,Null,NotReferred,Null,False,False,False,False,False,True,,False,False,False,False,False,False,0,0,0,0,0,False,False,162.0,46.0,Backward Point
1654559,166,4.21,5,0,0,699,8,5,76650,,39481,County Championship 2026,2,31,Somerset Men,48,Surrey Men,8853104,2026-09-27T09:33:33Z,2,996,False,,,,1208,Reece Topley,5,Tom Abell,2675,Migael Pretorius,Right,1,0,1,1,,BackOfALength,OffStump,,None,BackFoot,Cut,NoMovement,Over,Medium,Left,Null,NotReferred,Null,False,False,False,False,False,True,,False,True,False,False,False,False,1,0,0,0,0,False,False,116.0,141.0,Third Man
1654559,166,4.21,5,0,0,699,8,5,76650,,39481,County Championship 2026,2,31,Somerset Men,48,Surrey Men,8853108,2026-09-27T09:34:06Z,3,997,False,,,,1208,Reece Topley,2675,Migael Pretorius,5,Tom Abell,Right,0,0,0,0,,BackOfALength,DownLeg,,Missed,BackFoot,BackwardDefensive,NoMovement,Over,Medium,Left,Null,NotReferred,Null,False,False,False,False,False,True,,False,False,False,False,False,False,0,0,0,0,0,False,False,,,Wicketkeeper
1654559,166,4.21,5,0,0,699,8,5,76650,,39481,County Championship 2026,2,31,Somerset Men,48,Surrey Men,8853114,2026-09-27T09:34:39Z,4,998,False,,,,1208,Reece Topley,2675,Migael Pretorius,5,Tom Abell,Right,0,0,0,0,,BackOfALength,OffStump,,Left,NoMovement,Leave,NoMovement,Over,Medium,Left,Null,NotReferred,Null,False,False,False,False,False,True,,False,False,False,False,False,False,0,0,0,0,0,False,False,,,Wicketkeeper
1654559,166,4.21,5,0,0,699,8,5,76650,,39481,County Championship 2026,2,31,Somerset Men,48,Surrey Men,8853118,2026-09-27T09:35:11Z,5,999,False,,,,1208,Reece Topley,2675,Migael Pretorius,5,Tom Abell,Right,4,0,4,4,,BackOfALength,OffStump,,OutsideEdge,BackFoot,Cut,NoMovement,Over,Medium,Left,Null,NotReferred,Null,False,False,False,False,False,True,,False,False,False,False,False,False,4,0,0,0,0,True,True,104.0,160.0,
1654559,166,4.21,5,0,0,699,8,5,76650,,39481,County Championship 2026,2,31,Somerset Men,48,Surrey Men,8853120,2026-09-27T09:35:47Z,6,1000,False,,,,1208,Reece Topley,2675,Migael Pretorius,5,Tom Abell,Right,0,0,0,0,,LengthBall,OffStump,,Missed,FrontFoot,Slog,NoMovement,Over,Medium,Left,Null,NotReferred,Null,False,False,False,False,False,True,,False,False,False,False,False,False,0,0,0,0,0,False,False,,,Wicketkeeper
1654563,167,4.26,13,0,0,712,8,13,76650,,39481,County Championship 2026,2,31,Somerset Men,48,Surrey Men,8853126,2026-09-27T09:36:44Z,1,1001,False,,,,2709,Mahipal Lomror,5,Tom Abell,2675,Migael Pretorius,Right,1,0,1,1,,BackOfALength,OutsideOff,,WellTimed,BackFoot,Cut,StockBall,Round,Orthodox,Left,Null,NotReferred,Null,False,False,False,False,False,True,,False,False,False,False,False,False,1,0,0,0,0,False,False,183.0,142.0,Deep Cover
1654563,167,4.26,13,0,0,712,8,13,76650,,39481,County Championship 2026,2,31,Somerset Men,48,Surrey Men,8853128,2026-09-27T09:37:07Z,2,2,False,,,,2709,Mahipal Lomror,2675,Migael Pretorius,5,Tom Abell,Right,1,0,1,1,,BackOfALength,OutsideOff,,WellTimed,BackFoot,Cut,StockBall,Round,Orthodox,Left,Null,NotReferred,Null,False,False,False,False,False,True,,False,False,False,False,False,False,1,0,0,0,0,False,False,193.0,131.0,Deep Cover
1654563,167,4.26,13,0,0,712,8,13,76650,,39481,County Championship 2026,2,31,Somerset Men,48,Surrey Men,8853130,2026-09-27T09:37:28Z,3,1003,False,,,,2709,Mahipal Lomror,5,Tom Abell,2675,Migael Pretorius,Right,1,1,1,0,,LengthBall,Wide,,Left,NoMovement,Leave,StockBall,Round,Orthodox,Left,Null,NotReferred,Null,True,False,False,False,False,True,,False,False,False,False,False,False,1,0,1,0,0,False,False,,,Wicketkeeper
1654563,167,4.26,13,0,0,712,8,13,76650,,39481,County Championship 2026,2,31,Somerset Men,48,Surrey Men,8853134,2026-09-27T09:37:45Z,3,1004,False,,,,2709,Mahipal Lomror,5,Tom Abell,2675,Migael Pretorius,Right,4,0,4,4,,LengthBall,OutsideOff,,WellTimed,FrontFoot,Drive,StockBall,Round,Orthodox,Left,Null,NotReferred,Null,False,False,False,False,True,True,,False,False,False,False,False,False,4,0,0,0,0,True,False,222.0,177.0,
1654563,167,4.26,13,0,0,712,8,13,76650,,39481,County Championship 2026,2,31,Somerset Men,48,Surrey Men,8853140,2026-09-27T09:38:18Z,4,1005,False,,,,2709,Mahipal Lomror,5,Tom Abell,2675,Migael Pretorius,Right,0,0,0,0,,BackOfALength,OutsideOff,,WellTimed,BackFoot,Worked,StockBall,Round,Orthodox,Left,Null,NotReferred,Null,False,False,False,False,False,True,,False,False,False,False,False,False,0,0,0,0,0,False,False,324.0,60.0,Mid Wicket
1654563,167,4.26,13,0,0,712,8,13,76650,,39481,County Championship 2026,2,31,Somerset Men,48,Surrey Men,8853145,2026-09-27T09:38:39Z,5,1006,False,,,,2709,Mahipal Lomror,5,Tom Abell,2675,Migael Pretorius,Right,0,0,0,0,,LengthBall,OutsideOff,,None,BackFoot,Cut,StockBall,Round,Orthodox,Left,Null,NotReferred,Null,False,False,False,False,False,True,,False,False,False,False,False,False,0,0,0,0,0,False,False,152.0,63.0,Backward Point
1654563,167,4.26,13,0,0,712,8,13,76650,,39481,County Championship 2026,2,31,Somerset Men,48,Surrey Men,8853150,2026-09-27T09:38:53Z,6,1007,False,,,,2709,Mahipal Lomror,5,Tom Abell,2675,Migael Pretorius,Right,6,0,6,6,,LengthBall,OffStump,,Middled,FrontFoot,SlogSweep,StockBall,Round,Orthodox,Left,Null,NotReferred,Null,False,False,False,False,True,True,,False,False,False,False,False,False,6,0,0,0,0,True,False,334.0,174.0,
1654567,168,4.27,6,0,0,718,8,6,76650,,39481,County Championship 2026,2,31,Somerset Men,48,Surrey Men,8853154,2026-09-27T09:39:46Z,1,1008,False,,,,1208,Reece Topley,2675,Migael Pretorius,5,Tom Abell,Right,4,0,4,4,,LengthBall,LegStump,,WellTimed,FrontFoot,Drive,NoMovement,Over,Medium,Left,Null,NotReferred,Null,False,False,False,False,True,True,,False,False,False,False,False,False,4,0,0,0,0,True,False,283.0,180.0,
1654567,168,4.27,6,0,0,718,8,6,76650,,39481,County Championship 2026,2,31,Somerset Men,48,Surrey Men,8853158,2026-09-27T09:40:27Z,2,1009,False,,,,1208,Reece Topley,2675,Migael Pretorius,5,Tom Abell,Right,1,0,1,1,,LengthBall,DownLeg,,WellTimed,BackFoot,BackwardDefensive,NoMovement,Over,Medium,Left,Null,NotReferred,Null,False,False,False,False,False,True,,False,False,False,False,False,False,1,0,0,0,0,False,False,288.0,59.0,Mid On
1654567,168,4.27,6,0,0,718,8,6,76650,,39481,County Championship 2026,2,31,Somerset Men,48,Surrey Men,8853162,2026-09-27T09:40:57Z,3,1010,False,,,,1208,Reece Topley,5,Tom Abell,2675,Migael Pretorius,Right,0,0,0,0,,LengthBall,MiddleStump,,Missed,NoMovement,ForwardDefensive,NoMovement,Over,Medium,Left,Null,NotReferred,Null,False,False,False,False,False,True,,False,False,False,False,False,False,0,0,0,0,0,False,False,,,Wicketkeeper
1654567,168,4.27,6,0,0,718,8,6,76650,,39481,County Championship 2026,2,31,Somerset Men,48,Surrey Men,8853171,2026-09-27T09:42:27Z,4,1011,False,,,,1208,Reece Topley,5,Tom Abell,2675,Migael Pretorius,Right,0,0,0,0,,BackOfALength,DownLeg,,None,BackFoot,Worked,NoMovement,Over,Medium,Left,Null,NotReferred,Null,False,False,False,False,False,True,,False,False,False,False,False,False,0,0,0,0,0,False,False,326.0,48.0,Mid Wicket
1654567,168,4.27,6,0,0,718,8,6,76650,,39481,County Championship 2026,2,31,Somerset Men,48,Surrey Men,8853175,2026-09-27T09:43:02Z,5,1012,False,,,,1208,Reece Topley,5,Tom Abell,2675,Migael Pretorius,Right,1,0,1,1,,LengthBall,OffStump,,None,FrontFoot,Drive,NoMovement,Over,Medium,Left,Null,NotReferred,Null,False,False,False,False,False,True,,False,False,False,False,False,False,1,0,0,0,0,False,False,190.0,133.0,Deep Cover
1654567,168,4.27,6,0,0,718,8,6,76650,,39481,County Championship 2026,2,31,Somerset Men,48,Surrey Men,8853176,2026-09-27T09:43:23Z,6,1013,False,,,,1208,Reece Topley,2675,Migael Pretorius,5,Tom Abell,Right,0,0,0,0,,LengthBall,OutsideOff,,Left,NoMovement,Leave,NoMovement,Over,Medium,Left,Null,NotReferred,Null,False,False,False,False,False,True,,False,False,False,False,False,False,0,0,0,0,0,False,False,,,Wicketkeeper
1654573,169,4.25,1,0,0,719,8,1,76650,,39481,County Championship 2026,2,31,Somerset Men,48,Surrey Men,8853187,2026-09-27T09:44:45Z,1,1014,False,,,,785,Dan Worrall,5,Tom Abell,2675,Migael Pretorius,Right,0,0,0,0,,LengthBall,OutsideOff,,None,FrontFoot,ForwardDefensive,NoMovement,Over,FastSeam,Right,Null,NotReferred,Null,False,False,False,False,False,True,,False,False,False,False,False,False,0,0,0,0,0,False,False,193.0,58.0,Cover
1654573,169,4.25,1,0,0,719,8,1,76650,,39481,County Championship 2026,2,31,Somerset Men,48,Surrey Men,8853190,2026-09-27T09:45:16Z,2,1015,False,,,,785,Dan Worrall,5,Tom Abell,2675,Migael Pretorius,Right,0,0,0,0,,LengthBall,OutsideOff,,None,FrontFoot,Drive,NoMovement,Over,FastSeam,Right,Null,NotReferred,Null,False,False,False,False,False,True,,False,False,False,False,False,False,0,0,0,0,0,False,False,286.0,76.0,Mid On
1654573,169,4.25,1,0,0,719,8,1,76650,,39481,County Championship 2026,2,31,Somerset Men,48,Surrey Men,8853194,2026-09-27T09:45:46Z,3,1016,False,,,,785,Dan Worrall,5,Tom Abell,2675,Migael Pretorius,Right,0,0,0,0,,LengthBall,OutsideOff,,None,FrontFoot,ForwardDefensive,NoMovement,Over,FastSeam,Right,Null,NotReferred,Null,False,False,False,False,False,True,,False,False,False,False,False,False,0,0,0,0,0,False,False,199.0,61.0,Cover
1654573,169,4.25,1,0,0,719,8,1,76650,,39481,County Championship 2026,2,31,Somerset Men,48,Surrey Men,8853198,2026-09-27T09:46:16Z,4,1017,False,,,,785,Dan Worrall,5,Tom Abell,2675,Migael Pretorius,Right,0,0,0,0,,HalfVolley,OutsideOff,,None,FrontFoot,Drive,NoMovement,Over,FastSeam,Right,Null,NotReferred,Null,False,False,False,False,False,True,,False,False,False,False,False,False,0,0,0,0,0,False,False,256.0,59.0,Mid Off
1654573,169,4.25,1,0,0,719,8,1,76650,,39481,County Championship 2026,2,31,Somerset Men,48,Surrey Men,8853203,2026-09-27T09:46:46Z,5,1018,False,,,,785,Dan Worrall,5,Tom Abell,2675,Migael Pretorius,Right,1,0,1,1,,LengthBall,OutsideOff,,None,BackFoot,Steer,NoMovement,Over,FastSeam,Right,Null,NotReferred,Null,False,False,False,False,False,True,,False,False,False,False,False,False,1,0,0,0,0,False,False,122.0,111.0,Third Man
1654573,169,4.25,1,0,0,719,8,1,76650,,39481,County Championship 2026,2,31,Somerset Men,48,Surrey Men,8853211,2026-09-27T09:47:31Z,6,1019,False,,,,785,Dan Worrall,2675,Migael Pretorius,5,Tom Abell,Right,0,0,0,0,,LengthBall,OutsideOff,,None,BackFoot,BackwardDefensive,NoMovement,Over,FastSeam,Right,Null,NotReferred,Null,False,False,False,False,False,True,,False,False,False,False,False,False,0,0,0,0,0,False,False,321.0,40.0,Mid Wicket
1654578,170,4.27,7,0,0,726,8,7,76650,,39481,County Championship 2026,2,31,Somerset Men,48,Surrey Men,8853220,2026-09-27T09:48:24Z,1,1020,False,,,,1208,Reece Topley,5,Tom Abell,2675,Migael Pretorius,Right,4,0,4,4,,LengthBall,OffStump,,WellTimed,BackFoot,Cut,NoMovement,Over,Medium,Left,Null,NotReferred,Null,False,False,False,False,False,True,,False,False,False,False,False,False,4,0,0,0,0,True,False,137.0,163.0,
1654578,170,4.27,7,0,0,726,8,7,76650,,39481,County Championship 2026,2,31,Somerset Men,48,Surrey Men,8853228,2026-09-27T09:49:01Z,2,1021,False,,,,1208,Reece Topley,5,Tom Abell,2675,Migael Pretorius,Right,1,0,1,1,,BackOfALength,DownLeg,,None,BackFoot,BackwardDefensive,NoMovement,Over,Medium,Left,Null,NotReferred,Null,False,False,False,False,False,True,,False,False,False,False,False,False,1,0,0,0,0,False,False,169.0,46.0,Backward Point
1654578,170,4.27,7,0,0,726,8,7,76650,,39481,County Championship 2026,2,31,Somerset Men,48,Surrey Men,8853231,2026-09-27T09:49:32Z,3,1022,False,,,,1208,Reece Topley,2675,Migael Pretorius,5,Tom Abell,Right,1,0,1,1,,Short,OutsideOff,,WellTimed,BackFoot,Pull,NoMovement,Round,Medium,Left,Null,NotReferred,Null,False,False,False,False,False,True,,False,False,False,False,False,False,1,0,0,0,0,False,False,359.0,162.0,Deep Square Leg
1654578,170,4.27,7,0,0,726,8,7,76650,,39481,County Championship 2026,2,31,Somerset Men,48,Surrey Men,8853237,2026-09-27T09:50:01Z,4,1023,False,,,,1208,Reece Topley,5,Tom Abell,2675,Migael Pretorius,Right,1,0,1,1,,LengthBall,OutsideOff,,WellTimed,FrontFoot,Worked,NoMovement,Round,Medium,Left,Null,NotReferred,Null,False,False,False,False,False,True,,False,False,False,False,False,False,1,0,0,0,0,False,False,358.0,157.0,Deep Square Leg
1654578,170,4.27,7,0,0,726,8,7,76650,,39481,County Championship 2026,2,31,Somerset Men,48,Surrey Men,8853243,2026-09-27T09:50:31Z,5,1024,False,,,,1208,Reece Topley,2675,Migael Pretorius,5,Tom Abell,Right,0,0,0,0,,BackOfALength,OutsideOff,,None,BackFoot,Steer,NoMovement,Round,Medium,Left,Null,NotReferred,Null,False,False,False,False,False,True,,False,False,False,False,False,False,0,0,0,0,0,False,False,138.0,39.0,Gully
1654578,170,4.27,7,0,0,726,8,7,76650,,39481,County Championship 2026,2,31,Somerset Men,48,Surrey Men,8853247,2026-09-27T09:51:09Z,6,1025,False,,,,1208,Reece Topley,2675,Migael Pretorius,5,Tom Abell,Right,0,0,0,0,,LengthBall,OutsideOff,,None,FrontFoot,ForwardDefensive,NoMovement,Round,Medium,Left,Null,NotReferred,Null,False,False,False,False,False,True,,False,False,False,False,False,False,0,0,0,0,0,False,False,221.0,44.0,Extra Cover
1654584,171,4.27,5,1,0,731,9,5,76650,,39481,County Championship 2026,2,31,Somerset Men,48,Surrey Men,8853255,2026-09-27T09:52:02Z,1,1026,False,,,,785,Dan Worrall,5,Tom Abell,2675,Migael Pretorius,Right,1,0,1,1,,LengthBall,OutsideOff,,None,FrontFoot,Drive,NoMovement,Over,FastSeam,Right,Null,NotReferred,Null,False,False,False,False,False,True,,False,False,False,False,False,False,1,0,0,0,0,False,False,191.0,129.0,Deep Cover
1654584,171,4.27,5,1,0,731,9,5,76650,,39481,County Championship 2026,2,31,Somerset Men,48,Surrey Men,8853260,2026-09-27T09:52:37Z,2,1027,False,,,,785,Dan Worrall,2675,Migael Pretorius,5,Tom Abell,Right,0,0,0,0,,LengthBall,Wide,,BottomEdge,BackFoot,Cut,NoMovement,Over,FastSeam,Right,Null,NotReferred,Null,False,False,False,False,False,True,,False,False,False,False,False,False,0,0,0,0,0,False,False,125.0,16.0,Wicketkeeper
1654584,171,4.27,5,1,0,731,9,5,76650,,39481,County Championship 2026,2,31,Somerset Men,48,Surrey Men,8853266,2026-09-27T09:53:14Z,3,1028,True,Lbw,2675.0,Migael Pretorius,785,Dan Worrall,2675,Migael Pretorius,5,Tom Abell,Right,0,0,0,0,LBW,LengthBall,OutsideOff,Lbw,HitPad,FrontFoot,Slog,NoMovement,Over,FastSeam,Right,Null,NotReferred,Null,False,False,False,False,False,True,1842.0,False,False,False,False,False,False,0,0,0,0,0,False,False,,,
1654584,171,4.27,5,1,0,731,9,5,76650,,39481,County Championship 2026,2,31,Somerset Men,48,Surrey Men,8853279,2026-09-27T09:55:37Z,4,1029,False,,,,785,Dan Worrall,11,Jack Leach,5,Tom Abell,Left,0,0,0,0,,LengthBall,OffStump,,None,FrontFoot,Drive,NoMovement,Over,FastSeam,Right,Null,NotReferred,Null,False,False,False,False,False,True,,False,False,False,False,False,False,0,0,0,0,0,False,False,11.0,49.0,Backward Point
1654584,171,4.27,5,1,0,731,9,5,76650,,39481,County Championship 2026,2,31,Somerset Men,48,Surrey Men,8853284,2026-09-27T09:56:18Z,5,1030,False,,,,785,Dan Worrall,11,Jack Leach,5,Tom Abell,Left,0,4,4,0,,Yorker,DownLeg,,PlayAndMissLegSide,FrontFoot,Flick,NoMovement,Over,FastSeam,Right,Null,NotReferred,Null,False,False,True,False,False,True,,False,False,False,False,False,False,4,4,0,0,0,False,False,,,
1654584,171,4.27,5,1,0,731,9,5,76650,,39481,County Championship 2026,2,31,Somerset Men,48,Surrey Men,8853290,2026-09-27T09:56:55Z,6,1031,False,,,,785,Dan Worrall,11,Jack Leach,5,Tom Abell,Left,0,0,0,0,,Yorker,MiddleStump,,None,BackFoot,BackwardDefensive,NoMovement,Over,FastSeam,Right,Null,NotReferred,Null,False,False,False,False,False,True,,False,False,False,False,False,False,0,0,0,0,0,False,False,244.0,41.0,Mid On
1654591,172,4.25,0,1,0,731,10,0,76650,,39481,County Championship 2026,2,31,Somerset Men,48,Surrey Men,8853300,2026-09-27T09:57:49Z,1,1032,True,Caught,5.0,Tom Abell,1208,Reece Topley,5,Tom Abell,11,Jack Leach,Right,0,0,0,0,Caught,LengthBall,OutsideOff,Caught,MisTimed,FrontFoot,Slog,NoMovement,Round,Medium,Left,Null,NotReferred,Null,False,False,False,False,False,True,1825.0,False,False,False,False,False,False,0,0,0,0,0,False,True,288.0,151.0,Long On
1654612,2,0.0,0,0,0,0,0,0,76670,,39481,County Championship 2026,3,48,Surrey Men,31,Somerset Men,8853416,2026-09-27T10:12:58Z,1,7,False,,,,456,Craig Overton,24,Dom Sibley,215,Rory Burns,Right,0,0,0,0,,LengthBall,OutsideOff,,Left,NoMovement,Leave,NoMovement,Over,Medium,Right,Null,NotReferred,Null,False,False,False,False,False,True,,False,False,False,False,False,False,0,0,0,0,0,False,False,,,Wicketkeeper
1654612,2,0.0,0,0,0,0,0,0,76670,,39481,County Championship 2026,3,48,Surrey Men,31,Somerset Men,8853423,2026-09-27T10:13:28Z,2,8,False,,,,456,Craig Overton,24,Dom Sibley,215,Rory Burns,Right,0,0,0,0,,HalfVolley,OutsideOff,,WellTimed,FrontFoot,Drive,NoMovement,Over,Medium,Right,Null,NotReferred,Null,False,False,False,False,False,True,,False,False,False,False,False,False,0,0,0,0,0,False,False,290.0,55.0,Mid On
1654612,2,0.0,0,0,0,0,0,0,76670,,39481,County Championship 2026,3,48,Surrey Men,31,Somerset Men,8853426,2026-09-27T10:13:56Z,3,3,False,,,,456,Craig Overton,24,Dom Sibley,215,Rory Burns,Right,0,0,0,0,,LengthBall,OutsideOff,,Left,BackFoot,Leave,NoMovement,Over,Medium,Right,Null,NotReferred,Null,False,False,False,False,False,True,,False,False,False,False,False,False,0,0,0,0,0,False,False,,,Wicketkeeper
1654612,2,0.0,0,0,0,0,0,0,76670,,39481,County Championship 2026,3,48,Surrey Men,31,Somerset Men,8853430,2026-09-27T10:14:27Z,4,10,False,,,,456,Craig Overton,24,Dom Sibley,215,Rory Burns,Right,0,0,0,0,,HalfVolley,Wide,,Left,NoMovement,Leave,NoMovement,Over,Medium,Right,Null,NotReferred,Null,False,False,False,False,False,True,,False,False,False,False,False,False,0,0,0,0,0,False,False,,,Wicketkeeper
1654612,2,0.0,0,0,0,0,0,0,76670,,39481,County Championship 2026,3,48,Surrey Men,31,Somerset Men,8853435,2026-09-27T10:14:59Z,5,11,False,,,,456,Craig Overton,24,Dom Sibley,215,Rory Burns,Right,0,0,0,0,,BackOfALength,OutsideOff,,None,BackFoot,BackwardDefensive,NoMovement,Over,Medium,Right,Null,NotReferred,Null,False,False,False,False,False,True,,False,False,False,False,False,False,0,0,0,0,0,False,False,266.0,41.0,Bowler
1654612,2,0.0,0,0,0,0,0,0,76670,,39481,County Championship 2026,3,48,Surrey Men,31,Somerset Men,8853438,2026-09-27T10:15:30Z,6,12,False,,,,456,Craig Overton,24,Dom Sibley,215,Rory Burns,Right,0,0,0,0,,LengthBall,OutsideOff,,Left,NoMovement,Leave,NoMovement,Over,Medium,Right,Null,NotReferred,Null,False,False,False,False,False,True,,False,False,False,False,False,False,0,0,0,0,0,False,False,,,Wicketkeeper
1654617,3,1.0,3,0,0,3,0,3,76670,,39481,County Championship 2026,3,48,Surrey Men,31,Somerset Men,8853444,2026-09-27T10:16:17Z,1,13,False,,,,7,Lewis Gregory,215,Rory Burns,24,Dom Sibley,Left,0,0,0,0,,BackOfALength,OutsideOff,,Left,NoMovement,Leave,NoMovement,Round,Medium,Right,Null,NotReferred,Null,False,False,False,False,False,True,,False,False,False,False,False,False,0,0,0,0,0,False,False,,,Wicketkeeper
1654617,3,1.0,3,0,0,3,0,3,76670,,39481,County Championship 2026,3,48,Surrey Men,31,Somerset Men,8853451,2026-09-27T10:16:53Z,2,14,False,,,,7,Lewis Gregory,215,Rory Burns,24,Dom Sibley,Left,2,2,2,0,,LengthBall,OutsideOff,,None,FrontFoot,Drive,NoMovement,Round,Medium,Right,Null,NotReferred,1,False,True,False,False,False,True,,False,False,False,False,False,False,2,0,0,0,2,False,False,291.0,60.0,Mid Off
1654617,3,1.0,3,0,0,3,0,3,76670,,39481,County Championship 2026,3,48,Surrey Men,31,Somerset Men,8853456,2026-09-27T10:17:29Z,2,15,False,,,,7,Lewis Gregory,215,Rory Burns,24,Dom Sibley,Left,0,0,0,0,,BackOfALength,OutsideOff,,None,BackFoot,BackwardDefensive,NoMovement,Round,Medium,Right,Null,NotReferred,Null,False,False,False,False,False,True,,False,False,False,False,False,False,0,0,0,0,0,False,False,295.0,57.0,Mid Off
1654617,3,1.0,3,0,0,3,0,3,76670,,39481,County Championship 2026,3,48,Surrey Men,31,Somerset Men,8853460,2026-09-27T10:18:08Z,3,16,False,,,,7,Lewis Gregory,215,Rory Burns,24,Dom Sibley,Left,0,1,1,0,,BackOfALength,OutsideOff,,HitPad,BackFoot,Worked,NoMovement,Round,Medium,Right,Null,NotReferred,Null,False,False,False,True,False,True,,False,False,False,False,False,False,1,0,0,1,0,False,False,109.0,50.0,Wicketkeeper
1654617,3,1.0,3,0,0,3,0,3,76670,,39481,County Championship 2026,3,48,Surrey Men,31,Somerset Men,8853463,2026-09-27T10:18:58Z,4,17,False,,,,7,Lewis Gregory,24,Dom Sibley,215,Rory Burns,Right,0,0,0,0,,BackOfALength,OutsideOff,,None,BackFoot,BackwardDefensive,NoMovement,Over,Medium,Right,Null,NotReferred,Null,False,False,False,False,False,True,,False,False,False,False,False,False,0,0,0,0,0,False,False,333.0,40.0,Square Leg
1654617,3,1.0,3,0,0,3,0,3,76670,,39481,County Championship 2026,3,48,Surrey Men,31,Somerset Men,8853467,2026-09-27T10:19:35Z,5,18,False,,,,7,Lewis Gregory,24,Dom Sibley,215,Rory Burns,Right,0,0,0,0,,Short,OutsideOff,,PlayAndMissLegSide,BackFoot,Glance,NoMovement,Over,Medium,Right,Null,NotReferred,Null,False,False,False,False,False,True,,False,False,False,False,False,False,0,0,0,0,0,False,False,,,Wicketkeeper
1654617,3,1.0,3,0,0,3,0,3,76670,,39481,County Championship 2026,3,48,Surrey Men,31,Somerset Men,8853471,2026-09-27T10:20:12Z,6,19,False,,,,7,Lewis Gregory,24,Dom Sibley,215,Rory Burns,Right,0,0,0,0,,LengthBall,OutsideOff,,Left,NoMovement,Leave,NoMovement,Over,Medium,Right,Null,NotReferred,Null,False,False,False,False,False,True,,False,False,False,False,False,False,0,0,0,0,0,False,False,,,Wicketkeeper
1654623,4,0.75,0,0,0,3,0,0,76670,,39481,County Championship 2026,3,48,Surrey Men,31,Somerset Men,8853482,2026-09-27T10:21:10Z,1,20,False,,,,456,Craig Overton,215,Rory Burns,24,Dom Sibley,Left,0,0,0,0,,Short,OutsideOff,,None,BackFoot,BackwardDefensive,NoMovement,Round,Medium,Right,Null,NotReferred,Null,False,False,False,False,False,True,,False,False,False,False,False,False,0,0,0,0,0,False,False,11.0,51.0,Backward Point
1654623,4,0.75,0,0,0,3,0,0,76670,,39481,County Championship 2026,3,48,Surrey Men,31,Somerset Men,8853488,2026-09-27T10:21:42Z,2,21,False,,,,456,Craig Overton,215,Rory Burns,24,Dom Sibley,Left,0,0,0,0,,LengthBall,OutsideOff,,None,FrontFoot,ForwardDefensive,NoMovement,Round,Medium,Right,Null,NotReferred,Null,False,False,False,False,False,True,,False,False,False,False,False,False,0,0,0,0,0,False,False,242.0,34.0,Mid On
1654623,4,0.75,0,0,0,3,0,0,76670,,39481,County Championship 2026,3,48,Surrey Men,31,Somerset Men,8853490,2026-09-27T10:22:12Z,3,22,False,,,,456,Craig Overton,215,Rory Burns,24,Dom Sibley,Left,0,0,0,0,,BackOfALength,Wide,,Left,NoMovement,Leave,NoMovement,Round,Medium,Right,Null,NotReferred,Null,False,False,False,False,False,True,,False,False,False,False,False,False,0,0,0,0,0,False,False,,,Wicketkeeper
1654623,4,0.75,0,0,0,3,0,0,76670,,39481,County Championship 2026,3,48,Surrey Men,31,Somerset Men,8853496,2026-09-27T10:22:41Z,4,23,False,,,,456,Craig Overton,215,Rory Burns,24,Dom Sibley,Left,0,0,0,0,,BackOfALength,OutsideOff,,BottomEdge,BackFoot,Cut,NoMovement,Round,Medium,Right,Null,NotReferred,Null,False,False,False,False,False,True,,False,False,False,False,False,False,0,0,0,0,0,False,False,91.0,17.0,Wicketkeeper
1654623,4,0.75,0,0,0,3,0,0,76670,,39481,County Championship 2026,3,48,Surrey Men,31,Somerset Men,8853501,2026-09-27T10:23:14Z,5,24,False,,,,456,Craig Overton,215,Rory Burns,24,Dom Sibley,Left,0,0,0,0,,LengthBall,OutsideOff,,None,BackFoot,Worked,NoMovement,Round,Medium,Right,Null,NotReferred,Null,False,False,False,False,False,True,,False,False,False,False,False,False,0,0,0,0,0,False,False,221.0,51.0,Mid Wicket
1654623,4,0.75,0,0,0,3,0,0,76670,,39481,County Championship 2026,3,48,Surrey Men,31,Somerset Men,8853505,2026-09-27T10:23:43Z,6,25,False,,,,456,Craig Overton,215,Rory Burns,24,Dom Sibley,Left,0,0,0,0,,BackOfALength,OutsideOff,,None,BackFoot,Drive,NoMovement,Round,Medium,Right,Null,NotReferred,Null,False,False,False,False,False,True,,False,False,False,False,False,False,0,0,0,0,0,False,False,340.0,58.0,Cover
1654627,5,1.8,6,1,0,9,1,6,76670,,39481,County Championship 2026,3,48,Surrey Men,31,Somerset Men,8853512,2026-09-27T10:24:40Z,1,26,True,Caught,24.0,Dom Sibley,7,Lewis Gregory,24,Dom Sibley,215,Rory Burns,Right,0,0,0,0,Caught,BackOfALength,OutsideOff,Caught,OutsideEdge,BackFoot,BackwardDefensive,NoMovement,Over,Medium,Right,Null,NotReferred,Null,False,False,False,False,False,True,1842.0,False,False,False,False,False,False,0,0,0,0,0,False,True,116.0,44.0,Second Slip
1654627,5,1.8,6,1,0,9,1,6,76670,,39481,County Championship 2026,3,48,Surrey Men,31,Somerset Men,8853526,2026-09-27T10:27:03Z,2,27,False,,,,7,Lewis Gregory,224,Ryan Patel,215,Rory Burns,Left,0,0,0,0,,LengthBall,OutsideOff,,None,FrontFoot,ForwardDefensive,NoMovement,Round,Medium,Right,Null,NotReferred,Null,False,False,False,False,False,True,,False,False,False,False,False,False,0,0,0,0,0,False,False,288.0,59.0,Mid Off
1654627,5,1.8,6,1,0,9,1,6,76670,,39481,County Championship 2026,3,48,Surrey Men,31,Somerset Men,8853533,2026-09-27T10:27:56Z,3,28,False,,,,7,Lewis Gregory,224,Ryan Patel,215,Rory Burns,Left,2,2,2,0,,BackOfALength,OutsideOff,,None,BackFoot,BackwardDefensive,NoMovement,Round,Medium,Right,Null,NotReferred,1,False,True,False,False,False,True,,False,False,False,False,False,False,2,0,0,0,2,False,False,278.0,41.0,Bowler
1654627,5,1.8,6,1,0,9,1,6,76670,,39481,County Championship 2026,3,48,Surrey Men,31,Somerset Men,8853538,2026-09-27T10:28:34Z,4,3,False,,,,7,Lewis Gregory,224,Ryan Patel,215,Rory Burns,Left,4,0,4,4,,BackOfALength,OutsideOff,,WellTimed,BackFoot,Drive,NoMovement,Round,Medium,Right,Null,NotReferred,Null,False,False,False,False,False,True,,False,False,False,False,False,False,4,0,0,0,0,True,False,7.0,169.0,
1654627,5,1.8,6,1,0,9,1,6,76670,,39481,County Championship 2026,3,48,Surrey Men,31,Somerset Men,8853547,2026-09-27T10:29:19Z,4,30,False,,,,7,Lewis Gregory,224,Ryan Patel,215,Rory Burns,Left,0,0,0,0,,BackOfALength,OutsideOff,,Left,NoMovement,Leave,NoMovement,Round,Medium,Right,Null,NotReferred,Null,False,False,False,False,False,True,,False,False,False,False,False,False,0,0,0,0,0,False,False,,,Wicketkeeper
1654627,5,1.8,6,1,0,9,1,6,76670,,39481,County Championship 2026,3,48,Surrey Men,31,Somerset Men,8853553,2026-09-27T10:30:00Z,5,31,False,,,,7,Lewis Gregory,224,Ryan Patel,215,Rory Burns,Left,0,0,0,0,,Short,OutsideOff,,MisTimed,BackFoot,Cut,NoMovement,Round,Medium,Right,Null,NotReferred,Null,False,False,False,False,False,True,,False,False,False,False,False,False,0,0,0,0,0,False,False,307.0,50.0,Extra Cover
1654627,5,1.8,6,1,0,9,1,6,76670,,39481,County Championship 2026,3,48,Surrey Men,31,Somerset Men,8853560,2026-09-27T10:30:36Z,6,32,False,,,,7,Lewis Gregory,224,Ryan Patel,215,Rory Burns,Left,0,0,0,0,,LengthBall,OutsideOff,,None,FrontFoot,ForwardDefensive,NoMovement,Round,Medium,Right,Null,NotReferred,Null,False,False,False,False,False,True,,False,False,False,False,False,False,0,0,0,0,0,False,False,205.0,40.0,Square Leg
1654637,6,2.17,4,0,0,13,1,4,76670,,39481,County Championship 2026,3,48,Surrey Men,31,Somerset Men,8853573,2026-09-27T10:32:00Z,1,33,False,,,,456,Craig Overton,215,Rory Burns,224,Ryan Patel,Left,0,0,0,0,,BackOfALength,OutsideOff,,None,BackFoot,BackwardDefensive,NoMovement,Round,Medium,Right,Null,NotReferred,Null,False,False,False,False,False,True,,False,False,False,False,False,False,0,0,0,0,0,False,False,278.0,41.0,Bowler
1654637,6,2.17,4,0,0,13,1,4,76670,,39481,County Championship 2026,3,48,Surrey Men,31,Somerset Men,8853575,2026-09-27T10:32:28Z,2,2,False,,,,456,Craig Overton,215,Rory Burns,224,Ryan Patel,Left,0,0,0,0,,LengthBall,OutsideOff,,None,FrontFoot,ForwardDefensive,NoMovement,Round,Medium,Right,Null,NotReferred,Null,False,False,False,False,False,True,,False,False,False,False,False,False,0,0,0,0,0,False,False,331.0,42.0,Cover
1654637,6,2.17,4,0,0,13,1,4,76670,,39481,County Championship 2026,3,48,Surrey Men,31,Somerset Men,8853580,2026-09-27T10:32:59Z,3,35,False,,,,456,Craig Overton,215,Rory Burns,224,Ryan Patel,Left,4,0,4,4,,BackOfALength,OutsideOff,,ThickEdge,BackFoot,BackwardDefensive,NoMovement,Round,Medium,Right,Null,NotReferred,Null,False,False,False,False,False,True,,False,False,False,False,False,False,4,0,0,0,0,True,False,65.0,161.0,
1654637,6,2.17,4,0,0,13,1,4,76670,,39481,County Championship 2026,3,48,Surrey Men,31,Somerset Men,8853587,2026-09-27T10:33:42Z,4,36,False,,,,456,Craig Overton,215,Rory Burns,224,Ryan Patel,Left,0,0,0,0,,BackOfALength,OutsideOff,,HitPad,BackFoot,Worked,NoMovement,Round,Medium,Right,Null,NotReferred,Null,False,False,False,False,False,True,,False,False,False,False,False,False,0,0,0,0,0,False,False,208.0,42.0,Square Leg
1654637,6,2.17,4,0,0,13,1,4,76670,,39481,County Championship 2026,3,48,Surrey Men,31,Somerset Men,8853590,2026-09-27T10:34:09Z,5,37,False,,,,456,Craig Overton,215,Rory Burns,224,Ryan Patel,Left,0,0,0,0,,LengthBall,OutsideOff,,WellTimed,BackFoot,Worked,NoMovement,Round,Medium,Right,Null,NotReferred,Null,False,False,False,False,False,True,,False,False,False,False,False,False,0,0,0,0,0,False,False,170.0,53.0,Backward Square Leg
1654637,6,2.17,4,0,0,13,1,4,76670,,39481,County Championship 2026,3,48,Surrey Men,31,Somerset Men,8853593,2026-09-27T10:34:39Z,6,38,False,,,,456,Craig Overton,215,Rory Burns,224,Ryan Patel,Left,0,0,0,0,,LengthBall,OutsideOff,,None,BackFoot,Worked,NoMovement,Round,Medium,Right,Null,NotReferred,Null,False,False,False,False,False,True,,False,False,False,False,False,False,0,0,0,0,0,False,False,215.0,48.0,Mid Wicket
1654642,7,1.86,0,0,0,13,1,0,76670,,39481,County Championship 2026,3,48,Surrey Men,31,Somerset Men,8853603,2026-09-27T10:35:36Z,1,1,False,,,,7,Lewis Gregory,224,Ryan Patel,215,Rory Burns,Left,0,0,0,0,,LengthBall,OutsideOff,,None,FrontFoot,ForwardDefensive,NoMovement,Round,Medium,Right,Null,NotReferred,Null,False,False,False,False,False,True,,False,False,False,False,False,False,0,0,0,0,0,False,False,282.0,51.0,Mid Off
1654642,7,1.86,0,0,0,13,1,0,76670,,39481,County Championship 2026,3,48,Surrey Men,31,Somerset Men,8853608,2026-09-27T10:36:12Z,2,40,False,,,,7,Lewis Gregory,224,Ryan Patel,215,Rory Burns,Left,0,0,0,0,,BackOfALength,OutsideOff,,None,BackFoot,BackwardDefensive,NoMovement,Round,Medium,Right,Null,NotReferred,Null,False,False,False,False,False,True,,False,False,False,False,False,False,0,0,0,0,0,False,False,337.0,46.0,Cover
1654642,7,1.86,0,0,0,13,1,0,76670,,39481,County Championship 2026,3,48,Surrey Men,31,Somerset Men,8853611,2026-09-27T10:36:47Z,3,41,False,,,,7,Lewis Gregory,224,Ryan Patel,215,Rory Burns,Left,0,0,0,0,,LengthBall,OutsideOff,,Left,NoMovement,Leave,NoMovement,Round,Medium,Right,Null,NotReferred,Null,False,False,False,False,False,True,,False,False,False,False,False,False,0,0,0,0,0,False,False,,,Wicketkeeper
1654642,7,1.86,0,0,0,13,1,0,76670,,39481,County Championship 2026,3,48,Surrey Men,31,Somerset Men,8853615,2026-09-27T10:37:22Z,4,42,False,,,,7,Lewis Gregory,224,Ryan Patel,215,Rory Burns,Left,0,0,0,0,,LengthBall,OutsideOff,,None,FrontFoot,ForwardDefensive,NoMovement,Round,Medium,Right,Null,NotReferred,Null,False,False,False,False,False,True,,False,False,False,False,False,False,0,0,0,0,0,False,False,300.0,53.0,Mid Off
1654642,7,1.86,0,0,0,13,1,0,76670,,39481,County Championship 2026,3,48,Surrey Men,31,Somerset Men,8853621,2026-09-27T10:37:58Z,5,43,False,,,,7,Lewis Gregory,224,Ryan Patel,215,Rory Burns,Left,0,0,0,0,,Short,OutsideOff,,Left,SwayedAway,Leave,NoMovement,Round,Medium,Right,Null,NotReferred,Null,False,False,False,False,False,True,,False,False,False,False,False,False,0,0,0,0,0,False,False,,,Wicketkeeper
1654642,7,1.86,0,0,0,13,1,0,76670,,39481,County Championship 2026,3,48,Surrey Men,31,Somerset Men,8853626,2026-09-27T10:38:32Z,6,44,False,,,,7,Lewis Gregory,224,Ryan Patel,215,Rory Burns,Left,0,0,0,0,,LengthBall,OutsideOff,,Left,NoMovement,Leave,NoMovement,Round,Medium,Right,Null,NotReferred,Null,False,False,False,False,False,True,,False,False,False,False,False,False,0,0,0,0,0,False,False,,,Wicketkeeper
1654648,8,2.12,4,0,0,17,1,4,76670,,39481,County Championship 2026,3,48,Surrey Men,31,Somerset Men,8853640,2026-09-27T10:39:49Z,1,45,False,,,,15273,Archie Vaughan,215,Rory Burns,224,Ryan Patel,Left,0,0,0,0,,LengthBall,OutsideOff,,None,FrontFoot,ForwardDefensive,OffBreak,Round,OffSpin,Right,Null,NotReferred,Null,False,False,False,False,False,True,,False,False,False,False,False,False,0,0,0,0,0,False,False,313.0,33.0,Bowler
1654648,8,2.12,4,0,0,17,1,4,76670,,39481,County Championship 2026,3,48,Surrey Men,31,Somerset Men,8853641,2026-09-27T10:40:13Z,2,46,False,,,,15273,Archie Vaughan,215,Rory Burns,224,Ryan Patel,Left,0,0,0,0,,LengthBall,OutsideOff,,Left,NoMovement,Leave,OffBreak,Round,OffSpin,Right,Null,NotReferred,Null,False,False,False,False,False,True,,False,False,False,False,False,False,0,0,0,0,0,False,False,,,Wicketkeeper
1654648,8,2.12,4,0,0,17,1,4,76670,,39481,County Championship 2026,3,48,Surrey Men,31,Somerset Men,8853644,2026-09-27T10:40:31Z,3,47,False,,,,15273,Archie Vaughan,215,Rory Burns,224,Ryan Patel,Left,0,0,0,0,,LengthBall,OffStump,,ThickEdge,FrontFoot,Worked,OffBreak,Round,OffSpin,Right,Null,NotReferred,Null,False,False,False,False,False,True,,False,False,False,False,False,False,0,0,0,0,0,False,False,44.0,51.0,Gully
1654648,8,2.12,4,0,0,17,1,4,76670,,39481,County Championship 2026,3,48,Surrey Men,31,Somerset Men,8853650,2026-09-27T10:40:51Z,4,48,False,,,,15273,Archie Vaughan,215,Rory Burns,224,Ryan Patel,Left,2,2,2,0,,BackOfALength,OutsideOff,,WellTimed,BackFoot,Cut,OffBreak,Round,OffSpin,Right,Null,NotReferred,1,False,True,False,False,False,True,,False,False,False,False,False,False,2,0,0,0,2,False,False,331.0,61.0,Cover
1654648,8,2.12,4,0,0,17,1,4,76670,,39481,County Championship 2026,3,48,Surrey Men,31,Somerset Men,8853652,2026-09-27T10:41:11Z,4,49,False,,,,15273,Archie Vaughan,215,Rory Burns,224,Ryan Patel,Left,2,0,2,2,,BackOfALength,OutsideOff,,WellTimed,BackFoot,Worked,OffBreak,Round,OffSpin,Right,Null,NotReferred,Null,False,False,False,False,False,True,,False,False,False,False,False,False,2,0,0,0,0,False,False,207.0,156.0,Deep Square Leg
1654648,8,2.12,4,0,0,17,1,4,76670,,39481,County Championship 2026,3,48,Surrey Men,31,Somerset Men,8853658,2026-09-27T10:41:36Z,5,50,False,,,,15273,Archie Vaughan,215,Rory Burns,224,Ryan Patel,Left,0,0,0,0,,LengthBall,OutsideOff,,None,FrontFoot,ForwardDefensive,OffBreak,Round,OffSpin,Right,Null,NotReferred,Null,False,False,False,False,False,True,,False,False,False,False,False,False,0,0,0,0,0,False,False,341.0,44.0,Cover
1654648,8,2.12,4,0,0,17,1,4,76670,,39481,County Championship 2026,3,48,Surrey Men,31,Somerset Men,8853660,2026-09-27T10:41:56Z,6,51,False,,,,15273,Archie Vaughan,215,Rory Burns,224,Ryan Patel,Left,0,0,0,0,,LengthBall,OutsideOff,,Missed,FrontFoot,ForwardDefensive,OffBreak,Round,OffSpin,Right,Null,NotReferred,Null,False,False,False,False,False,True,,False,False,False,False,False,False,0,0,0,0,0,False,False,,,Wicketkeeper
1654651,9,2.56,6,1,0,23,2,6,76670,,39481,County Championship 2026,3,48,Surrey Men,31,Somerset Men,8853664,2026-09-27T10:42:51Z,1,52,False,,,,7,Lewis Gregory,224,Ryan Patel,215,Rory Burns,Left,0,0,0,0,,LengthBall,OutsideOff,,None,FrontFoot,ForwardDefensive,NoMovement,Round,Medium,Right,Null,NotReferred,Null,False,False,False,False,False,True,,False,False,False,False,False,False,0,0,0,0,0,False,False,293.0,52.0,Mid Off
1654651,9,2.56,6,1,0,23,2,6,76670,,39481,County Championship 2026,3,48,Surrey Men,31,Somerset Men,8853669,2026-09-27T10:43:26Z,2,53,False,,,,7,Lewis Gregory,224,Ryan Patel,215,Rory Burns,Left,0,0,0,0,,BackOfALength,OutsideOff,,None,BackFoot,BackwardDefensive,NoMovement,Round,Medium,Right,Null,NotReferred,Null,False,False,False,False,False,True,,False,False,False,False,False,False,0,0,0,0,0,False,False,227.0,43.0,Mid Wicket
1654651,9,2.56,6,1,0,23,2,6,76670,,39481,County Championship 2026,3,48,Surrey Men,31,Somerset Men,8853671,2026-09-27T10:44:06Z,3,54,False,,,,7,Lewis Gregory,224,Ryan Patel,215,Rory Burns,Left,0,0,0,0,,LengthBall,MiddleStump,,Missed,BackFoot,BackwardDefensive,NoMovement,Over,Medium,Right,Null,NotReferred,Null,False,False,False,False,False,True,,False,False,False,False,False,False,0,0,0,0,0,False,False,,,Wicketkeeper
1654651,9,2.56,6,1,0,23,2,6,76670,,39481,County Championship 2026,3,48,Surrey Men,31,Somerset Men,8853679,2026-09-27T10:44:49Z,4,55,False,,,,7,Lewis Gregory,224,Ryan Patel,215,Rory Burns,Left,2,0,2,2,,BackOfALength,MiddleStump,,None,BackFoot,Cut,NoMovement,Over,Medium,Right,Null,NotReferred,Null,False,False,False,False,False,True,,False,False,False,False,False,False,2,0,0,0,0,False,False,351.0,146.0,Deep Cover
1654651,9,2.56,6,1,0,23,2,6,76670,,39481,County Championship 2026,3,48,Surrey Men,31,Somerset Men,8853680,2026-09-27T10:45:40Z,5,56,False,,,,7,Lewis Gregory,224,Ryan Patel,215,Rory Burns,Left,4,0,4,4,,HalfVolley,OutsideOff,,WellTimed,FrontFoot,Drive,NoMovement,Over,Medium,Right,Null,NotReferred,Null,False,False,False,False,False,True,,False,False,False,False,False,False,4,0,0,0,0,True,False,359.0,170.0,
1654651,9,2.56,6,1,0,23,2,6,76670,,39481,County Championship 2026,3,48,Surrey Men,31,Somerset Men,8853690,2026-09-27T10:46:15Z,6,57,True,Bowled,224.0,Ryan Patel,7,Lewis Gregory,224,Ryan Patel,215,Rory Burns,Left,0,0,0,0,Bowled,BackOfALength,MiddleStump,Bowled,InsideEdge,BackFoot,BackwardDefensive,NoMovement,Over,Medium,Right,Null,NotReferred,Null,False,False,False,False,False,True,1842.0,False,False,False,False,False,False,0,0,0,0,0,False,False,,,
1654660,10,2.3,0,0,0,23,2,0,76670,,39481,County Championship 2026,3,48,Surrey Men,31,Somerset Men,8853704,2026-09-27T10:48:22Z,1,58,False,,,,15273,Archie Vaughan,215,Rory Burns,194,Ollie Pope,Left,0,0,0,0,,BackOfALength,OutsideOff,,None,BackFoot,Cut,OffBreak,Round,OffSpin,Right,Null,NotReferred,Null,False,False,False,False,False,True,,False,False,False,False,False,False,0,0,0,0,0,False,False,32.0,49.0,Gully
1654660,10,2.3,0,0,0,23,2,0,76670,,39481,County Championship 2026,3,48,Surrey Men,31,Somerset Men,8853706,2026-09-27T10:48:41Z,2,59,False,,,,15273,Archie Vaughan,215,Rory Burns,194,Ollie Pope,Left,0,0,0,0,,BackOfALength,OutsideOff,,None,BackFoot,Pushed,OffBreak,Round,OffSpin,Right,Null,NotReferred,Null,False,False,False,False,False,True,,False,False,False,False,False,False,0,0,0,0,0,False,False,344.0,54.0,Cover
1654660,10,2.3,0,0,0,23,2,0,76670,,39481,County Championship 2026,3,48,Surrey Men,31,Somerset Men,8853708,2026-09-27T10:48:58Z,3,60,False,,,,15273,Archie Vaughan,215,Rory Burns,194,Ollie Pope,Left,0,0,0,0,,LengthBall,OutsideOff,,None,FrontFoot,ForwardDefensive,OffBreak,Round,OffSpin,Right,Null,NotReferred,Null,False,False,False,False,False,True,,False,False,False,False,False,False,0,0,0,0,0,False,False,335.0,47.0,Cover
1654660,10,2.3,0,0,0,23,2,0,76670,,39481,County Championship 2026,3,48,Surrey Men,31,Somerset Men,8853712,2026-09-27T10:49:22Z,4,61,False,,,,15273,Archie Vaughan,215,Rory Burns,194,Ollie Pope,Left,0,0,0,0,,LengthBall,OutsideOff,,None,BackFoot,BackwardDefensive,OffBreak,Round,OffSpin,Right,Null,NotReferred,Null,False,False,False,False,False,True,,False,False,False,False,False,False,0,0,0,0,0,False,False,262.0,27.0,Mid On
1654660,10,2.3,0,0,0,23,2,0,76670,,39481,County Championship 2026,3,48,Surrey Men,31,Somerset Men,8853716,2026-09-27T10:49:45Z,5,62,False,,,,15273,Archie Vaughan,215,Rory Burns,194,Ollie Pope,Left,0,0,0,0,,LengthBall,OutsideOff,,None,FrontFoot,ForwardDefensive,OffBreak,Round,OffSpin,Right,Null,NotReferred,Null,False,False,False,False,False,True,,False,False,False,False,False,False,0,0,0,0,0,False,False,307.0,32.0,Extra Cover
1654660,10,2.3,0,0,0,23,2,0,76670,,39481,County Championship 2026,3,48,Surrey Men,31,Somerset Men,8853720,2026-09-27T10:50:06Z,6,63,False,,,,15273,Archie Vaughan,215,Rory Burns,194,Ollie Pope,Left,0,0,0,0,,LengthBall,OutsideOff,,None,FrontFoot,ForwardDefensive,OffBreak,Round,OffSpin,Right,Null,NotReferred,Null,False,False,False,False,False,True,,False,False,False,False,False,False,0,0,0,0,0,False,False,269.0,35.0,Mid On
1654664,11,2.55,5,0,0,28,2,5,76670,,39481,County Championship 2026,3,48,Surrey Men,31,Somerset Men,8853727,2026-09-27T10:51:23Z,1,64,False,,,,7,Lewis Gregory,194,Ollie Pope,215,Rory Burns,Right,0,0,0,0,,LengthBall,OutsideOff,,Missed,FrontFoot,ForwardDefensive,NoMovement,Over,Medium,Right,Null,NotReferred,Null,False,False,False,False,False,True,,False,False,False,False,False,False,0,0,0,0,0,False,False,,,Wicketkeeper
1654664,11,2.55,5,0,0,28,2,5,76670,,39481,County Championship 2026,3,48,Surrey Men,31,Somerset Men,8853732,2026-09-27T10:52:03Z,2,65,False,,,,7,Lewis Gregory,194,Ollie Pope,215,Rory Burns,Right,1,0,1,1,,BackOfALength,OutsideOff,,None,BackFoot,Worked,NoMovement,Over,Medium,Right,Null,NotReferred,Null,False,False,False,False,False,True,,False,False,False,False,False,False,1,0,0,0,0,False,False,6.0,126.0,Deep Backward Square Leg
1654664,11,2.55,5,0,0,28,2,5,76670,,39481,County Championship 2026,3,48,Surrey Men,31,Somerset Men,8853738,2026-09-27T10:52:48Z,3,66,False,,,,7,Lewis Gregory,215,Rory Burns,194,Ollie Pope,Left,4,0,4,4,,LengthBall,LegStump,,OutsideEdge,FrontFoot,ForwardDefensive,NoMovement,Over,Medium,Right,Null,NotReferred,Null,False,False,False,False,False,True,,False,False,False,False,False,False,4,0,0,0,0,True,False,67.0,161.0,
1654664,11,2.55,5,0,0,28,2,5,76670,,39481,County Championship 2026,3,48,Surrey Men,31,Somerset Men,8853743,2026-09-27T10:53:28Z,4,67,False,,,,7,Lewis Gregory,215,Rory Burns,194,Ollie Pope,Left,0,0,0,0,,BackOfALength,DownLeg,,None,BackFoot,BackwardDefensive,NoMovement,Over,Medium,Right,Null,NotReferred,Null,False,False,False,False,False,True,,False,False,False,False,False,False,0,0,0,0,0,False,False,203.0,48.0,Square Leg
1654664,11,2.55,5,0,0,28,2,5,76670,,39481,County Championship 2026,3,48,Surrey Men,31,Somerset Men,8853749,2026-09-27T10:54:05Z,5,68,False,,,,7,Lewis Gregory,215,Rory Burns,194,Ollie Pope,Left,0,0,0,0,,BackOfALength,DownLeg,,None,BackFoot,BackwardDefensive,NoMovement,Over,Medium,Right,Null,NotReferred,Null,False,False,False,False,False,True,,False,False,False,False,False,False,0,0,0,0,0,False,False,10.0,48.0,Backward Point
1654664,11,2.55,5,0,0,28,2,5,76670,,39481,County Championship 2026,3,48,Surrey Men,31,Somerset Men,8853755,2026-09-27T10:54:43Z,6,69,False,,,,7,Lewis Gregory,215,Rory Burns,194,Ollie Pope,Left,0,0,0,0,,BackOfALength,LegStump,,Left,NoMovement,Leave,NoMovement,Over,Medium,Right,Null,NotReferred,Null,False,False,False,False,False,True,,False,False,False,False,False,False,0,0,0,0,0,False,False,,,Wicketkeeper
1654668,12,2.33,0,0,0,28,2,0,76670,,39481,County Championship 2026,3,48,Surrey Men,31,Somerset Men,8853762,2026-09-27T10:55:44Z,1,70,False,,,,15273,Archie Vaughan,194,Ollie Pope,215,Rory Burns,Right,0,0,0,0,,LengthBall,OutsideOff,,None,FrontFoot,ForwardDefensive,OffBreak,Over,OffSpin,Right,Null,NotReferred,Null,False,False,False,False,False,True,,False,False,False,False,False,False,0,0,0,0,0,False,False,309.0,21.0,Mid Wicket
1654668,12,2.33,0,0,0,28,2,0,76670,,39481,County Championship 2026,3,48,Surrey Men,31,Somerset Men,8853764,2026-09-27T10:56:06Z,2,71,False,,,,15273,Archie Vaughan,194,Ollie Pope,215,Rory Burns,Right,0,0,0,0,,LengthBall,OutsideOff,,Gloved,FrontFoot,Padded,OffBreak,Over,OffSpin,Right,Null,NotReferred,Null,False,False,False,False,False,True,,False,False,False,False,False,False,0,0,0,0,0,False,False,121.0,,Gully
1654668,12,2.33,0,0,0,28,2,0,76670,,39481,County Championship 2026,3,48,Surrey Men,31,Somerset Men,8853766,2026-09-27T10:56:22Z,3,72,False,,,,15273,Archie Vaughan,194,Ollie Pope,215,Rory Burns,Right,0,0,0,0,,HalfVolley,OutsideOff,,InsideEdge,FrontFoot,Flick,OffBreak,Over,OffSpin,Right,Null,NotReferred,Null,False,False,False,False,False,True,,False,False,False,False,False,False,0,0,0,0,0,False,False,58.0,20.0,Short Fine Leg
1654668,12,2.33,0,0,0,28,2,0,76670,,39481,County Championship 2026,3,48,Surrey Men,31,Somerset Men,8853769,2026-09-27T10:56:45Z,4,73,False,,,,15273,Archie Vaughan,194,Ollie Pope,215,Rory Burns,Right,0,0,0,0,,BackOfALength,OutsideOff,,None,BackFoot,BackwardDefensive,OffBreak,Over,OffSpin,Right,Null,NotReferred,Null,False,False,False,False,False,True,,False,False,False,False,False,False,0,0,0,0,0,False,False,269.0,37.0,Bowler
1654668,12,2.33,0,0,0,28,2,0,76670,,39481,County Championship 2026,3,48,Surrey Men,31,Somerset Men,8853773,2026-09-27T10:57:05Z,5,74,False,,,,15273,Archie Vaughan,194,Ollie Pope,215,Rory Burns,Right,0,0,0,0,,LengthBall,OutsideOff,,None,FrontFoot,ForwardDefensive,OffBreak,Over,OffSpin,Right,Null,NotReferred,Null,False,False,False,False,False,True,,False,False,False,False,False,False,0,0,0,0,0,False,False,251.0,47.0,Bowler
1654668,12,2.33,0,0,0,28,2,0,76670,,39481,County Championship 2026,3,48,Surrey Men,31,Somerset Men,8853775,2026-09-27T10:57:29Z,6,75,False,,,,15273,Archie Vaughan,194,Ollie Pope,215,Rory Burns,Right,0,0,0,0,,HalfVolley,OffStump,,None,FrontFoot,Worked,OffBreak,Over,OffSpin,Right,Null,NotReferred,Null,False,False,False,False,False,True,,False,False,False,False,False,False,0,0,0,0,0,False,False,338.0,51.0,Square Leg
1654673,13,2.77,8,0,0,36,2,8,76670,,39481,County Championship 2026,3,48,Surrey Men,31,Somerset Men,8853784,2026-09-27T10:58:28Z,1,76,False,,,,2675,Migael Pretorius,215,Rory Burns,194,Ollie Pope,Left,0,0,0,0,,HalfVolley,OutsideOff,,None,FrontFoot,Drive,NoMovement,Over,FastSeam,Right,Null,NotReferred,Null,False,False,False,False,False,True,,False,False,False,False,False,False,0,0,0,0,0,False,False,280.0,57.0,Mid Off
1654673,13,2.77,8,0,0,36,2,8,76670,,39481,County Championship 2026,3,48,Surrey Men,31,Somerset Men,8853787,2026-09-27T10:59:03Z,2,77,False,,,,2675,Migael Pretorius,215,Rory Burns,194,Ollie Pope,Left,0,0,0,0,,LengthBall,MiddleStump,,None,FrontFoot,ForwardDefensive,NoMovement,Over,FastSeam,Right,Null,NotReferred,Null,False,False,False,False,False,True,,False,False,False,False,False,False,0,0,0,0,0,False,False,325.0,47.0,Extra Cover
1654673,13,2.77,8,0,0,36,2,8,76670,,39481,County Championship 2026,3,48,Surrey Men,31,Somerset Men,8853790,2026-09-27T10:59:37Z,3,78,False,,,,2675,Migael Pretorius,215,Rory Burns,194,Ollie Pope,Left,4,0,4,4,,LengthBall,LegStump,,OutsideEdge,BackFoot,BackwardDefensive,NoMovement,Over,FastSeam,Right,Null,NotReferred,Null,False,False,False,False,False,True,,False,False,False,False,False,False,4,0,0,0,0,True,False,63.0,161.0,
1654673,13,2.77,8,0,0,36,2,8,76670,,39481,County Championship 2026,3,48,Surrey Men,31,Somerset Men,8853794,2026-09-27T11:00:16Z,4,79,False,,,,2675,Migael Pretorius,215,Rory Burns,194,Ollie Pope,Left,4,0,4,4,,LengthBall,OffStump,,WellTimed,BackFoot,Cut,NoMovement,Over,FastSeam,Right,Null,NotReferred,Null,False,False,False,False,False,True,,False,False,False,False,False,False,4,0,0,0,0,True,False,5.0,169.0,
1654673,13,2.77,8,0,0,36,2,8,76670,,39481,County Championship 2026,3,48,Surrey Men,31,Somerset Men,8853800,2026-09-27T11:01:08Z,5,80,False,,,,2675,Migael Pretorius,215,Rory Burns,194,Ollie Pope,Left,0,0,0,0,,BackOfALength,OutsideOff,,None,BackFoot,BackwardDefensive,NoMovement,Round,FastSeam,Right,Null,NotReferred,Null,False,False,False,False,False,True,,False,False,False,False,False,False,0,0,0,0,0,False,False,344.0,47.0,Cover
1654673,13,2.77,8,0,0,36,2,8,76670,,39481,County Championship 2026,3,48,Surrey Men,31,Somerset Men,8853804,2026-09-27T11:01:39Z,6,81,False,,,,2675,Migael Pretorius,215,Rory Burns,194,Ollie Pope,Left,0,0,0,0,,BackOfALength,OutsideOff,,Left,NoMovement,Leave,NoMovement,Round,FastSeam,Right,Null,NotReferred,Null,False,False,False,False,False,True,,False,False,False,False,False,False,0,0,0,0,0,False,False,,,Wicketkeeper
1654678,14,2.86,4,0,0,40,2,4,76670,,39481,County Championship 2026,3,48,Surrey Men,31,Somerset Men,8853818,2026-09-27T11:02:47Z,1,1,False,,,,15273,Archie Vaughan,194,Ollie Pope,215,Rory Burns,Right,0,0,0,0,,LengthBall,OutsideOff,,None,FrontFoot,ForwardDefensive,OffBreak,Over,OffSpin,Right,Null,NotReferred,Null,False,False,False,False,False,True,,False,False,False,False,False,False,0,0,0,0,0,False,False,200.0,26.0,Cover
1654678,14,2.86,4,0,0,40,2,4,76670,,39481,County Championship 2026,3,48,Surrey Men,31,Somerset Men,8853819,2026-09-27T11:03:02Z,2,83,False,,,,15273,Archie Vaughan,194,Ollie Pope,215,Rory Burns,Right,0,0,0,0,,LengthBall,OutsideOff,,None,FrontFoot,ForwardDefensive,OffBreak,Over,OffSpin,Right,Null,NotReferred,Null,False,False,False,False,False,True,,False,False,False,False,False,False,0,0,0,0,0,False,False,355.0,20.0,Square Leg
1654678,14,2.86,4,0,0,40,2,4,76670,,39481,County Championship 2026,3,48,Surrey Men,31,Somerset Men,8853824,2026-09-27T11:03:20Z,3,84,False,,,,15273,Archie Vaughan,194,Ollie Pope,215,Rory Burns,Right,0,0,0,0,,LengthBall,OutsideOff,,BatPad,FrontFoot,ForwardDefensive,OffBreak,Over,OffSpin,Right,Null,NotReferred,Null,False,False,False,False,False,True,,False,False,False,False,False,False,0,0,0,0,0,False,False,221.0,24.0,Extra Cover
1654678,14,2.86,4,0,0,40,2,4,76670,,39481,County Championship 2026,3,48,Surrey Men,31,Somerset Men,8853826,2026-09-27T11:03:40Z,4,85,False,,,,15273,Archie Vaughan,194,Ollie Pope,215,Rory Burns,Right,4,0,4,4,,BackOfALength,OutsideOff,,WellTimed,BackFoot,Cut,OffBreak,Over,OffSpin,Right,Null,NotReferred,Null,False,False,False,False,False,True,,False,False,False,False,False,False,4,0,0,0,0,True,False,188.0,171.0,
1654678,14,2.86,4,0,0,40,2,4,76670,,39481,County Championship 2026,3,48,Surrey Men,31,Somerset Men,8853835,2026-09-27T11:04:11Z,5,86,False,,,,15273,Archie Vaughan,194,Ollie Pope,215,Rory Burns,Right,0,0,0,0,,Yorker,OutsideOff,,MisTimed,FrontFoot,Drive,OffBreak,Over,OffSpin,Right,Null,NotReferred,Null,False,False,False,False,False,True,,False,False,False,False,False,False,0,0,0,0,0,False,False,244.0,28.0,Bowler
1654678,14,2.86,4,0,0,40,2,4,76670,,39481,County Championship 2026,3,48,Surrey Men,31,Somerset Men,8853837,2026-09-27T11:04:41Z,6,87,False,,,,15273,Archie Vaughan,194,Ollie Pope,215,Rory Burns,Right,0,0,0,0,,LengthBall,OutsideOff,,None,FrontFoot,ForwardDefensive,OffBreak,Over,OffSpin,Right,Null,NotReferred,Null,False,False,False,False,False,True,,False,False,False,False,False,False,0,0,0,0,0,False,False,315.0,16.0,Mid Wicket
1654683,15,2.67,0,0,0,40,2,0,76670,,39481,County Championship 2026,3,48,Surrey Men,31,Somerset Men,8853845,2026-09-27T11:05:30Z,1,88,False,,,,2675,Migael Pretorius,215,Rory Burns,194,Ollie Pope,Left,0,0,0,0,,LengthBall,OutsideOff,,None,FrontFoot,ForwardDefensive,NoMovement,Round,FastSeam,Right,Null,NotReferred,Null,False,False,False,False,False,True,,False,False,False,False,False,False,0,0,0,0,0,False,False,319.0,42.0,Extra Cover
1654683,15,2.67,0,0,0,40,2,0,76670,,39481,County Championship 2026,3,48,Surrey Men,31,Somerset Men,8853848,2026-09-27T11:06:04Z,2,89,False,,,,2675,Migael Pretorius,215,Rory Burns,194,Ollie Pope,Left,0,0,0,0,,BackOfALength,OutsideOff,,None,BackFoot,BackwardDefensive,NoMovement,Round,FastSeam,Right,Null,NotReferred,Null,False,False,False,False,False,True,,False,False,False,False,False,False,0,0,0,0,0,False,False,269.0,42.0,Bowler
1654683,15,2.67,0,0,0,40,2,0,76670,,39481,County Championship 2026,3,48,Surrey Men,31,Somerset Men,8853853,2026-09-27T11:06:36Z,3,90,False,,,,2675,Migael Pretorius,215,Rory Burns,194,Ollie Pope,Left,0,0,0,0,,LengthBall,OutsideOff,,Left,BackFoot,Leave,NoMovement,Round,FastSeam,Right,Null,NotReferred,Null,False,False,False,False,False,True,,False,False,False,False,False,False,0,0,0,0,0,False,False,,,Wicketkeeper
1654683,15,2.67,0,0,0,40,2,0,76670,,39481,County Championship 2026,3,48,Surrey Men,31,Somerset Men,8853856,2026-09-27T11:07:11Z,4,91,False,,,,2675,Migael Pretorius,215,Rory Burns,194,Ollie Pope,Left,0,0,0,0,,LengthBall,OutsideOff,,Left,NoMovement,Leave,NoMovement,Round,FastSeam,Right,Null,NotReferred,Null,False,False,False,False,False,True,,False,False,False,False,False,False,0,0,0,0,0,False,False,,,Wicketkeeper
1654683,15,2.67,0,0,0,40,2,0,76670,,39481,County Championship 2026,3,48,Surrey Men,31,Somerset Men,8853862,2026-09-27T11:07:45Z,5,92,False,,,,2675,Migael Pretorius,215,Rory Burns,194,Ollie Pope,Left,0,0,0,0,,LengthBall,OutsideOff,,Left,NoMovement,Leave,NoMovement,Round,FastSeam,Right,Null,NotReferred,Null,False,False,False,False,False,True,,False,False,False,False,False,False,0,0,0,0,0,False,False,,,Wicketkeeper
1654683,15,2.67,0,0,0,40,2,0,76670,,39481,County Championship 2026,3,48,Surrey Men,31,Somerset Men,8853866,2026-09-27T11:08:15Z,6,93,False,,,,2675,Migael Pretorius,215,Rory Burns,194,Ollie Pope,Left,0,0,0,0,,LengthBall,OutsideOff,,None,FrontFoot,ForwardDefensive,NoMovement,Round,FastSeam,Right,Null,NotReferred,Null,False,False,False,False,False,True,,False,False,False,False,False,False,0,0,0,0,0,False,False,8.0,62.0,Backward Point
1654688,16,2.75,4,0,0,44,2,4,76670,,39481,County Championship 2026,3,48,Surrey Men,31,Somerset Men,8853873,2026-09-27T11:09:13Z,1,94,False,,,,15273,Archie Vaughan,194,Ollie Pope,215,Rory Burns,Right,0,0,0,0,,LengthBall,OutsideOff,,MisTimed,FrontFoot,ForwardDefensive,OffBreak,Over,OffSpin,Right,Null,NotReferred,Null,False,False,False,False,False,True,,False,False,False,False,False,False,0,0,0,0,0,False,True,211.0,19.0,Extra Cover
1654688,16,2.75,4,0,0,44,2,4,76670,,39481,County Championship 2026,3,48,Surrey Men,31,Somerset Men,8853876,2026-09-27T11:09:40Z,2,95,False,,,,15273,Archie Vaughan,194,Ollie Pope,215,Rory Burns,Right,0,0,0,0,,LengthBall,OutsideOff,,None,FrontFoot,ForwardDefensive,OffBreak,Over,OffSpin,Right,Null,NotReferred,Null,False,False,False,False,False,True,,False,False,False,False,False,False,0,0,0,0,0,False,False,171.0,26.0,Wicketkeeper
1654688,16,2.75,4,0,0,44,2,4,76670,,39481,County Championship 2026,3,48,Surrey Men,31,Somerset Men,8853879,2026-09-27T11:10:02Z,3,96,False,,,,15273,Archie Vaughan,194,Ollie Pope,215,Rory Burns,Right,0,0,0,0,,LengthBall,OutsideOff,,HitPad,FrontFoot,ForwardDefensive,OffBreak,Over,OffSpin,Right,Null,NotReferred,Null,False,False,False,False,False,True,,False,False,False,False,False,False,0,0,0,0,0,False,False,332.0,49.0,Square Leg
1654688,16,2.75,4,0,0,44,2,4,76670,,39481,County Championship 2026,3,48,Surrey Men,31,Somerset Men,8853881,2026-09-27T11:10:22Z,4,97,False,,,,15273,Archie Vaughan,194,Ollie Pope,215,Rory Burns,Right,0,0,0,0,,LengthBall,OutsideOff,,None,FrontFoot,ForwardDefensive,OffBreak,Over,OffSpin,Right,Null,NotReferred,Null,False,False,False,False,False,True,,False,False,False,False,False,False,0,0,0,0,0,False,False,160.0,10.0,Wicketkeeper
1654688,16,2.75,4,0,0,44,2,4,76670,,39481,County Championship 2026,3,48,Surrey Men,31,Somerset Men,8853884,2026-09-27T11:10:40Z,5,98,False,,,,15273,Archie Vaughan,194,Ollie Pope,215,Rory Burns,Right,4,0,4,4,,Short,OutsideOff,,WellTimed,BackFoot,Cut,OffBreak,Over,OffSpin,Right,Null,NotReferred,Null,False,False,False,False,False,True,,False,False,False,False,False,False,4,0,0,0,0,True,False,198.0,173.0,
1654688,16,2.75,4,0,0,44,2,4,76670,,39481,County Championship 2026,3,48,Surrey Men,31,Somerset Men,8853888,2026-09-27T11:11:07Z,6,99,False,,,,15273,Archie Vaughan,194,Ollie Pope,215,Rory Burns,Right,0,0,0,0,,BackOfALength,OutsideOff,,None,BackFoot,BackwardDefensive,OffBreak,Over,OffSpin,Right,Null,NotReferred,Null,False,False,False,False,False,True,,False,False,False,False,False,False,0,0,0,0,0,False,False,225.0,19.0,Extra Cover
1654692,17,2.82,4,0,0,48,2,4,76670,,39481,County Championship 2026,3,48,Surrey Men,31,Somerset Men,8853899,2026-09-27T11:12:45Z,1,100,False,,,,11,Jack Leach,215,Rory Burns,194,Ollie Pope,Left,0,0,0,0,,Yorker,OutsideOff,,None,FrontFoot,Drive,StockBall,Over,Orthodox,Left,Null,NotReferred,Null,False,False,False,False,False,True,,False,False,False,False,False,False,0,0,0,0,0,False,False,290.0,65.0,Mid Off
1654692,17,2.82,4,0,0,48,2,4,76670,,39481,County Championship 2026,3,48,Surrey Men,31,Somerset Men,8853903,2026-09-27T11:13:02Z,2,101,False,,,,11,Jack Leach,215,Rory Burns,194,Ollie Pope,Left,0,0,0,0,,LengthBall,OutsideOff,,None,FrontFoot,ForwardDefensive,StockBall,Over,Orthodox,Left,Null,NotReferred,Null,False,False,False,False,False,True,,False,False,False,False,False,False,0,0,0,0,0,False,False,278.0,41.0,Bowler
1654692,17,2.82,4,0,0,48,2,4,76670,,39481,County Championship 2026,3,48,Surrey Men,31,Somerset Men,8853905,2026-09-27T11:13:19Z,3,102,False,,,,11,Jack Leach,215,Rory Burns,194,Ollie Pope,Left,0,0,0,0,,LengthBall,OutsideOff,,None,FrontFoot,ForwardDefensive,StockBall,Over,Orthodox,Left,Null,NotReferred,Null,False,False,False,False,False,True,,False,False,False,False,False,False,0,0,0,0,0,False,False,225.0,22.0,Mid Wicket
1654692,17,2.82,4,0,0,48,2,4,76670,,39481,County Championship 2026,3,48,Surrey Men,31,Somerset Men,8853908,2026-09-27T11:13:37Z,4,103,False,,,,11,Jack Leach,215,Rory Burns,194,Ollie Pope,Left,0,0,0,0,,LengthBall,OutsideOff,,None,BackFoot,BackwardDefensive,StockBall,Over,Orthodox,Left,Null,NotReferred,Null,False,False,False,False,False,True,,False,False,False,False,False,False,0,0,0,0,0,False,False,228.0,33.0,Mid Wicket
1654692,17,2.82,4,0,0,48,2,4,76670,,39481,County Championship 2026,3,48,Surrey Men,31,Somerset Men,8853911,2026-09-27T11:13:56Z,5,104,False,,,,11,Jack Leach,215,Rory Burns,194,Ollie Pope,Left,0,0,0,0,,LengthBall,OutsideOff,,None,FrontFoot,ForwardDefensive,StockBall,Over,Orthodox,Left,Null,NotReferred,Null,False,False,False,False,False,True,,False,False,False,False,False,False,0,0,0,0,0,False,False,304.0,20.0,Wicketkeeper
1654692,17,2.82,4,0,0,48,2,4,76670,,39481,County Championship 2026,3,48,Surrey Men,31,Somerset Men,8853912,2026-09-27T11:14:15Z,6,105,False,,,,11,Jack Leach,215,Rory Burns,194,Ollie Pope,Left,4,0,4,4,,BackOfALength,OutsideOff,,WellTimed,BackFoot,Cut,StockBall,Over,Orthodox,Left,Null,NotReferred,Null,False,False,False,False,False,True,,False,False,False,False,False,False,4,0,0,0,0,True,False,349.0,172.0,
1654695,18,2.72,1,0,0,49,2,1,76670,,39481,County Championship 2026,3,48,Surrey Men,31,Somerset Men,8853916,2026-09-27T11:15:21Z,1,106,False,,,,15273,Archie Vaughan,194,Ollie Pope,215,Rory Burns,Right,0,0,0,0,,LengthBall,OutsideOff,,None,FrontFoot,Worked,OffBreak,Over,OffSpin,Right,Null,NotReferred,Null,False,False,False,False,False,True,,False,False,False,False,False,False,0,0,0,0,0,False,False,59.0,48.0,Short Fine Leg
1654695,18,2.72,1,0,0,49,2,1,76670,,39481,County Championship 2026,3,48,Surrey Men,31,Somerset Men,8853922,2026-09-27T11:15:40Z,2,107,False,,,,15273,Archie Vaughan,194,Ollie Pope,215,Rory Burns,Right,0,1,1,0,,LengthBall,OutsideOff,,Missed,FrontFoot,Sweep,OffBreak,Over,OffSpin,Right,Null,NotReferred,Null,False,False,True,False,False,True,,False,False,False,False,False,False,1,1,0,0,0,False,False,,,Wicketkeeper
1654695,18,2.72,1,0,0,49,2,1,76670,,39481,County Championship 2026,3,48,Surrey Men,31,Somerset Men,8853926,2026-09-27T11:16:25Z,3,108,False,,,,15273,Archie Vaughan,215,Rory Burns,194,Ollie Pope,Left,0,0,0,0,,LengthBall,OffStump,,None,FrontFoot,ForwardDefensive,OffBreak,Round,OffSpin,Right,Null,NotReferred,Null,False,False,False,False,False,True,,False,False,False,False,False,False,0,0,0,0,0,False,False,171.0,9.0,Backward Square Leg
1654695,18,2.72,1,0,0,49,2,1,76670,,39481,County Championship 2026,3,48,Surrey Men,31,Somerset Men,8853929,2026-09-27T11:16:52Z,4,109,False,,,,15273,Archie Vaughan,215,Rory Burns,194,Ollie Pope,Left,0,0,0,0,,LengthBall,MiddleStump,,None,FrontFoot,ForwardDefensive,OffBreak,Round,OffSpin,Right,Null,NotReferred,Null,False,False,False,False,False,True,,False,False,False,False,False,False,0,0,0,0,0,False,False,184.0,9.0,Square Leg
1654695,18,2.72,1,0,0,49,2,1,76670,,39481,County Championship 2026,3,48,Surrey Men,31,Somerset Men,8853931,2026-09-27T11:17:12Z,5,110,False,,,,15273,Archie Vaughan,215,Rory Burns,194,Ollie Pope,Left,0,0,0,0,,LengthBall,OffStump,,None,FrontFoot,ForwardDefensive,OffBreak,Round,OffSpin,Right,Null,NotReferred,Null,False,False,False,False,False,True,,False,False,False,False,False,False,0,0,0,0,0,False,False,205.0,9.0,Square Leg
1654695,18,2.72,1,0,0,49,2,1,76670,,39481,County Championship 2026,3,48,Surrey Men,31,Somerset Men,8853936,2026-09-27T11:17:43Z,6,111,False,,,,15273,Archie Vaughan,215,Rory Burns,194,Ollie Pope,Left,0,0,0,0,,LengthBall,OutsideOff,,None,FrontFoot,ForwardDefensive,OffBreak,Round,OffSpin,Right,Null,NotReferred,Null,False,False,False,False,False,True,,False,False,False,False,False,False,0,0,0,0,0,False,False,23.0,45.0,Backward Point
1654699,19,2.63,1,0,0,50,2,1,76670,,39481,County Championship 2026,3,48,Surrey Men,31,Somerset Men,8853942,2026-09-27T11:18:59Z,1,112,False,,,,11,Jack Leach,194,Ollie Pope,215,Rory Burns,Right,0,0,0,0,,LengthBall,OutsideOff,,None,FrontFoot,ForwardDefensive,StockBall,Round,Orthodox,Left,Null,NotReferred,Null,False,False,False,False,False,True,,False,False,False,False,False,False,0,0,0,0,0,False,False,273.0,35.0,Bowler
1654699,19,2.63,1,0,0,50,2,1,76670,,39481,County Championship 2026,3,48,Surrey Men,31,Somerset Men,8853943,2026-09-27T11:19:13Z,2,113,False,,,,11,Jack Leach,194,Ollie Pope,215,Rory Burns,Right,1,0,1,1,,HalfVolley,OutsideOff,,WellTimed,FrontFoot,Drive,StockBall,Round,Orthodox,Left,Null,NotReferred,Null,False,False,False,False,False,True,,False,False,False,False,False,False,1,0,0,0,0,False,False,239.0,162.0,Deep Extra Cover
1654699,19,2.63,1,0,0,50,2,1,76670,,39481,County Championship 2026,3,48,Surrey Men,31,Somerset Men,8853945,2026-09-27T11:19:40Z,3,114,False,,,,11,Jack Leach,215,Rory Burns,194,Ollie Pope,Left,0,0,0,0,,LengthBall,OutsideOff,,None,FrontFoot,ForwardDefensive,StockBall,Over,Orthodox,Left,Null,NotReferred,Null,False,False,False,False,False,True,,False,False,False,False,False,False,0,0,0,0,0,False,False,310.0,16.0,Wicketkeeper
1654699,19,2.63,1,0,0,50,2,1,76670,,39481,County Championship 2026,3,48,Surrey Men,31,Somerset Men,8853949,2026-09-27T11:20:03Z,4,115,False,,,,11,Jack Leach,215,Rory Burns,194,Ollie Pope,Left,0,0,0,0,,LengthBall,OutsideOff,Lbw,HitPad,FrontFoot,ForwardDefensive,StockBall,Over,Orthodox,Left,Null,NotReferred,Null,False,False,False,False,False,True,1842.0,False,False,False,False,False,False,0,0,0,0,0,False,False,9.0,46.0,Backward Point
1654699,19,2.63,1,0,0,50,2,1,76670,,39481,County Championship 2026,3,48,Surrey Men,31,Somerset Men,8853950,2026-09-27T11:20:25Z,5,116,False,,,,11,Jack Leach,215,Rory Burns,194,Ollie Pope,Left,0,0,0,0,,LengthBall,OutsideOff,,None,FrontFoot,ForwardDefensive,StockBall,Over,Orthodox,Left,Null,NotReferred,Null,False,False,False,False,False,True,,False,False,False,False,False,False,0,0,0,0,0,False,False,265.0,41.0,Bowler
1654699,19,2.63,1,0,0,50,2,1,76670,,39481,County Championship 2026,3,48,Surrey Men,31,Somerset Men,8853952,2026-09-27T11:20:41Z,6,117,False,,,,11,Jack Leach,215,Rory Burns,194,Ollie Pope,Left,0,0,0,0,,LengthBall,OutsideOff,,None,FrontFoot,ForwardDefensive,StockBall,Over,Orthodox,Left,Null,NotReferred,Null,False,False,False,False,False,True,,False,False,False,False,False,False,0,0,0,0,0,False,False,315.0,12.0,Wicketkeeper
1654702,20,2.6,2,0,0,52,2,2,76670,,39481,County Championship 2026,3,48,Surrey Men,31,Somerset Men,8853958,2026-09-27T11:21:28Z,1,118,False,,,,15273,Archie Vaughan,194,Ollie Pope,215,Rory Burns,Right,2,0,2,2,,Yorker,Wide,,None,FrontFoot,Drive,OffBreak,Over,OffSpin,Right,Null,NotReferred,Null,False,False,False,False,False,True,,False,False,False,False,False,False,2,0,0,0,0,False,False,207.0,129.0,Deep Cover
1654702,20,2.6,2,0,0,52,2,2,76670,,39481,County Championship 2026,3,48,Surrey Men,31,Somerset Men,8853962,2026-09-27T11:21:57Z,2,119,False,,,,15273,Archie Vaughan,194,Ollie Pope,215,Rory Burns,Right,0,0,0,0,,LengthBall,OutsideOff,,BatPad,FrontFoot,Worked,OffBreak,Over,OffSpin,Right,Null,NotReferred,Null,False,False,False,False,False,True,,False,False,False,False,False,False,0,0,0,0,0,False,False,129.0,11.0,Gully
1654702,20,2.6,2,0,0,52,2,2,76670,,39481,County Championship 2026,3,48,Surrey Men,31,Somerset Men,8853964,2026-09-27T11:22:15Z,3,120,False,,,,15273,Archie Vaughan,194,Ollie Pope,215,Rory Burns,Right,0,0,0,0,,LengthBall,OutsideOff,,Left,NoMovement,Leave,OffBreak,Over,OffSpin,Right,Null,NotReferred,Null,False,False,False,False,False,True,,False,False,False,False,False,False,0,0,0,0,0,False,False,,,Wicketkeeper
1654702,20,2.6,2,0,0,52,2,2,76670,,39481,County Championship 2026,3,48,Surrey Men,31,Somerset Men,8853967,2026-09-27T11:22:47Z,4,121,False,,,,15273,Archie Vaughan,194,Ollie Pope,215,Rory Burns,Right,0,0,0,0,,LengthBall,OutsideOff,,None,BackFoot,BackwardDefensive,OffBreak,Over,OffSpin,Right,Null,NotReferred,Null,False,False,False,False,False,True,,False,False,False,False,False,False,0,0,0,0,0,False,False,269.0,41.0,Bowler
1654702,20,2.6,2,0,0,52,2,2,76670,,39481,County Championship 2026,3,48,Surrey Men,31,Somerset Men,8853971,2026-09-27T11:23:06Z,5,122,False,,,,15273,Archie Vaughan,194,Ollie Pope,215,Rory Burns,Right,0,0,0,0,,LengthBall,OutsideOff,,None,FrontFoot,ForwardDefensive,OffBreak,Over,OffSpin,Right,Null,NotReferred,Null,False,False,False,False,False,True,,False,False,False,False,False,False,0,0,0,0,0,False,False,348.0,9.0,Square Leg
1654702,20,2.6,2,0,0,52,2,2,76670,,39481,County Championship 2026,3,48,Surrey Men,31,Somerset Men,8853975,2026-09-27T11:23:28Z,6,123,False,,,,15273,Archie Vaughan,194,Ollie Pope,215,Rory Burns,Right,0,0,0,0,,Yorker,OutsideOff,,None,FrontFoot,Drive,OffBreak,Over,OffSpin,Right,Null,NotReferred,Null,False,False,False,False,False,True,,False,False,False,False,False,False,0,0,0,0,0,False,False,211.0,19.0,Extra Cover
1654706,21,2.48,0,0,0,52,2,0,76670,,39481,County Championship 2026,3,48,Surrey Men,31,Somerset Men,8853983,2026-09-27T11:24:29Z,1,124,False,,,,11,Jack Leach,215,Rory Burns,194,Ollie Pope,Left,0,0,0,0,,HalfVolley,OutsideOff,,MisTimed,FrontFoot,Drive,StockBall,Over,Orthodox,Left,Null,NotReferred,Null,False,False,False,False,False,True,,False,False,False,False,False,False,0,0,0,0,0,False,False,219.0,40.0,Mid Wicket
1654706,21,2.48,0,0,0,52,2,0,76670,,39481,County Championship 2026,3,48,Surrey Men,31,Somerset Men,8853985,2026-09-27T11:24:48Z,2,125,False,,,,11,Jack Leach,215,Rory Burns,194,Ollie Pope,Left,0,0,0,0,,LengthBall,OutsideOff,,None,FrontFoot,ForwardDefensive,StockBall,Over,Orthodox,Left,Null,NotReferred,Null,False,False,False,False,False,True,,False,False,False,False,False,False,0,0,0,0,0,False,False,233.0,42.0,Mid Wicket
1654706,21,2.48,0,0,0,52,2,0,76670,,39481,County Championship 2026,3,48,Surrey Men,31,Somerset Men,8853990,2026-09-27T11:25:11Z,3,126,False,,,,11,Jack Leach,215,Rory Burns,194,Ollie Pope,Left,0,0,0,0,,HalfVolley,OutsideOff,,None,FrontFoot,ForwardDefensive,StockBall,Over,Orthodox,Left,Null,NotReferred,Null,False,False,False,False,False,True,,False,False,False,False,False,False,0,0,0,0,0,False,False,272.0,47.0,Bowler
1654706,21,2.48,0,0,0,52,2,0,76670,,39481,County Championship 2026,3,48,Surrey Men,31,Somerset Men,8853993,2026-09-27T11:25:29Z,4,127,False,,,,11,Jack Leach,215,Rory Burns,194,Ollie Pope,Left,0,0,0,0,,LengthBall,OutsideOff,,None,FrontFoot,ForwardDefensive,StockBall,Over,Orthodox,Left,Null,NotReferred,Null,False,False,False,False,False,True,,False,False,False,False,False,False,0,0,0,0,0,False,False,236.0,52.0,Mid Wicket
1654706,21,2.48,0,0,0,52,2,0,76670,,39481,County Championship 2026,3,48,Surrey Men,31,Somerset Men,8853995,2026-09-27T11:25:52Z,5,128,False,,,,11,Jack Leach,215,Rory Burns,194,Ollie Pope,Left,0,0,0,0,,LengthBall,OffStump,,None,FrontFoot,ForwardDefensive,StockBall,Over,Orthodox,Left,Null,NotReferred,Null,False,False,False,False,False,True,,False,False,False,False,False,False,0,0,0,0,0,False,False,350.0,10.0,Wicketkeeper
1654706,21,2.48,0,0,0,52,2,0,76670,,39481,County Championship 2026,3,48,Surrey Men,31,Somerset Men,8853998,2026-09-27T11:26:39Z,6,129,False,,,,11,Jack Leach,215,Rory Burns,194,Ollie Pope,Left,0,0,0,0,,LengthBall,LegStump,,None,BackFoot,BackwardDefensive,StockBall,Round,Orthodox,Left,Null,NotReferred,Null,False,False,False,False,False,True,,False,False,False,False,False,False,0,0,0,0,0,False,False,9.0,39.0,Backward Point
1654710,22,2.36,0,1,0,52,3,0,76670,,39481,County Championship 2026,3,48,Surrey Men,31,Somerset Men,8854006,2026-09-27T11:27:28Z,1,130,False,,,,15273,Archie Vaughan,194,Ollie Pope,215,Rory Burns,Right,0,0,0,0,,LengthBall,OutsideOff,,None,FrontFoot,ForwardDefensive,OffBreak,Over,OffSpin,Right,Null,NotReferred,Null,False,False,False,False,False,True,,False,False,False,False,False,False,0,0,0,0,0,False,False,313.0,52.0,Mid Wicket
1654710,22,2.36,0,1,0,52,3,0,76670,,39481,County Championship 2026,3,48,Surrey Men,31,Somerset Men,8854010,2026-09-27T11:27:49Z,2,131,False,,,,15273,Archie Vaughan,194,Ollie Pope,215,Rory Burns,Right,0,0,0,0,,LengthBall,OutsideOff,,InsideEdge,FrontFoot,ForwardDefensive,OffBreak,Over,OffSpin,Right,Null,NotReferred,Null,False,False,False,False,False,True,,False,False,False,False,False,False,0,0,0,0,0,False,False,41.0,33.0,Short Fine Leg
1654710,22,2.36,0,1,0,52,3,0,76670,,39481,County Championship 2026,3,48,Surrey Men,31,Somerset Men,8854017,2026-09-27T11:28:29Z,3,132,True,Caught,194.0,Ollie Pope,15273,Archie Vaughan,194,Ollie Pope,215,Rory Burns,Right,0,0,0,0,Caught,LengthBall,OutsideOff,Caught,BatPad,FrontFoot,ForwardDefensive,OffBreak,Over,OffSpin,Right,Null,NotReferred,Null,False,False,False,False,False,True,1825.0,False,False,False,False,False,False,0,0,0,0,0,False,True,344.0,15.0,Short Leg
1654710,22,2.36,0,1,0,52,3,0,76670,,39481,County Championship 2026,3,48,Surrey Men,31,Somerset Men,8854280,2026-09-27T12:09:27Z,4,133,False,,,,15273,Archie Vaughan,8025,Nik Gorantla,215,Rory Burns,Right,0,0,0,0,,HalfVolley,OutsideOff,,None,FrontFoot,ForwardDefensive,OffBreak,Over,OffSpin,Right,Null,NotReferred,Null,False,False,False,False,False,True,,False,False,False,False,False,False,0,0,0,0,0,False,False,271.0,42.0,Bowler
1654710,22,2.36,0,1,0,52,3,0,76670,,39481,County Championship 2026,3,48,Surrey Men,31,Somerset Men,8854283,2026-09-27T12:09:45Z,5,134,False,,,,15273,Archie Vaughan,8025,Nik Gorantla,215,Rory Burns,Right,0,0,0,0,,HalfVolley,OutsideOff,,LeadingEdge,FrontFoot,Drive,OffBreak,Over,OffSpin,Right,Null,NotReferred,Null,False,False,False,False,False,True,,False,False,False,False,False,False,0,0,0,0,0,False,False,326.0,43.0,Mid Wicket
1654710,22,2.36,0,1,0,52,3,0,76670,,39481,County Championship 2026,3,48,Surrey Men,31,Somerset Men,8854287,2026-09-27T12:10:16Z,6,135,False,,,,15273,Archie Vaughan,8025,Nik Gorantla,215,Rory Burns,Right,0,0,0,0,,LengthBall,OutsideOff,,None,BackFoot,BackwardDefensive,OffBreak,Over,OffSpin,Right,Null,NotReferred,Null,False,False,False,False,False,True,,False,False,False,False,False,False,0,0,0,0,0,False,False,312.0,33.0,Mid Wicket
1654755,23,2.3,1,0,0,53,3,1,76670,,39481,County Championship 2026,3,48,Surrey Men,31,Somerset Men,8854294,2026-09-27T12:11:32Z,1,136,False,,,,7,Lewis Gregory,215,Rory Burns,8025,Nik Gorantla,Left,0,0,0,0,,LengthBall,OutsideOff,,None,FrontFoot,ForwardDefensive,NoMovement,Round,Medium,Right,Null,NotReferred,Null,False,False,False,False,False,True,,False,False,False,False,False,False,0,0,0,0,0,False,False,255.0,50.0,Mid On
1654755,23,2.3,1,0,0,53,3,1,76670,,39481,County Championship 2026,3,48,Surrey Men,31,Somerset Men,8854300,2026-09-27T12:12:07Z,2,137,False,,,,7,Lewis Gregory,215,Rory Burns,8025,Nik Gorantla,Left,0,0,0,0,,BackOfALength,OutsideOff,,None,BackFoot,BackwardDefensive,NoMovement,Round,Medium,Right,Null,NotReferred,Null,False,False,False,False,False,True,,False,False,False,False,False,False,0,0,0,0,0,False,False,60.0,0.0,Wicketkeeper
1654755,23,2.3,1,0,0,53,3,1,76670,,39481,County Championship 2026,3,48,Surrey Men,31,Somerset Men,8854305,2026-09-27T12:12:45Z,3,138,False,,,,7,Lewis Gregory,215,Rory Burns,8025,Nik Gorantla,Left,0,0,0,0,,LengthBall,OutsideOff,,None,FrontFoot,ForwardDefensive,NoMovement,Round,Medium,Right,Null,NotReferred,Null,False,False,False,False,False,True,,False,False,False,False,False,False,0,0,0,0,0,False,False,259.0,61.0,Mid On
1654755,23,2.3,1,0,0,53,3,1,76670,,39481,County Championship 2026,3,48,Surrey Men,31,Somerset Men,8854311,2026-09-27T12:13:19Z,4,139,False,,,,7,Lewis Gregory,215,Rory Burns,8025,Nik Gorantla,Left,1,0,1,1,,LengthBall,OffStump,,WellTimed,FrontFoot,Flick,NoMovement,Round,Medium,Right,Null,NotReferred,Null,False,False,False,False,False,True,,False,False,False,False,False,False,1,0,0,0,0,False,False,130.0,152.0,Fine Leg
1654755,23,2.3,1,0,0,53,3,1,76670,,39481,County Championship 2026,3,48,Surrey Men,31,Somerset Men,8854315,2026-09-27T12:13:59Z,5,140,False,,,,7,Lewis Gregory,8025,Nik Gorantla,215,Rory Burns,Right,0,0,0,0,,BackOfALength,OutsideOff,,None,BackFoot,BackwardDefensive,NoMovement,Over,Medium,Right,Null,NotReferred,Null,False,False,False,False,False,True,,False,False,False,False,False,False,0,0,0,0,0,False,False,291.0,48.0,Mid On
1654755,23,2.3,1,0,0,53,3,1,76670,,39481,County Championship 2026,3,48,Surrey Men,31,Somerset Men,8854321,2026-09-27T12:14:33Z,6,141,False,,,,7,Lewis Gregory,8025,Nik Gorantla,215,Rory Burns,Right,0,0,0,0,,LengthBall,OutsideOff,,None,FrontFoot,ForwardDefensive,NoMovement,Over,Medium,Right,Null,NotReferred,Null,False,False,False,False,False,True,,False,False,False,False,False,False,0,0,0,0,0,False,False,253.0,44.0,Mid Off
1654763,24,2.42,5,0,0,58,3,5,76670,,39481,County Championship 2026,3,48,Surrey Men,31,Somerset Men,8854332,2026-09-27T12:15:44Z,1,142,False,,,,15273,Archie Vaughan,215,Rory Burns,8025,Nik Gorantla,Left,0,0,0,0,,LengthBall,OutsideOff,,None,FrontFoot,ForwardDefensive,OffBreak,Round,OffSpin,Right,Null,NotReferred,Null,False,False,False,False,False,True,,False,False,False,False,False,False,0,0,0,0,0,False,False,6.0,13.0,Backward Point
1654763,24,2.42,5,0,0,58,3,5,76670,,39481,County Championship 2026,3,48,Surrey Men,31,Somerset Men,8854335,2026-09-27T12:16:03Z,2,143,False,,,,15273,Archie Vaughan,215,Rory Burns,8025,Nik Gorantla,Left,0,0,0,0,,LengthBall,OutsideOff,,Missed,FrontFoot,ForwardDefensive,OffBreak,Round,OffSpin,Right,Null,NotReferred,Null,False,False,False,False,False,True,,False,False,False,False,False,False,0,0,0,0,0,False,False,,,Wicketkeeper
1654763,24,2.42,5,0,0,58,3,5,76670,,39481,County Championship 2026,3,48,Surrey Men,31,Somerset Men,8854830,2026-09-27T13:39:03Z,3,144,False,,,,15273,Archie Vaughan,215,Rory Burns,8025,Nik Gorantla,Left,1,0,1,1,,BackOfALength,OffStump,,None,BackFoot,Worked,OffBreak,Round,OffSpin,Right,Null,NotReferred,Null,False,False,False,False,False,True,,False,False,False,False,False,False,1,0,0,0,0,False,False,219.0,100.0,Deep Mid Wicket
1654763,24,2.42,5,0,0,58,3,5,76670,,39481,County Championship 2026,3,48,Surrey Men,31,Somerset Men,8854832,2026-09-27T13:39:34Z,4,4,False,,,,15273,Archie Vaughan,8025,Nik Gorantla,215,Rory Burns,Right,0,0,0,0,,LengthBall,OutsideOff,,None,FrontFoot,ForwardDefensive,OffBreak,Over,OffSpin,Right,Null,NotReferred,Null,False,False,False,False,False,True,,False,False,False,False,False,False,0,0,0,0,0,False,False,221.0,32.0,Extra Cover
1654763,24,2.42,5,0,0,58,3,5,76670,,39481,County Championship 2026,3,48,Surrey Men,31,Somerset Men,8854834,2026-09-27T13:39:58Z,5,146,False,,,,15273,Archie Vaughan,8025,Nik Gorantla,215,Rory Burns,Right,0,0,0,0,,LengthBall,OutsideOff,,Missed,FrontFoot,Drive,OffBreak,Over,OffSpin,Right,Null,NotReferred,Null,False,False,False,False,False,True,,False,False,False,False,False,False,0,0,0,0,0,False,False,,,Wicketkeeper
1654763,24,2.42,5,0,0,58,3,5,76670,,39481,County Championship 2026,3,48,Surrey Men,31,Somerset Men,8854836,2026-09-27T13:40:21Z,6,147,False,,,,15273,Archie Vaughan,8025,Nik Gorantla,215,Rory Burns,Right,4,0,4,4,,BackOfALength,OutsideOff,,WellTimed,BackFoot,Cut,OffBreak,Over,OffSpin,Right,Null,NotReferred,Null,False,False,False,False,False,True,,False,False,False,False,False,False,4,0,0,0,0,True,False,195.0,173.0,
1654846,25,2.36,1,0,0,59,3,1,76670,,39481,County Championship 2026,3,48,Surrey Men,31,Somerset Men,8854844,2026-09-27T13:41:53Z,1,148,False,,,,7,Lewis Gregory,215,Rory Burns,8025,Nik Gorantla,Left,1,0,1,1,,LengthBall,OutsideOff,,None,BackFoot,Worked,NoMovement,Round,Medium,Right,Null,NotReferred,Null,False,False,False,False,False,True,,False,False,False,False,False,False,1,0,0,0,0,False,False,189.0,122.0,Deep Square Leg
1654846,25,2.36,1,0,0,59,3,1,76670,,39481,County Championship 2026,3,48,Surrey Men,31,Somerset Men,8854846,2026-09-27T13:42:38Z,2,149,False,,,,7,Lewis Gregory,8025,Nik Gorantla,215,Rory Burns,Right,0,0,0,0,,LengthBall,OutsideOff,,Left,NoMovement,Leave,NoMovement,Over,Medium,Right,Null,NotReferred,Null,False,False,False,False,False,True,,False,False,False,False,False,False,0,0,0,0,0,False,False,,,Wicketkeeper
1654846,25,2.36,1,0,0,59,3,1,76670,,39481,County Championship 2026,3,48,Surrey Men,31,Somerset Men,8854849,2026-09-27T13:43:17Z,3,150,False,,,,7,Lewis Gregory,8025,Nik Gorantla,215,Rory Burns,Right,0,0,0,0,,BackOfALength,OutsideOff,,None,BackFoot,Worked,NoMovement,Over,Medium,Right,Null,NotReferred,Null,False,False,False,False,False,True,,False,False,False,False,False,False,0,0,0,0,0,False,False,334.0,52.0,Square Leg
1654846,25,2.36,1,0,0,59,3,1,76670,,39481,County Championship 2026,3,48,Surrey Men,31,Somerset Men,8854852,2026-09-27T13:43:55Z,4,151,False,,,,7,Lewis Gregory,8025,Nik Gorantla,215,Rory Burns,Right,0,0,0,0,,BackOfALength,OutsideOff,,PlayAndMissLegSide,BackFoot,Glance,NoMovement,Over,Medium,Right,Null,NotReferred,Null,False,False,False,False,False,True,,False,False,False,False,False,False,0,0,0,0,0,False,False,,,Wicketkeeper
1654846,25,2.36,1,0,0,59,3,1,76670,,39481,County Championship 2026,3,48,Surrey Men,31,Somerset Men,8854854,2026-09-27T13:44:31Z,5,152,False,,,,7,Lewis Gregory,8025,Nik Gorantla,215,Rory Burns,Right,0,0,0,0,,LengthBall,OutsideOff,,None,FrontFoot,ForwardDefensive,NoMovement,Over,Medium,Right,Null,NotReferred,Null,False,False,False,False,False,True,,False,False,False,False,False,False,0,0,0,0,0,False,False,307.0,67.0,Mid Wicket
1654846,25,2.36,1,0,0,59,3,1,76670,,39481,County Championship 2026,3,48,Surrey Men,31,Somerset Men,8854857,2026-09-27T13:45:06Z,6,153,False,,,,7,Lewis Gregory,8025,Nik Gorantla,215,Rory Burns,Right,0,0,0,0,,LengthBall,OutsideOff,,Left,NoMovement,Leave,NoMovement,Over,Medium,Right,Null,NotReferred,Null,False,False,False,False,False,True,,False,False,False,False,False,False,0,0,0,0,0,False,False,,,Wicketkeeper
1654849,26,2.42,4,1,0,63,4,4,76670,,39481,County Championship 2026,3,48,Surrey Men,31,Somerset Men,8854861,2026-09-27T13:46:04Z,1,154,False,,,,15273,Archie Vaughan,215,Rory Burns,8025,Nik Gorantla,Left,0,0,0,0,,LengthBall,OffStump,,None,FrontFoot,ForwardDefensive,OffBreak,Round,OffSpin,Right,Null,NotReferred,Null,False,False,False,False,False,True,,False,False,False,False,False,False,0,0,0,0,0,False,False,275.0,35.0,Bowler
1654849,26,2.42,4,1,0,63,4,4,76670,,39481,County Championship 2026,3,48,Surrey Men,31,Somerset Men,8854864,2026-09-27T13:46:26Z,2,155,False,,,,15273,Archie Vaughan,215,Rory Burns,8025,Nik Gorantla,Left,0,0,0,0,,LengthBall,OutsideOff,,Missed,FrontFoot,ForwardDefensive,OffBreak,Round,OffSpin,Right,Null,NotReferred,Null,False,False,False,False,False,True,,False,False,False,False,False,False,0,0,0,0,0,False,False,,,Wicketkeeper
1654849,26,2.42,4,1,0,63,4,4,76670,,39481,County Championship 2026,3,48,Surrey Men,31,Somerset Men,8854866,2026-09-27T13:46:48Z,3,156,True,Caught,215.0,Rory Burns,15273,Archie Vaughan,215,Rory Burns,8025,Nik Gorantla,Left,0,0,0,0,Caught,LengthBall,OutsideOff,Caught,OutsideEdge,FrontFoot,ForwardDefensive,OffBreak,Round,OffSpin,Right,Null,NotReferred,Null,False,False,False,False,False,True,1825.0,False,False,False,False,False,False,0,0,0,0,0,False,True,78.0,12.0,First Slip
1654849,26,2.42,4,1,0,63,4,4,76670,,39481,County Championship 2026,3,48,Surrey Men,31,Somerset Men,8854868,2026-09-27T13:49:09Z,4,157,False,,,,15273,Archie Vaughan,221,Ben Foakes,8025,Nik Gorantla,Right,0,0,0,0,,BackOfALength,OutsideOff,,None,BackFoot,BackwardDefensive,OffBreak,Over,OffSpin,Right,Null,NotReferred,Null,False,False,False,False,False,True,,False,False,False,False,False,False,0,0,0,0,0,False,False,338.0,21.0,Square Leg
1654849,26,2.42,4,1,0,63,4,4,76670,,39481,County Championship 2026,3,48,Surrey Men,31,Somerset Men,8854869,2026-09-27T13:49:28Z,5,158,False,,,,15273,Archie Vaughan,221,Ben Foakes,8025,Nik Gorantla,Right,4,0,4,4,,LengthBall,OutsideOff,,Middled,FrontFoot,Sweep,OffBreak,Over,OffSpin,Right,Null,NotReferred,Null,False,False,False,False,False,True,,False,False,False,False,False,False,4,0,0,0,0,True,False,355.0,171.0,
1654849,26,2.42,4,1,0,63,4,4,76670,,39481,County Championship 2026,3,48,Surrey Men,31,Somerset Men,8854871,2026-09-27T13:50:20Z,6,159,False,,,,15273,Archie Vaughan,221,Ben Foakes,8025,Nik Gorantla,Right,0,0,0,0,,HalfVolley,OutsideOff,,MisTimed,FrontFoot,Drive,OffBreak,Over,OffSpin,Right,Null,NotReferred,Null,False,False,False,False,False,True,,False,False,False,False,False,False,0,0,0,0,0,False,False,247.0,43.0,Mid Off
1654852,27,2.37,1,0,0,64,4,1,76670,,39481,County Championship 2026,3,48,Surrey Men,31,Somerset Men,8854874,2026-09-27T13:51:16Z,1,160,False,,,,7,Lewis Gregory,8025,Nik Gorantla,221,Ben Foakes,Right,0,0,0,0,,BackOfALength,OutsideOff,,WellTimed,BackFoot,Worked,NoMovement,Over,Medium,Right,Null,NotReferred,Null,False,False,False,False,False,True,,False,False,False,False,False,False,0,0,0,0,0,False,False,31.0,54.0,Short Fine Leg
1654852,27,2.37,1,0,0,64,4,1,76670,,39481,County Championship 2026,3,48,Surrey Men,31,Somerset Men,8854878,2026-09-27T13:51:53Z,2,161,False,,,,7,Lewis Gregory,8025,Nik Gorantla,221,Ben Foakes,Right,1,0,1,1,,HalfVolley,OutsideOff,,WellTimed,FrontFoot,Drive,NoMovement,Over,Medium,Right,Null,NotReferred,Null,False,False,False,False,False,True,,False,False,False,False,False,False,1,0,0,0,0,False,False,236.0,92.0,Extra Cover
1654852,27,2.37,1,0,0,64,4,1,76670,,39481,County Championship 2026,3,48,Surrey Men,31,Somerset Men,8854882,2026-09-27T13:52:34Z,3,162,False,,,,7,Lewis Gregory,221,Ben Foakes,8025,Nik Gorantla,Right,0,0,0,0,,BackOfALength,OutsideOff,,Left,NoMovement,Leave,NoMovement,Over,Medium,Right,Null,NotReferred,Null,False,False,False,False,False,True,,False,False,False,False,False,False,0,0,0,0,0,False,False,,,Wicketkeeper
1654852,27,2.37,1,0,0,64,4,1,76670,,39481,County Championship 2026,3,48,Surrey Men,31,Somerset Men,8854887,2026-09-27T13:53:12Z,4,163,False,,,,7,Lewis Gregory,221,Ben Foakes,8025,Nik Gorantla,Right,0,0,0,0,,LengthBall,OutsideOff,,None,FrontFoot,ForwardDefensive,NoMovement,Over,Medium,Right,Null,NotReferred,Null,False,False,False,False,False,True,,False,False,False,False,False,False,0,0,0,0,0,False,False,269.0,30.0,Bowler
1654852,27,2.37,1,0,0,64,4,1,76670,,39481,County Championship 2026,3,48,Surrey Men,31,Somerset Men,8854890,2026-09-27T13:53:44Z,5,164,False,,,,7,Lewis Gregory,221,Ben Foakes,8025,Nik Gorantla,Right,0,0,0,0,,LengthBall,Wide,,Left,NoMovement,Leave,NoMovement,Over,Medium,Right,Null,NotReferred,Null,False,False,False,False,False,True,,False,False,False,False,False,False,0,0,0,0,0,False,False,,,Wicketkeeper
1654852,27,2.37,1,0,0,64,4,1,76670,,39481,County Championship 2026,3,48,Surrey Men,31,Somerset Men,8854893,2026-09-27T13:54:17Z,6,165,False,,,,7,Lewis Gregory,221,Ben Foakes,8025,Nik Gorantla,Right,0,0,0,0,,LengthBall,OutsideOff,,Left,NoMovement,Leave,NoMovement,Over,Medium,Right,Null,NotReferred,Null,False,False,False,False,False,True,,False,False,False,False,False,False,0,0,0,0,0,False,False,,,Wicketkeeper
1654856,28,2.5,6,0,0,70,4,6,76670,,39481,County Championship 2026,3,48,Surrey Men,31,Somerset Men,8854899,2026-09-27T13:55:28Z,1,166,False,,,,15273,Archie Vaughan,8025,Nik Gorantla,221,Ben Foakes,Right,0,0,0,0,,LengthBall,OutsideOff,,None,BackFoot,BackwardDefensive,OffBreak,Over,OffSpin,Right,Null,NotReferred,Null,False,False,False,False,False,True,,False,False,False,False,False,False,0,0,0,0,0,False,False,328.0,17.0,Mid Wicket
1654856,28,2.5,6,0,0,70,4,6,76670,,39481,County Championship 2026,3,48,Surrey Men,31,Somerset Men,8854901,2026-09-27T13:55:43Z,2,167,False,,,,15273,Archie Vaughan,8025,Nik Gorantla,221,Ben Foakes,Right,0,0,0,0,,LengthBall,OutsideOff,,None,FrontFoot,ForwardDefensive,OffBreak,Over,OffSpin,Right,Null,NotReferred,Null,False,False,False,False,False,True,,False,False,False,False,False,False,0,0,0,0,0,False,False,301.0,44.0,Mid Wicket
1654856,28,2.5,6,0,0,70,4,6,76670,,39481,County Championship 2026,3,48,Surrey Men,31,Somerset Men,8854903,2026-09-27T13:56:03Z,3,168,False,,,,15273,Archie Vaughan,8025,Nik Gorantla,221,Ben Foakes,Right,0,0,0,0,,BackOfALength,OutsideOff,,None,BackFoot,BackwardDefensive,OffBreak,Over,OffSpin,Right,Null,NotReferred,Null,False,False,False,False,False,True,,False,False,False,False,False,False,0,0,0,0,0,False,False,319.0,42.0,Mid Wicket
1654856,28,2.5,6,0,0,70,4,6,76670,,39481,County Championship 2026,3,48,Surrey Men,31,Somerset Men,8854906,2026-09-27T13:56:19Z,4,169,False,,,,15273,Archie Vaughan,8025,Nik Gorantla,221,Ben Foakes,Right,4,0,4,4,,HalfVolley,OutsideOff,,WellTimed,FrontFoot,Drive,OffBreak,Over,OffSpin,Right,Null,NotReferred,Null,False,False,False,False,False,True,,False,False,False,False,False,False,4,0,0,0,0,True,False,219.0,176.0,
1654856,28,2.5,6,0,0,70,4,6,76670,,39481,County Championship 2026,3,48,Surrey Men,31,Somerset Men,8854997,2026-09-27T14:17:13Z,5,170,False,,,,15273,Archie Vaughan,8025,Nik Gorantla,221,Ben Foakes,Right,0,0,0,0,,LengthBall,OutsideOff,,None,BackFoot,BackwardDefensive,OffBreak,Over,OffSpin,Right,Null,NotReferred,Null,False,False,False,False,False,True,,False,False,False,False,False,False,0,0,0,0,0,False,False,333.0,45.0,Square Leg
1654856,28,2.5,6,0,0,70,4,6,76670,,39481,County Championship 2026,3,48,Surrey Men,31,Somerset Men,8855000,2026-09-27T14:17:33Z,6,171,False,,,,15273,Archie Vaughan,8025,Nik Gorantla,221,Ben Foakes,Right,2,0,2,2,,HalfVolley,Wide,,None,FrontFoot,Drive,OffBreak,Over,OffSpin,Right,Null,NotReferred,Null,False,False,False,False,False,True,,False,False,False,False,False,False,2,0,0,0,0,False,False,179.0,156.0,Deep Backward Point
1654873,29,2.52,3,0,0,73,4,3,76670,,39481,County Championship 2026,3,48,Surrey Men,31,Somerset Men,8855006,2026-09-27T14:18:57Z,1,172,False,,,,163,Tom Kohler-Cadmore,221,Ben Foakes,8025,Nik Gorantla,Right,0,0,0,0,,LengthBall,OutsideOff,,None,FrontFoot,ForwardDefensive,OffBreak,Over,OffSpin,Right,Null,NotReferred,Null,False,False,False,False,False,True,,False,False,False,False,False,False,0,0,0,0,0,False,False,306.0,40.0,Mid Wicket
1654873,29,2.52,3,0,0,73,4,3,76670,,39481,County Championship 2026,3,48,Surrey Men,31,Somerset Men,8855009,2026-09-27T14:19:14Z,2,173,False,,,,163,Tom Kohler-Cadmore,221,Ben Foakes,8025,Nik Gorantla,Right,0,0,0,0,,HalfVolley,OffStump,,None,FrontFoot,Flick,OffBreak,Over,OffSpin,Right,Null,NotReferred,Null,False,False,False,False,False,True,,False,False,False,False,False,False,0,0,0,0,0,False,False,318.0,46.0,Mid Wicket
1654873,29,2.52,3,0,0,73,4,3,76670,,39481,County Championship 2026,3,48,Surrey Men,31,Somerset Men,8855011,2026-09-27T14:19:26Z,3,174,False,,,,163,Tom Kohler-Cadmore,221,Ben Foakes,8025,Nik Gorantla,Right,0,0,0,0,,LengthBall,OutsideOff,,None,BackFoot,BackwardDefensive,OffBreak,Over,OffSpin,Right,Null,NotReferred,Null,False,False,False,False,False,True,,False,False,False,False,False,False,0,0,0,0,0,False,False,319.0,44.0,Mid Wicket
1654873,29,2.52,3,0,0,73,4,3,76670,,39481,County Championship 2026,3,48,Surrey Men,31,Somerset Men,8855014,2026-09-27T14:19:42Z,4,175,False,,,,163,Tom Kohler-Cadmore,221,Ben Foakes,8025,Nik Gorantla,Right,2,0,2,2,,BackOfALength,OutsideOff,,WellTimed,BackFoot,Cut,OffBreak,Over,OffSpin,Right,Null,NotReferred,Null,False,False,False,False,False,True,,False,False,False,False,False,False,2,0,0,0,0,False,False,164.0,149.0,Deep Backward Point
1654873,29,2.52,3,0,0,73,4,3,76670,,39481,County Championship 2026,3,48,Surrey Men,31,Somerset Men,8855017,2026-09-27T14:20:10Z,5,176,False,,,,163,Tom Kohler-Cadmore,221,Ben Foakes,8025,Nik Gorantla,Right,0,0,0,0,,LengthBall,OffStump,,None,BackFoot,Worked,OffBreak,Over,OffSpin,Right,Null,NotReferred,Null,False,False,False,False,False,True,,False,False,False,False,False,False,0,0,0,0,0,False,False,55.0,53.0,Short Fine Leg
1654873,29,2.52,3,0,0,73,4,3,76670,,39481,County Championship 2026,3,48,Surrey Men,31,Somerset Men,8855020,2026-09-27T14:20:30Z,6,177,False,,,,163,Tom Kohler-Cadmore,221,Ben Foakes,8025,Nik Gorantla,Right,1,0,1,1,,BackOfALength,OutsideOff,,None,BackFoot,Cut,OffBreak,Over,OffSpin,Right,Null,NotReferred,Null,False,False,False,False,False,True,,False,False,False,False,False,False,1,0,0,0,0,False,False,178.0,149.0,Deep Backward Point
1654875,30,2.43,0,0,0,73,4,0,76670,,39481,County Championship 2026,3,48,Surrey Men,31,Somerset Men,8855024,2026-09-27T14:21:31Z,1,178,False,,,,11,Jack Leach,221,Ben Foakes,8025,Nik Gorantla,Right,0,0,0,0,,LengthBall,OutsideOff,,None,BackFoot,Drive,StockBall,Round,Orthodox,Left,Null,NotReferred,Null,False,False,False,False,False,True,,False,False,False,False,False,False,0,0,0,0,0,False,False,237.0,46.0,Extra Cover
1654875,30,2.43,0,0,0,73,4,0,76670,,39481,County Championship 2026,3,48,Surrey Men,31,Somerset Men,8855025,2026-09-27T14:21:44Z,2,179,False,,,,11,Jack Leach,221,Ben Foakes,8025,Nik Gorantla,Right,0,0,0,0,,LengthBall,OutsideOff,,Left,NoMovement,Leave,StockBall,Round,Orthodox,Left,Null,NotReferred,Null,False,False,False,False,False,True,,False,False,False,False,False,False,0,0,0,0,0,False,False,,,Wicketkeeper
1654875,30,2.43,0,0,0,73,4,0,76670,,39481,County Championship 2026,3,48,Surrey Men,31,Somerset Men,8855028,2026-09-27T14:22:00Z,3,180,False,,,,11,Jack Leach,221,Ben Foakes,8025,Nik Gorantla,Right,0,0,0,0,,LengthBall,OffStump,,None,FrontFoot,ForwardDefensive,StockBall,Round,Orthodox,Left,Null,NotReferred,Null,False,False,False,False,False,True,,False,False,False,False,False,False,0,0,0,0,0,False,False,215.0,18.0,Extra Cover
1654875,30,2.43,0,0,0,73,4,0,76670,,39481,County Championship 2026,3,48,Surrey Men,31,Somerset Men,8855030,2026-09-27T14:22:13Z,4,181,False,,,,11,Jack Leach,221,Ben Foakes,8025,Nik Gorantla,Right,0,0,0,0,,LengthBall,OutsideOff,,MisTimed,FrontFoot,Drive,StockBall,Round,Orthodox,Left,Null,NotReferred,Null,False,False,False,False,False,True,,False,False,False,False,False,False,0,0,0,0,0,False,False,163.0,38.0,Backward Point
1654875,30,2.43,0,0,0,73,4,0,76670,,39481,County Championship 2026,3,48,Surrey Men,31,Somerset Men,8855034,2026-09-27T14:22:33Z,5,182,False,,,,11,Jack Leach,221,Ben Foakes,8025,Nik Gorantla,Right,0,0,0,0,,Yorker,OutsideOff,,MisTimed,FrontFoot,Drive,StockBall,Round,Orthodox,Left,Null,NotReferred,Null,False,False,False,False,False,True,,False,False,False,False,False,False,0,0,0,0,0,False,False,203.0,12.0,Cover
1654875,30,2.43,0,0,0,73,4,0,76670,,39481,County Championship 2026,3,48,Surrey Men,31,Somerset Men,8855035,2026-09-27T14:22:51Z,6,183,False,,,,11,Jack Leach,221,Ben Foakes,8025,Nik Gorantla,Right,0,0,0,0,,LengthBall,OffStump,,None,FrontFoot,ForwardDefensive,StockBall,Round,Orthodox,Left,Null,NotReferred,Null,False,False,False,False,False,True,,False,False,False,False,False,False,0,0,0,0,0,False,False,330.0,19.0,Square Leg
1654878,31,2.48,4,0,0,77,4,4,76670,,39481,County Championship 2026,3,48,Surrey Men,31,Somerset Men,8855040,2026-09-27T14:23:55Z,1,184,False,,,,15273,Archie Vaughan,8025,Nik Gorantla,221,Ben Foakes,Right,0,0,0,0,,LengthBall,OutsideOff,,None,FrontFoot,ForwardDefensive,OffBreak,Over,OffSpin,Right,Null,NotReferred,Null,False,False,False,False,False,True,,False,False,False,False,False,False,0,0,0,0,0,False,False,313.0,29.0,Mid Wicket
1654878,31,2.48,4,0,0,77,4,4,76670,,39481,County Championship 2026,3,48,Surrey Men,31,Somerset Men,8855042,2026-09-27T14:24:11Z,2,185,False,,,,15273,Archie Vaughan,8025,Nik Gorantla,221,Ben Foakes,Right,0,0,0,0,,LengthBall,OutsideOff,,ThickEdge,FrontFoot,ForwardDefensive,OffBreak,Over,OffSpin,Right,Null,NotReferred,Null,False,False,False,False,False,True,,False,False,False,False,False,False,0,0,0,0,0,False,False,341.0,8.0,Square Leg
1654878,31,2.48,4,0,0,77,4,4,76670,,39481,County Championship 2026,3,48,Surrey Men,31,Somerset Men,8855043,2026-09-27T14:24:28Z,3,186,False,,,,15273,Archie Vaughan,8025,Nik Gorantla,221,Ben Foakes,Right,0,0,0,0,,LengthBall,OutsideOff,,None,NoMovement,BackwardDefensive,OffBreak,Over,OffSpin,Right,Null,NotReferred,Null,False,False,False,False,False,True,,False,False,False,False,False,False,0,0,0,0,0,False,False,207.0,23.0,Cover
1654878,31,2.48,4,0,0,77,4,4,76670,,39481,County Championship 2026,3,48,Surrey Men,31,Somerset Men,8855045,2026-09-27T14:24:47Z,4,187,False,,,,15273,Archie Vaughan,8025,Nik Gorantla,221,Ben Foakes,Right,4,0,4,4,,HalfVolley,OutsideOff,,ThickEdge,FrontFoot,Drive,OffBreak,Over,OffSpin,Right,Null,NotReferred,Null,False,False,False,False,False,True,,False,False,False,False,False,False,4,0,0,0,0,True,False,105.0,160.0,
1654878,31,2.48,4,0,0,77,4,4,76670,,39481,County Championship 2026,3,48,Surrey Men,31,Somerset Men,8855048,2026-09-27T14:25:28Z,5,188,False,,,,15273,Archie Vaughan,8025,Nik Gorantla,221,Ben Foakes,Right,0,0,0,0,,LengthBall,OutsideOff,,None,BackFoot,Worked,OffBreak,Over,OffSpin,Right,Null,NotReferred,Null,False,False,False,False,False,True,,False,False,False,False,False,False,0,0,0,0,0,False,False,24.0,64.0,Backward Square Leg
1654878,31,2.48,4,0,0,77,4,4,76670,,39481,County Championship 2026,3,48,Surrey Men,31,Somerset Men,8855051,2026-09-27T14:25:45Z,6,189,False,,,,15273,Archie Vaughan,8025,Nik Gorantla,221,Ben Foakes,Right,0,0,0,0,,BackOfALength,OffStump,,None,BackFoot,BackwardDefensive,OffBreak,Over,OffSpin,Right,Null,NotReferred,Null,False,False,False,False,False,True,,False,False,False,False,False,False,0,0,0,0,0,False,False,172.0,9.0,Backward Point
1654881,32,2.41,0,0,0,77,4,0,76670,,39481,County Championship 2026,3,48,Surrey Men,31,Somerset Men,8855055,2026-09-27T14:26:29Z,1,190,False,,,,11,Jack Leach,221,Ben Foakes,8025,Nik Gorantla,Right,0,0,0,0,,LengthBall,OutsideOff,,None,FrontFoot,ForwardDefensive,StockBall,Round,Orthodox,Left,Null,NotReferred,Null,False,False,False,False,False,True,,False,False,False,False,False,False,0,0,0,0,0,False,False,213.0,12.0,Extra Cover
1654881,32,2.41,0,0,0,77,4,0,76670,,39481,County Championship 2026,3,48,Surrey Men,31,Somerset Men,8855057,2026-09-27T14:26:43Z,2,191,False,,,,11,Jack Leach,221,Ben Foakes,8025,Nik Gorantla,Right,0,0,0,0,,LengthBall,OutsideOff,,Missed,FrontFoot,Drive,StockBall,Round,Orthodox,Left,Null,NotReferred,Null,False,False,False,False,False,True,,False,False,False,False,False,False,0,0,0,0,0,False,False,,,Wicketkeeper
1654881,32,2.41,0,0,0,77,4,0,76670,,39481,County Championship 2026,3,48,Surrey Men,31,Somerset Men,8855060,2026-09-27T14:26:58Z,3,192,False,,,,11,Jack Leach,221,Ben Foakes,8025,Nik Gorantla,Right,0,0,0,0,,LengthBall,OutsideOff,,None,FrontFoot,ForwardDefensive,StockBall,Round,Orthodox,Left,Null,NotReferred,Null,False,False,False,False,False,True,,False,False,False,False,False,False,0,0,0,0,0,False,False,228.0,23.0,Extra Cover
1654881,32,2.41,0,0,0,77,4,0,76670,,39481,County Championship 2026,3,48,Surrey Men,31,Somerset Men,8855063,2026-09-27T14:27:14Z,4,193,False,,,,11,Jack Leach,221,Ben Foakes,8025,Nik Gorantla,Right,0,0,0,0,,BackOfALength,OutsideOff,,None,BackFoot,BackwardDefensive,StockBall,Round,Orthodox,Left,Null,NotReferred,Null,False,False,False,False,False,True,,False,False,False,False,False,False,0,0,0,0,0,False,False,236.0,17.0,Extra Cover
1654881,32,2.41,0,0,0,77,4,0,76670,,39481,County Championship 2026,3,48,Surrey Men,31,Somerset Men,8855065,2026-09-27T14:27:31Z,5,194,False,,,,11,Jack Leach,221,Ben Foakes,8025,Nik Gorantla,Right,0,0,0,0,,LengthBall,OutsideOff,,None,FrontFoot,ForwardDefensive,StockBall,Round,Orthodox,Left,Null,NotReferred,Null,False,False,False,False,False,True,,False,False,False,False,False,False,0,0,0,0,0,False,False,150.0,14.0,Backward Point
1654881,32,2.41,0,0,0,77,4,0,76670,,39481,County Championship 2026,3,48,Surrey Men,31,Somerset Men,8855067,2026-09-27T14:27:44Z,6,195,False,,,,11,Jack Leach,221,Ben Foakes,8025,Nik Gorantla,Right,0,0,0,0,,LengthBall,OutsideOff,,None,FrontFoot,ForwardDefensive,StockBall,Round,Orthodox,Left,Null,NotReferred,Null,False,False,False,False,False,True,,False,False,False,False,False,False,0,0,0,0,0,False,False,165.0,23.0,Backward Point
1654884,33,2.64,10,0,0,87,4,10,76670,,39481,County Championship 2026,3,48,Surrey Men,31,Somerset Men,8855071,2026-09-27T14:28:38Z,1,196,False,,,,15273,Archie Vaughan,8025,Nik Gorantla,221,Ben Foakes,Right,0,0,0,0,,LengthBall,OutsideOff,,None,FrontFoot,ForwardDefensive,OffBreak,Over,OffSpin,Right,Null,NotReferred,Null,False,False,False,False,False,True,,False,False,False,False,False,False,0,0,0,0,0,False,False,265.0,39.0,Bowler
1654884,33,2.64,10,0,0,87,4,10,76670,,39481,County Championship 2026,3,48,Surrey Men,31,Somerset Men,8855074,2026-09-27T14:28:54Z,2,197,False,,,,15273,Archie Vaughan,8025,Nik Gorantla,221,Ben Foakes,Right,0,0,0,0,,LengthBall,OutsideOff,,None,FrontFoot,Drive,OffBreak,Over,OffSpin,Right,Null,NotReferred,Null,False,False,False,False,False,True,,False,False,False,False,False,False,0,0,0,0,0,False,False,251.0,66.0,Mid Off
1654884,33,2.64,10,0,0,87,4,10,76670,,39481,County Championship 2026,3,48,Surrey Men,31,Somerset Men,8855076,2026-09-27T14:29:13Z,3,198,False,,,,15273,Archie Vaughan,8025,Nik Gorantla,221,Ben Foakes,Right,4,0,4,4,,BackOfALength,OutsideOff,,WellTimed,BackFoot,Cut,OffBreak,Over,OffSpin,Right,Null,NotReferred,Null,False,False,False,False,False,True,,False,False,False,False,False,False,4,0,0,0,0,True,False,127.0,162.0,
1654884,33,2.64,10,0,0,87,4,10,76670,,39481,County Championship 2026,3,48,Surrey Men,31,Somerset Men,8855082,2026-09-27T14:29:59Z,4,199,False,,,,15273,Archie Vaughan,8025,Nik Gorantla,221,Ben Foakes,Right,4,0,4,4,,HalfVolley,Wide,,WellTimed,FrontFoot,Drive,OffBreak,Over,OffSpin,Right,Null,NotReferred,Null,False,False,False,False,False,True,,False,False,False,False,False,False,4,0,0,0,0,True,False,204.0,174.0,
1654884,33,2.64,10,0,0,87,4,10,76670,,39481,County Championship 2026,3,48,Surrey Men,31,Somerset Men,8855085,2026-09-27T14:30:37Z,5,200,False,,,,15273,Archie Vaughan,8025,Nik Gorantla,221,Ben Foakes,Right,2,0,2,2,,BackOfALength,OutsideOff,,ThickEdge,FrontFoot,ForwardDefensive,OffBreak,Over,OffSpin,Right,Null,NotReferred,Null,False,False,False,False,False,True,,False,False,False,False,False,False,2,0,0,0,0,False,False,51.0,128.0,Fine Leg
1654884,33,2.64,10,0,0,87,4,10,76670,,39481,County Championship 2026,3,48,Surrey Men,31,Somerset Men,8855091,2026-09-27T14:31:11Z,6,201,False,,,,15273,Archie Vaughan,8025,Nik Gorantla,221,Ben Foakes,Right,0,0,0,0,,LengthBall,OutsideOff,,MisTimed,BackFoot,BackwardDefensive,OffBreak,Over,OffSpin,Right,Null,NotReferred,Null,False,False,False,False,False,True,,False,False,False,False,False,False,0,0,0,0,0,False,False,283.0,17.0,
1654888,34,2.59,1,0,0,88,4,1,76670,,39481,County Championship 2026,3,48,Surrey Men,31,Somerset Men,8855094,2026-09-27T14:32:15Z,1,202,False,,,,11,Jack Leach,221,Ben Foakes,8025,Nik Gorantla,Right,0,0,0,0,,LengthBall,MiddleStump,,None,FrontFoot,ForwardDefensive,StockBall,Round,Orthodox,Left,Null,NotReferred,Null,False,False,False,False,False,True,,False,False,False,False,False,False,0,0,0,0,0,False,False,358.0,14.0,Square Leg
1654888,34,2.59,1,0,0,88,4,1,76670,,39481,County Championship 2026,3,48,Surrey Men,31,Somerset Men,8855096,2026-09-27T14:32:33Z,2,203,False,,,,11,Jack Leach,221,Ben Foakes,8025,Nik Gorantla,Right,1,0,1,1,,LengthBall,OutsideOff,,None,FrontFoot,Drive,StockBall,Round,Orthodox,Left,Null,NotReferred,Null,False,False,False,False,False,True,,False,False,False,False,False,False,1,0,0,0,0,False,False,196.0,66.0,Cover
1654888,34,2.59,1,0,0,88,4,1,76670,,39481,County Championship 2026,3,48,Surrey Men,31,Somerset Men,8855097,2026-09-27T14:33:02Z,3,204,False,,,,11,Jack Leach,8025,Nik Gorantla,221,Ben Foakes,Right,0,0,0,0,,HalfVolley,OutsideOff,,None,FrontFoot,Drive,StockBall,Round,Orthodox,Left,Null,NotReferred,Null,False,False,False,False,False,True,,False,False,False,False,False,False,0,0,0,0,0,False,False,252.0,71.0,Mid Off
1654888,34,2.59,1,0,0,88,4,1,76670,,39481,County Championship 2026,3,48,Surrey Men,31,Somerset Men,8855098,2026-09-27T14:33:20Z,4,205,False,,,,11,Jack Leach,8025,Nik Gorantla,221,Ben Foakes,Right,0,0,0,0,,LengthBall,OutsideOff,,Left,NoMovement,Leave,StockBall,Round,Orthodox,Left,Null,NotReferred,Null,False,False,False,False,False,True,,False,False,False,False,False,False,0,0,0,0,0,False,False,,,Wicketkeeper
1654888,34,2.59,1,0,0,88,4,1,76670,,39481,County Championship 2026,3,48,Surrey Men,31,Somerset Men,8855101,2026-09-27T14:33:37Z,5,206,False,,,,11,Jack Leach,8025,Nik Gorantla,221,Ben Foakes,Right,0,0,0,0,,HalfVolley,OutsideOff,,None,FrontFoot,Drive,StockBall,Round,Orthodox,Left,Null,NotReferred,Null,False,False,False,False,False,True,,False,False,False,False,False,False,0,0,0,0,0,False,False,265.0,41.0,Bowler
1654888,34,2.59,1,0,0,88,4,1,76670,,39481,County Championship 2026,3,48,Surrey Men,31,Somerset Men,8855105,2026-09-27T14:33:55Z,6,6,False,,,,11,Jack Leach,8025,Nik Gorantla,221,Ben Foakes,Right,0,0,0,0,,HalfVolley,OffStump,,None,FrontFoot,ForwardDefensive,StockBall,Round,Orthodox,Left,Null,NotReferred,Null,False,False,False,False,False,True,,False,False,False,False,False,False,0,0,0,0,0,False,False,299.0,63.0,Mid On
1654890,35,2.54,1,0,0,89,4,1,76670,,39481,County Championship 2026,3,48,Surrey Men,31,Somerset Men,8855112,2026-09-27T14:34:48Z,1,208,False,,,,15273,Archie Vaughan,221,Ben Foakes,8025,Nik Gorantla,Right,0,0,0,0,,LengthBall,OutsideOff,,None,FrontFoot,ForwardDefensive,OffBreak,Over,OffSpin,Right,Null,NotReferred,Null,False,False,False,False,False,True,,False,False,False,False,False,False,0,0,0,0,0,False,False,195.0,16.0,Cover
1654890,35,2.54,1,0,0,89,4,1,76670,,39481,County Championship 2026,3,48,Surrey Men,31,Somerset Men,8855114,2026-09-27T14:35:09Z,2,209,False,,,,15273,Archie Vaughan,221,Ben Foakes,8025,Nik Gorantla,Right,0,0,0,0,,LengthBall,OutsideOff,,None,BackFoot,BackwardDefensive,OffBreak,Over,OffSpin,Right,Null,NotReferred,Null,False,False,False,False,False,True,,False,False,False,False,False,False,0,0,0,0,0,False,False,184.0,21.0,Cover
1654890,35,2.54,1,0,0,89,4,1,76670,,39481,County Championship 2026,3,48,Surrey Men,31,Somerset Men,8855115,2026-09-27T14:35:25Z,3,210,False,,,,15273,Archie Vaughan,221,Ben Foakes,8025,Nik Gorantla,Right,1,0,1,1,,HalfVolley,OutsideOff,,WellTimed,FrontFoot,Flick,OffBreak,Over,OffSpin,Right,Null,NotReferred,Null,False,False,False,False,False,True,,False,False,False,False,False,False,1,0,0,0,0,False,False,301.0,117.0,Deep Mid Wicket
1654890,35,2.54,1,0,0,89,4,1,76670,,39481,County Championship 2026,3,48,Surrey Men,31,Somerset Men,8855119,2026-09-27T14:36:00Z,4,211,False,,,,15273,Archie Vaughan,8025,Nik Gorantla,221,Ben Foakes,Right,0,0,0,0,,BackOfALength,OutsideOff,,LeadingEdge,BackFoot,Worked,OffBreak,Over,OffSpin,Right,Null,NotReferred,Null,False,False,False,False,False,True,,False,False,False,False,False,False,0,0,0,0,0,False,False,202.0,17.0,Cover
1654890,35,2.54,1,0,0,89,4,1,76670,,39481,County Championship 2026,3,48,Surrey Men,31,Somerset Men,8855120,2026-09-27T14:36:20Z,5,212,False,,,,15273,Archie Vaughan,8025,Nik Gorantla,221,Ben Foakes,Right,0,0,0,0,,HalfVolley,OutsideOff,,None,FrontFoot,ForwardDefensive,OffBreak,Over,OffSpin,Right,Null,NotReferred,Null,False,False,False,False,False,True,,False,False,False,False,False,False,0,0,0,0,0,False,False,315.0,10.0,Mid Wicket
1654890,35,2.54,1,0,0,89,4,1,76670,,39481,County Championship 2026,3,48,Surrey Men,31,Somerset Men,8855124,2026-09-27T14:36:45Z,6,213,False,,,,15273,Archie Vaughan,8025,Nik Gorantla,221,Ben Foakes,Right,0,0,0,0,,HalfVolley,OutsideOff,,None,FrontFoot,ForwardDefensive,OffBreak,Over,OffSpin,Right,Null,NotReferred,Null,False,False,False,False,False,True,,False,False,False,False,False,False,0,0,0,0,0,False,False,144.0,62.0,Gully
1654893,36,2.53,2,0,0,91,4,2,76670,,39481,County Championship 2026,3,48,Surrey Men,31,Somerset Men,8855127,2026-09-27T14:37:29Z,1,214,False,,,,11,Jack Leach,221,Ben Foakes,8025,Nik Gorantla,Right,0,0,0,0,,LengthBall,OutsideOff,,None,FrontFoot,ForwardDefensive,StockBall,Round,Orthodox,Left,Null,NotReferred,Null,False,False,False,False,False,True,,False,False,False,False,False,False,0,0,0,0,0,False,False,311.0,28.0,Mid Wicket
1654893,36,2.53,2,0,0,91,4,2,76670,,39481,County Championship 2026,3,48,Surrey Men,31,Somerset Men,8855130,2026-09-27T14:37:46Z,2,215,False,,,,11,Jack Leach,221,Ben Foakes,8025,Nik Gorantla,Right,1,0,1,1,,BackOfALength,OffStump,,None,BackFoot,Worked,StockBall,Round,Orthodox,Left,Null,NotReferred,Null,False,False,False,False,False,True,,False,False,False,False,False,False,1,0,0,0,0,False,False,23.0,50.0,Backward Square Leg
1654893,36,2.53,2,0,0,91,4,2,76670,,39481,County Championship 2026,3,48,Surrey Men,31,Somerset Men,8855133,2026-09-27T14:38:09Z,3,216,False,,,,11,Jack Leach,8025,Nik Gorantla,221,Ben Foakes,Right,0,0,0,0,,Yorker,OutsideOff,,None,FrontFoot,Drive,StockBall,Round,Orthodox,Left,Null,NotReferred,Null,False,False,False,False,False,True,,False,False,False,False,False,False,0,0,0,0,0,False,False,269.0,41.0,Bowler
1654893,36,2.53,2,0,0,91,4,2,76670,,39481,County Championship 2026,3,48,Surrey Men,31,Somerset Men,8855135,2026-09-27T14:38:24Z,4,217,False,,,,11,Jack Leach,8025,Nik Gorantla,221,Ben Foakes,Right,0,0,0,0,,LengthBall,OutsideOff,,None,FrontFoot,ForwardDefensive,StockBall,Round,Orthodox,Left,Null,NotReferred,Null,False,False,False,False,False,True,,False,False,False,False,False,False,0,0,0,0,0,False,False,197.0,15.0,Cover
1654893,36,2.53,2,0,0,91,4,2,76670,,39481,County Championship 2026,3,48,Surrey Men,31,Somerset Men,8855137,2026-09-27T14:38:41Z,5,218,False,,,,11,Jack Leach,8025,Nik Gorantla,221,Ben Foakes,Right,0,0,0,0,,Yorker,OffStump,,None,FrontFoot,ForwardDefensive,StockBall,Round,Orthodox,Left,Null,NotReferred,Null,False,False,False,False,False,True,,False,False,False,False,False,False,0,0,0,0,0,False,False,199.0,20.0,Wicketkeeper
1654893,36,2.53,2,0,0,91,4,2,76670,,39481,County Championship 2026,3,48,Surrey Men,31,Somerset Men,8855140,2026-09-27T14:38:58Z,6,219,False,,,,11,Jack Leach,8025,Nik Gorantla,221,Ben Foakes,Right,1,0,1,1,,BackOfALength,OffStump,,None,BackFoot,Worked,StockBall,Round,Orthodox,Left,Null,NotReferred,Null,False,False,False,False,False,True,,False,False,False,False,False,False,1,0,0,0,0,False,False,348.0,97.0,Square Leg
1654896,37,2.59,5,0,0,96,4,5,76670,,39481,County Championship 2026,3,48,Surrey Men,31,Somerset Men,8855144,2026-09-27T14:39:46Z,1,220,False,,,,15273,Archie Vaughan,8025,Nik Gorantla,221,Ben Foakes,Right,1,0,1,1,,BackOfALength,OutsideOff,,None,BackFoot,Drive,OffBreak,Over,OffSpin,Right,Null,NotReferred,Null,False,False,False,False,False,True,,False,False,False,False,False,False,1,0,0,0,0,False,False,206.0,145.0,Deep Cover
1654896,37,2.59,5,0,0,96,4,5,76670,,39481,County Championship 2026,3,48,Surrey Men,31,Somerset Men,8855148,2026-09-27T14:40:14Z,2,221,False,,,,15273,Archie Vaughan,221,Ben Foakes,8025,Nik Gorantla,Right,0,0,0,0,,LengthBall,OutsideOff,,None,FrontFoot,Worked,OffBreak,Over,OffSpin,Right,Null,NotReferred,Null,False,False,False,False,False,True,,False,False,False,False,False,False,0,0,0,0,0,False,False,337.0,50.0,Square Leg
1654896,37,2.59,5,0,0,96,4,5,76670,,39481,County Championship 2026,3,48,Surrey Men,31,Somerset Men,8855153,2026-09-27T14:40:46Z,3,222,False,,,,15273,Archie Vaughan,221,Ben Foakes,8025,Nik Gorantla,Right,0,0,0,0,,LengthBall,OutsideOff,,None,FrontFoot,ForwardDefensive,OffBreak,Over,OffSpin,Right,Null,NotReferred,Null,False,False,False,False,False,True,,False,False,False,False,False,False,0,0,0,0,0,False,False,269.0,37.0,Bowler
1654896,37,2.59,5,0,0,96,4,5,76670,,39481,County Championship 2026,3,48,Surrey Men,31,Somerset Men,8855154,2026-09-27T14:41:04Z,4,223,False,,,,15273,Archie Vaughan,221,Ben Foakes,8025,Nik Gorantla,Right,4,0,4,4,,LengthBall,OutsideOff,,WellTimed,FrontFoot,SlogSweep,OffBreak,Over,OffSpin,Right,Null,NotReferred,Null,False,False,False,False,True,True,,False,False,False,False,False,False,4,0,0,0,0,True,False,326.0,176.0,
1654896,37,2.59,5,0,0,96,4,5,76670,,39481,County Championship 2026,3,48,Surrey Men,31,Somerset Men,8855156,2026-09-27T14:41:41Z,5,224,False,,,,15273,Archie Vaughan,221,Ben Foakes,8025,Nik Gorantla,Right,0,0,0,0,,LengthBall,OutsideOff,,None,FrontFoot,ForwardDefensive,OffBreak,Over,OffSpin,Right,Null,NotReferred,Null,False,False,False,False,False,True,,False,False,False,False,False,False,0,0,0,0,0,False,False,309.0,42.0,Mid Wicket
1654896,37,2.59,5,0,0,96,4,5,76670,,39481,County Championship 2026,3,48,Surrey Men,31,Somerset Men,8855160,2026-09-27T14:41:56Z,6,225,False,,,,15273,Archie Vaughan,221,Ben Foakes,8025,Nik Gorantla,Right,0,0,0,0,,LengthBall,OutsideOff,,WellTimed,DownTheTrack,Flick,OffBreak,Over,OffSpin,Right,Null,NotReferred,Null,False,False,False,False,False,True,,False,False,False,False,False,False,0,0,0,0,0,False,False,322.0,52.0,Mid Wicket
1654900,38,2.58,2,1,0,98,5,2,76670,,39481,County Championship 2026,3,48,Surrey Men,31,Somerset Men,8855166,2026-09-27T14:42:44Z,1,226,False,,,,11,Jack Leach,8025,Nik Gorantla,221,Ben Foakes,Right,1,0,1,1,,HalfVolley,MiddleStump,,None,BackFoot,Worked,StockBall,Round,Orthodox,Left,Null,NotReferred,Null,False,False,False,False,False,True,,False,False,False,False,False,False,1,0,0,0,0,False,False,3.0,93.0,Backward Square Leg
1654900,38,2.58,2,1,0,98,5,2,76670,,39481,County Championship 2026,3,48,Surrey Men,31,Somerset Men,8855172,2026-09-27T14:43:11Z,2,227,False,,,,11,Jack Leach,221,Ben Foakes,8025,Nik Gorantla,Right,1,0,1,1,,HalfVolley,MiddleStump,,None,BackFoot,Worked,StockBall,Round,Orthodox,Left,Null,NotReferred,Null,False,False,False,False,False,True,,False,False,False,False,False,False,1,0,0,0,0,False,False,337.0,140.0,Deep Square Leg
1654900,38,2.58,2,1,0,98,5,2,76670,,39481,County Championship 2026,3,48,Surrey Men,31,Somerset Men,8855177,2026-09-27T14:43:34Z,3,228,True,Caught,8025.0,Nik Gorantla,11,Jack Leach,8025,Nik Gorantla,221,Ben Foakes,Right,0,0,0,0,Caught,LengthBall,OutsideOff,Caught,OutsideEdge,FrontFoot,ForwardDefensive,StockBall,Round,Orthodox,Left,Null,NotReferred,Null,False,False,False,False,False,True,1825.0,False,False,False,False,False,False,0,0,0,0,0,False,True,111.0,6.0,First Slip
1654900,38,2.58,2,1,0,98,5,2,76670,,39481,County Championship 2026,3,48,Surrey Men,31,Somerset Men,8855184,2026-09-27T14:45:51Z,4,229,False,,,,11,Jack Leach,2709,Mahipal Lomror,221,Ben Foakes,Left,0,0,0,0,,LengthBall,OutsideOff,,None,BackFoot,BackwardDefensive,StockBall,Over,Orthodox,Left,Null,NotReferred,Null,False,False,False,False,False,True,,False,False,False,False,False,False,0,0,0,0,0,False,False,341.0,13.0,Cover
1654900,38,2.58,2,1,0,98,5,2,76670,,39481,County Championship 2026,3,48,Surrey Men,31,Somerset Men,8855188,2026-09-27T14:46:11Z,5,5,False,,,,11,Jack Leach,2709,Mahipal Lomror,221,Ben Foakes,Left,0,0,0,0,,BackOfALength,OutsideOff,,None,FrontFoot,ForwardDefensive,StockBall,Over,Orthodox,Left,Null,NotReferred,Null,False,False,False,False,False,True,,False,False,False,False,False,False,0,0,0,0,0,False,False,253.0,49.0,Mid On
1654900,38,2.58,2,1,0,98,5,2,76670,,39481,County Championship 2026,3,48,Surrey Men,31,Somerset Men,8855190,2026-09-27T14:46:26Z,6,231,False,,,,11,Jack Leach,2709,Mahipal Lomror,221,Ben Foakes,Left,0,0,0,0,,LengthBall,OutsideOff,Lbw,Padded,FrontFoot,Padded,StockBall,Over,Orthodox,Left,Null,NotReferred,Null,False,False,False,False,False,True,1825.0,False,False,False,False,False,False,0,0,0,0,0,False,False,336.0,19.0,Cover
1654904,39,2.59,3,0,0,101,5,3,76670,,39481,County Championship 2026,3,48,Surrey Men,31,Somerset Men,8855196,2026-09-27T14:47:25Z,1,232,False,,,,15273,Archie Vaughan,221,Ben Foakes,2709,Mahipal Lomror,Right,2,0,2,2,,LengthBall,OffStump,,ThickEdge,FrontFoot,ForwardDefensive,OffBreak,Round,OffSpin,Right,Null,NotReferred,Null,False,False,False,False,False,True,,False,False,False,False,False,False,2,0,0,0,0,False,False,110.0,132.0,Third Man
1654904,39,2.59,3,0,0,101,5,3,76670,,39481,County Championship 2026,3,48,Surrey Men,31,Somerset Men,8855201,2026-09-27T14:48:05Z,2,233,False,,,,15273,Archie Vaughan,221,Ben Foakes,2709,Mahipal Lomror,Right,0,0,0,0,,LengthBall,LegStump,,None,FrontFoot,ForwardDefensive,OffBreak,Round,OffSpin,Right,Null,NotReferred,Null,False,False,False,False,False,True,,False,False,False,False,False,False,0,0,0,0,0,False,False,269.0,41.0,Bowler
1654904,39,2.59,3,0,0,101,5,3,76670,,39481,County Championship 2026,3,48,Surrey Men,31,Somerset Men,8855203,2026-09-27T14:48:25Z,3,234,False,,,,15273,Archie Vaughan,221,Ben Foakes,2709,Mahipal Lomror,Right,1,0,1,1,,HalfVolley,LegStump,,WellTimed,FrontFoot,Flick,OffBreak,Round,OffSpin,Right,Null,NotReferred,Null,False,False,False,False,False,True,,False,False,False,False,False,False,1,0,0,0,0,False,False,322.0,137.0,Deep Mid Wicket
1654904,39,2.59,3,0,0,101,5,3,76670,,39481,County Championship 2026,3,48,Surrey Men,31,Somerset Men,8855208,2026-09-27T14:48:58Z,4,235,False,,,,15273,Archie Vaughan,2709,Mahipal Lomror,221,Ben Foakes,Left,0,0,0,0,,LengthBall,OutsideOff,,None,FrontFoot,ForwardDefensive,OffBreak,Round,OffSpin,Right,Null,NotReferred,Null,False,False,False,False,False,True,,False,False,False,False,False,False,0,0,0,0,0,False,False,1.0,46.0,Backward Point
1654904,39,2.59,3,0,0,101,5,3,76670,,39481,County Championship 2026,3,48,Surrey Men,31,Somerset Men,8855211,2026-09-27T14:49:17Z,5,236,False,,,,15273,Archie Vaughan,2709,Mahipal Lomror,221,Ben Foakes,Left,0,0,0,0,,LengthBall,OutsideOff,,None,FrontFoot,ForwardDefensive,OffBreak,Round,OffSpin,Right,Null,NotReferred,Null,False,False,False,False,False,True,,False,False,False,False,False,False,0,0,0,0,0,False,False,267.0,37.0,Bowler
1654904,39,2.59,3,0,0,101,5,3,76670,,39481,County Championship 2026,3,48,Surrey Men,31,Somerset Men,8855213,2026-09-27T14:49:33Z,6,237,False,,,,15273,Archie Vaughan,2709,Mahipal Lomror,221,Ben Foakes,Left,0,0,0,0,,LengthBall,OutsideOff,,None,FrontFoot,ForwardDefensive,OffBreak,Round,OffSpin,Right,Null,NotReferred,Null,False,False,False,False,False,True,,False,False,False,False,False,False,0,0,0,0,0,False,False,225.0,22.0,Mid Wicket
1654908,40,2.58,2,0,0,103,5,2,76670,,39481,County Championship 2026,3,48,Surrey Men,31,Somerset Men,8855216,2026-09-27T14:50:23Z,1,238,False,,,,11,Jack Leach,221,Ben Foakes,2709,Mahipal Lomror,Right,0,0,0,0,,LengthBall,MiddleStump,,None,FrontFoot,ForwardDefensive,StockBall,Round,Orthodox,Left,Null,NotReferred,Null,False,False,False,False,False,True,,False,False,False,False,False,False,0,0,0,0,0,False,False,324.0,14.0,Mid Wicket
1654908,40,2.58,2,0,0,103,5,2,76670,,39481,County Championship 2026,3,48,Surrey Men,31,Somerset Men,8855218,2026-09-27T14:50:32Z,2,2,False,,,,11,Jack Leach,221,Ben Foakes,2709,Mahipal Lomror,Right,0,0,0,0,,LengthBall,OutsideOff,,Left,NoMovement,Leave,StockBall,Round,Orthodox,Left,Null,NotReferred,Null,False,False,False,False,False,True,,False,False,False,False,False,False,0,0,0,0,0,False,False,,,Wicketkeeper
1654908,40,2.58,2,0,0,103,5,2,76670,,39481,County Championship 2026,3,48,Surrey Men,31,Somerset Men,8855222,2026-09-27T14:50:49Z,3,240,False,,,,11,Jack Leach,221,Ben Foakes,2709,Mahipal Lomror,Right,0,0,0,0,,BackOfALength,OutsideOff,,None,BackFoot,Cut,StockBall,Round,Orthodox,Left,Null,NotReferred,Null,False,False,False,False,False,True,,False,False,False,False,False,False,0,0,0,0,0,False,False,136.0,59.0,Gully
1654908,40,2.58,2,0,0,103,5,2,76670,,39481,County Championship 2026,3,48,Surrey Men,31,Somerset Men,8855224,2026-09-27T14:51:11Z,4,241,False,,,,11,Jack Leach,221,Ben Foakes,2709,Mahipal Lomror,Right,0,0,0,0,,LengthBall,OutsideOff,,MisTimed,FrontFoot,ForwardDefensive,StockBall,Round,Orthodox,Left,Null,NotReferred,Null,False,False,False,False,False,True,,False,False,False,False,False,False,0,0,0,0,0,False,False,,,
1654908,40,2.58,2,0,0,103,5,2,76670,,39481,County Championship 2026,3,48,Surrey Men,31,Somerset Men,8855227,2026-09-27T14:51:27Z,5,242,False,,,,11,Jack Leach,221,Ben Foakes,2709,Mahipal Lomror,Right,2,0,2,2,,LengthBall,MiddleStump,,None,FrontFoot,Flick,StockBall,Round,Orthodox,Left,Null,NotReferred,Null,False,False,False,False,False,True,,False,False,False,False,False,False,2,0,0,0,0,False,False,334.0,162.0,Deep Square Leg
1654908,40,2.58,2,0,0,103,5,2,76670,,39481,County Championship 2026,3,48,Surrey Men,31,Somerset Men,8855231,2026-09-27T14:51:55Z,6,243,False,,,,11,Jack Leach,221,Ben Foakes,2709,Mahipal Lomror,Right,0,0,0,0,,LengthBall,OutsideOff,,Left,NoMovement,Leave,StockBall,Round,Orthodox,Left,Null,NotReferred,Null,False,False,False,False,False,True,,False,False,False,False,False,False,0,0,0,0,0,False,False,,,Wicketkeeper
1654910,41,2.54,1,0,0,104,5,1,76670,,39481,County Championship 2026,3,48,Surrey Men,31,Somerset Men,8855235,2026-09-27T14:52:39Z,1,244,False,,,,15273,Archie Vaughan,2709,Mahipal Lomror,221,Ben Foakes,Left,0,0,0,0,,LengthBall,OutsideOff,,None,FrontFoot,ForwardDefensive,OffBreak,Round,OffSpin,Right,Null,NotReferred,Null,False,False,False,False,False,True,,False,False,False,False,False,False,0,0,0,0,0,False,False,49.0,3.0,Gully
1654910,41,2.54,1,0,0,104,5,1,76670,,39481,County Championship 2026,3,48,Surrey Men,31,Somerset Men,8855236,2026-09-27T14:52:54Z,2,2,False,,,,15273,Archie Vaughan,2709,Mahipal Lomror,221,Ben Foakes,Left,0,0,0,0,,LengthBall,OutsideOff,,None,FrontFoot,ForwardDefensive,OffBreak,Round,OffSpin,Right,Null,NotReferred,Null,False,False,False,False,False,True,,False,False,False,False,False,False,0,0,0,0,0,False,False,341.0,13.0,Cover
1654910,41,2.54,1,0,0,104,5,1,76670,,39481,County Championship 2026,3,48,Surrey Men,31,Somerset Men,8855238,2026-09-27T14:53:18Z,3,246,False,,,,15273,Archie Vaughan,2709,Mahipal Lomror,221,Ben Foakes,Left,0,0,0,0,,LengthBall,OutsideOff,,None,FrontFoot,ForwardDefensive,OffBreak,Round,OffSpin,Right,Null,NotReferred,Null,False,False,False,False,False,True,,False,False,False,False,False,False,0,0,0,0,0,False,False,348.0,14.0,Cover
1654910,41,2.54,1,0,0,104,5,1,76670,,39481,County Championship 2026,3,48,Surrey Men,31,Somerset Men,8855240,2026-09-27T14:53:30Z,4,247,False,,,,15273,Archie Vaughan,2709,Mahipal Lomror,221,Ben Foakes,Left,0,0,0,0,,LengthBall,OutsideOff,,None,FrontFoot,ForwardDefensive,OffBreak,Round,OffSpin,Right,Null,NotReferred,Null,False,False,False,False,False,True,,False,False,False,False,False,False,0,0,0,0,0,False,False,271.0,35.0,Bowler
1654910,41,2.54,1,0,0,104,5,1,76670,,39481,County Championship 2026,3,48,Surrey Men,31,Somerset Men,8855243,2026-09-27T14:53:49Z,5,248,False,,,,15273,Archie Vaughan,2709,Mahipal Lomror,221,Ben Foakes,Left,0,0,0,0,,LengthBall,OutsideOff,,Left,NoMovement,Leave,OffBreak,Round,OffSpin,Right,Null,NotReferred,Null,False,False,False,False,False,True,,False,False,False,False,False,False,0,0,0,0,0,False,False,,,Wicketkeeper
1654910,41,2.54,1,0,0,104,5,1,76670,,39481,County Championship 2026,3,48,Surrey Men,31,Somerset Men,8855247,2026-09-27T14:54:06Z,6,249,False,,,,15273,Archie Vaughan,2709,Mahipal Lomror,221,Ben Foakes,Left,1,0,1,1,,LengthBall,OffStump,,None,FrontFoot,Worked,OffBreak,Round,OffSpin,Right,Null,NotReferred,Null,False,False,False,False,False,True,,False,False,False,False,False,False,1,0,0,0,0,False,False,211.0,66.0,Mid Wicket
1654914,42,2.48,0,0,0,104,5,0,76670,,39481,County Championship 2026,3,48,Surrey Men,31,Somerset Men,8855252,2026-09-27T14:55:07Z,1,250,False,,,,11,Jack Leach,2709,Mahipal Lomror,221,Ben Foakes,Left,0,0,0,0,,LengthBall,OutsideOff,,None,FrontFoot,ForwardDefensive,StockBall,Over,Orthodox,Left,Null,NotReferred,Null,False,False,False,False,False,True,,False,False,False,False,False,False,0,0,0,0,0,False,False,348.0,9.0,Cover
1654914,42,2.48,0,0,0,104,5,0,76670,,39481,County Championship 2026,3,48,Surrey Men,31,Somerset Men,8855254,2026-09-27T14:55:17Z,2,251,False,,,,11,Jack Leach,2709,Mahipal Lomror,221,Ben Foakes,Left,0,0,0,0,,HalfVolley,OutsideOff,,None,FrontFoot,Drive,StockBall,Over,Orthodox,Left,Null,NotReferred,Null,False,False,False,False,False,True,,False,False,False,False,False,False,0,0,0,0,0,False,False,312.0,81.0,Extra Cover
1654914,42,2.48,0,0,0,104,5,0,76670,,39481,County Championship 2026,3,48,Surrey Men,31,Somerset Men,8855256,2026-09-27T14:55:34Z,3,3,False,,,,11,Jack Leach,2709,Mahipal Lomror,221,Ben Foakes,Left,0,0,0,0,,BackOfALength,OutsideOff,,Gloved,BackFoot,BackwardDefensive,StockBall,Over,Orthodox,Left,Null,NotReferred,Null,False,False,False,False,False,True,,False,False,False,False,False,False,0,0,0,0,0,False,False,195.0,13.0,Square Leg
1654914,42,2.48,0,0,0,104,5,0,76670,,39481,County Championship 2026,3,48,Surrey Men,31,Somerset Men,8855258,2026-09-27T14:55:58Z,4,253,False,,,,11,Jack Leach,2709,Mahipal Lomror,221,Ben Foakes,Left,0,0,0,0,,LengthBall,OutsideOff,,BatPad,FrontFoot,ForwardDefensive,StockBall,Over,Orthodox,Left,Null,NotReferred,Null,False,False,False,False,False,True,,False,False,False,False,False,False,0,0,0,0,0,False,False,324.0,19.0,Extra Cover
1654914,42,2.48,0,0,0,104,5,0,76670,,39481,County Championship 2026,3,48,Surrey Men,31,Somerset Men,8855260,2026-09-27T14:56:19Z,5,254,False,,,,11,Jack Leach,2709,Mahipal Lomror,221,Ben Foakes,Left,0,0,0,0,,LengthBall,OutsideOff,,None,BackFoot,Worked,StockBall,Over,Orthodox,Left,Null,NotReferred,Null,False,False,False,False,False,True,,False,False,False,False,False,False,0,0,0,0,0,False,False,166.0,62.0,Backward Square Leg
1654914,42,2.48,0,0,0,104,5,0,76670,,39481,County Championship 2026,3,48,Surrey Men,31,Somerset Men,8855264,2026-09-27T14:56:35Z,6,255,False,,,,11,Jack Leach,2709,Mahipal Lomror,221,Ben Foakes,Left,0,0,0,0,,BackOfALength,OutsideOff,,None,BackFoot,BackwardDefensive,StockBall,Over,Orthodox,Left,Null,NotReferred,Null,False,False,False,False,False,True,,False,False,False,False,False,False,0,0,0,0,0,False,False,344.0,15.0,Cover
1654916,43,2.63,9,0,0,113,5,9,76670,,39481,County Championship 2026,3,48,Surrey Men,31,Somerset Men,8855269,2026-09-27T14:57:27Z,1,256,False,,,,15273,Archie Vaughan,221,Ben Foakes,2709,Mahipal Lomror,Right,0,0,0,0,,LengthBall,LegStump,,None,FrontFoot,ForwardDefensive,OffBreak,Round,OffSpin,Right,Null,NotReferred,Null,False,False,False,False,False,True,,False,False,False,False,False,False,0,0,0,0,0,False,False,311.0,40.0,Bowler
1654916,43,2.63,9,0,0,113,5,9,76670,,39481,County Championship 2026,3,48,Surrey Men,31,Somerset Men,8855271,2026-09-27T14:57:49Z,2,257,False,,,,15273,Archie Vaughan,221,Ben Foakes,2709,Mahipal Lomror,Right,1,0,1,1,,HalfVolley,LegStump,,WellTimed,FrontFoot,Flick,OffBreak,Round,OffSpin,Right,Null,NotReferred,Null,False,False,False,False,False,True,,False,False,False,False,False,False,1,0,0,0,0,False,False,310.0,98.0,Mid Wicket
1654916,43,2.63,9,0,0,113,5,9,76670,,39481,County Championship 2026,3,48,Surrey Men,31,Somerset Men,8855274,2026-09-27T14:58:16Z,3,258,False,,,,15273,Archie Vaughan,2709,Mahipal Lomror,221,Ben Foakes,Left,4,0,4,4,,LengthBall,OffStump,,WellTimed,FrontFoot,Flick,OffBreak,Round,OffSpin,Right,Null,NotReferred,Null,False,False,False,False,False,True,,False,False,False,False,False,False,4,0,0,0,0,True,False,227.0,177.0,
1654916,43,2.63,9,0,0,113,5,9,76670,,39481,County Championship 2026,3,48,Surrey Men,31,Somerset Men,8855277,2026-09-27T14:58:48Z,4,259,False,,,,15273,Archie Vaughan,2709,Mahipal Lomror,221,Ben Foakes,Left,0,0,0,0,,LengthBall,OutsideOff,,None,FrontFoot,ForwardDefensive,OffBreak,Round,OffSpin,Right,Null,NotReferred,Null,False,False,False,False,False,True,,False,False,False,False,False,False,0,0,0,0,0,False,False,203.0,12.0,Square Leg
1654916,43,2.63,9,0,0,113,5,9,76670,,39481,County Championship 2026,3,48,Surrey Men,31,Somerset Men,8855279,2026-09-27T14:59:09Z,5,260,False,,,,15273,Archie Vaughan,2709,Mahipal Lomror,221,Ben Foakes,Left,0,0,0,0,,LengthBall,OutsideOff,,None,FrontFoot,ForwardDefensive,OffBreak,Round,OffSpin,Right,Null,NotReferred,Null,False,False,False,False,False,True,,False,False,False,False,False,False,0,0,0,0,0,False,False,326.0,38.0,Extra Cover
1654916,43,2.63,9,0,0,113,5,9,76670,,39481,County Championship 2026,3,48,Surrey Men,31,Somerset Men,8855282,2026-09-27T14:59:28Z,6,261,False,,,,15273,Archie Vaughan,2709,Mahipal Lomror,221,Ben Foakes,Left,4,0,4,4,,HalfVolley,OffStump,,WellTimed,FrontFoot,Drive,OffBreak,Round,OffSpin,Right,Null,NotReferred,Null,False,False,False,False,True,True,,False,False,False,False,False,False,4,0,0,0,0,True,False,248.0,179.0,
1654919,44,2.57,0,0,0,113,5,0,76670,,39481,County Championship 2026,3,48,Surrey Men,31,Somerset Men,8855287,2026-09-27T15:00:42Z,1,262,False,,,,11,Jack Leach,221,Ben Foakes,2709,Mahipal Lomror,Right,0,0,0,0,,HalfVolley,OutsideOff,,None,FrontFoot,Drive,StockBall,Round,Orthodox,Left,Null,NotReferred,Null,False,False,False,False,False,True,,False,False,False,False,False,False,0,0,0,0,0,False,False,209.0,61.0,Cover
1654919,44,2.57,0,0,0,113,5,0,76670,,39481,County Championship 2026,3,48,Surrey Men,31,Somerset Men,8855289,2026-09-27T15:00:55Z,2,263,False,,,,11,Jack Leach,221,Ben Foakes,2709,Mahipal Lomror,Right,0,0,0,0,,LengthBall,OutsideOff,,None,FrontFoot,ForwardDefensive,StockBall,Round,Orthodox,Left,Null,NotReferred,Null,False,False,False,False,False,True,,False,False,False,False,False,False,0,0,0,0,0,False,False,202.0,17.0,Cover
1654919,44,2.57,0,0,0,113,5,0,76670,,39481,County Championship 2026,3,48,Surrey Men,31,Somerset Men,8855290,2026-09-27T15:01:10Z,3,264,False,,,,11,Jack Leach,221,Ben Foakes,2709,Mahipal Lomror,Right,0,0,0,0,,LengthBall,OffStump,,None,FrontFoot,ForwardDefensive,StockBall,Round,Orthodox,Left,Null,NotReferred,Null,False,False,False,False,False,True,,False,False,False,False,False,False,0,0,0,0,0,False,False,287.0,38.0,Bowler
1654919,44,2.57,0,0,0,113,5,0,76670,,39481,County Championship 2026,3,48,Surrey Men,31,Somerset Men,8855291,2026-09-27T15:01:33Z,4,4,False,,,,11,Jack Leach,221,Ben Foakes,2709,Mahipal Lomror,Right,0,0,0,0,,LengthBall,OutsideOff,,None,FrontFoot,ForwardDefensive,StockBall,Round,Orthodox,Left,Null,NotReferred,Null,False,False,False,False,False,True,,False,False,False,False,False,False,0,0,0,0,0,False,False,162.0,11.0,Backward Point
1654919,44,2.57,0,0,0,113,5,0,76670,,39481,County Championship 2026,3,48,Surrey Men,31,Somerset Men,8855292,2026-09-27T15:01:50Z,5,266,False,,,,11,Jack Leach,221,Ben Foakes,2709,Mahipal Lomror,Right,0,0,0,0,,LengthBall,OffStump,,None,FrontFoot,ForwardDefensive,StockBall,Round,Orthodox,Left,Null,NotReferred,Null,False,False,False,False,False,True,,False,False,False,False,False,False,0,0,0,0,0,False,False,323.0,21.0,Mid Wicket
1654919,44,2.57,0,0,0,113,5,0,76670,,39481,County Championship 2026,3,48,Surrey Men,31,Somerset Men,8855293,2026-09-27T15:02:06Z,6,267,False,,,,11,Jack Leach,221,Ben Foakes,2709,Mahipal Lomror,Right,0,0,0,0,,LengthBall,OffStump,,None,FrontFoot,ForwardDefensive,StockBall,Round,Orthodox,Left,Null,NotReferred,Null,False,False,False,False,False,True,,False,False,False,False,False,False,0,0,0,0,0,False,False,271.0,37.0,Bowler
1654922,45,2.51,0,0,0,113,5,0,76670,,39481,County Championship 2026,3,48,Surrey Men,31,Somerset Men,8855296,2026-09-27T15:03:04Z,1,268,False,,,,163,Tom Kohler-Cadmore,2709,Mahipal Lomror,221,Ben Foakes,Left,0,0,0,0,,LengthBall,OutsideOff,,None,FrontFoot,ForwardDefensive,OffBreak,Round,OffSpin,Right,Null,NotReferred,Null,False,False,False,False,False,True,,False,False,False,False,False,False,0,0,0,0,0,False,False,256.0,40.0,Bowler
1654922,45,2.51,0,0,0,113,5,0,76670,,39481,County Championship 2026,3,48,Surrey Men,31,Somerset Men,8855298,2026-09-27T15:03:23Z,2,269,False,,,,163,Tom Kohler-Cadmore,2709,Mahipal Lomror,221,Ben Foakes,Left,0,0,0,0,,LengthBall,OffStump,,None,BackFoot,BackwardDefensive,OffBreak,Round,OffSpin,Right,Null,NotReferred,Null,False,False,False,False,False,True,,False,False,False,False,False,False,0,0,0,0,0,False,False,196.0,50.0,Square Leg
1654922,45,2.51,0,0,0,113,5,0,76670,,39481,County Championship 2026,3,48,Surrey Men,31,Somerset Men,8855299,2026-09-27T15:03:35Z,3,270,False,,,,163,Tom Kohler-Cadmore,2709,Mahipal Lomror,221,Ben Foakes,Left,0,0,0,0,,BackOfALength,OutsideOff,,None,BackFoot,Cut,OffBreak,Round,OffSpin,Right,Null,NotReferred,Null,False,False,False,False,False,True,,False,False,False,False,False,False,0,0,0,0,0,False,False,354.0,81.0,Cover
1654922,45,2.51,0,0,0,113,5,0,76670,,39481,County Championship 2026,3,48,Surrey Men,31,Somerset Men,8855302,2026-09-27T15:03:54Z,4,271,False,,,,163,Tom Kohler-Cadmore,2709,Mahipal Lomror,221,Ben Foakes,Left,0,0,0,0,,LengthBall,OutsideOff,,None,FrontFoot,ForwardDefensive,OffBreak,Round,OffSpin,Right,Null,NotReferred,Null,False,False,False,False,False,True,,False,False,False,False,False,False,0,0,0,0,0,False,False,11.0,52.0,Backward Point
1654922,45,2.51,0,0,0,113,5,0,76670,,39481,County Championship 2026,3,48,Surrey Men,31,Somerset Men,8855303,2026-09-27T15:04:09Z,5,272,False,,,,163,Tom Kohler-Cadmore,2709,Mahipal Lomror,221,Ben Foakes,Left,0,0,0,0,,LengthBall,OffStump,,None,FrontFoot,ForwardDefensive,OffBreak,Round,OffSpin,Right,Null,NotReferred,Null,False,False,False,False,False,True,,False,False,False,False,False,False,0,0,0,0,0,False,False,164.0,55.0,Backward Square Leg
1654922,45,2.51,0,0,0,113,5,0,76670,,39481,County Championship 2026,3,48,Surrey Men,31,Somerset Men,8855305,2026-09-27T15:04:29Z,6,273,False,,,,163,Tom Kohler-Cadmore,2709,Mahipal Lomror,221,Ben Foakes,Left,0,0,0,0,,FullToss,OutsideOff,,None,FrontFoot,Drive,OffBreak,Round,OffSpin,Right,Null,NotReferred,Null,False,False,False,False,False,True,,False,False,False,False,False,False,0,0,0,0,0,False,False,288.0,79.0,Mid Off
1654923,46,2.48,1,0,0,114,5,1,76670,,39481,County Championship 2026,3,48,Surrey Men,31,Somerset Men,8855309,2026-09-27T15:05:55Z,1,1,False,,,,15273,Archie Vaughan,221,Ben Foakes,2709,Mahipal Lomror,Right,0,0,0,0,,LengthBall,OutsideOff,,None,BackFoot,BackwardDefensive,OffBreak,Over,OffSpin,Right,Null,NotReferred,Null,False,False,False,False,False,True,,False,False,False,False,False,False,0,0,0,0,0,False,False,204.0,18.0,Cover
1654923,46,2.48,1,0,0,114,5,1,76670,,39481,County Championship 2026,3,48,Surrey Men,31,Somerset Men,8855310,2026-09-27T15:06:13Z,2,275,False,,,,15273,Archie Vaughan,221,Ben Foakes,2709,Mahipal Lomror,Right,1,0,1,1,,LengthBall,OutsideOff,,None,FrontFoot,Worked,OffBreak,Over,OffSpin,Right,Null,NotReferred,Null,False,False,False,False,False,True,,False,False,False,False,False,False,1,0,0,0,0,False,False,357.0,101.0,Deep Square Leg
1654923,46,2.48,1,0,0,114,5,1,76670,,39481,County Championship 2026,3,48,Surrey Men,31,Somerset Men,8855313,2026-09-27T15:06:39Z,3,276,False,,,,15273,Archie Vaughan,2709,Mahipal Lomror,221,Ben Foakes,Left,0,0,0,0,,BackOfALength,OutsideOff,,Left,NoMovement,Leave,OffBreak,Round,OffSpin,Right,Null,NotReferred,Null,False,False,False,False,False,True,,False,False,False,False,False,False,0,0,0,0,0,False,False,,,Wicketkeeper
1654923,46,2.48,1,0,0,114,5,1,76670,,39481,County Championship 2026,3,48,Surrey Men,31,Somerset Men,8855314,2026-09-27T15:06:57Z,4,277,False,,,,15273,Archie Vaughan,2709,Mahipal Lomror,221,Ben Foakes,Left,0,0,0,0,,LengthBall,OutsideOff,,None,FrontFoot,ForwardDefensive,OffBreak,Round,OffSpin,Right,Null,NotReferred,Null,False,False,False,False,False,True,,False,False,False,False,False,False,0,0,0,0,0,False,False,35.0,18.0,Gully
1654923,46,2.48,1,0,0,114,5,1,76670,,39481,County Championship 2026,3,48,Surrey Men,31,Somerset Men,8855316,2026-09-27T15:07:15Z,5,278,False,,,,15273,Archie Vaughan,2709,Mahipal Lomror,221,Ben Foakes,Left,0,0,0,0,,LengthBall,OutsideOff,,None,FrontFoot,ForwardDefensive,OffBreak,Round,OffSpin,Right,Null,NotReferred,Null,False,False,False,False,False,True,,False,False,False,False,False,False,0,0,0,0,0,False,False,34.0,17.0,Gully
1654923,46,2.48,1,0,0,114,5,1,76670,,39481,County Championship 2026,3,48,Surrey Men,31,Somerset Men,8855319,2026-09-27T15:07:31Z,6,279,False,,,,15273,Archie Vaughan,2709,Mahipal Lomror,221,Ben Foakes,Left,0,0,0,0,,LengthBall,OutsideOff,,None,FrontFoot,ForwardDefensive,OffBreak,Round,OffSpin,Right,Null,NotReferred,Null,False,False,False,False,False,True,,False,False,False,False,False,False,0,0,0,0,0,False,False,329.0,26.0,Extra Cover
1654926,47,2.51,4,0,0,118,5,4,76670,,39481,County Championship 2026,3,48,Surrey Men,31,Somerset Men,8855326,2026-09-27T15:08:58Z,1,280,False,,,,11,Jack Leach,221,Ben Foakes,2709,Mahipal Lomror,Right,0,0,0,0,,LengthBall,OutsideOff,,None,FrontFoot,ForwardDefensive,StockBall,Round,Orthodox,Left,Null,NotReferred,Null,False,False,False,False,False,True,,False,False,False,False,False,False,0,0,0,0,0,False,False,261.0,39.0,Bowler
1654926,47,2.51,4,0,0,118,5,4,76670,,39481,County Championship 2026,3,48,Surrey Men,31,Somerset Men,8855332,2026-09-27T15:09:18Z,2,281,False,,,,11,Jack Leach,221,Ben Foakes,2709,Mahipal Lomror,Right,4,0,4,4,,BackOfALength,OutsideOff,,WellTimed,BackFoot,Cut,StockBall,Round,Orthodox,Left,Null,NotReferred,Null,False,False,False,False,False,True,,False,False,False,False,False,False,4,0,0,0,0,True,False,199.0,173.0,Cover
1654926,47,2.51,4,0,0,118,5,4,76670,,39481,County Championship 2026,3,48,Surrey Men,31,Somerset Men,8855335,2026-09-27T15:09:57Z,3,282,False,,,,11,Jack Leach,221,Ben Foakes,2709,Mahipal Lomror,Right,0,0,0,0,,LengthBall,OutsideOff,,None,FrontFoot,ForwardDefensive,StockBall,Round,Orthodox,Left,Null,NotReferred,Null,False,False,False,False,False,True,,False,False,False,False,False,False,0,0,0,0,0,False,False,271.0,41.0,Bowler
1654926,47,2.51,4,0,0,118,5,4,76670,,39481,County Championship 2026,3,48,Surrey Men,31,Somerset Men,8855337,2026-09-27T15:10:11Z,4,283,False,,,,11,Jack Leach,221,Ben Foakes,2709,Mahipal Lomror,Right,0,0,0,0,,LengthBall,OffStump,,None,FrontFoot,ForwardDefensive,StockBall,Round,Orthodox,Left,Null,NotReferred,Null,False,False,False,False,False,True,,False,False,False,False,False,False,0,0,0,0,0,False,False,190.0,10.0,Cover
1654926,47,2.51,4,0,0,118,5,4,76670,,39481,County Championship 2026,3,48,Surrey Men,31,Somerset Men,8855341,2026-09-27T15:10:32Z,5,284,False,,,,11,Jack Leach,221,Ben Foakes,2709,Mahipal Lomror,Right,0,0,0,0,,LengthBall,OffStump,,None,FrontFoot,ForwardDefensive,StockBall,Round,Orthodox,Left,Null,NotReferred,Null,False,False,False,False,False,True,,False,False,False,False,False,False,0,0,0,0,0,False,False,346.0,13.0,Square Leg
1654926,47,2.51,4,0,0,118,5,4,76670,,39481,County Championship 2026,3,48,Surrey Men,31,Somerset Men,8855342,2026-09-27T15:10:49Z,6,285,False,,,,11,Jack Leach,221,Ben Foakes,2709,Mahipal Lomror,Right,0,0,0,0,,HalfVolley,OffStump,,WellTimed,FrontFoot,Flick,StockBall,Round,Orthodox,Left,Null,NotReferred,Null,False,False,False,False,False,True,,False,False,False,False,False,False,0,0,0,0,0,False,False,322.0,61.0,Mid Wicket
1654929,48,2.54,4,0,0,122,5,4,76670,,39481,County Championship 2026,3,48,Surrey Men,31,Somerset Men,8855344,2026-09-27T15:11:38Z,1,286,False,,,,15273,Archie Vaughan,2709,Mahipal Lomror,221,Ben Foakes,Left,4,0,4,4,,BackOfALength,OutsideOff,,WellTimed,BackFoot,Cut,OffBreak,Round,OffSpin,Right,Null,NotReferred,Null,False,False,False,False,False,True,,False,False,False,False,False,False,4,0,0,0,0,True,False,355.0,171.0,
1654929,48,2.54,4,0,0,122,5,4,76670,,39481,County Championship 2026,3,48,Surrey Men,31,Somerset Men,8855349,2026-09-27T15:12:10Z,2,287,False,,,,15273,Archie Vaughan,2709,Mahipal Lomror,221,Ben Foakes,Left,0,0,0,0,,LengthBall,OffStump,,None,NoMovement,ForwardDefensive,OffBreak,Round,OffSpin,Right,Null,NotReferred,Null,False,False,False,False,False,True,,False,False,False,False,False,False,0,0,0,0,0,False,False,271.0,39.0,Bowler
1654929,48,2.54,4,0,0,122,5,4,76670,,39481,County Championship 2026,3,48,Surrey Men,31,Somerset Men,8855352,2026-09-27T15:12:25Z,3,288,False,,,,15273,Archie Vaughan,2709,Mahipal Lomror,221,Ben Foakes,Left,0,0,0,0,,LengthBall,OffStump,,None,FrontFoot,ForwardDefensive,OffBreak,Round,OffSpin,Right,Null,NotReferred,Null,False,False,False,False,False,True,,False,False,False,False,False,False,0,0,0,0,0,False,False,351.0,17.0,Cover
1654929,48,2.54,4,0,0,122,5,4,76670,,39481,County Championship 2026,3,48,Surrey Men,31,Somerset Men,8855354,2026-09-27T15:12:43Z,4,289,False,,,,15273,Archie Vaughan,2709,Mahipal Lomror,221,Ben Foakes,Left,0,0,0,0,,LengthBall,OutsideOff,,None,FrontFoot,ForwardDefensive,OffBreak,Round,OffSpin,Right,Null,NotReferred,Null,False,False,False,False,False,True,,False,False,False,False,False,False,0,0,0,0,0,False,False,279.0,39.0,Bowler
1654929,48,2.54,4,0,0,122,5,4,76670,,39481,County Championship 2026,3,48,Surrey Men,31,Somerset Men,8855358,2026-09-27T15:13:03Z,5,290,False,,,,15273,Archie Vaughan,2709,Mahipal Lomror,221,Ben Foakes,Left,0,0,0,0,,LengthBall,OutsideOff,,None,FrontFoot,ForwardDefensive,OffBreak,Round,OffSpin,Right,Null,NotReferred,Null,False,False,False,False,False,True,,False,False,False,False,False,False,0,0,0,0,0,False,False,278.0,41.0,Bowler
1654929,48,2.54,4,0,0,122,5,4,76670,,39481,County Championship 2026,3,48,Surrey Men,31,Somerset Men,8855360,2026-09-27T15:13:25Z,6,291,False,,,,15273,Archie Vaughan,2709,Mahipal Lomror,221,Ben Foakes,Left,0,0,0,0,,LengthBall,OutsideOff,,None,FrontFoot,ForwardDefensive,OffBreak,Round,OffSpin,Right,Null,NotReferred,Null,False,False,False,False,False,True,,False,False,False,False,False,False,0,0,0,0,0,False,False,23.0,20.0,Backward Point
1654933,49,2.51,1,0,0,123,5,1,76670,,39481,County Championship 2026,3,48,Surrey Men,31,Somerset Men,8855369,2026-09-27T15:15:03Z,1,292,False,,,,10499,Josh Thomas,221,Ben Foakes,2709,Mahipal Lomror,Right,0,0,0,0,,Short,OutsideOff,,None,BackFoot,Cut,StockBall,Round,Orthodox,Left,Null,NotReferred,Null,False,False,False,False,False,True,,False,False,False,False,False,False,0,0,0,0,0,False,False,243.0,77.0,Mid Off
1654933,49,2.51,1,0,0,123,5,1,76670,,39481,County Championship 2026,3,48,Surrey Men,31,Somerset Men,8855371,2026-09-27T15:15:19Z,2,293,False,,,,10499,Josh Thomas,221,Ben Foakes,2709,Mahipal Lomror,Right,0,0,0,0,,BackOfALength,OutsideOff,,None,BackFoot,Worked,StockBall,Round,Orthodox,Left,Null,NotReferred,Null,False,False,False,False,False,True,,False,False,False,False,False,False,0,0,0,0,0,False,False,328.0,48.0,Mid Wicket
1654933,49,2.51,1,0,0,123,5,1,76670,,39481,County Championship 2026,3,48,Surrey Men,31,Somerset Men,8855374,2026-09-27T15:15:37Z,3,294,False,,,,10499,Josh Thomas,221,Ben Foakes,2709,Mahipal Lomror,Right,1,0,1,1,,BackOfALength,OutsideOff,,WellTimed,BackFoot,Cut,StockBall,Round,Orthodox,Left,Null,NotReferred,Null,False,False,False,False,False,True,,False,False,False,False,False,False,1,0,0,0,0,False,False,193.0,126.0,Deep Cover
1654933,49,2.51,1,0,0,123,5,1,76670,,39481,County Championship 2026,3,48,Surrey Men,31,Somerset Men,8855376,2026-09-27T15:16:06Z,4,295,False,,,,10499,Josh Thomas,2709,Mahipal Lomror,221,Ben Foakes,Left,0,0,0,0,,LengthBall,OutsideOff,,Left,NoMovement,Leave,StockBall,Over,Orthodox,Left,Null,NotReferred,Null,False,False,False,False,False,True,,False,False,False,False,False,False,0,0,0,0,0,False,False,,,Wicketkeeper
1654933,49,2.51,1,0,0,123,5,1,76670,,39481,County Championship 2026,3,48,Surrey Men,31,Somerset Men,8855378,2026-09-27T15:16:19Z,5,296,False,,,,10499,Josh Thomas,2709,Mahipal Lomror,221,Ben Foakes,Left,0,0,0,0,,LengthBall,OutsideOff,,None,BackFoot,BackwardDefensive,StockBall,Over,Orthodox,Left,Null,NotReferred,Null,False,False,False,False,False,True,,False,False,False,False,False,False,0,0,0,0,0,False,False,265.0,41.0,Bowler
1654933,49,2.51,1,0,0,123,5,1,76670,,39481,County Championship 2026,3,48,Surrey Men,31,Somerset Men,8855379,2026-09-27T15:16:35Z,6,297,False,,,,10499,Josh Thomas,2709,Mahipal Lomror,221,Ben Foakes,Left,0,0,0,0,,LengthBall,OutsideOff,,HitPad,FrontFoot,ForwardDefensive,StockBall,Over,Orthodox,Left,Null,NotReferred,Null,False,False,False,False,False,True,,False,False,False,False,False,False,0,0,0,0,0,False,False,324.0,18.0,Wicketkeeper
1654936,50,2.46,0,0,0,123,5,0,76670,,39481,County Championship 2026,3,48,Surrey Men,31,Somerset Men,8855386,2026-09-27T15:17:58Z,1,298,False,,,,15273,Archie Vaughan,221,Ben Foakes,2709,Mahipal Lomror,Right,0,0,0,0,,BackOfALength,OutsideOff,,MisTimed,BackFoot,Cut,OffBreak,Over,OffSpin,Right,Null,NotReferred,Null,False,False,False,False,False,True,,False,False,False,False,False,False,0,0,0,0,0,False,False,271.0,39.0,Bowler
1654936,50,2.46,0,0,0,123,5,0,76670,,39481,County Championship 2026,3,48,Surrey Men,31,Somerset Men,8855388,2026-09-27T15:18:20Z,2,299,False,,,,15273,Archie Vaughan,221,Ben Foakes,2709,Mahipal Lomror,Right,0,0,0,0,,LengthBall,OutsideOff,,None,FrontFoot,ForwardDefensive,OffBreak,Over,OffSpin,Right,Null,NotReferred,Null,False,False,False,False,False,True,,False,False,False,False,False,False,0,0,0,0,0,False,False,222.0,19.0,Extra Cover
1654936,50,2.46,0,0,0,123,5,0,76670,,39481,County Championship 2026,3,48,Surrey Men,31,Somerset Men,8855391,2026-09-27T15:18:38Z,3,300,False,,,,15273,Archie Vaughan,221,Ben Foakes,2709,Mahipal Lomror,Right,0,0,0,0,,LengthBall,OutsideOff,,ThickEdge,FrontFoot,ForwardDefensive,OffBreak,Over,OffSpin,Right,Null,NotReferred,Null,False,False,False,False,False,True,,False,False,False,False,False,False,0,0,0,0,0,False,False,23.0,22.0,Backward Square Leg
1654936,50,2.46,0,0,0,123,5,0,76670,,39481,County Championship 2026,3,48,Surrey Men,31,Somerset Men,8855393,2026-09-27T15:19:04Z,4,301,False,,,,15273,Archie Vaughan,221,Ben Foakes,2709,Mahipal Lomror,Right,0,0,0,0,,LengthBall,OutsideOff,,None,FrontFoot,ForwardDefensive,OffBreak,Over,OffSpin,Right,Null,NotReferred,Null,False,False,False,False,False,True,,False,False,False,False,False,False,0,0,0,0,0,False,False,343.0,11.0,Square Leg
1654936,50,2.46,0,0,0,123,5,0,76670,,39481,County Championship 2026,3,48,Surrey Men,31,Somerset Men,8855396,2026-09-27T15:19:26Z,5,302,False,,,,15273,Archie Vaughan,221,Ben Foakes,2709,Mahipal Lomror,Right,0,0,0,0,,LengthBall,OutsideOff,,None,BackFoot,BackwardDefensive,OffBreak,Over,OffSpin,Right,Null,NotReferred,Null,False,False,False,False,False,True,,False,False,False,False,False,False,0,0,0,0,0,False,False,319.0,18.0,Mid Wicket
1654936,50,2.46,0,0,0,123,5,0,76670,,39481,County Championship 2026,3,48,Surrey Men,31,Somerset Men,8855399,2026-09-27T15:19:42Z,6,303,False,,,,15273,Archie Vaughan,221,Ben Foakes,2709,Mahipal Lomror,Right,0,0,0,0,,BackOfALength,OutsideOff,,None,BackFoot,BackwardDefensive,OffBreak,Over,OffSpin,Right,Null,NotReferred,Null,False,False,False,False,False,True,,False,False,False,False,False,False,0,0,0,0,0,False,False,119.0,0.0,Wicketkeeper
1654939,51,2.43,1,0,0,124,5,1,76670,,39481,County Championship 2026,3,48,Surrey Men,31,Somerset Men,8855404,2026-09-27T15:20:40Z,1,304,False,,,,10499,Josh Thomas,2709,Mahipal Lomror,221,Ben Foakes,Left,0,0,0,0,,LengthBall,OutsideOff,,None,BackFoot,BackwardDefensive,StockBall,Over,Orthodox,Left,Null,NotReferred,Null,False,False,False,False,False,True,,False,False,False,False,False,False,0,0,0,0,0,False,False,245.0,52.0,Mid On
1654939,51,2.43,1,0,0,124,5,1,76670,,39481,County Championship 2026,3,48,Surrey Men,31,Somerset Men,8855407,2026-09-27T15:20:57Z,2,305,False,,,,10499,Josh Thomas,2709,Mahipal Lomror,221,Ben Foakes,Left,0,0,0,0,,HalfVolley,OutsideOff,,None,FrontFoot,Drive,StockBall,Over,Orthodox,Left,Null,NotReferred,Null,False,False,False,False,False,True,,False,False,False,False,False,False,0,0,0,0,0,False,False,300.0,73.0,Mid Off
1654939,51,2.43,1,0,0,124,5,1,76670,,39481,County Championship 2026,3,48,Surrey Men,31,Somerset Men,8855409,2026-09-27T15:21:15Z,3,306,False,,,,10499,Josh Thomas,2709,Mahipal Lomror,221,Ben Foakes,Left,0,0,0,0,,LengthBall,MiddleStump,,None,FrontFoot,Sweep,StockBall,Over,Orthodox,Left,Null,NotReferred,Null,False,False,False,False,False,True,,False,False,False,False,False,False,0,0,0,0,0,False,True,128.0,50.0,Short Fine Leg
1654939,51,2.43,1,0,0,124,5,1,76670,,39481,County Championship 2026,3,48,Surrey Men,31,Somerset Men,8855413,2026-09-27T15:21:31Z,4,307,False,,,,10499,Josh Thomas,2709,Mahipal Lomror,221,Ben Foakes,Left,0,0,0,0,,BackOfALength,OutsideOff,,None,BackFoot,Cut,StockBall,Over,Orthodox,Left,Null,NotReferred,Null,False,False,False,False,False,True,,False,False,False,False,False,False,0,0,0,0,0,False,False,18.0,53.0,Backward Point
1654939,51,2.43,1,0,0,124,5,1,76670,,39481,County Championship 2026,3,48,Surrey Men,31,Somerset Men,8855415,2026-09-27T15:21:54Z,5,308,False,,,,10499,Josh Thomas,2709,Mahipal Lomror,221,Ben Foakes,Left,0,0,0,0,,LengthBall,OutsideOff,,None,FrontFoot,ForwardDefensive,StockBall,Over,Orthodox,Left,Null,NotReferred,Null,False,False,False,False,False,True,,False,False,False,False,False,False,0,0,0,0,0,False,False,295.0,29.0,Bowler
1654939,51,2.43,1,0,0,124,5,1,76670,,39481,County Championship 2026,3,48,Surrey Men,31,Somerset Men,8855420,2026-09-27T15:22:15Z,6,309,False,,,,10499,Josh Thomas,2709,Mahipal Lomror,221,Ben Foakes,Left,1,0,1,1,,BackOfALength,OutsideOff,,None,BackFoot,Worked,StockBall,Over,Orthodox,Left,Null,NotReferred,Null,False,False,False,False,False,True,,False,False,False,False,False,False,1,0,0,0,0,False,False,209.0,131.0,Deep Square Leg
1654943,52,2.42,2,0,0,126,5,2,76670,,39481,County Championship 2026,3,48,Surrey Men,31,Somerset Men,8855425,2026-09-27T15:23:27Z,1,310,False,,,,15273,Archie Vaughan,2709,Mahipal Lomror,221,Ben Foakes,Left,0,0,0,0,,LengthBall,OffStump,,None,FrontFoot,ForwardDefensive,OffBreak,Round,OffSpin,Right,Null,NotReferred,Null,False,False,False,False,False,True,,False,False,False,False,False,False,0,0,0,0,0,False,False,269.0,42.0,Bowler
1654943,52,2.42,2,0,0,126,5,2,76670,,39481,County Championship 2026,3,48,Surrey Men,31,Somerset Men,8855428,2026-09-27T15:23:47Z,2,311,False,,,,15273,Archie Vaughan,2709,Mahipal Lomror,221,Ben Foakes,Left,0,0,0,0,,LengthBall,OutsideOff,,None,FrontFoot,ForwardDefensive,OffBreak,Round,OffSpin,Right,Null,NotReferred,Null,False,False,False,False,False,True,,False,False,False,False,False,False,0,0,0,0,0,False,False,322.0,25.0,Extra Cover
1654943,52,2.42,2,0,0,126,5,2,76670,,39481,County Championship 2026,3,48,Surrey Men,31,Somerset Men,8855430,2026-09-27T15:24:04Z,3,312,False,,,,15273,Archie Vaughan,2709,Mahipal Lomror,221,Ben Foakes,Left,0,0,0,0,,LengthBall,OutsideOff,,Missed,FrontFoot,ForwardDefensive,OffBreak,Round,OffSpin,Right,Null,NotReferred,Null,False,False,False,False,False,True,,False,False,False,False,False,False,0,0,0,0,0,False,False,,,Wicketkeeper
1654943,52,2.42,2,0,0,126,5,2,76670,,39481,County Championship 2026,3,48,Surrey Men,31,Somerset Men,8855433,2026-09-27T15:24:21Z,4,313,False,,,,15273,Archie Vaughan,2709,Mahipal Lomror,221,Ben Foakes,Left,0,0,0,0,,LengthBall,OutsideOff,,None,FrontFoot,ForwardDefensive,OffBreak,Round,OffSpin,Right,Null,NotReferred,Null,False,False,False,False,False,True,,False,False,False,False,False,False,0,0,0,0,0,False,False,2.0,12.0,Backward Point
1654943,52,2.42,2,0,0,126,5,2,76670,,39481,County Championship 2026,3,48,Surrey Men,31,Somerset Men,8855437,2026-09-27T15:24:39Z,5,5,False,,,,15273,Archie Vaughan,2709,Mahipal Lomror,221,Ben Foakes,Left,2,0,2,2,,HalfVolley,OutsideOff,,None,FrontFoot,Drive,OffBreak,Round,OffSpin,Right,Null,NotReferred,Null,False,False,False,False,False,True,,False,False,False,False,False,False,2,0,0,0,0,False,False,314.0,158.0,Deep Extra Cover
1654943,52,2.42,2,0,0,126,5,2,76670,,39481,County Championship 2026,3,48,Surrey Men,31,Somerset Men,8855439,2026-09-27T15:25:06Z,6,315,False,,,,15273,Archie Vaughan,2709,Mahipal Lomror,221,Ben Foakes,Left,0,0,0,0,,LengthBall,OutsideOff,,None,FrontFoot,ForwardDefensive,OffBreak,Round,OffSpin,Right,Null,NotReferred,Null,False,False,False,False,False,True,,False,False,False,False,False,False,0,0,0,0,0,False,False,271.0,37.0,Bowler
1654946,53,2.38,0,0,0,126,5,0,76670,,39481,County Championship 2026,3,48,Surrey Men,31,Somerset Men,8855443,2026-09-27T15:26:06Z,1,316,False,,,,10499,Josh Thomas,221,Ben Foakes,2709,Mahipal Lomror,Right,0,0,0,0,,LengthBall,OutsideOff,,None,FrontFoot,ForwardDefensive,StockBall,Round,Orthodox,Left,Null,NotReferred,Null,False,False,False,False,False,True,,False,False,False,False,False,False,0,0,0,0,0,False,False,263.0,46.0,Bowler
1654946,53,2.38,0,0,0,126,5,0,76670,,39481,County Championship 2026,3,48,Surrey Men,31,Somerset Men,8855446,2026-09-27T15:26:22Z,2,317,False,,,,10499,Josh Thomas,221,Ben Foakes,2709,Mahipal Lomror,Right,0,0,0,0,,BackOfALength,OutsideOff,,None,BackFoot,BackwardDefensive,StockBall,Round,Orthodox,Left,Null,NotReferred,Null,False,False,False,False,False,True,,False,False,False,False,False,False,0,0,0,0,0,False,False,218.0,49.0,Extra Cover
1654946,53,2.38,0,0,0,126,5,0,76670,,39481,County Championship 2026,3,48,Surrey Men,31,Somerset Men,8855448,2026-09-27T15:26:39Z,3,318,False,,,,10499,Josh Thomas,221,Ben Foakes,2709,Mahipal Lomror,Right,0,0,0,0,,BackOfALength,OutsideOff,,None,BackFoot,BackwardDefensive,StockBall,Round,Orthodox,Left,Null,NotReferred,Null,False,False,False,False,False,True,,False,False,False,False,False,False,0,0,0,0,0,False,False,266.0,42.0,Bowler
1654946,53,2.38,0,0,0,126,5,0,76670,,39481,County Championship 2026,3,48,Surrey Men,31,Somerset Men,8855450,2026-09-27T15:27:07Z,4,319,False,,,,10499,Josh Thomas,221,Ben Foakes,2709,Mahipal Lomror,Right,0,0,0,0,,LengthBall,OutsideOff,,Left,NoMovement,Leave,QuickerBall,Round,Orthodox,Left,Null,NotReferred,Null,False,False,False,False,False,True,,False,False,False,False,False,False,0,0,0,0,0,False,False,,,Wicketkeeper
1654946,53,2.38,0,0,0,126,5,0,76670,,39481,County Championship 2026,3,48,Surrey Men,31,Somerset Men,8855452,2026-09-27T15:27:25Z,5,320,False,,,,10499,Josh Thomas,221,Ben Foakes,2709,Mahipal Lomror,Right,0,0,0,0,,LengthBall,OutsideOff,,None,FrontFoot,ForwardDefensive,StockBall,Round,Orthodox,Left,Null,NotReferred,Null,False,False,False,False,False,True,,False,False,False,False,False,False,0,0,0,0,0,False,False,269.0,30.0,Bowler
1654946,53,2.38,0,0,0,126,5,0,76670,,39481,County Championship 2026,3,48,Surrey Men,31,Somerset Men,8855453,2026-09-27T15:27:41Z,6,321,False,,,,10499,Josh Thomas,221,Ben Foakes,2709,Mahipal Lomror,Right,0,0,0,0,,BackOfALength,OffStump,,None,BackFoot,BackwardDefensive,StockBall,Round,Orthodox,Left,Null,NotReferred,Null,False,False,False,False,False,True,,False,False,False,False,False,False,0,0,0,0,0,False,False,312.0,38.0,Mid Wicket
1654949,54,2.35,1,0,0,127,5,1,76670,,39481,County Championship 2026,3,48,Surrey Men,31,Somerset Men,8855463,2026-09-27T15:29:33Z,1,322,False,,,,7800,James Rew,2709,Mahipal Lomror,221,Ben Foakes,Left,1,1,1,0,,FullToss,Wide,,Left,NoMovement,Leave,StockBall,Over,Orthodox,Left,Null,NotReferred,Null,True,False,False,False,False,True,,False,False,False,False,False,False,1,0,1,0,0,False,False,,,Wicketkeeper
1654949,54,2.35,1,0,0,127,5,1,76670,,39481,County Championship 2026,3,48,Surrey Men,31,Somerset Men,8855464,2026-09-27T15:29:48Z,1,323,False,,,,7800,James Rew,2709,Mahipal Lomror,221,Ben Foakes,Left,0,0,0,0,,Short,OutsideOff,,None,BackFoot,BackwardDefensive,StockBall,Over,Orthodox,Left,Null,NotReferred,Null,False,False,False,False,False,True,,False,False,False,False,False,False,0,0,0,0,0,False,False,269.0,42.0,Bowler
1654949,54,2.35,1,0,0,127,5,1,76670,,39481,County Championship 2026,3,48,Surrey Men,31,Somerset Men,8855467,2026-09-27T15:30:00Z,2,324,False,,,,7800,James Rew,2709,Mahipal Lomror,221,Ben Foakes,Left,0,0,0,0,,LengthBall,OutsideOff,,HitPad,NoMovement,Leave,StockBall,Over,Orthodox,Left,Null,NotReferred,Null,False,False,False,False,False,True,,False,False,False,False,False,False,0,0,0,0,0,False,False,78.0,7.0,First Slip
1654949,54,2.35,1,0,0,127,5,1,76670,,39481,County Championship 2026,3,48,Surrey Men,31,Somerset Men,8855468,2026-09-27T15:30:22Z,3,325,False,,,,7800,James Rew,2709,Mahipal Lomror,221,Ben Foakes,Left,0,0,0,0,,LengthBall,OutsideOff,,Left,NoMovement,Leave,StockBall,Over,Orthodox,Left,Null,NotReferred,Null,False,False,False,False,False,True,,False,False,False,False,False,False,0,0,0,0,0,False,False,,,Wicketkeeper
1654949,54,2.35,1,0,0,127,5,1,76670,,39481,County Championship 2026,3,48,Surrey Men,31,Somerset Men,8855470,2026-09-27T15:30:32Z,4,326,False,,,,7800,James Rew,2709,Mahipal Lomror,221,Ben Foakes,Left,0,0,0,0,,LengthBall,OutsideOff,,None,FrontFoot,ForwardDefensive,StockBall,Over,Orthodox,Left,Null,NotReferred,Null,False,False,False,False,False,True,,False,False,False,False,False,False,0,0,0,0,0,False,False,269.0,35.0,Bowler
1654949,54,2.35,1,0,0,127,5,1,76670,,39481,County Championship 2026,3,48,Surrey Men,31,Somerset Men,8855472,2026-09-27T15:30:48Z,5,327,False,,,,7800,James Rew,2709,Mahipal Lomror,221,Ben Foakes,Left,0,0,0,0,,HalfVolley,OutsideOff,,None,FrontFoot,ForwardDefensive,StockBall,Over,Orthodox,Left,Null,NotReferred,Null,False,False,False,False,False,True,,False,False,False,False,False,False,0,0,0,0,0,False,False,279.0,27.0,Mid Off
1654949,54,2.35,1,0,0,127,5,1,76670,,39481,County Championship 2026,3,48,Surrey Men,31,Somerset Men,8855475,2026-09-27T15:31:05Z,6,328,False,,,,7800,James Rew,2709,Mahipal Lomror,221,Ben Foakes,Left,0,0,0,0,,FullToss,Wide,,None,FrontFoot,Drive,StockBall,Over,Orthodox,Left,Null,NotReferred,Null,False,False,False,False,False,True,,False,False,False,False,False,False,0,0,0,0,0,False,False,337.0,62.0,Cover
