over_id,over_overNumber,over_runrate,over_runsConceded,over_wickets,over_runsExtras,over_totalInningRuns,over_totalInningWickets,over_totalRuns,id,matchName,fixtureId,fixtureName,inningNumber,battingTeamId,battingTeamName,bowlingTeamId,bowlingTeamName,ball_id,ballDateTime,ballNumber,totalBallNumber,isWicket,dismissalTypeId,dismissalPlayerId,dismissalPlayerName,bowlerPlayerId,bowlerPlayerName,battingPlayerId,battingPlayerName,nonStrikeBattingPlayerId,nonStrikeBattingPlayerName,shotAngle,shotMagnitude,battingHandId,fieldingPosition,runsConceded,extras,runs,runsScored,dismissalType,lengthTypeId,lineTypeId,appealDismissalTypeId,battingConnectionId,battingFeetId,battingShotTypeId,bowlingDetailId,bowlingFromId,bowlingTypeId,bowlingHandId,outcomeId,referralOutcomeId,noBallReasonId,isWide,isNoBall,isByes,isLegByes,isAirControlled,isAppeal,isFreeHit,isNewBall,isPowerPlay,isBattingPowerPlay,isFloodLit,isReferred,teamRuns,runsByes,runsWide,runsLegByes,noBallsCount,isBoundry,isAirNotControlled,decisionOfficialId
1633239,2,7.0,2,0,0,14,0,2,76161,,40921,Study NT Top End T20 Series,1,113,New Zealand A,1494,Victoria Academy,8724357,2026-08-26T00:35:10Z,1,7,False,,,,11468,Austin Anlezark,3721,Katene Clarke,8421,Tim Robinson,,,Right,,0,0,0,0,,,,,,0,,NoMovement,Over,Medium,Right,Null,NotReferred,Null,False,False,False,False,False,True,False,False,True,False,False,False,0,0,0,0,0,False,False,
1633239,2,7.0,2,0,0,14,0,2,76161,,40921,Study NT Top End T20 Series,1,113,New Zealand A,1494,Victoria Academy,8724360,2026-08-26T00:35:48Z,2,8,False,,,,11468,Austin Anlezark,3721,Katene Clarke,8421,Tim Robinson,,,Right,Wicketkeeper,0,0,0,0,,Yorker,OutsideOff,,Missed,FrontFoot,Steer,AwaySwinger,Over,Medium,Right,Null,NotReferred,Null,False,False,False,False,False,True,False,False,True,False,False,False,0,0,0,0,0,False,False,
1633239,2,7.0,2,0,0,14,0,2,76161,,40921,Study NT Top End T20 Series,1,113,New Zealand A,1494,Victoria Academy,8724361,2026-08-26T00:36:27Z,3,9,False,,,,11468,Austin Anlezark,3721,Katene Clarke,8421,Tim Robinson,,,Right,Wicketkeeper,0,0,0,0,,BackOfALength,OutsideOff,,Missed,BackFoot,Pushed,AwaySwinger,Over,Medium,Right,Null,NotReferred,Null,False,False,False,False,False,True,False,False,True,False,False,False,0,0,0,0,0,False,False,
1633239,2,7.0,2,0,0,14,0,2,76161,,40921,Study NT Top End T20 Series,1,113,New Zealand A,1494,Victoria Academy,8724363,2026-08-26T00:37:03Z,4,10,False,,,,11468,Austin Anlezark,3721,Katene Clarke,8421,Tim Robinson,221.0,15.0,Right,Silly Mid Off,0,0,0,0,,BackOfALength,OutsideOff,,MisTimed,BackFoot,Flick,NoMovement,Over,Medium,Right,Null,NotReferred,Null,False,False,False,False,False,True,False,False,True,False,False,False,0,0,0,0,0,False,False,
1633239,2,7.0,2,0,0,14,0,2,76161,,40921,Study NT Top End T20 Series,1,113,New Zealand A,1494,Victoria Academy,8724364,2026-08-26T00:37:37Z,5,11,False,,,,11468,Austin Anlezark,3721,Katene Clarke,8421,Tim Robinson,155.0,152.0,Right,Deep Backward Point,2,0,2,2,,BackOfALength,OutsideOff,,None,BackFoot,Steer,NoMovement,Over,Medium,Right,Null,NotReferred,Null,False,False,False,False,False,True,False,False,True,False,False,False,2,0,0,0,0,False,False,
1633239,2,7.0,2,0,0,14,0,2,76161,,40921,Study NT Top End T20 Series,1,113,New Zealand A,1494,Victoria Academy,8724366,2026-08-26T00:38:14Z,6,12,False,,,,11468,Austin Anlezark,3721,Katene Clarke,8421,Tim Robinson,0.0,0.0,Right,Wicketkeeper,0,0,0,0,,LengthBall,OutsideOff,,Missed,DownTheTrack,Drive,AwaySwinger,Over,Medium,Right,Null,NotReferred,Null,False,False,False,False,False,True,False,False,True,False,False,False,0,0,0,0,0,False,False,
1633241,3,8.0,10,0,0,24,0,10,76161,,40921,Study NT Top End T20 Series,1,113,New Zealand A,1494,Victoria Academy,8724368,2026-08-26T00:39:12Z,1,13,False,,,,16993,Aryan Sharma,8421,Tim Robinson,3721,Katene Clarke,0.0,0.0,Right,Bowler,0,0,0,0,,FullToss,OutsideOff,,MisTimed,FrontFoot,Drive,StockBall,Round,Orthodox,Left,Null,NotReferred,Null,False,False,False,False,False,True,False,False,True,False,False,False,0,0,0,0,0,False,False,
1633241,3,8.0,10,0,0,24,0,10,76161,,40921,Study NT Top End T20 Series,1,113,New Zealand A,1494,Victoria Academy,8724370,2026-08-26T00:39:27Z,2,14,False,,,,16993,Aryan Sharma,8421,Tim Robinson,3721,Katene Clarke,202.0,164.0,Right,Deep Cover,3,0,3,3,,LengthBall,OutsideOff,,MisTimed,DownTheTrack,Drive,StockBall,Round,Orthodox,Left,Null,NotReferred,Null,False,False,False,False,False,True,False,False,True,False,False,False,3,0,0,0,0,False,True,
1633241,3,8.0,10,0,0,24,0,10,76161,,40921,Study NT Top End T20 Series,1,113,New Zealand A,1494,Victoria Academy,8724371,2026-08-26T00:40:05Z,3,15,False,,,,16993,Aryan Sharma,3721,Katene Clarke,8421,Tim Robinson,238.0,178.0,Right,,4,0,4,4,,LengthBall,OutsideOff,,MisTimed,FrontFoot,Drive,StockBall,Round,Orthodox,Left,Null,NotReferred,Null,False,False,False,False,False,True,False,False,True,False,False,False,4,0,0,0,0,True,True,
1633241,3,8.0,10,0,0,24,0,10,76161,,40921,Study NT Top End T20 Series,1,113,New Zealand A,1494,Victoria Academy,8724373,2026-08-26T00:40:42Z,4,16,False,,,,16993,Aryan Sharma,3721,Katene Clarke,8421,Tim Robinson,360.0,75.0,Right,Square Leg,1,0,1,1,,LengthBall,MiddleStump,,None,FrontFoot,Worked,StockBall,Round,Orthodox,Left,Null,NotReferred,Null,False,False,False,False,False,True,False,False,True,False,False,False,1,0,0,0,0,False,False,
1633241,3,8.0,10,0,0,24,0,10,76161,,40921,Study NT Top End T20 Series,1,113,New Zealand A,1494,Victoria Academy,8724375,2026-08-26T00:41:03Z,5,17,False,,,,16993,Aryan Sharma,8421,Tim Robinson,3721,Katene Clarke,52.0,45.0,Right,Short Fine Leg,0,1,1,0,,LengthBall,MiddleStump,,HitPad,BackFoot,Glance,StockBall,Round,Orthodox,Left,Null,NotReferred,Null,False,False,False,True,False,True,False,False,True,False,False,False,1,0,0,1,0,False,False,
1633241,3,8.0,10,0,0,24,0,10,76161,,40921,Study NT Top End T20 Series,1,113,New Zealand A,1494,Victoria Academy,8724376,2026-08-26T00:41:27Z,6,18,False,,,,16993,Aryan Sharma,3721,Katene Clarke,8421,Tim Robinson,197.0,78.0,Right,Cover,1,0,1,1,,HalfVolley,OutsideOff,,None,BacksAway,Drive,StockBall,Round,Orthodox,Left,Null,NotReferred,Null,False,False,False,False,False,True,False,False,True,False,False,False,1,0,0,0,0,False,False,
1633242,4,8.0,8,0,0,32,0,8,76161,,40921,Study NT Top End T20 Series,1,113,New Zealand A,1494,Victoria Academy,8724378,2026-08-26T00:42:17Z,1,19,False,,,,11468,Austin Anlezark,3721,Katene Clarke,8421,Tim Robinson,355.0,154.0,Right,Deep Square Leg,2,0,2,2,,Short,OutsideOff,,None,MovesInfront,Pull,NoMovement,Over,Medium,Right,Null,NotReferred,Null,False,False,False,False,False,True,False,False,True,False,False,False,2,0,0,0,0,False,False,
1633242,4,8.0,8,0,0,32,0,8,76161,,40921,Study NT Top End T20 Series,1,113,New Zealand A,1494,Victoria Academy,8724379,2026-08-26T00:42:58Z,2,20,False,,,,11468,Austin Anlezark,3721,Katene Clarke,8421,Tim Robinson,0.0,0.0,Right,Wicketkeeper,1,1,1,0,,Short,DownLeg,,PlayAndMissLegSide,BackFoot,Pull,NoMovement,Over,Medium,Right,Null,NotReferred,Null,True,False,False,False,False,True,False,False,True,False,False,False,1,0,1,0,0,False,False,
1633242,4,8.0,8,0,0,32,0,8,76161,,40921,Study NT Top End T20 Series,1,113,New Zealand A,1494,Victoria Academy,8724381,2026-08-26T00:43:37Z,2,21,False,,,,11468,Austin Anlezark,3721,Katene Clarke,8421,Tim Robinson,41.0,163.0,Right,,4,0,4,4,,Short,OffStump,,WellTimed,BackFoot,Pull,NoMovement,Over,Medium,Right,Null,NotReferred,Null,False,False,False,False,False,True,False,False,True,False,False,False,4,0,0,0,0,True,False,
1633242,4,8.0,8,0,0,32,0,8,76161,,40921,Study NT Top End T20 Series,1,113,New Zealand A,1494,Victoria Academy,8724383,2026-08-26T00:44:15Z,3,22,False,,,,11468,Austin Anlezark,3721,Katene Clarke,8421,Tim Robinson,0.0,0.0,Right,Wicketkeeper,0,0,0,0,,BackOfALength,OutsideOff,,Missed,BackFoot,Cut,AwaySwinger,Over,Medium,Right,Null,NotReferred,Null,False,False,False,False,False,True,False,False,True,False,False,False,0,0,0,0,0,False,False,
1633242,4,8.0,8,0,0,32,0,8,76161,,40921,Study NT Top End T20 Series,1,113,New Zealand A,1494,Victoria Academy,8724384,2026-08-26T00:44:53Z,4,23,False,,,,11468,Austin Anlezark,3721,Katene Clarke,8421,Tim Robinson,,,Right,Wicketkeeper,0,0,0,0,,BackOfALength,OutsideOff,,Missed,BackFoot,UpperCut,SeamAway,Over,Medium,Right,Null,NotReferred,Null,False,False,False,False,False,True,False,False,True,False,False,False,0,0,0,0,0,False,False,
1633242,4,8.0,8,0,0,32,0,8,76161,,40921,Study NT Top End T20 Series,1,113,New Zealand A,1494,Victoria Academy,8724386,2026-08-26T00:45:30Z,5,24,False,,,,11468,Austin Anlezark,3721,Katene Clarke,8421,Tim Robinson,144.0,20.0,Right,Gully,0,0,0,0,,LengthBall,OutsideOff,,BatPad,BackFoot,Worked,NoMovement,Over,Medium,Right,Null,NotReferred,Null,False,False,False,False,False,True,False,False,True,False,False,False,0,0,0,0,0,False,False,
1633242,4,8.0,8,0,0,32,0,8,76161,,40921,Study NT Top End T20 Series,1,113,New Zealand A,1494,Victoria Academy,8724388,2026-08-26T00:46:08Z,6,25,False,,,,11468,Austin Anlezark,3721,Katene Clarke,8421,Tim Robinson,15.0,38.0,Right,Backward Square Leg,1,0,1,1,,BackOfALength,OutsideOff,,None,BackFoot,Worked,NoMovement,Over,Medium,Right,Null,NotReferred,Null,False,False,False,False,False,True,False,False,True,False,False,False,1,0,0,0,0,False,False,
1633244,5,7.6,6,1,0,38,1,6,76161,,40921,Study NT Top End T20 Series,1,113,New Zealand A,1494,Victoria Academy,8724390,2026-08-26T00:47:11Z,1,26,False,,,,1193,Will Sutherland,3721,Katene Clarke,8421,Tim Robinson,155.0,135.0,Right,Deep Backward Point,2,0,2,2,,LengthBall,OutsideOff,,WellTimed,BackFoot,Cut,NoMovement,Over,Medium,Right,Null,NotReferred,Null,False,False,False,False,False,True,False,False,False,False,False,False,2,0,0,0,0,False,False,
1633244,5,7.6,6,1,0,38,1,6,76161,,40921,Study NT Top End T20 Series,1,113,New Zealand A,1494,Victoria Academy,8724392,2026-08-26T00:47:57Z,2,27,False,,,,1193,Will Sutherland,3721,Katene Clarke,8421,Tim Robinson,164.0,140.0,Right,Deep Backward Point,1,0,1,1,,LengthBall,OutsideOff,,WellTimed,FrontFoot,Drive,NoMovement,Over,Medium,Right,Null,NotReferred,Null,False,False,False,False,False,True,False,False,False,False,False,False,1,0,0,0,0,False,False,
1633244,5,7.6,6,1,0,38,1,6,76161,,40921,Study NT Top End T20 Series,1,113,New Zealand A,1494,Victoria Academy,8724393,2026-08-26T00:48:30Z,3,28,False,,,,1193,Will Sutherland,8421,Tim Robinson,3721,Katene Clarke,346.0,26.0,Right,Square Leg,0,0,0,0,,BackOfALength,OutsideOff,,HitPad,FrontFoot,SlogSweep,NoMovement,Over,Medium,Right,Null,NotReferred,Null,False,False,False,False,False,True,False,False,False,False,False,False,0,0,0,0,0,False,False,
1633244,5,7.6,6,1,0,38,1,6,76161,,40921,Study NT Top End T20 Series,1,113,New Zealand A,1494,Victoria Academy,8724394,2026-08-26T00:49:04Z,4,29,False,,,,1193,Will Sutherland,8421,Tim Robinson,3721,Katene Clarke,30.0,124.0,Right,Fine Leg,0,2,2,0,,BackOfALength,OutsideOff,,HitPad,BackFoot,Flick,NoMovement,Over,Medium,Right,Null,NotReferred,Null,False,False,False,True,False,True,False,False,False,False,False,False,2,0,0,2,0,False,False,
1633244,5,7.6,6,1,0,38,1,6,76161,,40921,Study NT Top End T20 Series,1,113,New Zealand A,1494,Victoria Academy,8724395,2026-08-26T00:49:36Z,5,30,True,Caught,8421.0,Tim Robinson,1193,Will Sutherland,8421,Tim Robinson,3721,Katene Clarke,152.0,150.0,Right,Deep Backward Point,0,0,0,0,Caught,Short,Wide,Caught,MisTimed,BackFoot,UpperCut,NoMovement,Over,Medium,Right,Null,NotReferred,Null,False,False,False,False,False,True,False,False,False,False,False,False,0,0,0,0,0,False,True,2013.0
1633244,5,7.6,6,1,0,38,1,6,76161,,40921,Study NT Top End T20 Series,1,113,New Zealand A,1494,Victoria Academy,8724396,2026-08-26T00:52:05Z,6,31,False,,,,1193,Will Sutherland,3768,Max Chu,3721,Katene Clarke,69.0,137.0,Left,Third Man,1,0,1,1,,LengthBall,OffStump,,None,BackFoot,Steer,NoMovement,Over,Medium,Right,Null,NotReferred,Null,False,False,False,False,False,True,False,False,False,False,False,False,1,0,0,0,0,False,False,
1633245,6,6.67,2,1,0,40,2,2,76161,,40921,Study NT Top End T20 Series,1,113,New Zealand A,1494,Victoria Academy,8724397,2026-08-26T00:53:36Z,1,32,True,Bowled,3768.0,Max Chu,2941,Todd Murphy,3768,Max Chu,3721,Katene Clarke,,,Left,,0,0,0,0,Bowled,BackOfALength,OutsideOff,Bowled,InsideEdge,BackFoot,Pushed,OffBreak,Round,OffSpin,Right,Null,NotReferred,Null,False,False,False,False,False,True,False,False,False,False,False,False,0,0,0,0,0,False,False,
1633245,6,6.67,2,1,0,40,2,2,76161,,40921,Study NT Top End T20 Series,1,113,New Zealand A,1494,Victoria Academy,8724398,2026-08-26T00:55:17Z,2,33,False,,,,2941,Todd Murphy,14533,Bevon Jacobs,3721,Katene Clarke,,,Right,Bowler,0,0,0,0,,BackOfALength,OutsideOff,,None,FrontFoot,ForwardDefensive,OffBreak,Over,OffSpin,Right,Null,NotReferred,Null,False,False,False,False,False,True,False,False,False,False,False,False,0,0,0,0,0,False,False,
1633245,6,6.67,2,1,0,40,2,2,76161,,40921,Study NT Top End T20 Series,1,113,New Zealand A,1494,Victoria Academy,8724399,2026-08-26T00:55:36Z,3,34,False,,,,2941,Todd Murphy,14533,Bevon Jacobs,3721,Katene Clarke,310.0,60.0,Right,Mid Wicket,0,0,0,0,,BackOfALength,OutsideOff,,None,BackFoot,Pushed,OffBreak,Over,OffSpin,Right,Null,NotReferred,Null,False,False,False,False,False,True,False,False,False,False,False,False,0,0,0,0,0,False,False,
1633245,6,6.67,2,1,0,40,2,2,76161,,40921,Study NT Top End T20 Series,1,113,New Zealand A,1494,Victoria Academy,8724400,2026-08-26T00:55:56Z,4,35,False,,,,2941,Todd Murphy,14533,Bevon Jacobs,3721,Katene Clarke,286.0,149.0,Right,Long On,1,0,1,1,,LengthBall,OutsideOff,,None,FrontFoot,Drive,OffBreak,Over,OffSpin,Right,Null,NotReferred,Null,False,False,False,False,False,True,False,False,False,False,False,False,1,0,0,0,0,False,False,
1633245,6,6.67,2,1,0,40,2,2,76161,,40921,Study NT Top End T20 Series,1,113,New Zealand A,1494,Victoria Academy,8724401,2026-08-26T00:56:30Z,5,36,False,,,,2941,Todd Murphy,3721,Katene Clarke,14533,Bevon Jacobs,306.0,59.0,Right,Mid Wicket,1,0,1,1,,BackOfALength,OutsideOff,,MisTimed,FrontFoot,Pushed,OffBreak,Over,OffSpin,Right,Null,NotReferred,Null,False,False,False,False,False,True,False,False,False,False,False,False,1,0,0,0,0,False,False,
1633245,6,6.67,2,1,0,40,2,2,76161,,40921,Study NT Top End T20 Series,1,113,New Zealand A,1494,Victoria Academy,8724402,2026-08-26T00:56:57Z,6,37,False,,,,2941,Todd Murphy,14533,Bevon Jacobs,3721,Katene Clarke,320.0,74.0,Right,Mid Wicket,0,0,0,0,,LengthBall,OutsideOff,,None,FrontFoot,Drive,OffBreak,Over,OffSpin,Right,Null,NotReferred,Null,False,False,False,False,False,True,False,False,False,False,False,False,0,0,0,0,0,False,False,
1633246,7,6.29,4,0,0,44,2,4,76161,,40921,Study NT Top End T20 Series,1,113,New Zealand A,1494,Victoria Academy,8724403,2026-08-26T00:58:05Z,1,38,False,,,,21983,,3721,Katene Clarke,14533,Bevon Jacobs,309.0,59.0,Right,Mid Wicket,0,0,0,0,,Yorker,OffStump,,None,BackFoot,Flick,NoMovement,Over,Medium,Right,Null,NotReferred,Null,False,False,False,False,False,True,False,False,False,False,False,False,0,0,0,0,0,False,False,
1633246,7,6.29,4,0,0,44,2,4,76161,,40921,Study NT Top End T20 Series,1,113,New Zealand A,1494,Victoria Academy,8724404,2026-08-26T00:58:34Z,2,39,False,,,,21983,,3721,Katene Clarke,14533,Bevon Jacobs,305.0,32.0,Right,Bowler,0,0,0,0,,HalfVolley,OutsideOff,,MisTimed,FrontFoot,Drive,NoMovement,Over,Medium,Right,Null,NotReferred,Null,False,False,False,False,False,True,False,False,False,False,False,False,0,0,0,0,0,False,True,
1633246,7,6.29,4,0,0,44,2,4,76161,,40921,Study NT Top End T20 Series,1,113,New Zealand A,1494,Victoria Academy,8724405,2026-08-26T00:59:12Z,3,40,False,,,,21983,,3721,Katene Clarke,14533,Bevon Jacobs,67.0,132.0,Right,Fine Leg,2,0,2,2,,BackOfALength,OffStump,,MisTimed,BackFoot,Pull,NoMovement,Over,Medium,Right,Null,NotReferred,Null,False,False,False,False,False,True,False,False,False,False,False,False,2,0,0,0,0,False,False,
1633246,7,6.29,4,0,0,44,2,4,76161,,40921,Study NT Top End T20 Series,1,113,New Zealand A,1494,Victoria Academy,8724406,2026-08-26T00:59:44Z,4,41,False,,,,21983,,3721,Katene Clarke,14533,Bevon Jacobs,195.0,156.0,Right,Deep Cover,1,0,1,1,,HalfVolley,OutsideOff,,WellTimed,BacksAway,Drive,NoMovement,Over,Medium,Right,Null,NotReferred,Null,False,False,False,False,False,True,False,False,False,False,False,False,1,0,0,0,0,False,False,
1633246,7,6.29,4,0,0,44,2,4,76161,,40921,Study NT Top End T20 Series,1,113,New Zealand A,1494,Victoria Academy,8724407,2026-08-26T01:00:23Z,5,42,False,,,,21983,,14533,Bevon Jacobs,3721,Katene Clarke,220.0,61.0,Right,Extra Cover,0,0,0,0,,LengthBall,OutsideOff,,None,FrontFoot,Drive,NoMovement,Over,Medium,Right,Null,NotReferred,Null,False,False,False,False,False,True,False,False,False,False,False,False,0,0,0,0,0,False,False,
1633246,7,6.29,4,0,0,44,2,4,76161,,40921,Study NT Top End T20 Series,1,113,New Zealand A,1494,Victoria Academy,8724408,2026-08-26T01:01:05Z,6,43,False,,,,21983,,14533,Bevon Jacobs,3721,Katene Clarke,319.0,137.0,Right,Deep Mid Wicket,1,0,1,1,,LengthBall,OutsideOff,,MisTimed,FrontFoot,Flick,NoMovement,Over,Medium,Right,Null,NotReferred,Null,False,False,False,False,False,True,False,False,False,False,False,False,1,0,0,0,0,False,False,
1633247,8,6.0,4,0,0,48,2,4,76161,,40921,Study NT Top End T20 Series,1,113,New Zealand A,1494,Victoria Academy,8724409,2026-08-26T01:02:08Z,1,44,False,,,,2941,Todd Murphy,14533,Bevon Jacobs,3721,Katene Clarke,291.0,142.0,Right,Long On,1,0,1,1,,BackOfALength,LegStump,,None,DownTheTrack,Drive,OffBreak,Over,OffSpin,Right,Null,NotReferred,Null,False,False,False,False,False,True,False,False,False,False,False,False,1,0,0,0,0,False,False,
1633247,8,6.0,4,0,0,48,2,4,76161,,40921,Study NT Top End T20 Series,1,113,New Zealand A,1494,Victoria Academy,8724410,2026-08-26T01:02:37Z,2,45,False,,,,2941,Todd Murphy,3721,Katene Clarke,14533,Bevon Jacobs,,,Right,Wicketkeeper,0,0,0,0,,BackOfALength,OutsideOff,,Missed,BacksAway,Cut,OffBreak,Over,OffSpin,Right,Null,NotReferred,Null,False,False,False,False,False,True,False,False,False,False,False,False,0,0,0,0,0,False,False,
1633247,8,6.0,4,0,0,48,2,4,76161,,40921,Study NT Top End T20 Series,1,113,New Zealand A,1494,Victoria Academy,8724411,2026-08-26T01:02:59Z,3,46,False,,,,2941,Todd Murphy,3721,Katene Clarke,14533,Bevon Jacobs,10.0,129.0,Right,Deep Backward Square Leg,2,0,2,2,,BackOfALength,OffStump,,None,BackFoot,Worked,OffBreak,Over,OffSpin,Right,Null,NotReferred,Null,False,False,False,False,False,True,False,False,False,False,False,False,2,0,0,0,0,False,False,
1633247,8,6.0,4,0,0,48,2,4,76161,,40921,Study NT Top End T20 Series,1,113,New Zealand A,1494,Victoria Academy,8724414,2026-08-26T01:04:22Z,4,47,False,,,,2941,Todd Murphy,3721,Katene Clarke,14533,Bevon Jacobs,22.0,66.0,Right,Backward Square Leg,0,0,0,0,,BackOfALength,OutsideOff,,None,BackFoot,Worked,OffBreak,Over,OffSpin,Right,Null,NotReferred,Null,False,False,False,False,False,True,False,False,False,False,False,False,0,0,0,0,0,False,False,
1633247,8,6.0,4,0,0,48,2,4,76161,,40921,Study NT Top End T20 Series,1,113,New Zealand A,1494,Victoria Academy,8724415,2026-08-26T01:04:43Z,5,48,False,,,,2941,Todd Murphy,3721,Katene Clarke,14533,Bevon Jacobs,359.0,138.0,Right,Deep Square Leg,1,0,1,1,,BackOfALength,OutsideOff,,None,BackFoot,Worked,OffBreak,Over,OffSpin,Right,Null,NotReferred,Null,False,False,False,False,False,True,False,False,False,False,False,False,1,0,0,0,0,False,False,
1633247,8,6.0,4,0,0,48,2,4,76161,,40921,Study NT Top End T20 Series,1,113,New Zealand A,1494,Victoria Academy,8724417,2026-08-26T01:05:13Z,6,49,False,,,,2941,Todd Murphy,14533,Bevon Jacobs,3721,Katene Clarke,304.0,69.0,Right,Mid Wicket,0,0,0,0,,LengthBall,OffStump,,None,FrontFoot,Drive,OffBreak,Over,OffSpin,Right,Null,NotReferred,Null,False,False,False,False,False,True,False,False,False,False,False,False,0,0,0,0,0,False,False,
1633249,9,6.33,9,1,0,57,3,9,76161,,40921,Study NT Top End T20 Series,1,113,New Zealand A,1494,Victoria Academy,8724419,2026-08-26T01:06:06Z,1,50,False,,,,7802,Sam Elliott,3721,Katene Clarke,14533,Bevon Jacobs,19.0,167.0,Right,,4,0,4,4,,BackOfALength,OutsideOff,,MisTimed,BackFoot,Pull,NoMovement,Over,Medium,Right,Null,NotReferred,Null,False,False,False,False,False,True,False,False,False,False,False,False,4,0,0,0,0,True,False,
1633249,9,6.33,9,1,0,57,3,9,76161,,40921,Study NT Top End T20 Series,1,113,New Zealand A,1494,Victoria Academy,8724421,2026-08-26T01:06:41Z,2,51,False,,,,7802,Sam Elliott,3721,Katene Clarke,14533,Bevon Jacobs,132.0,163.0,Right,,4,0,4,4,,BackOfALength,Wide,,WellTimed,BackFoot,LateCut,NoMovement,Over,Medium,Right,Null,NotReferred,Null,False,False,False,False,False,True,False,False,False,False,False,False,4,0,0,0,0,True,False,
1633249,9,6.33,9,1,0,57,3,9,76161,,40921,Study NT Top End T20 Series,1,113,New Zealand A,1494,Victoria Academy,8724423,2026-08-26T01:07:12Z,3,52,False,,,,7802,Sam Elliott,3721,Katene Clarke,14533,Bevon Jacobs,,,Right,Wicketkeeper,0,0,0,0,,BackOfALength,OutsideOff,,Missed,MovesInfront,Pull,NoMovement,Over,Medium,Right,Null,NotReferred,Null,False,False,False,False,False,True,False,False,False,False,False,False,0,0,0,0,0,False,False,
1633249,9,6.33,9,1,0,57,3,9,76161,,40921,Study NT Top End T20 Series,1,113,New Zealand A,1494,Victoria Academy,8724424,2026-08-26T01:07:51Z,4,53,True,Caught,3721.0,Katene Clarke,7802,Sam Elliott,3721,Katene Clarke,14533,Bevon Jacobs,106.0,9.0,Right,First Slip,0,0,0,0,Caught,Short,OutsideOff,Caught,MisTimed,DownTheTrack,Pull,NoMovement,Over,Medium,Right,Null,NotReferred,Null,False,False,False,False,False,True,False,False,False,False,False,False,0,0,0,0,0,False,True,2013.0
1633249,9,6.33,9,1,0,57,3,9,76161,,40921,Study NT Top End T20 Series,1,113,New Zealand A,1494,Victoria Academy,8724429,2026-08-26T01:09:35Z,5,54,False,,,,7802,Sam Elliott,11542,Muhammad Abbas,14533,Bevon Jacobs,4.0,142.0,Right,Deep Backward Square Leg,1,0,1,1,,LengthBall,OutsideOff,,None,FrontFoot,Flick,NoMovement,Over,Medium,Right,Null,NotReferred,Null,False,False,False,False,False,True,False,False,False,False,False,False,1,0,0,0,0,False,False,
1633249,9,6.33,9,1,0,57,3,9,76161,,40921,Study NT Top End T20 Series,1,113,New Zealand A,1494,Victoria Academy,8724431,2026-08-26T01:10:15Z,6,55,False,,,,7802,Sam Elliott,14533,Bevon Jacobs,11542,Muhammad Abbas,225.0,39.0,Right,Extra Cover,0,0,0,0,,LengthBall,OutsideOff,,None,FrontFoot,ForwardDefensive,NoMovement,Over,Medium,Right,Null,NotReferred,Null,False,False,False,False,False,True,False,False,False,False,False,False,0,0,0,0,0,False,False,
1633251,10,6.4,7,0,0,64,3,7,76161,,40921,Study NT Top End T20 Series,1,113,New Zealand A,1494,Victoria Academy,8724433,2026-08-26T01:11:30Z,1,56,False,,,,16993,Aryan Sharma,11542,Muhammad Abbas,14533,Bevon Jacobs,337.0,145.0,Right,Deep Square Leg,2,0,2,2,,BackOfALength,OutsideOff,,WellTimed,BackFoot,Pull,StockBall,Round,Orthodox,Left,Null,NotReferred,Null,False,False,False,False,False,True,False,False,False,False,False,False,2,0,0,0,0,False,False,
1633251,10,6.4,7,0,0,64,3,7,76161,,40921,Study NT Top End T20 Series,1,113,New Zealand A,1494,Victoria Academy,8724434,2026-08-26T01:11:56Z,2,57,False,,,,16993,Aryan Sharma,11542,Muhammad Abbas,14533,Bevon Jacobs,334.0,139.0,Right,Deep Square Leg,1,0,1,1,,LengthBall,LegStump,,None,DownTheTrack,Worked,StockBall,Round,Orthodox,Left,Null,NotReferred,Null,False,False,False,False,False,True,False,False,False,False,False,False,1,0,0,0,0,False,False,
1633251,10,6.4,7,0,0,64,3,7,76161,,40921,Study NT Top End T20 Series,1,113,New Zealand A,1494,Victoria Academy,8724437,2026-08-26T01:12:36Z,3,58,False,,,,16993,Aryan Sharma,14533,Bevon Jacobs,11542,Muhammad Abbas,327.0,141.0,Right,Deep Mid Wicket,1,0,1,1,,BackOfALength,MiddleStump,,None,BackFoot,Worked,StockBall,Round,Orthodox,Left,Null,NotReferred,Null,False,False,False,False,False,True,False,False,False,False,False,False,1,0,0,0,0,False,False,
1633251,10,6.4,7,0,0,64,3,7,76161,,40921,Study NT Top End T20 Series,1,113,New Zealand A,1494,Victoria Academy,8724438,2026-08-26T01:12:59Z,4,59,False,,,,16993,Aryan Sharma,11542,Muhammad Abbas,14533,Bevon Jacobs,251.0,144.0,Right,Long Off,1,0,1,1,,BackOfALength,OutsideOff,,None,BackFoot,Pushed,StockBall,Round,Orthodox,Left,Null,NotReferred,Null,False,False,False,False,False,True,False,False,False,False,False,False,1,0,0,0,0,False,False,
1633251,10,6.4,7,0,0,64,3,7,76161,,40921,Study NT Top End T20 Series,1,113,New Zealand A,1494,Victoria Academy,8724440,2026-08-26T01:13:19Z,5,60,False,,,,16993,Aryan Sharma,14533,Bevon Jacobs,11542,Muhammad Abbas,,,Right,Bowler,0,0,0,0,,BackOfALength,LegStump,,MisTimed,BacksAway,Drive,StockBall,Round,Orthodox,Left,Null,NotReferred,Null,False,False,False,False,False,True,False,False,False,False,False,False,0,0,0,0,0,False,False,
1633251,10,6.4,7,0,0,64,3,7,76161,,40921,Study NT Top End T20 Series,1,113,New Zealand A,1494,Victoria Academy,8724441,2026-08-26T01:13:36Z,6,61,False,,,,16993,Aryan Sharma,14533,Bevon Jacobs,11542,Muhammad Abbas,322.0,152.0,Right,Deep Mid Wicket,2,0,2,2,,BackOfALength,OutsideOff,,WellTimed,FrontFoot,Slog,StockBall,Round,Orthodox,Left,Null,NotReferred,Null,False,False,False,False,False,True,False,False,False,False,False,False,2,0,0,0,0,False,False,
1633253,11,6.09,3,1,0,67,4,3,76161,,40921,Study NT Top End T20 Series,1,113,New Zealand A,1494,Victoria Academy,8724444,2026-08-26T01:14:57Z,1,62,False,,,,1193,Will Sutherland,11542,Muhammad Abbas,14533,Bevon Jacobs,319.0,63.0,Right,Mid Wicket,0,0,0,0,,BackOfALength,OutsideOff,,None,BackFoot,Worked,NoMovement,Over,Medium,Right,Null,NotReferred,Null,False,False,False,False,False,True,False,False,False,False,False,False,0,0,0,0,0,False,False,
1633253,11,6.09,3,1,0,67,4,3,76161,,40921,Study NT Top End T20 Series,1,113,New Zealand A,1494,Victoria Academy,8724446,2026-08-26T01:15:31Z,2,63,False,,,,1193,Will Sutherland,11542,Muhammad Abbas,14533,Bevon Jacobs,177.0,71.0,Right,Backward Point,0,0,0,0,,LengthBall,OutsideOff,,WellTimed,FrontFoot,Drive,NoMovement,Over,Medium,Right,Null,NotReferred,Null,False,False,False,False,False,True,False,False,False,False,False,False,0,0,0,0,0,False,False,
1633253,11,6.09,3,1,0,67,4,3,76161,,40921,Study NT Top End T20 Series,1,113,New Zealand A,1494,Victoria Academy,8724447,2026-08-26T01:16:05Z,3,64,False,,,,1193,Will Sutherland,11542,Muhammad Abbas,14533,Bevon Jacobs,53.0,135.0,Right,Fine Leg,1,0,1,1,,HalfVolley,MiddleStump,,None,FrontFoot,Flick,NoMovement,Over,Medium,Right,Null,NotReferred,Null,False,False,False,False,False,True,False,False,False,False,False,False,1,0,0,0,0,False,False,
1633253,11,6.09,3,1,0,67,4,3,76161,,40921,Study NT Top End T20 Series,1,113,New Zealand A,1494,Victoria Academy,8724448,2026-08-26T01:16:40Z,4,65,False,,,,1193,Will Sutherland,14533,Bevon Jacobs,11542,Muhammad Abbas,222.0,153.0,Right,Deep Extra Cover,1,0,1,1,,HalfVolley,OutsideOff,,WellTimed,FrontFoot,Drive,NoMovement,Over,Medium,Right,Null,NotReferred,Null,False,False,False,False,False,True,False,False,False,False,False,False,1,0,0,0,0,False,False,
1633253,11,6.09,3,1,0,67,4,3,76161,,40921,Study NT Top End T20 Series,1,113,New Zealand A,1494,Victoria Academy,8724451,2026-08-26T01:17:35Z,5,66,True,Bowled,11542.0,Muhammad Abbas,1193,Will Sutherland,11542,Muhammad Abbas,14533,Bevon Jacobs,,,Right,,0,0,0,0,Bowled,LengthBall,OutsideOff,Bowled,InsideEdge,BackFoot,Pull,NoMovement,Over,Medium,Right,Null,NotReferred,Null,False,False,False,False,False,True,False,False,False,False,False,False,0,0,0,0,0,False,False,2013.0
1633253,11,6.09,3,1,0,67,4,3,76161,,40921,Study NT Top End T20 Series,1,113,New Zealand A,1494,Victoria Academy,8724454,2026-08-26T01:19:24Z,6,67,False,,,,1193,Will Sutherland,7157,Mitch Hay,14533,Bevon Jacobs,,,Right,Wicketkeeper,1,1,1,0,,LengthBall,MiddleStump,,PlayAndMissLegSide,FrontFoot,Glance,NoMovement,Over,Medium,Right,Null,NotReferred,Null,True,False,False,False,False,True,False,False,False,False,False,False,1,0,1,0,0,False,False,
1633253,11,6.09,3,1,0,67,4,3,76161,,40921,Study NT Top End T20 Series,1,113,New Zealand A,1494,Victoria Academy,8724455,2026-08-26T01:19:52Z,6,68,False,,,,1193,Will Sutherland,7157,Mitch Hay,14533,Bevon Jacobs,318.0,56.0,Right,Mid Wicket,0,0,0,0,,LengthBall,OutsideOff,,None,FrontFoot,ForwardDefensive,NoMovement,Over,Medium,Right,Null,NotReferred,Null,False,False,False,False,False,True,False,False,False,False,False,False,0,0,0,0,0,False,False,
1633255,12,6.0,5,0,0,72,4,5,76161,,40921,Study NT Top End T20 Series,1,113,New Zealand A,1494,Victoria Academy,8724457,2026-08-26T01:20:46Z,1,69,False,,,,2941,Todd Murphy,14533,Bevon Jacobs,7157,Mitch Hay,291.0,156.0,Right,Long On,1,0,1,1,,FullToss,LegStump,,None,BackFoot,Drive,OffBreak,Over,OffSpin,Right,Null,NotReferred,Null,False,False,False,False,False,True,False,False,False,False,False,False,1,0,0,0,0,False,False,
1633255,12,6.0,5,0,0,72,4,5,76161,,40921,Study NT Top End T20 Series,1,113,New Zealand A,1494,Victoria Academy,8724458,2026-08-26T01:21:20Z,2,70,False,,,,2941,Todd Murphy,7157,Mitch Hay,14533,Bevon Jacobs,204.0,75.0,Right,Cover,0,0,0,0,,HalfVolley,Wide,,None,FrontFoot,Drive,OffBreak,Over,OffSpin,Right,Null,NotReferred,Null,False,False,False,False,False,True,False,False,False,False,False,False,0,0,0,0,0,False,False,
1633255,12,6.0,5,0,0,72,4,5,76161,,40921,Study NT Top End T20 Series,1,113,New Zealand A,1494,Victoria Academy,8724460,2026-08-26T01:21:41Z,3,71,False,,,,2941,Todd Murphy,7157,Mitch Hay,14533,Bevon Jacobs,,,Right,Wicketkeeper,0,0,0,0,,BackOfALength,OutsideOff,,Missed,FrontFoot,Drive,OffBreak,Over,OffSpin,Right,Null,NotReferred,Null,False,False,False,False,False,True,False,False,False,False,False,False,0,0,0,0,0,False,False,
1633255,12,6.0,5,0,0,72,4,5,76161,,40921,Study NT Top End T20 Series,1,113,New Zealand A,1494,Victoria Academy,8724461,2026-08-26T01:22:03Z,4,72,False,,,,2941,Todd Murphy,7157,Mitch Hay,14533,Bevon Jacobs,331.0,139.0,Right,Deep Square Leg,1,0,1,1,,LengthBall,OffStump,,None,FrontFoot,Flick,OffBreak,Over,OffSpin,Right,Null,NotReferred,Null,False,False,False,False,False,True,False,False,False,False,False,False,1,0,0,0,0,False,False,
1633255,12,6.0,5,0,0,72,4,5,76161,,40921,Study NT Top End T20 Series,1,113,New Zealand A,1494,Victoria Academy,8724465,2026-08-26T01:22:52Z,5,73,False,,,,2941,Todd Murphy,14533,Bevon Jacobs,7157,Mitch Hay,42.0,140.0,Right,Fine Leg,2,0,2,2,,LengthBall,OffStump,,None,BackFoot,Glance,OffBreak,Over,OffSpin,Right,Null,NotReferred,Null,False,False,False,False,False,True,False,False,False,False,False,False,2,0,0,0,0,False,False,
1633255,12,6.0,5,0,0,72,4,5,76161,,40921,Study NT Top End T20 Series,1,113,New Zealand A,1494,Victoria Academy,8724468,2026-08-26T01:23:35Z,6,74,False,,,,2941,Todd Murphy,14533,Bevon Jacobs,7157,Mitch Hay,283.0,151.0,Right,Long On,1,0,1,1,,LengthBall,OutsideOff,,None,FrontFoot,Flick,OffBreak,Over,OffSpin,Right,Null,NotReferred,Null,False,False,False,False,False,True,False,False,False,False,False,False,1,0,0,0,0,False,False,
1633257,13,6.31,10,0,0,82,4,10,76161,,40921,Study NT Top End T20 Series,1,113,New Zealand A,1494,Victoria Academy,8724470,2026-08-26T01:24:32Z,1,75,False,,,,21983,,14533,Bevon Jacobs,7157,Mitch Hay,289.0,144.0,Right,Long On,2,0,2,2,,FullToss,OutsideOff,,None,FrontFoot,Drive,NoMovement,Over,Medium,Right,Null,NotReferred,Null,False,False,False,False,False,True,False,False,False,False,False,False,2,0,0,0,0,False,False,
1633257,13,6.31,10,0,0,82,4,10,76161,,40921,Study NT Top End T20 Series,1,113,New Zealand A,1494,Victoria Academy,8724471,2026-08-26T01:25:04Z,2,76,False,,,,21983,,14533,Bevon Jacobs,7157,Mitch Hay,345.0,150.0,Right,Deep Square Leg,1,0,1,1,,LengthBall,OffStump,,None,FrontFoot,Flick,NoMovement,Over,Medium,Right,Null,NotReferred,Null,False,False,False,False,False,True,False,False,False,False,False,False,1,0,0,0,0,False,False,
1633257,13,6.31,10,0,0,82,4,10,76161,,40921,Study NT Top End T20 Series,1,113,New Zealand A,1494,Victoria Academy,8724474,2026-08-26T01:25:41Z,3,77,False,,,,21983,,7157,Mitch Hay,14533,Bevon Jacobs,233.0,142.0,Right,Deep Extra Cover,1,0,1,1,,LengthBall,OutsideOff,,None,FrontFoot,Drive,NoMovement,Over,Medium,Right,Null,NotReferred,Null,False,False,False,False,False,True,False,False,False,False,False,False,1,0,0,0,0,False,False,
1633257,13,6.31,10,0,0,82,4,10,76161,,40921,Study NT Top End T20 Series,1,113,New Zealand A,1494,Victoria Academy,8724475,2026-08-26T01:26:29Z,4,78,False,,,,21983,,14533,Bevon Jacobs,7157,Mitch Hay,307.0,141.0,Right,Deep Mid Wicket,1,0,1,1,,LengthBall,OutsideOff,,MisTimed,FrontFoot,Drive,NoMovement,Over,Medium,Right,Null,NotReferred,Null,False,False,False,False,False,True,False,False,False,False,False,False,1,0,0,0,0,False,False,
1633257,13,6.31,10,0,0,82,4,10,76161,,40921,Study NT Top End T20 Series,1,113,New Zealand A,1494,Victoria Academy,8724477,2026-08-26T01:27:03Z,5,79,False,,,,21983,,7157,Mitch Hay,14533,Bevon Jacobs,252.0,144.0,Right,Long Off,1,0,1,1,,HalfVolley,OutsideOff,,None,FrontFoot,Drive,NoMovement,Over,Medium,Right,Null,NotReferred,Null,False,False,False,False,False,True,False,False,False,False,False,False,1,0,0,0,0,False,False,
1633257,13,6.31,10,0,0,82,4,10,76161,,40921,Study NT Top End T20 Series,1,113,New Zealand A,1494,Victoria Academy,8724478,2026-08-26T01:27:46Z,6,80,False,,,,21983,,14533,Bevon Jacobs,7157,Mitch Hay,96.0,160.0,Right,Wicketkeeper,4,0,4,4,,Short,OutsideOff,,TopEdge,BackFoot,Hook,NoMovement,Over,Medium,Right,Null,NotReferred,Null,False,False,False,False,False,True,False,False,False,False,False,False,4,0,0,0,0,True,False,
1633259,14,6.21,5,0,0,87,4,5,76161,,40921,Study NT Top End T20 Series,1,113,New Zealand A,1494,Victoria Academy,8724481,2026-08-26T01:29:07Z,1,81,False,,,,16993,Aryan Sharma,7157,Mitch Hay,14533,Bevon Jacobs,286.0,139.0,Right,Long On,1,0,1,1,,BackOfALength,OutsideOff,,None,BackFoot,Worked,StockBall,Round,Orthodox,Left,Null,NotReferred,Null,False,False,False,False,False,True,False,False,False,False,False,False,1,0,0,0,0,False,False,
1633259,14,6.21,5,0,0,87,4,5,76161,,40921,Study NT Top End T20 Series,1,113,New Zealand A,1494,Victoria Academy,8724482,2026-08-26T01:29:33Z,2,82,False,,,,16993,Aryan Sharma,14533,Bevon Jacobs,7157,Mitch Hay,220.0,98.0,Right,Extra Cover,1,0,1,1,,BackOfALength,OffStump,,None,DownTheTrack,Drive,StockBall,Round,Orthodox,Left,Null,NotReferred,Null,False,False,False,False,False,True,False,False,False,False,False,False,1,0,0,0,0,False,False,
1633259,14,6.21,5,0,0,87,4,5,76161,,40921,Study NT Top End T20 Series,1,113,New Zealand A,1494,Victoria Academy,8724484,2026-08-26T01:29:56Z,3,83,False,,,,16993,Aryan Sharma,7157,Mitch Hay,14533,Bevon Jacobs,345.0,139.0,Right,Deep Square Leg,1,0,1,1,,BackOfALength,MiddleStump,,None,BackFoot,Worked,StockBall,Round,Orthodox,Left,Null,NotReferred,Null,False,False,False,False,False,True,False,False,False,False,False,False,1,0,0,0,0,False,False,
1633259,14,6.21,5,0,0,87,4,5,76161,,40921,Study NT Top End T20 Series,1,113,New Zealand A,1494,Victoria Academy,8724485,2026-08-26T01:30:27Z,4,84,False,,,,16993,Aryan Sharma,14533,Bevon Jacobs,7157,Mitch Hay,250.0,137.0,Right,Long Off,1,0,1,1,,BackOfALength,OutsideOff,,None,FrontFoot,Drive,StockBall,Round,Orthodox,Left,Null,NotReferred,Null,False,False,False,False,False,True,False,False,False,False,False,False,1,0,0,0,0,False,False,
1633259,14,6.21,5,0,0,87,4,5,76161,,40921,Study NT Top End T20 Series,1,113,New Zealand A,1494,Victoria Academy,8724486,2026-08-26T01:30:48Z,5,85,False,,,,16993,Aryan Sharma,7157,Mitch Hay,14533,Bevon Jacobs,337.0,135.0,Right,Deep Square Leg,1,0,1,1,,BackOfALength,OffStump,,None,DownTheTrack,Worked,StockBall,Round,Orthodox,Left,Null,NotReferred,Null,False,False,False,False,False,True,False,False,False,False,False,False,1,0,0,0,0,False,False,
1633259,14,6.21,5,0,0,87,4,5,76161,,40921,Study NT Top End T20 Series,1,113,New Zealand A,1494,Victoria Academy,8724488,2026-08-26T01:31:23Z,6,86,False,,,,16993,Aryan Sharma,14533,Bevon Jacobs,7157,Mitch Hay,0.0,0.0,Right,Bowler,0,0,0,0,,HalfVolley,LegStump,,MisTimed,FrontFoot,Drive,StockBall,Round,Orthodox,Left,Null,NotReferred,Null,False,False,False,False,False,True,False,False,False,False,False,False,0,0,0,0,0,False,False,
1633261,15,7.0,18,0,0,105,4,18,76161,,40921,Study NT Top End T20 Series,1,113,New Zealand A,1494,Victoria Academy,8724493,2026-08-26T01:32:45Z,1,87,False,,,,1193,Will Sutherland,7157,Mitch Hay,14533,Bevon Jacobs,323.0,176.0,Right,,4,0,4,4,,BackOfALength,OutsideOff,,WellTimed,FrontFoot,Slog,NoMovement,Over,Medium,Right,Null,NotReferred,Null,False,False,False,False,True,True,False,False,True,True,False,False,4,0,0,0,0,True,False,
1633261,15,7.0,18,0,0,105,4,18,76161,,40921,Study NT Top End T20 Series,1,113,New Zealand A,1494,Victoria Academy,8724494,2026-08-26T01:33:23Z,2,88,False,,,,1193,Will Sutherland,7157,Mitch Hay,14533,Bevon Jacobs,327.0,175.0,Right,,4,0,4,4,,Short,OutsideOff,,WellTimed,BackFoot,Pull,NoMovement,Over,Medium,Right,Null,NotReferred,Null,False,False,False,False,True,True,False,False,True,True,False,False,4,0,0,0,0,True,False,
1633261,15,7.0,18,0,0,105,4,18,76161,,40921,Study NT Top End T20 Series,1,113,New Zealand A,1494,Victoria Academy,8724496,2026-08-26T01:34:05Z,3,89,False,,,,1193,Will Sutherland,7157,Mitch Hay,14533,Bevon Jacobs,79.0,160.0,Right,,4,0,4,4,,LengthBall,OutsideOff,,WellTimed,MovesInfront,Scoop,NoMovement,Over,Medium,Right,Null,NotReferred,Null,False,False,False,False,True,True,False,False,True,True,False,False,4,0,0,0,0,True,False,
1633261,15,7.0,18,0,0,105,4,18,76161,,40921,Study NT Top End T20 Series,1,113,New Zealand A,1494,Victoria Academy,8724498,2026-08-26T01:34:44Z,4,90,False,,,,1193,Will Sutherland,7157,Mitch Hay,14533,Bevon Jacobs,334.0,174.0,Right,,4,0,4,4,,BackOfALength,OutsideOff,,WellTimed,BackFoot,Pull,NoMovement,Over,Medium,Right,Null,NotReferred,Null,False,False,False,False,True,True,False,False,True,True,False,False,4,0,0,0,0,True,False,
1633261,15,7.0,18,0,0,105,4,18,76161,,40921,Study NT Top End T20 Series,1,113,New Zealand A,1494,Victoria Academy,8724500,2026-08-26T01:35:31Z,5,91,False,,,,1193,Will Sutherland,7157,Mitch Hay,14533,Bevon Jacobs,0.0,0.0,Right,Wicketkeeper,1,1,1,0,,Short,Wide,,Left,SwayedAway,Leave,NoMovement,Over,Medium,Right,Null,NotReferred,Null,True,False,False,False,False,True,False,False,True,True,False,False,1,0,1,0,0,False,False,
1633261,15,7.0,18,0,0,105,4,18,76161,,40921,Study NT Top End T20 Series,1,113,New Zealand A,1494,Victoria Academy,8724502,2026-08-26T01:36:04Z,5,92,False,,,,1193,Will Sutherland,7157,Mitch Hay,14533,Bevon Jacobs,14.0,151.0,Right,Deep Backward Square Leg,1,0,1,1,,LengthBall,Wide,,None,MovesInfront,Flick,NoMovement,Over,Medium,Right,Null,NotReferred,Null,False,False,False,False,False,True,False,False,True,True,False,False,1,0,0,0,0,False,False,
1633261,15,7.0,18,0,0,105,4,18,76161,,40921,Study NT Top End T20 Series,1,113,New Zealand A,1494,Victoria Academy,8724503,2026-08-26T01:36:40Z,6,93,False,,,,1193,Will Sutherland,14533,Bevon Jacobs,7157,Mitch Hay,0.0,0.0,Right,Wicketkeeper,0,0,0,0,,Yorker,Wide,,Left,DownTheTrack,Leave,NoMovement,Over,Medium,Right,Null,NotReferred,Null,False,False,False,False,False,True,False,False,True,True,False,False,0,0,0,0,0,False,False,
1633263,16,8.06,24,0,0,129,4,24,76161,,40921,Study NT Top End T20 Series,1,113,New Zealand A,1494,Victoria Academy,8724507,2026-08-26T01:38:00Z,1,94,False,,,,7802,Sam Elliott,7157,Mitch Hay,14533,Bevon Jacobs,202.0,68.0,Right,Cover,1,0,1,1,,LengthBall,OutsideOff,,None,BackFoot,Pushed,SlowerBall,Over,Medium,Right,Null,NotReferred,Null,False,False,False,False,False,True,False,False,True,True,False,False,1,0,0,0,0,False,False,
1633263,16,8.06,24,0,0,129,4,24,76161,,40921,Study NT Top End T20 Series,1,113,New Zealand A,1494,Victoria Academy,8724508,2026-08-26T01:38:33Z,2,95,False,,,,7802,Sam Elliott,14533,Bevon Jacobs,7157,Mitch Hay,323.0,147.0,Right,Deep Mid Wicket,2,0,2,2,,LengthBall,DownLeg,,None,BacksAway,Worked,NoMovement,Over,Medium,Right,Null,NotReferred,Null,False,False,False,False,False,True,False,False,True,True,False,False,2,0,0,0,0,False,False,
1633263,16,8.06,24,0,0,129,4,24,76161,,40921,Study NT Top End T20 Series,1,113,New Zealand A,1494,Victoria Academy,8724511,2026-08-26T01:39:07Z,3,96,False,,,,7802,Sam Elliott,14533,Bevon Jacobs,7157,Mitch Hay,337.0,174.0,Right,,6,0,6,6,,LengthBall,OffStump,,Middled,FrontFoot,Slog,SlowerBall,Over,Medium,Right,Null,NotReferred,Null,False,False,False,False,True,True,False,False,True,True,False,False,6,0,0,0,0,True,False,
1633263,16,8.06,24,0,0,129,4,24,76161,,40921,Study NT Top End T20 Series,1,113,New Zealand A,1494,Victoria Academy,8724513,2026-08-26T01:39:45Z,4,97,False,,,,7802,Sam Elliott,14533,Bevon Jacobs,7157,Mitch Hay,98.0,152.0,Right,Third Man,5,5,5,0,,BackOfALength,Wide,,Left,BacksAway,Leave,NoMovement,Over,Medium,Right,Null,NotReferred,Null,True,False,False,False,False,True,False,False,True,True,False,False,5,0,5,0,0,False,False,
1633263,16,8.06,24,0,0,129,4,24,76161,,40921,Study NT Top End T20 Series,1,113,New Zealand A,1494,Victoria Academy,8724515,2026-08-26T01:40:26Z,4,98,False,,,,7802,Sam Elliott,14533,Bevon Jacobs,7157,Mitch Hay,359.0,170.0,Right,,6,0,6,6,,Short,OutsideOff,,Middled,BackFoot,Pull,NoMovement,Over,Medium,Right,Null,NotReferred,Null,False,False,False,False,True,True,False,False,True,True,False,False,6,0,0,0,0,True,False,
1633263,16,8.06,24,0,0,129,4,24,76161,,40921,Study NT Top End T20 Series,1,113,New Zealand A,1494,Victoria Academy,8724518,2026-08-26T01:41:10Z,5,99,False,,,,7802,Sam Elliott,14533,Bevon Jacobs,7157,Mitch Hay,0.0,0.0,Right,Wicketkeeper,0,0,0,0,,LengthBall,Wide,,Missed,DownTheTrack,Drive,NoMovement,Over,Medium,Right,Null,NotReferred,Null,False,False,False,False,False,True,False,False,True,True,False,False,0,0,0,0,0,False,False,
1633263,16,8.06,24,0,0,129,4,24,76161,,40921,Study NT Top End T20 Series,1,113,New Zealand A,1494,Victoria Academy,8724519,2026-08-26T01:41:42Z,6,100,False,,,,7802,Sam Elliott,14533,Bevon Jacobs,7157,Mitch Hay,251.0,179.0,Right,,4,0,4,4,,BackOfALength,OutsideOff,,WellTimed,BackFoot,Drive,NoMovement,Over,Medium,Right,Null,NotReferred,Null,False,False,False,False,False,True,False,False,True,True,False,False,4,0,0,0,0,True,True,
1633266,17,8.06,8,1,0,137,5,8,76161,,40921,Study NT Top End T20 Series,1,113,New Zealand A,1494,Victoria Academy,8724524,2026-08-26T01:43:32Z,1,101,False,,,,21983,,7157,Mitch Hay,14533,Bevon Jacobs,290.0,159.0,Right,Long On,1,0,1,1,,LengthBall,OffStump,,WellTimed,FrontFoot,Drive,NoMovement,Over,Medium,Right,Null,NotReferred,Null,False,False,False,False,False,True,False,False,False,False,False,False,1,0,0,0,0,False,False,
1633266,17,8.06,8,1,0,137,5,8,76161,,40921,Study NT Top End T20 Series,1,113,New Zealand A,1494,Victoria Academy,8724526,2026-08-26T01:44:05Z,2,102,False,,,,21983,,14533,Bevon Jacobs,7157,Mitch Hay,99.0,160.0,Right,,4,0,4,4,,LengthBall,OutsideOff,,ThickEdge,FrontFoot,Slog,NoMovement,Over,Medium,Right,Null,NotReferred,Null,False,False,False,False,False,True,False,False,False,False,False,False,4,0,0,0,0,True,True,
1633266,17,8.06,8,1,0,137,5,8,76161,,40921,Study NT Top End T20 Series,1,113,New Zealand A,1494,Victoria Academy,8724528,2026-08-26T01:44:42Z,3,103,False,,,,21983,,14533,Bevon Jacobs,7157,Mitch Hay,262.0,171.0,Right,Long Off,2,0,2,2,,LengthBall,OutsideOff,,WellTimed,FrontFoot,Drive,NoMovement,Over,Medium,Right,Null,NotReferred,Null,False,False,False,False,False,True,False,False,False,False,False,False,2,0,0,0,0,False,True,
1633266,17,8.06,8,1,0,137,5,8,76161,,40921,Study NT Top End T20 Series,1,113,New Zealand A,1494,Victoria Academy,8724529,2026-08-26T01:45:22Z,4,104,False,,,,21983,,14533,Bevon Jacobs,7157,Mitch Hay,,,Right,,1,0,1,1,,,,,,0,,NoMovement,Over,Medium,Right,Null,NotReferred,Null,False,False,False,False,False,True,False,False,False,False,False,False,1,0,0,0,0,False,False,
1633266,17,8.06,8,1,0,137,5,8,76161,,40921,Study NT Top End T20 Series,1,113,New Zealand A,1494,Victoria Academy,8724530,2026-08-26T01:46:00Z,5,105,False,,,,21983,,7157,Mitch Hay,14533,Bevon Jacobs,0.0,0.0,Right,Wicketkeeper,0,0,0,0,,BackOfALength,OutsideOff,,Missed,BackFoot,Pull,NoMovement,Over,Medium,Right,Null,NotReferred,Null,False,False,False,False,False,True,False,False,False,False,False,False,0,0,0,0,0,False,False,
1633266,17,8.06,8,1,0,137,5,8,76161,,40921,Study NT Top End T20 Series,1,113,New Zealand A,1494,Victoria Academy,8724531,2026-08-26T01:46:32Z,6,106,True,Caught,7157.0,Mitch Hay,21983,,7157,Mitch Hay,14533,Bevon Jacobs,93.0,31.0,Right,Wicketkeeper,0,0,0,0,Caught,BackOfALength,OutsideOff,Caught,MisTimed,MovesInfront,Scoop,NoMovement,Over,Medium,Right,Null,NotReferred,Null,False,False,False,False,False,True,False,False,False,False,False,False,0,0,0,0,0,False,True,2013.0
1633268,18,7.83,4,0,0,141,5,4,76161,,40921,Study NT Top End T20 Series,1,113,New Zealand A,1494,Victoria Academy,8724533,2026-08-26T01:48:32Z,1,107,False,,,,2941,Todd Murphy,14533,Bevon Jacobs,3708,Dean Foxcroft,205.0,145.0,Right,Deep Cover,1,0,1,1,,LengthBall,OutsideOff,,None,FrontFoot,Drive,OffBreak,Over,OffSpin,Right,Null,NotReferred,Null,False,False,False,False,False,True,False,False,False,False,False,False,1,0,0,0,0,False,False,
1633268,18,7.83,4,0,0,141,5,4,76161,,40921,Study NT Top End T20 Series,1,113,New Zealand A,1494,Victoria Academy,8724535,2026-08-26T01:49:15Z,2,108,False,,,,2941,Todd Murphy,3708,Dean Foxcroft,14533,Bevon Jacobs,311.0,52.0,Right,Mid Wicket,0,0,0,0,,BackOfALength,OutsideOff,,None,FrontFoot,Worked,OffBreak,Over,OffSpin,Right,Null,NotReferred,Null,False,False,False,False,False,True,False,False,False,False,False,False,0,0,0,0,0,False,False,
1633268,18,7.83,4,0,0,141,5,4,76161,,40921,Study NT Top End T20 Series,1,113,New Zealand A,1494,Victoria Academy,8724537,2026-08-26T01:49:35Z,3,109,False,,,,2941,Todd Murphy,3708,Dean Foxcroft,14533,Bevon Jacobs,292.0,159.0,Right,Long On,1,0,1,1,,BackOfALength,OutsideOff,,None,BackFoot,Worked,OffBreak,Over,OffSpin,Right,Null,NotReferred,Null,False,False,False,False,False,True,False,False,False,False,False,False,1,0,0,0,0,False,False,
1633268,18,7.83,4,0,0,141,5,4,76161,,40921,Study NT Top End T20 Series,1,113,New Zealand A,1494,Victoria Academy,8724539,2026-08-26T01:50:02Z,4,110,False,,,,2941,Todd Murphy,14533,Bevon Jacobs,3708,Dean Foxcroft,292.0,150.0,Right,Long On,1,0,1,1,,HalfVolley,OffStump,,None,FrontFoot,Drive,OffBreak,Over,OffSpin,Right,Null,NotReferred,Null,False,False,False,False,False,True,False,False,False,False,False,False,1,0,0,0,0,False,False,
1633268,18,7.83,4,0,0,141,5,4,76161,,40921,Study NT Top End T20 Series,1,113,New Zealand A,1494,Victoria Academy,8724541,2026-08-26T01:50:41Z,5,111,False,,,,2941,Todd Murphy,3708,Dean Foxcroft,14533,Bevon Jacobs,323.0,64.0,Right,Mid Wicket,0,0,0,0,,BackOfALength,OffStump,,None,BackFoot,Worked,OffBreak,Over,OffSpin,Right,Null,NotReferred,Null,False,False,False,False,False,True,False,False,False,False,False,False,0,0,0,0,0,False,False,
1633268,18,7.83,4,0,0,141,5,4,76161,,40921,Study NT Top End T20 Series,1,113,New Zealand A,1494,Victoria Academy,8724543,2026-08-26T01:51:03Z,6,112,False,,,,2941,Todd Murphy,3708,Dean Foxcroft,14533,Bevon Jacobs,325.0,154.0,Right,Deep Mid Wicket,1,0,1,1,,BackOfALength,Wide,,None,DownTheTrack,Flick,OffBreak,Over,OffSpin,Right,Null,NotReferred,Null,False,False,False,False,False,True,False,False,False,False,False,False,1,0,0,0,0,False,False,
1633270,19,7.79,7,0,0,148,5,7,76161,,40921,Study NT Top End T20 Series,1,113,New Zealand A,1494,Victoria Academy,8724545,2026-08-26T01:52:14Z,1,113,False,,,,1193,Will Sutherland,3708,Dean Foxcroft,14533,Bevon Jacobs,189.0,71.0,Right,Cover,1,0,1,1,,LengthBall,OutsideOff,,None,DownTheTrack,Drive,NoMovement,Over,Medium,Right,Null,NotReferred,Null,False,False,False,False,False,True,False,False,False,False,False,False,1,0,0,0,0,False,False,
1633270,19,7.79,7,0,0,148,5,7,76161,,40921,Study NT Top End T20 Series,1,113,New Zealand A,1494,Victoria Academy,8724547,2026-08-26T01:52:44Z,2,114,False,,,,1193,Will Sutherland,14533,Bevon Jacobs,3708,Dean Foxcroft,257.0,76.0,Right,Bowler,1,0,1,1,,HalfVolley,OffStump,,None,FrontFoot,Drive,NoMovement,Over,Medium,Right,Null,NotReferred,Null,False,False,False,False,False,True,False,False,False,False,False,False,1,0,0,0,0,False,False,
1633270,19,7.79,7,0,0,148,5,7,76161,,40921,Study NT Top End T20 Series,1,113,New Zealand A,1494,Victoria Academy,8724549,2026-08-26T01:53:18Z,3,115,False,,,,1193,Will Sutherland,3708,Dean Foxcroft,14533,Bevon Jacobs,221.0,119.0,Right,Deep Extra Cover,2,0,2,2,,LengthBall,OutsideOff,,WellTimed,FrontFoot,Drive,NoMovement,Over,Medium,Right,Null,NotReferred,Null,False,False,False,False,False,True,False,False,False,False,False,False,2,0,0,0,0,False,False,
1633270,19,7.79,7,0,0,148,5,7,76161,,40921,Study NT Top End T20 Series,1,113,New Zealand A,1494,Victoria Academy,8724551,2026-08-26T01:53:51Z,4,116,False,,,,1193,Will Sutherland,3708,Dean Foxcroft,14533,Bevon Jacobs,290.0,154.0,Right,Long On,2,0,2,2,,LengthBall,OutsideOff,,MisTimed,FrontFoot,Drive,NoMovement,Over,Medium,Right,Null,NotReferred,Null,False,False,False,False,False,True,False,False,False,False,False,False,2,0,0,0,0,False,False,
1633270,19,7.79,7,0,0,148,5,7,76161,,40921,Study NT Top End T20 Series,1,113,New Zealand A,1494,Victoria Academy,8724552,2026-08-26T01:54:24Z,5,117,False,,,,1193,Will Sutherland,3708,Dean Foxcroft,14533,Bevon Jacobs,0.0,0.0,Right,Wicketkeeper,0,0,0,0,,Short,Wide,,Missed,BackFoot,Cut,OffCutter,Over,Medium,Right,Null,NotReferred,Null,False,False,False,False,False,True,False,False,False,False,False,False,0,0,0,0,0,False,False,
1633270,19,7.79,7,0,0,148,5,7,76161,,40921,Study NT Top End T20 Series,1,113,New Zealand A,1494,Victoria Academy,8724553,2026-08-26T01:54:56Z,6,118,False,,,,1193,Will Sutherland,3708,Dean Foxcroft,14533,Bevon Jacobs,238.0,129.0,Right,Deep Extra Cover,1,0,1,1,,HalfVolley,OffStump,,None,FrontFoot,Pushed,NoMovement,Over,Medium,Right,Null,NotReferred,Null,False,False,False,False,False,True,False,False,False,False,False,False,1,0,0,0,0,False,False,
1633271,20,7.5,2,3,0,150,8,2,76161,,40921,Study NT Top End T20 Series,1,113,New Zealand A,1494,Victoria Academy,8724555,2026-08-26T01:56:02Z,1,119,False,,,,7802,Sam Elliott,3708,Dean Foxcroft,14533,Bevon Jacobs,0.0,0.0,Right,Wicketkeeper,0,0,0,0,,LengthBall,Wide,,Missed,DownTheTrack,Drive,NoMovement,Over,Medium,Right,Null,NotReferred,Null,False,False,False,False,False,True,False,False,False,False,False,False,0,0,0,0,0,False,False,
1633271,20,7.5,2,3,0,150,8,2,76161,,40921,Study NT Top End T20 Series,1,113,New Zealand A,1494,Victoria Academy,8724557,2026-08-26T01:56:29Z,2,120,False,,,,7802,Sam Elliott,3708,Dean Foxcroft,14533,Bevon Jacobs,306.0,147.0,Right,Deep Mid Wicket,1,0,1,1,,HalfVolley,Wide,,MisTimed,FrontFoot,Slog,SlowerBall,Over,Medium,Right,Null,NotReferred,Null,False,False,False,False,False,True,False,False,False,False,False,False,1,0,0,0,0,False,False,
1633271,20,7.5,2,3,0,150,8,2,76161,,40921,Study NT Top End T20 Series,1,113,New Zealand A,1494,Victoria Academy,8724558,2026-08-26T01:57:05Z,3,121,True,Caught,14533.0,Bevon Jacobs,7802,Sam Elliott,14533,Bevon Jacobs,3708,Dean Foxcroft,323.0,140.0,Right,Deep Mid Wicket,0,0,0,0,Caught,Short,OutsideOff,Caught,MisTimed,BackFoot,Pull,NoMovement,Over,Medium,Right,Null,NotReferred,Null,False,False,False,False,False,True,False,False,False,False,False,False,0,0,0,0,0,False,True,
1633271,20,7.5,2,3,0,150,8,2,76161,,40921,Study NT Top End T20 Series,1,113,New Zealand A,1494,Victoria Academy,8724562,2026-08-26T01:58:42Z,4,122,True,Caught,2918.0,Kristian Clarke,7802,Sam Elliott,2918,Kristian Clarke,3708,Dean Foxcroft,322.0,154.0,Right,Deep Mid Wicket,0,0,0,0,Caught,LengthBall,OffStump,Caught,MisTimed,FrontFoot,Slog,SlowerBall,Over,Medium,Right,Null,NotReferred,Null,False,False,False,False,False,True,False,False,False,False,False,False,0,0,0,0,0,False,True,
1633271,20,7.5,2,3,0,150,8,2,76161,,40921,Study NT Top End T20 Series,1,113,New Zealand A,1494,Victoria Academy,8724564,2026-08-26T02:00:10Z,5,123,False,,,,7802,Sam Elliott,3156,Zak Gibson,3708,Dean Foxcroft,93.0,26.0,Right,Wicketkeeper,0,1,1,0,,HalfVolley,OutsideOff,,Missed,FrontFoot,Drive,NoMovement,Over,Medium,Right,Null,NotReferred,Null,False,False,True,False,False,True,False,False,False,False,False,False,1,1,0,0,0,False,False,
1633271,20,7.5,2,3,0,150,8,2,76161,,40921,Study NT Top End T20 Series,1,113,New Zealand A,1494,Victoria Academy,8724565,2026-08-26T02:00:50Z,6,124,True,Caught,3708.0,Dean Foxcroft,7802,Sam Elliott,3708,Dean Foxcroft,3156,Zak Gibson,144.0,64.0,Right,Gully,0,0,0,0,Caught,FullToss,OutsideOff,Caught,MisTimed,BacksAway,Cut,SlowerBall,Over,Medium,Right,Null,NotReferred,Null,False,False,False,False,False,True,False,False,False,False,False,False,0,0,0,0,0,False,True,
1633277,2,16.0,12,0,0,32,0,12,76163,,40921,Study NT Top End T20 Series,2,1494,Victoria Academy,113,New Zealand A,8724595,2026-08-26T02:22:08Z,1,8,False,,,,3156,Zak Gibson,841,Sam Harper,8506,Tom Rogers,220.0,61.0,Right,Extra Cover,0,0,0,0,,BackOfALength,OutsideOff,,None,BackFoot,BackwardDefensive,NoMovement,Over,Medium,Right,Null,NotReferred,Null,False,False,False,False,False,True,False,False,True,False,False,False,0,0,0,0,0,False,False,
1633277,2,16.0,12,0,0,32,0,12,76163,,40921,Study NT Top End T20 Series,2,1494,Victoria Academy,113,New Zealand A,8724597,2026-08-26T02:22:40Z,2,9,False,,,,3156,Zak Gibson,841,Sam Harper,8506,Tom Rogers,120.0,136.0,Right,Third Man,1,0,1,1,,LengthBall,OutsideOff,,None,BackFoot,Cut,NoMovement,Over,Medium,Right,Null,NotReferred,Null,False,False,False,False,True,True,False,False,True,False,False,False,1,0,0,0,0,False,False,
1633277,2,16.0,12,0,0,32,0,12,76163,,40921,Study NT Top End T20 Series,2,1494,Victoria Academy,113,New Zealand A,8724598,2026-08-26T02:23:21Z,3,10,False,,,,3156,Zak Gibson,8506,Tom Rogers,841,Sam Harper,162.0,155.0,Left,Deep Backward Square Leg,2,0,2,2,,BackOfALength,DownLeg,,None,BackFoot,Pull,NoMovement,Over,Medium,Right,Null,NotReferred,Null,False,False,False,False,False,True,False,False,True,False,False,False,2,0,0,0,0,False,False,
1633277,2,16.0,12,0,0,32,0,12,76163,,40921,Study NT Top End T20 Series,2,1494,Victoria Academy,113,New Zealand A,8724600,2026-08-26T02:23:55Z,4,11,False,,,,3156,Zak Gibson,8506,Tom Rogers,841,Sam Harper,188.0,71.0,Left,Square Leg,1,0,1,1,,BackOfALength,DownLeg,,None,BackFoot,Worked,NoMovement,Over,Medium,Right,Null,NotReferred,Null,False,False,False,False,False,True,False,False,True,False,False,False,1,0,0,0,0,False,False,
1633277,2,16.0,12,0,0,32,0,12,76163,,40921,Study NT Top End T20 Series,2,1494,Victoria Academy,113,New Zealand A,8724602,2026-08-26T02:24:44Z,5,12,False,,,,3156,Zak Gibson,841,Sam Harper,8506,Tom Rogers,108.0,160.0,Right,,4,0,4,4,,LengthBall,OutsideOff,,ThickEdge,FrontFoot,ForwardDefensive,NoMovement,Over,Medium,Right,Null,NotReferred,Null,False,False,False,False,False,True,False,False,True,False,False,False,4,0,0,0,0,True,False,
1633277,2,16.0,12,0,0,32,0,12,76163,,40921,Study NT Top End T20 Series,2,1494,Victoria Academy,113,New Zealand A,8724603,2026-08-26T02:25:23Z,6,13,False,,,,3156,Zak Gibson,841,Sam Harper,8506,Tom Rogers,149.0,165.0,Right,,4,0,4,4,,LengthBall,Wide,,WellTimed,BackFoot,Cut,NoMovement,Over,Medium,Right,Null,NotReferred,Null,False,False,False,False,False,True,False,False,True,False,False,False,4,0,0,0,0,True,False,
1633279,3,13.33,8,0,0,40,0,8,76163,,40921,Study NT Top End T20 Series,2,1494,Victoria Academy,113,New Zealand A,8724605,2026-08-26T02:26:30Z,1,14,False,,,,2918,Kristian Clarke,8506,Tom Rogers,841,Sam Harper,195.0,21.0,Left,Square Leg,0,0,0,0,,Yorker,LegStump,,None,BackFoot,BackwardDefensive,NoMovement,Over,Medium,Right,Null,NotReferred,Null,False,False,False,False,False,True,False,False,True,False,False,False,0,0,0,0,0,False,False,
1633279,3,13.33,8,0,0,40,0,8,76163,,40921,Study NT Top End T20 Series,2,1494,Victoria Academy,113,New Zealand A,8724607,2026-08-26T02:27:03Z,2,15,False,,,,2918,Kristian Clarke,8506,Tom Rogers,841,Sam Harper,293.0,74.0,Left,Mid Off,0,0,0,0,,HalfVolley,OutsideOff,,MisTimed,FrontFoot,Drive,NoMovement,Over,Medium,Right,Null,NotReferred,Null,False,False,False,False,False,True,False,False,True,False,False,False,0,0,0,0,0,False,False,
1633279,3,13.33,8,0,0,40,0,8,76163,,40921,Study NT Top End T20 Series,2,1494,Victoria Academy,113,New Zealand A,8724610,2026-08-26T02:27:36Z,3,16,False,,,,2918,Kristian Clarke,8506,Tom Rogers,841,Sam Harper,79.0,133.0,Left,Third Man,2,0,2,2,,LengthBall,OffStump,,None,MovesInfront,Scoop,NoMovement,Over,Medium,Right,Null,NotReferred,Null,False,False,False,False,False,True,False,False,True,False,False,False,2,0,0,0,0,False,True,
1633279,3,13.33,8,0,0,40,0,8,76163,,40921,Study NT Top End T20 Series,2,1494,Victoria Academy,113,New Zealand A,8724611,2026-08-26T02:28:14Z,4,17,False,,,,2918,Kristian Clarke,8506,Tom Rogers,841,Sam Harper,192.0,135.0,Left,Deep Square Leg,1,0,1,1,,LengthBall,DownLeg,,None,BackFoot,Worked,NoMovement,Over,Medium,Right,Null,NotReferred,Null,False,False,False,False,False,True,False,False,True,False,False,False,1,0,0,0,0,False,False,
1633279,3,13.33,8,0,0,40,0,8,76163,,40921,Study NT Top End T20 Series,2,1494,Victoria Academy,113,New Zealand A,8724613,2026-08-26T02:28:53Z,5,18,False,,,,2918,Kristian Clarke,841,Sam Harper,8506,Tom Rogers,13.0,67.0,Right,Backward Square Leg,1,0,1,1,,BackOfALength,OutsideOff,,None,BackFoot,Glance,NoMovement,Over,Medium,Right,Null,NotReferred,Null,False,False,False,False,False,True,False,False,True,False,False,False,1,0,0,0,0,False,False,
1633279,3,13.33,8,0,0,40,0,8,76163,,40921,Study NT Top End T20 Series,2,1494,Victoria Academy,113,New Zealand A,8724614,2026-08-26T02:29:23Z,6,19,False,,,,2918,Kristian Clarke,8506,Tom Rogers,841,Sam Harper,144.0,164.0,Left,,4,0,4,4,,BackOfALength,DownLeg,,WellTimed,BackFoot,Pull,NoMovement,Over,Medium,Right,Null,NotReferred,Null,False,False,False,False,False,True,False,False,True,False,False,False,4,0,0,0,0,True,True,
1633281,4,11.5,6,0,0,46,0,6,76163,,40921,Study NT Top End T20 Series,2,1494,Victoria Academy,113,New Zealand A,8724617,2026-08-26T02:30:22Z,1,20,False,,,,3156,Zak Gibson,841,Sam Harper,8506,Tom Rogers,170.0,71.0,Right,Backward Point,0,0,0,0,,BackOfALength,OutsideOff,,None,BackFoot,Cut,NoMovement,Over,Medium,Right,Null,NotReferred,Null,False,False,False,False,False,True,False,False,True,False,False,False,0,0,0,0,0,False,False,
1633281,4,11.5,6,0,0,46,0,6,76163,,40921,Study NT Top End T20 Series,2,1494,Victoria Academy,113,New Zealand A,8724619,2026-08-26T02:30:51Z,2,21,False,,,,3156,Zak Gibson,841,Sam Harper,8506,Tom Rogers,329.0,141.0,Right,Deep Mid Wicket,1,0,1,1,,LengthBall,OutsideOff,,None,BackFoot,Worked,NoMovement,Over,Medium,Right,Null,NotReferred,Null,False,False,False,False,False,True,False,False,True,False,False,False,1,0,0,0,0,False,False,
1633281,4,11.5,6,0,0,46,0,6,76163,,40921,Study NT Top End T20 Series,2,1494,Victoria Academy,113,New Zealand A,8724621,2026-08-26T02:31:25Z,3,22,False,,,,3156,Zak Gibson,8506,Tom Rogers,841,Sam Harper,175.0,169.0,Left,,4,0,4,4,,BackOfALength,DownLeg,,WellTimed,BackFoot,Pull,NoMovement,Over,Medium,Right,Null,NotReferred,Null,False,False,False,False,False,True,False,False,True,False,False,False,4,0,0,0,0,True,False,
1633281,4,11.5,6,0,0,46,0,6,76163,,40921,Study NT Top End T20 Series,2,1494,Victoria Academy,113,New Zealand A,8724622,2026-08-26T02:31:59Z,4,23,False,,,,3156,Zak Gibson,8506,Tom Rogers,841,Sam Harper,330.0,70.0,Left,Extra Cover,0,0,0,0,,BackOfALength,DownLeg,,None,BackFoot,Dropped,NoMovement,Over,Medium,Right,Null,NotReferred,Null,False,False,False,False,False,True,False,False,True,False,False,False,0,0,0,0,0,False,False,
1633281,4,11.5,6,0,0,46,0,6,76163,,40921,Study NT Top End T20 Series,2,1494,Victoria Academy,113,New Zealand A,8724624,2026-08-26T02:32:31Z,5,24,False,,,,3156,Zak Gibson,8506,Tom Rogers,841,Sam Harper,165.0,37.0,Left,Backward Square Leg,0,1,1,0,,HalfVolley,DownLeg,,HitPad,FrontFoot,Flick,NoMovement,Over,Medium,Right,Null,NotReferred,Null,False,False,False,True,False,True,False,False,True,False,False,False,1,0,0,1,0,False,False,
1633281,4,11.5,6,0,0,46,0,6,76163,,40921,Study NT Top End T20 Series,2,1494,Victoria Academy,113,New Zealand A,8724625,2026-08-26T02:33:11Z,6,25,False,,,,3156,Zak Gibson,841,Sam Harper,8506,Tom Rogers,218.0,57.0,Right,Extra Cover,0,0,0,0,,LengthBall,OutsideOff,,None,BackFoot,Pushed,NoMovement,Over,Medium,Right,Null,NotReferred,Null,False,False,False,False,False,True,False,False,True,False,False,False,0,0,0,0,0,False,False,
1633282,5,10.4,6,0,0,52,0,6,76163,,40921,Study NT Top End T20 Series,2,1494,Victoria Academy,113,New Zealand A,8724627,2026-08-26T02:34:24Z,1,26,False,,,,11542,Muhammad Abbas,8506,Tom Rogers,841,Sam Harper,26.0,47.0,Left,Backward Point,0,0,0,0,,LengthBall,OutsideOff,,HitPad,FrontFoot,Worked,NoMovement,Over,Medium,Left,Null,NotReferred,Null,False,False,False,False,False,True,False,False,False,False,False,False,0,0,0,0,0,False,False,
1633282,5,10.4,6,0,0,52,0,6,76163,,40921,Study NT Top End T20 Series,2,1494,Victoria Academy,113,New Zealand A,8724628,2026-08-26T02:34:57Z,2,27,False,,,,11542,Muhammad Abbas,8506,Tom Rogers,841,Sam Harper,0.0,0.0,Left,Wicketkeeper,0,0,0,0,,LengthBall,OffStump,,HitPad,FrontFoot,Flick,NoMovement,Over,Medium,Left,Null,NotReferred,Null,False,False,False,False,False,True,False,False,False,False,False,False,0,0,0,0,0,False,False,
1633282,5,10.4,6,0,0,52,0,6,76163,,40921,Study NT Top End T20 Series,2,1494,Victoria Academy,113,New Zealand A,8724629,2026-08-26T02:35:33Z,3,28,False,,,,11542,Muhammad Abbas,8506,Tom Rogers,841,Sam Harper,293.0,140.0,Left,Long Off,1,0,1,1,,HalfVolley,OutsideOff,,None,FrontFoot,Drive,NoMovement,Over,Medium,Left,Null,NotReferred,Null,False,False,False,False,False,True,False,False,False,False,False,False,1,0,0,0,0,False,False,
1633282,5,10.4,6,0,0,52,0,6,76163,,40921,Study NT Top End T20 Series,2,1494,Victoria Academy,113,New Zealand A,8724630,2026-08-26T02:36:23Z,4,29,False,,,,11542,Muhammad Abbas,841,Sam Harper,8506,Tom Rogers,0.0,0.0,Right,Wicketkeeper,1,1,1,0,,Short,DownLeg,,Left,NoMovement,Leave,NoMovement,Over,Medium,Left,Null,NotReferred,Null,True,False,False,False,False,True,False,False,False,False,False,False,1,0,1,0,0,False,False,
1633282,5,10.4,6,0,0,52,0,6,76163,,40921,Study NT Top End T20 Series,2,1494,Victoria Academy,113,New Zealand A,8724631,2026-08-26T02:36:57Z,4,30,False,,,,11542,Muhammad Abbas,841,Sam Harper,8506,Tom Rogers,158.0,141.0,Right,Deep Backward Point,1,0,1,1,,BackOfALength,DownLeg,,None,BackFoot,Cut,NoMovement,Over,Medium,Left,Null,NotReferred,Null,False,False,False,False,False,True,False,False,False,False,False,False,1,0,0,0,0,False,False,
1633282,5,10.4,6,0,0,52,0,6,76163,,40921,Study NT Top End T20 Series,2,1494,Victoria Academy,113,New Zealand A,8724632,2026-08-26T02:37:33Z,5,31,False,,,,11542,Muhammad Abbas,8506,Tom Rogers,841,Sam Harper,56.0,148.0,Left,Third Man,3,0,3,3,,LengthBall,OutsideOff,,WellTimed,BackFoot,LateCut,NoMovement,Over,Medium,Left,Null,NotReferred,Null,False,False,False,False,False,True,False,False,False,False,False,False,3,0,0,0,0,False,False,
1633282,5,10.4,6,0,0,52,0,6,76163,,40921,Study NT Top End T20 Series,2,1494,Victoria Academy,113,New Zealand A,8724633,2026-08-26T02:38:16Z,6,32,False,,,,11542,Muhammad Abbas,841,Sam Harper,8506,Tom Rogers,210.0,68.0,Right,Extra Cover,0,0,0,0,,BackOfALength,DownLeg,,MisTimed,BacksAway,Pushed,NoMovement,Over,Medium,Left,Null,NotReferred,Null,False,False,False,False,False,True,False,False,False,False,False,False,0,0,0,0,0,False,False,
1633283,6,9.0,2,0,0,54,0,2,76163,,40921,Study NT Top End T20 Series,2,1494,Victoria Academy,113,New Zealand A,8724634,2026-08-26T02:39:55Z,1,33,False,,,,2916,Adi Ashok,8506,Tom Rogers,841,Sam Harper,0.0,150.0,Left,Deep Cover,1,0,1,1,,BackOfALength,OutsideOff,,WellTimed,BackFoot,Cut,LegSpinner,Over,LegSpin,Right,Null,NotReferred,Null,False,False,False,False,False,True,False,False,False,False,False,False,1,0,0,0,0,False,False,
1633283,6,9.0,2,0,0,54,0,2,76163,,40921,Study NT Top End T20 Series,2,1494,Victoria Academy,113,New Zealand A,8724635,2026-08-26T02:40:37Z,2,34,False,,,,2916,Adi Ashok,841,Sam Harper,8506,Tom Rogers,0.0,0.0,Right,Bowler,0,0,0,0,,BackOfALength,MiddleStump,,None,BackFoot,BackwardDefensive,LegSpinner,Over,LegSpin,Right,Null,NotReferred,Null,False,False,False,False,False,True,False,False,False,False,False,False,0,0,0,0,0,False,False,
1633283,6,9.0,2,0,0,54,0,2,76163,,40921,Study NT Top End T20 Series,2,1494,Victoria Academy,113,New Zealand A,8724636,2026-08-26T02:41:01Z,3,35,False,,,,2916,Adi Ashok,841,Sam Harper,8506,Tom Rogers,248.0,140.0,Right,Long Off,1,0,1,1,,BackOfALength,OutsideOff,,None,FrontFoot,Drive,Googly,Over,LegSpin,Right,Null,NotReferred,Null,False,False,False,False,False,True,False,False,False,False,False,False,1,0,0,0,0,False,False,
1633283,6,9.0,2,0,0,54,0,2,76163,,40921,Study NT Top End T20 Series,2,1494,Victoria Academy,113,New Zealand A,8724637,2026-08-26T02:41:33Z,4,36,False,,,,2916,Adi Ashok,8506,Tom Rogers,841,Sam Harper,112.0,49.0,Left,Short Fine Leg,0,0,0,0,,BackOfALength,DownLeg,,None,FrontFoot,Sweep,LegSpinner,Over,LegSpin,Right,Null,NotReferred,Null,False,False,False,False,False,True,False,False,False,False,False,False,0,0,0,0,0,False,False,
1633283,6,9.0,2,0,0,54,0,2,76163,,40921,Study NT Top End T20 Series,2,1494,Victoria Academy,113,New Zealand A,8724638,2026-08-26T02:42:02Z,5,37,False,,,,2916,Adi Ashok,8506,Tom Rogers,841,Sam Harper,21.0,39.0,Left,Backward Point,0,0,0,0,,BackOfALength,OffStump,,MisTimed,FrontFoot,ReverseSweep,LegSpinner,Over,LegSpin,Right,Null,NotReferred,Null,False,False,False,False,False,True,False,False,False,False,False,False,0,0,0,0,0,False,False,
1633283,6,9.0,2,0,0,54,0,2,76163,,40921,Study NT Top End T20 Series,2,1494,Victoria Academy,113,New Zealand A,8724639,2026-08-26T02:42:27Z,6,38,False,,,,2916,Adi Ashok,8506,Tom Rogers,841,Sam Harper,355.0,72.0,Left,Cover,0,0,0,0,,BackOfALength,LegStump,,None,BackFoot,Cut,Googly,Over,LegSpin,Right,Null,NotReferred,Null,False,False,False,False,False,True,False,False,False,False,False,False,0,0,0,0,0,False,False,
1633284,7,8.57,6,0,0,60,0,6,76163,,40921,Study NT Top End T20 Series,2,1494,Victoria Academy,113,New Zealand A,8724640,2026-08-26T02:43:39Z,1,39,False,,,,3708,Dean Foxcroft,841,Sam Harper,8506,Tom Rogers,287.0,144.0,Right,Long On,1,0,1,1,,LengthBall,OffStump,,None,BackFoot,Worked,OffBreak,Over,OffSpin,Right,Null,NotReferred,Null,False,False,False,False,False,True,False,False,False,False,False,False,1,0,0,0,0,False,False,
1633284,7,8.57,6,0,0,60,0,6,76163,,40921,Study NT Top End T20 Series,2,1494,Victoria Academy,113,New Zealand A,8724641,2026-08-26T02:44:18Z,2,40,False,,,,3708,Dean Foxcroft,8506,Tom Rogers,841,Sam Harper,314.0,39.0,Left,Extra Cover,0,0,0,0,,LengthBall,OutsideOff,,None,FrontFoot,Drive,OffBreak,Round,OffSpin,Right,Null,NotReferred,Null,False,False,False,False,False,True,False,False,False,False,False,False,0,0,0,0,0,False,False,
1633284,7,8.57,6,0,0,60,0,6,76163,,40921,Study NT Top End T20 Series,2,1494,Victoria Academy,113,New Zealand A,8724642,2026-08-26T02:44:38Z,3,41,False,,,,3708,Dean Foxcroft,8506,Tom Rogers,841,Sam Harper,0.0,0.0,Left,Wicketkeeper,1,1,1,0,,LengthBall,Wide,,None,BackFoot,Leave,OffBreak,Round,OffSpin,Right,Null,NotReferred,Null,True,False,False,False,False,True,False,False,False,False,False,False,1,0,1,0,0,False,False,
1633284,7,8.57,6,0,0,60,0,6,76163,,40921,Study NT Top End T20 Series,2,1494,Victoria Academy,113,New Zealand A,8724643,2026-08-26T02:44:54Z,3,42,False,,,,3708,Dean Foxcroft,8506,Tom Rogers,841,Sam Harper,,,Left,,1,0,1,1,,Yorker,OutsideOff,,None,FrontFoot,Sweep,OffBreak,Round,OffSpin,Right,Null,NotReferred,Null,False,False,False,False,False,True,False,False,False,False,False,False,1,0,0,0,0,False,False,
1633284,7,8.57,6,0,0,60,0,6,76163,,40921,Study NT Top End T20 Series,2,1494,Victoria Academy,113,New Zealand A,8724644,2026-08-26T02:45:27Z,4,43,False,,,,3708,Dean Foxcroft,841,Sam Harper,8506,Tom Rogers,291.0,154.0,Right,Long On,1,0,1,1,,LengthBall,OffStump,,None,DownTheTrack,Worked,OffBreak,Over,OffSpin,Right,Null,NotReferred,Null,False,False,False,False,False,True,False,False,False,False,False,False,1,0,0,0,0,False,False,
1633284,7,8.57,6,0,0,60,0,6,76163,,40921,Study NT Top End T20 Series,2,1494,Victoria Academy,113,New Zealand A,8724645,2026-08-26T02:45:54Z,5,44,False,,,,3708,Dean Foxcroft,8506,Tom Rogers,841,Sam Harper,346.0,159.0,Left,Deep Cover,1,0,1,1,,LengthBall,Wide,,None,BackFoot,Drive,OffBreak,Round,OffSpin,Right,Null,NotReferred,Null,False,False,False,False,False,True,False,False,False,False,False,False,1,0,0,0,0,False,False,
1633284,7,8.57,6,0,0,60,0,6,76163,,40921,Study NT Top End T20 Series,2,1494,Victoria Academy,113,New Zealand A,8724646,2026-08-26T02:46:21Z,6,45,False,,,,3708,Dean Foxcroft,841,Sam Harper,8506,Tom Rogers,223.0,167.0,Right,Deep Extra Cover,1,0,1,1,,LengthBall,OutsideOff,,None,FrontFoot,Pushed,OffBreak,Over,OffSpin,Right,Null,NotReferred,Null,False,False,False,False,False,True,False,False,False,False,False,False,1,0,0,0,0,False,False,
1633285,8,8.5,8,1,0,68,1,8,76163,,40921,Study NT Top End T20 Series,2,1494,Victoria Academy,113,New Zealand A,8724647,2026-08-26T02:47:20Z,1,46,False,,,,2916,Adi Ashok,841,Sam Harper,8506,Tom Rogers,21.0,148.0,Right,Deep Backward Square Leg,1,0,1,1,,LengthBall,DownLeg,,None,FrontFoot,Worked,LegSpinner,Over,LegSpin,Right,Null,NotReferred,Null,False,False,False,False,False,True,False,False,False,False,False,False,1,0,0,0,0,False,False,
1633285,8,8.5,8,1,0,68,1,8,76163,,40921,Study NT Top End T20 Series,2,1494,Victoria Academy,113,New Zealand A,8724648,2026-08-26T02:47:49Z,2,47,False,,,,2916,Adi Ashok,8506,Tom Rogers,841,Sam Harper,159.0,155.0,Left,Deep Backward Square Leg,1,0,1,1,,LengthBall,DownLeg,,None,FrontFoot,Sweep,LegSpinner,Over,LegSpin,Right,Null,NotReferred,Null,False,False,False,False,False,True,False,False,False,False,False,False,1,0,0,0,0,False,False,
1633285,8,8.5,8,1,0,68,1,8,76163,,40921,Study NT Top End T20 Series,2,1494,Victoria Academy,113,New Zealand A,8724649,2026-08-26T02:48:22Z,3,48,False,,,,2916,Adi Ashok,841,Sam Harper,8506,Tom Rogers,317.0,136.0,Right,Deep Mid Wicket,2,0,2,2,,HalfVolley,DownLeg,,None,FrontFoot,Worked,LegSpinner,Over,LegSpin,Right,Null,NotReferred,Null,False,False,False,False,False,True,False,False,False,False,False,False,2,0,0,0,0,False,False,
1633285,8,8.5,8,1,0,68,1,8,76163,,40921,Study NT Top End T20 Series,2,1494,Victoria Academy,113,New Zealand A,8724650,2026-08-26T02:48:51Z,4,49,False,,,,2916,Adi Ashok,841,Sam Harper,8506,Tom Rogers,327.0,131.0,Right,Deep Mid Wicket,1,0,1,1,,HalfVolley,DownLeg,,None,FrontFoot,Worked,LegSpinner,Over,LegSpin,Right,Null,NotReferred,Null,False,False,False,False,False,True,False,False,False,False,False,False,1,0,0,0,0,False,False,
1633285,8,8.5,8,1,0,68,1,8,76163,,40921,Study NT Top End T20 Series,2,1494,Victoria Academy,113,New Zealand A,8724651,2026-08-26T02:49:22Z,5,50,False,,,,2916,Adi Ashok,8506,Tom Rogers,841,Sam Harper,,,Left,Wicketkeeper,1,1,1,0,,HalfVolley,Wide,,Left,NoMovement,Leave,LegSpinner,Over,LegSpin,Right,Null,NotReferred,Null,True,False,False,False,False,True,False,False,False,False,False,False,1,0,1,0,0,False,False,
1633285,8,8.5,8,1,0,68,1,8,76163,,40921,Study NT Top End T20 Series,2,1494,Victoria Academy,113,New Zealand A,8724652,2026-08-26T02:49:45Z,5,51,True,Caught,8506.0,Tom Rogers,2916,Adi Ashok,8506,Tom Rogers,841,Sam Harper,334.0,79.0,Left,Cover,0,0,0,0,Caught,HalfVolley,OutsideOff,Caught,MisTimed,FrontFoot,Drive,LegSpinner,Over,LegSpin,Right,Null,NotReferred,Null,False,False,False,False,False,True,False,False,False,False,False,False,0,0,0,0,0,False,True,2013.0
1633285,8,8.5,8,1,0,68,1,8,76163,,40921,Study NT Top End T20 Series,2,1494,Victoria Academy,113,New Zealand A,8724653,2026-08-26T02:51:49Z,6,52,False,,,,2916,Adi Ashok,8523,Campbell Kellaway,841,Sam Harper,12.0,165.0,Left,Deep Backward Point,2,0,2,2,,LengthBall,OutsideOff,,None,FrontFoot,Cut,LegSpinner,Over,LegSpin,Right,Null,NotReferred,Null,False,False,False,False,False,True,False,False,False,False,False,False,2,0,0,0,0,False,False,
1633286,9,7.89,3,0,0,71,1,3,76163,,40921,Study NT Top End T20 Series,2,1494,Victoria Academy,113,New Zealand A,8724654,2026-08-26T02:53:04Z,1,53,False,,,,2918,Kristian Clarke,841,Sam Harper,8523,Campbell Kellaway,179.0,37.0,Right,Backward Point,0,0,0,0,,LengthBall,OutsideOff,,BottomEdge,FrontFoot,Cut,NoMovement,Over,Medium,Right,Null,NotReferred,Null,False,False,False,False,False,True,False,False,False,False,False,False,0,0,0,0,0,False,False,
1633286,9,7.89,3,0,0,71,1,3,76163,,40921,Study NT Top End T20 Series,2,1494,Victoria Academy,113,New Zealand A,8724655,2026-08-26T02:53:34Z,2,54,False,,,,2918,Kristian Clarke,841,Sam Harper,8523,Campbell Kellaway,222.0,71.0,Right,Extra Cover,1,0,1,1,,LengthBall,OffStump,,MisTimed,FrontFoot,Drive,NoMovement,Over,Medium,Right,Null,NotReferred,Null,False,False,False,False,False,True,False,False,False,False,False,False,1,0,0,0,0,False,False,
1633286,9,7.89,3,0,0,71,1,3,76163,,40921,Study NT Top End T20 Series,2,1494,Victoria Academy,113,New Zealand A,8724656,2026-08-26T02:54:26Z,3,55,False,,,,2918,Kristian Clarke,8523,Campbell Kellaway,841,Sam Harper,339.0,138.0,Left,Deep Cover,1,0,1,1,,HalfVolley,OutsideOff,,None,BackFoot,Drive,NoMovement,Over,Medium,Right,Null,NotReferred,Null,False,False,False,False,False,True,False,False,False,False,False,False,1,0,0,0,0,False,False,
1633286,9,7.89,3,0,0,71,1,3,76163,,40921,Study NT Top End T20 Series,2,1494,Victoria Academy,113,New Zealand A,8724657,2026-08-26T02:54:57Z,4,56,False,,,,2918,Kristian Clarke,841,Sam Harper,8523,Campbell Kellaway,164.0,135.0,Right,Deep Backward Point,1,0,1,1,,LengthBall,OutsideOff,,WellTimed,BackFoot,Cut,NoMovement,Over,Medium,Right,Null,NotReferred,Null,False,False,False,False,False,True,False,False,False,False,False,False,1,0,0,0,0,False,False,
1633286,9,7.89,3,0,0,71,1,3,76163,,40921,Study NT Top End T20 Series,2,1494,Victoria Academy,113,New Zealand A,8724658,2026-08-26T02:55:27Z,5,57,False,,,,2918,Kristian Clarke,8523,Campbell Kellaway,841,Sam Harper,84.0,24.0,Left,Wicketkeeper,0,0,0,0,,LengthBall,DownLeg,,HitPad,BackFoot,Worked,NoMovement,Over,Medium,Right,Null,NotReferred,Null,False,False,False,False,False,True,False,False,False,False,False,False,0,0,0,0,0,False,False,
1633286,9,7.89,3,0,0,71,1,3,76163,,40921,Study NT Top End T20 Series,2,1494,Victoria Academy,113,New Zealand A,8724659,2026-08-26T02:55:57Z,6,58,False,,,,2918,Kristian Clarke,8523,Campbell Kellaway,841,Sam Harper,293.0,55.0,Left,Mid Off,0,0,0,0,,LengthBall,MiddleStump,,Left,NoMovement,BackwardDefensive,NoMovement,Over,Medium,Right,Null,NotReferred,Null,False,False,False,False,False,True,False,False,False,False,False,False,0,0,0,0,0,False,False,
1633287,10,7.7,6,0,0,77,1,6,76163,,40921,Study NT Top End T20 Series,2,1494,Victoria Academy,113,New Zealand A,8724660,2026-08-26T02:57:22Z,1,59,False,,,,3765,Ben Lister,841,Sam Harper,8523,Campbell Kellaway,73.0,96.0,Right,Short Fine Leg,2,0,2,2,,LengthBall,OutsideOff,,MisTimed,MovesInfront,Scoop,NoMovement,Over,FastSeam,Left,Null,NotReferred,Null,False,False,False,False,False,True,False,False,False,False,False,False,2,0,0,0,0,False,True,
1633287,10,7.7,6,0,0,77,1,6,76163,,40921,Study NT Top End T20 Series,2,1494,Victoria Academy,113,New Zealand A,8724661,2026-08-26T02:58:01Z,2,60,False,,,,3765,Ben Lister,841,Sam Harper,8523,Campbell Kellaway,215.0,48.0,Right,Extra Cover,0,0,0,0,,LengthBall,OffStump,,HitPad,FrontFoot,Sweep,NoMovement,Over,FastSeam,Left,Null,NotReferred,Null,False,False,False,False,False,True,False,False,False,False,False,False,0,0,0,0,0,False,False,
1633287,10,7.7,6,0,0,77,1,6,76163,,40921,Study NT Top End T20 Series,2,1494,Victoria Academy,113,New Zealand A,8724662,2026-08-26T02:58:34Z,3,61,False,,,,3765,Ben Lister,841,Sam Harper,8523,Campbell Kellaway,0.0,129.0,Right,Deep Backward Square Leg,2,0,2,2,,BackOfALength,DownLeg,,MisTimed,FrontFoot,SlogSweep,NoMovement,Over,FastSeam,Left,Null,NotReferred,Null,False,False,False,False,False,True,False,False,False,False,False,False,2,0,0,0,0,False,False,
1633287,10,7.7,6,0,0,77,1,6,76163,,40921,Study NT Top End T20 Series,2,1494,Victoria Academy,113,New Zealand A,8724663,2026-08-26T02:59:14Z,4,62,False,,,,3765,Ben Lister,841,Sam Harper,8523,Campbell Kellaway,165.0,145.0,Right,Deep Backward Point,1,0,1,1,,HalfVolley,Wide,,None,FrontFoot,Cut,NoMovement,Over,FastSeam,Left,Null,NotReferred,Null,False,False,False,False,False,True,False,False,False,False,False,False,1,0,0,0,0,False,False,
1633287,10,7.7,6,0,0,77,1,6,76163,,40921,Study NT Top End T20 Series,2,1494,Victoria Academy,113,New Zealand A,8724664,2026-08-26T03:00:03Z,5,63,False,,,,3765,Ben Lister,8523,Campbell Kellaway,841,Sam Harper,0.0,0.0,Left,Wicketkeeper,0,0,0,0,,LengthBall,OutsideOff,,Missed,FrontFoot,Drive,NoMovement,Over,FastSeam,Left,Null,NotReferred,Null,False,False,False,False,False,True,False,False,False,False,False,False,0,0,0,0,0,False,False,
1633287,10,7.7,6,0,0,77,1,6,76163,,40921,Study NT Top End T20 Series,2,1494,Victoria Academy,113,New Zealand A,8724665,2026-08-26T03:00:36Z,6,64,False,,,,3765,Ben Lister,8523,Campbell Kellaway,841,Sam Harper,164.0,125.0,Left,Deep Backward Square Leg,1,0,1,1,,BackOfALength,OutsideOff,,MisTimed,BackFoot,Pull,NoMovement,Over,FastSeam,Left,Null,NotReferred,Null,False,False,False,False,False,True,False,False,False,False,False,False,1,0,0,0,0,False,True,
1633288,11,8.0,11,0,0,88,1,11,76163,,40921,Study NT Top End T20 Series,2,1494,Victoria Academy,113,New Zealand A,8724666,2026-08-26T03:02:04Z,1,65,False,,,,3708,Dean Foxcroft,8523,Campbell Kellaway,841,Sam Harper,292.0,179.0,Left,,6,0,6,6,,LengthBall,OutsideOff,,Middled,DownTheTrack,Slog,OffBreak,Round,OffSpin,Right,Null,NotReferred,Null,False,False,False,False,True,True,False,False,False,False,False,False,6,0,0,0,0,True,False,
1633288,11,8.0,11,0,0,88,1,11,76163,,40921,Study NT Top End T20 Series,2,1494,Victoria Academy,113,New Zealand A,8724667,2026-08-26T03:02:45Z,2,66,False,,,,3708,Dean Foxcroft,8523,Campbell Kellaway,841,Sam Harper,172.0,99.0,Left,Backward Square Leg,1,0,1,1,,BackOfALength,OffStump,,None,BackFoot,Worked,OffBreak,Round,OffSpin,Right,Null,NotReferred,Null,False,False,False,False,False,True,False,False,False,False,False,False,1,0,0,0,0,False,False,
1633288,11,8.0,11,0,0,88,1,11,76163,,40921,Study NT Top End T20 Series,2,1494,Victoria Academy,113,New Zealand A,8724668,2026-08-26T03:03:18Z,3,67,False,,,,3708,Dean Foxcroft,841,Sam Harper,8523,Campbell Kellaway,282.0,156.0,Right,Long On,2,0,2,2,,FullToss,LegStump,,None,FrontFoot,Drive,OffBreak,Over,OffSpin,Right,Null,NotReferred,Null,False,False,False,False,False,True,False,False,False,False,False,False,2,0,0,0,0,False,False,
1633288,11,8.0,11,0,0,88,1,11,76163,,40921,Study NT Top End T20 Series,2,1494,Victoria Academy,113,New Zealand A,8724669,2026-08-26T03:03:52Z,4,68,False,,,,3708,Dean Foxcroft,841,Sam Harper,8523,Campbell Kellaway,0.0,0.0,Right,Wicketkeeper,0,0,0,0,,BackOfALength,OutsideOff,,InsideEdge,BackFoot,Cut,OffBreak,Over,OffSpin,Right,Null,NotReferred,Null,False,False,False,False,False,True,False,False,False,False,False,False,0,0,0,0,0,False,False,
1633288,11,8.0,11,0,0,88,1,11,76163,,40921,Study NT Top End T20 Series,2,1494,Victoria Academy,113,New Zealand A,8724670,2026-08-26T03:04:08Z,5,69,False,,,,3708,Dean Foxcroft,841,Sam Harper,8523,Campbell Kellaway,211.0,66.0,Right,Extra Cover,0,0,0,0,,LengthBall,Wide,,MisTimed,DownTheTrack,Drive,OffBreak,Over,OffSpin,Right,Null,NotReferred,Null,False,False,False,False,False,True,False,False,False,False,False,False,0,0,0,0,0,False,False,
1633288,11,8.0,11,0,0,88,1,11,76163,,40921,Study NT Top End T20 Series,2,1494,Victoria Academy,113,New Zealand A,8724671,2026-08-26T03:04:27Z,6,70,False,,,,3708,Dean Foxcroft,841,Sam Harper,8523,Campbell Kellaway,191.0,150.0,Right,Deep Cover,2,0,2,2,,HalfVolley,OutsideOff,,None,BackFoot,Cut,OffBreak,Over,OffSpin,Right,Null,NotReferred,Null,False,False,False,False,False,True,False,False,False,False,False,False,2,0,0,0,0,False,False,
1633289,12,7.5,2,1,0,90,2,2,76163,,40921,Study NT Top End T20 Series,2,1494,Victoria Academy,113,New Zealand A,8724672,2026-08-26T03:05:33Z,1,71,False,,,,2916,Adi Ashok,8523,Campbell Kellaway,841,Sam Harper,25.0,147.0,Left,Deep Backward Point,2,0,2,2,,LengthBall,OffStump,,None,FrontFoot,Drive,LegSpinner,Over,LegSpin,Right,Null,NotReferred,Null,False,False,False,False,False,True,False,False,False,False,False,False,2,0,0,0,0,False,False,
1633289,12,7.5,2,1,0,90,2,2,76163,,40921,Study NT Top End T20 Series,2,1494,Victoria Academy,113,New Zealand A,8724673,2026-08-26T03:06:03Z,2,72,False,,,,2916,Adi Ashok,8523,Campbell Kellaway,841,Sam Harper,0.0,0.0,Left,Wicketkeeper,0,0,0,0,,HalfVolley,OutsideOff,,Missed,FrontFoot,Drive,LegSpinner,Over,LegSpin,Right,Null,NotReferred,Null,False,False,False,False,False,True,False,False,False,False,False,False,0,0,0,0,0,False,False,
1633289,12,7.5,2,1,0,90,2,2,76163,,40921,Study NT Top End T20 Series,2,1494,Victoria Academy,113,New Zealand A,8724674,2026-08-26T03:06:28Z,3,73,False,,,,2916,Adi Ashok,8523,Campbell Kellaway,841,Sam Harper,41.0,50.0,Left,Gully,0,0,0,0,,BackOfALength,OffStump,,None,FrontFoot,ReverseSweep,LegSpinner,Over,LegSpin,Right,Null,NotReferred,Null,False,False,False,False,False,True,False,False,False,False,False,False,0,0,0,0,0,False,False,
1633289,12,7.5,2,1,0,90,2,2,76163,,40921,Study NT Top End T20 Series,2,1494,Victoria Academy,113,New Zealand A,8724675,2026-08-26T03:06:53Z,4,74,False,,,,2916,Adi Ashok,8523,Campbell Kellaway,841,Sam Harper,0.0,0.0,Left,Bowler,0,0,0,0,,LengthBall,LegStump,,None,FrontFoot,Drive,LegSpinner,Over,LegSpin,Right,Null,NotReferred,Null,False,False,False,False,False,True,False,False,False,False,False,False,0,0,0,0,0,False,False,
1633289,12,7.5,2,1,0,90,2,2,76163,,40921,Study NT Top End T20 Series,2,1494,Victoria Academy,113,New Zealand A,8724676,2026-08-26T03:07:24Z,5,75,False,,,,2916,Adi Ashok,8523,Campbell Kellaway,841,Sam Harper,59.0,63.0,Left,Gully,0,0,0,0,,BackOfALength,MiddleStump,,None,FrontFoot,ReverseSweep,LegSpinner,Over,LegSpin,Right,Null,NotReferred,Null,False,False,False,False,False,True,False,False,False,False,False,False,0,0,0,0,0,False,False,
1633289,12,7.5,2,1,0,90,2,2,76163,,40921,Study NT Top End T20 Series,2,1494,Victoria Academy,113,New Zealand A,8724677,2026-08-26T03:07:49Z,6,76,True,Caught,8523.0,Campbell Kellaway,2916,Adi Ashok,8523,Campbell Kellaway,841,Sam Harper,196.0,147.0,Left,Deep Square Leg,0,0,0,0,Caught,LengthBall,OutsideOff,Caught,MisTimed,FrontFoot,SlogSweep,LegSpinner,Over,LegSpin,Right,Null,NotReferred,Null,False,False,False,False,False,True,False,False,False,False,False,False,0,0,0,0,0,False,False,2013.0
1633290,13,7.69,10,1,0,100,3,10,76163,,40921,Study NT Top End T20 Series,2,1494,Victoria Academy,113,New Zealand A,8724678,2026-08-26T03:10:23Z,1,77,False,,,,3156,Zak Gibson,841,Sam Harper,11039,Blake Macdonald,289.0,140.0,Right,Long On,1,0,1,1,,LengthBall,MiddleStump,,None,BackFoot,Worked,NoMovement,Over,Medium,Right,Null,NotReferred,Null,False,False,False,False,False,True,False,False,False,False,False,False,1,0,0,0,0,False,False,
1633290,13,7.69,10,1,0,100,3,10,76163,,40921,Study NT Top End T20 Series,2,1494,Victoria Academy,113,New Zealand A,8724679,2026-08-26T03:11:05Z,2,78,False,,,,3156,Zak Gibson,11039,Blake Macdonald,841,Sam Harper,283.0,57.0,Right,Mid On,1,0,1,1,,HalfVolley,OffStump,,MisTimed,BackFoot,Flick,NoMovement,Over,Medium,Right,Null,NotReferred,Null,False,False,False,False,False,True,False,False,False,False,False,False,1,0,0,0,0,False,False,
1633290,13,7.69,10,1,0,100,3,10,76163,,40921,Study NT Top End T20 Series,2,1494,Victoria Academy,113,New Zealand A,8724680,2026-08-26T03:11:39Z,3,79,True,Caught,841.0,Sam Harper,3156,Zak Gibson,841,Sam Harper,11039,Blake Macdonald,313.0,80.0,Right,Mid Wicket,0,0,0,0,Caught,LengthBall,DownLeg,Caught,MisTimed,BacksAway,Slog,NoMovement,Over,Medium,Right,Null,NotReferred,Null,False,False,False,False,False,True,False,False,False,False,False,False,0,0,0,0,0,False,True,
1633290,13,7.69,10,1,0,100,3,10,76163,,40921,Study NT Top End T20 Series,2,1494,Victoria Academy,113,New Zealand A,8724681,2026-08-26T03:13:48Z,4,80,False,,,,3156,Zak Gibson,1193,Will Sutherland,11039,Blake Macdonald,79.0,160.0,Right,,4,0,4,4,,Short,OutsideOff,,None,BackFoot,Hook,NoMovement,Over,Medium,Right,Null,NotReferred,Null,False,False,False,False,False,True,False,False,False,False,False,False,4,0,0,0,0,True,False,
1633290,13,7.69,10,1,0,100,3,10,76163,,40921,Study NT Top End T20 Series,2,1494,Victoria Academy,113,New Zealand A,8724682,2026-08-26T03:14:33Z,5,81,False,,,,3156,Zak Gibson,1193,Will Sutherland,11039,Blake Macdonald,243.0,77.0,Right,Mid Off,0,0,0,0,,LengthBall,OutsideOff,,None,FrontFoot,Drive,NoMovement,Over,Medium,Right,Null,NotReferred,Null,False,False,False,False,False,True,False,False,False,False,False,False,0,0,0,0,0,False,False,
1633290,13,7.69,10,1,0,100,3,10,76163,,40921,Study NT Top End T20 Series,2,1494,Victoria Academy,113,New Zealand A,8724683,2026-08-26T03:15:07Z,6,82,False,,,,3156,Zak Gibson,1193,Will Sutherland,11039,Blake Macdonald,224.0,177.0,Right,,4,0,4,4,,LengthBall,OutsideOff,,WellTimed,FrontFoot,Drive,NoMovement,Over,Medium,Right,Null,NotReferred,Null,False,False,False,False,False,True,False,False,False,False,False,False,4,0,0,0,0,True,False,
1633291,14,7.64,7,0,0,107,3,7,76163,,40921,Study NT Top End T20 Series,2,1494,Victoria Academy,113,New Zealand A,8724684,2026-08-26T03:16:11Z,1,83,False,,,,2916,Adi Ashok,11039,Blake Macdonald,1193,Will Sutherland,15.0,145.0,Right,Deep Backward Square Leg,1,0,1,1,,LengthBall,LegStump,,None,FrontFoot,Flick,LegSpinner,Over,LegSpin,Right,Null,NotReferred,Null,False,False,False,False,False,True,False,False,False,False,False,False,1,0,0,0,0,False,False,
1633291,14,7.64,7,0,0,107,3,7,76163,,40921,Study NT Top End T20 Series,2,1494,Victoria Academy,113,New Zealand A,8724685,2026-08-26T03:16:59Z,2,84,False,,,,2916,Adi Ashok,1193,Will Sutherland,11039,Blake Macdonald,21.0,139.0,Right,Deep Backward Square Leg,2,0,2,2,,BackOfALength,OutsideOff,,WellTimed,FrontFoot,Sweep,LegSpinner,Over,LegSpin,Right,Null,NotReferred,Null,False,False,False,False,False,True,False,False,False,False,False,False,2,0,0,0,0,False,False,
1633291,14,7.64,7,0,0,107,3,7,76163,,40921,Study NT Top End T20 Series,2,1494,Victoria Academy,113,New Zealand A,8724686,2026-08-26T03:17:40Z,3,85,False,,,,2916,Adi Ashok,1193,Will Sutherland,11039,Blake Macdonald,,,Right,Wicketkeeper,0,0,0,0,,BackOfALength,OutsideOff,,BottomEdge,BackFoot,Cut,LegSpinner,Over,LegSpin,Right,Null,NotReferred,Null,False,False,False,False,False,True,False,False,False,False,False,False,0,0,0,0,0,False,False,
1633291,14,7.64,7,0,0,107,3,7,76163,,40921,Study NT Top End T20 Series,2,1494,Victoria Academy,113,New Zealand A,8724687,2026-08-26T03:18:05Z,4,86,False,,,,2916,Adi Ashok,1193,Will Sutherland,11039,Blake Macdonald,317.0,58.0,Right,Mid Wicket,1,0,1,1,,LengthBall,OffStump,,None,FrontFoot,Flick,LegSpinner,Over,LegSpin,Right,Null,NotReferred,Null,False,False,False,False,False,True,False,False,False,False,False,False,1,0,0,0,0,False,False,
1633291,14,7.64,7,0,0,107,3,7,76163,,40921,Study NT Top End T20 Series,2,1494,Victoria Academy,113,New Zealand A,8724688,2026-08-26T03:18:41Z,5,87,False,,,,2916,Adi Ashok,11039,Blake Macdonald,1193,Will Sutherland,160.0,139.0,Right,Deep Backward Point,2,0,2,2,,BackOfALength,OutsideOff,,None,BackFoot,Pushed,Googly,Over,LegSpin,Right,Null,NotReferred,Null,False,False,False,False,False,True,False,False,False,False,False,False,2,0,0,0,0,False,False,
1633291,14,7.64,7,0,0,107,3,7,76163,,40921,Study NT Top End T20 Series,2,1494,Victoria Academy,113,New Zealand A,8724689,2026-08-26T03:19:07Z,6,88,False,,,,2916,Adi Ashok,11039,Blake Macdonald,1193,Will Sutherland,153.0,143.0,Right,Deep Backward Point,1,0,1,1,,BackOfALength,MiddleStump,,None,FrontFoot,ReverseSweep,LegSpinner,Over,LegSpin,Right,Null,NotReferred,Null,False,False,False,False,False,True,False,False,False,False,False,False,1,0,0,0,0,False,False,
1633292,15,7.73,9,0,0,116,3,9,76163,,40921,Study NT Top End T20 Series,2,1494,Victoria Academy,113,New Zealand A,8724690,2026-08-26T03:20:25Z,1,89,False,,,,2918,Kristian Clarke,11039,Blake Macdonald,1193,Will Sutherland,138.0,58.0,Right,Gully,0,0,0,0,,LengthBall,OutsideOff,,HitPad,BackFoot,Worked,NoMovement,Over,Medium,Right,Null,NotReferred,Null,False,False,False,False,False,True,False,False,True,True,False,False,0,0,0,0,0,False,False,
1633292,15,7.73,9,0,0,116,3,9,76163,,40921,Study NT Top End T20 Series,2,1494,Victoria Academy,113,New Zealand A,8724691,2026-08-26T03:20:55Z,2,90,False,,,,2918,Kristian Clarke,11039,Blake Macdonald,1193,Will Sutherland,302.0,134.0,Right,Deep Mid Wicket,1,0,1,1,,HalfVolley,MiddleStump,,None,FrontFoot,Flick,NoMovement,Over,Medium,Right,Null,NotReferred,Null,False,False,False,False,False,True,False,False,True,True,False,False,1,0,0,0,0,False,False,
1633292,15,7.73,9,0,0,116,3,9,76163,,40921,Study NT Top End T20 Series,2,1494,Victoria Academy,113,New Zealand A,8724692,2026-08-26T03:21:29Z,3,91,False,,,,2918,Kristian Clarke,1193,Will Sutherland,11039,Blake Macdonald,305.0,125.0,Right,Deep Mid Wicket,2,0,2,2,,LengthBall,OffStump,,None,BackFoot,Worked,NoMovement,Over,Medium,Right,Null,NotReferred,Null,False,False,False,False,False,True,False,False,True,True,False,False,2,0,0,0,0,False,False,
1633292,15,7.73,9,0,0,116,3,9,76163,,40921,Study NT Top End T20 Series,2,1494,Victoria Academy,113,New Zealand A,8724693,2026-08-26T03:22:07Z,4,92,False,,,,2918,Kristian Clarke,1193,Will Sutherland,11039,Blake Macdonald,17.0,153.0,Right,Deep Backward Square Leg,1,0,1,1,,LengthBall,MiddleStump,,None,FrontFoot,Flick,NoMovement,Over,Medium,Right,Null,NotReferred,Null,False,False,False,False,False,True,False,False,True,True,False,False,1,0,0,0,0,False,False,
1633292,15,7.73,9,0,0,116,3,9,76163,,40921,Study NT Top End T20 Series,2,1494,Victoria Academy,113,New Zealand A,8724694,2026-08-26T03:22:37Z,5,93,False,,,,2918,Kristian Clarke,11039,Blake Macdonald,1193,Will Sutherland,194.0,145.0,Right,Deep Cover,1,0,1,1,,LengthBall,OutsideOff,,None,FrontFoot,Drive,NoMovement,Over,Medium,Right,Null,NotReferred,Null,False,False,False,False,False,True,False,False,True,True,False,False,1,0,0,0,0,False,False,
1633292,15,7.73,9,0,0,116,3,9,76163,,40921,Study NT Top End T20 Series,2,1494,Victoria Academy,113,New Zealand A,8724695,2026-08-26T03:23:12Z,6,94,False,,,,2918,Kristian Clarke,1193,Will Sutherland,11039,Blake Macdonald,103.0,160.0,Right,,4,0,4,4,,Yorker,OutsideOff,,ThickEdge,FrontFoot,Drive,NoMovement,Over,Medium,Right,Null,NotReferred,Null,False,False,False,False,False,True,False,False,True,True,False,False,4,0,0,0,0,True,False,
1633293,16,7.81,9,0,0,125,3,9,76163,,40921,Study NT Top End T20 Series,2,1494,Victoria Academy,113,New Zealand A,8724696,2026-08-26T03:24:46Z,1,95,False,,,,11542,Muhammad Abbas,11039,Blake Macdonald,1193,Will Sutherland,335.0,164.0,Right,Deep Square Leg,1,0,1,1,,BackOfALength,DownLeg,,None,BackFoot,Pull,NoMovement,Over,Medium,Left,Null,NotReferred,Null,False,False,False,False,False,True,False,False,True,True,False,False,1,0,0,0,0,False,False,
1633293,16,7.81,9,0,0,125,3,9,76163,,40921,Study NT Top End T20 Series,2,1494,Victoria Academy,113,New Zealand A,8724697,2026-08-26T03:25:22Z,2,96,False,,,,11542,Muhammad Abbas,1193,Will Sutherland,11039,Blake Macdonald,29.0,157.0,Right,Deep Backward Square Leg,2,0,2,2,,Short,DownLeg,,None,BackFoot,Pull,NoMovement,Over,Medium,Left,Null,NotReferred,Null,False,False,False,False,False,True,False,False,True,True,False,False,2,0,0,0,0,False,False,
1633293,16,7.81,9,0,0,125,3,9,76163,,40921,Study NT Top End T20 Series,2,1494,Victoria Academy,113,New Zealand A,8724698,2026-08-26T03:26:02Z,3,97,False,,,,11542,Muhammad Abbas,1193,Will Sutherland,11039,Blake Macdonald,359.0,134.0,Right,Deep Square Leg,2,0,2,2,,BackOfALength,DownLeg,,None,BackFoot,Worked,NoMovement,Over,Medium,Left,Null,NotReferred,Null,False,False,False,False,False,True,False,False,True,True,False,False,2,0,0,0,0,False,False,
1633293,16,7.81,9,0,0,125,3,9,76163,,40921,Study NT Top End T20 Series,2,1494,Victoria Academy,113,New Zealand A,8724699,2026-08-26T03:26:57Z,4,98,False,,,,11542,Muhammad Abbas,1193,Will Sutherland,11039,Blake Macdonald,223.0,128.0,Right,Deep Extra Cover,1,0,1,1,,LengthBall,LegStump,,None,FrontFoot,Drive,NoMovement,Over,Medium,Left,Null,NotReferred,Null,False,False,False,False,False,True,False,False,True,True,False,False,1,0,0,0,0,False,False,
1633293,16,7.81,9,0,0,125,3,9,76163,,40921,Study NT Top End T20 Series,2,1494,Victoria Academy,113,New Zealand A,8724700,2026-08-26T03:27:44Z,5,99,False,,,,11542,Muhammad Abbas,11039,Blake Macdonald,1193,Will Sutherland,255.0,76.0,Right,Mid Off,1,1,1,0,,LengthBall,OutsideOff,,MisTimed,FrontFoot,Drive,NoMovement,Over,Medium,Left,Null,NotReferred,1,False,True,False,False,False,True,False,False,True,True,False,False,1,0,0,0,1,False,True,
1633293,16,7.81,9,0,0,125,3,9,76163,,40921,Study NT Top End T20 Series,2,1494,Victoria Academy,113,New Zealand A,8724701,2026-08-26T03:28:23Z,5,100,False,,,,11542,Muhammad Abbas,11039,Blake Macdonald,1193,Will Sutherland,,,Right,,1,0,1,1,,,,,,0,,NoMovement,Over,Medium,Left,Null,NotReferred,Null,False,False,False,False,False,True,True,False,True,True,False,False,1,0,0,0,0,False,False,
1633293,16,7.81,9,0,0,125,3,9,76163,,40921,Study NT Top End T20 Series,2,1494,Victoria Academy,113,New Zealand A,8724702,2026-08-26T03:28:58Z,6,101,False,,,,11542,Muhammad Abbas,1193,Will Sutherland,11039,Blake Macdonald,350.0,121.0,Right,Deep Square Leg,1,0,1,1,,LengthBall,DownLeg,,None,BackFoot,Worked,NoMovement,Over,Medium,Left,Null,NotReferred,Null,False,False,False,False,False,True,False,False,True,True,False,False,1,0,0,0,0,False,False,
1633294,17,7.71,6,0,0,131,3,6,76163,,40921,Study NT Top End T20 Series,2,1494,Victoria Academy,113,New Zealand A,8724703,2026-08-26T03:30:24Z,1,102,False,,,,3765,Ben Lister,1193,Will Sutherland,11039,Blake Macdonald,212.0,136.0,Right,Deep Extra Cover,1,0,1,1,,LengthBall,LegStump,,None,FrontFoot,Drive,NoMovement,Over,FastSeam,Left,Null,NotReferred,Null,False,False,False,False,False,True,False,False,False,False,False,False,1,0,0,0,0,False,False,
1633294,17,7.71,6,0,0,131,3,6,76163,,40921,Study NT Top End T20 Series,2,1494,Victoria Academy,113,New Zealand A,8724704,2026-08-26T03:31:08Z,2,103,False,,,,3765,Ben Lister,11039,Blake Macdonald,1193,Will Sutherland,159.0,132.0,Right,Deep Backward Point,1,0,1,1,,LengthBall,OffStump,,None,BackFoot,LateCut,NoMovement,Over,FastSeam,Left,Null,NotReferred,Null,False,False,False,False,False,True,False,False,False,False,False,False,1,0,0,0,0,False,False,
1633294,17,7.71,6,0,0,131,3,6,76163,,40921,Study NT Top End T20 Series,2,1494,Victoria Academy,113,New Zealand A,8724705,2026-08-26T03:32:10Z,3,104,False,,,,3765,Ben Lister,1193,Will Sutherland,11039,Blake Macdonald,,,Right,Wicketkeeper,0,0,0,0,,FullToss,OffStump,,Missed,BacksAway,Pushed,NoMovement,Over,FastSeam,Left,Null,NotReferred,Null,False,False,False,False,False,True,False,False,False,False,False,False,0,0,0,0,0,False,False,
1633294,17,7.71,6,0,0,131,3,6,76163,,40921,Study NT Top End T20 Series,2,1494,Victoria Academy,113,New Zealand A,8724706,2026-08-26T03:32:42Z,4,105,False,,,,3765,Ben Lister,1193,Will Sutherland,11039,Blake Macdonald,342.0,139.0,Right,Deep Square Leg,1,0,1,1,,BackOfALength,DownLeg,,None,FrontFoot,Pull,NoMovement,Over,FastSeam,Left,Null,NotReferred,Null,False,False,False,False,False,True,False,False,False,False,False,False,1,0,0,0,0,False,False,
1633294,17,7.71,6,0,0,131,3,6,76163,,40921,Study NT Top End T20 Series,2,1494,Victoria Academy,113,New Zealand A,8724707,2026-08-26T03:33:16Z,5,106,False,,,,3765,Ben Lister,11039,Blake Macdonald,1193,Will Sutherland,19.0,157.0,Right,Deep Backward Square Leg,1,0,1,1,,Short,DownLeg,,None,BacksAway,Pull,NoMovement,Over,FastSeam,Left,Null,NotReferred,Null,False,False,False,False,False,True,False,False,False,False,False,False,1,0,0,0,0,False,False,
1633294,17,7.71,6,0,0,131,3,6,76163,,40921,Study NT Top End T20 Series,2,1494,Victoria Academy,113,New Zealand A,8724708,2026-08-26T03:33:58Z,6,107,False,,,,3765,Ben Lister,1193,Will Sutherland,11039,Blake Macdonald,4.0,164.0,Right,Deep Backward Square Leg,2,0,2,2,,HalfTracker,DownLeg,,None,BackFoot,Hook,NoMovement,Over,FastSeam,Left,Null,NotReferred,Null,False,False,False,False,False,True,False,False,False,False,False,False,2,0,0,0,0,False,False,
1633295,18,7.94,12,1,0,143,4,12,76163,,40921,Study NT Top End T20 Series,2,1494,Victoria Academy,113,New Zealand A,8724709,2026-08-26T03:35:44Z,1,108,True,Caught,11039.0,Blake Macdonald,2918,Kristian Clarke,11039,Blake Macdonald,1193,Will Sutherland,133.0,67.0,Right,Gully,0,0,0,0,Caught,HalfTracker,OutsideOff,Caught,MisTimed,FrontFoot,UpperCut,SlowerBall,Over,Medium,Right,Null,NotReferred,Null,False,False,False,False,True,True,False,False,True,True,False,False,0,0,0,0,0,False,False,2013.0
1633295,18,7.94,12,1,0,143,4,12,76163,,40921,Study NT Top End T20 Series,2,1494,Victoria Academy,113,New Zealand A,8724710,2026-08-26T03:37:29Z,2,109,False,,,,2918,Kristian Clarke,11446,Liam Blackford,1193,Will Sutherland,0.0,0.0,Left,Wicketkeeper,1,1,1,0,,HalfVolley,DownLeg,,PlayAndMissLegSide,FrontFoot,Flick,NoMovement,Round,Medium,Right,Null,NotReferred,Null,True,False,False,False,False,True,False,False,True,True,False,False,1,0,1,0,0,False,False,
1633295,18,7.94,12,1,0,143,4,12,76163,,40921,Study NT Top End T20 Series,2,1494,Victoria Academy,113,New Zealand A,8724711,2026-08-26T03:37:56Z,2,110,False,,,,2918,Kristian Clarke,11446,Liam Blackford,1193,Will Sutherland,326.0,75.0,Left,Extra Cover,0,0,0,0,,HalfVolley,OffStump,,None,FrontFoot,Pushed,SlowerBall,Over,Medium,Right,Null,NotReferred,Null,False,False,False,False,False,True,False,False,True,True,False,False,0,0,0,0,0,False,False,
1633295,18,7.94,12,1,0,143,4,12,76163,,40921,Study NT Top End T20 Series,2,1494,Victoria Academy,113,New Zealand A,8724712,2026-08-26T03:38:25Z,3,111,False,,,,2918,Kristian Clarke,11446,Liam Blackford,1193,Will Sutherland,217.0,166.0,Left,Deep Mid Wicket,3,0,3,3,,HalfVolley,MiddleStump,,None,FrontFoot,Flick,NoMovement,Over,Medium,Right,Null,NotReferred,Null,False,False,False,False,False,True,False,False,True,True,False,False,3,0,0,0,0,False,False,
1633295,18,7.94,12,1,0,143,4,12,76163,,40921,Study NT Top End T20 Series,2,1494,Victoria Academy,113,New Zealand A,8724713,2026-08-26T03:39:09Z,4,112,False,,,,2918,Kristian Clarke,1193,Will Sutherland,11446,Liam Blackford,173.0,40.0,Right,Backward Point,0,0,0,0,,HalfVolley,OutsideOff,,OutsideEdge,FrontFoot,Drive,NoMovement,Over,Medium,Right,Null,NotReferred,Null,False,False,False,False,False,True,False,False,True,True,False,False,0,0,0,0,0,False,False,
1633295,18,7.94,12,1,0,143,4,12,76163,,40921,Study NT Top End T20 Series,2,1494,Victoria Academy,113,New Zealand A,8724714,2026-08-26T03:39:36Z,5,113,False,,,,2918,Kristian Clarke,1193,Will Sutherland,11446,Liam Blackford,335.0,174.0,Right,,4,0,4,4,,HalfVolley,OffStump,,WellTimed,FrontFoot,Slog,NoMovement,Over,Medium,Right,Null,NotReferred,Null,False,False,False,False,True,True,False,False,True,True,False,False,4,0,0,0,0,True,False,
1633295,18,7.94,12,1,0,143,4,12,76163,,40921,Study NT Top End T20 Series,2,1494,Victoria Academy,113,New Zealand A,8724715,2026-08-26T03:40:15Z,6,114,False,,,,2918,Kristian Clarke,1193,Will Sutherland,11446,Liam Blackford,204.0,174.0,Right,,4,0,4,4,,FullToss,OffStump,,WellTimed,BacksAway,Drive,NoMovement,Over,Medium,Right,Null,NotReferred,Null,False,False,False,False,False,True,False,False,True,True,False,False,4,0,0,0,0,True,False,
1633296,19,8.0,9,0,0,152,4,9,76163,,40921,Study NT Top End T20 Series,2,1494,Victoria Academy,113,New Zealand A,8724716,2026-08-26T03:41:38Z,1,115,False,,,,3156,Zak Gibson,11446,Liam Blackford,1193,Will Sutherland,206.0,43.0,Left,Square Leg,1,0,1,1,,HalfVolley,MiddleStump,,None,FrontFoot,Worked,SlowerBall,Round,Medium,Right,Null,NotReferred,Null,False,False,False,False,False,True,False,False,True,True,False,False,1,0,0,0,0,False,False,
1633296,19,8.0,9,0,0,152,4,9,76163,,40921,Study NT Top End T20 Series,2,1494,Victoria Academy,113,New Zealand A,8724717,2026-08-26T03:42:23Z,2,116,False,,,,3156,Zak Gibson,1193,Will Sutherland,11446,Liam Blackford,299.0,179.0,Right,,4,0,4,4,,HalfVolley,OutsideOff,,WellTimed,FrontFoot,Slog,NoMovement,Over,Medium,Right,Null,NotReferred,Null,False,False,False,False,False,True,False,False,True,True,False,False,4,0,0,0,0,True,False,
1633296,19,8.0,9,0,0,152,4,9,76163,,40921,Study NT Top End T20 Series,2,1494,Victoria Academy,113,New Zealand A,8724718,2026-08-26T03:42:56Z,3,117,False,,,,3156,Zak Gibson,1193,Will Sutherland,11446,Liam Blackford,205.0,174.0,Right,,4,0,4,4,,HalfVolley,DownLeg,,WellTimed,BacksAway,Drive,NoMovement,Over,Medium,Right,Null,NotReferred,Null,False,False,False,False,True,True,False,False,True,True,False,False,4,0,0,0,0,True,False,
