over_id,over_overNumber,over_runrate,over_runsConceded,over_wickets,over_runsExtras,over_totalInningRuns,over_totalInningWickets,over_totalRuns,id,matchName,fixtureId,fixtureName,inningNumber,battingTeamId,battingTeamName,bowlingTeamId,bowlingTeamName,ball_id,ballDateTime,ballNumber,totalBallNumber,isWicket,bowlerPlayerId,bowlerPlayerName,battingPlayerId,battingPlayerName,nonStrikeBattingPlayerId,nonStrikeBattingPlayerName,shotAngle,shotMagnitude,battingHandId,runsConceded,extras,runs,runsScored,lengthTypeId,lineTypeId,battingConnectionId,battingFeetId,battingShotTypeId,bowlingDetailId,bowlingFromId,bowlingTypeId,bowlingHandId,outcomeId,referralOutcomeId,noBallReasonId,isWide,isNoBall,isByes,isLegByes,isAirControlled,isAppeal,isFreeHit,isNewBall,isPowerPlay,isBattingPowerPlay,isFloodLit,isReferred,teamRuns,runsByes,runsWide,runsLegByes,noBallsCount,isBoundry,isAirNotControlled,fieldingPosition,dismissalTypeId,dismissalPlayerId,dismissalPlayerName,dismissalType,appealDismissalTypeId
1635558,2,3.5,2,1,0,7,2,2,76226,,40932,Study NT Top End T20 Series,1,1493,Nepal A,1494,Victoria Academy,8738357,2026-08-29T07:35:39Z,1,7,False,11468,Austin Anlezark,21946,Mayan Yadav,3061,Kushal Bhurtel,0.0,0.0,Right,1,1,1,0,Short,OutsideOff,PlayAndMissLegSide,BackFoot,Pull,SeamIn,Over,Medium,Right,Null,NotReferred,Null,True,False,False,False,False,True,False,False,True,False,False,False,1,0,1,0,0,False,False,Wicketkeeper,,,,,
1635558,2,3.5,2,1,0,7,2,2,76226,,40932,Study NT Top End T20 Series,1,1493,Nepal A,1494,Victoria Academy,8738358,2026-08-29T07:36:15Z,1,8,True,11468,Austin Anlezark,21946,Mayan Yadav,3061,Kushal Bhurtel,87.0,14.0,Right,0,0,0,0,LengthBall,OutsideOff,OutsideEdge,FrontFoot,ForwardDefensive,SeamAway,Over,Medium,Right,Null,NotReferred,Null,False,False,False,False,False,True,False,False,True,False,False,False,0,0,0,0,0,False,True,Wicketkeeper,Caught,21946.0,Mayan Yadav,Caught,Caught
1635558,2,3.5,2,1,0,7,2,2,76226,,40932,Study NT Top End T20 Series,1,1493,Nepal A,1494,Victoria Academy,8738359,2026-08-29T07:37:56Z,2,9,False,11468,Austin Anlezark,3556,Kushal Malla,3061,Kushal Bhurtel,194.0,43.0,Left,0,0,0,0,HalfVolley,MiddleStump,MisTimed,FrontFoot,Drive,InSwinger,Over,Medium,Right,Null,NotReferred,Null,False,False,False,False,False,True,False,False,True,False,False,False,0,0,0,0,0,False,False,Square Leg,,,,,
1635558,2,3.5,2,1,0,7,2,2,76226,,40932,Study NT Top End T20 Series,1,1493,Nepal A,1494,Victoria Academy,8738360,2026-08-29T07:38:34Z,3,10,False,11468,Austin Anlezark,3556,Kushal Malla,3061,Kushal Bhurtel,336.0,35.0,Left,0,0,0,0,LengthBall,LegStump,None,FrontFoot,ForwardDefensive,NoMovement,Over,Medium,Right,Null,NotReferred,Null,False,False,False,False,False,True,False,False,True,False,False,False,0,0,0,0,0,False,False,Cover,,,,,
1635558,2,3.5,2,1,0,7,2,2,76226,,40932,Study NT Top End T20 Series,1,1493,Nepal A,1494,Victoria Academy,8738361,2026-08-29T07:39:19Z,4,11,False,11468,Austin Anlezark,3556,Kushal Malla,3061,Kushal Bhurtel,0.0,0.0,Left,1,1,1,0,HalfVolley,Wide,Left,NoMovement,Leave,NoMovement,Over,Medium,Right,Null,NotReferred,Null,True,False,False,False,False,True,False,False,True,False,False,False,1,0,1,0,0,False,False,Wicketkeeper,,,,,
1635558,2,3.5,2,1,0,7,2,2,76226,,40932,Study NT Top End T20 Series,1,1493,Nepal A,1494,Victoria Academy,8738362,2026-08-29T07:39:57Z,4,12,False,11468,Austin Anlezark,3556,Kushal Malla,3061,Kushal Bhurtel,0.0,0.0,Left,0,0,0,0,LengthBall,MiddleStump,None,BackFoot,Worked,InSwinger,Over,Medium,Right,Null,NotReferred,Null,False,False,False,False,False,True,False,False,True,False,False,False,0,0,0,0,0,False,False,Bowler,,,,,
1635558,2,3.5,2,1,0,7,2,2,76226,,40932,Study NT Top End T20 Series,1,1493,Nepal A,1494,Victoria Academy,8738363,2026-08-29T07:40:34Z,5,13,False,11468,Austin Anlezark,3556,Kushal Malla,3061,Kushal Bhurtel,0.0,0.0,Left,0,0,0,0,LengthBall,MiddleStump,Missed,BackFoot,Cut,SeamAway,Over,Medium,Right,Null,NotReferred,Null,False,False,False,False,False,True,False,False,True,False,False,False,0,0,0,0,0,False,False,Wicketkeeper,,,,,
1635558,2,3.5,2,1,0,7,2,2,76226,,40932,Study NT Top End T20 Series,1,1493,Nepal A,1494,Victoria Academy,8738364,2026-08-29T07:41:11Z,6,14,False,11468,Austin Anlezark,3556,Kushal Malla,3061,Kushal Bhurtel,18.0,28.0,Left,0,0,0,0,BackOfALength,DownLeg,None,BackFoot,BackwardDefensive,NoMovement,Over,Medium,Right,Null,NotReferred,Null,False,False,False,False,False,True,False,False,True,False,False,False,0,0,0,0,0,False,False,Backward Point,,,,,
1635559,3,3.0,2,0,0,9,2,2,76226,,40932,Study NT Top End T20 Series,1,1493,Nepal A,1494,Victoria Academy,8738365,2026-08-29T07:42:16Z,1,15,False,15458,Harry Hoekstra,3061,Kushal Bhurtel,3556,Kushal Malla,263.0,54.0,Right,1,0,1,1,LengthBall,LegStump,None,FrontFoot,Pushed,NoMovement,Over,Medium,Left,Null,NotReferred,Null,False,False,False,False,False,True,False,False,True,False,False,False,1,0,0,0,0,False,False,Mid Off,,,,,
1635559,3,3.0,2,0,0,9,2,2,76226,,40932,Study NT Top End T20 Series,1,1493,Nepal A,1494,Victoria Academy,8738366,2026-08-29T07:43:23Z,2,16,False,15458,Harry Hoekstra,3556,Kushal Malla,3061,Kushal Bhurtel,347.0,70.0,Left,0,0,0,0,LengthBall,OutsideOff,None,FrontFoot,Drive,NoMovement,Over,Medium,Left,Null,NotReferred,Null,False,False,False,False,False,True,False,False,True,False,False,False,0,0,0,0,0,False,False,Cover,,,,,
1635559,3,3.0,2,0,0,9,2,2,76226,,40932,Study NT Top End T20 Series,1,1493,Nepal A,1494,Victoria Academy,8738367,2026-08-29T07:43:55Z,3,17,False,15458,Harry Hoekstra,3556,Kushal Malla,3061,Kushal Bhurtel,356.0,36.0,Left,0,0,0,0,LengthBall,OutsideOff,BatPad,BackFoot,Pushed,NoMovement,Over,Medium,Left,Null,NotReferred,Null,False,False,False,False,False,True,False,False,True,False,False,False,0,0,0,0,0,False,False,Cover,,,,,
1635559,3,3.0,2,0,0,9,2,2,76226,,40932,Study NT Top End T20 Series,1,1493,Nepal A,1494,Victoria Academy,8738368,2026-08-29T07:44:35Z,4,18,False,15458,Harry Hoekstra,3556,Kushal Malla,3061,Kushal Bhurtel,338.0,36.0,Left,0,0,0,0,BackOfALength,OutsideOff,Spliced,FrontFoot,ForwardDefensive,SeamAway,Over,Medium,Left,Null,NotReferred,Null,False,False,False,False,False,True,False,False,True,False,False,False,0,0,0,0,0,False,True,Cover,,,,,
1635559,3,3.0,2,0,0,9,2,2,76226,,40932,Study NT Top End T20 Series,1,1493,Nepal A,1494,Victoria Academy,8738369,2026-08-29T07:45:24Z,5,19,False,15458,Harry Hoekstra,3556,Kushal Malla,3061,Kushal Bhurtel,220.0,78.0,Left,1,0,1,1,HalfVolley,OutsideOff,None,FrontFoot,Worked,NoMovement,Over,Medium,Left,Null,NotReferred,Null,False,False,False,False,False,True,False,False,True,False,False,False,1,0,0,0,0,False,False,Mid Wicket,,,,,
1635559,3,3.0,2,0,0,9,2,2,76226,,40932,Study NT Top End T20 Series,1,1493,Nepal A,1494,Victoria Academy,8738370,2026-08-29T07:45:59Z,6,20,False,15458,Harry Hoekstra,3061,Kushal Bhurtel,3556,Kushal Malla,0.0,0.0,Right,0,0,0,0,BackOfALength,DownLeg,Missed,FrontFoot,ForwardDefensive,SeamAway,Over,Medium,Left,Null,NotReferred,Null,False,False,False,False,False,True,False,False,True,False,False,False,0,0,0,0,0,False,False,Wicketkeeper,,,,,
1635560,4,5.5,13,1,0,22,3,13,76226,,40932,Study NT Top End T20 Series,1,1493,Nepal A,1494,Victoria Academy,8738371,2026-08-29T07:47:04Z,1,21,False,7802,Sam Elliott,3556,Kushal Malla,3061,Kushal Bhurtel,27.0,41.0,Left,0,0,0,0,LengthBall,OutsideOff,ThickEdge,FrontFoot,Drive,NoMovement,Round,Medium,Right,Null,NotReferred,Null,False,False,False,False,False,True,False,False,True,False,False,False,0,0,0,0,0,False,False,Backward Point,,,,,
1635560,4,5.5,13,1,0,22,3,13,76226,,40932,Study NT Top End T20 Series,1,1493,Nepal A,1494,Victoria Academy,8738372,2026-08-29T07:47:35Z,2,22,False,7802,Sam Elliott,3556,Kushal Malla,3061,Kushal Bhurtel,356.0,145.0,Left,2,0,2,2,HalfVolley,OutsideOff,None,FrontFoot,Drive,NoMovement,Round,Medium,Right,Null,NotReferred,Null,False,False,False,False,True,True,False,False,True,False,False,False,2,0,0,0,0,False,False,Deep Cover,,,,,
1635560,4,5.5,13,1,0,22,3,13,76226,,40932,Study NT Top End T20 Series,1,1493,Nepal A,1494,Victoria Academy,8738373,2026-08-29T07:48:21Z,3,23,True,7802,Sam Elliott,3556,Kushal Malla,3061,Kushal Bhurtel,86.0,4.0,Left,0,0,0,0,LengthBall,OutsideOff,OutsideEdge,BackFoot,Pushed,NoMovement,Round,Medium,Right,Null,NotReferred,Null,False,False,False,False,False,True,False,False,True,False,False,False,0,0,0,0,0,False,True,Wicketkeeper,Caught,3556.0,Kushal Malla,Caught,Caught
1635560,4,5.5,13,1,0,22,3,13,76226,,40932,Study NT Top End T20 Series,1,1493,Nepal A,1494,Victoria Academy,8738374,2026-08-29T07:49:59Z,4,24,False,7802,Sam Elliott,14784,Deepak Dumre,3061,Kushal Bhurtel,252.0,71.0,Right,1,0,1,1,HalfVolley,OutsideOff,None,FrontFoot,Pushed,NoMovement,Over,Medium,Right,Null,NotReferred,Null,False,False,False,False,False,True,False,False,True,False,False,False,1,0,0,0,0,False,False,Mid Off,,,,,
1635560,4,5.5,13,1,0,22,3,13,76226,,40932,Study NT Top End T20 Series,1,1493,Nepal A,1494,Victoria Academy,8738375,2026-08-29T07:50:39Z,5,25,False,7802,Sam Elliott,3061,Kushal Bhurtel,14784,Deepak Dumre,195.0,173.0,Right,4,0,4,4,LengthBall,OutsideOff,WellTimed,FrontFoot,Drive,NoMovement,Over,Medium,Right,Null,NotReferred,Null,False,False,False,False,False,True,False,False,True,False,False,False,4,0,0,0,0,True,False,,,,,,
1635560,4,5.5,13,1,0,22,3,13,76226,,40932,Study NT Top End T20 Series,1,1493,Nepal A,1494,Victoria Academy,8738376,2026-08-29T07:51:12Z,6,26,False,7802,Sam Elliott,3061,Kushal Bhurtel,14784,Deepak Dumre,168.0,168.0,Right,6,0,6,6,Short,Wide,Middled,BackFoot,Cut,NoMovement,Over,Medium,Right,Null,NotReferred,Null,False,False,False,False,True,True,False,False,True,False,False,False,6,0,0,0,0,True,False,,,,,,
1635561,5,5.2,4,0,0,26,3,4,76226,,40932,Study NT Top End T20 Series,1,1493,Nepal A,1494,Victoria Academy,8738377,2026-08-29T07:52:40Z,1,27,False,21226,Michael Archer,14784,Deepak Dumre,3061,Kushal Bhurtel,170.0,51.0,Right,0,0,0,0,BackOfALength,OutsideOff,None,BackFoot,BackwardDefensive,LegSpinner,Over,LegSpin,Right,Null,NotReferred,Null,False,False,False,False,False,True,False,False,False,False,False,False,0,0,0,0,0,False,False,Backward Point,,,,,
1635561,5,5.2,4,0,0,26,3,4,76226,,40932,Study NT Top End T20 Series,1,1493,Nepal A,1494,Victoria Academy,8738378,2026-08-29T07:52:58Z,2,28,False,21226,Michael Archer,14784,Deepak Dumre,3061,Kushal Bhurtel,199.0,51.0,Right,0,0,0,0,LengthBall,OutsideOff,None,FrontFoot,ForwardDefensive,LegSpinner,Over,LegSpin,Right,Null,NotReferred,Null,False,False,False,False,False,True,False,False,False,False,False,False,0,0,0,0,0,False,False,Cover,,,,,
1635561,5,5.2,4,0,0,26,3,4,76226,,40932,Study NT Top End T20 Series,1,1493,Nepal A,1494,Victoria Academy,8738379,2026-08-29T07:53:21Z,3,29,False,21226,Michael Archer,14784,Deepak Dumre,3061,Kushal Bhurtel,216.0,145.0,Right,2,0,2,2,LengthBall,OutsideOff,WellTimed,FrontFoot,Drive,LegSpinner,Over,LegSpin,Right,Null,NotReferred,Null,False,False,False,False,True,True,False,False,False,False,False,False,2,0,0,0,0,False,False,Deep Extra Cover,,,,,
1635561,5,5.2,4,0,0,26,3,4,76226,,40932,Study NT Top End T20 Series,1,1493,Nepal A,1494,Victoria Academy,8738380,2026-08-29T07:53:50Z,4,30,False,21226,Michael Archer,14784,Deepak Dumre,3061,Kushal Bhurtel,185.0,71.0,Right,2,0,2,2,BackOfALength,OutsideOff,None,BackFoot,Pushed,Googly,Over,LegSpin,Right,Null,NotReferred,Null,False,False,False,False,False,True,False,False,False,False,False,False,2,0,0,0,0,False,False,Cover,,,,,
1635561,5,5.2,4,0,0,26,3,4,76226,,40932,Study NT Top End T20 Series,1,1493,Nepal A,1494,Victoria Academy,8738381,2026-08-29T07:54:24Z,5,31,False,21226,Michael Archer,14784,Deepak Dumre,3061,Kushal Bhurtel,216.0,36.0,Right,0,0,0,0,BackOfALength,OutsideOff,None,BackFoot,Drive,LegSpinner,Over,LegSpin,Right,Null,NotReferred,Null,False,False,False,False,False,True,False,False,False,False,False,False,0,0,0,0,0,False,False,Extra Cover,,,,,
1635561,5,5.2,4,0,0,26,3,4,76226,,40932,Study NT Top End T20 Series,1,1493,Nepal A,1494,Victoria Academy,8738382,2026-08-29T07:54:56Z,6,32,False,21226,Michael Archer,14784,Deepak Dumre,3061,Kushal Bhurtel,175.0,48.0,Right,0,0,0,0,BackOfALength,OutsideOff,None,BackFoot,Pushed,LegSpinner,Over,LegSpin,Right,Null,NotReferred,Null,False,False,False,False,False,True,False,False,False,False,False,False,0,0,0,0,0,False,False,Backward Point,,,,,
1635562,6,6.0,10,0,0,36,3,10,76226,,40932,Study NT Top End T20 Series,1,1493,Nepal A,1494,Victoria Academy,8738383,2026-08-29T07:56:00Z,1,33,False,3900,Callum Stow,3061,Kushal Bhurtel,14784,Deepak Dumre,192.0,152.0,Right,1,0,1,1,BackOfALength,Wide,None,FrontFoot,Drive,LeftArmLegspin,Over,Unorthodox,Left,Null,NotReferred,Null,False,False,False,False,True,True,False,False,False,False,False,False,1,0,0,0,0,False,False,Deep Cover,,,,,
1635562,6,6.0,10,0,0,36,3,10,76226,,40932,Study NT Top End T20 Series,1,1493,Nepal A,1494,Victoria Academy,8738384,2026-08-29T07:56:26Z,2,34,False,3900,Callum Stow,14784,Deepak Dumre,3061,Kushal Bhurtel,0.0,0.0,Right,1,1,1,0,LengthBall,DownLeg,PlayAndMissLegSide,FrontFoot,Glance,LeftArmLegspin,Over,Unorthodox,Left,Null,NotReferred,Null,True,False,False,False,False,True,False,False,False,False,False,False,1,0,1,0,0,False,False,Wicketkeeper,,,,,
1635562,6,6.0,10,0,0,36,3,10,76226,,40932,Study NT Top End T20 Series,1,1493,Nepal A,1494,Victoria Academy,8738385,2026-08-29T07:56:43Z,2,35,False,3900,Callum Stow,14784,Deepak Dumre,3061,Kushal Bhurtel,212.0,175.0,Right,4,0,4,4,LengthBall,OutsideOff,WellTimed,FrontFoot,Drive,LeftArmLegspin,Over,Unorthodox,Left,Null,NotReferred,Null,False,False,False,False,True,True,False,False,False,False,False,False,4,0,0,0,0,True,False,,,,,,
1635562,6,6.0,10,0,0,36,3,10,76226,,40932,Study NT Top End T20 Series,1,1493,Nepal A,1494,Victoria Academy,8738386,2026-08-29T07:57:13Z,3,36,False,3900,Callum Stow,14784,Deepak Dumre,3061,Kushal Bhurtel,40.0,60.0,Right,1,0,1,1,BackOfALength,OffStump,None,BackFoot,Worked,LeftArmLegspin,Over,Unorthodox,Left,Null,NotReferred,Null,False,False,False,False,False,True,False,False,False,False,False,False,1,0,0,0,0,False,False,Short Fine Leg,,,,,
1635562,6,6.0,10,0,0,36,3,10,76226,,40932,Study NT Top End T20 Series,1,1493,Nepal A,1494,Victoria Academy,8738387,2026-08-29T07:57:39Z,4,37,False,3900,Callum Stow,3061,Kushal Bhurtel,14784,Deepak Dumre,0.0,0.0,Right,1,1,1,0,BackOfALength,OutsideOff,PlayAndMissLegSide,BackFoot,Glance,LeftArmLegspin,Over,Unorthodox,Left,Null,NotReferred,Null,True,False,False,False,False,True,False,False,False,False,False,False,1,0,1,0,0,False,False,Wicketkeeper,,,,,
1635562,6,6.0,10,0,0,36,3,10,76226,,40932,Study NT Top End T20 Series,1,1493,Nepal A,1494,Victoria Academy,8738388,2026-08-29T07:58:03Z,4,38,False,3900,Callum Stow,3061,Kushal Bhurtel,14784,Deepak Dumre,0.0,0.0,Right,0,0,0,0,BackOfALength,LegStump,None,BackFoot,BackwardDefensive,Googly,Over,Unorthodox,Left,Null,NotReferred,Null,False,False,False,False,False,True,False,False,False,False,False,False,0,0,0,0,0,False,False,Bowler,,,,,
1635562,6,6.0,10,0,0,36,3,10,76226,,40932,Study NT Top End T20 Series,1,1493,Nepal A,1494,Victoria Academy,8738389,2026-08-29T07:58:27Z,5,39,False,3900,Callum Stow,3061,Kushal Bhurtel,14784,Deepak Dumre,206.0,149.0,Right,1,0,1,1,HalfVolley,Wide,None,FrontFoot,Drive,LeftArmLegspin,Over,Unorthodox,Left,Null,NotReferred,Null,False,False,False,False,True,True,False,False,False,False,False,False,1,0,0,0,0,False,False,Deep Cover,,,,,
1635562,6,6.0,10,0,0,36,3,10,76226,,40932,Study NT Top End T20 Series,1,1493,Nepal A,1494,Victoria Academy,8738390,2026-08-29T07:58:57Z,6,40,False,3900,Callum Stow,14784,Deepak Dumre,3061,Kushal Bhurtel,204.0,142.0,Right,1,0,1,1,BackOfALength,OutsideOff,None,BackFoot,Drive,LeftArmLegspin,Over,Unorthodox,Left,Null,NotReferred,Null,False,False,False,False,False,True,False,False,False,False,False,False,1,0,0,0,0,False,False,Deep Cover,,,,,
1635563,7,5.71,4,0,0,40,3,4,76226,,40932,Study NT Top End T20 Series,1,1493,Nepal A,1494,Victoria Academy,8738391,2026-08-29T07:59:41Z,1,41,False,21226,Michael Archer,14784,Deepak Dumre,3061,Kushal Bhurtel,192.0,67.0,Right,1,0,1,1,BackOfALength,OutsideOff,None,BackFoot,Pushed,LegSpinner,Over,LegSpin,Right,Null,NotReferred,Null,False,False,False,False,False,True,False,False,False,False,False,False,1,0,0,0,0,False,False,Cover,,,,,
1635563,7,5.71,4,0,0,40,3,4,76226,,40932,Study NT Top End T20 Series,1,1493,Nepal A,1494,Victoria Academy,8738392,2026-08-29T08:00:02Z,2,42,False,21226,Michael Archer,3061,Kushal Bhurtel,14784,Deepak Dumre,195.0,67.0,Right,1,0,1,1,LengthBall,OutsideOff,None,BackFoot,Pushed,LegSpinner,Over,LegSpin,Right,Null,NotReferred,Null,False,False,False,False,False,True,False,False,False,False,False,False,1,0,0,0,0,False,False,Cover,,,,,
1635563,7,5.71,4,0,0,40,3,4,76226,,40932,Study NT Top End T20 Series,1,1493,Nepal A,1494,Victoria Academy,8738393,2026-08-29T08:00:27Z,3,43,False,21226,Michael Archer,14784,Deepak Dumre,3061,Kushal Bhurtel,225.0,53.0,Right,1,0,1,1,HalfVolley,OutsideOff,None,FrontFoot,Drive,LegSpinner,Over,LegSpin,Right,Null,NotReferred,Null,False,False,False,False,False,True,False,False,False,False,False,False,1,0,0,0,0,False,False,Extra Cover,,,,,
1635563,7,5.71,4,0,0,40,3,4,76226,,40932,Study NT Top End T20 Series,1,1493,Nepal A,1494,Victoria Academy,8738394,2026-08-29T08:01:00Z,4,44,False,21226,Michael Archer,3061,Kushal Bhurtel,14784,Deepak Dumre,148.0,53.0,Right,0,0,0,0,LengthBall,OutsideOff,None,FrontFoot,Cut,LegSpinner,Over,LegSpin,Right,Null,NotReferred,Null,False,False,False,False,False,True,False,False,False,False,False,False,0,0,0,0,0,False,False,Gully,,,,,
1635563,7,5.71,4,0,0,40,3,4,76226,,40932,Study NT Top End T20 Series,1,1493,Nepal A,1494,Victoria Academy,8738395,2026-08-29T08:01:19Z,5,45,False,21226,Michael Archer,3061,Kushal Bhurtel,14784,Deepak Dumre,159.0,56.0,Right,0,0,0,0,BackOfALength,OutsideOff,None,BackFoot,LateCut,LegSpinner,Over,LegSpin,Right,Null,NotReferred,Null,False,False,False,False,False,True,False,False,False,False,False,False,0,0,0,0,0,False,False,Backward Point,,,,,
1635563,7,5.71,4,0,0,40,3,4,76226,,40932,Study NT Top End T20 Series,1,1493,Nepal A,1494,Victoria Academy,8738396,2026-08-29T08:01:42Z,6,46,False,21226,Michael Archer,3061,Kushal Bhurtel,14784,Deepak Dumre,330.0,150.0,Right,1,0,1,1,LengthBall,OutsideOff,None,FrontFoot,Sweep,LegSpinner,Over,LegSpin,Right,Null,NotReferred,Null,False,False,False,False,False,True,False,False,False,False,False,False,1,0,0,0,0,False,False,Deep Square Leg,,,,,
1635564,8,5.75,6,0,0,46,3,6,76226,,40932,Study NT Top End T20 Series,1,1493,Nepal A,1494,Victoria Academy,8738397,2026-08-29T08:02:36Z,1,47,False,7802,Sam Elliott,3061,Kushal Bhurtel,14784,Deepak Dumre,24.0,125.0,Right,1,0,1,1,BackOfALength,MiddleStump,None,BackFoot,Glance,NoMovement,Over,Medium,Right,Null,NotReferred,Null,False,False,False,False,False,True,False,False,False,False,False,False,1,0,0,0,0,False,False,Deep Backward Square Leg,,,,,
1635564,8,5.75,6,0,0,46,3,6,76226,,40932,Study NT Top End T20 Series,1,1493,Nepal A,1494,Victoria Academy,8738398,2026-08-29T08:03:08Z,2,48,False,7802,Sam Elliott,14784,Deepak Dumre,3061,Kushal Bhurtel,31.0,133.0,Right,1,0,1,1,BackOfALength,OutsideOff,None,BackFoot,Pull,NoMovement,Over,Medium,Right,Null,NotReferred,Null,False,False,False,False,False,True,False,False,False,False,False,False,1,0,0,0,0,False,False,Fine Leg,,,,,
1635564,8,5.75,6,0,0,46,3,6,76226,,40932,Study NT Top End T20 Series,1,1493,Nepal A,1494,Victoria Academy,8738399,2026-08-29T08:03:36Z,3,49,False,7802,Sam Elliott,3061,Kushal Bhurtel,14784,Deepak Dumre,0.0,0.0,Right,0,0,0,0,LengthBall,OutsideOff,None,FrontFoot,ForwardDefensive,NoMovement,Over,Medium,Right,Null,NotReferred,Null,False,False,False,False,False,True,False,False,False,False,False,False,0,0,0,0,0,False,False,Bowler,,,,,
1635564,8,5.75,6,0,0,46,3,6,76226,,40932,Study NT Top End T20 Series,1,1493,Nepal A,1494,Victoria Academy,8738400,2026-08-29T08:04:18Z,4,50,False,7802,Sam Elliott,3061,Kushal Bhurtel,14784,Deepak Dumre,277.0,151.0,Right,3,0,3,3,LengthBall,OutsideOff,WellTimed,FrontFoot,Drive,NoMovement,Over,Medium,Right,Null,NotReferred,Null,False,False,False,False,True,True,False,False,False,False,False,False,3,0,0,0,0,False,False,Long On,,,,,
1635564,8,5.75,6,0,0,46,3,6,76226,,40932,Study NT Top End T20 Series,1,1493,Nepal A,1494,Victoria Academy,8738401,2026-08-29T08:04:57Z,5,51,False,7802,Sam Elliott,14784,Deepak Dumre,3061,Kushal Bhurtel,0.0,0.0,Right,0,0,0,0,Short,OutsideOff,Missed,BackFoot,Pull,NoMovement,Over,Medium,Right,Null,NotReferred,Null,False,False,False,False,False,True,False,False,False,False,False,False,0,0,0,0,0,False,False,Wicketkeeper,,,,,
1635564,8,5.75,6,0,0,46,3,6,76226,,40932,Study NT Top End T20 Series,1,1493,Nepal A,1494,Victoria Academy,8738402,2026-08-29T08:05:30Z,6,52,False,7802,Sam Elliott,14784,Deepak Dumre,3061,Kushal Bhurtel,354.0,117.0,Right,1,0,1,1,LengthBall,OutsideOff,None,BackFoot,Worked,NoMovement,Over,Medium,Right,Null,NotReferred,Null,False,False,False,False,False,True,False,False,False,False,False,False,1,0,0,0,0,False,False,Deep Square Leg,,,,,
1635565,9,5.56,4,1,0,50,4,4,76226,,40932,Study NT Top End T20 Series,1,1493,Nepal A,1494,Victoria Academy,8738403,2026-08-29T08:06:37Z,1,53,False,3900,Callum Stow,14784,Deepak Dumre,3061,Kushal Bhurtel,178.0,134.0,Right,1,0,1,1,LengthBall,OffStump,ThickEdge,BackFoot,Pushed,Googly,Over,Unorthodox,Left,Null,NotReferred,Null,False,False,False,False,False,True,False,False,False,False,False,False,1,0,0,0,0,False,False,Deep Backward Point,,,,,
1635565,9,5.56,4,1,0,50,4,4,76226,,40932,Study NT Top End T20 Series,1,1493,Nepal A,1494,Victoria Academy,8738404,2026-08-29T08:07:00Z,2,54,False,3900,Callum Stow,3061,Kushal Bhurtel,14784,Deepak Dumre,185.0,161.0,Right,1,0,1,1,LengthBall,OutsideOff,None,FrontFoot,Drive,LeftArmLegspin,Over,Unorthodox,Left,Null,NotReferred,Null,False,False,False,False,False,True,False,False,False,False,False,False,1,0,0,0,0,False,False,Deep Cover,,,,,
1635565,9,5.56,4,1,0,50,4,4,76226,,40932,Study NT Top End T20 Series,1,1493,Nepal A,1494,Victoria Academy,8738405,2026-08-29T08:07:26Z,3,55,False,3900,Callum Stow,14784,Deepak Dumre,3061,Kushal Bhurtel,40.0,12.0,Right,0,1,1,0,HalfVolley,DownLeg,HitPad,FrontFoot,Flick,LeftArmLegspin,Over,Unorthodox,Left,Null,NotReferred,Null,False,False,False,True,False,True,False,False,False,False,False,False,1,0,0,1,0,False,False,Short Fine Leg,,,,,
1635565,9,5.56,4,1,0,50,4,4,76226,,40932,Study NT Top End T20 Series,1,1493,Nepal A,1494,Victoria Academy,8738406,2026-08-29T08:07:50Z,4,56,False,3900,Callum Stow,3061,Kushal Bhurtel,14784,Deepak Dumre,115.0,130.0,Right,1,0,1,1,BackOfALength,MiddleStump,BottomEdge,FrontFoot,ReverseSweep,LeftArmLegspin,Over,Unorthodox,Left,Null,NotReferred,Null,False,False,False,False,False,True,False,False,False,False,False,False,1,0,0,0,0,False,False,Third Man,,,,,
1635565,9,5.56,4,1,0,50,4,4,76226,,40932,Study NT Top End T20 Series,1,1493,Nepal A,1494,Victoria Academy,8738407,2026-08-29T08:08:16Z,5,57,False,3900,Callum Stow,14784,Deepak Dumre,3061,Kushal Bhurtel,0.0,0.0,Right,0,0,0,0,LengthBall,OutsideOff,Missed,FrontFoot,ForwardDefensive,LeftArmLegspin,Over,Unorthodox,Left,Null,NotReferred,Null,False,False,False,False,False,True,False,False,False,False,False,False,0,0,0,0,0,False,False,Wicketkeeper,,,,,
1635565,9,5.56,4,1,0,50,4,4,76226,,40932,Study NT Top End T20 Series,1,1493,Nepal A,1494,Victoria Academy,8738408,2026-08-29T08:08:35Z,6,58,True,3900,Callum Stow,14784,Deepak Dumre,3061,Kushal Bhurtel,25.0,135.0,Right,0,0,0,0,BackOfALength,DownLeg,MisTimed,FrontFoot,SlogSweep,Googly,Over,Unorthodox,Left,Null,NotReferred,Null,False,False,False,False,False,True,False,False,False,False,False,False,0,0,0,0,0,False,True,Deep Backward Square Leg,Caught,14784.0,Deepak Dumre,Caught,Caught
1635566,10,5.4,4,0,0,54,4,4,76226,,40932,Study NT Top End T20 Series,1,1493,Nepal A,1494,Victoria Academy,8738409,2026-08-29T08:10:44Z,1,59,False,21226,Michael Archer,3061,Kushal Bhurtel,2233,Pawan Sarraf,195.0,166.0,Right,1,0,1,1,LengthBall,Wide,None,FrontFoot,Drive,LegSpinner,Over,LegSpin,Right,Null,NotReferred,Null,False,False,False,False,False,True,False,False,False,False,False,False,1,0,0,0,0,False,False,Deep Cover,,,,,
1635566,10,5.4,4,0,0,54,4,4,76226,,40932,Study NT Top End T20 Series,1,1493,Nepal A,1494,Victoria Academy,8738410,2026-08-29T08:11:24Z,2,60,False,21226,Michael Archer,2233,Pawan Sarraf,3061,Kushal Bhurtel,179.0,127.0,Right,1,0,1,1,LengthBall,OutsideOff,ThickEdge,FrontFoot,Drive,LegSpinner,Over,LegSpin,Right,Null,NotReferred,Null,False,False,False,False,False,True,False,False,False,False,False,False,1,0,0,0,0,False,False,Deep Backward Point,,,,,
1635566,10,5.4,4,0,0,54,4,4,76226,,40932,Study NT Top End T20 Series,1,1493,Nepal A,1494,Victoria Academy,8738411,2026-08-29T08:11:48Z,3,61,False,21226,Michael Archer,3061,Kushal Bhurtel,2233,Pawan Sarraf,295.0,133.0,Right,1,0,1,1,BackOfALength,Wide,None,FrontFoot,Sweep,LegSpinner,Over,LegSpin,Right,Null,NotReferred,Null,False,False,False,False,False,True,False,False,False,False,False,False,1,0,0,0,0,False,False,Long On,,,,,
1635566,10,5.4,4,0,0,54,4,4,76226,,40932,Study NT Top End T20 Series,1,1493,Nepal A,1494,Victoria Academy,8738412,2026-08-29T08:12:43Z,4,62,False,21226,Michael Archer,2233,Pawan Sarraf,3061,Kushal Bhurtel,188.0,42.0,Right,1,0,1,1,LengthBall,OutsideOff,None,FrontFoot,Dropped,Googly,Over,LegSpin,Right,Null,NotReferred,Null,False,False,False,False,False,True,False,False,False,False,False,False,1,0,0,0,0,False,False,Cover,,,,,
1635566,10,5.4,4,0,0,54,4,4,76226,,40932,Study NT Top End T20 Series,1,1493,Nepal A,1494,Victoria Academy,8738413,2026-08-29T08:13:07Z,5,63,False,21226,Michael Archer,3061,Kushal Bhurtel,2233,Pawan Sarraf,0.0,0.0,Right,0,0,0,0,BackOfALength,OutsideOff,HitBody,FrontFoot,Sweep,LegSpinner,Over,LegSpin,Right,Null,NotReferred,Null,False,False,False,False,False,True,False,False,False,False,False,False,0,0,0,0,0,False,False,Wicketkeeper,,,,,
1635566,10,5.4,4,0,0,54,4,4,76226,,40932,Study NT Top End T20 Series,1,1493,Nepal A,1494,Victoria Academy,8738414,2026-08-29T08:13:30Z,6,64,False,21226,Michael Archer,3061,Kushal Bhurtel,2233,Pawan Sarraf,76.0,63.0,Right,0,0,0,0,LengthBall,OutsideOff,InsideEdge,FrontFoot,Slog,Googly,Over,LegSpin,Right,Null,NotReferred,Null,False,False,False,False,False,True,False,False,False,False,False,False,0,0,0,0,0,False,False,Short Fine Leg,,,,,
1635567,11,5.45,6,0,0,60,4,6,76226,,40932,Study NT Top End T20 Series,1,1493,Nepal A,1494,Victoria Academy,8738415,2026-08-29T08:14:44Z,1,65,False,8523,Campbell Kellaway,2233,Pawan Sarraf,3061,Kushal Bhurtel,0.0,0.0,Right,0,0,0,0,LengthBall,OutsideOff,Missed,FrontFoot,ForwardDefensive,StockBall,Round,Orthodox,Left,Null,NotReferred,Null,False,False,False,False,False,True,False,False,False,False,False,False,0,0,0,0,0,False,False,Wicketkeeper,,,,,
1635567,11,5.45,6,0,0,60,4,6,76226,,40932,Study NT Top End T20 Series,1,1493,Nepal A,1494,Victoria Academy,8738416,2026-08-29T08:15:06Z,2,66,False,8523,Campbell Kellaway,2233,Pawan Sarraf,3061,Kushal Bhurtel,357.0,138.0,Right,1,0,1,1,LengthBall,MiddleStump,None,FrontFoot,Flick,StockBall,Round,Orthodox,Left,Null,NotReferred,Null,False,False,False,False,False,True,False,False,False,False,False,False,1,0,0,0,0,False,False,Deep Square Leg,,,,,
1635567,11,5.45,6,0,0,60,4,6,76226,,40932,Study NT Top End T20 Series,1,1493,Nepal A,1494,Victoria Academy,8738417,2026-08-29T08:15:41Z,3,67,False,8523,Campbell Kellaway,3061,Kushal Bhurtel,2233,Pawan Sarraf,103.0,130.0,Right,0,2,2,0,HalfVolley,Wide,Missed,FrontFoot,Drive,StockBall,Round,Orthodox,Left,Null,NotReferred,Null,False,False,True,False,False,True,False,False,False,False,False,False,2,2,0,0,0,False,False,Wicketkeeper,,,,,
1635567,11,5.45,6,0,0,60,4,6,76226,,40932,Study NT Top End T20 Series,1,1493,Nepal A,1494,Victoria Academy,8738418,2026-08-29T08:16:11Z,4,68,False,8523,Campbell Kellaway,3061,Kushal Bhurtel,2233,Pawan Sarraf,190.0,145.0,Right,1,0,1,1,BackOfALength,OutsideOff,None,BacksAway,Pushed,StockBall,Round,Orthodox,Left,Null,NotReferred,Null,False,False,False,False,False,True,False,False,False,False,False,False,1,0,0,0,0,False,False,Deep Cover,,,,,
1635567,11,5.45,6,0,0,60,4,6,76226,,40932,Study NT Top End T20 Series,1,1493,Nepal A,1494,Victoria Academy,8738419,2026-08-29T08:16:38Z,5,69,False,8523,Campbell Kellaway,2233,Pawan Sarraf,3061,Kushal Bhurtel,74.0,111.0,Right,1,0,1,1,LengthBall,OutsideOff,InsideEdge,FrontFoot,Worked,StockBall,Round,Orthodox,Left,Null,NotReferred,Null,False,False,False,False,False,True,False,False,False,False,False,False,1,0,0,0,0,False,False,Fine Leg,,,,,
1635567,11,5.45,6,0,0,60,4,6,76226,,40932,Study NT Top End T20 Series,1,1493,Nepal A,1494,Victoria Academy,8738420,2026-08-29T08:17:06Z,6,70,False,8523,Campbell Kellaway,3061,Kushal Bhurtel,2233,Pawan Sarraf,240.0,140.0,Right,1,0,1,1,HalfVolley,OutsideOff,None,FrontFoot,Drive,StockBall,Round,Orthodox,Left,Null,NotReferred,Null,False,False,False,False,False,True,False,False,False,False,False,False,1,0,0,0,0,False,False,Long Off,,,,,
1635568,12,5.25,3,1,0,63,5,3,76226,,40932,Study NT Top End T20 Series,1,1493,Nepal A,1494,Victoria Academy,8738421,2026-08-29T08:17:57Z,1,71,False,3900,Callum Stow,3061,Kushal Bhurtel,2233,Pawan Sarraf,183.0,137.0,Right,1,0,1,1,BackOfALength,OutsideOff,None,BackFoot,Cut,LeftArmLegspin,Over,Unorthodox,Left,Null,NotReferred,Null,False,False,False,False,False,True,False,False,False,False,False,False,1,0,0,0,0,False,False,Deep Cover,,,,,
1635568,12,5.25,3,1,0,63,5,3,76226,,40932,Study NT Top End T20 Series,1,1493,Nepal A,1494,Victoria Academy,8738422,2026-08-29T08:18:27Z,2,72,False,3900,Callum Stow,2233,Pawan Sarraf,3061,Kushal Bhurtel,203.0,58.0,Right,0,0,0,0,BackOfALength,OutsideOff,None,BackFoot,Pushed,LeftArmLegspin,Over,Unorthodox,Left,Null,NotReferred,Null,False,False,False,False,False,True,False,False,False,False,False,False,0,0,0,0,0,False,False,Cover,,,,,
1635568,12,5.25,3,1,0,63,5,3,76226,,40932,Study NT Top End T20 Series,1,1493,Nepal A,1494,Victoria Academy,8738423,2026-08-29T08:18:45Z,3,73,False,3900,Callum Stow,2233,Pawan Sarraf,3061,Kushal Bhurtel,316.0,49.0,Right,1,0,1,1,LengthBall,OffStump,None,BackFoot,Worked,LeftArmLegspin,Over,Unorthodox,Left,Null,NotReferred,Null,False,False,False,False,False,True,False,False,False,False,False,False,1,0,0,0,0,False,False,Mid Wicket,,,,,
1635568,12,5.25,3,1,0,63,5,3,76226,,40932,Study NT Top End T20 Series,1,1493,Nepal A,1494,Victoria Academy,8738424,2026-08-29T08:19:11Z,4,74,False,3900,Callum Stow,3061,Kushal Bhurtel,2233,Pawan Sarraf,148.0,68.0,Right,1,0,1,1,BackOfALength,OutsideOff,None,BackFoot,LateCut,LeftArmLegspin,Over,Unorthodox,Left,Null,NotReferred,Null,False,False,False,False,False,True,False,False,False,False,False,False,1,0,0,0,0,False,False,Gully,,,,,
1635568,12,5.25,3,1,0,63,5,3,76226,,40932,Study NT Top End T20 Series,1,1493,Nepal A,1494,Victoria Academy,8738425,2026-08-29T08:19:36Z,5,75,True,3900,Callum Stow,2233,Pawan Sarraf,3061,Kushal Bhurtel,285.0,147.0,Right,0,0,0,0,LengthBall,OutsideOff,MisTimed,FrontFoot,SlogSweep,LeftArmLegspin,Over,Unorthodox,Left,Null,NotReferred,Null,False,False,False,False,False,True,False,False,False,False,False,False,0,0,0,0,0,False,False,Long On,Caught,2233.0,Pawan Sarraf,Caught,Caught
1635568,12,5.25,3,1,0,63,5,3,76226,,40932,Study NT Top End T20 Series,1,1493,Nepal A,1494,Victoria Academy,8738426,2026-08-29T08:21:32Z,6,76,False,3900,Callum Stow,7808,Lokesh Bam,3061,Kushal Bhurtel,215.0,45.0,Right,0,0,0,0,LengthBall,DownLeg,LeadingEdge,FrontFoot,Worked,LeftArmLegspin,Over,Unorthodox,Left,Null,NotReferred,Null,False,False,False,False,False,True,False,False,False,False,False,False,0,0,0,0,0,False,False,Extra Cover,,,,,
1635569,13,5.15,4,0,0,67,5,4,76226,,40932,Study NT Top End T20 Series,1,1493,Nepal A,1494,Victoria Academy,8738427,2026-08-29T08:22:34Z,1,77,False,15458,Harry Hoekstra,3061,Kushal Bhurtel,7808,Lokesh Bam,178.0,39.0,Right,1,0,1,1,BackOfALength,OutsideOff,Spliced,BackFoot,BackwardDefensive,NoMovement,Round,Medium,Left,Null,NotReferred,Null,False,False,False,False,False,True,False,False,False,False,False,False,1,0,0,0,0,False,True,Backward Point,,,,,
1635569,13,5.15,4,0,0,67,5,4,76226,,40932,Study NT Top End T20 Series,1,1493,Nepal A,1494,Victoria Academy,8738428,2026-08-29T08:23:12Z,2,78,False,15458,Harry Hoekstra,7808,Lokesh Bam,3061,Kushal Bhurtel,0.0,0.0,Right,1,1,1,0,LengthBall,MiddleStump,PlayAndMissLegSide,BackFoot,Glance,NoMovement,Round,Medium,Left,Null,NotReferred,Null,True,False,False,False,False,True,False,False,False,False,False,False,1,0,1,0,0,False,False,Wicketkeeper,,,,,
1635569,13,5.15,4,0,0,67,5,4,76226,,40932,Study NT Top End T20 Series,1,1493,Nepal A,1494,Victoria Academy,8738429,2026-08-29T08:23:46Z,2,79,False,15458,Harry Hoekstra,7808,Lokesh Bam,3061,Kushal Bhurtel,0.0,0.0,Right,0,0,0,0,HalfVolley,OutsideOff,Missed,DownTheTrack,Slog,NoMovement,Round,Medium,Left,Null,NotReferred,Null,False,False,False,False,False,True,False,False,False,False,False,False,0,0,0,0,0,False,False,Wicketkeeper,,,,,
1635569,13,5.15,4,0,0,67,5,4,76226,,40932,Study NT Top End T20 Series,1,1493,Nepal A,1494,Victoria Academy,8738430,2026-08-29T08:24:19Z,3,80,False,15458,Harry Hoekstra,7808,Lokesh Bam,3061,Kushal Bhurtel,336.0,35.0,Right,0,0,0,0,LengthBall,OffStump,None,FrontFoot,Worked,NoMovement,Round,Medium,Left,Null,NotReferred,Null,False,False,False,False,False,True,False,False,False,False,False,False,0,0,0,0,0,False,False,Square Leg,,,,,
1635569,13,5.15,4,0,0,67,5,4,76226,,40932,Study NT Top End T20 Series,1,1493,Nepal A,1494,Victoria Academy,8738431,2026-08-29T08:24:55Z,4,81,False,15458,Harry Hoekstra,7808,Lokesh Bam,3061,Kushal Bhurtel,21.0,122.0,Right,1,0,1,1,BackOfALength,OutsideOff,MisTimed,BackFoot,Pull,SlowerBall,Round,Medium,Left,Null,NotReferred,Null,False,False,False,False,False,True,False,False,False,False,False,False,1,0,0,0,0,False,True,Deep Backward Square Leg,,,,,
1635569,13,5.15,4,0,0,67,5,4,76226,,40932,Study NT Top End T20 Series,1,1493,Nepal A,1494,Victoria Academy,8738432,2026-08-29T08:25:41Z,5,82,False,15458,Harry Hoekstra,3061,Kushal Bhurtel,7808,Lokesh Bam,0.0,0.0,Right,0,0,0,0,LengthBall,OutsideOff,Missed,FrontFoot,Pushed,OffCutter,Round,Medium,Left,Null,NotReferred,Null,False,False,False,False,False,True,False,False,False,False,False,False,0,0,0,0,0,False,False,Wicketkeeper,,,,,
1635569,13,5.15,4,0,0,67,5,4,76226,,40932,Study NT Top End T20 Series,1,1493,Nepal A,1494,Victoria Academy,8738433,2026-08-29T08:26:15Z,6,83,False,15458,Harry Hoekstra,3061,Kushal Bhurtel,7808,Lokesh Bam,154.0,60.0,Right,1,0,1,1,LengthBall,OutsideOff,None,FrontFoot,Pushed,OffCutter,Round,Medium,Left,Null,NotReferred,Null,False,False,False,False,False,True,False,False,False,False,False,False,1,0,0,0,0,False,False,Backward Point,,,,,
1635570,14,5.57,11,0,0,78,5,11,76226,,40932,Study NT Top End T20 Series,1,1493,Nepal A,1494,Victoria Academy,8738434,2026-08-29T08:27:16Z,1,84,False,21226,Michael Archer,3061,Kushal Bhurtel,7808,Lokesh Bam,211.0,175.0,Right,6,0,6,6,HalfVolley,OffStump,Middled,BacksAway,Drive,LegSpinner,Over,LegSpin,Right,Null,NotReferred,Null,False,False,False,False,True,True,False,False,False,False,False,False,6,0,0,0,0,True,False,,,,,,
1635570,14,5.57,11,0,0,78,5,11,76226,,40932,Study NT Top End T20 Series,1,1493,Nepal A,1494,Victoria Academy,8738435,2026-08-29T08:30:10Z,2,85,False,21226,Michael Archer,3061,Kushal Bhurtel,7808,Lokesh Bam,195.0,64.0,Right,1,0,1,1,BackOfALength,OutsideOff,None,BackFoot,BackwardDefensive,Googly,Over,LegSpin,Right,Null,NotReferred,Null,False,False,False,False,False,True,False,False,False,False,False,False,1,0,0,0,0,False,False,Cover,,,,,
1635570,14,5.57,11,0,0,78,5,11,76226,,40932,Study NT Top End T20 Series,1,1493,Nepal A,1494,Victoria Academy,8738436,2026-08-29T08:30:37Z,3,86,False,21226,Michael Archer,7808,Lokesh Bam,3061,Kushal Bhurtel,284.0,153.0,Right,1,0,1,1,LengthBall,OutsideOff,MisTimed,FrontFoot,Drive,LegSpinner,Over,LegSpin,Right,Null,NotReferred,Null,False,False,False,False,False,True,False,False,False,False,False,False,1,0,0,0,0,False,False,Long On,,,,,
1635570,14,5.57,11,0,0,78,5,11,76226,,40932,Study NT Top End T20 Series,1,1493,Nepal A,1494,Victoria Academy,8738437,2026-08-29T08:31:08Z,4,87,False,21226,Michael Archer,3061,Kushal Bhurtel,7808,Lokesh Bam,195.0,50.0,Right,1,0,1,1,Yorker,OffStump,None,BackFoot,BackwardDefensive,LegSpinner,Over,LegSpin,Right,Null,NotReferred,Null,False,False,False,False,False,True,False,False,False,False,False,False,1,0,0,0,0,False,False,Wicketkeeper,,,,,
1635570,14,5.57,11,0,0,78,5,11,76226,,40932,Study NT Top End T20 Series,1,1493,Nepal A,1494,Victoria Academy,8738438,2026-08-29T08:31:28Z,5,88,False,21226,Michael Archer,7808,Lokesh Bam,3061,Kushal Bhurtel,0.0,133.0,Right,1,0,1,1,LengthBall,OutsideOff,None,FrontFoot,Sweep,LegSpinner,Over,LegSpin,Right,Null,NotReferred,Null,False,False,False,False,False,True,False,False,False,False,False,False,1,0,0,0,0,False,False,Deep Backward Square Leg,,,,,
1635570,14,5.57,11,0,0,78,5,11,76226,,40932,Study NT Top End T20 Series,1,1493,Nepal A,1494,Victoria Academy,8738439,2026-08-29T08:31:51Z,6,89,False,21226,Michael Archer,3061,Kushal Bhurtel,7808,Lokesh Bam,164.0,67.0,Right,1,0,1,1,LengthBall,OutsideOff,None,FrontFoot,Cut,LegSpinner,Over,LegSpin,Right,Null,NotReferred,Null,False,False,False,False,False,True,False,False,False,False,False,False,1,0,0,0,0,False,False,Backward Point,,,,,
1635571,15,5.6,6,0,0,84,5,6,76226,,40932,Study NT Top End T20 Series,1,1493,Nepal A,1494,Victoria Academy,8738440,2026-08-29T08:33:04Z,1,90,False,11468,Austin Anlezark,3061,Kushal Bhurtel,7808,Lokesh Bam,281.0,148.0,Right,1,0,1,1,HalfVolley,MiddleStump,None,BackFoot,Drive,NoMovement,Over,Medium,Right,Null,NotReferred,Null,False,False,False,False,False,True,False,False,False,False,False,False,1,0,0,0,0,False,False,Long On,,,,,
1635571,15,5.6,6,0,0,84,5,6,76226,,40932,Study NT Top End T20 Series,1,1493,Nepal A,1494,Victoria Academy,8738441,2026-08-29T08:33:40Z,2,91,False,11468,Austin Anlezark,7808,Lokesh Bam,3061,Kushal Bhurtel,0.0,0.0,Right,0,0,0,0,BackOfALength,OutsideOff,Missed,BackFoot,Pull,OffCutter,Over,Medium,Right,Null,NotReferred,Null,False,False,False,False,False,True,False,False,False,False,False,False,0,0,0,0,0,False,False,Wicketkeeper,,,,,
1635571,15,5.6,6,0,0,84,5,6,76226,,40932,Study NT Top End T20 Series,1,1493,Nepal A,1494,Victoria Academy,8738442,2026-08-29T08:34:17Z,3,92,False,11468,Austin Anlezark,7808,Lokesh Bam,3061,Kushal Bhurtel,207.0,61.0,Right,0,0,0,0,HalfVolley,OutsideOff,None,FrontFoot,Pushed,OffCutter,Over,Medium,Right,Null,NotReferred,Null,False,False,False,False,False,True,False,False,False,False,False,False,0,0,0,0,0,False,False,Cover,,,,,
1635571,15,5.6,6,0,0,84,5,6,76226,,40932,Study NT Top End T20 Series,1,1493,Nepal A,1494,Victoria Academy,8738443,2026-08-29T08:34:57Z,4,93,False,11468,Austin Anlezark,7808,Lokesh Bam,3061,Kushal Bhurtel,214.0,36.0,Right,0,0,0,0,Short,OutsideOff,Spliced,BacksAway,Fended,NoMovement,Over,Medium,Right,Null,NotReferred,Null,False,False,False,False,False,True,False,False,False,False,False,False,0,0,0,0,0,False,False,Extra Cover,,,,,
1635571,15,5.6,6,0,0,84,5,6,76226,,40932,Study NT Top End T20 Series,1,1493,Nepal A,1494,Victoria Academy,8738444,2026-08-29T08:35:38Z,5,94,False,11468,Austin Anlezark,7808,Lokesh Bam,3061,Kushal Bhurtel,115.0,135.0,Right,1,0,1,1,HalfVolley,MiddleStump,LeadingEdge,FrontFoot,Flick,OffCutter,Over,Medium,Right,Null,NotReferred,Null,False,False,False,False,False,True,False,False,False,False,False,False,1,0,0,0,0,False,False,Third Man,,,,,
1635571,15,5.6,6,0,0,84,5,6,76226,,40932,Study NT Top End T20 Series,1,1493,Nepal A,1494,Victoria Academy,8738445,2026-08-29T08:36:21Z,6,95,False,11468,Austin Anlezark,3061,Kushal Bhurtel,7808,Lokesh Bam,204.0,174.0,Right,4,0,4,4,LengthBall,OutsideOff,WellTimed,FrontFoot,Drive,NoMovement,Over,Medium,Right,Null,NotReferred,Null,False,False,False,False,False,True,False,False,False,False,False,False,4,0,0,0,0,True,False,,,,,,
1635572,16,5.5,4,0,0,88,5,4,76226,,40932,Study NT Top End T20 Series,1,1493,Nepal A,1494,Victoria Academy,8738446,2026-08-29T08:38:00Z,1,96,False,3900,Callum Stow,7808,Lokesh Bam,3061,Kushal Bhurtel,0.0,0.0,Right,0,2,2,0,HalfVolley,DownLeg,Missed,FrontFoot,SwitchHit,LeftArmLegspin,Over,Unorthodox,Left,Null,NotReferred,Null,False,False,True,False,False,True,False,False,False,False,False,False,2,2,0,0,0,False,False,Wicketkeeper,,,,,
1635572,16,5.5,4,0,0,88,5,4,76226,,40932,Study NT Top End T20 Series,1,1493,Nepal A,1494,Victoria Academy,8738447,2026-08-29T08:38:34Z,2,97,False,3900,Callum Stow,7808,Lokesh Bam,3061,Kushal Bhurtel,283.0,141.0,Right,1,0,1,1,BackOfALength,OutsideOff,MisTimed,FrontFoot,Sweep,LeftArmLegspin,Over,Unorthodox,Left,Null,NotReferred,Null,False,False,False,False,False,True,False,False,False,False,False,False,1,0,0,0,0,False,True,Long On,,,,,
1635572,16,5.5,4,0,0,88,5,4,76226,,40932,Study NT Top End T20 Series,1,1493,Nepal A,1494,Victoria Academy,8738448,2026-08-29T08:39:13Z,3,98,False,3900,Callum Stow,3061,Kushal Bhurtel,7808,Lokesh Bam,0.0,0.0,Right,0,0,0,0,LengthBall,OffStump,None,FrontFoot,Worked,LeftArmLegspin,Over,Unorthodox,Left,Null,NotReferred,Null,False,False,False,False,False,True,False,False,False,False,False,False,0,0,0,0,0,False,False,Bowler,,,,,
1635572,16,5.5,4,0,0,88,5,4,76226,,40932,Study NT Top End T20 Series,1,1493,Nepal A,1494,Victoria Academy,8738449,2026-08-29T08:39:32Z,4,99,False,3900,Callum Stow,3061,Kushal Bhurtel,7808,Lokesh Bam,184.0,138.0,Right,1,0,1,1,LengthBall,Wide,None,BackFoot,Cut,LeftArmLegspin,Over,Unorthodox,Left,Null,NotReferred,Null,False,False,False,False,False,True,False,False,False,False,False,False,1,0,0,0,0,False,False,Deep Cover,,,,,
1635572,16,5.5,4,0,0,88,5,4,76226,,40932,Study NT Top End T20 Series,1,1493,Nepal A,1494,Victoria Academy,8738450,2026-08-29T08:40:06Z,5,100,False,3900,Callum Stow,7808,Lokesh Bam,3061,Kushal Bhurtel,0.0,0.0,Right,0,0,0,0,BackOfALength,OutsideOff,None,BackFoot,BackwardDefensive,LeftArmLegspin,Over,Unorthodox,Left,Null,NotReferred,Null,False,False,False,False,False,True,False,False,False,False,False,False,0,0,0,0,0,False,False,Bowler,,,,,
1635572,16,5.5,4,0,0,88,5,4,76226,,40932,Study NT Top End T20 Series,1,1493,Nepal A,1494,Victoria Academy,8738451,2026-08-29T08:40:30Z,6,101,False,3900,Callum Stow,7808,Lokesh Bam,3061,Kushal Bhurtel,0.0,0.0,Right,0,0,0,0,Short,MiddleStump,Missed,FrontFoot,Sweep,Googly,Over,Unorthodox,Left,Null,NotReferred,Null,False,False,False,False,False,True,False,False,False,False,False,False,0,0,0,0,0,False,False,Wicketkeeper,,,,,
1635573,17,5.71,9,1,0,97,6,9,76226,,40932,Study NT Top End T20 Series,1,1493,Nepal A,1494,Victoria Academy,8738452,2026-08-29T08:41:50Z,1,102,False,15458,Harry Hoekstra,3061,Kushal Bhurtel,7808,Lokesh Bam,0.0,0.0,Right,0,0,0,0,LengthBall,OutsideOff,None,FrontFoot,Worked,NoMovement,Round,Medium,Left,Null,NotReferred,Null,False,False,False,False,False,True,False,False,False,False,False,False,0,0,0,0,0,False,False,Bowler,,,,,
1635573,17,5.71,9,1,0,97,6,9,76226,,40932,Study NT Top End T20 Series,1,1493,Nepal A,1494,Victoria Academy,8738453,2026-08-29T08:42:25Z,2,103,False,15458,Harry Hoekstra,3061,Kushal Bhurtel,7808,Lokesh Bam,6.0,169.0,Right,6,0,6,6,LengthBall,OutsideOff,Middled,MovesInfront,SlogSweep,NoMovement,Round,Medium,Left,Null,NotReferred,Null,False,False,False,False,True,True,False,False,False,False,False,False,6,0,0,0,0,True,False,,,,,,
1635573,17,5.71,9,1,0,97,6,9,76226,,40932,Study NT Top End T20 Series,1,1493,Nepal A,1494,Victoria Academy,8738454,2026-08-29T08:43:30Z,3,104,False,15458,Harry Hoekstra,3061,Kushal Bhurtel,7808,Lokesh Bam,192.0,126.0,Right,1,0,1,1,LengthBall,DownLeg,None,FrontFoot,Pushed,NoMovement,Over,Medium,Left,Null,NotReferred,Null,False,False,False,False,False,True,False,False,False,False,False,False,1,0,0,0,0,False,False,Deep Cover,,,,,
1635573,17,5.71,9,1,0,97,6,9,76226,,40932,Study NT Top End T20 Series,1,1493,Nepal A,1494,Victoria Academy,8738455,2026-08-29T08:44:08Z,4,105,True,15458,Harry Hoekstra,7808,Lokesh Bam,3061,Kushal Bhurtel,8.0,128.0,Right,0,0,0,0,LengthBall,LegStump,MisTimed,DeepInCrease,Slog,NoMovement,Over,Medium,Left,Null,NotReferred,Null,False,False,False,False,True,True,False,False,False,False,False,False,0,0,0,0,0,False,False,Deep Backward Square Leg,Caught,7808.0,Lokesh Bam,Caught,Caught
1635573,17,5.71,9,1,0,97,6,9,76226,,40932,Study NT Top End T20 Series,1,1493,Nepal A,1494,Victoria Academy,8738456,2026-08-29T08:46:12Z,5,106,False,15458,Harry Hoekstra,15761,Narayan Joshi,3061,Kushal Bhurtel,15.0,125.0,Right,1,0,1,1,LengthBall,DownLeg,None,BackFoot,Worked,NoMovement,Over,Medium,Left,Null,NotReferred,Null,False,False,False,False,False,True,False,False,False,False,False,False,1,0,0,0,0,False,False,Deep Backward Square Leg,,,,,
1635573,17,5.71,9,1,0,97,6,9,76226,,40932,Study NT Top End T20 Series,1,1493,Nepal A,1494,Victoria Academy,8738457,2026-08-29T08:46:52Z,6,107,False,15458,Harry Hoekstra,3061,Kushal Bhurtel,15761,Narayan Joshi,12.0,148.0,Right,1,0,1,1,Short,DownLeg,None,BackFoot,Pull,OffCutter,Over,Medium,Left,Null,NotReferred,Null,False,False,False,False,False,True,False,False,False,False,False,False,1,0,0,0,0,False,False,Deep Backward Square Leg,,,,,
1635574,18,6.33,17,0,0,114,6,17,76226,,40932,Study NT Top End T20 Series,1,1493,Nepal A,1494,Victoria Academy,8738458,2026-08-29T08:48:18Z,1,108,False,11468,Austin Anlezark,3061,Kushal Bhurtel,15761,Narayan Joshi,13.0,149.0,Right,2,0,2,2,Short,OutsideOff,WellTimed,BackFoot,Pull,LegCutter,Over,Medium,Right,Null,NotReferred,Null,False,False,False,False,True,True,False,False,True,True,False,False,2,0,0,0,0,False,False,Deep Backward Square Leg,,,,,
1635574,18,6.33,17,0,0,114,6,17,76226,,40932,Study NT Top End T20 Series,1,1493,Nepal A,1494,Victoria Academy,8738459,2026-08-29T08:48:58Z,2,109,False,11468,Austin Anlezark,3061,Kushal Bhurtel,15761,Narayan Joshi,231.0,137.0,Right,0,0,0,0,BackOfALength,Wide,None,FrontFoot,Drive,NoMovement,Over,Medium,Right,Null,NotReferred,Null,False,False,False,False,False,True,False,False,True,True,False,False,0,0,0,0,0,False,False,Deep Extra Cover,,,,,
1635574,18,6.33,17,0,0,114,6,17,76226,,40932,Study NT Top End T20 Series,1,1493,Nepal A,1494,Victoria Academy,8738460,2026-08-29T08:49:34Z,3,110,False,11468,Austin Anlezark,3061,Kushal Bhurtel,15761,Narayan Joshi,272.0,180.0,Right,4,0,4,4,LengthBall,OutsideOff,WellTimed,FrontFoot,Drive,NoMovement,Over,Medium,Right,Null,NotReferred,Null,False,False,False,False,True,True,False,False,True,True,False,False,4,0,0,0,0,True,False,,,,,,
1635574,18,6.33,17,0,0,114,6,17,76226,,40932,Study NT Top End T20 Series,1,1493,Nepal A,1494,Victoria Academy,8738461,2026-08-29T08:50:27Z,4,111,False,11468,Austin Anlezark,3061,Kushal Bhurtel,15761,Narayan Joshi,164.0,167.0,Right,4,0,4,4,BackOfALength,OutsideOff,WellTimed,BacksAway,Cut,NoMovement,Over,Medium,Right,Null,NotReferred,Null,False,False,False,False,False,True,False,False,True,True,False,False,4,0,0,0,0,True,False,,,,,,
1635574,18,6.33,17,0,0,114,6,17,76226,,40932,Study NT Top End T20 Series,1,1493,Nepal A,1494,Victoria Academy,8738462,2026-08-29T08:51:08Z,5,112,False,11468,Austin Anlezark,3061,Kushal Bhurtel,15761,Narayan Joshi,192.0,172.0,Right,6,0,6,6,LengthBall,Wide,Middled,FrontFoot,Drive,NoMovement,Over,Medium,Right,Null,NotReferred,Null,False,False,False,False,True,True,False,False,True,True,False,False,6,0,0,0,0,True,False,,,,,,
1635574,18,6.33,17,0,0,114,6,17,76226,,40932,Study NT Top End T20 Series,1,1493,Nepal A,1494,Victoria Academy,8738463,2026-08-29T08:51:49Z,6,113,False,11468,Austin Anlezark,3061,Kushal Bhurtel,15761,Narayan Joshi,195.0,45.0,Right,1,0,1,1,BackOfALength,OutsideOff,None,FrontFoot,Dropped,NoMovement,Over,Medium,Right,Null,NotReferred,Null,False,False,False,False,False,True,False,False,True,True,False,False,1,0,0,0,0,False,False,Cover,,,,,
1635575,19,6.47,9,0,0,123,6,9,76226,,40932,Study NT Top End T20 Series,1,1493,Nepal A,1494,Victoria Academy,8738464,2026-08-29T08:52:46Z,1,114,False,7802,Sam Elliott,3061,Kushal Bhurtel,15761,Narayan Joshi,179.0,170.0,Right,4,0,4,4,Short,Wide,WellTimed,MovesInfront,Cut,OffCutter,Over,Medium,Right,Null,NotReferred,Null,False,False,False,False,True,True,False,False,True,True,False,False,4,0,0,0,0,True,False,,,,,,
1635575,19,6.47,9,0,0,123,6,9,76226,,40932,Study NT Top End T20 Series,1,1493,Nepal A,1494,Victoria Academy,8738465,2026-08-29T08:53:26Z,2,115,False,7802,Sam Elliott,3061,Kushal Bhurtel,15761,Narayan Joshi,359.0,162.0,Right,1,0,1,1,HalfVolley,OutsideOff,None,FrontFoot,Sweep,SlowerBall,Over,Medium,Right,Null,NotReferred,Null,False,False,False,False,False,True,False,False,True,True,False,False,1,0,0,0,0,False,False,Deep Square Leg,,,,,
1635575,19,6.47,9,0,0,123,6,9,76226,,40932,Study NT Top End T20 Series,1,1493,Nepal A,1494,Victoria Academy,8738466,2026-08-29T08:54:07Z,3,116,False,7802,Sam Elliott,15761,Narayan Joshi,3061,Kushal Bhurtel,253.0,146.0,Right,3,0,3,3,LengthBall,OutsideOff,None,FrontFoot,Drive,OffCutter,Over,Medium,Right,Null,NotReferred,Null,False,False,False,False,True,True,False,False,True,True,False,False,3,0,0,0,0,False,False,Long Off,,,,,
1635575,19,6.47,9,0,0,123,6,9,76226,,40932,Study NT Top End T20 Series,1,1493,Nepal A,1494,Victoria Academy,8738467,2026-08-29T08:54:46Z,4,117,False,7802,Sam Elliott,3061,Kushal Bhurtel,15761,Narayan Joshi,0.0,0.0,Right,0,0,0,0,Short,OutsideOff,Missed,BackFoot,Pull,OffCutter,Over,Medium,Right,Null,NotReferred,Null,False,False,False,False,False,True,False,False,True,True,False,False,0,0,0,0,0,False,False,Wicketkeeper,,,,,
1635575,19,6.47,9,0,0,123,6,9,76226,,40932,Study NT Top End T20 Series,1,1493,Nepal A,1494,Victoria Academy,8738468,2026-08-29T08:55:20Z,5,118,False,7802,Sam Elliott,3061,Kushal Bhurtel,15761,Narayan Joshi,3.0,141.0,Right,1,0,1,1,Short,OutsideOff,None,BackFoot,Pull,OffCutter,Over,Medium,Right,Null,NotReferred,Null,False,False,False,False,False,True,False,False,True,True,False,False,1,0,0,0,0,False,False,Deep Backward Square Leg,,,,,
1635575,19,6.47,9,0,0,123,6,9,76226,,40932,Study NT Top End T20 Series,1,1493,Nepal A,1494,Victoria Academy,8738469,2026-08-29T08:55:53Z,6,119,False,7802,Sam Elliott,15761,Narayan Joshi,3061,Kushal Bhurtel,0.0,0.0,Right,0,0,0,0,LengthBall,OutsideOff,Missed,FrontFoot,Slog,OffCutter,Over,Medium,Right,Null,NotReferred,Null,False,False,False,False,False,True,False,False,True,True,False,False,0,0,0,0,0,False,False,Wicketkeeper,,,,,
1635576,20,7.1,19,0,0,142,6,19,76226,,40932,Study NT Top End T20 Series,1,1493,Nepal A,1494,Victoria Academy,8738470,2026-08-29T08:56:52Z,1,120,False,11468,Austin Anlezark,3061,Kushal Bhurtel,15761,Narayan Joshi,21.0,122.0,Right,2,0,2,2,Short,OutsideOff,None,BackFoot,Pull,OffCutter,Over,Medium,Right,Null,NotReferred,Null,False,False,False,False,True,True,False,False,False,False,False,False,2,0,0,0,0,False,False,Deep Backward Square Leg,,,,,
1635576,20,7.1,19,0,0,142,6,19,76226,,40932,Study NT Top End T20 Series,1,1493,Nepal A,1494,Victoria Academy,8738471,2026-08-29T08:57:36Z,2,121,False,11468,Austin Anlezark,3061,Kushal Bhurtel,15761,Narayan Joshi,240.0,133.0,Right,1,0,1,1,HalfVolley,OutsideOff,None,FrontFoot,Drive,NoMovement,Over,Medium,Right,Null,NotReferred,Null,False,False,False,False,False,True,False,False,False,False,False,False,1,0,0,0,0,False,False,Long Off,,,,,
1635576,20,7.1,19,0,0,142,6,19,76226,,40932,Study NT Top End T20 Series,1,1493,Nepal A,1494,Victoria Academy,8738472,2026-08-29T08:58:15Z,3,122,False,11468,Austin Anlezark,15761,Narayan Joshi,3061,Kushal Bhurtel,0.0,0.0,Right,1,1,1,0,Beamer,WideDownLeg,Left,NoMovement,NoShot,SlowerBall,Over,Medium,Right,Null,NotReferred,2,False,True,False,False,False,True,False,False,False,False,False,False,1,0,0,0,1,False,False,Wicketkeeper,,,,,
1635576,20,7.1,19,0,0,142,6,19,76226,,40932,Study NT Top End T20 Series,1,1493,Nepal A,1494,Victoria Academy,8738473,2026-08-29T08:58:51Z,3,123,False,11468,Austin Anlezark,15761,Narayan Joshi,3061,Kushal Bhurtel,142.0,150.0,Right,3,0,3,3,LengthBall,OutsideOff,WellTimed,BacksAway,Cut,NoMovement,Over,Medium,Right,Null,NotReferred,Null,False,False,False,False,True,True,True,False,False,False,False,False,3,0,0,0,0,False,False,Third Man,,,,,
1635576,20,7.1,19,0,0,142,6,19,76226,,40932,Study NT Top End T20 Series,1,1493,Nepal A,1494,Victoria Academy,8738474,2026-08-29T08:59:50Z,4,124,False,11468,Austin Anlezark,3061,Kushal Bhurtel,15761,Narayan Joshi,338.0,174.0,Right,6,0,6,6,BackOfALength,OutsideOff,Middled,BackFoot,Pull,NoMovement,Over,Medium,Right,Null,NotReferred,Null,False,False,False,False,True,True,False,False,False,False,False,False,6,0,0,0,0,True,False,,,,,,
1635576,20,7.1,19,0,0,142,6,19,76226,,40932,Study NT Top End T20 Series,1,1493,Nepal A,1494,Victoria Academy,8738475,2026-08-29T09:00:38Z,5,125,False,11468,Austin Anlezark,3061,Kushal Bhurtel,15761,Narayan Joshi,10.0,131.0,Right,2,0,2,2,FullToss,MiddleStump,None,FrontFoot,Flick,NoMovement,Over,Medium,Right,Null,NotReferred,Null,False,False,False,False,False,True,False,False,False,False,False,False,2,0,0,0,0,False,False,Deep Backward Square Leg,,,,,
1635576,20,7.1,19,0,0,142,6,19,76226,,40932,Study NT Top End T20 Series,1,1493,Nepal A,1494,Victoria Academy,8738476,2026-08-29T09:01:21Z,6,126,False,11468,Austin Anlezark,3061,Kushal Bhurtel,15761,Narayan Joshi,88.0,160.0,Right,4,0,4,4,LengthBall,OutsideOff,WellTimed,MovesInfront,Scoop,NoMovement,Over,Medium,Right,Null,NotReferred,Null,False,False,False,False,True,True,False,False,False,False,False,False,4,0,0,0,0,True,False,,,,,,
1635578,2,15.0,12,0,0,30,0,12,76227,,40932,Study NT Top End T20 Series,2,1494,Victoria Academy,1493,Nepal A,8738483,2026-08-29T09:23:38Z,1,7,False,2233,Pawan Sarraf,11466,Harry Dixon,8506,Tom Rogers,337.0,174.0,Left,4,0,4,4,LengthBall,OutsideOff,WellTimed,FrontFoot,Drive,OffBreak,Round,OffSpin,Right,Null,NotReferred,Null,False,False,False,False,False,True,False,False,True,False,False,False,4,0,0,0,0,True,False,,,,,,
1635578,2,15.0,12,0,0,30,0,12,76227,,40932,Study NT Top End T20 Series,2,1494,Victoria Academy,1493,Nepal A,8738484,2026-08-29T09:24:20Z,2,8,False,2233,Pawan Sarraf,11466,Harry Dixon,8506,Tom Rogers,283.0,180.0,Left,4,0,4,4,BackOfALength,OutsideOff,WellTimed,FrontFoot,Drive,OffBreak,Round,OffSpin,Right,Null,NotReferred,Null,False,False,False,False,False,True,False,False,True,False,False,False,4,0,0,0,0,True,False,,,,,,
1635578,2,15.0,12,0,0,30,0,12,76227,,40932,Study NT Top End T20 Series,2,1494,Victoria Academy,1493,Nepal A,8738485,2026-08-29T09:25:01Z,3,9,False,2233,Pawan Sarraf,11466,Harry Dixon,8506,Tom Rogers,304.0,148.0,Left,2,0,2,2,BackOfALength,Wide,None,FrontFoot,Drive,OffBreak,Round,OffSpin,Right,Null,NotReferred,Null,False,False,False,False,False,True,False,False,True,False,False,False,2,0,0,0,0,False,False,Deep Extra Cover,,,,,
1635578,2,15.0,12,0,0,30,0,12,76227,,40932,Study NT Top End T20 Series,2,1494,Victoria Academy,1493,Nepal A,8738486,2026-08-29T09:25:34Z,4,10,False,2233,Pawan Sarraf,11466,Harry Dixon,8506,Tom Rogers,293.0,150.0,Left,1,0,1,1,HalfVolley,OutsideOff,None,FrontFoot,Drive,OffBreak,Round,OffSpin,Right,Null,NotReferred,Null,False,False,False,False,False,True,False,False,True,False,False,False,1,0,0,0,0,False,False,Long Off,,,,,
1635578,2,15.0,12,0,0,30,0,12,76227,,40932,Study NT Top End T20 Series,2,1494,Victoria Academy,1493,Nepal A,8738487,2026-08-29T09:26:06Z,5,11,False,2233,Pawan Sarraf,8506,Tom Rogers,11466,Harry Dixon,190.0,145.0,Left,1,0,1,1,Short,OutsideOff,None,BackFoot,Pull,OffBreak,Round,OffSpin,Right,Null,NotReferred,Null,False,False,False,False,False,True,False,False,True,False,False,False,1,0,0,0,0,False,False,Deep Square Leg,,,,,
1635578,2,15.0,12,0,0,30,0,12,76227,,40932,Study NT Top End T20 Series,2,1494,Victoria Academy,1493,Nepal A,8738488,2026-08-29T09:26:28Z,6,12,False,2233,Pawan Sarraf,11466,Harry Dixon,8506,Tom Rogers,0.0,0.0,Left,0,0,0,0,HalfVolley,OutsideOff,Missed,FrontFoot,Drive,OffBreak,Round,OffSpin,Right,Null,NotReferred,Null,False,False,False,False,False,True,False,False,True,False,False,False,0,0,0,0,0,False,False,Wicketkeeper,,,,,
1635579,3,13.33,10,0,0,40,0,10,76227,,40932,Study NT Top End T20 Series,2,1494,Victoria Academy,1493,Nepal A,8738489,2026-08-29T09:27:58Z,1,13,False,21943,Bipin Khatri,8506,Tom Rogers,11466,Harry Dixon,158.0,166.0,Left,4,0,4,4,BackOfALength,DownLeg,WellTimed,BackFoot,Sweep,StockBall,Round,Orthodox,Left,Null,NotReferred,Null,False,False,False,False,False,True,False,False,True,False,False,False,4,0,0,0,0,True,False,,,,,,
1635579,3,13.33,10,0,0,40,0,10,76227,,40932,Study NT Top End T20 Series,2,1494,Victoria Academy,1493,Nepal A,8738490,2026-08-29T09:28:37Z,2,14,False,21943,Bipin Khatri,8506,Tom Rogers,11466,Harry Dixon,250.0,145.0,Left,2,0,2,2,HalfVolley,OutsideOff,None,BackFoot,Worked,StockBall,Round,Orthodox,Left,Null,NotReferred,Null,False,False,False,False,False,True,False,False,True,False,False,False,2,0,0,0,0,False,False,Long On,,,,,
1635579,3,13.33,10,0,0,40,0,10,76227,,40932,Study NT Top End T20 Series,2,1494,Victoria Academy,1493,Nepal A,8738491,2026-08-29T09:29:01Z,3,15,False,21943,Bipin Khatri,8506,Tom Rogers,11466,Harry Dixon,344.0,66.0,Left,0,0,0,0,HalfVolley,OutsideOff,None,FrontFoot,Drive,StockBall,Round,Orthodox,Left,Null,NotReferred,Null,False,False,False,False,False,True,False,False,True,False,False,False,0,0,0,0,0,False,False,Cover,,,,,
1635579,3,13.33,10,0,0,40,0,10,76227,,40932,Study NT Top End T20 Series,2,1494,Victoria Academy,1493,Nepal A,8738492,2026-08-29T09:29:23Z,4,16,False,21943,Bipin Khatri,8506,Tom Rogers,11466,Harry Dixon,199.0,146.0,Left,1,0,1,1,HalfVolley,OutsideOff,MisTimed,FrontFoot,Slog,StockBall,Round,Orthodox,Left,Null,NotReferred,Null,False,False,False,False,False,True,False,False,True,False,False,False,1,0,0,0,0,False,False,Deep Square Leg,,,,,
1635579,3,13.33,10,0,0,40,0,10,76227,,40932,Study NT Top End T20 Series,2,1494,Victoria Academy,1493,Nepal A,8738493,2026-08-29T09:29:47Z,5,17,False,21943,Bipin Khatri,11466,Harry Dixon,8506,Tom Rogers,178.0,64.0,Left,1,0,1,1,BackOfALength,DownLeg,None,FrontFoot,Flick,StockBall,Round,Orthodox,Left,Null,NotReferred,Null,False,False,False,False,False,True,False,False,True,False,False,False,1,0,0,0,0,False,False,Backward Square Leg,,,,,
1635579,3,13.33,10,0,0,40,0,10,76227,,40932,Study NT Top End T20 Series,2,1494,Victoria Academy,1493,Nepal A,8738494,2026-08-29T09:30:12Z,6,18,False,21943,Bipin Khatri,8506,Tom Rogers,11466,Harry Dixon,199.0,144.0,Left,2,0,2,2,HalfVolley,OutsideOff,None,FrontFoot,Slog,StockBall,Round,Orthodox,Left,Null,NotReferred,Null,False,False,False,False,False,True,False,False,True,False,False,False,2,0,0,0,0,False,False,Deep Square Leg,,,,,
1635580,4,13.5,14,0,0,54,0,14,76227,,40932,Study NT Top End T20 Series,2,1494,Victoria Academy,1493,Nepal A,8738495,2026-08-29T09:31:02Z,1,19,False,2233,Pawan Sarraf,11466,Harry Dixon,8506,Tom Rogers,340.0,143.0,Left,2,0,2,2,LengthBall,OutsideOff,None,FrontFoot,Drive,OffBreak,Round,OffSpin,Right,Null,NotReferred,Null,False,False,False,False,False,True,False,False,True,False,False,False,2,0,0,0,0,False,False,Deep Cover,,,,,
1635580,4,13.5,14,0,0,54,0,14,76227,,40932,Study NT Top End T20 Series,2,1494,Victoria Academy,1493,Nepal A,8738496,2026-08-29T09:31:29Z,2,20,False,2233,Pawan Sarraf,11466,Harry Dixon,8506,Tom Rogers,298.0,140.0,Left,1,0,1,1,LengthBall,OutsideOff,None,FrontFoot,Drive,OffBreak,Round,OffSpin,Right,Null,NotReferred,Null,False,False,False,False,False,True,False,False,True,False,False,False,1,0,0,0,0,False,False,Long Off,,,,,
1635580,4,13.5,14,0,0,54,0,14,76227,,40932,Study NT Top End T20 Series,2,1494,Victoria Academy,1493,Nepal A,8738497,2026-08-29T09:31:52Z,3,21,False,2233,Pawan Sarraf,8506,Tom Rogers,11466,Harry Dixon,14.0,135.0,Left,2,0,2,2,BackOfALength,OutsideOff,None,FrontFoot,SwitchHit,OffBreak,Round,OffSpin,Right,Null,NotReferred,Null,False,False,False,False,True,True,False,False,True,False,False,False,2,0,0,0,0,False,False,Deep Backward Point,,,,,
1635580,4,13.5,14,0,0,54,0,14,76227,,40932,Study NT Top End T20 Series,2,1494,Victoria Academy,1493,Nepal A,8738498,2026-08-29T09:32:19Z,4,22,False,2233,Pawan Sarraf,8506,Tom Rogers,11466,Harry Dixon,302.0,160.0,Left,1,0,1,1,,,None,BackFoot,Drive,OffBreak,Over,OffSpin,Right,Null,NotReferred,Null,False,False,False,False,False,True,False,False,True,False,False,False,1,0,0,0,0,False,False,Deep Extra Cover,,,,,
1635580,4,13.5,14,0,0,54,0,14,76227,,40932,Study NT Top End T20 Series,2,1494,Victoria Academy,1493,Nepal A,8738499,2026-08-29T09:32:45Z,5,23,False,2233,Pawan Sarraf,11466,Harry Dixon,8506,Tom Rogers,197.0,173.0,Left,4,0,4,4,BackOfALength,OutsideOff,WellTimed,BackFoot,Pull,OffBreak,Round,OffSpin,Right,Null,NotReferred,Null,False,False,False,False,False,True,False,False,True,False,False,False,4,0,0,0,0,True,False,,,,,,
1635580,4,13.5,14,0,0,54,0,14,76227,,40932,Study NT Top End T20 Series,2,1494,Victoria Academy,1493,Nepal A,8738500,2026-08-29T09:33:16Z,6,24,False,2233,Pawan Sarraf,11466,Harry Dixon,8506,Tom Rogers,237.0,178.0,Left,4,0,4,4,HalfVolley,OutsideOff,WellTimed,FrontFoot,Slog,OffBreak,Round,OffSpin,Right,Null,NotReferred,Null,False,False,False,False,True,True,False,False,True,False,False,False,4,0,0,0,0,True,False,,,,,,
1635581,5,12.0,6,0,0,60,0,6,76227,,40932,Study NT Top End T20 Series,2,1494,Victoria Academy,1493,Nepal A,8738501,2026-08-29T09:34:37Z,1,25,False,21943,Bipin Khatri,8506,Tom Rogers,11466,Harry Dixon,143.0,55.0,Left,0,0,0,0,BackOfALength,DownLeg,MisTimed,BackFoot,Pull,StockBall,Round,Orthodox,Left,Null,NotReferred,Null,False,False,False,False,False,True,False,False,False,False,False,False,0,0,0,0,0,False,False,Short Fine Leg,,,,,
1635581,5,12.0,6,0,0,60,0,6,76227,,40932,Study NT Top End T20 Series,2,1494,Victoria Academy,1493,Nepal A,8738502,2026-08-29T09:34:55Z,2,26,False,21943,Bipin Khatri,8506,Tom Rogers,11466,Harry Dixon,289.0,147.0,Left,1,0,1,1,LengthBall,OutsideOff,None,FrontFoot,Drive,StockBall,Round,Orthodox,Left,Null,NotReferred,Null,False,False,False,False,False,True,False,False,False,False,False,False,1,0,0,0,0,False,False,Long Off,,,,,
1635581,5,12.0,6,0,0,60,0,6,76227,,40932,Study NT Top End T20 Series,2,1494,Victoria Academy,1493,Nepal A,8738503,2026-08-29T09:35:18Z,3,27,False,21943,Bipin Khatri,11466,Harry Dixon,8506,Tom Rogers,0.0,0.0,Left,0,0,0,0,LengthBall,OutsideOff,Missed,FrontFoot,Drive,StockBall,Round,Orthodox,Left,Null,NotReferred,Null,False,False,False,False,False,True,False,False,False,False,False,False,0,0,0,0,0,False,False,Wicketkeeper,,,,,
1635581,5,12.0,6,0,0,60,0,6,76227,,40932,Study NT Top End T20 Series,2,1494,Victoria Academy,1493,Nepal A,8738504,2026-08-29T09:35:39Z,4,28,False,21943,Bipin Khatri,11466,Harry Dixon,8506,Tom Rogers,214.0,136.0,Left,2,0,2,2,FullToss,OutsideOff,None,FrontFoot,Slog,StockBall,Round,Orthodox,Left,Null,NotReferred,Null,False,False,False,False,False,True,False,False,False,False,False,False,2,0,0,0,0,False,False,Deep Mid Wicket,,,,,
1635581,5,12.0,6,0,0,60,0,6,76227,,40932,Study NT Top End T20 Series,2,1494,Victoria Academy,1493,Nepal A,8738505,2026-08-29T09:36:16Z,5,29,False,21943,Bipin Khatri,11466,Harry Dixon,8506,Tom Rogers,216.0,144.0,Left,2,0,2,2,BackOfALength,LegStump,None,BackFoot,Worked,StockBall,Round,Orthodox,Left,Null,NotReferred,Null,False,False,False,False,False,True,False,False,False,False,False,False,2,0,0,0,0,False,False,Deep Mid Wicket,,,,,
1635581,5,12.0,6,0,0,60,0,6,76227,,40932,Study NT Top End T20 Series,2,1494,Victoria Academy,1493,Nepal A,8738506,2026-08-29T09:36:49Z,6,30,False,21943,Bipin Khatri,11466,Harry Dixon,8506,Tom Rogers,202.0,147.0,Left,1,0,1,1,LengthBall,DownLeg,None,FrontFoot,Worked,StockBall,Round,Orthodox,Left,Null,NotReferred,Null,False,False,False,False,False,True,False,False,False,False,False,False,1,0,0,0,0,False,False,Deep Square Leg,,,,,
1635582,6,10.83,5,1,0,65,1,5,76227,,40932,Study NT Top End T20 Series,2,1494,Victoria Academy,1493,Nepal A,8738507,2026-08-29T09:38:11Z,1,31,False,21944,Yuvraj Khatri,11466,Harry Dixon,8506,Tom Rogers,205.0,137.0,Left,2,0,2,2,BackOfALength,OutsideOff,None,BackFoot,Pull,LegSpinner,Over,LegSpin,Right,Null,NotReferred,Null,False,False,False,False,False,True,False,False,False,False,False,False,2,0,0,0,0,False,False,Deep Square Leg,,,,,
1635582,6,10.83,5,1,0,65,1,5,76227,,40932,Study NT Top End T20 Series,2,1494,Victoria Academy,1493,Nepal A,8738508,2026-08-29T09:38:40Z,2,32,True,21944,Yuvraj Khatri,11466,Harry Dixon,8506,Tom Rogers,,,Left,0,0,0,0,LengthBall,LegStump,Missed,FrontFoot,SlogSweep,LegSpinner,Over,LegSpin,Right,Null,NotReferred,Null,False,False,False,False,False,True,False,False,False,False,False,False,0,0,0,0,0,False,False,,Bowled,11466.0,Harry Dixon,Bowled,Bowled
1635582,6,10.83,5,1,0,65,1,5,76227,,40932,Study NT Top End T20 Series,2,1494,Victoria Academy,1493,Nepal A,8738509,2026-08-29T09:40:36Z,3,33,False,21944,Yuvraj Khatri,8523,Campbell Kellaway,8506,Tom Rogers,333.0,57.0,Left,1,0,1,1,BackOfALength,OutsideOff,None,BackFoot,Drive,LegSpinner,Over,LegSpin,Right,Null,NotReferred,Null,False,False,False,False,False,True,False,False,False,False,False,False,1,0,0,0,0,False,False,Cover,,,,,
1635582,6,10.83,5,1,0,65,1,5,76227,,40932,Study NT Top End T20 Series,2,1494,Victoria Academy,1493,Nepal A,8738510,2026-08-29T09:41:04Z,4,34,False,21944,Yuvraj Khatri,8506,Tom Rogers,8523,Campbell Kellaway,0.0,0.0,Left,0,0,0,0,Short,OutsideOff,None,BackFoot,Pull,LegSpinner,Over,LegSpin,Right,Null,NotReferred,Null,False,False,False,False,False,True,False,False,False,False,False,False,0,0,0,0,0,False,False,Bowler,,,,,
1635582,6,10.83,5,1,0,65,1,5,76227,,40932,Study NT Top End T20 Series,2,1494,Victoria Academy,1493,Nepal A,8738511,2026-08-29T09:41:23Z,5,35,False,21944,Yuvraj Khatri,8506,Tom Rogers,8523,Campbell Kellaway,321.0,137.0,Left,2,0,2,2,LengthBall,OutsideOff,None,FrontFoot,Drive,LegSpinner,Over,LegSpin,Right,Null,NotReferred,Null,False,False,False,False,False,True,False,False,False,False,False,False,2,0,0,0,0,False,False,Deep Extra Cover,,,,,
1635582,6,10.83,5,1,0,65,1,5,76227,,40932,Study NT Top End T20 Series,2,1494,Victoria Academy,1493,Nepal A,8738512,2026-08-29T09:41:49Z,6,36,False,21944,Yuvraj Khatri,8506,Tom Rogers,8523,Campbell Kellaway,0.0,0.0,Left,0,0,0,0,LengthBall,OutsideOff,Missed,BackFoot,Cut,LegSpinner,Over,LegSpin,Right,Null,NotReferred,Null,False,False,False,False,False,True,False,False,False,False,False,False,0,0,0,0,0,False,False,Wicketkeeper,,,,,
1635583,7,9.71,3,2,0,68,3,3,76227,,40932,Study NT Top End T20 Series,2,1494,Victoria Academy,1493,Nepal A,8738513,2026-08-29T09:43:11Z,1,37,True,3061,Kushal Bhurtel,8523,Campbell Kellaway,8506,Tom Rogers,,,Left,0,0,0,0,BackOfALength,OutsideOff,BottomEdge,BackFoot,Cut,LegSpinner,Over,LegSpin,Right,Null,NotReferred,Null,False,False,False,False,False,True,False,False,False,False,False,False,0,0,0,0,0,False,False,,Bowled,8523.0,Campbell Kellaway,Bowled,Bowled
1635583,7,9.71,3,2,0,68,3,3,76227,,40932,Study NT Top End T20 Series,2,1494,Victoria Academy,1493,Nepal A,8738514,2026-08-29T09:44:47Z,2,38,False,3061,Kushal Bhurtel,11039,Blake Macdonald,8506,Tom Rogers,177.0,71.0,Right,1,0,1,1,BackOfALength,OutsideOff,None,BackFoot,Drive,LegSpinner,Over,LegSpin,Right,Null,NotReferred,Null,False,False,False,False,False,True,False,False,False,False,False,False,1,0,0,0,0,False,False,Backward Point,,,,,
1635583,7,9.71,3,2,0,68,3,3,76227,,40932,Study NT Top End T20 Series,2,1494,Victoria Academy,1493,Nepal A,8738515,2026-08-29T09:45:17Z,3,39,False,3061,Kushal Bhurtel,8506,Tom Rogers,11039,Blake Macdonald,256.0,151.0,Left,2,0,2,2,LengthBall,OutsideOff,None,BackFoot,Pushed,LegSpinner,Over,LegSpin,Right,Null,NotReferred,Null,False,False,False,False,True,True,False,False,False,False,False,False,2,0,0,0,0,False,False,Long On,,,,,
1635583,7,9.71,3,2,0,68,3,3,76227,,40932,Study NT Top End T20 Series,2,1494,Victoria Academy,1493,Nepal A,8738516,2026-08-29T09:45:49Z,4,40,True,3061,Kushal Bhurtel,8506,Tom Rogers,11039,Blake Macdonald,275.0,22.0,Left,0,0,0,0,LengthBall,DownLeg,MisTimed,FrontFoot,Pushed,LegSpinner,Over,LegSpin,Right,Null,NotReferred,Null,False,False,False,False,False,True,False,False,False,False,False,False,0,0,0,0,0,False,True,Bowler,Caught,8506.0,Tom Rogers,Caught,Caught
1635583,7,9.71,3,2,0,68,3,3,76227,,40932,Study NT Top End T20 Series,2,1494,Victoria Academy,1493,Nepal A,8738517,2026-08-29T09:47:23Z,5,41,False,3061,Kushal Bhurtel,11446,Liam Blackford,11039,Blake Macdonald,0.0,0.0,Left,0,0,0,0,LengthBall,OutsideOff,Missed,FrontFoot,Drive,LegSpinner,Over,LegSpin,Right,Null,NotReferred,Null,False,False,False,False,False,True,False,False,False,False,False,False,0,0,0,0,0,False,False,Wicketkeeper,,,,,
1635583,7,9.71,3,2,0,68,3,3,76227,,40932,Study NT Top End T20 Series,2,1494,Victoria Academy,1493,Nepal A,8738518,2026-08-29T09:47:48Z,6,42,False,3061,Kushal Bhurtel,11446,Liam Blackford,11039,Blake Macdonald,81.0,4.0,Left,0,0,0,0,LengthBall,DownLeg,BottomEdge,FrontFoot,ReverseSweep,LegSpinner,Over,LegSpin,Right,Null,NotReferred,Null,False,False,False,False,False,True,False,False,False,False,False,False,0,0,0,0,0,False,False,First Slip,,,,,
1635584,8,8.88,3,2,0,71,5,3,76227,,40932,Study NT Top End T20 Series,2,1494,Victoria Academy,1493,Nepal A,8738519,2026-08-29T09:49:19Z,1,43,True,21944,Yuvraj Khatri,11039,Blake Macdonald,11446,Liam Blackford,300.0,65.0,Right,1,0,1,1,BackOfALength,OutsideOff,None,BackFoot,Worked,Googly,Over,LegSpin,Right,Null,NotReferred,Null,False,False,False,False,False,True,False,False,False,False,False,False,1,0,0,0,0,False,False,Mid Wicket,RunOut,11039.0,Blake Macdonald,Run out,RunOut
1635584,8,8.88,3,2,0,71,5,3,76227,,40932,Study NT Top End T20 Series,2,1494,Victoria Academy,1493,Nepal A,8738520,2026-08-29T09:51:19Z,2,44,True,21944,Yuvraj Khatri,1193,Will Sutherland,11446,Liam Blackford,,,Right,0,0,0,0,LengthBall,OutsideOff,HitPad,FrontFoot,Sweep,LegSpinner,Over,LegSpin,Right,Null,NotReferred,Null,False,False,False,False,False,True,False,False,False,False,False,False,0,0,0,0,0,False,False,,Lbw,1193.0,Will Sutherland,LBW,Lbw
1635584,8,8.88,3,2,0,71,5,3,76227,,40932,Study NT Top End T20 Series,2,1494,Victoria Academy,1493,Nepal A,8738521,2026-08-29T09:52:46Z,3,45,False,21944,Yuvraj Khatri,7802,Sam Elliott,11446,Liam Blackford,350.0,49.0,Right,0,0,0,0,BackOfALength,OutsideOff,None,FrontFoot,Flick,LegSpinner,Over,LegSpin,Right,Null,NotReferred,Null,False,False,False,False,False,True,False,False,False,False,False,False,0,0,0,0,0,False,False,Square Leg,,,,,
1635584,8,8.88,3,2,0,71,5,3,76227,,40932,Study NT Top End T20 Series,2,1494,Victoria Academy,1493,Nepal A,8738522,2026-08-29T09:53:05Z,4,46,False,21944,Yuvraj Khatri,7802,Sam Elliott,11446,Liam Blackford,325.0,52.0,Right,0,0,0,0,LengthBall,MiddleStump,None,FrontFoot,Worked,LegSpinner,Over,LegSpin,Right,Null,NotReferred,Null,False,False,False,False,False,True,False,False,False,False,False,False,0,0,0,0,0,False,False,Mid Wicket,,,,,
1635584,8,8.88,3,2,0,71,5,3,76227,,40932,Study NT Top End T20 Series,2,1494,Victoria Academy,1493,Nepal A,8738523,2026-08-29T09:53:23Z,5,47,False,21944,Yuvraj Khatri,7802,Sam Elliott,11446,Liam Blackford,245.0,138.0,Right,1,0,1,1,BackOfALength,OutsideOff,None,BackFoot,Drive,LegSpinner,Over,LegSpin,Right,Null,NotReferred,Null,False,False,False,False,False,True,False,False,False,False,False,False,1,0,0,0,0,False,False,Long Off,,,,,
1635584,8,8.88,3,2,0,71,5,3,76227,,40932,Study NT Top End T20 Series,2,1494,Victoria Academy,1493,Nepal A,8738524,2026-08-29T09:53:54Z,6,48,False,21944,Yuvraj Khatri,11446,Liam Blackford,7802,Sam Elliott,359.0,148.0,Left,1,0,1,1,LengthBall,OutsideOff,None,BackFoot,Cut,LegSpinner,Over,LegSpin,Right,Null,NotReferred,Null,False,False,False,False,False,True,False,False,False,False,False,False,1,0,0,0,0,False,False,Deep Cover,,,,,
1635585,9,8.33,4,0,0,75,5,4,76227,,40932,Study NT Top End T20 Series,2,1494,Victoria Academy,1493,Nepal A,8738525,2026-08-29T09:54:47Z,1,49,False,3061,Kushal Bhurtel,11446,Liam Blackford,7802,Sam Elliott,0.0,0.0,Left,0,0,0,0,HalfVolley,OutsideOff,MisTimed,FrontFoot,Drive,LegSpinner,Over,LegSpin,Right,Null,NotReferred,Null,False,False,False,False,False,True,False,False,False,False,False,False,0,0,0,0,0,False,False,Bowler,,,,,
1635585,9,8.33,4,0,0,75,5,4,76227,,40932,Study NT Top End T20 Series,2,1494,Victoria Academy,1493,Nepal A,8738526,2026-08-29T09:55:09Z,2,50,False,3061,Kushal Bhurtel,11446,Liam Blackford,7802,Sam Elliott,92.0,39.0,Left,1,0,1,1,LengthBall,OutsideOff,BottomEdge,BackFoot,Cut,LegSpinner,Over,LegSpin,Right,Null,NotReferred,Null,False,False,False,False,False,True,False,False,False,False,False,False,1,0,0,0,0,False,False,Short Fine Leg,,,,,
1635585,9,8.33,4,0,0,75,5,4,76227,,40932,Study NT Top End T20 Series,2,1494,Victoria Academy,1493,Nepal A,8738527,2026-08-29T09:55:51Z,3,51,False,3061,Kushal Bhurtel,7802,Sam Elliott,11446,Liam Blackford,212.0,63.0,Right,0,0,0,0,LengthBall,OutsideOff,None,FrontFoot,Drive,LegSpinner,Over,LegSpin,Right,Null,NotReferred,Null,False,False,False,False,False,True,False,False,False,False,False,False,0,0,0,0,0,False,False,Extra Cover,,,,,
1635585,9,8.33,4,0,0,75,5,4,76227,,40932,Study NT Top End T20 Series,2,1494,Victoria Academy,1493,Nepal A,8738528,2026-08-29T09:56:09Z,4,52,False,3061,Kushal Bhurtel,7802,Sam Elliott,11446,Liam Blackford,244.0,153.0,Right,1,0,1,1,LengthBall,OutsideOff,None,BackFoot,Drive,Googly,Over,LegSpin,Right,Null,NotReferred,Null,False,False,False,False,False,True,False,False,False,False,False,False,1,0,0,0,0,False,False,Long Off,,,,,
1635585,9,8.33,4,0,0,75,5,4,76227,,40932,Study NT Top End T20 Series,2,1494,Victoria Academy,1493,Nepal A,8738529,2026-08-29T09:56:36Z,5,53,False,3061,Kushal Bhurtel,11446,Liam Blackford,7802,Sam Elliott,223.0,148.0,Left,1,0,1,1,LengthBall,DownLeg,None,FrontFoot,Flick,LegSpinner,Over,LegSpin,Right,Null,NotReferred,Null,False,False,False,False,False,True,False,False,False,False,False,False,1,0,0,0,0,False,False,Deep Mid Wicket,,,,,
1635585,9,8.33,4,0,0,75,5,4,76227,,40932,Study NT Top End T20 Series,2,1494,Victoria Academy,1493,Nepal A,8738530,2026-08-29T09:57:12Z,6,54,False,3061,Kushal Bhurtel,7802,Sam Elliott,11446,Liam Blackford,200.0,148.0,Right,1,0,1,1,LengthBall,OutsideOff,None,FrontFoot,Drive,Googly,Over,LegSpin,Right,Null,NotReferred,Null,False,False,False,False,False,True,False,False,False,False,False,False,1,0,0,0,0,False,False,Deep Cover,,,,,
1635586,10,7.8,3,0,0,78,5,3,76227,,40932,Study NT Top End T20 Series,2,1494,Victoria Academy,1493,Nepal A,8738531,2026-08-29T09:57:59Z,1,55,False,21944,Yuvraj Khatri,7802,Sam Elliott,11446,Liam Blackford,258.0,146.0,Right,1,0,1,1,HalfVolley,MiddleStump,None,FrontFoot,Drive,LegSpinner,Over,LegSpin,Right,Null,NotReferred,Null,False,False,False,False,False,True,False,False,False,False,False,False,1,0,0,0,0,False,False,Long Off,,,,,
1635586,10,7.8,3,0,0,78,5,3,76227,,40932,Study NT Top End T20 Series,2,1494,Victoria Academy,1493,Nepal A,8738532,2026-08-29T09:58:26Z,2,56,False,21944,Yuvraj Khatri,11446,Liam Blackford,7802,Sam Elliott,281.0,142.0,Left,1,0,1,1,LengthBall,OutsideOff,None,FrontFoot,Drive,Googly,Over,LegSpin,Right,Null,NotReferred,Null,False,False,False,False,False,True,False,False,False,False,False,False,1,0,0,0,0,False,False,Long Off,,,,,
1635586,10,7.8,3,0,0,78,5,3,76227,,40932,Study NT Top End T20 Series,2,1494,Victoria Academy,1493,Nepal A,8738533,2026-08-29T09:59:02Z,3,57,False,21944,Yuvraj Khatri,7802,Sam Elliott,11446,Liam Blackford,215.0,75.0,Right,0,0,0,0,LengthBall,OutsideOff,None,FrontFoot,Drive,LegSpinner,Over,LegSpin,Right,Null,NotReferred,Null,False,False,False,False,False,True,False,False,False,False,False,False,0,0,0,0,0,False,False,Extra Cover,,,,,
1635586,10,7.8,3,0,0,78,5,3,76227,,40932,Study NT Top End T20 Series,2,1494,Victoria Academy,1493,Nepal A,8738534,2026-08-29T09:59:22Z,4,58,False,21944,Yuvraj Khatri,7802,Sam Elliott,11446,Liam Blackford,204.0,70.0,Right,0,0,0,0,BackOfALength,OutsideOff,None,BackFoot,Drive,LegSpinner,Over,LegSpin,Right,Null,NotReferred,Null,False,False,False,False,False,True,False,False,False,False,False,False,0,0,0,0,0,False,False,Cover,,,,,
1635586,10,7.8,3,0,0,78,5,3,76227,,40932,Study NT Top End T20 Series,2,1494,Victoria Academy,1493,Nepal A,8738535,2026-08-29T09:59:39Z,5,59,False,21944,Yuvraj Khatri,7802,Sam Elliott,11446,Liam Blackford,0.0,0.0,Right,0,0,0,0,HalfVolley,DownLeg,HitPad,FrontFoot,Sweep,LegSpinner,Over,LegSpin,Right,Null,NotReferred,Null,False,False,False,False,False,True,False,False,False,False,False,False,0,0,0,0,0,False,False,Wicketkeeper,,,,,
1635586,10,7.8,3,0,0,78,5,3,76227,,40932,Study NT Top End T20 Series,2,1494,Victoria Academy,1493,Nepal A,8738537,2026-08-29T10:00:08Z,6,60,False,21944,Yuvraj Khatri,7802,Sam Elliott,11446,Liam Blackford,26.0,52.0,Right,1,0,1,1,LengthBall,OutsideOff,InsideEdge,FrontFoot,Drive,LegSpinner,Over,LegSpin,Right,Null,NotReferred,Null,False,False,False,False,False,True,False,False,False,False,False,False,1,0,0,0,0,False,False,Backward Square Leg,,,,,
1635589,11,7.64,6,0,0,84,5,6,76227,,40932,Study NT Top End T20 Series,2,1494,Victoria Academy,1493,Nepal A,8738542,2026-08-29T10:01:24Z,1,61,False,21943,Bipin Khatri,7802,Sam Elliott,11446,Liam Blackford,229.0,150.0,Right,1,0,1,1,LengthBall,OutsideOff,None,FrontFoot,Pushed,StockBall,Round,Orthodox,Left,Null,NotReferred,Null,False,False,False,False,False,True,False,False,False,False,False,False,1,0,0,0,0,False,False,Deep Extra Cover,,,,,
1635589,11,7.64,6,0,0,84,5,6,76227,,40932,Study NT Top End T20 Series,2,1494,Victoria Academy,1493,Nepal A,8738544,2026-08-29T10:01:54Z,2,62,False,21943,Bipin Khatri,11446,Liam Blackford,7802,Sam Elliott,154.0,144.0,Left,1,0,1,1,HalfVolley,DownLeg,None,FrontFoot,Slog,StockBall,Round,Orthodox,Left,Null,NotReferred,Null,False,False,False,False,False,True,False,False,False,False,False,False,1,0,0,0,0,False,False,Deep Backward Square Leg,,,,,
1635589,11,7.64,6,0,0,84,5,6,76227,,40932,Study NT Top End T20 Series,2,1494,Victoria Academy,1493,Nepal A,8738545,2026-08-29T10:02:31Z,3,63,False,21943,Bipin Khatri,7802,Sam Elliott,11446,Liam Blackford,212.0,85.0,Right,0,0,0,0,HalfVolley,OutsideOff,None,FrontFoot,Pushed,StockBall,Round,Orthodox,Left,Null,NotReferred,Null,False,False,False,False,False,True,False,False,False,False,False,False,0,0,0,0,0,False,False,Extra Cover,,,,,
1635589,11,7.64,6,0,0,84,5,6,76227,,40932,Study NT Top End T20 Series,2,1494,Victoria Academy,1493,Nepal A,8738547,2026-08-29T10:02:45Z,4,64,False,21943,Bipin Khatri,7802,Sam Elliott,11446,Liam Blackford,28.0,159.0,Right,2,0,2,2,HalfVolley,OutsideOff,None,FrontFoot,Sweep,StockBall,Round,Orthodox,Left,Null,NotReferred,Null,False,False,False,False,False,True,False,False,False,False,False,False,2,0,0,0,0,False,False,Deep Backward Square Leg,,,,,
1635589,11,7.64,6,0,0,84,5,6,76227,,40932,Study NT Top End T20 Series,2,1494,Victoria Academy,1493,Nepal A,8738549,2026-08-29T10:03:30Z,5,65,False,21943,Bipin Khatri,7802,Sam Elliott,11446,Liam Blackford,159.0,143.0,Right,1,0,1,1,LengthBall,OutsideOff,None,FrontFoot,Cut,StockBall,Round,Orthodox,Left,Null,NotReferred,Null,False,False,False,False,False,True,False,False,False,False,False,False,1,0,0,0,0,False,False,Deep Backward Point,,,,,
1635589,11,7.64,6,0,0,84,5,6,76227,,40932,Study NT Top End T20 Series,2,1494,Victoria Academy,1493,Nepal A,8738550,2026-08-29T10:03:58Z,6,66,False,21943,Bipin Khatri,11446,Liam Blackford,7802,Sam Elliott,,,Left,1,0,1,1,LengthBall,OutsideOff,None,BackFoot,Cut,StockBall,Round,Orthodox,Left,Null,NotReferred,Null,False,False,False,False,False,True,False,False,False,False,False,False,1,0,0,0,0,False,False,,,,,,
1635591,12,7.33,4,1,0,88,6,4,76227,,40932,Study NT Top End T20 Series,2,1494,Victoria Academy,1493,Nepal A,8738553,2026-08-29T10:04:57Z,1,67,False,2233,Pawan Sarraf,11446,Liam Blackford,7802,Sam Elliott,309.0,72.0,Left,0,0,0,0,LengthBall,OutsideOff,None,BackFoot,Pushed,OffBreak,Round,OffSpin,Right,Null,NotReferred,Null,False,False,False,False,False,True,False,False,False,False,False,False,0,0,0,0,0,False,False,Extra Cover,,,,,
1635591,12,7.33,4,1,0,88,6,4,76227,,40932,Study NT Top End T20 Series,2,1494,Victoria Academy,1493,Nepal A,8738555,2026-08-29T10:05:15Z,2,68,False,2233,Pawan Sarraf,11446,Liam Blackford,7802,Sam Elliott,4.0,81.0,Left,0,0,0,0,LengthBall,OutsideOff,None,BackFoot,Cut,OffBreak,Round,OffSpin,Right,Null,NotReferred,Null,False,False,False,False,False,True,False,False,False,False,False,False,0,0,0,0,0,False,False,Backward Point,,,,,
1635591,12,7.33,4,1,0,88,6,4,76227,,40932,Study NT Top End T20 Series,2,1494,Victoria Academy,1493,Nepal A,8738556,2026-08-29T10:05:36Z,3,69,False,2233,Pawan Sarraf,11446,Liam Blackford,7802,Sam Elliott,338.0,170.0,Left,2,0,2,2,LengthBall,OutsideOff,None,FrontFoot,Drive,OffBreak,Round,OffSpin,Right,Null,NotReferred,Null,False,False,False,False,False,True,False,False,False,False,False,False,2,0,0,0,0,False,False,Deep Cover,,,,,
1635591,12,7.33,4,1,0,88,6,4,76227,,40932,Study NT Top End T20 Series,2,1494,Victoria Academy,1493,Nepal A,8738558,2026-08-29T10:06:07Z,4,70,True,2233,Pawan Sarraf,11446,Liam Blackford,7802,Sam Elliott,329.0,78.0,Left,0,0,0,0,LengthBall,OutsideOff,None,BackFoot,Pushed,OffBreak,Round,OffSpin,Right,Null,NotReferred,Null,False,False,False,False,False,True,False,False,False,False,False,False,0,0,0,0,0,False,False,Extra Cover,RunOut,11446.0,Liam Blackford,Run out,RunOut
1635591,12,7.33,4,1,0,88,6,4,76227,,40932,Study NT Top End T20 Series,2,1494,Victoria Academy,1493,Nepal A,8738561,2026-08-29T10:07:51Z,5,71,False,2233,Pawan Sarraf,7802,Sam Elliott,15458,Harry Hoekstra,192.0,152.0,Right,1,0,1,1,BackOfALength,OutsideOff,None,BackFoot,Drive,OffBreak,Over,OffSpin,Right,Null,NotReferred,Null,False,False,False,False,False,True,False,False,False,False,False,False,1,0,0,0,0,False,False,Deep Cover,,,,,
1635591,12,7.33,4,1,0,88,6,4,76227,,40932,Study NT Top End T20 Series,2,1494,Victoria Academy,1493,Nepal A,8738563,2026-08-29T10:08:21Z,6,72,False,2233,Pawan Sarraf,15458,Harry Hoekstra,7802,Sam Elliott,235.0,134.0,Right,1,0,1,1,BackOfALength,OutsideOff,None,FrontFoot,Pushed,OffBreak,Over,OffSpin,Right,Null,NotReferred,Null,False,False,False,False,False,True,False,False,False,False,False,False,1,0,0,0,0,False,False,Deep Extra Cover,,,,,
1635593,13,7.23,6,0,0,94,6,6,76227,,40932,Study NT Top End T20 Series,2,1494,Victoria Academy,1493,Nepal A,8738566,2026-08-29T10:09:54Z,1,73,False,3061,Kushal Bhurtel,15458,Harry Hoekstra,7802,Sam Elliott,180.0,80.0,Right,1,0,1,1,LengthBall,OutsideOff,None,FrontFoot,Pushed,LegSpinner,Over,LegSpin,Right,Null,NotReferred,Null,False,False,False,False,False,True,False,False,False,False,False,False,1,0,0,0,0,False,False,Cover,,,,,
1635593,13,7.23,6,0,0,94,6,6,76227,,40932,Study NT Top End T20 Series,2,1494,Victoria Academy,1493,Nepal A,8738568,2026-08-29T10:10:30Z,2,74,False,3061,Kushal Bhurtel,7802,Sam Elliott,15458,Harry Hoekstra,338.0,121.0,Right,2,0,2,2,HalfVolley,DownLeg,None,FrontFoot,Flick,LegSpinner,Over,LegSpin,Right,Null,NotReferred,Null,False,False,False,False,False,True,False,False,False,False,False,False,2,0,0,0,0,False,False,Deep Square Leg,,,,,
1635593,13,7.23,6,0,0,94,6,6,76227,,40932,Study NT Top End T20 Series,2,1494,Victoria Academy,1493,Nepal A,8738569,2026-08-29T10:11:03Z,3,75,False,3061,Kushal Bhurtel,7802,Sam Elliott,15458,Harry Hoekstra,331.0,136.0,Right,1,0,1,1,LengthBall,LegStump,None,BackFoot,Worked,LegSpinner,Over,LegSpin,Right,Null,NotReferred,Null,False,False,False,False,False,True,False,False,False,False,False,False,1,0,0,0,0,False,False,Deep Square Leg,,,,,
1635593,13,7.23,6,0,0,94,6,6,76227,,40932,Study NT Top End T20 Series,2,1494,Victoria Academy,1493,Nepal A,8738571,2026-08-29T10:11:33Z,4,76,False,3061,Kushal Bhurtel,15458,Harry Hoekstra,7802,Sam Elliott,,,Right,0,0,0,0,HalfVolley,MiddleStump,None,FrontFoot,Pushed,LegSpinner,Over,LegSpin,Right,Null,NotReferred,Null,False,False,False,False,False,True,False,False,False,False,False,False,0,0,0,0,0,False,False,Bowler,,,,,
1635593,13,7.23,6,0,0,94,6,6,76227,,40932,Study NT Top End T20 Series,2,1494,Victoria Academy,1493,Nepal A,8738573,2026-08-29T10:11:55Z,5,77,False,3061,Kushal Bhurtel,15458,Harry Hoekstra,7802,Sam Elliott,,,Right,0,0,0,0,LengthBall,OutsideOff,MisTimed,FrontFoot,Pushed,LegSpinner,Over,LegSpin,Right,Null,NotReferred,Null,False,False,False,False,False,True,False,False,False,False,False,False,0,0,0,0,0,False,False,Bowler,,,,,
1635593,13,7.23,6,0,0,94,6,6,76227,,40932,Study NT Top End T20 Series,2,1494,Victoria Academy,1493,Nepal A,8738575,2026-08-29T10:12:15Z,6,78,False,3061,Kushal Bhurtel,15458,Harry Hoekstra,7802,Sam Elliott,325.0,135.0,Right,2,0,2,2,LengthBall,OffStump,None,BackFoot,Worked,LegSpinner,Over,LegSpin,Right,Null,NotReferred,Null,False,False,False,False,False,True,False,False,False,False,False,False,2,0,0,0,0,False,False,Deep Mid Wicket,,,,,
1635595,14,7.14,6,0,0,100,6,6,76227,,40932,Study NT Top End T20 Series,2,1494,Victoria Academy,1493,Nepal A,8738578,2026-08-29T10:13:40Z,1,79,False,3556,Kushal Malla,7802,Sam Elliott,15458,Harry Hoekstra,322.0,135.0,Right,1,0,1,1,HalfVolley,OutsideOff,MisTimed,FrontFoot,Slog,StockBall,Round,Orthodox,Left,Null,NotReferred,Null,False,False,False,False,False,True,False,False,False,False,False,False,1,0,0,0,0,False,False,Deep Mid Wicket,,,,,
1635595,14,7.14,6,0,0,100,6,6,76227,,40932,Study NT Top End T20 Series,2,1494,Victoria Academy,1493,Nepal A,8738580,2026-08-29T10:14:03Z,2,80,False,3556,Kushal Malla,15458,Harry Hoekstra,7802,Sam Elliott,225.0,136.0,Right,1,0,1,1,LengthBall,OutsideOff,None,FrontFoot,Pushed,StockBall,Round,Orthodox,Left,Null,NotReferred,Null,False,False,False,False,False,True,False,False,False,False,False,False,1,0,0,0,0,False,False,Deep Extra Cover,,,,,
1635595,14,7.14,6,0,0,100,6,6,76227,,40932,Study NT Top End T20 Series,2,1494,Victoria Academy,1493,Nepal A,8738581,2026-08-29T10:14:22Z,3,81,False,3556,Kushal Malla,7802,Sam Elliott,15458,Harry Hoekstra,0.0,0.0,Right,1,0,1,1,BackOfALength,OutsideOff,None,FrontFoot,Drive,StockBall,Round,Orthodox,Left,Null,NotReferred,Null,False,False,False,False,False,True,False,False,False,False,False,False,1,0,0,0,0,False,False,Bowler,,,,,
1635595,14,7.14,6,0,0,100,6,6,76227,,40932,Study NT Top End T20 Series,2,1494,Victoria Academy,1493,Nepal A,8738582,2026-08-29T10:14:49Z,4,82,False,3556,Kushal Malla,15458,Harry Hoekstra,7802,Sam Elliott,297.0,152.0,Right,1,0,1,1,LengthBall,MiddleStump,None,FrontFoot,Flick,StockBall,Round,Orthodox,Left,Null,NotReferred,Null,False,False,False,False,False,True,False,False,False,False,False,False,1,0,0,0,0,False,False,Long On,,,,,
1635595,14,7.14,6,0,0,100,6,6,76227,,40932,Study NT Top End T20 Series,2,1494,Victoria Academy,1493,Nepal A,8738584,2026-08-29T10:15:21Z,5,83,False,3556,Kushal Malla,7802,Sam Elliott,15458,Harry Hoekstra,301.0,141.0,Right,1,0,1,1,HalfVolley,MiddleStump,None,FrontFoot,Worked,StockBall,Round,Orthodox,Left,Null,NotReferred,Null,False,False,False,False,False,True,False,False,False,False,False,False,1,0,0,0,0,False,False,Deep Mid Wicket,,,,,
1635595,14,7.14,6,0,0,100,6,6,76227,,40932,Study NT Top End T20 Series,2,1494,Victoria Academy,1493,Nepal A,8738586,2026-08-29T10:15:44Z,6,84,False,3556,Kushal Malla,15458,Harry Hoekstra,7802,Sam Elliott,290.0,145.0,Right,1,0,1,1,LengthBall,OutsideOff,None,FrontFoot,Worked,StockBall,Round,Orthodox,Left,Null,NotReferred,Null,False,False,False,False,False,True,False,False,False,False,False,False,1,0,0,0,0,False,False,Long On,,,,,
1635597,15,7.2,8,1,0,108,7,8,76227,,40932,Study NT Top End T20 Series,2,1494,Victoria Academy,1493,Nepal A,8738590,2026-08-29T10:17:33Z,1,85,False,14791,Akash Chand,15458,Harry Hoekstra,7802,Sam Elliott,286.0,147.0,Right,1,0,1,1,BackOfALength,OutsideOff,None,BackFoot,Pull,NoMovement,Over,Medium,Right,Null,NotReferred,Null,False,False,False,False,True,True,False,False,False,False,False,False,1,0,0,0,0,False,False,Long On,,,,,
1635597,15,7.2,8,1,0,108,7,8,76227,,40932,Study NT Top End T20 Series,2,1494,Victoria Academy,1493,Nepal A,8738592,2026-08-29T10:18:20Z,2,86,False,14791,Akash Chand,7802,Sam Elliott,15458,Harry Hoekstra,0.0,0.0,Right,0,0,0,0,LengthBall,Wide,Missed,DownTheTrack,Drive,NoMovement,Over,Medium,Right,Null,NotReferred,Null,False,False,False,False,False,True,False,False,False,False,False,False,0,0,0,0,0,False,False,Wicketkeeper,,,,,
1635597,15,7.2,8,1,0,108,7,8,76227,,40932,Study NT Top End T20 Series,2,1494,Victoria Academy,1493,Nepal A,8738594,2026-08-29T10:19:01Z,3,87,True,14791,Akash Chand,7802,Sam Elliott,15458,Harry Hoekstra,,,Right,0,0,0,0,LengthBall,LegStump,HitPad,FrontFoot,Flick,NoMovement,Over,Medium,Right,Null,NotReferred,Null,False,False,False,False,False,True,False,False,False,False,False,False,0,0,0,0,0,False,False,,Bowled,7802.0,Sam Elliott,Bowled,Bowled
1635597,15,7.2,8,1,0,108,7,8,76227,,40932,Study NT Top End T20 Series,2,1494,Victoria Academy,1493,Nepal A,8738597,2026-08-29T10:20:51Z,4,88,False,14791,Akash Chand,11468,Austin Anlezark,15458,Harry Hoekstra,206.0,38.0,Left,1,0,1,1,BackOfALength,OutsideOff,Spliced,BackFoot,Worked,NoMovement,Round,Medium,Right,Null,NotReferred,Null,False,False,False,False,False,True,False,False,False,False,False,False,1,0,0,0,0,False,False,Square Leg,,,,,
1635597,15,7.2,8,1,0,108,7,8,76227,,40932,Study NT Top End T20 Series,2,1494,Victoria Academy,1493,Nepal A,8738599,2026-08-29T10:21:36Z,5,89,False,14791,Akash Chand,15458,Harry Hoekstra,11468,Austin Anlezark,105.0,143.0,Right,3,0,3,3,BackOfALength,Wide,TopEdge,BackFoot,Cut,NoMovement,Over,Medium,Right,Null,NotReferred,Null,False,False,False,False,False,True,False,False,False,False,False,False,3,0,0,0,0,False,True,Third Man,,,,,
1635597,15,7.2,8,1,0,108,7,8,76227,,40932,Study NT Top End T20 Series,2,1494,Victoria Academy,1493,Nepal A,8738601,2026-08-29T10:22:33Z,6,90,False,14791,Akash Chand,11468,Austin Anlezark,15458,Harry Hoekstra,0.0,0.0,Left,1,1,1,0,Short,OutsideOff,PlayAndMissLegSide,BackFoot,Pull,NoMovement,Round,Medium,Right,Null,NotReferred,Null,True,False,False,False,False,True,False,False,False,False,False,False,1,0,1,0,0,False,False,Wicketkeeper,,,,,
1635597,15,7.2,8,1,0,108,7,8,76227,,40932,Study NT Top End T20 Series,2,1494,Victoria Academy,1493,Nepal A,8738602,2026-08-29T10:23:14Z,6,91,False,14791,Akash Chand,11468,Austin Anlezark,15458,Harry Hoekstra,0.0,0.0,Left,1,1,1,0,BackOfALength,MiddleStump,PlayAndMissLegSide,BackFoot,Glance,NoMovement,Round,Medium,Right,Null,NotReferred,Null,True,False,False,False,False,True,False,False,False,False,False,False,1,0,1,0,0,False,False,Wicketkeeper,,,,,
1635597,15,7.2,8,1,0,108,7,8,76227,,40932,Study NT Top End T20 Series,2,1494,Victoria Academy,1493,Nepal A,8738604,2026-08-29T10:23:59Z,6,92,False,14791,Akash Chand,11468,Austin Anlezark,15458,Harry Hoekstra,250.0,139.0,Left,1,0,1,1,BackOfALength,OutsideOff,MisTimed,BackFoot,Drive,NoMovement,Round,Medium,Right,Null,NotReferred,Null,False,False,False,False,False,True,False,False,False,False,False,False,1,0,0,0,0,False,False,Long On,,,,,
1635599,16,7.25,8,0,0,116,7,8,76227,,40932,Study NT Top End T20 Series,2,1494,Victoria Academy,1493,Nepal A,8738605,2026-08-29T10:25:21Z,1,93,False,2233,Pawan Sarraf,11468,Austin Anlezark,15458,Harry Hoekstra,196.0,115.0,Left,1,0,1,1,LengthBall,OutsideOff,None,FrontFoot,Worked,OffBreak,Round,OffSpin,Right,Null,NotReferred,Null,False,False,False,False,False,True,False,False,True,True,False,False,1,0,0,0,0,False,False,Deep Square Leg,,,,,
1635599,16,7.25,8,0,0,116,7,8,76227,,40932,Study NT Top End T20 Series,2,1494,Victoria Academy,1493,Nepal A,8738607,2026-08-29T10:26:05Z,2,94,False,2233,Pawan Sarraf,15458,Harry Hoekstra,11468,Austin Anlezark,205.0,174.0,Right,4,0,4,4,HalfVolley,OutsideOff,WellTimed,FrontFoot,Drive,OffBreak,Over,OffSpin,Right,Null,NotReferred,Null,False,False,False,False,False,True,False,False,True,True,False,False,4,0,0,0,0,True,False,,,,,,
1635599,16,7.25,8,0,0,116,7,8,76227,,40932,Study NT Top End T20 Series,2,1494,Victoria Academy,1493,Nepal A,8738609,2026-08-29T10:26:31Z,3,95,False,2233,Pawan Sarraf,15458,Harry Hoekstra,11468,Austin Anlezark,11.0,129.0,Right,2,0,2,2,LengthBall,OffStump,None,BackFoot,Worked,OffBreak,Over,OffSpin,Right,Null,NotReferred,Null,False,False,False,False,False,True,False,False,True,True,False,False,2,0,0,0,0,False,False,Deep Backward Square Leg,,,,,
1635599,16,7.25,8,0,0,116,7,8,76227,,40932,Study NT Top End T20 Series,2,1494,Victoria Academy,1493,Nepal A,8738610,2026-08-29T10:27:03Z,4,96,False,2233,Pawan Sarraf,15458,Harry Hoekstra,11468,Austin Anlezark,0.0,0.0,Right,0,0,0,0,Yorker,DownLeg,HitPad,FrontFoot,Flick,OffBreak,Over,OffSpin,Right,Null,NotReferred,Null,False,False,False,False,False,True,False,False,True,True,False,False,0,0,0,0,0,False,False,Wicketkeeper,,,,,
1635599,16,7.25,8,0,0,116,7,8,76227,,40932,Study NT Top End T20 Series,2,1494,Victoria Academy,1493,Nepal A,8738612,2026-08-29T10:27:25Z,5,97,False,2233,Pawan Sarraf,15458,Harry Hoekstra,11468,Austin Anlezark,0.0,0.0,Right,0,1,1,0,LengthBall,LegStump,Missed,FrontFoot,Slog,OffBreak,Over,OffSpin,Right,Null,NotReferred,Null,False,False,True,False,False,True,False,False,True,True,False,False,1,1,0,0,0,False,False,Wicketkeeper,,,,,
1635599,16,7.25,8,0,0,116,7,8,76227,,40932,Study NT Top End T20 Series,2,1494,Victoria Academy,1493,Nepal A,8738614,2026-08-29T10:27:53Z,6,98,False,2233,Pawan Sarraf,11468,Austin Anlezark,15458,Harry Hoekstra,49.0,55.0,Left,0,0,0,0,HalfVolley,MiddleStump,ThickEdge,FrontFoot,Drive,OffBreak,Round,OffSpin,Right,Null,NotReferred,Null,False,False,False,False,False,True,False,False,True,True,False,False,0,0,0,0,0,False,False,Gully,,,,,
1635601,17,7.06,4,0,0,120,7,4,76227,,40932,Study NT Top End T20 Series,2,1494,Victoria Academy,1493,Nepal A,8738617,2026-08-29T10:28:58Z,1,99,False,21943,Bipin Khatri,15458,Harry Hoekstra,11468,Austin Anlezark,0.0,0.0,Right,0,0,0,0,BackOfALength,OutsideOff,Missed,BackFoot,Drive,StockBall,Round,Orthodox,Left,Null,NotReferred,Null,False,False,False,False,False,True,False,False,True,True,False,False,0,0,0,0,0,False,False,Wicketkeeper,,,,,
1635601,17,7.06,4,0,0,120,7,4,76227,,40932,Study NT Top End T20 Series,2,1494,Victoria Academy,1493,Nepal A,8738618,2026-08-29T10:29:13Z,2,100,False,21943,Bipin Khatri,15458,Harry Hoekstra,11468,Austin Anlezark,283.0,153.0,Right,2,0,2,2,BackOfALength,OutsideOff,MisTimed,DownTheTrack,Slog,StockBall,Round,Orthodox,Left,Null,NotReferred,Null,False,False,False,False,False,True,False,False,True,True,False,False,2,0,0,0,0,False,False,Long On,,,,,
1635601,17,7.06,4,0,0,120,7,4,76227,,40932,Study NT Top End T20 Series,2,1494,Victoria Academy,1493,Nepal A,8738620,2026-08-29T10:29:52Z,3,101,False,21943,Bipin Khatri,15458,Harry Hoekstra,11468,Austin Anlezark,217.0,74.0,Right,1,0,1,1,BackOfALength,OutsideOff,None,FrontFoot,Drive,StockBall,Round,Orthodox,Left,Null,NotReferred,Null,False,False,False,False,False,True,False,False,True,True,False,False,1,0,0,0,0,False,False,Extra Cover,,,,,
1635601,17,7.06,4,0,0,120,7,4,76227,,40932,Study NT Top End T20 Series,2,1494,Victoria Academy,1493,Nepal A,8738621,2026-08-29T10:30:29Z,4,102,False,21943,Bipin Khatri,11468,Austin Anlezark,15458,Harry Hoekstra,0.0,0.0,Left,0,0,0,0,LengthBall,DownLeg,None,FrontFoot,Drive,StockBall,Round,Orthodox,Left,Null,NotReferred,Null,False,False,False,False,False,True,False,False,True,True,False,False,0,0,0,0,0,False,False,Bowler,,,,,
1635601,17,7.06,4,0,0,120,7,4,76227,,40932,Study NT Top End T20 Series,2,1494,Victoria Academy,1493,Nepal A,8738623,2026-08-29T10:30:43Z,5,103,False,21943,Bipin Khatri,11468,Austin Anlezark,15458,Harry Hoekstra,178.0,124.0,Left,0,0,0,0,HalfVolley,LegStump,None,BackFoot,Worked,StockBall,Round,Orthodox,Left,Null,NotReferred,Null,False,False,False,False,False,True,False,False,True,True,False,False,0,0,0,0,0,False,False,Deep Backward Square Leg,,,,,
1635601,17,7.06,4,0,0,120,7,4,76227,,40932,Study NT Top End T20 Series,2,1494,Victoria Academy,1493,Nepal A,8738624,2026-08-29T10:31:00Z,6,104,False,21943,Bipin Khatri,11468,Austin Anlezark,15458,Harry Hoekstra,,,Left,1,0,1,1,,,,0,,StockBall,Over,Orthodox,Left,Null,NotReferred,Null,False,False,False,False,False,True,False,False,True,True,False,False,1,0,0,0,0,False,False,,,,,,
1635603,18,7.17,9,1,0,129,8,9,76227,,40932,Study NT Top End T20 Series,2,1494,Victoria Academy,1493,Nepal A,8738627,2026-08-29T10:32:14Z,1,105,False,21944,Yuvraj Khatri,11468,Austin Anlezark,15458,Harry Hoekstra,0.0,0.0,Left,0,0,0,0,LengthBall,OutsideOff,Missed,BackFoot,Drive,LegSpinner,Over,LegSpin,Right,Null,NotReferred,Null,False,False,False,False,False,True,False,False,True,True,False,False,0,0,0,0,0,False,False,Wicketkeeper,,,,,
1635603,18,7.17,9,1,0,129,8,9,76227,,40932,Study NT Top End T20 Series,2,1494,Victoria Academy,1493,Nepal A,8738629,2026-08-29T10:32:36Z,2,106,False,21944,Yuvraj Khatri,11468,Austin Anlezark,15458,Harry Hoekstra,185.0,171.0,Left,6,0,6,6,BackOfALength,DownLeg,Middled,BackFoot,Pull,LegSpinner,Over,LegSpin,Right,Null,NotReferred,Null,False,False,False,False,True,True,False,False,True,True,False,False,6,0,0,0,0,True,False,,,,,,
1635603,18,7.17,9,1,0,129,8,9,76227,,40932,Study NT Top End T20 Series,2,1494,Victoria Academy,1493,Nepal A,8738631,2026-08-29T10:33:13Z,3,107,True,21944,Yuvraj Khatri,11468,Austin Anlezark,15458,Harry Hoekstra,331.0,64.0,Left,0,0,0,0,HalfVolley,OutsideOff,ThickEdge,FrontFoot,Drive,LegSpinner,Over,LegSpin,Right,Null,NotReferred,Null,False,False,False,False,False,True,False,False,True,True,False,False,0,0,0,0,0,False,True,Cover,Caught,11468.0,Austin Anlezark,Caught,Caught
1635603,18,7.17,9,1,0,129,8,9,76227,,40932,Study NT Top End T20 Series,2,1494,Victoria Academy,1493,Nepal A,8738634,2026-08-29T10:34:48Z,4,108,False,21944,Yuvraj Khatri,3900,Callum Stow,15458,Harry Hoekstra,313.0,142.0,Right,1,0,1,1,HalfVolley,OffStump,None,FrontFoot,Flick,LegSpinner,Over,LegSpin,Right,Null,NotReferred,Null,False,False,False,False,False,True,False,False,True,True,False,False,1,0,0,0,0,False,False,Deep Mid Wicket,,,,,
1635603,18,7.17,9,1,0,129,8,9,76227,,40932,Study NT Top End T20 Series,2,1494,Victoria Academy,1493,Nepal A,8738636,2026-08-29T10:35:19Z,5,109,False,21944,Yuvraj Khatri,15458,Harry Hoekstra,3900,Callum Stow,246.0,137.0,Right,1,0,1,1,BackOfALength,OutsideOff,None,BackFoot,Drive,LegSpinner,Over,LegSpin,Right,Null,NotReferred,Null,False,False,False,False,False,True,False,False,True,True,False,False,1,0,0,0,0,False,False,Long Off,,,,,
1635603,18,7.17,9,1,0,129,8,9,76227,,40932,Study NT Top End T20 Series,2,1494,Victoria Academy,1493,Nepal A,8738637,2026-08-29T10:35:39Z,6,110,False,21944,Yuvraj Khatri,3900,Callum Stow,15458,Harry Hoekstra,,,Right,1,0,1,1,,,,0,,LegSpinner,Over,LegSpin,Right,Null,NotReferred,Null,False,False,False,False,False,True,False,False,True,True,False,False,1,0,0,0,0,False,False,,,,,,
1635605,19,7.0,4,1,0,133,9,4,76227,,40932,Study NT Top End T20 Series,2,1494,Victoria Academy,1493,Nepal A,8738640,2026-08-29T10:36:50Z,1,111,True,3061,Kushal Bhurtel,3900,Callum Stow,15458,Harry Hoekstra,,,Right,0,0,0,0,BackOfALength,OutsideOff,Missed,BackFoot,Worked,Googly,Over,LegSpin,Right,Null,NotReferred,Null,False,False,False,False,False,True,False,False,True,True,False,False,0,0,0,0,0,False,False,,Bowled,3900.0,Callum Stow,Bowled,Bowled
1635605,19,7.0,4,1,0,133,9,4,76227,,40932,Study NT Top End T20 Series,2,1494,Victoria Academy,1493,Nepal A,8738643,2026-08-29T10:38:30Z,2,112,False,3061,Kushal Bhurtel,21226,Michael Archer,15458,Harry Hoekstra,201.0,36.0,Right,0,0,0,0,LengthBall,OutsideOff,HitPad,FrontFoot,Worked,Googly,Over,LegSpin,Right,Null,NotReferred,Null,False,False,False,False,False,True,False,False,True,True,False,False,0,0,0,0,0,False,False,Cover,,,,,
1635605,19,7.0,4,1,0,133,9,4,76227,,40932,Study NT Top End T20 Series,2,1494,Victoria Academy,1493,Nepal A,8738644,2026-08-29T10:39:01Z,3,113,False,3061,Kushal Bhurtel,21226,Michael Archer,15458,Harry Hoekstra,304.0,137.0,Right,1,0,1,1,LengthBall,MiddleStump,None,FrontFoot,Worked,LegSpinner,Over,LegSpin,Right,Null,NotReferred,Null,False,False,False,False,False,True,False,False,True,True,False,False,1,0,0,0,0,False,False,Deep Mid Wicket,,,,,
1635605,19,7.0,4,1,0,133,9,4,76227,,40932,Study NT Top End T20 Series,2,1494,Victoria Academy,1493,Nepal A,8738646,2026-08-29T10:39:41Z,4,114,False,3061,Kushal Bhurtel,15458,Harry Hoekstra,21226,Michael Archer,245.0,135.0,Right,0,0,0,0,LengthBall,Wide,None,FrontFoot,Drive,LegSpinner,Over,LegSpin,Right,Null,NotReferred,Null,False,False,False,False,False,True,False,False,True,True,False,False,0,0,0,0,0,False,False,Long Off,,,,,
1635605,19,7.0,4,1,0,133,9,4,76227,,40932,Study NT Top End T20 Series,2,1494,Victoria Academy,1493,Nepal A,8738649,2026-08-29T10:40:11Z,5,115,False,3061,Kushal Bhurtel,15458,Harry Hoekstra,21226,Michael Archer,290.0,147.0,Right,2,0,2,2,HalfVolley,OutsideOff,None,FrontFoot,Slog,LegSpinner,Over,LegSpin,Right,Null,NotReferred,Null,False,False,False,False,False,True,False,False,True,True,False,False,2,0,0,0,0,False,False,Long On,,,,,
1635605,19,7.0,4,1,0,133,9,4,76227,,40932,Study NT Top End T20 Series,2,1494,Victoria Academy,1493,Nepal A,8738650,2026-08-29T10:40:46Z,6,116,False,3061,Kushal Bhurtel,15458,Harry Hoekstra,21226,Michael Archer,163.0,126.0,Right,1,0,1,1,LengthBall,Wide,ThickEdge,FrontFoot,Drive,LegSpinner,Over,LegSpin,Right,Null,NotReferred,Null,False,False,False,False,False,True,False,False,True,True,False,False,1,0,0,0,0,False,False,Deep Backward Point,,,,,
1635608,20,7.3,13,0,0,146,9,13,76227,,40932,Study NT Top End T20 Series,2,1494,Victoria Academy,1493,Nepal A,8738654,2026-08-29T10:42:31Z,1,117,False,14791,Akash Chand,15458,Harry Hoekstra,21226,Michael Archer,131.0,162.0,Right,4,0,4,4,BackOfALength,OutsideOff,WellTimed,BacksAway,Cut,NoMovement,Over,Medium,Right,Null,NotReferred,Null,False,False,False,False,True,True,False,False,False,False,False,False,4,0,0,0,0,True,False,,,,,,
1635608,20,7.3,13,0,0,146,9,13,76227,,40932,Study NT Top End T20 Series,2,1494,Victoria Academy,1493,Nepal A,8738655,2026-08-29T10:43:27Z,2,118,False,14791,Akash Chand,15458,Harry Hoekstra,21226,Michael Archer,309.0,125.0,Right,2,0,2,2,LengthBall,OffStump,None,BackFoot,Worked,NoMovement,Over,Medium,Right,Null,NotReferred,Null,False,False,False,False,False,True,False,False,False,False,False,False,2,0,0,0,0,False,False,Deep Mid Wicket,,,,,
1635608,20,7.3,13,0,0,146,9,13,76227,,40932,Study NT Top End T20 Series,2,1494,Victoria Academy,1493,Nepal A,8738656,2026-08-29T10:44:22Z,3,119,False,14791,Akash Chand,15458,Harry Hoekstra,21226,Michael Archer,244.0,147.0,Right,1,0,1,1,LengthBall,OutsideOff,None,BackFoot,Drive,SlowerBall,Over,Medium,Right,Null,NotReferred,Null,False,False,False,False,False,True,False,False,False,False,False,False,1,0,0,0,0,False,False,Long Off,,,,,
1635608,20,7.3,13,0,0,146,9,13,76227,,40932,Study NT Top End T20 Series,2,1494,Victoria Academy,1493,Nepal A,8738657,2026-08-29T10:45:27Z,4,120,False,14791,Akash Chand,21226,Michael Archer,15458,Harry Hoekstra,0.0,0.0,Right,0,1,1,0,LengthBall,OutsideOff,Missed,FrontFoot,Pushed,SlowerBall,Over,Medium,Right,Null,NotReferred,Null,False,False,True,False,False,True,False,False,False,False,False,False,1,1,0,0,0,False,False,Wicketkeeper,,,,,
1635608,20,7.3,13,0,0,146,9,13,76227,,40932,Study NT Top End T20 Series,2,1494,Victoria Academy,1493,Nepal A,8738658,2026-08-29T10:47:46Z,5,121,False,14791,Akash Chand,15458,Harry Hoekstra,21226,Michael Archer,0.0,0.0,Right,1,1,1,0,HalfTracker,OutsideOff,Missed,BackFoot,Pull,OffCutter,Over,Medium,Right,Null,NotReferred,Null,True,False,False,False,False,True,False,False,False,False,False,False,1,0,1,0,0,False,False,Wicketkeeper,,,,,
1635608,20,7.3,13,0,0,146,9,13,76227,,40932,Study NT Top End T20 Series,2,1494,Victoria Academy,1493,Nepal A,8738659,2026-08-29T10:48:54Z,5,122,False,14791,Akash Chand,15458,Harry Hoekstra,21226,Michael Archer,0.0,0.0,Right,0,0,0,0,HalfVolley,OutsideOff,None,FrontFoot,Drive,NoMovement,Over,Medium,Right,Null,NotReferred,Null,False,False,False,False,False,True,False,False,False,False,False,False,0,0,0,0,0,False,False,Bowler,,,,,
1635608,20,7.3,13,0,0,146,9,13,76227,,40932,Study NT Top End T20 Series,2,1494,Victoria Academy,1493,Nepal A,8738660,2026-08-29T10:50:32Z,6,123,False,14791,Akash Chand,15458,Harry Hoekstra,21226,Michael Archer,193.0,172.0,Right,4,0,4,4,LengthBall,OutsideOff,WellTimed,FrontFoot,Drive,NoMovement,Over,Medium,Right,Null,NotReferred,Null,False,False,False,False,True,True,False,False,False,False,False,False,4,0,0,0,0,True,False,,,,,,
