over_id,over_overNumber,over_runrate,over_runsConceded,over_wickets,over_runsExtras,over_totalInningRuns,over_totalInningWickets,over_totalRuns,id,matchName,fixtureId,fixtureName,inningNumber,battingTeamId,battingTeamName,bowlingTeamId,bowlingTeamName,ball_id,ballDateTime,ballNumber,totalBallNumber,isWicket,bowlerPlayerId,bowlerPlayerName,battingPlayerId,battingPlayerName,nonStrikeBattingPlayerId,nonStrikeBattingPlayerName,shotAngle,shotMagnitude,battingHandId,fieldingPosition,runsConceded,extras,runs,runsScored,lengthTypeId,lineTypeId,battingConnectionId,battingFeetId,battingShotTypeId,bowlingDetailId,bowlingFromId,bowlingTypeId,bowlingHandId,outcomeId,referralOutcomeId,noBallReasonId,isWide,isNoBall,isByes,isLegByes,isAirControlled,isAppeal,isFreeHit,isNewBall,isPowerPlay,isBattingPowerPlay,isFloodLit,isReferred,teamRuns,runsByes,runsWide,runsLegByes,noBallsCount,isBoundry,isAirNotControlled,dismissalTypeId,dismissalPlayerId,dismissalPlayerName,dismissalType,appealDismissalTypeId,decisionOfficialId
1636574,2,10.0,12,0,0,20,0,12,76258,,40941,Namibia T20I Tri-Series 2026 - Men,1,22,Zimbabwe Men,753,Namibia Men,8744450,2026-08-31T12:04:06Z,1,7,False,8249,Ruben Trumpelmann,8600,Brian Bennett,465,Ben Curran,,,Right,Wicketkeeper,0,0,0,0,LengthBall,OutsideOff,Missed,FrontFoot,Drive,AwaySwinger,Over,Medium,Left,Null,NotReferred,Null,False,False,False,False,False,True,False,False,True,False,False,False,0,0,0,0,0,False,False,,,,,,
1636574,2,10.0,12,0,0,20,0,12,76258,,40941,Namibia T20I Tri-Series 2026 - Men,1,22,Zimbabwe Men,753,Namibia Men,8744451,2026-08-31T12:04:38Z,2,8,False,8249,Ruben Trumpelmann,8600,Brian Bennett,465,Ben Curran,,,Right,Wicketkeeper,1,1,1,0,LengthBall,DownLeg,PlayAndMissLegSide,BackFoot,Flick,NoMovement,Over,Medium,Left,Null,NotReferred,Null,True,False,False,False,False,True,False,False,True,False,False,False,1,0,1,0,0,False,False,,,,,,
1636574,2,10.0,12,0,0,20,0,12,76258,,40941,Namibia T20I Tri-Series 2026 - Men,1,22,Zimbabwe Men,753,Namibia Men,8744452,2026-08-31T12:05:06Z,2,9,False,8249,Ruben Trumpelmann,8600,Brian Bennett,465,Ben Curran,189.0,172.0,Right,,4,0,4,4,LengthBall,OutsideOff,Middled,FrontFoot,Drive,AwaySwinger,Over,Medium,Left,Null,NotReferred,Null,False,False,False,False,False,True,False,False,True,False,False,False,4,0,0,0,0,True,False,,,,,,
1636574,2,10.0,12,0,0,20,0,12,76258,,40941,Namibia T20I Tri-Series 2026 - Men,1,22,Zimbabwe Men,753,Namibia Men,8744453,2026-08-31T12:05:54Z,3,10,False,8249,Ruben Trumpelmann,8600,Brian Bennett,465,Ben Curran,267.0,180.0,Right,,4,0,4,4,LengthBall,OffStump,Middled,FrontFoot,Drive,NoMovement,Over,Medium,Left,Null,NotReferred,Null,False,False,False,False,True,True,False,False,True,False,False,False,4,0,0,0,0,True,False,,,,,,
1636574,2,10.0,12,0,0,20,0,12,76258,,40941,Namibia T20I Tri-Series 2026 - Men,1,22,Zimbabwe Men,753,Namibia Men,8744454,2026-08-31T12:06:33Z,4,11,False,8249,Ruben Trumpelmann,8600,Brian Bennett,465,Ben Curran,318.0,58.0,Right,Mid Wicket,1,0,1,1,BackOfALength,DownLeg,None,BackFoot,Worked,NoMovement,Over,Medium,Left,Null,NotReferred,Null,False,False,False,False,False,True,False,False,True,False,False,False,1,0,0,0,0,False,False,,,,,,
1636574,2,10.0,12,0,0,20,0,12,76258,,40941,Namibia T20I Tri-Series 2026 - Men,1,22,Zimbabwe Men,753,Namibia Men,8744455,2026-08-31T12:07:21Z,5,12,False,8249,Ruben Trumpelmann,465,Ben Curran,8600,Brian Bennett,19.0,155.0,Left,Deep Backward Point,1,0,1,1,LengthBall,Wide,None,FrontFoot,Drive,AwaySwinger,Over,Medium,Left,Null,NotReferred,Null,False,False,False,False,False,True,False,False,True,False,False,False,1,0,0,0,0,False,False,,,,,,
1636574,2,10.0,12,0,0,20,0,12,76258,,40941,Namibia T20I Tri-Series 2026 - Men,1,22,Zimbabwe Men,753,Namibia Men,8744456,2026-08-31T12:08:15Z,6,13,False,8249,Ruben Trumpelmann,8600,Brian Bennett,465,Ben Curran,168.0,71.0,Right,Backward Point,1,0,1,1,BackOfALength,LegStump,None,BackFoot,Dropped,NoMovement,Over,Medium,Left,Null,NotReferred,Null,False,False,False,False,False,True,False,False,True,False,False,False,1,0,0,0,0,False,False,,,,,,
1636575,3,11.67,15,0,0,35,0,15,76258,,40941,Namibia T20I Tri-Series 2026 - Men,1,22,Zimbabwe Men,753,Namibia Men,8744457,2026-08-31T12:09:23Z,1,1,False,3198,JJ Smit,8600,Brian Bennett,465,Ben Curran,347.0,75.0,Right,Square Leg,1,0,1,1,BackOfALength,DownLeg,None,BackFoot,Worked,NoMovement,Over,Medium,Left,Null,NotReferred,Null,False,False,False,False,False,True,False,False,True,False,False,False,1,0,0,0,0,False,False,,,,,,
1636575,3,11.67,15,0,0,35,0,15,76258,,40941,Namibia T20I Tri-Series 2026 - Men,1,22,Zimbabwe Men,753,Namibia Men,8744458,2026-08-31T12:10:05Z,2,15,False,3198,JJ Smit,465,Ben Curran,8600,Brian Bennett,190.0,158.0,Left,Deep Square Leg,2,0,2,2,LengthBall,OutsideOff,None,FrontFoot,Slog,NoMovement,Over,Medium,Left,Null,NotReferred,Null,False,False,False,False,True,True,False,False,True,False,False,False,2,0,0,0,0,False,False,,,,,,
1636575,3,11.67,15,0,0,35,0,15,76258,,40941,Namibia T20I Tri-Series 2026 - Men,1,22,Zimbabwe Men,753,Namibia Men,8744459,2026-08-31T12:10:49Z,3,16,False,3198,JJ Smit,465,Ben Curran,8600,Brian Bennett,15.0,64.0,Left,Backward Point,1,0,1,1,BackOfALength,OutsideOff,None,BackFoot,Steer,NoMovement,Over,Medium,Left,Null,NotReferred,Null,False,False,False,False,False,True,False,False,True,False,False,False,1,0,0,0,0,False,False,,,,,,
1636575,3,11.67,15,0,0,35,0,15,76258,,40941,Namibia T20I Tri-Series 2026 - Men,1,22,Zimbabwe Men,753,Namibia Men,8744460,2026-08-31T12:11:27Z,4,17,False,3198,JJ Smit,8600,Brian Bennett,465,Ben Curran,41.0,133.0,Right,Fine Leg,1,0,1,1,BackOfALength,DownLeg,None,BackFoot,Pull,NoMovement,Over,Medium,Left,Null,NotReferred,Null,False,False,False,False,True,True,False,False,True,False,False,False,1,0,0,0,0,False,False,,,,,,
1636575,3,11.67,15,0,0,35,0,15,76258,,40941,Namibia T20I Tri-Series 2026 - Men,1,22,Zimbabwe Men,753,Namibia Men,8744461,2026-08-31T12:12:03Z,5,18,False,3198,JJ Smit,465,Ben Curran,8600,Brian Bennett,167.0,168.0,Left,Deep Square Leg,6,0,6,6,Short,OutsideOff,WellTimed,BackFoot,Pull,NoMovement,Over,Medium,Left,Null,NotReferred,Null,False,False,False,False,True,True,False,False,True,False,False,False,6,0,0,0,0,True,False,,,,,,
1636575,3,11.67,15,0,0,35,0,15,76258,,40941,Namibia T20I Tri-Series 2026 - Men,1,22,Zimbabwe Men,753,Namibia Men,8744462,2026-08-31T12:12:51Z,6,19,False,3198,JJ Smit,465,Ben Curran,8600,Brian Bennett,38.0,164.0,Left,,4,0,4,4,BackOfALength,Wide,WellTimed,BackFoot,Steer,NoMovement,Over,Medium,Left,Null,NotReferred,Null,False,False,False,False,False,True,False,False,True,False,False,False,4,0,0,0,0,True,False,,,,,,
1636576,4,10.0,5,0,0,40,0,5,76258,,40941,Namibia T20I Tri-Series 2026 - Men,1,22,Zimbabwe Men,753,Namibia Men,8744463,2026-08-31T12:14:08Z,1,20,False,14575,Jack Brassell,8600,Brian Bennett,465,Ben Curran,,,Right,Wicketkeeper,0,0,0,0,HalfVolley,OutsideOff,Missed,FrontFoot,Drive,NoMovement,Over,Medium,Right,Null,NotReferred,Null,False,False,False,False,False,True,False,False,True,False,False,False,0,0,0,0,0,False,False,,,,,,
1636576,4,10.0,5,0,0,40,0,5,76258,,40941,Namibia T20I Tri-Series 2026 - Men,1,22,Zimbabwe Men,753,Namibia Men,8744464,2026-08-31T12:14:38Z,2,21,False,14575,Jack Brassell,8600,Brian Bennett,465,Ben Curran,264.0,180.0,Right,,4,0,4,4,FullToss,OffStump,Middled,FrontFoot,Drive,NoMovement,Over,Medium,Right,Null,NotReferred,Null,False,False,False,False,False,True,False,False,True,False,False,False,4,0,0,0,0,True,False,,,,,,
1636576,4,10.0,5,0,0,40,0,5,76258,,40941,Namibia T20I Tri-Series 2026 - Men,1,22,Zimbabwe Men,753,Namibia Men,8744465,2026-08-31T12:15:19Z,3,22,False,14575,Jack Brassell,8600,Brian Bennett,465,Ben Curran,,,Right,Wicketkeeper,0,0,0,0,BackOfALength,Wide,Missed,MovesInfront,ReverseScoop,AwaySwinger,Over,Medium,Right,Null,NotReferred,Null,False,False,False,False,False,True,False,False,True,False,False,False,0,0,0,0,0,False,False,,,,,,
1636576,4,10.0,5,0,0,40,0,5,76258,,40941,Namibia T20I Tri-Series 2026 - Men,1,22,Zimbabwe Men,753,Namibia Men,8744466,2026-08-31T12:15:47Z,4,23,False,14575,Jack Brassell,8600,Brian Bennett,465,Ben Curran,176.0,69.0,Right,Backward Point,1,0,1,1,BackOfALength,Wide,None,FrontFoot,Drive,NoMovement,Over,Medium,Right,Null,NotReferred,Null,False,False,False,False,False,True,False,False,True,False,False,False,1,0,0,0,0,False,False,,,,,,
1636576,4,10.0,5,0,0,40,0,5,76258,,40941,Namibia T20I Tri-Series 2026 - Men,1,22,Zimbabwe Men,753,Namibia Men,8744467,2026-08-31T12:16:30Z,5,24,False,14575,Jack Brassell,465,Ben Curran,8600,Brian Bennett,,,Left,Wicketkeeper,0,0,0,0,FullToss,OutsideOff,Missed,MovesInfront,Scoop,NoMovement,Over,Medium,Right,Null,NotReferred,Null,False,False,False,False,False,True,False,False,True,False,False,False,0,0,0,0,0,False,False,,,,,,
1636576,4,10.0,5,0,0,40,0,5,76258,,40941,Namibia T20I Tri-Series 2026 - Men,1,22,Zimbabwe Men,753,Namibia Men,8744468,2026-08-31T12:17:06Z,6,25,False,14575,Jack Brassell,465,Ben Curran,8600,Brian Bennett,,,Left,Bowler,0,0,0,0,LengthBall,LegStump,None,FrontFoot,Pushed,NoMovement,Over,Medium,Right,Null,NotReferred,Null,False,False,False,False,False,True,False,False,True,False,False,False,0,0,0,0,0,False,False,,,,,,
1636577,5,10.4,12,0,0,52,0,12,76258,,40941,Namibia T20I Tri-Series 2026 - Men,1,22,Zimbabwe Men,753,Namibia Men,8744469,2026-08-31T12:18:05Z,1,26,False,8249,Ruben Trumpelmann,8600,Brian Bennett,465,Ben Curran,262.0,180.0,Right,,4,0,4,4,BackOfALength,OffStump,Middled,FrontFoot,Drive,AwaySwinger,Over,Medium,Left,Null,NotReferred,Null,False,False,False,False,True,True,False,False,True,False,False,False,4,0,0,0,0,True,False,,,,,,
1636577,5,10.4,12,0,0,52,0,12,76258,,40941,Namibia T20I Tri-Series 2026 - Men,1,22,Zimbabwe Men,753,Namibia Men,8744470,2026-08-31T12:18:42Z,2,27,False,8249,Ruben Trumpelmann,8600,Brian Bennett,465,Ben Curran,269.0,180.0,Right,,4,0,4,4,HalfVolley,OffStump,Middled,FrontFoot,Drive,NoMovement,Over,Medium,Left,Null,NotReferred,Null,False,False,False,False,False,True,False,False,True,False,False,False,4,0,0,0,0,True,False,,,,,,
1636577,5,10.4,12,0,0,52,0,12,76258,,40941,Namibia T20I Tri-Series 2026 - Men,1,22,Zimbabwe Men,753,Namibia Men,8744471,2026-08-31T12:19:53Z,3,28,False,8249,Ruben Trumpelmann,8600,Brian Bennett,465,Ben Curran,,,Right,Bowler,0,0,0,0,BackOfALength,LegStump,None,BackFoot,BackwardDefensive,NoMovement,Over,Medium,Left,Null,NotReferred,Null,False,False,False,False,False,True,False,False,True,False,False,False,0,0,0,0,0,False,False,,,,,,
1636577,5,10.4,12,0,0,52,0,12,76258,,40941,Namibia T20I Tri-Series 2026 - Men,1,22,Zimbabwe Men,753,Namibia Men,8744472,2026-08-31T12:20:24Z,4,29,False,8249,Ruben Trumpelmann,8600,Brian Bennett,465,Ben Curran,,,Right,Wicketkeeper,1,1,1,0,HalfTracker,DownLeg,Left,Ducked,Leave,NoMovement,Over,Medium,Left,Null,NotReferred,Null,True,False,False,False,False,True,False,False,True,False,False,False,1,0,1,0,0,False,False,,,,,,
1636577,5,10.4,12,0,0,52,0,12,76258,,40941,Namibia T20I Tri-Series 2026 - Men,1,22,Zimbabwe Men,753,Namibia Men,8744473,2026-08-31T12:20:59Z,4,30,False,8249,Ruben Trumpelmann,8600,Brian Bennett,465,Ben Curran,155.0,67.0,Right,Backward Point,0,0,0,0,BackOfALength,MiddleStump,None,BackFoot,Pushed,NoMovement,Over,Medium,Left,Null,NotReferred,Null,False,False,False,False,False,True,False,False,True,False,False,False,0,0,0,0,0,False,False,,,,,,
1636577,5,10.4,12,0,0,52,0,12,76258,,40941,Namibia T20I Tri-Series 2026 - Men,1,22,Zimbabwe Men,753,Namibia Men,8744474,2026-08-31T12:21:32Z,5,31,False,8249,Ruben Trumpelmann,8600,Brian Bennett,465,Ben Curran,339.0,109.0,Right,Deep Square Leg,1,0,1,1,LengthBall,DownLeg,None,FrontFoot,Worked,SlowerBall,Over,Medium,Left,Null,NotReferred,Null,False,False,False,False,False,True,False,False,True,False,False,False,1,0,0,0,0,False,False,,,,,,
1636577,5,10.4,12,0,0,52,0,12,76258,,40941,Namibia T20I Tri-Series 2026 - Men,1,22,Zimbabwe Men,753,Namibia Men,8744475,2026-08-31T12:22:11Z,6,32,False,8249,Ruben Trumpelmann,465,Ben Curran,8600,Brian Bennett,238.0,148.0,Left,Deep Mid Wicket,2,0,2,2,Short,OutsideOff,WellTimed,BackFoot,Pull,NoMovement,Over,Medium,Left,Null,NotReferred,Null,False,False,False,False,False,True,False,False,True,False,False,False,2,0,0,0,0,False,False,,,,,,
1636578,6,10.67,12,1,0,64,1,12,76258,,40941,Namibia T20I Tri-Series 2026 - Men,1,22,Zimbabwe Men,753,Namibia Men,8744476,2026-08-31T12:23:31Z,1,33,False,3198,JJ Smit,8600,Brian Bennett,465,Ben Curran,194.0,84.0,Right,Cover,1,0,1,1,BackOfALength,OutsideOff,None,FrontFoot,Drive,NoMovement,Round,Medium,Left,Null,NotReferred,Null,False,False,False,False,False,True,False,False,True,False,False,False,1,0,0,0,0,False,False,,,,,,
1636578,6,10.67,12,1,0,64,1,12,76258,,40941,Namibia T20I Tri-Series 2026 - Men,1,22,Zimbabwe Men,753,Namibia Men,8744477,2026-08-31T12:24:11Z,2,34,False,3198,JJ Smit,465,Ben Curran,8600,Brian Bennett,279.0,163.0,Left,Long Off,2,0,2,2,LengthBall,OutsideOff,WellTimed,FrontFoot,Drive,NoMovement,Over,Medium,Left,Null,NotReferred,Null,False,False,False,False,True,True,False,False,True,False,False,False,2,0,0,0,0,False,False,,,,,,
1636578,6,10.67,12,1,0,64,1,12,76258,,40941,Namibia T20I Tri-Series 2026 - Men,1,22,Zimbabwe Men,753,Namibia Men,8744478,2026-08-31T12:24:52Z,3,35,False,3198,JJ Smit,465,Ben Curran,8600,Brian Bennett,344.0,173.0,Left,,4,0,4,4,LengthBall,Wide,WellTimed,FrontFoot,Drive,NoMovement,Over,Medium,Left,Null,NotReferred,Null,False,False,False,False,True,True,False,False,True,False,False,False,4,0,0,0,0,True,False,,,,,,
1636578,6,10.67,12,1,0,64,1,12,76258,,40941,Namibia T20I Tri-Series 2026 - Men,1,22,Zimbabwe Men,753,Namibia Men,8744479,2026-08-31T12:25:33Z,4,36,False,3198,JJ Smit,465,Ben Curran,8600,Brian Bennett,203.0,150.0,Left,Deep Square Leg,1,0,1,1,BackOfALength,OutsideOff,WellTimed,BackFoot,Pull,SeamIn,Over,Medium,Left,Null,NotReferred,Null,False,False,False,False,False,True,False,False,True,False,False,False,1,0,0,0,0,False,False,,,,,,
1636578,6,10.67,12,1,0,64,1,12,76258,,40941,Namibia T20I Tri-Series 2026 - Men,1,22,Zimbabwe Men,753,Namibia Men,8744480,2026-08-31T12:26:07Z,5,37,False,3198,JJ Smit,8600,Brian Bennett,465,Ben Curran,145.0,164.0,Right,,4,0,4,4,BackOfALength,OutsideOff,WellTimed,BacksAway,Cut,NoMovement,Round,Medium,Left,Null,NotReferred,Null,False,False,False,False,False,True,False,False,True,False,False,False,4,0,0,0,0,True,False,,,,,,
1636578,6,10.67,12,1,0,64,1,12,76258,,40941,Namibia T20I Tri-Series 2026 - Men,1,22,Zimbabwe Men,753,Namibia Men,8744481,2026-08-31T12:26:49Z,6,38,True,3198,JJ Smit,8600,Brian Bennett,465,Ben Curran,342.0,148.0,Right,Deep Square Leg,0,0,0,0,Short,OutsideOff,MisTimed,BackFoot,Pull,NoMovement,Round,Medium,Left,Null,NotReferred,Null,False,False,False,False,False,True,False,False,True,False,False,False,0,0,0,0,0,False,True,Caught,8600.0,Brian Bennett,Caught,Caught,1961.0
1636579,7,9.86,5,1,0,69,2,5,76258,,40941,Namibia T20I Tri-Series 2026 - Men,1,22,Zimbabwe Men,753,Namibia Men,8744482,2026-08-31T12:29:01Z,1,39,False,3506,Bernard Scholtz,465,Ben Curran,3980,Dion Myers,10.0,153.0,Left,Deep Backward Point,1,0,1,1,LengthBall,MiddleStump,WellTimed,FrontFoot,ReverseSweep,StockBall,Over,Orthodox,Left,Null,NotReferred,Null,False,False,False,False,True,True,False,False,False,False,False,False,1,0,0,0,0,False,False,,,,,,
1636579,7,9.86,5,1,0,69,2,5,76258,,40941,Namibia T20I Tri-Series 2026 - Men,1,22,Zimbabwe Men,753,Namibia Men,8744483,2026-08-31T12:29:32Z,2,40,False,3506,Bernard Scholtz,3980,Dion Myers,465,Ben Curran,243.0,138.0,Right,Long Off,1,0,1,1,HalfVolley,OutsideOff,None,FrontFoot,Drive,StockBall,Round,Orthodox,Left,Null,NotReferred,Null,False,False,False,False,False,True,False,False,False,False,False,False,1,0,0,0,0,False,False,,,,,,
1636579,7,9.86,5,1,0,69,2,5,76258,,40941,Namibia T20I Tri-Series 2026 - Men,1,22,Zimbabwe Men,753,Namibia Men,8744484,2026-08-31T12:30:06Z,3,41,False,3506,Bernard Scholtz,465,Ben Curran,3980,Dion Myers,207.0,135.0,Left,Deep Square Leg,1,0,1,1,LengthBall,OutsideOff,None,FrontFoot,Sweep,StockBall,Over,Orthodox,Left,Null,NotReferred,Null,False,False,False,False,False,True,False,False,False,False,False,False,1,0,0,0,0,False,False,,,,,,
1636579,7,9.86,5,1,0,69,2,5,76258,,40941,Namibia T20I Tri-Series 2026 - Men,1,22,Zimbabwe Men,753,Namibia Men,8744485,2026-08-31T12:30:28Z,4,42,False,3506,Bernard Scholtz,3980,Dion Myers,465,Ben Curran,254.0,147.0,Right,Long Off,1,0,1,1,BackOfALength,OutsideOff,MisTimed,FrontFoot,Drive,StockBall,Round,Orthodox,Left,Null,NotReferred,Null,False,False,False,False,False,True,False,False,False,False,False,False,1,0,0,0,0,False,False,,,,,,
1636579,7,9.86,5,1,0,69,2,5,76258,,40941,Namibia T20I Tri-Series 2026 - Men,1,22,Zimbabwe Men,753,Namibia Men,8744486,2026-08-31T12:30:55Z,5,43,False,3506,Bernard Scholtz,465,Ben Curran,3980,Dion Myers,66.0,62.0,Left,Short Third Man,1,0,1,1,BackOfALength,OutsideOff,None,BackFoot,Steer,StockBall,Over,Orthodox,Left,Null,NotReferred,Null,False,False,False,False,False,True,False,False,False,False,False,False,1,0,0,0,0,False,False,,,,,,
1636579,7,9.86,5,1,0,69,2,5,76258,,40941,Namibia T20I Tri-Series 2026 - Men,1,22,Zimbabwe Men,753,Namibia Men,8744487,2026-08-31T12:31:34Z,6,44,True,3506,Bernard Scholtz,3980,Dion Myers,465,Ben Curran,0.0,0.0,Right,Wicketkeeper,0,0,0,0,BackOfALength,OffStump,Missed,FrontFoot,ForwardDefensive,StockBall,Round,Orthodox,Left,Null,NotReferred,Null,False,False,False,False,False,True,False,False,False,False,False,False,0,0,0,0,0,False,False,Bowled,3980.0,Dion Myers,Bowled,Bowled,2021.0
1636580,8,9.25,5,1,0,74,3,5,76258,,40941,Namibia T20I Tri-Series 2026 - Men,1,22,Zimbabwe Men,753,Namibia Men,8744488,2026-08-31T12:33:24Z,1,45,False,3501,Gerhard Erasmus,465,Ben Curran,1186,Sikandar Raza,329.0,172.0,Left,Deep Extra Cover,3,0,3,3,HalfVolley,OutsideOff,WellTimed,FrontFoot,Drive,OffBreak,Round,OffSpin,Right,Null,NotReferred,Null,False,False,False,False,True,True,False,False,False,False,False,False,3,0,0,0,0,False,False,,,,,,
1636580,8,9.25,5,1,0,74,3,5,76258,,40941,Namibia T20I Tri-Series 2026 - Men,1,22,Zimbabwe Men,753,Namibia Men,8744489,2026-08-31T12:34:15Z,2,46,True,3501,Gerhard Erasmus,1186,Sikandar Raza,465,Ben Curran,322.0,147.0,Right,Deep Mid Wicket,0,0,0,0,BackOfALength,MiddleStump,MisTimed,FrontFoot,SlogSweep,OffBreak,Round,OffSpin,Right,Null,NotReferred,Null,False,False,False,False,False,True,False,False,False,False,False,False,0,0,0,0,0,False,True,Caught,1186.0,Sikandar Raza,Caught,Caught,1961.0
1636580,8,9.25,5,1,0,74,3,5,76258,,40941,Namibia T20I Tri-Series 2026 - Men,1,22,Zimbabwe Men,753,Namibia Men,8744490,2026-08-31T12:36:06Z,3,47,False,3501,Gerhard Erasmus,2663,Ryan Burl,465,Ben Curran,299.0,152.0,Left,Long Off,1,0,1,1,HalfVolley,OffStump,None,FrontFoot,Drive,OffBreak,Round,OffSpin,Right,Null,NotReferred,Null,False,False,False,False,False,True,False,False,False,False,False,False,1,0,0,0,0,False,False,,,,,,
1636580,8,9.25,5,1,0,74,3,5,76258,,40941,Namibia T20I Tri-Series 2026 - Men,1,22,Zimbabwe Men,753,Namibia Men,8744491,2026-08-31T12:36:31Z,4,48,False,3501,Gerhard Erasmus,465,Ben Curran,2663,Ryan Burl,253.0,76.0,Left,Mid On,1,0,1,1,LengthBall,OutsideOff,None,FrontFoot,Worked,OffBreak,Round,OffSpin,Right,Null,NotReferred,Null,False,False,False,False,False,True,False,False,False,False,False,False,1,0,0,0,0,False,False,,,,,,
1636580,8,9.25,5,1,0,74,3,5,76258,,40941,Namibia T20I Tri-Series 2026 - Men,1,22,Zimbabwe Men,753,Namibia Men,8744492,2026-08-31T12:36:53Z,5,49,False,3501,Gerhard Erasmus,2663,Ryan Burl,465,Ben Curran,66.0,61.0,Left,First Slip,0,0,0,0,LengthBall,OutsideOff,None,BackFoot,Steer,OffBreak,Round,OffSpin,Right,Null,NotReferred,Null,False,False,False,False,False,True,False,False,False,False,False,False,0,0,0,0,0,False,False,,,,,,
1636580,8,9.25,5,1,0,74,3,5,76258,,40941,Namibia T20I Tri-Series 2026 - Men,1,22,Zimbabwe Men,753,Namibia Men,8744493,2026-08-31T12:37:33Z,6,50,False,3501,Gerhard Erasmus,2663,Ryan Burl,465,Ben Curran,251.0,69.0,Left,Bowler,0,0,0,0,LengthBall,OutsideOff,None,BackFoot,Worked,OffBreak,Round,OffSpin,Right,Null,NotReferred,Null,False,False,False,False,False,True,False,False,False,False,False,False,0,0,0,0,0,False,False,,,,,,
1636581,9,8.44,2,1,0,76,4,2,76258,,40941,Namibia T20I Tri-Series 2026 - Men,1,22,Zimbabwe Men,753,Namibia Men,8744494,2026-08-31T12:38:57Z,1,51,False,17272,Max Heingo,465,Ben Curran,2663,Ryan Burl,352.0,141.0,Left,Deep Cover,1,0,1,1,HalfVolley,Wide,None,FrontFoot,Drive,NoMovement,Over,Medium,Right,Null,NotReferred,Null,False,False,False,False,True,True,False,False,False,False,False,False,1,0,0,0,0,False,False,,,,,,
1636581,9,8.44,2,1,0,76,4,2,76258,,40941,Namibia T20I Tri-Series 2026 - Men,1,22,Zimbabwe Men,753,Namibia Men,8744495,2026-08-31T12:39:35Z,2,52,False,17272,Max Heingo,2663,Ryan Burl,465,Ben Curran,346.0,157.0,Left,Deep Cover,1,0,1,1,BackOfALength,OutsideOff,None,BackFoot,Cut,NoMovement,Over,Medium,Right,Null,NotReferred,Null,False,False,False,False,False,True,False,False,False,False,False,False,1,0,0,0,0,False,False,,,,,,
1636581,9,8.44,2,1,0,76,4,2,76258,,40941,Namibia T20I Tri-Series 2026 - Men,1,22,Zimbabwe Men,753,Namibia Men,8744496,2026-08-31T12:40:07Z,3,53,True,17272,Max Heingo,465,Ben Curran,2663,Ryan Burl,73.0,65.0,Left,Short Third Man,0,0,0,0,LengthBall,OutsideOff,OutsideEdge,FrontFoot,Drive,OffCutter,Over,Medium,Right,Null,NotReferred,Null,False,False,False,False,False,True,False,False,False,False,False,False,0,0,0,0,0,False,True,Caught,465.0,Ben Curran,Caught,Caught,2021.0
1636581,9,8.44,2,1,0,76,4,2,76258,,40941,Namibia T20I Tri-Series 2026 - Men,1,22,Zimbabwe Men,753,Namibia Men,8744497,2026-08-31T12:42:04Z,4,54,False,17272,Max Heingo,3098,Wesley Madhevere,2663,Ryan Burl,322.0,59.0,Right,Short Mid Wicket,0,0,0,0,BackOfALength,OutsideOff,None,BackFoot,Worked,NoMovement,Over,Medium,Right,Null,NotReferred,Null,False,False,False,False,False,True,False,False,False,False,False,False,0,0,0,0,0,False,False,,,,,,
1636581,9,8.44,2,1,0,76,4,2,76258,,40941,Namibia T20I Tri-Series 2026 - Men,1,22,Zimbabwe Men,753,Namibia Men,8744498,2026-08-31T12:42:35Z,5,55,False,17272,Max Heingo,3098,Wesley Madhevere,2663,Ryan Burl,324.0,59.0,Right,Short Mid Wicket,0,0,0,0,BackOfALength,OutsideOff,MisTimed,BackFoot,Worked,NoMovement,Over,Medium,Right,Null,NotReferred,Null,False,False,False,False,False,True,False,False,False,False,False,False,0,0,0,0,0,False,True,,,,,,
1636581,9,8.44,2,1,0,76,4,2,76258,,40941,Namibia T20I Tri-Series 2026 - Men,1,22,Zimbabwe Men,753,Namibia Men,8744499,2026-08-31T12:43:07Z,6,56,False,17272,Max Heingo,3098,Wesley Madhevere,2663,Ryan Burl,256.0,76.0,Right,Mid Off,0,0,0,0,LengthBall,OutsideOff,None,FrontFoot,ForwardDefensive,NoMovement,Over,Medium,Right,Null,NotReferred,Null,False,False,False,False,False,True,False,False,False,False,False,False,0,0,0,0,0,False,False,,,,,,
1636582,10,8.3,7,1,0,83,5,7,76258,,40941,Namibia T20I Tri-Series 2026 - Men,1,22,Zimbabwe Men,753,Namibia Men,8744500,2026-08-31T12:44:04Z,1,57,False,3501,Gerhard Erasmus,2663,Ryan Burl,3098,Wesley Madhevere,12.0,137.0,Left,Deep Backward Point,1,0,1,1,BackOfALength,MiddleStump,None,BacksAway,Cut,OffBreak,Round,OffSpin,Right,Null,NotReferred,Null,False,False,False,False,False,True,False,False,False,False,False,False,1,0,0,0,0,False,False,,,,,,
1636582,10,8.3,7,1,0,83,5,7,76258,,40941,Namibia T20I Tri-Series 2026 - Men,1,22,Zimbabwe Men,753,Namibia Men,8744501,2026-08-31T12:44:29Z,2,58,False,3501,Gerhard Erasmus,3098,Wesley Madhevere,2663,Ryan Burl,0.0,0.0,Right,Wicketkeeper,0,0,0,0,BackOfALength,OffStump,Missed,FrontFoot,ReverseSweep,OffBreak,Round,OffSpin,Right,Null,NotReferred,Null,False,False,False,False,False,True,False,False,False,False,False,False,0,0,0,0,0,False,False,,,,,,
1636582,10,8.3,7,1,0,83,5,7,76258,,40941,Namibia T20I Tri-Series 2026 - Men,1,22,Zimbabwe Men,753,Namibia Men,8744502,2026-08-31T12:44:53Z,3,59,False,3501,Gerhard Erasmus,3098,Wesley Madhevere,2663,Ryan Burl,194.0,157.0,Right,Deep Cover,2,0,2,2,HalfVolley,Wide,None,FrontFoot,Drive,ArmBall,Round,OffSpin,Right,Null,NotReferred,Null,False,False,False,False,True,True,False,False,False,False,False,False,2,0,0,0,0,False,False,,,,,,
1636582,10,8.3,7,1,0,83,5,7,76258,,40941,Namibia T20I Tri-Series 2026 - Men,1,22,Zimbabwe Men,753,Namibia Men,8744503,2026-08-31T12:45:21Z,4,60,True,3501,Gerhard Erasmus,3098,Wesley Madhevere,2663,Ryan Burl,286.0,149.0,Right,Long On,0,0,0,0,LengthBall,MiddleStump,MisTimed,FrontFoot,Slog,OffBreak,Round,OffSpin,Right,Null,NotReferred,Null,False,False,False,False,False,True,False,False,False,False,False,False,0,0,0,0,0,False,True,Caught,3098.0,Wesley Madhevere,Caught,Caught,1961.0
1636582,10,8.3,7,1,0,83,5,7,76258,,40941,Namibia T20I Tri-Series 2026 - Men,1,22,Zimbabwe Men,753,Namibia Men,8744504,2026-08-31T12:47:20Z,5,61,False,3501,Gerhard Erasmus,3981,Tadiwanashe Marumani,2663,Ryan Burl,146.0,125.0,Left,Fine Leg,2,0,2,2,BackOfALength,OffStump,None,BackFoot,Worked,OffBreak,Round,OffSpin,Right,Null,NotReferred,Null,False,False,False,False,False,True,False,False,False,False,False,False,2,0,0,0,0,False,False,,,,,,
1636582,10,8.3,7,1,0,83,5,7,76258,,40941,Namibia T20I Tri-Series 2026 - Men,1,22,Zimbabwe Men,753,Namibia Men,8744505,2026-08-31T12:47:44Z,6,62,False,3501,Gerhard Erasmus,3981,Tadiwanashe Marumani,2663,Ryan Burl,,,Left,Wicketkeeper,1,1,1,0,HalfVolley,DownLeg,PlayAndMissLegSide,FrontFoot,Sweep,QuickerBall,Round,OffSpin,Right,Null,NotReferred,Null,True,False,False,False,False,True,False,False,False,False,False,False,1,0,1,0,0,False,False,,,,,,
1636582,10,8.3,7,1,0,83,5,7,76258,,40941,Namibia T20I Tri-Series 2026 - Men,1,22,Zimbabwe Men,753,Namibia Men,8744506,2026-08-31T12:48:07Z,6,63,False,3501,Gerhard Erasmus,3981,Tadiwanashe Marumani,2663,Ryan Burl,,,Left,Wicketkeeper,1,1,1,0,LengthBall,LegStump,PlayAndMissLegSide,FrontFoot,Glance,ArmBall,Round,OffSpin,Right,Null,NotReferred,Null,True,False,False,False,False,True,False,False,False,False,False,False,1,0,1,0,0,False,False,,,,,,
1636582,10,8.3,7,1,0,83,5,7,76258,,40941,Namibia T20I Tri-Series 2026 - Men,1,22,Zimbabwe Men,753,Namibia Men,8744507,2026-08-31T12:48:31Z,6,64,False,3501,Gerhard Erasmus,3981,Tadiwanashe Marumani,2663,Ryan Burl,245.0,38.0,Left,Mid On,0,0,0,0,LengthBall,OffStump,None,FrontFoot,ForwardDefensive,OffBreak,Round,OffSpin,Right,Null,NotReferred,Null,False,False,False,False,False,True,False,False,False,False,False,False,0,0,0,0,0,False,False,,,,,,
1636583,11,7.91,4,0,0,87,5,4,76258,,40941,Namibia T20I Tri-Series 2026 - Men,1,22,Zimbabwe Men,753,Namibia Men,8744508,2026-08-31T12:49:28Z,1,65,False,17272,Max Heingo,2663,Ryan Burl,3981,Tadiwanashe Marumani,300.0,140.0,Left,Long Off,1,0,1,1,HalfVolley,MiddleStump,None,FrontFoot,Drive,NoMovement,Over,Medium,Right,Null,NotReferred,Null,False,False,False,False,False,True,False,False,False,False,False,False,1,0,0,0,0,False,False,,,,,,
1636583,11,7.91,4,0,0,87,5,4,76258,,40941,Namibia T20I Tri-Series 2026 - Men,1,22,Zimbabwe Men,753,Namibia Men,8744509,2026-08-31T12:50:09Z,2,66,False,17272,Max Heingo,3981,Tadiwanashe Marumani,2663,Ryan Burl,,,Left,Wicketkeeper,0,0,0,0,BackOfALength,LegStump,Missed,BackFoot,BackwardDefensive,SeamAway,Over,Medium,Right,Null,NotReferred,Null,False,False,False,False,False,True,False,False,False,False,False,False,0,0,0,0,0,False,False,,,,,,
1636583,11,7.91,4,0,0,87,5,4,76258,,40941,Namibia T20I Tri-Series 2026 - Men,1,22,Zimbabwe Men,753,Namibia Men,8744510,2026-08-31T12:50:40Z,3,67,False,17272,Max Heingo,3981,Tadiwanashe Marumani,2663,Ryan Burl,294.0,138.0,Left,Long Off,1,0,1,1,BackOfALength,OffStump,None,BackFoot,Drive,NoMovement,Over,Medium,Right,Null,NotReferred,Null,False,False,False,False,False,True,False,False,False,False,False,False,1,0,0,0,0,False,False,,,,,,
1636583,11,7.91,4,0,0,87,5,4,76258,,40941,Namibia T20I Tri-Series 2026 - Men,1,22,Zimbabwe Men,753,Namibia Men,8744511,2026-08-31T12:51:08Z,4,68,False,17272,Max Heingo,2663,Ryan Burl,3981,Tadiwanashe Marumani,,,Left,Wicketkeeper,0,0,0,0,Short,OffStump,Missed,BackFoot,Cut,NoMovement,Over,Medium,Right,Null,NotReferred,Null,False,False,False,False,False,True,False,False,False,False,False,False,0,0,0,0,0,False,False,,,,,,
1636583,11,7.91,4,0,0,87,5,4,76258,,40941,Namibia T20I Tri-Series 2026 - Men,1,22,Zimbabwe Men,753,Namibia Men,8744512,2026-08-31T12:51:36Z,5,69,False,17272,Max Heingo,2663,Ryan Burl,3981,Tadiwanashe Marumani,359.0,134.0,Left,Deep Cover,1,0,1,1,BackOfALength,MiddleStump,None,BackFoot,Drive,NoMovement,Over,Medium,Right,Null,NotReferred,Null,False,False,False,False,False,True,False,False,False,False,False,False,1,0,0,0,0,False,False,,,,,,
1636583,11,7.91,4,0,0,87,5,4,76258,,40941,Namibia T20I Tri-Series 2026 - Men,1,22,Zimbabwe Men,753,Namibia Men,8744513,2026-08-31T12:52:13Z,6,70,False,17272,Max Heingo,3981,Tadiwanashe Marumani,2663,Ryan Burl,309.0,135.0,Left,Deep Extra Cover,1,0,1,1,BackOfALength,MiddleStump,None,BackFoot,Drive,NoMovement,Over,Medium,Right,Null,NotReferred,Null,False,False,False,False,False,True,False,False,False,False,False,False,1,0,0,0,0,False,False,,,,,,
1636584,12,8.42,14,1,0,101,6,14,76258,,40941,Namibia T20I Tri-Series 2026 - Men,1,22,Zimbabwe Men,753,Namibia Men,8744514,2026-08-31T12:53:09Z,1,71,False,3501,Gerhard Erasmus,3981,Tadiwanashe Marumani,2663,Ryan Burl,342.0,52.0,Left,Cover,0,0,0,0,LengthBall,MiddleStump,None,FrontFoot,Drive,OffBreak,Round,OffSpin,Right,Null,NotReferred,Null,False,False,False,False,False,True,False,False,False,False,False,False,0,0,0,0,0,False,False,,,,,,
1636584,12,8.42,14,1,0,101,6,14,76258,,40941,Namibia T20I Tri-Series 2026 - Men,1,22,Zimbabwe Men,753,Namibia Men,8744515,2026-08-31T12:53:30Z,2,72,False,3501,Gerhard Erasmus,3981,Tadiwanashe Marumani,2663,Ryan Burl,271.0,180.0,Left,,4,0,4,4,LengthBall,OutsideOff,MisTimed,FrontFoot,Drive,OffBreak,Over,OffSpin,Right,Null,NotReferred,Null,False,False,False,False,True,True,False,False,False,False,False,False,4,0,0,0,0,True,False,,,,,,
1636584,12,8.42,14,1,0,101,6,14,76258,,40941,Namibia T20I Tri-Series 2026 - Men,1,22,Zimbabwe Men,753,Namibia Men,8744516,2026-08-31T12:54:09Z,3,73,False,3501,Gerhard Erasmus,3981,Tadiwanashe Marumani,2663,Ryan Burl,215.0,142.0,Left,Deep Mid Wicket,2,0,2,2,HalfVolley,OutsideOff,None,FrontFoot,Flick,OffBreak,Over,OffSpin,Right,Null,NotReferred,Null,False,False,False,False,False,True,False,False,False,False,False,False,2,0,0,0,0,False,False,,,,,,
1636584,12,8.42,14,1,0,101,6,14,76258,,40941,Namibia T20I Tri-Series 2026 - Men,1,22,Zimbabwe Men,753,Namibia Men,8744517,2026-08-31T12:54:34Z,4,74,False,3501,Gerhard Erasmus,3981,Tadiwanashe Marumani,2663,Ryan Burl,308.0,139.0,Left,Deep Extra Cover,2,0,2,2,HalfVolley,OutsideOff,MisTimed,FrontFoot,Drive,OffBreak,Round,OffSpin,Right,Null,NotReferred,Null,False,False,False,False,False,True,False,False,False,False,False,False,2,0,0,0,0,False,True,,,,,,
1636584,12,8.42,14,1,0,101,6,14,76258,,40941,Namibia T20I Tri-Series 2026 - Men,1,22,Zimbabwe Men,753,Namibia Men,8744518,2026-08-31T12:55:01Z,5,75,False,3501,Gerhard Erasmus,3981,Tadiwanashe Marumani,2663,Ryan Burl,213.0,175.0,Left,,6,0,6,6,LengthBall,OutsideOff,WellTimed,FrontFoot,SlogSweep,OffBreak,Round,OffSpin,Right,Null,NotReferred,Null,False,False,False,False,True,True,False,False,False,False,False,False,6,0,0,0,0,True,False,,,,,,
1636584,12,8.42,14,1,0,101,6,14,76258,,40941,Namibia T20I Tri-Series 2026 - Men,1,22,Zimbabwe Men,753,Namibia Men,8744519,2026-08-31T12:55:28Z,6,76,True,3501,Gerhard Erasmus,3981,Tadiwanashe Marumani,2663,Ryan Burl,211.0,143.0,Left,Deep Mid Wicket,0,0,0,0,LengthBall,OutsideOff,MisTimed,FrontFoot,SlogSweep,OffBreak,Round,OffSpin,Right,Null,NotReferred,Null,False,False,False,False,False,True,False,False,False,False,False,False,0,0,0,0,0,False,True,Caught,3981.0,Tadiwanashe Marumani,Caught,Caught,1961.0
1636585,13,8.54,10,0,0,111,6,10,76258,,40941,Namibia T20I Tri-Series 2026 - Men,1,22,Zimbabwe Men,753,Namibia Men,8744520,2026-08-31T12:57:30Z,1,77,False,17272,Max Heingo,2663,Ryan Burl,2559,Brad Evans,251.0,123.0,Left,Long On,1,0,1,1,Short,LegStump,None,BackFoot,Pull,NoMovement,Over,Medium,Right,Null,NotReferred,Null,False,False,False,False,False,True,False,False,False,False,False,False,1,0,0,0,0,False,False,,,,,,
1636585,13,8.54,10,0,0,111,6,10,76258,,40941,Namibia T20I Tri-Series 2026 - Men,1,22,Zimbabwe Men,753,Namibia Men,8744521,2026-08-31T12:58:20Z,2,78,False,17272,Max Heingo,2559,Brad Evans,2663,Ryan Burl,70.0,137.0,Right,Fine Leg,1,0,1,1,BackOfALength,OffStump,None,FrontFoot,Glance,NoMovement,Over,Medium,Right,Null,NotReferred,Null,False,False,False,False,False,True,False,False,False,False,False,False,1,0,0,0,0,False,False,,,,,,
1636585,13,8.54,10,0,0,111,6,10,76258,,40941,Namibia T20I Tri-Series 2026 - Men,1,22,Zimbabwe Men,753,Namibia Men,8744522,2026-08-31T12:58:55Z,3,79,False,17272,Max Heingo,2663,Ryan Burl,2559,Brad Evans,9.0,168.0,Left,Deep Backward Point,4,0,4,4,Short,LegStump,WellTimed,BackFoot,Cut,NoMovement,Over,Medium,Right,Null,NotReferred,Null,False,False,False,False,True,True,False,False,False,False,False,False,4,0,0,0,0,True,False,,,,,,
1636585,13,8.54,10,0,0,111,6,10,76258,,40941,Namibia T20I Tri-Series 2026 - Men,1,22,Zimbabwe Men,753,Namibia Men,8744523,2026-08-31T12:59:28Z,4,80,False,17272,Max Heingo,2663,Ryan Burl,2559,Brad Evans,318.0,139.0,Left,Deep Extra Cover,2,0,2,2,LengthBall,MiddleStump,MisTimed,FrontFoot,Drive,NoMovement,Over,Medium,Right,Null,NotReferred,Null,False,False,False,False,False,True,False,False,False,False,False,False,2,0,0,0,0,False,True,,,,,,
1636585,13,8.54,10,0,0,111,6,10,76258,,40941,Namibia T20I Tri-Series 2026 - Men,1,22,Zimbabwe Men,753,Namibia Men,8744524,2026-08-31T12:59:57Z,5,81,False,17272,Max Heingo,2663,Ryan Burl,2559,Brad Evans,344.0,139.0,Left,Deep Cover,1,0,1,1,LengthBall,MiddleStump,None,FrontFoot,Drive,NoMovement,Over,Medium,Right,Null,NotReferred,Null,False,False,False,False,False,True,False,False,False,False,False,False,1,0,0,0,0,False,False,,,,,,
1636585,13,8.54,10,0,0,111,6,10,76258,,40941,Namibia T20I Tri-Series 2026 - Men,1,22,Zimbabwe Men,753,Namibia Men,8744525,2026-08-31T13:00:32Z,6,82,False,17272,Max Heingo,2559,Brad Evans,2663,Ryan Burl,163.0,57.0,Right,Backward Point,1,0,1,1,LengthBall,OffStump,LeadingEdge,FrontFoot,Worked,NoMovement,Over,Medium,Right,Null,NotReferred,Null,False,False,False,False,False,True,False,False,False,False,False,False,1,0,0,0,0,False,True,,,,,,
1636586,14,8.93,14,0,0,125,6,14,76258,,40941,Namibia T20I Tri-Series 2026 - Men,1,22,Zimbabwe Men,753,Namibia Men,8744526,2026-08-31T13:01:54Z,1,83,False,3506,Bernard Scholtz,2559,Brad Evans,2663,Ryan Burl,323.0,72.0,Right,Short Mid Wicket,0,0,0,0,BackOfALength,OffStump,None,BackFoot,Worked,StockBall,Round,Orthodox,Left,Null,NotReferred,Null,False,False,False,False,False,True,False,False,False,False,False,False,0,0,0,0,0,False,False,,,,,,
1636586,14,8.93,14,0,0,125,6,14,76258,,40941,Namibia T20I Tri-Series 2026 - Men,1,22,Zimbabwe Men,753,Namibia Men,8744527,2026-08-31T13:02:17Z,2,84,False,3506,Bernard Scholtz,2559,Brad Evans,2663,Ryan Burl,327.0,63.0,Right,Mid Wicket,1,0,1,1,BackOfALength,OffStump,None,DownTheTrack,Flick,StockBall,Round,Orthodox,Left,Null,NotReferred,Null,False,False,False,False,False,True,False,False,False,False,False,False,1,0,0,0,0,False,False,,,,,,
1636586,14,8.93,14,0,0,125,6,14,76258,,40941,Namibia T20I Tri-Series 2026 - Men,1,22,Zimbabwe Men,753,Namibia Men,8744528,2026-08-31T13:02:51Z,3,85,False,3506,Bernard Scholtz,2663,Ryan Burl,2559,Brad Evans,326.0,82.0,Left,Extra Cover,0,0,0,0,LengthBall,OutsideOff,None,FrontFoot,Drive,StockBall,Over,Orthodox,Left,Null,NotReferred,Null,False,False,False,False,False,True,False,False,False,False,False,False,0,0,0,0,0,False,False,,,,,,
1636586,14,8.93,14,0,0,125,6,14,76258,,40941,Namibia T20I Tri-Series 2026 - Men,1,22,Zimbabwe Men,753,Namibia Men,8744529,2026-08-31T13:03:09Z,4,86,False,3506,Bernard Scholtz,2663,Ryan Burl,2559,Brad Evans,158.0,66.0,Left,Backward Square Leg,1,0,1,1,BackOfALength,OutsideOff,None,FrontFoot,Worked,StockBall,Round,Orthodox,Left,Null,NotReferred,Null,False,False,False,False,False,True,False,False,False,False,False,False,1,0,0,0,0,False,False,,,,,,
1636586,14,8.93,14,0,0,125,6,14,76258,,40941,Namibia T20I Tri-Series 2026 - Men,1,22,Zimbabwe Men,753,Namibia Men,8744530,2026-08-31T13:03:38Z,5,87,False,3506,Bernard Scholtz,2559,Brad Evans,2663,Ryan Burl,313.0,177.0,Right,,6,0,6,6,BackOfALength,OffStump,Middled,DownTheTrack,Slog,StockBall,Round,Orthodox,Left,Null,NotReferred,Null,False,False,False,False,True,True,False,False,False,False,False,False,6,0,0,0,0,True,False,,,,,,
1636586,14,8.93,14,0,0,125,6,14,76258,,40941,Namibia T20I Tri-Series 2026 - Men,1,22,Zimbabwe Men,753,Namibia Men,8744531,2026-08-31T13:04:08Z,6,88,False,3506,Bernard Scholtz,2559,Brad Evans,2663,Ryan Burl,331.0,175.0,Right,,6,0,6,6,BackOfALength,OutsideOff,Middled,FrontFoot,SlogSweep,StockBall,Round,Orthodox,Left,Null,NotReferred,Null,False,False,False,False,True,True,False,False,False,False,False,False,6,0,0,0,0,True,False,,,,,,
1636587,15,8.87,8,0,0,133,6,8,76258,,40941,Namibia T20I Tri-Series 2026 - Men,1,22,Zimbabwe Men,753,Namibia Men,8744532,2026-08-31T13:05:12Z,1,89,False,14575,Jack Brassell,2663,Ryan Burl,2559,Brad Evans,358.0,136.0,Left,Deep Cover,1,0,1,1,BackOfALength,MiddleStump,None,BackFoot,Cut,NoMovement,Over,Medium,Right,Null,NotReferred,Null,False,False,False,False,True,True,False,False,False,False,False,False,1,0,0,0,0,False,False,,,,,,
1636587,15,8.87,8,0,0,133,6,8,76258,,40941,Namibia T20I Tri-Series 2026 - Men,1,22,Zimbabwe Men,753,Namibia Men,8744533,2026-08-31T13:06:00Z,2,90,False,14575,Jack Brassell,2559,Brad Evans,2663,Ryan Burl,299.0,89.0,Right,Mid On,1,0,1,1,BackOfALength,MiddleStump,None,BackFoot,Worked,ReverseSwingIn,Over,Medium,Right,Null,NotReferred,Null,False,False,False,False,False,True,False,False,False,False,False,False,1,0,0,0,0,False,False,,,,,,
1636587,15,8.87,8,0,0,133,6,8,76258,,40941,Namibia T20I Tri-Series 2026 - Men,1,22,Zimbabwe Men,753,Namibia Men,8744534,2026-08-31T13:06:28Z,3,91,False,14575,Jack Brassell,2663,Ryan Burl,2559,Brad Evans,6.0,145.0,Left,Deep Backward Point,3,0,3,3,BackOfALength,MiddleStump,WellTimed,BackFoot,Cut,NoMovement,Over,Medium,Right,Null,NotReferred,Null,False,False,False,False,False,True,False,False,False,False,False,False,3,0,0,0,0,False,False,,,,,,
1636587,15,8.87,8,0,0,133,6,8,76258,,40941,Namibia T20I Tri-Series 2026 - Men,1,22,Zimbabwe Men,753,Namibia Men,8744535,2026-08-31T13:07:11Z,4,92,False,14575,Jack Brassell,2559,Brad Evans,2663,Ryan Burl,347.0,128.0,Right,Deep Square Leg,1,0,1,1,Short,OutsideOff,MisTimed,BackFoot,Pull,OffCutter,Over,Medium,Right,Null,NotReferred,Null,False,False,False,False,False,True,False,False,False,False,False,False,1,0,0,0,0,False,True,,,,,,
1636587,15,8.87,8,0,0,133,6,8,76258,,40941,Namibia T20I Tri-Series 2026 - Men,1,22,Zimbabwe Men,753,Namibia Men,8744536,2026-08-31T13:07:44Z,5,93,False,14575,Jack Brassell,2663,Ryan Burl,2559,Brad Evans,169.0,141.0,Left,Deep Backward Square Leg,2,0,2,2,LengthBall,MiddleStump,None,MovesInfront,Flick,NoMovement,Over,Medium,Right,Null,NotReferred,Null,False,False,False,False,False,True,False,False,False,False,False,False,2,0,0,0,0,False,False,,,,,,
1636587,15,8.87,8,0,0,133,6,8,76258,,40941,Namibia T20I Tri-Series 2026 - Men,1,22,Zimbabwe Men,753,Namibia Men,8744537,2026-08-31T13:08:18Z,6,94,False,14575,Jack Brassell,2663,Ryan Burl,2559,Brad Evans,,,Left,Wicketkeeper,0,0,0,0,LengthBall,OutsideOff,Missed,MovesInfront,Cut,AwaySwinger,Over,Medium,Right,Null,NotReferred,Null,False,False,False,False,False,True,False,False,False,False,False,False,0,0,0,0,0,False,False,,,,,,
1636588,16,8.88,9,0,0,142,6,9,76258,,40941,Namibia T20I Tri-Series 2026 - Men,1,22,Zimbabwe Men,753,Namibia Men,8744538,2026-08-31T13:09:36Z,1,95,False,17272,Max Heingo,2559,Brad Evans,2663,Ryan Burl,331.0,143.0,Right,Deep Square Leg,1,0,1,1,BackOfALength,OutsideOff,MisTimed,FrontFoot,Slog,NoMovement,Over,Medium,Right,Null,NotReferred,Null,False,False,False,False,False,True,False,False,False,False,False,False,1,0,0,0,0,False,True,,,,,,
1636588,16,8.88,9,0,0,142,6,9,76258,,40941,Namibia T20I Tri-Series 2026 - Men,1,22,Zimbabwe Men,753,Namibia Men,8744539,2026-08-31T13:10:20Z,2,96,False,17272,Max Heingo,2663,Ryan Burl,2559,Brad Evans,325.0,84.0,Left,Extra Cover,1,0,1,1,LengthBall,Wide,None,BackFoot,Drive,NoMovement,Over,Medium,Right,Null,NotReferred,Null,False,False,False,False,False,True,False,False,False,False,False,False,1,0,0,0,0,False,False,,,,,,
1636588,16,8.88,9,0,0,142,6,9,76258,,40941,Namibia T20I Tri-Series 2026 - Men,1,22,Zimbabwe Men,753,Namibia Men,8744540,2026-08-31T13:10:49Z,3,97,False,17272,Max Heingo,2559,Brad Evans,2663,Ryan Burl,207.0,44.0,Right,Short Extra Cover,1,0,1,1,BackOfALength,OffStump,Spliced,DeepInCrease,Pushed,NoMovement,Over,Medium,Right,Null,NotReferred,Null,False,False,False,False,False,True,False,False,False,False,False,False,1,0,0,0,0,False,False,,,,,,
1636588,16,8.88,9,0,0,142,6,9,76258,,40941,Namibia T20I Tri-Series 2026 - Men,1,22,Zimbabwe Men,753,Namibia Men,8744541,2026-08-31T13:14:34Z,4,98,False,17272,Max Heingo,2663,Ryan Burl,2559,Brad Evans,356.0,154.0,Left,Deep Cover,1,0,1,1,BackOfALength,OutsideOff,None,BackFoot,Drive,NoMovement,Over,Medium,Right,Null,NotReferred,Null,False,False,False,False,False,True,False,False,False,False,False,False,1,0,0,0,0,False,False,,,,,,
1636588,16,8.88,9,0,0,142,6,9,76258,,40941,Namibia T20I Tri-Series 2026 - Men,1,22,Zimbabwe Men,753,Namibia Men,8744542,2026-08-31T13:15:04Z,5,99,False,17272,Max Heingo,2559,Brad Evans,2663,Ryan Burl,324.0,145.0,Right,Deep Mid Wicket,1,0,1,1,Short,OutsideOff,None,BackFoot,Pull,NoMovement,Over,Medium,Right,Null,NotReferred,Null,False,False,False,False,True,True,False,False,False,False,False,False,1,0,0,0,0,False,False,,,,,,
1636588,16,8.88,9,0,0,142,6,9,76258,,40941,Namibia T20I Tri-Series 2026 - Men,1,22,Zimbabwe Men,753,Namibia Men,8744543,2026-08-31T13:15:34Z,6,100,False,17272,Max Heingo,2663,Ryan Burl,2559,Brad Evans,30.0,165.0,Left,,4,0,4,4,BackOfALength,OffStump,MisTimed,BackFoot,Cut,NoMovement,Over,Medium,Right,Null,NotReferred,Null,False,False,False,False,True,True,False,False,False,False,False,False,4,0,0,0,0,True,False,,,,,,
1636589,17,8.76,7,0,0,149,6,7,76258,,40941,Namibia T20I Tri-Series 2026 - Men,1,22,Zimbabwe Men,753,Namibia Men,8744544,2026-08-31T13:16:59Z,1,101,False,8249,Ruben Trumpelmann,2559,Brad Evans,2663,Ryan Burl,228.0,149.0,Right,Deep Extra Cover,2,0,2,2,FullToss,OutsideOff,MisTimed,FrontFoot,Drive,NoMovement,Round,Medium,Left,Null,NotReferred,Null,False,False,False,False,False,True,False,False,False,False,False,False,2,0,0,0,0,False,True,,,,,,
1636589,17,8.76,7,0,0,149,6,7,76258,,40941,Namibia T20I Tri-Series 2026 - Men,1,22,Zimbabwe Men,753,Namibia Men,8744545,2026-08-31T13:17:34Z,2,102,False,8249,Ruben Trumpelmann,2559,Brad Evans,2663,Ryan Burl,291.0,140.0,Right,Long On,1,0,1,1,Short,OutsideOff,MisTimed,BackFoot,Pull,NoMovement,Round,Medium,Left,Null,NotReferred,Null,False,False,False,False,False,True,False,False,False,False,False,False,1,0,0,0,0,False,True,,,,,,
1636589,17,8.76,7,0,0,149,6,7,76258,,40941,Namibia T20I Tri-Series 2026 - Men,1,22,Zimbabwe Men,753,Namibia Men,8744546,2026-08-31T13:18:24Z,3,103,False,8249,Ruben Trumpelmann,2663,Ryan Burl,2559,Brad Evans,176.0,142.0,Left,Deep Backward Square Leg,1,0,1,1,Short,OutsideOff,None,BackFoot,Pull,NoMovement,Over,Medium,Left,Null,NotReferred,Null,False,False,False,False,False,True,False,False,False,False,False,False,1,0,0,0,0,False,False,,,,,,
1636589,17,8.76,7,0,0,149,6,7,76258,,40941,Namibia T20I Tri-Series 2026 - Men,1,22,Zimbabwe Men,753,Namibia Men,8744547,2026-08-31T13:19:02Z,4,104,False,8249,Ruben Trumpelmann,2559,Brad Evans,2663,Ryan Burl,,,Right,Wicketkeeper,0,0,0,0,Short,OutsideOff,Missed,BackFoot,Pull,NoMovement,Round,Medium,Left,Null,NotReferred,Null,False,False,False,False,False,True,False,False,False,False,False,False,0,0,0,0,0,False,False,,,,,,
1636589,17,8.76,7,0,0,149,6,7,76258,,40941,Namibia T20I Tri-Series 2026 - Men,1,22,Zimbabwe Men,753,Namibia Men,8744548,2026-08-31T13:19:31Z,5,105,False,8249,Ruben Trumpelmann,2559,Brad Evans,2663,Ryan Burl,149.0,141.0,Right,Third Man,2,0,2,2,HalfVolley,OutsideOff,ThickEdge,FrontFoot,Drive,NoMovement,Round,Medium,Left,Null,NotReferred,Null,False,False,False,False,False,True,False,False,False,False,False,False,2,0,0,0,0,False,False,,,,,,
1636589,17,8.76,7,0,0,149,6,7,76258,,40941,Namibia T20I Tri-Series 2026 - Men,1,22,Zimbabwe Men,753,Namibia Men,8744549,2026-08-31T13:20:18Z,6,106,False,8249,Ruben Trumpelmann,2559,Brad Evans,2663,Ryan Burl,200.0,148.0,Right,Deep Cover,1,0,1,1,HalfVolley,OutsideOff,None,FrontFoot,Drive,NoMovement,Round,Medium,Left,Null,NotReferred,Null,False,False,False,False,True,True,False,False,False,False,False,False,1,0,0,0,0,False,False,,,,,,
1636590,18,9.11,15,0,0,164,6,15,76258,,40941,Namibia T20I Tri-Series 2026 - Men,1,22,Zimbabwe Men,753,Namibia Men,8744550,2026-08-31T13:21:33Z,1,107,False,14575,Jack Brassell,2559,Brad Evans,2663,Ryan Burl,355.0,159.0,Right,Deep Square Leg,1,0,1,1,BackOfALength,OutsideOff,None,FrontFoot,Pull,NoMovement,Over,Medium,Right,Null,NotReferred,Null,False,False,False,False,False,True,False,False,False,False,False,False,1,0,0,0,0,False,False,,,,,,
1636590,18,9.11,15,0,0,164,6,15,76258,,40941,Namibia T20I Tri-Series 2026 - Men,1,22,Zimbabwe Men,753,Namibia Men,8744551,2026-08-31T13:22:23Z,2,108,False,14575,Jack Brassell,2663,Ryan Burl,2559,Brad Evans,2.0,132.0,Left,Deep Backward Point,1,0,1,1,LengthBall,OutsideOff,None,FrontFoot,Drive,NoMovement,Over,Medium,Right,Null,NotReferred,Null,False,False,False,False,True,True,False,False,False,False,False,False,1,0,0,0,0,False,False,,,,,,
1636590,18,9.11,15,0,0,164,6,15,76258,,40941,Namibia T20I Tri-Series 2026 - Men,1,22,Zimbabwe Men,753,Namibia Men,8744552,2026-08-31T13:23:04Z,3,109,False,14575,Jack Brassell,2559,Brad Evans,2663,Ryan Burl,85.0,160.0,Right,,4,0,4,4,Short,OutsideOff,Gloved,BackFoot,Pull,NoMovement,Over,Medium,Right,Null,NotReferred,Null,False,False,False,False,False,True,False,False,False,False,False,False,4,0,0,0,0,True,True,,,,,,
1636590,18,9.11,15,0,0,164,6,15,76258,,40941,Namibia T20I Tri-Series 2026 - Men,1,22,Zimbabwe Men,753,Namibia Men,8744553,2026-08-31T13:25:25Z,4,110,False,14575,Jack Brassell,2559,Brad Evans,2663,Ryan Burl,257.0,81.0,Right,Mid Off,1,0,1,1,HalfVolley,OutsideOff,None,FrontFoot,Drive,NoMovement,Over,Medium,Right,Null,NotReferred,Null,False,False,False,False,False,True,False,False,False,False,False,False,1,0,0,0,0,False,False,,,,,,
1636590,18,9.11,15,0,0,164,6,15,76258,,40941,Namibia T20I Tri-Series 2026 - Men,1,22,Zimbabwe Men,753,Namibia Men,8744554,2026-08-31T13:26:08Z,5,111,False,14575,Jack Brassell,2663,Ryan Burl,2559,Brad Evans,324.0,176.0,Left,,4,0,4,4,HalfVolley,Wide,Middled,MovesInfront,Drive,NoMovement,Over,Medium,Right,Null,NotReferred,Null,False,False,False,False,False,True,False,False,False,False,False,False,4,0,0,0,0,True,False,,,,,,
1636590,18,9.11,15,0,0,164,6,15,76258,,40941,Namibia T20I Tri-Series 2026 - Men,1,22,Zimbabwe Men,753,Namibia Men,8744555,2026-08-31T13:26:54Z,6,112,False,14575,Jack Brassell,2663,Ryan Burl,2559,Brad Evans,118.0,161.0,Left,,4,0,4,4,FullToss,OutsideOff,WellTimed,MovesInfront,Flick,NoMovement,Over,Medium,Right,Null,NotReferred,Null,False,False,False,False,False,True,False,False,False,False,False,False,4,0,0,0,0,True,False,,,,,,
1636591,19,9.21,11,0,0,175,6,11,76258,,40941,Namibia T20I Tri-Series 2026 - Men,1,22,Zimbabwe Men,753,Namibia Men,8744556,2026-08-31T13:27:55Z,1,113,False,8249,Ruben Trumpelmann,2559,Brad Evans,2663,Ryan Burl,,,Right,Wicketkeeper,0,0,0,0,BackOfALength,OutsideOff,Missed,MovesInfront,Scoop,SlowerBall,Round,Medium,Left,Null,NotReferred,Null,False,False,False,False,False,True,False,False,False,False,False,False,0,0,0,0,0,False,False,,,,,,
1636591,19,9.21,11,0,0,175,6,11,76258,,40941,Namibia T20I Tri-Series 2026 - Men,1,22,Zimbabwe Men,753,Namibia Men,8744557,2026-08-31T13:28:24Z,2,114,False,8249,Ruben Trumpelmann,2559,Brad Evans,2663,Ryan Burl,298.0,136.0,Right,Long On,1,0,1,1,LengthBall,MiddleStump,None,FrontFoot,Flick,NoMovement,Round,Medium,Left,Null,NotReferred,Null,False,False,False,False,True,True,False,False,False,False,False,False,1,0,0,0,0,False,False,,,,,,
1636591,19,9.21,11,0,0,175,6,11,76258,,40941,Namibia T20I Tri-Series 2026 - Men,1,22,Zimbabwe Men,753,Namibia Men,8744558,2026-08-31T13:29:10Z,3,115,False,8249,Ruben Trumpelmann,2663,Ryan Burl,2559,Brad Evans,180.0,148.0,Left,Deep Square Leg,1,0,1,1,BackOfALength,OutsideOff,None,BackFoot,Pull,LegCutter,Over,Medium,Left,Null,NotReferred,Null,False,False,False,False,False,True,False,False,False,False,False,False,1,0,0,0,0,False,False,,,,,,
1636591,19,9.21,11,0,0,175,6,11,76258,,40941,Namibia T20I Tri-Series 2026 - Men,1,22,Zimbabwe Men,753,Namibia Men,8744559,2026-08-31T13:29:45Z,4,116,False,8249,Ruben Trumpelmann,2559,Brad Evans,2663,Ryan Burl,,,Right,Wicketkeeper,1,1,1,0,FullToss,Wide,Left,DeepInCrease,Leave,NoMovement,Over,Medium,Left,Null,NotReferred,Null,False,True,False,False,False,True,False,False,False,False,False,False,1,0,0,0,1,False,False,,,,,,
1636591,19,9.21,11,0,0,175,6,11,76258,,40941,Namibia T20I Tri-Series 2026 - Men,1,22,Zimbabwe Men,753,Namibia Men,8744560,2026-08-31T13:30:21Z,4,117,False,8249,Ruben Trumpelmann,2559,Brad Evans,2663,Ryan Burl,,,Right,Wicketkeeper,0,0,0,0,LengthBall,OutsideOff,Missed,FrontFoot,Slog,SlowerBall,Round,Medium,Left,Null,NotReferred,Null,False,False,False,False,False,True,True,False,False,False,False,False,0,0,0,0,0,False,False,,,,,,
1636591,19,9.21,11,0,0,175,6,11,76258,,40941,Namibia T20I Tri-Series 2026 - Men,1,22,Zimbabwe Men,753,Namibia Men,8744561,2026-08-31T13:30:54Z,5,118,False,8249,Ruben Trumpelmann,2559,Brad Evans,2663,Ryan Burl,81.0,160.0,Right,,0,4,4,0,Short,OutsideOff,HitHelmet,BackFoot,Pull,NoMovement,Round,Medium,Left,Null,NotReferred,Null,False,False,False,True,False,True,False,False,False,False,False,False,4,0,0,4,0,False,True,,,,,,
1636591,19,9.21,11,0,0,175,6,11,76258,,40941,Namibia T20I Tri-Series 2026 - Men,1,22,Zimbabwe Men,753,Namibia Men,8744562,2026-08-31T13:32:14Z,6,119,False,8249,Ruben Trumpelmann,2559,Brad Evans,2663,Ryan Burl,200.0,173.0,Right,,4,0,4,4,HalfVolley,Wide,WellTimed,FrontFoot,Drive,NoMovement,Round,Medium,Left,Null,NotReferred,Null,False,False,False,False,True,True,False,False,False,False,False,False,4,0,0,0,0,True,False,,,,,,
1636592,20,9.75,20,0,0,195,6,20,76258,,40941,Namibia T20I Tri-Series 2026 - Men,1,22,Zimbabwe Men,753,Namibia Men,8744563,2026-08-31T13:33:46Z,1,120,False,3501,Gerhard Erasmus,2663,Ryan Burl,2559,Brad Evans,239.0,179.0,Left,,6,0,6,6,BackOfALength,OutsideOff,WellTimed,FrontFoot,Slog,OffBreak,Round,OffSpin,Right,Null,NotReferred,Null,False,False,False,False,True,True,False,False,False,False,False,False,6,0,0,0,0,True,False,,,,,,
1636592,20,9.75,20,0,0,195,6,20,76258,,40941,Namibia T20I Tri-Series 2026 - Men,1,22,Zimbabwe Men,753,Namibia Men,8744564,2026-08-31T13:34:20Z,2,121,False,3501,Gerhard Erasmus,2663,Ryan Burl,2559,Brad Evans,280.0,180.0,Left,,4,0,4,4,HalfVolley,OutsideOff,WellTimed,FrontFoot,Drive,OffBreak,Round,OffSpin,Right,Null,NotReferred,Null,False,False,False,False,False,True,False,False,False,False,False,False,4,0,0,0,0,True,False,,,,,,
1636592,20,9.75,20,0,0,195,6,20,76258,,40941,Namibia T20I Tri-Series 2026 - Men,1,22,Zimbabwe Men,753,Namibia Men,8744565,2026-08-31T13:34:52Z,3,122,False,3501,Gerhard Erasmus,2663,Ryan Burl,2559,Brad Evans,321.0,176.0,Left,,4,0,4,4,LengthBall,Wide,Middled,BackFoot,Drive,OffBreak,Round,OffSpin,Right,Null,NotReferred,Null,False,False,False,False,False,True,False,False,False,False,False,False,4,0,0,0,0,True,False,,,,,,
1636592,20,9.75,20,0,0,195,6,20,76258,,40941,Namibia T20I Tri-Series 2026 - Men,1,22,Zimbabwe Men,753,Namibia Men,8744566,2026-08-31T13:35:24Z,4,123,False,3501,Gerhard Erasmus,2663,Ryan Burl,2559,Brad Evans,21.0,166.0,Left,,4,0,4,4,LengthBall,Wide,WellTimed,FrontFoot,Cut,OffBreak,Round,OffSpin,Right,Null,NotReferred,Null,False,False,False,False,True,True,False,False,False,False,False,False,4,0,0,0,0,True,False,,,,,,
1636592,20,9.75,20,0,0,195,6,20,76258,,40941,Namibia T20I Tri-Series 2026 - Men,1,22,Zimbabwe Men,753,Namibia Men,8744567,2026-08-31T13:36:10Z,5,124,False,3501,Gerhard Erasmus,2663,Ryan Burl,2559,Brad Evans,,,Left,Wicketkeeper,0,0,0,0,LengthBall,Wide,Missed,BackFoot,Cut,OffBreak,Round,OffSpin,Right,Null,NotReferred,Null,False,False,False,False,False,True,False,False,False,False,False,False,0,0,0,0,0,False,False,,,,,,
1636592,20,9.75,20,0,0,195,6,20,76258,,40941,Namibia T20I Tri-Series 2026 - Men,1,22,Zimbabwe Men,753,Namibia Men,8744568,2026-08-31T13:36:32Z,6,125,False,3501,Gerhard Erasmus,2663,Ryan Burl,2559,Brad Evans,206.0,132.0,Left,Deep Square Leg,2,0,2,2,HalfVolley,LegStump,None,BackFoot,Flick,OffBreak,Round,OffSpin,Right,Null,NotReferred,Null,False,False,False,False,False,True,False,False,False,False,False,False,2,0,0,0,0,False,False,,,,,,
1636594,2,4.5,7,0,0,9,0,7,76259,,40941,Namibia T20I Tri-Series 2026 - Men,2,753,Namibia Men,22,Zimbabwe Men,8744575,2026-08-31T13:51:06Z,1,7,False,14669,Newman Nyamhuri,3504,Jan Frylinck,10114,Louren Steenkamp,74.0,62.0,Left,First Slip,1,0,1,1,Short,OutsideOff,Gloved,BackFoot,BackwardDefensive,NoMovement,Over,Medium,Left,Null,NotReferred,Null,False,False,False,False,False,True,False,False,True,False,False,False,1,0,0,0,0,False,False,,,,,,
1636594,2,4.5,7,0,0,9,0,7,76259,,40941,Namibia T20I Tri-Series 2026 - Men,2,753,Namibia Men,22,Zimbabwe Men,8744576,2026-08-31T13:51:52Z,2,8,False,14669,Newman Nyamhuri,10114,Louren Steenkamp,3504,Jan Frylinck,222.0,58.0,Right,Extra Cover,1,0,1,1,LengthBall,OutsideOff,WellTimed,FrontFoot,Drive,AwaySwinger,Over,Medium,Left,Null,NotReferred,Null,False,False,False,False,False,True,False,False,True,False,False,False,1,0,0,0,0,False,True,,,,,,
1636594,2,4.5,7,0,0,9,0,7,76259,,40941,Namibia T20I Tri-Series 2026 - Men,2,753,Namibia Men,22,Zimbabwe Men,8744577,2026-08-31T13:52:36Z,3,9,False,14669,Newman Nyamhuri,3504,Jan Frylinck,10114,Louren Steenkamp,196.0,173.0,Left,,4,0,4,4,BackOfALength,OutsideOff,WellTimed,BackFoot,Pull,NoMovement,Over,Medium,Left,Null,NotReferred,Null,False,False,False,False,False,True,False,False,True,False,False,False,4,0,0,0,0,True,False,,,,,,
1636594,2,4.5,7,0,0,9,0,7,76259,,40941,Namibia T20I Tri-Series 2026 - Men,2,753,Namibia Men,22,Zimbabwe Men,8744578,2026-08-31T13:53:11Z,4,10,False,14669,Newman Nyamhuri,3504,Jan Frylinck,10114,Louren Steenkamp,,,Left,Wicketkeeper,0,0,0,0,Short,OutsideOff,Missed,BackFoot,Hook,NoMovement,Over,Medium,Left,Null,NotReferred,Null,False,False,False,False,False,True,False,False,True,False,False,False,0,0,0,0,0,False,False,,,,,,
1636594,2,4.5,7,0,0,9,0,7,76259,,40941,Namibia T20I Tri-Series 2026 - Men,2,753,Namibia Men,22,Zimbabwe Men,8744579,2026-08-31T13:53:51Z,5,11,False,14669,Newman Nyamhuri,3504,Jan Frylinck,10114,Louren Steenkamp,205.0,140.0,Left,Deep Square Leg,1,0,1,1,Short,OutsideOff,MisTimed,BackFoot,Pull,NoMovement,Over,Medium,Left,Null,NotReferred,Null,False,False,False,False,False,True,False,False,True,False,False,False,1,0,0,0,0,False,True,,,,,,
1636594,2,4.5,7,0,0,9,0,7,76259,,40941,Namibia T20I Tri-Series 2026 - Men,2,753,Namibia Men,22,Zimbabwe Men,8744580,2026-08-31T13:54:33Z,6,12,False,14669,Newman Nyamhuri,10114,Louren Steenkamp,3504,Jan Frylinck,,,Right,Wicketkeeper,0,0,0,0,BackOfALength,MiddleStump,Missed,FrontFoot,Drive,AwaySwinger,Over,Medium,Left,Null,NotReferred,Null,False,False,False,False,False,True,False,False,True,False,False,False,0,0,0,0,0,False,False,,,,,,
1636595,3,5.0,6,1,0,15,1,6,76259,,40941,Namibia T20I Tri-Series 2026 - Men,2,753,Namibia Men,22,Zimbabwe Men,8744581,2026-08-31T13:55:31Z,1,13,False,2572,Blessing Muzarabani,3504,Jan Frylinck,10114,Louren Steenkamp,299.0,84.0,Left,Mid Off,1,0,1,1,BackOfALength,MiddleStump,None,FrontFoot,Drive,NoMovement,Over,FastSeam,Right,Null,NotReferred,Null,False,False,False,False,False,True,False,False,True,False,False,False,1,0,0,0,0,False,False,,,,,,
1636595,3,5.0,6,1,0,15,1,6,76259,,40941,Namibia T20I Tri-Series 2026 - Men,2,753,Namibia Men,22,Zimbabwe Men,8744582,2026-08-31T13:56:17Z,2,14,False,2572,Blessing Muzarabani,10114,Louren Steenkamp,3504,Jan Frylinck,294.0,179.0,Right,,4,0,4,4,Short,OutsideOff,WellTimed,BackFoot,Pull,NoMovement,Over,FastSeam,Right,Null,NotReferred,Null,False,False,False,False,True,True,False,False,True,False,False,False,4,0,0,0,0,True,False,,,,,,
1636595,3,5.0,6,1,0,15,1,6,76259,,40941,Namibia T20I Tri-Series 2026 - Men,2,753,Namibia Men,22,Zimbabwe Men,8744583,2026-08-31T13:56:51Z,3,15,False,2572,Blessing Muzarabani,10114,Louren Steenkamp,3504,Jan Frylinck,,,Right,Bowler,0,0,0,0,Short,OutsideOff,None,BackFoot,BackwardDefensive,InSwinger,Over,FastSeam,Right,Null,NotReferred,Null,False,False,False,False,False,True,False,False,True,False,False,False,0,0,0,0,0,False,False,,,,,,
1636595,3,5.0,6,1,0,15,1,6,76259,,40941,Namibia T20I Tri-Series 2026 - Men,2,753,Namibia Men,22,Zimbabwe Men,8744584,2026-08-31T13:57:43Z,4,16,True,2572,Blessing Muzarabani,10114,Louren Steenkamp,3504,Jan Frylinck,126.0,72.0,Right,Gully,0,0,0,0,LengthBall,OutsideOff,MisTimed,FrontFoot,Pushed,SlowerBall,Over,FastSeam,Right,Null,NotReferred,Null,False,False,False,False,False,True,False,False,True,False,False,False,0,0,0,0,0,False,True,Caught,10114.0,Louren Steenkamp,Caught,Caught,1961.0
1636595,3,5.0,6,1,0,15,1,6,76259,,40941,Namibia T20I Tri-Series 2026 - Men,2,753,Namibia Men,22,Zimbabwe Men,8744585,2026-08-31T13:59:17Z,5,17,False,2572,Blessing Muzarabani,3501,Gerhard Erasmus,3504,Jan Frylinck,57.0,58.0,Right,Short Fine Leg,1,0,1,1,BackOfALength,OutsideOff,None,BackFoot,Worked,NoMovement,Over,FastSeam,Right,Null,NotReferred,Null,False,False,False,False,False,True,False,False,True,False,False,False,1,0,0,0,0,False,False,,,,,,
1636595,3,5.0,6,1,0,15,1,6,76259,,40941,Namibia T20I Tri-Series 2026 - Men,2,753,Namibia Men,22,Zimbabwe Men,8744586,2026-08-31T13:59:58Z,6,18,False,2572,Blessing Muzarabani,3504,Jan Frylinck,3501,Gerhard Erasmus,,,Left,Wicketkeeper,0,0,0,0,BackOfALength,MiddleStump,Missed,BackFoot,Pushed,AwaySwinger,Over,FastSeam,Right,Null,NotReferred,Null,False,False,False,False,False,True,False,False,True,False,False,False,0,0,0,0,0,False,False,,,,,,
1636596,4,6.5,11,0,0,26,1,11,76259,,40941,Namibia T20I Tri-Series 2026 - Men,2,753,Namibia Men,22,Zimbabwe Men,8744587,2026-08-31T14:00:52Z,1,19,False,14669,Newman Nyamhuri,3501,Gerhard Erasmus,3504,Jan Frylinck,160.0,167.0,Right,,4,0,4,4,BackOfALength,OffStump,WellTimed,BackFoot,Cut,AwaySwinger,Over,Medium,Left,Null,NotReferred,Null,False,False,False,False,True,True,False,False,True,False,False,False,4,0,0,0,0,True,False,,,,,,
1636596,4,6.5,11,0,0,26,1,11,76259,,40941,Namibia T20I Tri-Series 2026 - Men,2,753,Namibia Men,22,Zimbabwe Men,8744588,2026-08-31T14:01:28Z,2,20,False,14669,Newman Nyamhuri,3501,Gerhard Erasmus,3504,Jan Frylinck,196.0,173.0,Right,,4,0,4,4,Short,MiddleStump,WellTimed,DownTheTrack,Cut,NoMovement,Over,Medium,Left,Null,NotReferred,Null,False,False,False,False,True,True,False,False,True,False,False,False,4,0,0,0,0,True,False,,,,,,
1636596,4,6.5,11,0,0,26,1,11,76259,,40941,Namibia T20I Tri-Series 2026 - Men,2,753,Namibia Men,22,Zimbabwe Men,8744589,2026-08-31T14:02:04Z,3,21,False,14669,Newman Nyamhuri,3501,Gerhard Erasmus,3504,Jan Frylinck,212.0,66.0,Right,Cover,0,0,0,0,LengthBall,MiddleStump,None,FrontFoot,Pushed,NoMovement,Over,Medium,Left,Null,NotReferred,Null,False,False,False,False,False,True,False,False,True,False,False,False,0,0,0,0,0,False,False,,,,,,
1636596,4,6.5,11,0,0,26,1,11,76259,,40941,Namibia T20I Tri-Series 2026 - Men,2,753,Namibia Men,22,Zimbabwe Men,8744590,2026-08-31T14:02:38Z,4,22,False,14669,Newman Nyamhuri,3501,Gerhard Erasmus,3504,Jan Frylinck,19.0,61.0,Right,Backward Square Leg,1,0,1,1,LengthBall,MiddleStump,BatPad,FrontFoot,SlogSweep,OffCutter,Over,Medium,Left,Null,NotReferred,Null,False,False,False,False,False,True,False,False,True,False,False,False,1,0,0,0,0,False,False,,,,,,
1636596,4,6.5,11,0,0,26,1,11,76259,,40941,Namibia T20I Tri-Series 2026 - Men,2,753,Namibia Men,22,Zimbabwe Men,8744591,2026-08-31T14:03:23Z,5,23,False,14669,Newman Nyamhuri,3504,Jan Frylinck,3501,Gerhard Erasmus,321.0,79.0,Left,Extra Cover,1,0,1,1,LengthBall,OutsideOff,None,FrontFoot,Drive,NoMovement,Over,Medium,Left,Null,NotReferred,Null,False,False,False,False,False,True,False,False,True,False,False,False,1,0,0,0,0,False,False,,,,,,
1636596,4,6.5,11,0,0,26,1,11,76259,,40941,Namibia T20I Tri-Series 2026 - Men,2,753,Namibia Men,22,Zimbabwe Men,8744592,2026-08-31T14:04:04Z,6,24,False,14669,Newman Nyamhuri,3501,Gerhard Erasmus,3504,Jan Frylinck,233.0,73.0,Right,Extra Cover,1,0,1,1,BackOfALength,MiddleStump,MisTimed,FrontFoot,Drive,NoMovement,Over,Medium,Left,Null,NotReferred,Null,False,False,False,False,False,True,False,False,True,False,False,False,1,0,0,0,0,False,False,,,,,,
1636597,5,6.6,7,1,0,33,2,7,76259,,40941,Namibia T20I Tri-Series 2026 - Men,2,753,Namibia Men,22,Zimbabwe Men,8744593,2026-08-31T14:05:05Z,1,25,False,2559,Brad Evans,3501,Gerhard Erasmus,3504,Jan Frylinck,,,Right,Wicketkeeper,1,0,1,1,BackOfALength,OutsideOff,BottomEdge,BackFoot,Pull,LegCutter,Over,Medium,Right,Null,NotReferred,Null,False,False,False,False,False,True,False,False,True,False,False,False,1,0,0,0,0,False,False,,,,,,
1636597,5,6.6,7,1,0,33,2,7,76259,,40941,Namibia T20I Tri-Series 2026 - Men,2,753,Namibia Men,22,Zimbabwe Men,8744594,2026-08-31T14:05:50Z,2,26,False,2559,Brad Evans,3504,Jan Frylinck,3501,Gerhard Erasmus,1.0,66.0,Left,Backward Point,0,0,0,0,LengthBall,MiddleStump,None,FrontFoot,Pushed,OffCutter,Over,Medium,Right,Null,NotReferred,Null,False,False,False,False,False,True,False,False,True,False,False,False,0,0,0,0,0,False,False,,,,,,
1636597,5,6.6,7,1,0,33,2,7,76259,,40941,Namibia T20I Tri-Series 2026 - Men,2,753,Namibia Men,22,Zimbabwe Men,8744595,2026-08-31T14:06:31Z,3,27,False,2559,Brad Evans,3504,Jan Frylinck,3501,Gerhard Erasmus,223.0,128.0,Left,Deep Mid Wicket,1,0,1,1,BackOfALength,MiddleStump,None,BackFoot,Pull,NoMovement,Over,Medium,Right,Null,NotReferred,Null,False,False,False,False,False,True,False,False,True,False,False,False,1,0,0,0,0,False,False,,,,,,
1636597,5,6.6,7,1,0,33,2,7,76259,,40941,Namibia T20I Tri-Series 2026 - Men,2,753,Namibia Men,22,Zimbabwe Men,8744596,2026-08-31T14:07:14Z,4,28,True,2559,Brad Evans,3501,Gerhard Erasmus,3504,Jan Frylinck,352.0,110.0,Right,Deep Square Leg,0,0,0,0,Short,OutsideOff,MisTimed,BackFoot,Hook,NoMovement,Over,Medium,Right,Null,NotReferred,Null,False,False,False,False,False,True,False,False,True,False,False,False,0,0,0,0,0,False,True,Caught,3501.0,Gerhard Erasmus,Caught,Caught,1961.0
1636597,5,6.6,7,1,0,33,2,7,76259,,40941,Namibia T20I Tri-Series 2026 - Men,2,753,Namibia Men,22,Zimbabwe Men,8744597,2026-08-31T14:09:14Z,5,29,False,2559,Brad Evans,8261,Nicol Loftie-Eaton,3504,Jan Frylinck,205.0,72.0,Left,Square Leg,1,0,1,1,BackOfALength,DownLeg,None,BackFoot,Worked,NoMovement,Over,Medium,Right,Null,NotReferred,Null,False,False,False,False,False,True,False,False,True,False,False,False,1,0,0,0,0,False,False,,,,,,
1636597,5,6.6,7,1,0,33,2,7,76259,,40941,Namibia T20I Tri-Series 2026 - Men,2,753,Namibia Men,22,Zimbabwe Men,8744598,2026-08-31T14:09:50Z,6,30,False,2559,Brad Evans,3504,Jan Frylinck,8261,Nicol Loftie-Eaton,121.0,161.0,Left,,4,0,4,4,Short,DownLeg,WellTimed,BackFoot,Pull,NoMovement,Over,Medium,Right,Null,NotReferred,Null,False,False,False,False,False,True,False,False,True,False,False,False,4,0,0,0,0,True,False,,,,,,
1636599,6,5.67,1,0,0,34,2,1,76259,,40941,Namibia T20I Tri-Series 2026 - Men,2,753,Namibia Men,22,Zimbabwe Men,8744605,2026-08-31T14:10:59Z,1,31,False,14669,Newman Nyamhuri,8261,Nicol Loftie-Eaton,3504,Jan Frylinck,228.0,64.0,Left,Mid Wicket,1,0,1,1,Short,OutsideOff,None,BackFoot,Worked,NoMovement,Over,Medium,Left,Null,NotReferred,Null,False,False,False,False,False,True,False,False,True,False,False,False,1,0,0,0,0,False,False,,,,,,
1636599,6,5.67,1,0,0,34,2,1,76259,,40941,Namibia T20I Tri-Series 2026 - Men,2,753,Namibia Men,22,Zimbabwe Men,8744606,2026-08-31T14:11:34Z,2,32,False,14669,Newman Nyamhuri,3504,Jan Frylinck,8261,Nicol Loftie-Eaton,,,Left,Wicketkeeper,0,0,0,0,LengthBall,OutsideOff,Missed,BackFoot,Cut,OffCutter,Over,Medium,Left,Null,NotReferred,Null,False,False,False,False,False,True,False,False,True,False,False,False,0,0,0,0,0,False,False,,,,,,
1636599,6,5.67,1,0,0,34,2,1,76259,,40941,Namibia T20I Tri-Series 2026 - Men,2,753,Namibia Men,22,Zimbabwe Men,8744607,2026-08-31T14:12:09Z,3,33,False,14669,Newman Nyamhuri,3504,Jan Frylinck,8261,Nicol Loftie-Eaton,,,Left,Bowler,0,0,0,0,BackOfALength,OutsideOff,None,BackFoot,Pushed,NoMovement,Over,Medium,Left,Null,NotReferred,Null,False,False,False,False,False,True,False,False,True,False,False,False,0,0,0,0,0,False,False,,,,,,
1636599,6,5.67,1,0,0,34,2,1,76259,,40941,Namibia T20I Tri-Series 2026 - Men,2,753,Namibia Men,22,Zimbabwe Men,8744608,2026-08-31T14:12:43Z,4,34,False,14669,Newman Nyamhuri,3504,Jan Frylinck,8261,Nicol Loftie-Eaton,,,Left,Wicketkeeper,0,0,0,0,BackOfALength,OutsideOff,Missed,FrontFoot,Drive,NoMovement,Over,Medium,Left,Null,NotReferred,Null,False,False,False,False,False,True,False,False,True,False,False,False,0,0,0,0,0,False,False,,,,,,
1636599,6,5.67,1,0,0,34,2,1,76259,,40941,Namibia T20I Tri-Series 2026 - Men,2,753,Namibia Men,22,Zimbabwe Men,8744609,2026-08-31T14:13:17Z,5,35,False,14669,Newman Nyamhuri,3504,Jan Frylinck,8261,Nicol Loftie-Eaton,2.0,52.0,Left,Backward Point,0,0,0,0,Short,OutsideOff,BatPad,BackFoot,Pull,NoMovement,Over,Medium,Left,Null,NotReferred,Null,False,False,False,False,False,True,False,False,True,False,False,False,0,0,0,0,0,False,False,,,,,,
1636599,6,5.67,1,0,0,34,2,1,76259,,40941,Namibia T20I Tri-Series 2026 - Men,2,753,Namibia Men,22,Zimbabwe Men,8744610,2026-08-31T14:13:49Z,6,36,False,14669,Newman Nyamhuri,3504,Jan Frylinck,8261,Nicol Loftie-Eaton,,,Left,Wicketkeeper,0,0,0,0,Short,OutsideOff,Missed,BackFoot,Pull,OffCutter,Over,Medium,Left,Null,NotReferred,Null,False,False,False,False,False,True,False,False,True,False,False,False,0,0,0,0,0,False,False,,,,,,
1636600,7,6.0,8,0,0,42,2,8,76259,,40941,Namibia T20I Tri-Series 2026 - Men,2,753,Namibia Men,22,Zimbabwe Men,8744611,2026-08-31T14:14:55Z,1,37,False,1186,Sikandar Raza,8261,Nicol Loftie-Eaton,3504,Jan Frylinck,66.0,161.0,Left,Gully,4,0,4,4,LengthBall,OutsideOff,WellTimed,FrontFoot,ReverseSweep,OffBreak,Round,OffSpin,Right,Null,NotReferred,Null,False,False,False,False,False,True,False,False,False,False,False,False,4,0,0,0,0,True,False,,,,,,
1636600,7,6.0,8,0,0,42,2,8,76259,,40941,Namibia T20I Tri-Series 2026 - Men,2,753,Namibia Men,22,Zimbabwe Men,8744612,2026-08-31T14:15:29Z,2,38,False,1186,Sikandar Raza,8261,Nicol Loftie-Eaton,3504,Jan Frylinck,195.0,77.0,Left,Square Leg,1,0,1,1,BackOfALength,OffStump,None,BackFoot,Worked,QuickerBall,Round,OffSpin,Right,Null,NotReferred,Null,False,False,False,False,False,True,False,False,False,False,False,False,1,0,0,0,0,False,False,,,,,,
1636600,7,6.0,8,0,0,42,2,8,76259,,40941,Namibia T20I Tri-Series 2026 - Men,2,753,Namibia Men,22,Zimbabwe Men,8744613,2026-08-31T14:15:50Z,3,39,False,1186,Sikandar Raza,3504,Jan Frylinck,8261,Nicol Loftie-Eaton,2.0,61.0,Left,Backward Point,1,0,1,1,BackOfALength,OutsideOff,None,FrontFoot,Dropped,OffBreak,Round,OffSpin,Right,Null,NotReferred,Null,False,False,False,False,False,True,False,False,False,False,False,False,1,0,0,0,0,False,False,,,,,,
1636600,7,6.0,8,0,0,42,2,8,76259,,40941,Namibia T20I Tri-Series 2026 - Men,2,753,Namibia Men,22,Zimbabwe Men,8744614,2026-08-31T14:16:22Z,4,40,False,1186,Sikandar Raza,8261,Nicol Loftie-Eaton,3504,Jan Frylinck,347.0,152.0,Left,Deep Cover,1,0,1,1,BackOfALength,Wide,None,BackFoot,Cut,OffBreak,Round,OffSpin,Right,Null,NotReferred,Null,False,False,False,False,False,True,False,False,False,False,False,False,1,0,0,0,0,False,False,,,,,,
1636600,7,6.0,8,0,0,42,2,8,76259,,40941,Namibia T20I Tri-Series 2026 - Men,2,753,Namibia Men,22,Zimbabwe Men,8744615,2026-08-31T14:16:42Z,5,41,False,1186,Sikandar Raza,3504,Jan Frylinck,8261,Nicol Loftie-Eaton,0.0,0.0,Left,Bowler,0,0,0,0,LengthBall,MiddleStump,None,BacksAway,Pushed,OffBreak,Round,OffSpin,Right,Null,NotReferred,Null,False,False,False,False,False,True,False,False,False,False,False,False,0,0,0,0,0,False,False,,,,,,
1636600,7,6.0,8,0,0,42,2,8,76259,,40941,Namibia T20I Tri-Series 2026 - Men,2,753,Namibia Men,22,Zimbabwe Men,8744616,2026-08-31T14:16:56Z,6,42,False,1186,Sikandar Raza,3504,Jan Frylinck,8261,Nicol Loftie-Eaton,19.0,65.0,Left,Backward Point,1,0,1,1,BackOfALength,OutsideOff,None,BacksAway,Pushed,CarromBall,Round,OffSpin,Right,Null,NotReferred,Null,False,False,False,False,False,True,False,False,False,False,False,False,1,0,0,0,0,False,False,,,,,,
1636601,8,6.38,9,0,0,51,2,9,76259,,40941,Namibia T20I Tri-Series 2026 - Men,2,753,Namibia Men,22,Zimbabwe Men,8744617,2026-08-31T14:18:03Z,1,43,False,3098,Wesley Madhevere,3504,Jan Frylinck,8261,Nicol Loftie-Eaton,288.0,147.0,Left,Long Off,1,0,1,1,BackOfALength,OutsideOff,None,BackFoot,Drive,OffBreak,Round,OffSpin,Right,Null,NotReferred,Null,False,False,False,False,True,True,False,False,False,False,False,False,1,0,0,0,0,False,False,,,,,,
1636601,8,6.38,9,0,0,51,2,9,76259,,40941,Namibia T20I Tri-Series 2026 - Men,2,753,Namibia Men,22,Zimbabwe Men,8744618,2026-08-31T14:18:35Z,2,44,False,3098,Wesley Madhevere,8261,Nicol Loftie-Eaton,3504,Jan Frylinck,262.0,144.0,Left,Long On,1,0,1,1,BackOfALength,LegStump,None,BacksAway,Drive,QuickerBall,Round,OffSpin,Right,Null,NotReferred,Null,False,False,False,False,False,True,False,False,False,False,False,False,1,0,0,0,0,False,False,,,,,,
1636601,8,6.38,9,0,0,51,2,9,76259,,40941,Namibia T20I Tri-Series 2026 - Men,2,753,Namibia Men,22,Zimbabwe Men,8744619,2026-08-31T14:18:55Z,3,45,False,3098,Wesley Madhevere,3504,Jan Frylinck,8261,Nicol Loftie-Eaton,306.0,132.0,Left,Deep Extra Cover,1,0,1,1,BackOfALength,Wide,None,FrontFoot,Drive,OffBreak,Round,OffSpin,Right,Null,NotReferred,Null,False,False,False,False,False,True,False,False,False,False,False,False,1,0,0,0,0,False,False,,,,,,
1636601,8,6.38,9,0,0,51,2,9,76259,,40941,Namibia T20I Tri-Series 2026 - Men,2,753,Namibia Men,22,Zimbabwe Men,8744620,2026-08-31T14:19:26Z,4,46,False,3098,Wesley Madhevere,8261,Nicol Loftie-Eaton,3504,Jan Frylinck,235.0,178.0,Left,,4,0,4,4,Short,OffStump,WellTimed,BackFoot,Pull,OffBreak,Round,OffSpin,Right,Null,NotReferred,Null,False,False,False,False,False,True,False,False,False,False,False,False,4,0,0,0,0,True,False,,,,,,
1636601,8,6.38,9,0,0,51,2,9,76259,,40941,Namibia T20I Tri-Series 2026 - Men,2,753,Namibia Men,22,Zimbabwe Men,8744621,2026-08-31T14:19:54Z,5,47,False,3098,Wesley Madhevere,8261,Nicol Loftie-Eaton,3504,Jan Frylinck,268.0,161.0,Left,Long On,1,0,1,1,BackOfALength,MiddleStump,None,BacksAway,Drive,OffBreak,Round,OffSpin,Right,Null,NotReferred,Null,False,False,False,False,False,True,False,False,False,False,False,False,1,0,0,0,0,False,False,,,,,,
1636601,8,6.38,9,0,0,51,2,9,76259,,40941,Namibia T20I Tri-Series 2026 - Men,2,753,Namibia Men,22,Zimbabwe Men,8744622,2026-08-31T14:20:16Z,6,48,False,3098,Wesley Madhevere,3504,Jan Frylinck,8261,Nicol Loftie-Eaton,354.0,135.0,Left,Deep Cover,1,0,1,1,BackOfALength,OutsideOff,None,BackFoot,Drive,OffBreak,Round,OffSpin,Right,Null,NotReferred,Null,False,False,False,False,False,True,False,False,False,False,False,False,1,0,0,0,0,False,False,,,,,,
1636602,9,6.67,9,0,0,60,2,9,76259,,40941,Namibia T20I Tri-Series 2026 - Men,2,753,Namibia Men,22,Zimbabwe Men,8744623,2026-08-31T14:21:04Z,1,49,False,1186,Sikandar Raza,3504,Jan Frylinck,8261,Nicol Loftie-Eaton,80.0,107.0,Left,Third Man,1,0,1,1,Yorker,DownLeg,OutsideEdge,BacksAway,Drive,QuickerBall,Round,OffSpin,Right,Null,NotReferred,Null,False,False,False,False,False,True,False,False,False,False,False,False,1,0,0,0,0,False,False,,,,,,
1636602,9,6.67,9,0,0,60,2,9,76259,,40941,Namibia T20I Tri-Series 2026 - Men,2,753,Namibia Men,22,Zimbabwe Men,8744624,2026-08-31T14:21:31Z,2,50,False,1186,Sikandar Raza,8261,Nicol Loftie-Eaton,3504,Jan Frylinck,334.0,174.0,Left,,4,0,4,4,BackOfALength,OutsideOff,WellTimed,BackFoot,Drive,OffBreak,Round,OffSpin,Right,Null,NotReferred,Null,False,False,False,False,False,True,False,False,False,False,False,False,4,0,0,0,0,True,False,,,,,,
1636602,9,6.67,9,0,0,60,2,9,76259,,40941,Namibia T20I Tri-Series 2026 - Men,2,753,Namibia Men,22,Zimbabwe Men,8744625,2026-08-31T14:22:01Z,3,51,False,1186,Sikandar Raza,8261,Nicol Loftie-Eaton,3504,Jan Frylinck,,,Left,Wicketkeeper,0,0,0,0,LengthBall,LegStump,HitPad,FrontFoot,Sweep,OffBreak,Round,OffSpin,Right,Null,NotReferred,Null,False,False,False,False,False,True,False,False,False,False,False,False,0,0,0,0,0,False,False,,,,,,
1636602,9,6.67,9,0,0,60,2,9,76259,,40941,Namibia T20I Tri-Series 2026 - Men,2,753,Namibia Men,22,Zimbabwe Men,8744626,2026-08-31T14:22:19Z,4,52,False,1186,Sikandar Raza,8261,Nicol Loftie-Eaton,3504,Jan Frylinck,262.0,151.0,Left,Long On,1,0,1,1,LengthBall,OffStump,None,FrontFoot,Worked,CarromBall,Round,OffSpin,Right,Null,NotReferred,Null,False,False,False,False,False,True,False,False,False,False,False,False,1,0,0,0,0,False,False,,,,,,
1636602,9,6.67,9,0,0,60,2,9,76259,,40941,Namibia T20I Tri-Series 2026 - Men,2,753,Namibia Men,22,Zimbabwe Men,8744627,2026-08-31T14:22:41Z,5,53,False,1186,Sikandar Raza,3504,Jan Frylinck,8261,Nicol Loftie-Eaton,,,Left,Wicketkeeper,1,1,1,0,Yorker,DownLeg,PlayAndMissLegSide,FrontFoot,Sweep,OffBreak,Round,OffSpin,Right,Null,NotReferred,Null,True,False,False,False,False,True,False,False,False,False,False,False,1,0,1,0,0,False,False,,,,,,
1636602,9,6.67,9,0,0,60,2,9,76259,,40941,Namibia T20I Tri-Series 2026 - Men,2,753,Namibia Men,22,Zimbabwe Men,8744628,2026-08-31T14:23:02Z,5,54,False,1186,Sikandar Raza,3504,Jan Frylinck,8261,Nicol Loftie-Eaton,256.0,149.0,Left,Long On,1,0,1,1,HalfVolley,MiddleStump,None,BackFoot,Worked,OffBreak,Round,OffSpin,Right,Null,NotReferred,Null,False,False,False,False,False,True,False,False,False,False,False,False,1,0,0,0,0,False,False,,,,,,
1636602,9,6.67,9,0,0,60,2,9,76259,,40941,Namibia T20I Tri-Series 2026 - Men,2,753,Namibia Men,22,Zimbabwe Men,8744629,2026-08-31T14:23:25Z,6,55,False,1186,Sikandar Raza,8261,Nicol Loftie-Eaton,3504,Jan Frylinck,266.0,156.0,Left,Long On,1,0,1,1,HalfVolley,OutsideOff,MisTimed,BacksAway,Drive,OffBreak,Round,OffSpin,Right,Null,NotReferred,Null,False,False,False,False,False,True,False,False,False,False,False,False,1,0,0,0,0,False,False,,,,,,
1636603,10,6.8,8,2,0,68,4,8,76259,,40941,Namibia T20I Tri-Series 2026 - Men,2,753,Namibia Men,22,Zimbabwe Men,8744630,2026-08-31T14:24:43Z,1,56,True,8600,Brian Bennett,8261,Nicol Loftie-Eaton,3504,Jan Frylinck,,,Left,,0,0,0,0,HalfVolley,MiddleStump,HitPad,BackFoot,ReverseSweep,OffBreak,Round,OffSpin,Right,Null,NotReferred,Null,False,False,False,False,False,True,False,False,False,False,False,False,0,0,0,0,0,False,False,Lbw,8261.0,Nicol Loftie-Eaton,LBW,Lbw,2021.0
1636603,10,6.8,8,2,0,68,4,8,76259,,40941,Namibia T20I Tri-Series 2026 - Men,2,753,Namibia Men,22,Zimbabwe Men,8744631,2026-08-31T14:26:23Z,2,57,False,8600,Brian Bennett,3198,JJ Smit,3504,Jan Frylinck,294.0,179.0,Right,,6,0,6,6,LengthBall,OffStump,Middled,FrontFoot,Slog,OffBreak,Over,OffSpin,Right,Null,NotReferred,Null,False,False,False,False,True,True,False,False,False,False,False,False,6,0,0,0,0,True,False,,,,,,
1636603,10,6.8,8,2,0,68,4,8,76259,,40941,Namibia T20I Tri-Series 2026 - Men,2,753,Namibia Men,22,Zimbabwe Men,8744632,2026-08-31T14:27:42Z,3,58,True,8600,Brian Bennett,3198,JJ Smit,3504,Jan Frylinck,274.0,151.0,Right,Long On,0,0,0,0,LengthBall,OffStump,MisTimed,FrontFoot,Slog,OffBreak,Over,OffSpin,Right,Null,NotReferred,Null,False,False,False,False,False,True,False,False,False,False,False,False,0,0,0,0,0,False,True,Caught,3198.0,JJ Smit,Caught,Caught,2021.0
1636603,10,6.8,8,2,0,68,4,8,76259,,40941,Namibia T20I Tri-Series 2026 - Men,2,753,Namibia Men,22,Zimbabwe Men,8744633,2026-08-31T14:29:38Z,4,59,False,8600,Brian Bennett,8249,Ruben Trumpelmann,3504,Jan Frylinck,,,Right,Bowler,0,0,0,0,HalfVolley,OutsideOff,None,FrontFoot,Pushed,OffBreak,Over,OffSpin,Right,Null,NotReferred,Null,False,False,False,False,False,True,False,False,False,False,False,False,0,0,0,0,0,False,False,,,,,,
1636603,10,6.8,8,2,0,68,4,8,76259,,40941,Namibia T20I Tri-Series 2026 - Men,2,753,Namibia Men,22,Zimbabwe Men,8744634,2026-08-31T14:29:53Z,5,60,False,8600,Brian Bennett,8249,Ruben Trumpelmann,3504,Jan Frylinck,30.0,63.0,Right,Short Fine Leg,1,0,1,1,Short,OffStump,None,BackFoot,Worked,QuickerBall,Over,OffSpin,Right,Null,NotReferred,Null,False,False,False,False,False,True,False,False,False,False,False,False,1,0,0,0,0,False,False,,,,,,
1636603,10,6.8,8,2,0,68,4,8,76259,,40941,Namibia T20I Tri-Series 2026 - Men,2,753,Namibia Men,22,Zimbabwe Men,8744635,2026-08-31T14:30:44Z,6,61,False,8600,Brian Bennett,3504,Jan Frylinck,8249,Ruben Trumpelmann,343.0,151.0,Left,Deep Cover,1,0,1,1,LengthBall,OutsideOff,None,BackFoot,Pushed,OffBreak,Round,OffSpin,Right,Null,NotReferred,Null,False,False,False,False,False,True,False,False,False,False,False,False,1,0,0,0,0,False,False,,,,,,
1636604,11,6.91,8,1,0,76,5,8,76259,,40941,Namibia T20I Tri-Series 2026 - Men,2,753,Namibia Men,22,Zimbabwe Men,8744636,2026-08-31T14:31:47Z,1,62,True,687,Wellington Masakadza,3504,Jan Frylinck,8249,Ruben Trumpelmann,1.0,73.0,Left,Point,0,0,0,0,LengthBall,OutsideOff,TopEdge,FrontFoot,Drive,StockBall,Round,Orthodox,Left,Null,NotReferred,Null,False,False,False,False,False,True,False,False,False,False,False,False,0,0,0,0,0,False,True,Caught,3504.0,Jan Frylinck,Caught,Caught,1961.0
1636604,11,6.91,8,1,0,76,5,8,76259,,40941,Namibia T20I Tri-Series 2026 - Men,2,753,Namibia Men,22,Zimbabwe Men,8744638,2026-08-31T14:33:37Z,2,63,False,687,Wellington Masakadza,3040,Zane Green,8249,Ruben Trumpelmann,151.0,77.0,Left,Backward Square Leg,1,0,1,1,BackOfALength,DownLeg,None,BackFoot,Worked,StockBall,Round,Orthodox,Left,Null,NotReferred,Null,False,False,False,False,False,True,False,False,False,False,False,False,1,0,0,0,0,False,False,,,,,,
1636604,11,6.91,8,1,0,76,5,8,76259,,40941,Namibia T20I Tri-Series 2026 - Men,2,753,Namibia Men,22,Zimbabwe Men,8744639,2026-08-31T14:34:07Z,3,64,False,687,Wellington Masakadza,8249,Ruben Trumpelmann,3040,Zane Green,,,Right,Bowler,0,0,0,0,BackOfALength,OffStump,None,BackFoot,Worked,StockBall,Round,Orthodox,Left,Null,NotReferred,Null,False,False,False,False,False,True,False,False,False,False,False,False,0,0,0,0,0,False,False,,,,,,
1636604,11,6.91,8,1,0,76,5,8,76259,,40941,Namibia T20I Tri-Series 2026 - Men,2,753,Namibia Men,22,Zimbabwe Men,8744642,2026-08-31T14:34:30Z,4,65,False,687,Wellington Masakadza,8249,Ruben Trumpelmann,3040,Zane Green,6.0,169.0,Right,,6,0,6,6,Short,OffStump,WellTimed,BackFoot,Pull,StockBall,Round,Orthodox,Left,Null,NotReferred,Null,False,False,False,False,True,True,False,False,False,False,False,False,6,0,0,0,0,True,False,,,,,,
1636604,11,6.91,8,1,0,76,5,8,76259,,40941,Namibia T20I Tri-Series 2026 - Men,2,753,Namibia Men,22,Zimbabwe Men,8744643,2026-08-31T14:34:55Z,5,66,False,687,Wellington Masakadza,8249,Ruben Trumpelmann,3040,Zane Green,254.0,152.0,Right,Long Off,1,0,1,1,Short,OutsideOff,None,BackFoot,Drive,StockBall,Round,Orthodox,Left,Null,NotReferred,Null,False,False,False,False,False,True,False,False,False,False,False,False,1,0,0,0,0,False,False,,,,,,
1636604,11,6.91,8,1,0,76,5,8,76259,,40941,Namibia T20I Tri-Series 2026 - Men,2,753,Namibia Men,22,Zimbabwe Men,8744645,2026-08-31T14:35:21Z,6,67,False,687,Wellington Masakadza,3040,Zane Green,8249,Ruben Trumpelmann,313.0,65.0,Left,Short Extra Cover,0,0,0,0,LengthBall,OutsideOff,None,FrontFoot,Pushed,StockBall,Round,Orthodox,Left,Null,NotReferred,Null,False,False,False,False,False,True,False,False,False,False,False,False,0,0,0,0,0,False,False,,,,,,
1636608,12,6.42,1,1,0,77,6,1,76259,,40941,Namibia T20I Tri-Series 2026 - Men,2,753,Namibia Men,22,Zimbabwe Men,8744656,2026-08-31T14:36:25Z,1,68,True,1186,Sikandar Raza,8249,Ruben Trumpelmann,3040,Zane Green,187.0,81.0,Right,Point,0,0,0,0,LengthBall,OffStump,TopEdge,FrontFoot,Slog,OffBreak,Over,OffSpin,Right,Null,NotReferred,Null,False,False,False,False,False,True,False,False,False,False,False,False,0,0,0,0,0,False,True,Caught,8249.0,Ruben Trumpelmann,Caught,Caught,2021.0
1636608,12,6.42,1,1,0,77,6,1,76259,,40941,Namibia T20I Tri-Series 2026 - Men,2,753,Namibia Men,22,Zimbabwe Men,8744669,2026-08-31T14:38:19Z,2,69,False,1186,Sikandar Raza,14574,Alex Volschenk,3040,Zane Green,,,Right,Bowler,0,0,0,0,LengthBall,OutsideOff,None,FrontFoot,Pushed,OffBreak,Over,OffSpin,Right,Null,NotReferred,Null,False,False,False,False,False,True,False,False,False,False,False,False,0,0,0,0,0,False,False,,,,,,
1636608,12,6.42,1,1,0,77,6,1,76259,,40941,Namibia T20I Tri-Series 2026 - Men,2,753,Namibia Men,22,Zimbabwe Men,8744674,2026-08-31T14:38:39Z,3,70,False,1186,Sikandar Raza,14574,Alex Volschenk,3040,Zane Green,63.0,47.0,Right,Short Fine Leg,0,0,0,0,BackOfALength,OutsideOff,None,BackFoot,Worked,Googly,Over,LegSpin,Right,Null,NotReferred,Null,False,False,False,False,False,True,False,False,False,False,False,False,0,0,0,0,0,False,False,,,,,,
1636608,12,6.42,1,1,0,77,6,1,76259,,40941,Namibia T20I Tri-Series 2026 - Men,2,753,Namibia Men,22,Zimbabwe Men,8744678,2026-08-31T14:39:04Z,4,71,False,1186,Sikandar Raza,14574,Alex Volschenk,3040,Zane Green,326.0,57.0,Right,Mid Wicket,0,0,0,0,BackOfALength,OutsideOff,None,BackFoot,Worked,OffBreak,Over,OffSpin,Right,Null,NotReferred,Null,False,False,False,False,False,True,False,False,False,False,False,False,0,0,0,0,0,False,False,,,,,,
1636608,12,6.42,1,1,0,77,6,1,76259,,40941,Namibia T20I Tri-Series 2026 - Men,2,753,Namibia Men,22,Zimbabwe Men,8744684,2026-08-31T14:39:21Z,5,72,False,1186,Sikandar Raza,14574,Alex Volschenk,3040,Zane Green,281.0,144.0,Right,Long On,1,0,1,1,LengthBall,OutsideOff,None,FrontFoot,Worked,OffBreak,Over,OffSpin,Right,Null,NotReferred,Null,False,False,False,False,False,True,False,False,False,False,False,False,1,0,0,0,0,False,False,,,,,,
1636608,12,6.42,1,1,0,77,6,1,76259,,40941,Namibia T20I Tri-Series 2026 - Men,2,753,Namibia Men,22,Zimbabwe Men,8744688,2026-08-31T14:39:59Z,6,73,False,1186,Sikandar Raza,3040,Zane Green,14574,Alex Volschenk,,,Left,Bowler,0,0,0,0,BackOfALength,OffStump,None,BackFoot,Pushed,OffBreak,Round,OffSpin,Right,Null,NotReferred,Null,False,False,False,False,False,True,False,False,False,False,False,False,0,0,0,0,0,False,False,,,,,,
1636614,13,7.23,17,0,0,94,6,17,76259,,40941,Namibia T20I Tri-Series 2026 - Men,2,753,Namibia Men,22,Zimbabwe Men,8744696,2026-08-31T14:40:58Z,1,74,False,687,Wellington Masakadza,14574,Alex Volschenk,3040,Zane Green,251.0,132.0,Right,Long Off,1,0,1,1,BackOfALength,OutsideOff,None,FrontFoot,Drive,StockBall,Round,Orthodox,Left,Null,NotReferred,Null,False,False,False,False,False,True,False,False,False,False,False,False,1,0,0,0,0,False,False,,,,,,
1636614,13,7.23,17,0,0,94,6,17,76259,,40941,Namibia T20I Tri-Series 2026 - Men,2,753,Namibia Men,22,Zimbabwe Men,8744702,2026-08-31T14:41:26Z,2,75,False,687,Wellington Masakadza,3040,Zane Green,14574,Alex Volschenk,7.0,70.0,Left,Backward Point,1,0,1,1,BackOfALength,OutsideOff,None,BackFoot,Drive,StockBall,Round,Orthodox,Left,Null,NotReferred,Null,False,False,False,False,False,True,False,False,False,False,False,False,1,0,0,0,0,False,False,,,,,,
1636614,13,7.23,17,0,0,94,6,17,76259,,40941,Namibia T20I Tri-Series 2026 - Men,2,753,Namibia Men,22,Zimbabwe Men,8744707,2026-08-31T14:41:47Z,3,76,False,687,Wellington Masakadza,14574,Alex Volschenk,3040,Zane Green,273.0,180.0,Right,,6,0,6,6,BackOfALength,OutsideOff,Middled,DownTheTrack,Drive,StockBall,Round,Orthodox,Left,Null,NotReferred,Null,False,False,False,False,True,True,False,False,False,False,False,False,6,0,0,0,0,True,False,,,,,,
1636614,13,7.23,17,0,0,94,6,17,76259,,40941,Namibia T20I Tri-Series 2026 - Men,2,753,Namibia Men,22,Zimbabwe Men,8744708,2026-08-31T14:42:20Z,4,77,False,687,Wellington Masakadza,14574,Alex Volschenk,3040,Zane Green,,,Right,Bowler,0,0,0,0,BackOfALength,OffStump,None,FrontFoot,Worked,StockBall,Round,Orthodox,Left,Null,NotReferred,Null,False,False,False,False,False,True,False,False,False,False,False,False,0,0,0,0,0,False,False,,,,,,
1636614,13,7.23,17,0,0,94,6,17,76259,,40941,Namibia T20I Tri-Series 2026 - Men,2,753,Namibia Men,22,Zimbabwe Men,8744709,2026-08-31T14:42:36Z,5,78,False,687,Wellington Masakadza,14574,Alex Volschenk,3040,Zane Green,302.0,178.0,Right,,6,0,6,6,BackOfALength,OutsideOff,Middled,FrontFoot,Slog,StockBall,Round,Orthodox,Left,Null,NotReferred,Null,False,False,False,False,True,True,False,False,False,False,False,False,6,0,0,0,0,True,False,,,,,,
1636614,13,7.23,17,0,0,94,6,17,76259,,40941,Namibia T20I Tri-Series 2026 - Men,2,753,Namibia Men,22,Zimbabwe Men,8744711,2026-08-31T14:43:36Z,6,79,False,687,Wellington Masakadza,14574,Alex Volschenk,3040,Zane Green,,,Right,Wicketkeeper,1,1,1,0,BackOfALength,Wide,Left,FrontFoot,Leave,StockBall,Round,Orthodox,Left,Null,NotReferred,Null,True,False,False,False,False,True,False,False,False,False,False,False,1,0,1,0,0,False,False,,,,,,
1636614,13,7.23,17,0,0,94,6,17,76259,,40941,Namibia T20I Tri-Series 2026 - Men,2,753,Namibia Men,22,Zimbabwe Men,8744712,2026-08-31T14:43:55Z,6,80,False,687,Wellington Masakadza,14574,Alex Volschenk,3040,Zane Green,321.0,149.0,Right,Deep Mid Wicket,2,0,2,2,BackOfALength,OutsideOff,None,BackFoot,Worked,QuickerBall,Round,Orthodox,Left,Null,NotReferred,Null,False,False,False,False,False,True,False,False,False,False,False,False,2,0,0,0,0,False,False,,,,,,
1636617,14,7.43,10,0,0,104,6,10,76259,,40941,Namibia T20I Tri-Series 2026 - Men,2,753,Namibia Men,22,Zimbabwe Men,8744713,2026-08-31T14:45:08Z,1,81,False,2559,Brad Evans,3040,Zane Green,14574,Alex Volschenk,207.0,132.0,Left,Deep Square Leg,1,0,1,1,BackOfALength,LegStump,None,FrontFoot,Pull,NoMovement,Over,Medium,Right,Null,NotReferred,Null,False,False,False,False,True,True,False,False,False,False,False,False,1,0,0,0,0,False,False,,,,,,
1636617,14,7.43,10,0,0,104,6,10,76259,,40941,Namibia T20I Tri-Series 2026 - Men,2,753,Namibia Men,22,Zimbabwe Men,8744718,2026-08-31T14:47:54Z,2,82,False,2559,Brad Evans,14574,Alex Volschenk,3040,Zane Green,,,Right,,2,0,2,2,,,,0,,NoMovement,Over,Medium,Right,Null,NotReferred,Null,False,False,False,False,False,True,False,False,False,False,False,False,2,0,0,0,0,False,False,,,,,,
1636617,14,7.43,10,0,0,104,6,10,76259,,40941,Namibia T20I Tri-Series 2026 - Men,2,753,Namibia Men,22,Zimbabwe Men,8744719,2026-08-31T14:47:57Z,3,83,False,2559,Brad Evans,14574,Alex Volschenk,3040,Zane Green,,,Right,,2,0,2,2,,,,0,,NoMovement,Over,Medium,Right,Null,NotReferred,Null,False,False,False,False,False,True,False,False,False,False,False,False,2,0,0,0,0,False,False,,,,,,
1636617,14,7.43,10,0,0,104,6,10,76259,,40941,Namibia T20I Tri-Series 2026 - Men,2,753,Namibia Men,22,Zimbabwe Men,8744720,2026-08-31T14:48:07Z,4,84,False,2559,Brad Evans,14574,Alex Volschenk,3040,Zane Green,,,Right,,4,0,4,4,,,,0,,NoMovement,Over,Medium,Right,Null,NotReferred,Null,False,False,False,False,False,True,False,False,False,False,False,False,4,0,0,0,0,True,False,,,,,,
1636617,14,7.43,10,0,0,104,6,10,76259,,40941,Namibia T20I Tri-Series 2026 - Men,2,753,Namibia Men,22,Zimbabwe Men,8744721,2026-08-31T14:48:01Z,5,85,False,2559,Brad Evans,14574,Alex Volschenk,3040,Zane Green,229.0,52.0,Right,Bowler,0,0,0,0,BackOfALength,OutsideOff,None,BackFoot,BackwardDefensive,NoMovement,Over,Medium,Right,Null,NotReferred,Null,False,False,False,False,False,True,False,False,False,False,False,False,0,0,0,0,0,False,False,,,,,,
1636617,14,7.43,10,0,0,104,6,10,76259,,40941,Namibia T20I Tri-Series 2026 - Men,2,753,Namibia Men,22,Zimbabwe Men,8744723,2026-08-31T14:48:34Z,6,86,False,2559,Brad Evans,14574,Alex Volschenk,3040,Zane Green,295.0,147.0,Right,Long On,1,0,1,1,LengthBall,MiddleStump,None,FrontFoot,Worked,LegCutter,Over,Medium,Right,Null,NotReferred,Null,False,False,False,False,False,True,False,False,False,False,False,False,1,0,0,0,0,False,False,,,,,,
1636619,15,7.87,14,0,0,118,6,14,76259,,40941,Namibia T20I Tri-Series 2026 - Men,2,753,Namibia Men,22,Zimbabwe Men,8744726,2026-08-31T14:49:53Z,1,87,False,2572,Blessing Muzarabani,14574,Alex Volschenk,3040,Zane Green,114.0,122.0,Right,Third Man,2,1,2,1,Short,OutsideOff,MisTimed,BackFoot,UpperCut,NoMovement,Over,FastSeam,Right,Null,NotReferred,1,False,True,False,False,False,True,False,False,False,False,False,False,2,0,0,0,1,False,True,,,,,,
1636619,15,7.87,14,0,0,118,6,14,76259,,40941,Namibia T20I Tri-Series 2026 - Men,2,753,Namibia Men,22,Zimbabwe Men,8744728,2026-08-31T14:50:39Z,1,88,False,2572,Blessing Muzarabani,3040,Zane Green,14574,Alex Volschenk,,,Left,Wicketkeeper,0,0,0,0,BackOfALength,MiddleStump,Missed,BackFoot,Pull,SlowerBall,Over,FastSeam,Right,Null,NotReferred,Null,False,False,False,False,False,True,True,False,False,False,False,False,0,0,0,0,0,False,False,,,,,,
1636619,15,7.87,14,0,0,118,6,14,76259,,40941,Namibia T20I Tri-Series 2026 - Men,2,753,Namibia Men,22,Zimbabwe Men,8744731,2026-08-31T14:51:19Z,2,89,False,2572,Blessing Muzarabani,3040,Zane Green,14574,Alex Volschenk,77.0,147.0,Left,Third Man,2,0,2,2,Short,DownLeg,BatPad,BackFoot,Pull,NoMovement,Over,FastSeam,Right,Null,NotReferred,Null,False,False,False,False,False,True,False,False,False,False,False,False,2,0,0,0,0,False,False,,,,,,
1636619,15,7.87,14,0,0,118,6,14,76259,,40941,Namibia T20I Tri-Series 2026 - Men,2,753,Namibia Men,22,Zimbabwe Men,8744733,2026-08-31T14:53:00Z,3,90,False,2572,Blessing Muzarabani,3040,Zane Green,14574,Alex Volschenk,309.0,178.0,Left,,4,0,4,4,LengthBall,OffStump,Middled,FrontFoot,Drive,NoMovement,Over,FastSeam,Right,Null,NotReferred,Null,False,False,False,False,False,True,False,False,False,False,False,False,4,0,0,0,0,True,False,,,,,,
1636619,15,7.87,14,0,0,118,6,14,76259,,40941,Namibia T20I Tri-Series 2026 - Men,2,753,Namibia Men,22,Zimbabwe Men,8744736,2026-08-31T14:53:44Z,4,91,False,2572,Blessing Muzarabani,3040,Zane Green,14574,Alex Volschenk,,,Left,Wicketkeeper,1,1,1,0,Short,DownLeg,PlayAndMissLegSide,BackFoot,Glance,NoMovement,Over,FastSeam,Right,Null,NotReferred,Null,True,False,False,False,False,True,False,False,False,False,False,False,1,0,1,0,0,False,False,,,,,,
1636619,15,7.87,14,0,0,118,6,14,76259,,40941,Namibia T20I Tri-Series 2026 - Men,2,753,Namibia Men,22,Zimbabwe Men,8744737,2026-08-31T14:54:15Z,4,92,False,2572,Blessing Muzarabani,3040,Zane Green,14574,Alex Volschenk,343.0,85.0,Left,Cover,1,0,1,1,Short,LegStump,None,BackFoot,Pushed,NoMovement,Over,FastSeam,Right,Null,NotReferred,Null,False,False,False,False,False,True,False,False,False,False,False,False,1,0,0,0,0,False,False,,,,,,
1636619,15,7.87,14,0,0,118,6,14,76259,,40941,Namibia T20I Tri-Series 2026 - Men,2,753,Namibia Men,22,Zimbabwe Men,8744740,2026-08-31T14:54:51Z,5,93,False,2572,Blessing Muzarabani,14574,Alex Volschenk,3040,Zane Green,,,Right,Wicketkeeper,0,0,0,0,Short,OutsideOff,Missed,BackFoot,UpperCut,NoMovement,Over,FastSeam,Right,Null,NotReferred,Null,False,False,False,False,False,True,False,False,False,False,False,False,0,0,0,0,0,False,False,,,,,,
1636619,15,7.87,14,0,0,118,6,14,76259,,40941,Namibia T20I Tri-Series 2026 - Men,2,753,Namibia Men,22,Zimbabwe Men,8744742,2026-08-31T14:55:18Z,6,94,False,2572,Blessing Muzarabani,14574,Alex Volschenk,3040,Zane Green,330.0,175.0,Right,,4,0,4,4,Short,OutsideOff,WellTimed,BackFoot,Pull,NoMovement,Over,FastSeam,Right,Null,NotReferred,Null,False,False,False,False,True,True,False,False,False,False,False,False,4,0,0,0,0,True,False,,,,,,
1636621,16,8.19,13,0,0,131,6,13,76259,,40941,Namibia T20I Tri-Series 2026 - Men,2,753,Namibia Men,22,Zimbabwe Men,8744744,2026-08-31T14:56:23Z,1,95,False,1186,Sikandar Raza,3040,Zane Green,14574,Alex Volschenk,,,Left,Bowler,0,0,0,0,LengthBall,OutsideOff,None,BackFoot,Pushed,OffBreak,Round,OffSpin,Right,Null,NotReferred,Null,False,False,False,False,False,True,False,False,False,False,False,False,0,0,0,0,0,False,False,,,,,,
1636621,16,8.19,13,0,0,131,6,13,76259,,40941,Namibia T20I Tri-Series 2026 - Men,2,753,Namibia Men,22,Zimbabwe Men,8744746,2026-08-31T14:56:47Z,2,96,False,1186,Sikandar Raza,3040,Zane Green,14574,Alex Volschenk,230.0,178.0,Left,Deep Mid Wicket,4,0,4,4,BackOfALength,OffStump,WellTimed,BackFoot,Pull,OffBreak,Round,OffSpin,Right,Null,NotReferred,Null,False,False,False,False,False,True,False,False,False,False,False,False,4,0,0,0,0,True,False,,,,,,
1636621,16,8.19,13,0,0,131,6,13,76259,,40941,Namibia T20I Tri-Series 2026 - Men,2,753,Namibia Men,22,Zimbabwe Men,8744748,2026-08-31T14:57:26Z,3,97,False,1186,Sikandar Raza,3040,Zane Green,14574,Alex Volschenk,226.0,130.0,Left,Deep Mid Wicket,1,0,1,1,BackOfALength,OutsideOff,None,BackFoot,Pull,OffBreak,Round,OffSpin,Right,Null,NotReferred,Null,False,False,False,False,False,True,False,False,False,False,False,False,1,0,0,0,0,False,False,,,,,,
1636621,16,8.19,13,0,0,131,6,13,76259,,40941,Namibia T20I Tri-Series 2026 - Men,2,753,Namibia Men,22,Zimbabwe Men,8744750,2026-08-31T14:58:00Z,4,98,False,1186,Sikandar Raza,14574,Alex Volschenk,3040,Zane Green,331.0,131.0,Right,Deep Square Leg,1,0,1,1,LengthBall,OffStump,None,FrontFoot,Worked,OffBreak,Over,OffSpin,Right,Null,NotReferred,Null,False,False,False,False,False,True,False,False,False,False,False,False,1,0,0,0,0,False,False,,,,,,
1636621,16,8.19,13,0,0,131,6,13,76259,,40941,Namibia T20I Tri-Series 2026 - Men,2,753,Namibia Men,22,Zimbabwe Men,8744752,2026-08-31T14:58:32Z,5,99,False,1186,Sikandar Raza,3040,Zane Green,14574,Alex Volschenk,355.0,149.0,Left,Deep Cover,1,0,1,1,BackOfALength,OutsideOff,None,FrontFoot,Drive,OffBreak,Round,OffSpin,Right,Null,NotReferred,Null,False,False,False,False,False,True,False,False,False,False,False,False,1,0,0,0,0,False,False,,,,,,
1636621,16,8.19,13,0,0,131,6,13,76259,,40941,Namibia T20I Tri-Series 2026 - Men,2,753,Namibia Men,22,Zimbabwe Men,8744754,2026-08-31T14:59:00Z,6,100,False,1186,Sikandar Raza,14574,Alex Volschenk,3040,Zane Green,282.0,180.0,Right,,6,0,6,6,BackOfALength,OutsideOff,Middled,MovesInfront,Drive,OffBreak,Over,OffSpin,Right,Null,NotReferred,Null,False,False,False,False,True,True,False,False,False,False,False,False,6,0,0,0,0,True,False,,,,,,
1636623,17,8.53,14,0,0,145,6,14,76259,,40941,Namibia T20I Tri-Series 2026 - Men,2,753,Namibia Men,22,Zimbabwe Men,8744756,2026-08-31T15:00:13Z,1,101,False,2559,Brad Evans,3040,Zane Green,14574,Alex Volschenk,354.0,134.0,Left,Deep Cover,1,0,1,1,BackOfALength,OutsideOff,None,BackFoot,Cut,NoMovement,Over,Medium,Right,Null,NotReferred,Null,False,False,False,False,False,True,False,False,False,False,False,False,1,0,0,0,0,False,False,,,,,,
1636623,17,8.53,14,0,0,145,6,14,76259,,40941,Namibia T20I Tri-Series 2026 - Men,2,753,Namibia Men,22,Zimbabwe Men,8744758,2026-08-31T15:01:10Z,2,102,False,2559,Brad Evans,14574,Alex Volschenk,3040,Zane Green,138.0,60.0,Right,Gully,1,0,1,1,BackOfALength,OutsideOff,None,DeepInCrease,Steer,NoMovement,Over,Medium,Right,Null,NotReferred,Null,False,False,False,False,False,True,False,False,False,False,False,False,1,0,0,0,0,False,False,,,,,,
1636623,17,8.53,14,0,0,145,6,14,76259,,40941,Namibia T20I Tri-Series 2026 - Men,2,753,Namibia Men,22,Zimbabwe Men,8744759,2026-08-31T15:01:43Z,3,103,False,2559,Brad Evans,3040,Zane Green,14574,Alex Volschenk,78.0,160.0,Left,,4,0,4,4,BackOfALength,LegStump,WellTimed,BackFoot,SwitchHit,OffCutter,Over,Medium,Right,Null,NotReferred,Null,False,False,False,False,True,True,False,False,False,False,False,False,4,0,0,0,0,True,False,,,,,,
1636623,17,8.53,14,0,0,145,6,14,76259,,40941,Namibia T20I Tri-Series 2026 - Men,2,753,Namibia Men,22,Zimbabwe Men,8744763,2026-08-31T15:02:25Z,4,104,False,2559,Brad Evans,3040,Zane Green,14574,Alex Volschenk,265.0,146.0,Left,Long On,1,0,1,1,LengthBall,OutsideOff,MisTimed,FrontFoot,Drive,NoMovement,Round,Medium,Right,Null,NotReferred,Null,False,False,False,False,False,True,False,False,False,False,False,False,1,0,0,0,0,False,False,,,,,,
1636623,17,8.53,14,0,0,145,6,14,76259,,40941,Namibia T20I Tri-Series 2026 - Men,2,753,Namibia Men,22,Zimbabwe Men,8744765,2026-08-31T15:03:16Z,5,105,False,2559,Brad Evans,14574,Alex Volschenk,3040,Zane Green,329.0,175.0,Right,,6,0,6,6,Short,OutsideOff,Middled,BackFoot,Pull,OffCutter,Over,Medium,Right,Null,NotReferred,Null,False,False,False,False,True,True,False,False,False,False,False,False,6,0,0,0,0,True,False,,,,,,
1636623,17,8.53,14,0,0,145,6,14,76259,,40941,Namibia T20I Tri-Series 2026 - Men,2,753,Namibia Men,22,Zimbabwe Men,8744767,2026-08-31T15:03:52Z,6,106,False,2559,Brad Evans,14574,Alex Volschenk,3040,Zane Green,122.0,68.0,Right,Gully,1,0,1,1,Short,OutsideOff,None,BackFoot,Steer,NoMovement,Over,Medium,Right,Null,NotReferred,Null,False,False,False,False,False,True,False,False,False,False,False,False,1,0,0,0,0,False,False,,,,,,
1636625,18,9.06,18,0,0,163,6,18,76259,,40941,Namibia T20I Tri-Series 2026 - Men,2,753,Namibia Men,22,Zimbabwe Men,8744769,2026-08-31T15:05:04Z,1,107,False,14669,Newman Nyamhuri,14574,Alex Volschenk,3040,Zane Green,283.0,129.0,Right,Long On,1,0,1,1,LengthBall,LegStump,None,BackFoot,Worked,NoMovement,Over,Medium,Left,Null,NotReferred,Null,False,False,False,False,False,True,False,False,False,False,False,False,1,0,0,0,0,False,False,,,,,,
1636625,18,9.06,18,0,0,163,6,18,76259,,40941,Namibia T20I Tri-Series 2026 - Men,2,753,Namibia Men,22,Zimbabwe Men,8744771,2026-08-31T15:05:42Z,2,108,False,14669,Newman Nyamhuri,3040,Zane Green,14574,Alex Volschenk,63.0,161.0,Left,,6,0,6,6,FullToss,OutsideOff,Middled,FrontFoot,ReverseSweep,NoMovement,Over,Medium,Left,Null,NotReferred,Null,False,False,False,False,True,True,False,False,False,False,False,False,6,0,0,0,0,True,False,,,,,,
1636625,18,9.06,18,0,0,163,6,18,76259,,40941,Namibia T20I Tri-Series 2026 - Men,2,753,Namibia Men,22,Zimbabwe Men,8744773,2026-08-31T15:06:28Z,3,109,False,14669,Newman Nyamhuri,3040,Zane Green,14574,Alex Volschenk,328.0,117.0,Left,Deep Extra Cover,2,0,2,2,BackOfALength,OutsideOff,MisTimed,BacksAway,Drive,NoMovement,Over,Medium,Left,Null,NotReferred,Null,False,False,False,False,True,True,False,False,False,False,False,False,2,0,0,0,0,False,False,,,,,,
1636625,18,9.06,18,0,0,163,6,18,76259,,40941,Namibia T20I Tri-Series 2026 - Men,2,753,Namibia Men,22,Zimbabwe Men,8744775,2026-08-31T15:07:20Z,4,110,False,14669,Newman Nyamhuri,3040,Zane Green,14574,Alex Volschenk,80.0,160.0,Left,,4,0,4,4,LengthBall,OutsideOff,WellTimed,FrontFoot,ReverseSweep,SlowerBall,Over,Medium,Left,Null,NotReferred,Null,False,False,False,False,True,True,False,False,False,False,False,False,4,0,0,0,0,True,False,,,,,,
1636625,18,9.06,18,0,0,163,6,18,76259,,40941,Namibia T20I Tri-Series 2026 - Men,2,753,Namibia Men,22,Zimbabwe Men,8744779,2026-08-31T15:08:24Z,5,111,False,14669,Newman Nyamhuri,3040,Zane Green,14574,Alex Volschenk,309.0,178.0,Left,,4,0,4,4,BackOfALength,Wide,Middled,BackFoot,Drive,OffCutter,Over,Medium,Left,Null,NotReferred,Null,False,False,False,False,True,True,False,False,False,False,False,False,4,0,0,0,0,True,False,,,,,,
1636625,18,9.06,18,0,0,163,6,18,76259,,40941,Namibia T20I Tri-Series 2026 - Men,2,753,Namibia Men,22,Zimbabwe Men,8744780,2026-08-31T15:09:10Z,6,112,False,14669,Newman Nyamhuri,3040,Zane Green,14574,Alex Volschenk,66.0,151.0,Left,Third Man,1,0,1,1,HalfVolley,Wide,None,MovesInfront,ReverseScoop,SlowerBall,Over,Medium,Left,Null,NotReferred,Null,False,False,False,False,False,True,False,False,False,False,False,False,1,0,0,0,0,False,False,,,,,,
1636631,19,9.47,17,0,0,180,6,17,76259,,40941,Namibia T20I Tri-Series 2026 - Men,2,753,Namibia Men,22,Zimbabwe Men,8744800,2026-08-31T15:11:11Z,1,113,False,2572,Blessing Muzarabani,3040,Zane Green,14574,Alex Volschenk,190.0,172.0,Left,,6,0,6,6,BackOfALength,LegStump,Middled,FrontFoot,Slog,OffCutter,Over,FastSeam,Right,Null,NotReferred,Null,False,False,False,False,True,True,False,False,False,False,False,False,6,0,0,0,0,True,False,,,,,,
1636631,19,9.47,17,0,0,180,6,17,76259,,40941,Namibia T20I Tri-Series 2026 - Men,2,753,Namibia Men,22,Zimbabwe Men,8744802,2026-08-31T15:12:07Z,2,114,False,2572,Blessing Muzarabani,3040,Zane Green,14574,Alex Volschenk,,,Left,Wicketkeeper,1,1,1,0,HalfVolley,Wide,Missed,BackFoot,Cut,NoMovement,Round,FastSeam,Right,Null,NotReferred,Null,True,False,False,False,False,True,False,False,False,False,False,False,1,0,1,0,0,False,False,,,,,,
1636631,19,9.47,17,0,0,180,6,17,76259,,40941,Namibia T20I Tri-Series 2026 - Men,2,753,Namibia Men,22,Zimbabwe Men,8744806,2026-08-31T15:12:35Z,2,115,False,2572,Blessing Muzarabani,3040,Zane Green,14574,Alex Volschenk,319.0,177.0,Left,,4,0,4,4,LengthBall,OutsideOff,Middled,FrontFoot,Drive,NoMovement,Round,FastSeam,Right,Null,NotReferred,Null,False,False,False,False,True,True,False,False,False,False,False,False,4,0,0,0,0,True,False,,,,,,
1636631,19,9.47,17,0,0,180,6,17,76259,,40941,Namibia T20I Tri-Series 2026 - Men,2,753,Namibia Men,22,Zimbabwe Men,8744811,2026-08-31T15:13:20Z,3,116,False,2572,Blessing Muzarabani,3040,Zane Green,14574,Alex Volschenk,,,Left,Wicketkeeper,0,0,0,0,BackOfALength,Wide,Missed,BackFoot,Cut,NoMovement,Round,FastSeam,Right,Null,NotReferred,Null,False,False,False,False,False,True,False,False,False,False,False,False,0,0,0,0,0,False,False,,,,,,
1636631,19,9.47,17,0,0,180,6,17,76259,,40941,Namibia T20I Tri-Series 2026 - Men,2,753,Namibia Men,22,Zimbabwe Men,8744820,2026-08-31T15:13:54Z,4,117,False,2572,Blessing Muzarabani,3040,Zane Green,14574,Alex Volschenk,269.0,180.0,Left,,4,0,4,4,BackOfALength,OutsideOff,WellTimed,FrontFoot,Drive,SlowerBall,Round,FastSeam,Right,Null,NotReferred,Null,False,False,False,False,True,True,False,False,False,False,False,False,4,0,0,0,0,True,False,,,,,,
1636631,19,9.47,17,0,0,180,6,17,76259,,40941,Namibia T20I Tri-Series 2026 - Men,2,753,Namibia Men,22,Zimbabwe Men,8744837,2026-08-31T15:14:48Z,5,118,False,2572,Blessing Muzarabani,3040,Zane Green,14574,Alex Volschenk,15.0,137.0,Left,Deep Backward Point,1,0,1,1,Yorker,Wide,None,BackFoot,Steer,NoMovement,Round,FastSeam,Right,Null,NotReferred,Null,False,False,False,False,False,True,False,False,False,False,False,False,1,0,0,0,0,False,False,,,,,,
1636631,19,9.47,17,0,0,180,6,17,76259,,40941,Namibia T20I Tri-Series 2026 - Men,2,753,Namibia Men,22,Zimbabwe Men,8744844,2026-08-31T15:15:44Z,6,119,False,2572,Blessing Muzarabani,14574,Alex Volschenk,3040,Zane Green,202.0,141.0,Right,Deep Cover,1,0,1,1,HalfVolley,Wide,WellTimed,FrontFoot,Drive,NoMovement,Over,FastSeam,Right,Null,NotReferred,Null,False,False,False,False,True,True,False,False,False,False,False,False,1,0,0,0,0,False,False,,,,,,
1636639,20,9.5,10,4,0,190,10,10,76259,,40941,Namibia T20I Tri-Series 2026 - Men,2,753,Namibia Men,22,Zimbabwe Men,8744854,2026-08-31T15:17:52Z,1,120,False,2559,Brad Evans,14574,Alex Volschenk,3040,Zane Green,241.0,141.0,Right,Long Off,3,1,3,2,BackOfALength,Wide,WellTimed,BackFoot,Drive,NoMovement,Over,Medium,Right,Null,NotReferred,3,False,True,False,False,False,True,False,False,False,False,False,False,3,0,0,0,1,False,False,,,,,,
1636639,20,9.5,10,4,0,190,10,10,76259,,40941,Namibia T20I Tri-Series 2026 - Men,2,753,Namibia Men,22,Zimbabwe Men,8744857,2026-08-31T15:18:44Z,1,121,False,2559,Brad Evans,14574,Alex Volschenk,3040,Zane Green,277.0,170.0,Right,Long On,2,0,2,2,LengthBall,Wide,WellTimed,FrontFoot,Drive,SlowerBall,Over,Medium,Right,Null,NotReferred,Null,False,False,False,False,True,True,True,False,False,False,False,False,2,0,0,0,0,False,False,,,,,,
1636639,20,9.5,10,4,0,190,10,10,76259,,40941,Namibia T20I Tri-Series 2026 - Men,2,753,Namibia Men,22,Zimbabwe Men,8744861,2026-08-31T15:19:36Z,2,122,True,2559,Brad Evans,14574,Alex Volschenk,3040,Zane Green,264.0,153.0,Right,Long Off,1,0,1,1,HalfVolley,OutsideOff,None,BackFoot,Drive,NoMovement,Over,Medium,Right,Null,OutThirdUmpire,Null,False,False,False,False,False,True,False,False,False,False,False,True,1,0,0,0,0,False,False,RunOut,3040.0,Zane Green,Run out,RunOut,2022.0
1636639,20,9.5,10,4,0,190,10,10,76259,,40941,Namibia T20I Tri-Series 2026 - Men,2,753,Namibia Men,22,Zimbabwe Men,8744865,2026-08-31T15:21:27Z,3,123,False,2559,Brad Evans,14574,Alex Volschenk,3506,Bernard Scholtz,270.0,180.0,Right,,4,0,4,4,LengthBall,OutsideOff,Middled,FrontFoot,Drive,NoMovement,Over,Medium,Right,Null,NotReferred,Null,False,False,False,False,True,True,False,False,False,False,False,False,4,0,0,0,0,True,False,,,,,,
1636639,20,9.5,10,4,0,190,10,10,76259,,40941,Namibia T20I Tri-Series 2026 - Men,2,753,Namibia Men,22,Zimbabwe Men,8744867,2026-08-31T15:22:12Z,4,124,True,2559,Brad Evans,14574,Alex Volschenk,3506,Bernard Scholtz,89.0,12.0,Right,Wicketkeeper,0,0,0,0,HalfVolley,Wide,OutsideEdge,FrontFoot,Drive,SlowerBall,Over,Medium,Right,Null,NotReferred,Null,False,False,False,False,False,True,False,False,False,False,False,False,0,0,0,0,0,False,True,Caught,14574.0,Alex Volschenk,Caught,Caught,2021.0
1636639,20,9.5,10,4,0,190,10,10,76259,,40941,Namibia T20I Tri-Series 2026 - Men,2,753,Namibia Men,22,Zimbabwe Men,8744871,2026-08-31T15:23:37Z,5,125,True,2559,Brad Evans,14575,Jack Brassell,3506,Bernard Scholtz,,,Right,Bowler,0,0,0,0,Yorker,OffStump,MisTimed,FrontFoot,Drive,NoMovement,Over,Medium,Right,Null,OutThirdUmpire,Null,False,False,False,False,False,True,False,False,False,False,False,True,0,0,0,0,0,False,False,RunOut,3506.0,Bernard Scholtz,Run out,RunOut,2021.0
1636639,20,9.5,10,4,0,190,10,10,76259,,40941,Namibia T20I Tri-Series 2026 - Men,2,753,Namibia Men,22,Zimbabwe Men,8744873,2026-08-31T15:24:47Z,6,126,True,2559,Brad Evans,14575,Jack Brassell,17272,Max Heingo,,,Right,,0,0,0,0,HalfVolley,Wide,InsideEdge,FrontFoot,Drive,NoMovement,Over,Medium,Right,Null,NotReferred,Null,False,False,False,False,False,True,False,False,False,False,False,False,0,0,0,0,0,False,False,Bowled,14575.0,Jack Brassell,Bowled,Bowled,2021.0
