over_id,over_overNumber,over_runrate,over_runsConceded,over_wickets,over_runsExtras,over_totalInningRuns,over_totalInningWickets,over_totalRuns,id,fixtureId,fixtureName,inningNumber,battingTeamId,battingTeamName,bowlingTeamId,bowlingTeamName,id,ballDateTime,ballNumber,totalBallNumber,isWicket,bowlerPlayerId,bowlerPlayerName,battingPlayerId,battingPlayerName,nonStrikeBattingPlayerId,nonStrikeBattingPlayerName,shotAngle,shotMagnitude,battingHandId,fieldingPosition,runsConceded,extras,runs,runsScored,lengthTypeId,lineTypeId,battingConnectionId,battingFeetId,battingShotTypeId,bowlingDetailId,bowlingFromId,bowlingTypeId,bowlingHandId,outcomeId,referralOutcomeId,noBallReasonId,isWide,isNoBall,isByes,isLegByes,isAirControlled,isAppeal,isFreeHit,isNewBall,isPowerPlay,isBattingPowerPlay,isFloodLit,isReferred,teamRuns,runsByes,runsWide,runsLegByes,noBallsCount,isBoundry,isAirNotControlled,dismissalTypeId,dismissalPlayerId,dismissalPlayerName,dismissalType,appealDismissalTypeId,decisionOfficialId,matchName
1611252,2,7.0,11,1,0,14,1,11,75568,40156,Major League Cricket 2026,1,1292,Los Angeles Knight Riders,1294,San Francisco Unicorns,8583483,2026-07-15T21:42:46Z,1,7,False,1080,Matt Short,781,Colin Munro,876,Andre Fletcher,356.0,171.0,Left,,4,0,4,4,BackOfALength,LegStump,WellTimed,FrontFoot,SwitchHit,OffBreak,Round,OffSpin,Right,Null,NotReferred,Null,False,False,False,False,True,True,False,False,True,False,False,False,4,0,0,0,0,True,False,,,,,,,
1611252,2,7.0,11,1,0,14,1,11,75568,40156,Major League Cricket 2026,1,1292,Los Angeles Knight Riders,1294,San Francisco Unicorns,8583484,2026-07-15T21:43:33Z,2,8,False,1080,Matt Short,781,Colin Munro,876,Andre Fletcher,336.0,38.0,Left,Cover,0,0,0,0,BackOfALength,LegStump,None,FrontFoot,BackwardDefensive,OffBreak,Round,OffSpin,Right,Null,NotReferred,Null,False,False,False,False,False,True,False,False,True,False,False,False,0,0,0,0,0,False,False,,,,,,,
1611252,2,7.0,11,1,0,14,1,11,75568,40156,Major League Cricket 2026,1,1292,Los Angeles Knight Riders,1294,San Francisco Unicorns,8583485,2026-07-15T21:43:53Z,3,9,False,1080,Matt Short,781,Colin Munro,876,Andre Fletcher,246.0,70.0,Left,Mid On,1,0,1,1,Short,OffStump,None,BackFoot,Worked,OffBreak,Round,OffSpin,Right,Null,NotReferred,Null,False,False,False,False,False,True,False,False,True,False,False,False,1,0,0,0,0,False,False,,,,,,,
1611252,2,7.0,11,1,0,14,1,11,75568,40156,Major League Cricket 2026,1,1292,Los Angeles Knight Riders,1294,San Francisco Unicorns,8583486,2026-07-15T21:44:26Z,4,10,False,1080,Matt Short,876,Andre Fletcher,781,Colin Munro,,,Right,Bowler,0,0,0,0,HalfVolley,MiddleStump,None,FrontFoot,Drive,OffBreak,Round,OffSpin,Right,Null,NotReferred,Null,False,False,False,False,False,True,False,False,True,False,False,False,0,0,0,0,0,False,False,,,,,,,
1611252,2,7.0,11,1,0,14,1,11,75568,40156,Major League Cricket 2026,1,1292,Los Angeles Knight Riders,1294,San Francisco Unicorns,8583487,2026-07-15T21:44:42Z,5,11,False,1080,Matt Short,876,Andre Fletcher,781,Colin Munro,343.0,173.0,Right,,6,0,6,6,BackOfALength,OffStump,WellTimed,FrontFoot,SlogSweep,OffBreak,Round,OffSpin,Right,Null,NotReferred,Null,False,False,False,False,True,True,False,False,True,False,False,False,6,0,0,0,0,True,False,,,,,,,
1611252,2,7.0,11,1,0,14,1,11,75568,40156,Major League Cricket 2026,1,1292,Los Angeles Knight Riders,1294,San Francisco Unicorns,8583488,2026-07-15T21:45:22Z,6,12,True,1080,Matt Short,876,Andre Fletcher,781,Colin Munro,315.0,58.0,Right,Mid Wicket,0,0,0,0,BackOfALength,MiddleStump,MisTimed,FrontFoot,Slog,OffBreak,Round,OffSpin,Right,Null,NotReferred,Null,False,False,False,False,False,True,False,False,True,False,False,False,0,0,0,0,0,False,True,Caught,876.0,Andre Fletcher,Caught,Caught,,
1611253,3,5.0,1,0,0,15,1,1,75568,40156,Major League Cricket 2026,1,1292,Los Angeles Knight Riders,1294,San Francisco Unicorns,8583489,2026-07-15T21:47:15Z,1,13,False,7771,Brody Couch,781,Colin Munro,1485,Andre Russell,194.0,38.0,Left,Square Leg,0,0,0,0,LengthBall,MiddleStump,None,FrontFoot,Flick,NoMovement,Over,FastSeam,Right,Null,NotReferred,Null,False,False,False,False,False,True,False,False,True,False,False,False,0,0,0,0,0,False,False,,,,,,,
1611253,3,5.0,1,0,0,15,1,1,75568,40156,Major League Cricket 2026,1,1292,Los Angeles Knight Riders,1294,San Francisco Unicorns,8583490,2026-07-15T21:47:50Z,2,14,False,7771,Brody Couch,781,Colin Munro,1485,Andre Russell,302.0,71.0,Left,Extra Cover,0,0,0,0,BackOfALength,LegStump,None,DownTheTrack,Drive,NoMovement,Over,FastSeam,Right,Null,NotReferred,Null,False,False,False,False,False,True,False,False,True,False,False,False,0,0,0,0,0,False,False,,,,,,,
1611253,3,5.0,1,0,0,15,1,1,75568,40156,Major League Cricket 2026,1,1292,Los Angeles Knight Riders,1294,San Francisco Unicorns,8583491,2026-07-15T21:48:26Z,3,15,False,7771,Brody Couch,781,Colin Munro,1485,Andre Russell,348.0,48.0,Left,Cover,0,0,0,0,BackOfALength,LegStump,None,BackFoot,Pushed,NoMovement,Over,FastSeam,Right,Null,NotReferred,Null,False,False,False,False,False,True,False,False,True,False,False,False,0,0,0,0,0,False,False,,,,,,,
1611253,3,5.0,1,0,0,15,1,1,75568,40156,Major League Cricket 2026,1,1292,Los Angeles Knight Riders,1294,San Francisco Unicorns,8583492,2026-07-15T21:49:00Z,4,16,False,7771,Brody Couch,781,Colin Munro,1485,Andre Russell,,,Left,Bowler,0,0,0,0,BackOfALength,DownLeg,None,BackFoot,Worked,NoMovement,Over,FastSeam,Right,Null,NotReferred,Null,False,False,False,False,False,True,False,False,True,False,False,False,0,0,0,0,0,False,False,,,,,,,
1611253,3,5.0,1,0,0,15,1,1,75568,40156,Major League Cricket 2026,1,1292,Los Angeles Knight Riders,1294,San Francisco Unicorns,8583493,2026-07-15T21:49:36Z,5,17,False,7771,Brody Couch,781,Colin Munro,1485,Andre Russell,193.0,118.0,Left,Deep Square Leg,1,0,1,1,BackOfALength,WideDownLeg,None,BackFoot,Worked,NoMovement,Over,FastSeam,Right,Null,NotReferred,Null,False,False,False,False,False,True,False,False,True,False,False,False,1,0,0,0,0,False,False,,,,,,,
1611253,3,5.0,1,0,0,15,1,1,75568,40156,Major League Cricket 2026,1,1292,Los Angeles Knight Riders,1294,San Francisco Unicorns,8583494,2026-07-15T21:50:33Z,6,18,False,7771,Brody Couch,1485,Andre Russell,781,Colin Munro,202.0,45.0,Right,Cover,0,0,0,0,BackOfALength,OutsideOff,None,BackFoot,BackwardDefensive,InSwinger,Over,FastSeam,Right,Null,NotReferred,Null,False,False,False,False,False,True,False,False,True,False,False,False,0,0,0,0,0,False,False,,,,,,,
1611254,4,4.5,3,0,0,18,1,3,75568,40156,Major League Cricket 2026,1,1292,Los Angeles Knight Riders,1294,San Francisco Unicorns,8583495,2026-07-15T21:51:49Z,1,19,False,3928,Haris Rauf,781,Colin Munro,1485,Andre Russell,54.0,36.0,Left,Gully,0,0,0,0,Short,DownLeg,None,BackFoot,Steer,NoMovement,Over,FastSeam,Right,Null,NotReferred,Null,False,False,False,False,False,True,False,False,True,False,False,False,0,0,0,0,0,False,False,,,,,,,
1611254,4,4.5,3,0,0,18,1,3,75568,40156,Major League Cricket 2026,1,1292,Los Angeles Knight Riders,1294,San Francisco Unicorns,8583496,2026-07-15T21:52:24Z,2,20,False,3928,Haris Rauf,781,Colin Munro,1485,Andre Russell,160.0,124.0,Left,Deep Backward Square Leg,1,0,1,1,BackOfALength,WideDownLeg,None,BackFoot,Worked,NoMovement,Over,FastSeam,Right,Null,NotReferred,Null,False,False,False,False,False,True,False,False,True,False,False,False,1,0,0,0,0,False,False,,,,,,,
1611254,4,4.5,3,0,0,18,1,3,75568,40156,Major League Cricket 2026,1,1292,Los Angeles Knight Riders,1294,San Francisco Unicorns,8583497,2026-07-15T21:53:13Z,3,21,False,3928,Haris Rauf,1485,Andre Russell,781,Colin Munro,,,Right,Bowler,0,0,0,0,BackOfALength,OutsideOff,None,BackFoot,BackwardDefensive,NoMovement,Over,FastSeam,Right,Null,NotReferred,Null,False,False,False,False,False,True,False,False,True,False,False,False,0,0,0,0,0,False,False,,,,,,,
1611254,4,4.5,3,0,0,18,1,3,75568,40156,Major League Cricket 2026,1,1292,Los Angeles Knight Riders,1294,San Francisco Unicorns,8583498,2026-07-15T21:53:54Z,4,22,False,3928,Haris Rauf,1485,Andre Russell,781,Colin Munro,,,Right,Wicketkeeper,0,0,0,0,Short,OutsideOff,Missed,BackFoot,Pull,NoMovement,Over,FastSeam,Right,Null,NotReferred,Null,False,False,False,False,False,True,False,False,True,False,False,False,0,0,0,0,0,False,False,,,,,,,
1611254,4,4.5,3,0,0,18,1,3,75568,40156,Major League Cricket 2026,1,1292,Los Angeles Knight Riders,1294,San Francisco Unicorns,8583499,2026-07-15T21:54:30Z,5,23,False,3928,Haris Rauf,1485,Andre Russell,781,Colin Munro,176.0,40.0,Right,Backward Point,1,0,1,1,LengthBall,OutsideOff,None,BackFoot,Dropped,NoMovement,Over,FastSeam,Right,Null,NotReferred,Null,False,False,False,False,False,True,False,False,True,False,False,False,1,0,0,0,0,False,False,,,,,,,
1611254,4,4.5,3,0,0,18,1,3,75568,40156,Major League Cricket 2026,1,1292,Los Angeles Knight Riders,1294,San Francisco Unicorns,8583500,2026-07-15T21:55:09Z,6,24,False,3928,Haris Rauf,781,Colin Munro,1485,Andre Russell,245.0,75.0,Left,Mid On,1,0,1,1,BackOfALength,WideDownLeg,None,BackFoot,Worked,NoMovement,Over,FastSeam,Right,Null,NotReferred,Null,False,False,False,False,False,True,False,False,True,False,False,False,1,0,0,0,0,False,False,,,,,,,
1611255,5,7.6,20,0,0,38,1,20,75568,40156,Major League Cricket 2026,1,1292,Los Angeles Knight Riders,1294,San Francisco Unicorns,8583501,2026-07-15T21:56:14Z,1,25,False,9766,Ghulam Mudassar,781,Colin Munro,1485,Andre Russell,,,Left,Wicketkeeper,0,0,0,0,BackOfALength,OutsideOff,Missed,DownTheTrack,Slog,NoMovement,Over,FastSeam,Left,Null,NotReferred,Null,False,False,False,False,False,True,False,False,True,False,False,False,0,0,0,0,0,False,False,,,,,,,
1611255,5,7.6,20,0,0,38,1,20,75568,40156,Major League Cricket 2026,1,1292,Los Angeles Knight Riders,1294,San Francisco Unicorns,8583502,2026-07-15T21:56:51Z,2,26,False,9766,Ghulam Mudassar,781,Colin Munro,1485,Andre Russell,95.0,160.0,Left,,4,0,4,4,Short,OutsideOff,Gloved,BackFoot,Pull,NoMovement,Over,FastSeam,Left,Null,NotReferred,Null,False,False,False,False,False,True,False,False,True,False,False,False,4,0,0,0,0,True,True,,,,,,,
1611255,5,7.6,20,0,0,38,1,20,75568,40156,Major League Cricket 2026,1,1292,Los Angeles Knight Riders,1294,San Francisco Unicorns,8583503,2026-07-15T21:57:27Z,3,27,False,9766,Ghulam Mudassar,781,Colin Munro,1485,Andre Russell,7.0,169.0,Left,,4,0,4,4,BackOfALength,OutsideOff,WellTimed,BacksAway,Cut,NoMovement,Over,FastSeam,Left,Null,NotReferred,Null,False,False,False,False,True,True,False,False,True,False,False,False,4,0,0,0,0,True,False,,,,,,,
1611255,5,7.6,20,0,0,38,1,20,75568,40156,Major League Cricket 2026,1,1292,Los Angeles Knight Riders,1294,San Francisco Unicorns,8583504,2026-07-15T21:58:04Z,4,28,False,9766,Ghulam Mudassar,781,Colin Munro,1485,Andre Russell,129.0,162.0,Left,,6,0,6,6,HalfVolley,OffStump,WellTimed,FrontFoot,Scoop,NoMovement,Over,FastSeam,Left,Null,NotReferred,Null,False,False,False,False,True,True,False,False,True,False,False,False,6,0,0,0,0,True,False,,,,,,,
1611255,5,7.6,20,0,0,38,1,20,75568,40156,Major League Cricket 2026,1,1292,Los Angeles Knight Riders,1294,San Francisco Unicorns,8583505,2026-07-15T21:58:58Z,5,29,False,9766,Ghulam Mudassar,781,Colin Munro,1485,Andre Russell,286.0,180.0,Left,,6,0,6,6,HalfVolley,OutsideOff,WellTimed,DownTheTrack,Drive,NoMovement,Over,FastSeam,Left,Null,NotReferred,Null,False,False,False,False,True,True,False,False,True,False,False,False,6,0,0,0,0,True,False,,,,,,,
1611255,5,7.6,20,0,0,38,1,20,75568,40156,Major League Cricket 2026,1,1292,Los Angeles Knight Riders,1294,San Francisco Unicorns,8583506,2026-07-15T21:59:37Z,6,30,False,9766,Ghulam Mudassar,781,Colin Munro,1485,Andre Russell,17.0,60.0,Left,Backward Point,0,0,0,0,LengthBall,OutsideOff,None,BackFoot,Pushed,NoMovement,Over,FastSeam,Left,Null,NotReferred,Null,False,False,False,False,False,True,False,False,True,False,False,False,0,0,0,0,0,False,False,,,,,,,
1611256,6,8.0,10,0,0,48,1,10,75568,40156,Major League Cricket 2026,1,1292,Los Angeles Knight Riders,1294,San Francisco Unicorns,8583507,2026-07-15T22:00:46Z,1,31,False,877,Xavier Bartlett,1485,Andre Russell,781,Colin Munro,11.0,122.0,Right,Deep Backward Square Leg,1,0,1,1,LengthBall,OffStump,None,FrontFoot,Worked,NoMovement,Over,Medium,Right,Null,NotReferred,Null,False,False,False,False,False,True,False,False,True,False,False,False,1,0,0,0,0,False,False,,,,,,,
1611256,6,8.0,10,0,0,48,1,10,75568,40156,Major League Cricket 2026,1,1292,Los Angeles Knight Riders,1294,San Francisco Unicorns,8583508,2026-07-15T22:01:32Z,2,32,False,877,Xavier Bartlett,781,Colin Munro,1485,Andre Russell,239.0,77.0,Left,Mid Wicket,1,0,1,1,LengthBall,DownLeg,None,FrontFoot,Worked,NoMovement,Over,Medium,Right,Null,NotReferred,Null,False,False,False,False,False,True,False,False,True,False,False,False,1,0,0,0,0,False,False,,,,,,,
1611256,6,8.0,10,0,0,48,1,10,75568,40156,Major League Cricket 2026,1,1292,Los Angeles Knight Riders,1294,San Francisco Unicorns,8583509,2026-07-15T22:02:10Z,3,33,False,877,Xavier Bartlett,1485,Andre Russell,781,Colin Munro,10.0,134.0,Right,Deep Backward Square Leg,1,0,1,1,Yorker,DownLeg,None,FrontFoot,Flick,NoMovement,Over,Medium,Right,Null,NotReferred,Null,False,False,False,False,False,True,False,False,True,False,False,False,1,0,0,0,0,False,False,,,,,,,
1611256,6,8.0,10,0,0,48,1,10,75568,40156,Major League Cricket 2026,1,1292,Los Angeles Knight Riders,1294,San Francisco Unicorns,8583510,2026-07-15T22:02:48Z,4,34,False,877,Xavier Bartlett,781,Colin Munro,1485,Andre Russell,298.0,179.0,Left,Long On,4,0,4,4,BackOfALength,DownLeg,MisTimed,DownTheTrack,Slog,NoMovement,Over,Medium,Right,Null,NotReferred,Null,False,False,False,False,False,True,False,False,True,False,False,False,4,0,0,0,0,True,True,,,,,,,
1611256,6,8.0,10,0,0,48,1,10,75568,40156,Major League Cricket 2026,1,1292,Los Angeles Knight Riders,1294,San Francisco Unicorns,8583511,2026-07-15T22:03:34Z,5,35,False,877,Xavier Bartlett,781,Colin Munro,1485,Andre Russell,320.0,47.0,Left,Extra Cover,1,0,1,1,LengthBall,MiddleStump,None,FrontFoot,Pushed,NoMovement,Over,Medium,Right,Null,NotReferred,Null,False,False,False,False,False,True,False,False,True,False,False,False,1,0,0,0,0,False,False,,,,,,,
1611256,6,8.0,10,0,0,48,1,10,75568,40156,Major League Cricket 2026,1,1292,Los Angeles Knight Riders,1294,San Francisco Unicorns,8583512,2026-07-15T22:04:11Z,6,36,False,877,Xavier Bartlett,1485,Andre Russell,781,Colin Munro,33.0,132.0,Right,Fine Leg,0,2,2,0,LengthBall,MiddleStump,None,FrontFoot,Glance,NoMovement,Over,Medium,Right,Null,NotReferred,Null,False,False,False,True,False,True,False,False,True,False,False,False,2,0,0,2,0,False,False,,,,,,,
1611257,7,7.71,6,0,0,54,1,6,75568,40156,Major League Cricket 2026,1,1292,Los Angeles Knight Riders,1294,San Francisco Unicorns,8583513,2026-07-15T22:05:28Z,1,37,False,7771,Brody Couch,781,Colin Munro,1485,Andre Russell,287.0,166.0,Left,Long Off,1,0,1,1,HalfVolley,OffStump,None,FrontFoot,Drive,NoMovement,Over,FastSeam,Right,Null,NotReferred,Null,False,False,False,False,False,True,False,False,False,False,False,False,1,0,0,0,0,False,False,,,,,,,
1611257,7,7.71,6,0,0,54,1,6,75568,40156,Major League Cricket 2026,1,1292,Los Angeles Knight Riders,1294,San Francisco Unicorns,8583514,2026-07-15T22:06:13Z,2,38,False,7771,Brody Couch,1485,Andre Russell,781,Colin Munro,207.0,175.0,Right,,4,0,4,4,LengthBall,OutsideOff,MisTimed,FrontFoot,Drive,NoMovement,Over,FastSeam,Right,Null,NotReferred,Null,False,False,False,False,False,True,False,False,False,False,False,False,4,0,0,0,0,True,False,,,,,,,
1611257,7,7.71,6,0,0,54,1,6,75568,40156,Major League Cricket 2026,1,1292,Los Angeles Knight Riders,1294,San Francisco Unicorns,8583515,2026-07-15T22:06:58Z,3,39,False,7771,Brody Couch,1485,Andre Russell,781,Colin Munro,0.0,0.0,Right,Wicketkeeper,0,0,0,0,LengthBall,OutsideOff,Missed,FrontFoot,Slog,NoMovement,Over,FastSeam,Right,Null,NotReferred,Null,False,False,False,False,False,True,False,False,False,False,False,False,0,0,0,0,0,False,False,,,,,,,
1611257,7,7.71,6,0,0,54,1,6,75568,40156,Major League Cricket 2026,1,1292,Los Angeles Knight Riders,1294,San Francisco Unicorns,8583516,2026-07-15T22:07:36Z,4,40,False,7771,Brody Couch,1485,Andre Russell,781,Colin Munro,0.0,0.0,Right,Bowler,0,0,0,0,HalfVolley,OutsideOff,None,FrontFoot,Pushed,NoMovement,Over,FastSeam,Right,Null,NotReferred,Null,False,False,False,False,False,True,False,False,False,False,False,False,0,0,0,0,0,False,False,,,,,,,
1611257,7,7.71,6,0,0,54,1,6,75568,40156,Major League Cricket 2026,1,1292,Los Angeles Knight Riders,1294,San Francisco Unicorns,8583517,2026-07-15T22:08:10Z,5,41,False,7771,Brody Couch,1485,Andre Russell,781,Colin Munro,163.0,33.0,Right,Backward Point,1,0,1,1,Yorker,OutsideOff,None,BackFoot,Cut,NoMovement,Over,FastSeam,Right,Null,NotReferred,Null,False,False,False,False,False,True,False,False,False,False,False,False,1,0,0,0,0,False,False,,,,,,,
1611257,7,7.71,6,0,0,54,1,6,75568,40156,Major League Cricket 2026,1,1292,Los Angeles Knight Riders,1294,San Francisco Unicorns,8583518,2026-07-15T22:08:48Z,6,42,False,7771,Brody Couch,781,Colin Munro,1485,Andre Russell,158.0,30.0,Left,Backward Square Leg,0,0,0,0,LengthBall,DownLeg,None,FrontFoot,Flick,NoMovement,Over,FastSeam,Right,Null,NotReferred,Null,False,False,False,False,False,True,False,False,False,False,False,False,0,0,0,0,0,False,False,,,,,,,
1611258,8,8.0,10,0,0,64,1,10,75568,40156,Major League Cricket 2026,1,1292,Los Angeles Knight Riders,1294,San Francisco Unicorns,8583519,2026-07-15T22:09:58Z,1,43,False,3928,Haris Rauf,1485,Andre Russell,781,Colin Munro,350.0,172.0,Right,,6,0,6,6,Short,OutsideOff,WellTimed,BackFoot,Pull,NoMovement,Over,FastSeam,Right,Null,NotReferred,Null,False,False,False,False,True,True,False,False,False,False,False,False,6,0,0,0,0,True,False,,,,,,,
1611258,8,8.0,10,0,0,64,1,10,75568,40156,Major League Cricket 2026,1,1292,Los Angeles Knight Riders,1294,San Francisco Unicorns,8583520,2026-07-15T22:10:41Z,2,44,False,3928,Haris Rauf,1485,Andre Russell,781,Colin Munro,213.0,56.0,Right,Extra Cover,0,0,0,0,BackOfALength,OutsideOff,HitPad,FrontFoot,Drive,NoMovement,Over,FastSeam,Right,Null,NotReferred,Null,False,False,False,False,False,True,False,False,False,False,False,False,0,0,0,0,0,False,False,,,,,,,
1611258,8,8.0,10,0,0,64,1,10,75568,40156,Major League Cricket 2026,1,1292,Los Angeles Knight Riders,1294,San Francisco Unicorns,8583521,2026-07-15T22:11:25Z,3,45,False,3928,Haris Rauf,1485,Andre Russell,781,Colin Munro,342.0,131.0,Right,Deep Square Leg,1,0,1,1,BackOfALength,OutsideOff,None,FrontFoot,Slog,NoMovement,Over,FastSeam,Right,Null,NotReferred,Null,False,False,False,False,False,True,False,False,False,False,False,False,1,0,0,0,0,False,False,,,,,,,
1611258,8,8.0,10,0,0,64,1,10,75568,40156,Major League Cricket 2026,1,1292,Los Angeles Knight Riders,1294,San Francisco Unicorns,8583522,2026-07-15T22:12:05Z,4,46,False,3928,Haris Rauf,781,Colin Munro,1485,Andre Russell,206.0,62.0,Left,Bowler,1,0,1,1,BackOfALength,DownLeg,None,BackFoot,Worked,NoMovement,Over,FastSeam,Right,Null,NotReferred,Null,False,False,False,False,False,True,False,False,False,False,False,False,1,0,0,0,0,False,False,,,,,,,
1611258,8,8.0,10,0,0,64,1,10,75568,40156,Major League Cricket 2026,1,1292,Los Angeles Knight Riders,1294,San Francisco Unicorns,8583523,2026-07-15T22:12:59Z,5,47,False,3928,Haris Rauf,1485,Andre Russell,781,Colin Munro,0.0,0.0,Right,Wicketkeeper,1,1,1,0,LengthBall,Wide,Left,BackFoot,Leave,NoMovement,Over,FastSeam,Right,Null,NotReferred,Null,True,False,False,False,False,True,False,False,False,False,False,False,1,0,1,0,0,False,False,,,,,,,
1611258,8,8.0,10,0,0,64,1,10,75568,40156,Major League Cricket 2026,1,1292,Los Angeles Knight Riders,1294,San Francisco Unicorns,8583524,2026-07-15T22:13:35Z,5,48,False,3928,Haris Rauf,1485,Andre Russell,781,Colin Munro,0.0,0.0,Right,Wicketkeeper,0,0,0,0,BackOfALength,OutsideOff,Missed,FrontFoot,Slog,NoMovement,Over,FastSeam,Right,Null,NotReferred,Null,False,False,False,False,False,True,False,False,False,False,False,False,0,0,0,0,0,False,False,,,,,,,
1611258,8,8.0,10,0,0,64,1,10,75568,40156,Major League Cricket 2026,1,1292,Los Angeles Knight Riders,1294,San Francisco Unicorns,8583525,2026-07-15T22:14:28Z,6,49,False,3928,Haris Rauf,1485,Andre Russell,781,Colin Munro,322.0,59.0,Right,Bowler,1,0,1,1,BackOfALength,OutsideOff,None,BackFoot,Worked,NoMovement,Over,FastSeam,Right,Null,NotReferred,Null,False,False,False,False,False,True,False,False,False,False,False,False,1,0,0,0,0,False,False,,,,,,,
1611259,9,8.11,9,0,0,73,1,9,75568,40156,Major League Cricket 2026,1,1292,Los Angeles Knight Riders,1294,San Francisco Unicorns,8583526,2026-07-15T22:15:52Z,1,50,False,9766,Ghulam Mudassar,1485,Andre Russell,781,Colin Munro,0.0,0.0,Right,Wicketkeeper,1,1,1,0,LengthBall,OutsideOff,Left,BackFoot,Leave,NoMovement,Over,FastSeam,Left,Null,NotReferred,Null,True,False,False,False,False,True,False,False,False,False,False,False,1,0,1,0,0,False,False,,,,,,,
1611259,9,8.11,9,0,0,73,1,9,75568,40156,Major League Cricket 2026,1,1292,Los Angeles Knight Riders,1294,San Francisco Unicorns,8583527,2026-07-15T22:16:23Z,1,51,False,9766,Ghulam Mudassar,1485,Andre Russell,781,Colin Munro,154.0,166.0,Right,,4,0,4,4,BackOfALength,MiddleStump,MisTimed,BackFoot,Cut,NoMovement,Over,FastSeam,Left,Null,NotReferred,Null,False,False,False,False,False,True,False,False,False,False,False,False,4,0,0,0,0,True,False,,,,,,,
1611259,9,8.11,9,0,0,73,1,9,75568,40156,Major League Cricket 2026,1,1292,Los Angeles Knight Riders,1294,San Francisco Unicorns,8583528,2026-07-15T22:17:01Z,2,52,False,9766,Ghulam Mudassar,1485,Andre Russell,781,Colin Munro,151.0,48.0,Right,Backward Point,1,0,1,1,LengthBall,MiddleStump,None,BackFoot,Cut,OffCutter,Over,FastSeam,Left,Null,NotReferred,Null,False,False,False,False,False,True,False,False,False,False,False,False,1,0,0,0,0,False,False,,,,,,,
1611259,9,8.11,9,0,0,73,1,9,75568,40156,Major League Cricket 2026,1,1292,Los Angeles Knight Riders,1294,San Francisco Unicorns,8583529,2026-07-15T22:17:43Z,3,53,False,9766,Ghulam Mudassar,781,Colin Munro,1485,Andre Russell,167.0,91.0,Left,Backward Square Leg,1,0,1,1,HalfVolley,OffStump,None,FrontFoot,Flick,NoMovement,Over,FastSeam,Left,Null,NotReferred,Null,False,False,False,False,False,True,False,False,False,False,False,False,1,0,0,0,0,False,False,,,,,,,
1611259,9,8.11,9,0,0,73,1,9,75568,40156,Major League Cricket 2026,1,1292,Los Angeles Knight Riders,1294,San Francisco Unicorns,8583530,2026-07-15T22:18:21Z,4,54,False,9766,Ghulam Mudassar,1485,Andre Russell,781,Colin Munro,0.0,0.0,Right,Wicketkeeper,0,0,0,0,HalfVolley,OffStump,WellTimed,FrontFoot,Slog,NoMovement,Over,FastSeam,Left,Null,NotReferred,Null,False,False,False,False,False,True,False,False,False,False,False,False,0,0,0,0,0,False,False,,,,,,,
1611259,9,8.11,9,0,0,73,1,9,75568,40156,Major League Cricket 2026,1,1292,Los Angeles Knight Riders,1294,San Francisco Unicorns,8583531,2026-07-15T22:18:56Z,5,55,False,9766,Ghulam Mudassar,1485,Andre Russell,781,Colin Munro,165.0,76.0,Right,Backward Point,1,0,1,1,Yorker,Wide,None,BackFoot,Cut,NoMovement,Over,FastSeam,Left,Null,NotReferred,Null,False,False,False,False,False,True,False,False,False,False,False,False,1,0,0,0,0,False,False,,,,,,,
1611259,9,8.11,9,0,0,73,1,9,75568,40156,Major League Cricket 2026,1,1292,Los Angeles Knight Riders,1294,San Francisco Unicorns,8583532,2026-07-15T22:19:31Z,6,56,False,9766,Ghulam Mudassar,781,Colin Munro,1485,Andre Russell,190.0,77.0,Left,Square Leg,1,0,1,1,BackOfALength,OutsideOff,MisTimed,BackFoot,Pull,NoMovement,Over,FastSeam,Left,Null,NotReferred,Null,False,False,False,False,False,True,False,False,False,False,False,False,1,0,0,0,0,False,True,,,,,,,
1611261,10,7.7,4,0,0,77,1,4,75568,40156,Major League Cricket 2026,1,1292,Los Angeles Knight Riders,1294,San Francisco Unicorns,8583533,2026-07-15T22:20:58Z,1,57,False,3070,Hassan Khan,781,Colin Munro,1485,Andre Russell,198.0,136.0,Left,Deep Square Leg,1,0,1,1,BackOfALength,DownLeg,None,FrontFoot,Flick,StockBall,Round,Orthodox,Left,Null,NotReferred,Null,False,False,False,False,False,True,False,False,False,False,False,False,1,0,0,0,0,False,False,,,,,,,
1611261,10,7.7,4,0,0,77,1,4,75568,40156,Major League Cricket 2026,1,1292,Los Angeles Knight Riders,1294,San Francisco Unicorns,8583534,2026-07-15T22:21:26Z,2,58,False,3070,Hassan Khan,1485,Andre Russell,781,Colin Munro,281.0,146.0,Right,Long On,1,0,1,1,HalfVolley,MiddleStump,None,FrontFoot,Flick,StockBall,Round,Orthodox,Left,Null,NotReferred,Null,False,False,False,False,False,True,False,False,False,False,False,False,1,0,0,0,0,False,False,,,,,,,
1611261,10,7.7,4,0,0,77,1,4,75568,40156,Major League Cricket 2026,1,1292,Los Angeles Knight Riders,1294,San Francisco Unicorns,8583535,2026-07-15T22:21:54Z,3,59,False,3070,Hassan Khan,781,Colin Munro,1485,Andre Russell,0.0,0.0,Left,Cover,0,0,0,0,BackOfALength,LegStump,HitPad,BackFoot,Worked,StockBall,Round,Orthodox,Left,Null,NotReferred,Null,False,False,False,False,False,True,False,False,False,False,False,False,0,0,0,0,0,False,False,,,,,,,
1611261,10,7.7,4,0,0,77,1,4,75568,40156,Major League Cricket 2026,1,1292,Los Angeles Knight Riders,1294,San Francisco Unicorns,8583536,2026-07-15T22:22:18Z,4,60,False,3070,Hassan Khan,781,Colin Munro,1485,Andre Russell,287.0,152.0,Left,Long Off,1,0,1,1,HalfVolley,OffStump,None,FrontFoot,Drive,StockBall,Round,Orthodox,Left,Null,NotReferred,Null,False,False,False,False,False,True,False,False,False,False,False,False,1,0,0,0,0,False,False,,,,,,,
1611261,10,7.7,4,0,0,77,1,4,75568,40156,Major League Cricket 2026,1,1292,Los Angeles Knight Riders,1294,San Francisco Unicorns,8583537,2026-07-15T22:22:44Z,5,61,False,3070,Hassan Khan,1485,Andre Russell,781,Colin Munro,0.0,0.0,Right,Bowler,0,0,0,0,BackOfALength,OffStump,None,FrontFoot,Pushed,StockBall,Round,Orthodox,Left,Null,NotReferred,Null,False,False,False,False,False,True,False,False,False,False,False,False,0,0,0,0,0,False,False,,,,,,,
1611261,10,7.7,4,0,0,77,1,4,75568,40156,Major League Cricket 2026,1,1292,Los Angeles Knight Riders,1294,San Francisco Unicorns,8583538,2026-07-15T22:23:03Z,6,62,False,3070,Hassan Khan,1485,Andre Russell,781,Colin Munro,196.0,134.0,Right,Deep Cover,1,0,1,1,BackOfALength,OutsideOff,None,BackFoot,Cut,StockBall,Round,Orthodox,Left,Null,NotReferred,Null,False,False,False,False,False,True,False,False,False,False,False,False,1,0,0,0,0,False,False,,,,,,,
1611262,11,7.64,7,0,0,84,1,7,75568,40156,Major League Cricket 2026,1,1292,Los Angeles Knight Riders,1294,San Francisco Unicorns,8583539,2026-07-15T22:26:27Z,1,63,False,7771,Brody Couch,1485,Andre Russell,781,Colin Munro,199.0,30.0,Right,Cover,1,0,1,1,LengthBall,OutsideOff,None,BackFoot,Dropped,NoMovement,Over,FastSeam,Right,Null,NotReferred,Null,False,False,False,False,False,True,False,False,False,False,False,False,1,0,0,0,0,False,False,,,,,,,
1611262,11,7.64,7,0,0,84,1,7,75568,40156,Major League Cricket 2026,1,1292,Los Angeles Knight Riders,1294,San Francisco Unicorns,8583540,2026-07-15T22:27:03Z,2,64,False,7771,Brody Couch,781,Colin Munro,1485,Andre Russell,0.0,0.0,Left,Wicketkeeper,0,0,0,0,Short,WideDownLeg,HitBody,BackFoot,Pull,NoMovement,Over,FastSeam,Right,Null,NotReferred,Null,False,False,False,False,False,True,False,False,False,False,False,False,0,0,0,0,0,False,False,,,,,,,
1611262,11,7.64,7,0,0,84,1,7,75568,40156,Major League Cricket 2026,1,1292,Los Angeles Knight Riders,1294,San Francisco Unicorns,8583541,2026-07-15T22:27:35Z,3,65,False,7771,Brody Couch,781,Colin Munro,1485,Andre Russell,194.0,172.0,Left,,4,0,4,4,LengthBall,DownLeg,MisTimed,FrontFoot,Slog,NoMovement,Over,FastSeam,Right,Null,NotReferred,Null,False,False,False,False,True,True,False,False,False,False,False,False,4,0,0,0,0,True,False,,,,,,,
1611262,11,7.64,7,0,0,84,1,7,75568,40156,Major League Cricket 2026,1,1292,Los Angeles Knight Riders,1294,San Francisco Unicorns,8583542,2026-07-15T22:28:13Z,4,66,False,7771,Brody Couch,781,Colin Munro,1485,Andre Russell,351.0,141.0,Left,Deep Cover,1,0,1,1,LengthBall,OffStump,None,FrontFoot,Drive,NoMovement,Over,FastSeam,Right,Null,NotReferred,Null,False,False,False,False,False,True,False,False,False,False,False,False,1,0,0,0,0,False,False,,,,,,,
1611262,11,7.64,7,0,0,84,1,7,75568,40156,Major League Cricket 2026,1,1292,Los Angeles Knight Riders,1294,San Francisco Unicorns,8583543,2026-07-15T22:28:49Z,5,67,False,7771,Brody Couch,1485,Andre Russell,781,Colin Munro,0.0,0.0,Right,Wicketkeeper,0,0,0,0,Short,OutsideOff,Missed,BackFoot,Cut,NoMovement,Over,FastSeam,Right,Null,NotReferred,Null,False,False,False,False,False,True,False,False,False,False,False,False,0,0,0,0,0,False,False,,,,,,,
1611262,11,7.64,7,0,0,84,1,7,75568,40156,Major League Cricket 2026,1,1292,Los Angeles Knight Riders,1294,San Francisco Unicorns,8583544,2026-07-15T22:29:25Z,6,68,False,7771,Brody Couch,1485,Andre Russell,781,Colin Munro,287.0,113.0,Right,Long On,1,0,1,1,HalfVolley,MiddleStump,None,FrontFoot,Flick,NoMovement,Over,FastSeam,Right,Null,NotReferred,Null,False,False,False,False,False,True,False,False,False,False,False,False,1,0,0,0,0,False,False,,,,,,,
1611263,12,7.25,3,0,0,87,1,3,75568,40156,Major League Cricket 2026,1,1292,Los Angeles Knight Riders,1294,San Francisco Unicorns,8583545,2026-07-15T22:30:23Z,1,69,False,3070,Hassan Khan,1485,Andre Russell,781,Colin Munro,357.0,108.0,Right,Deep Square Leg,1,0,1,1,BackOfALength,OffStump,None,BackFoot,Worked,StockBall,Round,Orthodox,Left,Null,NotReferred,Null,False,False,False,False,True,True,False,False,False,False,False,False,1,0,0,0,0,False,False,,,,,,,
1611263,12,7.25,3,0,0,87,1,3,75568,40156,Major League Cricket 2026,1,1292,Los Angeles Knight Riders,1294,San Francisco Unicorns,8583546,2026-07-15T22:30:45Z,2,70,False,3070,Hassan Khan,781,Colin Munro,1485,Andre Russell,0.0,0.0,Left,Bowler,0,0,0,0,BackOfALength,OutsideOff,None,DownTheTrack,Drive,StockBall,Round,Orthodox,Left,Null,NotReferred,Null,False,False,False,False,False,True,False,False,False,False,False,False,0,0,0,0,0,False,False,,,,,,,
1611263,12,7.25,3,0,0,87,1,3,75568,40156,Major League Cricket 2026,1,1292,Los Angeles Knight Riders,1294,San Francisco Unicorns,8583547,2026-07-15T22:31:12Z,3,71,False,3070,Hassan Khan,781,Colin Munro,1485,Andre Russell,205.0,113.0,Left,Deep Square Leg,1,0,1,1,LengthBall,LegStump,None,FrontFoot,Worked,StockBall,Round,Orthodox,Left,Null,NotReferred,Null,False,False,False,False,False,True,False,False,False,False,False,False,1,0,0,0,0,False,False,,,,,,,
1611263,12,7.25,3,0,0,87,1,3,75568,40156,Major League Cricket 2026,1,1292,Los Angeles Knight Riders,1294,San Francisco Unicorns,8583548,2026-07-15T22:31:40Z,4,72,False,3070,Hassan Khan,1485,Andre Russell,781,Colin Munro,223.0,63.0,Right,Extra Cover,0,0,0,0,BackOfALength,Wide,None,BackFoot,Cut,StockBall,Round,Orthodox,Left,Null,NotReferred,Null,False,False,False,False,False,True,False,False,False,False,False,False,0,0,0,0,0,False,False,,,,,,,
1611263,12,7.25,3,0,0,87,1,3,75568,40156,Major League Cricket 2026,1,1292,Los Angeles Knight Riders,1294,San Francisco Unicorns,8583549,2026-07-15T22:31:57Z,5,73,False,3070,Hassan Khan,1485,Andre Russell,781,Colin Munro,203.0,62.0,Right,Cover,1,0,1,1,BackOfALength,OutsideOff,None,FrontFoot,Pushed,StockBall,Round,Orthodox,Left,Null,NotReferred,Null,False,False,False,False,False,True,False,False,False,False,False,False,1,0,0,0,0,False,False,,,,,,,
1611263,12,7.25,3,0,0,87,1,3,75568,40156,Major League Cricket 2026,1,1292,Los Angeles Knight Riders,1294,San Francisco Unicorns,8583550,2026-07-15T22:32:19Z,6,74,False,3070,Hassan Khan,781,Colin Munro,1485,Andre Russell,0.0,0.0,Left,Bowler,0,0,0,0,BackOfALength,OffStump,None,BackFoot,Cut,StockBall,Round,Orthodox,Left,Null,NotReferred,Null,False,False,False,False,False,True,False,False,False,False,False,False,0,0,0,0,0,False,False,,,,,,,
1611264,13,7.23,7,0,0,94,1,7,75568,40156,Major League Cricket 2026,1,1292,Los Angeles Knight Riders,1294,San Francisco Unicorns,8583551,2026-07-15T22:34:25Z,1,75,False,1080,Matt Short,1485,Andre Russell,781,Colin Munro,16.0,130.0,Right,Deep Backward Square Leg,1,0,1,1,HalfVolley,DownLeg,None,FrontFoot,Worked,OffBreak,Round,OffSpin,Right,Null,NotReferred,Null,False,False,False,False,False,True,False,False,False,False,False,False,1,0,0,0,0,False,False,,,,,,,
1611264,13,7.23,7,0,0,94,1,7,75568,40156,Major League Cricket 2026,1,1292,Los Angeles Knight Riders,1294,San Francisco Unicorns,8583552,2026-07-15T22:35:00Z,2,76,False,1080,Matt Short,781,Colin Munro,1485,Andre Russell,0.0,0.0,Left,Bowler,0,0,0,0,BackOfALength,MiddleStump,None,FrontFoot,Pushed,OffBreak,Round,OffSpin,Right,Null,NotReferred,Null,False,False,False,False,False,True,False,False,False,False,False,False,0,0,0,0,0,False,False,,,,,,,
1611264,13,7.23,7,0,0,94,1,7,75568,40156,Major League Cricket 2026,1,1292,Los Angeles Knight Riders,1294,San Francisco Unicorns,8583553,2026-07-15T22:35:20Z,3,77,False,1080,Matt Short,781,Colin Munro,1485,Andre Russell,174.0,135.0,Left,Deep Backward Square Leg,1,0,1,1,BackOfALength,OffStump,None,FrontFoot,Slog,OffBreak,Round,OffSpin,Right,Null,NotReferred,Null,False,False,False,False,False,True,False,False,False,False,False,False,1,0,0,0,0,False,False,,,,,,,
1611264,13,7.23,7,0,0,94,1,7,75568,40156,Major League Cricket 2026,1,1292,Los Angeles Knight Riders,1294,San Francisco Unicorns,8583554,2026-07-15T22:35:48Z,4,78,False,1080,Matt Short,1485,Andre Russell,781,Colin Munro,0.0,0.0,Right,Bowler,0,0,0,0,BackOfALength,DownLeg,None,BackFoot,BackwardDefensive,OffBreak,Round,OffSpin,Right,Null,NotReferred,Null,False,False,False,False,False,True,False,False,False,False,False,False,0,0,0,0,0,False,False,,,,,,,
1611264,13,7.23,7,0,0,94,1,7,75568,40156,Major League Cricket 2026,1,1292,Los Angeles Knight Riders,1294,San Francisco Unicorns,8583555,2026-07-15T22:36:10Z,5,79,False,1080,Matt Short,1485,Andre Russell,781,Colin Munro,12.0,168.0,Right,,4,0,4,4,BackOfALength,LegStump,WellTimed,FrontFoot,Flick,OffBreak,Over,OffSpin,Right,Null,NotReferred,Null,False,False,False,False,False,True,False,False,False,False,False,False,4,0,0,0,0,True,False,,,,,,,
1611264,13,7.23,7,0,0,94,1,7,75568,40156,Major League Cricket 2026,1,1292,Los Angeles Knight Riders,1294,San Francisco Unicorns,8583556,2026-07-15T22:39:49Z,6,80,False,1080,Matt Short,1485,Andre Russell,781,Colin Munro,340.0,167.0,Right,Deep Square Leg,1,0,1,1,BackOfALength,OutsideOff,None,FrontFoot,SlogSweep,OffBreak,Round,OffSpin,Right,Null,NotReferred,Null,False,False,False,False,True,True,False,False,False,False,False,False,1,0,0,0,0,False,False,,,,,,,
1611265,14,7.57,12,0,0,106,1,12,75568,40156,Major League Cricket 2026,1,1292,Los Angeles Knight Riders,1294,San Francisco Unicorns,8583557,2026-07-15T22:41:07Z,1,81,False,3928,Haris Rauf,1485,Andre Russell,781,Colin Munro,277.0,137.0,Right,Long On,1,0,1,1,HalfVolley,OutsideOff,None,FrontFoot,Slog,NoMovement,Round,FastSeam,Right,Null,NotReferred,Null,False,False,False,False,False,True,False,False,False,False,False,False,1,0,0,0,0,False,False,,,,,,,
1611265,14,7.57,12,0,0,106,1,12,75568,40156,Major League Cricket 2026,1,1292,Los Angeles Knight Riders,1294,San Francisco Unicorns,8583558,2026-07-15T22:41:50Z,2,82,False,3928,Haris Rauf,781,Colin Munro,1485,Andre Russell,344.0,47.0,Left,Cover,1,0,1,1,Short,LegStump,None,BackFoot,Cut,NoMovement,Over,FastSeam,Right,Null,NotReferred,Null,False,False,False,False,False,True,False,False,False,False,False,False,1,0,0,0,0,False,False,,,,,,,
1611265,14,7.57,12,0,0,106,1,12,75568,40156,Major League Cricket 2026,1,1292,Los Angeles Knight Riders,1294,San Francisco Unicorns,8583559,2026-07-15T22:42:45Z,3,83,False,3928,Haris Rauf,1485,Andre Russell,781,Colin Munro,341.0,173.0,Right,,6,0,6,6,LengthBall,OutsideOff,None,FrontFoot,Slog,NoMovement,Over,FastSeam,Right,Null,NotReferred,Null,False,False,False,False,False,True,False,False,False,False,False,False,6,0,0,0,0,True,False,,,,,,,
1611265,14,7.57,12,0,0,106,1,12,75568,40156,Major League Cricket 2026,1,1292,Los Angeles Knight Riders,1294,San Francisco Unicorns,8583560,2026-07-15T22:43:47Z,4,84,False,3928,Haris Rauf,1485,Andre Russell,781,Colin Munro,0.0,0.0,Right,Wicketkeeper,1,1,1,0,HalfVolley,DownLeg,PlayAndMissLegSide,FrontFoot,Flick,NoMovement,Over,FastSeam,Right,Null,NotReferred,Null,True,False,False,False,False,True,False,False,False,False,False,False,1,0,1,0,0,False,False,,,,,,,
1611265,14,7.57,12,0,0,106,1,12,75568,40156,Major League Cricket 2026,1,1292,Los Angeles Knight Riders,1294,San Francisco Unicorns,8583561,2026-07-15T22:44:30Z,4,85,False,3928,Haris Rauf,1485,Andre Russell,781,Colin Munro,174.0,138.0,Right,Deep Backward Point,1,0,1,1,HalfVolley,Wide,None,BackFoot,Cut,NoMovement,Over,FastSeam,Right,Null,NotReferred,Null,False,False,False,False,False,True,False,False,False,False,False,False,1,0,0,0,0,False,False,,,,,,,
1611265,14,7.57,12,0,0,106,1,12,75568,40156,Major League Cricket 2026,1,1292,Los Angeles Knight Riders,1294,San Francisco Unicorns,8583562,2026-07-15T22:45:07Z,5,86,False,3928,Haris Rauf,781,Colin Munro,1485,Andre Russell,351.0,149.0,Left,Deep Cover,1,0,1,1,LengthBall,MiddleStump,None,FrontFoot,Drive,NoMovement,Over,FastSeam,Right,Null,NotReferred,Null,False,False,False,False,False,True,False,False,False,False,False,False,1,0,0,0,0,False,False,,,,,,,
1611265,14,7.57,12,0,0,106,1,12,75568,40156,Major League Cricket 2026,1,1292,Los Angeles Knight Riders,1294,San Francisco Unicorns,8583563,2026-07-15T22:45:47Z,6,87,False,3928,Haris Rauf,1485,Andre Russell,781,Colin Munro,179.0,136.0,Right,Deep Backward Point,1,0,1,1,HalfVolley,Wide,None,BackFoot,Cut,NoMovement,Over,FastSeam,Right,Null,NotReferred,Null,False,False,False,False,True,True,False,False,False,False,False,False,1,0,0,0,0,False,False,,,,,,,
1611266,15,7.33,4,1,0,110,2,4,75568,40156,Major League Cricket 2026,1,1292,Los Angeles Knight Riders,1294,San Francisco Unicorns,8583564,2026-07-15T22:46:50Z,1,88,False,9766,Ghulam Mudassar,1485,Andre Russell,781,Colin Munro,0.0,0.0,Right,Wicketkeeper,0,0,0,0,LengthBall,MiddleStump,Missed,FrontFoot,Slog,OffCutter,Over,FastSeam,Left,Null,NotReferred,Null,False,False,False,False,False,True,False,False,False,False,False,False,0,0,0,0,0,False,False,,,,,,,
1611266,15,7.33,4,1,0,110,2,4,75568,40156,Major League Cricket 2026,1,1292,Los Angeles Knight Riders,1294,San Francisco Unicorns,8583565,2026-07-15T22:47:22Z,2,89,False,9766,Ghulam Mudassar,1485,Andre Russell,781,Colin Munro,167.0,151.0,Right,Deep Backward Point,2,0,2,2,LengthBall,OutsideOff,None,BackFoot,Cut,NoMovement,Over,FastSeam,Left,Null,NotReferred,Null,False,False,False,False,False,True,False,False,False,False,False,False,2,0,0,0,0,False,False,,,,,,,
1611266,15,7.33,4,1,0,110,2,4,75568,40156,Major League Cricket 2026,1,1292,Los Angeles Knight Riders,1294,San Francisco Unicorns,8583566,2026-07-15T22:48:00Z,3,90,False,9766,Ghulam Mudassar,1485,Andre Russell,781,Colin Munro,0.0,0.0,Right,Wicketkeeper,1,1,1,0,LengthBall,OutsideOff,Missed,BackFoot,Cut,NoMovement,Over,FastSeam,Left,Null,NotReferred,Null,True,False,False,False,False,True,False,False,False,False,False,False,1,0,1,0,0,False,False,,,,,,,
1611266,15,7.33,4,1,0,110,2,4,75568,40156,Major League Cricket 2026,1,1292,Los Angeles Knight Riders,1294,San Francisco Unicorns,8583567,2026-07-15T22:48:31Z,3,91,False,9766,Ghulam Mudassar,1485,Andre Russell,781,Colin Munro,187.0,136.0,Right,Deep Cover,1,0,1,1,LengthBall,OffStump,None,FrontFoot,Cut,NoMovement,Over,FastSeam,Left,Null,NotReferred,Null,False,False,False,False,False,True,False,False,False,False,False,False,1,0,0,0,0,False,False,,,,,,,
1611266,15,7.33,4,1,0,110,2,4,75568,40156,Major League Cricket 2026,1,1292,Los Angeles Knight Riders,1294,San Francisco Unicorns,8583568,2026-07-15T22:49:11Z,4,92,True,9766,Ghulam Mudassar,781,Colin Munro,1485,Andre Russell,,,Left,,0,0,0,0,LengthBall,OutsideOff,Missed,FrontFoot,Slog,OffCutter,Over,FastSeam,Left,Null,NotReferred,Null,False,False,False,False,False,True,False,False,False,False,False,False,0,0,0,0,0,False,False,Bowled,781.0,Colin Munro,Bowled,Bowled,1899.0,
1611266,15,7.33,4,1,0,110,2,4,75568,40156,Major League Cricket 2026,1,1292,Los Angeles Knight Riders,1294,San Francisco Unicorns,8583569,2026-07-15T22:51:18Z,5,93,False,9766,Ghulam Mudassar,13786,Matthew Tromp,1485,Andre Russell,210.0,59.0,Right,Extra Cover,0,0,0,0,LengthBall,MiddleStump,None,FrontFoot,Drive,NoMovement,Over,FastSeam,Left,Null,NotReferred,Null,False,False,False,False,False,True,False,False,False,False,False,False,0,0,0,0,0,False,False,,,,,,,
1611266,15,7.33,4,1,0,110,2,4,75568,40156,Major League Cricket 2026,1,1292,Los Angeles Knight Riders,1294,San Francisco Unicorns,8583570,2026-07-15T22:51:51Z,6,94,False,9766,Ghulam Mudassar,13786,Matthew Tromp,1485,Andre Russell,200.0,48.0,Right,Cover,0,0,0,0,HalfVolley,OffStump,None,FrontFoot,Drive,NoMovement,Over,FastSeam,Left,Null,NotReferred,Null,False,False,False,False,False,True,False,False,False,False,False,False,0,0,0,0,0,False,False,,,,,,,
1611267,16,7.62,12,0,0,122,2,12,75568,40156,Major League Cricket 2026,1,1292,Los Angeles Knight Riders,1294,San Francisco Unicorns,8583571,2026-07-15T22:52:56Z,1,95,False,3070,Hassan Khan,1485,Andre Russell,13786,Matthew Tromp,227.0,177.0,Right,,6,0,6,6,BackOfALength,Wide,Middled,FrontFoot,Drive,StockBall,Round,Orthodox,Left,Null,NotReferred,Null,False,False,False,False,True,True,False,False,False,False,False,False,6,0,0,0,0,True,False,,,,,,,
1611267,16,7.62,12,0,0,122,2,12,75568,40156,Major League Cricket 2026,1,1292,Los Angeles Knight Riders,1294,San Francisco Unicorns,8583572,2026-07-15T22:55:32Z,2,96,False,3070,Hassan Khan,1485,Andre Russell,13786,Matthew Tromp,0.0,0.0,Right,Bowler,0,0,0,0,BackOfALength,OutsideOff,None,BackFoot,BackwardDefensive,StockBall,Round,Orthodox,Left,Null,NotReferred,Null,False,False,False,False,False,True,False,False,False,False,False,False,0,0,0,0,0,False,False,,,,,,,
1611267,16,7.62,12,0,0,122,2,12,75568,40156,Major League Cricket 2026,1,1292,Los Angeles Knight Riders,1294,San Francisco Unicorns,8583573,2026-07-15T22:55:48Z,3,97,False,3070,Hassan Khan,1485,Andre Russell,13786,Matthew Tromp,267.0,180.0,Right,,4,0,4,4,LengthBall,OffStump,None,FrontFoot,Drive,StockBall,Round,Orthodox,Left,Null,NotReferred,Null,False,False,False,False,False,True,False,False,False,False,False,False,4,0,0,0,0,True,False,,,,,,,
1611267,16,7.62,12,0,0,122,2,12,75568,40156,Major League Cricket 2026,1,1292,Los Angeles Knight Riders,1294,San Francisco Unicorns,8583574,2026-07-15T22:56:16Z,4,98,False,3070,Hassan Khan,1485,Andre Russell,13786,Matthew Tromp,44.0,41.0,Right,Short Fine Leg,0,0,0,0,LengthBall,LegStump,MisTimed,FrontFoot,Slog,StockBall,Round,Orthodox,Left,Null,NotReferred,Null,False,False,False,False,False,True,False,False,False,False,False,False,0,0,0,0,0,False,False,,,,,,,
1611267,16,7.62,12,0,0,122,2,12,75568,40156,Major League Cricket 2026,1,1292,Los Angeles Knight Riders,1294,San Francisco Unicorns,8583575,2026-07-15T22:56:41Z,5,99,False,3070,Hassan Khan,1485,Andre Russell,13786,Matthew Tromp,45.0,35.0,Right,Short Fine Leg,1,0,1,1,BackOfALength,MiddleStump,None,BackFoot,Worked,StockBall,Round,Orthodox,Left,Null,NotReferred,Null,False,False,False,False,False,True,False,False,False,False,False,False,1,0,0,0,0,False,False,,,,,,,
1611267,16,7.62,12,0,0,122,2,12,75568,40156,Major League Cricket 2026,1,1292,Los Angeles Knight Riders,1294,San Francisco Unicorns,8583576,2026-07-15T22:57:20Z,6,100,False,3070,Hassan Khan,13786,Matthew Tromp,1485,Andre Russell,280.0,161.0,Right,Long On,1,0,1,1,BackOfALength,OffStump,None,FrontFoot,Worked,StockBall,Round,Orthodox,Left,Null,NotReferred,Null,False,False,False,False,False,True,False,False,False,False,False,False,1,0,0,0,0,False,False,,,,,,,
1611268,17,7.71,9,1,0,131,3,9,75568,40156,Major League Cricket 2026,1,1292,Los Angeles Knight Riders,1294,San Francisco Unicorns,8583577,2026-07-15T22:58:32Z,1,101,False,9766,Ghulam Mudassar,13786,Matthew Tromp,1485,Andre Russell,0.0,0.0,Right,Wicketkeeper,0,0,0,0,LengthBall,LegStump,Missed,FrontFoot,Slog,OffCutter,Over,FastSeam,Left,Null,NotReferred,Null,False,False,False,False,False,True,False,False,False,False,False,False,0,0,0,0,0,False,False,,,,,,,
1611268,17,7.71,9,1,0,131,3,9,75568,40156,Major League Cricket 2026,1,1292,Los Angeles Knight Riders,1294,San Francisco Unicorns,8583578,2026-07-15T22:59:10Z,2,102,False,9766,Ghulam Mudassar,13786,Matthew Tromp,1485,Andre Russell,295.0,179.0,Right,,6,0,6,6,LengthBall,LegStump,WellTimed,FrontFoot,Slog,NoMovement,Over,FastSeam,Left,Null,NotReferred,Null,False,False,False,False,True,True,False,False,False,False,False,False,6,0,0,0,0,True,False,,,,,,,
1611268,17,7.71,9,1,0,131,3,9,75568,40156,Major League Cricket 2026,1,1292,Los Angeles Knight Riders,1294,San Francisco Unicorns,8583579,2026-07-15T23:00:03Z,3,103,False,9766,Ghulam Mudassar,13786,Matthew Tromp,1485,Andre Russell,360.0,128.0,Right,Deep Square Leg,1,0,1,1,LengthBall,MiddleStump,MisTimed,FrontFoot,Slog,NoMovement,Over,FastSeam,Left,Null,NotReferred,Null,False,False,False,False,False,True,False,False,False,False,False,False,1,0,0,0,0,False,True,,,,,,,
1611268,17,7.71,9,1,0,131,3,9,75568,40156,Major League Cricket 2026,1,1292,Los Angeles Knight Riders,1294,San Francisco Unicorns,8583580,2026-07-15T23:00:36Z,4,104,False,9766,Ghulam Mudassar,1485,Andre Russell,13786,Matthew Tromp,163.0,41.0,Right,Backward Point,1,0,1,1,LengthBall,MiddleStump,None,BackFoot,Steer,OffCutter,Over,FastSeam,Left,Null,NotReferred,Null,False,False,False,False,False,True,False,False,False,False,False,False,1,0,0,0,0,False,False,,,,,,,
1611268,17,7.71,9,1,0,131,3,9,75568,40156,Major League Cricket 2026,1,1292,Los Angeles Knight Riders,1294,San Francisco Unicorns,8583581,2026-07-15T23:01:10Z,5,105,True,9766,Ghulam Mudassar,13786,Matthew Tromp,1485,Andre Russell,199.0,51.0,Right,Cover,0,0,0,0,HalfVolley,OutsideOff,MisTimed,FrontFoot,Drive,OffCutter,Round,FastSeam,Left,Null,NotReferred,Null,False,False,False,False,False,True,False,False,False,False,False,False,0,0,0,0,0,False,True,Caught,13786.0,Matthew Tromp,Caught,Caught,1899.0,
1611268,17,7.71,9,1,0,131,3,9,75568,40156,Major League Cricket 2026,1,1292,Los Angeles Knight Riders,1294,San Francisco Unicorns,8583582,2026-07-15T23:03:01Z,6,106,False,9766,Ghulam Mudassar,1812,Rovman Powell,1485,Andre Russell,181.0,60.0,Right,Cover,1,0,1,1,LengthBall,LegStump,None,BackFoot,Dropped,NoMovement,Over,FastSeam,Left,Null,NotReferred,Null,False,False,False,False,False,True,False,False,False,False,False,False,1,0,0,0,0,False,False,,,,,,,
1611269,18,7.94,12,0,0,143,3,12,75568,40156,Major League Cricket 2026,1,1292,Los Angeles Knight Riders,1294,San Francisco Unicorns,8583583,2026-07-15T23:04:31Z,1,107,False,877,Xavier Bartlett,1812,Rovman Powell,1485,Andre Russell,75.0,160.0,Right,,4,0,4,4,HalfVolley,LegStump,WellTimed,FrontFoot,Flick,NoMovement,Over,Medium,Right,Null,NotReferred,Null,False,False,False,False,False,True,False,False,False,False,False,False,4,0,0,0,0,True,False,,,,,,,
1611269,18,7.94,12,0,0,143,3,12,75568,40156,Major League Cricket 2026,1,1292,Los Angeles Knight Riders,1294,San Francisco Unicorns,8583584,2026-07-15T23:05:07Z,2,108,False,877,Xavier Bartlett,1812,Rovman Powell,1485,Andre Russell,0.0,0.0,Right,Wicketkeeper,0,0,0,0,BackOfALength,OutsideOff,HitPad,FrontFoot,Slog,NoMovement,Over,Medium,Right,Null,NotReferred,Null,False,False,False,False,False,True,False,False,False,False,False,False,0,0,0,0,0,False,False,,,,,,,
1611269,18,7.94,12,0,0,143,3,12,75568,40156,Major League Cricket 2026,1,1292,Los Angeles Knight Riders,1294,San Francisco Unicorns,8583585,2026-07-15T23:05:40Z,3,109,False,877,Xavier Bartlett,1812,Rovman Powell,1485,Andre Russell,107.0,137.0,Right,Third Man,2,0,2,2,BackOfALength,OffStump,OutsideEdge,FrontFoot,Worked,NoMovement,Over,Medium,Right,Null,NotReferred,Null,False,False,False,False,False,True,False,False,False,False,False,False,2,0,0,0,0,False,False,,,,,,,
1611269,18,7.94,12,0,0,143,3,12,75568,40156,Major League Cricket 2026,1,1292,Los Angeles Knight Riders,1294,San Francisco Unicorns,8583586,2026-07-15T23:06:30Z,4,110,False,877,Xavier Bartlett,1812,Rovman Powell,1485,Andre Russell,38.0,33.0,Right,Short Fine Leg,1,0,1,1,Short,OutsideOff,MisTimed,BackFoot,Pull,NoMovement,Over,Medium,Right,Null,NotReferred,Null,False,False,False,False,False,True,False,False,False,False,False,False,1,0,0,0,0,False,True,,,,,,,
1611269,18,7.94,12,0,0,143,3,12,75568,40156,Major League Cricket 2026,1,1292,Los Angeles Knight Riders,1294,San Francisco Unicorns,8583587,2026-07-15T23:07:15Z,5,111,False,877,Xavier Bartlett,1485,Andre Russell,1812,Rovman Powell,192.0,136.0,Right,Deep Cover,1,0,1,1,HalfVolley,OutsideOff,None,FrontFoot,Drive,NoMovement,Over,Medium,Right,Null,NotReferred,Null,False,False,False,False,False,True,False,False,False,False,False,False,1,0,0,0,0,False,False,,,,,,,
1611269,18,7.94,12,0,0,143,3,12,75568,40156,Major League Cricket 2026,1,1292,Los Angeles Knight Riders,1294,San Francisco Unicorns,8583588,2026-07-15T23:07:50Z,6,112,False,877,Xavier Bartlett,1812,Rovman Powell,1485,Andre Russell,93.0,160.0,Right,,4,0,4,4,Short,OutsideOff,TopEdge,BackFoot,Pull,NoMovement,Over,Medium,Right,Null,NotReferred,Null,False,False,False,False,False,True,False,False,False,False,False,False,4,0,0,0,0,True,False,,,,,,,
1611270,19,9.0,28,0,0,171,3,28,75568,40156,Major League Cricket 2026,1,1292,Los Angeles Knight Riders,1294,San Francisco Unicorns,8583589,2026-07-15T23:09:02Z,1,113,False,3928,Haris Rauf,1485,Andre Russell,1812,Rovman Powell,0.0,0.0,Right,Wicketkeeper,1,1,1,0,LengthBall,Wide,Left,NoMovement,Leave,NoMovement,Over,FastSeam,Right,Null,NotReferred,Null,True,False,False,False,False,True,False,False,False,False,False,False,1,0,1,0,0,False,False,,,,,,,
1611270,19,9.0,28,0,0,171,3,28,75568,40156,Major League Cricket 2026,1,1292,Los Angeles Knight Riders,1294,San Francisco Unicorns,8583590,2026-07-15T23:09:38Z,1,114,False,3928,Haris Rauf,1485,Andre Russell,1812,Rovman Powell,178.0,39.0,Right,Bowler,1,0,1,1,BackOfALength,Wide,None,BackFoot,Pull,NoMovement,Over,FastSeam,Right,Null,NotReferred,Null,False,False,False,False,False,True,False,False,False,False,False,False,1,0,0,0,0,False,False,,,,,,,
1611270,19,9.0,28,0,0,171,3,28,75568,40156,Major League Cricket 2026,1,1292,Los Angeles Knight Riders,1294,San Francisco Unicorns,8583591,2026-07-15T23:10:21Z,2,115,False,3928,Haris Rauf,1812,Rovman Powell,1485,Andre Russell,0.0,0.0,Right,Wicketkeeper,1,1,1,0,BackOfALength,Wide,Left,NoMovement,Leave,NoMovement,Over,FastSeam,Right,Null,NotReferred,Null,True,False,False,False,False,True,False,False,False,False,False,False,1,0,1,0,0,False,False,,,,,,,
1611270,19,9.0,28,0,0,171,3,28,75568,40156,Major League Cricket 2026,1,1292,Los Angeles Knight Riders,1294,San Francisco Unicorns,8583592,2026-07-15T23:10:58Z,2,116,False,3928,Haris Rauf,1812,Rovman Powell,1485,Andre Russell,9.0,168.0,Right,Deep Backward Square Leg,6,0,6,6,FullToss,MiddleStump,MisTimed,FrontFoot,Flick,NoMovement,Over,FastSeam,Right,Null,NotReferred,Null,False,False,False,False,False,True,False,False,False,False,False,False,6,0,0,0,0,True,True,,,,,,,
1611270,19,9.0,28,0,0,171,3,28,75568,40156,Major League Cricket 2026,1,1292,Los Angeles Knight Riders,1294,San Francisco Unicorns,8583593,2026-07-15T23:12:17Z,3,117,False,3928,Haris Rauf,1812,Rovman Powell,1485,Andre Russell,0.0,0.0,Right,Wicketkeeper,1,1,1,0,LengthBall,Wide,Left,NoMovement,Leave,NoMovement,Over,FastSeam,Right,Null,NotReferred,Null,True,False,False,False,False,True,False,False,False,False,False,False,1,0,1,0,0,False,False,,,,,,,
1611270,19,9.0,28,0,0,171,3,28,75568,40156,Major League Cricket 2026,1,1292,Los Angeles Knight Riders,1294,San Francisco Unicorns,8583594,2026-07-15T23:12:52Z,3,118,False,3928,Haris Rauf,1812,Rovman Powell,1485,Andre Russell,315.0,177.0,Right,,6,0,6,6,LengthBall,Wide,WellTimed,FrontFoot,Slog,NoMovement,Over,FastSeam,Right,Null,NotReferred,Null,False,False,False,False,True,True,False,False,False,False,False,False,6,0,0,0,0,True,False,,,,,,,
1611270,19,9.0,28,0,0,171,3,28,75568,40156,Major League Cricket 2026,1,1292,Los Angeles Knight Riders,1294,San Francisco Unicorns,8583595,2026-07-15T23:13:40Z,4,119,False,3928,Haris Rauf,1812,Rovman Powell,1485,Andre Russell,314.0,177.0,Right,,6,0,6,6,HalfVolley,OutsideOff,WellTimed,FrontFoot,Slog,NoMovement,Over,FastSeam,Right,Null,NotReferred,Null,False,False,False,False,True,True,False,False,False,False,False,False,6,0,0,0,0,True,False,,,,,,,
1611270,19,9.0,28,0,0,171,3,28,75568,40156,Major League Cricket 2026,1,1292,Los Angeles Knight Riders,1294,San Francisco Unicorns,8583596,2026-07-15T23:14:31Z,5,120,False,3928,Haris Rauf,1812,Rovman Powell,1485,Andre Russell,227.0,177.0,Right,,6,0,6,6,HalfVolley,Wide,WellTimed,FrontFoot,Drive,NoMovement,Over,FastSeam,Right,Null,NotReferred,Null,False,False,False,False,True,True,False,False,False,False,False,False,6,0,0,0,0,True,False,,,,,,,
1611270,19,9.0,28,0,0,171,3,28,75568,40156,Major League Cricket 2026,1,1292,Los Angeles Knight Riders,1294,San Francisco Unicorns,8583597,2026-07-15T23:15:23Z,6,121,False,3928,Haris Rauf,1812,Rovman Powell,1485,Andre Russell,0.0,0.0,Right,Wicketkeeper,0,0,0,0,BackOfALength,Wide,Missed,FrontFoot,Slog,NoMovement,Over,FastSeam,Right,Null,NotReferred,Null,False,False,False,False,False,True,False,False,False,False,False,False,0,0,0,0,0,False,False,,,,,,,
1611271,20,9.35,16,0,0,187,3,16,75568,40156,Major League Cricket 2026,1,1292,Los Angeles Knight Riders,1294,San Francisco Unicorns,8583598,2026-07-15T23:16:24Z,1,122,False,877,Xavier Bartlett,1485,Andre Russell,1812,Rovman Powell,11.0,132.0,Right,Deep Backward Square Leg,1,0,1,1,BackOfALength,OffStump,None,BackFoot,Worked,NoMovement,Over,Medium,Right,Null,NotReferred,Null,False,False,False,False,False,True,False,False,False,False,False,False,1,0,0,0,0,False,False,,,,,,,
1611271,20,9.35,16,0,0,187,3,16,75568,40156,Major League Cricket 2026,1,1292,Los Angeles Knight Riders,1294,San Francisco Unicorns,8583599,2026-07-15T23:17:04Z,2,123,False,877,Xavier Bartlett,1812,Rovman Powell,1485,Andre Russell,8.0,169.0,Right,,6,0,6,6,BackOfALength,OutsideOff,WellTimed,FrontFoot,Slog,NoMovement,Over,Medium,Right,Null,NotReferred,Null,False,False,False,False,False,True,False,False,False,False,False,False,6,0,0,0,0,True,True,,,,,,,
1611271,20,9.35,16,0,0,187,3,16,75568,40156,Major League Cricket 2026,1,1292,Los Angeles Knight Riders,1294,San Francisco Unicorns,8583600,2026-07-15T23:17:46Z,3,124,False,877,Xavier Bartlett,1812,Rovman Powell,1485,Andre Russell,345.0,150.0,Right,Deep Square Leg,1,0,1,1,FullToss,DownLeg,None,FrontFoot,Flick,NoMovement,Over,Medium,Right,Null,NotReferred,Null,False,False,False,False,False,True,False,False,False,False,False,False,1,0,0,0,0,False,False,,,,,,,
1611271,20,9.35,16,0,0,187,3,16,75568,40156,Major League Cricket 2026,1,1292,Los Angeles Knight Riders,1294,San Francisco Unicorns,8583601,2026-07-15T23:18:23Z,4,125,False,877,Xavier Bartlett,1485,Andre Russell,1812,Rovman Powell,284.0,153.0,Right,Long On,1,0,1,1,Short,Wide,None,BackFoot,Pull,NoMovement,Over,Medium,Right,Null,NotReferred,Null,False,False,False,False,False,True,False,False,False,False,False,False,1,0,0,0,0,False,False,,,,,,,
1611271,20,9.35,16,0,0,187,3,16,75568,40156,Major League Cricket 2026,1,1292,Los Angeles Knight Riders,1294,San Francisco Unicorns,8583602,2026-07-15T23:19:04Z,5,126,False,877,Xavier Bartlett,1812,Rovman Powell,1485,Andre Russell,345.0,173.0,Right,,6,0,6,6,Short,Wide,WellTimed,BackFoot,Pull,NoMovement,Over,Medium,Right,Null,NotReferred,Null,False,False,False,False,True,True,False,False,False,False,False,False,6,0,0,0,0,True,False,,,,,,,
1611271,20,9.35,16,0,0,187,3,16,75568,40156,Major League Cricket 2026,1,1292,Los Angeles Knight Riders,1294,San Francisco Unicorns,8583603,2026-07-15T23:19:54Z,6,127,False,877,Xavier Bartlett,1812,Rovman Powell,1485,Andre Russell,283.0,153.0,Right,Long On,1,0,1,1,Yorker,OffStump,None,FrontFoot,Flick,NoMovement,Over,Medium,Right,Null,NotReferred,Null,False,False,False,False,False,True,False,False,False,False,False,False,1,0,0,0,0,False,False,,,,,,,
1611273,2,4.0,5,0,0,8,2,5,75569,40156,Major League Cricket 2026,2,1294,San Francisco Unicorns,1292,Los Angeles Knight Riders,8583610,2026-07-15T23:44:06Z,1,7,False,628,Jason Holder,1080,Matt Short,8187,Sanjay Krishnamurthi,283.0,74.0,Right,Mid On,0,0,0,0,LengthBall,OutsideOff,None,FrontFoot,ForwardDefensive,NoMovement,Over,Medium,Right,Null,NotReferred,Null,False,False,False,False,False,True,False,False,True,False,False,False,0,0,0,0,0,False,False,,,,,,,
1611273,2,4.0,5,0,0,8,2,5,75569,40156,Major League Cricket 2026,2,1294,San Francisco Unicorns,1292,Los Angeles Knight Riders,8583611,2026-07-15T23:44:49Z,2,8,False,628,Jason Holder,1080,Matt Short,8187,Sanjay Krishnamurthi,83.0,157.0,Right,Wicketkeeper,0,4,4,0,BackOfALength,OutsideOff,Missed,FrontFoot,ForwardDefensive,NoMovement,Over,Medium,Right,Null,NotReferred,Null,False,False,True,False,False,True,False,False,True,False,False,False,4,4,0,0,0,False,False,,,,,,,
1611273,2,4.0,5,0,0,8,2,5,75569,40156,Major League Cricket 2026,2,1294,San Francisco Unicorns,1292,Los Angeles Knight Riders,8583612,2026-07-15T23:45:32Z,3,9,False,628,Jason Holder,1080,Matt Short,8187,Sanjay Krishnamurthi,320.0,49.0,Right,Mid Wicket,0,0,0,0,HalfVolley,MiddleStump,None,DownTheTrack,Flick,NoMovement,Over,Medium,Right,Null,NotReferred,Null,False,False,False,False,False,True,False,False,True,False,False,False,0,0,0,0,0,False,False,,,,,,,
1611273,2,4.0,5,0,0,8,2,5,75569,40156,Major League Cricket 2026,2,1294,San Francisco Unicorns,1292,Los Angeles Knight Riders,8583613,2026-07-15T23:46:05Z,4,10,False,628,Jason Holder,1080,Matt Short,8187,Sanjay Krishnamurthi,333.0,132.0,Right,Deep Square Leg,1,0,1,1,BackOfALength,OutsideOff,None,FrontFoot,Slog,NoMovement,Over,Medium,Right,Null,NotReferred,Null,False,False,False,False,False,True,False,False,True,False,False,False,1,0,0,0,0,False,False,,,,,,,
1611273,2,4.0,5,0,0,8,2,5,75569,40156,Major League Cricket 2026,2,1294,San Francisco Unicorns,1292,Los Angeles Knight Riders,8583614,2026-07-15T23:46:49Z,5,11,False,628,Jason Holder,8187,Sanjay Krishnamurthi,1080,Matt Short,157.0,45.0,Right,Backward Point,0,0,0,0,LengthBall,OutsideOff,ThickEdge,FrontFoot,Worked,NoMovement,Over,Medium,Right,Null,NotReferred,Null,False,False,False,False,False,True,False,False,True,False,False,False,0,0,0,0,0,False,False,,,,,,,
1611273,2,4.0,5,0,0,8,2,5,75569,40156,Major League Cricket 2026,2,1294,San Francisco Unicorns,1292,Los Angeles Knight Riders,8583615,2026-07-15T23:47:28Z,6,12,False,628,Jason Holder,8187,Sanjay Krishnamurthi,1080,Matt Short,0.0,0.0,Right,Bowler,0,0,0,0,HalfVolley,OutsideOff,None,FrontFoot,Drive,NoMovement,Over,Medium,Right,Null,NotReferred,Null,False,False,False,False,False,True,False,False,True,False,False,False,0,0,0,0,0,False,False,,,,,,,
1611274,3,8.0,16,0,0,24,2,16,75569,40156,Major League Cricket 2026,2,1294,San Francisco Unicorns,1292,Los Angeles Knight Riders,8583616,2026-07-15T23:48:25Z,1,13,False,975,Sunil Narine,1080,Matt Short,8187,Sanjay Krishnamurthi,219.0,176.0,Right,,4,0,4,4,Short,DownLeg,WellTimed,BackFoot,Drive,CarromBall,Round,OffSpin,Right,Null,NotReferred,Null,False,False,False,False,False,True,False,False,True,False,False,False,4,0,0,0,0,True,False,,,,,,,
1611274,3,8.0,16,0,0,24,2,16,75569,40156,Major League Cricket 2026,2,1294,San Francisco Unicorns,1292,Los Angeles Knight Riders,8583617,2026-07-15T23:48:51Z,2,14,False,975,Sunil Narine,1080,Matt Short,8187,Sanjay Krishnamurthi,13.0,39.0,Right,Backward Square Leg,0,0,0,0,BackOfALength,DownLeg,ShouldersArms,FrontFoot,Worked,OffBreak,Round,OffSpin,Right,Null,NotReferred,Null,False,False,False,False,False,True,False,False,True,False,False,False,0,0,0,0,0,False,False,,,,,,,
1611274,3,8.0,16,0,0,24,2,16,75569,40156,Major League Cricket 2026,2,1294,San Francisco Unicorns,1292,Los Angeles Knight Riders,8583618,2026-07-15T23:49:24Z,3,15,False,975,Sunil Narine,1080,Matt Short,8187,Sanjay Krishnamurthi,231.0,178.0,Right,,4,0,4,4,BackOfALength,MiddleStump,None,BackFoot,Cut,OffBreak,Round,OffSpin,Right,Null,NotReferred,Null,False,False,False,False,False,True,False,False,True,False,False,False,4,0,0,0,0,True,False,,,,,,,
1611274,3,8.0,16,0,0,24,2,16,75569,40156,Major League Cricket 2026,2,1294,San Francisco Unicorns,1292,Los Angeles Knight Riders,8583619,2026-07-15T23:50:46Z,4,16,False,975,Sunil Narine,1080,Matt Short,8187,Sanjay Krishnamurthi,319.0,177.0,Right,,4,0,4,4,BackOfALength,MiddleStump,WellTimed,FrontFoot,Flick,OffBreak,Over,OffSpin,Right,Null,NotReferred,Null,False,False,False,False,False,True,False,False,True,False,False,False,4,0,0,0,0,True,False,,,,,,,
1611274,3,8.0,16,0,0,24,2,16,75569,40156,Major League Cricket 2026,2,1294,San Francisco Unicorns,1292,Los Angeles Knight Riders,8583620,2026-07-15T23:51:16Z,5,17,False,975,Sunil Narine,1080,Matt Short,8187,Sanjay Krishnamurthi,317.0,53.0,Right,Mid Wicket,0,0,0,0,BackOfALength,OutsideOff,None,FrontFoot,ForwardDefensive,OffBreak,Over,OffSpin,Right,Null,NotReferred,Null,False,False,False,False,False,True,False,False,True,False,False,False,0,0,0,0,0,False,False,,,,,,,
1611274,3,8.0,16,0,0,24,2,16,75569,40156,Major League Cricket 2026,2,1294,San Francisco Unicorns,1292,Los Angeles Knight Riders,8583621,2026-07-15T23:51:36Z,6,18,False,975,Sunil Narine,1080,Matt Short,8187,Sanjay Krishnamurthi,215.0,176.0,Right,,4,0,4,4,BackOfALength,OutsideOff,None,BackFoot,Drive,OffBreak,Over,OffSpin,Right,Null,NotReferred,Null,False,False,False,False,False,True,False,False,True,False,False,False,4,0,0,0,0,True,False,,,,,,,
1611275,4,7.75,7,0,0,31,2,7,75569,40156,Major League Cricket 2026,2,1294,San Francisco Unicorns,1292,Los Angeles Knight Riders,8583622,2026-07-15T23:52:34Z,1,19,False,628,Jason Holder,8187,Sanjay Krishnamurthi,1080,Matt Short,326.0,55.0,Right,Mid Wicket,0,0,0,0,LengthBall,OutsideOff,None,BackFoot,Worked,NoMovement,Over,Medium,Right,Null,NotReferred,Null,False,False,False,False,False,True,False,False,True,False,False,False,0,0,0,0,0,False,False,,,,,,,
1611275,4,7.75,7,0,0,31,2,7,75569,40156,Major League Cricket 2026,2,1294,San Francisco Unicorns,1292,Los Angeles Knight Riders,8583623,2026-07-15T23:53:09Z,2,20,False,628,Jason Holder,8187,Sanjay Krishnamurthi,1080,Matt Short,0.0,0.0,Right,Wicketkeeper,0,0,0,0,HalfVolley,MiddleStump,HitPad,FrontFoot,Flick,NoMovement,Over,Medium,Right,Null,NotReferred,Null,False,False,False,False,False,True,False,False,True,False,False,False,0,0,0,0,0,False,False,,,,,,,
1611275,4,7.75,7,0,0,31,2,7,75569,40156,Major League Cricket 2026,2,1294,San Francisco Unicorns,1292,Los Angeles Knight Riders,8583624,2026-07-15T23:53:44Z,3,21,False,628,Jason Holder,8187,Sanjay Krishnamurthi,1080,Matt Short,335.0,174.0,Right,,4,0,4,4,BackOfALength,OutsideOff,WellTimed,BackFoot,Pull,NoMovement,Over,Medium,Right,Null,NotReferred,Null,False,False,False,False,False,True,False,False,True,False,False,False,4,0,0,0,0,True,False,,,,,,,
1611275,4,7.75,7,0,0,31,2,7,75569,40156,Major League Cricket 2026,2,1294,San Francisco Unicorns,1292,Los Angeles Knight Riders,8583625,2026-07-15T23:54:33Z,4,22,False,628,Jason Holder,8187,Sanjay Krishnamurthi,1080,Matt Short,286.0,67.0,Right,Mid On,0,0,0,0,LengthBall,OutsideOff,None,FrontFoot,ForwardDefensive,NoMovement,Over,Medium,Right,Null,NotReferred,Null,False,False,False,False,False,True,False,False,True,False,False,False,0,0,0,0,0,False,False,,,,,,,
1611275,4,7.75,7,0,0,31,2,7,75569,40156,Major League Cricket 2026,2,1294,San Francisco Unicorns,1292,Los Angeles Knight Riders,8583626,2026-07-15T23:55:06Z,5,23,False,628,Jason Holder,8187,Sanjay Krishnamurthi,1080,Matt Short,317.0,39.0,Right,Mid Wicket,2,0,2,2,LengthBall,OutsideOff,None,FrontFoot,Slog,NoMovement,Over,Medium,Right,Null,NotReferred,Null,False,False,False,False,False,True,False,False,True,False,False,False,2,0,0,0,0,False,False,,,,,,,
1611275,4,7.75,7,0,0,31,2,7,75569,40156,Major League Cricket 2026,2,1294,San Francisco Unicorns,1292,Los Angeles Knight Riders,8583627,2026-07-15T23:55:42Z,6,24,False,628,Jason Holder,8187,Sanjay Krishnamurthi,1080,Matt Short,289.0,76.0,Right,Mid On,1,0,1,1,LengthBall,OutsideOff,None,BackFoot,Worked,NoMovement,Over,Medium,Right,Null,NotReferred,Null,False,False,False,False,False,True,False,False,True,False,False,False,1,0,0,0,0,False,False,,,,,,,
1611276,5,8.8,13,0,0,44,2,13,75569,40156,Major League Cricket 2026,2,1294,San Francisco Unicorns,1292,Los Angeles Knight Riders,8583628,2026-07-15T23:57:02Z,1,25,False,13785,Carmi le Roux,8187,Sanjay Krishnamurthi,1080,Matt Short,168.0,168.0,Right,,4,0,4,4,LengthBall,OffStump,WellTimed,BackFoot,Drive,NoMovement,Over,Medium,Left,Null,NotReferred,Null,False,False,False,False,False,True,False,False,True,False,False,False,4,0,0,0,0,True,False,,,,,,,
1611276,5,8.8,13,0,0,44,2,13,75569,40156,Major League Cricket 2026,2,1294,San Francisco Unicorns,1292,Los Angeles Knight Riders,8583629,2026-07-15T23:57:44Z,2,26,False,13785,Carmi le Roux,8187,Sanjay Krishnamurthi,1080,Matt Short,306.0,74.0,Right,Mid Wicket,1,0,1,1,HalfVolley,LegStump,MisTimed,FrontFoot,Slog,NoMovement,Over,Medium,Left,Null,NotReferred,Null,False,False,False,False,False,True,False,False,True,False,False,False,1,0,0,0,0,False,False,,,,,,,
1611276,5,8.8,13,0,0,44,2,13,75569,40156,Major League Cricket 2026,2,1294,San Francisco Unicorns,1292,Los Angeles Knight Riders,8583630,2026-07-15T23:58:17Z,3,27,False,13785,Carmi le Roux,1080,Matt Short,8187,Sanjay Krishnamurthi,3.0,169.0,Right,,4,0,4,4,BackOfALength,DownLeg,WellTimed,BackFoot,Pull,NoMovement,Over,Medium,Left,Null,NotReferred,Null,False,False,False,False,False,True,False,False,True,False,False,False,4,0,0,0,0,True,False,,,,,,,
1611276,5,8.8,13,0,0,44,2,13,75569,40156,Major League Cricket 2026,2,1294,San Francisco Unicorns,1292,Los Angeles Knight Riders,8583631,2026-07-15T23:58:55Z,4,28,False,13785,Carmi le Roux,1080,Matt Short,8187,Sanjay Krishnamurthi,245.0,69.0,Right,Mid Off,0,0,0,0,HalfVolley,OutsideOff,None,FrontFoot,Drive,NoMovement,Over,Medium,Left,Null,NotReferred,Null,False,False,False,False,False,True,False,False,True,False,False,False,0,0,0,0,0,False,False,,,,,,,
1611276,5,8.8,13,0,0,44,2,13,75569,40156,Major League Cricket 2026,2,1294,San Francisco Unicorns,1292,Los Angeles Knight Riders,8583632,2026-07-15T23:59:36Z,5,29,False,13785,Carmi le Roux,1080,Matt Short,8187,Sanjay Krishnamurthi,116.0,161.0,Right,,4,0,4,4,LengthBall,MiddleStump,OutsideEdge,FrontFoot,Drive,NoMovement,Over,Medium,Left,Null,NotReferred,Null,False,False,False,False,False,True,False,False,True,False,False,False,4,0,0,0,0,True,False,,,,,,,
1611276,5,8.8,13,0,0,44,2,13,75569,40156,Major League Cricket 2026,2,1294,San Francisco Unicorns,1292,Los Angeles Knight Riders,8583633,2026-07-16T00:00:11Z,6,30,False,13785,Carmi le Roux,1080,Matt Short,8187,Sanjay Krishnamurthi,178.0,46.0,Right,Backward Point,0,0,0,0,BackOfALength,DownLeg,None,BackFoot,Pushed,NoMovement,Over,Medium,Left,Null,NotReferred,Null,False,False,False,False,False,True,False,False,True,False,False,False,0,0,0,0,0,False,False,,,,,,,
1611277,6,10.33,18,0,0,62,2,18,75569,40156,Major League Cricket 2026,2,1294,San Francisco Unicorns,1292,Los Angeles Knight Riders,8583634,2026-07-16T00:01:40Z,1,31,False,2629,Shadley van Schalkwyk,8187,Sanjay Krishnamurthi,1080,Matt Short,213.0,62.0,Right,Extra Cover,0,0,0,0,LengthBall,OutsideOff,None,BackFoot,LateCut,NoMovement,Round,Medium,Right,Null,NotReferred,Null,False,False,False,False,False,True,False,False,True,False,False,False,0,0,0,0,0,False,False,,,,,,,
1611277,6,10.33,18,0,0,62,2,18,75569,40156,Major League Cricket 2026,2,1294,San Francisco Unicorns,1292,Los Angeles Knight Riders,8583635,2026-07-16T00:02:06Z,2,32,False,2629,Shadley van Schalkwyk,8187,Sanjay Krishnamurthi,1080,Matt Short,343.0,173.0,Right,,6,0,6,6,BackOfALength,OutsideOff,WellTimed,FrontFoot,Slog,NoMovement,Over,Medium,Right,Null,NotReferred,Null,False,False,False,False,False,True,False,False,True,False,False,False,6,0,0,0,0,True,False,,,,,,,
1611277,6,10.33,18,0,0,62,2,18,75569,40156,Major League Cricket 2026,2,1294,San Francisco Unicorns,1292,Los Angeles Knight Riders,8583636,2026-07-16T00:02:51Z,3,33,False,2629,Shadley van Schalkwyk,8187,Sanjay Krishnamurthi,1080,Matt Short,353.0,171.0,Right,,4,0,4,4,BackOfALength,OutsideOff,WellTimed,FrontFoot,Slog,NoMovement,Over,Medium,Right,Null,NotReferred,Null,False,False,False,False,True,True,False,False,True,False,False,False,4,0,0,0,0,True,False,,,,,,,
1611277,6,10.33,18,0,0,62,2,18,75569,40156,Major League Cricket 2026,2,1294,San Francisco Unicorns,1292,Los Angeles Knight Riders,8583637,2026-07-16T00:03:40Z,4,34,False,2629,Shadley van Schalkwyk,8187,Sanjay Krishnamurthi,1080,Matt Short,223.0,177.0,Right,,6,0,6,6,HalfVolley,Wide,Middled,FrontFoot,Drive,NoMovement,Over,Medium,Right,Null,NotReferred,Null,False,False,False,False,True,True,False,False,True,False,False,False,6,0,0,0,0,True,False,,,,,,,
1611277,6,10.33,18,0,0,62,2,18,75569,40156,Major League Cricket 2026,2,1294,San Francisco Unicorns,1292,Los Angeles Knight Riders,8583638,2026-07-16T00:04:23Z,5,35,False,2629,Shadley van Schalkwyk,8187,Sanjay Krishnamurthi,1080,Matt Short,21.0,122.0,Right,Deep Backward Square Leg,0,1,1,0,LengthBall,OffStump,HitPad,BackFoot,Worked,NoMovement,Over,Medium,Right,Null,NotReferred,Null,False,False,False,True,False,True,False,False,True,False,False,False,1,0,0,1,0,False,False,,,,,,,
1611277,6,10.33,18,0,0,62,2,18,75569,40156,Major League Cricket 2026,2,1294,San Francisco Unicorns,1292,Los Angeles Knight Riders,8583639,2026-07-16T00:04:51Z,6,36,False,2629,Shadley van Schalkwyk,1080,Matt Short,8187,Sanjay Krishnamurthi,220.0,64.0,Right,Extra Cover,1,0,1,1,BackOfALength,OutsideOff,None,FrontFoot,Drive,NoMovement,Over,Medium,Right,Null,NotReferred,Null,False,False,False,False,False,True,False,False,True,False,False,False,1,0,0,0,0,False,False,,,,,,,
1611278,7,9.86,7,0,0,69,2,7,75569,40156,Major League Cricket 2026,2,1294,San Francisco Unicorns,1292,Los Angeles Knight Riders,8583640,2026-07-16T00:06:09Z,1,37,False,1485,Andre Russell,1080,Matt Short,8187,Sanjay Krishnamurthi,355.0,135.0,Right,Deep Square Leg,2,0,2,2,LengthBall,LegStump,None,FrontFoot,Flick,NoMovement,Over,FastSeam,Right,Null,NotReferred,Null,False,False,False,False,False,True,False,False,False,False,False,False,2,0,0,0,0,False,False,,,,,,,
1611278,7,9.86,7,0,0,69,2,7,75569,40156,Major League Cricket 2026,2,1294,San Francisco Unicorns,1292,Los Angeles Knight Riders,8583641,2026-07-16T00:06:44Z,2,38,False,1485,Andre Russell,1080,Matt Short,8187,Sanjay Krishnamurthi,199.0,136.0,Right,Deep Cover,1,0,1,1,LengthBall,OutsideOff,None,FrontFoot,Drive,NoMovement,Over,FastSeam,Right,Null,NotReferred,Null,False,False,False,False,False,True,False,False,False,False,False,False,1,0,0,0,0,False,False,,,,,,,
1611278,7,9.86,7,0,0,69,2,7,75569,40156,Major League Cricket 2026,2,1294,San Francisco Unicorns,1292,Los Angeles Knight Riders,8583642,2026-07-16T00:07:19Z,3,39,False,1485,Andre Russell,8187,Sanjay Krishnamurthi,1080,Matt Short,203.0,43.0,Right,Cover,1,0,1,1,LengthBall,OutsideOff,None,FrontFoot,Pushed,LegCutter,Over,FastSeam,Right,Null,NotReferred,Null,False,False,False,False,False,True,False,False,False,False,False,False,1,0,0,0,0,False,False,,,,,,,
1611278,7,9.86,7,0,0,69,2,7,75569,40156,Major League Cricket 2026,2,1294,San Francisco Unicorns,1292,Los Angeles Knight Riders,8583643,2026-07-16T00:07:54Z,4,40,False,1485,Andre Russell,1080,Matt Short,8187,Sanjay Krishnamurthi,346.0,140.0,Right,Deep Square Leg,1,0,1,1,Short,Wide,None,BackFoot,UpperCut,OffCutter,Over,FastSeam,Right,Null,NotReferred,Null,False,False,False,False,False,True,False,False,False,False,False,False,1,0,0,0,0,False,False,,,,,,,
1611278,7,9.86,7,0,0,69,2,7,75569,40156,Major League Cricket 2026,2,1294,San Francisco Unicorns,1292,Los Angeles Knight Riders,8583644,2026-07-16T00:08:32Z,5,41,False,1485,Andre Russell,8187,Sanjay Krishnamurthi,1080,Matt Short,286.0,158.0,Right,Long On,1,0,1,1,FullToss,OffStump,None,FrontFoot,Drive,NoMovement,Over,FastSeam,Right,Null,NotReferred,Null,False,False,False,False,False,True,False,False,False,False,False,False,1,0,0,0,0,False,False,,,,,,,
1611278,7,9.86,7,0,0,69,2,7,75569,40156,Major League Cricket 2026,2,1294,San Francisco Unicorns,1292,Los Angeles Knight Riders,8583645,2026-07-16T00:09:01Z,6,42,False,1485,Andre Russell,1080,Matt Short,8187,Sanjay Krishnamurthi,172.0,135.0,Right,Deep Backward Point,1,0,1,1,LengthBall,OutsideOff,None,FrontFoot,Cut,NoMovement,Over,FastSeam,Right,Null,NotReferred,Null,False,False,False,False,False,True,False,False,False,False,False,False,1,0,0,0,0,False,False,,,,,,,
1611279,8,9.5,7,0,0,76,2,7,75569,40156,Major League Cricket 2026,2,1294,San Francisco Unicorns,1292,Los Angeles Knight Riders,8583646,2026-07-16T00:10:14Z,1,43,False,13785,Carmi le Roux,1080,Matt Short,8187,Sanjay Krishnamurthi,202.0,102.0,Right,Deep Cover,1,0,1,1,LengthBall,OffStump,None,FrontFoot,Drive,NoMovement,Over,Medium,Left,Null,NotReferred,Null,False,False,False,False,False,True,False,False,False,False,False,False,1,0,0,0,0,False,False,,,,,,,
1611279,8,9.5,7,0,0,76,2,7,75569,40156,Major League Cricket 2026,2,1294,San Francisco Unicorns,1292,Los Angeles Knight Riders,8583647,2026-07-16T00:10:44Z,2,44,False,13785,Carmi le Roux,8187,Sanjay Krishnamurthi,1080,Matt Short,181.0,136.0,Right,Deep Cover,1,0,1,1,BackOfALength,LegStump,None,BackFoot,Drive,NoMovement,Over,Medium,Left,Null,NotReferred,Null,False,False,False,False,False,True,False,False,False,False,False,False,1,0,0,0,0,False,False,,,,,,,
1611279,8,9.5,7,0,0,76,2,7,75569,40156,Major League Cricket 2026,2,1294,San Francisco Unicorns,1292,Los Angeles Knight Riders,8583648,2026-07-16T00:11:10Z,3,45,False,13785,Carmi le Roux,1080,Matt Short,8187,Sanjay Krishnamurthi,,,Right,Wicketkeeper,0,0,0,0,BackOfALength,OutsideOff,Missed,DownTheTrack,Cut,NoMovement,Over,Medium,Left,Null,NotReferred,Null,False,False,False,False,False,True,False,False,False,False,False,False,0,0,0,0,0,False,False,,,,,,,
1611279,8,9.5,7,0,0,76,2,7,75569,40156,Major League Cricket 2026,2,1294,San Francisco Unicorns,1292,Los Angeles Knight Riders,8583649,2026-07-16T00:11:42Z,4,46,False,13785,Carmi le Roux,1080,Matt Short,8187,Sanjay Krishnamurthi,232.0,76.0,Right,Extra Cover,0,0,0,0,BackOfALength,LegStump,None,FrontFoot,Pushed,NoMovement,Over,Medium,Left,Null,NotReferred,Null,False,False,False,False,False,True,False,False,False,False,False,False,0,0,0,0,0,False,False,,,,,,,
1611279,8,9.5,7,0,0,76,2,7,75569,40156,Major League Cricket 2026,2,1294,San Francisco Unicorns,1292,Los Angeles Knight Riders,8583650,2026-07-16T00:12:10Z,5,47,False,13785,Carmi le Roux,1080,Matt Short,8187,Sanjay Krishnamurthi,236.0,178.0,Right,,4,0,4,4,HalfVolley,OutsideOff,WellTimed,FrontFoot,Drive,NoMovement,Over,Medium,Left,Null,NotReferred,Null,False,False,False,False,True,True,False,False,False,False,False,False,4,0,0,0,0,True,False,,,,,,,
1611279,8,9.5,7,0,0,76,2,7,75569,40156,Major League Cricket 2026,2,1294,San Francisco Unicorns,1292,Los Angeles Knight Riders,8583651,2026-07-16T00:12:48Z,6,48,False,13785,Carmi le Roux,1080,Matt Short,8187,Sanjay Krishnamurthi,339.0,138.0,Right,Deep Square Leg,1,0,1,1,LengthBall,DownLeg,None,FrontFoot,Flick,NoMovement,Over,Medium,Left,Null,NotReferred,Null,False,False,False,False,False,True,False,False,False,False,False,False,1,0,0,0,0,False,False,,,,,,,
1611280,9,9.44,9,0,0,85,2,9,75569,40156,Major League Cricket 2026,2,1294,San Francisco Unicorns,1292,Los Angeles Knight Riders,8583652,2026-07-16T00:13:55Z,1,49,False,1485,Andre Russell,1080,Matt Short,8187,Sanjay Krishnamurthi,286.0,132.0,Right,Long On,1,0,1,1,LengthBall,OffStump,None,FrontFoot,Worked,NoMovement,Over,FastSeam,Right,Null,NotReferred,Null,False,False,False,False,False,True,False,False,False,False,False,False,1,0,0,0,0,False,False,,,,,,,
1611280,9,9.44,9,0,0,85,2,9,75569,40156,Major League Cricket 2026,2,1294,San Francisco Unicorns,1292,Los Angeles Knight Riders,8583653,2026-07-16T00:14:27Z,2,50,False,1485,Andre Russell,8187,Sanjay Krishnamurthi,1080,Matt Short,261.0,180.0,Right,,4,0,4,4,HalfVolley,OutsideOff,WellTimed,FrontFoot,Drive,NoMovement,Over,FastSeam,Right,Null,NotReferred,Null,False,False,False,False,True,True,False,False,False,False,False,False,4,0,0,0,0,True,False,,,,,,,
1611280,9,9.44,9,0,0,85,2,9,75569,40156,Major League Cricket 2026,2,1294,San Francisco Unicorns,1292,Los Angeles Knight Riders,8583654,2026-07-16T00:15:01Z,3,51,False,1485,Andre Russell,8187,Sanjay Krishnamurthi,1080,Matt Short,333.0,146.0,Right,Deep Square Leg,1,0,1,1,BackOfALength,OutsideOff,None,BackFoot,Pull,NoMovement,Over,FastSeam,Right,Null,NotReferred,Null,False,False,False,False,False,True,False,False,False,False,False,False,1,0,0,0,0,False,False,,,,,,,
1611280,9,9.44,9,0,0,85,2,9,75569,40156,Major League Cricket 2026,2,1294,San Francisco Unicorns,1292,Los Angeles Knight Riders,8583655,2026-07-16T00:15:32Z,4,52,False,1485,Andre Russell,1080,Matt Short,8187,Sanjay Krishnamurthi,184.0,123.0,Right,Deep Cover,1,0,1,1,LengthBall,OutsideOff,None,FrontFoot,Pushed,OffCutter,Over,FastSeam,Right,Null,NotReferred,Null,False,False,False,False,False,True,False,False,False,False,False,False,1,0,0,0,0,False,False,,,,,,,
1611280,9,9.44,9,0,0,85,2,9,75569,40156,Major League Cricket 2026,2,1294,San Francisco Unicorns,1292,Los Angeles Knight Riders,8583656,2026-07-16T00:16:10Z,5,53,False,1485,Andre Russell,8187,Sanjay Krishnamurthi,1080,Matt Short,1.0,132.0,Right,Deep Backward Square Leg,1,0,1,1,LengthBall,OffStump,None,FrontFoot,Worked,OffCutter,Over,FastSeam,Right,Null,NotReferred,Null,False,False,False,False,False,True,False,False,False,False,False,False,1,0,0,0,0,False,False,,,,,,,
1611280,9,9.44,9,0,0,85,2,9,75569,40156,Major League Cricket 2026,2,1294,San Francisco Unicorns,1292,Los Angeles Knight Riders,8583657,2026-07-16T00:16:45Z,6,54,False,1485,Andre Russell,1080,Matt Short,8187,Sanjay Krishnamurthi,306.0,127.0,Right,Deep Mid Wicket,1,0,1,1,HalfVolley,MiddleStump,None,FrontFoot,Flick,OffCutter,Over,FastSeam,Right,Null,NotReferred,Null,False,False,False,False,False,True,False,False,False,False,False,False,1,0,0,0,0,False,False,,,,,,,
1611281,10,9.5,10,0,0,95,2,10,75569,40156,Major League Cricket 2026,2,1294,San Francisco Unicorns,1292,Los Angeles Knight Riders,8583658,2026-07-16T00:17:50Z,1,55,False,13785,Carmi le Roux,1080,Matt Short,8187,Sanjay Krishnamurthi,3.0,169.0,Right,,4,0,4,4,BackOfALength,OutsideOff,WellTimed,BackFoot,Pull,NoMovement,Round,Medium,Left,Null,NotReferred,Null,False,False,False,False,True,True,False,False,False,False,False,False,4,0,0,0,0,True,False,,,,,,,
1611281,10,9.5,10,0,0,95,2,10,75569,40156,Major League Cricket 2026,2,1294,San Francisco Unicorns,1292,Los Angeles Knight Riders,8583659,2026-07-16T00:18:37Z,2,56,False,13785,Carmi le Roux,1080,Matt Short,8187,Sanjay Krishnamurthi,214.0,63.0,Right,Extra Cover,1,0,1,1,LengthBall,MiddleStump,None,FrontFoot,Drive,NoMovement,Over,Medium,Left,Null,NotReferred,Null,False,False,False,False,False,True,False,False,False,False,False,False,1,0,0,0,0,False,False,,,,,,,
1611281,10,9.5,10,0,0,95,2,10,75569,40156,Major League Cricket 2026,2,1294,San Francisco Unicorns,1292,Los Angeles Knight Riders,8583660,2026-07-16T00:19:08Z,3,57,False,13785,Carmi le Roux,8187,Sanjay Krishnamurthi,1080,Matt Short,171.0,138.0,Right,Deep Backward Point,1,0,1,1,BackOfALength,OffStump,None,BackFoot,Drive,NoMovement,Over,Medium,Left,Null,NotReferred,Null,False,False,False,False,False,True,False,False,False,False,False,False,1,0,0,0,0,False,False,,,,,,,
1611281,10,9.5,10,0,0,95,2,10,75569,40156,Major League Cricket 2026,2,1294,San Francisco Unicorns,1292,Los Angeles Knight Riders,8583661,2026-07-16T00:19:41Z,4,58,False,13785,Carmi le Roux,1080,Matt Short,8187,Sanjay Krishnamurthi,233.0,146.0,Right,Deep Extra Cover,1,0,1,1,LengthBall,OffStump,None,FrontFoot,Drive,NoMovement,Over,Medium,Left,Null,NotReferred,Null,False,False,False,False,False,True,False,False,False,False,False,False,1,0,0,0,0,False,False,,,,,,,
1611281,10,9.5,10,0,0,95,2,10,75569,40156,Major League Cricket 2026,2,1294,San Francisco Unicorns,1292,Los Angeles Knight Riders,8583662,2026-07-16T00:20:08Z,5,59,False,13785,Carmi le Roux,8187,Sanjay Krishnamurthi,1080,Matt Short,181.0,126.0,Right,Deep Cover,1,0,1,1,LengthBall,OffStump,None,FrontFoot,Cut,NoMovement,Over,Medium,Left,Null,NotReferred,Null,False,False,False,False,False,True,False,False,False,False,False,False,1,0,0,0,0,False,False,,,,,,,
1611281,10,9.5,10,0,0,95,2,10,75569,40156,Major League Cricket 2026,2,1294,San Francisco Unicorns,1292,Los Angeles Knight Riders,8583663,2026-07-16T00:20:36Z,6,60,False,13785,Carmi le Roux,1080,Matt Short,8187,Sanjay Krishnamurthi,306.0,119.0,Right,Deep Mid Wicket,2,0,2,2,LengthBall,DownLeg,None,FrontFoot,Worked,NoMovement,Over,Medium,Left,Null,NotReferred,Null,False,False,False,False,False,True,False,False,False,False,False,False,2,0,0,0,0,False,False,,,,,,,
1611282,11,9.0,4,0,0,99,2,4,75569,40156,Major League Cricket 2026,2,1294,San Francisco Unicorns,1292,Los Angeles Knight Riders,8583664,2026-07-16T00:24:02Z,1,61,False,2629,Shadley van Schalkwyk,8187,Sanjay Krishnamurthi,1080,Matt Short,0.0,0.0,Right,Wicketkeeper,0,0,0,0,BackOfALength,OutsideOff,HitBody,FrontFoot,Slog,OffCutter,Over,Medium,Right,Null,NotReferred,Null,False,False,False,False,False,True,False,False,False,False,False,False,0,0,0,0,0,False,False,,,,,,,
1611282,11,9.0,4,0,0,99,2,4,75569,40156,Major League Cricket 2026,2,1294,San Francisco Unicorns,1292,Los Angeles Knight Riders,8583665,2026-07-16T00:24:38Z,2,62,False,2629,Shadley van Schalkwyk,8187,Sanjay Krishnamurthi,1080,Matt Short,206.0,47.0,Right,Cover,0,0,0,0,LengthBall,OutsideOff,None,BackFoot,BackwardDefensive,NoMovement,Round,Medium,Right,Null,NotReferred,Null,False,False,False,False,False,True,False,False,False,False,False,False,0,0,0,0,0,False,False,,,,,,,
1611282,11,9.0,4,0,0,99,2,4,75569,40156,Major League Cricket 2026,2,1294,San Francisco Unicorns,1292,Los Angeles Knight Riders,8583666,2026-07-16T00:25:05Z,3,63,False,2629,Shadley van Schalkwyk,8187,Sanjay Krishnamurthi,1080,Matt Short,185.0,71.0,Right,Cover,1,0,1,1,LengthBall,OutsideOff,None,FrontFoot,Pushed,OffCutter,Over,Medium,Right,Null,NotReferred,Null,False,False,False,False,False,True,False,False,False,False,False,False,1,0,0,0,0,False,False,,,,,,,
1611282,11,9.0,4,0,0,99,2,4,75569,40156,Major League Cricket 2026,2,1294,San Francisco Unicorns,1292,Los Angeles Knight Riders,8583667,2026-07-16T00:25:32Z,4,64,False,2629,Shadley van Schalkwyk,1080,Matt Short,8187,Sanjay Krishnamurthi,11.0,146.0,Right,Deep Backward Square Leg,1,0,1,1,BackOfALength,OffStump,None,BackFoot,Pull,NoMovement,Over,Medium,Right,Null,NotReferred,Null,False,False,False,False,False,True,False,False,False,False,False,False,1,0,0,0,0,False,False,,,,,,,
1611282,11,9.0,4,0,0,99,2,4,75569,40156,Major League Cricket 2026,2,1294,San Francisco Unicorns,1292,Los Angeles Knight Riders,8583668,2026-07-16T00:26:07Z,5,65,False,2629,Shadley van Schalkwyk,8187,Sanjay Krishnamurthi,1080,Matt Short,303.0,85.0,Right,Mid Wicket,1,0,1,1,FullToss,OffStump,MisTimed,FrontFoot,Slog,NoMovement,Over,Medium,Right,Null,NotReferred,Null,False,False,False,False,False,True,False,False,False,False,False,False,1,0,0,0,0,False,True,,,,,,,
1611282,11,9.0,4,0,0,99,2,4,75569,40156,Major League Cricket 2026,2,1294,San Francisco Unicorns,1292,Los Angeles Knight Riders,8583669,2026-07-16T00:26:37Z,6,66,False,2629,Shadley van Schalkwyk,1080,Matt Short,8187,Sanjay Krishnamurthi,186.0,120.0,Right,Deep Cover,1,0,1,1,LengthBall,OutsideOff,None,FrontFoot,Drive,OffCutter,Over,Medium,Right,Null,NotReferred,Null,False,False,False,False,False,True,False,False,False,False,False,False,1,0,0,0,0,False,False,,,,,,,
1611283,12,9.33,13,0,0,112,2,13,75569,40156,Major League Cricket 2026,2,1294,San Francisco Unicorns,1292,Los Angeles Knight Riders,8583670,2026-07-16T00:27:36Z,1,67,False,13785,Carmi le Roux,1080,Matt Short,8187,Sanjay Krishnamurthi,215.0,67.0,Right,Extra Cover,0,0,0,0,LengthBall,OffStump,None,FrontFoot,Drive,NoMovement,Over,Medium,Left,Null,NotReferred,Null,False,False,False,False,False,True,False,False,False,False,False,False,0,0,0,0,0,False,False,,,,,,,
1611283,12,9.33,13,0,0,112,2,13,75569,40156,Major League Cricket 2026,2,1294,San Francisco Unicorns,1292,Los Angeles Knight Riders,8583671,2026-07-16T00:28:09Z,2,68,False,13785,Carmi le Roux,1080,Matt Short,8187,Sanjay Krishnamurthi,245.0,179.0,Right,,6,0,6,6,LengthBall,OutsideOff,WellTimed,DownTheTrack,Drive,NoMovement,Over,Medium,Left,Null,NotReferred,Null,False,False,False,False,True,True,False,False,False,False,False,False,6,0,0,0,0,True,False,,,,,,,
1611283,12,9.33,13,0,0,112,2,13,75569,40156,Major League Cricket 2026,2,1294,San Francisco Unicorns,1292,Los Angeles Knight Riders,8583672,2026-07-16T00:28:48Z,3,69,False,13785,Carmi le Roux,1080,Matt Short,8187,Sanjay Krishnamurthi,338.0,131.0,Right,Deep Square Leg,1,0,1,1,BackOfALength,OffStump,None,BackFoot,Pull,NoMovement,Over,Medium,Left,Null,NotReferred,Null,False,False,False,False,False,True,False,False,False,False,False,False,1,0,0,0,0,False,False,,,,,,,
1611283,12,9.33,13,0,0,112,2,13,75569,40156,Major League Cricket 2026,2,1294,San Francisco Unicorns,1292,Los Angeles Knight Riders,8583673,2026-07-16T00:29:21Z,4,70,False,13785,Carmi le Roux,8187,Sanjay Krishnamurthi,1080,Matt Short,182.0,170.0,Right,,4,0,4,4,Short,MiddleStump,MisTimed,BackFoot,Cut,NoMovement,Over,Medium,Left,Null,NotReferred,Null,False,False,False,False,True,True,False,False,False,False,False,False,4,0,0,0,0,True,False,,,,,,,
1611283,12,9.33,13,0,0,112,2,13,75569,40156,Major League Cricket 2026,2,1294,San Francisco Unicorns,1292,Los Angeles Knight Riders,8583674,2026-07-16T00:29:58Z,5,71,False,13785,Carmi le Roux,8187,Sanjay Krishnamurthi,1080,Matt Short,281.0,148.0,Right,Long On,1,0,1,1,HalfVolley,MiddleStump,None,FrontFoot,Drive,NoMovement,Over,Medium,Left,Null,NotReferred,Null,False,False,False,False,False,True,False,False,False,False,False,False,1,0,0,0,0,False,True,,,,,,,
1611283,12,9.33,13,0,0,112,2,13,75569,40156,Major League Cricket 2026,2,1294,San Francisco Unicorns,1292,Los Angeles Knight Riders,8583675,2026-07-16T00:30:25Z,6,72,False,13785,Carmi le Roux,1080,Matt Short,8187,Sanjay Krishnamurthi,340.0,141.0,Right,Deep Square Leg,1,0,1,1,BackOfALength,LegStump,None,BackFoot,Pull,NoMovement,Over,Medium,Left,Null,NotReferred,Null,False,False,False,False,False,True,False,False,False,False,False,False,1,0,0,0,0,False,False,,,,,,,
1611284,13,8.85,3,0,0,115,2,3,75569,40156,Major League Cricket 2026,2,1294,San Francisco Unicorns,1292,Los Angeles Knight Riders,8583676,2026-07-16T00:31:29Z,1,73,False,975,Sunil Narine,1080,Matt Short,8187,Sanjay Krishnamurthi,0.0,0.0,Right,Bowler,0,0,0,0,BackOfALength,OutsideOff,None,FrontFoot,ForwardDefensive,OffBreak,Over,OffSpin,Right,Null,NotReferred,Null,False,False,False,False,False,True,False,False,False,False,False,False,0,0,0,0,0,False,False,,,,,,,
1611284,13,8.85,3,0,0,115,2,3,75569,40156,Major League Cricket 2026,2,1294,San Francisco Unicorns,1292,Los Angeles Knight Riders,8583677,2026-07-16T00:31:48Z,2,74,False,975,Sunil Narine,1080,Matt Short,8187,Sanjay Krishnamurthi,10.0,138.0,Right,Deep Backward Square Leg,1,0,1,1,BackOfALength,LegStump,None,BackFoot,Pull,OffBreak,Over,OffSpin,Right,Null,NotReferred,Null,False,False,False,False,False,True,False,False,False,False,False,False,1,0,0,0,0,False,False,,,,,,,
1611284,13,8.85,3,0,0,115,2,3,75569,40156,Major League Cricket 2026,2,1294,San Francisco Unicorns,1292,Los Angeles Knight Riders,8583678,2026-07-16T00:32:21Z,3,75,False,975,Sunil Narine,8187,Sanjay Krishnamurthi,1080,Matt Short,312.0,57.0,Right,Mid Wicket,0,0,0,0,BackOfALength,OutsideOff,None,BackFoot,Worked,OffBreak,Over,OffSpin,Right,Null,NotReferred,Null,False,False,False,False,False,True,False,False,False,False,False,False,0,0,0,0,0,False,False,,,,,,,
1611284,13,8.85,3,0,0,115,2,3,75569,40156,Major League Cricket 2026,2,1294,San Francisco Unicorns,1292,Los Angeles Knight Riders,8583679,2026-07-16T00:32:40Z,4,76,False,975,Sunil Narine,8187,Sanjay Krishnamurthi,1080,Matt Short,0.0,0.0,Right,Bowler,0,0,0,0,LengthBall,OffStump,None,FrontFoot,ForwardDefensive,OffBreak,Over,OffSpin,Right,Null,NotReferred,Null,False,False,False,False,False,True,False,False,False,False,False,False,0,0,0,0,0,False,False,,,,,,,
1611284,13,8.85,3,0,0,115,2,3,75569,40156,Major League Cricket 2026,2,1294,San Francisco Unicorns,1292,Los Angeles Knight Riders,8583680,2026-07-16T00:33:02Z,5,77,False,975,Sunil Narine,8187,Sanjay Krishnamurthi,1080,Matt Short,243.0,74.0,Right,Mid Off,1,0,1,1,BackOfALength,OutsideOff,None,BackFoot,Pushed,OffBreak,Over,OffSpin,Right,Null,NotReferred,Null,False,False,False,False,False,True,False,False,False,False,False,False,1,0,0,0,0,False,False,,,,,,,
1611284,13,8.85,3,0,0,115,2,3,75569,40156,Major League Cricket 2026,2,1294,San Francisco Unicorns,1292,Los Angeles Knight Riders,8583681,2026-07-16T00:33:28Z,6,78,False,975,Sunil Narine,1080,Matt Short,8187,Sanjay Krishnamurthi,187.0,52.0,Right,Cover,1,0,1,1,BackOfALength,OutsideOff,None,FrontFoot,Drive,OffBreak,Over,OffSpin,Right,Null,NotReferred,Null,False,False,False,False,False,True,False,False,False,False,False,False,1,0,0,0,0,False,False,,,,,,,
1611285,14,8.79,8,0,0,123,2,8,75569,40156,Major League Cricket 2026,2,1294,San Francisco Unicorns,1292,Los Angeles Knight Riders,8583682,2026-07-16T00:34:39Z,1,79,False,628,Jason Holder,1080,Matt Short,8187,Sanjay Krishnamurthi,211.0,175.0,Right,Deep Extra Cover,4,0,4,4,Short,Wide,WellTimed,FrontFoot,Cut,NoMovement,Over,Medium,Right,Null,NotReferred,Null,False,False,False,False,True,True,False,False,False,False,False,False,4,0,0,0,0,True,False,,,,,,,
1611285,14,8.79,8,0,0,123,2,8,75569,40156,Major League Cricket 2026,2,1294,San Francisco Unicorns,1292,Los Angeles Knight Riders,8583683,2026-07-16T00:35:15Z,2,80,False,628,Jason Holder,1080,Matt Short,8187,Sanjay Krishnamurthi,29.0,43.0,Right,Backward Square Leg,1,0,1,1,HalfVolley,OutsideOff,None,MovesInfront,Flick,NoMovement,Over,Medium,Right,Null,NotReferred,Null,False,False,False,False,False,True,False,False,False,False,False,False,1,0,0,0,0,False,False,,,,,,,
1611285,14,8.79,8,0,0,123,2,8,75569,40156,Major League Cricket 2026,2,1294,San Francisco Unicorns,1292,Los Angeles Knight Riders,8583684,2026-07-16T00:36:24Z,3,81,False,628,Jason Holder,8187,Sanjay Krishnamurthi,1080,Matt Short,5.0,137.0,Right,Deep Backward Square Leg,1,0,1,1,BackOfALength,OutsideOff,None,BackFoot,Pull,NoMovement,Over,Medium,Right,Null,NotReferred,Null,False,False,False,False,False,True,False,False,False,False,False,False,1,0,0,0,0,False,False,,,,,,,
1611285,14,8.79,8,0,0,123,2,8,75569,40156,Major League Cricket 2026,2,1294,San Francisco Unicorns,1292,Los Angeles Knight Riders,8583685,2026-07-16T00:37:11Z,4,82,False,628,Jason Holder,1080,Matt Short,8187,Sanjay Krishnamurthi,0.0,0.0,Right,Wicketkeeper,0,0,0,0,Yorker,OutsideOff,Missed,FrontFoot,Drive,NoMovement,Over,Medium,Right,Null,NotReferred,Null,False,False,False,False,False,True,False,False,False,False,False,False,0,0,0,0,0,False,False,,,,,,,
1611285,14,8.79,8,0,0,123,2,8,75569,40156,Major League Cricket 2026,2,1294,San Francisco Unicorns,1292,Los Angeles Knight Riders,8583686,2026-07-16T00:37:40Z,5,83,False,628,Jason Holder,1080,Matt Short,8187,Sanjay Krishnamurthi,339.0,140.0,Right,Deep Square Leg,1,0,1,1,BackOfALength,OutsideOff,None,FrontFoot,Slog,NoMovement,Over,Medium,Right,Null,NotReferred,Null,False,False,False,False,True,True,False,False,False,False,False,False,1,0,0,0,0,False,False,,,,,,,
1611285,14,8.79,8,0,0,123,2,8,75569,40156,Major League Cricket 2026,2,1294,San Francisco Unicorns,1292,Los Angeles Knight Riders,8583687,2026-07-16T00:38:15Z,6,84,False,628,Jason Holder,8187,Sanjay Krishnamurthi,1080,Matt Short,280.0,153.0,Right,Long On,1,0,1,1,FullToss,MiddleStump,None,FrontFoot,Drive,NoMovement,Over,Medium,Right,Null,NotReferred,Null,False,False,False,False,False,True,False,False,False,False,False,False,1,0,0,0,0,False,False,,,,,,,
1611286,15,8.6,6,0,0,129,2,6,75569,40156,Major League Cricket 2026,2,1294,San Francisco Unicorns,1292,Los Angeles Knight Riders,8583688,2026-07-16T00:39:19Z,1,85,False,975,Sunil Narine,8187,Sanjay Krishnamurthi,1080,Matt Short,0.0,0.0,Right,Wicketkeeper,0,0,0,0,BackOfALength,OffStump,PlayAndMissLegSide,BackFoot,Flick,OffBreak,Over,OffSpin,Right,Null,NotReferred,Null,False,False,False,False,False,True,False,False,False,False,False,False,0,0,0,0,0,False,False,,,,,,,
1611286,15,8.6,6,0,0,129,2,6,75569,40156,Major League Cricket 2026,2,1294,San Francisco Unicorns,1292,Los Angeles Knight Riders,8583689,2026-07-16T00:39:40Z,2,86,False,975,Sunil Narine,8187,Sanjay Krishnamurthi,1080,Matt Short,210.0,175.0,Right,,4,0,4,4,BackOfALength,OutsideOff,WellTimed,FrontFoot,Drive,OffBreak,Over,OffSpin,Right,Null,NotReferred,Null,False,False,False,False,False,True,False,False,False,False,False,False,4,0,0,0,0,True,False,,,,,,,
1611286,15,8.6,6,0,0,129,2,6,75569,40156,Major League Cricket 2026,2,1294,San Francisco Unicorns,1292,Los Angeles Knight Riders,8583690,2026-07-16T00:40:12Z,3,87,False,975,Sunil Narine,8187,Sanjay Krishnamurthi,1080,Matt Short,211.0,60.0,Right,Extra Cover,0,0,0,0,BackOfALength,OutsideOff,None,FrontFoot,ForwardDefensive,OffBreak,Over,OffSpin,Right,Null,NotReferred,Null,False,False,False,False,False,True,False,False,False,False,False,False,0,0,0,0,0,False,False,,,,,,,
1611286,15,8.6,6,0,0,129,2,6,75569,40156,Major League Cricket 2026,2,1294,San Francisco Unicorns,1292,Los Angeles Knight Riders,8583691,2026-07-16T00:40:33Z,4,88,False,975,Sunil Narine,8187,Sanjay Krishnamurthi,1080,Matt Short,329.0,43.0,Right,Mid Wicket,1,0,1,1,LengthBall,OffStump,None,BackFoot,Worked,OffBreak,Over,OffSpin,Right,Null,NotReferred,Null,False,False,False,False,False,True,False,False,False,False,False,False,1,0,0,0,0,False,False,,,,,,,
1611286,15,8.6,6,0,0,129,2,6,75569,40156,Major League Cricket 2026,2,1294,San Francisco Unicorns,1292,Los Angeles Knight Riders,8583692,2026-07-16T00:40:59Z,5,89,False,975,Sunil Narine,1080,Matt Short,8187,Sanjay Krishnamurthi,0.0,0.0,Right,Bowler,0,0,0,0,BackOfALength,OutsideOff,BottomEdge,DownTheTrack,Slog,OffBreak,Over,OffSpin,Right,Null,NotReferred,Null,False,False,False,False,False,True,False,False,False,False,False,False,0,0,0,0,0,False,False,,,,,,,
1611286,15,8.6,6,0,0,129,2,6,75569,40156,Major League Cricket 2026,2,1294,San Francisco Unicorns,1292,Los Angeles Knight Riders,8583693,2026-07-16T00:41:24Z,6,90,False,975,Sunil Narine,1080,Matt Short,8187,Sanjay Krishnamurthi,230.0,140.0,Right,Deep Extra Cover,1,0,1,1,BackOfALength,OutsideOff,None,BackFoot,Drive,OffBreak,Over,OffSpin,Right,Null,NotReferred,Null,False,False,False,False,False,True,False,False,False,False,False,False,1,0,0,0,0,False,False,,,,,,,
1611287,16,8.81,12,0,0,141,2,12,75569,40156,Major League Cricket 2026,2,1294,San Francisco Unicorns,1292,Los Angeles Knight Riders,8583694,2026-07-16T00:42:41Z,1,91,False,628,Jason Holder,1080,Matt Short,8187,Sanjay Krishnamurthi,196.0,142.0,Right,Deep Cover,1,0,1,1,LengthBall,Wide,None,FrontFoot,Cut,NoMovement,Over,Medium,Right,Null,NotReferred,Null,False,False,False,False,False,True,False,False,False,False,False,False,1,0,0,0,0,False,False,,,,,,,
1611287,16,8.81,12,0,0,141,2,12,75569,40156,Major League Cricket 2026,2,1294,San Francisco Unicorns,1292,Los Angeles Knight Riders,8583695,2026-07-16T00:43:24Z,2,92,False,628,Jason Holder,8187,Sanjay Krishnamurthi,1080,Matt Short,156.0,47.0,Right,Backward Point,1,0,1,1,Yorker,OutsideOff,None,BackFoot,Steer,NoMovement,Over,Medium,Right,Null,NotReferred,Null,False,False,False,False,False,True,False,False,False,False,False,False,1,0,0,0,0,False,False,,,,,,,
1611287,16,8.81,12,0,0,141,2,12,75569,40156,Major League Cricket 2026,2,1294,San Francisco Unicorns,1292,Los Angeles Knight Riders,8583696,2026-07-16T00:44:02Z,3,93,False,628,Jason Holder,1080,Matt Short,8187,Sanjay Krishnamurthi,0.0,0.0,Right,Wicketkeeper,0,0,0,0,Yorker,DownLeg,PlayAndMissLegSide,MovesInfront,Scoop,NoMovement,Over,Medium,Right,Null,NotReferred,Null,False,False,False,False,False,True,False,False,False,False,False,False,0,0,0,0,0,False,False,,,,,,,
1611287,16,8.81,12,0,0,141,2,12,75569,40156,Major League Cricket 2026,2,1294,San Francisco Unicorns,1292,Los Angeles Knight Riders,8583697,2026-07-16T00:44:32Z,4,94,False,628,Jason Holder,1080,Matt Short,8187,Sanjay Krishnamurthi,246.0,155.0,Right,Long Off,2,0,2,2,Yorker,OutsideOff,None,FrontFoot,Drive,NoMovement,Over,Medium,Right,Null,NotReferred,Null,False,False,False,False,False,True,False,False,False,False,False,False,2,0,0,0,0,False,False,,,,,,,
1611287,16,8.81,12,0,0,141,2,12,75569,40156,Major League Cricket 2026,2,1294,San Francisco Unicorns,1292,Los Angeles Knight Riders,8583698,2026-07-16T00:45:13Z,5,95,False,628,Jason Holder,1080,Matt Short,8187,Sanjay Krishnamurthi,257.0,180.0,Right,,6,0,6,6,LengthBall,Wide,WellTimed,FrontFoot,Drive,NoMovement,Over,Medium,Right,Null,NotReferred,Null,False,False,False,False,True,True,False,False,False,False,False,False,6,0,0,0,0,True,False,,,,,,,
1611287,16,8.81,12,0,0,141,2,12,75569,40156,Major League Cricket 2026,2,1294,San Francisco Unicorns,1292,Los Angeles Knight Riders,8583699,2026-07-16T00:45:51Z,6,96,False,628,Jason Holder,1080,Matt Short,8187,Sanjay Krishnamurthi,338.0,140.0,Right,Deep Square Leg,2,0,2,2,Short,Wide,None,BackFoot,Pull,NoMovement,Over,Medium,Right,Null,OutReviewRetained,Null,False,False,False,False,False,True,False,False,False,False,False,True,2,0,0,0,0,False,False,,,,,RunOut,1949.0,
1611288,17,8.94,11,0,0,152,2,11,75569,40156,Major League Cricket 2026,2,1294,San Francisco Unicorns,1292,Los Angeles Knight Riders,8583700,2026-07-16T00:48:21Z,1,97,False,1485,Andre Russell,8187,Sanjay Krishnamurthi,1080,Matt Short,335.0,174.0,Right,,6,0,6,6,LengthBall,OutsideOff,WellTimed,FrontFoot,Slog,NoMovement,Over,FastSeam,Right,Null,NotReferred,Null,False,False,False,False,True,True,False,False,False,False,False,False,6,0,0,0,0,True,False,,,,,,,
1611288,17,8.94,11,0,0,152,2,11,75569,40156,Major League Cricket 2026,2,1294,San Francisco Unicorns,1292,Los Angeles Knight Riders,8583701,2026-07-16T00:48:58Z,2,98,False,1485,Andre Russell,8187,Sanjay Krishnamurthi,1080,Matt Short,249.0,150.0,Right,Long Off,1,0,1,1,HalfVolley,OutsideOff,None,BackFoot,Drive,NoMovement,Over,FastSeam,Right,Null,NotReferred,Null,False,False,False,False,True,True,False,False,False,False,False,False,1,0,0,0,0,False,False,,,,,,,
1611288,17,8.94,11,0,0,152,2,11,75569,40156,Major League Cricket 2026,2,1294,San Francisco Unicorns,1292,Los Angeles Knight Riders,8583702,2026-07-16T00:50:17Z,3,99,False,1485,Andre Russell,1080,Matt Short,8187,Sanjay Krishnamurthi,335.0,144.0,Right,Deep Square Leg,1,0,1,1,FullToss,OutsideOff,None,FrontFoot,Flick,NoMovement,Round,FastSeam,Right,Null,NotReferred,Null,False,False,False,False,False,True,False,False,False,False,False,False,1,0,0,0,0,False,False,,,,,,,
1611288,17,8.94,11,0,0,152,2,11,75569,40156,Major League Cricket 2026,2,1294,San Francisco Unicorns,1292,Los Angeles Knight Riders,8583703,2026-07-16T00:50:57Z,4,100,False,1485,Andre Russell,8187,Sanjay Krishnamurthi,1080,Matt Short,0.0,0.0,Right,Wicketkeeper,0,0,0,0,Yorker,Wide,Missed,BackFoot,Cut,NoMovement,Round,FastSeam,Right,Null,NotReferred,Null,False,False,False,False,False,True,False,False,False,False,False,False,0,0,0,0,0,False,False,,,,,,,
1611288,17,8.94,11,0,0,152,2,11,75569,40156,Major League Cricket 2026,2,1294,San Francisco Unicorns,1292,Los Angeles Knight Riders,8583704,2026-07-16T00:51:27Z,5,101,False,1485,Andre Russell,8187,Sanjay Krishnamurthi,1080,Matt Short,179.0,138.0,Right,Deep Backward Point,1,0,1,1,Yorker,OutsideOff,None,FrontFoot,Drive,NoMovement,Round,FastSeam,Right,Null,NotReferred,Null,False,False,False,False,False,True,False,False,False,False,False,False,1,0,0,0,0,False,False,,,,,,,
1611288,17,8.94,11,0,0,152,2,11,75569,40156,Major League Cricket 2026,2,1294,San Francisco Unicorns,1292,Los Angeles Knight Riders,8583705,2026-07-16T00:52:05Z,6,102,False,1485,Andre Russell,1080,Matt Short,8187,Sanjay Krishnamurthi,332.0,141.0,Right,Deep Square Leg,2,0,2,2,Yorker,MiddleStump,None,DownTheTrack,Flick,NoMovement,Round,FastSeam,Right,Null,NotReferred,Null,False,False,False,False,False,True,False,False,False,False,False,False,2,0,0,0,0,False,False,,,,,,,
1611289,18,9.11,12,1,0,164,3,12,75569,40156,Major League Cricket 2026,2,1294,San Francisco Unicorns,1292,Los Angeles Knight Riders,8583706,2026-07-16T00:53:24Z,1,103,True,2629,Shadley van Schalkwyk,8187,Sanjay Krishnamurthi,1080,Matt Short,216.0,123.0,Right,Deep Extra Cover,0,0,0,0,HalfVolley,OutsideOff,MisTimed,FrontFoot,Drive,NoMovement,Over,Medium,Right,Null,NotReferred,Null,False,False,False,False,False,True,False,False,False,False,False,False,0,0,0,0,0,False,True,Caught,8187.0,Sanjay Krishnamurthi,Caught,Caught,,
1611289,18,9.11,12,1,0,164,3,12,75569,40156,Major League Cricket 2026,2,1294,San Francisco Unicorns,1292,Los Angeles Knight Riders,8583707,2026-07-16T00:55:03Z,2,104,False,2629,Shadley van Schalkwyk,2118,Aaron Hardie,1080,Matt Short,244.0,130.0,Right,Long Off,1,0,1,1,HalfVolley,OutsideOff,None,FrontFoot,Drive,NoMovement,Round,Medium,Right,Null,NotReferred,Null,False,False,False,False,False,True,False,False,False,False,False,False,1,0,0,0,0,False,False,,,,,,,
1611289,18,9.11,12,1,0,164,3,12,75569,40156,Major League Cricket 2026,2,1294,San Francisco Unicorns,1292,Los Angeles Knight Riders,8583708,2026-07-16T00:55:33Z,3,105,False,2629,Shadley van Schalkwyk,1080,Matt Short,2118,Aaron Hardie,269.0,180.0,Right,,4,0,4,4,HalfVolley,OutsideOff,WellTimed,FrontFoot,Drive,NoMovement,Round,Medium,Right,Null,NotReferred,Null,False,False,False,False,False,True,False,False,False,False,False,False,4,0,0,0,0,True,False,,,,,,,
1611289,18,9.11,12,1,0,164,3,12,75569,40156,Major League Cricket 2026,2,1294,San Francisco Unicorns,1292,Los Angeles Knight Riders,8583709,2026-07-16T00:56:05Z,4,106,False,2629,Shadley van Schalkwyk,1080,Matt Short,2118,Aaron Hardie,247.0,149.0,Right,Long Off,2,0,2,2,FullToss,Wide,MisTimed,FrontFoot,Drive,NoMovement,Round,Medium,Right,Null,NotReferred,Null,False,False,False,False,False,True,False,False,False,False,False,False,2,0,0,0,0,False,False,,,,,,,
1611289,18,9.11,12,1,0,164,3,12,75569,40156,Major League Cricket 2026,2,1294,San Francisco Unicorns,1292,Los Angeles Knight Riders,8583710,2026-07-16T00:56:41Z,5,107,False,2629,Shadley van Schalkwyk,1080,Matt Short,2118,Aaron Hardie,0.0,0.0,Right,Wicketkeeper,1,1,1,0,Yorker,Wide,Missed,BackFoot,Cut,NoMovement,Round,Medium,Right,Null,NotReferred,Null,True,False,False,False,False,True,False,False,False,False,False,False,1,0,1,0,0,False,False,,,,,,,
1611289,18,9.11,12,1,0,164,3,12,75569,40156,Major League Cricket 2026,2,1294,San Francisco Unicorns,1292,Los Angeles Knight Riders,8583711,2026-07-16T00:57:46Z,5,108,False,2629,Shadley van Schalkwyk,1080,Matt Short,2118,Aaron Hardie,321.0,139.0,Right,Deep Mid Wicket,2,0,2,2,HalfVolley,OffStump,None,FrontFoot,Flick,NoMovement,Round,Medium,Right,Null,NotReferred,Null,False,False,False,False,False,True,False,False,False,False,False,False,2,0,0,0,0,False,False,,,,,,,
1611289,18,9.11,12,1,0,164,3,12,75569,40156,Major League Cricket 2026,2,1294,San Francisco Unicorns,1292,Los Angeles Knight Riders,8583712,2026-07-16T00:58:19Z,6,109,False,2629,Shadley van Schalkwyk,1080,Matt Short,2118,Aaron Hardie,0.0,0.0,Right,Wicketkeeper,1,1,1,0,Yorker,Wide,Left,NoMovement,Leave,NoMovement,Round,Medium,Right,Null,NotReferred,Null,True,False,False,False,False,True,False,False,False,False,False,False,1,0,1,0,0,False,False,,,,,,,
1611289,18,9.11,12,1,0,164,3,12,75569,40156,Major League Cricket 2026,2,1294,San Francisco Unicorns,1292,Los Angeles Knight Riders,8583713,2026-07-16T00:58:47Z,6,110,False,2629,Shadley van Schalkwyk,1080,Matt Short,2118,Aaron Hardie,311.0,144.0,Right,Deep Mid Wicket,1,0,1,1,Yorker,OffStump,None,FrontFoot,Flick,NoMovement,Round,Medium,Right,Null,NotReferred,Null,False,False,False,False,False,True,False,False,False,False,False,False,1,0,0,0,0,False,False,,,,,,,
1611290,19,8.95,6,0,0,170,3,6,75569,40156,Major League Cricket 2026,2,1294,San Francisco Unicorns,1292,Los Angeles Knight Riders,8583714,2026-07-16T00:59:58Z,1,111,False,1485,Andre Russell,1080,Matt Short,2118,Aaron Hardie,224.0,134.0,Right,Deep Extra Cover,1,0,1,1,HalfVolley,OutsideOff,None,FrontFoot,Drive,NoMovement,Round,FastSeam,Right,Null,NotReferred,Null,False,False,False,False,False,True,False,False,False,False,False,False,1,0,0,0,0,False,False,,,,,,,
1611290,19,8.95,6,0,0,170,3,6,75569,40156,Major League Cricket 2026,2,1294,San Francisco Unicorns,1292,Los Angeles Knight Riders,8583715,2026-07-16T01:00:37Z,2,112,False,1485,Andre Russell,2118,Aaron Hardie,1080,Matt Short,171.0,49.0,Right,Backward Point,1,0,1,1,Yorker,OutsideOff,MisTimed,BackFoot,Steer,NoMovement,Round,FastSeam,Right,Null,NotReferred,Null,False,False,False,False,False,True,False,False,False,False,False,False,1,0,0,0,0,False,False,,,,,,,
1611290,19,8.95,6,0,0,170,3,6,75569,40156,Major League Cricket 2026,2,1294,San Francisco Unicorns,1292,Los Angeles Knight Riders,8583716,2026-07-16T01:01:23Z,3,113,False,1485,Andre Russell,1080,Matt Short,2118,Aaron Hardie,294.0,138.0,Right,Long On,1,0,1,1,FullToss,OutsideOff,BottomEdge,FrontFoot,Slog,NoMovement,Round,FastSeam,Right,Null,NotReferred,Null,False,False,False,False,False,True,False,False,False,False,False,False,1,0,0,0,0,False,False,,,,,,,
1611290,19,8.95,6,0,0,170,3,6,75569,40156,Major League Cricket 2026,2,1294,San Francisco Unicorns,1292,Los Angeles Knight Riders,8583717,2026-07-16T01:02:00Z,4,114,False,1485,Andre Russell,2118,Aaron Hardie,1080,Matt Short,,,Right,Bowler,0,0,0,0,Yorker,OutsideOff,MisTimed,FrontFoot,Slog,NoMovement,Round,FastSeam,Right,Null,NotReferred,Null,False,False,False,False,False,True,False,False,False,False,False,False,0,0,0,0,0,False,False,,,,,,,
1611290,19,8.95,6,0,0,170,3,6,75569,40156,Major League Cricket 2026,2,1294,San Francisco Unicorns,1292,Los Angeles Knight Riders,8583718,2026-07-16T01:02:43Z,5,115,False,1485,Andre Russell,2118,Aaron Hardie,1080,Matt Short,273.0,165.0,Right,Long On,2,0,2,2,HalfVolley,OutsideOff,None,FrontFoot,Drive,NoMovement,Round,FastSeam,Right,Null,NotReferred,Null,False,False,False,False,False,True,False,False,False,False,False,False,2,0,0,0,0,False,False,,,,,,,
1611290,19,8.95,6,0,0,170,3,6,75569,40156,Major League Cricket 2026,2,1294,San Francisco Unicorns,1292,Los Angeles Knight Riders,8583719,2026-07-16T01:03:33Z,6,116,False,1485,Andre Russell,2118,Aaron Hardie,1080,Matt Short,,,Right,Wicketkeeper,1,0,1,1,Yorker,OutsideOff,BottomEdge,FrontFoot,Slog,NoMovement,Round,FastSeam,Right,Null,NotReferred,Null,False,False,False,False,False,True,False,False,False,False,False,False,1,0,0,0,0,False,False,,,,,,,
1611291,20,9.0,10,1,0,180,4,10,75569,40156,Major League Cricket 2026,2,1294,San Francisco Unicorns,1292,Los Angeles Knight Riders,8583720,2026-07-16T01:04:55Z,1,117,False,2629,Shadley van Schalkwyk,2118,Aaron Hardie,1080,Matt Short,0.0,0.0,Right,Wicketkeeper,1,1,1,0,HalfVolley,Wide,Left,NoMovement,Leave,NoMovement,Round,Medium,Right,Null,NotReferred,Null,True,False,False,False,False,True,False,False,False,False,False,False,1,0,1,0,0,False,False,,,,,,,
1611291,20,9.0,10,1,0,180,4,10,75569,40156,Major League Cricket 2026,2,1294,San Francisco Unicorns,1292,Los Angeles Knight Riders,8583721,2026-07-16T01:05:23Z,1,118,False,2629,Shadley van Schalkwyk,2118,Aaron Hardie,1080,Matt Short,243.0,153.0,Right,Long Off,1,0,1,1,Yorker,OutsideOff,None,FrontFoot,Drive,NoMovement,Round,Medium,Right,Null,NotReferred,Null,False,False,False,False,False,True,False,False,False,False,False,False,1,0,0,0,0,False,False,,,,,,,
1611291,20,9.0,10,1,0,180,4,10,75569,40156,Major League Cricket 2026,2,1294,San Francisco Unicorns,1292,Los Angeles Knight Riders,8583722,2026-07-16T01:05:55Z,2,119,False,2629,Shadley van Schalkwyk,1080,Matt Short,2118,Aaron Hardie,249.0,154.0,Right,Long Off,1,0,1,1,Yorker,OutsideOff,None,FrontFoot,Drive,NoMovement,Round,Medium,Right,Null,NotReferred,Null,False,False,False,False,False,True,False,False,False,False,False,False,1,0,0,0,0,False,False,,,,,,,
1611291,20,9.0,10,1,0,180,4,10,75569,40156,Major League Cricket 2026,2,1294,San Francisco Unicorns,1292,Los Angeles Knight Riders,8583723,2026-07-16T01:06:32Z,3,120,True,2629,Shadley van Schalkwyk,2118,Aaron Hardie,1080,Matt Short,247.0,155.0,Right,Long Off,0,0,0,0,FullToss,OutsideOff,MisTimed,FrontFoot,Drive,NoMovement,Round,Medium,Right,Null,NotReferred,Null,False,False,False,False,False,True,False,False,False,False,False,False,0,0,0,0,0,False,True,Caught,2118.0,Aaron Hardie,Caught,Caught,,
1611291,20,9.0,10,1,0,180,4,10,75569,40156,Major League Cricket 2026,2,1294,San Francisco Unicorns,1292,Los Angeles Knight Riders,8583724,2026-07-16T01:08:02Z,4,121,False,2629,Shadley van Schalkwyk,3070,Hassan Khan,1080,Matt Short,316.0,177.0,Right,,6,0,6,6,FullToss,OutsideOff,WellTimed,FrontFoot,Slog,NoMovement,Round,Medium,Right,Null,NotReferred,Null,False,False,False,False,True,True,False,False,False,False,False,False,6,0,0,0,0,True,False,,,,,,,
1611291,20,9.0,10,1,0,180,4,10,75569,40156,Major League Cricket 2026,2,1294,San Francisco Unicorns,1292,Los Angeles Knight Riders,8583725,2026-07-16T01:09:41Z,5,122,False,2629,Shadley van Schalkwyk,3070,Hassan Khan,1080,Matt Short,281.0,165.0,Right,Long On,1,0,1,1,HalfVolley,OutsideOff,None,FrontFoot,Drive,NoMovement,Round,Medium,Right,Null,NotReferred,Null,False,False,False,False,False,True,False,False,False,False,False,False,1,0,0,0,0,False,False,,,,,,,
1611291,20,9.0,10,1,0,180,4,10,75569,40156,Major League Cricket 2026,2,1294,San Francisco Unicorns,1292,Los Angeles Knight Riders,8583726,2026-07-16T01:10:59Z,6,123,False,2629,Shadley van Schalkwyk,1080,Matt Short,3070,Hassan Khan,291.0,171.0,Right,Long On,0,0,0,0,HalfVolley,OffStump,MisTimed,FrontFoot,Slog,NoMovement,Over,Medium,Right,Null,NotReferred,Null,False,False,False,False,False,True,False,False,False,False,False,False,0,0,0,0,0,False,True,,,,,,,
