over_id,over_overNumber,over_runrate,over_runsConceded,over_wickets,over_runsExtras,over_totalInningRuns,over_totalInningWickets,over_totalRuns,id,matchName,fixtureId,fixtureName,inningNumber,battingTeamId,battingTeamName,bowlingTeamId,bowlingTeamName,ball_id,ballDateTime,ballNumber,totalBallNumber,isWicket,bowlerPlayerId,bowlerPlayerName,battingPlayerId,battingPlayerName,nonStrikeBattingPlayerId,nonStrikeBattingPlayerName,shotAngle,shotMagnitude,battingHandId,fieldingPosition,runsConceded,extras,runs,runsScored,lengthTypeId,lineTypeId,battingConnectionId,battingFeetId,battingShotTypeId,bowlingDetailId,bowlingFromId,bowlingTypeId,bowlingHandId,outcomeId,referralOutcomeId,noBallReasonId,isWide,isNoBall,isByes,isLegByes,isAirControlled,isAppeal,isFreeHit,isNewBall,isPowerPlay,isBattingPowerPlay,isFloodLit,isReferred,teamRuns,runsByes,runsWide,runsLegByes,noBallsCount,isBoundry,isAirNotControlled,dismissalTypeId,dismissalPlayerId,dismissalPlayerName,dismissalType,appealDismissalTypeId,decisionOfficialId
1651506,2,1.0,0,0,0,2,0,0,76620,,39987,South Africa v Australia ODIs 2026 - Men,1,21,South Africa Men,23,Australia Men,8834792,2026-09-24T08:09:55Z,1,7,False,1185,Josh Hazlewood,2623,Tony de Zorzi,729,Quinton de Kock,,,Left,Wicketkeeper,0,0,0,0,BackOfALength,OffStump,ShouldersArms,NoMovement,ShouldersArms,NoMovement,Over,FastSeam,Right,Null,NotReferred,Null,False,False,False,False,False,True,False,True,True,False,False,False,0,0,0,0,0,False,False,,,,,,
1651506,2,1.0,0,0,0,2,0,0,76620,,39987,South Africa v Australia ODIs 2026 - Men,1,21,South Africa Men,23,Australia Men,8834796,2026-09-24T08:10:40Z,2,8,False,1185,Josh Hazlewood,2623,Tony de Zorzi,729,Quinton de Kock,41.0,61.0,Left,Gully,0,0,0,0,BackOfALength,OffStump,None,BackFoot,Steer,NoMovement,Over,FastSeam,Right,Null,NotReferred,Null,False,False,False,False,False,True,False,False,True,False,False,False,0,0,0,0,0,False,False,,,,,,
1651506,2,1.0,0,0,0,2,0,0,76620,,39987,South Africa v Australia ODIs 2026 - Men,1,21,South Africa Men,23,Australia Men,8834799,2026-09-24T08:11:19Z,3,9,False,1185,Josh Hazlewood,2623,Tony de Zorzi,729,Quinton de Kock,267.0,27.0,Left,Mid On,0,0,0,0,BackOfALength,MiddleStump,HitPad,BackFoot,Worked,NoMovement,Over,FastSeam,Right,Null,NotReferred,Null,False,False,False,False,False,True,False,False,True,False,False,False,0,0,0,0,0,False,False,,,,,,
1651506,2,1.0,0,0,0,2,0,0,76620,,39987,South Africa v Australia ODIs 2026 - Men,1,21,South Africa Men,23,Australia Men,8834801,2026-09-24T08:11:54Z,4,10,False,1185,Josh Hazlewood,2623,Tony de Zorzi,729,Quinton de Kock,319.0,47.0,Left,Extra Cover,0,0,0,0,BackOfALength,MiddleStump,None,BackFoot,Worked,NoMovement,Over,FastSeam,Right,Null,NotReferred,Null,False,False,False,False,False,True,False,False,True,False,False,False,0,0,0,0,0,False,False,,,,,,
1651506,2,1.0,0,0,0,2,0,0,76620,,39987,South Africa v Australia ODIs 2026 - Men,1,21,South Africa Men,23,Australia Men,8834803,2026-09-24T08:12:31Z,5,11,False,1185,Josh Hazlewood,2623,Tony de Zorzi,729,Quinton de Kock,54.0,48.0,Left,Gully,0,0,0,0,BackOfALength,OffStump,None,BackFoot,Steer,NoMovement,Over,FastSeam,Right,Null,NotReferred,Null,False,False,False,False,False,True,False,False,True,False,False,False,0,0,0,0,0,False,False,,,,,,
1651506,2,1.0,0,0,0,2,0,0,76620,,39987,South Africa v Australia ODIs 2026 - Men,1,21,South Africa Men,23,Australia Men,8834805,2026-09-24T08:13:11Z,6,12,False,1185,Josh Hazlewood,2623,Tony de Zorzi,729,Quinton de Kock,0.0,0.0,Left,Bowler,0,0,0,0,BackOfALength,MiddleStump,HitPad,BackFoot,Worked,NoMovement,Over,FastSeam,Right,Null,NotReferred,Null,False,False,False,False,False,True,False,False,True,False,False,False,0,0,0,0,0,False,False,,,,,,
1651509,3,2.0,4,0,0,6,0,4,76620,,39987,South Africa v Australia ODIs 2026 - Men,1,21,South Africa Men,23,Australia Men,8834809,2026-09-24T08:14:23Z,1,13,False,724,Mitchell Starc,729,Quinton de Kock,2623,Tony de Zorzi,334.0,77.0,Left,Cover,0,0,0,0,LengthBall,OffStump,None,BackFoot,Pushed,NoMovement,Over,FastSeam,Left,Null,NotReferred,Null,False,False,False,False,False,True,False,False,True,False,False,False,0,0,0,0,0,False,False,,,,,,
1651509,3,2.0,4,0,0,6,0,4,76620,,39987,South Africa v Australia ODIs 2026 - Men,1,21,South Africa Men,23,Australia Men,8834811,2026-09-24T08:15:01Z,2,14,False,724,Mitchell Starc,729,Quinton de Kock,2623,Tony de Zorzi,,,Left,Wicketkeeper,0,0,0,0,LengthBall,OutsideOff,Missed,FrontFoot,Drive,NoMovement,Over,FastSeam,Left,Null,NotReferred,Null,False,False,False,False,False,True,False,False,True,False,False,False,0,0,0,0,0,False,False,,,,,,
1651509,3,2.0,4,0,0,6,0,4,76620,,39987,South Africa v Australia ODIs 2026 - Men,1,21,South Africa Men,23,Australia Men,8834812,2026-09-24T08:15:40Z,3,15,False,724,Mitchell Starc,729,Quinton de Kock,2623,Tony de Zorzi,230.0,23.0,Left,Mid Wicket,0,0,0,0,HalfVolley,LegStump,HitPad,FrontFoot,Flick,NoMovement,Over,FastSeam,Left,Null,NotReferred,Null,False,False,False,False,False,True,False,False,True,False,False,False,0,0,0,0,0,False,False,,,,,,
1651509,3,2.0,4,0,0,6,0,4,76620,,39987,South Africa v Australia ODIs 2026 - Men,1,21,South Africa Men,23,Australia Men,8834815,2026-09-24T08:16:21Z,4,16,False,724,Mitchell Starc,729,Quinton de Kock,2623,Tony de Zorzi,185.0,65.0,Left,Square Leg,0,0,0,0,HalfVolley,MiddleStump,None,FrontFoot,Flick,AwaySwinger,Over,FastSeam,Left,Null,NotReferred,Null,False,False,False,False,False,True,False,False,True,False,False,False,0,0,0,0,0,False,False,,,,,,
1651509,3,2.0,4,0,0,6,0,4,76620,,39987,South Africa v Australia ODIs 2026 - Men,1,21,South Africa Men,23,Australia Men,8834819,2026-09-24T08:17:01Z,5,17,False,724,Mitchell Starc,729,Quinton de Kock,2623,Tony de Zorzi,98.0,160.0,Left,,4,0,4,4,BackOfALength,OutsideOff,WellTimed,BackFoot,UpperCut,NoMovement,Over,FastSeam,Left,Null,NotReferred,Null,False,False,False,False,True,True,False,False,True,False,False,False,4,0,0,0,0,True,False,,,,,,
1651509,3,2.0,4,0,0,6,0,4,76620,,39987,South Africa v Australia ODIs 2026 - Men,1,21,South Africa Men,23,Australia Men,8834820,2026-09-24T08:17:55Z,6,18,False,724,Mitchell Starc,729,Quinton de Kock,2623,Tony de Zorzi,,,Left,Bowler,0,0,0,0,HalfVolley,OutsideOff,MisTimed,FrontFoot,Drive,AwaySwinger,Over,FastSeam,Left,Null,NotReferred,Null,False,False,False,False,False,True,False,False,True,False,False,False,0,0,0,0,0,False,False,,,,,,
1651512,4,2.25,3,1,0,9,1,3,76620,,39987,South Africa v Australia ODIs 2026 - Men,1,21,South Africa Men,23,Australia Men,8834828,2026-09-24T08:18:49Z,1,19,True,1185,Josh Hazlewood,2623,Tony de Zorzi,729,Quinton de Kock,81.0,60.0,Left,First Slip,0,0,0,0,HalfVolley,MiddleStump,OutsideEdge,FrontFoot,Drive,NoMovement,Over,FastSeam,Right,Null,NotReferred,Null,False,False,False,False,False,True,False,False,True,False,False,False,0,0,0,0,0,False,True,Caught,2623.0,Tony de Zorzi,Caught,Caught,1874.0
1651512,4,2.25,3,1,0,9,1,3,76620,,39987,South Africa v Australia ODIs 2026 - Men,1,21,South Africa Men,23,Australia Men,8834835,2026-09-24T08:21:24Z,2,20,False,1185,Josh Hazlewood,1748,Temba Bavuma,729,Quinton de Kock,206.0,42.0,Right,Cover,1,0,1,1,LengthBall,OutsideOff,None,BackFoot,Dropped,NoMovement,Over,FastSeam,Right,Null,NotReferred,Null,False,False,False,False,False,True,False,False,True,False,False,False,1,0,0,0,0,False,False,,,,,,
1651512,4,2.25,3,1,0,9,1,3,76620,,39987,South Africa v Australia ODIs 2026 - Men,1,21,South Africa Men,23,Australia Men,8834838,2026-09-24T08:22:14Z,3,21,False,1185,Josh Hazlewood,729,Quinton de Kock,1748,Temba Bavuma,350.0,19.0,Left,Cover,1,0,1,1,LengthBall,DownLeg,None,BackFoot,Dropped,NoMovement,Over,FastSeam,Right,Null,NotReferred,Null,False,False,False,False,False,True,False,False,True,False,False,False,1,0,0,0,0,False,False,,,,,,
1651512,4,2.25,3,1,0,9,1,3,76620,,39987,South Africa v Australia ODIs 2026 - Men,1,21,South Africa Men,23,Australia Men,8834840,2026-09-24T08:22:53Z,4,22,False,1185,Josh Hazlewood,1748,Temba Bavuma,729,Quinton de Kock,,,Right,Wicketkeeper,0,0,0,0,BackOfALength,OutsideOff,Left,SwayedAway,Leave,NoMovement,Over,FastSeam,Right,Null,NotReferred,Null,False,False,False,False,False,True,False,False,True,False,False,False,0,0,0,0,0,False,False,,,,,,
1651512,4,2.25,3,1,0,9,1,3,76620,,39987,South Africa v Australia ODIs 2026 - Men,1,21,South Africa Men,23,Australia Men,8834843,2026-09-24T08:23:32Z,5,23,False,1185,Josh Hazlewood,1748,Temba Bavuma,729,Quinton de Kock,,,Right,Wicketkeeper,0,0,0,0,LengthBall,OutsideOff,Missed,FrontFoot,ForwardDefensive,NoMovement,Over,FastSeam,Right,Null,NotReferred,Null,False,False,False,False,False,True,False,False,True,False,False,False,0,0,0,0,0,False,False,,,,,,
1651512,4,2.25,3,1,0,9,1,3,76620,,39987,South Africa v Australia ODIs 2026 - Men,1,21,South Africa Men,23,Australia Men,8834851,2026-09-24T08:24:09Z,6,24,False,1185,Josh Hazlewood,1748,Temba Bavuma,729,Quinton de Kock,109.0,127.0,Right,Third Man,0,1,1,0,LengthBall,OutsideOff,HitPad,BackFoot,BackwardDefensive,SeamIn,Over,FastSeam,Right,Null,NotOutReviewLost,Null,False,False,False,True,False,True,False,False,True,False,False,True,1,0,0,1,0,False,False,,,,,Lbw,1874.0
1651516,5,2.8,5,0,0,14,1,5,76620,,39987,South Africa v Australia ODIs 2026 - Men,1,21,South Africa Men,23,Australia Men,8834856,2026-09-24T08:27:12Z,1,25,False,724,Mitchell Starc,1748,Temba Bavuma,729,Quinton de Kock,,,Right,Wicketkeeper,0,0,0,0,LengthBall,OutsideOff,Missed,FrontFoot,Drive,NoMovement,Over,FastSeam,Left,Null,NotReferred,Null,False,False,False,False,False,True,False,False,True,False,False,False,0,0,0,0,0,False,False,,,,,,
1651516,5,2.8,5,0,0,14,1,5,76620,,39987,South Africa v Australia ODIs 2026 - Men,1,21,South Africa Men,23,Australia Men,8834858,2026-09-24T08:27:51Z,2,26,False,724,Mitchell Starc,1748,Temba Bavuma,729,Quinton de Kock,,,Right,Wicketkeeper,0,0,0,0,HalfVolley,OutsideOff,Missed,FrontFoot,Drive,NoMovement,Over,FastSeam,Left,Null,NotReferred,Null,False,False,False,False,False,True,False,False,True,False,False,False,0,0,0,0,0,False,False,,,,,,
1651516,5,2.8,5,0,0,14,1,5,76620,,39987,South Africa v Australia ODIs 2026 - Men,1,21,South Africa Men,23,Australia Men,8834860,2026-09-24T08:28:30Z,3,27,False,724,Mitchell Starc,1748,Temba Bavuma,729,Quinton de Kock,,,Right,Wicketkeeper,0,0,0,0,BackOfALength,LegStump,Left,SwayedAway,Leave,NoMovement,Over,FastSeam,Left,Null,NotReferred,Null,False,False,False,False,False,True,False,False,True,False,False,False,0,0,0,0,0,False,False,,,,,,
1651516,5,2.8,5,0,0,14,1,5,76620,,39987,South Africa v Australia ODIs 2026 - Men,1,21,South Africa Men,23,Australia Men,8834864,2026-09-24T08:29:07Z,4,28,False,724,Mitchell Starc,1748,Temba Bavuma,729,Quinton de Kock,219.0,176.0,Right,,4,0,4,4,LengthBall,OffStump,WellTimed,FrontFoot,Drive,NoMovement,Over,FastSeam,Left,Null,NotReferred,Null,False,False,False,False,True,True,False,False,True,False,False,False,4,0,0,0,0,True,False,,,,,,
1651516,5,2.8,5,0,0,14,1,5,76620,,39987,South Africa v Australia ODIs 2026 - Men,1,21,South Africa Men,23,Australia Men,8834867,2026-09-24T08:30:06Z,5,29,False,724,Mitchell Starc,1748,Temba Bavuma,729,Quinton de Kock,329.0,56.0,Right,Mid Wicket,0,0,0,0,LengthBall,DownLeg,None,BackFoot,Worked,NoMovement,Over,FastSeam,Left,Null,NotReferred,Null,False,False,False,False,False,True,False,False,True,False,False,False,0,0,0,0,0,False,False,,,,,,
1651516,5,2.8,5,0,0,14,1,5,76620,,39987,South Africa v Australia ODIs 2026 - Men,1,21,South Africa Men,23,Australia Men,8834870,2026-09-24T08:30:46Z,6,30,False,724,Mitchell Starc,1748,Temba Bavuma,729,Quinton de Kock,62.0,103.0,Right,Fine Leg,0,1,1,0,HalfVolley,DownLeg,HitPad,FrontFoot,Flick,InSwinger,Over,FastSeam,Left,Null,NotReferred,Null,False,False,False,True,False,True,False,False,True,False,False,False,1,0,0,1,0,False,False,,,,,,
1651520,6,3.5,7,0,0,21,1,7,76620,,39987,South Africa v Australia ODIs 2026 - Men,1,21,South Africa Men,23,Australia Men,8834877,2026-09-24T08:32:16Z,1,31,False,1185,Josh Hazlewood,1748,Temba Bavuma,729,Quinton de Kock,342.0,47.0,Right,Square Leg,0,0,0,0,LengthBall,OutsideOff,None,BackFoot,Worked,NoMovement,Over,FastSeam,Right,Null,NotReferred,Null,False,False,False,False,False,True,False,False,True,False,False,False,0,0,0,0,0,False,False,,,,,,
1651520,6,3.5,7,0,0,21,1,7,76620,,39987,South Africa v Australia ODIs 2026 - Men,1,21,South Africa Men,23,Australia Men,8834884,2026-09-24T08:32:51Z,2,32,False,1185,Josh Hazlewood,1748,Temba Bavuma,729,Quinton de Kock,173.0,60.0,Right,Backward Point,0,0,0,0,LengthBall,OutsideOff,None,FrontFoot,Steer,NoMovement,Over,FastSeam,Right,Null,NotReferred,Null,False,False,False,False,False,True,False,False,True,False,False,False,0,0,0,0,0,False,False,,,,,,
1651520,6,3.5,7,0,0,21,1,7,76620,,39987,South Africa v Australia ODIs 2026 - Men,1,21,South Africa Men,23,Australia Men,8834887,2026-09-24T08:33:28Z,3,33,False,1185,Josh Hazlewood,1748,Temba Bavuma,729,Quinton de Kock,26.0,25.0,Right,Backward Square Leg,1,0,1,1,Short,OutsideOff,BottomEdge,BackFoot,Pull,NoMovement,Over,FastSeam,Right,Null,NotReferred,Null,False,False,False,False,False,True,False,False,True,False,False,False,1,0,0,0,0,False,False,,,,,,
1651520,6,3.5,7,0,0,21,1,7,76620,,39987,South Africa v Australia ODIs 2026 - Men,1,21,South Africa Men,23,Australia Men,8834890,2026-09-24T08:34:15Z,4,34,False,1185,Josh Hazlewood,729,Quinton de Kock,1748,Temba Bavuma,,,Left,Wicketkeeper,0,0,0,0,LengthBall,OffStump,Missed,FrontFoot,Pushed,NoMovement,Over,FastSeam,Right,Null,NotReferred,Null,False,False,False,False,False,True,False,False,True,False,False,False,0,0,0,0,0,False,False,,,,,,
1651520,6,3.5,7,0,0,21,1,7,76620,,39987,South Africa v Australia ODIs 2026 - Men,1,21,South Africa Men,23,Australia Men,8834895,2026-09-24T08:34:55Z,5,35,False,1185,Josh Hazlewood,729,Quinton de Kock,1748,Temba Bavuma,163.0,167.0,Left,,6,0,6,6,LengthBall,LegStump,WellTimed,FrontFoot,Flick,NoMovement,Over,FastSeam,Right,Null,NotReferred,Null,False,False,False,False,True,True,False,False,True,False,False,False,6,0,0,0,0,True,False,,,,,,
1651520,6,3.5,7,0,0,21,1,7,76620,,39987,South Africa v Australia ODIs 2026 - Men,1,21,South Africa Men,23,Australia Men,8834897,2026-09-24T08:35:47Z,6,36,False,1185,Josh Hazlewood,729,Quinton de Kock,1748,Temba Bavuma,351.0,39.0,Left,Cover,0,0,0,0,HalfVolley,LegStump,HitPad,FrontFoot,Pushed,NoMovement,Over,FastSeam,Right,Null,NotReferred,Null,False,False,False,False,False,True,False,False,True,False,False,False,0,0,0,0,0,False,False,,,,,,
1651523,7,4.14,8,0,0,29,1,8,76620,,39987,South Africa v Australia ODIs 2026 - Men,1,21,South Africa Men,23,Australia Men,8834902,2026-09-24T08:36:49Z,1,37,False,724,Mitchell Starc,1748,Temba Bavuma,729,Quinton de Kock,,,Right,Wicketkeeper,1,1,1,0,BackOfALength,DownLeg,PlayAndMissLegSide,BackFoot,Flick,NoMovement,Over,FastSeam,Left,Null,NotReferred,Null,True,False,False,False,False,True,False,False,True,False,False,False,1,0,1,0,0,False,False,,,,,,
1651523,7,4.14,8,0,0,29,1,8,76620,,39987,South Africa v Australia ODIs 2026 - Men,1,21,South Africa Men,23,Australia Men,8834903,2026-09-24T08:37:29Z,1,38,False,724,Mitchell Starc,1748,Temba Bavuma,729,Quinton de Kock,,,Right,Wicketkeeper,0,0,0,0,LengthBall,OutsideOff,Left,BackFoot,Steer,NoMovement,Over,FastSeam,Left,Null,NotReferred,Null,False,False,False,False,False,True,False,False,True,False,False,False,0,0,0,0,0,False,False,,,,,,
1651523,7,4.14,8,0,0,29,1,8,76620,,39987,South Africa v Australia ODIs 2026 - Men,1,21,South Africa Men,23,Australia Men,8834905,2026-09-24T08:38:12Z,2,39,False,724,Mitchell Starc,1748,Temba Bavuma,729,Quinton de Kock,,,Right,Wicketkeeper,0,0,0,0,LengthBall,OffStump,Missed,FrontFoot,Drive,NoMovement,Over,FastSeam,Left,Null,NotReferred,Null,False,False,False,False,False,True,False,False,True,False,False,False,0,0,0,0,0,False,False,,,,,,
1651523,7,4.14,8,0,0,29,1,8,76620,,39987,South Africa v Australia ODIs 2026 - Men,1,21,South Africa Men,23,Australia Men,8834908,2026-09-24T08:38:54Z,3,40,False,724,Mitchell Starc,1748,Temba Bavuma,729,Quinton de Kock,,,Right,,5,5,5,0,Yorker,DownLeg,PlayAndMissLegSide,FrontFoot,Flick,InSwinger,Over,FastSeam,Left,Null,NotReferred,Null,True,False,False,False,False,True,False,False,True,False,False,False,5,0,5,0,0,False,False,,,,,,
1651523,7,4.14,8,0,0,29,1,8,76620,,39987,South Africa v Australia ODIs 2026 - Men,1,21,South Africa Men,23,Australia Men,8834911,2026-09-24T08:39:44Z,3,41,False,724,Mitchell Starc,1748,Temba Bavuma,729,Quinton de Kock,138.0,61.0,Right,Gully,0,0,0,0,BackOfALength,MiddleStump,None,BackFoot,Steer,NoMovement,Over,FastSeam,Left,Null,NotReferred,Null,False,False,False,False,False,True,False,False,True,False,False,False,0,0,0,0,0,False,False,,,,,,
1651523,7,4.14,8,0,0,29,1,8,76620,,39987,South Africa v Australia ODIs 2026 - Men,1,21,South Africa Men,23,Australia Men,8834914,2026-09-24T08:40:27Z,4,42,False,724,Mitchell Starc,1748,Temba Bavuma,729,Quinton de Kock,178.0,40.0,Right,Backward Point,0,0,0,0,HalfVolley,MiddleStump,None,FrontFoot,ForwardDefensive,NoMovement,Over,FastSeam,Left,Null,NotReferred,Null,False,False,False,False,False,True,False,False,True,False,False,False,0,0,0,0,0,False,False,,,,,,
1651523,7,4.14,8,0,0,29,1,8,76620,,39987,South Africa v Australia ODIs 2026 - Men,1,21,South Africa Men,23,Australia Men,8834917,2026-09-24T08:41:08Z,5,43,False,724,Mitchell Starc,1748,Temba Bavuma,729,Quinton de Kock,270.0,105.0,Right,Long On,1,0,1,1,HalfVolley,OutsideOff,MisTimed,FrontFoot,Drive,NoMovement,Over,FastSeam,Left,Null,NotReferred,Null,False,False,False,False,False,True,False,False,True,False,False,False,1,0,0,0,0,False,False,,,,,,
1651523,7,4.14,8,0,0,29,1,8,76620,,39987,South Africa v Australia ODIs 2026 - Men,1,21,South Africa Men,23,Australia Men,8834921,2026-09-24T08:42:14Z,6,44,False,724,Mitchell Starc,729,Quinton de Kock,1748,Temba Bavuma,233.0,67.0,Left,Mid Wicket,1,0,1,1,HalfVolley,OffStump,None,FrontFoot,Flick,NoMovement,Over,FastSeam,Left,Null,NotReferred,Null,False,False,False,False,False,True,False,False,True,False,False,False,1,0,0,0,0,False,False,,,,,,
1651527,8,4.12,4,1,0,33,2,4,76620,,39987,South Africa v Australia ODIs 2026 - Men,1,21,South Africa Men,23,Australia Men,8834924,2026-09-24T08:43:29Z,1,45,True,3531,Nathan Ellis,729,Quinton de Kock,1748,Temba Bavuma,,,Left,Wicketkeeper,0,0,0,0,BackOfALength,MiddleStump,OutsideEdge,BackFoot,Pushed,AwaySwinger,Over,FastSeam,Right,Null,NotReferred,Null,False,False,False,False,False,True,False,False,True,False,False,False,0,0,0,0,0,False,True,Caught,729.0,Quinton de Kock,Caught,Caught,1874.0
1651527,8,4.12,4,1,0,33,2,4,76620,,39987,South Africa v Australia ODIs 2026 - Men,1,21,South Africa Men,23,Australia Men,8834930,2026-09-24T08:46:04Z,2,46,False,3531,Nathan Ellis,2615,Matthew Breetzke,1748,Temba Bavuma,,,Right,Wicketkeeper,0,0,0,0,BackOfALength,OutsideOff,Missed,BackFoot,SwitchHit,NoMovement,Over,FastSeam,Right,Null,NotReferred,Null,False,False,False,False,False,True,False,False,True,False,False,False,0,0,0,0,0,False,False,,,,,,
1651527,8,4.12,4,1,0,33,2,4,76620,,39987,South Africa v Australia ODIs 2026 - Men,1,21,South Africa Men,23,Australia Men,8834931,2026-09-24T08:46:42Z,3,47,False,3531,Nathan Ellis,2615,Matthew Breetzke,1748,Temba Bavuma,153.0,62.0,Right,Backward Point,0,0,0,0,LengthBall,OutsideOff,None,FrontFoot,ForwardDefensive,NoMovement,Over,FastSeam,Right,Null,NotReferred,Null,False,False,False,False,False,True,False,False,True,False,False,False,0,0,0,0,0,False,False,,,,,,
1651527,8,4.12,4,1,0,33,2,4,76620,,39987,South Africa v Australia ODIs 2026 - Men,1,21,South Africa Men,23,Australia Men,8834933,2026-09-24T08:47:26Z,4,48,False,3531,Nathan Ellis,2615,Matthew Breetzke,1748,Temba Bavuma,289.0,57.0,Right,Mid On,0,0,0,0,LengthBall,OffStump,None,FrontFoot,Pushed,NoMovement,Over,FastSeam,Right,Null,NotReferred,Null,False,False,False,False,False,True,False,False,True,False,False,False,0,0,0,0,0,False,False,,,,,,
1651527,8,4.12,4,1,0,33,2,4,76620,,39987,South Africa v Australia ODIs 2026 - Men,1,21,South Africa Men,23,Australia Men,8834935,2026-09-24T08:48:11Z,5,49,False,3531,Nathan Ellis,2615,Matthew Breetzke,1748,Temba Bavuma,,,Right,Wicketkeeper,0,0,0,0,LengthBall,OutsideOff,Missed,BackFoot,Pushed,NoMovement,Over,FastSeam,Right,Null,NotReferred,Null,False,False,False,False,False,True,False,False,True,False,False,False,0,0,0,0,0,False,False,,,,,,
1651527,8,4.12,4,1,0,33,2,4,76620,,39987,South Africa v Australia ODIs 2026 - Men,1,21,South Africa Men,23,Australia Men,8834938,2026-09-24T08:48:54Z,6,50,False,3531,Nathan Ellis,2615,Matthew Breetzke,1748,Temba Bavuma,268.0,180.0,Right,,4,0,4,4,HalfVolley,OffStump,WellTimed,FrontFoot,Drive,NoMovement,Over,FastSeam,Right,Null,NotReferred,Null,False,False,False,False,False,True,False,False,True,False,False,False,4,0,0,0,0,True,False,,,,,,
1651529,9,4.22,5,0,0,38,2,5,76620,,39987,South Africa v Australia ODIs 2026 - Men,1,21,South Africa Men,23,Australia Men,8834941,2026-09-24T08:50:00Z,1,51,False,1185,Josh Hazlewood,1748,Temba Bavuma,2615,Matthew Breetzke,137.0,48.0,Right,Gully,0,0,0,0,LengthBall,OutsideOff,HitBody,FrontFoot,ForwardDefensive,NoMovement,Over,FastSeam,Right,Null,NotReferred,Null,False,False,False,False,False,True,False,False,True,False,False,False,0,0,0,0,0,False,False,,,,,,
1651529,9,4.22,5,0,0,38,2,5,76620,,39987,South Africa v Australia ODIs 2026 - Men,1,21,South Africa Men,23,Australia Men,8834943,2026-09-24T08:50:44Z,2,52,False,1185,Josh Hazlewood,1748,Temba Bavuma,2615,Matthew Breetzke,324.0,40.0,Right,Mid Wicket,1,0,1,1,BackOfALength,OutsideOff,None,BackFoot,Worked,NoMovement,Over,FastSeam,Right,Null,NotReferred,Null,False,False,False,False,False,True,False,False,True,False,False,False,1,0,0,0,0,False,False,,,,,,
1651529,9,4.22,5,0,0,38,2,5,76620,,39987,South Africa v Australia ODIs 2026 - Men,1,21,South Africa Men,23,Australia Men,8834947,2026-09-24T08:51:36Z,3,53,False,1185,Josh Hazlewood,2615,Matthew Breetzke,1748,Temba Bavuma,149.0,34.0,Right,Gully,0,0,0,0,LengthBall,OutsideOff,HitBody,FrontFoot,ForwardDefensive,NoMovement,Over,FastSeam,Right,Null,NotReferred,Null,False,False,False,False,False,True,False,False,True,False,False,False,0,0,0,0,0,False,False,,,,,,
1651529,9,4.22,5,0,0,38,2,5,76620,,39987,South Africa v Australia ODIs 2026 - Men,1,21,South Africa Men,23,Australia Men,8834949,2026-09-24T08:52:15Z,4,54,False,1185,Josh Hazlewood,2615,Matthew Breetzke,1748,Temba Bavuma,0.0,0.0,Right,Bowler,0,0,0,0,LengthBall,OutsideOff,None,FrontFoot,ForwardDefensive,NoMovement,Over,FastSeam,Right,Null,NotReferred,Null,False,False,False,False,False,True,False,False,True,False,False,False,0,0,0,0,0,False,False,,,,,,
1651529,9,4.22,5,0,0,38,2,5,76620,,39987,South Africa v Australia ODIs 2026 - Men,1,21,South Africa Men,23,Australia Men,8834951,2026-09-24T08:52:52Z,5,55,False,1185,Josh Hazlewood,2615,Matthew Breetzke,1748,Temba Bavuma,170.0,168.0,Right,,4,0,4,4,LengthBall,OutsideOff,WellTimed,BackFoot,Drive,NoMovement,Over,FastSeam,Right,Null,NotReferred,Null,False,False,False,False,False,True,False,False,True,False,False,False,4,0,0,0,0,True,False,,,,,,
1651529,9,4.22,5,0,0,38,2,5,76620,,39987,South Africa v Australia ODIs 2026 - Men,1,21,South Africa Men,23,Australia Men,8834954,2026-09-24T08:53:38Z,6,56,False,1185,Josh Hazlewood,2615,Matthew Breetzke,1748,Temba Bavuma,204.0,26.0,Right,Cover,0,0,0,0,LengthBall,OutsideOff,None,FrontFoot,ForwardDefensive,NoMovement,Over,FastSeam,Right,Null,NotReferred,Null,False,False,False,False,False,True,False,False,True,False,False,False,0,0,0,0,0,False,False,,,,,,
1651532,10,4.0,2,0,0,40,2,2,76620,,39987,South Africa v Australia ODIs 2026 - Men,1,21,South Africa Men,23,Australia Men,8834958,2026-09-24T08:54:42Z,1,57,False,3531,Nathan Ellis,1748,Temba Bavuma,2615,Matthew Breetzke,,,Right,Wicketkeeper,0,0,0,0,LengthBall,OutsideOff,Left,FrontFoot,Leave,NoMovement,Over,FastSeam,Right,Null,NotReferred,Null,False,False,False,False,False,True,False,False,True,False,False,False,0,0,0,0,0,False,False,,,,,,
1651532,10,4.0,2,0,0,40,2,2,76620,,39987,South Africa v Australia ODIs 2026 - Men,1,21,South Africa Men,23,Australia Men,8834960,2026-09-24T08:55:11Z,2,58,False,3531,Nathan Ellis,1748,Temba Bavuma,2615,Matthew Breetzke,223.0,70.0,Right,Extra Cover,1,0,1,1,HalfVolley,OutsideOff,None,FrontFoot,Drive,NoMovement,Over,FastSeam,Right,Null,NotReferred,Null,False,False,False,False,False,True,False,False,True,False,False,False,1,0,0,0,0,False,False,,,,,,
1651532,10,4.0,2,0,0,40,2,2,76620,,39987,South Africa v Australia ODIs 2026 - Men,1,21,South Africa Men,23,Australia Men,8834962,2026-09-24T08:55:53Z,3,59,False,3531,Nathan Ellis,2615,Matthew Breetzke,1748,Temba Bavuma,306.0,81.0,Right,Mid Wicket,1,0,1,1,HalfVolley,MiddleStump,MisTimed,FrontFoot,Drive,NoMovement,Over,FastSeam,Right,Null,NotReferred,Null,False,False,False,False,False,True,False,False,True,False,False,False,1,0,0,0,0,False,False,,,,,,
1651532,10,4.0,2,0,0,40,2,2,76620,,39987,South Africa v Australia ODIs 2026 - Men,1,21,South Africa Men,23,Australia Men,8834964,2026-09-24T08:56:29Z,4,60,False,3531,Nathan Ellis,1748,Temba Bavuma,2615,Matthew Breetzke,211.0,53.0,Right,Extra Cover,0,0,0,0,LengthBall,OutsideOff,None,FrontFoot,Drive,NoMovement,Over,FastSeam,Right,Null,NotReferred,Null,False,False,False,False,False,True,False,False,True,False,False,False,0,0,0,0,0,False,False,,,,,,
1651532,10,4.0,2,0,0,40,2,2,76620,,39987,South Africa v Australia ODIs 2026 - Men,1,21,South Africa Men,23,Australia Men,8834967,2026-09-24T08:57:09Z,5,61,False,3531,Nathan Ellis,1748,Temba Bavuma,2615,Matthew Breetzke,193.0,36.0,Right,Cover,0,0,0,0,LengthBall,OutsideOff,None,FrontFoot,Dropped,NoMovement,Over,FastSeam,Right,Null,NotReferred,Null,False,False,False,False,False,True,False,False,True,False,False,False,0,0,0,0,0,False,False,,,,,,
1651532,10,4.0,2,0,0,40,2,2,76620,,39987,South Africa v Australia ODIs 2026 - Men,1,21,South Africa Men,23,Australia Men,8834970,2026-09-24T08:57:52Z,6,62,False,3531,Nathan Ellis,1748,Temba Bavuma,2615,Matthew Breetzke,232.0,71.0,Right,Extra Cover,0,0,0,0,HalfVolley,OutsideOff,None,FrontFoot,Drive,NoMovement,Over,FastSeam,Right,Null,NotReferred,Null,False,False,False,False,False,True,False,False,True,False,False,False,0,0,0,0,0,False,False,,,,,,
1651535,11,4.0,4,0,0,44,2,4,76620,,39987,South Africa v Australia ODIs 2026 - Men,1,21,South Africa Men,23,Australia Men,8834973,2026-09-24T08:59:02Z,1,63,False,1185,Josh Hazlewood,2615,Matthew Breetzke,1748,Temba Bavuma,177.0,56.0,Right,Backward Point,1,0,1,1,LengthBall,OutsideOff,None,FrontFoot,Steer,NoMovement,Over,FastSeam,Right,Null,NotReferred,Null,False,False,False,False,False,True,False,False,True,False,False,False,1,0,0,0,0,False,False,,,,,,
1651535,11,4.0,4,0,0,44,2,4,76620,,39987,South Africa v Australia ODIs 2026 - Men,1,21,South Africa Men,23,Australia Men,8834974,2026-09-24T08:59:45Z,2,64,False,1185,Josh Hazlewood,1748,Temba Bavuma,2615,Matthew Breetzke,125.0,135.0,Right,Third Man,1,0,1,1,LengthBall,OutsideOff,None,FrontFoot,Steer,NoMovement,Over,FastSeam,Right,Null,NotReferred,Null,False,False,False,False,False,True,False,False,True,False,False,False,1,0,0,0,0,False,False,,,,,,
1651535,11,4.0,4,0,0,44,2,4,76620,,39987,South Africa v Australia ODIs 2026 - Men,1,21,South Africa Men,23,Australia Men,8834976,2026-09-24T09:00:25Z,3,65,False,1185,Josh Hazlewood,2615,Matthew Breetzke,1748,Temba Bavuma,207.0,56.0,Right,Cover,1,0,1,1,LengthBall,OutsideOff,None,BackFoot,ForwardDefensive,NoMovement,Over,FastSeam,Right,Null,NotReferred,Null,False,False,False,False,False,True,False,False,True,False,False,False,1,0,0,0,0,False,False,,,,,,
1651535,11,4.0,4,0,0,44,2,4,76620,,39987,South Africa v Australia ODIs 2026 - Men,1,21,South Africa Men,23,Australia Men,8834979,2026-09-24T09:01:21Z,4,66,False,1185,Josh Hazlewood,1748,Temba Bavuma,2615,Matthew Breetzke,,,Right,Wicketkeeper,0,0,0,0,Short,OutsideOff,Missed,BackFoot,Hook,NoMovement,Over,FastSeam,Right,Null,NotReferred,Null,False,False,False,False,False,True,False,False,True,False,False,False,0,0,0,0,0,False,False,,,,,Caught,2088.0
1651535,11,4.0,4,0,0,44,2,4,76620,,39987,South Africa v Australia ODIs 2026 - Men,1,21,South Africa Men,23,Australia Men,8834981,2026-09-24T09:02:05Z,5,67,False,1185,Josh Hazlewood,1748,Temba Bavuma,2615,Matthew Breetzke,182.0,46.0,Right,Cover,1,0,1,1,LengthBall,OutsideOff,None,BackFoot,Dropped,NoMovement,Over,FastSeam,Right,Null,NotReferred,Null,False,False,False,False,False,True,False,False,True,False,False,False,1,0,0,0,0,False,False,,,,,,
1651535,11,4.0,4,0,0,44,2,4,76620,,39987,South Africa v Australia ODIs 2026 - Men,1,21,South Africa Men,23,Australia Men,8834983,2026-09-24T09:02:57Z,6,68,False,1185,Josh Hazlewood,2615,Matthew Breetzke,1748,Temba Bavuma,234.0,13.0,Right,Extra Cover,0,0,0,0,LengthBall,OutsideOff,BatPad,FrontFoot,ForwardDefensive,NoMovement,Over,FastSeam,Right,Null,NotReferred,Null,False,False,False,False,False,True,False,False,True,False,False,False,0,0,0,0,0,False,False,,,,,,
1651538,12,3.83,2,0,0,46,2,2,76620,,39987,South Africa v Australia ODIs 2026 - Men,1,21,South Africa Men,23,Australia Men,8834987,2026-09-24T09:04:21Z,1,69,False,1692,Jack Edwards,1748,Temba Bavuma,2615,Matthew Breetzke,24.0,108.0,Right,Deep Backward Square Leg,1,0,1,1,BackOfALength,OutsideOff,None,BackFoot,Worked,NoMovement,Over,Medium,Right,Null,NotReferred,Null,False,False,False,False,False,True,False,False,True,False,False,False,1,0,0,0,0,False,False,,,,,,
1651538,12,3.83,2,0,0,46,2,2,76620,,39987,South Africa v Australia ODIs 2026 - Men,1,21,South Africa Men,23,Australia Men,8834989,2026-09-24T09:04:57Z,2,70,False,1692,Jack Edwards,2615,Matthew Breetzke,1748,Temba Bavuma,165.0,47.0,Right,Backward Point,0,0,0,0,BackOfALength,OutsideOff,None,BackFoot,Pushed,NoMovement,Over,Medium,Right,Null,NotReferred,Null,False,False,False,False,False,True,False,False,True,False,False,False,0,0,0,0,0,False,False,,,,,,
1651538,12,3.83,2,0,0,46,2,2,76620,,39987,South Africa v Australia ODIs 2026 - Men,1,21,South Africa Men,23,Australia Men,8834993,2026-09-24T09:05:28Z,3,71,False,1692,Jack Edwards,2615,Matthew Breetzke,1748,Temba Bavuma,324.0,50.0,Right,Mid Wicket,0,0,0,0,LengthBall,OutsideOff,None,FrontFoot,ForwardDefensive,NoMovement,Over,Medium,Right,Null,NotReferred,Null,False,False,False,False,False,True,False,False,True,False,False,False,0,0,0,0,0,False,False,,,,,,
1651538,12,3.83,2,0,0,46,2,2,76620,,39987,South Africa v Australia ODIs 2026 - Men,1,21,South Africa Men,23,Australia Men,8834995,2026-09-24T09:06:08Z,4,72,False,1692,Jack Edwards,2615,Matthew Breetzke,1748,Temba Bavuma,,,Right,Bowler,0,0,0,0,LengthBall,OutsideOff,None,FrontFoot,ForwardDefensive,NoMovement,Over,Medium,Right,Null,NotReferred,Null,False,False,False,False,False,True,False,False,True,False,False,False,0,0,0,0,0,False,False,,,,,,
1651538,12,3.83,2,0,0,46,2,2,76620,,39987,South Africa v Australia ODIs 2026 - Men,1,21,South Africa Men,23,Australia Men,8835000,2026-09-24T09:06:39Z,5,73,False,1692,Jack Edwards,2615,Matthew Breetzke,1748,Temba Bavuma,181.0,55.0,Right,Cover,0,0,0,0,BackOfALength,OutsideOff,None,BackFoot,Pushed,NoMovement,Over,Medium,Right,Null,NotReferred,Null,False,False,False,False,False,True,False,False,True,False,False,False,0,0,0,0,0,False,False,,,,,,
1651538,12,3.83,2,0,0,46,2,2,76620,,39987,South Africa v Australia ODIs 2026 - Men,1,21,South Africa Men,23,Australia Men,8835003,2026-09-24T09:07:11Z,6,74,False,1692,Jack Edwards,2615,Matthew Breetzke,1748,Temba Bavuma,309.0,91.0,Right,Mid Wicket,1,0,1,1,HalfVolley,OffStump,None,FrontFoot,Flick,NoMovement,Over,Medium,Right,Null,NotReferred,Null,False,False,False,False,False,True,False,False,True,False,False,False,1,0,0,0,0,False,False,,,,,,
1651541,13,4.0,6,0,0,52,2,6,76620,,39987,South Africa v Australia ODIs 2026 - Men,1,21,South Africa Men,23,Australia Men,8835008,2026-09-24T09:08:22Z,1,75,False,1185,Josh Hazlewood,2615,Matthew Breetzke,1748,Temba Bavuma,,,Right,Wicketkeeper,0,0,0,0,LengthBall,OutsideOff,Left,NoMovement,Leave,NoMovement,Over,FastSeam,Right,Null,NotReferred,Null,False,False,False,False,False,True,False,False,True,False,False,False,0,0,0,0,0,False,False,,,,,,
1651541,13,4.0,6,0,0,52,2,6,76620,,39987,South Africa v Australia ODIs 2026 - Men,1,21,South Africa Men,23,Australia Men,8835010,2026-09-24T09:08:59Z,2,76,False,1185,Josh Hazlewood,2615,Matthew Breetzke,1748,Temba Bavuma,,,Right,Bowler,0,0,0,0,LengthBall,OutsideOff,None,FrontFoot,ForwardDefensive,NoMovement,Over,FastSeam,Right,Null,NotReferred,Null,False,False,False,False,False,True,False,False,True,False,False,False,0,0,0,0,0,False,False,,,,,,
1651541,13,4.0,6,0,0,52,2,6,76620,,39987,South Africa v Australia ODIs 2026 - Men,1,21,South Africa Men,23,Australia Men,8835014,2026-09-24T09:09:36Z,3,77,False,1185,Josh Hazlewood,2615,Matthew Breetzke,1748,Temba Bavuma,129.0,50.0,Right,Gully,0,0,0,0,LengthBall,OutsideOff,Spliced,BackFoot,BackwardDefensive,NoMovement,Over,FastSeam,Right,Null,NotReferred,Null,False,False,False,False,False,True,False,False,True,False,False,False,0,0,0,0,0,False,False,,,,,,
1651541,13,4.0,6,0,0,52,2,6,76620,,39987,South Africa v Australia ODIs 2026 - Men,1,21,South Africa Men,23,Australia Men,8835015,2026-09-24T09:10:25Z,4,78,False,1185,Josh Hazlewood,2615,Matthew Breetzke,1748,Temba Bavuma,73.0,133.0,Right,Fine Leg,1,0,1,1,BackOfALength,OutsideOff,None,BackFoot,Glance,NoMovement,Over,FastSeam,Right,Null,NotReferred,Null,False,False,False,False,False,True,False,False,True,False,False,False,1,0,0,0,0,False,False,,,,,,
1651541,13,4.0,6,0,0,52,2,6,76620,,39987,South Africa v Australia ODIs 2026 - Men,1,21,South Africa Men,23,Australia Men,8835017,2026-09-24T09:11:00Z,5,79,False,1185,Josh Hazlewood,1748,Temba Bavuma,2615,Matthew Breetzke,127.0,137.0,Right,Third Man,1,0,1,1,LengthBall,OutsideOff,None,FrontFoot,Steer,NoMovement,Over,FastSeam,Right,Null,NotReferred,Null,False,False,False,False,False,True,False,False,True,False,False,False,1,0,0,0,0,False,False,,,,,,
1651541,13,4.0,6,0,0,52,2,6,76620,,39987,South Africa v Australia ODIs 2026 - Men,1,21,South Africa Men,23,Australia Men,8835018,2026-09-24T09:11:48Z,6,80,False,1185,Josh Hazlewood,2615,Matthew Breetzke,1748,Temba Bavuma,240.0,179.0,Right,,4,0,4,4,HalfVolley,OutsideOff,WellTimed,FrontFoot,Drive,NoMovement,Over,FastSeam,Right,Null,NotReferred,Null,False,False,False,False,False,True,False,False,True,False,False,False,4,0,0,0,0,True,False,,,,,,
1651543,14,4.29,8,0,0,60,2,8,76620,,39987,South Africa v Australia ODIs 2026 - Men,1,21,South Africa Men,23,Australia Men,8835025,2026-09-24T09:13:13Z,1,81,False,1692,Jack Edwards,1748,Temba Bavuma,2615,Matthew Breetzke,218.0,35.0,Right,Extra Cover,0,0,0,0,LengthBall,OutsideOff,None,FrontFoot,BackwardDefensive,NoMovement,Over,Medium,Right,Null,NotReferred,Null,False,False,False,False,False,True,False,False,True,False,False,False,0,0,0,0,0,False,False,,,,,,
1651543,14,4.29,8,0,0,60,2,8,76620,,39987,South Africa v Australia ODIs 2026 - Men,1,21,South Africa Men,23,Australia Men,8835026,2026-09-24T09:13:45Z,2,82,False,1692,Jack Edwards,1748,Temba Bavuma,2615,Matthew Breetzke,216.0,36.0,Right,Extra Cover,0,0,0,0,LengthBall,OutsideOff,None,FrontFoot,ForwardDefensive,NoMovement,Over,Medium,Right,Null,NotReferred,Null,False,False,False,False,False,True,False,False,True,False,False,False,0,0,0,0,0,False,False,,,,,,
1651543,14,4.29,8,0,0,60,2,8,76620,,39987,South Africa v Australia ODIs 2026 - Men,1,21,South Africa Men,23,Australia Men,8835029,2026-09-24T09:14:18Z,3,83,False,1692,Jack Edwards,1748,Temba Bavuma,2615,Matthew Breetzke,267.0,180.0,Right,,4,0,4,4,LengthBall,OutsideOff,MisTimed,FrontFoot,Drive,NoMovement,Over,Medium,Right,Null,NotReferred,Null,False,False,False,False,False,True,False,False,True,False,False,False,4,0,0,0,0,True,True,,,,,,
1651543,14,4.29,8,0,0,60,2,8,76620,,39987,South Africa v Australia ODIs 2026 - Men,1,21,South Africa Men,23,Australia Men,8835032,2026-09-24T09:14:54Z,4,84,False,1692,Jack Edwards,1748,Temba Bavuma,2615,Matthew Breetzke,323.0,37.0,Right,Mid Wicket,0,0,0,0,LengthBall,OutsideOff,None,BackFoot,BackwardDefensive,NoMovement,Over,Medium,Right,Null,NotReferred,Null,False,False,False,False,False,True,False,False,True,False,False,False,0,0,0,0,0,False,False,,,,,,
1651543,14,4.29,8,0,0,60,2,8,76620,,39987,South Africa v Australia ODIs 2026 - Men,1,21,South Africa Men,23,Australia Men,8835035,2026-09-24T09:15:28Z,5,85,False,1692,Jack Edwards,1748,Temba Bavuma,2615,Matthew Breetzke,343.0,173.0,Right,,4,0,4,4,Short,OutsideOff,WellTimed,BackFoot,Pull,NoMovement,Over,Medium,Right,Null,NotReferred,Null,False,False,False,False,True,True,False,False,True,False,False,False,4,0,0,0,0,True,False,,,,,,
1651543,14,4.29,8,0,0,60,2,8,76620,,39987,South Africa v Australia ODIs 2026 - Men,1,21,South Africa Men,23,Australia Men,8835039,2026-09-24T09:16:05Z,6,86,False,1692,Jack Edwards,1748,Temba Bavuma,2615,Matthew Breetzke,226.0,36.0,Right,Extra Cover,0,0,0,0,LengthBall,OffStump,None,FrontFoot,ForwardDefensive,NoMovement,Over,Medium,Right,Null,NotReferred,Null,False,False,False,False,False,True,False,False,True,False,False,False,0,0,0,0,0,False,False,,,,,,
1651548,15,4.2,3,0,0,63,2,3,76620,,39987,South Africa v Australia ODIs 2026 - Men,1,21,South Africa Men,23,Australia Men,8835052,2026-09-24T09:20:54Z,1,87,False,852,Adam Zampa,2615,Matthew Breetzke,1748,Temba Bavuma,192.0,107.0,Right,Deep Cover,1,0,1,1,LengthBall,OutsideOff,None,FrontFoot,Drive,LegSpinner,Over,LegSpin,Right,Null,NotReferred,Null,False,False,False,False,False,True,False,False,True,False,False,False,1,0,0,0,0,False,False,,,,,,
1651548,15,4.2,3,0,0,63,2,3,76620,,39987,South Africa v Australia ODIs 2026 - Men,1,21,South Africa Men,23,Australia Men,8835054,2026-09-24T09:21:25Z,2,88,False,852,Adam Zampa,1748,Temba Bavuma,2615,Matthew Breetzke,231.0,76.0,Right,Extra Cover,1,0,1,1,LengthBall,OutsideOff,None,FrontFoot,Drive,LegSpinner,Over,LegSpin,Right,Null,NotReferred,Null,False,False,False,False,False,True,False,False,True,False,False,False,1,0,0,0,0,False,False,,,,,,
1651548,15,4.2,3,0,0,63,2,3,76620,,39987,South Africa v Australia ODIs 2026 - Men,1,21,South Africa Men,23,Australia Men,8835056,2026-09-24T09:21:52Z,3,89,False,852,Adam Zampa,2615,Matthew Breetzke,1748,Temba Bavuma,212.0,148.0,Right,Deep Extra Cover,1,0,1,1,LengthBall,OutsideOff,None,FrontFoot,Drive,LegSpinner,Over,LegSpin,Right,Null,NotReferred,Null,False,False,False,False,False,True,False,False,True,False,False,False,1,0,0,0,0,False,False,,,,,,
1651548,15,4.2,3,0,0,63,2,3,76620,,39987,South Africa v Australia ODIs 2026 - Men,1,21,South Africa Men,23,Australia Men,8835060,2026-09-24T09:22:23Z,4,90,False,852,Adam Zampa,1748,Temba Bavuma,2615,Matthew Breetzke,137.0,8.0,Right,Gully,0,0,0,0,HalfVolley,OutsideOff,MisTimed,FrontFoot,ReverseSweep,LegSpinner,Over,LegSpin,Right,Null,NotReferred,Null,False,False,False,False,False,True,False,False,True,False,False,False,0,0,0,0,0,False,False,,,,,,
1651548,15,4.2,3,0,0,63,2,3,76620,,39987,South Africa v Australia ODIs 2026 - Men,1,21,South Africa Men,23,Australia Men,8835063,2026-09-24T09:22:45Z,5,91,False,852,Adam Zampa,1748,Temba Bavuma,2615,Matthew Breetzke,144.0,64.0,Right,Gully,0,0,0,0,LengthBall,OutsideOff,None,BackFoot,Drive,LegSpinner,Over,LegSpin,Right,Null,NotReferred,Null,False,False,False,False,False,True,False,False,True,False,False,False,0,0,0,0,0,False,False,,,,,,
1651548,15,4.2,3,0,0,63,2,3,76620,,39987,South Africa v Australia ODIs 2026 - Men,1,21,South Africa Men,23,Australia Men,8835065,2026-09-24T09:23:14Z,6,92,False,852,Adam Zampa,1748,Temba Bavuma,2615,Matthew Breetzke,,,Right,Bowler,0,0,0,0,HalfVolley,OutsideOff,None,FrontFoot,Drive,LegSpinner,Over,LegSpin,Right,Null,NotReferred,Null,False,False,False,False,False,True,False,False,True,False,False,False,0,0,0,0,0,False,False,,,,,,
1651551,16,4.38,7,0,0,70,2,7,76620,,39987,South Africa v Australia ODIs 2026 - Men,1,21,South Africa Men,23,Australia Men,8835069,2026-09-24T09:24:33Z,1,93,False,3958,Cooper Connolly,2615,Matthew Breetzke,1748,Temba Bavuma,243.0,119.0,Right,Long Off,1,0,1,1,LengthBall,OffStump,None,FrontFoot,Pushed,StockBall,Over,Orthodox,Left,Null,NotReferred,Null,False,False,False,False,False,True,False,False,True,False,False,False,1,0,0,0,0,False,False,,,,,,
1651551,16,4.38,7,0,0,70,2,7,76620,,39987,South Africa v Australia ODIs 2026 - Men,1,21,South Africa Men,23,Australia Men,8835071,2026-09-24T09:24:54Z,2,94,False,3958,Cooper Connolly,1748,Temba Bavuma,2615,Matthew Breetzke,313.0,40.0,Right,Mid Wicket,0,0,0,0,LengthBall,OffStump,MisTimed,BackFoot,Worked,StockBall,Over,Orthodox,Left,Null,NotReferred,Null,False,False,False,False,False,True,False,False,True,False,False,False,0,0,0,0,0,False,False,,,,,,
1651551,16,4.38,7,0,0,70,2,7,76620,,39987,South Africa v Australia ODIs 2026 - Men,1,21,South Africa Men,23,Australia Men,8835073,2026-09-24T09:25:13Z,3,95,False,3958,Cooper Connolly,1748,Temba Bavuma,2615,Matthew Breetzke,224.0,36.0,Right,Extra Cover,0,0,0,0,HalfVolley,OffStump,MisTimed,FrontFoot,Drive,StockBall,Over,Orthodox,Left,Null,NotReferred,Null,False,False,False,False,False,True,False,False,True,False,False,False,0,0,0,0,0,False,False,,,,,,
1651551,16,4.38,7,0,0,70,2,7,76620,,39987,South Africa v Australia ODIs 2026 - Men,1,21,South Africa Men,23,Australia Men,8835075,2026-09-24T09:25:29Z,4,96,False,3958,Cooper Connolly,1748,Temba Bavuma,2615,Matthew Breetzke,324.0,120.0,Right,Deep Mid Wicket,2,0,2,2,HalfVolley,LegStump,None,FrontFoot,Worked,StockBall,Over,Orthodox,Left,Null,NotReferred,Null,False,False,False,False,False,True,False,False,True,False,False,False,2,0,0,0,0,False,False,,,,,,
1651551,16,4.38,7,0,0,70,2,7,76620,,39987,South Africa v Australia ODIs 2026 - Men,1,21,South Africa Men,23,Australia Men,8835078,2026-09-24T09:25:54Z,5,97,False,3958,Cooper Connolly,1748,Temba Bavuma,2615,Matthew Breetzke,128.0,162.0,Right,,4,0,4,4,BackOfALength,OutsideOff,None,BackFoot,Cut,StockBall,Over,Orthodox,Left,Null,NotReferred,Null,False,False,False,False,False,True,False,False,True,False,False,False,4,0,0,0,0,True,False,,,,,,
1651551,16,4.38,7,0,0,70,2,7,76620,,39987,South Africa v Australia ODIs 2026 - Men,1,21,South Africa Men,23,Australia Men,8835081,2026-09-24T09:26:30Z,6,98,False,3958,Cooper Connolly,1748,Temba Bavuma,2615,Matthew Breetzke,320.0,39.0,Right,Mid Wicket,0,0,0,0,LengthBall,OffStump,None,FrontFoot,ForwardDefensive,StockBall,Over,Orthodox,Left,Null,NotReferred,Null,False,False,False,False,False,True,False,False,True,False,False,False,0,0,0,0,0,False,False,,,,,,
1651553,17,4.47,6,0,0,76,2,6,76620,,39987,South Africa v Australia ODIs 2026 - Men,1,21,South Africa Men,23,Australia Men,8835085,2026-09-24T09:27:28Z,1,99,False,852,Adam Zampa,2615,Matthew Breetzke,1748,Temba Bavuma,141.0,57.0,Right,Gully,0,0,0,0,BackOfALength,OutsideOff,None,BackFoot,LateCut,LegSpinner,Over,LegSpin,Right,Null,NotReferred,Null,False,False,False,False,False,True,False,False,True,False,False,False,0,0,0,0,0,False,False,,,,,,
1651553,17,4.47,6,0,0,76,2,6,76620,,39987,South Africa v Australia ODIs 2026 - Men,1,21,South Africa Men,23,Australia Men,8835087,2026-09-24T09:27:52Z,2,100,False,852,Adam Zampa,2615,Matthew Breetzke,1748,Temba Bavuma,157.0,52.0,Right,Backward Point,0,0,0,0,HalfVolley,OutsideOff,None,BackFoot,Pushed,LegSpinner,Over,LegSpin,Right,Null,NotReferred,Null,False,False,False,False,False,True,False,False,True,False,False,False,0,0,0,0,0,False,False,,,,,,
1651553,17,4.47,6,0,0,76,2,6,76620,,39987,South Africa v Australia ODIs 2026 - Men,1,21,South Africa Men,23,Australia Men,8835089,2026-09-24T09:28:16Z,3,101,False,852,Adam Zampa,2615,Matthew Breetzke,1748,Temba Bavuma,129.0,65.0,Right,Gully,1,0,1,1,LengthBall,OutsideOff,None,FrontFoot,LateCut,LegSpinner,Over,LegSpin,Right,Null,NotReferred,Null,False,False,False,False,False,True,False,False,True,False,False,False,1,0,0,0,0,False,False,,,,,,
1651553,17,4.47,6,0,0,76,2,6,76620,,39987,South Africa v Australia ODIs 2026 - Men,1,21,South Africa Men,23,Australia Men,8835094,2026-09-24T09:28:48Z,4,102,False,852,Adam Zampa,1748,Temba Bavuma,2615,Matthew Breetzke,247.0,140.0,Right,Long Off,1,0,1,1,HalfVolley,OffStump,None,FrontFoot,Drive,LegSpinner,Over,LegSpin,Right,Null,NotReferred,Null,False,False,False,False,False,True,False,False,True,False,False,False,1,0,0,0,0,False,False,,,,,,
1651553,17,4.47,6,0,0,76,2,6,76620,,39987,South Africa v Australia ODIs 2026 - Men,1,21,South Africa Men,23,Australia Men,8835099,2026-09-24T09:29:16Z,5,103,False,852,Adam Zampa,2615,Matthew Breetzke,1748,Temba Bavuma,156.0,166.0,Right,,4,0,4,4,LengthBall,OutsideOff,WellTimed,FrontFoot,Drive,LegSpinner,Over,LegSpin,Right,Null,NotReferred,Null,False,False,False,False,True,True,False,False,True,False,False,False,4,0,0,0,0,True,False,,,,,,
1651553,17,4.47,6,0,0,76,2,6,76620,,39987,South Africa v Australia ODIs 2026 - Men,1,21,South Africa Men,23,Australia Men,8835108,2026-09-24T09:30:03Z,6,104,False,852,Adam Zampa,2615,Matthew Breetzke,1748,Temba Bavuma,128.0,79.0,Right,Gully,0,0,0,0,BackOfALength,OutsideOff,None,BackFoot,Cut,LegSpinner,Over,LegSpin,Right,Null,NotReferred,Null,False,False,False,False,False,True,False,False,True,False,False,False,0,0,0,0,0,False,False,,,,,,
1651565,18,4.61,7,0,0,83,2,7,76620,,39987,South Africa v Australia ODIs 2026 - Men,1,21,South Africa Men,23,Australia Men,8835123,2026-09-24T09:31:08Z,1,105,False,3531,Nathan Ellis,1748,Temba Bavuma,2615,Matthew Breetzke,127.0,133.0,Right,Third Man,1,0,1,1,BackOfALength,OutsideOff,None,FrontFoot,Steer,SlowerBall,Over,FastSeam,Right,Null,NotReferred,Null,False,False,False,False,False,True,False,False,True,False,False,False,1,0,0,0,0,False,False,,,,,,
1651565,18,4.61,7,0,0,83,2,7,76620,,39987,South Africa v Australia ODIs 2026 - Men,1,21,South Africa Men,23,Australia Men,8835129,2026-09-24T09:31:48Z,2,106,False,3531,Nathan Ellis,2615,Matthew Breetzke,1748,Temba Bavuma,173.0,169.0,Right,,4,0,4,4,LengthBall,OutsideOff,WellTimed,FrontFoot,Drive,NoMovement,Over,FastSeam,Right,Null,NotReferred,Null,False,False,False,False,False,True,False,False,True,False,False,False,4,0,0,0,0,True,False,,,,,,
1651565,18,4.61,7,0,0,83,2,7,76620,,39987,South Africa v Australia ODIs 2026 - Men,1,21,South Africa Men,23,Australia Men,8835143,2026-09-24T09:32:29Z,3,107,False,3531,Nathan Ellis,2615,Matthew Breetzke,1748,Temba Bavuma,198.0,29.0,Right,Cover,0,0,0,0,LengthBall,OutsideOff,None,FrontFoot,ForwardDefensive,NoMovement,Over,FastSeam,Right,Null,NotReferred,Null,False,False,False,False,False,True,False,False,True,False,False,False,0,0,0,0,0,False,False,,,,,,
1651565,18,4.61,7,0,0,83,2,7,76620,,39987,South Africa v Australia ODIs 2026 - Men,1,21,South Africa Men,23,Australia Men,8835149,2026-09-24T09:33:08Z,4,108,False,3531,Nathan Ellis,2615,Matthew Breetzke,1748,Temba Bavuma,169.0,46.0,Right,Backward Point,0,0,0,0,LengthBall,OutsideOff,None,BackFoot,Dropped,NoMovement,Over,FastSeam,Right,Null,NotReferred,Null,False,False,False,False,False,True,False,False,True,False,False,False,0,0,0,0,0,False,False,,,,,,
1651565,18,4.61,7,0,0,83,2,7,76620,,39987,South Africa v Australia ODIs 2026 - Men,1,21,South Africa Men,23,Australia Men,8835160,2026-09-24T09:33:44Z,5,109,False,3531,Nathan Ellis,2615,Matthew Breetzke,1748,Temba Bavuma,156.0,152.0,Right,Deep Backward Point,2,0,2,2,LengthBall,OutsideOff,Middled,FrontFoot,Cut,SlowerBall,Over,FastSeam,Right,Null,NotReferred,Null,False,False,False,False,False,True,False,False,True,False,False,False,2,0,0,0,0,False,False,,,,,,
1651565,18,4.61,7,0,0,83,2,7,76620,,39987,South Africa v Australia ODIs 2026 - Men,1,21,South Africa Men,23,Australia Men,8835167,2026-09-24T09:34:29Z,6,110,False,3531,Nathan Ellis,2615,Matthew Breetzke,1748,Temba Bavuma,177.0,35.0,Right,Backward Point,0,0,0,0,BackOfALength,OutsideOff,None,BackFoot,BackwardDefensive,NoMovement,Over,FastSeam,Right,Null,NotReferred,Null,False,False,False,False,False,True,False,False,True,False,False,False,0,0,0,0,0,False,False,,,,,,
1651577,19,4.74,7,1,0,90,3,7,76620,,39987,South Africa v Australia ODIs 2026 - Men,1,21,South Africa Men,23,Australia Men,8835187,2026-09-24T09:35:32Z,1,111,True,852,Adam Zampa,1748,Temba Bavuma,2615,Matthew Breetzke,,,Right,Wicketkeeper,0,0,0,0,LengthBall,OutsideOff,OutsideEdge,FrontFoot,Drive,LegSpinner,Over,LegSpin,Right,Null,NotReferred,Null,False,False,False,False,False,True,False,False,True,False,False,False,0,0,0,0,0,False,True,Caught,1748.0,Temba Bavuma,Caught,Caught,2088.0
1651577,19,4.74,7,1,0,90,3,7,76620,,39987,South Africa v Australia ODIs 2026 - Men,1,21,South Africa Men,23,Australia Men,8835220,2026-09-24T09:38:09Z,2,112,False,852,Adam Zampa,2646,Ryan Rickelton,2615,Matthew Breetzke,288.0,91.0,Left,Mid Off,0,0,0,0,HalfVolley,OutsideOff,None,FrontFoot,Drive,LegSpinner,Over,LegSpin,Right,Null,NotReferred,Null,False,False,False,False,False,True,False,False,True,False,False,False,0,0,0,0,0,False,False,,,,,,
1651577,19,4.74,7,1,0,90,3,7,76620,,39987,South Africa v Australia ODIs 2026 - Men,1,21,South Africa Men,23,Australia Men,8835227,2026-09-24T09:38:38Z,3,113,False,852,Adam Zampa,2646,Ryan Rickelton,2615,Matthew Breetzke,286.0,86.0,Left,Mid Off,0,0,0,0,HalfVolley,OffStump,None,FrontFoot,Drive,LegSpinner,Over,LegSpin,Right,Null,NotReferred,Null,False,False,False,False,False,True,False,False,True,False,False,False,0,0,0,0,0,False,False,,,,,,
1651577,19,4.74,7,1,0,90,3,7,76620,,39987,South Africa v Australia ODIs 2026 - Men,1,21,South Africa Men,23,Australia Men,8835229,2026-09-24T09:38:55Z,4,114,False,852,Adam Zampa,2646,Ryan Rickelton,2615,Matthew Breetzke,,,Left,Bowler,0,0,0,0,LengthBall,MiddleStump,None,FrontFoot,Pushed,LegSpinner,Over,LegSpin,Right,Null,NotReferred,Null,False,False,False,False,False,True,False,False,True,False,False,False,0,0,0,0,0,False,False,,,,,,
1651577,19,4.74,7,1,0,90,3,7,76620,,39987,South Africa v Australia ODIs 2026 - Men,1,21,South Africa Men,23,Australia Men,8835238,2026-09-24T09:39:21Z,5,115,False,852,Adam Zampa,2646,Ryan Rickelton,2615,Matthew Breetzke,308.0,98.0,Left,Extra Cover,1,0,1,1,LengthBall,OutsideOff,None,FrontFoot,Drive,LegSpinner,Over,LegSpin,Right,Null,NotReferred,Null,False,False,False,False,False,True,False,False,True,False,False,False,1,0,0,0,0,False,False,,,,,,
1651577,19,4.74,7,1,0,90,3,7,76620,,39987,South Africa v Australia ODIs 2026 - Men,1,21,South Africa Men,23,Australia Men,8835254,2026-09-24T09:40:10Z,6,116,False,852,Adam Zampa,2615,Matthew Breetzke,2646,Ryan Rickelton,346.0,172.0,Right,,6,0,6,6,Short,OffStump,WellTimed,BackFoot,Pull,LegSpinner,Over,LegSpin,Right,Null,NotReferred,Null,False,False,False,False,True,True,False,False,True,False,False,False,6,0,0,0,0,True,False,,,,,,
1651588,20,4.65,3,0,0,93,3,3,76620,,39987,South Africa v Australia ODIs 2026 - Men,1,21,South Africa Men,23,Australia Men,8835271,2026-09-24T09:41:16Z,1,117,False,3531,Nathan Ellis,2646,Ryan Rickelton,2615,Matthew Breetzke,344.0,79.0,Left,Cover,0,0,0,0,LengthBall,OutsideOff,None,FrontFoot,Drive,NoMovement,Over,FastSeam,Right,Null,NotReferred,Null,False,False,False,False,False,True,False,False,True,False,False,False,0,0,0,0,0,False,False,,,,,,
1651588,20,4.65,3,0,0,93,3,3,76620,,39987,South Africa v Australia ODIs 2026 - Men,1,21,South Africa Men,23,Australia Men,8835282,2026-09-24T09:41:56Z,2,118,False,3531,Nathan Ellis,2646,Ryan Rickelton,2615,Matthew Breetzke,320.0,88.0,Left,Extra Cover,1,0,1,1,HalfVolley,OffStump,None,FrontFoot,Drive,NoMovement,Over,FastSeam,Right,Null,NotReferred,Null,False,False,False,False,False,True,False,False,True,False,False,False,1,0,0,0,0,False,False,,,,,,
1651588,20,4.65,3,0,0,93,3,3,76620,,39987,South Africa v Australia ODIs 2026 - Men,1,21,South Africa Men,23,Australia Men,8835291,2026-09-24T09:42:35Z,3,119,False,3531,Nathan Ellis,2615,Matthew Breetzke,2646,Ryan Rickelton,,,Right,Wicketkeeper,0,0,0,0,HalfTracker,OutsideOff,Left,SwayedAway,Leave,NoMovement,Over,FastSeam,Right,Null,NotReferred,Null,False,False,False,False,False,True,False,False,True,False,False,False,0,0,0,0,0,False,False,,,,,,
1651588,20,4.65,3,0,0,93,3,3,76620,,39987,South Africa v Australia ODIs 2026 - Men,1,21,South Africa Men,23,Australia Men,8835301,2026-09-24T09:43:19Z,4,120,False,3531,Nathan Ellis,2615,Matthew Breetzke,2646,Ryan Rickelton,236.0,59.0,Right,Extra Cover,0,0,0,0,LengthBall,OutsideOff,None,FrontFoot,Pushed,SlowerBall,Over,FastSeam,Right,Null,NotReferred,Null,False,False,False,False,False,True,False,False,True,False,False,False,0,0,0,0,0,False,False,,,,,,
1651588,20,4.65,3,0,0,93,3,3,76620,,39987,South Africa v Australia ODIs 2026 - Men,1,21,South Africa Men,23,Australia Men,8835312,2026-09-24T09:43:57Z,5,121,False,3531,Nathan Ellis,2615,Matthew Breetzke,2646,Ryan Rickelton,343.0,153.0,Right,Deep Square Leg,1,0,1,1,HalfVolley,LegStump,None,FrontFoot,Flick,NoMovement,Over,FastSeam,Right,Null,NotReferred,Null,False,False,False,False,False,True,False,False,True,False,False,False,1,0,0,0,0,False,False,,,,,,
1651588,20,4.65,3,0,0,93,3,3,76620,,39987,South Africa v Australia ODIs 2026 - Men,1,21,South Africa Men,23,Australia Men,8835323,2026-09-24T09:44:40Z,6,122,False,3531,Nathan Ellis,2646,Ryan Rickelton,2615,Matthew Breetzke,298.0,62.0,Left,Mid Off,1,0,1,1,LengthBall,MiddleStump,None,BackFoot,Pushed,NoMovement,Over,FastSeam,Right,Null,NotReferred,Null,False,False,False,False,False,True,False,False,True,False,False,False,1,0,0,0,0,False,False,,,,,,
1651600,21,4.57,3,0,0,96,3,3,76620,,39987,South Africa v Australia ODIs 2026 - Men,1,21,South Africa Men,23,Australia Men,8835348,2026-09-24T09:46:00Z,1,123,False,724,Mitchell Starc,2646,Ryan Rickelton,2615,Matthew Breetzke,337.0,41.0,Left,Cover,0,0,0,0,LengthBall,OutsideOff,None,FrontFoot,Drive,NoMovement,Over,FastSeam,Left,Null,NotReferred,Null,False,False,False,False,False,True,False,False,True,False,False,False,0,0,0,0,0,False,False,,,,,,
1651600,21,4.57,3,0,0,96,3,3,76620,,39987,South Africa v Australia ODIs 2026 - Men,1,21,South Africa Men,23,Australia Men,8835358,2026-09-24T09:46:39Z,2,124,False,724,Mitchell Starc,2646,Ryan Rickelton,2615,Matthew Breetzke,22.0,69.0,Left,Backward Point,0,0,0,0,BackOfALength,OutsideOff,MisTimed,BackFoot,Cut,NoMovement,Over,FastSeam,Left,Null,NotReferred,Null,False,False,False,False,False,True,False,False,True,False,False,False,0,0,0,0,0,False,False,,,,,,
1651600,21,4.57,3,0,0,96,3,3,76620,,39987,South Africa v Australia ODIs 2026 - Men,1,21,South Africa Men,23,Australia Men,8835365,2026-09-24T09:47:16Z,3,125,False,724,Mitchell Starc,2646,Ryan Rickelton,2615,Matthew Breetzke,342.0,54.0,Left,Cover,0,0,0,0,BackOfALength,OutsideOff,None,BackFoot,Pushed,NoMovement,Over,FastSeam,Left,Null,NotReferred,Null,False,False,False,False,False,True,False,False,True,False,False,False,0,0,0,0,0,False,False,,,,,,
1651600,21,4.57,3,0,0,96,3,3,76620,,39987,South Africa v Australia ODIs 2026 - Men,1,21,South Africa Men,23,Australia Men,8835380,2026-09-24T09:47:52Z,4,126,False,724,Mitchell Starc,2646,Ryan Rickelton,2615,Matthew Breetzke,170.0,144.0,Left,Deep Backward Square Leg,1,0,1,1,Short,OutsideOff,Middled,BackFoot,Hook,NoMovement,Over,FastSeam,Left,Null,NotReferred,Null,False,False,False,False,True,True,False,False,True,False,False,False,1,0,0,0,0,False,False,,,,,,
1651600,21,4.57,3,0,0,96,3,3,76620,,39987,South Africa v Australia ODIs 2026 - Men,1,21,South Africa Men,23,Australia Men,8835391,2026-09-24T09:48:41Z,5,127,False,724,Mitchell Starc,2615,Matthew Breetzke,2646,Ryan Rickelton,345.0,47.0,Right,Square Leg,1,0,1,1,LengthBall,DownLeg,None,BackFoot,Worked,NoMovement,Over,FastSeam,Left,Null,NotReferred,Null,False,False,False,False,False,True,False,False,True,False,False,False,1,0,0,0,0,False,False,,,,,,
1651600,21,4.57,3,0,0,96,3,3,76620,,39987,South Africa v Australia ODIs 2026 - Men,1,21,South Africa Men,23,Australia Men,8835402,2026-09-24T09:49:27Z,6,128,False,724,Mitchell Starc,2646,Ryan Rickelton,2615,Matthew Breetzke,328.0,73.0,Left,Extra Cover,1,0,1,1,LengthBall,OutsideOff,None,FrontFoot,Drive,NoMovement,Over,FastSeam,Left,Null,NotReferred,Null,False,False,False,False,False,True,False,False,True,False,False,False,1,0,0,0,0,False,False,,,,,,
1651610,22,4.68,7,0,0,103,3,7,76620,,39987,South Africa v Australia ODIs 2026 - Men,1,21,South Africa Men,23,Australia Men,8835405,2026-09-24T09:50:59Z,1,129,False,290,Matthew Renshaw,2646,Ryan Rickelton,2615,Matthew Breetzke,306.0,146.0,Left,Deep Extra Cover,1,0,1,1,HalfVolley,OffStump,None,FrontFoot,Drive,OffBreak,Round,OffSpin,Right,Null,NotReferred,Null,False,False,False,False,False,True,False,False,True,False,False,False,1,0,0,0,0,False,False,,,,,,
1651610,22,4.68,7,0,0,103,3,7,76620,,39987,South Africa v Australia ODIs 2026 - Men,1,21,South Africa Men,23,Australia Men,8835404,2026-09-24T09:51:34Z,2,130,False,290,Matthew Renshaw,2615,Matthew Breetzke,2646,Ryan Rickelton,231.0,178.0,Right,,4,0,4,4,HalfVolley,OutsideOff,WellTimed,FrontFoot,Drive,OffBreak,Over,OffSpin,Right,Null,NotReferred,Null,False,False,False,False,True,True,False,False,True,False,False,False,4,0,0,0,0,True,False,,,,,,
1651610,22,4.68,7,0,0,103,3,7,76620,,39987,South Africa v Australia ODIs 2026 - Men,1,21,South Africa Men,23,Australia Men,8835403,2026-09-24T09:52:11Z,3,131,False,290,Matthew Renshaw,2615,Matthew Breetzke,2646,Ryan Rickelton,290.0,132.0,Right,Long On,1,0,1,1,LengthBall,OffStump,Middled,FrontFoot,Drive,OffBreak,Over,OffSpin,Right,Null,NotReferred,Null,False,False,False,False,True,True,False,False,True,False,False,False,1,0,0,0,0,False,False,,,,,,
1651610,22,4.68,7,0,0,103,3,7,76620,,39987,South Africa v Australia ODIs 2026 - Men,1,21,South Africa Men,23,Australia Men,8835434,2026-09-24T09:52:48Z,4,132,False,290,Matthew Renshaw,2646,Ryan Rickelton,2615,Matthew Breetzke,242.0,50.0,Left,Wicketkeeper,0,0,0,0,LengthBall,OffStump,None,BackFoot,ForwardDefensive,OffBreak,Over,OffSpin,Right,Null,NotReferred,Null,False,False,False,False,False,True,False,False,True,False,False,False,0,0,0,0,0,False,False,,,,,,
1651610,22,4.68,7,0,0,103,3,7,76620,,39987,South Africa v Australia ODIs 2026 - Men,1,21,South Africa Men,23,Australia Men,8835449,2026-09-24T09:53:10Z,5,133,False,290,Matthew Renshaw,2646,Ryan Rickelton,2615,Matthew Breetzke,306.0,137.0,Left,Deep Extra Cover,1,0,1,1,HalfVolley,OutsideOff,None,FrontFoot,Drive,OffBreak,Round,OffSpin,Right,Null,NotReferred,Null,False,False,False,False,False,True,False,False,True,False,False,False,1,0,0,0,0,False,False,,,,,,
1651610,22,4.68,7,0,0,103,3,7,76620,,39987,South Africa v Australia ODIs 2026 - Men,1,21,South Africa Men,23,Australia Men,8835460,2026-09-24T09:53:25Z,6,134,False,290,Matthew Renshaw,2615,Matthew Breetzke,2646,Ryan Rickelton,182.0,67.0,Right,Wicketkeeper,0,0,0,0,LengthBall,OutsideOff,None,BackFoot,BackwardDefensive,OffBreak,Round,OffSpin,Right,Null,NotReferred,Null,False,False,False,False,False,True,False,False,True,False,False,False,0,0,0,0,0,False,False,,,,,,
1651622,23,4.87,9,0,0,112,3,9,76620,,39987,South Africa v Australia ODIs 2026 - Men,1,21,South Africa Men,23,Australia Men,8835473,2026-09-24T09:53:53Z,1,135,False,724,Mitchell Starc,2646,Ryan Rickelton,2615,Matthew Breetzke,347.0,72.0,Left,Cover,0,0,0,0,LengthBall,OutsideOff,None,BackFoot,Drive,NoMovement,Over,FastSeam,Left,Null,NotReferred,Null,False,False,False,False,False,True,False,False,True,False,False,False,0,0,0,0,0,False,False,,,,,,
1651622,23,4.87,9,0,0,112,3,9,76620,,39987,South Africa v Australia ODIs 2026 - Men,1,21,South Africa Men,23,Australia Men,8835483,2026-09-24T09:54:31Z,2,136,False,724,Mitchell Starc,2646,Ryan Rickelton,2615,Matthew Breetzke,127.0,162.0,Left,Fine Leg,4,0,4,4,HalfVolley,LegStump,WellTimed,FrontFoot,Flick,NoMovement,Over,FastSeam,Left,Null,NotReferred,Null,False,False,False,False,False,True,False,False,True,False,False,False,4,0,0,0,0,True,False,,,,,,
1651622,23,4.87,9,0,0,112,3,9,76620,,39987,South Africa v Australia ODIs 2026 - Men,1,21,South Africa Men,23,Australia Men,8835505,2026-09-24T09:55:38Z,3,137,False,724,Mitchell Starc,2646,Ryan Rickelton,2615,Matthew Breetzke,25.0,166.0,Left,,4,0,4,4,LengthBall,OutsideOff,None,BackFoot,Cut,NoMovement,Over,FastSeam,Left,Null,NotReferred,Null,False,False,False,False,False,True,False,False,True,False,False,False,4,0,0,0,0,True,False,,,,,,
1651622,23,4.87,9,0,0,112,3,9,76620,,39987,South Africa v Australia ODIs 2026 - Men,1,21,South Africa Men,23,Australia Men,8835514,2026-09-24T09:56:19Z,4,138,False,724,Mitchell Starc,2646,Ryan Rickelton,2615,Matthew Breetzke,225.0,84.0,Left,Mid Wicket,1,0,1,1,HalfVolley,MiddleStump,WellTimed,FrontFoot,Flick,NoMovement,Over,FastSeam,Left,Null,NotReferred,Null,False,False,False,False,False,True,False,False,True,False,False,False,1,0,0,0,0,False,False,,,,,,
1651622,23,4.87,9,0,0,112,3,9,76620,,39987,South Africa v Australia ODIs 2026 - Men,1,21,South Africa Men,23,Australia Men,8835528,2026-09-24T09:57:09Z,5,139,False,724,Mitchell Starc,2615,Matthew Breetzke,2646,Ryan Rickelton,,,Right,Backward Square Leg,0,0,0,0,LengthBall,MiddleStump,None,BackFoot,BackwardDefensive,NoMovement,Over,FastSeam,Left,Null,NotReferred,Null,False,False,False,False,False,True,False,False,True,False,False,False,0,0,0,0,0,False,False,,,,,,
1651622,23,4.87,9,0,0,112,3,9,76620,,39987,South Africa v Australia ODIs 2026 - Men,1,21,South Africa Men,23,Australia Men,8835536,2026-09-24T09:57:46Z,6,140,False,724,Mitchell Starc,2615,Matthew Breetzke,2646,Ryan Rickelton,249.0,30.0,Right,Mid Off,0,0,0,0,BackOfALength,LegStump,None,BackFoot,BackwardDefensive,NoMovement,Over,FastSeam,Left,Null,NotReferred,Null,False,False,False,False,False,True,False,False,True,False,False,False,0,0,0,0,0,False,False,,,,,,
1651636,24,5.12,11,0,0,123,3,11,76620,,39987,South Africa v Australia ODIs 2026 - Men,1,21,South Africa Men,23,Australia Men,8835556,2026-09-24T09:58:55Z,1,141,False,1692,Jack Edwards,2646,Ryan Rickelton,2615,Matthew Breetzke,82.0,160.0,Left,,4,0,4,4,HalfVolley,OffStump,OutsideEdge,FrontFoot,Drive,NoMovement,Over,Medium,Right,Null,NotReferred,Null,False,False,False,False,False,True,False,False,True,False,False,False,4,0,0,0,0,True,False,,,,,,
1651636,24,5.12,11,0,0,123,3,11,76620,,39987,South Africa v Australia ODIs 2026 - Men,1,21,South Africa Men,23,Australia Men,8835564,2026-09-24T09:59:31Z,2,142,False,1692,Jack Edwards,2646,Ryan Rickelton,2615,Matthew Breetzke,249.0,50.0,Left,Mid On,0,0,0,0,LengthBall,MiddleStump,None,FrontFoot,ForwardDefensive,NoMovement,Over,Medium,Right,Null,NotReferred,Null,False,False,False,False,False,True,False,False,True,False,False,False,0,0,0,0,0,False,False,,,,,,
1651636,24,5.12,11,0,0,123,3,11,76620,,39987,South Africa v Australia ODIs 2026 - Men,1,21,South Africa Men,23,Australia Men,8835575,2026-09-24T10:00:01Z,3,143,False,1692,Jack Edwards,2646,Ryan Rickelton,2615,Matthew Breetzke,250.0,65.0,Left,Mid On,1,0,1,1,LengthBall,LegStump,None,BackFoot,Worked,NoMovement,Over,Medium,Right,Null,NotReferred,Null,False,False,False,False,False,True,False,False,True,False,False,False,1,0,0,0,0,False,False,,,,,,
1651636,24,5.12,11,0,0,123,3,11,76620,,39987,South Africa v Australia ODIs 2026 - Men,1,21,South Africa Men,23,Australia Men,8835589,2026-09-24T10:00:43Z,4,144,False,1692,Jack Edwards,2615,Matthew Breetzke,2646,Ryan Rickelton,132.0,142.0,Right,Third Man,1,0,1,1,HalfVolley,OutsideOff,ThickEdge,BackFoot,Drive,AwaySwinger,Over,Medium,Right,Null,NotReferred,Null,False,False,False,False,True,True,False,False,True,False,False,False,1,0,0,0,0,False,False,,,,,,
1651636,24,5.12,11,0,0,123,3,11,76620,,39987,South Africa v Australia ODIs 2026 - Men,1,21,South Africa Men,23,Australia Men,8835599,2026-09-24T10:01:20Z,5,145,False,1692,Jack Edwards,2646,Ryan Rickelton,2615,Matthew Breetzke,281.0,180.0,Left,,4,0,4,4,HalfVolley,OffStump,None,FrontFoot,Drive,NoMovement,Over,Medium,Right,Null,NotReferred,Null,False,False,False,False,False,True,False,False,True,False,False,False,4,0,0,0,0,True,False,,,,,,
1651636,24,5.12,11,0,0,123,3,11,76620,,39987,South Africa v Australia ODIs 2026 - Men,1,21,South Africa Men,23,Australia Men,8835598,2026-09-24T10:01:54Z,6,146,False,1692,Jack Edwards,2646,Ryan Rickelton,2615,Matthew Breetzke,322.0,134.0,Left,Deep Extra Cover,1,0,1,1,HalfVolley,OutsideOff,None,FrontFoot,Drive,NoMovement,Over,Medium,Right,Null,NotReferred,Null,False,False,False,False,False,True,False,False,True,False,False,False,1,0,0,0,0,False,False,,,,,,
1651645,25,5.0,2,1,0,125,4,2,76620,,39987,South Africa v Australia ODIs 2026 - Men,1,21,South Africa Men,23,Australia Men,8835628,2026-09-24T10:03:08Z,1,147,False,852,Adam Zampa,2646,Ryan Rickelton,2615,Matthew Breetzke,141.0,138.0,Left,Fine Leg,1,0,1,1,Yorker,DownLeg,None,FrontFoot,Flick,LegSpinner,Over,LegSpin,Right,Null,NotReferred,Null,False,False,False,False,False,True,False,False,True,False,False,False,1,0,0,0,0,False,False,,,,,,
1651645,25,5.0,2,1,0,125,4,2,76620,,39987,South Africa v Australia ODIs 2026 - Men,1,21,South Africa Men,23,Australia Men,8835627,2026-09-24T10:03:48Z,2,148,False,852,Adam Zampa,2615,Matthew Breetzke,2646,Ryan Rickelton,227.0,128.0,Right,Deep Extra Cover,1,0,1,1,LengthBall,OffStump,None,FrontFoot,Drive,LegSpinner,Over,LegSpin,Right,Null,NotReferred,Null,False,False,False,False,False,True,False,False,True,False,False,False,1,0,0,0,0,False,False,,,,,,
1651645,25,5.0,2,1,0,125,4,2,76620,,39987,South Africa v Australia ODIs 2026 - Men,1,21,South Africa Men,23,Australia Men,8835671,2026-09-24T10:04:15Z,3,149,True,852,Adam Zampa,2646,Ryan Rickelton,2615,Matthew Breetzke,196.0,161.0,Left,Deep Square Leg,0,0,0,0,Short,MiddleStump,MisTimed,BackFoot,Pull,LegSpinner,Over,LegSpin,Right,Null,NotReferred,Null,False,False,False,False,False,True,False,False,True,False,False,False,0,0,0,0,0,False,True,Caught,2646.0,Ryan Rickelton,Caught,Caught,2088.0
1651645,25,5.0,2,1,0,125,4,2,76620,,39987,South Africa v Australia ODIs 2026 - Men,1,21,South Africa Men,23,Australia Men,8835695,2026-09-24T10:06:36Z,4,150,False,852,Adam Zampa,731,David Miller,2615,Matthew Breetzke,128.0,58.0,Left,Short Fine Leg,0,0,0,0,LengthBall,WideDownLeg,None,FrontFoot,Worked,LegSpinner,Over,LegSpin,Right,Null,NotReferred,Null,False,False,False,False,False,True,False,False,True,False,False,False,0,0,0,0,0,False,False,,,,,,
1651645,25,5.0,2,1,0,125,4,2,76620,,39987,South Africa v Australia ODIs 2026 - Men,1,21,South Africa Men,23,Australia Men,8835701,2026-09-24T10:07:00Z,5,151,False,852,Adam Zampa,731,David Miller,2615,Matthew Breetzke,,,Left,Bowler,0,0,0,0,LengthBall,MiddleStump,None,FrontFoot,ForwardDefensive,LegSpinner,Over,LegSpin,Right,Null,NotReferred,Null,False,False,False,False,False,True,False,False,True,False,False,False,0,0,0,0,0,False,False,,,,,,
1651645,25,5.0,2,1,0,125,4,2,76620,,39987,South Africa v Australia ODIs 2026 - Men,1,21,South Africa Men,23,Australia Men,8835709,2026-09-24T10:07:22Z,6,152,False,852,Adam Zampa,731,David Miller,2615,Matthew Breetzke,185.0,59.0,Left,Square Leg,0,0,0,0,LengthBall,MiddleStump,None,FrontFoot,Worked,LegSpinner,Over,LegSpin,Right,Null,NotReferred,Null,False,False,False,False,False,True,False,False,True,False,False,False,0,0,0,0,0,False,False,,,,,,
1651662,26,4.96,4,0,0,129,4,4,76620,,39987,South Africa v Australia ODIs 2026 - Men,1,21,South Africa Men,23,Australia Men,8835717,2026-09-24T10:08:21Z,1,153,False,290,Matthew Renshaw,2615,Matthew Breetzke,731,David Miller,,,Right,Bowler,0,0,0,0,LengthBall,OutsideOff,None,FrontFoot,ForwardDefensive,OffBreak,Over,OffSpin,Right,Null,NotReferred,Null,False,False,False,False,False,True,False,False,True,False,False,False,0,0,0,0,0,False,False,,,,,,
1651662,26,4.96,4,0,0,129,4,4,76620,,39987,South Africa v Australia ODIs 2026 - Men,1,21,South Africa Men,23,Australia Men,8835727,2026-09-24T10:08:37Z,2,154,False,290,Matthew Renshaw,2615,Matthew Breetzke,731,David Miller,280.0,180.0,Right,,4,0,4,4,LengthBall,OutsideOff,WellTimed,FrontFoot,SlogSweep,OffBreak,Over,OffSpin,Right,Null,NotReferred,Null,False,False,False,False,True,True,False,False,True,False,False,False,4,0,0,0,0,True,False,,,,,,
1651662,26,4.96,4,0,0,129,4,4,76620,,39987,South Africa v Australia ODIs 2026 - Men,1,21,South Africa Men,23,Australia Men,8835738,2026-09-24T10:09:09Z,3,155,False,290,Matthew Renshaw,2615,Matthew Breetzke,731,David Miller,182.0,60.0,Right,Cover,0,0,0,0,BackOfALength,OutsideOff,None,BackFoot,Pushed,OffBreak,Over,OffSpin,Right,Null,NotReferred,Null,False,False,False,False,False,True,False,False,True,False,False,False,0,0,0,0,0,False,False,,,,,,
1651662,26,4.96,4,0,0,129,4,4,76620,,39987,South Africa v Australia ODIs 2026 - Men,1,21,South Africa Men,23,Australia Men,8835739,2026-09-24T10:09:31Z,4,156,False,290,Matthew Renshaw,2615,Matthew Breetzke,731,David Miller,322.0,74.0,Right,Mid Wicket,0,0,0,0,LengthBall,OutsideOff,None,BackFoot,Pushed,OffBreak,Over,OffSpin,Right,Null,NotReferred,Null,False,False,False,False,False,True,False,False,True,False,False,False,0,0,0,0,0,False,False,,,,,,
1651662,26,4.96,4,0,0,129,4,4,76620,,39987,South Africa v Australia ODIs 2026 - Men,1,21,South Africa Men,23,Australia Men,8835741,2026-09-24T10:09:40Z,5,157,False,290,Matthew Renshaw,2615,Matthew Breetzke,731,David Miller,,,Right,Bowler,0,0,0,0,LengthBall,OutsideOff,None,FrontFoot,ForwardDefensive,OffBreak,Over,OffSpin,Right,Null,NotReferred,Null,False,False,False,False,False,True,False,False,True,False,False,False,0,0,0,0,0,False,False,,,,,,
1651662,26,4.96,4,0,0,129,4,4,76620,,39987,South Africa v Australia ODIs 2026 - Men,1,21,South Africa Men,23,Australia Men,8835750,2026-09-24T10:09:51Z,6,158,False,290,Matthew Renshaw,2615,Matthew Breetzke,731,David Miller,190.0,48.0,Right,Cover,0,0,0,0,HalfVolley,OutsideOff,None,FrontFoot,Drive,OffBreak,Over,OffSpin,Right,Null,NotReferred,Null,False,False,False,False,False,True,False,False,True,False,False,False,0,0,0,0,0,False,False,,,,,,
1651669,27,4.96,5,0,0,134,4,5,76620,,39987,South Africa v Australia ODIs 2026 - Men,1,21,South Africa Men,23,Australia Men,8835761,2026-09-24T10:10:37Z,1,159,False,852,Adam Zampa,731,David Miller,2615,Matthew Breetzke,214.0,55.0,Left,Mid Wicket,0,0,0,0,LengthBall,LegStump,None,FrontFoot,Worked,LegSpinner,Over,LegSpin,Right,Null,NotReferred,Null,False,False,False,False,False,True,False,False,True,False,False,False,0,0,0,0,0,False,False,,,,,,
1651669,27,4.96,5,0,0,134,4,5,76620,,39987,South Africa v Australia ODIs 2026 - Men,1,21,South Africa Men,23,Australia Men,8835769,2026-09-24T10:11:02Z,2,160,False,852,Adam Zampa,731,David Miller,2615,Matthew Breetzke,231.0,142.0,Left,Deep Mid Wicket,2,0,2,2,HalfVolley,DownLeg,None,FrontFoot,Flick,LegSpinner,Over,LegSpin,Right,Null,NotReferred,Null,False,False,False,False,False,True,False,False,True,False,False,False,2,0,0,0,0,False,False,,,,,,
1651669,27,4.96,5,0,0,134,4,5,76620,,39987,South Africa v Australia ODIs 2026 - Men,1,21,South Africa Men,23,Australia Men,8835776,2026-09-24T10:11:28Z,3,161,False,852,Adam Zampa,731,David Miller,2615,Matthew Breetzke,303.0,51.0,Left,Extra Cover,0,0,0,0,LengthBall,MiddleStump,None,BackFoot,Pushed,LegSpinner,Over,LegSpin,Right,Null,NotReferred,Null,False,False,False,False,False,True,False,False,True,False,False,False,0,0,0,0,0,False,False,,,,,,
1651669,27,4.96,5,0,0,134,4,5,76620,,39987,South Africa v Australia ODIs 2026 - Men,1,21,South Africa Men,23,Australia Men,8835787,2026-09-24T10:11:51Z,4,162,False,852,Adam Zampa,731,David Miller,2615,Matthew Breetzke,170.0,119.0,Left,Deep Backward Square Leg,2,0,2,2,LengthBall,DownLeg,None,FrontFoot,Flick,LegSpinner,Over,LegSpin,Right,Null,NotReferred,Null,False,False,False,False,False,True,False,False,True,False,False,False,2,0,0,0,0,False,False,,,,,,
1651669,27,4.96,5,0,0,134,4,5,76620,,39987,South Africa v Australia ODIs 2026 - Men,1,21,South Africa Men,23,Australia Men,8835794,2026-09-24T10:12:20Z,5,163,False,852,Adam Zampa,731,David Miller,2615,Matthew Breetzke,331.0,63.0,Left,Cover,0,0,0,0,Short,MiddleStump,None,BackFoot,Cut,LegSpinner,Over,LegSpin,Right,Null,NotReferred,Null,False,False,False,False,False,True,False,False,True,False,False,False,0,0,0,0,0,False,False,,,,,,
1651669,27,4.96,5,0,0,134,4,5,76620,,39987,South Africa v Australia ODIs 2026 - Men,1,21,South Africa Men,23,Australia Men,8835802,2026-09-24T10:12:43Z,6,164,False,852,Adam Zampa,731,David Miller,2615,Matthew Breetzke,251.0,137.0,Left,Long On,1,0,1,1,HalfVolley,MiddleStump,MisTimed,FrontFoot,Drive,LegSpinner,Over,LegSpin,Right,Null,NotReferred,Null,False,False,False,False,False,True,False,False,True,False,False,False,1,0,0,0,0,False,False,,,,,,
1651680,28,4.93,4,0,0,138,4,4,76620,,39987,South Africa v Australia ODIs 2026 - Men,1,21,South Africa Men,23,Australia Men,8835821,2026-09-24T10:13:47Z,1,165,False,1692,Jack Edwards,731,David Miller,2615,Matthew Breetzke,350.0,68.0,Left,Cover,0,0,0,0,BackOfALength,DownLeg,ThickEdge,BackFoot,BackwardDefensive,NoMovement,Over,Medium,Right,Null,NotReferred,Null,False,False,False,False,False,True,False,False,True,False,False,False,0,0,0,0,0,False,False,,,,,,
1651680,28,4.93,4,0,0,138,4,4,76620,,39987,South Africa v Australia ODIs 2026 - Men,1,21,South Africa Men,23,Australia Men,8835831,2026-09-24T10:14:16Z,2,166,False,1692,Jack Edwards,731,David Miller,2615,Matthew Breetzke,317.0,49.0,Left,Extra Cover,0,0,0,0,LengthBall,LegStump,None,FrontFoot,ForwardDefensive,NoMovement,Over,Medium,Right,Null,NotReferred,Null,False,False,False,False,False,True,False,False,True,False,False,False,0,0,0,0,0,False,False,,,,,,
1651680,28,4.93,4,0,0,138,4,4,76620,,39987,South Africa v Australia ODIs 2026 - Men,1,21,South Africa Men,23,Australia Men,8835843,2026-09-24T10:15:09Z,3,167,False,1692,Jack Edwards,731,David Miller,2615,Matthew Breetzke,341.0,20.0,Left,Cover,0,0,0,0,LengthBall,MiddleStump,BatPad,FrontFoot,ForwardDefensive,NoMovement,Over,Medium,Right,Null,NotReferred,Null,False,False,False,False,False,True,False,False,True,False,False,False,0,0,0,0,0,False,False,,,,,,
1651680,28,4.93,4,0,0,138,4,4,76620,,39987,South Africa v Australia ODIs 2026 - Men,1,21,South Africa Men,23,Australia Men,8835886,2026-09-24T10:15:48Z,4,168,False,1692,Jack Edwards,731,David Miller,2615,Matthew Breetzke,64.0,130.0,Left,Third Man,0,2,2,0,LengthBall,LegStump,HitPad,BackFoot,Worked,NoMovement,Over,Medium,Right,Null,NotOutReviewRetained,Null,False,False,False,True,False,True,False,False,True,False,False,True,2,0,0,2,0,False,False,,,,,Lbw,1874.0
1651680,28,4.93,4,0,0,138,4,4,76620,,39987,South Africa v Australia ODIs 2026 - Men,1,21,South Africa Men,23,Australia Men,8835893,2026-09-24T10:18:10Z,5,169,False,1692,Jack Edwards,731,David Miller,2615,Matthew Breetzke,,,Left,Bowler,0,0,0,0,LengthBall,LegStump,None,FrontFoot,Pushed,NoMovement,Over,Medium,Right,Null,NotReferred,Null,False,False,False,False,False,True,False,False,True,False,False,False,0,0,0,0,0,False,False,,,,,,
1651680,28,4.93,4,0,0,138,4,4,76620,,39987,South Africa v Australia ODIs 2026 - Men,1,21,South Africa Men,23,Australia Men,8835905,2026-09-24T10:18:45Z,6,170,False,1692,Jack Edwards,731,David Miller,2615,Matthew Breetzke,329.0,148.0,Left,Deep Extra Cover,2,0,2,2,HalfVolley,MiddleStump,LeadingEdge,FrontFoot,Flick,NoMovement,Over,Medium,Right,Null,NotReferred,Null,False,False,False,False,False,True,False,False,True,False,False,False,2,0,0,0,0,False,True,,,,,,
1651696,29,5.14,11,0,0,149,4,11,76620,,39987,South Africa v Australia ODIs 2026 - Men,1,21,South Africa Men,23,Australia Men,8835923,2026-09-24T10:19:53Z,1,171,False,852,Adam Zampa,2615,Matthew Breetzke,731,David Miller,235.0,141.0,Right,Deep Extra Cover,2,0,2,2,LengthBall,OutsideOff,WellTimed,FrontFoot,Drive,LegSpinner,Over,LegSpin,Right,Null,NotReferred,Null,False,False,False,False,True,True,False,False,True,False,False,False,2,0,0,0,0,False,False,,,,,,
1651696,29,5.14,11,0,0,149,4,11,76620,,39987,South Africa v Australia ODIs 2026 - Men,1,21,South Africa Men,23,Australia Men,8835929,2026-09-24T10:20:28Z,2,172,False,852,Adam Zampa,2615,Matthew Breetzke,731,David Miller,,,Right,Bowler,0,0,0,0,LengthBall,MiddleStump,None,FrontFoot,ForwardDefensive,LegSpinner,Over,LegSpin,Right,Null,NotReferred,Null,False,False,False,False,False,True,False,False,True,False,False,False,0,0,0,0,0,False,False,,,,,,
1651696,29,5.14,11,0,0,149,4,11,76620,,39987,South Africa v Australia ODIs 2026 - Men,1,21,South Africa Men,23,Australia Men,8835935,2026-09-24T10:20:48Z,3,173,False,852,Adam Zampa,2615,Matthew Breetzke,731,David Miller,192.0,172.0,Right,,4,0,4,4,HalfVolley,OutsideOff,WellTimed,FrontFoot,Drive,LegSpinner,Over,LegSpin,Right,Null,NotReferred,Null,False,False,False,False,False,True,False,False,True,False,False,False,4,0,0,0,0,True,False,,,,,,
1651696,29,5.14,11,0,0,149,4,11,76620,,39987,South Africa v Australia ODIs 2026 - Men,1,21,South Africa Men,23,Australia Men,8835953,2026-09-24T10:21:24Z,4,174,False,852,Adam Zampa,2615,Matthew Breetzke,731,David Miller,319.0,177.0,Right,Deep Mid Wicket,4,0,4,4,Short,OutsideOff,WellTimed,BackFoot,Pull,LegSpinner,Over,LegSpin,Right,Null,NotReferred,Null,False,False,False,False,True,True,False,False,True,False,False,False,4,0,0,0,0,True,False,,,,,,
1651696,29,5.14,11,0,0,149,4,11,76620,,39987,South Africa v Australia ODIs 2026 - Men,1,21,South Africa Men,23,Australia Men,8835965,2026-09-24T10:22:16Z,5,175,False,852,Adam Zampa,2615,Matthew Breetzke,731,David Miller,199.0,25.0,Right,Cover,0,0,0,0,BackOfALength,OffStump,None,FrontFoot,ForwardDefensive,LegSpinner,Over,LegSpin,Right,Null,NotReferred,Null,False,False,False,False,False,True,False,False,True,False,False,False,0,0,0,0,0,False,False,,,,,,
1651696,29,5.14,11,0,0,149,4,11,76620,,39987,South Africa v Australia ODIs 2026 - Men,1,21,South Africa Men,23,Australia Men,8835970,2026-09-24T10:22:39Z,6,176,False,852,Adam Zampa,2615,Matthew Breetzke,731,David Miller,200.0,119.0,Right,Deep Cover,1,0,1,1,Yorker,OutsideOff,None,FrontFoot,Pushed,LegSpinner,Over,LegSpin,Right,Null,NotReferred,Null,False,False,False,False,False,True,False,False,True,False,False,False,1,0,0,0,0,False,False,,,,,,
1651707,30,5.07,3,0,0,152,4,3,76620,,39987,South Africa v Australia ODIs 2026 - Men,1,21,South Africa Men,23,Australia Men,8835985,2026-09-24T10:23:43Z,1,177,False,1692,Jack Edwards,2615,Matthew Breetzke,731,David Miller,,,Right,Wicketkeeper,0,0,0,0,LengthBall,OutsideOff,Missed,FrontFoot,Cut,NoMovement,Over,Medium,Right,Null,NotReferred,Null,False,False,False,False,False,True,False,False,True,False,False,False,0,0,0,0,0,False,False,,,,,,
1651707,30,5.07,3,0,0,152,4,3,76620,,39987,South Africa v Australia ODIs 2026 - Men,1,21,South Africa Men,23,Australia Men,8835996,2026-09-24T10:24:22Z,2,178,False,1692,Jack Edwards,2615,Matthew Breetzke,731,David Miller,186.0,122.0,Right,Deep Cover,1,0,1,1,LengthBall,OutsideOff,None,FrontFoot,Drive,NoMovement,Over,Medium,Right,Null,NotReferred,Null,False,False,False,False,False,True,False,False,True,False,False,False,1,0,0,0,0,False,False,,,,,,
1651707,30,5.07,3,0,0,152,4,3,76620,,39987,South Africa v Australia ODIs 2026 - Men,1,21,South Africa Men,23,Australia Men,8836003,2026-09-24T10:24:57Z,3,179,False,1692,Jack Edwards,731,David Miller,2615,Matthew Breetzke,17.0,31.0,Left,Backward Point,0,0,0,0,LengthBall,DownLeg,HitBody,BackFoot,Worked,NoMovement,Over,Medium,Right,Null,NotReferred,Null,False,False,False,False,False,True,False,False,True,False,False,False,0,0,0,0,0,False,False,,,,,,
1651707,30,5.07,3,0,0,152,4,3,76620,,39987,South Africa v Australia ODIs 2026 - Men,1,21,South Africa Men,23,Australia Men,8836013,2026-09-24T10:25:29Z,4,180,False,1692,Jack Edwards,731,David Miller,2615,Matthew Breetzke,7.0,26.0,Left,Backward Point,0,0,0,0,LengthBall,MiddleStump,BatPad,FrontFoot,ForwardDefensive,NoMovement,Over,Medium,Right,Null,NotReferred,Null,False,False,False,False,False,True,False,False,True,False,False,False,0,0,0,0,0,False,False,,,,,,
1651707,30,5.07,3,0,0,152,4,3,76620,,39987,South Africa v Australia ODIs 2026 - Men,1,21,South Africa Men,23,Australia Men,8836020,2026-09-24T10:26:04Z,5,181,False,1692,Jack Edwards,731,David Miller,2615,Matthew Breetzke,345.0,123.0,Left,Deep Cover,1,0,1,1,BackOfALength,LegStump,None,BackFoot,Drive,NoMovement,Over,Medium,Right,Null,NotReferred,Null,False,False,False,False,False,True,False,False,True,False,False,False,1,0,0,0,0,False,False,,,,,,
1651707,30,5.07,3,0,0,152,4,3,76620,,39987,South Africa v Australia ODIs 2026 - Men,1,21,South Africa Men,23,Australia Men,8836032,2026-09-24T10:26:43Z,6,182,False,1692,Jack Edwards,2615,Matthew Breetzke,731,David Miller,7.0,80.0,Right,Backward Square Leg,1,0,1,1,BackOfALength,OffStump,None,BackFoot,Worked,NoMovement,Over,Medium,Right,Null,NotReferred,Null,False,False,False,False,False,True,False,False,True,False,False,False,1,0,0,0,0,False,False,,,,,,
1651727,31,5.13,7,0,0,159,4,7,76620,,39987,South Africa v Australia ODIs 2026 - Men,1,21,South Africa Men,23,Australia Men,8836101,2026-09-24T10:30:51Z,1,183,False,1185,Josh Hazlewood,2615,Matthew Breetzke,731,David Miller,176.0,44.0,Right,Backward Point,0,0,0,0,BackOfALength,OutsideOff,None,BackFoot,BackwardDefensive,NoMovement,Over,FastSeam,Right,Null,NotReferred,Null,False,False,False,False,False,True,False,False,True,False,False,False,0,0,0,0,0,False,False,,,,,,
1651727,31,5.13,7,0,0,159,4,7,76620,,39987,South Africa v Australia ODIs 2026 - Men,1,21,South Africa Men,23,Australia Men,8836112,2026-09-24T10:31:29Z,2,184,False,1185,Josh Hazlewood,2615,Matthew Breetzke,731,David Miller,151.0,46.0,Right,Backward Point,0,0,0,0,BackOfALength,OutsideOff,None,BackFoot,Steer,NoMovement,Over,FastSeam,Right,Null,NotReferred,Null,False,False,False,False,False,True,False,False,True,False,False,False,0,0,0,0,0,False,False,,,,,,
1651727,31,5.13,7,0,0,159,4,7,76620,,39987,South Africa v Australia ODIs 2026 - Men,1,21,South Africa Men,23,Australia Men,8836121,2026-09-24T10:32:07Z,3,185,False,1185,Josh Hazlewood,2615,Matthew Breetzke,731,David Miller,295.0,28.0,Right,Mid On,0,0,0,0,BackOfALength,OutsideOff,None,BackFoot,BackwardDefensive,NoMovement,Over,FastSeam,Right,Null,NotReferred,Null,False,False,False,False,False,True,False,False,True,False,False,False,0,0,0,0,0,False,False,,,,,,
1651727,31,5.13,7,0,0,159,4,7,76620,,39987,South Africa v Australia ODIs 2026 - Men,1,21,South Africa Men,23,Australia Men,8836135,2026-09-24T10:32:42Z,4,186,False,1185,Josh Hazlewood,2615,Matthew Breetzke,731,David Miller,220.0,34.0,Right,Extra Cover,0,0,0,0,LengthBall,OffStump,None,FrontFoot,ForwardDefensive,NoMovement,Over,FastSeam,Right,Null,NotReferred,Null,False,False,False,False,False,True,False,False,True,False,False,False,0,0,0,0,0,False,False,,,,,,
1651727,31,5.13,7,0,0,159,4,7,76620,,39987,South Africa v Australia ODIs 2026 - Men,1,21,South Africa Men,23,Australia Men,8836146,2026-09-24T10:33:18Z,5,187,False,1185,Josh Hazlewood,2615,Matthew Breetzke,731,David Miller,342.0,173.0,Right,Deep Square Leg,6,0,6,6,BackOfALength,OutsideOff,Middled,BackFoot,Pull,NoMovement,Over,FastSeam,Right,Null,NotReferred,Null,False,False,False,False,True,True,False,False,True,False,False,False,6,0,0,0,0,True,False,,,,,,
1651727,31,5.13,7,0,0,159,4,7,76620,,39987,South Africa v Australia ODIs 2026 - Men,1,21,South Africa Men,23,Australia Men,8836163,2026-09-24T10:34:04Z,6,188,False,1185,Josh Hazlewood,2615,Matthew Breetzke,731,David Miller,152.0,130.0,Right,Deep Backward Point,1,0,1,1,LengthBall,OutsideOff,None,BackFoot,Drive,NoMovement,Over,FastSeam,Right,Null,NotReferred,Null,False,False,False,False,False,True,False,False,True,False,False,False,1,0,0,0,0,False,False,,,,,,
1651739,32,5.16,6,0,0,165,4,6,76620,,39987,South Africa v Australia ODIs 2026 - Men,1,21,South Africa Men,23,Australia Men,8836176,2026-09-24T10:35:06Z,1,189,False,1692,Jack Edwards,2615,Matthew Breetzke,731,David Miller,280.0,180.0,Right,,4,0,4,4,HalfVolley,OffStump,WellTimed,FrontFoot,Drive,NoMovement,Over,Medium,Right,Null,NotReferred,Null,False,False,False,False,False,True,False,False,True,False,False,False,4,0,0,0,0,True,False,,,,,,
1651739,32,5.16,6,0,0,165,4,6,76620,,39987,South Africa v Australia ODIs 2026 - Men,1,21,South Africa Men,23,Australia Men,8836185,2026-09-24T10:35:43Z,2,190,False,1692,Jack Edwards,2615,Matthew Breetzke,731,David Miller,,,Right,Bowler,0,0,0,0,HalfVolley,OffStump,None,FrontFoot,Drive,NoMovement,Over,Medium,Right,Null,NotReferred,Null,False,False,False,False,False,True,False,False,True,False,False,False,0,0,0,0,0,False,False,,,,,,
1651739,32,5.16,6,0,0,165,4,6,76620,,39987,South Africa v Australia ODIs 2026 - Men,1,21,South Africa Men,23,Australia Men,8836196,2026-09-24T10:36:30Z,3,191,False,1692,Jack Edwards,2615,Matthew Breetzke,731,David Miller,164.0,33.0,Right,Backward Point,0,0,0,0,HalfVolley,OutsideOff,None,BackFoot,Drive,InSwinger,Over,Medium,Right,Null,NotReferred,Null,False,False,False,False,False,True,False,False,True,False,False,False,0,0,0,0,0,False,False,,,,,,
1651739,32,5.16,6,0,0,165,4,6,76620,,39987,South Africa v Australia ODIs 2026 - Men,1,21,South Africa Men,23,Australia Men,8836210,2026-09-24T10:37:03Z,4,192,False,1692,Jack Edwards,2615,Matthew Breetzke,731,David Miller,172.0,60.0,Right,Backward Point,1,0,1,1,HalfVolley,OutsideOff,None,FrontFoot,Drive,NoMovement,Over,Medium,Right,Null,NotReferred,Null,False,False,False,False,False,True,False,False,True,False,False,False,1,0,0,0,0,False,False,,,,,,
1651739,32,5.16,6,0,0,165,4,6,76620,,39987,South Africa v Australia ODIs 2026 - Men,1,21,South Africa Men,23,Australia Men,8836219,2026-09-24T10:37:52Z,5,193,False,1692,Jack Edwards,731,David Miller,2615,Matthew Breetzke,357.0,40.0,Left,Cover,0,0,0,0,LengthBall,MiddleStump,None,FrontFoot,Pushed,NoMovement,Over,Medium,Right,Null,NotReferred,Null,False,False,False,False,False,True,False,False,True,False,False,False,0,0,0,0,0,False,False,,,,,,
1651739,32,5.16,6,0,0,165,4,6,76620,,39987,South Africa v Australia ODIs 2026 - Men,1,21,South Africa Men,23,Australia Men,8836230,2026-09-24T10:38:28Z,6,194,False,1692,Jack Edwards,731,David Miller,2615,Matthew Breetzke,2.0,122.0,Left,Deep Backward Point,1,0,1,1,LengthBall,MiddleStump,None,FrontFoot,Pushed,NoMovement,Over,Medium,Right,Null,NotReferred,Null,False,False,False,False,False,True,False,False,True,False,False,False,1,0,0,0,0,False,False,,,,,,
1651751,33,5.03,1,0,0,166,4,1,76620,,39987,South Africa v Australia ODIs 2026 - Men,1,21,South Africa Men,23,Australia Men,8836255,2026-09-24T10:40:05Z,1,195,False,1185,Josh Hazlewood,731,David Miller,2615,Matthew Breetzke,126.0,109.0,Left,Fine Leg,0,1,1,0,BackOfALength,DownLeg,HitBody,BackFoot,Glance,NoMovement,Over,FastSeam,Right,Null,NotReferred,Null,False,False,False,True,False,True,False,False,True,False,False,False,1,0,0,1,0,False,False,,,,,,
1651751,33,5.03,1,0,0,166,4,1,76620,,39987,South Africa v Australia ODIs 2026 - Men,1,21,South Africa Men,23,Australia Men,8836259,2026-09-24T10:40:09Z,2,196,False,1185,Josh Hazlewood,2615,Matthew Breetzke,731,David Miller,223.0,63.0,Right,Extra Cover,0,0,0,0,LengthBall,OutsideOff,None,BackFoot,BackwardDefensive,NoMovement,Over,FastSeam,Right,Null,NotReferred,Null,False,False,False,False,False,True,False,False,True,False,False,False,0,0,0,0,0,False,False,,,,,,
1651751,33,5.03,1,0,0,166,4,1,76620,,39987,South Africa v Australia ODIs 2026 - Men,1,21,South Africa Men,23,Australia Men,8836269,2026-09-24T10:40:43Z,3,197,False,1185,Josh Hazlewood,2615,Matthew Breetzke,731,David Miller,,,Right,,0,0,0,0,BackOfALength,OutsideOff,HitBody,BackFoot,Pull,NoMovement,Over,FastSeam,Right,Null,NotReferred,Null,False,False,False,False,False,True,False,False,True,False,False,False,0,0,0,0,0,False,False,,,,,,
1651751,33,5.03,1,0,0,166,4,1,76620,,39987,South Africa v Australia ODIs 2026 - Men,1,21,South Africa Men,23,Australia Men,8836300,2026-09-24T10:42:45Z,4,198,False,1185,Josh Hazlewood,2615,Matthew Breetzke,731,David Miller,204.0,38.0,Right,Cover,0,0,0,0,LengthBall,OutsideOff,None,BackFoot,BackwardDefensive,NoMovement,Over,FastSeam,Right,Null,NotReferred,Null,False,False,False,False,False,True,False,False,True,False,False,False,0,0,0,0,0,False,False,,,,,,
1651751,33,5.03,1,0,0,166,4,1,76620,,39987,South Africa v Australia ODIs 2026 - Men,1,21,South Africa Men,23,Australia Men,8836309,2026-09-24T10:43:19Z,5,199,False,1185,Josh Hazlewood,2615,Matthew Breetzke,731,David Miller,162.0,33.0,Right,Backward Point,0,0,0,0,LengthBall,OutsideOff,None,FrontFoot,ForwardDefensive,NoMovement,Over,FastSeam,Right,Null,NotReferred,Null,False,False,False,False,False,True,False,False,True,False,False,False,0,0,0,0,0,False,False,,,,,,
1651751,33,5.03,1,0,0,166,4,1,76620,,39987,South Africa v Australia ODIs 2026 - Men,1,21,South Africa Men,23,Australia Men,8836325,2026-09-24T10:44:03Z,6,200,False,1185,Josh Hazlewood,2615,Matthew Breetzke,731,David Miller,155.0,55.0,Right,Backward Point,0,0,0,0,LengthBall,OutsideOff,None,BackFoot,Pushed,NoMovement,Over,FastSeam,Right,Null,NotReferred,Null,False,False,False,False,False,True,False,False,True,False,False,False,0,0,0,0,0,False,False,,,,,,
1651766,34,4.94,2,1,0,168,5,2,76620,,39987,South Africa v Australia ODIs 2026 - Men,1,21,South Africa Men,23,Australia Men,8836347,2026-09-24T10:45:15Z,1,201,False,3531,Nathan Ellis,731,David Miller,2615,Matthew Breetzke,284.0,56.0,Left,Mid Off,0,0,0,0,LengthBall,MiddleStump,None,FrontFoot,Pushed,SlowerBall,Over,FastSeam,Right,Null,NotReferred,Null,False,False,False,False,False,True,False,False,True,False,False,False,0,0,0,0,0,False,False,,,,,,
1651766,34,4.94,2,1,0,168,5,2,76620,,39987,South Africa v Australia ODIs 2026 - Men,1,21,South Africa Men,23,Australia Men,8836356,2026-09-24T10:45:52Z,2,202,False,3531,Nathan Ellis,731,David Miller,2615,Matthew Breetzke,13.0,40.0,Left,Backward Point,0,0,0,0,BackOfALength,MiddleStump,None,BackFoot,Steer,SlowerBall,Over,FastSeam,Right,Null,NotReferred,Null,False,False,False,False,False,True,False,False,True,False,False,False,0,0,0,0,0,False,False,,,,,,
1651766,34,4.94,2,1,0,168,5,2,76620,,39987,South Africa v Australia ODIs 2026 - Men,1,21,South Africa Men,23,Australia Men,8836367,2026-09-24T10:46:33Z,3,203,False,3531,Nathan Ellis,731,David Miller,2615,Matthew Breetzke,124.0,61.0,Left,Short Fine Leg,0,1,1,0,LengthBall,DownLeg,HitBody,FrontFoot,Flick,NoMovement,Over,FastSeam,Right,Null,NotReferred,Null,False,False,False,True,False,True,False,False,True,False,False,False,1,0,0,1,0,False,False,,,,,,
1651766,34,4.94,2,1,0,168,5,2,76620,,39987,South Africa v Australia ODIs 2026 - Men,1,21,South Africa Men,23,Australia Men,8836379,2026-09-24T10:47:16Z,4,204,False,3531,Nathan Ellis,2615,Matthew Breetzke,731,David Miller,334.0,142.0,Right,Deep Square Leg,1,0,1,1,Short,OutsideOff,None,BackFoot,Pull,NoMovement,Over,FastSeam,Right,Null,NotReferred,Null,False,False,False,False,True,True,False,False,True,False,False,False,1,0,0,0,0,False,False,,,,,,
1651766,34,4.94,2,1,0,168,5,2,76620,,39987,South Africa v Australia ODIs 2026 - Men,1,21,South Africa Men,23,Australia Men,8836397,2026-09-24T10:47:55Z,5,205,True,3531,Nathan Ellis,731,David Miller,2615,Matthew Breetzke,,,Left,Bowler,0,0,0,0,BackOfALength,LegStump,MisTimed,BackFoot,Worked,NoMovement,Over,FastSeam,Right,Null,NotReferred,Null,False,False,False,False,False,True,False,False,True,False,False,False,0,0,0,0,0,False,True,Caught,731.0,David Miller,Caught,Caught,1874.0
1651766,34,4.94,2,1,0,168,5,2,76620,,39987,South Africa v Australia ODIs 2026 - Men,1,21,South Africa Men,23,Australia Men,8836428,2026-09-24T10:50:24Z,6,206,False,3531,Nathan Ellis,2705,Marco Jansen,2615,Matthew Breetzke,142.0,33.0,Right,Gully,0,0,0,0,BackOfALength,OutsideOff,None,BackFoot,Steer,NoMovement,Over,FastSeam,Right,Null,NotReferred,Null,False,False,False,False,False,True,False,False,True,False,False,False,0,0,0,0,0,False,False,,,,,,
1651783,35,4.89,3,0,0,171,5,3,76620,,39987,South Africa v Australia ODIs 2026 - Men,1,21,South Africa Men,23,Australia Men,8836445,2026-09-24T10:51:32Z,1,207,False,724,Mitchell Starc,2615,Matthew Breetzke,2705,Marco Jansen,275.0,83.0,Right,Mid On,1,0,1,1,HalfVolley,MiddleStump,MisTimed,FrontFoot,Drive,NoMovement,Over,FastSeam,Left,Null,NotReferred,Null,False,False,False,False,False,True,False,False,True,False,False,False,1,0,0,0,0,False,False,,,,,,
1651783,35,4.89,3,0,0,171,5,3,76620,,39987,South Africa v Australia ODIs 2026 - Men,1,21,South Africa Men,23,Australia Men,8836459,2026-09-24T10:52:17Z,2,208,False,724,Mitchell Starc,2705,Marco Jansen,2615,Matthew Breetzke,58.0,133.0,Right,Fine Leg,1,0,1,1,LengthBall,DownLeg,MisTimed,FrontFoot,Flick,NoMovement,Over,FastSeam,Left,Null,NotReferred,Null,False,False,False,False,False,True,False,False,True,False,False,False,1,0,0,0,0,False,False,,,,,,
1651783,35,4.89,3,0,0,171,5,3,76620,,39987,South Africa v Australia ODIs 2026 - Men,1,21,South Africa Men,23,Australia Men,8836468,2026-09-24T10:52:56Z,3,209,False,724,Mitchell Starc,2615,Matthew Breetzke,2705,Marco Jansen,6.0,45.0,Right,Backward Square Leg,1,0,1,1,LengthBall,DownLeg,None,BackFoot,Worked,NoMovement,Over,FastSeam,Left,Null,NotReferred,Null,False,False,False,False,False,True,False,False,True,False,False,False,1,0,0,0,0,False,False,,,,,,
1651783,35,4.89,3,0,0,171,5,3,76620,,39987,South Africa v Australia ODIs 2026 - Men,1,21,South Africa Men,23,Australia Men,8836476,2026-09-24T10:53:32Z,4,210,False,724,Mitchell Starc,2705,Marco Jansen,2615,Matthew Breetzke,,,Right,Wicketkeeper,0,0,0,0,LengthBall,OffStump,Missed,FrontFoot,Drive,NoMovement,Over,FastSeam,Left,Null,NotReferred,Null,False,False,False,False,False,True,False,False,True,False,False,False,0,0,0,0,0,False,False,,,,,,
1651783,35,4.89,3,0,0,171,5,3,76620,,39987,South Africa v Australia ODIs 2026 - Men,1,21,South Africa Men,23,Australia Men,8836491,2026-09-24T10:54:11Z,5,211,False,724,Mitchell Starc,2705,Marco Jansen,2615,Matthew Breetzke,289.0,66.0,Right,Mid On,0,0,0,0,HalfVolley,MiddleStump,MisTimed,FrontFoot,Drive,NoMovement,Over,FastSeam,Left,Null,NotReferred,Null,False,False,False,False,False,True,False,False,True,False,False,False,0,0,0,0,0,False,False,,,,,,
1651783,35,4.89,3,0,0,171,5,3,76620,,39987,South Africa v Australia ODIs 2026 - Men,1,21,South Africa Men,23,Australia Men,8836498,2026-09-24T10:54:47Z,6,212,False,724,Mitchell Starc,2705,Marco Jansen,2615,Matthew Breetzke,224.0,55.0,Right,Extra Cover,0,0,0,0,Yorker,MiddleStump,None,FrontFoot,Pushed,NoMovement,Over,FastSeam,Left,Null,NotReferred,Null,False,False,False,False,False,True,False,False,True,False,False,False,0,0,0,0,0,False,False,,,,,,
1651794,36,4.86,4,0,0,175,5,4,76620,,39987,South Africa v Australia ODIs 2026 - Men,1,21,South Africa Men,23,Australia Men,8836517,2026-09-24T10:55:42Z,1,213,False,3531,Nathan Ellis,2615,Matthew Breetzke,2705,Marco Jansen,90.0,33.0,Right,First Slip,0,0,0,0,LengthBall,OutsideOff,InsideEdge,FrontFoot,Drive,NoMovement,Over,FastSeam,Right,Null,NotReferred,Null,False,False,False,False,False,True,False,False,True,False,False,False,0,0,0,0,0,False,False,,,,,,
1651794,36,4.86,4,0,0,175,5,4,76620,,39987,South Africa v Australia ODIs 2026 - Men,1,21,South Africa Men,23,Australia Men,8836525,2026-09-24T10:56:15Z,2,214,False,3531,Nathan Ellis,2615,Matthew Breetzke,2705,Marco Jansen,143.0,142.0,Right,Third Man,1,0,1,1,LengthBall,OutsideOff,ThickEdge,BackFoot,Drive,NoMovement,Over,FastSeam,Right,Null,NotReferred,Null,False,False,False,False,False,True,False,False,True,False,False,False,1,0,0,0,0,False,False,,,,,,
1651794,36,4.86,4,0,0,175,5,4,76620,,39987,South Africa v Australia ODIs 2026 - Men,1,21,South Africa Men,23,Australia Men,8836532,2026-09-24T10:56:51Z,3,215,False,3531,Nathan Ellis,2705,Marco Jansen,2615,Matthew Breetzke,,,Right,Wicketkeeper,0,0,0,0,HalfVolley,OutsideOff,ShouldersArms,FrontFoot,ShouldersArms,SlowerBall,Over,FastSeam,Right,Null,NotReferred,Null,False,False,False,False,False,True,False,False,True,False,False,False,0,0,0,0,0,False,False,,,,,,
1651794,36,4.86,4,0,0,175,5,4,76620,,39987,South Africa v Australia ODIs 2026 - Men,1,21,South Africa Men,23,Australia Men,8836545,2026-09-24T10:57:27Z,4,216,False,3531,Nathan Ellis,2705,Marco Jansen,2615,Matthew Breetzke,228.0,143.0,Right,Deep Extra Cover,1,0,1,1,BackOfALength,OutsideOff,None,BackFoot,Drive,SlowerBall,Over,FastSeam,Right,Null,NotReferred,Null,False,False,False,False,False,True,False,False,True,False,False,False,1,0,0,0,0,False,False,,,,,,
1651794,36,4.86,4,0,0,175,5,4,76620,,39987,South Africa v Australia ODIs 2026 - Men,1,21,South Africa Men,23,Australia Men,8836562,2026-09-24T10:58:04Z,5,217,False,3531,Nathan Ellis,2615,Matthew Breetzke,2705,Marco Jansen,65.0,57.0,Right,Short Fine Leg,1,0,1,1,BackOfALength,OutsideOff,TopEdge,BackFoot,Pull,NoMovement,Over,FastSeam,Right,Null,NotReferred,Null,False,False,False,False,False,True,False,False,True,False,False,False,1,0,0,0,0,False,True,,,,,,
1651794,36,4.86,4,0,0,175,5,4,76620,,39987,South Africa v Australia ODIs 2026 - Men,1,21,South Africa Men,23,Australia Men,8836569,2026-09-24T10:58:52Z,6,218,False,3531,Nathan Ellis,2705,Marco Jansen,2615,Matthew Breetzke,241.0,70.0,Right,Mid Off,1,0,1,1,HalfVolley,OutsideOff,None,FrontFoot,Drive,NoMovement,Over,FastSeam,Right,Null,NotReferred,Null,False,False,False,False,False,True,False,False,True,False,False,False,1,0,0,0,0,False,False,,,,,,
1651805,37,4.92,7,0,0,182,5,7,76620,,39987,South Africa v Australia ODIs 2026 - Men,1,21,South Africa Men,23,Australia Men,8836584,2026-09-24T10:59:53Z,1,219,False,724,Mitchell Starc,2705,Marco Jansen,2615,Matthew Breetzke,127.0,58.0,Right,Gully,0,0,0,0,Short,LegStump,None,BackFoot,Steer,NoMovement,Over,FastSeam,Left,Null,NotReferred,Null,False,False,False,False,False,True,False,False,True,False,False,False,0,0,0,0,0,False,False,,,,,,
1651805,37,4.92,7,0,0,182,5,7,76620,,39987,South Africa v Australia ODIs 2026 - Men,1,21,South Africa Men,23,Australia Men,8836595,2026-09-24T11:00:29Z,2,220,False,724,Mitchell Starc,2705,Marco Jansen,2615,Matthew Breetzke,319.0,177.0,Right,,4,0,4,4,HalfVolley,LegStump,WellTimed,FrontFoot,Slog,NoMovement,Over,FastSeam,Left,Null,NotReferred,Null,False,False,False,False,False,True,False,False,True,False,False,False,4,0,0,0,0,True,False,,,,,,
1651805,37,4.92,7,0,0,182,5,7,76620,,39987,South Africa v Australia ODIs 2026 - Men,1,21,South Africa Men,23,Australia Men,8836607,2026-09-24T11:01:24Z,3,221,False,724,Mitchell Starc,2705,Marco Jansen,2615,Matthew Breetzke,232.0,71.0,Right,Extra Cover,1,0,1,1,BackOfALength,LegStump,None,BackFoot,Drive,NoMovement,Over,FastSeam,Left,Null,NotReferred,Null,False,False,False,False,False,True,False,False,True,False,False,False,1,0,0,0,0,False,False,,,,,,
1651805,37,4.92,7,0,0,182,5,7,76620,,39987,South Africa v Australia ODIs 2026 - Men,1,21,South Africa Men,23,Australia Men,8836619,2026-09-24T11:02:04Z,4,222,False,724,Mitchell Starc,2615,Matthew Breetzke,2705,Marco Jansen,34.0,117.0,Right,Fine Leg,1,0,1,1,BackOfALength,LegStump,None,BackFoot,Worked,NoMovement,Over,FastSeam,Left,Null,NotReferred,Null,False,False,False,False,False,True,False,False,True,False,False,False,1,0,0,0,0,False,False,,,,,,
1651805,37,4.92,7,0,0,182,5,7,76620,,39987,South Africa v Australia ODIs 2026 - Men,1,21,South Africa Men,23,Australia Men,8836637,2026-09-24T11:02:48Z,5,223,False,724,Mitchell Starc,2705,Marco Jansen,2615,Matthew Breetzke,,,Right,Wicketkeeper,0,0,0,0,Yorker,Wide,Missed,BackFoot,Cut,NoMovement,Over,FastSeam,Left,Null,NotReferred,Null,False,False,False,False,False,True,False,False,True,False,False,False,0,0,0,0,0,False,False,,,,,Caught,2088.0
1651805,37,4.92,7,0,0,182,5,7,76620,,39987,South Africa v Australia ODIs 2026 - Men,1,21,South Africa Men,23,Australia Men,8836646,2026-09-24T11:03:32Z,6,224,False,724,Mitchell Starc,2705,Marco Jansen,2615,Matthew Breetzke,331.0,149.0,Right,Deep Square Leg,1,0,1,1,Short,LegStump,None,BackFoot,Pull,NoMovement,Over,FastSeam,Left,Null,NotReferred,Null,False,False,False,False,False,True,False,False,True,False,False,False,1,0,0,0,0,False,False,,,,,,
1651818,38,4.84,2,0,0,184,5,2,76620,,39987,South Africa v Australia ODIs 2026 - Men,1,21,South Africa Men,23,Australia Men,8836657,2026-09-24T11:04:30Z,1,225,False,3531,Nathan Ellis,2705,Marco Jansen,2615,Matthew Breetzke,,,Right,Wicketkeeper,0,0,0,0,HalfTracker,OutsideOff,Left,NoMovement,Leave,NoMovement,Over,FastSeam,Right,Null,NotReferred,Null,False,False,False,False,False,True,False,False,True,False,False,False,0,0,0,0,0,False,False,,,,,,
1651818,38,4.84,2,0,0,184,5,2,76620,,39987,South Africa v Australia ODIs 2026 - Men,1,21,South Africa Men,23,Australia Men,8836671,2026-09-24T11:05:09Z,2,226,False,3531,Nathan Ellis,2705,Marco Jansen,2615,Matthew Breetzke,216.0,133.0,Right,Deep Extra Cover,1,0,1,1,LengthBall,OutsideOff,None,FrontFoot,Drive,NoMovement,Over,FastSeam,Right,Null,NotReferred,Null,False,False,False,False,False,True,False,False,True,False,False,False,1,0,0,0,0,False,False,,,,,,
1651818,38,4.84,2,0,0,184,5,2,76620,,39987,South Africa v Australia ODIs 2026 - Men,1,21,South Africa Men,23,Australia Men,8836679,2026-09-24T11:05:45Z,3,227,False,3531,Nathan Ellis,2615,Matthew Breetzke,2705,Marco Jansen,,,Right,Wicketkeeper,0,0,0,0,Short,OutsideOff,Left,NoMovement,Leave,SlowerBall,Over,FastSeam,Right,Null,NotReferred,Null,False,False,False,False,False,True,False,False,True,False,False,False,0,0,0,0,0,False,False,,,,,,
1651818,38,4.84,2,0,0,184,5,2,76620,,39987,South Africa v Australia ODIs 2026 - Men,1,21,South Africa Men,23,Australia Men,8836687,2026-09-24T11:06:21Z,4,228,False,3531,Nathan Ellis,2615,Matthew Breetzke,2705,Marco Jansen,324.0,30.0,Right,Mid Wicket,0,0,0,0,LengthBall,OffStump,None,FrontFoot,ForwardDefensive,NoMovement,Over,FastSeam,Right,Null,NotReferred,Null,False,False,False,False,False,True,False,False,True,False,False,False,0,0,0,0,0,False,False,,,,,,
1651818,38,4.84,2,0,0,184,5,2,76620,,39987,South Africa v Australia ODIs 2026 - Men,1,21,South Africa Men,23,Australia Men,8836699,2026-09-24T11:07:07Z,5,229,False,3531,Nathan Ellis,2615,Matthew Breetzke,2705,Marco Jansen,234.0,45.0,Right,Extra Cover,0,0,0,0,HalfVolley,OffStump,None,FrontFoot,ForwardDefensive,SlowerBall,Over,FastSeam,Right,Null,NotReferred,Null,False,False,False,False,False,True,False,False,True,False,False,False,0,0,0,0,0,False,False,,,,,,
1651818,38,4.84,2,0,0,184,5,2,76620,,39987,South Africa v Australia ODIs 2026 - Men,1,21,South Africa Men,23,Australia Men,8836710,2026-09-24T11:07:43Z,6,230,False,3531,Nathan Ellis,2615,Matthew Breetzke,2705,Marco Jansen,319.0,149.0,Right,Deep Mid Wicket,1,0,1,1,Short,OutsideOff,Middled,BackFoot,Pull,NoMovement,Over,FastSeam,Right,Null,NotReferred,Null,False,False,False,False,False,True,False,False,True,False,False,False,1,0,0,0,0,False,False,,,,,,
1651830,39,5.13,16,0,0,200,5,16,76620,,39987,South Africa v Australia ODIs 2026 - Men,1,21,South Africa Men,23,Australia Men,8836733,2026-09-24T11:09:11Z,1,231,False,852,Adam Zampa,2615,Matthew Breetzke,2705,Marco Jansen,313.0,125.0,Right,Deep Mid Wicket,1,0,1,1,LengthBall,OffStump,None,FrontFoot,Worked,LegSpinner,Over,LegSpin,Right,Null,NotReferred,Null,False,False,False,False,False,True,False,False,True,False,False,False,1,0,0,0,0,False,False,,,,,,
1651830,39,5.13,16,0,0,200,5,16,76620,,39987,South Africa v Australia ODIs 2026 - Men,1,21,South Africa Men,23,Australia Men,8836743,2026-09-24T11:10:01Z,2,232,False,852,Adam Zampa,2705,Marco Jansen,2615,Matthew Breetzke,257.0,153.0,Right,Long Off,2,0,2,2,HalfVolley,OutsideOff,None,FrontFoot,Drive,LegSpinner,Over,LegSpin,Right,Null,NotReferred,Null,False,False,False,False,False,True,False,False,True,False,False,False,2,0,0,0,0,False,False,,,,,,
1651830,39,5.13,16,0,0,200,5,16,76620,,39987,South Africa v Australia ODIs 2026 - Men,1,21,South Africa Men,23,Australia Men,8836752,2026-09-24T11:10:33Z,3,233,False,852,Adam Zampa,2705,Marco Jansen,2615,Matthew Breetzke,313.0,177.0,Right,Deep Mid Wicket,6,0,6,6,LengthBall,OffStump,Middled,FrontFoot,SlogSweep,LegSpinner,Over,LegSpin,Right,Null,NotReferred,Null,False,False,False,False,True,True,False,False,True,False,False,False,6,0,0,0,0,True,False,,,,,,
1651830,39,5.13,16,0,0,200,5,16,76620,,39987,South Africa v Australia ODIs 2026 - Men,1,21,South Africa Men,23,Australia Men,8836760,2026-09-24T11:11:11Z,4,234,False,852,Adam Zampa,2705,Marco Jansen,2615,Matthew Breetzke,,,Right,Wicketkeeper,0,0,0,0,BackOfALength,OutsideOff,Missed,FrontFoot,Drive,LegSpinner,Over,LegSpin,Right,Null,NotReferred,Null,False,False,False,False,False,True,False,False,True,False,False,False,0,0,0,0,0,False,False,,,,,,
1651830,39,5.13,16,0,0,200,5,16,76620,,39987,South Africa v Australia ODIs 2026 - Men,1,21,South Africa Men,23,Australia Men,8836763,2026-09-24T11:11:31Z,5,235,False,852,Adam Zampa,2705,Marco Jansen,2615,Matthew Breetzke,348.0,172.0,Right,,6,0,6,6,LengthBall,LegStump,Middled,FrontFoot,SlogSweep,LegSpinner,Over,LegSpin,Right,Null,NotReferred,Null,False,False,False,False,True,True,False,False,True,False,False,False,6,0,0,0,0,True,False,,,,,,
1651830,39,5.13,16,0,0,200,5,16,76620,,39987,South Africa v Australia ODIs 2026 - Men,1,21,South Africa Men,23,Australia Men,8836772,2026-09-24T11:12:07Z,6,236,False,852,Adam Zampa,2705,Marco Jansen,2615,Matthew Breetzke,230.0,60.0,Right,Extra Cover,1,0,1,1,BackOfALength,OutsideOff,None,FrontFoot,Pushed,LegSpinner,Over,LegSpin,Right,Null,NotReferred,Null,False,False,False,False,False,True,False,False,True,False,False,False,1,0,0,0,0,False,False,,,,,,
1651840,40,5.2,8,0,0,208,5,8,76620,,39987,South Africa v Australia ODIs 2026 - Men,1,21,South Africa Men,23,Australia Men,8836793,2026-09-24T11:13:30Z,1,237,False,1692,Jack Edwards,2705,Marco Jansen,2615,Matthew Breetzke,162.0,167.0,Right,,4,0,4,4,BackOfALength,OutsideOff,WellTimed,BackFoot,Cut,NoMovement,Over,Medium,Right,Null,NotReferred,Null,False,False,False,False,False,True,False,False,True,False,False,False,4,0,0,0,0,True,False,,,,,,
1651840,40,5.2,8,0,0,208,5,8,76620,,39987,South Africa v Australia ODIs 2026 - Men,1,21,South Africa Men,23,Australia Men,8836798,2026-09-24T11:14:03Z,2,238,False,1692,Jack Edwards,2705,Marco Jansen,2615,Matthew Breetzke,,,Right,Wicketkeeper,1,1,1,0,HalfVolley,DownLeg,PlayAndMissLegSide,NoMovement,Leave,SlowerBall,Over,Medium,Right,Null,NotReferred,Null,True,False,False,False,False,True,False,False,True,False,False,False,1,0,1,0,0,False,False,,,,,,
1651840,40,5.2,8,0,0,208,5,8,76620,,39987,South Africa v Australia ODIs 2026 - Men,1,21,South Africa Men,23,Australia Men,8836805,2026-09-24T11:14:33Z,2,239,False,1692,Jack Edwards,2705,Marco Jansen,2615,Matthew Breetzke,179.0,124.0,Right,Deep Backward Point,1,0,1,1,BackOfALength,OutsideOff,None,FrontFoot,Drive,NoMovement,Over,Medium,Right,Null,NotReferred,Null,False,False,False,False,False,True,False,False,True,False,False,False,1,0,0,0,0,False,False,,,,,,
1651840,40,5.2,8,0,0,208,5,8,76620,,39987,South Africa v Australia ODIs 2026 - Men,1,21,South Africa Men,23,Australia Men,8836814,2026-09-24T11:15:16Z,3,240,False,1692,Jack Edwards,2615,Matthew Breetzke,2705,Marco Jansen,322.0,134.0,Right,Deep Mid Wicket,1,0,1,1,BackOfALength,OutsideOff,None,BackFoot,Pull,SlowerBall,Over,Medium,Right,Null,NotReferred,Null,False,False,False,False,False,True,False,False,True,False,False,False,1,0,0,0,0,False,False,,,,,,
1651840,40,5.2,8,0,0,208,5,8,76620,,39987,South Africa v Australia ODIs 2026 - Men,1,21,South Africa Men,23,Australia Men,8836819,2026-09-24T11:15:50Z,4,241,False,1692,Jack Edwards,2705,Marco Jansen,2615,Matthew Breetzke,,,Right,Wicketkeeper,0,0,0,0,Short,OutsideOff,Left,NoMovement,Leave,NoMovement,Over,Medium,Right,Null,NotReferred,Null,False,False,False,False,False,True,False,False,True,False,False,False,0,0,0,0,0,False,False,,,,,,
1651840,40,5.2,8,0,0,208,5,8,76620,,39987,South Africa v Australia ODIs 2026 - Men,1,21,South Africa Men,23,Australia Men,8836834,2026-09-24T11:16:39Z,5,242,False,1692,Jack Edwards,2705,Marco Jansen,2615,Matthew Breetzke,166.0,62.0,Right,Backward Point,0,0,0,0,LengthBall,OutsideOff,None,BackFoot,Drive,NoMovement,Over,Medium,Right,Null,NotReferred,Null,False,False,False,False,False,True,False,False,True,False,False,False,0,0,0,0,0,False,False,,,,,,
1651840,40,5.2,8,0,0,208,5,8,76620,,39987,South Africa v Australia ODIs 2026 - Men,1,21,South Africa Men,23,Australia Men,8836845,2026-09-24T11:17:28Z,6,243,False,1692,Jack Edwards,2705,Marco Jansen,2615,Matthew Breetzke,258.0,93.0,Right,Mid Off,1,0,1,1,BackOfALength,Wide,None,FrontFoot,Drive,NoMovement,Over,Medium,Right,Null,NotReferred,Null,False,False,False,False,False,True,False,False,True,False,False,False,1,0,0,0,0,False,False,,,,,,
1651850,41,5.32,10,0,0,218,5,10,76620,,39987,South Africa v Australia ODIs 2026 - Men,1,21,South Africa Men,23,Australia Men,8836862,2026-09-24T11:18:55Z,1,244,False,724,Mitchell Starc,2705,Marco Jansen,2615,Matthew Breetzke,0.0,0.0,Right,Wicketkeeper,0,0,0,0,Short,DownLeg,Left,Ducked,Leave,NoMovement,Over,FastSeam,Left,Null,NotReferred,Null,False,False,False,False,False,True,False,False,True,False,False,False,0,0,0,0,0,False,False,,,,,,
1651850,41,5.32,10,0,0,218,5,10,76620,,39987,South Africa v Australia ODIs 2026 - Men,1,21,South Africa Men,23,Australia Men,8836873,2026-09-24T11:19:30Z,2,245,False,724,Mitchell Starc,2705,Marco Jansen,2615,Matthew Breetzke,343.0,173.0,Right,,6,0,6,6,LengthBall,LegStump,Middled,FrontFoot,Slog,OffCutter,Over,FastSeam,Left,Null,NotReferred,Null,False,False,False,False,True,True,False,False,True,False,False,False,6,0,0,0,0,True,False,,,,,,
1651850,41,5.32,10,0,0,218,5,10,76620,,39987,South Africa v Australia ODIs 2026 - Men,1,21,South Africa Men,23,Australia Men,8836888,2026-09-24T11:20:23Z,3,246,False,724,Mitchell Starc,2705,Marco Jansen,2615,Matthew Breetzke,139.0,55.0,Right,Gully,0,0,0,0,Yorker,OutsideOff,None,FrontFoot,Steer,NoMovement,Over,FastSeam,Left,Null,NotReferred,Null,False,False,False,False,False,True,False,False,True,False,False,False,0,0,0,0,0,False,False,,,,,,
1651850,41,5.32,10,0,0,218,5,10,76620,,39987,South Africa v Australia ODIs 2026 - Men,1,21,South Africa Men,23,Australia Men,8836900,2026-09-24T11:20:58Z,4,247,False,724,Mitchell Starc,2705,Marco Jansen,2615,Matthew Breetzke,181.0,26.0,Right,Cover,0,0,0,0,Short,LegStump,BottomEdge,BackFoot,Pull,NoMovement,Over,FastSeam,Left,Null,NotReferred,Null,False,False,False,False,False,True,False,False,True,False,False,False,0,0,0,0,0,False,False,,,,,,
1651850,41,5.32,10,0,0,218,5,10,76620,,39987,South Africa v Australia ODIs 2026 - Men,1,21,South Africa Men,23,Australia Men,8836910,2026-09-24T11:21:35Z,5,248,False,724,Mitchell Starc,2705,Marco Jansen,2615,Matthew Breetzke,210.0,37.0,Right,Extra Cover,0,0,0,0,Yorker,MiddleStump,None,FrontFoot,Pushed,NoMovement,Over,FastSeam,Left,Null,NotReferred,Null,False,False,False,False,False,True,False,False,True,False,False,False,0,0,0,0,0,False,False,,,,,,
1651850,41,5.32,10,0,0,218,5,10,76620,,39987,South Africa v Australia ODIs 2026 - Men,1,21,South Africa Men,23,Australia Men,8836922,2026-09-24T11:22:24Z,6,249,False,724,Mitchell Starc,2705,Marco Jansen,2615,Matthew Breetzke,273.0,180.0,Right,,4,0,4,4,HalfVolley,OffStump,WellTimed,FrontFoot,Drive,NoMovement,Over,FastSeam,Left,Null,NotReferred,Null,False,False,False,False,True,True,False,False,True,False,False,False,4,0,0,0,0,True,False,,,,,,
1651866,42,5.26,3,0,0,221,5,3,76620,,39987,South Africa v Australia ODIs 2026 - Men,1,21,South Africa Men,23,Australia Men,8836938,2026-09-24T11:23:38Z,1,250,False,1692,Jack Edwards,2615,Matthew Breetzke,2705,Marco Jansen,317.0,138.0,Right,Deep Mid Wicket,1,0,1,1,BackOfALength,OutsideOff,None,BackFoot,Pull,SlowerBall,Over,Medium,Right,Null,NotReferred,Null,False,False,False,False,False,True,False,False,True,False,False,False,1,0,0,0,0,False,False,,,,,,
1651866,42,5.26,3,0,0,221,5,3,76620,,39987,South Africa v Australia ODIs 2026 - Men,1,21,South Africa Men,23,Australia Men,8836948,2026-09-24T11:24:09Z,2,251,False,1692,Jack Edwards,2705,Marco Jansen,2615,Matthew Breetzke,,,Right,Wicketkeeper,0,0,0,0,Short,OutsideOff,Missed,BackFoot,Pull,SlowerBall,Over,Medium,Right,Null,NotReferred,Null,False,False,False,False,False,True,False,False,True,False,False,False,0,0,0,0,0,False,False,,,,,,
1651866,42,5.26,3,0,0,221,5,3,76620,,39987,South Africa v Australia ODIs 2026 - Men,1,21,South Africa Men,23,Australia Men,8836960,2026-09-24T11:24:43Z,3,252,False,1692,Jack Edwards,2705,Marco Jansen,2615,Matthew Breetzke,,,Right,Wicketkeeper,0,0,0,0,Short,OutsideOff,Left,NoMovement,Leave,NoMovement,Over,Medium,Right,Null,NotReferred,Null,False,False,False,False,False,True,False,False,True,False,False,False,0,0,0,0,0,False,False,,,,,,
1651866,42,5.26,3,0,0,221,5,3,76620,,39987,South Africa v Australia ODIs 2026 - Men,1,21,South Africa Men,23,Australia Men,8836970,2026-09-24T11:25:16Z,4,253,False,1692,Jack Edwards,2705,Marco Jansen,2615,Matthew Breetzke,,,Right,Bowler,0,0,0,0,Yorker,OffStump,None,FrontFoot,ForwardDefensive,SlowerBall,Over,Medium,Right,Null,NotReferred,Null,False,False,False,False,False,True,False,False,True,False,False,False,0,0,0,0,0,False,False,,,,,,
1651866,42,5.26,3,0,0,221,5,3,76620,,39987,South Africa v Australia ODIs 2026 - Men,1,21,South Africa Men,23,Australia Men,8836987,2026-09-24T11:25:54Z,5,254,False,1692,Jack Edwards,2705,Marco Jansen,2615,Matthew Breetzke,297.0,155.0,Right,Long On,1,0,1,1,Short,OutsideOff,None,BackFoot,Pull,SlowerBall,Over,Medium,Right,Null,NotReferred,Null,False,False,False,False,False,True,False,False,True,False,False,False,1,0,0,0,0,False,False,,,,,,
1651866,42,5.26,3,0,0,221,5,3,76620,,39987,South Africa v Australia ODIs 2026 - Men,1,21,South Africa Men,23,Australia Men,8836996,2026-09-24T11:26:29Z,6,255,False,1692,Jack Edwards,2615,Matthew Breetzke,2705,Marco Jansen,299.0,145.0,Right,Long On,1,0,1,1,HalfVolley,OffStump,None,FrontFoot,Flick,SlowerBall,Over,Medium,Right,Null,NotReferred,Null,False,False,False,False,False,True,False,False,True,False,False,False,1,0,0,0,0,False,False,,,,,,
1651879,43,5.28,6,0,0,227,5,6,76620,,39987,South Africa v Australia ODIs 2026 - Men,1,21,South Africa Men,23,Australia Men,8837022,2026-09-24T11:27:38Z,1,256,False,1185,Josh Hazlewood,2615,Matthew Breetzke,2705,Marco Jansen,237.0,54.0,Right,Extra Cover,1,0,1,1,Yorker,OutsideOff,None,FrontFoot,Drive,NoMovement,Over,FastSeam,Right,Null,NotReferred,Null,False,False,False,False,False,True,False,False,True,False,False,False,1,0,0,0,0,False,False,,,,,,
1651879,43,5.28,6,0,0,227,5,6,76620,,39987,South Africa v Australia ODIs 2026 - Men,1,21,South Africa Men,23,Australia Men,8837033,2026-09-24T11:28:15Z,2,257,False,1185,Josh Hazlewood,2705,Marco Jansen,2615,Matthew Breetzke,,,Right,Bowler,0,0,0,0,FullToss,OutsideOff,MisTimed,FrontFoot,Drive,NoMovement,Over,FastSeam,Right,Null,NotReferred,Null,False,False,False,False,False,True,False,False,True,False,False,False,0,0,0,0,0,False,False,,,,,,
1651879,43,5.28,6,0,0,227,5,6,76620,,39987,South Africa v Australia ODIs 2026 - Men,1,21,South Africa Men,23,Australia Men,8837044,2026-09-24T11:28:47Z,3,258,False,1185,Josh Hazlewood,2705,Marco Jansen,2615,Matthew Breetzke,,,Right,Wicketkeeper,0,0,0,0,Short,OutsideOff,Missed,BackFoot,Pull,NoMovement,Over,FastSeam,Right,Null,NotReferred,Null,False,False,False,False,False,True,False,False,True,False,False,False,0,0,0,0,0,False,False,,,,,,
1651879,43,5.28,6,0,0,227,5,6,76620,,39987,South Africa v Australia ODIs 2026 - Men,1,21,South Africa Men,23,Australia Men,8837058,2026-09-24T11:29:23Z,4,259,False,1185,Josh Hazlewood,2705,Marco Jansen,2615,Matthew Breetzke,,,Right,Wicketkeeper,0,0,0,0,HalfVolley,OutsideOff,Missed,BackFoot,Cut,NoMovement,Over,FastSeam,Right,Null,NotReferred,Null,False,False,False,False,False,True,False,False,True,False,False,False,0,0,0,0,0,False,False,,,,,,
1651879,43,5.28,6,0,0,227,5,6,76620,,39987,South Africa v Australia ODIs 2026 - Men,1,21,South Africa Men,23,Australia Men,8837072,2026-09-24T11:29:58Z,5,260,False,1185,Josh Hazlewood,2705,Marco Jansen,2615,Matthew Breetzke,246.0,137.0,Right,Long Off,1,0,1,1,FullToss,Wide,MisTimed,FrontFoot,Drive,NoMovement,Over,FastSeam,Right,Null,NotReferred,Null,False,False,False,False,False,True,False,False,True,False,False,False,1,0,0,0,0,False,False,,,,,,
1651879,43,5.28,6,0,0,227,5,6,76620,,39987,South Africa v Australia ODIs 2026 - Men,1,21,South Africa Men,23,Australia Men,8837087,2026-09-24T11:30:35Z,6,261,False,1185,Josh Hazlewood,2615,Matthew Breetzke,2705,Marco Jansen,135.0,163.0,Right,Third Man,4,0,4,4,Short,OutsideOff,ThickEdge,BackFoot,Drive,NoMovement,Over,FastSeam,Right,Null,NotReferred,Null,False,False,False,False,False,True,False,False,True,False,False,False,4,0,0,0,0,True,True,,,,,,
1651889,44,5.3,6,0,0,233,5,6,76620,,39987,South Africa v Australia ODIs 2026 - Men,1,21,South Africa Men,23,Australia Men,8837101,2026-09-24T11:31:53Z,1,262,False,3531,Nathan Ellis,2705,Marco Jansen,2615,Matthew Breetzke,317.0,177.0,Right,,4,0,4,4,Short,OutsideOff,WellTimed,BackFoot,Pull,OffCutter,Over,FastSeam,Right,Null,NotReferred,Null,False,False,False,False,True,True,False,False,True,False,False,False,4,0,0,0,0,True,False,,,,,,
1651889,44,5.3,6,0,0,233,5,6,76620,,39987,South Africa v Australia ODIs 2026 - Men,1,21,South Africa Men,23,Australia Men,8837107,2026-09-24T11:32:29Z,2,263,False,3531,Nathan Ellis,2705,Marco Jansen,2615,Matthew Breetzke,0.0,0.0,Right,Bowler,0,0,0,0,HalfVolley,MiddleStump,BatPad,FrontFoot,Flick,NoMovement,Over,FastSeam,Right,Null,NotReferred,Null,False,False,False,False,False,True,False,False,True,False,False,False,0,0,0,0,0,False,False,,,,,,
1651889,44,5.3,6,0,0,233,5,6,76620,,39987,South Africa v Australia ODIs 2026 - Men,1,21,South Africa Men,23,Australia Men,8837110,2026-09-24T11:33:09Z,3,264,False,3531,Nathan Ellis,2705,Marco Jansen,2615,Matthew Breetzke,,,Right,Wicketkeeper,0,0,0,0,Short,OutsideOff,Missed,BackFoot,Pull,NoMovement,Over,FastSeam,Right,Null,NotReferred,Null,False,False,False,False,False,True,False,False,True,False,False,False,0,0,0,0,0,False,False,,,,,,
1651889,44,5.3,6,0,0,233,5,6,76620,,39987,South Africa v Australia ODIs 2026 - Men,1,21,South Africa Men,23,Australia Men,8837112,2026-09-24T11:33:48Z,4,265,False,3531,Nathan Ellis,2705,Marco Jansen,2615,Matthew Breetzke,,,Right,Wicketkeeper,0,0,0,0,Yorker,Wide,Missed,BacksAway,Cut,NoMovement,Over,FastSeam,Right,Null,NotReferred,Null,False,False,False,False,False,True,False,False,True,False,False,False,0,0,0,0,0,False,False,,,,,,
1651889,44,5.3,6,0,0,233,5,6,76620,,39987,South Africa v Australia ODIs 2026 - Men,1,21,South Africa Men,23,Australia Men,8837115,2026-09-24T11:34:25Z,5,266,False,3531,Nathan Ellis,2705,Marco Jansen,2615,Matthew Breetzke,204.0,38.0,Right,Cover,1,0,1,1,Yorker,MiddleStump,None,BackFoot,Pushed,NoMovement,Over,FastSeam,Right,Null,NotReferred,Null,False,False,False,False,False,True,False,False,True,False,False,False,1,0,0,0,0,False,False,,,,,,
1651889,44,5.3,6,0,0,233,5,6,76620,,39987,South Africa v Australia ODIs 2026 - Men,1,21,South Africa Men,23,Australia Men,8837118,2026-09-24T11:35:11Z,6,267,False,3531,Nathan Ellis,2615,Matthew Breetzke,2705,Marco Jansen,10.0,71.0,Right,Backward Square Leg,1,0,1,1,BackOfALength,OffStump,None,BackFoot,Worked,SlowerBall,Over,FastSeam,Right,Null,NotReferred,Null,False,False,False,False,False,True,False,False,True,False,False,False,1,0,0,0,0,False,False,,,,,,
1651892,45,5.4,10,0,0,243,5,10,76620,,39987,South Africa v Australia ODIs 2026 - Men,1,21,South Africa Men,23,Australia Men,8837124,2026-09-24T11:36:21Z,1,268,False,724,Mitchell Starc,2615,Matthew Breetzke,2705,Marco Jansen,163.0,145.0,Right,Deep Backward Point,2,0,2,2,BackOfALength,OffStump,ThickEdge,BackFoot,Drive,NoMovement,Over,FastSeam,Left,Null,NotReferred,Null,False,False,False,False,False,True,False,False,True,False,False,False,2,0,0,0,0,False,False,,,,,,
1651892,45,5.4,10,0,0,243,5,10,76620,,39987,South Africa v Australia ODIs 2026 - Men,1,21,South Africa Men,23,Australia Men,8837126,2026-09-24T11:37:04Z,2,269,False,724,Mitchell Starc,2615,Matthew Breetzke,2705,Marco Jansen,54.0,162.0,Right,,4,0,4,4,BackOfALength,OutsideOff,WellTimed,FrontFoot,Flick,NoMovement,Round,FastSeam,Left,Null,NotReferred,Null,False,False,False,False,True,True,False,False,True,False,False,False,4,0,0,0,0,True,False,,,,,,
1651892,45,5.4,10,0,0,243,5,10,76620,,39987,South Africa v Australia ODIs 2026 - Men,1,21,South Africa Men,23,Australia Men,8837130,2026-09-24T11:37:58Z,3,270,False,724,Mitchell Starc,2615,Matthew Breetzke,2705,Marco Jansen,181.0,124.0,Right,Deep Cover,1,0,1,1,HalfVolley,OutsideOff,None,FrontFoot,Drive,NoMovement,Round,FastSeam,Left,Null,NotReferred,Null,False,False,False,False,False,True,False,False,True,False,False,False,1,0,0,0,0,False,False,,,,,,
1651892,45,5.4,10,0,0,243,5,10,76620,,39987,South Africa v Australia ODIs 2026 - Men,1,21,South Africa Men,23,Australia Men,8837132,2026-09-24T11:38:56Z,4,271,False,724,Mitchell Starc,2705,Marco Jansen,2615,Matthew Breetzke,153.0,65.0,Right,Backward Point,1,0,1,1,Yorker,OutsideOff,None,BackFoot,Steer,NoMovement,Over,FastSeam,Left,Null,NotReferred,Null,False,False,False,False,False,True,False,False,True,False,False,False,1,0,0,0,0,False,False,,,,,,
1651892,45,5.4,10,0,0,243,5,10,76620,,39987,South Africa v Australia ODIs 2026 - Men,1,21,South Africa Men,23,Australia Men,8837137,2026-09-24T11:39:36Z,5,272,False,724,Mitchell Starc,2615,Matthew Breetzke,2705,Marco Jansen,194.0,144.0,Right,Deep Cover,1,0,1,1,LengthBall,OffStump,None,FrontFoot,Drive,NoMovement,Over,FastSeam,Left,Null,NotReferred,Null,False,False,False,False,False,True,False,False,True,False,False,False,1,0,0,0,0,False,False,,,,,,
1651892,45,5.4,10,0,0,243,5,10,76620,,39987,South Africa v Australia ODIs 2026 - Men,1,21,South Africa Men,23,Australia Men,8837142,2026-09-24T11:40:43Z,6,273,False,724,Mitchell Starc,2705,Marco Jansen,2615,Matthew Breetzke,289.0,164.0,Right,Long On,1,0,1,1,LengthBall,MiddleStump,MisTimed,FrontFoot,Drive,NoMovement,Over,FastSeam,Left,Null,NotReferred,Null,False,False,False,False,False,True,False,False,True,False,False,False,1,0,0,0,0,False,False,,,,,,
1651895,46,5.57,13,0,0,256,5,13,76620,,39987,South Africa v Australia ODIs 2026 - Men,1,21,South Africa Men,23,Australia Men,8837146,2026-09-24T11:42:08Z,1,274,False,1185,Josh Hazlewood,2705,Marco Jansen,2615,Matthew Breetzke,317.0,155.0,Right,Deep Mid Wicket,1,0,1,1,FullToss,MiddleStump,None,FrontFoot,Flick,InSwinger,Over,FastSeam,Right,Null,NotReferred,Null,False,False,False,False,False,True,False,False,True,False,False,False,1,0,0,0,0,False,False,,,,,,
1651895,46,5.57,13,0,0,256,5,13,76620,,39987,South Africa v Australia ODIs 2026 - Men,1,21,South Africa Men,23,Australia Men,8837150,2026-09-24T11:42:43Z,2,275,False,1185,Josh Hazlewood,2615,Matthew Breetzke,2705,Marco Jansen,128.0,162.0,Right,,4,0,4,4,HalfVolley,OutsideOff,WellTimed,BacksAway,LateCut,NoMovement,Over,FastSeam,Right,Null,NotReferred,Null,False,False,False,False,True,True,False,False,True,False,False,False,4,0,0,0,0,True,False,,,,,,
1651895,46,5.57,13,0,0,256,5,13,76620,,39987,South Africa v Australia ODIs 2026 - Men,1,21,South Africa Men,23,Australia Men,8837151,2026-09-24T11:43:23Z,3,276,False,1185,Josh Hazlewood,2615,Matthew Breetzke,2705,Marco Jansen,0.0,0.0,Right,Wicketkeeper,1,1,1,0,HalfVolley,DownLeg,PlayAndMissLegSide,FrontFoot,Flick,NoMovement,Over,FastSeam,Right,Null,NotReferred,Null,True,False,False,False,False,True,False,False,True,False,False,False,1,0,1,0,0,False,False,,,,,,
1651895,46,5.57,13,0,0,256,5,13,76620,,39987,South Africa v Australia ODIs 2026 - Men,1,21,South Africa Men,23,Australia Men,8837154,2026-09-24T11:43:56Z,3,277,False,1185,Josh Hazlewood,2615,Matthew Breetzke,2705,Marco Jansen,110.0,161.0,Right,,4,0,4,4,Short,OutsideOff,TopEdge,BackFoot,Drive,NoMovement,Over,FastSeam,Right,Null,NotReferred,Null,False,False,False,False,False,True,False,False,True,False,False,False,4,0,0,0,0,True,True,,,,,,
1651895,46,5.57,13,0,0,256,5,13,76620,,39987,South Africa v Australia ODIs 2026 - Men,1,21,South Africa Men,23,Australia Men,8837157,2026-09-24T11:44:37Z,4,278,False,1185,Josh Hazlewood,2615,Matthew Breetzke,2705,Marco Jansen,283.0,134.0,Right,Long On,1,0,1,1,HalfVolley,OffStump,None,FrontFoot,Drive,NoMovement,Over,FastSeam,Right,Null,NotReferred,Null,False,False,False,False,False,True,False,False,True,False,False,False,1,0,0,0,0,False,False,,,,,,
1651895,46,5.57,13,0,0,256,5,13,76620,,39987,South Africa v Australia ODIs 2026 - Men,1,21,South Africa Men,23,Australia Men,8837160,2026-09-24T11:45:14Z,5,279,False,1185,Josh Hazlewood,2705,Marco Jansen,2615,Matthew Breetzke,,,Right,Wicketkeeper,0,0,0,0,Short,OutsideOff,Left,Ducked,Leave,NoMovement,Over,FastSeam,Right,Null,NotReferred,Null,False,False,False,False,False,True,False,False,True,False,False,False,0,0,0,0,0,False,False,,,,,,
1651895,46,5.57,13,0,0,256,5,13,76620,,39987,South Africa v Australia ODIs 2026 - Men,1,21,South Africa Men,23,Australia Men,8837163,2026-09-24T11:45:53Z,6,280,False,1185,Josh Hazlewood,2705,Marco Jansen,2615,Matthew Breetzke,19.0,146.0,Right,Deep Backward Square Leg,2,0,2,2,HalfVolley,MiddleStump,Middled,FrontFoot,Flick,NoMovement,Over,FastSeam,Right,Null,NotReferred,Null,False,False,False,False,False,True,False,False,True,False,False,False,2,0,0,0,0,False,False,,,,,,
1651899,47,5.81,17,0,0,273,5,17,76620,,39987,South Africa v Australia ODIs 2026 - Men,1,21,South Africa Men,23,Australia Men,8837167,2026-09-24T11:47:10Z,1,281,False,3531,Nathan Ellis,2615,Matthew Breetzke,2705,Marco Jansen,250.0,86.0,Right,Mid Off,1,0,1,1,HalfVolley,Wide,Middled,FrontFoot,Drive,NoMovement,Over,FastSeam,Right,Null,NotReferred,Null,False,False,False,False,False,True,False,False,True,False,False,False,1,0,0,0,0,False,False,,,,,,
1651899,47,5.81,17,0,0,273,5,17,76620,,39987,South Africa v Australia ODIs 2026 - Men,1,21,South Africa Men,23,Australia Men,8837169,2026-09-24T11:47:43Z,2,282,False,3531,Nathan Ellis,2705,Marco Jansen,2615,Matthew Breetzke,214.0,176.0,Right,,4,0,4,4,HalfVolley,OutsideOff,Middled,FrontFoot,Drive,NoMovement,Over,FastSeam,Right,Null,NotReferred,Null,False,False,False,False,True,True,False,False,True,False,False,False,4,0,0,0,0,True,False,,,,,,
1651899,47,5.81,17,0,0,273,5,17,76620,,39987,South Africa v Australia ODIs 2026 - Men,1,21,South Africa Men,23,Australia Men,8837171,2026-09-24T11:48:28Z,3,283,False,3531,Nathan Ellis,2705,Marco Jansen,2615,Matthew Breetzke,245.0,137.0,Right,Long Off,1,0,1,1,BackOfALength,OutsideOff,None,BackFoot,Cut,NoMovement,Over,FastSeam,Right,Null,NotReferred,Null,False,False,False,False,True,True,False,False,True,False,False,False,1,0,0,0,0,False,False,,,,,,
1651899,47,5.81,17,0,0,273,5,17,76620,,39987,South Africa v Australia ODIs 2026 - Men,1,21,South Africa Men,23,Australia Men,8837175,2026-09-24T11:49:03Z,4,284,False,3531,Nathan Ellis,2615,Matthew Breetzke,2705,Marco Jansen,109.0,47.0,Right,First Slip,1,0,1,1,HalfVolley,OutsideOff,BottomEdge,BackFoot,Cut,NoMovement,Over,FastSeam,Right,Null,NotReferred,Null,False,False,False,False,False,True,False,False,True,False,False,False,1,0,0,0,0,False,False,,,,,,
1651899,47,5.81,17,0,0,273,5,17,76620,,39987,South Africa v Australia ODIs 2026 - Men,1,21,South Africa Men,23,Australia Men,8837177,2026-09-24T11:49:57Z,5,285,False,3531,Nathan Ellis,2705,Marco Jansen,2615,Matthew Breetzke,274.0,180.0,Right,,4,0,4,4,HalfVolley,OutsideOff,WellTimed,FrontFoot,Drive,NoMovement,Over,FastSeam,Right,Null,NotReferred,Null,False,False,False,False,True,True,False,False,True,False,False,False,4,0,0,0,0,True,False,,,,,,
1651899,47,5.81,17,0,0,273,5,17,76620,,39987,South Africa v Australia ODIs 2026 - Men,1,21,South Africa Men,23,Australia Men,8837179,2026-09-24T11:50:43Z,6,286,False,3531,Nathan Ellis,2705,Marco Jansen,2615,Matthew Breetzke,262.0,180.0,Right,,6,0,6,6,HalfVolley,OutsideOff,Middled,FrontFoot,Drive,NoMovement,Over,FastSeam,Right,Null,NotReferred,Null,False,False,False,False,True,True,False,False,True,False,False,False,6,0,0,0,0,True,False,,,,,,
1651903,48,5.79,5,1,0,278,6,5,76620,,39987,South Africa v Australia ODIs 2026 - Men,1,21,South Africa Men,23,Australia Men,8837184,2026-09-24T11:51:45Z,1,287,False,1692,Jack Edwards,2615,Matthew Breetzke,2705,Marco Jansen,15.0,132.0,Right,Deep Backward Square Leg,1,0,1,1,FullToss,MiddleStump,MisTimed,BackFoot,Pull,SlowerBall,Over,Medium,Right,Null,NotReferred,Null,False,False,False,False,False,True,False,False,True,False,False,False,1,0,0,0,0,False,True,,,,,,
1651903,48,5.79,5,1,0,278,6,5,76620,,39987,South Africa v Australia ODIs 2026 - Men,1,21,South Africa Men,23,Australia Men,8837192,2026-09-24T11:52:21Z,2,288,True,1692,Jack Edwards,2705,Marco Jansen,2615,Matthew Breetzke,334.0,147.0,Right,Deep Square Leg,1,0,1,1,LengthBall,OffStump,None,BackFoot,Hook,NoMovement,Over,Medium,Right,Null,NotReferred,Null,False,False,False,False,False,True,False,False,True,False,False,False,1,0,0,0,0,False,False,RunOut,2615.0,Matthew Breetzke,Run out,RunOut,2088.0
1651903,48,5.79,5,1,0,278,6,5,76620,,39987,South Africa v Australia ODIs 2026 - Men,1,21,South Africa Men,23,Australia Men,8837194,2026-09-24T11:54:31Z,3,289,False,1692,Jack Edwards,3673,Corbin Bosch,2705,Marco Jansen,251.0,135.0,Right,Long Off,1,0,1,1,BackOfALength,OutsideOff,None,FrontFoot,Drive,OffCutter,Over,Medium,Right,Null,NotReferred,Null,False,False,False,False,False,True,False,False,True,False,False,False,1,0,0,0,0,False,False,,,,,,
1651903,48,5.79,5,1,0,278,6,5,76620,,39987,South Africa v Australia ODIs 2026 - Men,1,21,South Africa Men,23,Australia Men,8837198,2026-09-24T11:55:08Z,4,290,False,1692,Jack Edwards,2705,Marco Jansen,3673,Corbin Bosch,93.0,121.0,Right,Third Man,2,0,2,2,Short,OutsideOff,TopEdge,BackFoot,Pull,NoMovement,Over,Medium,Right,Null,NotReferred,Null,False,False,False,False,False,True,False,False,True,False,False,False,2,0,0,0,0,False,True,,,,,,
1651903,48,5.79,5,1,0,278,6,5,76620,,39987,South Africa v Australia ODIs 2026 - Men,1,21,South Africa Men,23,Australia Men,8837200,2026-09-24T11:55:56Z,5,291,False,1692,Jack Edwards,2705,Marco Jansen,3673,Corbin Bosch,,,Right,Wicketkeeper,0,0,0,0,Short,OutsideOff,Left,NoMovement,Leave,SlowerBall,Over,Medium,Right,Null,NotReferred,Null,False,False,False,False,False,True,False,False,True,False,False,False,0,0,0,0,0,False,False,,,,,,
1651903,48,5.79,5,1,0,278,6,5,76620,,39987,South Africa v Australia ODIs 2026 - Men,1,21,South Africa Men,23,Australia Men,8837203,2026-09-24T11:56:27Z,6,292,False,1692,Jack Edwards,2705,Marco Jansen,3673,Corbin Bosch,,,Right,Wicketkeeper,0,0,0,0,Short,MiddleStump,Missed,BackFoot,Pull,SlowerBall,Over,Medium,Right,Null,NotReferred,Null,False,False,False,False,False,True,False,False,True,False,False,False,0,0,0,0,0,False,False,,,,,,
1651907,49,5.9,11,1,0,289,7,11,76620,,39987,South Africa v Australia ODIs 2026 - Men,1,21,South Africa Men,23,Australia Men,8837208,2026-09-24T11:57:46Z,1,293,False,3531,Nathan Ellis,3673,Corbin Bosch,2705,Marco Jansen,308.0,23.0,Right,Bowler,0,0,0,0,HalfVolley,OutsideOff,HitBody,FrontFoot,ReverseSweep,NoMovement,Over,FastSeam,Right,Null,NotReferred,Null,False,False,False,False,False,True,False,False,True,False,False,False,0,0,0,0,0,False,False,,,,,,
1651907,49,5.9,11,1,0,289,7,11,76620,,39987,South Africa v Australia ODIs 2026 - Men,1,21,South Africa Men,23,Australia Men,8837211,2026-09-24T11:58:15Z,2,294,False,3531,Nathan Ellis,3673,Corbin Bosch,2705,Marco Jansen,74.0,160.0,Right,,4,0,4,4,Yorker,OutsideOff,InsideEdge,BackFoot,Drive,NoMovement,Over,FastSeam,Right,Null,NotReferred,Null,False,False,False,False,False,True,False,False,True,False,False,False,4,0,0,0,0,True,False,,,,,,
1651907,49,5.9,11,1,0,289,7,11,76620,,39987,South Africa v Australia ODIs 2026 - Men,1,21,South Africa Men,23,Australia Men,8837214,2026-09-24T11:59:02Z,3,295,False,3531,Nathan Ellis,3673,Corbin Bosch,2705,Marco Jansen,321.0,154.0,Right,Deep Mid Wicket,2,0,2,2,Short,OutsideOff,None,FrontFoot,Pull,OffCutter,Over,FastSeam,Right,Null,NotReferred,Null,False,False,False,False,False,True,False,False,True,False,False,False,2,0,0,0,0,False,False,,,,,,
1651907,49,5.9,11,1,0,289,7,11,76620,,39987,South Africa v Australia ODIs 2026 - Men,1,21,South Africa Men,23,Australia Men,8837217,2026-09-24T11:59:35Z,4,296,False,3531,Nathan Ellis,3673,Corbin Bosch,2705,Marco Jansen,233.0,83.0,Right,Extra Cover,1,0,1,1,HalfVolley,OutsideOff,None,BackFoot,Drive,NoMovement,Over,FastSeam,Right,Null,NotReferred,Null,False,False,False,False,False,True,False,False,True,False,False,False,1,0,0,0,0,False,False,,,,,,
1651907,49,5.9,11,1,0,289,7,11,76620,,39987,South Africa v Australia ODIs 2026 - Men,1,21,South Africa Men,23,Australia Men,8837221,2026-09-24T12:00:36Z,5,297,False,3531,Nathan Ellis,2705,Marco Jansen,3673,Corbin Bosch,139.0,163.0,Right,,4,0,4,4,Yorker,Wide,Middled,BackFoot,LateCut,NoMovement,Over,FastSeam,Right,Null,NotReferred,Null,False,False,False,False,False,True,False,False,True,False,False,False,4,0,0,0,0,True,False,,,,,,
1651907,49,5.9,11,1,0,289,7,11,76620,,39987,South Africa v Australia ODIs 2026 - Men,1,21,South Africa Men,23,Australia Men,8837227,2026-09-24T12:01:18Z,6,298,True,3531,Nathan Ellis,2705,Marco Jansen,3673,Corbin Bosch,,,Right,,0,0,0,0,HalfVolley,MiddleStump,HitPad,FrontFoot,Slog,NoMovement,Over,FastSeam,Right,Null,NotReferred,Null,False,False,False,False,False,True,False,False,True,False,False,False,0,0,0,0,0,False,False,Lbw,2705.0,Marco Jansen,LBW,Lbw,2088.0
1651910,50,5.94,8,1,0,297,8,8,76620,,39987,South Africa v Australia ODIs 2026 - Men,1,21,South Africa Men,23,Australia Men,8837231,2026-09-24T12:03:10Z,1,299,False,1692,Jack Edwards,3673,Corbin Bosch,2658,Gerald Coetzee,355.0,152.0,Right,Deep Square Leg,1,0,1,1,Short,OffStump,None,BackFoot,Pull,NoMovement,Over,Medium,Right,Null,NotReferred,Null,False,False,False,False,False,True,False,False,True,False,False,False,1,0,0,0,0,False,False,,,,,,
1651910,50,5.94,8,1,0,297,8,8,76620,,39987,South Africa v Australia ODIs 2026 - Men,1,21,South Africa Men,23,Australia Men,8837234,2026-09-24T12:04:00Z,2,300,False,1692,Jack Edwards,2658,Gerald Coetzee,3673,Corbin Bosch,229.0,178.0,Right,,6,0,6,6,BackOfALength,OutsideOff,Middled,BacksAway,Drive,SlowerBall,Over,Medium,Right,Null,NotReferred,Null,False,False,False,False,True,True,False,False,True,False,False,False,6,0,0,0,0,True,False,,,,,,
1651910,50,5.94,8,1,0,297,8,8,76620,,39987,South Africa v Australia ODIs 2026 - Men,1,21,South Africa Men,23,Australia Men,8837236,2026-09-24T12:04:40Z,3,301,False,1692,Jack Edwards,2658,Gerald Coetzee,3673,Corbin Bosch,,,Right,Wicketkeeper,0,0,0,0,HalfVolley,OutsideOff,Missed,FrontFoot,Slog,NoMovement,Over,Medium,Right,Null,NotReferred,Null,False,False,False,False,False,True,False,False,True,False,False,False,0,0,0,0,0,False,False,,,,,,
1651910,50,5.94,8,1,0,297,8,8,76620,,39987,South Africa v Australia ODIs 2026 - Men,1,21,South Africa Men,23,Australia Men,8837238,2026-09-24T12:05:14Z,4,302,False,1692,Jack Edwards,2658,Gerald Coetzee,3673,Corbin Bosch,,,Right,Wicketkeeper,0,0,0,0,Short,OutsideOff,Missed,DownTheTrack,Pull,NoMovement,Over,Medium,Right,Null,NotReferred,Null,False,False,False,False,False,True,False,False,True,False,False,False,0,0,0,0,0,False,False,,,,,,
1651910,50,5.94,8,1,0,297,8,8,76620,,39987,South Africa v Australia ODIs 2026 - Men,1,21,South Africa Men,23,Australia Men,8837242,2026-09-24T12:05:54Z,5,303,True,1692,Jack Edwards,2658,Gerald Coetzee,3673,Corbin Bosch,,,Right,Wicketkeeper,0,0,0,0,LengthBall,OutsideOff,Missed,FrontFoot,Slog,NoMovement,Over,Medium,Right,Null,NotReferred,Null,False,False,False,False,False,True,False,False,True,False,False,False,0,0,0,0,0,False,False,RunOut,2658.0,Gerald Coetzee,Run out,RunOut,2088.0
1651910,50,5.94,8,1,0,297,8,8,76620,,39987,South Africa v Australia ODIs 2026 - Men,1,21,South Africa Men,23,Australia Men,8837248,2026-09-24T12:08:12Z,6,304,False,1692,Jack Edwards,2648,Bjorn Fortuin,3673,Corbin Bosch,233.0,74.0,Right,Extra Cover,1,0,1,1,BackOfALength,OutsideOff,None,BackFoot,Drive,NoMovement,Over,Medium,Right,Null,NotReferred,Null,False,False,False,False,False,True,False,False,True,False,False,False,1,0,0,0,0,False,False,,,,,,
1652006,2,4.0,4,0,0,8,0,4,76633,,39987,South Africa v Australia ODIs 2026 - Men,2,23,Australia Men,21,South Africa Men,8837784,2026-09-24T12:44:02Z,1,7,False,2658,Gerald Coetzee,288,Travis Head,722,Mitch Marsh,337.0,40.0,Left,Cover,0,0,0,0,LengthBall,LegStump,None,BackFoot,BackwardDefensive,NoMovement,Over,FastSeam,Right,Null,NotReferred,Null,False,False,False,False,False,True,False,True,True,False,False,False,0,0,0,0,0,False,False,,,,,,
1652006,2,4.0,4,0,0,8,0,4,76633,,39987,South Africa v Australia ODIs 2026 - Men,2,23,Australia Men,21,South Africa Men,8837791,2026-09-24T12:44:37Z,2,8,False,2658,Gerald Coetzee,288,Travis Head,722,Mitch Marsh,,,Left,Wicketkeeper,0,0,0,0,LengthBall,MiddleStump,ShouldersArms,NoMovement,ShouldersArms,NoMovement,Over,FastSeam,Right,Null,NotReferred,Null,False,False,False,False,False,True,False,False,True,False,False,False,0,0,0,0,0,False,False,,,,,,
1652006,2,4.0,4,0,0,8,0,4,76633,,39987,South Africa v Australia ODIs 2026 - Men,2,23,Australia Men,21,South Africa Men,8837805,2026-09-24T12:45:18Z,3,9,False,2658,Gerald Coetzee,288,Travis Head,722,Mitch Marsh,19.0,167.0,Left,,4,0,4,4,BackOfALength,MiddleStump,WellTimed,BackFoot,Cut,NoMovement,Over,FastSeam,Right,Null,NotReferred,Null,False,False,False,False,True,True,False,False,True,False,False,False,4,0,0,0,0,True,False,,,,,,
1652006,2,4.0,4,0,0,8,0,4,76633,,39987,South Africa v Australia ODIs 2026 - Men,2,23,Australia Men,21,South Africa Men,8837816,2026-09-24T12:46:01Z,4,10,False,2658,Gerald Coetzee,288,Travis Head,722,Mitch Marsh,24.0,62.0,Left,Backward Point,0,0,0,0,LengthBall,MiddleStump,None,BackFoot,Cut,NoMovement,Over,FastSeam,Right,Null,NotReferred,Null,False,False,False,False,False,True,False,False,True,False,False,False,0,0,0,0,0,False,False,,,,,,
1652006,2,4.0,4,0,0,8,0,4,76633,,39987,South Africa v Australia ODIs 2026 - Men,2,23,Australia Men,21,South Africa Men,8837828,2026-09-24T12:46:38Z,5,11,False,2658,Gerald Coetzee,288,Travis Head,722,Mitch Marsh,,,Left,Bowler,0,0,0,0,HalfVolley,LegStump,HitPad,FrontFoot,Flick,NoMovement,Over,FastSeam,Right,Null,NotReferred,Null,False,False,False,False,False,True,False,False,True,False,False,False,0,0,0,0,0,False,False,,,,,Lbw,2088.0
1652006,2,4.0,4,0,0,8,0,4,76633,,39987,South Africa v Australia ODIs 2026 - Men,2,23,Australia Men,21,South Africa Men,8837838,2026-09-24T12:47:18Z,6,12,False,2658,Gerald Coetzee,288,Travis Head,722,Mitch Marsh,6.0,55.0,Left,Backward Point,0,0,0,0,LengthBall,OffStump,None,BackFoot,Cut,NoMovement,Over,FastSeam,Right,Null,NotReferred,Null,False,False,False,False,False,True,False,False,True,False,False,False,0,0,0,0,0,False,False,,,,,,
1652018,3,6.67,12,0,0,20,0,12,76633,,39987,South Africa v Australia ODIs 2026 - Men,2,23,Australia Men,21,South Africa Men,8837858,2026-09-24T12:48:27Z,1,13,False,2705,Marco Jansen,722,Mitch Marsh,288,Travis Head,259.0,180.0,Right,,6,0,6,6,HalfVolley,OutsideOff,Middled,FrontFoot,Drive,NoMovement,Over,FastSeam,Left,Null,NotReferred,Null,False,False,False,False,True,True,False,False,True,False,False,False,6,0,0,0,0,True,False,,,,,,
1652018,3,6.67,12,0,0,20,0,12,76633,,39987,South Africa v Australia ODIs 2026 - Men,2,23,Australia Men,21,South Africa Men,8837874,2026-09-24T12:49:23Z,2,14,False,2705,Marco Jansen,722,Mitch Marsh,288,Travis Head,,,Right,Bowler,0,0,0,0,LengthBall,MiddleStump,None,FrontFoot,ForwardDefensive,NoMovement,Over,FastSeam,Left,Null,NotReferred,Null,False,False,False,False,False,True,False,False,True,False,False,False,0,0,0,0,0,False,False,,,,,,
1652018,3,6.67,12,0,0,20,0,12,76633,,39987,South Africa v Australia ODIs 2026 - Men,2,23,Australia Men,21,South Africa Men,8837891,2026-09-24T12:50:16Z,3,15,False,2705,Marco Jansen,722,Mitch Marsh,288,Travis Head,150.0,39.0,Right,Backward Point,0,0,0,0,LengthBall,DownLeg,ThickEdge,BackFoot,Pushed,NoMovement,Over,FastSeam,Left,Null,NotReferred,Null,False,False,False,False,False,True,False,False,True,False,False,False,0,0,0,0,0,False,False,,,,,,
1652018,3,6.67,12,0,0,20,0,12,76633,,39987,South Africa v Australia ODIs 2026 - Men,2,23,Australia Men,21,South Africa Men,8837914,2026-09-24T12:51:36Z,4,16,False,2705,Marco Jansen,722,Mitch Marsh,288,Travis Head,152.0,48.0,Right,Backward Point,0,0,0,0,BackOfALength,LegStump,None,BackFoot,Steer,NoMovement,Over,FastSeam,Left,Null,NotReferred,Null,False,False,False,False,False,True,False,False,True,False,False,False,0,0,0,0,0,False,False,,,,,,
1652018,3,6.67,12,0,0,20,0,12,76633,,39987,South Africa v Australia ODIs 2026 - Men,2,23,Australia Men,21,South Africa Men,8837921,2026-09-24T12:52:14Z,5,17,False,2705,Marco Jansen,722,Mitch Marsh,288,Travis Head,,,Right,Wicketkeeper,0,0,0,0,LengthBall,OffStump,Missed,FrontFoot,BackwardDefensive,NoMovement,Over,FastSeam,Left,Null,NotReferred,Null,False,False,False,False,False,True,False,False,True,False,False,False,0,0,0,0,0,False,False,,,,,,
1652018,3,6.67,12,0,0,20,0,12,76633,,39987,South Africa v Australia ODIs 2026 - Men,2,23,Australia Men,21,South Africa Men,8837934,2026-09-24T12:52:43Z,6,18,False,2705,Marco Jansen,722,Mitch Marsh,288,Travis Head,208.0,175.0,Right,,6,0,6,6,HalfVolley,OutsideOff,WellTimed,FrontFoot,Drive,NoMovement,Over,FastSeam,Left,Null,NotReferred,Null,False,False,False,False,True,True,False,False,True,False,False,False,6,0,0,0,0,True,False,,,,,,
1652034,4,6.75,7,0,0,27,0,7,76633,,39987,South Africa v Australia ODIs 2026 - Men,2,23,Australia Men,21,South Africa Men,8837952,2026-09-24T12:53:40Z,1,19,False,2658,Gerald Coetzee,288,Travis Head,722,Mitch Marsh,217.0,60.0,Left,Mid Wicket,1,0,1,1,HalfVolley,DownLeg,None,FrontFoot,Flick,NoMovement,Over,FastSeam,Right,Null,NotReferred,Null,False,False,False,False,False,True,False,False,True,False,False,False,1,0,0,0,0,False,False,,,,,,
1652034,4,6.75,7,0,0,27,0,7,76633,,39987,South Africa v Australia ODIs 2026 - Men,2,23,Australia Men,21,South Africa Men,8837975,2026-09-24T12:54:42Z,2,20,False,2658,Gerald Coetzee,722,Mitch Marsh,288,Travis Head,333.0,23.0,Right,Square Leg,0,0,0,0,BackOfALength,OutsideOff,HitBody,BackFoot,Pull,NoMovement,Over,FastSeam,Right,Null,NotReferred,Null,False,False,False,False,False,True,False,False,True,False,False,False,0,0,0,0,0,False,False,,,,,,
1652034,4,6.75,7,0,0,27,0,7,76633,,39987,South Africa v Australia ODIs 2026 - Men,2,23,Australia Men,21,South Africa Men,8837984,2026-09-24T12:55:21Z,3,21,False,2658,Gerald Coetzee,722,Mitch Marsh,288,Travis Head,315.0,55.0,Right,Mid Wicket,0,0,0,0,Yorker,OffStump,None,BackFoot,Worked,NoMovement,Over,FastSeam,Right,Null,NotReferred,Null,False,False,False,False,False,True,False,False,True,False,False,False,0,0,0,0,0,False,False,,,,,,
1652034,4,6.75,7,0,0,27,0,7,76633,,39987,South Africa v Australia ODIs 2026 - Men,2,23,Australia Men,21,South Africa Men,8837994,2026-09-24T12:55:58Z,4,22,False,2658,Gerald Coetzee,722,Mitch Marsh,288,Travis Head,178.0,69.0,Right,Backward Point,0,0,0,0,LengthBall,OutsideOff,None,BackFoot,Pushed,NoMovement,Over,FastSeam,Right,Null,NotReferred,Null,False,False,False,False,False,True,False,False,True,False,False,False,0,0,0,0,0,False,False,,,,,,
1652034,4,6.75,7,0,0,27,0,7,76633,,39987,South Africa v Australia ODIs 2026 - Men,2,23,Australia Men,21,South Africa Men,8838006,2026-09-24T12:56:38Z,5,23,False,2658,Gerald Coetzee,722,Mitch Marsh,288,Travis Head,318.0,19.0,Right,Mid Wicket,0,0,0,0,Short,OutsideOff,HitBody,BackFoot,Pull,NoMovement,Over,FastSeam,Right,Null,NotReferred,Null,False,False,False,False,False,True,False,False,True,False,False,False,0,0,0,0,0,False,False,,,,,,
1652034,4,6.75,7,0,0,27,0,7,76633,,39987,South Africa v Australia ODIs 2026 - Men,2,23,Australia Men,21,South Africa Men,8838018,2026-09-24T12:57:21Z,6,24,False,2658,Gerald Coetzee,722,Mitch Marsh,288,Travis Head,34.0,164.0,Right,Backward Square Leg,6,0,6,6,Yorker,DownLeg,Middled,FrontFoot,Flick,NoMovement,Over,FastSeam,Right,Null,NotReferred,Null,False,False,False,False,True,True,False,False,True,False,False,False,6,0,0,0,0,True,False,,,,,,
1652051,5,8.8,17,0,0,44,0,17,76633,,39987,South Africa v Australia ODIs 2026 - Men,2,23,Australia Men,21,South Africa Men,8838038,2026-09-24T12:58:32Z,1,25,False,2705,Marco Jansen,288,Travis Head,722,Mitch Marsh,206.0,42.0,Left,Square Leg,1,0,1,1,LengthBall,OutsideOff,None,BackFoot,Worked,NoMovement,Over,FastSeam,Left,Null,NotReferred,Null,False,False,False,False,False,True,False,False,True,False,False,False,1,0,0,0,0,False,False,,,,,,
1652051,5,8.8,17,0,0,44,0,17,76633,,39987,South Africa v Australia ODIs 2026 - Men,2,23,Australia Men,21,South Africa Men,8838052,2026-09-24T12:59:17Z,2,26,False,2705,Marco Jansen,722,Mitch Marsh,288,Travis Head,331.0,175.0,Right,,6,0,6,6,BackOfALength,MiddleStump,Middled,BackFoot,Pull,NoMovement,Over,FastSeam,Left,Null,NotReferred,Null,False,False,False,False,True,True,False,False,True,False,False,False,6,0,0,0,0,True,False,,,,,,
1652051,5,8.8,17,0,0,44,0,17,76633,,39987,South Africa v Australia ODIs 2026 - Men,2,23,Australia Men,21,South Africa Men,8838061,2026-09-24T13:00:14Z,3,27,False,2705,Marco Jansen,722,Mitch Marsh,288,Travis Head,237.0,47.0,Right,Extra Cover,0,0,0,0,LengthBall,LegStump,None,FrontFoot,ForwardDefensive,NoMovement,Over,FastSeam,Left,Null,NotReferred,Null,False,False,False,False,False,True,False,False,True,False,False,False,0,0,0,0,0,False,False,,,,,,
1652051,5,8.8,17,0,0,44,0,17,76633,,39987,South Africa v Australia ODIs 2026 - Men,2,23,Australia Men,21,South Africa Men,8838069,2026-09-24T13:00:47Z,4,28,False,2705,Marco Jansen,722,Mitch Marsh,288,Travis Head,53.0,162.0,Right,,4,0,4,4,Short,DownLeg,WellTimed,BackFoot,Pull,NoMovement,Over,FastSeam,Left,Null,NotReferred,Null,False,False,False,False,False,True,False,False,True,False,False,False,4,0,0,0,0,True,False,,,,,,
1652051,5,8.8,17,0,0,44,0,17,76633,,39987,South Africa v Australia ODIs 2026 - Men,2,23,Australia Men,21,South Africa Men,8838084,2026-09-24T13:01:34Z,5,29,False,2705,Marco Jansen,722,Mitch Marsh,288,Travis Head,160.0,167.0,Right,,4,0,4,4,LengthBall,OutsideOff,WellTimed,BackFoot,Cut,NoMovement,Round,FastSeam,Left,Null,NotReferred,Null,False,False,False,False,False,True,False,False,True,False,False,False,4,0,0,0,0,True,False,,,,,,
1652051,5,8.8,17,0,0,44,0,17,76633,,39987,South Africa v Australia ODIs 2026 - Men,2,23,Australia Men,21,South Africa Men,8838095,2026-09-24T13:02:10Z,6,30,False,2705,Marco Jansen,722,Mitch Marsh,288,Travis Head,316.0,153.0,Right,Deep Mid Wicket,2,0,2,2,HalfVolley,OffStump,WellTimed,FrontFoot,Flick,NoMovement,Round,FastSeam,Left,Null,NotReferred,Null,False,False,False,False,True,True,False,False,True,False,False,False,2,0,0,0,0,False,False,,,,,,
1652064,6,8.83,9,0,0,53,0,9,76633,,39987,South Africa v Australia ODIs 2026 - Men,2,23,Australia Men,21,South Africa Men,8838125,2026-09-24T13:04:03Z,1,31,False,2658,Gerald Coetzee,288,Travis Head,722,Mitch Marsh,186.0,49.0,Left,Square Leg,0,0,0,0,Yorker,LegStump,None,FrontFoot,Flick,NoMovement,Over,FastSeam,Right,Null,NotReferred,Null,False,False,False,False,False,True,False,False,True,False,False,False,0,0,0,0,0,False,False,,,,,,
1652064,6,8.83,9,0,0,53,0,9,76633,,39987,South Africa v Australia ODIs 2026 - Men,2,23,Australia Men,21,South Africa Men,8838137,2026-09-24T13:04:38Z,2,32,False,2658,Gerald Coetzee,288,Travis Head,722,Mitch Marsh,3.0,71.0,Left,Backward Point,0,0,0,0,FullToss,OutsideOff,None,FrontFoot,Cut,NoMovement,Over,FastSeam,Right,Null,NotReferred,Null,False,False,False,False,False,True,False,False,True,False,False,False,0,0,0,0,0,False,False,,,,,,
1652064,6,8.83,9,0,0,53,0,9,76633,,39987,South Africa v Australia ODIs 2026 - Men,2,23,Australia Men,21,South Africa Men,8838151,2026-09-24T13:05:15Z,3,33,False,2658,Gerald Coetzee,288,Travis Head,722,Mitch Marsh,230.0,93.0,Left,Mid Wicket,1,0,1,1,HalfVolley,OffStump,None,FrontFoot,Flick,NoMovement,Over,FastSeam,Right,Null,NotReferred,Null,False,False,False,False,False,True,False,False,True,False,False,False,1,0,0,0,0,False,False,,,,,,
1652064,6,8.83,9,0,0,53,0,9,76633,,39987,South Africa v Australia ODIs 2026 - Men,2,23,Australia Men,21,South Africa Men,8838156,2026-09-24T13:06:07Z,4,34,False,2658,Gerald Coetzee,722,Mitch Marsh,288,Travis Head,297.0,179.0,Right,,4,0,4,4,HalfVolley,OffStump,WellTimed,FrontFoot,Drive,NoMovement,Over,FastSeam,Right,Null,NotReferred,Null,False,False,False,False,True,True,False,False,True,False,False,False,4,0,0,0,0,True,False,,,,,,
1652064,6,8.83,9,0,0,53,0,9,76633,,39987,South Africa v Australia ODIs 2026 - Men,2,23,Australia Men,21,South Africa Men,8838197,2026-09-24T13:08:57Z,5,35,False,2658,Gerald Coetzee,722,Mitch Marsh,288,Travis Head,229.0,178.0,Right,,4,0,4,4,HalfVolley,OutsideOff,WellTimed,FrontFoot,Drive,NoMovement,Over,FastSeam,Right,Null,NotReferred,Null,False,False,False,False,False,True,False,False,True,False,False,False,4,0,0,0,0,True,False,,,,,,
1652064,6,8.83,9,0,0,53,0,9,76633,,39987,South Africa v Australia ODIs 2026 - Men,2,23,Australia Men,21,South Africa Men,8838214,2026-09-24T13:09:42Z,6,36,False,2658,Gerald Coetzee,722,Mitch Marsh,288,Travis Head,197.0,68.0,Right,Cover,0,0,0,0,FullToss,OutsideOff,None,FrontFoot,Drive,SlowerBall,Over,FastSeam,Right,Null,NotReferred,Null,False,False,False,False,False,True,False,False,True,False,False,False,0,0,0,0,0,False,False,,,,,,
1652080,7,10.29,19,0,0,72,0,19,76633,,39987,South Africa v Australia ODIs 2026 - Men,2,23,Australia Men,21,South Africa Men,8838231,2026-09-24T13:10:54Z,1,37,False,3673,Corbin Bosch,288,Travis Head,722,Mitch Marsh,6.0,69.0,Left,Backward Point,0,0,0,0,LengthBall,DownLeg,None,BackFoot,Drive,NoMovement,Over,FastSeam,Right,Null,NotReferred,Null,False,False,False,False,False,True,False,False,True,False,False,False,0,0,0,0,0,False,False,,,,,,
1652080,7,10.29,19,0,0,72,0,19,76633,,39987,South Africa v Australia ODIs 2026 - Men,2,23,Australia Men,21,South Africa Men,8838240,2026-09-24T13:11:27Z,2,38,False,3673,Corbin Bosch,288,Travis Head,722,Mitch Marsh,111.0,161.0,Left,,4,0,4,4,LengthBall,DownLeg,WellTimed,BackFoot,Glance,NoMovement,Over,FastSeam,Right,Null,NotReferred,Null,False,False,False,False,False,True,False,False,True,False,False,False,4,0,0,0,0,True,False,,,,,,
1652080,7,10.29,19,0,0,72,0,19,76633,,39987,South Africa v Australia ODIs 2026 - Men,2,23,Australia Men,21,South Africa Men,8838251,2026-09-24T13:12:01Z,3,39,False,3673,Corbin Bosch,288,Travis Head,722,Mitch Marsh,209.0,175.0,Left,,4,0,4,4,Short,DownLeg,WellTimed,BackFoot,Pull,NoMovement,Over,FastSeam,Right,Null,NotReferred,Null,False,False,False,False,False,True,False,False,True,False,False,False,4,0,0,0,0,True,False,,,,,,
1652080,7,10.29,19,0,0,72,0,19,76633,,39987,South Africa v Australia ODIs 2026 - Men,2,23,Australia Men,21,South Africa Men,8838263,2026-09-24T13:12:40Z,4,40,False,3673,Corbin Bosch,288,Travis Head,722,Mitch Marsh,2.0,170.0,Left,,4,0,4,4,BackOfALength,LegStump,WellTimed,BackFoot,Drive,NoMovement,Over,FastSeam,Right,Null,NotReferred,Null,False,False,False,False,False,True,False,False,True,False,False,False,4,0,0,0,0,True,False,,,,,,
1652080,7,10.29,19,0,0,72,0,19,76633,,39987,South Africa v Australia ODIs 2026 - Men,2,23,Australia Men,21,South Africa Men,8838273,2026-09-24T13:13:19Z,5,41,False,3673,Corbin Bosch,288,Travis Head,722,Mitch Marsh,,,Left,Wicketkeeper,1,1,1,0,LengthBall,DownLeg,PlayAndMissLegSide,FrontFoot,Flick,NoMovement,Over,FastSeam,Right,Null,NotReferred,Null,True,False,False,False,False,True,False,False,True,False,False,False,1,0,1,0,0,False,False,,,,,,
1652080,7,10.29,19,0,0,72,0,19,76633,,39987,South Africa v Australia ODIs 2026 - Men,2,23,Australia Men,21,South Africa Men,8838289,2026-09-24T13:13:54Z,5,42,False,3673,Corbin Bosch,288,Travis Head,722,Mitch Marsh,,,Left,Wicketkeeper,1,1,1,0,HalfVolley,DownLeg,PlayAndMissLegSide,FrontFoot,Flick,SlowerBall,Over,FastSeam,Right,Null,NotReferred,Null,True,False,False,False,False,True,False,False,True,False,False,False,1,0,1,0,0,False,False,,,,,,
1652080,7,10.29,19,0,0,72,0,19,76633,,39987,South Africa v Australia ODIs 2026 - Men,2,23,Australia Men,21,South Africa Men,8838298,2026-09-24T13:14:27Z,5,43,False,3673,Corbin Bosch,288,Travis Head,722,Mitch Marsh,,,Left,Wicketkeeper,1,1,1,0,BackOfALength,MiddleStump,PlayAndMissLegSide,FrontFoot,Flick,NoMovement,Round,FastSeam,Right,Null,NotReferred,Null,True,False,False,False,False,True,False,False,True,False,False,False,1,0,1,0,0,False,False,,,,,,
1652080,7,10.29,19,0,0,72,0,19,76633,,39987,South Africa v Australia ODIs 2026 - Men,2,23,Australia Men,21,South Africa Men,8838308,2026-09-24T13:15:02Z,5,44,False,3673,Corbin Bosch,288,Travis Head,722,Mitch Marsh,131.0,162.0,Left,,4,0,4,4,BackOfALength,OutsideOff,WellTimed,BackFoot,Glance,NoMovement,Round,FastSeam,Right,Null,NotReferred,Null,False,False,False,False,False,True,False,False,True,False,False,False,4,0,0,0,0,True,False,,,,,,
1652080,7,10.29,19,0,0,72,0,19,76633,,39987,South Africa v Australia ODIs 2026 - Men,2,23,Australia Men,21,South Africa Men,8838317,2026-09-24T13:15:37Z,6,45,False,3673,Corbin Bosch,288,Travis Head,722,Mitch Marsh,176.0,40.0,Left,Backward Square Leg,0,0,0,0,BackOfALength,OutsideOff,MisTimed,BackFoot,Flick,NoMovement,Round,FastSeam,Right,Null,NotReferred,Null,False,False,False,False,False,True,False,False,True,False,False,False,0,0,0,0,0,False,False,,,,,,
1652100,8,9.62,5,0,0,77,0,5,76633,,39987,South Africa v Australia ODIs 2026 - Men,2,23,Australia Men,21,South Africa Men,8838356,2026-09-24T13:17:44Z,1,46,False,457,Keshav Maharaj,722,Mitch Marsh,288,Travis Head,213.0,63.0,Right,Extra Cover,1,0,1,1,LengthBall,OutsideOff,None,FrontFoot,Drive,StockBall,Round,Orthodox,Left,Null,NotReferred,Null,False,False,False,False,False,True,False,False,True,False,False,False,1,0,0,0,0,False,False,,,,,,
1652100,8,9.62,5,0,0,77,0,5,76633,,39987,South Africa v Australia ODIs 2026 - Men,2,23,Australia Men,21,South Africa Men,8838422,2026-09-24T13:21:58Z,2,47,False,457,Keshav Maharaj,288,Travis Head,722,Mitch Marsh,182.0,133.0,Left,Deep Square Leg,2,0,2,2,LengthBall,OffStump,None,FrontFoot,Flick,,Over,Orthodox,Left,Null,NotReferred,Null,False,False,False,False,False,True,False,False,True,False,False,False,2,0,0,0,0,False,False,,,,,,
1652100,8,9.62,5,0,0,77,0,5,76633,,39987,South Africa v Australia ODIs 2026 - Men,2,23,Australia Men,21,South Africa Men,8838423,2026-09-24T13:22:01Z,3,48,False,457,Keshav Maharaj,288,Travis Head,722,Mitch Marsh,190.0,124.0,Left,Deep Square Leg,1,0,1,1,LengthBall,MiddleStump,None,FrontFoot,Flick,StockBall,Over,Orthodox,Left,Null,NotReferred,Null,False,False,False,False,False,True,False,False,True,False,False,False,1,0,0,0,0,False,False,,,,,,
1652100,8,9.62,5,0,0,77,0,5,76633,,39987,South Africa v Australia ODIs 2026 - Men,2,23,Australia Men,21,South Africa Men,8838427,2026-09-24T13:22:03Z,4,49,False,457,Keshav Maharaj,722,Mitch Marsh,288,Travis Head,195.0,54.0,Right,Cover,0,0,0,0,BackOfALength,OutsideOff,None,BackFoot,Drive,StockBall,Over,Orthodox,Left,Null,NotReferred,Null,False,False,False,False,False,True,False,False,True,False,False,False,0,0,0,0,0,False,False,,,,,,
1652100,8,9.62,5,0,0,77,0,5,76633,,39987,South Africa v Australia ODIs 2026 - Men,2,23,Australia Men,21,South Africa Men,8838426,2026-09-24T13:22:05Z,5,50,False,457,Keshav Maharaj,722,Mitch Marsh,288,Travis Head,208.0,51.0,Right,Cover,0,0,0,0,HalfVolley,DownLeg,None,FrontFoot,Drive,StockBall,Round,Orthodox,Left,Null,NotReferred,Null,False,False,False,False,False,True,False,False,True,False,False,False,0,0,0,0,0,False,False,,,,,,
1652100,8,9.62,5,0,0,77,0,5,76633,,39987,South Africa v Australia ODIs 2026 - Men,2,23,Australia Men,21,South Africa Men,8838444,2026-09-24T13:22:54Z,6,51,False,457,Keshav Maharaj,722,Mitch Marsh,288,Travis Head,244.0,147.0,Right,Long Off,1,0,1,1,LengthBall,OffStump,None,FrontFoot,Drive,StockBall,Over,Orthodox,Left,Null,NotReferred,Null,False,False,False,False,False,True,False,False,True,False,False,False,1,0,0,0,0,False,False,,,,,,
1652115,9,9.89,12,0,0,89,0,12,76633,,39987,South Africa v Australia ODIs 2026 - Men,2,23,Australia Men,21,South Africa Men,8838451,2026-09-24T13:23:20Z,1,52,False,3673,Corbin Bosch,722,Mitch Marsh,288,Travis Head,234.0,49.0,Right,Extra Cover,0,0,0,0,LengthBall,OutsideOff,None,FrontFoot,ForwardDefensive,NoMovement,Over,FastSeam,Right,Null,NotReferred,Null,False,False,False,False,False,True,False,False,True,False,False,False,0,0,0,0,0,False,False,,,,,,
1652115,9,9.89,12,0,0,89,0,12,76633,,39987,South Africa v Australia ODIs 2026 - Men,2,23,Australia Men,21,South Africa Men,8838454,2026-09-24T13:23:21Z,2,53,False,3673,Corbin Bosch,722,Mitch Marsh,288,Travis Head,336.0,174.0,Right,,6,0,6,6,BackOfALength,OutsideOff,Middled,BackFoot,Pull,NoMovement,Over,FastSeam,Right,Null,NotReferred,Null,False,False,False,False,True,True,False,False,True,False,False,False,6,0,0,0,0,True,False,,,,,,
1652115,9,9.89,12,0,0,89,0,12,76633,,39987,South Africa v Australia ODIs 2026 - Men,2,23,Australia Men,21,South Africa Men,8838492,2026-09-24T13:25:29Z,3,54,False,3673,Corbin Bosch,722,Mitch Marsh,288,Travis Head,,,Right,Wicketkeeper,0,0,0,0,Yorker,OutsideOff,Missed,FrontFoot,Drive,,Over,FastSeam,Right,Null,NotReferred,Null,False,False,False,False,False,True,False,False,True,False,False,False,0,0,0,0,0,False,False,,,,,,
1652115,9,9.89,12,0,0,89,0,12,76633,,39987,South Africa v Australia ODIs 2026 - Men,2,23,Australia Men,21,South Africa Men,8838496,2026-09-24T13:25:41Z,4,55,False,3673,Corbin Bosch,722,Mitch Marsh,288,Travis Head,,,Right,Wicketkeeper,0,0,0,0,LengthBall,OutsideOff,Missed,BackFoot,Steer,NoMovement,Over,FastSeam,Right,Null,NotReferred,Null,False,False,False,False,False,True,False,False,True,False,False,False,0,0,0,0,0,False,False,,,,,,
1652115,9,9.89,12,0,0,89,0,12,76633,,39987,South Africa v Australia ODIs 2026 - Men,2,23,Australia Men,21,South Africa Men,8838501,2026-09-24T13:25:49Z,5,56,False,3673,Corbin Bosch,722,Mitch Marsh,288,Travis Head,146.0,40.0,Right,Gully,0,0,0,0,LengthBall,OutsideOff,None,FrontFoot,Steer,NoMovement,Over,FastSeam,Right,Null,NotReferred,Null,False,False,False,False,False,True,False,False,True,False,False,False,0,0,0,0,0,False,False,,,,,,
1652115,9,9.89,12,0,0,89,0,12,76633,,39987,South Africa v Australia ODIs 2026 - Men,2,23,Australia Men,21,South Africa Men,8838505,2026-09-24T13:25:59Z,6,57,False,3673,Corbin Bosch,722,Mitch Marsh,288,Travis Head,331.0,175.0,Right,,6,0,6,6,BackOfALength,OutsideOff,Middled,FrontFoot,Pull,NoMovement,Over,FastSeam,Right,Null,NotReferred,Null,False,False,False,False,True,True,False,False,True,False,False,False,6,0,0,0,0,True,False,,,,,,
1652127,10,9.6,7,1,0,96,1,7,76633,,39987,South Africa v Australia ODIs 2026 - Men,2,23,Australia Men,21,South Africa Men,8838521,2026-09-24T13:26:55Z,1,58,False,457,Keshav Maharaj,288,Travis Head,722,Mitch Marsh,251.0,122.0,Left,Long On,1,0,1,1,LengthBall,OutsideOff,MisTimed,FrontFoot,Drive,StockBall,Over,Orthodox,Left,Null,NotReferred,Null,False,False,False,False,False,True,False,False,True,False,False,False,1,0,0,0,0,False,False,,,,,,
1652127,10,9.6,7,1,0,96,1,7,76633,,39987,South Africa v Australia ODIs 2026 - Men,2,23,Australia Men,21,South Africa Men,8838536,2026-09-24T13:27:14Z,2,59,True,457,Keshav Maharaj,722,Mitch Marsh,288,Travis Head,239.0,65.0,Right,Extra Cover,0,0,0,0,LengthBall,OffStump,MisTimed,FrontFoot,Drive,StockBall,Round,Orthodox,Left,Null,NotReferred,Null,False,False,False,False,False,True,False,False,True,False,False,False,0,0,0,0,0,False,True,Caught,722.0,Mitch Marsh,Caught,Caught,2088.0
1652127,10,9.6,7,1,0,96,1,7,76633,,39987,South Africa v Australia ODIs 2026 - Men,2,23,Australia Men,21,South Africa Men,8838574,2026-09-24T13:29:28Z,3,60,False,457,Keshav Maharaj,3958,Cooper Connolly,288,Travis Head,103.0,142.0,Left,Fine Leg,0,4,4,0,LengthBall,OutsideOff,Missed,FrontFoot,Drive,StockBall,Round,Orthodox,Left,Null,NotReferred,Null,False,False,True,False,False,True,False,False,True,False,False,False,4,4,0,0,0,False,False,,,,,,
1652127,10,9.6,7,1,0,96,1,7,76633,,39987,South Africa v Australia ODIs 2026 - Men,2,23,Australia Men,21,South Africa Men,8838582,2026-09-24T13:30:15Z,4,61,False,457,Keshav Maharaj,3958,Cooper Connolly,288,Travis Head,329.0,138.0,Left,Deep Extra Cover,2,0,2,2,LengthBall,OutsideOff,Middled,FrontFoot,Drive,StockBall,Round,Orthodox,Left,Null,NotReferred,Null,False,False,False,False,False,True,False,False,True,False,False,False,2,0,0,0,0,False,False,,,,,,
1652127,10,9.6,7,1,0,96,1,7,76633,,39987,South Africa v Australia ODIs 2026 - Men,2,23,Australia Men,21,South Africa Men,8838590,2026-09-24T13:30:40Z,5,62,False,457,Keshav Maharaj,3958,Cooper Connolly,288,Travis Head,288.0,74.0,Left,Mid Off,0,0,0,0,HalfVolley,OutsideOff,None,FrontFoot,Drive,StockBall,Round,Orthodox,Left,Null,NotReferred,Null,False,False,False,False,False,True,False,False,True,False,False,False,0,0,0,0,0,False,False,,,,,,
1652127,10,9.6,7,1,0,96,1,7,76633,,39987,South Africa v Australia ODIs 2026 - Men,2,23,Australia Men,21,South Africa Men,8838595,2026-09-24T13:30:57Z,6,63,False,457,Keshav Maharaj,3958,Cooper Connolly,288,Travis Head,118.0,66.0,Left,Short Fine Leg,0,0,0,0,BackOfALength,OutsideOff,None,BackFoot,Glance,StockBall,Over,Orthodox,Left,Null,NotReferred,Null,False,False,False,False,False,True,False,False,True,False,False,False,0,0,0,0,0,False,False,,,,,,
1652143,11,9.0,3,0,0,99,1,3,76633,,39987,South Africa v Australia ODIs 2026 - Men,2,23,Australia Men,21,South Africa Men,8838613,2026-09-24T13:32:04Z,1,64,False,3673,Corbin Bosch,288,Travis Head,3958,Cooper Connolly,,,Left,Wicketkeeper,0,0,0,0,LengthBall,MiddleStump,Missed,FrontFoot,Drive,NoMovement,Over,FastSeam,Right,Null,NotReferred,Null,False,False,False,False,False,True,False,False,True,False,False,False,0,0,0,0,0,False,False,,,,,,
1652143,11,9.0,3,0,0,99,1,3,76633,,39987,South Africa v Australia ODIs 2026 - Men,2,23,Australia Men,21,South Africa Men,8838626,2026-09-24T13:32:37Z,2,65,False,3673,Corbin Bosch,288,Travis Head,3958,Cooper Connolly,195.0,96.0,Left,Square Leg,1,0,1,1,LengthBall,DownLeg,None,BackFoot,Pushed,NoMovement,Over,FastSeam,Right,Null,NotReferred,Null,False,False,False,False,False,True,False,False,True,False,False,False,1,0,0,0,0,False,False,,,,,,
1652143,11,9.0,3,0,0,99,1,3,76633,,39987,South Africa v Australia ODIs 2026 - Men,2,23,Australia Men,21,South Africa Men,8838638,2026-09-24T13:33:15Z,3,66,False,3673,Corbin Bosch,3958,Cooper Connolly,288,Travis Head,337.0,52.0,Left,Cover,1,0,1,1,BackOfALength,DownLeg,None,BackFoot,Pushed,NoMovement,Over,FastSeam,Right,Null,NotReferred,Null,False,False,False,False,False,True,False,False,True,False,False,False,1,0,0,0,0,False,False,,,,,,
1652143,11,9.0,3,0,0,99,1,3,76633,,39987,South Africa v Australia ODIs 2026 - Men,2,23,Australia Men,21,South Africa Men,8838645,2026-09-24T13:33:51Z,4,67,False,3673,Corbin Bosch,288,Travis Head,3958,Cooper Connolly,182.0,45.0,Left,Square Leg,1,0,1,1,BackOfALength,DownLeg,BatPad,BackFoot,Glance,NoMovement,Over,FastSeam,Right,Null,NotReferred,Null,False,False,False,False,False,True,False,False,True,False,False,False,1,0,0,0,0,False,False,,,,,,
1652143,11,9.0,3,0,0,99,1,3,76633,,39987,South Africa v Australia ODIs 2026 - Men,2,23,Australia Men,21,South Africa Men,8838654,2026-09-24T13:34:32Z,5,68,False,3673,Corbin Bosch,3958,Cooper Connolly,288,Travis Head,318.0,32.0,Left,Extra Cover,0,0,0,0,BackOfALength,DownLeg,None,BackFoot,BackwardDefensive,NoMovement,Over,FastSeam,Right,Null,NotReferred,Null,False,False,False,False,False,True,False,False,True,False,False,False,0,0,0,0,0,False,False,,,,,,
1652143,11,9.0,3,0,0,99,1,3,76633,,39987,South Africa v Australia ODIs 2026 - Men,2,23,Australia Men,21,South Africa Men,8838665,2026-09-24T13:35:08Z,6,69,False,3673,Corbin Bosch,3958,Cooper Connolly,288,Travis Head,282.0,93.0,Left,Mid Off,0,0,0,0,LengthBall,DownLeg,Middled,FrontFoot,Drive,NoMovement,Over,FastSeam,Right,Null,NotReferred,Null,False,False,False,False,False,True,False,False,True,False,False,False,0,0,0,0,0,False,False,,,,,,
1652155,12,8.58,4,0,0,103,1,4,76633,,39987,South Africa v Australia ODIs 2026 - Men,2,23,Australia Men,21,South Africa Men,8838678,2026-09-24T13:36:12Z,1,70,False,457,Keshav Maharaj,288,Travis Head,3958,Cooper Connolly,171.0,65.0,Left,Backward Square Leg,0,0,0,0,LengthBall,OutsideOff,None,BackFoot,Worked,StockBall,Over,Orthodox,Left,Null,NotReferred,Null,False,False,False,False,False,True,False,False,True,False,False,False,0,0,0,0,0,False,False,,,,,,
1652155,12,8.58,4,0,0,103,1,4,76633,,39987,South Africa v Australia ODIs 2026 - Men,2,23,Australia Men,21,South Africa Men,8838682,2026-09-24T13:36:35Z,2,71,False,457,Keshav Maharaj,288,Travis Head,3958,Cooper Connolly,250.0,140.0,Left,Long On,1,0,1,1,LengthBall,OffStump,None,FrontFoot,Worked,StockBall,Over,Orthodox,Left,Null,NotReferred,Null,False,False,False,False,False,True,False,False,True,False,False,False,1,0,0,0,0,False,False,,,,,,
1652155,12,8.58,4,0,0,103,1,4,76633,,39987,South Africa v Australia ODIs 2026 - Men,2,23,Australia Men,21,South Africa Men,8838692,2026-09-24T13:37:07Z,3,72,False,457,Keshav Maharaj,3958,Cooper Connolly,288,Travis Head,245.0,74.0,Left,Mid On,0,0,0,0,LengthBall,OutsideOff,None,FrontFoot,Worked,StockBall,Over,Orthodox,Left,Null,NotReferred,Null,False,False,False,False,False,True,False,False,True,False,False,False,0,0,0,0,0,False,False,,,,,,
1652155,12,8.58,4,0,0,103,1,4,76633,,39987,South Africa v Australia ODIs 2026 - Men,2,23,Australia Men,21,South Africa Men,8838699,2026-09-24T13:37:29Z,4,73,False,457,Keshav Maharaj,3958,Cooper Connolly,288,Travis Head,341.0,146.0,Left,Deep Cover,1,0,1,1,LengthBall,OutsideOff,None,FrontFoot,Drive,StockBall,Over,Orthodox,Left,Null,NotReferred,Null,False,False,False,False,False,True,False,False,True,False,False,False,1,0,0,0,0,False,False,,,,,,
1652155,12,8.58,4,0,0,103,1,4,76633,,39987,South Africa v Australia ODIs 2026 - Men,2,23,Australia Men,21,South Africa Men,8838705,2026-09-24T13:37:53Z,5,74,False,457,Keshav Maharaj,288,Travis Head,3958,Cooper Connolly,212.0,114.0,Left,Deep Mid Wicket,1,0,1,1,LengthBall,OutsideOff,None,FrontFoot,Worked,StockBall,Over,Orthodox,Left,Null,NotReferred,Null,False,False,False,False,False,True,False,False,True,False,False,False,1,0,0,0,0,False,False,,,,,,
1652155,12,8.58,4,0,0,103,1,4,76633,,39987,South Africa v Australia ODIs 2026 - Men,2,23,Australia Men,21,South Africa Men,8838714,2026-09-24T13:38:17Z,6,75,False,457,Keshav Maharaj,3958,Cooper Connolly,288,Travis Head,162.0,136.0,Left,Deep Backward Square Leg,1,0,1,1,BackOfALength,OutsideOff,Middled,FrontFoot,Sweep,StockBall,Over,Orthodox,Left,Null,NotReferred,Null,False,False,False,False,True,True,False,False,True,False,False,False,1,0,0,0,0,False,False,,,,,,
1652161,13,8.46,7,0,0,110,1,7,76633,,39987,South Africa v Australia ODIs 2026 - Men,2,23,Australia Men,21,South Africa Men,8838730,2026-09-24T13:39:31Z,1,76,False,3673,Corbin Bosch,3958,Cooper Connolly,288,Travis Head,336.0,137.0,Left,Deep Cover,1,0,1,1,BackOfALength,DownLeg,None,BackFoot,Drive,NoMovement,Over,FastSeam,Right,Null,NotReferred,Null,False,False,False,False,False,True,False,False,True,False,False,False,1,0,0,0,0,False,False,,,,,,
1652161,13,8.46,7,0,0,110,1,7,76633,,39987,South Africa v Australia ODIs 2026 - Men,2,23,Australia Men,21,South Africa Men,8838739,2026-09-24T13:39:57Z,2,77,False,3673,Corbin Bosch,288,Travis Head,3958,Cooper Connolly,352.0,141.0,Left,Deep Cover,1,0,1,1,LengthBall,MiddleStump,Middled,FrontFoot,Drive,NoMovement,Over,FastSeam,Right,Null,NotReferred,Null,False,False,False,False,False,True,False,False,True,False,False,False,1,0,0,0,0,False,False,,,,,,
1652161,13,8.46,7,0,0,110,1,7,76633,,39987,South Africa v Australia ODIs 2026 - Men,2,23,Australia Men,21,South Africa Men,8838747,2026-09-24T13:40:34Z,3,78,False,3673,Corbin Bosch,3958,Cooper Connolly,288,Travis Head,,,Left,Wicketkeeper,1,1,1,0,BackOfALength,DownLeg,PlayAndMissLegSide,FrontFoot,Flick,NoMovement,Over,FastSeam,Right,Null,NotReferred,Null,True,False,False,False,False,True,False,False,True,False,False,False,1,0,1,0,0,False,False,,,,,,
1652161,13,8.46,7,0,0,110,1,7,76633,,39987,South Africa v Australia ODIs 2026 - Men,2,23,Australia Men,21,South Africa Men,8838759,2026-09-24T13:41:09Z,3,79,False,3673,Corbin Bosch,3958,Cooper Connolly,288,Travis Head,219.0,74.0,Left,Mid Wicket,0,0,0,0,HalfVolley,OutsideOff,InsideEdge,FrontFoot,Drive,NoMovement,Round,FastSeam,Right,Null,NotReferred,Null,False,False,False,False,False,True,False,False,True,False,False,False,0,0,0,0,0,False,False,,,,,,
1652161,13,8.46,7,0,0,110,1,7,76633,,39987,South Africa v Australia ODIs 2026 - Men,2,23,Australia Men,21,South Africa Men,8838767,2026-09-24T13:41:46Z,4,80,False,3673,Corbin Bosch,3958,Cooper Connolly,288,Travis Head,327.0,175.0,Left,,4,0,4,4,HalfVolley,OutsideOff,WellTimed,FrontFoot,Drive,NoMovement,Round,FastSeam,Right,Null,NotReferred,Null,False,False,False,False,False,True,False,False,True,False,False,False,4,0,0,0,0,True,False,,,,,,
1652161,13,8.46,7,0,0,110,1,7,76633,,39987,South Africa v Australia ODIs 2026 - Men,2,23,Australia Men,21,South Africa Men,8838777,2026-09-24T13:42:24Z,5,81,False,3673,Corbin Bosch,3958,Cooper Connolly,288,Travis Head,307.0,76.0,Left,Extra Cover,0,0,0,0,LengthBall,OutsideOff,None,BackFoot,Pushed,NoMovement,Round,FastSeam,Right,Null,NotReferred,Null,False,False,False,False,False,True,False,False,True,False,False,False,0,0,0,0,0,False,False,,,,,,
1652161,13,8.46,7,0,0,110,1,7,76633,,39987,South Africa v Australia ODIs 2026 - Men,2,23,Australia Men,21,South Africa Men,8838786,2026-09-24T13:42:57Z,6,82,False,3673,Corbin Bosch,3958,Cooper Connolly,288,Travis Head,332.0,59.0,Left,Cover,0,0,0,0,LengthBall,OutsideOff,MisTimed,FrontFoot,Drive,NoMovement,Round,FastSeam,Right,Null,NotReferred,Null,False,False,False,False,False,True,False,False,True,False,False,False,0,0,0,0,0,False,False,,,,,,
1652174,14,7.93,1,0,0,111,1,1,76633,,39987,South Africa v Australia ODIs 2026 - Men,2,23,Australia Men,21,South Africa Men,8838803,2026-09-24T13:43:58Z,1,83,False,457,Keshav Maharaj,288,Travis Head,3958,Cooper Connolly,341.0,42.0,Left,Cover,0,0,0,0,LengthBall,OutsideOff,MisTimed,BackFoot,Cut,StockBall,Over,Orthodox,Left,Null,NotReferred,Null,False,False,False,False,False,True,False,False,True,False,False,False,0,0,0,0,0,False,False,,,,,,
1652174,14,7.93,1,0,0,111,1,1,76633,,39987,South Africa v Australia ODIs 2026 - Men,2,23,Australia Men,21,South Africa Men,8838807,2026-09-24T13:44:17Z,2,84,False,457,Keshav Maharaj,288,Travis Head,3958,Cooper Connolly,,,Left,Bowler,0,0,0,0,BackOfALength,OutsideOff,None,DownTheTrack,Pushed,StockBall,Over,Orthodox,Left,Null,NotReferred,Null,False,False,False,False,False,True,False,False,True,False,False,False,0,0,0,0,0,False,False,,,,,,
1652174,14,7.93,1,0,0,111,1,1,76633,,39987,South Africa v Australia ODIs 2026 - Men,2,23,Australia Men,21,South Africa Men,8838814,2026-09-24T13:44:32Z,3,85,False,457,Keshav Maharaj,288,Travis Head,3958,Cooper Connolly,243.0,58.0,Left,Mid On,0,0,0,0,BackOfALength,OutsideOff,None,FrontFoot,Worked,StockBall,Over,Orthodox,Left,Null,NotReferred,Null,False,False,False,False,False,True,False,False,True,False,False,False,0,0,0,0,0,False,False,,,,,,
1652174,14,7.93,1,0,0,111,1,1,76633,,39987,South Africa v Australia ODIs 2026 - Men,2,23,Australia Men,21,South Africa Men,8838822,2026-09-24T13:44:54Z,4,86,False,457,Keshav Maharaj,288,Travis Head,3958,Cooper Connolly,218.0,52.0,Left,Mid Wicket,0,0,0,0,LengthBall,OffStump,None,BackFoot,Pushed,StockBall,Over,Orthodox,Left,Null,NotReferred,Null,False,False,False,False,False,True,False,False,True,False,False,False,0,0,0,0,0,False,False,,,,,,
1652174,14,7.93,1,0,0,111,1,1,76633,,39987,South Africa v Australia ODIs 2026 - Men,2,23,Australia Men,21,South Africa Men,8838832,2026-09-24T13:45:10Z,5,87,False,457,Keshav Maharaj,288,Travis Head,3958,Cooper Connolly,210.0,51.0,Left,Square Leg,1,0,1,1,LengthBall,OutsideOff,None,FrontFoot,Worked,StockBall,Over,Orthodox,Left,Null,NotReferred,Null,False,False,False,False,False,True,False,False,True,False,False,False,1,0,0,0,0,False,False,,,,,,
1652174,14,7.93,1,0,0,111,1,1,76633,,39987,South Africa v Australia ODIs 2026 - Men,2,23,Australia Men,21,South Africa Men,8838838,2026-09-24T13:45:46Z,6,88,False,457,Keshav Maharaj,3958,Cooper Connolly,288,Travis Head,,,Left,Bowler,0,0,0,0,LengthBall,OutsideOff,None,FrontFoot,ForwardDefensive,StockBall,Over,Orthodox,Left,Null,NotReferred,Null,False,False,False,False,False,True,False,False,True,False,False,False,0,0,0,0,0,False,False,,,,,,
1652184,15,8.27,13,0,0,124,1,13,76633,,39987,South Africa v Australia ODIs 2026 - Men,2,23,Australia Men,21,South Africa Men,8838862,2026-09-24T13:46:49Z,1,89,False,2705,Marco Jansen,288,Travis Head,3958,Cooper Connolly,73.0,118.0,Left,Third Man,1,0,1,1,BackOfALength,OutsideOff,None,BackFoot,Steer,NoMovement,Over,FastSeam,Left,Null,NotReferred,Null,False,False,False,False,False,True,False,False,True,False,False,False,1,0,0,0,0,False,False,,,,,,
1652184,15,8.27,13,0,0,124,1,13,76633,,39987,South Africa v Australia ODIs 2026 - Men,2,23,Australia Men,21,South Africa Men,8838867,2026-09-24T13:47:21Z,2,90,False,2705,Marco Jansen,3958,Cooper Connolly,288,Travis Head,164.0,65.0,Left,Backward Square Leg,1,0,1,1,BackOfALength,OutsideOff,InsideEdge,BackFoot,Cut,NoMovement,Over,FastSeam,Left,Null,NotReferred,Null,False,False,False,False,False,True,False,False,True,False,False,False,1,0,0,0,0,False,False,,,,,,
1652184,15,8.27,13,0,0,124,1,13,76633,,39987,South Africa v Australia ODIs 2026 - Men,2,23,Australia Men,21,South Africa Men,8838877,2026-09-24T13:47:54Z,3,91,False,2705,Marco Jansen,288,Travis Head,3958,Cooper Connolly,,,Left,Wicketkeeper,0,0,0,0,LengthBall,OutsideOff,Missed,FrontFoot,Drive,NoMovement,Over,FastSeam,Left,Null,NotReferred,Null,False,False,False,False,False,True,False,False,True,False,False,False,0,0,0,0,0,False,False,,,,,,
1652184,15,8.27,13,0,0,124,1,13,76633,,39987,South Africa v Australia ODIs 2026 - Men,2,23,Australia Men,21,South Africa Men,8838886,2026-09-24T13:48:31Z,4,92,False,2705,Marco Jansen,288,Travis Head,3958,Cooper Connolly,209.0,127.0,Left,Deep Square Leg,1,0,1,1,Yorker,LegStump,None,FrontFoot,Flick,NoMovement,Over,FastSeam,Left,Null,NotReferred,Null,False,False,False,False,False,True,False,False,True,False,False,False,1,0,0,0,0,False,False,,,,,,
1652184,15,8.27,13,0,0,124,1,13,76633,,39987,South Africa v Australia ODIs 2026 - Men,2,23,Australia Men,21,South Africa Men,8838897,2026-09-24T13:49:06Z,5,93,False,2705,Marco Jansen,3958,Cooper Connolly,288,Travis Head,191.0,172.0,Left,,6,0,6,6,Short,OutsideOff,Middled,BackFoot,Pull,NoMovement,Over,FastSeam,Left,Null,NotReferred,Null,False,False,False,False,True,True,False,False,True,False,False,False,6,0,0,0,0,True,False,,,,,,
1652184,15,8.27,13,0,0,124,1,13,76633,,39987,South Africa v Australia ODIs 2026 - Men,2,23,Australia Men,21,South Africa Men,8838910,2026-09-24T13:49:54Z,6,94,False,2705,Marco Jansen,3958,Cooper Connolly,288,Travis Head,311.0,178.0,Left,,4,0,4,4,HalfVolley,OutsideOff,WellTimed,FrontFoot,Drive,NoMovement,Over,FastSeam,Left,Null,NotReferred,Null,False,False,False,False,True,True,False,False,True,False,False,False,4,0,0,0,0,True,False,,,,,,
1652204,16,8.06,5,0,0,129,1,5,76633,,39987,South Africa v Australia ODIs 2026 - Men,2,23,Australia Men,21,South Africa Men,8838977,2026-09-24T13:54:31Z,1,95,False,2648,Bjorn Fortuin,288,Travis Head,3958,Cooper Connolly,349.0,50.0,Left,Cover,1,0,1,1,LengthBall,OutsideOff,ThickEdge,FrontFoot,Pushed,StockBall,Over,Orthodox,Left,Null,NotReferred,Null,False,False,False,False,False,True,False,False,True,False,False,False,1,0,0,0,0,False,False,,,,,,
1652204,16,8.06,5,0,0,129,1,5,76633,,39987,South Africa v Australia ODIs 2026 - Men,2,23,Australia Men,21,South Africa Men,8838984,2026-09-24T13:55:09Z,2,96,False,2648,Bjorn Fortuin,3958,Cooper Connolly,288,Travis Head,331.0,175.0,Left,,4,0,4,4,HalfVolley,OutsideOff,WellTimed,FrontFoot,Drive,StockBall,Over,Orthodox,Left,Null,NotReferred,Null,False,False,False,False,False,True,False,False,True,False,False,False,4,0,0,0,0,True,False,,,,,,
1652204,16,8.06,5,0,0,129,1,5,76633,,39987,South Africa v Australia ODIs 2026 - Men,2,23,Australia Men,21,South Africa Men,8838993,2026-09-24T13:55:33Z,3,97,False,2648,Bjorn Fortuin,3958,Cooper Connolly,288,Travis Head,,,Left,Wicketkeeper,0,0,0,0,LengthBall,OutsideOff,Missed,FrontFoot,ForwardDefensive,StockBall,Over,Orthodox,Left,Null,NotReferred,Null,False,False,False,False,False,True,False,False,True,False,False,False,0,0,0,0,0,False,False,,,,,,
1652204,16,8.06,5,0,0,129,1,5,76633,,39987,South Africa v Australia ODIs 2026 - Men,2,23,Australia Men,21,South Africa Men,8838997,2026-09-24T13:55:49Z,4,98,False,2648,Bjorn Fortuin,3958,Cooper Connolly,288,Travis Head,,,Left,Wicketkeeper,0,0,0,0,LengthBall,OutsideOff,Missed,FrontFoot,ForwardDefensive,StockBall,Over,Orthodox,Left,Null,NotReferred,Null,False,False,False,False,False,True,False,False,True,False,False,False,0,0,0,0,0,False,False,,,,,,
1652204,16,8.06,5,0,0,129,1,5,76633,,39987,South Africa v Australia ODIs 2026 - Men,2,23,Australia Men,21,South Africa Men,8839006,2026-09-24T13:56:13Z,5,99,False,2648,Bjorn Fortuin,3958,Cooper Connolly,288,Travis Head,310.0,52.0,Left,Extra Cover,0,0,0,0,LengthBall,OutsideOff,None,FrontFoot,Pushed,StockBall,Over,Orthodox,Left,Null,NotReferred,Null,False,False,False,False,False,True,False,False,True,False,False,False,0,0,0,0,0,False,False,,,,,,
1652204,16,8.06,5,0,0,129,1,5,76633,,39987,South Africa v Australia ODIs 2026 - Men,2,23,Australia Men,21,South Africa Men,8839011,2026-09-24T13:56:32Z,6,100,False,2648,Bjorn Fortuin,3958,Cooper Connolly,288,Travis Head,,,Left,Wicketkeeper,0,0,0,0,LengthBall,OutsideOff,Missed,FrontFoot,ForwardDefensive,QuickerBall,Over,Orthodox,Left,Null,NotReferred,Null,False,False,False,False,False,True,False,False,True,False,False,False,0,0,0,0,0,False,False,,,,,,
1652213,17,7.76,3,1,0,132,2,3,76633,,39987,South Africa v Australia ODIs 2026 - Men,2,23,Australia Men,21,South Africa Men,8839040,2026-09-24T13:57:31Z,1,101,True,2705,Marco Jansen,288,Travis Head,3958,Cooper Connolly,59.0,131.0,Left,Third Man,0,0,0,0,BackOfALength,OffStump,LeadingEdge,FrontFoot,Flick,NoMovement,Over,FastSeam,Left,Null,NotReferred,Null,False,False,False,False,False,True,False,False,True,False,False,False,0,0,0,0,0,False,True,Caught,288.0,Travis Head,Caught,Caught,1874.0
1652213,17,7.76,3,1,0,132,2,3,76633,,39987,South Africa v Australia ODIs 2026 - Men,2,23,Australia Men,21,South Africa Men,8839067,2026-09-24T13:59:50Z,2,102,False,2705,Marco Jansen,1151,Josh Inglis,3958,Cooper Connolly,217.0,54.0,Right,Extra Cover,0,0,0,0,HalfVolley,OutsideOff,MisTimed,FrontFoot,Drive,NoMovement,Over,FastSeam,Left,Null,NotReferred,Null,False,False,False,False,False,True,False,False,True,False,False,False,0,0,0,0,0,False,False,,,,,,
1652213,17,7.76,3,1,0,132,2,3,76633,,39987,South Africa v Australia ODIs 2026 - Men,2,23,Australia Men,21,South Africa Men,8839079,2026-09-24T14:00:21Z,3,103,False,2705,Marco Jansen,1151,Josh Inglis,3958,Cooper Connolly,65.0,130.0,Right,Fine Leg,1,0,1,1,Short,OffStump,None,BackFoot,Pull,NoMovement,Round,FastSeam,Left,Null,NotReferred,Null,False,False,False,False,False,True,False,False,True,False,False,False,1,0,0,0,0,False,False,,,,,,
1652213,17,7.76,3,1,0,132,2,3,76633,,39987,South Africa v Australia ODIs 2026 - Men,2,23,Australia Men,21,South Africa Men,8839089,2026-09-24T14:00:55Z,4,104,False,2705,Marco Jansen,3958,Cooper Connolly,1151,Josh Inglis,344.0,163.0,Left,Deep Cover,1,0,1,1,BackOfALength,OutsideOff,None,BackFoot,Drive,NoMovement,Over,FastSeam,Left,Null,NotReferred,Null,False,False,False,False,False,True,False,False,True,False,False,False,1,0,0,0,0,False,False,,,,,,
1652213,17,7.76,3,1,0,132,2,3,76633,,39987,South Africa v Australia ODIs 2026 - Men,2,23,Australia Men,21,South Africa Men,8839101,2026-09-24T14:01:26Z,5,105,False,2705,Marco Jansen,1151,Josh Inglis,3958,Cooper Connolly,138.0,133.0,Right,Third Man,1,0,1,1,BackOfALength,OutsideOff,ThickEdge,BackFoot,Drive,NoMovement,Round,FastSeam,Left,Null,NotReferred,Null,False,False,False,False,False,True,False,False,True,False,False,False,1,0,0,0,0,False,False,,,,,,
1652213,17,7.76,3,1,0,132,2,3,76633,,39987,South Africa v Australia ODIs 2026 - Men,2,23,Australia Men,21,South Africa Men,8839108,2026-09-24T14:01:59Z,6,106,False,2705,Marco Jansen,3958,Cooper Connolly,1151,Josh Inglis,,,Left,Bowler,0,0,0,0,LengthBall,OutsideOff,MisTimed,FrontFoot,Pushed,NoMovement,Over,FastSeam,Left,Null,NotReferred,Null,False,False,False,False,False,True,False,False,True,False,False,False,0,0,0,0,0,False,False,,,,,,
1652229,18,7.44,2,1,0,134,3,2,76633,,39987,South Africa v Australia ODIs 2026 - Men,2,23,Australia Men,21,South Africa Men,8839133,2026-09-24T14:03:26Z,1,107,False,2648,Bjorn Fortuin,1151,Josh Inglis,3958,Cooper Connolly,224.0,51.0,Right,Extra Cover,0,0,0,0,LengthBall,LegStump,LeadingEdge,FrontFoot,Flick,StockBall,Round,Orthodox,Left,Null,NotReferred,Null,False,False,False,False,False,True,False,False,True,False,False,False,0,0,0,0,0,False,False,,,,,,
1652229,18,7.44,2,1,0,134,3,2,76633,,39987,South Africa v Australia ODIs 2026 - Men,2,23,Australia Men,21,South Africa Men,8839136,2026-09-24T14:03:47Z,2,108,False,2648,Bjorn Fortuin,1151,Josh Inglis,3958,Cooper Connolly,63.0,56.0,Right,Short Fine Leg,0,0,0,0,LengthBall,MiddleStump,HitPad,FrontFoot,Glance,StockBall,Round,Orthodox,Left,Null,NotReferred,Null,False,False,False,False,False,True,False,False,True,False,False,False,0,0,0,0,0,False,False,,,,,,
1652229,18,7.44,2,1,0,134,3,2,76633,,39987,South Africa v Australia ODIs 2026 - Men,2,23,Australia Men,21,South Africa Men,8839147,2026-09-24T14:04:06Z,3,109,False,2648,Bjorn Fortuin,1151,Josh Inglis,3958,Cooper Connolly,261.0,129.0,Right,Long Off,1,0,1,1,LengthBall,OffStump,None,DownTheTrack,Pushed,StockBall,Round,Orthodox,Left,Null,NotReferred,Null,False,False,False,False,False,True,False,False,True,False,False,False,1,0,0,0,0,False,False,,,,,,
1652229,18,7.44,2,1,0,134,3,2,76633,,39987,South Africa v Australia ODIs 2026 - Men,2,23,Australia Men,21,South Africa Men,8839159,2026-09-24T14:04:38Z,4,110,False,2648,Bjorn Fortuin,3958,Cooper Connolly,1151,Josh Inglis,165.0,132.0,Left,Deep Backward Square Leg,1,0,1,1,LengthBall,OutsideOff,None,FrontFoot,Sweep,StockBall,Round,Orthodox,Left,Null,NotReferred,Null,False,False,False,False,False,True,False,False,True,False,False,False,1,0,0,0,0,False,False,,,,,,
1652229,18,7.44,2,1,0,134,3,2,76633,,39987,South Africa v Australia ODIs 2026 - Men,2,23,Australia Men,21,South Africa Men,8839162,2026-09-24T14:05:05Z,5,111,False,2648,Bjorn Fortuin,1151,Josh Inglis,3958,Cooper Connolly,,,Right,Bowler,0,0,0,0,BackOfALength,OffStump,None,BackFoot,Pushed,StockBall,Round,Orthodox,Left,Null,NotReferred,Null,False,False,False,False,False,True,False,False,True,False,False,False,0,0,0,0,0,False,False,,,,,,
1652229,18,7.44,2,1,0,134,3,2,76633,,39987,South Africa v Australia ODIs 2026 - Men,2,23,Australia Men,21,South Africa Men,8839182,2026-09-24T14:05:21Z,6,112,True,2648,Bjorn Fortuin,1151,Josh Inglis,3958,Cooper Connolly,118.0,37.0,Right,Short Third Man,0,0,0,0,LengthBall,OffStump,Gloved,FrontFoot,ReverseSweep,StockBall,Round,Orthodox,Left,Null,NotReferred,Null,False,False,False,False,False,True,False,False,True,False,False,False,0,0,0,0,0,False,True,Caught,1151.0,Josh Inglis,Caught,Caught,2088.0
1652242,19,7.42,7,0,0,141,3,7,76633,,39987,South Africa v Australia ODIs 2026 - Men,2,23,Australia Men,21,South Africa Men,8839207,2026-09-24T14:07:32Z,1,113,False,2658,Gerald Coetzee,3958,Cooper Connolly,290,Matthew Renshaw,,,Left,Wicketkeeper,1,1,1,0,LengthBall,DownLeg,PlayAndMissLegSide,FrontFoot,Flick,NoMovement,Over,FastSeam,Right,Null,NotReferred,Null,True,False,False,False,False,True,False,False,True,False,False,False,1,0,1,0,0,False,False,,,,,,
1652242,19,7.42,7,0,0,141,3,7,76633,,39987,South Africa v Australia ODIs 2026 - Men,2,23,Australia Men,21,South Africa Men,8839218,2026-09-24T14:08:08Z,1,114,False,2658,Gerald Coetzee,3958,Cooper Connolly,290,Matthew Renshaw,324.0,155.0,Left,Deep Extra Cover,2,0,2,2,LengthBall,OffStump,None,FrontFoot,Drive,NoMovement,Over,FastSeam,Right,Null,NotReferred,Null,False,False,False,False,False,True,False,False,True,False,False,False,2,0,0,0,0,False,False,,,,,,
1652242,19,7.42,7,0,0,141,3,7,76633,,39987,South Africa v Australia ODIs 2026 - Men,2,23,Australia Men,21,South Africa Men,8839230,2026-09-24T14:08:50Z,2,115,False,2658,Gerald Coetzee,3958,Cooper Connolly,290,Matthew Renshaw,252.0,71.0,Left,Mid On,0,0,0,0,LengthBall,OutsideOff,MisTimed,FrontFoot,Drive,NoMovement,Round,FastSeam,Right,Null,NotReferred,Null,False,False,False,False,False,True,False,False,True,False,False,False,0,0,0,0,0,False,False,,,,,,
1652242,19,7.42,7,0,0,141,3,7,76633,,39987,South Africa v Australia ODIs 2026 - Men,2,23,Australia Men,21,South Africa Men,8839240,2026-09-24T14:09:26Z,3,116,False,2658,Gerald Coetzee,3958,Cooper Connolly,290,Matthew Renshaw,0.0,0.0,Left,Wicketkeeper,0,0,0,0,Short,OutsideOff,Left,Ducked,Leave,NoMovement,Round,FastSeam,Right,Null,NotReferred,Null,False,False,False,False,False,True,False,False,True,False,False,False,0,0,0,0,0,False,False,,,,,,
1652242,19,7.42,7,0,0,141,3,7,76633,,39987,South Africa v Australia ODIs 2026 - Men,2,23,Australia Men,21,South Africa Men,8839249,2026-09-24T14:09:59Z,4,117,False,2658,Gerald Coetzee,3958,Cooper Connolly,290,Matthew Renshaw,,,Left,Wicketkeeper,0,0,0,0,Short,OffStump,Left,Ducked,Leave,NoMovement,Round,FastSeam,Right,Null,NotReferred,Null,False,False,False,False,False,True,False,False,True,False,False,False,0,0,0,0,0,False,False,,,,,,
1652242,19,7.42,7,0,0,141,3,7,76633,,39987,South Africa v Australia ODIs 2026 - Men,2,23,Australia Men,21,South Africa Men,8839259,2026-09-24T14:10:35Z,5,118,False,2658,Gerald Coetzee,3958,Cooper Connolly,290,Matthew Renshaw,358.0,170.0,Left,,4,0,4,4,FullToss,OutsideOff,WellTimed,FrontFoot,Drive,NoMovement,Round,FastSeam,Right,Null,NotReferred,Null,False,False,False,False,False,True,False,False,True,False,False,False,4,0,0,0,0,True,False,,,,,,
1652242,19,7.42,7,0,0,141,3,7,76633,,39987,South Africa v Australia ODIs 2026 - Men,2,23,Australia Men,21,South Africa Men,8839272,2026-09-24T14:11:16Z,6,119,False,2658,Gerald Coetzee,3958,Cooper Connolly,290,Matthew Renshaw,216.0,25.0,Left,Mid Wicket,0,0,0,0,BackOfALength,OutsideOff,None,BackFoot,Worked,NoMovement,Round,FastSeam,Right,Null,NotReferred,Null,False,False,False,False,False,True,False,False,True,False,False,False,0,0,0,0,0,False,False,,,,,,
1652253,20,7.3,5,0,0,146,3,5,76633,,39987,South Africa v Australia ODIs 2026 - Men,2,23,Australia Men,21,South Africa Men,8839287,2026-09-24T14:12:24Z,1,120,False,2648,Bjorn Fortuin,290,Matthew Renshaw,3958,Cooper Connolly,244.0,153.0,Left,Long On,1,0,1,1,LengthBall,OutsideOff,None,FrontFoot,Worked,StockBall,Over,Orthodox,Left,Null,NotReferred,Null,False,False,False,False,False,True,False,False,True,False,False,False,1,0,0,0,0,False,False,,,,,,
1652253,20,7.3,5,0,0,146,3,5,76633,,39987,South Africa v Australia ODIs 2026 - Men,2,23,Australia Men,21,South Africa Men,8839293,2026-09-24T14:12:52Z,2,121,False,2648,Bjorn Fortuin,3958,Cooper Connolly,290,Matthew Renshaw,259.0,149.0,Left,Long On,2,0,2,2,BackOfALength,OutsideOff,None,FrontFoot,Pushed,StockBall,Over,Orthodox,Left,Null,NotReferred,Null,False,False,False,False,False,True,False,False,True,False,False,False,2,0,0,0,0,False,False,,,,,,
1652253,20,7.3,5,0,0,146,3,5,76633,,39987,South Africa v Australia ODIs 2026 - Men,2,23,Australia Men,21,South Africa Men,8839301,2026-09-24T14:13:22Z,3,122,False,2648,Bjorn Fortuin,3958,Cooper Connolly,290,Matthew Renshaw,186.0,93.0,Left,Square Leg,1,0,1,1,BackOfALength,OutsideOff,None,BackFoot,Worked,StockBall,Over,Orthodox,Left,Null,NotReferred,Null,False,False,False,False,False,True,False,False,True,False,False,False,1,0,0,0,0,False,False,,,,,,
1652253,20,7.3,5,0,0,146,3,5,76633,,39987,South Africa v Australia ODIs 2026 - Men,2,23,Australia Men,21,South Africa Men,8839314,2026-09-24T14:14:00Z,4,123,False,2648,Bjorn Fortuin,290,Matthew Renshaw,3958,Cooper Connolly,158.0,115.0,Left,Deep Backward Square Leg,1,0,1,1,BackOfALength,OutsideOff,None,BackFoot,Worked,StockBall,Over,Orthodox,Left,Null,NotReferred,Null,False,False,False,False,False,True,False,False,True,False,False,False,1,0,0,0,0,False,False,,,,,,
1652253,20,7.3,5,0,0,146,3,5,76633,,39987,South Africa v Australia ODIs 2026 - Men,2,23,Australia Men,21,South Africa Men,8839319,2026-09-24T14:14:27Z,5,124,False,2648,Bjorn Fortuin,3958,Cooper Connolly,290,Matthew Renshaw,198.0,57.0,Left,Square Leg,0,0,0,0,BackOfALength,OutsideOff,None,BackFoot,Worked,StockBall,Over,Orthodox,Left,Null,NotReferred,Null,False,False,False,False,False,True,False,False,True,False,False,False,0,0,0,0,0,False,False,,,,,,
1652253,20,7.3,5,0,0,146,3,5,76633,,39987,South Africa v Australia ODIs 2026 - Men,2,23,Australia Men,21,South Africa Men,8839324,2026-09-24T14:14:46Z,6,125,False,2648,Bjorn Fortuin,3958,Cooper Connolly,290,Matthew Renshaw,319.0,56.0,Left,Extra Cover,0,0,0,0,LengthBall,OutsideOff,None,FrontFoot,ForwardDefensive,StockBall,Over,Orthodox,Left,Null,NotReferred,Null,False,False,False,False,False,True,False,False,True,False,False,False,0,0,0,0,0,False,False,,,,,,
1652263,21,7.24,6,0,0,152,3,6,76633,,39987,South Africa v Australia ODIs 2026 - Men,2,23,Australia Men,21,South Africa Men,8839333,2026-09-24T14:15:34Z,1,126,False,2658,Gerald Coetzee,290,Matthew Renshaw,3958,Cooper Connolly,221.0,177.0,Left,,4,0,4,4,HalfVolley,OutsideOff,WellTimed,FrontFoot,Flick,NoMovement,Round,FastSeam,Right,Null,NotReferred,Null,False,False,False,False,False,True,False,False,True,False,False,False,4,0,0,0,0,True,False,,,,,,
1652263,21,7.24,6,0,0,152,3,6,76633,,39987,South Africa v Australia ODIs 2026 - Men,2,23,Australia Men,21,South Africa Men,8839348,2026-09-24T14:16:15Z,2,127,False,2658,Gerald Coetzee,290,Matthew Renshaw,3958,Cooper Connolly,157.0,107.0,Left,Deep Backward Square Leg,1,0,1,1,BackOfALength,OutsideOff,None,BackFoot,Worked,NoMovement,Round,FastSeam,Right,Null,NotReferred,Null,False,False,False,False,False,True,False,False,True,False,False,False,1,0,0,0,0,False,False,,,,,,
1652263,21,7.24,6,0,0,152,3,6,76633,,39987,South Africa v Australia ODIs 2026 - Men,2,23,Australia Men,21,South Africa Men,8839356,2026-09-24T14:16:50Z,3,128,False,2658,Gerald Coetzee,3958,Cooper Connolly,290,Matthew Renshaw,320.0,112.0,Left,Deep Extra Cover,1,0,1,1,LengthBall,OutsideOff,None,FrontFoot,Drive,NoMovement,Round,FastSeam,Right,Null,NotReferred,Null,False,False,False,False,False,True,False,False,True,False,False,False,1,0,0,0,0,False,False,,,,,,
1652263,21,7.24,6,0,0,152,3,6,76633,,39987,South Africa v Australia ODIs 2026 - Men,2,23,Australia Men,21,South Africa Men,8839362,2026-09-24T14:17:29Z,4,129,False,2658,Gerald Coetzee,290,Matthew Renshaw,3958,Cooper Connolly,240.0,56.0,Left,Mid Wicket,0,0,0,0,BackOfALength,OutsideOff,None,FrontFoot,Worked,NoMovement,Round,FastSeam,Right,Null,NotReferred,Null,False,False,False,False,False,True,False,False,True,False,False,False,0,0,0,0,0,False,False,,,,,,
1652263,21,7.24,6,0,0,152,3,6,76633,,39987,South Africa v Australia ODIs 2026 - Men,2,23,Australia Men,21,South Africa Men,8839370,2026-09-24T14:18:09Z,5,130,False,2658,Gerald Coetzee,290,Matthew Renshaw,3958,Cooper Connolly,230.0,37.0,Left,Mid Wicket,0,0,0,0,LengthBall,OffStump,BatPad,BackFoot,Worked,NoMovement,Round,FastSeam,Right,Null,NotReferred,Null,False,False,False,False,False,True,False,False,True,False,False,False,0,0,0,0,0,False,False,,,,,,
1652263,21,7.24,6,0,0,152,3,6,76633,,39987,South Africa v Australia ODIs 2026 - Men,2,23,Australia Men,21,South Africa Men,8839378,2026-09-24T14:18:48Z,6,131,False,2658,Gerald Coetzee,290,Matthew Renshaw,3958,Cooper Connolly,0.0,0.0,Left,Wicketkeeper,0,0,0,0,Short,LegStump,Left,Ducked,Leave,NoMovement,Round,FastSeam,Right,Null,NotReferred,Null,False,False,False,False,False,True,False,False,True,False,False,False,0,0,0,0,0,False,False,,,,,,
1652271,22,7.09,4,1,0,156,4,4,76633,,39987,South Africa v Australia ODIs 2026 - Men,2,23,Australia Men,21,South Africa Men,8839389,2026-09-24T14:19:48Z,1,132,False,2648,Bjorn Fortuin,3958,Cooper Connolly,290,Matthew Renshaw,176.0,123.0,Left,Deep Backward Square Leg,1,0,1,1,LengthBall,OutsideOff,None,BackFoot,Worked,StockBall,Over,Orthodox,Left,Null,NotReferred,Null,False,False,False,False,False,True,False,False,True,False,False,False,1,0,0,0,0,False,False,,,,,,
1652271,22,7.09,4,1,0,156,4,4,76633,,39987,South Africa v Australia ODIs 2026 - Men,2,23,Australia Men,21,South Africa Men,8839395,2026-09-24T14:20:17Z,2,133,False,2648,Bjorn Fortuin,290,Matthew Renshaw,3958,Cooper Connolly,236.0,129.0,Left,Deep Mid Wicket,2,0,2,2,BackOfALength,OutsideOff,None,FrontFoot,Worked,StockBall,Over,Orthodox,Left,Null,NotReferred,Null,False,False,False,False,False,True,False,False,True,False,False,False,2,0,0,0,0,False,False,,,,,,
1652271,22,7.09,4,1,0,156,4,4,76633,,39987,South Africa v Australia ODIs 2026 - Men,2,23,Australia Men,21,South Africa Men,8839399,2026-09-24T14:20:44Z,3,134,False,2648,Bjorn Fortuin,290,Matthew Renshaw,3958,Cooper Connolly,239.0,131.0,Left,Deep Mid Wicket,1,0,1,1,LengthBall,OutsideOff,None,FrontFoot,Flick,StockBall,Over,Orthodox,Left,Null,NotReferred,Null,False,False,False,False,False,True,False,False,True,False,False,False,1,0,0,0,0,False,False,,,,,,
1652271,22,7.09,4,1,0,156,4,4,76633,,39987,South Africa v Australia ODIs 2026 - Men,2,23,Australia Men,21,South Africa Men,8839404,2026-09-24T14:21:09Z,4,135,False,2648,Bjorn Fortuin,3958,Cooper Connolly,290,Matthew Renshaw,209.0,32.0,Left,Square Leg,0,0,0,0,LengthBall,OutsideOff,None,FrontFoot,ForwardDefensive,StockBall,Over,Orthodox,Left,Null,NotReferred,Null,False,False,False,False,False,True,False,False,True,False,False,False,0,0,0,0,0,False,False,,,,,,
1652271,22,7.09,4,1,0,156,4,4,76633,,39987,South Africa v Australia ODIs 2026 - Men,2,23,Australia Men,21,South Africa Men,8839408,2026-09-24T14:21:28Z,5,136,False,2648,Bjorn Fortuin,3958,Cooper Connolly,290,Matthew Renshaw,322.0,54.0,Left,Extra Cover,0,0,0,0,LengthBall,OutsideOff,None,FrontFoot,Pushed,StockBall,Over,Orthodox,Left,Null,NotReferred,Null,False,False,False,False,False,True,False,False,True,False,False,False,0,0,0,0,0,False,False,,,,,,
1652271,22,7.09,4,1,0,156,4,4,76633,,39987,South Africa v Australia ODIs 2026 - Men,2,23,Australia Men,21,South Africa Men,8839421,2026-09-24T14:21:46Z,6,137,True,2648,Bjorn Fortuin,3958,Cooper Connolly,290,Matthew Renshaw,246.0,109.0,Left,Long On,0,0,0,0,LengthBall,OutsideOff,MisTimed,FrontFoot,Drive,StockBall,Over,Orthodox,Left,Null,NotReferred,Null,False,False,False,False,False,True,False,False,True,False,False,False,0,0,0,0,0,False,True,Caught,3958.0,Cooper Connolly,Caught,Caught,2088.0
1652281,23,6.87,2,0,0,158,4,2,76633,,39987,South Africa v Australia ODIs 2026 - Men,2,23,Australia Men,21,South Africa Men,8839440,2026-09-24T14:24:02Z,1,138,False,2658,Gerald Coetzee,290,Matthew Renshaw,804,Cameron Green,348.0,62.0,Left,Cover,0,0,0,0,HalfVolley,OutsideOff,None,FrontFoot,Drive,NoMovement,Over,FastSeam,Right,Null,NotReferred,Null,False,False,False,False,False,True,False,False,True,False,False,False,0,0,0,0,0,False,False,,,,,,
1652281,23,6.87,2,0,0,158,4,2,76633,,39987,South Africa v Australia ODIs 2026 - Men,2,23,Australia Men,21,South Africa Men,8839446,2026-09-24T14:24:37Z,2,139,False,2658,Gerald Coetzee,290,Matthew Renshaw,804,Cameron Green,331.0,58.0,Left,Cover,0,0,0,0,HalfVolley,OutsideOff,MisTimed,BackFoot,Pushed,SlowerBall,Over,FastSeam,Right,Null,NotReferred,Null,False,False,False,False,False,True,False,False,True,False,False,False,0,0,0,0,0,False,False,,,,,,
1652281,23,6.87,2,0,0,158,4,2,76633,,39987,South Africa v Australia ODIs 2026 - Men,2,23,Australia Men,21,South Africa Men,8839455,2026-09-24T14:25:14Z,3,140,False,2658,Gerald Coetzee,290,Matthew Renshaw,804,Cameron Green,190.0,128.0,Left,Deep Square Leg,1,0,1,1,BackOfALength,DownLeg,None,BackFoot,Flick,NoMovement,Over,FastSeam,Right,Null,NotReferred,Null,False,False,False,False,False,True,False,False,True,False,False,False,1,0,0,0,0,False,False,,,,,,
1652281,23,6.87,2,0,0,158,4,2,76633,,39987,South Africa v Australia ODIs 2026 - Men,2,23,Australia Men,21,South Africa Men,8839461,2026-09-24T14:25:56Z,4,141,False,2658,Gerald Coetzee,804,Cameron Green,290,Matthew Renshaw,112.0,137.0,Right,Third Man,1,0,1,1,Short,OutsideOff,None,BackFoot,Steer,NoMovement,Over,FastSeam,Right,Null,NotReferred,Null,False,False,False,False,False,True,False,False,True,False,False,False,1,0,0,0,0,False,False,,,,,,
1652281,23,6.87,2,0,0,158,4,2,76633,,39987,South Africa v Australia ODIs 2026 - Men,2,23,Australia Men,21,South Africa Men,8839464,2026-09-24T14:26:35Z,5,142,False,2658,Gerald Coetzee,290,Matthew Renshaw,804,Cameron Green,,,Left,Bowler,0,0,0,0,Yorker,OutsideOff,None,BackFoot,Pushed,NoMovement,Round,FastSeam,Right,Null,NotReferred,Null,False,False,False,False,False,True,False,False,True,False,False,False,0,0,0,0,0,False,False,,,,,,
1652281,23,6.87,2,0,0,158,4,2,76633,,39987,South Africa v Australia ODIs 2026 - Men,2,23,Australia Men,21,South Africa Men,8839474,2026-09-24T14:27:10Z,6,143,False,2658,Gerald Coetzee,290,Matthew Renshaw,804,Cameron Green,20.0,36.0,Left,Backward Point,0,0,0,0,LengthBall,OutsideOff,None,FrontFoot,Steer,NoMovement,Round,FastSeam,Right,Null,NotReferred,Null,False,False,False,False,False,True,False,False,True,False,False,False,0,0,0,0,0,False,False,,,,,,
1652288,24,6.88,7,0,0,165,4,7,76633,,39987,South Africa v Australia ODIs 2026 - Men,2,23,Australia Men,21,South Africa Men,8839486,2026-09-24T14:28:24Z,1,144,False,2648,Bjorn Fortuin,804,Cameron Green,290,Matthew Renshaw,281.0,66.0,Right,Mid On,0,0,0,0,LengthBall,LegStump,None,BackFoot,Pushed,StockBall,Round,Orthodox,Left,Null,NotReferred,Null,False,False,False,False,False,True,False,False,True,False,False,False,0,0,0,0,0,False,False,,,,,,
1652288,24,6.88,7,0,0,165,4,7,76633,,39987,South Africa v Australia ODIs 2026 - Men,2,23,Australia Men,21,South Africa Men,8839490,2026-09-24T14:28:43Z,2,145,False,2648,Bjorn Fortuin,804,Cameron Green,290,Matthew Renshaw,206.0,137.0,Right,Deep Cover,1,0,1,1,BackOfALength,OutsideOff,None,BackFoot,Cut,StockBall,Round,Orthodox,Left,Null,NotReferred,Null,False,False,False,False,False,True,False,False,True,False,False,False,1,0,0,0,0,False,False,,,,,,
1652288,24,6.88,7,0,0,165,4,7,76633,,39987,South Africa v Australia ODIs 2026 - Men,2,23,Australia Men,21,South Africa Men,8839498,2026-09-24T14:29:13Z,3,146,False,2648,Bjorn Fortuin,290,Matthew Renshaw,804,Cameron Green,328.0,175.0,Left,,4,0,4,4,LengthBall,OutsideOff,WellTimed,FrontFoot,Drive,StockBall,Over,Orthodox,Left,Null,NotReferred,Null,False,False,False,False,False,True,False,False,True,False,False,False,4,0,0,0,0,True,False,,,,,,
1652288,24,6.88,7,0,0,165,4,7,76633,,39987,South Africa v Australia ODIs 2026 - Men,2,23,Australia Men,21,South Africa Men,8839505,2026-09-24T14:29:50Z,4,147,False,2648,Bjorn Fortuin,290,Matthew Renshaw,804,Cameron Green,202.0,79.0,Left,Square Leg,1,0,1,1,BackOfALength,OutsideOff,None,BackFoot,Worked,StockBall,Over,Orthodox,Left,Null,NotReferred,Null,False,False,False,False,False,True,False,False,True,False,False,False,1,0,0,0,0,False,False,,,,,,
1652288,24,6.88,7,0,0,165,4,7,76633,,39987,South Africa v Australia ODIs 2026 - Men,2,23,Australia Men,21,South Africa Men,8839514,2026-09-24T14:30:23Z,5,148,False,2648,Bjorn Fortuin,804,Cameron Green,290,Matthew Renshaw,214.0,34.0,Right,Extra Cover,0,0,0,0,BackOfALength,OffStump,MisTimed,BackFoot,Pushed,StockBall,Round,Orthodox,Left,Null,NotReferred,Null,False,False,False,False,False,True,False,False,True,False,False,False,0,0,0,0,0,False,False,,,,,,
1652288,24,6.88,7,0,0,165,4,7,76633,,39987,South Africa v Australia ODIs 2026 - Men,2,23,Australia Men,21,South Africa Men,8839524,2026-09-24T14:31:08Z,6,149,False,2648,Bjorn Fortuin,804,Cameron Green,290,Matthew Renshaw,180.0,87.0,Right,Cover,1,0,1,1,BackOfALength,OffStump,None,BackFoot,Drive,StockBall,Round,Orthodox,Left,Null,NotReferred,Null,False,False,False,False,False,True,False,False,True,False,False,False,1,0,0,0,0,False,False,,,,,,
1652298,25,7.04,11,0,0,176,4,11,76633,,39987,South Africa v Australia ODIs 2026 - Men,2,23,Australia Men,21,South Africa Men,8839541,2026-09-24T14:32:11Z,1,150,False,3673,Corbin Bosch,804,Cameron Green,290,Matthew Renshaw,,,Right,Wicketkeeper,0,0,0,0,LengthBall,OutsideOff,Missed,FrontFoot,Pushed,NoMovement,Over,FastSeam,Right,Null,NotReferred,Null,False,False,False,False,False,True,False,False,True,False,False,False,0,0,0,0,0,False,False,,,,,,
1652298,25,7.04,11,0,0,176,4,11,76633,,39987,South Africa v Australia ODIs 2026 - Men,2,23,Australia Men,21,South Africa Men,8839551,2026-09-24T14:32:43Z,2,151,False,3673,Corbin Bosch,804,Cameron Green,290,Matthew Renshaw,228.0,87.0,Right,Extra Cover,1,0,1,1,HalfVolley,OutsideOff,None,FrontFoot,Drive,NoMovement,Over,FastSeam,Right,Null,NotReferred,Null,False,False,False,False,False,True,False,False,True,False,False,False,1,0,0,0,0,False,False,,,,,,
1652298,25,7.04,11,0,0,176,4,11,76633,,39987,South Africa v Australia ODIs 2026 - Men,2,23,Australia Men,21,South Africa Men,8839559,2026-09-24T14:33:20Z,3,152,False,3673,Corbin Bosch,290,Matthew Renshaw,804,Cameron Green,116.0,161.0,Left,,4,0,4,4,LengthBall,DownLeg,WellTimed,BackFoot,Glance,NoMovement,Over,FastSeam,Right,Null,NotReferred,Null,False,False,False,False,False,True,False,False,True,False,False,False,4,0,0,0,0,True,False,,,,,,
1652298,25,7.04,11,0,0,176,4,11,76633,,39987,South Africa v Australia ODIs 2026 - Men,2,23,Australia Men,21,South Africa Men,8839569,2026-09-24T14:33:55Z,4,153,False,3673,Corbin Bosch,290,Matthew Renshaw,804,Cameron Green,141.0,164.0,Left,,4,0,4,4,BackOfALength,OffStump,WellTimed,FrontFoot,Flick,NoMovement,Round,FastSeam,Right,Null,NotReferred,Null,False,False,False,False,False,True,False,False,True,False,False,False,4,0,0,0,0,True,False,,,,,,
1652298,25,7.04,11,0,0,176,4,11,76633,,39987,South Africa v Australia ODIs 2026 - Men,2,23,Australia Men,21,South Africa Men,8839579,2026-09-24T14:34:35Z,5,154,False,3673,Corbin Bosch,290,Matthew Renshaw,804,Cameron Green,,,Left,Wicketkeeper,0,1,1,0,LengthBall,OffStump,HitPad,BackFoot,Glance,NoMovement,Round,FastSeam,Right,Null,NotReferred,Null,False,False,False,True,False,True,False,False,True,False,False,False,1,0,0,1,0,False,False,,,,,,
1652298,25,7.04,11,0,0,176,4,11,76633,,39987,South Africa v Australia ODIs 2026 - Men,2,23,Australia Men,21,South Africa Men,8839591,2026-09-24T14:35:19Z,6,155,False,3673,Corbin Bosch,804,Cameron Green,290,Matthew Renshaw,199.0,136.0,Right,Deep Cover,1,0,1,1,LengthBall,OutsideOff,None,FrontFoot,Drive,NoMovement,Over,FastSeam,Right,Null,NotReferred,Null,False,False,False,False,False,True,False,False,True,False,False,False,1,0,0,0,0,False,False,,,,,,
1652311,26,6.81,1,1,0,177,5,1,76633,,39987,South Africa v Australia ODIs 2026 - Men,2,23,Australia Men,21,South Africa Men,8839610,2026-09-24T14:36:36Z,1,156,False,457,Keshav Maharaj,804,Cameron Green,290,Matthew Renshaw,219.0,69.0,Right,Extra Cover,0,0,0,0,LengthBall,OffStump,None,FrontFoot,Pushed,StockBall,Round,Orthodox,Left,Null,NotReferred,Null,False,False,False,False,False,True,False,False,True,False,False,False,0,0,0,0,0,False,False,,,,,,
1652311,26,6.81,1,1,0,177,5,1,76633,,39987,South Africa v Australia ODIs 2026 - Men,2,23,Australia Men,21,South Africa Men,8839631,2026-09-24T14:37:12Z,2,157,True,457,Keshav Maharaj,804,Cameron Green,290,Matthew Renshaw,297.0,150.0,Right,Long On,0,0,0,0,BackOfALength,OffStump,MisTimed,FrontFoot,Slog,StockBall,Round,Orthodox,Left,Null,NotReferred,Null,False,False,False,False,False,True,False,False,True,False,False,False,0,0,0,0,0,False,True,Caught,804.0,Cameron Green,Caught,Caught,2088.0
1652311,26,6.81,1,1,0,177,5,1,76633,,39987,South Africa v Australia ODIs 2026 - Men,2,23,Australia Men,21,South Africa Men,8839654,2026-09-24T14:39:44Z,3,158,False,457,Keshav Maharaj,1692,Jack Edwards,290,Matthew Renshaw,354.0,59.0,Right,Square Leg,1,0,1,1,LengthBall,LegStump,None,BackFoot,Worked,StockBall,Round,Orthodox,Left,Null,NotReferred,Null,False,False,False,False,False,True,False,False,True,False,False,False,1,0,0,0,0,False,False,,,,,,
1652311,26,6.81,1,1,0,177,5,1,76633,,39987,South Africa v Australia ODIs 2026 - Men,2,23,Australia Men,21,South Africa Men,8839660,2026-09-24T14:40:15Z,4,159,False,457,Keshav Maharaj,290,Matthew Renshaw,1692,Jack Edwards,195.0,59.0,Left,Square Leg,0,0,0,0,LengthBall,MiddleStump,None,FrontFoot,Worked,StockBall,Round,Orthodox,Left,Null,NotReferred,Null,False,False,False,False,False,True,False,False,True,False,False,False,0,0,0,0,0,False,False,,,,,,
1652311,26,6.81,1,1,0,177,5,1,76633,,39987,South Africa v Australia ODIs 2026 - Men,2,23,Australia Men,21,South Africa Men,8839665,2026-09-24T14:40:32Z,5,160,False,457,Keshav Maharaj,290,Matthew Renshaw,1692,Jack Edwards,222.0,73.0,Left,Mid Wicket,0,0,0,0,LengthBall,MiddleStump,None,FrontFoot,Worked,StockBall,Round,Orthodox,Left,Null,NotReferred,Null,False,False,False,False,False,True,False,False,True,False,False,False,0,0,0,0,0,False,False,,,,,,
1652311,26,6.81,1,1,0,177,5,1,76633,,39987,South Africa v Australia ODIs 2026 - Men,2,23,Australia Men,21,South Africa Men,8839670,2026-09-24T14:40:47Z,6,161,False,457,Keshav Maharaj,290,Matthew Renshaw,1692,Jack Edwards,192.0,38.0,Left,Square Leg,0,0,0,0,BackOfALength,MiddleStump,None,BackFoot,Worked,StockBall,Round,Orthodox,Left,Null,NotReferred,Null,False,False,False,False,False,True,False,False,True,False,False,False,0,0,0,0,0,False,False,,,,,,
1652323,27,6.67,3,0,0,180,5,3,76633,,39987,South Africa v Australia ODIs 2026 - Men,2,23,Australia Men,21,South Africa Men,8839689,2026-09-24T14:41:50Z,1,162,False,3673,Corbin Bosch,1692,Jack Edwards,290,Matthew Renshaw,157.0,40.0,Right,Backward Point,0,0,0,0,LengthBall,OutsideOff,None,FrontFoot,Steer,NoMovement,Over,FastSeam,Right,Null,NotReferred,Null,False,False,False,False,False,True,False,False,True,False,False,False,0,0,0,0,0,False,False,,,,,,
1652323,27,6.67,3,0,0,180,5,3,76633,,39987,South Africa v Australia ODIs 2026 - Men,2,23,Australia Men,21,South Africa Men,8839694,2026-09-24T14:42:26Z,2,163,False,3673,Corbin Bosch,1692,Jack Edwards,290,Matthew Renshaw,,,Right,Bowler,0,0,0,0,LengthBall,OutsideOff,None,FrontFoot,ForwardDefensive,NoMovement,Over,FastSeam,Right,Null,NotReferred,Null,False,False,False,False,False,True,False,False,True,False,False,False,0,0,0,0,0,False,False,,,,,,
1652323,27,6.67,3,0,0,180,5,3,76633,,39987,South Africa v Australia ODIs 2026 - Men,2,23,Australia Men,21,South Africa Men,8839705,2026-09-24T14:43:05Z,3,164,False,3673,Corbin Bosch,1692,Jack Edwards,290,Matthew Renshaw,182.0,109.0,Right,Deep Cover,1,0,1,1,LengthBall,OutsideOff,None,FrontFoot,Drive,NoMovement,Over,FastSeam,Right,Null,NotReferred,Null,False,False,False,False,False,True,False,False,True,False,False,False,1,0,0,0,0,False,False,,,,,,
1652323,27,6.67,3,0,0,180,5,3,76633,,39987,South Africa v Australia ODIs 2026 - Men,2,23,Australia Men,21,South Africa Men,8839712,2026-09-24T14:43:44Z,4,165,False,3673,Corbin Bosch,290,Matthew Renshaw,1692,Jack Edwards,184.0,45.0,Left,Square Leg,0,0,0,0,BackOfALength,DownLeg,HitPad,BackFoot,Glance,NoMovement,Over,FastSeam,Right,Null,NotReferred,Null,False,False,False,False,False,True,False,False,True,False,False,False,0,0,0,0,0,False,False,,,,,,
1652323,27,6.67,3,0,0,180,5,3,76633,,39987,South Africa v Australia ODIs 2026 - Men,2,23,Australia Men,21,South Africa Men,8839720,2026-09-24T14:44:23Z,5,166,False,3673,Corbin Bosch,290,Matthew Renshaw,1692,Jack Edwards,67.0,117.0,Left,Third Man,1,0,1,1,BackOfALength,MiddleStump,None,BackFoot,Steer,NoMovement,Over,FastSeam,Right,Null,NotReferred,Null,False,False,False,False,False,True,False,False,True,False,False,False,1,0,0,0,0,False,False,,,,,,
1652323,27,6.67,3,0,0,180,5,3,76633,,39987,South Africa v Australia ODIs 2026 - Men,2,23,Australia Men,21,South Africa Men,8839730,2026-09-24T14:44:58Z,6,167,False,3673,Corbin Bosch,1692,Jack Edwards,290,Matthew Renshaw,355.0,144.0,Right,Deep Square Leg,1,0,1,1,Short,OutsideOff,None,BackFoot,Pull,NoMovement,Over,FastSeam,Right,Null,NotReferred,Null,False,False,False,False,False,True,False,False,True,False,False,False,1,0,0,0,0,False,False,,,,,,
1652343,28,6.5,2,0,0,182,5,2,76633,,39987,South Africa v Australia ODIs 2026 - Men,2,23,Australia Men,21,South Africa Men,8839818,2026-09-24T14:53:27Z,1,168,False,457,Keshav Maharaj,1692,Jack Edwards,290,Matthew Renshaw,,,Right,Wicketkeeper,0,0,0,0,LengthBall,OutsideOff,Missed,FrontFoot,ForwardDefensive,StockBall,Round,Orthodox,Left,Null,NotReferred,Null,False,False,False,False,False,True,False,False,True,False,False,False,0,0,0,0,0,False,False,,,,,,
1652343,28,6.5,2,0,0,182,5,2,76633,,39987,South Africa v Australia ODIs 2026 - Men,2,23,Australia Men,21,South Africa Men,8839823,2026-09-24T14:53:48Z,2,169,False,457,Keshav Maharaj,1692,Jack Edwards,290,Matthew Renshaw,,,Right,Wicketkeeper,0,0,0,0,LengthBall,OutsideOff,Missed,FrontFoot,ForwardDefensive,StockBall,Round,Orthodox,Left,Null,NotReferred,Null,False,False,False,False,False,True,False,False,True,False,False,False,0,0,0,0,0,False,False,,,,,,
1652343,28,6.5,2,0,0,182,5,2,76633,,39987,South Africa v Australia ODIs 2026 - Men,2,23,Australia Men,21,South Africa Men,8839826,2026-09-24T14:54:02Z,3,170,False,457,Keshav Maharaj,1692,Jack Edwards,290,Matthew Renshaw,290.0,147.0,Right,Long On,1,0,1,1,BackOfALength,OutsideOff,None,FrontFoot,Worked,StockBall,Round,Orthodox,Left,Null,NotReferred,Null,False,False,False,False,False,True,False,False,True,False,False,False,1,0,0,0,0,False,False,,,,,,
1652343,28,6.5,2,0,0,182,5,2,76633,,39987,South Africa v Australia ODIs 2026 - Men,2,23,Australia Men,21,South Africa Men,8839832,2026-09-24T14:54:34Z,4,171,False,457,Keshav Maharaj,290,Matthew Renshaw,1692,Jack Edwards,36.0,71.0,Left,Gully,1,0,1,1,HalfVolley,MiddleStump,None,FrontFoot,ReverseSweep,StockBall,Round,Orthodox,Left,Null,NotReferred,Null,False,False,False,False,False,True,False,False,True,False,False,False,1,0,0,0,0,False,False,,,,,,
1652343,28,6.5,2,0,0,182,5,2,76633,,39987,South Africa v Australia ODIs 2026 - Men,2,23,Australia Men,21,South Africa Men,8839838,2026-09-24T14:55:06Z,5,172,False,457,Keshav Maharaj,1692,Jack Edwards,290,Matthew Renshaw,317.0,65.0,Right,Mid Wicket,0,0,0,0,LengthBall,OutsideOff,None,BackFoot,Worked,StockBall,Round,Orthodox,Left,Null,NotReferred,Null,False,False,False,False,False,True,False,False,True,False,False,False,0,0,0,0,0,False,False,,,,,,
1652343,28,6.5,2,0,0,182,5,2,76633,,39987,South Africa v Australia ODIs 2026 - Men,2,23,Australia Men,21,South Africa Men,8839842,2026-09-24T14:55:22Z,6,173,False,457,Keshav Maharaj,1692,Jack Edwards,290,Matthew Renshaw,249.0,64.0,Right,Mid Off,0,0,0,0,LengthBall,OutsideOff,None,BackFoot,BackwardDefensive,StockBall,Round,Orthodox,Left,Null,NotReferred,Null,False,False,False,False,False,True,False,False,True,False,False,False,0,0,0,0,0,False,False,,,,,,
1652349,29,6.38,3,0,0,185,5,3,76633,,39987,South Africa v Australia ODIs 2026 - Men,2,23,Australia Men,21,South Africa Men,8839853,2026-09-24T14:56:13Z,1,174,False,3673,Corbin Bosch,290,Matthew Renshaw,1692,Jack Edwards,125.0,147.0,Left,Fine Leg,1,0,1,1,Yorker,MiddleStump,InsideEdge,BackFoot,Worked,NoMovement,Over,FastSeam,Right,Null,NotReferred,Null,False,False,False,False,False,True,False,False,True,False,False,False,1,0,0,0,0,False,False,,,,,,
1652349,29,6.38,3,0,0,185,5,3,76633,,39987,South Africa v Australia ODIs 2026 - Men,2,23,Australia Men,21,South Africa Men,8839860,2026-09-24T14:56:51Z,2,175,False,3673,Corbin Bosch,1692,Jack Edwards,290,Matthew Renshaw,310.0,45.0,Right,Mid Wicket,0,0,0,0,LengthBall,OutsideOff,None,BackFoot,ForwardDefensive,NoMovement,Over,FastSeam,Right,Null,NotReferred,Null,False,False,False,False,False,True,False,False,True,False,False,False,0,0,0,0,0,False,False,,,,,,
1652349,29,6.38,3,0,0,185,5,3,76633,,39987,South Africa v Australia ODIs 2026 - Men,2,23,Australia Men,21,South Africa Men,8839865,2026-09-24T14:57:26Z,3,176,False,3673,Corbin Bosch,1692,Jack Edwards,290,Matthew Renshaw,240.0,80.0,Right,Mid Off,0,0,0,0,LengthBall,OutsideOff,None,FrontFoot,Drive,NoMovement,Over,FastSeam,Right,Null,NotReferred,Null,False,False,False,False,False,True,False,False,True,False,False,False,0,0,0,0,0,False,False,,,,,,
1652349,29,6.38,3,0,0,185,5,3,76633,,39987,South Africa v Australia ODIs 2026 - Men,2,23,Australia Men,21,South Africa Men,8839873,2026-09-24T14:58:04Z,4,177,False,3673,Corbin Bosch,1692,Jack Edwards,290,Matthew Renshaw,,,Right,Wicketkeeper,0,0,0,0,LengthBall,OutsideOff,Missed,BackFoot,Drive,NoMovement,Over,FastSeam,Right,Null,NotReferred,Null,False,False,False,False,False,True,False,False,True,False,False,False,0,0,0,0,0,False,False,,,,,,
1652349,29,6.38,3,0,0,185,5,3,76633,,39987,South Africa v Australia ODIs 2026 - Men,2,23,Australia Men,21,South Africa Men,8839883,2026-09-24T14:58:41Z,5,178,False,3673,Corbin Bosch,1692,Jack Edwards,290,Matthew Renshaw,3.0,115.0,Right,Deep Backward Square Leg,1,0,1,1,BackOfALength,OutsideOff,None,BackFoot,Worked,NoMovement,Over,FastSeam,Right,Null,NotReferred,Null,False,False,False,False,False,True,False,False,True,False,False,False,1,0,0,0,0,False,False,,,,,,
1652349,29,6.38,3,0,0,185,5,3,76633,,39987,South Africa v Australia ODIs 2026 - Men,2,23,Australia Men,21,South Africa Men,8839890,2026-09-24T14:59:18Z,6,179,False,3673,Corbin Bosch,290,Matthew Renshaw,1692,Jack Edwards,63.0,125.0,Left,Third Man,1,0,1,1,LengthBall,MiddleStump,None,FrontFoot,Steer,NoMovement,Over,FastSeam,Right,Null,NotReferred,Null,False,False,False,False,False,True,False,False,True,False,False,False,1,0,0,0,0,False,False,,,,,,
1652357,30,6.3,4,1,0,189,6,4,76633,,39987,South Africa v Australia ODIs 2026 - Men,2,23,Australia Men,21,South Africa Men,8839899,2026-09-24T15:00:20Z,1,180,False,457,Keshav Maharaj,290,Matthew Renshaw,1692,Jack Edwards,275.0,170.0,Left,Long Off,2,0,2,2,LengthBall,OffStump,None,FrontFoot,Drive,StockBall,Round,Orthodox,Left,Null,NotReferred,Null,False,False,False,False,False,True,False,False,True,False,False,False,2,0,0,0,0,False,False,,,,,,
1652357,30,6.3,4,1,0,189,6,4,76633,,39987,South Africa v Australia ODIs 2026 - Men,2,23,Australia Men,21,South Africa Men,8839905,2026-09-24T15:00:54Z,2,181,False,457,Keshav Maharaj,290,Matthew Renshaw,1692,Jack Edwards,183.0,116.0,Left,Deep Square Leg,1,0,1,1,BackOfALength,DownLeg,None,BackFoot,Worked,StockBall,Round,Orthodox,Left,Null,NotReferred,Null,False,False,False,False,False,True,False,False,True,False,False,False,1,0,0,0,0,False,False,,,,,,
1652357,30,6.3,4,1,0,189,6,4,76633,,39987,South Africa v Australia ODIs 2026 - Men,2,23,Australia Men,21,South Africa Men,8839916,2026-09-24T15:01:22Z,3,182,True,457,Keshav Maharaj,1692,Jack Edwards,290,Matthew Renshaw,110.0,37.0,Right,First Slip,0,0,0,0,LengthBall,OutsideOff,OutsideEdge,FrontFoot,ForwardDefensive,StockBall,Round,Orthodox,Left,Null,NotReferred,Null,False,False,False,False,False,True,False,False,True,False,False,False,0,0,0,0,0,False,True,Caught,1692.0,Jack Edwards,Caught,Caught,2088.0
1652357,30,6.3,4,1,0,189,6,4,76633,,39987,South Africa v Australia ODIs 2026 - Men,2,23,Australia Men,21,South Africa Men,8839938,2026-09-24T15:04:02Z,4,183,False,457,Keshav Maharaj,724,Mitchell Starc,290,Matthew Renshaw,,,Left,Bowler,0,0,0,0,LengthBall,OutsideOff,MisTimed,FrontFoot,Drive,StockBall,Over,Orthodox,Left,Null,NotReferred,Null,False,False,False,False,False,True,False,False,True,False,False,False,0,0,0,0,0,False,False,,,,,,
1652357,30,6.3,4,1,0,189,6,4,76633,,39987,South Africa v Australia ODIs 2026 - Men,2,23,Australia Men,21,South Africa Men,8839942,2026-09-24T15:04:15Z,5,184,False,457,Keshav Maharaj,724,Mitchell Starc,290,Matthew Renshaw,350.0,24.0,Left,Cover,0,0,0,0,LengthBall,OutsideOff,BatPad,FrontFoot,Drive,StockBall,Over,Orthodox,Left,Null,NotReferred,Null,False,False,False,False,False,True,False,False,True,False,False,False,0,0,0,0,0,False,False,,,,,,
1652357,30,6.3,4,1,0,189,6,4,76633,,39987,South Africa v Australia ODIs 2026 - Men,2,23,Australia Men,21,South Africa Men,8839947,2026-09-24T15:04:34Z,6,185,False,457,Keshav Maharaj,724,Mitchell Starc,290,Matthew Renshaw,220.0,107.0,Left,Deep Mid Wicket,1,0,1,1,LengthBall,OutsideOff,MisTimed,BackFoot,Pushed,StockBall,Over,Orthodox,Left,Null,NotReferred,Null,False,False,False,False,False,True,False,False,True,False,False,False,1,0,0,0,0,False,False,,,,,,
1652366,31,6.55,14,0,0,203,6,14,76633,,39987,South Africa v Australia ODIs 2026 - Men,2,23,Australia Men,21,South Africa Men,8839958,2026-09-24T15:05:45Z,1,186,False,2705,Marco Jansen,724,Mitchell Starc,290,Matthew Renshaw,0.0,0.0,Left,Bowler,0,0,0,0,HalfVolley,OutsideOff,None,BackFoot,ForwardDefensive,NoMovement,Over,FastSeam,Left,Null,NotReferred,Null,False,False,False,False,False,True,False,False,True,False,False,False,0,0,0,0,0,False,False,,,,,,
1652366,31,6.55,14,0,0,203,6,14,76633,,39987,South Africa v Australia ODIs 2026 - Men,2,23,Australia Men,21,South Africa Men,8839966,2026-09-24T15:06:18Z,2,187,False,2705,Marco Jansen,724,Mitchell Starc,290,Matthew Renshaw,224.0,177.0,Left,,4,0,4,4,LengthBall,OutsideOff,WellTimed,FrontFoot,Slog,NoMovement,Over,FastSeam,Left,Null,NotReferred,Null,False,False,False,False,True,True,False,False,True,False,False,False,4,0,0,0,0,True,False,,,,,,
1652366,31,6.55,14,0,0,203,6,14,76633,,39987,South Africa v Australia ODIs 2026 - Men,2,23,Australia Men,21,South Africa Men,8839971,2026-09-24T15:06:57Z,3,188,False,2705,Marco Jansen,724,Mitchell Starc,290,Matthew Renshaw,224.0,68.0,Left,Mid Wicket,1,1,1,0,HalfVolley,OffStump,MisTimed,FrontFoot,Drive,NoMovement,Over,FastSeam,Left,Null,NotReferred,1,False,True,False,False,False,True,False,False,True,False,False,False,1,0,0,0,1,False,False,,,,,,
1652366,31,6.55,14,0,0,203,6,14,76633,,39987,South Africa v Australia ODIs 2026 - Men,2,23,Australia Men,21,South Africa Men,8839981,2026-09-24T15:07:50Z,3,189,False,2705,Marco Jansen,724,Mitchell Starc,290,Matthew Renshaw,196.0,173.0,Left,,4,0,4,4,FullToss,DownLeg,MisTimed,FrontFoot,Slog,InSwinger,Over,FastSeam,Left,Null,NotReferred,Null,False,False,False,False,False,True,True,False,True,False,False,False,4,0,0,0,0,True,False,,,,,,
1652366,31,6.55,14,0,0,203,6,14,76633,,39987,South Africa v Australia ODIs 2026 - Men,2,23,Australia Men,21,South Africa Men,8839991,2026-09-24T15:08:27Z,4,190,False,2705,Marco Jansen,724,Mitchell Starc,290,Matthew Renshaw,318.0,68.0,Left,Extra Cover,0,0,0,0,HalfVolley,OffStump,None,FrontFoot,ForwardDefensive,NoMovement,Over,FastSeam,Left,Null,NotReferred,Null,False,False,False,False,False,True,False,False,True,False,False,False,0,0,0,0,0,False,False,,,,,,
1652366,31,6.55,14,0,0,203,6,14,76633,,39987,South Africa v Australia ODIs 2026 - Men,2,23,Australia Men,21,South Africa Men,8839996,2026-09-24T15:08:57Z,5,191,False,2705,Marco Jansen,724,Mitchell Starc,290,Matthew Renshaw,243.0,108.0,Left,Long On,1,0,1,1,LengthBall,OutsideOff,MisTimed,FrontFoot,Drive,NoMovement,Over,FastSeam,Left,Null,NotReferred,Null,False,False,False,False,False,True,False,False,True,False,False,False,1,0,0,0,0,False,False,,,,,,
1652366,31,6.55,14,0,0,203,6,14,76633,,39987,South Africa v Australia ODIs 2026 - Men,2,23,Australia Men,21,South Africa Men,8840004,2026-09-24T15:09:28Z,6,192,False,2705,Marco Jansen,290,Matthew Renshaw,724,Mitchell Starc,113.0,161.0,Left,,4,0,4,4,HalfVolley,MiddleStump,WellTimed,BackFoot,Flick,NoMovement,Over,FastSeam,Left,Null,NotReferred,Null,False,False,False,False,False,True,False,False,True,False,False,False,4,0,0,0,0,True,False,,,,,,
1652377,32,6.34,0,0,0,203,6,0,76633,,39987,South Africa v Australia ODIs 2026 - Men,2,23,Australia Men,21,South Africa Men,8840016,2026-09-24T15:10:33Z,1,193,False,457,Keshav Maharaj,724,Mitchell Starc,290,Matthew Renshaw,321.0,69.0,Left,Extra Cover,0,0,0,0,LengthBall,OutsideOff,None,BackFoot,Pushed,StockBall,Over,Orthodox,Left,Null,NotReferred,Null,False,False,False,False,False,True,False,False,True,False,False,False,0,0,0,0,0,False,False,,,,,,
1652377,32,6.34,0,0,0,203,6,0,76633,,39987,South Africa v Australia ODIs 2026 - Men,2,23,Australia Men,21,South Africa Men,8840022,2026-09-24T15:11:02Z,2,194,False,457,Keshav Maharaj,724,Mitchell Starc,290,Matthew Renshaw,211.0,46.0,Left,Mid Wicket,0,0,0,0,BackOfALength,OutsideOff,None,BackFoot,Worked,StockBall,Over,Orthodox,Left,Null,NotReferred,Null,False,False,False,False,False,True,False,False,True,False,False,False,0,0,0,0,0,False,False,,,,,,
1652377,32,6.34,0,0,0,203,6,0,76633,,39987,South Africa v Australia ODIs 2026 - Men,2,23,Australia Men,21,South Africa Men,8840023,2026-09-24T15:11:19Z,3,195,False,457,Keshav Maharaj,724,Mitchell Starc,290,Matthew Renshaw,228.0,48.0,Left,Mid Wicket,0,0,0,0,LengthBall,OutsideOff,None,BackFoot,Worked,StockBall,Over,Orthodox,Left,Null,NotReferred,Null,False,False,False,False,False,True,False,False,True,False,False,False,0,0,0,0,0,False,False,,,,,,
1652377,32,6.34,0,0,0,203,6,0,76633,,39987,South Africa v Australia ODIs 2026 - Men,2,23,Australia Men,21,South Africa Men,8840027,2026-09-24T15:11:35Z,4,196,False,457,Keshav Maharaj,724,Mitchell Starc,290,Matthew Renshaw,234.0,27.0,Left,Mid Wicket,0,0,0,0,LengthBall,OutsideOff,None,FrontFoot,ForwardDefensive,StockBall,Over,Orthodox,Left,Null,NotReferred,Null,False,False,False,False,False,True,False,False,True,False,False,False,0,0,0,0,0,False,False,,,,,,
1652377,32,6.34,0,0,0,203,6,0,76633,,39987,South Africa v Australia ODIs 2026 - Men,2,23,Australia Men,21,South Africa Men,8840036,2026-09-24T15:11:50Z,5,197,False,457,Keshav Maharaj,724,Mitchell Starc,290,Matthew Renshaw,129.0,28.0,Left,Short Fine Leg,0,0,0,0,LengthBall,OffStump,HitPad,FrontFoot,ForwardDefensive,StockBall,Over,Orthodox,Left,Null,NotReferred,Null,False,False,False,False,False,True,False,False,True,False,False,False,0,0,0,0,0,False,False,,,,,,
1652377,32,6.34,0,0,0,203,6,0,76633,,39987,South Africa v Australia ODIs 2026 - Men,2,23,Australia Men,21,South Africa Men,8840037,2026-09-24T15:12:25Z,6,198,False,457,Keshav Maharaj,724,Mitchell Starc,290,Matthew Renshaw,14.0,13.0,Left,Backward Point,0,0,0,0,LengthBall,OutsideOff,None,BackFoot,BackwardDefensive,StockBall,Over,Orthodox,Left,Null,NotReferred,Null,False,False,False,False,False,True,False,False,True,False,False,False,0,0,0,0,0,False,False,,,,,,
1652381,33,6.18,1,0,0,204,6,1,76633,,39987,South Africa v Australia ODIs 2026 - Men,2,23,Australia Men,21,South Africa Men,8840047,2026-09-24T15:13:20Z,1,199,False,2705,Marco Jansen,290,Matthew Renshaw,724,Mitchell Starc,352.0,47.0,Left,Wicketkeeper,0,0,0,0,BackOfALength,OutsideOff,None,BackFoot,ForwardDefensive,NoMovement,Over,FastSeam,Left,Null,NotReferred,Null,False,False,False,False,False,True,False,False,True,False,False,False,0,0,0,0,0,False,False,,,,,,
1652381,33,6.18,1,0,0,204,6,1,76633,,39987,South Africa v Australia ODIs 2026 - Men,2,23,Australia Men,21,South Africa Men,8840054,2026-09-24T15:13:49Z,2,200,False,2705,Marco Jansen,290,Matthew Renshaw,724,Mitchell Starc,,,Left,Wicketkeeper,0,0,0,0,LengthBall,OutsideOff,ShouldersArms,NoMovement,ShouldersArms,NoMovement,Over,FastSeam,Left,Null,NotReferred,Null,False,False,False,False,False,True,False,False,True,False,False,False,0,0,0,0,0,False,False,,,,,,
1652381,33,6.18,1,0,0,204,6,1,76633,,39987,South Africa v Australia ODIs 2026 - Men,2,23,Australia Men,21,South Africa Men,8840062,2026-09-24T15:14:23Z,3,201,False,2705,Marco Jansen,290,Matthew Renshaw,724,Mitchell Starc,356.0,33.0,Left,Cover,0,0,0,0,LengthBall,OutsideOff,None,FrontFoot,ForwardDefensive,NoMovement,Over,FastSeam,Left,Null,NotReferred,Null,False,False,False,False,False,True,False,False,True,False,False,False,0,0,0,0,0,False,False,,,,,,
1652381,33,6.18,1,0,0,204,6,1,76633,,39987,South Africa v Australia ODIs 2026 - Men,2,23,Australia Men,21,South Africa Men,8840072,2026-09-24T15:14:52Z,4,202,False,2705,Marco Jansen,290,Matthew Renshaw,724,Mitchell Starc,186.0,113.0,Left,Deep Square Leg,1,0,1,1,LengthBall,OffStump,None,BackFoot,Flick,NoMovement,Over,FastSeam,Left,Null,NotReferred,Null,False,False,False,False,False,True,False,False,True,False,False,False,1,0,0,0,0,False,False,,,,,,
1652381,33,6.18,1,0,0,204,6,1,76633,,39987,South Africa v Australia ODIs 2026 - Men,2,23,Australia Men,21,South Africa Men,8840079,2026-09-24T15:15:34Z,5,203,False,2705,Marco Jansen,724,Mitchell Starc,290,Matthew Renshaw,,,Left,Wicketkeeper,0,0,0,0,HalfTracker,Wide,Left,NoMovement,Leave,NoMovement,Over,FastSeam,Left,Null,NotReferred,Null,False,False,False,False,False,True,False,False,True,False,False,False,0,0,0,0,0,False,False,,,,,,
1652381,33,6.18,1,0,0,204,6,1,76633,,39987,South Africa v Australia ODIs 2026 - Men,2,23,Australia Men,21,South Africa Men,8840085,2026-09-24T15:16:06Z,6,204,False,2705,Marco Jansen,724,Mitchell Starc,290,Matthew Renshaw,317.0,54.0,Left,Extra Cover,0,0,0,0,LengthBall,OutsideOff,None,FrontFoot,Pushed,NoMovement,Over,FastSeam,Left,Null,NotReferred,Null,False,False,False,False,False,True,False,False,True,False,False,False,0,0,0,0,0,False,False,,,,,,
1652389,34,6.03,1,0,0,205,6,1,76633,,39987,South Africa v Australia ODIs 2026 - Men,2,23,Australia Men,21,South Africa Men,8840099,2026-09-24T15:17:24Z,1,205,False,2648,Bjorn Fortuin,290,Matthew Renshaw,724,Mitchell Starc,226.0,48.0,Left,Mid Wicket,0,0,0,0,LengthBall,OutsideOff,None,FrontFoot,Worked,StockBall,Over,Orthodox,Left,Null,NotReferred,Null,False,False,False,False,False,True,False,False,True,False,False,False,0,0,0,0,0,False,False,,,,,,
1652389,34,6.03,1,0,0,205,6,1,76633,,39987,South Africa v Australia ODIs 2026 - Men,2,23,Australia Men,21,South Africa Men,8840103,2026-09-24T15:17:37Z,2,206,False,2648,Bjorn Fortuin,290,Matthew Renshaw,724,Mitchell Starc,227.0,45.0,Left,Mid Wicket,0,0,0,0,LengthBall,OutsideOff,None,FrontFoot,Worked,StockBall,Over,Orthodox,Left,Null,NotReferred,Null,False,False,False,False,False,True,False,False,True,False,False,False,0,0,0,0,0,False,False,,,,,,
1652389,34,6.03,1,0,0,205,6,1,76633,,39987,South Africa v Australia ODIs 2026 - Men,2,23,Australia Men,21,South Africa Men,8840107,2026-09-24T15:17:52Z,3,207,False,2648,Bjorn Fortuin,290,Matthew Renshaw,724,Mitchell Starc,120.0,47.0,Left,Short Fine Leg,1,0,1,1,LengthBall,OutsideOff,None,BackFoot,Glance,StockBall,Over,Orthodox,Left,Null,NotReferred,Null,False,False,False,False,False,True,False,False,True,False,False,False,1,0,0,0,0,False,False,,,,,,
1652389,34,6.03,1,0,0,205,6,1,76633,,39987,South Africa v Australia ODIs 2026 - Men,2,23,Australia Men,21,South Africa Men,8840112,2026-09-24T15:18:30Z,4,208,False,2648,Bjorn Fortuin,724,Mitchell Starc,290,Matthew Renshaw,197.0,44.0,Left,Square Leg,0,0,0,0,LengthBall,OutsideOff,None,BackFoot,Worked,StockBall,Over,Orthodox,Left,Null,NotReferred,Null,False,False,False,False,False,True,False,False,True,False,False,False,0,0,0,0,0,False,False,,,,,,
1652389,34,6.03,1,0,0,205,6,1,76633,,39987,South Africa v Australia ODIs 2026 - Men,2,23,Australia Men,21,South Africa Men,8840115,2026-09-24T15:18:48Z,5,209,False,2648,Bjorn Fortuin,724,Mitchell Starc,290,Matthew Renshaw,,,Left,Bowler,0,0,0,0,LengthBall,OutsideOff,None,FrontFoot,ForwardDefensive,StockBall,Over,Orthodox,Left,Null,NotReferred,Null,False,False,False,False,False,True,False,False,True,False,False,False,0,0,0,0,0,False,False,,,,,,
1652389,34,6.03,1,0,0,205,6,1,76633,,39987,South Africa v Australia ODIs 2026 - Men,2,23,Australia Men,21,South Africa Men,8840120,2026-09-24T15:19:02Z,6,210,False,2648,Bjorn Fortuin,724,Mitchell Starc,290,Matthew Renshaw,,,Left,Bowler,0,0,0,0,BackOfALength,OutsideOff,None,BackFoot,Pushed,StockBall,Over,Orthodox,Left,Null,NotReferred,Null,False,False,False,False,False,True,False,False,True,False,False,False,0,0,0,0,0,False,False,,,,,,
1652395,35,5.86,0,0,0,205,6,0,76633,,39987,South Africa v Australia ODIs 2026 - Men,2,23,Australia Men,21,South Africa Men,8840135,2026-09-24T15:20:22Z,1,211,False,2658,Gerald Coetzee,290,Matthew Renshaw,724,Mitchell Starc,323.0,62.0,Left,Extra Cover,0,0,0,0,HalfVolley,OutsideOff,None,FrontFoot,Drive,NoMovement,Round,FastSeam,Right,Null,NotReferred,Null,False,False,False,False,False,True,False,False,True,False,False,False,0,0,0,0,0,False,False,,,,,,
1652395,35,5.86,0,0,0,205,6,0,76633,,39987,South Africa v Australia ODIs 2026 - Men,2,23,Australia Men,21,South Africa Men,8840143,2026-09-24T15:20:57Z,2,212,False,2658,Gerald Coetzee,290,Matthew Renshaw,724,Mitchell Starc,9.0,55.0,Left,Backward Point,0,0,0,0,HalfVolley,OutsideOff,None,FrontFoot,Drive,NoMovement,Round,FastSeam,Right,Null,NotReferred,Null,False,False,False,False,False,True,False,False,True,False,False,False,0,0,0,0,0,False,False,,,,,,
1652395,35,5.86,0,0,0,205,6,0,76633,,39987,South Africa v Australia ODIs 2026 - Men,2,23,Australia Men,21,South Africa Men,8840149,2026-09-24T15:21:32Z,3,213,False,2658,Gerald Coetzee,290,Matthew Renshaw,724,Mitchell Starc,336.0,60.0,Left,Cover,0,0,0,0,HalfVolley,OutsideOff,None,FrontFoot,Drive,NoMovement,Round,FastSeam,Right,Null,NotReferred,Null,False,False,False,False,False,True,False,False,True,False,False,False,0,0,0,0,0,False,False,,,,,,
1652395,35,5.86,0,0,0,205,6,0,76633,,39987,South Africa v Australia ODIs 2026 - Men,2,23,Australia Men,21,South Africa Men,8840158,2026-09-24T15:22:08Z,4,214,False,2658,Gerald Coetzee,290,Matthew Renshaw,724,Mitchell Starc,18.0,58.0,Left,Backward Point,0,0,0,0,BackOfALength,OutsideOff,None,BackFoot,Steer,NoMovement,Round,FastSeam,Right,Null,NotReferred,Null,False,False,False,False,False,True,False,False,True,False,False,False,0,0,0,0,0,False,False,,,,,,
1652395,35,5.86,0,0,0,205,6,0,76633,,39987,South Africa v Australia ODIs 2026 - Men,2,23,Australia Men,21,South Africa Men,8840167,2026-09-24T15:22:44Z,5,215,False,2658,Gerald Coetzee,290,Matthew Renshaw,724,Mitchell Starc,225.0,16.0,Left,Mid Wicket,0,0,0,0,BackOfALength,OutsideOff,InsideEdge,BackFoot,Steer,NoMovement,Round,FastSeam,Right,Null,NotReferred,Null,False,False,False,False,False,True,False,False,True,False,False,False,0,0,0,0,0,False,False,,,,,,
1652395,35,5.86,0,0,0,205,6,0,76633,,39987,South Africa v Australia ODIs 2026 - Men,2,23,Australia Men,21,South Africa Men,8840176,2026-09-24T15:23:22Z,6,216,False,2658,Gerald Coetzee,290,Matthew Renshaw,724,Mitchell Starc,342.0,44.0,Left,Cover,0,0,0,0,Yorker,OffStump,None,BackFoot,BackwardDefensive,ReverseSwingIn,Round,FastSeam,Right,Null,NotReferred,Null,False,False,False,False,False,True,False,False,True,False,False,False,0,0,0,0,0,False,False,,,,,,
1652406,36,5.86,6,0,0,211,6,6,76633,,39987,South Africa v Australia ODIs 2026 - Men,2,23,Australia Men,21,South Africa Men,8840189,2026-09-24T15:24:21Z,1,217,False,2648,Bjorn Fortuin,724,Mitchell Starc,290,Matthew Renshaw,74.0,130.0,Left,Third Man,2,0,2,2,LengthBall,OutsideOff,OutsideEdge,BackFoot,Pushed,StockBall,Over,Orthodox,Left,Null,NotReferred,Null,False,False,False,False,False,True,False,False,True,False,False,False,2,0,0,0,0,False,False,,,,,,
1652406,36,5.86,6,0,0,211,6,6,76633,,39987,South Africa v Australia ODIs 2026 - Men,2,23,Australia Men,21,South Africa Men,8840199,2026-09-24T15:24:56Z,2,218,False,2648,Bjorn Fortuin,724,Mitchell Starc,290,Matthew Renshaw,48.0,62.0,Left,Gully,1,0,1,1,LengthBall,OutsideOff,None,BackFoot,ForwardDefensive,StockBall,Over,Orthodox,Left,Null,NotReferred,Null,False,False,False,False,False,True,False,False,True,False,False,False,1,0,0,0,0,False,False,,,,,,
1652406,36,5.86,6,0,0,211,6,6,76633,,39987,South Africa v Australia ODIs 2026 - Men,2,23,Australia Men,21,South Africa Men,8840203,2026-09-24T15:25:22Z,3,219,False,2648,Bjorn Fortuin,290,Matthew Renshaw,724,Mitchell Starc,0.0,0.0,Left,Bowler,0,0,0,0,LengthBall,OutsideOff,None,BackFoot,BackwardDefensive,StockBall,Over,Orthodox,Left,Null,NotReferred,Null,False,False,False,False,False,True,False,False,True,False,False,False,0,0,0,0,0,False,False,,,,,,
1652406,36,5.86,6,0,0,211,6,6,76633,,39987,South Africa v Australia ODIs 2026 - Men,2,23,Australia Men,21,South Africa Men,8840219,2026-09-24T15:25:37Z,4,220,False,2648,Bjorn Fortuin,290,Matthew Renshaw,724,Mitchell Starc,300.0,167.0,Left,Long Off,2,0,2,2,HalfVolley,Wide,None,FrontFoot,Drive,StockBall,Over,Orthodox,Left,Null,NotReferred,Null,False,False,False,False,True,True,False,False,True,False,False,False,2,0,0,0,0,False,False,,,,,,
1652406,36,5.86,6,0,0,211,6,6,76633,,39987,South Africa v Australia ODIs 2026 - Men,2,23,Australia Men,21,South Africa Men,8840228,2026-09-24T15:26:36Z,5,221,False,2648,Bjorn Fortuin,290,Matthew Renshaw,724,Mitchell Starc,18.0,65.0,Left,Backward Point,0,0,0,0,LengthBall,LegStump,None,FrontFoot,ReverseSweep,StockBall,Round,Orthodox,Left,Null,NotReferred,Null,False,False,False,False,False,True,False,False,True,False,False,False,0,0,0,0,0,False,True,,,,,,
1652406,36,5.86,6,0,0,211,6,6,76633,,39987,South Africa v Australia ODIs 2026 - Men,2,23,Australia Men,21,South Africa Men,8840230,2026-09-24T15:27:09Z,6,222,False,2648,Bjorn Fortuin,290,Matthew Renshaw,724,Mitchell Starc,187.0,122.0,Left,Deep Square Leg,1,0,1,1,LengthBall,LegStump,None,FrontFoot,Worked,StockBall,Round,Orthodox,Left,Null,NotReferred,Null,False,False,False,False,False,True,False,False,True,False,False,False,1,0,0,0,0,False,False,,,,,,
1652415,37,5.84,5,1,0,216,7,5,76633,,39987,South Africa v Australia ODIs 2026 - Men,2,23,Australia Men,21,South Africa Men,8840249,2026-09-24T15:28:12Z,1,223,False,2658,Gerald Coetzee,290,Matthew Renshaw,724,Mitchell Starc,262.0,180.0,Left,,4,0,4,4,HalfVolley,OutsideOff,WellTimed,FrontFoot,Drive,NoMovement,Round,FastSeam,Right,Null,NotReferred,Null,False,False,False,False,True,True,False,False,True,False,False,False,4,0,0,0,0,True,False,,,,,,
1652415,37,5.84,5,1,0,216,7,5,76633,,39987,South Africa v Australia ODIs 2026 - Men,2,23,Australia Men,21,South Africa Men,8840272,2026-09-24T15:29:08Z,2,224,True,2658,Gerald Coetzee,290,Matthew Renshaw,724,Mitchell Starc,209.0,154.0,Left,Deep Square Leg,0,0,0,0,Short,OutsideOff,MisTimed,FrontFoot,Pull,NoMovement,Round,FastSeam,Right,Null,NotReferred,Null,False,False,False,False,False,True,False,False,True,False,False,False,0,0,0,0,0,False,True,Caught,290.0,Matthew Renshaw,Caught,Caught,1874.0
1652415,37,5.84,5,1,0,216,7,5,76633,,39987,South Africa v Australia ODIs 2026 - Men,2,23,Australia Men,21,South Africa Men,8840288,2026-09-24T15:31:45Z,3,225,False,2658,Gerald Coetzee,3531,Nathan Ellis,724,Mitchell Starc,215.0,23.0,Right,Extra Cover,0,0,0,0,Yorker,MiddleStump,None,BackFoot,BackwardDefensive,NoMovement,Round,FastSeam,Right,Null,NotReferred,Null,False,False,False,False,False,True,False,False,True,False,False,False,0,0,0,0,0,False,False,,,,,,
1652415,37,5.84,5,1,0,216,7,5,76633,,39987,South Africa v Australia ODIs 2026 - Men,2,23,Australia Men,21,South Africa Men,8840293,2026-09-24T15:32:19Z,4,226,False,2658,Gerald Coetzee,3531,Nathan Ellis,724,Mitchell Starc,177.0,54.0,Right,Backward Point,0,0,0,0,BackOfALength,OffStump,None,BackFoot,BackwardDefensive,NoMovement,Round,FastSeam,Right,Null,NotReferred,Null,False,False,False,False,False,True,False,False,True,False,False,False,0,0,0,0,0,False,False,,,,,,
1652415,37,5.84,5,1,0,216,7,5,76633,,39987,South Africa v Australia ODIs 2026 - Men,2,23,Australia Men,21,South Africa Men,8840301,2026-09-24T15:32:57Z,5,227,False,2658,Gerald Coetzee,3531,Nathan Ellis,724,Mitchell Starc,350.0,100.0,Right,Deep Square Leg,1,0,1,1,BackOfALength,OutsideOff,None,BackFoot,Worked,NoMovement,Over,FastSeam,Right,Null,NotReferred,Null,False,False,False,False,False,True,False,False,True,False,False,False,1,0,0,0,0,False,False,,,,,,
1652415,37,5.84,5,1,0,216,7,5,76633,,39987,South Africa v Australia ODIs 2026 - Men,2,23,Australia Men,21,South Africa Men,8840314,2026-09-24T15:33:50Z,6,228,False,2658,Gerald Coetzee,724,Mitchell Starc,3531,Nathan Ellis,259.0,27.0,Left,Mid On,0,0,0,0,LengthBall,OutsideOff,HitBody,FrontFoot,Drive,NoMovement,Round,FastSeam,Right,Null,NotReferred,Null,False,False,False,False,False,True,False,False,True,False,False,False,0,0,0,0,0,False,False,,,,,,
1652428,38,5.79,4,0,0,220,7,4,76633,,39987,South Africa v Australia ODIs 2026 - Men,2,23,Australia Men,21,South Africa Men,8840329,2026-09-24T15:35:06Z,1,229,False,2648,Bjorn Fortuin,3531,Nathan Ellis,724,Mitchell Starc,,,Right,Bowler,0,0,0,0,LengthBall,OffStump,None,BackFoot,Pushed,StockBall,Round,Orthodox,Left,Null,NotReferred,Null,False,False,False,False,False,True,False,False,True,False,False,False,0,0,0,0,0,False,False,,,,,,
1652428,38,5.79,4,0,0,220,7,4,76633,,39987,South Africa v Australia ODIs 2026 - Men,2,23,Australia Men,21,South Africa Men,8840331,2026-09-24T15:35:19Z,2,230,False,2648,Bjorn Fortuin,3531,Nathan Ellis,724,Mitchell Starc,,,Right,Bowler,0,0,0,0,LengthBall,MiddleStump,None,BackFoot,Pushed,StockBall,Round,Orthodox,Left,Null,NotReferred,Null,False,False,False,False,False,True,False,False,True,False,False,False,0,0,0,0,0,False,False,,,,,,
1652428,38,5.79,4,0,0,220,7,4,76633,,39987,South Africa v Australia ODIs 2026 - Men,2,23,Australia Men,21,South Africa Men,8840340,2026-09-24T15:35:33Z,3,231,False,2648,Bjorn Fortuin,3531,Nathan Ellis,724,Mitchell Starc,232.0,123.0,Right,Deep Extra Cover,1,0,1,1,LengthBall,OutsideOff,None,BackFoot,Pushed,StockBall,Round,Orthodox,Left,Null,NotReferred,Null,False,False,False,False,False,True,False,False,True,False,False,False,1,0,0,0,0,False,False,,,,,,
1652428,38,5.79,4,0,0,220,7,4,76633,,39987,South Africa v Australia ODIs 2026 - Men,2,23,Australia Men,21,South Africa Men,8840343,2026-09-24T15:36:08Z,4,232,False,2648,Bjorn Fortuin,724,Mitchell Starc,3531,Nathan Ellis,286.0,71.0,Left,Mid Off,0,0,0,0,BackOfALength,OutsideOff,None,BackFoot,Pushed,StockBall,Over,Orthodox,Left,Null,NotReferred,Null,False,False,False,False,False,True,False,False,True,False,False,False,0,0,0,0,0,False,False,,,,,,
1652428,38,5.79,4,0,0,220,7,4,76633,,39987,South Africa v Australia ODIs 2026 - Men,2,23,Australia Men,21,South Africa Men,8840347,2026-09-24T15:36:26Z,5,233,False,2648,Bjorn Fortuin,724,Mitchell Starc,3531,Nathan Ellis,249.0,154.0,Left,Long On,2,0,2,2,LengthBall,OutsideOff,Middled,FrontFoot,SlogSweep,StockBall,Over,Orthodox,Left,Null,NotReferred,Null,False,False,False,False,True,True,False,False,True,False,False,False,2,0,0,0,0,False,False,,,,,,
1652428,38,5.79,4,0,0,220,7,4,76633,,39987,South Africa v Australia ODIs 2026 - Men,2,23,Australia Men,21,South Africa Men,8840355,2026-09-24T15:37:03Z,6,234,False,2648,Bjorn Fortuin,724,Mitchell Starc,3531,Nathan Ellis,342.0,112.0,Left,Deep Cover,1,0,1,1,LengthBall,OutsideOff,None,BackFoot,Drive,StockBall,Over,Orthodox,Left,Null,NotReferred,Null,False,False,False,False,False,True,False,False,True,False,False,False,1,0,0,0,0,False,False,,,,,,
1652435,39,5.74,4,1,0,224,8,4,76633,,39987,South Africa v Australia ODIs 2026 - Men,2,23,Australia Men,21,South Africa Men,8840371,2026-09-24T15:38:00Z,1,235,False,3673,Corbin Bosch,724,Mitchell Starc,3531,Nathan Ellis,,,Left,Wicketkeeper,1,1,1,0,LengthBall,DownLeg,PlayAndMissLegSide,FrontFoot,Glance,NoMovement,Over,FastSeam,Right,Null,NotReferred,Null,True,False,False,False,False,True,False,False,True,False,False,False,1,0,1,0,0,False,False,,,,,,
1652435,39,5.74,4,1,0,224,8,4,76633,,39987,South Africa v Australia ODIs 2026 - Men,2,23,Australia Men,21,South Africa Men,8840382,2026-09-24T15:39:01Z,1,236,True,3673,Corbin Bosch,724,Mitchell Starc,3531,Nathan Ellis,254.0,139.0,Left,Long On,0,0,0,0,LengthBall,MiddleStump,MisTimed,FrontFoot,Drive,NoMovement,Over,FastSeam,Right,Null,NotReferred,Null,False,False,False,False,False,True,False,False,True,False,False,False,0,0,0,0,0,False,True,Caught,724.0,Mitchell Starc,Caught,Caught,1874.0
1652435,39,5.74,4,1,0,224,8,4,76633,,39987,South Africa v Australia ODIs 2026 - Men,2,23,Australia Men,21,South Africa Men,8840400,2026-09-24T15:40:37Z,2,237,False,3673,Corbin Bosch,852,Adam Zampa,3531,Nathan Ellis,56.0,118.0,Right,Fine Leg,1,0,1,1,HalfVolley,OutsideOff,InsideEdge,FrontFoot,Drive,NoMovement,Over,FastSeam,Right,Null,NotReferred,Null,False,False,False,False,False,True,False,False,True,False,False,False,1,0,0,0,0,False,False,,,,,,
1652435,39,5.74,4,1,0,224,8,4,76633,,39987,South Africa v Australia ODIs 2026 - Men,2,23,Australia Men,21,South Africa Men,8840407,2026-09-24T15:41:18Z,3,238,False,3673,Corbin Bosch,3531,Nathan Ellis,852,Adam Zampa,12.0,131.0,Right,Deep Backward Square Leg,1,0,1,1,Short,OutsideOff,None,BackFoot,Pull,NoMovement,Over,FastSeam,Right,Null,NotReferred,Null,False,False,False,False,False,True,False,False,True,False,False,False,1,0,0,0,0,False,False,,,,,,
1652435,39,5.74,4,1,0,224,8,4,76633,,39987,South Africa v Australia ODIs 2026 - Men,2,23,Australia Men,21,South Africa Men,8840418,2026-09-24T15:41:53Z,4,239,False,3673,Corbin Bosch,852,Adam Zampa,3531,Nathan Ellis,288.0,67.0,Right,Mid On,0,0,0,0,LengthBall,OutsideOff,None,FrontFoot,Pushed,NoMovement,Over,FastSeam,Right,Null,NotReferred,Null,False,False,False,False,False,True,False,False,True,False,False,False,0,0,0,0,0,False,False,,,,,,
1652435,39,5.74,4,1,0,224,8,4,76633,,39987,South Africa v Australia ODIs 2026 - Men,2,23,Australia Men,21,South Africa Men,8840428,2026-09-24T15:42:31Z,5,240,False,3673,Corbin Bosch,852,Adam Zampa,3531,Nathan Ellis,297.0,41.0,Right,Mid On,0,0,0,0,LengthBall,OutsideOff,MisTimed,FrontFoot,Pushed,InSwinger,Over,FastSeam,Right,Null,NotReferred,Null,False,False,False,False,False,True,False,False,True,False,False,False,0,0,0,0,0,False,False,,,,,,
1652435,39,5.74,4,1,0,224,8,4,76633,,39987,South Africa v Australia ODIs 2026 - Men,2,23,Australia Men,21,South Africa Men,8840437,2026-09-24T15:43:07Z,6,241,False,3673,Corbin Bosch,852,Adam Zampa,3531,Nathan Ellis,177.0,132.0,Right,Deep Backward Point,1,0,1,1,HalfVolley,OutsideOff,Middled,FrontFoot,Drive,NoMovement,Over,FastSeam,Right,Null,NotReferred,Null,False,False,False,False,False,True,False,False,True,False,False,False,1,0,0,0,0,False,False,,,,,,
1652449,40,5.6,0,0,0,224,8,0,76633,,39987,South Africa v Australia ODIs 2026 - Men,2,23,Australia Men,21,South Africa Men,8840453,2026-09-24T15:44:19Z,1,242,False,457,Keshav Maharaj,852,Adam Zampa,3531,Nathan Ellis,225.0,51.0,Right,Extra Cover,0,0,0,0,LengthBall,OffStump,None,BackFoot,Pushed,StockBall,Round,Orthodox,Left,Null,NotReferred,Null,False,False,False,False,False,True,False,False,True,False,False,False,0,0,0,0,0,False,False,,,,,,
1652449,40,5.6,0,0,0,224,8,0,76633,,39987,South Africa v Australia ODIs 2026 - Men,2,23,Australia Men,21,South Africa Men,8840455,2026-09-24T15:44:33Z,2,243,False,457,Keshav Maharaj,852,Adam Zampa,3531,Nathan Ellis,333.0,54.0,Right,Square Leg,0,0,0,0,LengthBall,OffStump,None,BackFoot,Worked,StockBall,Round,Orthodox,Left,Null,NotReferred,Null,False,False,False,False,False,True,False,False,True,False,False,False,0,0,0,0,0,False,False,,,,,,
1652449,40,5.6,0,0,0,224,8,0,76633,,39987,South Africa v Australia ODIs 2026 - Men,2,23,Australia Men,21,South Africa Men,8840464,2026-09-24T15:44:48Z,3,244,False,457,Keshav Maharaj,852,Adam Zampa,3531,Nathan Ellis,,,Right,Wicketkeeper,0,0,0,0,LengthBall,OffStump,Missed,FrontFoot,Sweep,StockBall,Round,Orthodox,Left,Null,NotReferred,Null,False,False,False,False,False,True,False,False,True,False,False,False,0,0,0,0,0,False,False,,,,,Lbw,2088.0
1652449,40,5.6,0,0,0,224,8,0,76633,,39987,South Africa v Australia ODIs 2026 - Men,2,23,Australia Men,21,South Africa Men,8840465,2026-09-24T15:45:10Z,4,245,False,457,Keshav Maharaj,852,Adam Zampa,3531,Nathan Ellis,,,Right,Bowler,0,0,0,0,BackOfALength,OutsideOff,None,BackFoot,Pushed,StockBall,Round,Orthodox,Left,Null,NotReferred,Null,False,False,False,False,False,True,False,False,True,False,False,False,0,0,0,0,0,False,False,,,,,,
1652449,40,5.6,0,0,0,224,8,0,76633,,39987,South Africa v Australia ODIs 2026 - Men,2,23,Australia Men,21,South Africa Men,8840471,2026-09-24T15:45:27Z,5,246,False,457,Keshav Maharaj,852,Adam Zampa,3531,Nathan Ellis,339.0,24.0,Right,Square Leg,0,0,0,0,LengthBall,OffStump,None,FrontFoot,ForwardDefensive,StockBall,Round,Orthodox,Left,Null,NotReferred,Null,False,False,False,False,False,True,False,False,True,False,False,False,0,0,0,0,0,False,False,,,,,,
1652449,40,5.6,0,0,0,224,8,0,76633,,39987,South Africa v Australia ODIs 2026 - Men,2,23,Australia Men,21,South Africa Men,8840474,2026-09-24T15:45:42Z,6,247,False,457,Keshav Maharaj,852,Adam Zampa,3531,Nathan Ellis,222.0,64.0,Right,Extra Cover,0,0,0,0,HalfVolley,OffStump,None,BackFoot,Pushed,StockBall,Round,Orthodox,Left,Null,NotReferred,Null,False,False,False,False,False,True,False,False,True,False,False,False,0,0,0,0,0,False,False,,,,,,
1652455,41,5.61,6,1,0,230,9,6,76633,,39987,South Africa v Australia ODIs 2026 - Men,2,23,Australia Men,21,South Africa Men,8840492,2026-09-24T15:46:41Z,1,248,False,3673,Corbin Bosch,3531,Nathan Ellis,852,Adam Zampa,,,Right,Wicketkeeper,0,0,0,0,BackOfALength,OutsideOff,Missed,BackFoot,Cut,NoMovement,Over,FastSeam,Right,Null,NotReferred,Null,False,False,False,False,False,True,False,False,True,False,False,False,0,0,0,0,0,False,False,,,,,,
1652455,41,5.61,6,1,0,230,9,6,76633,,39987,South Africa v Australia ODIs 2026 - Men,2,23,Australia Men,21,South Africa Men,8840504,2026-09-24T15:47:19Z,2,249,False,3673,Corbin Bosch,3531,Nathan Ellis,852,Adam Zampa,128.0,126.0,Right,Third Man,1,0,1,1,LengthBall,OutsideOff,None,FrontFoot,Steer,NoMovement,Over,FastSeam,Right,Null,NotReferred,Null,False,False,False,False,False,True,False,False,True,False,False,False,1,0,0,0,0,False,False,,,,,,
1652455,41,5.61,6,1,0,230,9,6,76633,,39987,South Africa v Australia ODIs 2026 - Men,2,23,Australia Men,21,South Africa Men,8840513,2026-09-24T15:47:57Z,3,250,False,3673,Corbin Bosch,852,Adam Zampa,3531,Nathan Ellis,241.0,72.0,Right,Mid Off,0,0,0,0,HalfVolley,OutsideOff,None,FrontFoot,Drive,NoMovement,Over,FastSeam,Right,Null,NotReferred,Null,False,False,False,False,False,True,False,False,True,False,False,False,0,0,0,0,0,False,False,,,,,,
1652455,41,5.61,6,1,0,230,9,6,76633,,39987,South Africa v Australia ODIs 2026 - Men,2,23,Australia Men,21,South Africa Men,8840525,2026-09-24T15:48:32Z,4,251,False,3673,Corbin Bosch,852,Adam Zampa,3531,Nathan Ellis,266.0,180.0,Right,,4,0,4,4,BackOfALength,OutsideOff,WellTimed,FrontFoot,Drive,NoMovement,Over,FastSeam,Right,Null,NotReferred,Null,False,False,False,False,True,True,False,False,True,False,False,False,4,0,0,0,0,True,False,,,,,,
1652455,41,5.61,6,1,0,230,9,6,76633,,39987,South Africa v Australia ODIs 2026 - Men,2,23,Australia Men,21,South Africa Men,8840534,2026-09-24T15:49:08Z,5,252,False,3673,Corbin Bosch,852,Adam Zampa,3531,Nathan Ellis,7.0,138.0,Right,Deep Backward Square Leg,1,0,1,1,BackOfALength,OutsideOff,Middled,BackFoot,Pull,NoMovement,Over,FastSeam,Right,Null,NotReferred,Null,False,False,False,False,False,True,False,False,True,False,False,False,1,0,0,0,0,False,False,,,,,,
1652455,41,5.61,6,1,0,230,9,6,76633,,39987,South Africa v Australia ODIs 2026 - Men,2,23,Australia Men,21,South Africa Men,8840548,2026-09-24T15:49:45Z,6,253,True,3673,Corbin Bosch,3531,Nathan Ellis,852,Adam Zampa,,,Right,Wicketkeeper,0,0,0,0,BackOfALength,OutsideOff,InsideEdge,FrontFoot,Slog,NoMovement,Over,FastSeam,Right,Null,NotReferred,Null,False,False,False,False,False,True,False,False,True,False,False,False,0,0,0,0,0,False,False,Bowled,3531.0,Nathan Ellis,Bowled,Bowled,1874.0
1652468,42,5.48,0,1,0,230,10,0,76633,,39987,South Africa v Australia ODIs 2026 - Men,2,23,Australia Men,21,South Africa Men,8840570,2026-09-24T15:51:31Z,1,254,False,457,Keshav Maharaj,852,Adam Zampa,1185,Josh Hazlewood,349.0,46.0,Right,Square Leg,0,0,0,0,BackOfALength,OutsideOff,None,BackFoot,Worked,StockBall,Round,Orthodox,Left,Null,NotReferred,Null,False,False,False,False,False,True,False,False,True,False,False,False,0,0,0,0,0,False,False,,,,,,
1652468,42,5.48,0,1,0,230,10,0,76633,,39987,South Africa v Australia ODIs 2026 - Men,2,23,Australia Men,21,South Africa Men,8840584,2026-09-24T15:51:48Z,2,255,True,457,Keshav Maharaj,852,Adam Zampa,1185,Josh Hazlewood,333.0,118.0,Right,Deep Square Leg,0,0,0,0,LengthBall,OffStump,TopEdge,FrontFoot,SlogSweep,StockBall,Round,Orthodox,Left,Null,NotReferred,Null,False,False,False,False,False,True,False,False,True,False,False,False,0,0,0,0,0,False,True,Caught,852.0,Adam Zampa,Caught,Caught,2088.0
