over_id,over_overNumber,over_runrate,over_runsConceded,over_wickets,over_runsExtras,over_totalInningRuns,over_totalInningWickets,over_totalRuns,id,matchName,fixtureId,fixtureName,inningNumber,battingTeamId,battingTeamName,bowlingTeamId,bowlingTeamName,ball_id,ballDateTime,ballNumber,totalBallNumber,isWicket,bowlerPlayerId,bowlerPlayerName,battingPlayerId,battingPlayerName,nonStrikeBattingPlayerId,nonStrikeBattingPlayerName,shotAngle,shotMagnitude,battingHandId,runsConceded,extras,runs,runsScored,lengthTypeId,lineTypeId,battingConnectionId,battingFeetId,battingShotTypeId,bowlingDetailId,bowlingFromId,bowlingTypeId,bowlingHandId,outcomeId,referralOutcomeId,noBallReasonId,isWide,isNoBall,isByes,isLegByes,isAirControlled,isAppeal,isFreeHit,isNewBall,isPowerPlay,isBattingPowerPlay,isFloodLit,isReferred,teamRuns,runsByes,runsWide,runsLegByes,noBallsCount,isBoundry,isAirNotControlled,fieldingPosition,dismissalTypeId,dismissalPlayerId,dismissalPlayerName,dismissalType,appealDismissalTypeId,decisionOfficialId
1642183,2,4.5,1,0,0,9,0,1,76398,,40955,Namibia v South Africa ODIs 2026 - Men,1,21,South Africa Men,753,Namibia Men,8778361,2026-09-09T07:37:14Z,1,8,False,3198,JJ Smit,8315,Jordan Hermann,10075,Connor Esterhuizen,,,Left,0,0,0,0,LengthBall,OutsideOff,Left,FrontFoot,Leave,InSwinger,Over,Medium,Left,Null,NotReferred,Null,False,False,False,False,False,True,False,True,True,False,False,False,0,0,0,0,0,False,False,Wicketkeeper,,,,,,
1642183,2,4.5,1,0,0,9,0,1,76398,,40955,Namibia v South Africa ODIs 2026 - Men,1,21,South Africa Men,753,Namibia Men,8778362,2026-09-09T07:37:45Z,2,9,False,3198,JJ Smit,8315,Jordan Hermann,10075,Connor Esterhuizen,323.0,49.0,Left,0,0,0,0,BackOfALength,OutsideOff,None,FrontFoot,BackwardDefensive,NoMovement,Over,Medium,Left,Null,NotReferred,Null,False,False,False,False,False,True,False,False,True,False,False,False,0,0,0,0,0,False,False,Extra Cover,,,,,,
1642183,2,4.5,1,0,0,9,0,1,76398,,40955,Namibia v South Africa ODIs 2026 - Men,1,21,South Africa Men,753,Namibia Men,8778363,2026-09-09T07:38:18Z,3,10,False,3198,JJ Smit,8315,Jordan Hermann,10075,Connor Esterhuizen,171.0,133.0,Left,1,0,1,1,BackOfALength,MiddleStump,None,BackFoot,Pull,InSwinger,Over,Medium,Left,Null,NotReferred,Null,False,False,False,False,False,True,False,False,True,False,False,False,1,0,0,0,0,False,False,Deep Backward Square Leg,,,,,,
1642183,2,4.5,1,0,0,9,0,1,76398,,40955,Namibia v South Africa ODIs 2026 - Men,1,21,South Africa Men,753,Namibia Men,8778364,2026-09-09T07:39:05Z,4,11,False,3198,JJ Smit,10075,Connor Esterhuizen,8315,Jordan Hermann,,,Right,0,0,0,0,LengthBall,OutsideOff,ShouldersArms,FrontFoot,ShouldersArms,InSwinger,Over,Medium,Left,Null,NotReferred,Null,False,False,False,False,False,True,False,False,True,False,False,False,0,0,0,0,0,False,False,Wicketkeeper,,,,,,
1642183,2,4.5,1,0,0,9,0,1,76398,,40955,Namibia v South Africa ODIs 2026 - Men,1,21,South Africa Men,753,Namibia Men,8778365,2026-09-09T07:39:42Z,5,12,False,3198,JJ Smit,10075,Connor Esterhuizen,8315,Jordan Hermann,,,Right,0,0,0,0,LengthBall,OutsideOff,ShouldersArms,FrontFoot,ShouldersArms,AwaySwinger,Over,Medium,Left,Null,NotReferred,Null,False,False,False,False,False,True,False,False,True,False,False,False,0,0,0,0,0,False,False,Wicketkeeper,,,,,,
1642183,2,4.5,1,0,0,9,0,1,76398,,40955,Namibia v South Africa ODIs 2026 - Men,1,21,South Africa Men,753,Namibia Men,8778366,2026-09-09T07:40:14Z,6,13,False,3198,JJ Smit,10075,Connor Esterhuizen,8315,Jordan Hermann,319.0,41.0,Right,0,0,0,0,LengthBall,DownLeg,None,FrontFoot,ForwardDefensive,NoMovement,Over,Medium,Left,Null,NotReferred,Null,False,False,False,False,False,True,False,False,True,False,False,False,0,0,0,0,0,False,False,Mid Wicket,,,,,,
1642184,3,4.33,4,0,0,13,0,4,76398,,40955,Namibia v South Africa ODIs 2026 - Men,1,21,South Africa Men,753,Namibia Men,8778367,2026-09-09T07:41:04Z,1,14,False,8249,Ruben Trumpelmann,8315,Jordan Hermann,10075,Connor Esterhuizen,,,Left,0,0,0,0,BackOfALength,OutsideOff,Left,FrontFoot,Leave,AwaySwinger,Over,Medium,Left,Null,NotReferred,Null,False,False,False,False,False,True,False,False,True,False,False,False,0,0,0,0,0,False,False,Wicketkeeper,,,,,,
1642184,3,4.33,4,0,0,13,0,4,76398,,40955,Namibia v South Africa ODIs 2026 - Men,1,21,South Africa Men,753,Namibia Men,8778368,2026-09-09T07:41:40Z,2,15,False,8249,Ruben Trumpelmann,8315,Jordan Hermann,10075,Connor Esterhuizen,,,Left,0,0,0,0,HalfVolley,OutsideOff,Missed,FrontFoot,Drive,AwaySwinger,Over,Medium,Left,Null,NotReferred,Null,False,False,False,False,False,True,False,False,True,False,False,False,0,0,0,0,0,False,False,Wicketkeeper,,,,,,
1642184,3,4.33,4,0,0,13,0,4,76398,,40955,Namibia v South Africa ODIs 2026 - Men,1,21,South Africa Men,753,Namibia Men,8778369,2026-09-09T07:42:12Z,3,16,False,8249,Ruben Trumpelmann,8315,Jordan Hermann,10075,Connor Esterhuizen,296.0,74.0,Left,0,0,0,0,HalfVolley,OutsideOff,None,FrontFoot,Drive,AwaySwinger,Over,Medium,Left,Null,NotReferred,Null,False,False,False,False,False,True,False,False,True,False,False,False,0,0,0,0,0,False,False,Mid Off,,,,,,
1642184,3,4.33,4,0,0,13,0,4,76398,,40955,Namibia v South Africa ODIs 2026 - Men,1,21,South Africa Men,753,Namibia Men,8778370,2026-09-09T07:42:52Z,4,17,False,8249,Ruben Trumpelmann,8315,Jordan Hermann,10075,Connor Esterhuizen,328.0,75.0,Left,0,0,0,0,BackOfALength,OutsideOff,None,BackFoot,Drive,NoMovement,Over,Medium,Left,Null,NotReferred,Null,False,False,False,False,False,True,False,False,True,False,False,False,0,0,0,0,0,False,False,Extra Cover,,,,,,
1642184,3,4.33,4,0,0,13,0,4,76398,,40955,Namibia v South Africa ODIs 2026 - Men,1,21,South Africa Men,753,Namibia Men,8778371,2026-09-09T07:43:25Z,5,18,False,8249,Ruben Trumpelmann,8315,Jordan Hermann,10075,Connor Esterhuizen,284.0,180.0,Left,4,0,4,4,HalfVolley,OutsideOff,WellTimed,FrontFoot,Drive,AwaySwinger,Over,Medium,Left,Null,NotReferred,Null,False,False,False,False,False,True,False,False,True,False,False,False,4,0,0,0,0,True,False,Long Off,,,,,,
1642184,3,4.33,4,0,0,13,0,4,76398,,40955,Namibia v South Africa ODIs 2026 - Men,1,21,South Africa Men,753,Namibia Men,8778372,2026-09-09T07:44:12Z,6,19,False,8249,Ruben Trumpelmann,8315,Jordan Hermann,10075,Connor Esterhuizen,327.0,56.0,Left,0,0,0,0,BackOfALength,OutsideOff,None,BackFoot,Drive,AwaySwinger,Over,Medium,Left,Null,NotReferred,Null,False,False,False,False,False,True,False,False,True,False,False,False,0,0,0,0,0,False,False,Extra Cover,,,,,,
1642185,4,3.25,0,0,0,13,0,0,76398,,40955,Namibia v South Africa ODIs 2026 - Men,1,21,South Africa Men,753,Namibia Men,8778373,2026-09-09T07:45:02Z,1,20,False,3198,JJ Smit,10075,Connor Esterhuizen,8315,Jordan Hermann,209.0,30.0,Right,0,0,0,0,LengthBall,MiddleStump,BatPad,FrontFoot,ForwardDefensive,AwaySwinger,Over,Medium,Left,Null,NotReferred,Null,False,False,False,False,False,True,False,False,True,False,False,False,0,0,0,0,0,False,False,Cover,,,,,,
1642185,4,3.25,0,0,0,13,0,0,76398,,40955,Namibia v South Africa ODIs 2026 - Men,1,21,South Africa Men,753,Namibia Men,8778374,2026-09-09T07:45:35Z,2,21,False,3198,JJ Smit,10075,Connor Esterhuizen,8315,Jordan Hermann,,,Right,0,0,0,0,BackOfALength,OffStump,ShouldersArms,DownTheTrack,ShouldersArms,AwaySwinger,Over,Medium,Left,Null,NotReferred,Null,False,False,False,False,False,True,False,False,True,False,False,False,0,0,0,0,0,False,False,Wicketkeeper,,,,,,
1642185,4,3.25,0,0,0,13,0,0,76398,,40955,Namibia v South Africa ODIs 2026 - Men,1,21,South Africa Men,753,Namibia Men,8778375,2026-09-09T07:46:08Z,3,22,False,3198,JJ Smit,10075,Connor Esterhuizen,8315,Jordan Hermann,210.0,58.0,Right,0,0,0,0,LengthBall,MiddleStump,None,BackFoot,Pushed,NoMovement,Over,Medium,Left,Null,NotReferred,Null,False,False,False,False,False,True,False,False,True,False,False,False,0,0,0,0,0,False,False,Extra Cover,,,,,,
1642185,4,3.25,0,0,0,13,0,0,76398,,40955,Namibia v South Africa ODIs 2026 - Men,1,21,South Africa Men,753,Namibia Men,8778376,2026-09-09T07:46:42Z,4,23,False,3198,JJ Smit,10075,Connor Esterhuizen,8315,Jordan Hermann,162.0,56.0,Right,0,0,0,0,BackOfALength,OffStump,None,DownTheTrack,Pushed,AwaySwinger,Over,Medium,Left,Null,NotReferred,Null,False,False,False,False,False,True,False,False,True,False,False,False,0,0,0,0,0,False,False,Backward Point,,,,,,
1642185,4,3.25,0,0,0,13,0,0,76398,,40955,Namibia v South Africa ODIs 2026 - Men,1,21,South Africa Men,753,Namibia Men,8778377,2026-09-09T07:47:16Z,5,24,False,3198,JJ Smit,10075,Connor Esterhuizen,8315,Jordan Hermann,161.0,39.0,Right,0,0,0,0,LengthBall,LegStump,HitBody,BackFoot,Flick,AwaySwinger,Over,Medium,Left,Null,NotReferred,Null,False,False,False,False,False,True,False,False,True,False,False,False,0,0,0,0,0,False,False,Backward Point,,,,,,
1642185,4,3.25,0,0,0,13,0,0,76398,,40955,Namibia v South Africa ODIs 2026 - Men,1,21,South Africa Men,753,Namibia Men,8778378,2026-09-09T07:47:50Z,6,25,False,3198,JJ Smit,10075,Connor Esterhuizen,8315,Jordan Hermann,301.0,43.0,Right,0,0,0,0,BackOfALength,MiddleStump,None,BackFoot,BackwardDefensive,AwaySwinger,Over,Medium,Left,Null,NotReferred,Null,False,False,False,False,False,True,False,False,True,False,False,False,0,0,0,0,0,False,False,Mid Wicket,,,,,,
1642186,5,3.6,5,0,0,18,0,5,76398,,40955,Namibia v South Africa ODIs 2026 - Men,1,21,South Africa Men,753,Namibia Men,8778379,2026-09-09T07:48:43Z,1,26,False,8249,Ruben Trumpelmann,8315,Jordan Hermann,10075,Connor Esterhuizen,352.0,51.0,Left,0,0,0,0,LengthBall,OutsideOff,None,FrontFoot,Pushed,NoMovement,Over,Medium,Left,Null,NotReferred,Null,False,False,False,False,False,True,False,False,True,False,False,False,0,0,0,0,0,False,False,Cover,,,,,,
1642186,5,3.6,5,0,0,18,0,5,76398,,40955,Namibia v South Africa ODIs 2026 - Men,1,21,South Africa Men,753,Namibia Men,8778380,2026-09-09T07:49:15Z,2,27,False,8249,Ruben Trumpelmann,8315,Jordan Hermann,10075,Connor Esterhuizen,215.0,53.0,Left,0,0,0,0,BackOfALength,OutsideOff,None,BackFoot,Worked,NoMovement,Over,Medium,Left,Null,NotReferred,Null,False,False,False,False,False,True,False,False,True,False,False,False,0,0,0,0,0,False,False,Mid Wicket,,,,,,
1642186,5,3.6,5,0,0,18,0,5,76398,,40955,Namibia v South Africa ODIs 2026 - Men,1,21,South Africa Men,753,Namibia Men,8778381,2026-09-09T07:49:54Z,3,28,False,8249,Ruben Trumpelmann,8315,Jordan Hermann,10075,Connor Esterhuizen,95.0,160.0,Left,4,0,4,4,Short,OffStump,TopEdge,BackFoot,Pull,NoMovement,Over,Medium,Left,Null,NotReferred,Null,False,False,False,False,False,True,False,False,True,False,False,False,4,0,0,0,0,True,True,,,,,,,
1642186,5,3.6,5,0,0,18,0,5,76398,,40955,Namibia v South Africa ODIs 2026 - Men,1,21,South Africa Men,753,Namibia Men,8778382,2026-09-09T07:50:48Z,4,29,False,8249,Ruben Trumpelmann,8315,Jordan Hermann,10075,Connor Esterhuizen,312.0,69.0,Left,1,0,1,1,BackOfALength,OutsideOff,None,BackFoot,Drive,NoMovement,Over,Medium,Left,Null,NotReferred,Null,False,False,False,False,False,True,False,False,True,False,False,False,1,0,0,0,0,False,False,Extra Cover,,,,,,
1642186,5,3.6,5,0,0,18,0,5,76398,,40955,Namibia v South Africa ODIs 2026 - Men,1,21,South Africa Men,753,Namibia Men,8778383,2026-09-09T07:51:31Z,5,30,False,8249,Ruben Trumpelmann,10075,Connor Esterhuizen,8315,Jordan Hermann,252.0,76.0,Right,0,0,0,0,BackOfALength,OffStump,None,FrontFoot,Drive,NoMovement,Over,Medium,Left,Null,NotReferred,Null,False,False,False,False,False,True,False,False,True,False,False,False,0,0,0,0,0,False,False,Mid Off,,,,,,
1642186,5,3.6,5,0,0,18,0,5,76398,,40955,Namibia v South Africa ODIs 2026 - Men,1,21,South Africa Men,753,Namibia Men,8778384,2026-09-09T07:52:09Z,6,31,False,8249,Ruben Trumpelmann,10075,Connor Esterhuizen,8315,Jordan Hermann,188.0,54.0,Right,0,0,0,0,LengthBall,OutsideOff,None,FrontFoot,Pushed,NoMovement,Over,Medium,Left,Null,NotReferred,Null,False,False,False,False,False,True,False,False,True,False,False,False,0,0,0,0,0,False,False,Point,,,,,,
1642187,6,3.83,5,0,0,23,0,5,76398,,40955,Namibia v South Africa ODIs 2026 - Men,1,21,South Africa Men,753,Namibia Men,8778385,2026-09-09T07:53:04Z,1,32,False,3198,JJ Smit,8315,Jordan Hermann,10075,Connor Esterhuizen,,,Left,0,0,0,0,BackOfALength,OutsideOff,Missed,BackFoot,BackwardDefensive,AwaySwinger,Over,Medium,Left,Null,NotReferred,Null,False,False,False,False,False,True,False,False,True,False,False,False,0,0,0,0,0,False,False,Wicketkeeper,,,,,,
1642187,6,3.83,5,0,0,23,0,5,76398,,40955,Namibia v South Africa ODIs 2026 - Men,1,21,South Africa Men,753,Namibia Men,8778386,2026-09-09T07:53:36Z,2,33,False,3198,JJ Smit,8315,Jordan Hermann,10075,Connor Esterhuizen,167.0,168.0,Left,4,0,4,4,BackOfALength,OutsideOff,WellTimed,BackFoot,Pull,NoMovement,Over,Medium,Left,Null,NotReferred,Null,False,False,False,False,False,True,False,False,True,False,False,False,4,0,0,0,0,True,False,,,,,,,
1642187,6,3.83,5,0,0,23,0,5,76398,,40955,Namibia v South Africa ODIs 2026 - Men,1,21,South Africa Men,753,Namibia Men,8778387,2026-09-09T07:54:12Z,3,34,False,3198,JJ Smit,8315,Jordan Hermann,10075,Connor Esterhuizen,321.0,52.0,Left,0,0,0,0,LengthBall,OutsideOff,None,FrontFoot,Pushed,NoMovement,Over,Medium,Left,Null,NotReferred,Null,False,False,False,False,False,True,False,False,True,False,False,False,0,0,0,0,0,False,False,Extra Cover,,,,,,
1642187,6,3.83,5,0,0,23,0,5,76398,,40955,Namibia v South Africa ODIs 2026 - Men,1,21,South Africa Men,753,Namibia Men,8778388,2026-09-09T07:54:48Z,4,35,False,3198,JJ Smit,8315,Jordan Hermann,10075,Connor Esterhuizen,,,Left,0,0,0,0,LengthBall,OutsideOff,Missed,FrontFoot,Drive,NoMovement,Over,Medium,Left,Null,NotReferred,Null,False,False,False,False,False,True,False,False,True,False,False,False,0,0,0,0,0,False,False,Wicketkeeper,,,,,,
1642187,6,3.83,5,0,0,23,0,5,76398,,40955,Namibia v South Africa ODIs 2026 - Men,1,21,South Africa Men,753,Namibia Men,8778389,2026-09-09T07:55:24Z,5,36,False,3198,JJ Smit,8315,Jordan Hermann,10075,Connor Esterhuizen,,,Left,1,1,1,0,LengthBall,DownLeg,PlayAndMissLegSide,FrontFoot,Glance,NoMovement,Over,Medium,Left,Null,NotReferred,Null,True,False,False,False,False,True,False,False,True,False,False,False,1,0,1,0,0,False,False,Wicketkeeper,,,,,,
1642187,6,3.83,5,0,0,23,0,5,76398,,40955,Namibia v South Africa ODIs 2026 - Men,1,21,South Africa Men,753,Namibia Men,8778390,2026-09-09T07:55:57Z,5,37,False,3198,JJ Smit,8315,Jordan Hermann,10075,Connor Esterhuizen,315.0,38.0,Left,0,0,0,0,LengthBall,OutsideOff,None,FrontFoot,ForwardDefensive,InSwinger,Over,Medium,Left,Null,NotReferred,Null,False,False,False,False,False,True,False,False,True,False,False,False,0,0,0,0,0,False,False,Extra Cover,,,,,,
1642187,6,3.83,5,0,0,23,0,5,76398,,40955,Namibia v South Africa ODIs 2026 - Men,1,21,South Africa Men,753,Namibia Men,8778391,2026-09-09T07:56:37Z,6,38,False,3198,JJ Smit,8315,Jordan Hermann,10075,Connor Esterhuizen,290.0,77.0,Left,0,0,0,0,HalfVolley,OutsideOff,None,FrontFoot,Drive,NoMovement,Over,Medium,Left,Null,NotReferred,Null,False,False,False,False,False,True,False,False,True,False,False,False,0,0,0,0,0,False,False,Mid Off,,,,,,
1642188,7,3.86,4,1,0,27,1,4,76398,,40955,Namibia v South Africa ODIs 2026 - Men,1,21,South Africa Men,753,Namibia Men,8778392,2026-09-09T07:57:29Z,1,39,False,8249,Ruben Trumpelmann,10075,Connor Esterhuizen,8315,Jordan Hermann,219.0,134.0,Right,2,0,2,2,LengthBall,OutsideOff,None,FrontFoot,Drive,NoMovement,Over,Medium,Left,Null,NotReferred,Null,False,False,False,False,False,True,False,False,True,False,False,False,2,0,0,0,0,False,False,Deep Extra Cover,,,,,,
1642188,7,3.86,4,1,0,27,1,4,76398,,40955,Namibia v South Africa ODIs 2026 - Men,1,21,South Africa Men,753,Namibia Men,8778393,2026-09-09T07:58:15Z,2,40,False,8249,Ruben Trumpelmann,10075,Connor Esterhuizen,8315,Jordan Hermann,214.0,46.0,Right,0,0,0,0,BackOfALength,OffStump,None,BackFoot,BackwardDefensive,NoMovement,Over,Medium,Left,Null,NotReferred,Null,False,False,False,False,False,True,False,False,True,False,False,False,0,0,0,0,0,False,False,Short Extra Cover,,,,,,
1642188,7,3.86,4,1,0,27,1,4,76398,,40955,Namibia v South Africa ODIs 2026 - Men,1,21,South Africa Men,753,Namibia Men,8778394,2026-09-09T07:58:48Z,3,41,False,8249,Ruben Trumpelmann,10075,Connor Esterhuizen,8315,Jordan Hermann,321.0,122.0,Right,2,0,2,2,BackOfALength,MiddleStump,None,BackFoot,Worked,NoMovement,Over,Medium,Left,Null,NotReferred,Null,False,False,False,False,False,True,False,False,True,False,False,False,2,0,0,0,0,False,False,Deep Mid Wicket,,,,,,
1642188,7,3.86,4,1,0,27,1,4,76398,,40955,Namibia v South Africa ODIs 2026 - Men,1,21,South Africa Men,753,Namibia Men,8778395,2026-09-09T07:59:31Z,4,42,True,8249,Ruben Trumpelmann,10075,Connor Esterhuizen,8315,Jordan Hermann,27.0,133.0,Right,0,0,0,0,Short,OutsideOff,MisTimed,BackFoot,Pull,NoMovement,Round,Medium,Left,Null,NotReferred,Null,False,False,False,False,False,True,False,False,True,False,False,False,0,0,0,0,0,False,True,Deep Backward Square Leg,Caught,10075.0,Connor Esterhuizen,Caught,Caught,1960.0
1642188,7,3.86,4,1,0,27,1,4,76398,,40955,Namibia v South Africa ODIs 2026 - Men,1,21,South Africa Men,753,Namibia Men,8778396,2026-09-09T08:01:30Z,5,43,False,8249,Ruben Trumpelmann,2623,Tony de Zorzi,8315,Jordan Hermann,219.0,44.0,Left,0,0,0,0,LengthBall,LegStump,None,FrontFoot,Worked,NoMovement,Over,Medium,Left,Null,NotReferred,Null,False,False,False,False,False,True,False,False,True,False,False,False,0,0,0,0,0,False,False,Mid Wicket,,,,,,
1642188,7,3.86,4,1,0,27,1,4,76398,,40955,Namibia v South Africa ODIs 2026 - Men,1,21,South Africa Men,753,Namibia Men,8778397,2026-09-09T08:02:02Z,6,44,False,8249,Ruben Trumpelmann,2623,Tony de Zorzi,8315,Jordan Hermann,,,Left,0,0,0,0,BackOfALength,OutsideOff,Left,BackFoot,Leave,NoMovement,Over,Medium,Left,Null,NotReferred,Null,False,False,False,False,False,True,False,False,True,False,False,False,0,0,0,0,0,False,False,Wicketkeeper,,,,,,
1642189,8,3.62,2,0,0,29,1,2,76398,,40955,Namibia v South Africa ODIs 2026 - Men,1,21,South Africa Men,753,Namibia Men,8778398,2026-09-09T08:03:00Z,1,45,False,3198,JJ Smit,8315,Jordan Hermann,2623,Tony de Zorzi,256.0,23.0,Left,0,0,0,0,LengthBall,OffStump,None,BackFoot,BackwardDefensive,AwaySwinger,Over,Medium,Left,Null,NotReferred,Null,False,False,False,False,False,True,False,False,True,False,False,False,0,0,0,0,0,False,False,Mid On,,,,,,
1642189,8,3.62,2,0,0,29,1,2,76398,,40955,Namibia v South Africa ODIs 2026 - Men,1,21,South Africa Men,753,Namibia Men,8778399,2026-09-09T08:03:31Z,2,46,False,3198,JJ Smit,8315,Jordan Hermann,2623,Tony de Zorzi,197.0,59.0,Left,1,0,1,1,BackOfALength,OutsideOff,None,BackFoot,Worked,NoMovement,Over,Medium,Left,Null,NotReferred,Null,False,False,False,False,False,True,False,False,True,False,False,False,1,0,0,0,0,False,False,Square Leg,,,,,,
1642189,8,3.62,2,0,0,29,1,2,76398,,40955,Namibia v South Africa ODIs 2026 - Men,1,21,South Africa Men,753,Namibia Men,8778400,2026-09-09T08:04:23Z,3,47,False,3198,JJ Smit,2623,Tony de Zorzi,8315,Jordan Hermann,329.0,66.0,Left,0,0,0,0,HalfVolley,OutsideOff,None,FrontFoot,Drive,NoMovement,Over,Medium,Left,Null,NotReferred,Null,False,False,False,False,False,True,False,False,True,False,False,False,0,0,0,0,0,False,False,Extra Cover,,,,,,
1642189,8,3.62,2,0,0,29,1,2,76398,,40955,Namibia v South Africa ODIs 2026 - Men,1,21,South Africa Men,753,Namibia Men,8778401,2026-09-09T08:05:01Z,4,48,False,3198,JJ Smit,2623,Tony de Zorzi,8315,Jordan Hermann,,,Left,0,0,0,0,LengthBall,OutsideOff,ShouldersArms,FrontFoot,ShouldersArms,AwaySwinger,Over,Medium,Left,Null,NotReferred,Null,False,False,False,False,False,True,False,False,True,False,False,False,0,0,0,0,0,False,False,Wicketkeeper,,,,,,
1642189,8,3.62,2,0,0,29,1,2,76398,,40955,Namibia v South Africa ODIs 2026 - Men,1,21,South Africa Men,753,Namibia Men,8778402,2026-09-09T08:05:38Z,5,49,False,3198,JJ Smit,2623,Tony de Zorzi,8315,Jordan Hermann,356.0,62.0,Left,1,0,1,1,LengthBall,OutsideOff,None,BackFoot,Drive,NoMovement,Over,Medium,Left,Null,NotReferred,Null,False,False,False,False,False,True,False,False,True,False,False,False,1,0,0,0,0,False,False,Point,,,,,,
1642189,8,3.62,2,0,0,29,1,2,76398,,40955,Namibia v South Africa ODIs 2026 - Men,1,21,South Africa Men,753,Namibia Men,8778403,2026-09-09T08:06:13Z,6,50,False,3198,JJ Smit,8315,Jordan Hermann,2623,Tony de Zorzi,334.0,11.0,Left,0,0,0,0,BackOfALength,OutsideOff,HitBody,BackFoot,Pull,NoMovement,Over,Medium,Left,Null,NotReferred,Null,False,False,False,False,False,True,False,False,True,False,False,False,0,0,0,0,0,False,False,Cover,,,,,,
1642190,9,3.67,4,0,0,33,1,4,76398,,40955,Namibia v South Africa ODIs 2026 - Men,1,21,South Africa Men,753,Namibia Men,8778404,2026-09-09T08:07:13Z,1,51,False,8249,Ruben Trumpelmann,2623,Tony de Zorzi,8315,Jordan Hermann,321.0,54.0,Left,0,0,0,0,LengthBall,OutsideOff,None,FrontFoot,ForwardDefensive,NoMovement,Over,Medium,Left,Null,NotReferred,Null,False,False,False,False,False,True,False,False,True,False,False,False,0,0,0,0,0,False,False,Extra Cover,,,,,,
1642190,9,3.67,4,0,0,33,1,4,76398,,40955,Namibia v South Africa ODIs 2026 - Men,1,21,South Africa Men,753,Namibia Men,8778405,2026-09-09T08:07:46Z,2,52,False,8249,Ruben Trumpelmann,2623,Tony de Zorzi,8315,Jordan Hermann,22.0,131.0,Left,1,0,1,1,LengthBall,OutsideOff,None,FrontFoot,Drive,SeamAway,Over,Medium,Left,Null,NotReferred,Null,False,False,False,False,False,True,False,False,True,False,False,False,1,0,0,0,0,False,False,Deep Backward Point,,,,,,
1642190,9,3.67,4,0,0,33,1,4,76398,,40955,Namibia v South Africa ODIs 2026 - Men,1,21,South Africa Men,753,Namibia Men,8778406,2026-09-09T08:08:21Z,3,53,False,8249,Ruben Trumpelmann,8315,Jordan Hermann,2623,Tony de Zorzi,,,Left,0,0,0,0,BackOfALength,OutsideOff,Left,FrontFoot,Leave,NoMovement,Over,Medium,Left,Null,NotReferred,Null,False,False,False,False,False,True,False,False,True,False,False,False,0,0,0,0,0,False,False,Wicketkeeper,,,,,,
1642190,9,3.67,4,0,0,33,1,4,76398,,40955,Namibia v South Africa ODIs 2026 - Men,1,21,South Africa Men,753,Namibia Men,8778407,2026-09-09T08:08:55Z,4,54,False,8249,Ruben Trumpelmann,8315,Jordan Hermann,2623,Tony de Zorzi,320.0,59.0,Left,0,0,0,0,LengthBall,OutsideOff,MisTimed,FrontFoot,Drive,NoMovement,Over,Medium,Left,Null,NotReferred,Null,False,False,False,False,False,True,False,False,True,False,False,False,0,0,0,0,0,False,False,Extra Cover,,,,,,
1642190,9,3.67,4,0,0,33,1,4,76398,,40955,Namibia v South Africa ODIs 2026 - Men,1,21,South Africa Men,753,Namibia Men,8778408,2026-09-09T08:09:29Z,5,55,False,8249,Ruben Trumpelmann,8315,Jordan Hermann,2623,Tony de Zorzi,336.0,137.0,Left,3,0,3,3,BackOfALength,OutsideOff,None,BackFoot,Drive,NoMovement,Over,Medium,Left,Null,NotReferred,Null,False,False,False,False,False,True,False,False,True,False,False,False,3,0,0,0,0,False,False,Deep Cover,,,,,,
1642190,9,3.67,4,0,0,33,1,4,76398,,40955,Namibia v South Africa ODIs 2026 - Men,1,21,South Africa Men,753,Namibia Men,8778409,2026-09-09T08:10:14Z,6,56,False,8249,Ruben Trumpelmann,2623,Tony de Zorzi,8315,Jordan Hermann,256.0,62.0,Left,0,0,0,0,LengthBall,OutsideOff,MisTimed,FrontFoot,Pushed,NoMovement,Over,Medium,Left,Null,NotReferred,Null,False,False,False,False,False,True,False,False,True,False,False,False,0,0,0,0,0,False,False,Mid On,,,,,,
1642191,10,3.8,5,0,0,38,1,5,76398,,40955,Namibia v South Africa ODIs 2026 - Men,1,21,South Africa Men,753,Namibia Men,8778410,2026-09-09T08:11:38Z,1,57,False,3198,JJ Smit,8315,Jordan Hermann,2623,Tony de Zorzi,35.0,130.0,Left,1,0,1,1,LengthBall,OutsideOff,ThickEdge,FrontFoot,Pushed,NoMovement,Over,Medium,Left,Null,NotReferred,Null,False,False,False,False,False,True,False,False,True,False,False,False,1,0,0,0,0,False,False,Third Man,,,,,,
1642191,10,3.8,5,0,0,38,1,5,76398,,40955,Namibia v South Africa ODIs 2026 - Men,1,21,South Africa Men,753,Namibia Men,8778411,2026-09-09T08:12:13Z,2,58,False,3198,JJ Smit,2623,Tony de Zorzi,8315,Jordan Hermann,65.0,161.0,Left,4,0,4,4,LengthBall,OutsideOff,OutsideEdge,FrontFoot,Drive,NoMovement,Over,Medium,Left,Null,NotReferred,Null,False,False,False,False,False,True,False,False,True,False,False,False,4,0,0,0,0,True,False,Third Man,,,,,,
1642191,10,3.8,5,0,0,38,1,5,76398,,40955,Namibia v South Africa ODIs 2026 - Men,1,21,South Africa Men,753,Namibia Men,8778412,2026-09-09T08:12:58Z,3,59,False,3198,JJ Smit,2623,Tony de Zorzi,8315,Jordan Hermann,,,Left,0,0,0,0,BackOfALength,MiddleStump,PlayAndMissLegSide,BackFoot,Glance,NoMovement,Over,Medium,Left,Null,NotReferred,Null,False,False,False,False,False,True,False,False,True,False,False,False,0,0,0,0,0,False,False,Wicketkeeper,,,,,,
1642191,10,3.8,5,0,0,38,1,5,76398,,40955,Namibia v South Africa ODIs 2026 - Men,1,21,South Africa Men,753,Namibia Men,8778413,2026-09-09T08:13:33Z,4,60,False,3198,JJ Smit,2623,Tony de Zorzi,8315,Jordan Hermann,,,Left,0,0,0,0,LengthBall,OutsideOff,None,FrontFoot,ForwardDefensive,NoMovement,Over,Medium,Left,Null,NotReferred,Null,False,False,False,False,False,True,False,False,True,False,False,False,0,0,0,0,0,False,False,Bowler,,,,,,
1642191,10,3.8,5,0,0,38,1,5,76398,,40955,Namibia v South Africa ODIs 2026 - Men,1,21,South Africa Men,753,Namibia Men,8778414,2026-09-09T08:14:06Z,5,61,False,3198,JJ Smit,2623,Tony de Zorzi,8315,Jordan Hermann,242.0,43.0,Left,0,0,0,0,LengthBall,OutsideOff,None,FrontFoot,ForwardDefensive,NoMovement,Over,Medium,Left,Null,NotReferred,Null,False,False,False,False,False,True,False,False,True,False,False,False,0,0,0,0,0,False,False,Mid On,,,,,,
1642191,10,3.8,5,0,0,38,1,5,76398,,40955,Namibia v South Africa ODIs 2026 - Men,1,21,South Africa Men,753,Namibia Men,8778415,2026-09-09T08:14:42Z,6,62,False,3198,JJ Smit,2623,Tony de Zorzi,8315,Jordan Hermann,293.0,70.0,Left,0,0,0,0,HalfVolley,OutsideOff,None,FrontFoot,Drive,NoMovement,Over,Medium,Left,Null,NotReferred,Null,False,False,False,False,False,True,False,False,True,False,False,False,0,0,0,0,0,False,False,Mid Off,,,,,,
1642192,11,3.64,2,0,0,40,1,2,76398,,40955,Namibia v South Africa ODIs 2026 - Men,1,21,South Africa Men,753,Namibia Men,8778416,2026-09-09T08:15:48Z,1,63,False,14575,Jack Brassell,8315,Jordan Hermann,2623,Tony de Zorzi,123.0,128.0,Left,1,0,1,1,BackOfALength,DownLeg,None,BackFoot,Glance,NoMovement,Over,Medium,Right,Null,NotReferred,Null,False,False,False,False,False,True,False,False,True,False,False,False,1,0,0,0,0,False,False,Fine Leg,,,,,,
1642192,11,3.64,2,0,0,40,1,2,76398,,40955,Namibia v South Africa ODIs 2026 - Men,1,21,South Africa Men,753,Namibia Men,8778417,2026-09-09T08:16:20Z,2,64,False,14575,Jack Brassell,2623,Tony de Zorzi,8315,Jordan Hermann,,,Left,0,0,0,0,LengthBall,LegStump,Missed,FrontFoot,ForwardDefensive,InSwinger,Over,Medium,Right,Null,NotReferred,Null,False,False,False,False,False,True,False,False,True,False,False,False,0,0,0,0,0,False,False,Wicketkeeper,,,,,,
1642192,11,3.64,2,0,0,40,1,2,76398,,40955,Namibia v South Africa ODIs 2026 - Men,1,21,South Africa Men,753,Namibia Men,8778418,2026-09-09T08:16:59Z,3,65,False,14575,Jack Brassell,2623,Tony de Zorzi,8315,Jordan Hermann,306.0,45.0,Left,0,0,0,0,LengthBall,LegStump,None,FrontFoot,ForwardDefensive,NoMovement,Over,Medium,Right,Null,NotReferred,Null,False,False,False,False,False,True,False,False,True,False,False,False,0,0,0,0,0,False,False,Extra Cover,,,,,,
1642192,11,3.64,2,0,0,40,1,2,76398,,40955,Namibia v South Africa ODIs 2026 - Men,1,21,South Africa Men,753,Namibia Men,8778419,2026-09-09T08:17:33Z,4,66,False,14575,Jack Brassell,2623,Tony de Zorzi,8315,Jordan Hermann,307.0,47.0,Left,0,0,0,0,HalfVolley,OffStump,None,FrontFoot,Pushed,NoMovement,Over,Medium,Right,Null,NotReferred,Null,False,False,False,False,False,True,False,False,True,False,False,False,0,0,0,0,0,False,False,Extra Cover,,,,,,
1642192,11,3.64,2,0,0,40,1,2,76398,,40955,Namibia v South Africa ODIs 2026 - Men,1,21,South Africa Men,753,Namibia Men,8778420,2026-09-09T08:18:04Z,5,67,False,14575,Jack Brassell,2623,Tony de Zorzi,8315,Jordan Hermann,50.0,42.0,Left,0,0,0,0,LengthBall,DownLeg,HitPad,DownTheTrack,Worked,NoMovement,Over,Medium,Right,Null,NotReferred,Null,False,False,False,False,False,True,False,False,True,False,False,False,0,0,0,0,0,False,False,Gully,,,,,,
1642192,11,3.64,2,0,0,40,1,2,76398,,40955,Namibia v South Africa ODIs 2026 - Men,1,21,South Africa Men,753,Namibia Men,8778421,2026-09-09T08:18:36Z,6,68,False,14575,Jack Brassell,2623,Tony de Zorzi,8315,Jordan Hermann,330.0,41.0,Left,1,0,1,1,BackOfALength,DownLeg,None,BackFoot,Dropped,NoMovement,Over,Medium,Right,Null,NotReferred,Null,False,False,False,False,False,True,False,False,True,False,False,False,1,0,0,0,0,False,False,Extra Cover,,,,,,
1642193,12,4.25,11,0,0,51,1,11,76398,,40955,Namibia v South Africa ODIs 2026 - Men,1,21,South Africa Men,753,Namibia Men,8778422,2026-09-09T08:19:45Z,1,69,False,3501,Gerhard Erasmus,2623,Tony de Zorzi,8315,Jordan Hermann,244.0,55.0,Left,0,0,0,0,BackOfALength,OutsideOff,None,BackFoot,Worked,OffBreak,Round,OffSpin,Right,Null,NotReferred,Null,False,False,False,False,False,True,False,False,True,False,False,False,0,0,0,0,0,False,False,Mid On,,,,,,
1642193,12,4.25,11,0,0,51,1,11,76398,,40955,Namibia v South Africa ODIs 2026 - Men,1,21,South Africa Men,753,Namibia Men,8778423,2026-09-09T08:20:01Z,2,70,False,3501,Gerhard Erasmus,2623,Tony de Zorzi,8315,Jordan Hermann,354.0,123.0,Left,1,0,1,1,BackOfALength,OutsideOff,None,BackFoot,Cut,OffBreak,Round,OffSpin,Right,Null,NotReferred,Null,False,False,False,False,False,True,False,False,True,False,False,False,1,0,0,0,0,False,False,Deep Cover,,,,,,
1642193,12,4.25,11,0,0,51,1,11,76398,,40955,Namibia v South Africa ODIs 2026 - Men,1,21,South Africa Men,753,Namibia Men,8778424,2026-09-09T08:20:25Z,3,71,False,3501,Gerhard Erasmus,8315,Jordan Hermann,2623,Tony de Zorzi,294.0,133.0,Left,1,0,1,1,Yorker,MiddleStump,None,FrontFoot,Drive,OffBreak,Round,OffSpin,Right,Null,NotReferred,Null,False,False,False,False,False,True,False,False,True,False,False,False,1,0,0,0,0,False,False,Long Off,,,,,,
1642193,12,4.25,11,0,0,51,1,11,76398,,40955,Namibia v South Africa ODIs 2026 - Men,1,21,South Africa Men,753,Namibia Men,8778425,2026-09-09T08:20:47Z,4,72,False,3501,Gerhard Erasmus,2623,Tony de Zorzi,8315,Jordan Hermann,214.0,176.0,Left,6,0,6,6,LengthBall,MiddleStump,Middled,FrontFoot,SlogSweep,OffBreak,Round,OffSpin,Right,Null,NotReferred,Null,False,False,False,False,True,True,False,False,True,False,False,False,6,0,0,0,0,True,False,,,,,,,
1642193,12,4.25,11,0,0,51,1,11,76398,,40955,Namibia v South Africa ODIs 2026 - Men,1,21,South Africa Men,753,Namibia Men,8778426,2026-09-09T08:21:39Z,5,73,False,3501,Gerhard Erasmus,2623,Tony de Zorzi,8315,Jordan Hermann,253.0,122.0,Left,1,0,1,1,HalfVolley,OutsideOff,None,FrontFoot,Worked,OffBreak,Round,OffSpin,Right,Null,NotReferred,Null,False,False,False,False,False,True,False,False,True,False,False,False,1,0,0,0,0,False,False,Long On,,,,,,
1642193,12,4.25,11,0,0,51,1,11,76398,,40955,Namibia v South Africa ODIs 2026 - Men,1,21,South Africa Men,753,Namibia Men,8778427,2026-09-09T08:22:04Z,6,74,False,3501,Gerhard Erasmus,8315,Jordan Hermann,2623,Tony de Zorzi,195.0,125.0,Left,2,0,2,2,HalfVolley,MiddleStump,None,FrontFoot,Worked,OffBreak,Round,OffSpin,Right,Null,NotReferred,Null,False,False,False,False,False,True,False,False,True,False,False,False,2,0,0,0,0,False,False,Deep Square Leg,,,,,,
1642194,13,4.46,7,0,0,58,1,7,76398,,40955,Namibia v South Africa ODIs 2026 - Men,1,21,South Africa Men,753,Namibia Men,8778428,2026-09-09T08:22:56Z,1,75,False,14575,Jack Brassell,2623,Tony de Zorzi,8315,Jordan Hermann,65.0,161.0,Left,4,0,4,4,HalfVolley,OffStump,OutsideEdge,FrontFoot,Drive,NoMovement,Over,Medium,Right,Null,NotReferred,Null,False,False,False,False,False,True,False,False,True,False,False,False,4,0,0,0,0,True,True,,,,,,,
1642194,13,4.46,7,0,0,58,1,7,76398,,40955,Namibia v South Africa ODIs 2026 - Men,1,21,South Africa Men,753,Namibia Men,8778429,2026-09-09T08:23:35Z,2,76,False,14575,Jack Brassell,2623,Tony de Zorzi,8315,Jordan Hermann,212.0,43.0,Left,0,0,0,0,LengthBall,LegStump,None,FrontFoot,Worked,NoMovement,Over,Medium,Right,Null,NotReferred,Null,False,False,False,False,False,True,False,False,True,False,False,False,0,0,0,0,0,False,False,Mid Wicket,,,,,,
1642194,13,4.46,7,0,0,58,1,7,76398,,40955,Namibia v South Africa ODIs 2026 - Men,1,21,South Africa Men,753,Namibia Men,8778430,2026-09-09T08:24:05Z,3,77,False,14575,Jack Brassell,2623,Tony de Zorzi,8315,Jordan Hermann,331.0,66.0,Left,0,0,0,0,BackOfALength,MiddleStump,None,FrontFoot,Drive,NoMovement,Over,Medium,Right,Null,NotReferred,Null,False,False,False,False,False,True,False,False,True,False,False,False,0,0,0,0,0,False,False,Cover,,,,,,
1642194,13,4.46,7,0,0,58,1,7,76398,,40955,Namibia v South Africa ODIs 2026 - Men,1,21,South Africa Men,753,Namibia Men,8778431,2026-09-09T08:24:34Z,4,78,False,14575,Jack Brassell,2623,Tony de Zorzi,8315,Jordan Hermann,214.0,55.0,Left,1,0,1,1,LengthBall,LegStump,None,FrontFoot,Dropped,NoMovement,Over,Medium,Right,Null,NotReferred,Null,False,False,False,False,False,True,False,False,True,False,False,False,1,0,0,0,0,False,False,Mid Wicket,,,,,,
1642194,13,4.46,7,0,0,58,1,7,76398,,40955,Namibia v South Africa ODIs 2026 - Men,1,21,South Africa Men,753,Namibia Men,8778432,2026-09-09T08:25:14Z,5,79,False,14575,Jack Brassell,8315,Jordan Hermann,2623,Tony de Zorzi,214.0,19.0,Left,1,0,1,1,LengthBall,LegStump,MisTimed,FrontFoot,Dropped,NoMovement,Over,Medium,Right,Null,NotReferred,Null,False,False,False,False,False,True,False,False,True,False,False,False,1,0,0,0,0,False,False,Short Leg,,,,,,
1642194,13,4.46,7,0,0,58,1,7,76398,,40955,Namibia v South Africa ODIs 2026 - Men,1,21,South Africa Men,753,Namibia Men,8778433,2026-09-09T08:26:30Z,6,80,False,14575,Jack Brassell,2623,Tony de Zorzi,8315,Jordan Hermann,202.0,87.0,Left,1,0,1,1,BackOfALength,DownLeg,None,BackFoot,Worked,NoMovement,Over,Medium,Right,Null,NotReferred,Null,False,False,False,False,False,True,False,False,True,False,False,False,1,0,0,0,0,False,False,Square Leg,,,,,,
1642195,14,4.64,7,0,0,65,1,7,76398,,40955,Namibia v South Africa ODIs 2026 - Men,1,21,South Africa Men,753,Namibia Men,8778434,2026-09-09T08:27:40Z,1,81,False,17272,Max Heingo,2623,Tony de Zorzi,8315,Jordan Hermann,343.0,39.0,Left,0,0,0,0,Short,MiddleStump,None,BackFoot,BackwardDefensive,InSwinger,Over,Medium,Right,Null,NotReferred,Null,False,False,False,False,False,True,False,False,True,False,False,False,0,0,0,0,0,False,False,Cover,,,,,,
1642195,14,4.64,7,0,0,65,1,7,76398,,40955,Namibia v South Africa ODIs 2026 - Men,1,21,South Africa Men,753,Namibia Men,8778435,2026-09-09T08:28:10Z,2,82,False,17272,Max Heingo,2623,Tony de Zorzi,8315,Jordan Hermann,348.0,17.0,Left,0,0,0,0,BackOfALength,DownLeg,HitPad,BackFoot,Worked,NoMovement,Over,Medium,Right,Null,NotReferred,Null,False,False,False,False,False,True,False,False,True,False,False,False,0,0,0,0,0,False,False,Cover,,,,,,
1642195,14,4.64,7,0,0,65,1,7,76398,,40955,Namibia v South Africa ODIs 2026 - Men,1,21,South Africa Men,753,Namibia Men,8778436,2026-09-09T08:28:41Z,3,83,False,17272,Max Heingo,2623,Tony de Zorzi,8315,Jordan Hermann,337.0,130.0,Left,1,0,1,1,LengthBall,OutsideOff,None,FrontFoot,Drive,NoMovement,Over,Medium,Right,Null,NotReferred,Null,False,False,False,False,False,True,False,False,True,False,False,False,1,0,0,0,0,False,False,Deep Cover,,,,,,
1642195,14,4.64,7,0,0,65,1,7,76398,,40955,Namibia v South Africa ODIs 2026 - Men,1,21,South Africa Men,753,Namibia Men,8778437,2026-09-09T08:29:17Z,4,84,False,17272,Max Heingo,8315,Jordan Hermann,2623,Tony de Zorzi,,,Left,1,1,1,0,LengthBall,DownLeg,PlayAndMissLegSide,FrontFoot,Flick,InSwinger,Over,Medium,Right,Null,NotReferred,Null,True,False,False,False,False,True,False,False,True,False,False,False,1,0,1,0,0,False,False,Wicketkeeper,,,,,,
1642195,14,4.64,7,0,0,65,1,7,76398,,40955,Namibia v South Africa ODIs 2026 - Men,1,21,South Africa Men,753,Namibia Men,8778438,2026-09-09T08:29:46Z,4,85,False,17272,Max Heingo,8315,Jordan Hermann,2623,Tony de Zorzi,223.0,60.0,Left,1,0,1,1,LengthBall,DownLeg,None,FrontFoot,ForwardDefensive,NoMovement,Over,Medium,Right,Null,NotReferred,Null,False,False,False,False,False,True,False,False,True,False,False,False,1,0,0,0,0,False,False,Mid Wicket,,,,,,
1642195,14,4.64,7,0,0,65,1,7,76398,,40955,Namibia v South Africa ODIs 2026 - Men,1,21,South Africa Men,753,Namibia Men,8778439,2026-09-09T08:30:17Z,5,86,False,17272,Max Heingo,2623,Tony de Zorzi,8315,Jordan Hermann,,,Left,0,0,0,0,BackOfALength,LegStump,MisTimed,BackFoot,Worked,NoMovement,Over,Medium,Right,Null,NotReferred,Null,False,False,False,False,False,True,False,False,True,False,False,False,0,0,0,0,0,False,False,Bowler,,,,,,
1642195,14,4.64,7,0,0,65,1,7,76398,,40955,Namibia v South Africa ODIs 2026 - Men,1,21,South Africa Men,753,Namibia Men,8778440,2026-09-09T08:30:49Z,6,87,False,17272,Max Heingo,2623,Tony de Zorzi,8315,Jordan Hermann,212.0,175.0,Left,4,0,4,4,BackOfALength,DownLeg,WellTimed,FrontFoot,Slog,NoMovement,Over,Medium,Right,Null,NotReferred,Null,False,False,False,False,True,True,False,False,True,False,False,False,4,0,0,0,0,True,False,,,,,,,
1642196,15,4.47,2,0,0,67,1,2,76398,,40955,Namibia v South Africa ODIs 2026 - Men,1,21,South Africa Men,753,Namibia Men,8778441,2026-09-09T08:31:45Z,1,88,False,14575,Jack Brassell,8315,Jordan Hermann,2623,Tony de Zorzi,125.0,121.0,Left,1,0,1,1,LengthBall,DownLeg,None,BackFoot,Flick,NoMovement,Over,Medium,Right,Null,NotReferred,Null,False,False,False,False,False,True,False,False,True,False,False,False,1,0,0,0,0,False,False,Fine Leg,,,,,,
1642196,15,4.47,2,0,0,67,1,2,76398,,40955,Namibia v South Africa ODIs 2026 - Men,1,21,South Africa Men,753,Namibia Men,8778442,2026-09-09T08:32:19Z,2,89,False,14575,Jack Brassell,2623,Tony de Zorzi,8315,Jordan Hermann,186.0,71.0,Left,0,1,1,0,BackOfALength,DownLeg,HitBody,BackFoot,Glance,NoMovement,Over,Medium,Right,Null,NotReferred,Null,False,False,False,True,False,True,False,False,True,False,False,False,1,0,0,1,0,False,False,Square Leg,,,,,,
1642196,15,4.47,2,0,0,67,1,2,76398,,40955,Namibia v South Africa ODIs 2026 - Men,1,21,South Africa Men,753,Namibia Men,8778443,2026-09-09T08:32:51Z,3,90,False,14575,Jack Brassell,8315,Jordan Hermann,2623,Tony de Zorzi,223.0,43.0,Left,0,0,0,0,LengthBall,LegStump,None,BackFoot,BackwardDefensive,NoMovement,Over,Medium,Right,Null,NotReferred,Null,False,False,False,False,False,True,False,False,True,False,False,False,0,0,0,0,0,False,False,Mid Wicket,,,,,,
1642196,15,4.47,2,0,0,67,1,2,76398,,40955,Namibia v South Africa ODIs 2026 - Men,1,21,South Africa Men,753,Namibia Men,8778444,2026-09-09T08:33:20Z,4,91,False,14575,Jack Brassell,8315,Jordan Hermann,2623,Tony de Zorzi,296.0,57.0,Left,0,0,0,0,HalfVolley,MiddleStump,MisTimed,FrontFoot,Drive,NoMovement,Over,Medium,Right,Null,NotReferred,Null,False,False,False,False,False,True,False,False,True,False,False,False,0,0,0,0,0,False,False,Mid Off,,,,,,
1642196,15,4.47,2,0,0,67,1,2,76398,,40955,Namibia v South Africa ODIs 2026 - Men,1,21,South Africa Men,753,Namibia Men,8778445,2026-09-09T08:33:52Z,5,92,False,14575,Jack Brassell,8315,Jordan Hermann,2623,Tony de Zorzi,,,Left,0,0,0,0,BackOfALength,DownLeg,HitBody,BackFoot,Pull,NoMovement,Over,Medium,Right,Null,NotReferred,Null,False,False,False,False,False,True,False,False,True,False,False,False,0,0,0,0,0,False,True,Wicketkeeper,,,,,,
1642196,15,4.47,2,0,0,67,1,2,76398,,40955,Namibia v South Africa ODIs 2026 - Men,1,21,South Africa Men,753,Namibia Men,8778446,2026-09-09T08:34:26Z,6,93,False,14575,Jack Brassell,8315,Jordan Hermann,2623,Tony de Zorzi,297.0,65.0,Left,0,0,0,0,LengthBall,DownLeg,None,BackFoot,BackwardDefensive,NoMovement,Over,Medium,Right,Null,NotReferred,Null,False,False,False,False,False,True,False,False,True,False,False,False,0,0,0,0,0,False,False,Mid Off,,,,,,
1642197,16,4.75,9,0,0,76,1,9,76398,,40955,Namibia v South Africa ODIs 2026 - Men,1,21,South Africa Men,753,Namibia Men,8778447,2026-09-09T08:35:14Z,1,94,False,17272,Max Heingo,2623,Tony de Zorzi,8315,Jordan Hermann,,,Left,1,1,1,0,HalfVolley,DownLeg,PlayAndMissLegSide,FrontFoot,Flick,NoMovement,Over,Medium,Right,Null,NotReferred,Null,True,False,False,False,False,True,False,False,True,False,False,False,1,0,1,0,0,False,False,Wicketkeeper,,,,,,
1642197,16,4.75,9,0,0,76,1,9,76398,,40955,Namibia v South Africa ODIs 2026 - Men,1,21,South Africa Men,753,Namibia Men,8778448,2026-09-09T08:35:39Z,1,95,False,17272,Max Heingo,2623,Tony de Zorzi,8315,Jordan Hermann,,,Left,1,1,1,0,LengthBall,DownLeg,PlayAndMissLegSide,FrontFoot,Flick,SeamIn,Over,Medium,Right,Null,NotReferred,1,False,True,False,False,False,True,False,False,True,False,False,False,1,0,0,0,1,False,False,Wicketkeeper,,,,,,
1642197,16,4.75,9,0,0,76,1,9,76398,,40955,Namibia v South Africa ODIs 2026 - Men,1,21,South Africa Men,753,Namibia Men,8778449,2026-09-09T08:36:55Z,1,96,False,17272,Max Heingo,2623,Tony de Zorzi,8315,Jordan Hermann,184.0,128.0,Left,1,0,1,1,BackOfALength,DownLeg,None,FrontFoot,Pull,OffCutter,Over,Medium,Right,Null,NotReferred,Null,False,False,False,False,True,True,True,False,True,False,False,False,1,0,0,0,0,False,False,Deep Square Leg,,,,,,
1642197,16,4.75,9,0,0,76,1,9,76398,,40955,Namibia v South Africa ODIs 2026 - Men,1,21,South Africa Men,753,Namibia Men,8778450,2026-09-09T08:37:58Z,2,97,False,17272,Max Heingo,8315,Jordan Hermann,2623,Tony de Zorzi,326.0,51.0,Left,0,0,0,0,LengthBall,OutsideOff,None,FrontFoot,Drive,NoMovement,Round,Medium,Right,Null,NotReferred,Null,False,False,False,False,False,True,False,False,True,False,False,False,0,0,0,0,0,False,False,Extra Cover,,,,,,
1642197,16,4.75,9,0,0,76,1,9,76398,,40955,Namibia v South Africa ODIs 2026 - Men,1,21,South Africa Men,753,Namibia Men,8778451,2026-09-09T08:38:27Z,3,98,False,17272,Max Heingo,8315,Jordan Hermann,2623,Tony de Zorzi,231.0,47.0,Left,0,0,0,0,Yorker,LegStump,None,BackFoot,Worked,NoMovement,Round,Medium,Right,Null,NotReferred,Null,False,False,False,False,False,True,False,False,True,False,False,False,0,0,0,0,0,False,False,Mid Wicket,,,,,,
1642197,16,4.75,9,0,0,76,1,9,76398,,40955,Namibia v South Africa ODIs 2026 - Men,1,21,South Africa Men,753,Namibia Men,8778452,2026-09-09T08:38:58Z,4,99,False,17272,Max Heingo,8315,Jordan Hermann,2623,Tony de Zorzi,,,Left,1,1,1,0,LengthBall,DownLeg,PlayAndMissLegSide,FrontFoot,Slog,NoMovement,Round,Medium,Right,Null,NotReferred,Null,True,False,False,False,False,True,False,False,True,False,False,False,1,0,1,0,0,False,False,Wicketkeeper,,,,,,
1642197,16,4.75,9,0,0,76,1,9,76398,,40955,Namibia v South Africa ODIs 2026 - Men,1,21,South Africa Men,753,Namibia Men,8778453,2026-09-09T08:39:26Z,4,100,False,17272,Max Heingo,8315,Jordan Hermann,2623,Tony de Zorzi,286.0,180.0,Left,4,0,4,4,LengthBall,Wide,WellTimed,FrontFoot,Drive,NoMovement,Round,Medium,Right,Null,NotReferred,Null,False,False,False,False,True,True,False,False,True,False,False,False,4,0,0,0,0,True,False,,,,,,,
1642197,16,4.75,9,0,0,76,1,9,76398,,40955,Namibia v South Africa ODIs 2026 - Men,1,21,South Africa Men,753,Namibia Men,8778454,2026-09-09T08:40:05Z,5,101,False,17272,Max Heingo,8315,Jordan Hermann,2623,Tony de Zorzi,321.0,49.0,Left,1,0,1,1,HalfVolley,OutsideOff,None,FrontFoot,Drive,NoMovement,Round,Medium,Right,Null,NotReferred,Null,False,False,False,False,False,True,False,False,True,False,False,False,1,0,0,0,0,False,False,Extra Cover,,,,,,
1642197,16,4.75,9,0,0,76,1,9,76398,,40955,Namibia v South Africa ODIs 2026 - Men,1,21,South Africa Men,753,Namibia Men,8778455,2026-09-09T08:41:01Z,6,102,False,17272,Max Heingo,2623,Tony de Zorzi,8315,Jordan Hermann,227.0,53.0,Left,0,0,0,0,LengthBall,OutsideOff,MisTimed,FrontFoot,Pushed,NoMovement,Round,Medium,Right,Null,NotReferred,Null,False,False,False,False,False,True,False,False,True,False,False,False,0,0,0,0,0,False,False,Mid Wicket,,,,,,
1642198,17,4.65,3,0,0,79,1,3,76398,,40955,Namibia v South Africa ODIs 2026 - Men,1,21,South Africa Men,753,Namibia Men,8778456,2026-09-09T08:45:28Z,1,103,False,14575,Jack Brassell,8315,Jordan Hermann,2623,Tony de Zorzi,227.0,50.0,Left,0,0,0,0,BackOfALength,DownLeg,None,DownTheTrack,Worked,NoMovement,Over,Medium,Right,Null,NotReferred,Null,False,False,False,False,False,True,False,False,True,False,False,False,0,0,0,0,0,False,False,Mid Wicket,,,,,,
1642198,17,4.65,3,0,0,79,1,3,76398,,40955,Namibia v South Africa ODIs 2026 - Men,1,21,South Africa Men,753,Namibia Men,8778457,2026-09-09T08:45:57Z,2,104,False,14575,Jack Brassell,8315,Jordan Hermann,2623,Tony de Zorzi,205.0,154.0,Left,3,0,3,3,HalfVolley,MiddleStump,None,FrontFoot,Slog,NoMovement,Over,Medium,Right,Null,NotReferred,Null,False,False,False,False,False,True,False,False,True,False,False,False,3,0,0,0,0,False,False,Deep Square Leg,,,,,,
1642198,17,4.65,3,0,0,79,1,3,76398,,40955,Namibia v South Africa ODIs 2026 - Men,1,21,South Africa Men,753,Namibia Men,8778458,2026-09-09T08:46:35Z,3,105,False,14575,Jack Brassell,2623,Tony de Zorzi,8315,Jordan Hermann,356.0,28.0,Left,0,0,0,0,Short,DownLeg,Spliced,BackFoot,Fended,NoMovement,Over,Medium,Right,Null,NotReferred,Null,False,False,False,False,False,True,False,False,True,False,False,False,0,0,0,0,0,False,False,Cover,,,,,,
1642198,17,4.65,3,0,0,79,1,3,76398,,40955,Namibia v South Africa ODIs 2026 - Men,1,21,South Africa Men,753,Namibia Men,8778459,2026-09-09T08:47:15Z,4,106,False,14575,Jack Brassell,2623,Tony de Zorzi,8315,Jordan Hermann,220.0,47.0,Left,0,0,0,0,BackOfALength,DownLeg,None,BackFoot,BackwardDefensive,NoMovement,Over,Medium,Right,Null,NotReferred,Null,False,False,False,False,False,True,False,False,True,False,False,False,0,0,0,0,0,False,False,Mid Wicket,,,,,,
1642198,17,4.65,3,0,0,79,1,3,76398,,40955,Namibia v South Africa ODIs 2026 - Men,1,21,South Africa Men,753,Namibia Men,8778460,2026-09-09T08:47:44Z,5,107,False,14575,Jack Brassell,2623,Tony de Zorzi,8315,Jordan Hermann,216.0,50.0,Left,0,0,0,0,BackOfALength,DownLeg,None,BackFoot,Worked,NoMovement,Over,Medium,Right,Null,NotReferred,Null,False,False,False,False,False,True,False,False,True,False,False,False,0,0,0,0,0,False,False,Mid Wicket,,,,,,
1642198,17,4.65,3,0,0,79,1,3,76398,,40955,Namibia v South Africa ODIs 2026 - Men,1,21,South Africa Men,753,Namibia Men,8778461,2026-09-09T08:48:17Z,6,108,False,14575,Jack Brassell,2623,Tony de Zorzi,8315,Jordan Hermann,,,Left,0,0,0,0,BackOfALength,DownLeg,MisTimed,BackFoot,Pushed,NoMovement,Over,Medium,Right,Null,NotReferred,Null,False,False,False,False,False,True,False,False,True,False,False,False,0,0,0,0,0,False,False,Bowler,,,,,,
1642199,18,4.56,3,0,0,82,1,3,76398,,40955,Namibia v South Africa ODIs 2026 - Men,1,21,South Africa Men,753,Namibia Men,8778462,2026-09-09T08:49:17Z,1,109,False,17272,Max Heingo,8315,Jordan Hermann,2623,Tony de Zorzi,126.0,136.0,Left,0,2,2,0,LengthBall,MiddleStump,HitPad,FrontFoot,Flick,NoMovement,Round,Medium,Right,Null,NotReferred,Null,False,False,False,True,False,True,False,False,True,False,False,False,2,0,0,2,0,False,False,Fine Leg,,,,,,
1642199,18,4.56,3,0,0,82,1,3,76398,,40955,Namibia v South Africa ODIs 2026 - Men,1,21,South Africa Men,753,Namibia Men,8778463,2026-09-09T08:49:52Z,2,110,False,17272,Max Heingo,8315,Jordan Hermann,2623,Tony de Zorzi,322.0,69.0,Left,0,0,0,0,LengthBall,OutsideOff,None,FrontFoot,Drive,SeamIn,Round,Medium,Right,Null,NotReferred,Null,False,False,False,False,False,True,False,False,True,False,False,False,0,0,0,0,0,False,False,Extra Cover,,,,,,
1642199,18,4.56,3,0,0,82,1,3,76398,,40955,Namibia v South Africa ODIs 2026 - Men,1,21,South Africa Men,753,Namibia Men,8778464,2026-09-09T08:50:22Z,3,111,False,17272,Max Heingo,8315,Jordan Hermann,2623,Tony de Zorzi,,,Left,0,0,0,0,HalfVolley,Wide,Left,FrontFoot,Leave,NoMovement,Round,Medium,Right,Null,NotReferred,Null,False,False,False,False,False,True,False,False,True,False,False,False,0,0,0,0,0,False,False,Wicketkeeper,,,,,,
1642199,18,4.56,3,0,0,82,1,3,76398,,40955,Namibia v South Africa ODIs 2026 - Men,1,21,South Africa Men,753,Namibia Men,8778465,2026-09-09T08:50:50Z,4,112,False,17272,Max Heingo,8315,Jordan Hermann,2623,Tony de Zorzi,207.0,54.0,Left,0,0,0,0,LengthBall,OutsideOff,MisTimed,BackFoot,Worked,NoMovement,Round,Medium,Right,Null,NotReferred,Null,False,False,False,False,False,True,False,False,True,False,False,False,0,0,0,0,0,False,True,Square Leg,,,,,,
1642199,18,4.56,3,0,0,82,1,3,76398,,40955,Namibia v South Africa ODIs 2026 - Men,1,21,South Africa Men,753,Namibia Men,8778466,2026-09-09T08:51:19Z,5,113,False,17272,Max Heingo,8315,Jordan Hermann,2623,Tony de Zorzi,331.0,137.0,Left,1,0,1,1,BackOfALength,OutsideOff,None,BackFoot,Cut,NoMovement,Round,Medium,Right,Null,NotReferred,Null,False,False,False,False,False,True,False,False,True,False,False,False,1,0,0,0,0,False,False,Deep Cover,,,,,,
1642199,18,4.56,3,0,0,82,1,3,76398,,40955,Namibia v South Africa ODIs 2026 - Men,1,21,South Africa Men,753,Namibia Men,8778467,2026-09-09T08:52:16Z,6,114,False,17272,Max Heingo,2623,Tony de Zorzi,8315,Jordan Hermann,220.0,27.0,Left,0,0,0,0,BackOfALength,DownLeg,Spliced,BackFoot,Glance,NoMovement,Over,Medium,Right,Null,NotReferred,Null,False,False,False,False,False,True,False,False,True,False,False,False,0,0,0,0,0,False,False,Short Mid Wicket,,,,,,
1642200,19,4.74,8,0,0,90,1,8,76398,,40955,Namibia v South Africa ODIs 2026 - Men,1,21,South Africa Men,753,Namibia Men,8778468,2026-09-09T08:53:32Z,1,115,False,3198,JJ Smit,8315,Jordan Hermann,2623,Tony de Zorzi,289.0,71.0,Left,0,0,0,0,LengthBall,OutsideOff,None,BackFoot,Pushed,NoMovement,Over,Medium,Left,Null,NotReferred,Null,False,False,False,False,False,True,False,False,True,False,False,False,0,0,0,0,0,False,False,Mid Off,,,,,,
1642200,19,4.74,8,0,0,90,1,8,76398,,40955,Namibia v South Africa ODIs 2026 - Men,1,21,South Africa Men,753,Namibia Men,8778469,2026-09-09T08:54:04Z,2,116,False,3198,JJ Smit,8315,Jordan Hermann,2623,Tony de Zorzi,324.0,110.0,Left,2,0,2,2,LengthBall,OutsideOff,None,FrontFoot,Drive,NoMovement,Over,Medium,Left,Null,NotReferred,Null,False,False,False,False,False,True,False,False,True,False,False,False,2,0,0,0,0,False,False,Deep Extra Cover,,,,,,
1642200,19,4.74,8,0,0,90,1,8,76398,,40955,Namibia v South Africa ODIs 2026 - Men,1,21,South Africa Men,753,Namibia Men,8778470,2026-09-09T08:54:36Z,3,117,False,3198,JJ Smit,8315,Jordan Hermann,2623,Tony de Zorzi,257.0,85.0,Left,1,0,1,1,LengthBall,OutsideOff,MisTimed,FrontFoot,Drive,NoMovement,Over,Medium,Left,Null,NotReferred,Null,False,False,False,False,False,True,False,False,True,False,False,False,1,0,0,0,0,False,False,Mid On,,,,,,
1642200,19,4.74,8,0,0,90,1,8,76398,,40955,Namibia v South Africa ODIs 2026 - Men,1,21,South Africa Men,753,Namibia Men,8778471,2026-09-09T08:55:30Z,4,118,False,3198,JJ Smit,2623,Tony de Zorzi,8315,Jordan Hermann,244.0,179.0,Left,4,0,4,4,LengthBall,OutsideOff,WellTimed,FrontFoot,Drive,NoMovement,Over,Medium,Left,Null,NotReferred,Null,False,False,False,False,True,True,False,False,True,False,False,False,4,0,0,0,0,True,False,,,,,,,
1642200,19,4.74,8,0,0,90,1,8,76398,,40955,Namibia v South Africa ODIs 2026 - Men,1,21,South Africa Men,753,Namibia Men,8778472,2026-09-09T08:56:03Z,5,119,False,3198,JJ Smit,2623,Tony de Zorzi,8315,Jordan Hermann,193.0,80.0,Left,1,0,1,1,BackOfALength,OutsideOff,None,BackFoot,Worked,NoMovement,Over,Medium,Left,Null,NotReferred,Null,False,False,False,False,False,True,False,False,True,False,False,False,1,0,0,0,0,False,False,Square Leg,,,,,,
1642200,19,4.74,8,0,0,90,1,8,76398,,40955,Namibia v South Africa ODIs 2026 - Men,1,21,South Africa Men,753,Namibia Men,8778473,2026-09-09T08:56:36Z,6,120,False,3198,JJ Smit,8315,Jordan Hermann,2623,Tony de Zorzi,320.0,56.0,Left,0,0,0,0,LengthBall,OutsideOff,None,DownTheTrack,Drive,NoMovement,Over,Medium,Left,Null,NotReferred,Null,False,False,False,False,False,True,False,False,True,False,False,False,0,0,0,0,0,False,False,Extra Cover,,,,,,
1642201,20,5.0,10,0,0,100,1,10,76398,,40955,Namibia v South Africa ODIs 2026 - Men,1,21,South Africa Men,753,Namibia Men,8778474,2026-09-09T08:57:36Z,1,121,False,17272,Max Heingo,2623,Tony de Zorzi,8315,Jordan Hermann,211.0,53.0,Left,1,0,1,1,BackOfALength,DownLeg,None,BackFoot,Worked,NoMovement,Over,Medium,Right,Null,NotReferred,Null,False,False,False,False,False,True,False,False,True,False,False,False,1,0,0,0,0,False,False,Mid Wicket,,,,,,
1642201,20,5.0,10,0,0,100,1,10,76398,,40955,Namibia v South Africa ODIs 2026 - Men,1,21,South Africa Men,753,Namibia Men,8778475,2026-09-09T08:58:08Z,2,122,False,17272,Max Heingo,8315,Jordan Hermann,2623,Tony de Zorzi,,,Left,0,0,0,0,Short,DownLeg,Missed,BackFoot,Pull,NoMovement,Over,Medium,Right,Null,NotReferred,Null,False,False,False,False,False,True,False,False,True,False,False,False,0,0,0,0,0,False,False,Wicketkeeper,,,,,,
1642201,20,5.0,10,0,0,100,1,10,76398,,40955,Namibia v South Africa ODIs 2026 - Men,1,21,South Africa Men,753,Namibia Men,8778476,2026-09-09T08:58:38Z,3,123,False,17272,Max Heingo,8315,Jordan Hermann,2623,Tony de Zorzi,316.0,60.0,Left,1,0,1,1,BackOfALength,DownLeg,MisTimed,BackFoot,Cut,NoMovement,Over,Medium,Right,Null,NotReferred,Null,False,False,False,False,False,True,False,False,True,False,False,False,1,0,0,0,0,False,False,Extra Cover,,,,,,
1642201,20,5.0,10,0,0,100,1,10,76398,,40955,Namibia v South Africa ODIs 2026 - Men,1,21,South Africa Men,753,Namibia Men,8778477,2026-09-09T08:59:09Z,4,124,False,17272,Max Heingo,2623,Tony de Zorzi,8315,Jordan Hermann,186.0,151.0,Left,1,0,1,1,Short,DownLeg,None,BackFoot,Pull,NoMovement,Over,Medium,Right,Null,NotReferred,Null,False,False,False,False,True,True,False,False,True,False,False,False,1,0,0,0,0,False,False,Deep Square Leg,,,,,,
1642201,20,5.0,10,0,0,100,1,10,76398,,40955,Namibia v South Africa ODIs 2026 - Men,1,21,South Africa Men,753,Namibia Men,8778478,2026-09-09T08:59:40Z,5,125,False,17272,Max Heingo,8315,Jordan Hermann,2623,Tony de Zorzi,,,Left,1,1,1,0,Short,WideDownLeg,Left,BacksAway,Leave,NoMovement,Over,Medium,Right,Null,NotReferred,Null,True,False,False,False,False,True,False,False,True,False,False,False,1,0,1,0,0,False,False,Wicketkeeper,,,,,,
1642201,20,5.0,10,0,0,100,1,10,76398,,40955,Namibia v South Africa ODIs 2026 - Men,1,21,South Africa Men,753,Namibia Men,8778479,2026-09-09T09:00:18Z,5,126,False,17272,Max Heingo,8315,Jordan Hermann,2623,Tony de Zorzi,149.0,165.0,Left,6,0,6,6,BackOfALength,DownLeg,Middled,BackFoot,Pull,NoMovement,Over,Medium,Right,Null,NotReferred,Null,False,False,False,False,True,True,False,False,True,False,False,False,6,0,0,0,0,True,False,,,,,,,
1642201,20,5.0,10,0,0,100,1,10,76398,,40955,Namibia v South Africa ODIs 2026 - Men,1,21,South Africa Men,753,Namibia Men,8778480,2026-09-09T09:02:08Z,6,127,False,17272,Max Heingo,8315,Jordan Hermann,2623,Tony de Zorzi,309.0,66.0,Left,0,0,0,0,LengthBall,LegStump,None,FrontFoot,Drive,NoMovement,Over,Medium,Right,Null,NotReferred,Null,False,False,False,False,False,True,False,False,True,False,False,False,0,0,0,0,0,False,False,Extra Cover,,,,,,
1642202,21,5.0,5,0,0,105,1,5,76398,,40955,Namibia v South Africa ODIs 2026 - Men,1,21,South Africa Men,753,Namibia Men,8778481,2026-09-09T09:03:21Z,1,128,False,3501,Gerhard Erasmus,2623,Tony de Zorzi,8315,Jordan Hermann,211.0,133.0,Left,2,0,2,2,BackOfALength,MiddleStump,None,BackFoot,Flick,OffBreak,Round,OffSpin,Right,Null,NotReferred,Null,False,False,False,False,False,True,False,False,True,False,False,False,2,0,0,0,0,False,False,Deep Mid Wicket,,,,,,
1642202,21,5.0,5,0,0,105,1,5,76398,,40955,Namibia v South Africa ODIs 2026 - Men,1,21,South Africa Men,753,Namibia Men,8778482,2026-09-09T09:04:04Z,2,129,False,3501,Gerhard Erasmus,2623,Tony de Zorzi,8315,Jordan Hermann,343.0,129.0,Left,2,0,2,2,BackOfALength,OutsideOff,None,BackFoot,Cut,OffBreak,Round,OffSpin,Right,Null,NotReferred,Null,False,False,False,False,False,True,False,False,True,False,False,False,2,0,0,0,0,False,False,Deep Cover,,,,,,
1642202,21,5.0,5,0,0,105,1,5,76398,,40955,Namibia v South Africa ODIs 2026 - Men,1,21,South Africa Men,753,Namibia Men,8778483,2026-09-09T09:04:28Z,3,130,False,3501,Gerhard Erasmus,2623,Tony de Zorzi,8315,Jordan Hermann,,,Left,0,0,0,0,LengthBall,OutsideOff,None,BackFoot,BackwardDefensive,OffBreak,Round,OffSpin,Right,Null,NotReferred,Null,False,False,False,False,False,True,False,False,True,False,False,False,0,0,0,0,0,False,False,Bowler,,,,,,
1642202,21,5.0,5,0,0,105,1,5,76398,,40955,Namibia v South Africa ODIs 2026 - Men,1,21,South Africa Men,753,Namibia Men,8778484,2026-09-09T09:04:43Z,4,131,False,3501,Gerhard Erasmus,2623,Tony de Zorzi,8315,Jordan Hermann,,,Left,0,0,0,0,HalfVolley,OutsideOff,None,FrontFoot,Drive,OffBreak,Round,OffSpin,Right,Null,NotReferred,Null,False,False,False,False,False,True,False,False,True,False,False,False,0,0,0,0,0,False,False,Bowler,,,,,,
1642202,21,5.0,5,0,0,105,1,5,76398,,40955,Namibia v South Africa ODIs 2026 - Men,1,21,South Africa Men,753,Namibia Men,8778485,2026-09-09T09:04:58Z,5,132,False,3501,Gerhard Erasmus,2623,Tony de Zorzi,8315,Jordan Hermann,15.0,52.0,Left,0,0,0,0,LengthBall,OutsideOff,MisTimed,BackFoot,LateCut,OffBreak,Round,OffSpin,Right,Null,NotReferred,Null,False,False,False,False,False,True,False,False,True,False,False,False,0,0,0,0,0,False,False,Backward Point,,,,,,
1642202,21,5.0,5,0,0,105,1,5,76398,,40955,Namibia v South Africa ODIs 2026 - Men,1,21,South Africa Men,753,Namibia Men,8778486,2026-09-09T09:05:24Z,6,133,False,3501,Gerhard Erasmus,2623,Tony de Zorzi,8315,Jordan Hermann,,,Left,1,1,1,0,BackOfALength,LegStump,PlayAndMissLegSide,FrontFoot,Worked,OffBreak,Round,OffSpin,Right,Null,NotReferred,Null,True,False,False,False,False,True,False,False,True,False,False,False,1,0,1,0,0,False,False,Wicketkeeper,,,,,,
1642202,21,5.0,5,0,0,105,1,5,76398,,40955,Namibia v South Africa ODIs 2026 - Men,1,21,South Africa Men,753,Namibia Men,8778487,2026-09-09T09:05:37Z,6,134,False,3501,Gerhard Erasmus,2623,Tony de Zorzi,8315,Jordan Hermann,201.0,48.0,Left,0,0,0,0,BackOfALength,LegStump,None,BackFoot,Worked,OffBreak,Round,OffSpin,Right,Null,NotReferred,Null,False,False,False,False,False,True,False,False,True,False,False,False,0,0,0,0,0,False,False,Square Leg,,,,,,
1642203,22,5.18,9,0,0,114,1,9,76398,,40955,Namibia v South Africa ODIs 2026 - Men,1,21,South Africa Men,753,Namibia Men,8778488,2026-09-09T09:06:57Z,1,135,False,14575,Jack Brassell,8315,Jordan Hermann,2623,Tony de Zorzi,257.0,180.0,Left,4,0,4,4,HalfVolley,OutsideOff,WellTimed,FrontFoot,Drive,NoMovement,Over,Medium,Right,Null,NotReferred,Null,False,False,False,False,False,True,False,False,True,False,False,False,4,0,0,0,0,True,False,Bowler,,,,,,
1642203,22,5.18,9,0,0,114,1,9,76398,,40955,Namibia v South Africa ODIs 2026 - Men,1,21,South Africa Men,753,Namibia Men,8778489,2026-09-09T09:07:35Z,2,136,False,14575,Jack Brassell,8315,Jordan Hermann,2623,Tony de Zorzi,324.0,52.0,Left,0,0,0,0,HalfVolley,OutsideOff,None,FrontFoot,Drive,NoMovement,Over,Medium,Right,Null,NotReferred,Null,False,False,False,False,False,True,False,False,True,False,False,False,0,0,0,0,0,False,False,Extra Cover,,,,,,
1642203,22,5.18,9,0,0,114,1,9,76398,,40955,Namibia v South Africa ODIs 2026 - Men,1,21,South Africa Men,753,Namibia Men,8778490,2026-09-09T09:08:04Z,3,137,False,14575,Jack Brassell,8315,Jordan Hermann,2623,Tony de Zorzi,83.0,27.0,Left,0,0,0,0,BackOfALength,LegStump,Missed,BackFoot,Pull,NoMovement,Over,Medium,Right,Null,NotReferred,Null,False,False,False,False,False,True,False,False,True,False,False,False,0,0,0,0,0,False,False,Wicketkeeper,,,,,,
1642203,22,5.18,9,0,0,114,1,9,76398,,40955,Namibia v South Africa ODIs 2026 - Men,1,21,South Africa Men,753,Namibia Men,8778491,2026-09-09T09:08:40Z,4,138,False,14575,Jack Brassell,8315,Jordan Hermann,2623,Tony de Zorzi,344.0,120.0,Left,1,0,1,1,LengthBall,OutsideOff,None,FrontFoot,Cut,NoMovement,Over,Medium,Right,Null,NotReferred,Null,False,False,False,False,False,True,False,False,True,False,False,False,1,0,0,0,0,False,False,Deep Cover,,,,,,
1642203,22,5.18,9,0,0,114,1,9,76398,,40955,Namibia v South Africa ODIs 2026 - Men,1,21,South Africa Men,753,Namibia Men,8778492,2026-09-09T09:09:20Z,5,139,False,14575,Jack Brassell,2623,Tony de Zorzi,8315,Jordan Hermann,283.0,180.0,Left,4,0,4,4,BackOfALength,OffStump,None,FrontFoot,Drive,NoMovement,Over,Medium,Right,Null,NotReferred,Null,False,False,False,False,False,True,False,False,True,False,False,False,4,0,0,0,0,True,False,Mid Off,,,,,,
1642203,22,5.18,9,0,0,114,1,9,76398,,40955,Namibia v South Africa ODIs 2026 - Men,1,21,South Africa Men,753,Namibia Men,8778493,2026-09-09T09:10:04Z,6,140,False,14575,Jack Brassell,2623,Tony de Zorzi,8315,Jordan Hermann,,,Left,0,0,0,0,BackOfALength,LegStump,Missed,BackFoot,Pushed,NoMovement,Over,Medium,Right,Null,NotReferred,Null,False,False,False,False,False,True,False,False,True,False,False,False,0,0,0,0,0,False,False,Wicketkeeper,,,,,,
1642204,23,5.35,9,0,0,123,1,9,76398,,40955,Namibia v South Africa ODIs 2026 - Men,1,21,South Africa Men,753,Namibia Men,8778494,2026-09-09T09:11:40Z,1,141,False,3501,Gerhard Erasmus,8315,Jordan Hermann,2623,Tony de Zorzi,303.0,70.0,Left,0,0,0,0,HalfVolley,OutsideOff,None,FrontFoot,Drive,OffBreak,Round,OffSpin,Right,Null,NotReferred,Null,False,False,False,False,False,True,False,False,True,False,False,False,0,0,0,0,0,False,False,Extra Cover,,,,,,
1642204,23,5.35,9,0,0,123,1,9,76398,,40955,Namibia v South Africa ODIs 2026 - Men,1,21,South Africa Men,753,Namibia Men,8778495,2026-09-09T09:11:53Z,2,142,False,3501,Gerhard Erasmus,8315,Jordan Hermann,2623,Tony de Zorzi,57.0,162.0,Left,4,0,4,4,BackOfALength,OutsideOff,TopEdge,BackFoot,Cut,OffBreak,Round,OffSpin,Right,Null,NotReferred,Null,False,False,False,False,False,True,False,False,True,False,False,False,4,0,0,0,0,True,True,Short Third Man,,,,,,
1642204,23,5.35,9,0,0,123,1,9,76398,,40955,Namibia v South Africa ODIs 2026 - Men,1,21,South Africa Men,753,Namibia Men,8778496,2026-09-09T09:12:29Z,3,143,False,3501,Gerhard Erasmus,8315,Jordan Hermann,2623,Tony de Zorzi,342.0,127.0,Left,1,0,1,1,LengthBall,OutsideOff,None,BackFoot,Drive,OffBreak,Round,OffSpin,Right,Null,NotReferred,Null,False,False,False,False,False,True,False,False,True,False,False,False,1,0,0,0,0,False,False,Deep Cover,,,,,,
1642204,23,5.35,9,0,0,123,1,9,76398,,40955,Namibia v South Africa ODIs 2026 - Men,1,21,South Africa Men,753,Namibia Men,8778497,2026-09-09T09:12:55Z,4,144,False,3501,Gerhard Erasmus,2623,Tony de Zorzi,8315,Jordan Hermann,153.0,57.0,Left,1,0,1,1,HalfVolley,OutsideOff,MisTimed,FrontFoot,SlogSweep,OffBreak,Round,OffSpin,Right,Null,NotReferred,Null,False,False,False,False,True,True,False,False,True,False,False,False,1,0,0,0,0,False,False,Backward Square Leg,,,,,,
1642204,23,5.35,9,0,0,123,1,9,76398,,40955,Namibia v South Africa ODIs 2026 - Men,1,21,South Africa Men,753,Namibia Men,8778498,2026-09-09T09:13:33Z,5,145,False,3501,Gerhard Erasmus,8315,Jordan Hermann,2623,Tony de Zorzi,326.0,157.0,Left,2,0,2,2,HalfVolley,OutsideOff,None,FrontFoot,Drive,OffBreak,Round,OffSpin,Right,Null,NotReferred,Null,False,False,False,False,False,True,False,False,True,False,False,False,2,0,0,0,0,False,False,Deep Extra Cover,,,,,,
1642204,23,5.35,9,0,0,123,1,9,76398,,40955,Namibia v South Africa ODIs 2026 - Men,1,21,South Africa Men,753,Namibia Men,8778499,2026-09-09T09:14:02Z,6,146,False,3501,Gerhard Erasmus,8315,Jordan Hermann,2623,Tony de Zorzi,221.0,136.0,Left,1,0,1,1,HalfVolley,OutsideOff,MisTimed,FrontFoot,Slog,OffBreak,Round,OffSpin,Right,Null,NotReferred,Null,False,False,False,False,False,True,False,False,True,False,False,False,1,0,0,0,0,False,False,Deep Mid Wicket,,,,,,
1642205,24,5.42,7,0,0,130,1,7,76398,,40955,Namibia v South Africa ODIs 2026 - Men,1,21,South Africa Men,753,Namibia Men,8778500,2026-09-09T09:14:55Z,1,147,False,14575,Jack Brassell,8315,Jordan Hermann,2623,Tony de Zorzi,312.0,57.0,Left,0,0,0,0,LengthBall,DownLeg,None,BackFoot,BackwardDefensive,NoMovement,Over,Medium,Right,Null,NotReferred,Null,False,False,False,False,False,True,False,False,True,False,False,False,0,0,0,0,0,False,False,Extra Cover,,,,,,
1642205,24,5.42,7,0,0,130,1,7,76398,,40955,Namibia v South Africa ODIs 2026 - Men,1,21,South Africa Men,753,Namibia Men,8778501,2026-09-09T09:15:22Z,2,148,False,14575,Jack Brassell,8315,Jordan Hermann,2623,Tony de Zorzi,354.0,64.0,Left,0,0,0,0,LengthBall,OutsideOff,MisTimed,FrontFoot,Cut,NoMovement,Over,Medium,Right,Null,NotReferred,Null,False,False,False,False,False,True,False,False,True,False,False,False,0,0,0,0,0,False,False,Point,,,,,,
1642205,24,5.42,7,0,0,130,1,7,76398,,40955,Namibia v South Africa ODIs 2026 - Men,1,21,South Africa Men,753,Namibia Men,8778502,2026-09-09T09:15:53Z,3,149,False,14575,Jack Brassell,8315,Jordan Hermann,2623,Tony de Zorzi,216.0,118.0,Left,2,0,2,2,Short,DownLeg,None,BackFoot,Pull,NoMovement,Over,Medium,Right,Null,NotReferred,Null,False,False,False,False,False,True,False,False,True,False,False,False,2,0,0,0,0,False,True,Deep Mid Wicket,,,,,,
1642205,24,5.42,7,0,0,130,1,7,76398,,40955,Namibia v South Africa ODIs 2026 - Men,1,21,South Africa Men,753,Namibia Men,8778503,2026-09-09T09:16:28Z,4,150,False,14575,Jack Brassell,8315,Jordan Hermann,2623,Tony de Zorzi,273.0,180.0,Left,4,0,4,4,FullToss,OutsideOff,WellTimed,FrontFoot,Drive,NoMovement,Over,Medium,Right,Null,NotReferred,Null,False,False,False,False,False,True,False,False,True,False,False,False,4,0,0,0,0,True,False,,,,,,,
1642205,24,5.42,7,0,0,130,1,7,76398,,40955,Namibia v South Africa ODIs 2026 - Men,1,21,South Africa Men,753,Namibia Men,8778504,2026-09-09T09:17:18Z,5,151,False,14575,Jack Brassell,8315,Jordan Hermann,2623,Tony de Zorzi,170.0,139.0,Left,1,0,1,1,Short,DownLeg,None,BackFoot,Pull,NoMovement,Over,Medium,Right,Null,NotReferred,Null,False,False,False,False,False,True,False,False,True,False,False,False,1,0,0,0,0,False,False,Deep Backward Square Leg,,,,,,
1642205,24,5.42,7,0,0,130,1,7,76398,,40955,Namibia v South Africa ODIs 2026 - Men,1,21,South Africa Men,753,Namibia Men,8778505,2026-09-09T09:18:24Z,6,152,False,14575,Jack Brassell,2623,Tony de Zorzi,8315,Jordan Hermann,,,Left,0,0,0,0,Short,DownLeg,Missed,BackFoot,Cut,NoMovement,Over,Medium,Right,Null,NotReferred,Null,False,False,False,False,False,True,False,False,True,False,False,False,0,0,0,0,0,False,False,Wicketkeeper,,,,,,
1642206,25,5.28,2,0,0,132,1,2,76398,,40955,Namibia v South Africa ODIs 2026 - Men,1,21,South Africa Men,753,Namibia Men,8778506,2026-09-09T09:19:37Z,1,153,False,3506,Bernard Scholtz,8315,Jordan Hermann,2623,Tony de Zorzi,231.0,55.0,Left,0,0,0,0,Short,OutsideOff,None,FrontFoot,Pushed,StockBall,Over,Orthodox,Left,Null,NotReferred,Null,False,False,False,False,False,True,False,False,True,False,False,False,0,0,0,0,0,False,False,Mid Wicket,,,,,,
1642206,25,5.28,2,0,0,132,1,2,76398,,40955,Namibia v South Africa ODIs 2026 - Men,1,21,South Africa Men,753,Namibia Men,8778507,2026-09-09T09:19:58Z,2,154,False,3506,Bernard Scholtz,8315,Jordan Hermann,2623,Tony de Zorzi,64.0,117.0,Left,1,0,1,1,BackOfALength,OutsideOff,None,FrontFoot,ReverseSweep,StockBall,Over,Orthodox,Left,Null,NotReferred,Null,False,False,False,False,False,True,False,False,True,False,False,False,1,0,0,0,0,False,False,Third Man,,,,,,
1642206,25,5.28,2,0,0,132,1,2,76398,,40955,Namibia v South Africa ODIs 2026 - Men,1,21,South Africa Men,753,Namibia Men,8778508,2026-09-09T09:20:45Z,3,155,False,3506,Bernard Scholtz,2623,Tony de Zorzi,8315,Jordan Hermann,215.0,47.0,Left,0,0,0,0,LengthBall,OutsideOff,None,FrontFoot,Worked,StockBall,Over,Orthodox,Left,Null,NotReferred,Null,False,False,False,False,False,True,False,False,True,False,False,False,0,0,0,0,0,False,False,Mid Wicket,,,,,,
1642206,25,5.28,2,0,0,132,1,2,76398,,40955,Namibia v South Africa ODIs 2026 - Men,1,21,South Africa Men,753,Namibia Men,8778509,2026-09-09T09:21:02Z,4,156,False,3506,Bernard Scholtz,2623,Tony de Zorzi,8315,Jordan Hermann,337.0,69.0,Left,1,0,1,1,LengthBall,OutsideOff,None,BackFoot,Pushed,StockBall,Over,Orthodox,Left,Null,NotReferred,Null,False,False,False,False,False,True,False,False,True,False,False,False,1,0,0,0,0,False,False,Cover,,,,,,
1642206,25,5.28,2,0,0,132,1,2,76398,,40955,Namibia v South Africa ODIs 2026 - Men,1,21,South Africa Men,753,Namibia Men,8778510,2026-09-09T09:21:26Z,5,157,False,3506,Bernard Scholtz,8315,Jordan Hermann,2623,Tony de Zorzi,,,Left,0,0,0,0,LengthBall,OutsideOff,Missed,DownTheTrack,Drive,StockBall,Over,Orthodox,Left,Null,NotReferred,Null,False,False,False,False,False,True,False,False,True,False,False,False,0,0,0,0,0,False,False,Wicketkeeper,,,,,,
1642206,25,5.28,2,0,0,132,1,2,76398,,40955,Namibia v South Africa ODIs 2026 - Men,1,21,South Africa Men,753,Namibia Men,8778511,2026-09-09T09:22:05Z,6,158,False,3506,Bernard Scholtz,8315,Jordan Hermann,2623,Tony de Zorzi,328.0,60.0,Left,0,0,0,0,LengthBall,OutsideOff,None,FrontFoot,Pushed,StockBall,Over,Orthodox,Left,Null,NotReferred,Null,False,False,False,False,False,True,False,False,True,False,False,False,0,0,0,0,0,False,False,Extra Cover,,,,,,
1642207,26,5.23,4,0,0,136,1,4,76398,,40955,Namibia v South Africa ODIs 2026 - Men,1,21,South Africa Men,753,Namibia Men,8778512,2026-09-09T09:23:06Z,1,159,False,3198,JJ Smit,2623,Tony de Zorzi,8315,Jordan Hermann,,,Left,0,0,0,0,LengthBall,OutsideOff,None,FrontFoot,Pushed,NoMovement,Over,Medium,Left,Null,NotReferred,Null,False,False,False,False,False,True,False,False,True,False,False,False,0,0,0,0,0,False,False,Bowler,,,,,,
1642207,26,5.23,4,0,0,136,1,4,76398,,40955,Namibia v South Africa ODIs 2026 - Men,1,21,South Africa Men,753,Namibia Men,8778513,2026-09-09T09:23:37Z,2,160,False,3198,JJ Smit,2623,Tony de Zorzi,8315,Jordan Hermann,204.0,132.0,Left,2,0,2,2,LengthBall,OutsideOff,None,FrontFoot,Flick,NoMovement,Over,Medium,Left,Null,NotReferred,Null,False,False,False,False,True,True,False,False,True,False,False,False,2,0,0,0,0,False,False,Deep Square Leg,,,,,,
1642207,26,5.23,4,0,0,136,1,4,76398,,40955,Namibia v South Africa ODIs 2026 - Men,1,21,South Africa Men,753,Namibia Men,8778514,2026-09-09T09:24:08Z,3,161,False,3198,JJ Smit,2623,Tony de Zorzi,8315,Jordan Hermann,216.0,52.0,Left,0,0,0,0,LengthBall,OutsideOff,None,FrontFoot,Worked,NoMovement,Over,Medium,Left,Null,NotReferred,Null,False,False,False,False,False,True,False,False,True,False,False,False,0,0,0,0,0,False,False,Mid Wicket,,,,,,
1642207,26,5.23,4,0,0,136,1,4,76398,,40955,Namibia v South Africa ODIs 2026 - Men,1,21,South Africa Men,753,Namibia Men,8778515,2026-09-09T09:24:39Z,4,162,False,3198,JJ Smit,2623,Tony de Zorzi,8315,Jordan Hermann,182.0,128.0,Left,1,0,1,1,LengthBall,OutsideOff,None,DownTheTrack,Flick,NoMovement,Over,Medium,Left,Null,NotReferred,Null,False,False,False,False,False,True,False,False,True,False,False,False,1,0,0,0,0,False,False,Deep Square Leg,,,,,,
1642207,26,5.23,4,0,0,136,1,4,76398,,40955,Namibia v South Africa ODIs 2026 - Men,1,21,South Africa Men,753,Namibia Men,8778516,2026-09-09T09:25:14Z,5,163,False,3198,JJ Smit,8315,Jordan Hermann,2623,Tony de Zorzi,168.0,117.0,Left,1,0,1,1,BackOfALength,OutsideOff,None,BackFoot,Worked,NoMovement,Over,Medium,Left,Null,NotReferred,Null,False,False,False,False,False,True,False,False,True,False,False,False,1,0,0,0,0,False,False,Deep Backward Square Leg,,,,,,
1642207,26,5.23,4,0,0,136,1,4,76398,,40955,Namibia v South Africa ODIs 2026 - Men,1,21,South Africa Men,753,Namibia Men,8778517,2026-09-09T09:25:51Z,6,164,False,3198,JJ Smit,2623,Tony de Zorzi,8315,Jordan Hermann,220.0,57.0,Left,0,0,0,0,LengthBall,OutsideOff,None,FrontFoot,Flick,NoMovement,Over,Medium,Left,Null,NotReferred,Null,False,False,False,False,False,True,False,False,True,False,False,False,0,0,0,0,0,False,False,Mid Wicket,,,,,,
1642208,27,5.56,14,0,0,150,1,14,76398,,40955,Namibia v South Africa ODIs 2026 - Men,1,21,South Africa Men,753,Namibia Men,8778518,2026-09-09T09:26:37Z,1,165,False,3506,Bernard Scholtz,8315,Jordan Hermann,2623,Tony de Zorzi,210.0,71.0,Left,1,0,1,1,LengthBall,MiddleStump,LeadingEdge,FrontFoot,Worked,StockBall,Over,Orthodox,Left,Null,NotReferred,Null,False,False,False,False,False,True,False,False,True,False,False,False,1,0,0,0,0,False,True,Square Leg,,,,,,
1642208,27,5.56,14,0,0,150,1,14,76398,,40955,Namibia v South Africa ODIs 2026 - Men,1,21,South Africa Men,753,Namibia Men,8778519,2026-09-09T09:27:03Z,2,166,False,3506,Bernard Scholtz,2623,Tony de Zorzi,8315,Jordan Hermann,211.0,124.0,Left,2,0,2,2,BackOfALength,OutsideOff,None,BackFoot,Worked,StockBall,Over,Orthodox,Left,Null,NotReferred,Null,False,False,False,False,False,True,False,False,True,False,False,False,2,0,0,0,0,False,False,Deep Mid Wicket,,,,,,
1642208,27,5.56,14,0,0,150,1,14,76398,,40955,Namibia v South Africa ODIs 2026 - Men,1,21,South Africa Men,753,Namibia Men,8778520,2026-09-09T09:27:29Z,3,167,False,3506,Bernard Scholtz,2623,Tony de Zorzi,8315,Jordan Hermann,203.0,94.0,Left,1,0,1,1,LengthBall,OutsideOff,None,FrontFoot,Worked,StockBall,Over,Orthodox,Left,Null,NotReferred,Null,False,False,False,False,False,True,False,False,True,False,False,False,1,0,0,0,0,False,False,Square Leg,,,,,,
1642208,27,5.56,14,0,0,150,1,14,76398,,40955,Namibia v South Africa ODIs 2026 - Men,1,21,South Africa Men,753,Namibia Men,8778521,2026-09-09T09:28:06Z,4,168,False,3506,Bernard Scholtz,8315,Jordan Hermann,2623,Tony de Zorzi,270.0,180.0,Left,4,0,4,4,BackOfALength,OutsideOff,WellTimed,BackFoot,Drive,StockBall,Over,Orthodox,Left,Null,NotReferred,Null,False,False,False,False,True,True,False,False,True,False,False,False,4,0,0,0,0,True,False,,,,,,,
1642208,27,5.56,14,0,0,150,1,14,76398,,40955,Namibia v South Africa ODIs 2026 - Men,1,21,South Africa Men,753,Namibia Men,8778522,2026-09-09T09:28:52Z,5,169,False,3506,Bernard Scholtz,8315,Jordan Hermann,2623,Tony de Zorzi,335.0,137.0,Left,2,0,2,2,BackOfALength,OutsideOff,None,BackFoot,Cut,StockBall,Over,Orthodox,Left,Null,NotReferred,Null,False,False,False,False,False,True,False,False,True,False,False,False,2,0,0,0,0,False,False,Deep Cover,,,,,,
1642208,27,5.56,14,0,0,150,1,14,76398,,40955,Namibia v South Africa ODIs 2026 - Men,1,21,South Africa Men,753,Namibia Men,8778526,2026-09-09T09:29:20Z,6,170,False,3506,Bernard Scholtz,8315,Jordan Hermann,2623,Tony de Zorzi,338.0,174.0,Left,4,0,4,4,BackOfALength,OutsideOff,WellTimed,BackFoot,Cut,StockBall,Over,Orthodox,Left,Null,NotReferred,Null,False,False,False,False,False,True,False,False,True,False,False,False,4,0,0,0,0,True,False,,,,,,,
1642218,28,5.57,6,0,0,156,1,6,76398,,40955,Namibia v South Africa ODIs 2026 - Men,1,21,South Africa Men,753,Namibia Men,8778541,2026-09-09T09:30:20Z,1,171,False,3198,JJ Smit,2623,Tony de Zorzi,8315,Jordan Hermann,160.0,61.0,Left,1,0,1,1,BackOfALength,OutsideOff,None,BackFoot,Worked,NoMovement,Over,Medium,Left,Null,NotReferred,Null,False,False,False,False,False,True,False,False,True,False,False,False,1,0,0,0,0,False,False,Backward Square Leg,,,,,,
1642218,28,5.57,6,0,0,156,1,6,76398,,40955,Namibia v South Africa ODIs 2026 - Men,1,21,South Africa Men,753,Namibia Men,8778547,2026-09-09T09:30:54Z,2,172,False,3198,JJ Smit,8315,Jordan Hermann,2623,Tony de Zorzi,213.0,65.0,Left,1,0,1,1,BackOfALength,OffStump,None,BackFoot,Worked,NoMovement,Over,Medium,Left,Null,NotReferred,Null,False,False,False,False,False,True,False,False,True,False,False,False,1,0,0,0,0,False,False,Mid Wicket,,,,,,
1642218,28,5.57,6,0,0,156,1,6,76398,,40955,Namibia v South Africa ODIs 2026 - Men,1,21,South Africa Men,753,Namibia Men,8778558,2026-09-09T09:31:27Z,3,173,False,3198,JJ Smit,2623,Tony de Zorzi,8315,Jordan Hermann,255.0,59.0,Left,0,0,0,0,LengthBall,OutsideOff,None,FrontFoot,ForwardDefensive,NoMovement,Over,Medium,Left,Null,NotReferred,Null,False,False,False,False,False,True,False,False,True,False,False,False,0,0,0,0,0,False,False,Mid On,,,,,,
1642218,28,5.57,6,0,0,156,1,6,76398,,40955,Namibia v South Africa ODIs 2026 - Men,1,21,South Africa Men,753,Namibia Men,8778576,2026-09-09T09:32:02Z,4,174,False,3198,JJ Smit,2623,Tony de Zorzi,8315,Jordan Hermann,225.0,135.0,Left,2,0,2,2,BackOfALength,OutsideOff,None,BackFoot,Pull,NoMovement,Over,Medium,Left,Null,NotReferred,Null,False,False,False,False,True,True,False,False,True,False,False,False,2,0,0,0,0,False,False,Deep Mid Wicket,,,,,,
1642218,28,5.57,6,0,0,156,1,6,76398,,40955,Namibia v South Africa ODIs 2026 - Men,1,21,South Africa Men,753,Namibia Men,8778584,2026-09-09T09:32:36Z,5,175,False,3198,JJ Smit,2623,Tony de Zorzi,8315,Jordan Hermann,254.0,129.0,Left,1,0,1,1,FullToss,OffStump,None,FrontFoot,Drive,NoMovement,Over,Medium,Left,Null,NotReferred,Null,False,False,False,False,False,True,False,False,True,False,False,False,1,0,0,0,0,False,False,Long On,,,,,,
1642218,28,5.57,6,0,0,156,1,6,76398,,40955,Namibia v South Africa ODIs 2026 - Men,1,21,South Africa Men,753,Namibia Men,8778596,2026-09-09T09:33:12Z,6,176,False,3198,JJ Smit,8315,Jordan Hermann,2623,Tony de Zorzi,263.0,76.0,Left,1,0,1,1,LengthBall,OutsideOff,None,FrontFoot,Flick,NoMovement,Over,Medium,Left,Null,NotReferred,Null,False,False,False,False,False,True,False,False,True,False,False,False,1,0,0,0,0,False,False,Mid On,,,,,,
1642230,29,5.55,5,0,0,161,1,5,76398,,40955,Namibia v South Africa ODIs 2026 - Men,1,21,South Africa Men,753,Namibia Men,8778622,2026-09-09T09:34:30Z,1,177,False,3506,Bernard Scholtz,8315,Jordan Hermann,2623,Tony de Zorzi,132.0,127.0,Left,1,0,1,1,HalfVolley,DownLeg,None,FrontFoot,Flick,StockBall,Over,Orthodox,Left,Null,NotReferred,Null,False,False,False,False,False,True,False,False,True,False,False,False,1,0,0,0,0,False,False,Fine Leg,,,,,,
1642230,29,5.55,5,0,0,161,1,5,76398,,40955,Namibia v South Africa ODIs 2026 - Men,1,21,South Africa Men,753,Namibia Men,8778636,2026-09-09T09:35:00Z,2,178,False,3506,Bernard Scholtz,2623,Tony de Zorzi,8315,Jordan Hermann,225.0,121.0,Left,1,0,1,1,BackOfALength,OutsideOff,None,BackFoot,Worked,StockBall,Over,Orthodox,Left,Null,NotReferred,Null,False,False,False,False,False,True,False,False,True,False,False,False,1,0,0,0,0,False,False,Deep Mid Wicket,,,,,,
1642230,29,5.55,5,0,0,161,1,5,76398,,40955,Namibia v South Africa ODIs 2026 - Men,1,21,South Africa Men,753,Namibia Men,8778646,2026-09-09T09:35:26Z,3,179,False,3506,Bernard Scholtz,8315,Jordan Hermann,2623,Tony de Zorzi,214.0,114.0,Left,1,0,1,1,LengthBall,OutsideOff,None,FrontFoot,Flick,StockBall,Over,Orthodox,Left,Null,NotReferred,Null,False,False,False,False,False,True,False,False,True,False,False,False,1,0,0,0,0,False,False,Deep Mid Wicket,,,,,,
1642230,29,5.55,5,0,0,161,1,5,76398,,40955,Namibia v South Africa ODIs 2026 - Men,1,21,South Africa Men,753,Namibia Men,8778652,2026-09-09T09:35:53Z,4,180,False,3506,Bernard Scholtz,2623,Tony de Zorzi,8315,Jordan Hermann,320.0,56.0,Left,0,0,0,0,BackOfALength,OutsideOff,None,BackFoot,Drive,StockBall,Over,Orthodox,Left,Null,NotReferred,Null,False,False,False,False,False,True,False,False,True,False,False,False,0,0,0,0,0,False,False,Extra Cover,,,,,,
1642230,29,5.55,5,0,0,161,1,5,76398,,40955,Namibia v South Africa ODIs 2026 - Men,1,21,South Africa Men,753,Namibia Men,8778661,2026-09-09T09:36:14Z,5,181,False,3506,Bernard Scholtz,2623,Tony de Zorzi,8315,Jordan Hermann,247.0,115.0,Left,1,0,1,1,BackOfALength,MiddleStump,None,BackFoot,Flick,StockBall,Over,Orthodox,Left,Null,NotReferred,Null,False,False,False,False,False,True,False,False,True,False,False,False,1,0,0,0,0,False,False,Long On,,,,,,
1642230,29,5.55,5,0,0,161,1,5,76398,,40955,Namibia v South Africa ODIs 2026 - Men,1,21,South Africa Men,753,Namibia Men,8778669,2026-09-09T09:36:37Z,6,182,False,3506,Bernard Scholtz,8315,Jordan Hermann,2623,Tony de Zorzi,220.0,98.0,Left,1,0,1,1,BackOfALength,OutsideOff,None,FrontFoot,Worked,StockBall,Over,Orthodox,Left,Null,NotReferred,Null,False,False,False,False,False,True,False,False,True,False,False,False,1,0,0,0,0,False,False,Mid Wicket,,,,,,
1642241,30,5.77,12,0,0,173,1,12,76398,,40955,Namibia v South Africa ODIs 2026 - Men,1,21,South Africa Men,753,Namibia Men,8778700,2026-09-09T09:37:47Z,1,183,False,17272,Max Heingo,8315,Jordan Hermann,2623,Tony de Zorzi,207.0,83.0,Left,1,0,1,1,LengthBall,DownLeg,None,BackFoot,Worked,NoMovement,Over,Medium,Right,Null,NotReferred,Null,False,False,False,False,False,True,False,False,True,False,False,False,1,0,0,0,0,False,False,Square Leg,,,,,,
1642241,30,5.77,12,0,0,173,1,12,76398,,40955,Namibia v South Africa ODIs 2026 - Men,1,21,South Africa Men,753,Namibia Men,8778710,2026-09-09T09:38:16Z,2,184,False,17272,Max Heingo,2623,Tony de Zorzi,8315,Jordan Hermann,191.0,148.0,Left,1,0,1,1,BackOfALength,DownLeg,None,BackFoot,Pull,NoMovement,Over,Medium,Right,Null,NotReferred,Null,False,False,False,False,False,True,False,False,True,False,False,False,1,0,0,0,0,False,False,Deep Square Leg,,,,,,
1642241,30,5.77,12,0,0,173,1,12,76398,,40955,Namibia v South Africa ODIs 2026 - Men,1,21,South Africa Men,753,Namibia Men,8778725,2026-09-09T09:38:46Z,3,185,False,17272,Max Heingo,8315,Jordan Hermann,2623,Tony de Zorzi,145.0,164.0,Left,4,0,4,4,BackOfALength,DownLeg,WellTimed,BackFoot,Pull,OffCutter,Over,Medium,Right,Null,NotReferred,Null,False,False,False,False,True,True,False,False,True,False,False,False,4,0,0,0,0,True,False,,,,,,,
1642241,30,5.77,12,0,0,173,1,12,76398,,40955,Namibia v South Africa ODIs 2026 - Men,1,21,South Africa Men,753,Namibia Men,8778742,2026-09-09T09:39:29Z,4,186,False,17272,Max Heingo,8315,Jordan Hermann,2623,Tony de Zorzi,297.0,79.0,Left,0,0,0,0,LengthBall,MiddleStump,MisTimed,FrontFoot,Drive,NoMovement,Over,Medium,Right,Null,NotReferred,Null,False,False,False,False,False,True,False,False,True,False,False,False,0,0,0,0,0,False,False,Mid Off,,,,,,
1642241,30,5.77,12,0,0,173,1,12,76398,,40955,Namibia v South Africa ODIs 2026 - Men,1,21,South Africa Men,753,Namibia Men,8778752,2026-09-09T09:40:00Z,5,187,False,17272,Max Heingo,8315,Jordan Hermann,2623,Tony de Zorzi,164.0,160.0,Left,2,0,2,2,BackOfALength,DownLeg,None,BackFoot,Pull,NoMovement,Over,Medium,Right,Null,NotReferred,Null,False,False,False,False,True,True,False,False,True,False,False,False,2,0,0,0,0,False,False,Deep Backward Square Leg,,,,,,
1642241,30,5.77,12,0,0,173,1,12,76398,,40955,Namibia v South Africa ODIs 2026 - Men,1,21,South Africa Men,753,Namibia Men,8778767,2026-09-09T09:40:37Z,6,188,False,17272,Max Heingo,8315,Jordan Hermann,2623,Tony de Zorzi,130.0,162.0,Left,4,0,4,4,BackOfALength,WideDownLeg,WellTimed,BackFoot,Pull,OffCutter,Over,Medium,Right,Null,NotReferred,Null,False,False,False,False,False,True,False,False,True,False,False,False,4,0,0,0,0,True,False,,,,,,,
1642258,31,5.87,9,0,0,182,1,9,76398,,40955,Namibia v South Africa ODIs 2026 - Men,1,21,South Africa Men,753,Namibia Men,8778792,2026-09-09T09:42:02Z,1,189,False,3506,Bernard Scholtz,2623,Tony de Zorzi,8315,Jordan Hermann,161.0,87.0,Left,1,0,1,1,BackOfALength,OutsideOff,None,BackFoot,Flick,StockBall,Over,Orthodox,Left,Null,NotReferred,Null,False,False,False,False,False,True,False,False,True,False,False,False,1,0,0,0,0,False,False,Backward Square Leg,,,,,,
1642258,31,5.87,9,0,0,182,1,9,76398,,40955,Namibia v South Africa ODIs 2026 - Men,1,21,South Africa Men,753,Namibia Men,8778801,2026-09-09T09:42:29Z,2,190,False,3506,Bernard Scholtz,8315,Jordan Hermann,2623,Tony de Zorzi,207.0,108.0,Left,1,0,1,1,BackOfALength,OutsideOff,None,BackFoot,Worked,StockBall,Over,Orthodox,Left,Null,NotReferred,Null,False,False,False,False,False,True,False,False,True,False,False,False,1,0,0,0,0,False,False,Deep Square Leg,,,,,,
1642258,31,5.87,9,0,0,182,1,9,76398,,40955,Namibia v South Africa ODIs 2026 - Men,1,21,South Africa Men,753,Namibia Men,8778815,2026-09-09T09:42:53Z,3,191,False,3506,Bernard Scholtz,2623,Tony de Zorzi,8315,Jordan Hermann,172.0,143.0,Left,1,0,1,1,LengthBall,OutsideOff,None,FrontFoot,Sweep,StockBall,Over,Orthodox,Left,Null,NotReferred,Null,False,False,False,False,False,True,False,False,True,False,False,False,1,0,0,0,0,False,False,Deep Backward Square Leg,,,,,,
1642258,31,5.87,9,0,0,182,1,9,76398,,40955,Namibia v South Africa ODIs 2026 - Men,1,21,South Africa Men,753,Namibia Men,8778826,2026-09-09T09:43:16Z,4,192,False,3506,Bernard Scholtz,8315,Jordan Hermann,2623,Tony de Zorzi,319.0,177.0,Left,4,0,4,4,LengthBall,OutsideOff,WellTimed,FrontFoot,Drive,StockBall,Over,Orthodox,Left,Null,NotReferred,Null,False,False,False,False,False,True,False,False,True,False,False,False,4,0,0,0,0,True,False,Extra Cover,,,,,,
1642258,31,5.87,9,0,0,182,1,9,76398,,40955,Namibia v South Africa ODIs 2026 - Men,1,21,South Africa Men,753,Namibia Men,8778834,2026-09-09T09:43:58Z,5,193,False,3506,Bernard Scholtz,8315,Jordan Hermann,2623,Tony de Zorzi,208.0,108.0,Left,1,0,1,1,BackOfALength,OutsideOff,None,BackFoot,Worked,StockBall,Over,Orthodox,Left,Null,NotReferred,Null,False,False,False,False,False,True,False,False,True,False,False,False,1,0,0,0,0,False,False,Deep Square Leg,,,,,,
1642258,31,5.87,9,0,0,182,1,9,76398,,40955,Namibia v South Africa ODIs 2026 - Men,1,21,South Africa Men,753,Namibia Men,8778849,2026-09-09T09:44:40Z,6,194,False,3506,Bernard Scholtz,2623,Tony de Zorzi,8315,Jordan Hermann,151.0,87.0,Left,1,0,1,1,LengthBall,MiddleStump,None,FrontFoot,Worked,StockBall,Over,Orthodox,Left,Null,NotReferred,Null,False,False,False,False,False,True,False,False,True,False,False,False,1,0,0,0,0,False,False,Backward Square Leg,,,,,,
1642273,32,6.09,13,0,0,195,1,13,76398,,40955,Namibia v South Africa ODIs 2026 - Men,1,21,South Africa Men,753,Namibia Men,8778896,2026-09-09T09:46:41Z,1,195,False,8249,Ruben Trumpelmann,2623,Tony de Zorzi,8315,Jordan Hermann,278.0,180.0,Left,4,0,4,4,LengthBall,DownLeg,WellTimed,FrontFoot,Drive,NoMovement,Round,Medium,Left,Null,NotReferred,Null,False,False,False,False,True,True,False,False,True,False,False,False,4,0,0,0,0,True,False,,,,,,,
1642273,32,6.09,13,0,0,195,1,13,76398,,40955,Namibia v South Africa ODIs 2026 - Men,1,21,South Africa Men,753,Namibia Men,8778911,2026-09-09T09:47:43Z,2,196,False,8249,Ruben Trumpelmann,2623,Tony de Zorzi,8315,Jordan Hermann,200.0,173.0,Left,4,0,4,4,Short,DownLeg,WellTimed,BackFoot,Pull,NoMovement,Round,Medium,Left,Null,NotReferred,Null,False,False,False,False,False,True,False,False,True,False,False,False,4,0,0,0,0,True,False,,,,,,,
1642273,32,6.09,13,0,0,195,1,13,76398,,40955,Namibia v South Africa ODIs 2026 - Men,1,21,South Africa Men,753,Namibia Men,8778920,2026-09-09T09:48:21Z,3,197,False,8249,Ruben Trumpelmann,2623,Tony de Zorzi,8315,Jordan Hermann,195.0,133.0,Left,1,0,1,1,Short,DownLeg,None,BackFoot,Pull,NoMovement,Round,Medium,Left,Null,NotReferred,Null,False,False,False,False,True,True,False,False,True,False,False,False,1,0,0,0,0,False,False,Deep Square Leg,,,,,,
1642273,32,6.09,13,0,0,195,1,13,76398,,40955,Namibia v South Africa ODIs 2026 - Men,1,21,South Africa Men,753,Namibia Men,8778936,2026-09-09T09:49:03Z,4,198,False,8249,Ruben Trumpelmann,8315,Jordan Hermann,2623,Tony de Zorzi,27.0,135.0,Left,3,0,3,3,BackOfALength,WideDownLeg,None,BacksAway,Cut,NoMovement,Round,Medium,Left,Null,NotReferred,Null,False,False,False,False,True,True,False,False,True,False,False,False,3,0,0,0,0,False,False,Deep Backward Point,,,,,,
1642273,32,6.09,13,0,0,195,1,13,76398,,40955,Namibia v South Africa ODIs 2026 - Men,1,21,South Africa Men,753,Namibia Men,8778942,2026-09-09T09:49:45Z,5,199,False,8249,Ruben Trumpelmann,2623,Tony de Zorzi,8315,Jordan Hermann,136.0,138.0,Left,1,0,1,1,Short,DownLeg,None,BackFoot,Pull,NoMovement,Round,Medium,Left,Null,NotReferred,Null,False,False,False,False,False,True,False,False,True,False,False,False,1,0,0,0,0,False,False,Fine Leg,,,,,,
1642273,32,6.09,13,0,0,195,1,13,76398,,40955,Namibia v South Africa ODIs 2026 - Men,1,21,South Africa Men,753,Namibia Men,8778960,2026-09-09T09:50:21Z,6,200,False,8249,Ruben Trumpelmann,8315,Jordan Hermann,2623,Tony de Zorzi,226.0,67.0,Left,0,0,0,0,Yorker,OutsideOff,MisTimed,FrontFoot,Drive,NoMovement,Round,Medium,Left,Null,NotReferred,Null,False,False,False,False,False,True,False,False,True,False,False,False,0,0,0,0,0,False,False,Mid Wicket,,,,,,
1642300,33,6.09,6,0,0,201,1,6,76398,,40955,Namibia v South Africa ODIs 2026 - Men,1,21,South Africa Men,753,Namibia Men,8779054,2026-09-09T09:54:58Z,1,201,False,3501,Gerhard Erasmus,2623,Tony de Zorzi,8315,Jordan Hermann,24.0,139.0,Left,1,0,1,1,Short,Wide,None,BackFoot,Cut,OffBreak,Round,OffSpin,Right,Null,NotReferred,Null,False,False,False,False,False,True,False,False,True,False,False,False,1,0,0,0,0,False,False,Deep Backward Point,,,,,,
1642300,33,6.09,6,0,0,201,1,6,76398,,40955,Namibia v South Africa ODIs 2026 - Men,1,21,South Africa Men,753,Namibia Men,8779059,2026-09-09T09:55:28Z,2,202,False,3501,Gerhard Erasmus,8315,Jordan Hermann,2623,Tony de Zorzi,,,Left,0,0,0,0,BackOfALength,OutsideOff,None,BackFoot,Pushed,OffBreak,Round,OffSpin,Right,Null,NotReferred,Null,False,False,False,False,False,True,False,False,True,False,False,False,0,0,0,0,0,False,False,Bowler,,,,,,
1642300,33,6.09,6,0,0,201,1,6,76398,,40955,Namibia v South Africa ODIs 2026 - Men,1,21,South Africa Men,753,Namibia Men,8779072,2026-09-09T09:55:45Z,3,203,False,3501,Gerhard Erasmus,8315,Jordan Hermann,2623,Tony de Zorzi,203.0,174.0,Left,4,0,4,4,LengthBall,OutsideOff,WellTimed,FrontFoot,SlogSweep,OffBreak,Round,OffSpin,Right,Null,NotReferred,Null,False,False,False,False,True,True,False,False,True,False,False,False,4,0,0,0,0,True,False,,,,,,,
1642300,33,6.09,6,0,0,201,1,6,76398,,40955,Namibia v South Africa ODIs 2026 - Men,1,21,South Africa Men,753,Namibia Men,8779077,2026-09-09T09:56:17Z,4,204,False,3501,Gerhard Erasmus,8315,Jordan Hermann,2623,Tony de Zorzi,294.0,36.0,Left,0,0,0,0,BackOfALength,OffStump,MisTimed,DownTheTrack,Cut,OffBreak,Round,OffSpin,Right,Null,NotReferred,Null,False,False,False,False,False,True,False,False,True,False,False,False,0,0,0,0,0,False,False,Bowler,,,,,,
1642300,33,6.09,6,0,0,201,1,6,76398,,40955,Namibia v South Africa ODIs 2026 - Men,1,21,South Africa Men,753,Namibia Men,8779087,2026-09-09T09:56:34Z,5,205,False,3501,Gerhard Erasmus,8315,Jordan Hermann,2623,Tony de Zorzi,286.0,135.0,Left,1,0,1,1,HalfVolley,OutsideOff,None,FrontFoot,Drive,OffBreak,Round,OffSpin,Right,Null,NotReferred,Null,False,False,False,False,False,True,False,False,True,False,False,False,1,0,0,0,0,False,False,Long Off,,,,,,
1642300,33,6.09,6,0,0,201,1,6,76398,,40955,Namibia v South Africa ODIs 2026 - Men,1,21,South Africa Men,753,Namibia Men,8779095,2026-09-09T09:56:57Z,6,206,False,3501,Gerhard Erasmus,2623,Tony de Zorzi,8315,Jordan Hermann,308.0,76.0,Left,0,0,0,0,HalfVolley,OutsideOff,None,FrontFoot,Drive,OffBreak,Round,OffSpin,Right,Null,NotReferred,Null,False,False,False,False,False,True,False,False,True,False,False,False,0,0,0,0,0,False,False,Extra Cover,,,,,,
1642314,34,6.38,16,0,0,217,1,16,76398,,40955,Namibia v South Africa ODIs 2026 - Men,1,21,South Africa Men,753,Namibia Men,8779124,2026-09-09T09:58:11Z,1,207,False,8249,Ruben Trumpelmann,8315,Jordan Hermann,2623,Tony de Zorzi,,,Left,0,0,0,0,Short,DownLeg,BottomEdge,BackFoot,Pull,NoMovement,Round,Medium,Left,Null,NotReferred,Null,False,False,False,False,False,True,False,False,True,False,False,False,0,0,0,0,0,False,False,Wicketkeeper,,,,,,
1642314,34,6.38,16,0,0,217,1,16,76398,,40955,Namibia v South Africa ODIs 2026 - Men,1,21,South Africa Men,753,Namibia Men,8779136,2026-09-09T09:58:49Z,2,208,False,8249,Ruben Trumpelmann,8315,Jordan Hermann,2623,Tony de Zorzi,,,Left,1,1,1,0,Short,DownLeg,Left,BackFoot,Leave,NoMovement,Round,Medium,Left,Null,NotReferred,Null,True,False,False,False,False,True,False,False,True,False,False,False,1,0,1,0,0,False,False,Wicketkeeper,,,,,,
1642314,34,6.38,16,0,0,217,1,16,76398,,40955,Namibia v South Africa ODIs 2026 - Men,1,21,South Africa Men,753,Namibia Men,8779145,2026-09-09T09:59:21Z,2,209,False,8249,Ruben Trumpelmann,8315,Jordan Hermann,2623,Tony de Zorzi,149.0,131.0,Left,1,0,1,1,BackOfALength,DownLeg,None,BackFoot,Pull,NoMovement,Round,Medium,Left,Null,NotReferred,Null,False,False,False,False,False,True,False,False,True,False,False,False,1,0,0,0,0,False,False,Fine Leg,,,,,,
1642314,34,6.38,16,0,0,217,1,16,76398,,40955,Namibia v South Africa ODIs 2026 - Men,1,21,South Africa Men,753,Namibia Men,8779158,2026-09-09T09:59:53Z,3,210,False,8249,Ruben Trumpelmann,2623,Tony de Zorzi,8315,Jordan Hermann,,,Left,1,1,1,0,BackOfALength,DownLeg,Left,NoMovement,Leave,SlowerBall,Round,Medium,Left,Null,NotReferred,Null,True,False,False,False,False,True,False,False,True,False,False,False,1,0,1,0,0,False,False,Wicketkeeper,,,,,,
1642314,34,6.38,16,0,0,217,1,16,76398,,40955,Namibia v South Africa ODIs 2026 - Men,1,21,South Africa Men,753,Namibia Men,8779168,2026-09-09T10:00:25Z,3,211,False,8249,Ruben Trumpelmann,2623,Tony de Zorzi,8315,Jordan Hermann,206.0,117.0,Left,1,0,1,1,Short,DownLeg,None,BackFoot,Pull,NoMovement,Round,Medium,Left,Null,NotReferred,Null,False,False,False,False,False,True,False,False,True,False,False,False,1,0,0,0,0,False,False,Deep Square Leg,,,,,,
1642314,34,6.38,16,0,0,217,1,16,76398,,40955,Namibia v South Africa ODIs 2026 - Men,1,21,South Africa Men,753,Namibia Men,8779177,2026-09-09T10:01:01Z,4,212,False,8249,Ruben Trumpelmann,8315,Jordan Hermann,2623,Tony de Zorzi,,,Left,1,1,1,0,HalfTracker,WideDownLeg,Left,NoMovement,Leave,NoMovement,Round,Medium,Left,Null,NotReferred,Null,True,False,False,False,False,True,False,False,True,False,False,False,1,0,1,0,0,False,False,Wicketkeeper,,,,,,
1642314,34,6.38,16,0,0,217,1,16,76398,,40955,Namibia v South Africa ODIs 2026 - Men,1,21,South Africa Men,753,Namibia Men,8779199,2026-09-09T10:01:38Z,4,213,False,8249,Ruben Trumpelmann,8315,Jordan Hermann,2623,Tony de Zorzi,,,Left,0,0,0,0,LengthBall,OutsideOff,Missed,FrontFoot,Cut,SlowerBall,Over,Medium,Left,Null,NotReferred,Null,False,False,False,False,False,True,False,False,True,False,False,False,0,0,0,0,0,False,False,Wicketkeeper,,,,,,
1642314,34,6.38,16,0,0,217,1,16,76398,,40955,Namibia v South Africa ODIs 2026 - Men,1,21,South Africa Men,753,Namibia Men,8779213,2026-09-09T10:02:15Z,5,214,False,8249,Ruben Trumpelmann,8315,Jordan Hermann,2623,Tony de Zorzi,102.0,160.0,Left,4,0,4,4,LengthBall,OutsideOff,WellTimed,MovesInfront,Scoop,SlowerBall,Over,Medium,Left,Null,NotReferred,Null,False,False,False,False,True,True,False,False,True,False,False,False,4,0,0,0,0,True,False,,,,,,,
1642314,34,6.38,16,0,0,217,1,16,76398,,40955,Namibia v South Africa ODIs 2026 - Men,1,21,South Africa Men,753,Namibia Men,8779225,2026-09-09T10:02:59Z,6,215,False,8249,Ruben Trumpelmann,8315,Jordan Hermann,2623,Tony de Zorzi,,,Left,1,1,1,0,FullToss,DownLeg,PlayAndMissLegSide,FrontFoot,Flick,NoMovement,Over,Medium,Left,Null,NotReferred,Null,True,False,False,False,False,True,False,False,True,False,False,False,1,0,1,0,0,False,False,Wicketkeeper,,,,,,
1642314,34,6.38,16,0,0,217,1,16,76398,,40955,Namibia v South Africa ODIs 2026 - Men,1,21,South Africa Men,753,Namibia Men,8779236,2026-09-09T10:03:32Z,6,216,False,8249,Ruben Trumpelmann,8315,Jordan Hermann,2623,Tony de Zorzi,273.0,180.0,Left,6,0,6,6,HalfVolley,OutsideOff,Middled,FrontFoot,Drive,NoMovement,Over,Medium,Left,Null,NotReferred,Null,False,False,False,False,True,True,False,False,True,False,False,False,6,0,0,0,0,True,False,,,,,,,
1642334,35,6.23,1,1,0,218,2,1,76398,,40955,Namibia v South Africa ODIs 2026 - Men,1,21,South Africa Men,753,Namibia Men,8779266,2026-09-09T10:04:59Z,1,217,False,3501,Gerhard Erasmus,2623,Tony de Zorzi,8315,Jordan Hermann,,,Left,0,0,0,0,BackOfALength,OutsideOff,Missed,BackFoot,Cut,OffBreak,Round,OffSpin,Right,Null,NotReferred,Null,False,False,False,False,False,True,False,False,True,False,False,False,0,0,0,0,0,False,False,Wicketkeeper,,,,,,
1642334,35,6.23,1,1,0,218,2,1,76398,,40955,Namibia v South Africa ODIs 2026 - Men,1,21,South Africa Men,753,Namibia Men,8779287,2026-09-09T10:05:19Z,2,218,True,3501,Gerhard Erasmus,2623,Tony de Zorzi,8315,Jordan Hermann,,,Left,0,0,0,0,LengthBall,OutsideOff,HitPad,FrontFoot,ReverseSweep,OffBreak,Round,OffSpin,Right,Null,NotReferred,Null,False,False,False,False,False,True,False,False,True,False,False,False,0,0,0,0,0,False,False,,Lbw,2623.0,Tony de Zorzi,LBW,Lbw,1960.0
1642334,35,6.23,1,1,0,218,2,1,76398,,40955,Namibia v South Africa ODIs 2026 - Men,1,21,South Africa Men,753,Namibia Men,8779315,2026-09-09T10:07:13Z,3,219,False,3501,Gerhard Erasmus,8283,Dewald Brevis,8315,Jordan Hermann,196.0,146.0,Right,1,0,1,1,LengthBall,OutsideOff,None,FrontFoot,Drive,OffBreak,Over,OffSpin,Right,Null,NotReferred,Null,False,False,False,False,False,True,False,False,True,False,False,False,1,0,0,0,0,False,False,Deep Cover,,,,,,
1642334,35,6.23,1,1,0,218,2,1,76398,,40955,Namibia v South Africa ODIs 2026 - Men,1,21,South Africa Men,753,Namibia Men,8779318,2026-09-09T10:07:38Z,4,220,False,3501,Gerhard Erasmus,8315,Jordan Hermann,8283,Dewald Brevis,313.0,65.0,Left,0,0,0,0,LengthBall,OutsideOff,None,FrontFoot,Drive,OffBreak,Round,OffSpin,Right,Null,NotReferred,Null,False,False,False,False,False,True,False,False,True,False,False,False,0,0,0,0,0,False,False,Extra Cover,,,,,,
1642334,35,6.23,1,1,0,218,2,1,76398,,40955,Namibia v South Africa ODIs 2026 - Men,1,21,South Africa Men,753,Namibia Men,8779323,2026-09-09T10:07:53Z,5,221,False,3501,Gerhard Erasmus,8315,Jordan Hermann,8283,Dewald Brevis,313.0,67.0,Left,0,0,0,0,BackOfALength,OutsideOff,None,BackFoot,Cut,OffBreak,Round,OffSpin,Right,Null,NotReferred,Null,False,False,False,False,False,True,False,False,True,False,False,False,0,0,0,0,0,False,False,Extra Cover,,,,,,
1642334,35,6.23,1,1,0,218,2,1,76398,,40955,Namibia v South Africa ODIs 2026 - Men,1,21,South Africa Men,753,Namibia Men,8779332,2026-09-09T10:08:09Z,6,222,False,3501,Gerhard Erasmus,8315,Jordan Hermann,8283,Dewald Brevis,,,Left,0,0,0,0,HalfVolley,MiddleStump,MisTimed,FrontFoot,Pushed,OffBreak,Round,OffSpin,Right,Null,NotReferred,Null,False,False,False,False,False,True,False,False,True,False,False,False,0,0,0,0,0,False,False,Bowler,,,,,,
1642349,36,6.28,8,0,0,226,2,8,76398,,40955,Namibia v South Africa ODIs 2026 - Men,1,21,South Africa Men,753,Namibia Men,8779365,2026-09-09T10:09:38Z,1,223,False,3506,Bernard Scholtz,8283,Dewald Brevis,8315,Jordan Hermann,278.0,180.0,Right,6,0,6,6,HalfVolley,OutsideOff,Middled,FrontFoot,Drive,StockBall,Round,Orthodox,Left,Null,NotReferred,Null,False,False,False,False,True,True,False,False,True,False,False,False,6,0,0,0,0,True,False,,,,,,,
1642349,36,6.28,8,0,0,226,2,8,76398,,40955,Namibia v South Africa ODIs 2026 - Men,1,21,South Africa Men,753,Namibia Men,8779370,2026-09-09T10:10:12Z,2,224,False,3506,Bernard Scholtz,8283,Dewald Brevis,8315,Jordan Hermann,,,Right,0,0,0,0,LengthBall,MiddleStump,None,FrontFoot,ForwardDefensive,StockBall,Round,Orthodox,Left,Null,NotReferred,Null,False,False,False,False,False,True,False,False,True,False,False,False,0,0,0,0,0,False,False,Bowler,,,,,,
1642349,36,6.28,8,0,0,226,2,8,76398,,40955,Namibia v South Africa ODIs 2026 - Men,1,21,South Africa Men,753,Namibia Men,8779377,2026-09-09T10:10:28Z,3,225,False,3506,Bernard Scholtz,8283,Dewald Brevis,8315,Jordan Hermann,223.0,66.0,Right,0,0,0,0,BackOfALength,OutsideOff,None,BackFoot,Pushed,StockBall,Round,Orthodox,Left,Null,NotReferred,Null,False,False,False,False,False,True,False,False,True,False,False,False,0,0,0,0,0,False,False,Extra Cover,,,,,,
1642349,36,6.28,8,0,0,226,2,8,76398,,40955,Namibia v South Africa ODIs 2026 - Men,1,21,South Africa Men,753,Namibia Men,8779393,2026-09-09T10:10:45Z,4,226,False,3506,Bernard Scholtz,8283,Dewald Brevis,8315,Jordan Hermann,222.0,54.0,Right,1,0,1,1,LengthBall,OffStump,None,FrontFoot,Dropped,StockBall,Round,Orthodox,Left,Null,NotReferred,Null,False,False,False,False,False,True,False,False,True,False,False,False,1,0,0,0,0,False,False,Extra Cover,,,,,,
1642349,36,6.28,8,0,0,226,2,8,76398,,40955,Namibia v South Africa ODIs 2026 - Men,1,21,South Africa Men,753,Namibia Men,8779408,2026-09-09T10:11:52Z,5,227,False,3506,Bernard Scholtz,8315,Jordan Hermann,8283,Dewald Brevis,,,Left,0,0,0,0,BackOfALength,OutsideOff,Missed,FrontFoot,ReverseSweep,StockBall,Over,Orthodox,Left,Null,NotReferred,Null,False,False,False,False,False,True,False,False,True,False,False,False,0,0,0,0,0,False,False,Wicketkeeper,,,,,,
1642349,36,6.28,8,0,0,226,2,8,76398,,40955,Namibia v South Africa ODIs 2026 - Men,1,21,South Africa Men,753,Namibia Men,8779415,2026-09-09T10:12:11Z,6,228,False,3506,Bernard Scholtz,8315,Jordan Hermann,8283,Dewald Brevis,296.0,125.0,Left,1,0,1,1,BackOfALength,OutsideOff,None,DownTheTrack,Drive,StockBall,Over,Orthodox,Left,Null,NotReferred,Null,False,False,False,False,False,True,False,False,True,False,False,False,1,0,0,0,0,False,False,Long Off,,,,,,
1642364,37,6.3,7,0,0,233,2,7,76398,,40955,Namibia v South Africa ODIs 2026 - Men,1,21,South Africa Men,753,Namibia Men,8779441,2026-09-09T10:12:59Z,1,229,False,3501,Gerhard Erasmus,8315,Jordan Hermann,8283,Dewald Brevis,212.0,151.0,Left,1,0,1,1,BackOfALength,OutsideOff,None,BackFoot,Pull,OffBreak,Round,OffSpin,Right,Null,NotReferred,Null,False,False,False,False,False,True,False,False,True,False,False,False,1,0,0,0,0,False,False,Deep Mid Wicket,,,,,,
1642364,37,6.3,7,0,0,233,2,7,76398,,40955,Namibia v South Africa ODIs 2026 - Men,1,21,South Africa Men,753,Namibia Men,8779450,2026-09-09T10:13:33Z,2,230,False,3501,Gerhard Erasmus,8283,Dewald Brevis,8315,Jordan Hermann,199.0,58.0,Right,0,0,0,0,LengthBall,OutsideOff,None,BackFoot,Pushed,OffBreak,Over,OffSpin,Right,Null,NotReferred,Null,False,False,False,False,False,True,False,False,True,False,False,False,0,0,0,0,0,False,False,Cover,,,,,,
1642364,37,6.3,7,0,0,233,2,7,76398,,40955,Namibia v South Africa ODIs 2026 - Men,1,21,South Africa Men,753,Namibia Men,8779460,2026-09-09T10:13:52Z,3,231,False,3501,Gerhard Erasmus,8283,Dewald Brevis,8315,Jordan Hermann,286.0,180.0,Right,4,0,4,4,HalfVolley,OutsideOff,WellTimed,FrontFoot,Drive,OffBreak,Over,OffSpin,Right,Null,NotReferred,Null,False,False,False,False,True,True,False,False,True,False,False,False,4,0,0,0,0,True,False,,,,,,,
1642364,37,6.3,7,0,0,233,2,7,76398,,40955,Namibia v South Africa ODIs 2026 - Men,1,21,South Africa Men,753,Namibia Men,8779472,2026-09-09T10:14:22Z,4,232,False,3501,Gerhard Erasmus,8283,Dewald Brevis,8315,Jordan Hermann,221.0,139.0,Right,2,0,2,2,LengthBall,OutsideOff,None,FrontFoot,Pushed,OffBreak,Over,OffSpin,Right,Null,NotReferred,Null,False,False,False,False,False,True,False,False,True,False,False,False,2,0,0,0,0,False,False,Deep Extra Cover,,,,,,
1642364,37,6.3,7,0,0,233,2,7,76398,,40955,Namibia v South Africa ODIs 2026 - Men,1,21,South Africa Men,753,Namibia Men,8779479,2026-09-09T10:14:55Z,5,233,False,3501,Gerhard Erasmus,8283,Dewald Brevis,8315,Jordan Hermann,,,Right,0,0,0,0,Yorker,OffStump,None,FrontFoot,Pushed,OffBreak,Over,OffSpin,Right,Null,NotReferred,Null,False,False,False,False,False,True,False,False,True,False,False,False,0,0,0,0,0,False,False,Bowler,,,,,,
1642364,37,6.3,7,0,0,233,2,7,76398,,40955,Namibia v South Africa ODIs 2026 - Men,1,21,South Africa Men,753,Namibia Men,8779486,2026-09-09T10:15:15Z,6,234,False,3501,Gerhard Erasmus,8283,Dewald Brevis,8315,Jordan Hermann,,,Right,0,0,0,0,Yorker,LegStump,MisTimed,FrontFoot,Flick,OffBreak,Over,OffSpin,Right,Null,NotReferred,Null,False,False,False,False,False,True,False,False,True,False,False,False,0,0,0,0,0,False,False,Bowler,,,,,,
1642377,38,6.68,21,0,0,254,2,21,76398,,40955,Namibia v South Africa ODIs 2026 - Men,1,21,South Africa Men,753,Namibia Men,8779517,2026-09-09T10:16:20Z,1,235,False,14575,Jack Brassell,8315,Jordan Hermann,8283,Dewald Brevis,258.0,180.0,Left,6,0,6,6,LengthBall,MiddleStump,Middled,FrontFoot,Slog,NoMovement,Over,Medium,Right,Null,NotReferred,Null,False,False,False,False,True,True,False,False,True,False,False,False,6,0,0,0,0,True,False,,,,,,,
1642377,38,6.68,21,0,0,254,2,21,76398,,40955,Namibia v South Africa ODIs 2026 - Men,1,21,South Africa Men,753,Namibia Men,8779531,2026-09-09T10:17:02Z,2,236,False,14575,Jack Brassell,8315,Jordan Hermann,8283,Dewald Brevis,243.0,125.0,Left,2,0,2,2,Short,DownLeg,MisTimed,BackFoot,Pull,NoMovement,Over,Medium,Right,Null,NotReferred,Null,False,False,False,False,False,True,False,False,True,False,False,False,2,0,0,0,0,False,True,Long On,,,,,,
1642377,38,6.68,21,0,0,254,2,21,76398,,40955,Namibia v South Africa ODIs 2026 - Men,1,21,South Africa Men,753,Namibia Men,8779556,2026-09-09T10:17:36Z,3,237,False,14575,Jack Brassell,8315,Jordan Hermann,8283,Dewald Brevis,323.0,176.0,Left,4,0,4,4,BackOfALength,MiddleStump,WellTimed,BackFoot,Cut,NoMovement,Over,Medium,Right,Null,NotReferred,Null,False,False,False,False,True,True,False,False,True,False,False,False,4,0,0,0,0,True,False,,,,,,,
1642377,38,6.68,21,0,0,254,2,21,76398,,40955,Namibia v South Africa ODIs 2026 - Men,1,21,South Africa Men,753,Namibia Men,8779563,2026-09-09T10:18:22Z,4,238,False,14575,Jack Brassell,8315,Jordan Hermann,8283,Dewald Brevis,293.0,179.0,Left,4,0,4,4,LengthBall,LegStump,WellTimed,FrontFoot,Drive,NoMovement,Over,Medium,Right,Null,NotReferred,Null,False,False,False,False,True,True,False,False,True,False,False,False,4,0,0,0,0,True,False,,,,,,,
1642377,38,6.68,21,0,0,254,2,21,76398,,40955,Namibia v South Africa ODIs 2026 - Men,1,21,South Africa Men,753,Namibia Men,8779577,2026-09-09T10:18:59Z,5,239,False,14575,Jack Brassell,8315,Jordan Hermann,8283,Dewald Brevis,155.0,166.0,Left,4,0,4,4,BackOfALength,OutsideOff,WellTimed,BackFoot,Pull,NoMovement,Round,Medium,Right,Null,NotReferred,Null,False,False,False,False,True,True,False,False,True,False,False,False,4,0,0,0,0,True,False,,,,,,,
1642377,38,6.68,21,0,0,254,2,21,76398,,40955,Namibia v South Africa ODIs 2026 - Men,1,21,South Africa Men,753,Namibia Men,8779597,2026-09-09T10:19:31Z,6,240,False,14575,Jack Brassell,8315,Jordan Hermann,8283,Dewald Brevis,222.0,80.0,Left,1,0,1,1,Short,OutsideOff,None,BackFoot,Pull,NoMovement,Round,Medium,Right,Null,NotReferred,Null,False,False,False,False,False,True,False,False,True,False,False,False,1,0,0,0,0,False,False,Mid Wicket,,,,,,
1642393,39,6.69,7,0,0,261,2,7,76398,,40955,Namibia v South Africa ODIs 2026 - Men,1,21,South Africa Men,753,Namibia Men,8779626,2026-09-09T10:20:45Z,1,241,False,3501,Gerhard Erasmus,8315,Jordan Hermann,8283,Dewald Brevis,329.0,80.0,Left,1,0,1,1,HalfVolley,OutsideOff,None,FrontFoot,Drive,OffBreak,Round,OffSpin,Right,Null,NotReferred,Null,False,False,False,False,False,True,False,False,True,False,False,False,1,0,0,0,0,False,False,Extra Cover,,,,,,
1642393,39,6.69,7,0,0,261,2,7,76398,,40955,Namibia v South Africa ODIs 2026 - Men,1,21,South Africa Men,753,Namibia Men,8779637,2026-09-09T10:21:22Z,2,242,False,3501,Gerhard Erasmus,8315,Jordan Hermann,8283,Dewald Brevis,,,Left,1,1,1,0,LengthBall,LegStump,PlayAndMissLegSide,FrontFoot,SlogSweep,OffBreak,Round,OffSpin,Right,Null,NotReferred,Null,True,False,False,False,False,True,False,False,True,False,False,False,1,0,1,0,0,False,False,Wicketkeeper,,,,,,
1642393,39,6.69,7,0,0,261,2,7,76398,,40955,Namibia v South Africa ODIs 2026 - Men,1,21,South Africa Men,753,Namibia Men,8779656,2026-09-09T10:21:41Z,2,243,False,3501,Gerhard Erasmus,8315,Jordan Hermann,8283,Dewald Brevis,333.0,71.0,Left,1,0,1,1,BackOfALength,OutsideOff,None,BackFoot,Cut,OffBreak,Round,OffSpin,Right,Null,NotReferred,Null,False,False,False,False,False,True,False,False,True,False,False,False,1,0,0,0,0,False,False,Square Leg,,,,,,
1642393,39,6.69,7,0,0,261,2,7,76398,,40955,Namibia v South Africa ODIs 2026 - Men,1,21,South Africa Men,753,Namibia Men,8779707,2026-09-09T10:22:23Z,3,244,False,3501,Gerhard Erasmus,8283,Dewald Brevis,8315,Jordan Hermann,212.0,65.0,Right,0,0,0,0,LengthBall,Wide,None,FrontFoot,Drive,OffBreak,Round,OffSpin,Right,Null,NotReferred,Null,False,False,False,False,False,True,False,False,True,False,False,False,0,0,0,0,0,False,False,Extra Cover,,,,,,
1642393,39,6.69,7,0,0,261,2,7,76398,,40955,Namibia v South Africa ODIs 2026 - Men,1,21,South Africa Men,753,Namibia Men,8779713,2026-09-09T10:24:54Z,4,245,False,3501,Gerhard Erasmus,8283,Dewald Brevis,8315,Jordan Hermann,,,Right,0,0,0,0,BackOfALength,OutsideOff,MisTimed,BackFoot,Pushed,OffBreak,Round,OffSpin,Right,Null,NotReferred,Null,False,False,False,False,False,True,False,False,True,False,False,False,0,0,0,0,0,False,False,Bowler,,,,,,
1642393,39,6.69,7,0,0,261,2,7,76398,,40955,Namibia v South Africa ODIs 2026 - Men,1,21,South Africa Men,753,Namibia Men,8779721,2026-09-09T10:25:06Z,5,246,False,3501,Gerhard Erasmus,8283,Dewald Brevis,8315,Jordan Hermann,245.0,70.0,Right,1,0,1,1,LengthBall,OutsideOff,None,FrontFoot,Dropped,OffBreak,Round,OffSpin,Right,Null,NotReferred,Null,False,False,False,False,False,True,False,False,True,False,False,False,1,0,0,0,0,False,False,Mid Off,,,,,,
1642393,39,6.69,7,0,0,261,2,7,76398,,40955,Namibia v South Africa ODIs 2026 - Men,1,21,South Africa Men,753,Namibia Men,8779722,2026-09-09T10:25:12Z,6,247,False,3501,Gerhard Erasmus,8315,Jordan Hermann,8283,Dewald Brevis,203.0,137.0,Left,2,0,2,2,HalfVolley,LegStump,None,BackFoot,Worked,OffBreak,Round,OffSpin,Right,Null,NotReferred,Null,False,False,False,False,False,True,False,False,True,False,False,False,2,0,0,0,0,False,False,Deep Square Leg,,,,,,
1642410,40,6.65,5,0,0,266,2,5,76398,,40955,Namibia v South Africa ODIs 2026 - Men,1,21,South Africa Men,753,Namibia Men,8779730,2026-09-09T10:25:26Z,1,248,False,14575,Jack Brassell,8283,Dewald Brevis,8315,Jordan Hermann,246.0,31.0,Right,0,0,0,0,LengthBall,OutsideOff,None,BackFoot,BackwardDefensive,NoMovement,Over,Medium,Right,Null,NotReferred,Null,False,False,False,False,False,True,False,False,True,False,False,False,0,0,0,0,0,False,False,Short Extra Cover,,,,,,
1642410,40,6.65,5,0,0,266,2,5,76398,,40955,Namibia v South Africa ODIs 2026 - Men,1,21,South Africa Men,753,Namibia Men,8779747,2026-09-09T10:25:38Z,2,249,False,14575,Jack Brassell,8283,Dewald Brevis,8315,Jordan Hermann,313.0,126.0,Right,1,0,1,1,BackOfALength,OutsideOff,None,BackFoot,Pull,NoMovement,Over,Medium,Right,Null,NotReferred,Null,False,False,False,False,False,True,False,False,True,False,False,False,1,0,0,0,0,False,False,Deep Mid Wicket,,,,,,
1642410,40,6.65,5,0,0,266,2,5,76398,,40955,Namibia v South Africa ODIs 2026 - Men,1,21,South Africa Men,753,Namibia Men,8779750,2026-09-09T10:26:25Z,3,250,False,14575,Jack Brassell,8315,Jordan Hermann,8283,Dewald Brevis,262.0,137.0,Left,1,0,1,1,Yorker,OutsideOff,MisTimed,FrontFoot,Slog,NoMovement,Over,Medium,Right,Null,NotReferred,Null,False,False,False,False,False,True,False,False,True,False,False,False,1,0,0,0,0,False,False,Long On,,,,,,
1642410,40,6.65,5,0,0,266,2,5,76398,,40955,Namibia v South Africa ODIs 2026 - Men,1,21,South Africa Men,753,Namibia Men,8779767,2026-09-09T10:26:28Z,4,251,False,14575,Jack Brassell,8283,Dewald Brevis,8315,Jordan Hermann,39.0,65.0,Right,1,0,1,1,BackOfALength,OffStump,None,BackFoot,Worked,NoMovement,Over,Medium,Right,Null,NotReferred,Null,False,False,False,False,False,True,False,False,True,False,False,False,1,0,0,0,0,False,False,Short Fine Leg,,,,,,
1642410,40,6.65,5,0,0,266,2,5,76398,,40955,Namibia v South Africa ODIs 2026 - Men,1,21,South Africa Men,753,Namibia Men,8779787,2026-09-09T10:27:06Z,5,252,False,14575,Jack Brassell,8315,Jordan Hermann,8283,Dewald Brevis,222.0,75.0,Left,1,0,1,1,HalfVolley,OffStump,None,BackFoot,Worked,NoMovement,Over,Medium,Right,Null,NotReferred,Null,False,False,False,False,False,True,False,False,True,False,False,False,1,0,0,0,0,False,False,Mid Wicket,,,,,,
1642410,40,6.65,5,0,0,266,2,5,76398,,40955,Namibia v South Africa ODIs 2026 - Men,1,21,South Africa Men,753,Namibia Men,8779801,2026-09-09T10:27:41Z,6,253,False,14575,Jack Brassell,8283,Dewald Brevis,8315,Jordan Hermann,33.0,69.0,Right,1,0,1,1,Short,OutsideOff,MisTimed,BackFoot,Pull,NoMovement,Over,Medium,Right,Null,NotReferred,Null,False,False,False,False,False,True,False,False,True,False,False,False,1,0,0,0,0,False,False,Short Fine Leg,,,,,,
1642427,41,6.68,8,0,0,274,2,8,76398,,40955,Namibia v South Africa ODIs 2026 - Men,1,21,South Africa Men,753,Namibia Men,8779829,2026-09-09T10:29:12Z,1,254,False,3506,Bernard Scholtz,8283,Dewald Brevis,8315,Jordan Hermann,237.0,68.0,Right,0,0,0,0,LengthBall,MiddleStump,None,BacksAway,Pushed,StockBall,Round,Orthodox,Left,Null,NotReferred,Null,False,False,False,False,False,True,False,False,True,False,False,False,0,0,0,0,0,False,False,Extra Cover,,,,,,
1642427,41,6.68,8,0,0,274,2,8,76398,,40955,Namibia v South Africa ODIs 2026 - Men,1,21,South Africa Men,753,Namibia Men,8779837,2026-09-09T10:29:29Z,2,255,False,3506,Bernard Scholtz,8283,Dewald Brevis,8315,Jordan Hermann,,,Right,0,0,0,0,BackOfALength,MiddleStump,None,FrontFoot,Worked,StockBall,Round,Orthodox,Left,Null,NotReferred,Null,False,False,False,False,False,True,False,False,True,False,False,False,0,0,0,0,0,False,False,Bowler,,,,,,
1642427,41,6.68,8,0,0,274,2,8,76398,,40955,Namibia v South Africa ODIs 2026 - Men,1,21,South Africa Men,753,Namibia Men,8779844,2026-09-09T10:29:44Z,3,256,False,3506,Bernard Scholtz,8283,Dewald Brevis,8315,Jordan Hermann,330.0,129.0,Right,2,0,2,2,Short,MiddleStump,None,BacksAway,Worked,StockBall,Round,Orthodox,Left,Null,NotReferred,Null,False,False,False,False,False,True,False,False,True,False,False,False,2,0,0,0,0,False,False,Deep Square Leg,,,,,,
1642427,41,6.68,8,0,0,274,2,8,76398,,40955,Namibia v South Africa ODIs 2026 - Men,1,21,South Africa Men,753,Namibia Men,8779854,2026-09-09T10:30:18Z,4,257,False,3506,Bernard Scholtz,8283,Dewald Brevis,8315,Jordan Hermann,212.0,114.0,Right,1,0,1,1,BackOfALength,OutsideOff,None,BackFoot,Pushed,ArmBall,Round,Orthodox,Left,Null,NotReferred,Null,False,False,False,False,False,True,False,False,True,False,False,False,1,0,0,0,0,False,False,Deep Extra Cover,,,,,,
1642427,41,6.68,8,0,0,274,2,8,76398,,40955,Namibia v South Africa ODIs 2026 - Men,1,21,South Africa Men,753,Namibia Men,8779872,2026-09-09T10:30:51Z,5,258,False,3506,Bernard Scholtz,8315,Jordan Hermann,8283,Dewald Brevis,222.0,132.0,Left,1,0,1,1,BackOfALength,OutsideOff,None,DeepInCrease,Flick,StockBall,Over,Orthodox,Left,Null,NotReferred,Null,False,False,False,False,False,True,False,False,True,False,False,False,1,0,0,0,0,False,False,Deep Mid Wicket,,,,,,
1642427,41,6.68,8,0,0,274,2,8,76398,,40955,Namibia v South Africa ODIs 2026 - Men,1,21,South Africa Men,753,Namibia Men,8779896,2026-09-09T10:31:17Z,6,259,False,3506,Bernard Scholtz,8283,Dewald Brevis,8315,Jordan Hermann,207.0,175.0,Right,4,0,4,4,BackOfALength,Wide,WellTimed,FrontFoot,Drive,StockBall,Round,Orthodox,Left,Null,NotReferred,Null,False,False,False,False,False,True,False,False,True,False,False,False,4,0,0,0,0,True,False,,,,,,,
1642443,42,6.57,2,1,0,276,3,2,76398,,40955,Namibia v South Africa ODIs 2026 - Men,1,21,South Africa Men,753,Namibia Men,8779920,2026-09-09T10:32:29Z,1,260,False,8249,Ruben Trumpelmann,8315,Jordan Hermann,8283,Dewald Brevis,,,Left,0,0,0,0,LengthBall,OutsideOff,None,FrontFoot,Pushed,SlowerBall,Over,Medium,Left,Null,NotReferred,Null,False,False,False,False,False,True,False,False,True,False,False,False,0,0,0,0,0,False,False,Bowler,,,,,,
1642443,42,6.57,2,1,0,276,3,2,76398,,40955,Namibia v South Africa ODIs 2026 - Men,1,21,South Africa Men,753,Namibia Men,8779932,2026-09-09T10:32:59Z,2,261,False,8249,Ruben Trumpelmann,8315,Jordan Hermann,8283,Dewald Brevis,91.0,36.0,Left,0,0,0,0,Short,OutsideOff,BottomEdge,BackFoot,Pull,NoMovement,Over,Medium,Left,Null,NotReferred,Null,False,False,False,False,False,True,False,False,True,False,False,False,0,0,0,0,0,False,False,Wicketkeeper,,,,,,
1642443,42,6.57,2,1,0,276,3,2,76398,,40955,Namibia v South Africa ODIs 2026 - Men,1,21,South Africa Men,753,Namibia Men,8779948,2026-09-09T10:33:32Z,3,262,False,8249,Ruben Trumpelmann,8315,Jordan Hermann,8283,Dewald Brevis,319.0,134.0,Left,1,0,1,1,BackOfALength,OutsideOff,None,BackFoot,Drive,NoMovement,Over,Medium,Left,Null,NotReferred,Null,False,False,False,False,False,True,False,False,True,False,False,False,1,0,0,0,0,False,False,Deep Extra Cover,,,,,,
1642443,42,6.57,2,1,0,276,3,2,76398,,40955,Namibia v South Africa ODIs 2026 - Men,1,21,South Africa Men,753,Namibia Men,8779969,2026-09-09T10:34:26Z,4,263,False,8249,Ruben Trumpelmann,8283,Dewald Brevis,8315,Jordan Hermann,319.0,117.0,Right,1,0,1,1,LengthBall,OutsideOff,None,FrontFoot,Worked,NoMovement,Round,Medium,Left,Null,NotReferred,Null,False,False,False,False,False,True,False,False,True,False,False,False,1,0,0,0,0,False,False,Deep Mid Wicket,,,,,,
1642443,42,6.57,2,1,0,276,3,2,76398,,40955,Namibia v South Africa ODIs 2026 - Men,1,21,South Africa Men,753,Namibia Men,8780003,2026-09-09T10:34:59Z,5,264,True,8249,Ruben Trumpelmann,8315,Jordan Hermann,8283,Dewald Brevis,340.0,68.0,Left,0,0,0,0,LengthBall,OutsideOff,MisTimed,BackFoot,Cut,SlowerBall,Round,Medium,Left,Null,NotReferred,Null,False,False,False,False,False,True,False,False,True,False,False,False,0,0,0,0,0,False,True,Cover,Caught,8315.0,Jordan Hermann,Caught,Caught,2022.0
1642443,42,6.57,2,1,0,276,3,2,76398,,40955,Namibia v South Africa ODIs 2026 - Men,1,21,South Africa Men,753,Namibia Men,8780034,2026-09-09T10:37:05Z,6,265,False,8249,Ruben Trumpelmann,2611,Rubin Hermann,8283,Dewald Brevis,359.0,58.0,Left,0,0,0,0,LengthBall,OutsideOff,None,FrontFoot,Pushed,NoMovement,Over,Medium,Left,Null,NotReferred,Null,False,False,False,False,False,True,False,False,True,False,False,False,0,0,0,0,0,False,False,Cover,,,,,,
1642465,43,6.63,9,0,0,285,3,9,76398,,40955,Namibia v South Africa ODIs 2026 - Men,1,21,South Africa Men,753,Namibia Men,8780069,2026-09-09T10:38:14Z,1,266,False,3506,Bernard Scholtz,8283,Dewald Brevis,2611,Rubin Hermann,222.0,177.0,Right,4,0,4,4,BackOfALength,OffStump,None,BacksAway,Drive,StockBall,Round,Orthodox,Left,Null,NotReferred,Null,False,False,False,False,False,True,False,False,True,False,False,False,4,0,0,0,0,True,False,Deep Extra Cover,,,,,,
1642465,43,6.63,9,0,0,285,3,9,76398,,40955,Namibia v South Africa ODIs 2026 - Men,1,21,South Africa Men,753,Namibia Men,8780078,2026-09-09T10:38:48Z,2,267,False,3506,Bernard Scholtz,8283,Dewald Brevis,2611,Rubin Hermann,312.0,48.0,Right,1,0,1,1,LengthBall,OffStump,None,FrontFoot,Worked,StockBall,Round,Orthodox,Left,Null,NotReferred,Null,False,False,False,False,False,True,False,False,True,False,False,False,1,0,0,0,0,False,False,Mid Wicket,,,,,,
1642465,43,6.63,9,0,0,285,3,9,76398,,40955,Namibia v South Africa ODIs 2026 - Men,1,21,South Africa Men,753,Namibia Men,8780093,2026-09-09T10:39:33Z,3,268,False,3506,Bernard Scholtz,2611,Rubin Hermann,8283,Dewald Brevis,170.0,131.0,Left,1,0,1,1,BackOfALength,OffStump,None,BackFoot,Worked,StockBall,Over,Orthodox,Left,Null,NotReferred,Null,False,False,False,False,False,True,False,False,True,False,False,False,1,0,0,0,0,False,False,Deep Backward Square Leg,,,,,,
1642465,43,6.63,9,0,0,285,3,9,76398,,40955,Namibia v South Africa ODIs 2026 - Men,1,21,South Africa Men,753,Namibia Men,8780107,2026-09-09T10:40:04Z,4,269,False,3506,Bernard Scholtz,8283,Dewald Brevis,2611,Rubin Hermann,173.0,155.0,Right,1,0,1,1,LengthBall,Wide,None,FrontFoot,Drive,StockBall,Round,Orthodox,Left,Null,NotReferred,Null,False,False,False,False,False,True,False,False,True,False,False,False,1,0,0,0,0,False,False,Deep Backward Point,,,,,,
1642465,43,6.63,9,0,0,285,3,9,76398,,40955,Namibia v South Africa ODIs 2026 - Men,1,21,South Africa Men,753,Namibia Men,8780119,2026-09-09T10:40:33Z,5,270,False,3506,Bernard Scholtz,2611,Rubin Hermann,8283,Dewald Brevis,256.0,142.0,Left,1,0,1,1,BackOfALength,OutsideOff,None,BackFoot,Flick,StockBall,Over,Orthodox,Left,Null,NotReferred,Null,False,False,False,False,False,True,False,False,True,False,False,False,1,0,0,0,0,False,False,Long On,,,,,,
1642465,43,6.63,9,0,0,285,3,9,76398,,40955,Namibia v South Africa ODIs 2026 - Men,1,21,South Africa Men,753,Namibia Men,8780130,2026-09-09T10:41:01Z,6,271,False,3506,Bernard Scholtz,8283,Dewald Brevis,2611,Rubin Hermann,249.0,132.0,Right,1,0,1,1,BackOfALength,MiddleStump,None,BacksAway,Pushed,StockBall,Round,Orthodox,Left,Null,NotReferred,Null,False,False,False,False,False,True,False,False,True,False,False,False,1,0,0,0,0,False,False,Long Off,,,,,,
1642483,44,6.68,9,2,0,294,5,9,76398,,40955,Namibia v South Africa ODIs 2026 - Men,1,21,South Africa Men,753,Namibia Men,8780180,2026-09-09T10:42:15Z,1,272,True,8249,Ruben Trumpelmann,8283,Dewald Brevis,2611,Rubin Hermann,349.0,148.0,Right,0,0,0,0,Short,OutsideOff,MisTimed,BackFoot,Pull,NoMovement,Round,Medium,Left,Null,NotReferred,Null,False,False,False,False,True,True,False,False,True,False,False,False,0,0,0,0,0,False,False,Deep Square Leg,Caught,8283.0,Dewald Brevis,Caught,Caught,2022.0
1642483,44,6.68,9,2,0,294,5,9,76398,,40955,Namibia v South Africa ODIs 2026 - Men,1,21,South Africa Men,753,Namibia Men,8780201,2026-09-09T10:44:07Z,2,273,False,8249,Ruben Trumpelmann,2668,Jason Smith,2611,Rubin Hermann,,,Right,1,1,1,0,BackOfALength,OffStump,PlayAndMissLegSide,FrontFoot,Worked,NoMovement,Round,Medium,Left,Null,NotReferred,Null,True,False,False,False,False,True,False,False,True,False,False,False,1,0,1,0,0,False,False,Wicketkeeper,,,,,,
1642483,44,6.68,9,2,0,294,5,9,76398,,40955,Namibia v South Africa ODIs 2026 - Men,1,21,South Africa Men,753,Namibia Men,8780218,2026-09-09T10:44:35Z,2,274,False,8249,Ruben Trumpelmann,2668,Jason Smith,2611,Rubin Hermann,156.0,72.0,Right,1,0,1,1,LengthBall,OutsideOff,None,FrontFoot,Pushed,NoMovement,Round,Medium,Left,Null,NotReferred,Null,False,False,False,False,False,True,False,False,True,False,False,False,1,0,0,0,0,False,False,Backward Point,,,,,,
1642483,44,6.68,9,2,0,294,5,9,76398,,40955,Namibia v South Africa ODIs 2026 - Men,1,21,South Africa Men,753,Namibia Men,8780232,2026-09-09T10:45:15Z,3,275,False,8249,Ruben Trumpelmann,2611,Rubin Hermann,2668,Jason Smith,245.0,133.0,Left,2,0,2,2,BackOfALength,OutsideOff,MisTimed,BackFoot,Slog,NoMovement,Over,Medium,Left,Null,NotReferred,Null,False,False,False,False,False,True,False,False,True,False,False,False,2,0,0,0,0,False,True,Long On,,,,,,
1642483,44,6.68,9,2,0,294,5,9,76398,,40955,Namibia v South Africa ODIs 2026 - Men,1,21,South Africa Men,753,Namibia Men,8780244,2026-09-09T10:45:52Z,4,276,False,8249,Ruben Trumpelmann,2611,Rubin Hermann,2668,Jason Smith,156.0,166.0,Left,4,0,4,4,Short,OutsideOff,WellTimed,BackFoot,Pull,NoMovement,Over,Medium,Left,Null,NotReferred,Null,False,False,False,False,False,True,False,False,True,False,False,False,4,0,0,0,0,True,False,,,,,,,
1642483,44,6.68,9,2,0,294,5,9,76398,,40955,Namibia v South Africa ODIs 2026 - Men,1,21,South Africa Men,753,Namibia Men,8780266,2026-09-09T10:46:25Z,5,277,True,8249,Ruben Trumpelmann,2611,Rubin Hermann,2668,Jason Smith,,,Left,0,0,0,0,HalfVolley,MiddleStump,HitPad,MovesInfront,Scoop,SlowerBall,Over,Medium,Left,Null,NotReferred,Null,False,False,False,False,False,True,False,False,True,False,False,False,0,0,0,0,0,False,False,,Lbw,2611.0,Rubin Hermann,LBW,Lbw,2022.0
1642483,44,6.68,9,2,0,294,5,9,76398,,40955,Namibia v South Africa ODIs 2026 - Men,1,21,South Africa Men,753,Namibia Men,8780300,2026-09-09T10:48:14Z,6,278,False,8249,Ruben Trumpelmann,3673,Corbin Bosch,2668,Jason Smith,355.0,137.0,Right,1,0,1,1,BackOfALength,OutsideOff,None,BackFoot,Pull,NoMovement,Round,Medium,Left,Null,NotReferred,Null,False,False,False,False,False,True,False,False,True,False,False,False,1,0,0,0,0,False,False,Deep Square Leg,,,,,,
1642507,45,6.58,2,0,0,296,5,2,76398,,40955,Namibia v South Africa ODIs 2026 - Men,1,21,South Africa Men,753,Namibia Men,8780312,2026-09-09T10:49:13Z,1,279,False,3506,Bernard Scholtz,3673,Corbin Bosch,2668,Jason Smith,,,Right,0,0,0,0,BackOfALength,OutsideOff,MisTimed,BackFoot,Pushed,StockBall,Round,Orthodox,Left,Null,NotReferred,Null,False,False,False,False,False,True,False,False,True,False,False,False,0,0,0,0,0,False,False,Bowler,,,,,,
1642507,45,6.58,2,0,0,296,5,2,76398,,40955,Namibia v South Africa ODIs 2026 - Men,1,21,South Africa Men,753,Namibia Men,8780320,2026-09-09T10:49:27Z,2,280,False,3506,Bernard Scholtz,3673,Corbin Bosch,2668,Jason Smith,221.0,78.0,Right,0,0,0,0,BackOfALength,OutsideOff,None,BackFoot,Drive,StockBall,Round,Orthodox,Left,Null,NotReferred,Null,False,False,False,False,False,True,False,False,True,False,False,False,0,0,0,0,0,False,False,Extra Cover,,,,,,
1642507,45,6.58,2,0,0,296,5,2,76398,,40955,Namibia v South Africa ODIs 2026 - Men,1,21,South Africa Men,753,Namibia Men,8780324,2026-09-09T10:49:47Z,3,281,False,3506,Bernard Scholtz,3673,Corbin Bosch,2668,Jason Smith,232.0,72.0,Right,0,0,0,0,BackOfALength,OutsideOff,None,BackFoot,Drive,StockBall,Round,Orthodox,Left,Null,NotReferred,Null,False,False,False,False,False,True,False,False,True,False,False,False,0,0,0,0,0,False,False,Extra Cover,,,,,,
1642507,45,6.58,2,0,0,296,5,2,76398,,40955,Namibia v South Africa ODIs 2026 - Men,1,21,South Africa Men,753,Namibia Men,8780333,2026-09-09T10:50:03Z,4,282,False,3506,Bernard Scholtz,3673,Corbin Bosch,2668,Jason Smith,316.0,128.0,Right,1,0,1,1,BackOfALength,OutsideOff,None,BackFoot,Flick,StockBall,Round,Orthodox,Left,Null,NotReferred,Null,False,False,False,False,False,True,False,False,True,False,False,False,1,0,0,0,0,False,False,Deep Mid Wicket,,,,,,
1642507,45,6.58,2,0,0,296,5,2,76398,,40955,Namibia v South Africa ODIs 2026 - Men,1,21,South Africa Men,753,Namibia Men,8780346,2026-09-09T10:50:32Z,5,283,False,3506,Bernard Scholtz,2668,Jason Smith,3673,Corbin Bosch,,,Right,0,0,0,0,BackOfALength,OutsideOff,Missed,FrontFoot,ForwardDefensive,StockBall,Round,Orthodox,Left,Null,NotReferred,Null,False,False,False,False,False,True,False,False,True,False,False,False,0,0,0,0,0,False,False,Wicketkeeper,,,,,,
1642507,45,6.58,2,0,0,296,5,2,76398,,40955,Namibia v South Africa ODIs 2026 - Men,1,21,South Africa Men,753,Namibia Men,8780356,2026-09-09T10:50:58Z,6,284,False,3506,Bernard Scholtz,2668,Jason Smith,3673,Corbin Bosch,208.0,146.0,Right,1,0,1,1,BackOfALength,OutsideOff,None,BacksAway,Cut,StockBall,Round,Orthodox,Left,Null,NotReferred,Null,False,False,False,False,False,True,False,False,True,False,False,False,1,0,0,0,0,False,False,Deep Cover,,,,,,
1642519,46,6.52,4,0,0,300,5,4,76398,,40955,Namibia v South Africa ODIs 2026 - Men,1,21,South Africa Men,753,Namibia Men,8780384,2026-09-09T10:52:06Z,1,285,False,8249,Ruben Trumpelmann,2668,Jason Smith,3673,Corbin Bosch,330.0,133.0,Right,1,0,1,1,Short,Wide,None,BackFoot,Pull,SlowerBall,Round,Medium,Left,Null,NotReferred,Null,False,False,False,False,False,True,False,False,True,False,False,False,1,0,0,0,0,False,False,Deep Square Leg,,,,,,
1642519,46,6.52,4,0,0,300,5,4,76398,,40955,Namibia v South Africa ODIs 2026 - Men,1,21,South Africa Men,753,Namibia Men,8780394,2026-09-09T10:52:38Z,2,286,False,8249,Ruben Trumpelmann,3673,Corbin Bosch,2668,Jason Smith,298.0,116.0,Right,1,0,1,1,LengthBall,OutsideOff,None,FrontFoot,Worked,NoMovement,Round,Medium,Left,Null,NotReferred,Null,False,False,False,False,False,True,False,False,True,False,False,False,1,0,0,0,0,False,False,Long On,,,,,,
1642519,46,6.52,4,0,0,300,5,4,76398,,40955,Namibia v South Africa ODIs 2026 - Men,1,21,South Africa Men,753,Namibia Men,8780403,2026-09-09T10:53:11Z,3,287,False,8249,Ruben Trumpelmann,2668,Jason Smith,3673,Corbin Bosch,,,Right,0,0,0,0,LengthBall,OutsideOff,None,FrontFoot,Worked,NoMovement,Round,Medium,Left,Null,NotReferred,Null,False,False,False,False,False,True,False,False,True,False,False,False,0,0,0,0,0,False,False,Bowler,,,,,,
1642519,46,6.52,4,0,0,300,5,4,76398,,40955,Namibia v South Africa ODIs 2026 - Men,1,21,South Africa Men,753,Namibia Men,8780415,2026-09-09T10:53:43Z,4,288,False,8249,Ruben Trumpelmann,2668,Jason Smith,3673,Corbin Bosch,196.0,134.0,Right,1,0,1,1,HalfVolley,Wide,None,FrontFoot,Drive,SlowerBall,Round,Medium,Left,Null,NotReferred,Null,False,False,False,False,False,True,False,False,True,False,False,False,1,0,0,0,0,False,False,Deep Cover,,,,,,
1642519,46,6.52,4,0,0,300,5,4,76398,,40955,Namibia v South Africa ODIs 2026 - Men,1,21,South Africa Men,753,Namibia Men,8780425,2026-09-09T10:54:18Z,5,289,False,8249,Ruben Trumpelmann,3673,Corbin Bosch,2668,Jason Smith,,,Right,0,0,0,0,Short,OutsideOff,HitHelmet,BackFoot,Pull,NoMovement,Round,Medium,Left,Null,NotReferred,Null,False,False,False,False,False,True,False,False,True,False,False,False,0,0,0,0,0,False,False,Wicketkeeper,,,,,,
1642519,46,6.52,4,0,0,300,5,4,76398,,40955,Namibia v South Africa ODIs 2026 - Men,1,21,South Africa Men,753,Namibia Men,8780438,2026-09-09T10:54:49Z,6,290,False,8249,Ruben Trumpelmann,3673,Corbin Bosch,2668,Jason Smith,229.0,60.0,Right,1,0,1,1,LengthBall,OutsideOff,None,FrontFoot,Pushed,SlowerBall,Round,Medium,Left,Null,NotReferred,Null,False,False,False,False,False,True,False,False,True,False,False,False,1,0,0,0,0,False,False,Extra Cover,,,,,,
1642530,47,6.49,5,0,0,305,5,5,76398,,40955,Namibia v South Africa ODIs 2026 - Men,1,21,South Africa Men,753,Namibia Men,8780450,2026-09-09T10:55:46Z,1,291,False,3506,Bernard Scholtz,3673,Corbin Bosch,2668,Jason Smith,325.0,167.0,Right,2,0,2,2,BackOfALength,OutsideOff,None,BackFoot,Pull,StockBall,Round,Orthodox,Left,Null,NotReferred,Null,False,False,False,False,True,True,False,False,True,False,False,False,2,0,0,0,0,False,False,Deep Mid Wicket,,,,,,
1642530,47,6.49,5,0,0,305,5,5,76398,,40955,Namibia v South Africa ODIs 2026 - Men,1,21,South Africa Men,753,Namibia Men,8780457,2026-09-09T10:56:18Z,2,292,False,3506,Bernard Scholtz,3673,Corbin Bosch,2668,Jason Smith,302.0,27.0,Right,0,0,0,0,BackOfALength,MiddleStump,HitBody,FrontFoot,SlogSweep,StockBall,Round,Orthodox,Left,Null,NotReferred,Null,False,False,False,False,False,True,False,False,True,False,False,False,0,0,0,0,0,False,False,Mid Wicket,,,,,,
1642530,47,6.49,5,0,0,305,5,5,76398,,40955,Namibia v South Africa ODIs 2026 - Men,1,21,South Africa Men,753,Namibia Men,8780470,2026-09-09T10:56:40Z,3,293,False,3506,Bernard Scholtz,3673,Corbin Bosch,2668,Jason Smith,222.0,75.0,Right,1,0,1,1,BackOfALength,OutsideOff,None,BackFoot,Pushed,StockBall,Round,Orthodox,Left,Null,NotReferred,Null,False,False,False,False,False,True,False,False,True,False,False,False,1,0,0,0,0,False,False,Extra Cover,,,,,,
1642530,47,6.49,5,0,0,305,5,5,76398,,40955,Namibia v South Africa ODIs 2026 - Men,1,21,South Africa Men,753,Namibia Men,8780474,2026-09-09T10:57:02Z,4,294,False,3506,Bernard Scholtz,2668,Jason Smith,3673,Corbin Bosch,,,Right,0,0,0,0,BackOfALength,MiddleStump,Missed,BacksAway,Worked,StockBall,Round,Orthodox,Left,Null,NotReferred,Null,False,False,False,False,False,True,False,False,True,False,False,False,0,0,0,0,0,False,False,Wicketkeeper,,,,,,
1642530,47,6.49,5,0,0,305,5,5,76398,,40955,Namibia v South Africa ODIs 2026 - Men,1,21,South Africa Men,753,Namibia Men,8780492,2026-09-09T10:57:16Z,5,295,False,3506,Bernard Scholtz,2668,Jason Smith,3673,Corbin Bosch,222.0,78.0,Right,1,0,1,1,BackOfALength,OutsideOff,None,FrontFoot,Pushed,StockBall,Round,Orthodox,Left,Null,NotReferred,Null,False,False,False,False,False,True,False,False,True,False,False,False,1,0,0,0,0,False,False,Extra Cover,,,,,,
1642530,47,6.49,5,0,0,305,5,5,76398,,40955,Namibia v South Africa ODIs 2026 - Men,1,21,South Africa Men,753,Namibia Men,8780499,2026-09-09T10:57:45Z,6,296,False,3506,Bernard Scholtz,3673,Corbin Bosch,2668,Jason Smith,242.0,148.0,Right,1,0,1,1,LengthBall,OffStump,None,FrontFoot,Pushed,StockBall,Round,Orthodox,Left,Null,NotReferred,Null,False,False,False,False,False,True,False,False,True,False,False,False,1,0,0,0,0,False,False,Long Off,,,,,,
1642541,48,6.6,12,0,0,317,5,12,76398,,40955,Namibia v South Africa ODIs 2026 - Men,1,21,South Africa Men,753,Namibia Men,8780517,2026-09-09T10:58:37Z,1,297,False,3198,JJ Smit,3673,Corbin Bosch,2668,Jason Smith,,,Right,0,0,0,0,HalfVolley,DownLeg,HitPad,FrontFoot,Flick,NoMovement,Over,Medium,Left,Null,NotReferred,Null,False,False,False,False,False,True,False,True,True,False,False,False,0,0,0,0,0,False,False,Bowler,,,,,,
1642541,48,6.6,12,0,0,317,5,12,76398,,40955,Namibia v South Africa ODIs 2026 - Men,1,21,South Africa Men,753,Namibia Men,8780528,2026-09-09T10:59:07Z,2,298,False,3198,JJ Smit,3673,Corbin Bosch,2668,Jason Smith,340.0,136.0,Right,1,0,1,1,Short,DownLeg,None,BackFoot,Pull,NoMovement,Over,Medium,Left,Null,NotReferred,Null,False,False,False,False,False,True,False,False,True,False,False,False,1,0,0,0,0,False,False,Deep Square Leg,,,,,,
1642541,48,6.6,12,0,0,317,5,12,76398,,40955,Namibia v South Africa ODIs 2026 - Men,1,21,South Africa Men,753,Namibia Men,8780538,2026-09-09T10:59:39Z,3,299,False,3198,JJ Smit,2668,Jason Smith,3673,Corbin Bosch,38.0,130.0,Right,1,0,1,1,HalfVolley,DownLeg,None,BackFoot,Worked,NoMovement,Over,Medium,Left,Null,NotReferred,Null,False,False,False,False,False,True,False,False,True,False,False,False,1,0,0,0,0,False,False,Fine Leg,,,,,,
1642541,48,6.6,12,0,0,317,5,12,76398,,40955,Namibia v South Africa ODIs 2026 - Men,1,21,South Africa Men,753,Namibia Men,8780553,2026-09-09T11:00:08Z,4,300,False,3198,JJ Smit,3673,Corbin Bosch,2668,Jason Smith,328.0,129.0,Right,1,0,1,1,HalfVolley,DownLeg,None,BackFoot,Flick,NoMovement,Over,Medium,Left,Null,NotReferred,Null,False,False,False,False,False,True,False,False,True,False,False,False,1,0,0,0,0,False,False,Deep Mid Wicket,,,,,,
1642541,48,6.6,12,0,0,317,5,12,76398,,40955,Namibia v South Africa ODIs 2026 - Men,1,21,South Africa Men,753,Namibia Men,8780565,2026-09-09T11:00:41Z,5,301,False,3198,JJ Smit,2668,Jason Smith,3673,Corbin Bosch,330.0,141.0,Right,2,0,2,2,HalfVolley,LegStump,None,BackFoot,Flick,NoMovement,Over,Medium,Left,Null,NotReferred,Null,False,False,False,False,False,True,False,False,True,False,False,False,2,0,0,0,0,False,False,Deep Square Leg,,,,,,
1642541,48,6.6,12,0,0,317,5,12,76398,,40955,Namibia v South Africa ODIs 2026 - Men,1,21,South Africa Men,753,Namibia Men,8780580,2026-09-09T11:01:13Z,6,302,False,3198,JJ Smit,2668,Jason Smith,3673,Corbin Bosch,,,Right,1,1,1,0,HalfTracker,DownLeg,Left,NoMovement,Leave,SlowerBall,Over,Medium,Left,Null,NotReferred,Null,True,False,False,False,False,True,False,False,True,False,False,False,1,0,1,0,0,False,False,Wicketkeeper,,,,,,
1642541,48,6.6,12,0,0,317,5,12,76398,,40955,Namibia v South Africa ODIs 2026 - Men,1,21,South Africa Men,753,Namibia Men,8780599,2026-09-09T11:01:45Z,6,303,False,3198,JJ Smit,2668,Jason Smith,3673,Corbin Bosch,278.0,180.0,Right,6,0,6,6,LengthBall,LegStump,Middled,FrontFoot,Slog,NoMovement,Over,Medium,Left,Null,NotReferred,Null,False,False,False,False,True,True,False,False,True,False,False,False,6,0,0,0,0,True,False,,,,,,,
1642558,49,6.78,16,0,0,332,5,16,76398,,40955,Namibia v South Africa ODIs 2026 - Men,1,21,South Africa Men,753,Namibia Men,8780618,2026-09-09T11:02:39Z,1,304,False,3506,Bernard Scholtz,3673,Corbin Bosch,2668,Jason Smith,282.0,180.0,Right,6,0,6,6,LengthBall,OutsideOff,Middled,FrontFoot,Slog,StockBall,Round,Orthodox,Left,Null,NotReferred,Null,False,False,False,False,True,True,False,False,True,False,False,False,6,0,0,0,0,True,False,,,,,,,
1642558,49,6.78,16,0,0,332,5,16,76398,,40955,Namibia v South Africa ODIs 2026 - Men,1,21,South Africa Men,753,Namibia Men,8780643,2026-09-09T11:04:07Z,2,305,False,3506,Bernard Scholtz,3673,Corbin Bosch,2668,Jason Smith,328.0,151.0,Right,2,0,2,2,,,,0,,StockBall,Round,Orthodox,Left,Null,NotReferred,Null,False,False,False,False,False,True,False,False,True,False,False,False,2,0,0,0,0,False,False,Deep Mid Wicket,,,,,,
1642558,49,6.78,16,0,0,332,5,16,76398,,40955,Namibia v South Africa ODIs 2026 - Men,1,21,South Africa Men,753,Namibia Men,8780654,2026-09-09T11:04:39Z,3,306,False,3506,Bernard Scholtz,3673,Corbin Bosch,2668,Jason Smith,356.0,171.0,Right,4,0,4,4,LengthBall,OutsideOff,None,FrontFoot,Sweep,StockBall,Round,Orthodox,Left,Null,NotReferred,Null,False,False,False,False,False,True,False,False,True,False,False,False,4,0,0,0,0,True,False,Deep Square Leg,,,,,,
1642558,49,6.78,16,0,0,332,5,16,76398,,40955,Namibia v South Africa ODIs 2026 - Men,1,21,South Africa Men,753,Namibia Men,8780663,2026-09-09T11:05:12Z,4,307,False,3506,Bernard Scholtz,3673,Corbin Bosch,2668,Jason Smith,163.0,135.0,Right,1,0,1,1,BackOfALength,OutsideOff,None,BackFoot,Cut,StockBall,Round,Orthodox,Left,Null,NotReferred,Null,False,False,False,False,False,True,False,False,True,False,False,False,1,0,0,0,0,False,False,Deep Backward Point,,,,,,
1642558,49,6.78,16,0,0,332,5,16,76398,,40955,Namibia v South Africa ODIs 2026 - Men,1,21,South Africa Men,753,Namibia Men,8780672,2026-09-09T11:05:35Z,5,308,False,3506,Bernard Scholtz,2668,Jason Smith,3673,Corbin Bosch,128.0,60.0,Right,1,0,1,1,BackOfALength,Wide,BottomEdge,BackFoot,Cut,StockBall,Round,Orthodox,Left,Null,NotReferred,Null,False,False,False,False,False,True,False,False,True,False,False,False,1,0,0,0,0,False,False,Gully,,,,,,
1642558,49,6.78,16,0,0,332,5,16,76398,,40955,Namibia v South Africa ODIs 2026 - Men,1,21,South Africa Men,753,Namibia Men,8780687,2026-09-09T11:05:57Z,6,309,False,3506,Bernard Scholtz,3673,Corbin Bosch,2668,Jason Smith,198.0,142.0,Right,2,0,2,2,LengthBall,Wide,None,FrontFoot,Drive,StockBall,Round,Orthodox,Left,Null,NotReferred,Null,False,False,False,False,False,True,False,False,True,False,False,False,2,0,0,0,0,False,False,Deep Cover,,,,,,
1642572,50,6.96,16,1,0,348,6,16,76398,,40955,Namibia v South Africa ODIs 2026 - Men,1,21,South Africa Men,753,Namibia Men,8780701,2026-09-09T11:06:56Z,1,310,False,3198,JJ Smit,2668,Jason Smith,3673,Corbin Bosch,,,Right,1,1,1,0,HalfVolley,DownLeg,Left,FrontFoot,Leave,NoMovement,Over,Medium,Left,Null,NotReferred,Null,True,False,False,False,False,True,False,False,True,False,False,False,1,0,1,0,0,False,False,Wicketkeeper,,,,,,
1642572,50,6.96,16,1,0,348,6,16,76398,,40955,Namibia v South Africa ODIs 2026 - Men,1,21,South Africa Men,753,Namibia Men,8780731,2026-09-09T11:07:31Z,1,311,True,3198,JJ Smit,2668,Jason Smith,3673,Corbin Bosch,332.0,156.0,Right,0,0,0,0,FullToss,MiddleStump,MisTimed,FrontFoot,Slog,NoMovement,Over,Medium,Left,Null,NotReferred,Null,False,False,False,False,False,True,False,False,True,False,False,False,0,0,0,0,0,False,True,Deep Square Leg,Caught,2668.0,Jason Smith,Caught,Caught,2022.0
1642572,50,6.96,16,1,0,348,6,16,76398,,40955,Namibia v South Africa ODIs 2026 - Men,1,21,South Africa Men,753,Namibia Men,8780747,2026-09-09T11:09:17Z,2,312,False,3198,JJ Smit,7158,Duan Jansen,3673,Corbin Bosch,340.0,41.0,Right,1,0,1,1,HalfVolley,OutsideOff,None,BackFoot,Pushed,NoMovement,Over,Medium,Left,Null,NotReferred,Null,False,False,False,False,False,True,False,False,True,False,False,False,1,0,0,0,0,False,False,Bowler,,,,,,
1642572,50,6.96,16,1,0,348,6,16,76398,,40955,Namibia v South Africa ODIs 2026 - Men,1,21,South Africa Men,753,Namibia Men,8780766,2026-09-09T11:09:58Z,3,313,False,3198,JJ Smit,3673,Corbin Bosch,7158,Duan Jansen,148.0,165.0,Right,6,0,6,6,FullToss,MiddleStump,Middled,FrontFoot,ReverseSweep,NoMovement,Over,Medium,Left,Null,NotReferred,Null,False,False,False,False,True,True,False,False,True,False,False,False,6,0,0,0,0,True,False,,,,,,,
1642572,50,6.96,16,1,0,348,6,16,76398,,40955,Namibia v South Africa ODIs 2026 - Men,1,21,South Africa Men,753,Namibia Men,8780774,2026-09-09T11:10:40Z,4,314,False,3198,JJ Smit,3673,Corbin Bosch,7158,Duan Jansen,,,Right,0,0,0,0,Yorker,MiddleStump,None,BackFoot,BackwardDefensive,NoMovement,Over,Medium,Left,Null,NotReferred,Null,False,False,False,False,False,True,False,False,True,False,False,False,0,0,0,0,0,False,False,Bowler,,,,,,
1642572,50,6.96,16,1,0,348,6,16,76398,,40955,Namibia v South Africa ODIs 2026 - Men,1,21,South Africa Men,753,Namibia Men,8780787,2026-09-09T11:11:11Z,5,315,False,3198,JJ Smit,3673,Corbin Bosch,7158,Duan Jansen,333.0,142.0,Right,2,0,2,2,Short,DownLeg,None,BackFoot,Pull,NoMovement,Over,Medium,Left,Null,NotReferred,Null,False,False,False,False,True,True,False,False,True,False,False,False,2,0,0,0,0,False,False,Deep Square Leg,,,,,,
1642572,50,6.96,16,1,0,348,6,16,76398,,40955,Namibia v South Africa ODIs 2026 - Men,1,21,South Africa Men,753,Namibia Men,8780804,2026-09-09T11:11:51Z,6,316,False,3198,JJ Smit,3673,Corbin Bosch,7158,Duan Jansen,152.0,165.0,Right,6,0,6,6,FullToss,DownLeg,Middled,FrontFoot,ReverseSweep,NoMovement,Over,Medium,Left,Null,NotReferred,Null,False,False,False,False,True,True,False,False,True,False,False,False,6,0,0,0,0,True,False,,,,,,,
1642697,2,4.0,5,0,0,8,0,5,76409,,40955,Namibia v South Africa ODIs 2026 - Men,2,753,Namibia Men,21,South Africa Men,8781491,2026-09-09T11:48:36Z,1,9,False,3673,Corbin Bosch,14394,Malan Kruger,14574,Alex Volschenk,241.0,72.0,Right,0,0,0,0,LengthBall,OutsideOff,None,FrontFoot,Drive,NoMovement,Over,FastSeam,Right,Null,NotReferred,Null,False,False,False,False,False,True,False,True,True,False,False,False,0,0,0,0,0,False,False,Mid Off,,,,,,
1642697,2,4.0,5,0,0,8,0,5,76409,,40955,Namibia v South Africa ODIs 2026 - Men,2,753,Namibia Men,21,South Africa Men,8781496,2026-09-09T11:49:12Z,2,10,False,3673,Corbin Bosch,14394,Malan Kruger,14574,Alex Volschenk,,,Right,0,0,0,0,BackOfALength,OutsideOff,ShouldersArms,BackFoot,ShouldersArms,AwaySwinger,Over,FastSeam,Right,Null,NotReferred,Null,False,False,False,False,False,True,False,False,True,False,False,False,0,0,0,0,0,False,False,Wicketkeeper,,,,,,
1642697,2,4.0,5,0,0,8,0,5,76409,,40955,Namibia v South Africa ODIs 2026 - Men,2,753,Namibia Men,21,South Africa Men,8781502,2026-09-09T11:49:49Z,3,11,False,3673,Corbin Bosch,14394,Malan Kruger,14574,Alex Volschenk,223.0,43.0,Right,0,0,0,0,BackOfALength,OutsideOff,None,BackFoot,BackwardDefensive,NoMovement,Over,FastSeam,Right,Null,NotReferred,Null,False,False,False,False,False,True,False,False,True,False,False,False,0,0,0,0,0,False,False,Extra Cover,,,,,,
1642697,2,4.0,5,0,0,8,0,5,76409,,40955,Namibia v South Africa ODIs 2026 - Men,2,753,Namibia Men,21,South Africa Men,8781513,2026-09-09T11:50:28Z,4,12,False,3673,Corbin Bosch,14394,Malan Kruger,14574,Alex Volschenk,,,Right,0,0,0,0,LengthBall,OutsideOff,ShouldersArms,FrontFoot,ShouldersArms,NoMovement,Over,FastSeam,Right,Null,NotReferred,Null,False,False,False,False,False,True,False,False,True,False,False,False,0,0,0,0,0,False,False,Wicketkeeper,,,,,,
1642697,2,4.0,5,0,0,8,0,5,76409,,40955,Namibia v South Africa ODIs 2026 - Men,2,753,Namibia Men,21,South Africa Men,8781519,2026-09-09T11:51:02Z,5,13,False,3673,Corbin Bosch,14394,Malan Kruger,14574,Alex Volschenk,352.0,88.0,Right,1,0,1,1,BackOfALength,OutsideOff,None,DownTheTrack,Worked,NoMovement,Over,FastSeam,Right,Null,NotReferred,Null,False,False,False,False,False,True,False,False,True,False,False,False,1,0,0,0,0,False,False,Square Leg,,,,,,
1642697,2,4.0,5,0,0,8,0,5,76409,,40955,Namibia v South Africa ODIs 2026 - Men,2,753,Namibia Men,21,South Africa Men,8781529,2026-09-09T11:51:43Z,6,14,False,3673,Corbin Bosch,14574,Alex Volschenk,14394,Malan Kruger,85.0,160.0,Right,4,0,4,4,BackOfALength,OutsideOff,InsideEdge,BackFoot,Pushed,InSwinger,Over,FastSeam,Right,Null,NotReferred,Null,False,False,False,False,False,True,False,False,True,False,False,False,4,0,0,0,0,True,False,Wicketkeeper,,,,,,
1642705,3,3.0,1,0,0,9,0,1,76409,,40955,Namibia v South Africa ODIs 2026 - Men,2,753,Namibia Men,21,South Africa Men,8781535,2026-09-09T11:52:49Z,1,15,False,7158,Duan Jansen,14394,Malan Kruger,14574,Alex Volschenk,,,Right,0,0,0,0,HalfVolley,OutsideOff,Missed,FrontFoot,Drive,AwaySwinger,Over,FastSeam,Left,Null,NotReferred,Null,False,False,False,False,False,True,False,False,True,False,False,False,0,0,0,0,0,False,False,Wicketkeeper,,,,,,
1642705,3,3.0,1,0,0,9,0,1,76409,,40955,Namibia v South Africa ODIs 2026 - Men,2,753,Namibia Men,21,South Africa Men,8781542,2026-09-09T11:53:25Z,2,16,False,7158,Duan Jansen,14394,Malan Kruger,14574,Alex Volschenk,,,Right,0,0,0,0,Short,LegStump,Left,BackFoot,Hook,NoMovement,Over,FastSeam,Left,Null,NotReferred,Null,False,False,False,False,False,True,False,False,True,False,False,False,0,0,0,0,0,False,False,Wicketkeeper,,,,,,
1642705,3,3.0,1,0,0,9,0,1,76409,,40955,Namibia v South Africa ODIs 2026 - Men,2,753,Namibia Men,21,South Africa Men,8781545,2026-09-09T11:54:02Z,3,17,False,7158,Duan Jansen,14394,Malan Kruger,14574,Alex Volschenk,,,Right,0,0,0,0,LengthBall,OutsideOff,ShouldersArms,FrontFoot,ShouldersArms,AwaySwinger,Over,FastSeam,Left,Null,NotReferred,Null,False,False,False,False,False,True,False,False,True,False,False,False,0,0,0,0,0,False,False,Wicketkeeper,,,,,,
1642705,3,3.0,1,0,0,9,0,1,76409,,40955,Namibia v South Africa ODIs 2026 - Men,2,753,Namibia Men,21,South Africa Men,8781552,2026-09-09T11:54:35Z,4,18,False,7158,Duan Jansen,14394,Malan Kruger,14574,Alex Volschenk,,,Right,0,0,0,0,BackOfALength,LegStump,None,BackFoot,BackwardDefensive,NoMovement,Over,FastSeam,Left,Null,NotReferred,Null,False,False,False,False,False,True,False,False,True,False,False,False,0,0,0,0,0,False,False,Bowler,,,,,,
1642705,3,3.0,1,0,0,9,0,1,76409,,40955,Namibia v South Africa ODIs 2026 - Men,2,753,Namibia Men,21,South Africa Men,8781557,2026-09-09T11:55:12Z,5,19,False,7158,Duan Jansen,14394,Malan Kruger,14574,Alex Volschenk,342.0,63.0,Right,0,0,0,0,BackOfALength,LegStump,None,BackFoot,Worked,NoMovement,Over,FastSeam,Left,Null,NotReferred,Null,False,False,False,False,False,True,False,False,True,False,False,False,0,0,0,0,0,False,False,Square Leg,,,,,,
1642705,3,3.0,1,0,0,9,0,1,76409,,40955,Namibia v South Africa ODIs 2026 - Men,2,753,Namibia Men,21,South Africa Men,8781564,2026-09-09T11:55:49Z,6,20,False,7158,Duan Jansen,14394,Malan Kruger,14574,Alex Volschenk,350.0,44.0,Right,1,0,1,1,Short,LegStump,Spliced,BackFoot,Dropped,NoMovement,Over,FastSeam,Left,Null,NotReferred,Null,False,False,False,False,False,True,False,False,True,False,False,False,1,0,0,0,0,False,False,Square Leg,,,,,,
1642711,4,3.0,3,0,0,12,0,3,76409,,40955,Namibia v South Africa ODIs 2026 - Men,2,753,Namibia Men,21,South Africa Men,8781571,2026-09-09T11:56:48Z,1,21,False,3673,Corbin Bosch,14394,Malan Kruger,14574,Alex Volschenk,25.0,127.0,Right,1,0,1,1,BackOfALength,OffStump,None,BackFoot,Worked,InSwinger,Over,FastSeam,Right,Null,NotReferred,Null,False,False,False,False,False,True,False,False,True,False,False,False,1,0,0,0,0,False,False,Deep Backward Square Leg,,,,,,
1642711,4,3.0,3,0,0,12,0,3,76409,,40955,Namibia v South Africa ODIs 2026 - Men,2,753,Namibia Men,21,South Africa Men,8781575,2026-09-09T11:57:27Z,2,22,False,3673,Corbin Bosch,14574,Alex Volschenk,14394,Malan Kruger,,,Right,0,0,0,0,BackOfALength,OutsideOff,Missed,BackFoot,Cut,NoMovement,Over,FastSeam,Right,Null,NotReferred,Null,False,False,False,False,False,True,False,False,True,False,False,False,0,0,0,0,0,False,False,Wicketkeeper,,,,,,
1642711,4,3.0,3,0,0,12,0,3,76409,,40955,Namibia v South Africa ODIs 2026 - Men,2,753,Namibia Men,21,South Africa Men,8781579,2026-09-09T11:58:06Z,3,23,False,3673,Corbin Bosch,14574,Alex Volschenk,14394,Malan Kruger,214.0,41.0,Right,0,0,0,0,BackOfALength,OutsideOff,Spliced,BackFoot,BackwardDefensive,InSwinger,Over,FastSeam,Right,Null,NotReferred,Null,False,False,False,False,False,True,False,False,True,False,False,False,0,0,0,0,0,False,False,Extra Cover,,,,,,
1642711,4,3.0,3,0,0,12,0,3,76409,,40955,Namibia v South Africa ODIs 2026 - Men,2,753,Namibia Men,21,South Africa Men,8781587,2026-09-09T11:58:46Z,4,24,False,3673,Corbin Bosch,14574,Alex Volschenk,14394,Malan Kruger,212.0,55.0,Right,1,0,1,1,LengthBall,OutsideOff,None,FrontFoot,Pushed,NoMovement,Over,FastSeam,Right,Null,NotReferred,Null,False,False,False,False,False,True,False,False,True,False,False,False,1,0,0,0,0,False,False,Extra Cover,,,,,,
1642711,4,3.0,3,0,0,12,0,3,76409,,40955,Namibia v South Africa ODIs 2026 - Men,2,753,Namibia Men,21,South Africa Men,8781594,2026-09-09T11:59:31Z,5,25,False,3673,Corbin Bosch,14394,Malan Kruger,14574,Alex Volschenk,350.0,14.0,Right,0,0,0,0,BackOfALength,OutsideOff,Spliced,BackFoot,BackwardDefensive,NoMovement,Over,FastSeam,Right,Null,NotReferred,Null,False,False,False,False,False,True,False,False,True,False,False,False,0,0,0,0,0,False,False,Square Leg,,,,,,
1642711,4,3.0,3,0,0,12,0,3,76409,,40955,Namibia v South Africa ODIs 2026 - Men,2,753,Namibia Men,21,South Africa Men,8781600,2026-09-09T12:00:09Z,6,26,False,3673,Corbin Bosch,14394,Malan Kruger,14574,Alex Volschenk,287.0,113.0,Right,1,0,1,1,LengthBall,OutsideOff,None,FrontFoot,Pushed,NoMovement,Over,FastSeam,Right,Null,NotReferred,Null,False,False,False,False,False,True,False,False,True,False,False,False,1,0,0,0,0,False,False,Long On,,,,,,
1642718,5,2.8,2,0,0,14,0,2,76409,,40955,Namibia v South Africa ODIs 2026 - Men,2,753,Namibia Men,21,South Africa Men,8781613,2026-09-09T12:01:15Z,1,27,False,7158,Duan Jansen,14394,Malan Kruger,14574,Alex Volschenk,,,Right,0,0,0,0,LengthBall,OutsideOff,Missed,FrontFoot,Drive,AwaySwinger,Over,FastSeam,Left,Null,NotReferred,Null,False,False,False,False,False,True,False,False,True,False,False,False,0,0,0,0,0,False,False,Wicketkeeper,,,,,,
1642718,5,2.8,2,0,0,14,0,2,76409,,40955,Namibia v South Africa ODIs 2026 - Men,2,753,Namibia Men,21,South Africa Men,8781619,2026-09-09T12:01:54Z,2,28,False,7158,Duan Jansen,14394,Malan Kruger,14574,Alex Volschenk,,,Right,0,0,0,0,BackOfALength,LegStump,Missed,FrontFoot,BackwardDefensive,AwaySwinger,Over,FastSeam,Left,Null,NotReferred,Null,False,False,False,False,False,True,False,False,True,False,False,False,0,0,0,0,0,False,False,Wicketkeeper,,,,,,
1642718,5,2.8,2,0,0,14,0,2,76409,,40955,Namibia v South Africa ODIs 2026 - Men,2,753,Namibia Men,21,South Africa Men,8781623,2026-09-09T12:02:31Z,3,29,False,7158,Duan Jansen,14394,Malan Kruger,14574,Alex Volschenk,,,Right,0,0,0,0,BackOfALength,OffStump,Missed,FrontFoot,ForwardDefensive,AwaySwinger,Over,FastSeam,Left,Null,NotReferred,Null,False,False,False,False,False,True,False,False,True,False,False,False,0,0,0,0,0,False,False,Wicketkeeper,,,,,,
1642718,5,2.8,2,0,0,14,0,2,76409,,40955,Namibia v South Africa ODIs 2026 - Men,2,753,Namibia Men,21,South Africa Men,8781629,2026-09-09T12:03:08Z,4,30,False,7158,Duan Jansen,14394,Malan Kruger,14574,Alex Volschenk,,,Right,0,0,0,0,LengthBall,OutsideOff,Left,FrontFoot,Leave,NoMovement,Over,FastSeam,Left,Null,NotReferred,Null,False,False,False,False,False,True,False,False,True,False,False,False,0,0,0,0,0,False,False,Wicketkeeper,,,,,,
1642718,5,2.8,2,0,0,14,0,2,76409,,40955,Namibia v South Africa ODIs 2026 - Men,2,753,Namibia Men,21,South Africa Men,8781633,2026-09-09T12:03:43Z,5,31,False,7158,Duan Jansen,14394,Malan Kruger,14574,Alex Volschenk,15.0,106.0,Right,2,0,2,2,BackOfALength,DownLeg,None,BackFoot,Worked,NoMovement,Over,FastSeam,Left,Null,NotReferred,Null,False,False,False,False,False,True,False,False,True,False,False,False,2,0,0,0,0,False,False,Deep Backward Square Leg,,,,,,
1642718,5,2.8,2,0,0,14,0,2,76409,,40955,Namibia v South Africa ODIs 2026 - Men,2,753,Namibia Men,21,South Africa Men,8781639,2026-09-09T12:04:22Z,6,32,False,7158,Duan Jansen,14394,Malan Kruger,14574,Alex Volschenk,193.0,50.0,Right,0,0,0,0,BackOfALength,LegStump,None,BackFoot,BackwardDefensive,AwaySwinger,Over,FastSeam,Left,Null,NotReferred,Null,False,False,False,False,False,True,False,False,True,False,False,False,0,0,0,0,0,False,False,Cover,,,,,,
1642723,6,3.33,6,0,0,20,0,6,76409,,40955,Namibia v South Africa ODIs 2026 - Men,2,753,Namibia Men,21,South Africa Men,8781651,2026-09-09T12:05:17Z,1,33,False,3673,Corbin Bosch,14574,Alex Volschenk,14394,Malan Kruger,,,Right,0,0,0,0,BackOfALength,OutsideOff,Missed,BackFoot,BackwardDefensive,NoMovement,Over,FastSeam,Right,Null,NotReferred,Null,False,False,False,False,False,True,False,False,True,False,False,False,0,0,0,0,0,False,False,Wicketkeeper,,,,,,
1642723,6,3.33,6,0,0,20,0,6,76409,,40955,Namibia v South Africa ODIs 2026 - Men,2,753,Namibia Men,21,South Africa Men,8781654,2026-09-09T12:05:55Z,2,34,False,3673,Corbin Bosch,14574,Alex Volschenk,14394,Malan Kruger,213.0,33.0,Right,0,0,0,0,BackOfALength,OutsideOff,None,BackFoot,BackwardDefensive,NoMovement,Over,FastSeam,Right,Null,NotReferred,Null,False,False,False,False,False,True,False,False,True,False,False,False,0,0,0,0,0,False,False,Extra Cover,,,,,,
1642723,6,3.33,6,0,0,20,0,6,76409,,40955,Namibia v South Africa ODIs 2026 - Men,2,753,Namibia Men,21,South Africa Men,8781658,2026-09-09T12:06:41Z,3,35,False,3673,Corbin Bosch,14574,Alex Volschenk,14394,Malan Kruger,45.0,144.0,Right,1,0,1,1,LengthBall,LegStump,None,FrontFoot,Flick,NoMovement,Over,FastSeam,Right,Null,NotReferred,Null,False,False,False,False,False,True,False,False,True,False,False,False,1,0,0,0,0,False,False,Fine Leg,,,,,,
1642723,6,3.33,6,0,0,20,0,6,76409,,40955,Namibia v South Africa ODIs 2026 - Men,2,753,Namibia Men,21,South Africa Men,8781667,2026-09-09T12:07:23Z,4,36,False,3673,Corbin Bosch,14394,Malan Kruger,14574,Alex Volschenk,,,Right,1,1,1,0,Short,OutsideOff,Left,Ducked,Leave,SeamIn,Over,FastSeam,Right,Null,NotReferred,Null,True,False,False,False,False,True,False,False,True,False,False,False,1,0,1,0,0,False,False,Wicketkeeper,,,,,,
1642723,6,3.33,6,0,0,20,0,6,76409,,40955,Namibia v South Africa ODIs 2026 - Men,2,753,Namibia Men,21,South Africa Men,8781670,2026-09-09T12:08:13Z,4,37,False,3673,Corbin Bosch,14394,Malan Kruger,14574,Alex Volschenk,220.0,46.0,Right,0,0,0,0,LengthBall,OutsideOff,None,FrontFoot,ForwardDefensive,NoMovement,Over,FastSeam,Right,Null,NotReferred,Null,False,False,False,False,False,True,False,False,True,False,False,False,0,0,0,0,0,False,False,Extra Cover,,,,,,
1642723,6,3.33,6,0,0,20,0,6,76409,,40955,Namibia v South Africa ODIs 2026 - Men,2,753,Namibia Men,21,South Africa Men,8781679,2026-09-09T12:08:49Z,5,38,False,3673,Corbin Bosch,14394,Malan Kruger,14574,Alex Volschenk,333.0,154.0,Right,3,0,3,3,LengthBall,OutsideOff,None,BackFoot,Worked,NoMovement,Over,FastSeam,Right,Null,NotReferred,Null,False,False,False,False,False,True,False,False,True,False,False,False,3,0,0,0,0,False,False,Deep Square Leg,,,,,,
1642723,6,3.33,6,0,0,20,0,6,76409,,40955,Namibia v South Africa ODIs 2026 - Men,2,753,Namibia Men,21,South Africa Men,8781687,2026-09-09T12:09:38Z,6,39,False,3673,Corbin Bosch,14574,Alex Volschenk,14394,Malan Kruger,126.0,123.0,Right,1,0,1,1,BackOfALength,OutsideOff,None,BackFoot,Steer,NoMovement,Over,FastSeam,Right,Null,NotReferred,Null,False,False,False,False,False,True,False,False,True,False,False,False,1,0,0,0,0,False,False,Third Man,,,,,,
1642733,7,3.0,1,0,0,21,0,1,76409,,40955,Namibia v South Africa ODIs 2026 - Men,2,753,Namibia Men,21,South Africa Men,8781694,2026-09-09T12:10:39Z,1,40,False,7158,Duan Jansen,14574,Alex Volschenk,14394,Malan Kruger,297.0,62.0,Right,0,0,0,0,LengthBall,LegStump,None,FrontFoot,ForwardDefensive,NoMovement,Over,FastSeam,Left,Null,NotReferred,Null,False,False,False,False,False,True,False,False,True,False,False,False,0,0,0,0,0,False,False,Mid On,,,,,,
1642733,7,3.0,1,0,0,21,0,1,76409,,40955,Namibia v South Africa ODIs 2026 - Men,2,753,Namibia Men,21,South Africa Men,8781703,2026-09-09T12:11:15Z,2,41,False,7158,Duan Jansen,14574,Alex Volschenk,14394,Malan Kruger,256.0,69.0,Right,0,0,0,0,LengthBall,MiddleStump,None,FrontFoot,Pushed,NoMovement,Over,FastSeam,Left,Null,NotReferred,Null,False,False,False,False,False,True,False,False,True,False,False,False,0,0,0,0,0,False,False,Mid Off,,,,,,
1642733,7,3.0,1,0,0,21,0,1,76409,,40955,Namibia v South Africa ODIs 2026 - Men,2,753,Namibia Men,21,South Africa Men,8781714,2026-09-09T12:11:50Z,3,42,False,7158,Duan Jansen,14574,Alex Volschenk,14394,Malan Kruger,166.0,50.0,Right,0,0,0,0,BackOfALength,OffStump,None,BackFoot,Pushed,NoMovement,Over,FastSeam,Left,Null,NotReferred,Null,False,False,False,False,False,True,False,False,True,False,False,False,0,0,0,0,0,False,False,Backward Point,,,,,,
1642733,7,3.0,1,0,0,21,0,1,76409,,40955,Namibia v South Africa ODIs 2026 - Men,2,753,Namibia Men,21,South Africa Men,8781720,2026-09-09T12:12:24Z,4,43,False,7158,Duan Jansen,14574,Alex Volschenk,14394,Malan Kruger,,,Right,0,0,0,0,BackOfALength,LegStump,None,BackFoot,BackwardDefensive,NoMovement,Over,FastSeam,Left,Null,NotReferred,Null,False,False,False,False,False,True,False,False,True,False,False,False,0,0,0,0,0,False,False,Bowler,,,,,,
1642733,7,3.0,1,0,0,21,0,1,76409,,40955,Namibia v South Africa ODIs 2026 - Men,2,753,Namibia Men,21,South Africa Men,8781728,2026-09-09T12:13:01Z,5,44,False,7158,Duan Jansen,14574,Alex Volschenk,14394,Malan Kruger,276.0,73.0,Right,1,0,1,1,BackOfALength,LegStump,None,FrontFoot,Dropped,NoMovement,Over,FastSeam,Left,Null,NotReferred,Null,False,False,False,False,False,True,False,False,True,False,False,False,1,0,0,0,0,False,False,Mid On,,,,,,
1642733,7,3.0,1,0,0,21,0,1,76409,,40955,Namibia v South Africa ODIs 2026 - Men,2,753,Namibia Men,21,South Africa Men,8781736,2026-09-09T12:13:42Z,6,45,False,7158,Duan Jansen,14394,Malan Kruger,14574,Alex Volschenk,176.0,62.0,Right,0,0,0,0,BackOfALength,LegStump,Spliced,FrontFoot,BackwardDefensive,NoMovement,Over,FastSeam,Left,Null,NotReferred,Null,False,False,False,False,False,True,False,False,True,False,False,False,0,0,0,0,0,False,False,Backward Point,,,,,,
1642742,8,2.62,0,0,0,21,0,0,76409,,40955,Namibia v South Africa ODIs 2026 - Men,2,753,Namibia Men,21,South Africa Men,8781742,2026-09-09T12:14:34Z,1,46,False,3673,Corbin Bosch,14574,Alex Volschenk,14394,Malan Kruger,202.0,67.0,Right,0,0,0,0,LengthBall,OutsideOff,None,FrontFoot,Drive,NoMovement,Over,FastSeam,Right,Null,NotReferred,Null,False,False,False,False,False,True,False,False,True,False,False,False,0,0,0,0,0,False,False,Cover,,,,,,
1642742,8,2.62,0,0,0,21,0,0,76409,,40955,Namibia v South Africa ODIs 2026 - Men,2,753,Namibia Men,21,South Africa Men,8781749,2026-09-09T12:15:14Z,2,47,False,3673,Corbin Bosch,14574,Alex Volschenk,14394,Malan Kruger,226.0,46.0,Right,0,0,0,0,LengthBall,OutsideOff,None,FrontFoot,Pushed,NoMovement,Over,FastSeam,Right,Null,NotReferred,Null,False,False,False,False,False,True,False,False,True,False,False,False,0,0,0,0,0,False,False,Extra Cover,,,,,,
1642742,8,2.62,0,0,0,21,0,0,76409,,40955,Namibia v South Africa ODIs 2026 - Men,2,753,Namibia Men,21,South Africa Men,8781758,2026-09-09T12:15:54Z,3,48,False,3673,Corbin Bosch,14574,Alex Volschenk,14394,Malan Kruger,157.0,54.0,Right,0,0,0,0,BackOfALength,OutsideOff,None,BackFoot,Steer,NoMovement,Over,FastSeam,Right,Null,NotReferred,Null,False,False,False,False,False,True,False,False,True,False,False,False,0,0,0,0,0,False,False,Backward Point,,,,,,
1642742,8,2.62,0,0,0,21,0,0,76409,,40955,Namibia v South Africa ODIs 2026 - Men,2,753,Namibia Men,21,South Africa Men,8781765,2026-09-09T12:16:35Z,4,49,False,3673,Corbin Bosch,14574,Alex Volschenk,14394,Malan Kruger,,,Right,0,0,0,0,BackOfALength,OutsideOff,Missed,BackFoot,UpperCut,NoMovement,Over,FastSeam,Right,Null,NotReferred,Null,False,False,False,False,False,True,False,False,True,False,False,False,0,0,0,0,0,False,False,Wicketkeeper,,,,,,
1642742,8,2.62,0,0,0,21,0,0,76409,,40955,Namibia v South Africa ODIs 2026 - Men,2,753,Namibia Men,21,South Africa Men,8781771,2026-09-09T12:17:17Z,5,50,False,3673,Corbin Bosch,14574,Alex Volschenk,14394,Malan Kruger,179.0,61.0,Right,0,0,0,0,HalfVolley,OutsideOff,None,FrontFoot,Pushed,NoMovement,Over,FastSeam,Right,Null,NotReferred,Null,False,False,False,False,False,True,False,False,True,False,False,False,0,0,0,0,0,False,False,Point,,,,,,
1642742,8,2.62,0,0,0,21,0,0,76409,,40955,Namibia v South Africa ODIs 2026 - Men,2,753,Namibia Men,21,South Africa Men,8781780,2026-09-09T12:17:56Z,6,51,False,3673,Corbin Bosch,14574,Alex Volschenk,14394,Malan Kruger,184.0,41.0,Right,0,0,0,0,BackOfALength,OutsideOff,None,BackFoot,BackwardDefensive,NoMovement,Over,FastSeam,Right,Null,NotReferred,Null,False,False,False,False,False,True,False,False,True,False,False,False,0,0,0,0,0,False,False,Point,,,,,,
1642749,9,2.56,2,0,0,23,0,2,76409,,40955,Namibia v South Africa ODIs 2026 - Men,2,753,Namibia Men,21,South Africa Men,8781790,2026-09-09T12:19:01Z,1,52,False,7158,Duan Jansen,14394,Malan Kruger,14574,Alex Volschenk,354.0,61.0,Right,0,0,0,0,BackOfALength,LegStump,None,BackFoot,Worked,NoMovement,Over,FastSeam,Left,Null,NotReferred,Null,False,False,False,False,False,True,False,False,True,False,False,False,0,0,0,0,0,False,False,Square Leg,,,,,,
1642749,9,2.56,2,0,0,23,0,2,76409,,40955,Namibia v South Africa ODIs 2026 - Men,2,753,Namibia Men,21,South Africa Men,8781800,2026-09-09T12:19:40Z,2,53,False,7158,Duan Jansen,14394,Malan Kruger,14574,Alex Volschenk,189.0,34.0,Right,0,0,0,0,LengthBall,LegStump,None,BackFoot,BackwardDefensive,NoMovement,Over,FastSeam,Left,Null,NotReferred,Null,False,False,False,False,False,True,False,False,True,False,False,False,0,0,0,0,0,False,False,Point,,,,,,
1642749,9,2.56,2,0,0,23,0,2,76409,,40955,Namibia v South Africa ODIs 2026 - Men,2,753,Namibia Men,21,South Africa Men,8781807,2026-09-09T12:20:17Z,3,54,False,7158,Duan Jansen,14394,Malan Kruger,14574,Alex Volschenk,15.0,47.0,Right,0,0,0,0,Short,LegStump,None,DownTheTrack,Worked,NoMovement,Over,FastSeam,Left,Null,NotReferred,Null,False,False,False,False,False,True,False,False,True,False,False,False,0,0,0,0,0,False,False,Backward Square Leg,,,,,,
1642749,9,2.56,2,0,0,23,0,2,76409,,40955,Namibia v South Africa ODIs 2026 - Men,2,753,Namibia Men,21,South Africa Men,8781818,2026-09-09T12:20:53Z,4,55,False,7158,Duan Jansen,14394,Malan Kruger,14574,Alex Volschenk,,,Right,1,1,1,0,Short,DownLeg,PlayAndMissLegSide,BackFoot,Pull,NoMovement,Over,FastSeam,Left,Null,NotReferred,Null,True,False,False,False,False,True,False,False,True,False,False,False,1,0,1,0,0,False,False,Wicketkeeper,,,,,,
1642749,9,2.56,2,0,0,23,0,2,76409,,40955,Namibia v South Africa ODIs 2026 - Men,2,753,Namibia Men,21,South Africa Men,8781833,2026-09-09T12:21:34Z,4,56,False,7158,Duan Jansen,14394,Malan Kruger,14574,Alex Volschenk,337.0,62.0,Right,0,0,0,0,BackOfALength,DownLeg,None,BackFoot,Worked,NoMovement,Over,FastSeam,Left,Null,NotReferred,Null,False,False,False,False,False,True,False,False,True,False,False,False,0,0,0,0,0,False,False,Square Leg,,,,,,
1642749,9,2.56,2,0,0,23,0,2,76409,,40955,Namibia v South Africa ODIs 2026 - Men,2,753,Namibia Men,21,South Africa Men,8781846,2026-09-09T12:22:10Z,5,57,False,7158,Duan Jansen,14394,Malan Kruger,14574,Alex Volschenk,0.0,0.0,Right,0,0,0,0,Short,DownLeg,PlayAndMissLegSide,BackFoot,Hook,NoMovement,Over,FastSeam,Left,Null,NotReferred,Null,False,False,False,False,False,True,False,False,True,False,False,False,0,0,0,0,0,False,False,Wicketkeeper,,,,,,
1642749,9,2.56,2,0,0,23,0,2,76409,,40955,Namibia v South Africa ODIs 2026 - Men,2,753,Namibia Men,21,South Africa Men,8781860,2026-09-09T12:22:51Z,6,58,False,7158,Duan Jansen,14394,Malan Kruger,14574,Alex Volschenk,301.0,73.0,Right,1,0,1,1,HalfVolley,OutsideOff,None,FrontFoot,Flick,NoMovement,Over,FastSeam,Left,Null,NotReferred,Null,False,False,False,False,False,True,False,False,True,False,False,False,1,0,0,0,0,False,False,Mid Wicket,,,,,,
1642763,10,2.4,1,0,0,24,0,1,76409,,40955,Namibia v South Africa ODIs 2026 - Men,2,753,Namibia Men,21,South Africa Men,8781870,2026-09-09T12:23:43Z,1,59,False,8664,Kwena Maphaka,14394,Malan Kruger,14574,Alex Volschenk,188.0,47.0,Right,0,0,0,0,LengthBall,LegStump,None,FrontFoot,ForwardDefensive,NoMovement,Over,FastSeam,Left,Null,NotReferred,Null,False,False,False,False,False,True,False,False,True,False,False,False,0,0,0,0,0,False,False,Point,,,,,,
1642763,10,2.4,1,0,0,24,0,1,76409,,40955,Namibia v South Africa ODIs 2026 - Men,2,753,Namibia Men,21,South Africa Men,8781880,2026-09-09T12:24:15Z,2,60,False,8664,Kwena Maphaka,14394,Malan Kruger,14574,Alex Volschenk,222.0,70.0,Right,0,0,0,0,HalfVolley,OutsideOff,None,FrontFoot,Drive,NoMovement,Over,FastSeam,Left,Null,NotReferred,Null,False,False,False,False,False,True,False,False,True,False,False,False,0,0,0,0,0,False,False,Extra Cover,,,,,,
1642763,10,2.4,1,0,0,24,0,1,76409,,40955,Namibia v South Africa ODIs 2026 - Men,2,753,Namibia Men,21,South Africa Men,8781890,2026-09-09T12:24:48Z,3,61,False,8664,Kwena Maphaka,14394,Malan Kruger,14574,Alex Volschenk,236.0,68.0,Right,1,0,1,1,LengthBall,OffStump,None,FrontFoot,Drive,NoMovement,Over,FastSeam,Left,Null,NotReferred,Null,False,False,False,False,False,True,False,False,True,False,False,False,1,0,0,0,0,False,False,Extra Cover,,,,,,
1642763,10,2.4,1,0,0,24,0,1,76409,,40955,Namibia v South Africa ODIs 2026 - Men,2,753,Namibia Men,21,South Africa Men,8781900,2026-09-09T12:25:21Z,4,62,False,8664,Kwena Maphaka,14574,Alex Volschenk,14394,Malan Kruger,,,Right,0,0,0,0,Short,DownLeg,Left,BackFoot,Leave,AwaySwinger,Over,FastSeam,Left,Null,NotReferred,Null,False,False,False,False,False,True,False,False,True,False,False,False,0,0,0,0,0,False,False,Wicketkeeper,,,,,,
1642763,10,2.4,1,0,0,24,0,1,76409,,40955,Namibia v South Africa ODIs 2026 - Men,2,753,Namibia Men,21,South Africa Men,8781913,2026-09-09T12:25:56Z,5,63,False,8664,Kwena Maphaka,14574,Alex Volschenk,14394,Malan Kruger,,,Right,0,0,0,0,Short,DownLeg,Left,SwayedAway,Leave,AwaySwinger,Over,FastSeam,Left,Null,NotReferred,Null,False,False,False,False,False,True,False,False,True,False,False,False,0,0,0,0,0,False,False,Wicketkeeper,,,,,,
1642763,10,2.4,1,0,0,24,0,1,76409,,40955,Namibia v South Africa ODIs 2026 - Men,2,753,Namibia Men,21,South Africa Men,8781915,2026-09-09T12:26:34Z,6,64,False,8664,Kwena Maphaka,14574,Alex Volschenk,14394,Malan Kruger,,,Right,0,0,0,0,Short,DownLeg,Left,SwayedAway,Leave,AwaySwinger,Over,FastSeam,Left,Null,NotReferred,Null,False,False,False,False,False,True,False,False,True,False,False,False,0,0,0,0,0,False,False,Wicketkeeper,,,,,,
1642776,11,2.82,7,0,0,31,0,7,76409,,40955,Namibia v South Africa ODIs 2026 - Men,2,753,Namibia Men,21,South Africa Men,8781947,2026-09-09T12:27:55Z,1,65,False,2648,Bjorn Fortuin,14394,Malan Kruger,14574,Alex Volschenk,245.0,121.0,Right,1,0,1,1,BackOfALength,OutsideOff,None,BackFoot,Pushed,StockBall,Round,Orthodox,Left,Null,NotReferred,Null,False,False,False,False,False,True,False,False,True,False,False,False,1,0,0,0,0,False,False,Long Off,,,,,,
1642776,11,2.82,7,0,0,31,0,7,76409,,40955,Namibia v South Africa ODIs 2026 - Men,2,753,Namibia Men,21,South Africa Men,8781953,2026-09-09T12:28:12Z,2,66,False,2648,Bjorn Fortuin,14574,Alex Volschenk,14394,Malan Kruger,208.0,62.0,Right,1,0,1,1,LengthBall,OutsideOff,None,FrontFoot,ForwardDefensive,StockBall,Round,Orthodox,Left,Null,NotReferred,Null,False,False,False,False,False,True,False,False,True,False,False,False,1,0,0,0,0,False,False,Cover,,,,,,
1642776,11,2.82,7,0,0,31,0,7,76409,,40955,Namibia v South Africa ODIs 2026 - Men,2,753,Namibia Men,21,South Africa Men,8781959,2026-09-09T12:28:29Z,3,67,False,2648,Bjorn Fortuin,14394,Malan Kruger,14574,Alex Volschenk,348.0,65.0,Right,1,0,1,1,LengthBall,OffStump,InsideEdge,FrontFoot,Worked,StockBall,Round,Orthodox,Left,Null,NotReferred,Null,False,False,False,False,False,True,False,False,True,False,False,False,1,0,0,0,0,False,False,Square Leg,,,,,,
1642776,11,2.82,7,0,0,31,0,7,76409,,40955,Namibia v South Africa ODIs 2026 - Men,2,753,Namibia Men,21,South Africa Men,8781972,2026-09-09T12:29:02Z,4,68,False,2648,Bjorn Fortuin,14574,Alex Volschenk,14394,Malan Kruger,342.0,61.0,Right,1,0,1,1,LengthBall,OffStump,None,FrontFoot,Pushed,StockBall,Round,Orthodox,Left,Null,NotReferred,Null,False,False,False,False,False,True,False,False,True,False,False,False,1,0,0,0,0,False,False,Square Leg,,,,,,
1642776,11,2.82,7,0,0,31,0,7,76409,,40955,Namibia v South Africa ODIs 2026 - Men,2,753,Namibia Men,21,South Africa Men,8781982,2026-09-09T12:29:25Z,5,69,False,2648,Bjorn Fortuin,14394,Malan Kruger,14574,Alex Volschenk,332.0,158.0,Right,3,0,3,3,BackOfALength,OutsideOff,None,BackFoot,Pull,StockBall,Round,Orthodox,Left,Null,NotReferred,Null,False,False,False,False,False,True,False,False,True,False,False,False,3,0,0,0,0,False,False,Deep Square Leg,,,,,,
1642776,11,2.82,7,0,0,31,0,7,76409,,40955,Namibia v South Africa ODIs 2026 - Men,2,753,Namibia Men,21,South Africa Men,8781990,2026-09-09T12:29:57Z,6,70,False,2648,Bjorn Fortuin,14574,Alex Volschenk,14394,Malan Kruger,,,Right,0,0,0,0,BackOfALength,OutsideOff,None,BackFoot,BackwardDefensive,StockBall,Round,Orthodox,Left,Null,NotReferred,Null,False,False,False,False,False,True,False,False,True,False,False,False,0,0,0,0,0,False,False,Bowler,,,,,,
1642789,12,3.33,9,0,0,40,0,9,76409,,40955,Namibia v South Africa ODIs 2026 - Men,2,753,Namibia Men,21,South Africa Men,8782009,2026-09-09T12:30:50Z,1,71,False,8664,Kwena Maphaka,14394,Malan Kruger,14574,Alex Volschenk,2.0,139.0,Right,1,0,1,1,BackOfALength,DownLeg,None,BackFoot,Pull,NoMovement,Over,FastSeam,Left,Null,NotReferred,Null,False,False,False,False,True,True,False,False,True,False,False,False,1,0,0,0,0,False,False,Deep Backward Square Leg,,,,,,
1642789,12,3.33,9,0,0,40,0,9,76409,,40955,Namibia v South Africa ODIs 2026 - Men,2,753,Namibia Men,21,South Africa Men,8782022,2026-09-09T12:31:24Z,2,72,False,8664,Kwena Maphaka,14574,Alex Volschenk,14394,Malan Kruger,157.0,146.0,Right,1,0,1,1,LengthBall,OutsideOff,None,FrontFoot,Cut,NoMovement,Over,FastSeam,Left,Null,NotReferred,Null,False,False,False,False,False,True,False,False,True,False,False,False,1,0,0,0,0,False,False,Deep Backward Point,,,,,,
1642789,12,3.33,9,0,0,40,0,9,76409,,40955,Namibia v South Africa ODIs 2026 - Men,2,753,Namibia Men,21,South Africa Men,8782028,2026-09-09T12:31:58Z,3,73,False,8664,Kwena Maphaka,14394,Malan Kruger,14574,Alex Volschenk,234.0,49.0,Right,0,0,0,0,BackOfALength,LegStump,None,FrontFoot,BackwardDefensive,NoMovement,Over,FastSeam,Left,Null,NotReferred,Null,False,False,False,False,False,True,False,False,True,False,False,False,0,0,0,0,0,False,False,Extra Cover,,,,,,
1642789,12,3.33,9,0,0,40,0,9,76409,,40955,Namibia v South Africa ODIs 2026 - Men,2,753,Namibia Men,21,South Africa Men,8782043,2026-09-09T12:32:30Z,4,74,False,8664,Kwena Maphaka,14394,Malan Kruger,14574,Alex Volschenk,,,Right,1,1,1,0,Short,DownLeg,Missed,BackFoot,Hook,SeamAway,Over,FastSeam,Left,Null,NotReferred,Null,True,False,False,False,False,True,False,False,True,False,False,False,1,0,1,0,0,False,False,Wicketkeeper,,,,,,
1642789,12,3.33,9,0,0,40,0,9,76409,,40955,Namibia v South Africa ODIs 2026 - Men,2,753,Namibia Men,21,South Africa Men,8782058,2026-09-09T12:33:08Z,4,75,False,8664,Kwena Maphaka,14394,Malan Kruger,14574,Alex Volschenk,153.0,131.0,Right,1,0,1,1,BackOfALength,LegStump,None,BackFoot,Steer,NoMovement,Over,FastSeam,Left,Null,NotReferred,Null,False,False,False,False,False,True,False,False,True,False,False,False,1,0,0,0,0,False,False,Deep Backward Point,,,,,,
1642789,12,3.33,9,0,0,40,0,9,76409,,40955,Namibia v South Africa ODIs 2026 - Men,2,753,Namibia Men,21,South Africa Men,8782072,2026-09-09T12:33:47Z,5,76,False,8664,Kwena Maphaka,14574,Alex Volschenk,14394,Malan Kruger,219.0,39.0,Right,1,0,1,1,BackOfALength,DownLeg,None,BackFoot,Dropped,NoMovement,Over,FastSeam,Left,Null,NotReferred,Null,False,False,False,False,False,True,False,False,True,False,False,False,1,0,0,0,0,False,False,Extra Cover,,,,,,
1642789,12,3.33,9,0,0,40,0,9,76409,,40955,Namibia v South Africa ODIs 2026 - Men,2,753,Namibia Men,21,South Africa Men,8782080,2026-09-09T12:34:21Z,6,77,False,8664,Kwena Maphaka,14394,Malan Kruger,14574,Alex Volschenk,171.0,168.0,Right,4,0,4,4,BackOfALength,LegStump,WellTimed,FrontFoot,Cut,NoMovement,Over,FastSeam,Left,Null,NotReferred,Null,False,False,False,False,False,True,False,False,True,False,False,False,4,0,0,0,0,True,False,,,,,,,
1642805,13,3.85,10,0,0,50,0,10,76409,,40955,Namibia v South Africa ODIs 2026 - Men,2,753,Namibia Men,21,South Africa Men,8782108,2026-09-09T12:35:38Z,1,78,False,2648,Bjorn Fortuin,14574,Alex Volschenk,14394,Malan Kruger,33.0,110.0,Right,2,0,2,2,HalfVolley,LegStump,InsideEdge,FrontFoot,Flick,StockBall,Round,Orthodox,Left,Null,NotReferred,Null,False,False,False,False,False,True,False,False,True,False,False,False,2,0,0,0,0,False,False,Fine Leg,,,,,,
1642805,13,3.85,10,0,0,50,0,10,76409,,40955,Namibia v South Africa ODIs 2026 - Men,2,753,Namibia Men,21,South Africa Men,8782122,2026-09-09T12:36:07Z,2,79,False,2648,Bjorn Fortuin,14574,Alex Volschenk,14394,Malan Kruger,248.0,135.0,Right,1,0,1,1,LengthBall,LegStump,MisTimed,FrontFoot,Drive,StockBall,Round,Orthodox,Left,Null,NotReferred,Null,False,False,False,False,False,True,False,False,True,False,False,False,1,0,0,0,0,False,True,Long Off,,,,,,
1642805,13,3.85,10,0,0,50,0,10,76409,,40955,Namibia v South Africa ODIs 2026 - Men,2,753,Namibia Men,21,South Africa Men,8782129,2026-09-09T12:36:34Z,3,80,False,2648,Bjorn Fortuin,14394,Malan Kruger,14574,Alex Volschenk,85.0,157.0,Right,0,4,4,0,HalfVolley,LegStump,Missed,FrontFoot,Drive,StockBall,Round,Orthodox,Left,Null,NotReferred,Null,False,False,True,False,False,True,False,False,True,False,False,False,4,4,0,0,0,False,False,Fine Leg,,,,,,
1642805,13,3.85,10,0,0,50,0,10,76409,,40955,Namibia v South Africa ODIs 2026 - Men,2,753,Namibia Men,21,South Africa Men,8782138,2026-09-09T12:37:15Z,4,81,False,2648,Bjorn Fortuin,14394,Malan Kruger,14574,Alex Volschenk,330.0,58.0,Right,0,0,0,0,LengthBall,LegStump,None,FrontFoot,Worked,StockBall,Round,Orthodox,Left,Null,NotReferred,Null,False,False,False,False,False,True,False,False,True,False,False,False,0,0,0,0,0,False,False,Square Leg,,,,,,
1642805,13,3.85,10,0,0,50,0,10,76409,,40955,Namibia v South Africa ODIs 2026 - Men,2,753,Namibia Men,21,South Africa Men,8782148,2026-09-09T12:37:31Z,5,82,False,2648,Bjorn Fortuin,14394,Malan Kruger,14574,Alex Volschenk,334.0,161.0,Right,2,0,2,2,BackOfALength,OutsideOff,None,DownTheTrack,Flick,StockBall,Round,Orthodox,Left,Null,NotReferred,Null,False,False,False,False,True,True,False,False,True,False,False,False,2,0,0,0,0,False,False,Deep Square Leg,,,,,,
1642805,13,3.85,10,0,0,50,0,10,76409,,40955,Namibia v South Africa ODIs 2026 - Men,2,753,Namibia Men,21,South Africa Men,8782153,2026-09-09T12:37:58Z,6,83,False,2648,Bjorn Fortuin,14394,Malan Kruger,14574,Alex Volschenk,346.0,125.0,Right,1,0,1,1,BackOfALength,OutsideOff,None,BackFoot,Pull,StockBall,Round,Orthodox,Left,Null,NotReferred,Null,False,False,False,False,False,True,False,False,True,False,False,False,1,0,0,0,0,False,False,Deep Square Leg,,,,,,
1642815,14,3.79,3,1,0,53,1,3,76409,,40955,Namibia v South Africa ODIs 2026 - Men,2,753,Namibia Men,21,South Africa Men,8782176,2026-09-09T12:39:10Z,1,84,False,8664,Kwena Maphaka,14394,Malan Kruger,14574,Alex Volschenk,13.0,124.0,Right,1,0,1,1,BackOfALength,OutsideOff,None,BackFoot,Worked,NoMovement,Round,FastSeam,Left,Null,NotReferred,Null,False,False,False,False,False,True,False,False,True,False,False,False,1,0,0,0,0,False,False,Deep Backward Square Leg,,,,,,
1642815,14,3.79,3,1,0,53,1,3,76409,,40955,Namibia v South Africa ODIs 2026 - Men,2,753,Namibia Men,21,South Africa Men,8782209,2026-09-09T12:39:45Z,2,85,True,8664,Kwena Maphaka,14574,Alex Volschenk,14394,Malan Kruger,,,Right,0,0,0,0,BackOfALength,OutsideOff,OutsideEdge,BackFoot,Worked,NoMovement,Round,FastSeam,Left,Null,NotReferred,Null,False,False,False,False,False,True,False,False,True,False,False,False,0,0,0,0,0,False,True,Wicketkeeper,Caught,14574.0,Alex Volschenk,Caught,Caught,1960.0
1642815,14,3.79,3,1,0,53,1,3,76409,,40955,Namibia v South Africa ODIs 2026 - Men,2,753,Namibia Men,21,South Africa Men,8782235,2026-09-09T12:42:02Z,3,86,False,8664,Kwena Maphaka,3504,Jan Frylinck,14394,Malan Kruger,,,Left,1,1,1,0,LengthBall,LegStump,PlayAndMissLegSide,FrontFoot,Glance,NoMovement,Over,FastSeam,Left,Null,NotReferred,Null,True,False,False,False,False,True,False,False,True,False,False,False,1,0,1,0,0,False,False,Wicketkeeper,,,,,,
1642815,14,3.79,3,1,0,53,1,3,76409,,40955,Namibia v South Africa ODIs 2026 - Men,2,753,Namibia Men,21,South Africa Men,8782245,2026-09-09T12:42:37Z,3,87,False,8664,Kwena Maphaka,3504,Jan Frylinck,14394,Malan Kruger,318.0,53.0,Left,1,0,1,1,Short,OutsideOff,None,BackFoot,Pushed,NoMovement,Over,FastSeam,Left,Null,NotReferred,Null,False,False,False,False,False,True,False,False,True,False,False,False,1,0,0,0,0,False,False,Extra Cover,,,,,,
1642815,14,3.79,3,1,0,53,1,3,76409,,40955,Namibia v South Africa ODIs 2026 - Men,2,753,Namibia Men,21,South Africa Men,8782252,2026-09-09T12:43:15Z,4,88,False,8664,Kwena Maphaka,14394,Malan Kruger,3504,Jan Frylinck,208.0,51.0,Right,0,0,0,0,HalfVolley,OutsideOff,None,FrontFoot,Pushed,OffCutter,Round,FastSeam,Left,Null,NotReferred,Null,False,False,False,False,False,True,False,False,True,False,False,False,0,0,0,0,0,False,False,Cover,,,,,,
1642815,14,3.79,3,1,0,53,1,3,76409,,40955,Namibia v South Africa ODIs 2026 - Men,2,753,Namibia Men,21,South Africa Men,8782264,2026-09-09T12:43:49Z,5,89,False,8664,Kwena Maphaka,14394,Malan Kruger,3504,Jan Frylinck,,,Right,0,0,0,0,LengthBall,OutsideOff,None,BackFoot,BackwardDefensive,NoMovement,Round,FastSeam,Left,Null,NotReferred,Null,False,False,False,False,False,True,False,False,True,False,False,False,0,0,0,0,0,False,False,Bowler,,,,,,
1642815,14,3.79,3,1,0,53,1,3,76409,,40955,Namibia v South Africa ODIs 2026 - Men,2,753,Namibia Men,21,South Africa Men,8782287,2026-09-09T12:44:25Z,6,90,False,8664,Kwena Maphaka,14394,Malan Kruger,3504,Jan Frylinck,,,Right,0,0,0,0,Short,OutsideOff,PlayAndMissLegSide,BackFoot,Pull,NoMovement,Round,FastSeam,Left,Null,NotReferred,Null,False,False,False,False,False,True,False,False,True,False,False,False,0,0,0,0,0,False,False,Wicketkeeper,,,,,,
1642834,15,3.87,5,0,0,58,1,5,76409,,40955,Namibia v South Africa ODIs 2026 - Men,2,753,Namibia Men,21,South Africa Men,8782300,2026-09-09T12:45:34Z,1,91,False,2648,Bjorn Fortuin,3504,Jan Frylinck,14394,Malan Kruger,332.0,62.0,Left,1,0,1,1,LengthBall,OutsideOff,None,FrontFoot,Pushed,StockBall,Over,Orthodox,Left,Null,NotReferred,Null,False,False,False,False,False,True,False,False,True,False,False,False,1,0,0,0,0,False,False,Cover,,,,,,
1642834,15,3.87,5,0,0,58,1,5,76409,,40955,Namibia v South Africa ODIs 2026 - Men,2,753,Namibia Men,21,South Africa Men,8782306,2026-09-09T12:46:01Z,2,92,False,2648,Bjorn Fortuin,14394,Malan Kruger,3504,Jan Frylinck,,,Right,0,0,0,0,BackOfALength,OffStump,None,BackFoot,Worked,StockBall,Round,Orthodox,Left,Null,NotReferred,Null,False,False,False,False,False,True,False,False,True,False,False,False,0,0,0,0,0,False,False,Bowler,,,,,,
1642834,15,3.87,5,0,0,58,1,5,76409,,40955,Namibia v South Africa ODIs 2026 - Men,2,753,Namibia Men,21,South Africa Men,8782315,2026-09-09T12:46:20Z,3,93,False,2648,Bjorn Fortuin,14394,Malan Kruger,3504,Jan Frylinck,175.0,50.0,Right,0,0,0,0,BackOfALength,OutsideOff,HitPad,DownTheTrack,Worked,StockBall,Round,Orthodox,Left,Null,NotReferred,Null,False,False,False,False,False,True,False,False,True,False,False,False,0,0,0,0,0,False,False,Backward Point,,,,,,
1642834,15,3.87,5,0,0,58,1,5,76409,,40955,Namibia v South Africa ODIs 2026 - Men,2,753,Namibia Men,21,South Africa Men,8782328,2026-09-09T12:46:56Z,4,94,False,2648,Bjorn Fortuin,14394,Malan Kruger,3504,Jan Frylinck,47.0,147.0,Right,3,0,3,3,LengthBall,OutsideOff,None,FrontFoot,Sweep,StockBall,Round,Orthodox,Left,Null,NotReferred,Null,False,False,False,False,False,True,False,False,True,False,False,False,3,0,0,0,0,False,False,Fine Leg,,,,,,
1642834,15,3.87,5,0,0,58,1,5,76409,,40955,Namibia v South Africa ODIs 2026 - Men,2,753,Namibia Men,21,South Africa Men,8782332,2026-09-09T12:47:34Z,5,95,False,2648,Bjorn Fortuin,3504,Jan Frylinck,14394,Malan Kruger,21.0,58.0,Left,0,0,0,0,LengthBall,OutsideOff,None,FrontFoot,Pushed,StockBall,Over,Orthodox,Left,Null,NotReferred,Null,False,False,False,False,False,True,False,False,True,False,False,False,0,0,0,0,0,False,False,Backward Point,,,,,,
1642834,15,3.87,5,0,0,58,1,5,76409,,40955,Namibia v South Africa ODIs 2026 - Men,2,753,Namibia Men,21,South Africa Men,8782344,2026-09-09T12:47:52Z,6,96,False,2648,Bjorn Fortuin,3504,Jan Frylinck,14394,Malan Kruger,215.0,47.0,Left,1,0,1,1,BackOfALength,OutsideOff,None,FrontFoot,Worked,StockBall,Over,Orthodox,Left,Null,NotReferred,Null,False,False,False,False,False,True,False,False,True,False,False,False,1,0,0,0,0,False,False,Mid Wicket,,,,,,
1642847,16,3.81,3,0,0,61,1,3,76409,,40955,Namibia v South Africa ODIs 2026 - Men,2,753,Namibia Men,21,South Africa Men,8782364,2026-09-09T12:48:46Z,1,97,False,8664,Kwena Maphaka,3504,Jan Frylinck,14394,Malan Kruger,205.0,42.0,Left,1,0,1,1,BackOfALength,OutsideOff,None,BackFoot,Worked,NoMovement,Over,FastSeam,Left,Null,NotReferred,Null,False,False,False,False,False,True,False,False,True,False,False,False,1,0,0,0,0,False,False,Square Leg,,,,,,
1642847,16,3.81,3,0,0,61,1,3,76409,,40955,Namibia v South Africa ODIs 2026 - Men,2,753,Namibia Men,21,South Africa Men,8782375,2026-09-09T12:49:24Z,2,98,False,8664,Kwena Maphaka,14394,Malan Kruger,3504,Jan Frylinck,176.0,57.0,Right,0,0,0,0,BackOfALength,OutsideOff,MisTimed,FrontFoot,ForwardDefensive,NoMovement,Round,FastSeam,Left,Null,NotReferred,Null,False,False,False,False,False,True,False,False,True,False,False,False,0,0,0,0,0,False,False,Backward Point,,,,,,
1642847,16,3.81,3,0,0,61,1,3,76409,,40955,Namibia v South Africa ODIs 2026 - Men,2,753,Namibia Men,21,South Africa Men,8782381,2026-09-09T12:49:58Z,3,99,False,8664,Kwena Maphaka,14394,Malan Kruger,3504,Jan Frylinck,9.0,141.0,Right,1,0,1,1,BackOfALength,OutsideOff,None,BackFoot,Pull,NoMovement,Round,FastSeam,Left,Null,NotReferred,Null,False,False,False,False,False,True,False,False,True,False,False,False,1,0,0,0,0,False,False,Deep Backward Square Leg,,,,,,
1642847,16,3.81,3,0,0,61,1,3,76409,,40955,Namibia v South Africa ODIs 2026 - Men,2,753,Namibia Men,21,South Africa Men,8782392,2026-09-09T12:50:36Z,4,100,False,8664,Kwena Maphaka,3504,Jan Frylinck,14394,Malan Kruger,355.0,33.0,Left,0,0,0,0,BackOfALength,OutsideOff,None,BackFoot,Dropped,NoMovement,Over,FastSeam,Left,Null,NotReferred,Null,False,False,False,False,False,True,False,False,True,False,False,False,0,0,0,0,0,False,False,Cover,,,,,,
1642847,16,3.81,3,0,0,61,1,3,76409,,40955,Namibia v South Africa ODIs 2026 - Men,2,753,Namibia Men,21,South Africa Men,8782405,2026-09-09T12:51:10Z,5,101,False,8664,Kwena Maphaka,3504,Jan Frylinck,14394,Malan Kruger,3.0,50.0,Left,1,0,1,1,LengthBall,OutsideOff,None,BackFoot,Pushed,NoMovement,Over,FastSeam,Left,Null,NotReferred,Null,False,False,False,False,False,True,False,False,True,False,False,False,1,0,0,0,0,False,False,Backward Point,,,,,,
1642847,16,3.81,3,0,0,61,1,3,76409,,40955,Namibia v South Africa ODIs 2026 - Men,2,753,Namibia Men,21,South Africa Men,8782409,2026-09-09T12:52:00Z,6,102,False,8664,Kwena Maphaka,14394,Malan Kruger,3504,Jan Frylinck,331.0,56.0,Right,0,0,0,0,BackOfALength,OutsideOff,None,BackFoot,Worked,NoMovement,Round,FastSeam,Left,Null,NotReferred,Null,False,False,False,False,False,True,False,False,True,False,False,False,0,0,0,0,0,False,False,Square Leg,,,,,,
1642862,17,3.76,3,0,0,64,1,3,76409,,40955,Namibia v South Africa ODIs 2026 - Men,2,753,Namibia Men,21,South Africa Men,8782464,2026-09-09T12:56:42Z,1,103,False,2637,Prenelan Subrayen,3504,Jan Frylinck,14394,Malan Kruger,317.0,51.0,Left,0,0,0,0,LengthBall,OutsideOff,None,FrontFoot,ForwardDefensive,OffBreak,Round,OffSpin,Right,Null,NotReferred,Null,False,False,False,False,False,True,False,False,True,False,False,False,0,0,0,0,0,False,False,Extra Cover,,,,,,
1642862,17,3.76,3,0,0,64,1,3,76409,,40955,Namibia v South Africa ODIs 2026 - Men,2,753,Namibia Men,21,South Africa Men,8782472,2026-09-09T12:56:58Z,2,104,False,2637,Prenelan Subrayen,3504,Jan Frylinck,14394,Malan Kruger,297.0,131.0,Left,1,0,1,1,HalfVolley,MiddleStump,None,FrontFoot,Drive,OffBreak,Round,OffSpin,Right,Null,NotReferred,Null,False,False,False,False,False,True,False,False,True,False,False,False,1,0,0,0,0,False,False,Long Off,,,,,,
1642862,17,3.76,3,0,0,64,1,3,76409,,40955,Namibia v South Africa ODIs 2026 - Men,2,753,Namibia Men,21,South Africa Men,8782481,2026-09-09T12:57:47Z,3,105,False,2637,Prenelan Subrayen,14394,Malan Kruger,3504,Jan Frylinck,286.0,142.0,Right,1,0,1,1,LengthBall,OutsideOff,None,FrontFoot,Pushed,OffBreak,Over,OffSpin,Right,Null,NotReferred,Null,False,False,False,False,False,True,False,False,True,False,False,False,1,0,0,0,0,False,False,Long On,,,,,,
1642862,17,3.76,3,0,0,64,1,3,76409,,40955,Namibia v South Africa ODIs 2026 - Men,2,753,Namibia Men,21,South Africa Men,8782489,2026-09-09T12:58:05Z,4,106,False,2637,Prenelan Subrayen,3504,Jan Frylinck,14394,Malan Kruger,,,Left,0,0,0,0,LengthBall,MiddleStump,HitPad,FrontFoot,Worked,OffBreak,Round,OffSpin,Right,Null,NotReferred,Null,False,False,False,False,False,True,False,False,True,False,False,False,0,0,0,0,0,False,False,Wicketkeeper,,,,,,
1642862,17,3.76,3,0,0,64,1,3,76409,,40955,Namibia v South Africa ODIs 2026 - Men,2,753,Namibia Men,21,South Africa Men,8782493,2026-09-09T12:58:27Z,5,107,False,2637,Prenelan Subrayen,3504,Jan Frylinck,14394,Malan Kruger,25.0,59.0,Left,0,0,0,0,LengthBall,OutsideOff,None,FrontFoot,Pushed,OffBreak,Round,OffSpin,Right,Null,NotReferred,Null,False,False,False,False,False,True,False,False,True,False,False,False,0,0,0,0,0,False,False,Backward Point,,,,,,
1642862,17,3.76,3,0,0,64,1,3,76409,,40955,Namibia v South Africa ODIs 2026 - Men,2,753,Namibia Men,21,South Africa Men,8782501,2026-09-09T12:58:47Z,6,108,False,2637,Prenelan Subrayen,3504,Jan Frylinck,14394,Malan Kruger,298.0,126.0,Left,1,0,1,1,HalfVolley,OffStump,None,FrontFoot,Drive,OffBreak,Round,OffSpin,Right,Null,NotReferred,Null,False,False,False,False,False,True,False,False,True,False,False,False,1,0,0,0,0,False,False,Long Off,,,,,,
1642870,18,3.67,2,1,0,66,2,2,76409,,40955,Namibia v South Africa ODIs 2026 - Men,2,753,Namibia Men,21,South Africa Men,8782519,2026-09-09T12:59:39Z,1,109,False,8664,Kwena Maphaka,3504,Jan Frylinck,14394,Malan Kruger,117.0,112.0,Left,0,1,1,0,FullToss,DownLeg,HitPad,FrontFoot,Glance,NoMovement,Over,FastSeam,Left,Null,NotReferred,Null,False,False,False,True,False,True,False,False,True,False,False,False,1,0,0,1,0,False,False,Wicketkeeper,,,,,,
1642870,18,3.67,2,1,0,66,2,2,76409,,40955,Namibia v South Africa ODIs 2026 - Men,2,753,Namibia Men,21,South Africa Men,8782527,2026-09-09T13:00:18Z,2,110,False,8664,Kwena Maphaka,14394,Malan Kruger,3504,Jan Frylinck,180.0,49.0,Right,0,0,0,0,BackOfALength,OutsideOff,None,FrontFoot,Pushed,NoMovement,Round,FastSeam,Left,Null,NotReferred,Null,False,False,False,False,False,True,False,False,True,False,False,False,0,0,0,0,0,False,False,Cover,,,,,,
1642870,18,3.67,2,1,0,66,2,2,76409,,40955,Namibia v South Africa ODIs 2026 - Men,2,753,Namibia Men,21,South Africa Men,8782534,2026-09-09T13:00:53Z,3,111,False,8664,Kwena Maphaka,14394,Malan Kruger,3504,Jan Frylinck,6.0,75.0,Right,1,0,1,1,BackOfALength,OutsideOff,None,BackFoot,Worked,NoMovement,Round,FastSeam,Left,Null,NotReferred,Null,False,False,False,False,False,True,False,False,True,False,False,False,1,0,0,0,0,False,False,Backward Square Leg,,,,,,
1642870,18,3.67,2,1,0,66,2,2,76409,,40955,Namibia v South Africa ODIs 2026 - Men,2,753,Namibia Men,21,South Africa Men,8782547,2026-09-09T13:01:30Z,4,112,False,8664,Kwena Maphaka,3504,Jan Frylinck,14394,Malan Kruger,327.0,65.0,Left,0,0,0,0,BackOfALength,OutsideOff,InsideEdge,BackFoot,Pushed,NoMovement,Over,FastSeam,Left,Null,NotReferred,Null,False,False,False,False,False,True,False,False,True,False,False,False,0,0,0,0,0,False,False,Extra Cover,,,,,,
1642870,18,3.67,2,1,0,66,2,2,76409,,40955,Namibia v South Africa ODIs 2026 - Men,2,753,Namibia Men,21,South Africa Men,8782557,2026-09-09T13:02:07Z,5,113,False,8664,Kwena Maphaka,3504,Jan Frylinck,14394,Malan Kruger,21.0,56.0,Left,0,0,0,0,LengthBall,OutsideOff,None,FrontFoot,Steer,NoMovement,Over,FastSeam,Left,Null,NotReferred,Null,False,False,False,False,False,True,False,False,True,False,False,False,0,0,0,0,0,False,False,Backward Point,,,,,,
1642870,18,3.67,2,1,0,66,2,2,76409,,40955,Namibia v South Africa ODIs 2026 - Men,2,753,Namibia Men,21,South Africa Men,8782579,2026-09-09T13:02:46Z,6,114,True,8664,Kwena Maphaka,3504,Jan Frylinck,14394,Malan Kruger,,,Left,0,0,0,0,LengthBall,OutsideOff,BottomEdge,BackFoot,Pull,NoMovement,Over,FastSeam,Left,Null,NotReferred,Null,False,False,False,False,False,True,False,False,True,False,False,False,0,0,0,0,0,False,False,,Bowled,3504.0,Jan Frylinck,Bowled,Bowled,1960.0
1642883,19,3.58,2,1,0,68,3,2,76409,,40955,Namibia v South Africa ODIs 2026 - Men,2,753,Namibia Men,21,South Africa Men,8782596,2026-09-09T13:04:56Z,1,115,False,2637,Prenelan Subrayen,14394,Malan Kruger,10114,Louren Steenkamp,287.0,151.0,Right,1,0,1,1,HalfVolley,OutsideOff,None,FrontFoot,Drive,OffBreak,Over,OffSpin,Right,Null,NotReferred,Null,False,False,False,False,False,True,False,False,True,False,False,False,1,0,0,0,0,False,False,Long On,,,,,,
1642883,19,3.58,2,1,0,68,3,2,76409,,40955,Namibia v South Africa ODIs 2026 - Men,2,753,Namibia Men,21,South Africa Men,8782605,2026-09-09T13:05:30Z,2,116,False,2637,Prenelan Subrayen,10114,Louren Steenkamp,14394,Malan Kruger,317.0,65.0,Right,0,0,0,0,BackOfALength,OutsideOff,None,BackFoot,Worked,OffBreak,Over,OffSpin,Right,Null,NotReferred,Null,False,False,False,False,False,True,False,False,True,False,False,False,0,0,0,0,0,False,False,Mid Wicket,,,,,,
1642883,19,3.58,2,1,0,68,3,2,76409,,40955,Namibia v South Africa ODIs 2026 - Men,2,753,Namibia Men,21,South Africa Men,8782611,2026-09-09T13:05:57Z,3,117,False,2637,Prenelan Subrayen,10114,Louren Steenkamp,14394,Malan Kruger,314.0,58.0,Right,0,0,0,0,LengthBall,OutsideOff,None,FrontFoot,Worked,OffBreak,Over,OffSpin,Right,Null,NotReferred,Null,False,False,False,False,False,True,False,False,True,False,False,False,0,0,0,0,0,False,False,Mid Wicket,,,,,,
1642883,19,3.58,2,1,0,68,3,2,76409,,40955,Namibia v South Africa ODIs 2026 - Men,2,753,Namibia Men,21,South Africa Men,8782617,2026-09-09T13:06:15Z,4,118,False,2637,Prenelan Subrayen,10114,Louren Steenkamp,14394,Malan Kruger,22.0,57.0,Right,1,0,1,1,BackOfALength,OutsideOff,None,BackFoot,Worked,OffBreak,Over,OffSpin,Right,Null,NotReferred,Null,False,False,False,False,False,True,False,False,True,False,False,False,1,0,0,0,0,False,False,Backward Square Leg,,,,,,
1642883,19,3.58,2,1,0,68,3,2,76409,,40955,Namibia v South Africa ODIs 2026 - Men,2,753,Namibia Men,21,South Africa Men,8782630,2026-09-09T13:06:39Z,5,119,True,2637,Prenelan Subrayen,14394,Malan Kruger,10114,Louren Steenkamp,,,Right,0,0,0,0,LengthBall,OffStump,HitPad,DownTheTrack,Flick,OffBreak,Over,OffSpin,Right,Null,NotReferred,Null,False,False,False,False,False,True,False,False,True,False,False,False,0,0,0,0,0,False,False,,Lbw,14394.0,Malan Kruger,LBW,Lbw,2022.0
1642883,19,3.58,2,1,0,68,3,2,76409,,40955,Namibia v South Africa ODIs 2026 - Men,2,753,Namibia Men,21,South Africa Men,8782662,2026-09-09T13:09:14Z,6,120,False,2637,Prenelan Subrayen,3501,Gerhard Erasmus,10114,Louren Steenkamp,,,Right,0,0,0,0,LengthBall,OutsideOff,None,FrontFoot,Pushed,OffBreak,Over,OffSpin,Right,Null,NotReferred,Null,False,False,False,False,False,True,False,False,True,False,False,False,0,0,0,0,0,False,False,Bowler,,,,,,
1642896,20,3.5,2,0,0,70,3,2,76409,,40955,Namibia v South Africa ODIs 2026 - Men,2,753,Namibia Men,21,South Africa Men,8782672,2026-09-09T13:10:02Z,1,121,False,2648,Bjorn Fortuin,10114,Louren Steenkamp,3501,Gerhard Erasmus,244.0,135.0,Right,1,0,1,1,HalfVolley,OutsideOff,None,FrontFoot,Drive,StockBall,Round,Orthodox,Left,Null,NotReferred,Null,False,False,False,False,False,True,False,False,True,False,False,False,1,0,0,0,0,False,False,Long Off,,,,,,
1642896,20,3.5,2,0,0,70,3,2,76409,,40955,Namibia v South Africa ODIs 2026 - Men,2,753,Namibia Men,21,South Africa Men,8782682,2026-09-09T13:10:36Z,2,122,False,2648,Bjorn Fortuin,3501,Gerhard Erasmus,10114,Louren Steenkamp,310.0,76.0,Right,0,0,0,0,LengthBall,OffStump,None,FrontFoot,Pushed,StockBall,Round,Orthodox,Left,Null,NotReferred,Null,False,False,False,False,False,True,False,False,True,False,False,False,0,0,0,0,0,False,False,Mid Wicket,,,,,,
1642896,20,3.5,2,0,0,70,3,2,76409,,40955,Namibia v South Africa ODIs 2026 - Men,2,753,Namibia Men,21,South Africa Men,8782686,2026-09-09T13:10:47Z,3,123,False,2648,Bjorn Fortuin,3501,Gerhard Erasmus,10114,Louren Steenkamp,,,Right,0,0,0,0,BackOfALength,OutsideOff,None,BackFoot,Worked,StockBall,Round,Orthodox,Left,Null,NotReferred,Null,False,False,False,False,False,True,False,False,True,False,False,False,0,0,0,0,0,False,False,Bowler,,,,,,
1642896,20,3.5,2,0,0,70,3,2,76409,,40955,Namibia v South Africa ODIs 2026 - Men,2,753,Namibia Men,21,South Africa Men,8782694,2026-09-09T13:11:27Z,4,124,False,2648,Bjorn Fortuin,3501,Gerhard Erasmus,10114,Louren Steenkamp,,,Right,0,0,0,0,BackOfALength,OutsideOff,InsideEdge,BackFoot,Pushed,StockBall,Round,Orthodox,Left,Null,NotReferred,Null,False,False,False,False,False,True,False,False,True,False,False,False,0,0,0,0,0,False,False,Bowler,,,,,,
1642896,20,3.5,2,0,0,70,3,2,76409,,40955,Namibia v South Africa ODIs 2026 - Men,2,753,Namibia Men,21,South Africa Men,8782702,2026-09-09T13:11:39Z,5,125,False,2648,Bjorn Fortuin,3501,Gerhard Erasmus,10114,Louren Steenkamp,221.0,51.0,Right,0,0,0,0,BackOfALength,OutsideOff,None,BackFoot,Pushed,StockBall,Round,Orthodox,Left,Null,NotReferred,Null,False,False,False,False,False,True,False,False,True,False,False,False,0,0,0,0,0,False,False,Extra Cover,,,,,,
1642896,20,3.5,2,0,0,70,3,2,76409,,40955,Namibia v South Africa ODIs 2026 - Men,2,753,Namibia Men,21,South Africa Men,8782710,2026-09-09T13:11:54Z,6,126,False,2648,Bjorn Fortuin,3501,Gerhard Erasmus,10114,Louren Steenkamp,286.0,130.0,Right,1,0,1,1,HalfVolley,LegStump,None,FrontFoot,Pushed,StockBall,Round,Orthodox,Left,Null,NotReferred,Null,False,False,False,False,False,True,False,False,True,False,False,False,1,0,0,0,0,False,False,Long On,,,,,,
1642903,21,3.48,3,0,0,73,3,3,76409,,40955,Namibia v South Africa ODIs 2026 - Men,2,753,Namibia Men,21,South Africa Men,8782726,2026-09-09T13:12:54Z,1,127,False,2637,Prenelan Subrayen,3501,Gerhard Erasmus,10114,Louren Steenkamp,309.0,137.0,Right,1,0,1,1,LengthBall,OutsideOff,None,FrontFoot,Flick,OffBreak,Over,OffSpin,Right,Null,NotReferred,Null,False,False,False,False,False,True,False,False,True,False,False,False,1,0,0,0,0,False,False,Deep Mid Wicket,,,,,,
1642903,21,3.48,3,0,0,73,3,3,76409,,40955,Namibia v South Africa ODIs 2026 - Men,2,753,Namibia Men,21,South Africa Men,8782731,2026-09-09T13:13:20Z,2,128,False,2637,Prenelan Subrayen,10114,Louren Steenkamp,3501,Gerhard Erasmus,317.0,136.0,Right,1,0,1,1,BackOfALength,OutsideOff,None,BackFoot,Worked,OffBreak,Over,OffSpin,Right,Null,NotReferred,Null,False,False,False,False,False,True,False,False,True,False,False,False,1,0,0,0,0,False,False,Deep Mid Wicket,,,,,,
1642903,21,3.48,3,0,0,73,3,3,76409,,40955,Namibia v South Africa ODIs 2026 - Men,2,753,Namibia Men,21,South Africa Men,8782736,2026-09-09T13:13:42Z,3,129,False,2637,Prenelan Subrayen,3501,Gerhard Erasmus,10114,Louren Steenkamp,196.0,47.0,Right,0,0,0,0,BackOfALength,OutsideOff,None,BackFoot,BackwardDefensive,OffBreak,Over,OffSpin,Right,Null,NotReferred,Null,False,False,False,False,False,True,False,False,True,False,False,False,0,0,0,0,0,False,False,Cover,,,,,,
1642903,21,3.48,3,0,0,73,3,3,76409,,40955,Namibia v South Africa ODIs 2026 - Men,2,753,Namibia Men,21,South Africa Men,8782743,2026-09-09T13:14:07Z,4,130,False,2637,Prenelan Subrayen,3501,Gerhard Erasmus,10114,Louren Steenkamp,323.0,54.0,Right,0,0,0,0,BackOfALength,OutsideOff,None,FrontFoot,Worked,OffBreak,Over,OffSpin,Right,Null,NotReferred,Null,False,False,False,False,False,True,False,False,True,False,False,False,0,0,0,0,0,False,False,Mid Wicket,,,,,,
1642903,21,3.48,3,0,0,73,3,3,76409,,40955,Namibia v South Africa ODIs 2026 - Men,2,753,Namibia Men,21,South Africa Men,8782748,2026-09-09T13:14:24Z,5,131,False,2637,Prenelan Subrayen,3501,Gerhard Erasmus,10114,Louren Steenkamp,326.0,43.0,Right,0,0,0,0,BackOfALength,OutsideOff,None,BackFoot,Worked,OffBreak,Over,OffSpin,Right,Null,NotReferred,Null,False,False,False,False,False,True,False,False,True,False,False,False,0,0,0,0,0,False,False,Mid Wicket,,,,,,
1642903,21,3.48,3,0,0,73,3,3,76409,,40955,Namibia v South Africa ODIs 2026 - Men,2,753,Namibia Men,21,South Africa Men,8782758,2026-09-09T13:14:40Z,6,132,False,2637,Prenelan Subrayen,3501,Gerhard Erasmus,10114,Louren Steenkamp,288.0,125.0,Right,1,0,1,1,LengthBall,OutsideOff,None,FrontFoot,Pushed,OffBreak,Over,OffSpin,Right,Null,NotReferred,Null,False,False,False,False,False,True,False,False,True,False,False,False,1,0,0,0,0,False,False,Long On,,,,,,
1642913,22,3.5,4,0,0,77,3,4,76409,,40955,Namibia v South Africa ODIs 2026 - Men,2,753,Namibia Men,21,South Africa Men,8782780,2026-09-09T13:15:38Z,1,133,False,3673,Corbin Bosch,3501,Gerhard Erasmus,10114,Louren Steenkamp,126.0,145.0,Right,2,0,2,2,BackOfALength,OutsideOff,None,BackFoot,LateCut,NoMovement,Round,FastSeam,Right,Null,NotReferred,Null,False,False,False,False,True,True,False,False,True,False,False,False,2,0,0,0,0,False,False,Third Man,,,,,,
1642913,22,3.5,4,0,0,77,3,4,76409,,40955,Namibia v South Africa ODIs 2026 - Men,2,753,Namibia Men,21,South Africa Men,8782791,2026-09-09T13:16:21Z,2,134,False,3673,Corbin Bosch,3501,Gerhard Erasmus,10114,Louren Steenkamp,171.0,140.0,Right,1,0,1,1,LengthBall,OutsideOff,None,BackFoot,Pushed,NoMovement,Round,FastSeam,Right,Null,NotReferred,Null,False,False,False,False,False,True,False,False,True,False,False,False,1,0,0,0,0,False,False,Deep Backward Point,,,,,,
1642913,22,3.5,4,0,0,77,3,4,76409,,40955,Namibia v South Africa ODIs 2026 - Men,2,753,Namibia Men,21,South Africa Men,8782803,2026-09-09T13:16:57Z,3,135,False,3673,Corbin Bosch,10114,Louren Steenkamp,3501,Gerhard Erasmus,219.0,42.0,Right,0,0,0,0,BackOfALength,OutsideOff,None,BackFoot,BackwardDefensive,NoMovement,Round,FastSeam,Right,Null,NotReferred,Null,False,False,False,False,False,True,False,False,True,False,False,False,0,0,0,0,0,False,False,Extra Cover,,,,,,
1642913,22,3.5,4,0,0,77,3,4,76409,,40955,Namibia v South Africa ODIs 2026 - Men,2,753,Namibia Men,21,South Africa Men,8784285,2026-09-09T14:36:54Z,4,136,False,3673,Corbin Bosch,10114,Louren Steenkamp,3501,Gerhard Erasmus,351.0,148.0,Right,1,0,1,1,BackOfALength,OutsideOff,None,BackFoot,Pull,NoMovement,Round,FastSeam,Right,Null,NotReferred,Null,False,False,False,False,False,True,False,False,True,False,False,False,1,0,0,0,0,False,False,Deep Square Leg,,,,,,
1642913,22,3.5,4,0,0,77,3,4,76409,,40955,Namibia v South Africa ODIs 2026 - Men,2,753,Namibia Men,21,South Africa Men,8784294,2026-09-09T14:37:33Z,5,137,False,3673,Corbin Bosch,3501,Gerhard Erasmus,10114,Louren Steenkamp,218.0,42.0,Right,0,0,0,0,BackOfALength,OutsideOff,None,BackFoot,Dropped,NoMovement,Round,FastSeam,Right,Null,NotReferred,Null,False,False,False,False,False,True,False,False,True,False,False,False,0,0,0,0,0,False,False,Extra Cover,,,,,,
1642913,22,3.5,4,0,0,77,3,4,76409,,40955,Namibia v South Africa ODIs 2026 - Men,2,753,Namibia Men,21,South Africa Men,8784306,2026-09-09T14:38:11Z,6,138,False,3673,Corbin Bosch,3501,Gerhard Erasmus,10114,Louren Steenkamp,304.0,83.0,Right,0,0,0,0,BackOfALength,OutsideOff,None,BackFoot,Worked,NoMovement,Round,FastSeam,Right,Null,NotReferred,Null,False,False,False,False,False,True,False,False,True,False,False,False,0,0,0,0,0,False,False,Mid Wicket,,,,,,
1643169,23,3.65,7,0,0,84,3,7,76409,,40955,Namibia v South Africa ODIs 2026 - Men,2,753,Namibia Men,21,South Africa Men,8784324,2026-09-09T14:39:33Z,1,139,False,2637,Prenelan Subrayen,10114,Louren Steenkamp,3501,Gerhard Erasmus,302.0,131.0,Right,1,0,1,1,BackOfALength,OutsideOff,None,BackFoot,Worked,OffBreak,Over,OffSpin,Right,Null,NotReferred,Null,False,False,False,False,False,True,False,False,True,False,False,False,1,0,0,0,0,False,False,Deep Mid Wicket,,,,,,
1643169,23,3.65,7,0,0,84,3,7,76409,,40955,Namibia v South Africa ODIs 2026 - Men,2,753,Namibia Men,21,South Africa Men,8784329,2026-09-09T14:40:00Z,2,140,False,2637,Prenelan Subrayen,3501,Gerhard Erasmus,10114,Louren Steenkamp,204.0,121.0,Right,1,0,1,1,LengthBall,OutsideOff,LeadingEdge,FrontFoot,Flick,OffBreak,Over,OffSpin,Right,Null,NotReferred,Null,False,False,False,False,False,True,False,False,True,False,False,False,1,0,0,0,0,False,False,Deep Cover,,,,,,
1643169,23,3.65,7,0,0,84,3,7,76409,,40955,Namibia v South Africa ODIs 2026 - Men,2,753,Namibia Men,21,South Africa Men,8784339,2026-09-09T14:40:24Z,3,141,False,2637,Prenelan Subrayen,10114,Louren Steenkamp,3501,Gerhard Erasmus,321.0,113.0,Right,2,0,2,2,BackOfALength,OutsideOff,None,BackFoot,Worked,OffBreak,Over,OffSpin,Right,Null,NotReferred,Null,False,False,False,False,False,True,False,False,True,False,False,False,2,0,0,0,0,False,False,Deep Mid Wicket,,,,,,
1643169,23,3.65,7,0,0,84,3,7,76409,,40955,Namibia v South Africa ODIs 2026 - Men,2,753,Namibia Men,21,South Africa Men,8784347,2026-09-09T14:41:04Z,4,142,False,2637,Prenelan Subrayen,10114,Louren Steenkamp,3501,Gerhard Erasmus,26.0,130.0,Right,1,0,1,1,BackOfALength,OffStump,None,BackFoot,Pull,OffBreak,Over,OffSpin,Right,Null,NotReferred,Null,False,False,False,False,True,True,False,False,True,False,False,False,1,0,0,0,0,False,False,Deep Backward Square Leg,,,,,,
1643169,23,3.65,7,0,0,84,3,7,76409,,40955,Namibia v South Africa ODIs 2026 - Men,2,753,Namibia Men,21,South Africa Men,8784355,2026-09-09T14:41:28Z,5,143,False,2637,Prenelan Subrayen,3501,Gerhard Erasmus,10114,Louren Steenkamp,313.0,125.0,Right,1,0,1,1,LengthBall,OutsideOff,None,FrontFoot,Worked,OffBreak,Over,OffSpin,Right,Null,NotReferred,Null,False,False,False,False,False,True,False,False,True,False,False,False,1,0,0,0,0,False,False,Deep Mid Wicket,,,,,,
1643169,23,3.65,7,0,0,84,3,7,76409,,40955,Namibia v South Africa ODIs 2026 - Men,2,753,Namibia Men,21,South Africa Men,8784359,2026-09-09T14:41:54Z,6,144,False,2637,Prenelan Subrayen,10114,Louren Steenkamp,3501,Gerhard Erasmus,13.0,142.0,Right,1,0,1,1,BackOfALength,OutsideOff,None,BackFoot,Flick,OffBreak,Over,OffSpin,Right,Null,NotReferred,Null,False,False,False,False,True,True,False,False,True,False,False,False,1,0,0,0,0,False,False,Deep Backward Square Leg,,,,,,
1643178,24,3.96,11,1,0,95,4,11,76409,,40955,Namibia v South Africa ODIs 2026 - Men,2,753,Namibia Men,21,South Africa Men,8784379,2026-09-09T14:42:44Z,1,145,True,3673,Corbin Bosch,10114,Louren Steenkamp,3501,Gerhard Erasmus,314.0,58.0,Right,0,0,0,0,LengthBall,OutsideOff,MisTimed,FrontFoot,Slog,NoMovement,Over,FastSeam,Right,Null,NotReferred,Null,False,False,False,False,False,True,False,False,True,False,False,False,0,0,0,0,0,False,True,Mid Wicket,Caught,10114.0,Louren Steenkamp,Caught,Caught,1960.0
1643178,24,3.96,11,1,0,95,4,11,76409,,40955,Namibia v South Africa ODIs 2026 - Men,2,753,Namibia Men,21,South Africa Men,8784402,2026-09-09T14:45:04Z,2,146,False,3673,Corbin Bosch,3040,Zane Green,3501,Gerhard Erasmus,,,Left,0,0,0,0,Short,DownLeg,Left,SwayedAway,Leave,NoMovement,Over,FastSeam,Right,Null,NotReferred,Null,False,False,False,False,False,True,False,False,True,False,False,False,0,0,0,0,0,False,False,Wicketkeeper,,,,,,
1643178,24,3.96,11,1,0,95,4,11,76409,,40955,Namibia v South Africa ODIs 2026 - Men,2,753,Namibia Men,21,South Africa Men,8784409,2026-09-09T14:45:40Z,3,147,False,3673,Corbin Bosch,3040,Zane Green,3501,Gerhard Erasmus,,,Left,0,0,0,0,LengthBall,MiddleStump,Missed,FrontFoot,Pushed,NoMovement,Over,FastSeam,Right,Null,NotReferred,Null,False,False,False,False,False,True,False,False,True,False,False,False,0,0,0,0,0,False,False,Wicketkeeper,,,,,,
1643178,24,3.96,11,1,0,95,4,11,76409,,40955,Namibia v South Africa ODIs 2026 - Men,2,753,Namibia Men,21,South Africa Men,8784419,2026-09-09T14:46:21Z,4,148,False,3673,Corbin Bosch,3040,Zane Green,3501,Gerhard Erasmus,326.0,118.0,Left,1,0,1,1,LengthBall,OffStump,None,FrontFoot,Pushed,NoMovement,Over,FastSeam,Right,Null,NotReferred,Null,False,False,False,False,False,True,False,False,True,False,False,False,1,0,0,0,0,False,False,Deep Extra Cover,,,,,,
1643178,24,3.96,11,1,0,95,4,11,76409,,40955,Namibia v South Africa ODIs 2026 - Men,2,753,Namibia Men,21,South Africa Men,8784429,2026-09-09T14:47:05Z,5,149,False,3673,Corbin Bosch,3501,Gerhard Erasmus,3040,Zane Green,333.0,175.0,Right,6,0,6,6,Short,OutsideOff,Middled,BackFoot,Pull,NoMovement,Over,FastSeam,Right,Null,NotReferred,Null,False,False,False,False,True,True,False,False,True,False,False,False,6,0,0,0,0,True,False,,,,,,,
1643178,24,3.96,11,1,0,95,4,11,76409,,40955,Namibia v South Africa ODIs 2026 - Men,2,753,Namibia Men,21,South Africa Men,8784441,2026-09-09T14:47:52Z,6,150,False,3673,Corbin Bosch,3501,Gerhard Erasmus,3040,Zane Green,263.0,180.0,Right,4,0,4,4,LengthBall,OutsideOff,WellTimed,DownTheTrack,Drive,NoMovement,Over,FastSeam,Right,Null,NotReferred,Null,False,False,False,False,True,True,False,False,True,False,False,False,4,0,0,0,0,True,False,,,,,,,
1643268,25,4.04,6,1,0,101,5,6,76409,,40955,Namibia v South Africa ODIs 2026 - Men,2,753,Namibia Men,21,South Africa Men,8784916,2026-09-09T15:15:46Z,1,151,False,2637,Prenelan Subrayen,3040,Zane Green,3501,Gerhard Erasmus,222.0,80.0,Left,1,0,1,1,LengthBall,LegStump,None,FrontFoot,Worked,OffBreak,Round,OffSpin,Right,Null,NotReferred,Null,False,False,False,False,False,True,False,False,True,False,False,False,1,0,0,0,0,False,False,Mid Wicket,,,,,,
1643268,25,4.04,6,1,0,101,5,6,76409,,40955,Namibia v South Africa ODIs 2026 - Men,2,753,Namibia Men,21,South Africa Men,8784937,2026-09-09T15:16:37Z,2,152,False,2637,Prenelan Subrayen,3501,Gerhard Erasmus,3040,Zane Green,325.0,154.0,Right,2,0,2,2,LengthBall,OutsideOff,MisTimed,FrontFoot,SlogSweep,OffBreak,Over,OffSpin,Right,Null,NotReferred,Null,False,False,False,False,False,True,False,False,True,False,False,False,2,0,0,0,0,False,False,Deep Mid Wicket,,,,,,
1643268,25,4.04,6,1,0,101,5,6,76409,,40955,Namibia v South Africa ODIs 2026 - Men,2,753,Namibia Men,21,South Africa Men,8784946,2026-09-09T15:17:09Z,3,153,False,2637,Prenelan Subrayen,3501,Gerhard Erasmus,3040,Zane Green,318.0,127.0,Right,1,0,1,1,BackOfALength,OutsideOff,None,BackFoot,Flick,OffBreak,Over,OffSpin,Right,Null,NotReferred,Null,False,False,False,False,False,True,False,False,True,False,False,False,1,0,0,0,0,False,False,Deep Mid Wicket,,,,,,
1643268,25,4.04,6,1,0,101,5,6,76409,,40955,Namibia v South Africa ODIs 2026 - Men,2,753,Namibia Men,21,South Africa Men,8784959,2026-09-09T15:17:40Z,4,154,False,2637,Prenelan Subrayen,3040,Zane Green,3501,Gerhard Erasmus,150.0,32.0,Left,1,0,1,1,Yorker,DownLeg,InsideEdge,FrontFoot,Flick,OffBreak,Round,OffSpin,Right,Null,NotReferred,Null,False,False,False,False,False,True,False,False,True,False,False,False,1,0,0,0,0,False,False,Short Fine Leg,,,,,,
1643268,25,4.04,6,1,0,101,5,6,76409,,40955,Namibia v South Africa ODIs 2026 - Men,2,753,Namibia Men,21,South Africa Men,8784984,2026-09-09T15:18:06Z,5,155,True,2637,Prenelan Subrayen,3501,Gerhard Erasmus,3040,Zane Green,,,Right,0,0,0,0,LengthBall,OffStump,MisTimed,BacksAway,Slog,OffBreak,Over,OffSpin,Right,Null,NotReferred,Null,False,False,False,False,False,True,False,False,True,False,False,False,0,0,0,0,0,False,True,Bowler,Caught,3501.0,Gerhard Erasmus,Caught,Caught,2022.0
1643268,25,4.04,6,1,0,101,5,6,76409,,40955,Namibia v South Africa ODIs 2026 - Men,2,753,Namibia Men,21,South Africa Men,8785002,2026-09-09T15:19:44Z,6,156,False,2637,Prenelan Subrayen,3198,JJ Smit,3040,Zane Green,347.0,128.0,Right,1,0,1,1,BackOfALength,OutsideOff,None,BackFoot,Worked,OffBreak,Over,OffSpin,Right,Null,NotReferred,Null,False,False,False,False,False,True,False,False,True,False,False,False,1,0,0,0,0,False,False,Deep Square Leg,,,,,,
1643288,26,4.15,7,0,0,108,5,7,76409,,40955,Namibia v South Africa ODIs 2026 - Men,2,753,Namibia Men,21,South Africa Men,8785034,2026-09-09T15:21:00Z,1,157,False,3673,Corbin Bosch,3198,JJ Smit,3040,Zane Green,217.0,38.0,Right,1,0,1,1,BackOfALength,OutsideOff,None,BackFoot,Pushed,NoMovement,Over,FastSeam,Right,Null,NotReferred,Null,False,False,False,False,False,True,False,False,True,False,False,False,1,0,0,0,0,False,False,Extra Cover,,,,,,
1643288,26,4.15,7,0,0,108,5,7,76409,,40955,Namibia v South Africa ODIs 2026 - Men,2,753,Namibia Men,21,South Africa Men,8785042,2026-09-09T15:21:37Z,2,158,False,3673,Corbin Bosch,3040,Zane Green,3198,JJ Smit,275.0,180.0,Left,4,0,4,4,LengthBall,LegStump,WellTimed,BackFoot,Drive,NoMovement,Over,FastSeam,Right,Null,NotReferred,Null,False,False,False,False,False,True,False,False,True,False,False,False,4,0,0,0,0,True,False,,,,,,,
1643288,26,4.15,7,0,0,108,5,7,76409,,40955,Namibia v South Africa ODIs 2026 - Men,2,753,Namibia Men,21,South Africa Men,8785057,2026-09-09T15:22:19Z,3,159,False,3673,Corbin Bosch,3040,Zane Green,3198,JJ Smit,146.0,127.0,Left,1,0,1,1,BackOfALength,DownLeg,None,BackFoot,Worked,NoMovement,Over,FastSeam,Right,Null,NotReferred,Null,False,False,False,False,False,True,False,False,True,False,False,False,1,0,0,0,0,False,False,Fine Leg,,,,,,
1643288,26,4.15,7,0,0,108,5,7,76409,,40955,Namibia v South Africa ODIs 2026 - Men,2,753,Namibia Men,21,South Africa Men,8785072,2026-09-09T15:22:54Z,4,160,False,3673,Corbin Bosch,3198,JJ Smit,3040,Zane Green,,,Right,1,1,1,0,Short,OutsideOff,Left,SwayedAway,Leave,NoMovement,Over,FastSeam,Right,Null,NotReferred,Null,True,False,False,False,False,True,False,False,True,False,False,False,1,0,1,0,0,False,False,Wicketkeeper,,,,,,
1643288,26,4.15,7,0,0,108,5,7,76409,,40955,Namibia v South Africa ODIs 2026 - Men,2,753,Namibia Men,21,South Africa Men,8785084,2026-09-09T15:23:31Z,4,161,False,3673,Corbin Bosch,3198,JJ Smit,3040,Zane Green,176.0,59.0,Right,0,0,0,0,BackOfALength,OutsideOff,None,BackFoot,Cut,NoMovement,Over,FastSeam,Right,Null,NotReferred,Null,False,False,False,False,False,True,False,False,True,False,False,False,0,0,0,0,0,False,False,Backward Point,,,,,,
1643288,26,4.15,7,0,0,108,5,7,76409,,40955,Namibia v South Africa ODIs 2026 - Men,2,753,Namibia Men,21,South Africa Men,8785097,2026-09-09T15:24:09Z,5,162,False,3673,Corbin Bosch,3198,JJ Smit,3040,Zane Green,221.0,61.0,Right,0,0,0,0,LengthBall,OutsideOff,None,BackFoot,Pushed,NoMovement,Over,FastSeam,Right,Null,NotReferred,Null,False,False,False,False,False,True,False,False,True,False,False,False,0,0,0,0,0,False,False,Extra Cover,,,,,,
1643288,26,4.15,7,0,0,108,5,7,76409,,40955,Namibia v South Africa ODIs 2026 - Men,2,753,Namibia Men,21,South Africa Men,8785114,2026-09-09T15:24:47Z,6,163,False,3673,Corbin Bosch,3198,JJ Smit,3040,Zane Green,324.0,19.0,Right,0,0,0,0,BackOfALength,OutsideOff,None,BackFoot,Worked,NoMovement,Over,FastSeam,Right,Null,NotReferred,Null,False,False,False,False,False,True,False,False,True,False,False,False,0,0,0,0,0,False,False,Mid Wicket,,,,,,
1643305,27,4.3,8,0,0,116,5,8,76409,,40955,Namibia v South Africa ODIs 2026 - Men,2,753,Namibia Men,21,South Africa Men,8785134,2026-09-09T15:25:49Z,1,164,False,2648,Bjorn Fortuin,3040,Zane Green,3198,JJ Smit,217.0,144.0,Left,1,0,1,1,FullToss,OutsideOff,None,FrontFoot,Slog,StockBall,Over,Orthodox,Left,Null,NotReferred,Null,False,False,False,False,True,True,False,False,True,False,False,False,1,0,0,0,0,False,False,Deep Mid Wicket,,,,,,
1643305,27,4.3,8,0,0,116,5,8,76409,,40955,Namibia v South Africa ODIs 2026 - Men,2,753,Namibia Men,21,South Africa Men,8785142,2026-09-09T15:26:19Z,2,165,False,2648,Bjorn Fortuin,3198,JJ Smit,3040,Zane Green,,,Right,0,0,0,0,LengthBall,OutsideOff,InsideEdge,FrontFoot,Drive,StockBall,Round,Orthodox,Left,Null,NotReferred,Null,False,False,False,False,False,True,False,False,True,False,False,False,0,0,0,0,0,False,False,Wicketkeeper,,,,,,
1643305,27,4.3,8,0,0,116,5,8,76409,,40955,Namibia v South Africa ODIs 2026 - Men,2,753,Namibia Men,21,South Africa Men,8785147,2026-09-09T15:26:38Z,3,166,False,2648,Bjorn Fortuin,3198,JJ Smit,3040,Zane Green,,,Right,0,0,0,0,HalfVolley,OffStump,None,FrontFoot,Drive,StockBall,Round,Orthodox,Left,Null,NotReferred,Null,False,False,False,False,False,True,False,False,True,False,False,False,0,0,0,0,0,False,False,Bowler,,,,,,
1643305,27,4.3,8,0,0,116,5,8,76409,,40955,Namibia v South Africa ODIs 2026 - Men,2,753,Namibia Men,21,South Africa Men,8785156,2026-09-09T15:26:50Z,4,167,False,2648,Bjorn Fortuin,3198,JJ Smit,3040,Zane Green,,,Right,1,1,1,0,BackOfALength,Wide,Left,BacksAway,Leave,Slider,Round,Orthodox,Left,Null,NotReferred,Null,True,False,False,False,False,True,False,False,True,False,False,False,1,0,1,0,0,False,False,Wicketkeeper,,,,,,
1643305,27,4.3,8,0,0,116,5,8,76409,,40955,Namibia v South Africa ODIs 2026 - Men,2,753,Namibia Men,21,South Africa Men,8785166,2026-09-09T15:27:08Z,4,168,False,2648,Bjorn Fortuin,3198,JJ Smit,3040,Zane Green,214.0,176.0,Right,4,0,4,4,HalfVolley,OutsideOff,WellTimed,FrontFoot,Drive,StockBall,Round,Orthodox,Left,Null,NotReferred,Null,False,False,False,False,True,True,False,False,True,False,False,False,4,0,0,0,0,True,False,,,,,,,
1643305,27,4.3,8,0,0,116,5,8,76409,,40955,Namibia v South Africa ODIs 2026 - Men,2,753,Namibia Men,21,South Africa Men,8785175,2026-09-09T15:27:40Z,5,169,False,2648,Bjorn Fortuin,3198,JJ Smit,3040,Zane Green,285.0,130.0,Right,1,0,1,1,HalfVolley,DownLeg,MisTimed,BacksAway,Slog,StockBall,Round,Orthodox,Left,Null,NotReferred,Null,False,False,False,False,False,True,False,False,True,False,False,False,1,0,0,0,0,False,False,Long On,,,,,,
1643305,27,4.3,8,0,0,116,5,8,76409,,40955,Namibia v South Africa ODIs 2026 - Men,2,753,Namibia Men,21,South Africa Men,8785184,2026-09-09T15:28:05Z,6,170,False,2648,Bjorn Fortuin,3040,Zane Green,3198,JJ Smit,214.0,138.0,Left,1,0,1,1,BackOfALength,OffStump,None,BacksAway,Pull,StockBall,Over,Orthodox,Left,Null,NotReferred,Null,False,False,False,False,False,True,False,False,True,False,False,False,1,0,0,0,0,False,False,Deep Mid Wicket,,,,,,
1643317,28,4.32,5,1,0,121,6,5,76409,,40955,Namibia v South Africa ODIs 2026 - Men,2,753,Namibia Men,21,South Africa Men,8785211,2026-09-09T15:29:14Z,1,171,False,7158,Duan Jansen,3040,Zane Green,3198,JJ Smit,,,Left,0,0,0,0,LengthBall,OutsideOff,Missed,FrontFoot,Pushed,SlowerBall,Over,FastSeam,Left,Null,NotReferred,Null,False,False,False,False,False,True,False,False,True,False,False,False,0,0,0,0,0,False,False,Wicketkeeper,,,,,,
1643317,28,4.32,5,1,0,121,6,5,76409,,40955,Namibia v South Africa ODIs 2026 - Men,2,753,Namibia Men,21,South Africa Men,8785227,2026-09-09T15:29:45Z,2,172,False,7158,Duan Jansen,3040,Zane Green,3198,JJ Smit,150.0,51.0,Left,2,2,2,0,BackOfALength,DownLeg,PlayAndMissLegSide,BackFoot,Pull,NoMovement,Over,FastSeam,Left,Null,NotReferred,Null,True,False,False,False,False,True,False,False,True,False,False,False,2,0,2,0,0,False,False,Short Fine Leg,,,,,,
1643317,28,4.32,5,1,0,121,6,5,76409,,40955,Namibia v South Africa ODIs 2026 - Men,2,753,Namibia Men,21,South Africa Men,8785239,2026-09-09T15:30:32Z,2,173,False,7158,Duan Jansen,3198,JJ Smit,3040,Zane Green,130.0,116.0,Right,0,1,1,0,LengthBall,OutsideOff,HitBody,FrontFoot,Worked,NoMovement,Round,FastSeam,Left,Null,NotReferred,Null,False,False,False,True,False,True,False,False,True,False,False,False,1,0,0,1,0,False,False,Third Man,,,,,,
1643317,28,4.32,5,1,0,121,6,5,76409,,40955,Namibia v South Africa ODIs 2026 - Men,2,753,Namibia Men,21,South Africa Men,8785252,2026-09-09T15:31:05Z,3,174,False,7158,Duan Jansen,3040,Zane Green,3198,JJ Smit,201.0,138.0,Left,1,0,1,1,Short,OutsideOff,None,BackFoot,Pull,NoMovement,Over,FastSeam,Left,Null,NotReferred,Null,False,False,False,False,False,True,False,False,True,False,False,False,1,0,0,0,0,False,False,Deep Square Leg,,,,,,
1643317,28,4.32,5,1,0,121,6,5,76409,,40955,Namibia v South Africa ODIs 2026 - Men,2,753,Namibia Men,21,South Africa Men,8785263,2026-09-09T15:31:41Z,4,175,False,7158,Duan Jansen,3198,JJ Smit,3040,Zane Green,227.0,84.0,Right,1,0,1,1,HalfVolley,OutsideOff,None,FrontFoot,Drive,NoMovement,Round,FastSeam,Left,Null,NotReferred,Null,False,False,False,False,False,True,False,False,True,False,False,False,1,0,0,0,0,False,False,Extra Cover,,,,,,
1643317,28,4.32,5,1,0,121,6,5,76409,,40955,Namibia v South Africa ODIs 2026 - Men,2,753,Namibia Men,21,South Africa Men,8785294,2026-09-09T15:32:17Z,5,176,True,7158,Duan Jansen,3040,Zane Green,3198,JJ Smit,16.0,108.0,Left,0,0,0,0,LengthBall,OutsideOff,ThickEdge,FrontFoot,Drive,NoMovement,Over,FastSeam,Left,Null,NotReferred,Null,False,False,False,False,False,True,False,False,True,False,False,False,0,0,0,0,0,False,True,Deep Backward Point,Caught,3040.0,Zane Green,Caught,Caught,1960.0
1643317,28,4.32,5,1,0,121,6,5,76409,,40955,Namibia v South Africa ODIs 2026 - Men,2,753,Namibia Men,21,South Africa Men,8785313,2026-09-09T15:33:55Z,6,177,False,7158,Duan Jansen,8249,Ruben Trumpelmann,3198,JJ Smit,,,Right,0,0,0,0,BackOfALength,OutsideOff,HitBody,BackFoot,Pull,NoMovement,Round,FastSeam,Left,Null,NotReferred,Null,False,False,False,False,False,True,False,False,True,False,False,False,0,0,0,0,0,False,False,Wicketkeeper,,,,,,
1643340,29,4.79,18,0,0,139,6,18,76409,,40955,Namibia v South Africa ODIs 2026 - Men,2,753,Namibia Men,21,South Africa Men,8785341,2026-09-09T15:35:09Z,1,178,False,2648,Bjorn Fortuin,3198,JJ Smit,8249,Ruben Trumpelmann,308.0,178.0,Right,6,0,6,6,BackOfALength,OutsideOff,Middled,BackFoot,Slog,StockBall,Round,Orthodox,Left,Null,NotReferred,Null,False,False,False,False,True,True,False,False,True,False,False,False,6,0,0,0,0,True,False,,,,,,,
1643340,29,4.79,18,0,0,139,6,18,76409,,40955,Namibia v South Africa ODIs 2026 - Men,2,753,Namibia Men,21,South Africa Men,8785349,2026-09-09T15:35:51Z,2,179,False,2648,Bjorn Fortuin,3198,JJ Smit,8249,Ruben Trumpelmann,155.0,125.0,Right,2,0,2,2,HalfVolley,OutsideOff,ThickEdge,FrontFoot,Drive,StockBall,Round,Orthodox,Left,Null,NotReferred,Null,False,False,False,False,False,True,False,False,True,False,False,False,2,0,0,0,0,False,True,Deep Backward Point,,,,,,
1643340,29,4.79,18,0,0,139,6,18,76409,,40955,Namibia v South Africa ODIs 2026 - Men,2,753,Namibia Men,21,South Africa Men,8785354,2026-09-09T15:36:16Z,3,180,False,2648,Bjorn Fortuin,3198,JJ Smit,8249,Ruben Trumpelmann,52.0,52.0,Right,0,0,0,0,HalfVolley,DownLeg,HitPad,FrontFoot,Sweep,StockBall,Round,Orthodox,Left,Null,NotReferred,Null,False,False,False,False,False,True,False,False,True,False,False,False,0,0,0,0,0,False,False,Short Fine Leg,,,,,,
1643340,29,4.79,18,0,0,139,6,18,76409,,40955,Namibia v South Africa ODIs 2026 - Men,2,753,Namibia Men,21,South Africa Men,8785366,2026-09-09T15:36:35Z,4,181,False,2648,Bjorn Fortuin,3198,JJ Smit,8249,Ruben Trumpelmann,187.0,171.0,Right,4,0,4,4,LengthBall,OutsideOff,WellTimed,FrontFoot,Drive,StockBall,Round,Orthodox,Left,Null,NotReferred,Null,False,False,False,False,True,True,False,False,True,False,False,False,4,0,0,0,0,True,False,,,,,,,
1643340,29,4.79,18,0,0,139,6,18,76409,,40955,Namibia v South Africa ODIs 2026 - Men,2,753,Namibia Men,21,South Africa Men,8785377,2026-09-09T15:37:02Z,5,182,False,2648,Bjorn Fortuin,3198,JJ Smit,8249,Ruben Trumpelmann,301.0,179.0,Right,6,0,6,6,BackOfALength,OffStump,Middled,BackFoot,Slog,StockBall,Round,Orthodox,Left,Null,NotReferred,Null,False,False,False,False,True,True,False,False,True,False,False,False,6,0,0,0,0,True,False,,,,,,,
1643340,29,4.79,18,0,0,139,6,18,76409,,40955,Namibia v South Africa ODIs 2026 - Men,2,753,Namibia Men,21,South Africa Men,8785389,2026-09-09T15:37:38Z,6,183,False,2648,Bjorn Fortuin,3198,JJ Smit,8249,Ruben Trumpelmann,,,Right,0,0,0,0,Yorker,Wide,Missed,NoMovement,Cut,StockBall,Round,Orthodox,Left,Null,NotReferred,Null,False,False,False,False,False,True,False,False,True,False,False,False,0,0,0,0,0,False,False,Wicketkeeper,,,,,,
1643347,30,5.13,15,0,0,154,6,15,76409,,40955,Namibia v South Africa ODIs 2026 - Men,2,753,Namibia Men,21,South Africa Men,8785404,2026-09-09T15:38:32Z,1,184,False,8664,Kwena Maphaka,8249,Ruben Trumpelmann,3198,JJ Smit,349.0,172.0,Right,6,0,6,6,Short,OutsideOff,Middled,BackFoot,Pull,NoMovement,Round,FastSeam,Left,Null,NotReferred,Null,False,False,False,False,True,True,False,False,True,False,False,False,6,0,0,0,0,True,False,,,,,,,
1643347,30,5.13,15,0,0,154,6,15,76409,,40955,Namibia v South Africa ODIs 2026 - Men,2,753,Namibia Men,21,South Africa Men,8785439,2026-09-09T15:40:23Z,2,185,False,8664,Kwena Maphaka,8249,Ruben Trumpelmann,3198,JJ Smit,,,Right,1,1,1,0,HalfVolley,Wide,Left,FrontFoot,Cut,NoMovement,Over,FastSeam,Left,Null,NotReferred,Null,True,False,False,False,False,True,False,False,True,False,False,False,1,0,1,0,0,False,False,Wicketkeeper,,,,,,
1643347,30,5.13,15,0,0,154,6,15,76409,,40955,Namibia v South Africa ODIs 2026 - Men,2,753,Namibia Men,21,South Africa Men,8785450,2026-09-09T15:40:58Z,2,186,False,8664,Kwena Maphaka,8249,Ruben Trumpelmann,3198,JJ Smit,,,Right,0,0,0,0,BackOfALength,OffStump,Missed,FrontFoot,Pull,NoMovement,Over,FastSeam,Left,Null,NotReferred,Null,False,False,False,False,False,True,False,False,True,False,False,False,0,0,0,0,0,False,False,Wicketkeeper,,,,,,
1643347,30,5.13,15,0,0,154,6,15,76409,,40955,Namibia v South Africa ODIs 2026 - Men,2,753,Namibia Men,21,South Africa Men,8785463,2026-09-09T15:41:43Z,3,187,False,8664,Kwena Maphaka,8249,Ruben Trumpelmann,3198,JJ Smit,286.0,151.0,Right,1,0,1,1,HalfVolley,MiddleStump,None,FrontFoot,Slog,NoMovement,Over,FastSeam,Left,Null,NotReferred,Null,False,False,False,False,True,True,False,False,True,False,False,False,1,0,0,0,0,False,False,Long On,,,,,,
1643347,30,5.13,15,0,0,154,6,15,76409,,40955,Namibia v South Africa ODIs 2026 - Men,2,753,Namibia Men,21,South Africa Men,8785478,2026-09-09T15:42:19Z,4,188,False,8664,Kwena Maphaka,3198,JJ Smit,8249,Ruben Trumpelmann,,,Right,1,1,1,0,LengthBall,Wide,Missed,BackFoot,Cut,NoMovement,Over,FastSeam,Left,Null,NotReferred,Null,True,False,False,False,False,True,False,False,True,False,False,False,1,0,1,0,0,False,False,Wicketkeeper,,,,,,
1643347,30,5.13,15,0,0,154,6,15,76409,,40955,Namibia v South Africa ODIs 2026 - Men,2,753,Namibia Men,21,South Africa Men,8785495,2026-09-09T15:42:57Z,4,189,False,8664,Kwena Maphaka,3198,JJ Smit,8249,Ruben Trumpelmann,214.0,145.0,Right,1,0,1,1,FullToss,OutsideOff,None,BackFoot,Drive,NoMovement,Over,FastSeam,Left,Null,NotReferred,Null,False,False,False,False,False,True,False,False,True,False,False,False,1,0,0,0,0,False,False,Deep Extra Cover,,,,,,
1643347,30,5.13,15,0,0,154,6,15,76409,,40955,Namibia v South Africa ODIs 2026 - Men,2,753,Namibia Men,21,South Africa Men,8785506,2026-09-09T15:43:34Z,5,190,False,8664,Kwena Maphaka,8249,Ruben Trumpelmann,3198,JJ Smit,105.0,160.0,Right,4,0,4,4,Short,DownLeg,TopEdge,BackFoot,Pull,OffCutter,Over,FastSeam,Left,Null,NotReferred,Null,False,False,False,False,False,True,False,False,True,False,False,False,4,0,0,0,0,True,True,,,,,,,
1643347,30,5.13,15,0,0,154,6,15,76409,,40955,Namibia v South Africa ODIs 2026 - Men,2,753,Namibia Men,21,South Africa Men,8785517,2026-09-09T15:44:11Z,6,191,False,8664,Kwena Maphaka,8249,Ruben Trumpelmann,3198,JJ Smit,248.0,154.0,Right,1,0,1,1,HalfVolley,OutsideOff,None,FrontFoot,Drive,NoMovement,Over,FastSeam,Left,Null,NotReferred,Null,False,False,False,False,False,True,False,False,True,False,False,False,1,0,0,0,0,False,False,Long Off,,,,,,
1643372,31,5.23,8,2,0,162,8,8,76409,,40955,Namibia v South Africa ODIs 2026 - Men,2,753,Namibia Men,21,South Africa Men,8785536,2026-09-09T15:45:23Z,1,192,False,2637,Prenelan Subrayen,8249,Ruben Trumpelmann,3198,JJ Smit,285.0,144.0,Right,1,0,1,1,HalfVolley,MiddleStump,None,BackFoot,Drive,OffBreak,Over,OffSpin,Right,Null,NotReferred,Null,False,False,False,False,False,True,False,False,True,False,False,False,1,0,0,0,0,False,False,Long On,,,,,,
1643372,31,5.23,8,2,0,162,8,8,76409,,40955,Namibia v South Africa ODIs 2026 - Men,2,753,Namibia Men,21,South Africa Men,8785547,2026-09-09T15:45:47Z,2,193,False,2637,Prenelan Subrayen,3198,JJ Smit,8249,Ruben Trumpelmann,178.0,170.0,Right,4,0,4,4,BackOfALength,OutsideOff,WellTimed,BackFoot,Cut,OffBreak,Over,OffSpin,Right,Null,NotReferred,Null,False,False,False,False,True,True,False,False,True,False,False,False,4,0,0,0,0,True,False,,,,,,,
1643372,31,5.23,8,2,0,162,8,8,76409,,40955,Namibia v South Africa ODIs 2026 - Men,2,753,Namibia Men,21,South Africa Men,8785563,2026-09-09T15:46:18Z,3,194,True,2637,Prenelan Subrayen,3198,JJ Smit,8249,Ruben Trumpelmann,284.0,149.0,Right,0,0,0,0,HalfVolley,DownLeg,MisTimed,BacksAway,Slog,OffBreak,Over,OffSpin,Right,Null,NotReferred,Null,False,False,False,False,False,True,False,False,True,False,False,False,0,0,0,0,0,False,True,Long On,Caught,3198.0,JJ Smit,Caught,Caught,2022.0
1643372,31,5.23,8,2,0,162,8,8,76409,,40955,Namibia v South Africa ODIs 2026 - Men,2,753,Namibia Men,21,South Africa Men,8785586,2026-09-09T15:47:44Z,4,195,True,2637,Prenelan Subrayen,14575,Jack Brassell,8249,Ruben Trumpelmann,,,Right,0,0,0,0,Yorker,OffStump,Missed,DownTheTrack,Drive,OffBreak,Over,OffSpin,Right,Null,NotReferred,Null,False,False,False,False,False,True,False,False,True,False,False,False,0,0,0,0,0,False,False,,Bowled,14575.0,Jack Brassell,Bowled,Bowled,2022.0
1643372,31,5.23,8,2,0,162,8,8,76409,,40955,Namibia v South Africa ODIs 2026 - Men,2,753,Namibia Men,21,South Africa Men,8785611,2026-09-09T15:49:29Z,5,196,False,2637,Prenelan Subrayen,3506,Bernard Scholtz,8249,Ruben Trumpelmann,305.0,131.0,Right,1,0,1,1,FullToss,OutsideOff,None,FrontFoot,Flick,OffBreak,Over,OffSpin,Right,Null,NotReferred,Null,False,False,False,False,False,True,False,False,True,False,False,False,1,0,0,0,0,False,False,Deep Mid Wicket,,,,,,
1643372,31,5.23,8,2,0,162,8,8,76409,,40955,Namibia v South Africa ODIs 2026 - Men,2,753,Namibia Men,21,South Africa Men,8785618,2026-09-09T15:49:55Z,6,197,False,2637,Prenelan Subrayen,8249,Ruben Trumpelmann,3506,Bernard Scholtz,,,Right,1,1,1,0,LengthBall,Wide,Left,BackFoot,Leave,OffBreak,Over,OffSpin,Right,Null,NotReferred,Null,True,False,False,False,False,True,False,False,True,False,False,False,1,0,1,0,0,False,False,Wicketkeeper,,,,,,
1643372,31,5.23,8,2,0,162,8,8,76409,,40955,Namibia v South Africa ODIs 2026 - Men,2,753,Namibia Men,21,South Africa Men,8785633,2026-09-09T15:50:32Z,6,198,False,2637,Prenelan Subrayen,8249,Ruben Trumpelmann,3506,Bernard Scholtz,245.0,140.0,Right,1,0,1,1,HalfVolley,OutsideOff,None,DownTheTrack,Drive,OffBreak,Over,OffSpin,Right,Null,NotReferred,Null,False,False,False,False,False,True,False,False,True,False,False,False,1,0,0,0,0,False,False,Long Off,,,,,,
